
INSERT INTO staff_meeting (date,topic) VALUES ('2019-12-03','Pretty pull until religious pl');
INSERT INTO invited (staff_member_id,meeting) VALUES (330,'2019-12-03');
INSERT INTO food (name,amount,supplier,can_be_allergic) VALUES ('cereal',48,'Smith, Wyatt and Alvarez',B'1');
INSERT INTO CCTV_rec (date,camera_num) VALUES ('2019-12-03',96);
INSERT INTO event (id,title) VALUES (1,'Few establish memory final responsibilit');
INSERT INTO display_event (person,event) VALUES (427,1);
INSERT INTO notification (person_id,topic) VALUES (245,'Yes reflect economy. Official capital su');
INSERT INTO invoice (id,date,amount,subject,debtor) VALUES (1,'2019-12-22',16138,'Charge court truth do kitchen positive. Type now down technology herself continue.
Statement investment number public. Feel system sure simply industry best. Public watch behavior cause.',306);
INSERT INTO email (date,sent,recived) VALUES ('2019-11-19',339,127);
INSERT INTO staff_meeting (date,topic) VALUES ('2019-12-04','Another themselves treat under');
INSERT INTO invited (staff_member_id,meeting) VALUES (212,'2019-12-04');
INSERT INTO food (name,amount,supplier,can_be_allergic) VALUES ('barley',10,'Jackson-Graham',B'0');
INSERT INTO request_food (food,amount) VALUES ('barley',9);
INSERT INTO CCTV_rec (date,camera_num) VALUES ('2019-12-04',15);
INSERT INTO event (id,title) VALUES (2,'Land reduce pay benefit buy scene. Into ');
INSERT INTO display_event (person,event) VALUES (68,1);
INSERT INTO notification (person_id,topic) VALUES (94,'Operation two magazine traditional there');
INSERT INTO invoice (id,date,amount,subject,debtor) VALUES (2,'2019-11-21',72251,'Answer write employee no whom affect hotel left. Suggest near behind care. Me leave piece action.
Lawyer avoid there my. Challenge whom memory establish bring my. Decide than line have move.',198);
INSERT INTO email (date,sent,recived) VALUES ('2019-11-24',66,154);
INSERT INTO staff_meeting (date,topic) VALUES ('2019-12-05','Trade practice much technology');
INSERT INTO invited (staff_member_id,meeting) VALUES (301,'2019-12-05');
INSERT INTO food (name,amount,supplier,can_be_allergic) VALUES ('chowder',3,'Haynes, Williams and Mcintosh',B'0');
INSERT INTO request_food (food,amount) VALUES ('chowder',3);
INSERT INTO CCTV_rec (date,camera_num) VALUES ('2019-12-05',95);
INSERT INTO event (id,title) VALUES (3,'Return evening court employee drug reaso');
INSERT INTO display_event (person,event) VALUES (191,1);
INSERT INTO notification (person_id,topic) VALUES (93,'Usually whom effect interview informatio');
INSERT INTO invoice (id,date,amount,subject,debtor) VALUES (3,'2019-12-01',629,'Recent range north see. Low economic bit art marriage. Certainly fish draw successful standard.
House win before trade. Program both it shoulder. However move big central here brother our.',118);
INSERT INTO email (date,sent,recived) VALUES ('2019-12-06',357,467);
INSERT INTO staff_meeting (date,topic) VALUES ('2019-12-06','Water teacher season sell. Sti');
INSERT INTO invited (staff_member_id,meeting) VALUES (463,'2019-12-06');
INSERT INTO food (name,amount,supplier,can_be_allergic) VALUES ('baked beans',58,'Walker, Anderson and Joseph',B'0');
INSERT INTO request_food (food,amount) VALUES ('baked beans',3);
INSERT INTO CCTV_rec (date,camera_num) VALUES ('2019-12-06',18);
INSERT INTO event (id,title) VALUES (4,'Effort road cost human tree talk. To wri');
INSERT INTO display_event (person,event) VALUES (213,1);
INSERT INTO notification (person_id,topic) VALUES (213,'Process coach watch Congress.
To truth s');
INSERT INTO invoice (id,date,amount,subject,debtor) VALUES (4,'2019-11-29',60594,'Act hope point series. Concern responsibility improve same among mouth recognize. Foot field require send him black market better.',235);
INSERT INTO email (date,sent,recived) VALUES ('2019-12-07',313,309);
INSERT INTO staff_meeting (date,topic) VALUES ('2019-12-07','Table toward occur region. Mor');
INSERT INTO invited (staff_member_id,meeting) VALUES (61,'2019-12-07');
INSERT INTO food (name,amount,supplier,can_be_allergic) VALUES ('Noodles',46,'Payne and Sons',B'1');
INSERT INTO CCTV_rec (date,camera_num) VALUES ('2019-12-07',51);
INSERT INTO event (id,title) VALUES (5,'Article center threat energy until. Neve');
INSERT INTO display_event (person,event) VALUES (57,3);
INSERT INTO notification (person_id,topic) VALUES (184,'Light including challenge night matter. ');
INSERT INTO invoice (id,date,amount,subject,debtor) VALUES (5,'2019-12-03',43581,'Clear yet movement feeling cause key. Respond know positive size Republican star parent. Notice act represent crime.',476);
INSERT INTO email (date,sent,recived) VALUES ('2019-12-17',346,180);
INSERT INTO staff_meeting (date,topic) VALUES ('2019-12-08','The first walk lot value direc');
INSERT INTO invited (staff_member_id,meeting) VALUES (14,'2019-12-08');
INSERT INTO food (name,amount,supplier,can_be_allergic) VALUES ('buritto',1,'Miller PLC',B'1');
INSERT INTO request_food (food,amount) VALUES ('buritto',4);
INSERT INTO CCTV_rec (date,camera_num) VALUES ('2019-12-08',6);
INSERT INTO event (id,title) VALUES (6,'Week apply science. Suddenly inside civi');
INSERT INTO display_event (person,event) VALUES (325,3);
INSERT INTO notification (person_id,topic) VALUES (293,'Gun notice pay business including. Liste');
INSERT INTO invoice (id,date,amount,subject,debtor) VALUES (6,'2019-12-01',572,'Attention water the list city site. Prove require person deep message bag. Police feel central medical film front wind.
Set heart next option let water. Carry glass one. Phone image though fine.',463);
INSERT INTO email (date,sent,recived) VALUES ('2019-12-19',405,323);
INSERT INTO staff_meeting (date,topic) VALUES ('2019-12-09','Court sea represent along. How');
INSERT INTO invited (staff_member_id,meeting) VALUES (484,'2019-12-09');
INSERT INTO food (name,amount,supplier,can_be_allergic) VALUES ('crab',86,'Thompson, Wilson and Kennedy',B'0');
INSERT INTO CCTV_rec (date,camera_num) VALUES ('2019-12-09',91);
INSERT INTO event (id,title) VALUES (7,'Evidence reveal sell pressure response c');
INSERT INTO display_event (person,event) VALUES (318,4);
INSERT INTO notification (person_id,topic) VALUES (433,'Message reflect responsibility fear voic');
INSERT INTO invoice (id,date,amount,subject,debtor) VALUES (7,'2019-11-24',86614,'Her enjoy one film officer. Fill expert these fear allow. Vote save say I daughter voice let.
Tend yeah develop bank. Letter husband service start letter end.
Cell in his Republican deep.',167);
INSERT INTO email (date,sent,recived) VALUES ('2019-12-11',412,96);
INSERT INTO staff_meeting (date,topic) VALUES ('2019-12-10','Build throughout check America');
INSERT INTO invited (staff_member_id,meeting) VALUES (456,'2019-12-10');
INSERT INTO food (name,amount,supplier,can_be_allergic) VALUES ('hash browns',64,'Tran, Warner and Parks',B'0');
INSERT INTO CCTV_rec (date,camera_num) VALUES ('2019-12-10',9);
INSERT INTO event (id,title) VALUES (8,'Three start professor green investment a');
INSERT INTO display_event (person,event) VALUES (420,3);
INSERT INTO notification (person_id,topic) VALUES (319,'Mission tree this federal modern high.
R');
INSERT INTO invoice (id,date,amount,subject,debtor) VALUES (8,'2019-11-28',93455,'Home really image wait. However fish live account thank.
Quality middle rest our certain first. Surface alone say save.
So performance staff clearly stand her boy.',390);
INSERT INTO email (date,sent,recived) VALUES ('2019-11-20',498,180);
INSERT INTO staff_meeting (date,topic) VALUES ('2019-12-11','Draw subject few allow keep fe');
INSERT INTO invited (staff_member_id,meeting) VALUES (479,'2019-12-11');
INSERT INTO food (name,amount,supplier,can_be_allergic) VALUES ('kabobs',59,'Francis Ltd',B'0');
INSERT INTO request_food (food,amount) VALUES ('kabobs',4);
INSERT INTO CCTV_rec (date,camera_num) VALUES ('2019-12-11',93);
INSERT INTO event (id,title) VALUES (9,'Enough group while degree these why. So ');
INSERT INTO display_event (person,event) VALUES (200,5);
INSERT INTO notification (person_id,topic) VALUES (36,'Face economic type ever type reduce miss');
INSERT INTO invoice (id,date,amount,subject,debtor) VALUES (9,'2019-12-01',79981,'Week he throughout specific crime let. View listen radio in green power seat movie. Late door help thing up.',240);
INSERT INTO email (date,sent,recived) VALUES ('2019-11-25',112,50);
INSERT INTO staff_meeting (date,topic) VALUES ('2019-12-12','Two mean something scene prope');
INSERT INTO invited (staff_member_id,meeting) VALUES (372,'2019-12-12');
INSERT INTO food (name,amount,supplier,can_be_allergic) VALUES ('green beans',5,'Sheppard, Winters and Potter',B'0');
INSERT INTO CCTV_rec (date,camera_num) VALUES ('2019-12-12',56);
INSERT INTO event (id,title) VALUES (10,'Major road citizen police exist support.');
INSERT INTO display_event (person,event) VALUES (189,7);
INSERT INTO notification (person_id,topic) VALUES (344,'Military guess wonder economy eight mark');
INSERT INTO invoice (id,date,amount,subject,debtor) VALUES (10,'2019-11-21',54544,'Society to cup draw decade. Increase despite once structure. People sense until free.
Country week foreign use ask wonder. Base behavior federal pressure moment lose sound. Family hospital tell.',302);
INSERT INTO email (date,sent,recived) VALUES ('2019-12-11',40,5);
INSERT INTO staff_meeting (date,topic) VALUES ('2019-12-13','Yourself financial leader of b');
INSERT INTO invited (staff_member_id,meeting) VALUES (79,'2019-12-13');
INSERT INTO food (name,amount,supplier,can_be_allergic) VALUES ('Moose',40,'Hernandez, Wood and Wagner',B'1');
INSERT INTO CCTV_rec (date,camera_num) VALUES ('2019-12-13',65);
INSERT INTO event (id,title) VALUES (11,'Pass those note. Type recent movie music');
INSERT INTO display_event (person,event) VALUES (347,5);
INSERT INTO notification (person_id,topic) VALUES (301,'Design another house activity peace cont');
INSERT INTO invoice (id,date,amount,subject,debtor) VALUES (11,'2019-12-01',11006,'Risk behavior source box money picture program enjoy. Civil building song necessary almost. Cause executive discuss set image here they.',213);
INSERT INTO email (date,sent,recived) VALUES ('2019-12-12',242,247);
INSERT INTO staff_meeting (date,topic) VALUES ('2019-12-14','Television system recently dra');
INSERT INTO invited (staff_member_id,meeting) VALUES (384,'2019-12-14');
INSERT INTO food (name,amount,supplier,can_be_allergic) VALUES ('kale',76,'Lucas-Cruz',B'1');
INSERT INTO request_food (food,amount) VALUES ('kale',6);
INSERT INTO CCTV_rec (date,camera_num) VALUES ('2019-12-14',64);
INSERT INTO event (id,title) VALUES (12,'Activity wall defense coach garden keep ');
INSERT INTO display_event (person,event) VALUES (313,2);
INSERT INTO notification (person_id,topic) VALUES (123,'Response positive her hit worker purpose');
INSERT INTO invoice (id,date,amount,subject,debtor) VALUES (12,'2019-12-13',51936,'Wind from newspaper after. Cost success trouble manager within face score son. Spring may item pay trip plant learn. Trial agree news meet drug writer right.',76);
INSERT INTO email (date,sent,recived) VALUES ('2019-11-28',375,221);
INSERT INTO staff_meeting (date,topic) VALUES ('2019-12-15','Black require pick plant later');
INSERT INTO invited (staff_member_id,meeting) VALUES (239,'2019-12-15');
INSERT INTO food (name,amount,supplier,can_be_allergic) VALUES ('fajita',5,'Trujillo-Henson',B'0');
INSERT INTO request_food (food,amount) VALUES ('fajita',2);
INSERT INTO CCTV_rec (date,camera_num) VALUES ('2019-12-15',82);
INSERT INTO event (id,title) VALUES (13,'Message truth key economy conference thr');
INSERT INTO display_event (person,event) VALUES (375,7);
INSERT INTO notification (person_id,topic) VALUES (333,'Require happen establish back. Consider ');
INSERT INTO invoice (id,date,amount,subject,debtor) VALUES (13,'2019-11-25',16832,'Age management reveal front force police little.
Day nation as vote artist surface. By more hit finish wide.
Animal total seem. Rate despite attention young. Low reality small spend these real.',350);
INSERT INTO email (date,sent,recived) VALUES ('2019-12-11',212,163);
INSERT INTO staff_meeting (date,topic) VALUES ('2019-12-16','Goal really ok around positive');
INSERT INTO invited (staff_member_id,meeting) VALUES (32,'2019-12-16');
INSERT INTO food (name,amount,supplier,can_be_allergic) VALUES ('chips',1,'Randolph Inc',B'1');
INSERT INTO CCTV_rec (date,camera_num) VALUES ('2019-12-16',96);
INSERT INTO event (id,title) VALUES (14,'Poor step carry source tax article envir');
INSERT INTO display_event (person,event) VALUES (378,4);
INSERT INTO notification (person_id,topic) VALUES (195,'Edge tell political amount. Recently whi');
INSERT INTO invoice (id,date,amount,subject,debtor) VALUES (14,'2019-11-19',3324,'Include president glass pull state parent. Color alone seat wrong teacher site seek. Financial tax family site over close.',80);
INSERT INTO email (date,sent,recived) VALUES ('2019-12-07',293,12);
INSERT INTO staff_meeting (date,topic) VALUES ('2019-12-17','Allow first interest amount fr');
INSERT INTO invited (staff_member_id,meeting) VALUES (216,'2019-12-17');
INSERT INTO food (name,amount,supplier,can_be_allergic) VALUES ('hot dogs',97,'Coffey, Hall and Hill',B'1');
INSERT INTO CCTV_rec (date,camera_num) VALUES ('2019-12-17',51);
INSERT INTO event (id,title) VALUES (15,'Ten trade staff. Woman what all all some');
INSERT INTO display_event (person,event) VALUES (404,5);
INSERT INTO notification (person_id,topic) VALUES (439,'May several another produce five pattern');
INSERT INTO invoice (id,date,amount,subject,debtor) VALUES (15,'2019-12-03',96418,'Hundred team why at particular. Control option entire risk. College style suddenly cost natural.
Stage right could can. Friend source on article fire tree yeah.',318);
INSERT INTO email (date,sent,recived) VALUES ('2019-12-06',374,307);
INSERT INTO staff_meeting (date,topic) VALUES ('2019-12-18','Cultural wonder national gener');
INSERT INTO invited (staff_member_id,meeting) VALUES (127,'2019-12-18');
INSERT INTO food (name,amount,supplier,can_be_allergic) VALUES ('franks',12,'Galvan Ltd',B'1');
INSERT INTO CCTV_rec (date,camera_num) VALUES ('2019-12-18',75);
INSERT INTO event (id,title) VALUES (16,'Sister cut bed democratic about true. Hi');
INSERT INTO display_event (person,event) VALUES (485,7);
INSERT INTO notification (person_id,topic) VALUES (21,'Day dream describe weight blood. Intervi');
INSERT INTO invoice (id,date,amount,subject,debtor) VALUES (16,'2019-12-02',35209,'Still somebody political safe. Reason car major.
Production task view son poor official. Pm case bank cup protect citizen. Face three wish.
Here cold write school.
Room bring against at Congress art.',154);
INSERT INTO email (date,sent,recived) VALUES ('2019-12-16',380,341);
INSERT INTO staff_meeting (date,topic) VALUES ('2019-12-19','Sister officer yeah. Green clo');
INSERT INTO invited (staff_member_id,meeting) VALUES (47,'2019-12-19');
INSERT INTO food (name,amount,supplier,can_be_allergic) VALUES ('sushi',1,'English-Mays',B'0');
INSERT INTO CCTV_rec (date,camera_num) VALUES ('2019-12-19',52);
INSERT INTO event (id,title) VALUES (17,'Relationship out cut ability move.
Group');
INSERT INTO display_event (person,event) VALUES (475,9);
INSERT INTO notification (person_id,topic) VALUES (232,'Deal dark development win as soon. Alone');
INSERT INTO invoice (id,date,amount,subject,debtor) VALUES (17,'2019-11-28',38877,'Career development sometimes agent agency. Over fight be wait traditional speak.
Environmental current model cut note whose generation. Race final somebody.
Him war religious must these.',310);
INSERT INTO email (date,sent,recived) VALUES ('2019-12-18',406,134);
INSERT INTO staff_meeting (date,topic) VALUES ('2019-12-20','Natural summer race money than');
INSERT INTO invited (staff_member_id,meeting) VALUES (292,'2019-12-20');
INSERT INTO food (name,amount,supplier,can_be_allergic) VALUES ('apples',2,'Lewis PLC',B'1');
INSERT INTO request_food (food,amount) VALUES ('apples',6);
INSERT INTO CCTV_rec (date,camera_num) VALUES ('2019-12-20',8);
INSERT INTO event (id,title) VALUES (18,'Major enter wide however its on research');
INSERT INTO display_event (person,event) VALUES (428,3);
INSERT INTO notification (person_id,topic) VALUES (55,'Always sea figure this bank not. Product');
INSERT INTO invoice (id,date,amount,subject,debtor) VALUES (18,'2019-12-07',11791,'Back personal any may. Bank lose memory low product various. Agent spend sell necessary establish PM.',486);
INSERT INTO email (date,sent,recived) VALUES ('2019-12-06',120,491);
INSERT INTO staff_meeting (date,topic) VALUES ('2019-12-21','Outside PM set wish break.
Hea');
INSERT INTO invited (staff_member_id,meeting) VALUES (390,'2019-12-21');
INSERT INTO food (name,amount,supplier,can_be_allergic) VALUES ('French dip',95,'Fox-Wade',B'0');
INSERT INTO request_food (food,amount) VALUES ('French dip',8);
INSERT INTO CCTV_rec (date,camera_num) VALUES ('2019-12-21',16);
INSERT INTO event (id,title) VALUES (19,'Pressure report them rock. When cut majo');
INSERT INTO display_event (person,event) VALUES (483,17);
INSERT INTO notification (person_id,topic) VALUES (384,'Keep pick paper prevent. Economic imagin');
INSERT INTO invoice (id,date,amount,subject,debtor) VALUES (19,'2019-12-01',15568,'Number member art well order. Public purpose almost than face everything.
Than high give few simple big and.
Sort worker key age black. Worker speech especially yourself happy next chance.',310);
INSERT INTO email (date,sent,recived) VALUES ('2019-11-23',38,182);
INSERT INTO staff_meeting (date,topic) VALUES ('2019-12-22','Trouble security change under ');
INSERT INTO invited (staff_member_id,meeting) VALUES (352,'2019-12-22');
INSERT INTO food (name,amount,supplier,can_be_allergic) VALUES ('clams',13,'Hale, Alexander and May',B'1');
INSERT INTO CCTV_rec (date,camera_num) VALUES ('2019-12-22',35);
INSERT INTO event (id,title) VALUES (20,'By art small my officer person. Training');
INSERT INTO display_event (person,event) VALUES (195,7);
INSERT INTO notification (person_id,topic) VALUES (481,'Attention air nation father. Little fine');
INSERT INTO invoice (id,date,amount,subject,debtor) VALUES (20,'2019-12-05',81675,'City increase guess. Life former test until after seat.',163);
INSERT INTO email (date,sent,recived) VALUES ('2019-12-19',159,215);
INSERT INTO staff_meeting (date,topic) VALUES ('2019-12-23','Hard often than pressure indic');
INSERT INTO invited (staff_member_id,meeting) VALUES (434,'2019-12-23');
INSERT INTO food (name,amount,supplier,can_be_allergic) VALUES ('kiwi',8,'Smith and Sons',B'0');
INSERT INTO CCTV_rec (date,camera_num) VALUES ('2019-12-23',99);
INSERT INTO event (id,title) VALUES (21,'Environment only statement safe material');
INSERT INTO display_event (person,event) VALUES (18,3);
INSERT INTO notification (person_id,topic) VALUES (150,'Throw part see station. Move yet low wor');
INSERT INTO invoice (id,date,amount,subject,debtor) VALUES (21,'2019-12-19',573,'Trip statement manage together admit. Note important fall common executive plant our.
Present increase believe expert degree sure. Lawyer instead anything tend me true. Coach only enough fine.',148);
INSERT INTO email (date,sent,recived) VALUES ('2019-12-04',89,294);
INSERT INTO staff_meeting (date,topic) VALUES ('2019-12-24','Century series each. Window po');
INSERT INTO invited (staff_member_id,meeting) VALUES (75,'2019-12-24');
INSERT INTO food (name,amount,supplier,can_be_allergic) VALUES ('avacado',46,'Adkins, Gardner and Jones',B'1');
INSERT INTO request_food (food,amount) VALUES ('avacado',1);
INSERT INTO CCTV_rec (date,camera_num) VALUES ('2019-12-24',37);
INSERT INTO event (id,title) VALUES (22,'Race risk moment low. Fund ago a service');
INSERT INTO display_event (person,event) VALUES (469,6);
INSERT INTO notification (person_id,topic) VALUES (495,'Accept born know start live and. Partner');
INSERT INTO invoice (id,date,amount,subject,debtor) VALUES (22,'2019-12-21',47667,'Certain enjoy where.
Watch language news citizen. From suffer option contain water. Box national clearly.',150);
INSERT INTO email (date,sent,recived) VALUES ('2019-12-09',305,67);
INSERT INTO staff_meeting (date,topic) VALUES ('2019-12-25','Fast pay fall. Drop worry team');
INSERT INTO invited (staff_member_id,meeting) VALUES (334,'2019-12-25');
INSERT INTO food (name,amount,supplier,can_be_allergic) VALUES ('Reuben',85,'Woods-Wright',B'0');
INSERT INTO request_food (food,amount) VALUES ('Reuben',10);
INSERT INTO CCTV_rec (date,camera_num) VALUES ('2019-12-25',52);
INSERT INTO event (id,title) VALUES (23,'Pass from admit or indeed issue consumer');
INSERT INTO display_event (person,event) VALUES (178,23);
INSERT INTO notification (person_id,topic) VALUES (491,'Assume until which others everyone follo');
INSERT INTO invoice (id,date,amount,subject,debtor) VALUES (23,'2019-11-30',52973,'Republican we miss new discussion. Red voice response woman agency.
Once rate east art. Now size able indicate.',264);
INSERT INTO email (date,sent,recived) VALUES ('2019-12-17',314,83);
INSERT INTO staff_meeting (date,topic) VALUES ('2019-12-26','Professor opportunity write pr');
INSERT INTO invited (staff_member_id,meeting) VALUES (451,'2019-12-26');
INSERT INTO food (name,amount,supplier,can_be_allergic) VALUES ('Porter',56,'Knight Inc',B'0');
INSERT INTO CCTV_rec (date,camera_num) VALUES ('2019-12-26',22);
INSERT INTO event (id,title) VALUES (24,'They Mr technology body Mr. Themselves e');
INSERT INTO display_event (person,event) VALUES (412,10);
INSERT INTO notification (person_id,topic) VALUES (43,'Concern direction Republican understand ');
INSERT INTO invoice (id,date,amount,subject,debtor) VALUES (24,'2019-12-19',9861,'Politics professional Democrat lot lose. Economy really another focus door.
Happen management character question large success. Can off budget stay argue.',205);
INSERT INTO email (date,sent,recived) VALUES ('2019-11-27',93,460);
INSERT INTO staff_meeting (date,topic) VALUES ('2019-12-27','Government man pick chair deba');
INSERT INTO invited (staff_member_id,meeting) VALUES (484,'2019-12-27');
INSERT INTO food (name,amount,supplier,can_be_allergic) VALUES ('enchilada',89,'Byrd, Scott and Mendoza',B'1');
INSERT INTO CCTV_rec (date,camera_num) VALUES ('2019-12-27',10);
INSERT INTO event (id,title) VALUES (25,'Eat occur job hit. Generation relate ref');
INSERT INTO display_event (person,event) VALUES (289,10);
INSERT INTO notification (person_id,topic) VALUES (423,'Smile trip there or product describe. Tv');
INSERT INTO invoice (id,date,amount,subject,debtor) VALUES (25,'2019-11-29',582,'Under somebody citizen music group. Player matter single.',466);
INSERT INTO email (date,sent,recived) VALUES ('2019-12-13',357,198);
INSERT INTO staff_meeting (date,topic) VALUES ('2019-12-28','Blue myself head show career. ');
INSERT INTO invited (staff_member_id,meeting) VALUES (61,'2019-12-28');
INSERT INTO food (name,amount,supplier,can_be_allergic) VALUES ('bacon',61,'Alvarez-Mcguire',B'1');
INSERT INTO CCTV_rec (date,camera_num) VALUES ('2019-12-28',85);
INSERT INTO event (id,title) VALUES (26,'Blue along I health follow car head.
Per');
INSERT INTO display_event (person,event) VALUES (486,7);
INSERT INTO notification (person_id,topic) VALUES (447,'Challenge sound between human role sign ');
INSERT INTO invoice (id,date,amount,subject,debtor) VALUES (26,'2019-12-09',45149,'Cut interest back. Again above everyone fear future study city health. Pick agree true share born others week cell.',437);
INSERT INTO email (date,sent,recived) VALUES ('2019-12-01',412,176);
INSERT INTO staff_meeting (date,topic) VALUES ('2019-12-29','Look well personal from child ');
INSERT INTO invited (staff_member_id,meeting) VALUES (281,'2019-12-29');
INSERT INTO food (name,amount,supplier,can_be_allergic) VALUES ('coffee',62,'Guerrero and Sons',B'0');
INSERT INTO request_food (food,amount) VALUES ('coffee',6);
INSERT INTO CCTV_rec (date,camera_num) VALUES ('2019-12-29',24);
INSERT INTO event (id,title) VALUES (27,'Western affect skin black simply use see');
INSERT INTO display_event (person,event) VALUES (91,5);
INSERT INTO notification (person_id,topic) VALUES (123,'Too forget suffer morning arm. Pressure ');
INSERT INTO invoice (id,date,amount,subject,debtor) VALUES (27,'2019-11-20',44543,'Nice board week summer. Shake wear stage life.
Western letter kitchen team. Speak question put alone term sure speak.',76);
INSERT INTO email (date,sent,recived) VALUES ('2019-12-10',276,33);
INSERT INTO staff_meeting (date,topic) VALUES ('2019-12-30','Crime personal level. Or ok ed');
INSERT INTO invited (staff_member_id,meeting) VALUES (83,'2019-12-30');
INSERT INTO food (name,amount,supplier,can_be_allergic) VALUES ('haiku roll',3,'Miller Inc',B'1');
INSERT INTO request_food (food,amount) VALUES ('haiku roll',2);
INSERT INTO CCTV_rec (date,camera_num) VALUES ('2019-12-30',75);
INSERT INTO event (id,title) VALUES (28,'Child population peace thousand order. F');
INSERT INTO display_event (person,event) VALUES (469,21);
INSERT INTO notification (person_id,topic) VALUES (276,'Improve town summer mind process today a');
INSERT INTO invoice (id,date,amount,subject,debtor) VALUES (28,'2019-12-19',57797,'Now hair close TV environment. Can would religious. Test husband son everything.
Lawyer same music go including number. Shake many fear special budget performance information.',479);
INSERT INTO email (date,sent,recived) VALUES ('2019-11-25',233,451);
INSERT INTO staff_meeting (date,topic) VALUES ('2019-12-31','Growth north glass ever discus');
INSERT INTO invited (staff_member_id,meeting) VALUES (153,'2019-12-31');
INSERT INTO food (name,amount,supplier,can_be_allergic) VALUES ('Apple juice',60,'Solomon and Sons',B'1');
INSERT INTO request_food (food,amount) VALUES ('Apple juice',8);
INSERT INTO CCTV_rec (date,camera_num) VALUES ('2019-12-31',39);
INSERT INTO event (id,title) VALUES (29,'Everybody safe far unit. Candidate perso');
INSERT INTO display_event (person,event) VALUES (406,11);
INSERT INTO notification (person_id,topic) VALUES (106,'Book hand allow tend number.
By my south');
INSERT INTO invoice (id,date,amount,subject,debtor) VALUES (29,'2019-12-16',31638,'With significant matter number quite political. Cell support society white director.
Policy reality shoulder. Station situation concern region.',384);
INSERT INTO email (date,sent,recived) VALUES ('2019-12-13',101,45);
INSERT INTO staff_meeting (date,topic) VALUES ('2020-01-01','Culture miss born difference w');
INSERT INTO invited (staff_member_id,meeting) VALUES (35,'2020-01-01');
INSERT INTO food (name,amount,supplier,can_be_allergic) VALUES ('Milkshake',54,'Ortega, Jones and Williams',B'0');
INSERT INTO request_food (food,amount) VALUES ('Milkshake',6);
INSERT INTO CCTV_rec (date,camera_num) VALUES ('2020-01-01',60);
INSERT INTO event (id,title) VALUES (30,'Indeed do worry safe. Total fly educatio');
INSERT INTO display_event (person,event) VALUES (416,25);
INSERT INTO notification (person_id,topic) VALUES (281,'Control scene thousand order everyone. C');
INSERT INTO invoice (id,date,amount,subject,debtor) VALUES (30,'2019-12-21',35652,'Reflect father also country. It claim health key.
Nothing interview only cut approach along. Law short teach win town clear. Stock generation together support school head.',354);
INSERT INTO email (date,sent,recived) VALUES ('2019-12-01',400,388);