
INSERT INTO staff_meeting (date,topic) VALUES ('2019-12-09','Ball now we rule fine. Better ');
INSERT INTO invited (staff_member_id,meeting) VALUES (237,'2019-12-09');
INSERT INTO food (name,amount,supplier,can_be_allergic) VALUES ('sushi',53,'Hester-Jones',B'0');
INSERT INTO request_food (food,amount) VALUES ('sushi',6);
INSERT INTO CCTV_rec (date,camera_num) VALUES ('2019-12-09',65);
INSERT INTO event (id,title) VALUES (1,'Too population though develop offer. A h');
INSERT INTO display_event (person,event) VALUES (10,1);
INSERT INTO notification (person_id,topic) VALUES (435,'Down citizen room follow. Theory off per');
INSERT INTO invoice (id,date,amount,subject,debtor) VALUES (1,'2019-12-06',58813,'Increase pretty security grow mind bit plant. Enter red especially president several teacher well.
Buy card his character develop break evidence.',237);
INSERT INTO email (date,sent,recived) VALUES ('2019-12-22',174,314);
INSERT INTO staff_meeting (date,topic) VALUES ('2019-12-10','Mention house off game and you');
INSERT INTO invited (staff_member_id,meeting) VALUES (48,'2019-12-10');
INSERT INTO food (name,amount,supplier,can_be_allergic) VALUES ('gumbo',79,'Moyer, Garza and Pugh',B'0');
INSERT INTO request_food (food,amount) VALUES ('gumbo',5);
INSERT INTO CCTV_rec (date,camera_num) VALUES ('2019-12-10',72);
INSERT INTO event (id,title) VALUES (2,'Bank five today have try simply. That or');
INSERT INTO display_event (person,event) VALUES (297,1);
INSERT INTO notification (person_id,topic) VALUES (6,'Popular school mention find. Never them ');
INSERT INTO invoice (id,date,amount,subject,debtor) VALUES (2,'2019-12-20',48748,'Good skin top political role. Whether start charge everybody senior. Consider movement before war.
Land point day tell his write yard hold. Wind leg decide quality collection argue nothing home.',449);
INSERT INTO email (date,sent,recived) VALUES ('2019-11-19',423,85);
INSERT INTO staff_meeting (date,topic) VALUES ('2019-12-11','Base investment drop kid exper');
INSERT INTO invited (staff_member_id,meeting) VALUES (207,'2019-12-11');
INSERT INTO food (name,amount,supplier,can_be_allergic) VALUES ('hot dogs',65,'Jones Ltd',B'1');
INSERT INTO CCTV_rec (date,camera_num) VALUES ('2019-12-11',61);
INSERT INTO event (id,title) VALUES (3,'Rise conference already specific. Wester');
INSERT INTO display_event (person,event) VALUES (209,1);
INSERT INTO notification (person_id,topic) VALUES (197,'Me mention national town health. Ago sev');
INSERT INTO invoice (id,date,amount,subject,debtor) VALUES (3,'2019-12-02',77540,'Radio not color culture. Significant today American offer listen spend.
Job site movement others force record. Eye bill check perhaps. Environmental without enjoy dinner talk concern.',74);
INSERT INTO email (date,sent,recived) VALUES ('2019-12-11',242,438);
INSERT INTO staff_meeting (date,topic) VALUES ('2019-12-12','Goal stay address position eac');
INSERT INTO invited (staff_member_id,meeting) VALUES (104,'2019-12-12');
INSERT INTO food (name,amount,supplier,can_be_allergic) VALUES ('English muffins',85,'Ferguson Ltd',B'1');
INSERT INTO CCTV_rec (date,camera_num) VALUES ('2019-12-12',24);
INSERT INTO event (id,title) VALUES (4,'Have class option effort anything kind. ');
INSERT INTO display_event (person,event) VALUES (33,2);
INSERT INTO notification (person_id,topic) VALUES (312,'Him cost protect friend. Manager key sig');
INSERT INTO invoice (id,date,amount,subject,debtor) VALUES (4,'2019-12-14',14073,'Agent lead seem it some north old. Trial resource when policy officer fire someone. International stuff including option stock walk.',374);
INSERT INTO email (date,sent,recived) VALUES ('2019-12-03',185,329);
INSERT INTO staff_meeting (date,topic) VALUES ('2019-12-13','Cover hit should that. Easy ex');
INSERT INTO invited (staff_member_id,meeting) VALUES (426,'2019-12-13');
INSERT INTO food (name,amount,supplier,can_be_allergic) VALUES ('ice cream',19,'Taylor PLC',B'0');
INSERT INTO CCTV_rec (date,camera_num) VALUES ('2019-12-13',30);
INSERT INTO event (id,title) VALUES (5,'Bar area region never someone benefit. I');
INSERT INTO display_event (person,event) VALUES (62,5);
INSERT INTO notification (person_id,topic) VALUES (55,'Clearly around significant off. Talk nev');
INSERT INTO invoice (id,date,amount,subject,debtor) VALUES (5,'2019-11-28',76842,'Experience chair unit set necessary style. Necessary commercial go manage well. Involve late class face.',324);
INSERT INTO email (date,sent,recived) VALUES ('2019-12-22',113,316);
INSERT INTO staff_meeting (date,topic) VALUES ('2019-12-14','Condition while upon north roc');
INSERT INTO invited (staff_member_id,meeting) VALUES (346,'2019-12-14');
INSERT INTO food (name,amount,supplier,can_be_allergic) VALUES ('chimichanga',89,'Perry, Davis and Moreno',B'1');
INSERT INTO request_food (food,amount) VALUES ('chimichanga',8);
INSERT INTO CCTV_rec (date,camera_num) VALUES ('2019-12-14',98);
INSERT INTO event (id,title) VALUES (6,'Responsibility fear edge first. Might id');
INSERT INTO display_event (person,event) VALUES (18,4);
INSERT INTO notification (person_id,topic) VALUES (415,'Service indicate computer later thank le');
INSERT INTO invoice (id,date,amount,subject,debtor) VALUES (6,'2019-11-27',13882,'Perhaps style site drive minute serve section. Environmental happy finally far.',133);
INSERT INTO email (date,sent,recived) VALUES ('2019-11-28',141,147);
INSERT INTO staff_meeting (date,topic) VALUES ('2019-12-15','Avoid seem send. Audience defe');
INSERT INTO invited (staff_member_id,meeting) VALUES (383,'2019-12-15');
INSERT INTO food (name,amount,supplier,can_be_allergic) VALUES ('broccoli',12,'Edwards, Moore and Solis',B'0');
INSERT INTO CCTV_rec (date,camera_num) VALUES ('2019-12-15',96);
INSERT INTO event (id,title) VALUES (7,'Remain wonder allow read. Consumer toget');
INSERT INTO display_event (person,event) VALUES (392,6);
INSERT INTO notification (person_id,topic) VALUES (388,'Man community ask effect security. Healt');
INSERT INTO invoice (id,date,amount,subject,debtor) VALUES (7,'2019-11-26',13296,'Family one south thought that. Decade herself outside smile magazine. Ever generation billion protect. Kind up grow remain each.',343);
INSERT INTO email (date,sent,recived) VALUES ('2019-12-08',166,54);
INSERT INTO staff_meeting (date,topic) VALUES ('2019-12-16','By all pattern recognize truth');
INSERT INTO invited (staff_member_id,meeting) VALUES (395,'2019-12-16');
INSERT INTO food (name,amount,supplier,can_be_allergic) VALUES ('babaganoosh',49,'Novak-Burton',B'0');
INSERT INTO CCTV_rec (date,camera_num) VALUES ('2019-12-16',43);
INSERT INTO event (id,title) VALUES (8,'Order me task card report watch growth e');
INSERT INTO display_event (person,event) VALUES (432,2);
INSERT INTO notification (person_id,topic) VALUES (128,'Practice nothing here. Attorney base agr');
INSERT INTO invoice (id,date,amount,subject,debtor) VALUES (8,'2019-12-02',68427,'Method there market. Choose according your stop more almost consider. Current especially bed city dog how.
Interview Republican yes through truth religious production. Or top ago.',415);
INSERT INTO email (date,sent,recived) VALUES ('2019-11-21',245,365);
INSERT INTO staff_meeting (date,topic) VALUES ('2019-12-17','Would exist floor drug. Huge r');
INSERT INTO invited (staff_member_id,meeting) VALUES (235,'2019-12-17');
INSERT INTO food (name,amount,supplier,can_be_allergic) VALUES ('Venison',80,'Golden Inc',B'1');
INSERT INTO request_food (food,amount) VALUES ('Venison',7);
INSERT INTO CCTV_rec (date,camera_num) VALUES ('2019-12-17',82);
INSERT INTO event (id,title) VALUES (9,'Town energy score least. Late day explai');
INSERT INTO display_event (person,event) VALUES (258,8);
INSERT INTO notification (person_id,topic) VALUES (176,'Expert none food. Admit conference blue ');
INSERT INTO invoice (id,date,amount,subject,debtor) VALUES (9,'2019-11-30',20060,'Follow take color major laugh.
Process finally case field civil. Across must most PM star outside over plan. From ready people discover.',150);
INSERT INTO email (date,sent,recived) VALUES ('2019-12-09',384,102);
INSERT INTO staff_meeting (date,topic) VALUES ('2019-12-18','Job stop push party game. Husb');
INSERT INTO invited (staff_member_id,meeting) VALUES (326,'2019-12-18');
INSERT INTO food (name,amount,supplier,can_be_allergic) VALUES ('kale',95,'Peterson LLC',B'0');
INSERT INTO request_food (food,amount) VALUES ('kale',10);
INSERT INTO CCTV_rec (date,camera_num) VALUES ('2019-12-18',54);
INSERT INTO event (id,title) VALUES (10,'When man heart stay billion. Camera fill');
INSERT INTO display_event (person,event) VALUES (439,4);
INSERT INTO notification (person_id,topic) VALUES (244,'Everyone throughout pass. Exist give how');
INSERT INTO invoice (id,date,amount,subject,debtor) VALUES (10,'2019-12-06',80789,'Close check affect opportunity. Wish letter hard about. Discuss computer break state.
Your believe main good.',434);
INSERT INTO email (date,sent,recived) VALUES ('2019-12-04',302,374);
INSERT INTO staff_meeting (date,topic) VALUES ('2019-12-19','Story front serious large crim');
INSERT INTO invited (staff_member_id,meeting) VALUES (237,'2019-12-19');
INSERT INTO food (name,amount,supplier,can_be_allergic) VALUES ('chowder',89,'Flores, Silva and Fox',B'0');
INSERT INTO CCTV_rec (date,camera_num) VALUES ('2019-12-19',63);
INSERT INTO event (id,title) VALUES (11,'Race tax year education we again attenti');
INSERT INTO display_event (person,event) VALUES (216,2);
INSERT INTO notification (person_id,topic) VALUES (409,'Scientist forward around tend. Miss man ');
INSERT INTO invoice (id,date,amount,subject,debtor) VALUES (11,'2019-12-01',15529,'Environmental between herself education their glass certain. Occur brother door side building conference soon. Thought along teach entire.',154);
INSERT INTO email (date,sent,recived) VALUES ('2019-12-17',369,232);
INSERT INTO staff_meeting (date,topic) VALUES ('2019-12-20','Lot event foreign hotel kind. ');
INSERT INTO invited (staff_member_id,meeting) VALUES (438,'2019-12-20');
INSERT INTO food (name,amount,supplier,can_be_allergic) VALUES ('Cabbage',91,'Scott, Smith and Brown',B'0');
INSERT INTO CCTV_rec (date,camera_num) VALUES ('2019-12-20',29);
INSERT INTO event (id,title) VALUES (12,'Well rich use school seem. Sometimes int');
INSERT INTO display_event (person,event) VALUES (469,2);
INSERT INTO notification (person_id,topic) VALUES (127,'Population both both.
Hotel shoulder sto');
INSERT INTO invoice (id,date,amount,subject,debtor) VALUES (12,'2019-12-17',43414,'Look outside push health. Strong tree reduce impact as his discuss. Them stuff run open top.',405);
INSERT INTO email (date,sent,recived) VALUES ('2019-12-22',11,481);
INSERT INTO staff_meeting (date,topic) VALUES ('2019-12-21','Out fight majority baby market');
INSERT INTO invited (staff_member_id,meeting) VALUES (390,'2019-12-21');
INSERT INTO food (name,amount,supplier,can_be_allergic) VALUES ('Apple juice',82,'Casey Ltd',B'1');
INSERT INTO CCTV_rec (date,camera_num) VALUES ('2019-12-21',36);
INSERT INTO event (id,title) VALUES (13,'Fear no rule somebody hard. Want time or');
INSERT INTO display_event (person,event) VALUES (260,2);
INSERT INTO notification (person_id,topic) VALUES (358,'Kitchen range bill start idea. Hand with');
INSERT INTO invoice (id,date,amount,subject,debtor) VALUES (13,'2019-11-28',44189,'Less sea heavy detail politics. Parent north rock school according pay deal. General movie rock expert teach.
Reveal baby could activity now green. Type interest far yes condition perform.',433);
INSERT INTO email (date,sent,recived) VALUES ('2019-12-02',289,192);
INSERT INTO staff_meeting (date,topic) VALUES ('2019-12-22','First window foot blue collect');
INSERT INTO invited (staff_member_id,meeting) VALUES (66,'2019-12-22');
INSERT INTO food (name,amount,supplier,can_be_allergic) VALUES ('Lasagna',38,'Rodriguez, Clark and Walker',B'1');
INSERT INTO CCTV_rec (date,camera_num) VALUES ('2019-12-22',40);
INSERT INTO event (id,title) VALUES (14,'Perhaps collection option expect remembe');
INSERT INTO display_event (person,event) VALUES (449,5);
INSERT INTO notification (person_id,topic) VALUES (404,'Skill future mind soldier woman full.
Su');
INSERT INTO invoice (id,date,amount,subject,debtor) VALUES (14,'2019-11-30',53073,'Hospital drop special ready we yeah bed show. Father recent consumer politics.
Of address paper show. Turn get contain eight stage truth.',185);
INSERT INTO email (date,sent,recived) VALUES ('2019-11-27',364,100);
INSERT INTO staff_meeting (date,topic) VALUES ('2019-12-23','Guess style discover power amo');
INSERT INTO invited (staff_member_id,meeting) VALUES (176,'2019-12-23');
INSERT INTO food (name,amount,supplier,can_be_allergic) VALUES ('franks',30,'Ryan LLC',B'0');
INSERT INTO request_food (food,amount) VALUES ('franks',3);
INSERT INTO CCTV_rec (date,camera_num) VALUES ('2019-12-23',84);
INSERT INTO event (id,title) VALUES (15,'Should level prevent forward short where');
INSERT INTO display_event (person,event) VALUES (48,11);
INSERT INTO notification (person_id,topic) VALUES (50,'Other friend policy from much notice pol');
INSERT INTO invoice (id,date,amount,subject,debtor) VALUES (15,'2019-11-23',17068,'Such whatever finally month research. And third anything soon expert education woman.
Long idea in manager out sometimes. Ground particular coach allow ago. Health every return hear special space.',74);
INSERT INTO email (date,sent,recived) VALUES ('2019-12-04',57,385);
INSERT INTO staff_meeting (date,topic) VALUES ('2019-12-24','Participant wrong morning trad');
INSERT INTO invited (staff_member_id,meeting) VALUES (73,'2019-12-24');
INSERT INTO food (name,amount,supplier,can_be_allergic) VALUES ('black beans',43,'Boyd-Smith',B'0');
INSERT INTO CCTV_rec (date,camera_num) VALUES ('2019-12-24',80);
INSERT INTO event (id,title) VALUES (16,'Art several involve argue citizen place.');
INSERT INTO display_event (person,event) VALUES (277,3);
INSERT INTO notification (person_id,topic) VALUES (296,'Pull similar find truth. Soldier dog car');
INSERT INTO invoice (id,date,amount,subject,debtor) VALUES (16,'2019-12-06',64845,'Prove keep decision hour hair. Provide score accept mean cultural. Current serious while.',424);
INSERT INTO email (date,sent,recived) VALUES ('2019-12-16',483,263);
INSERT INTO staff_meeting (date,topic) VALUES ('2019-12-25','Hear nothing identify. Along s');
INSERT INTO invited (staff_member_id,meeting) VALUES (111,'2019-12-25');
INSERT INTO food (name,amount,supplier,can_be_allergic) VALUES ('halibut',28,'Diaz Inc',B'1');
INSERT INTO CCTV_rec (date,camera_num) VALUES ('2019-12-25',56);
INSERT INTO event (id,title) VALUES (17,'Sister something let deal present tough.');
INSERT INTO display_event (person,event) VALUES (298,12);
INSERT INTO notification (person_id,topic) VALUES (368,'Option gas goal although middle tough yo');
INSERT INTO invoice (id,date,amount,subject,debtor) VALUES (17,'2019-11-25',58603,'Time beautiful several increase claim. Debate campaign short school according support join area. Western whom the author laugh inside.
Table later store. Language any music late just value personal.',211);
INSERT INTO email (date,sent,recived) VALUES ('2019-12-08',321,290);
INSERT INTO staff_meeting (date,topic) VALUES ('2019-12-26','Human easy executive discussio');
INSERT INTO invited (staff_member_id,meeting) VALUES (401,'2019-12-26');
INSERT INTO food (name,amount,supplier,can_be_allergic) VALUES ('hamburger',90,'Carpenter-Savage',B'0');
INSERT INTO request_food (food,amount) VALUES ('hamburger',10);
INSERT INTO CCTV_rec (date,camera_num) VALUES ('2019-12-26',34);
INSERT INTO event (id,title) VALUES (18,'Increase base understand picture. Electi');
INSERT INTO display_event (person,event) VALUES (367,11);
INSERT INTO notification (person_id,topic) VALUES (424,'Trial happen why hot voice mind all noti');
INSERT INTO invoice (id,date,amount,subject,debtor) VALUES (18,'2019-11-24',53273,'Range far between rich.
Hard share probably very. Thought support popular responsibility call themselves.
Follow performance eye. Animal travel care sit TV see.',107);
INSERT INTO email (date,sent,recived) VALUES ('2019-12-05',43,16);
INSERT INTO staff_meeting (date,topic) VALUES ('2019-12-27','Pm south office half product c');
INSERT INTO invited (staff_member_id,meeting) VALUES (4,'2019-12-27');
INSERT INTO food (name,amount,supplier,can_be_allergic) VALUES ('arugala',2,'Fisher, Myers and Wilcox',B'0');
INSERT INTO request_food (food,amount) VALUES ('arugala',9);
INSERT INTO CCTV_rec (date,camera_num) VALUES ('2019-12-27',57);
INSERT INTO event (id,title) VALUES (19,'Citizen performance century sport curren');
INSERT INTO display_event (person,event) VALUES (251,15);
INSERT INTO notification (person_id,topic) VALUES (122,'Ground seat Democrat also whole arm. Arm');
INSERT INTO invoice (id,date,amount,subject,debtor) VALUES (19,'2019-11-30',86144,'Performance population arm security. List fish management artist entire so. Development exactly list serve.
Alone out top election message support. Card account organization exactly.',491);
INSERT INTO email (date,sent,recived) VALUES ('2019-12-07',59,66);
INSERT INTO staff_meeting (date,topic) VALUES ('2019-12-28','Official lose walk. Like prese');
INSERT INTO invited (staff_member_id,meeting) VALUES (233,'2019-12-28');
INSERT INTO food (name,amount,supplier,can_be_allergic) VALUES ('French dip',55,'Moore-Brady',B'0');
INSERT INTO request_food (food,amount) VALUES ('French dip',5);
INSERT INTO CCTV_rec (date,camera_num) VALUES ('2019-12-28',72);
INSERT INTO event (id,title) VALUES (20,'Every coach expert room. Half reveal you');
INSERT INTO display_event (person,event) VALUES (244,1);
INSERT INTO notification (person_id,topic) VALUES (452,'Worker eight tonight compare actually to');
INSERT INTO invoice (id,date,amount,subject,debtor) VALUES (20,'2019-12-16',11066,'Animal establish thing their. Drop bank move within suggest.
Race poor community. Close federal down sport full process whether. Later professor situation.',332);
INSERT INTO email (date,sent,recived) VALUES ('2019-11-28',270,491);
INSERT INTO staff_meeting (date,topic) VALUES ('2019-12-29','Offer organization training in');
INSERT INTO invited (staff_member_id,meeting) VALUES (41,'2019-12-29');
INSERT INTO food (name,amount,supplier,can_be_allergic) VALUES ('apples',22,'Bean-Garza',B'0');
INSERT INTO CCTV_rec (date,camera_num) VALUES ('2019-12-29',24);
INSERT INTO event (id,title) VALUES (21,'Program subject large news student off. ');
INSERT INTO display_event (person,event) VALUES (186,21);
INSERT INTO notification (person_id,topic) VALUES (429,'Seat concern easy cut option. Capital sp');
INSERT INTO invoice (id,date,amount,subject,debtor) VALUES (21,'2019-11-26',48196,'Phone always through available lay sport. Man other seven necessary leave.
Start operation environment perform push admit. Along team rock wait nor myself. Gun big thousand.',248);
INSERT INTO email (date,sent,recived) VALUES ('2019-11-27',184,125);
INSERT INTO staff_meeting (date,topic) VALUES ('2019-12-30','Hit management physical educat');
INSERT INTO invited (staff_member_id,meeting) VALUES (383,'2019-12-30');
INSERT INTO food (name,amount,supplier,can_be_allergic) VALUES ('noodles',93,'Moore PLC',B'1');
INSERT INTO CCTV_rec (date,camera_num) VALUES ('2019-12-30',20);
INSERT INTO event (id,title) VALUES (22,'Democratic education drive debate power.');
INSERT INTO display_event (person,event) VALUES (256,9);
INSERT INTO notification (person_id,topic) VALUES (93,'Or show industry choice century building');
INSERT INTO invoice (id,date,amount,subject,debtor) VALUES (22,'2019-11-28',81478,'Card it TV family. Occur between better give should event. Air leader head sister.
Be check management bill yard suggest pick.',498);
INSERT INTO email (date,sent,recived) VALUES ('2019-12-01',202,350);
INSERT INTO staff_meeting (date,topic) VALUES ('2019-12-31','Body strong social start must.');
INSERT INTO invited (staff_member_id,meeting) VALUES (341,'2019-12-31');
INSERT INTO food (name,amount,supplier,can_be_allergic) VALUES ('Tater tots',95,'Duncan-Howard',B'1');
INSERT INTO request_food (food,amount) VALUES ('Tater tots',7);
INSERT INTO CCTV_rec (date,camera_num) VALUES ('2019-12-31',76);
INSERT INTO event (id,title) VALUES (23,'Option throughout professional remember ');
INSERT INTO display_event (person,event) VALUES (394,6);
INSERT INTO notification (person_id,topic) VALUES (164,'Little culture seek if together south. A');
INSERT INTO invoice (id,date,amount,subject,debtor) VALUES (23,'2019-12-23',23598,'Assume sport impact majority leg process west create. Capital technology mean price already.',408);
INSERT INTO email (date,sent,recived) VALUES ('2019-12-07',224,154);
INSERT INTO staff_meeting (date,topic) VALUES ('2020-01-01','Third another board race fact ');
INSERT INTO invited (staff_member_id,meeting) VALUES (98,'2020-01-01');
INSERT INTO food (name,amount,supplier,can_be_allergic) VALUES ('falafel',94,'Lewis-Schwartz',B'1');
INSERT INTO CCTV_rec (date,camera_num) VALUES ('2020-01-01',13);
INSERT INTO event (id,title) VALUES (24,'Available hour should have out manager c');
INSERT INTO display_event (person,event) VALUES (180,14);
INSERT INTO notification (person_id,topic) VALUES (100,'Cause five serious worker same decide pr');
INSERT INTO invoice (id,date,amount,subject,debtor) VALUES (24,'2019-12-06',75909,'Money enter court apply. Ask head simple book try.
Through loss black several that many theory generation. Hot indeed include officer member major conference.',371);
INSERT INTO email (date,sent,recived) VALUES ('2019-12-04',95,168);
INSERT INTO staff_meeting (date,topic) VALUES ('2020-01-02','When organization national sci');
INSERT INTO invited (staff_member_id,meeting) VALUES (427,'2020-01-02');
INSERT INTO food (name,amount,supplier,can_be_allergic) VALUES ('haiku roll',38,'Sanchez, Scott and Hatfield',B'0');
INSERT INTO CCTV_rec (date,camera_num) VALUES ('2020-01-02',36);
INSERT INTO event (id,title) VALUES (25,'May American serious themselves bad mone');
INSERT INTO display_event (person,event) VALUES (333,10);
INSERT INTO notification (person_id,topic) VALUES (470,'Technology discuss with outside clear ac');
INSERT INTO invoice (id,date,amount,subject,debtor) VALUES (25,'2019-12-11',26078,'While trade bank. Tv single school PM join himself.
Note card toward choice. Control available professional husband. Response may half control then skill leg. Newspaper its effort trade hour.',175);
INSERT INTO email (date,sent,recived) VALUES ('2019-11-30',310,443);
INSERT INTO staff_meeting (date,topic) VALUES ('2020-01-03','Go receive resource nothing de');
INSERT INTO invited (staff_member_id,meeting) VALUES (73,'2020-01-03');
INSERT INTO food (name,amount,supplier,can_be_allergic) VALUES ('kiwi',59,'Owen-Morgan',B'0');
INSERT INTO request_food (food,amount) VALUES ('kiwi',6);
INSERT INTO CCTV_rec (date,camera_num) VALUES ('2020-01-03',99);
INSERT INTO event (id,title) VALUES (26,'Office discussion front. Close blue dinn');
INSERT INTO display_event (person,event) VALUES (85,15);
INSERT INTO notification (person_id,topic) VALUES (228,'Their drug west forward recently least s');
INSERT INTO invoice (id,date,amount,subject,debtor) VALUES (26,'2019-11-19',39129,'Do idea main really drug begin top. Accept music politics before talk car foreign. Through account sing beyond never.
Goal picture be southern. Bring management down market know member from.',182);
INSERT INTO email (date,sent,recived) VALUES ('2019-11-26',419,357);
INSERT INTO staff_meeting (date,topic) VALUES ('2020-01-04','Determine make television kitc');
INSERT INTO invited (staff_member_id,meeting) VALUES (213,'2020-01-04');
INSERT INTO food (name,amount,supplier,can_be_allergic) VALUES ('Quesadilla',94,'Mills, Carroll and Reynolds',B'1');
INSERT INTO CCTV_rec (date,camera_num) VALUES ('2020-01-04',11);
INSERT INTO event (id,title) VALUES (27,'Into itself data open hope fast man. Rec');
INSERT INTO display_event (person,event) VALUES (497,23);
INSERT INTO notification (person_id,topic) VALUES (416,'Analysis international we visit partner ');
INSERT INTO invoice (id,date,amount,subject,debtor) VALUES (27,'2019-12-08',66519,'Those own well young necessary man. Age employee begin arm college wonder. Under deal share often strong generation.
Miss power operation control pull rich everything. This those measure.',148);
INSERT INTO email (date,sent,recived) VALUES ('2019-11-23',109,252);
INSERT INTO staff_meeting (date,topic) VALUES ('2020-01-05','Former note laugh several rece');
INSERT INTO invited (staff_member_id,meeting) VALUES (387,'2020-01-05');
INSERT INTO food (name,amount,supplier,can_be_allergic) VALUES ('Bruscetta',30,'Singh, Meyer and Lloyd',B'0');
INSERT INTO CCTV_rec (date,camera_num) VALUES ('2020-01-05',32);
INSERT INTO event (id,title) VALUES (28,'Today series think choose total beyond t');
INSERT INTO display_event (person,event) VALUES (154,26);
INSERT INTO notification (person_id,topic) VALUES (320,'Sit despite leader eight consumer find e');
INSERT INTO invoice (id,date,amount,subject,debtor) VALUES (28,'2019-12-20',65992,'Kind check quite at open product push. Nature station floor power. Performance travel treatment standard image make age.',284);
INSERT INTO email (date,sent,recived) VALUES ('2019-12-10',458,409);
INSERT INTO staff_meeting (date,topic) VALUES ('2020-01-06','Machine friend term smile eye ');
INSERT INTO invited (staff_member_id,meeting) VALUES (359,'2020-01-06');
INSERT INTO food (name,amount,supplier,can_be_allergic) VALUES ('grits',26,'Williams LLC',B'0');
INSERT INTO CCTV_rec (date,camera_num) VALUES ('2020-01-06',99);
INSERT INTO event (id,title) VALUES (29,'Statement whatever join entire score. In');
INSERT INTO display_event (person,event) VALUES (354,2);
INSERT INTO notification (person_id,topic) VALUES (417,'Series reason law final war season. Sign');
INSERT INTO invoice (id,date,amount,subject,debtor) VALUES (29,'2019-12-21',92696,'Medical wife themselves per state. Window store property when go until. Land fill table political.
Tell we none seven pass top. Return voice indicate standard pass event citizen.',325);
INSERT INTO email (date,sent,recived) VALUES ('2019-11-28',83,71);
INSERT INTO staff_meeting (date,topic) VALUES ('2020-01-07','Turn after miss turn sure noti');
INSERT INTO invited (staff_member_id,meeting) VALUES (374,'2020-01-07');
INSERT INTO food (name,amount,supplier,can_be_allergic) VALUES ('beer',10,'Tucker, Ewing and Miller',B'1');
INSERT INTO request_food (food,amount) VALUES ('beer',1);
INSERT INTO CCTV_rec (date,camera_num) VALUES ('2020-01-07',42);
INSERT INTO event (id,title) VALUES (30,'Here politics drive. Second five act bil');
INSERT INTO display_event (person,event) VALUES (361,17);
INSERT INTO notification (person_id,topic) VALUES (240,'School perform career watch couple under');
INSERT INTO invoice (id,date,amount,subject,debtor) VALUES (30,'2019-12-04',56908,'Smile fire political five. Operation project week expect threat you level.
Increase its city business capital as. Recently look brother center less exist interview.
Week style question matter former.',60);
INSERT INTO email (date,sent,recived) VALUES ('2019-12-07',43,61);