
INSERT INTO medicine (name,amount) VALUES ('Eltrombopag',0);
INSERT INTO medicine (name,amount) VALUES ('Ceftazidime',12);
INSERT INTO request_med (date,med,amount,requester) VALUES ('2019-11-29','Ceftazidime',1,361);
INSERT INTO patient_allergies (patient_id,preparate) VALUES (70,'Ceftazidime');
INSERT INTO medicine (name,amount) VALUES ('Busulfan',78);
INSERT INTO request_med (date,med,amount,requester) VALUES ('2019-12-25','Busulfan',8,438);
INSERT INTO patient_allergies (patient_id,preparate) VALUES (360,'Busulfan');
INSERT INTO medicine (name,amount) VALUES ('Aprepitant',80);
INSERT INTO request_med (date,med,amount,requester) VALUES ('2019-12-03','Aprepitant',2,331);
INSERT INTO patient_allergies (patient_id,preparate) VALUES (119,'Aprepitant');
INSERT INTO medicine (name,amount) VALUES ('Erythromycin',40);
INSERT INTO medicine (name,amount) VALUES ('Bosentan',30);
INSERT INTO request_med (date,med,amount,requester) VALUES ('2019-11-24','Bosentan',1,356);
INSERT INTO patient_allergies (patient_id,preparate) VALUES (268,'Bosentan');
INSERT INTO medicine (name,amount) VALUES ('Heparin',5);
INSERT INTO request_med (date,med,amount,requester) VALUES ('2019-12-09','Heparin',6,157);
INSERT INTO patient_allergies (patient_id,preparate) VALUES (431,'Heparin');
INSERT INTO medicine (name,amount) VALUES ('Amifostine',56);
INSERT INTO request_med (date,med,amount,requester) VALUES ('2019-12-16','Amifostine',1,436);
INSERT INTO patient_allergies (patient_id,preparate) VALUES (146,'Amifostine');
INSERT INTO medicine (name,amount) VALUES ('Propoxyphene',12);
INSERT INTO request_med (date,med,amount,requester) VALUES ('2019-11-26','Propoxyphene',10,138);
INSERT INTO patient_allergies (patient_id,preparate) VALUES (252,'Propoxyphene');
INSERT INTO medicine (name,amount) VALUES ('Rilpivirine',98);
INSERT INTO medicine (name,amount) VALUES ('Captopril',3);
INSERT INTO request_med (date,med,amount,requester) VALUES ('2019-11-24','Captopril',2,369);
INSERT INTO patient_allergies (patient_id,preparate) VALUES (195,'Captopril');
INSERT INTO medicine (name,amount) VALUES ('Vorinostat',74);
INSERT INTO request_med (date,med,amount,requester) VALUES ('2019-12-13','Vorinostat',9,271);
INSERT INTO patient_allergies (patient_id,preparate) VALUES (123,'Vorinostat');
INSERT INTO medicine (name,amount) VALUES ('Meropenem',78);
INSERT INTO request_med (date,med,amount,requester) VALUES ('2019-11-27','Meropenem',8,1);
INSERT INTO patient_allergies (patient_id,preparate) VALUES (268,'Meropenem');
INSERT INTO medicine (name,amount) VALUES ('Vinblastine',49);
INSERT INTO medicine (name,amount) VALUES ('Ondansetron',7);
INSERT INTO medicine (name,amount) VALUES ('Alemtuzumab',55);
INSERT INTO request_med (date,med,amount,requester) VALUES ('2019-12-24','Alemtuzumab',3,386);
INSERT INTO patient_allergies (patient_id,preparate) VALUES (364,'Alemtuzumab');
INSERT INTO medicine (name,amount) VALUES ('Daunorubicin',62);
INSERT INTO medicine (name,amount) VALUES ('Teniposide',81);
INSERT INTO request_med (date,med,amount,requester) VALUES ('2019-11-23','Teniposide',10,247);
INSERT INTO patient_allergies (patient_id,preparate) VALUES (195,'Teniposide');
INSERT INTO medicine (name,amount) VALUES ('Celecoxib',76);
INSERT INTO request_med (date,med,amount,requester) VALUES ('2019-12-19','Celecoxib',2,71);
INSERT INTO patient_allergies (patient_id,preparate) VALUES (499,'Celecoxib');
INSERT INTO medicine (name,amount) VALUES ('Clarithromycin',52);
INSERT INTO request_med (date,med,amount,requester) VALUES ('2019-11-23','Clarithromycin',8,211);
INSERT INTO patient_allergies (patient_id,preparate) VALUES (460,'Clarithromycin');
INSERT INTO medicine (name,amount) VALUES ('Atovaquone',98);
INSERT INTO medicine (name,amount) VALUES ('Cidofovir',34);
INSERT INTO request_med (date,med,amount,requester) VALUES ('2019-12-15','Cidofovir',6,300);
INSERT INTO patient_allergies (patient_id,preparate) VALUES (24,'Cidofovir');
INSERT INTO medicine (name,amount) VALUES ('Trimethoprim',78);
INSERT INTO medicine (name,amount) VALUES ('Neuromuscular',50);
INSERT INTO medicine (name,amount) VALUES ('Ritonavir',82);
INSERT INTO medicine (name,amount) VALUES ('Rasburicase',91);
INSERT INTO request_med (date,med,amount,requester) VALUES ('2019-12-07','Rasburicase',9,79);
INSERT INTO patient_allergies (patient_id,preparate) VALUES (26,'Rasburicase');
INSERT INTO medicine (name,amount) VALUES ('Codeine',79);
INSERT INTO medicine (name,amount) VALUES ('Famciclovir',87);
INSERT INTO request_med (date,med,amount,requester) VALUES ('2019-12-13','Famciclovir',9,2);
INSERT INTO patient_allergies (patient_id,preparate) VALUES (63,'Famciclovir');
INSERT INTO medicine (name,amount) VALUES ('Dexamethasone',94);
INSERT INTO request_med (date,med,amount,requester) VALUES ('2019-11-29','Dexamethasone',7,164);
INSERT INTO patient_allergies (patient_id,preparate) VALUES (390,'Dexamethasone');
INSERT INTO medicine (name,amount) VALUES ('Clofarabine',92);
INSERT INTO medicine (name,amount) VALUES ('Enoxaparin',63);
INSERT INTO medicine (name,amount) VALUES ('Hydromorphone',2);
INSERT INTO medicine (name,amount) VALUES ('Diclofenac',85);
INSERT INTO medicine (name,amount) VALUES ('Mitoxantrone',99);
INSERT INTO request_med (date,med,amount,requester) VALUES ('2019-12-19','Mitoxantrone',4,494);
INSERT INTO patient_allergies (patient_id,preparate) VALUES (139,'Mitoxantrone');
INSERT INTO medicine (name,amount) VALUES ('Hydroxyurea',23);
INSERT INTO request_med (date,med,amount,requester) VALUES ('2019-12-15','Hydroxyurea',10,121);
INSERT INTO patient_allergies (patient_id,preparate) VALUES (273,'Hydroxyurea');
INSERT INTO medicine (name,amount) VALUES ('Etoposide',63);
INSERT INTO request_med (date,med,amount,requester) VALUES ('2019-12-11','Etoposide',3,423);
INSERT INTO patient_allergies (patient_id,preparate) VALUES (482,'Etoposide');
INSERT INTO medicine (name,amount) VALUES ('Bortezomib',97);
INSERT INTO request_med (date,med,amount,requester) VALUES ('2019-12-07','Bortezomib',10,216);
INSERT INTO patient_allergies (patient_id,preparate) VALUES (215,'Bortezomib');
INSERT INTO medicine (name,amount) VALUES ('Didanosine',49);
INSERT INTO request_med (date,med,amount,requester) VALUES ('2019-12-20','Didanosine',2,445);
INSERT INTO patient_allergies (patient_id,preparate) VALUES (498,'Didanosine');
INSERT INTO medicine (name,amount) VALUES ('Probenecid',99);
INSERT INTO medicine (name,amount) VALUES ('Gabapentin',95);
INSERT INTO medicine (name,amount) VALUES ('Crizotinib',83);
INSERT INTO request_med (date,med,amount,requester) VALUES ('2019-12-22','Crizotinib',2,194);
INSERT INTO patient_allergies (patient_id,preparate) VALUES (431,'Crizotinib');
INSERT INTO medicine (name,amount) VALUES ('Interferon',73);
INSERT INTO medicine (name,amount) VALUES ('Granisetron',81);
INSERT INTO request_med (date,med,amount,requester) VALUES ('2019-12-14','Granisetron',3,427);
INSERT INTO patient_allergies (patient_id,preparate) VALUES (329,'Granisetron');
INSERT INTO medicine (name,amount) VALUES ('Raltegravir',22);
INSERT INTO request_med (date,med,amount,requester) VALUES ('2019-12-15','Raltegravir',7,108);
INSERT INTO patient_allergies (patient_id,preparate) VALUES (329,'Raltegravir');
INSERT INTO medicine (name,amount) VALUES ('Doxorubicin',62);
INSERT INTO medicine (name,amount) VALUES ('Dopamine',87);
INSERT INTO request_med (date,med,amount,requester) VALUES ('2019-12-21','Dopamine',10,403);
INSERT INTO patient_allergies (patient_id,preparate) VALUES (440,'Dopamine');
INSERT INTO medicine (name,amount) VALUES ('Maraviroc',40);
INSERT INTO medicine (name,amount) VALUES ('Cyclosporine',37);
INSERT INTO medicine (name,amount) VALUES ('Dacarbazine',41);
INSERT INTO medicine (name,amount) VALUES ('Asparaginase',46);
INSERT INTO request_med (date,med,amount,requester) VALUES ('2019-12-10','Asparaginase',2,122);
INSERT INTO patient_allergies (patient_id,preparate) VALUES (215,'Asparaginase');
INSERT INTO medicine (name,amount) VALUES ('Norepinephrine',85);
INSERT INTO medicine (name,amount) VALUES ('Mechlorethamine',80);
INSERT INTO request_med (date,med,amount,requester) VALUES ('2019-12-12','Mechlorethamine',7,320);
INSERT INTO patient_allergies (patient_id,preparate) VALUES (53,'Mechlorethamine');
INSERT INTO medicine (name,amount) VALUES ('Bleomycin',26);
INSERT INTO medicine (name,amount) VALUES ('Gefitinib',14);
INSERT INTO request_med (date,med,amount,requester) VALUES ('2019-11-23','Gefitinib',10,169);
INSERT INTO patient_allergies (patient_id,preparate) VALUES (176,'Gefitinib');
INSERT INTO medicine (name,amount) VALUES ('Phenobarbital',83);
INSERT INTO request_med (date,med,amount,requester) VALUES ('2019-12-26','Phenobarbital',7,342);
INSERT INTO patient_allergies (patient_id,preparate) VALUES (268,'Phenobarbital');
INSERT INTO medicine (name,amount) VALUES ('Ruxolitinib',24);
INSERT INTO request_med (date,med,amount,requester) VALUES ('2019-11-27','Ruxolitinib',10,93);
INSERT INTO patient_allergies (patient_id,preparate) VALUES (364,'Ruxolitinib');
INSERT INTO medicine (name,amount) VALUES ('Efavirenz',26);
INSERT INTO medicine (name,amount) VALUES ('Cefepime',56);
INSERT INTO medicine (name,amount) VALUES ('Nelarabine',72);
INSERT INTO request_med (date,med,amount,requester) VALUES ('2019-11-25','Nelarabine',10,476);
INSERT INTO patient_allergies (patient_id,preparate) VALUES (312,'Nelarabine');
INSERT INTO medicine (name,amount) VALUES ('Aminocaproic Acid',26);
INSERT INTO medicine (name,amount) VALUES ('Leucovorin',80);
INSERT INTO request_med (date,med,amount,requester) VALUES ('2019-12-26','Leucovorin',7,220);
INSERT INTO patient_allergies (patient_id,preparate) VALUES (67,'Leucovorin');
INSERT INTO medicine (name,amount) VALUES ('Mycophenolate',39);
INSERT INTO request_med (date,med,amount,requester) VALUES ('2019-12-25','Mycophenolate',3,172);
INSERT INTO patient_allergies (patient_id,preparate) VALUES (261,'Mycophenolate');
INSERT INTO medicine (name,amount) VALUES ('Temozolomide',89);
INSERT INTO medicine (name,amount) VALUES ('Itraconazole',7);
INSERT INTO medicine (name,amount) VALUES ('Azithromycin',66);
INSERT INTO medicine (name,amount) VALUES ('Meloxicam',91);
INSERT INTO medicine (name,amount) VALUES ('Morphine',24);
INSERT INTO request_med (date,med,amount,requester) VALUES ('2019-12-10','Morphine',9,457);
INSERT INTO patient_allergies (patient_id,preparate) VALUES (154,'Morphine');
INSERT INTO medicine (name,amount) VALUES ('Modafinil',11);
INSERT INTO request_med (date,med,amount,requester) VALUES ('2019-12-10','Modafinil',9,141);
INSERT INTO patient_allergies (patient_id,preparate) VALUES (401,'Modafinil');
INSERT INTO medicine (name,amount) VALUES ('Gemtuzumab',40);
INSERT INTO request_med (date,med,amount,requester) VALUES ('2019-12-04','Gemtuzumab',4,392);
INSERT INTO patient_allergies (patient_id,preparate) VALUES (146,'Gemtuzumab');
INSERT INTO medicine (name,amount) VALUES ('Voriconazole',58);
INSERT INTO request_med (date,med,amount,requester) VALUES ('2019-11-23','Voriconazole',9,489);
INSERT INTO patient_allergies (patient_id,preparate) VALUES (393,'Voriconazole');
INSERT INTO medicine (name,amount) VALUES ('Levothyroxine',85);
INSERT INTO request_med (date,med,amount,requester) VALUES ('2019-12-17','Levothyroxine',6,40);
INSERT INTO patient_allergies (patient_id,preparate) VALUES (460,'Levothyroxine');
INSERT INTO medicine (name,amount) VALUES ('Erlotinib',97);
INSERT INTO medicine (name,amount) VALUES ('Mitotane',79);
INSERT INTO request_med (date,med,amount,requester) VALUES ('2019-12-21','Mitotane',10,27);
INSERT INTO patient_allergies (patient_id,preparate) VALUES (440,'Mitotane');
INSERT INTO medicine (name,amount) VALUES ('Metronidazole',47);
INSERT INTO medicine (name,amount) VALUES ('Thiotepa',66);
INSERT INTO medicine (name,amount) VALUES ('Fluconazole',9);
INSERT INTO medicine (name,amount) VALUES ('Calcium',31);
INSERT INTO medicine (name,amount) VALUES ('Ganciclovir',68);
INSERT INTO medicine (name,amount) VALUES ('Topotecan',72);
INSERT INTO request_med (date,med,amount,requester) VALUES ('2019-11-25','Topotecan',8,180);
INSERT INTO patient_allergies (patient_id,preparate) VALUES (156,'Topotecan');
INSERT INTO medicine (name,amount) VALUES ('Lopinavir',91);
INSERT INTO medicine (name,amount) VALUES ('Phenytoin',95);
INSERT INTO medicine (name,amount) VALUES ('Phosphorus',89);
INSERT INTO medicine (name,amount) VALUES ('Foscarnet',91);
INSERT INTO request_med (date,med,amount,requester) VALUES ('2019-12-26','Foscarnet',10,163);
INSERT INTO patient_allergies (patient_id,preparate) VALUES (255,'Foscarnet');
INSERT INTO medicine (name,amount) VALUES ('Labetalol',82);
INSERT INTO medicine (name,amount) VALUES ('Atazanavir',16);
INSERT INTO medicine (name,amount) VALUES ('Furosemide',39);
INSERT INTO medicine (name,amount) VALUES ('Etonogestrel',51);
INSERT INTO medicine (name,amount) VALUES ('Saquinavir',42);
INSERT INTO medicine (name,amount) VALUES ('Paclitaxel',20);
INSERT INTO medicine (name,amount) VALUES ('Carmustine',44);
INSERT INTO medicine (name,amount) VALUES ('Irinotecan',88);
INSERT INTO request_med (date,med,amount,requester) VALUES ('2019-12-19','Irinotecan',5,354);
INSERT INTO patient_allergies (patient_id,preparate) VALUES (308,'Irinotecan');
INSERT INTO medicine (name,amount) VALUES ('Sirolimus',18);
INSERT INTO medicine (name,amount) VALUES ('Posaconazole',85);
INSERT INTO request_med (date,med,amount,requester) VALUES ('2019-12-21','Posaconazole',8,324);
INSERT INTO patient_allergies (patient_id,preparate) VALUES (188,'Posaconazole');
INSERT INTO medicine (name,amount) VALUES ('Atenolol',54);
INSERT INTO medicine (name,amount) VALUES ('Cyclobenzaprine',93);
INSERT INTO request_med (date,med,amount,requester) VALUES ('2019-12-16','Cyclobenzaprine',8,42);
INSERT INTO patient_allergies (patient_id,preparate) VALUES (372,'Cyclobenzaprine');
INSERT INTO medicine (name,amount) VALUES ('PEGaspargase',26);
INSERT INTO request_med (date,med,amount,requester) VALUES ('2019-12-09','PEGaspargase',1,175);
INSERT INTO patient_allergies (patient_id,preparate) VALUES (460,'PEGaspargase');
INSERT INTO medicine (name,amount) VALUES ('Dornase alfa',45);
INSERT INTO request_med (date,med,amount,requester) VALUES ('2019-11-24','Dornase alfa',10,349);
INSERT INTO patient_allergies (patient_id,preparate) VALUES (266,'Dornase alfa');
INSERT INTO medicine (name,amount) VALUES ('Melphalan',55);
INSERT INTO medicine (name,amount) VALUES ('Mesna',6);
INSERT INTO medicine (name,amount) VALUES ('Stavudine',71);
INSERT INTO request_med (date,med,amount,requester) VALUES ('2019-11-29','Stavudine',4,11);
INSERT INTO patient_allergies (patient_id,preparate) VALUES (443,'Stavudine');
INSERT INTO medicine (name,amount) VALUES ('Oxycodone',7);
INSERT INTO request_med (date,med,amount,requester) VALUES ('2019-12-11','Oxycodone',5,45);
INSERT INTO patient_allergies (patient_id,preparate) VALUES (13,'Oxycodone');
INSERT INTO medicine (name,amount) VALUES ('Meperidine',17);
INSERT INTO request_med (date,med,amount,requester) VALUES ('2019-12-01','Meperidine',4,161);
INSERT INTO patient_allergies (patient_id,preparate) VALUES (334,'Meperidine');
INSERT INTO medicine (name,amount) VALUES ('Amitriptyline',65);
INSERT INTO medicine (name,amount) VALUES ('Dobutamine',95);
INSERT INTO request_med (date,med,amount,requester) VALUES ('2019-12-07','Dobutamine',1,295);
INSERT INTO patient_allergies (patient_id,preparate) VALUES (449,'Dobutamine');
INSERT INTO medicine (name,amount) VALUES ('Methotrexate',95);
INSERT INTO request_med (date,med,amount,requester) VALUES ('2019-12-17','Methotrexate',2,200);
INSERT INTO patient_allergies (patient_id,preparate) VALUES (192,'Methotrexate');
INSERT INTO medicine (name,amount) VALUES ('Lomustine',33);
INSERT INTO request_med (date,med,amount,requester) VALUES ('2019-11-30','Lomustine',7,309);
INSERT INTO patient_allergies (patient_id,preparate) VALUES (350,'Lomustine');
INSERT INTO medicine (name,amount) VALUES ('Micafungin',99);
INSERT INTO request_med (date,med,amount,requester) VALUES ('2019-11-25','Micafungin',9,183);
INSERT INTO patient_allergies (patient_id,preparate) VALUES (481,'Micafungin');
INSERT INTO medicine (name,amount) VALUES ('Clindamycin',53);
INSERT INTO medicine (name,amount) VALUES ('Cyproheptadine',26);
INSERT INTO medicine (name,amount) VALUES ('Amlodipine',93);
INSERT INTO request_med (date,med,amount,requester) VALUES ('2019-12-24','Amlodipine',8,34);
INSERT INTO patient_allergies (patient_id,preparate) VALUES (52,'Amlodipine');
INSERT INTO medicine (name,amount) VALUES ('Desmopressin',17);
INSERT INTO medicine (name,amount) VALUES ('Magnesium',57);
INSERT INTO request_med (date,med,amount,requester) VALUES ('2019-11-29','Magnesium',7,286);
INSERT INTO patient_allergies (patient_id,preparate) VALUES (350,'Magnesium');
INSERT INTO medicine (name,amount) VALUES ('Ifosfamide',21);
INSERT INTO request_med (date,med,amount,requester) VALUES ('2019-12-04','Ifosfamide',2,250);
INSERT INTO patient_allergies (patient_id,preparate) VALUES (378,'Ifosfamide');
INSERT INTO medicine (name,amount) VALUES ('Hydralazine',55);
INSERT INTO medicine (name,amount) VALUES ('Penicillin',11);
INSERT INTO request_med (date,med,amount,requester) VALUES ('2019-12-23','Penicillin',3,323);
INSERT INTO patient_allergies (patient_id,preparate) VALUES (67,'Penicillin');
INSERT INTO medicine (name,amount) VALUES ('Tenofovir',13);
INSERT INTO medicine (name,amount) VALUES ('Cladribine',87);
INSERT INTO request_med (date,med,amount,requester) VALUES ('2019-12-04','Cladribine',1,442);
INSERT INTO patient_allergies (patient_id,preparate) VALUES (154,'Cladribine');
INSERT INTO medicine (name,amount) VALUES ('Ranitidine',66);
INSERT INTO request_med (date,med,amount,requester) VALUES ('2019-11-28','Ranitidine',3,17);
INSERT INTO patient_allergies (patient_id,preparate) VALUES (285,'Ranitidine');
INSERT INTO medicine (name,amount) VALUES ('Immune',26);
INSERT INTO request_med (date,med,amount,requester) VALUES ('2019-12-19','Immune',4,245);
INSERT INTO patient_allergies (patient_id,preparate) VALUES (253,'Immune');
INSERT INTO medicine (name,amount) VALUES ('Tretinoin',86);
INSERT INTO request_med (date,med,amount,requester) VALUES ('2019-12-16','Tretinoin',4,78);
INSERT INTO patient_allergies (patient_id,preparate) VALUES (176,'Tretinoin');
INSERT INTO medicine (name,amount) VALUES ('Sunitinib',67);
INSERT INTO request_med (date,med,amount,requester) VALUES ('2019-12-09','Sunitinib',5,458);
INSERT INTO patient_allergies (patient_id,preparate) VALUES (343,'Sunitinib');
INSERT INTO medicine (name,amount) VALUES ('Carbamazepine',1);
INSERT INTO request_med (date,med,amount,requester) VALUES ('2019-12-06','Carbamazepine',9,214);
INSERT INTO patient_allergies (patient_id,preparate) VALUES (255,'Carbamazepine');
INSERT INTO medicine (name,amount) VALUES ('Tacrolimus',38);
INSERT INTO medicine (name,amount) VALUES ('Isotretinoin',88);
INSERT INTO medicine (name,amount) VALUES ('Cefaclor',24);
INSERT INTO request_med (date,med,amount,requester) VALUES ('2019-12-04','Cefaclor',9,370);
INSERT INTO patient_allergies (patient_id,preparate) VALUES (188,'Cefaclor');
INSERT INTO medicine (name,amount) VALUES ('Valproic acid',24);
INSERT INTO medicine (name,amount) VALUES ('Clobazam',14);
INSERT INTO medicine (name,amount) VALUES ('Rituximab',75);
INSERT INTO request_med (date,med,amount,requester) VALUES ('2019-11-28','Rituximab',2,459);
INSERT INTO patient_allergies (patient_id,preparate) VALUES (334,'Rituximab');
INSERT INTO medicine (name,amount) VALUES ('Omeprazole',89);
INSERT INTO medicine (name,amount) VALUES ('Enalapril',93);
INSERT INTO request_med (date,med,amount,requester) VALUES ('2019-11-24','Enalapril',1,57);
INSERT INTO patient_allergies (patient_id,preparate) VALUES (285,'Enalapril');
INSERT INTO medicine (name,amount) VALUES ('Vincristine',99);
INSERT INTO request_med (date,med,amount,requester) VALUES ('2019-12-21','Vincristine',8,313);
INSERT INTO patient_allergies (patient_id,preparate) VALUES (470,'Vincristine');
INSERT INTO medicine (name,amount) VALUES ('GM-CSF',13);
INSERT INTO medicine (name,amount) VALUES ('Sugammadex',38);
INSERT INTO request_med (date,med,amount,requester) VALUES ('2019-12-22','Sugammadex',1,489);
INSERT INTO patient_allergies (patient_id,preparate) VALUES (261,'Sugammadex');
INSERT INTO medicine (name,amount) VALUES ('Promethazine',57);
INSERT INTO medicine (name,amount) VALUES ('Linezolid',34);
INSERT INTO request_med (date,med,amount,requester) VALUES ('2019-11-23','Linezolid',1,259);
INSERT INTO patient_allergies (patient_id,preparate) VALUES (262,'Linezolid');
INSERT INTO medicine (name,amount) VALUES ('Allopurinol',3);
INSERT INTO request_med (date,med,amount,requester) VALUES ('2019-12-17','Allopurinol',4,466);
INSERT INTO patient_allergies (patient_id,preparate) VALUES (253,'Allopurinol');
INSERT INTO medicine (name,amount) VALUES ('Pegfilgrastim',46);
INSERT INTO medicine (name,amount) VALUES ('Cyclophosphamide',94);
INSERT INTO medicine (name,amount) VALUES ('Pentamidine',51);
INSERT INTO request_med (date,med,amount,requester) VALUES ('2019-12-26','Pentamidine',8,228);
INSERT INTO patient_allergies (patient_id,preparate) VALUES (86,'Pentamidine');
INSERT INTO medicine (name,amount) VALUES ('Dactinomycin',54);
INSERT INTO request_med (date,med,amount,requester) VALUES ('2019-12-02','Dactinomycin',8,147);
INSERT INTO patient_allergies (patient_id,preparate) VALUES (398,'Dactinomycin');
INSERT INTO medicine (name,amount) VALUES ('Etravirine',0);
INSERT INTO request_med (date,med,amount,requester) VALUES ('2019-11-30','Etravirine',3,462);
INSERT INTO patient_allergies (patient_id,preparate) VALUES (419,'Etravirine');
INSERT INTO medicine (name,amount) VALUES ('Hydrocortisone',8);
INSERT INTO medicine (name,amount) VALUES ('Abacavir',10);
INSERT INTO request_med (date,med,amount,requester) VALUES ('2019-11-27','Abacavir',3,296);
INSERT INTO patient_allergies (patient_id,preparate) VALUES (195,'Abacavir');
INSERT INTO medicine (name,amount) VALUES ('Megestrol acetate',40);
INSERT INTO medicine (name,amount) VALUES ('Gemcitabine',55);
INSERT INTO request_med (date,med,amount,requester) VALUES ('2019-12-13','Gemcitabine',3,254);
INSERT INTO patient_allergies (patient_id,preparate) VALUES (499,'Gemcitabine');
INSERT INTO medicine (name,amount) VALUES ('Mercaptopurine',2);
INSERT INTO medicine (name,amount) VALUES ('Warfarin',16);
INSERT INTO request_med (date,med,amount,requester) VALUES ('2019-11-29','Warfarin',4,280);
INSERT INTO patient_allergies (patient_id,preparate) VALUES (378,'Warfarin');
INSERT INTO medicine (name,amount) VALUES ('Cefuroxime',62);
INSERT INTO request_med (date,med,amount,requester) VALUES ('2019-12-09','Cefuroxime',2,31);
INSERT INTO patient_allergies (patient_id,preparate) VALUES (266,'Cefuroxime');
INSERT INTO medicine (name,amount) VALUES ('Deferasirox',96);
INSERT INTO medicine (name,amount) VALUES ('G-CSF',28);
INSERT INTO medicine (name,amount) VALUES ('Amikacin',16);
INSERT INTO request_med (date,med,amount,requester) VALUES ('2019-12-13','Amikacin',3,324);
INSERT INTO patient_allergies (patient_id,preparate) VALUES (67,'Amikacin');
INSERT INTO medicine (name,amount) VALUES ('Emtricitabine',71);
INSERT INTO request_med (date,med,amount,requester) VALUES ('2019-12-13','Emtricitabine',6,479);
INSERT INTO patient_allergies (patient_id,preparate) VALUES (255,'Emtricitabine');
INSERT INTO medicine (name,amount) VALUES ('Zidovudine',22);
INSERT INTO request_med (date,med,amount,requester) VALUES ('2019-12-09','Zidovudine',8,213);
INSERT INTO patient_allergies (patient_id,preparate) VALUES (426,'Zidovudine');
INSERT INTO medicine (name,amount) VALUES ('Cephalexin',11);
INSERT INTO medicine (name,amount) VALUES ('Prednisone',17);
INSERT INTO request_med (date,med,amount,requester) VALUES ('2019-12-06','Prednisone',10,101);
INSERT INTO patient_allergies (patient_id,preparate) VALUES (252,'Prednisone');
INSERT INTO medicine (name,amount) VALUES ('Vancomycin',93);
INSERT INTO medicine (name,amount) VALUES ('Hydrocodone',2);
INSERT INTO request_med (date,med,amount,requester) VALUES ('2019-12-23','Hydrocodone',1,292);
INSERT INTO patient_allergies (patient_id,preparate) VALUES (329,'Hydrocodone');
INSERT INTO medicine (name,amount) VALUES ('Rivaroxaban',27);
INSERT INTO medicine (name,amount) VALUES ('Tobramycin',88);
INSERT INTO medicine (name,amount) VALUES ('Dinutuximab',16);
INSERT INTO request_med (date,med,amount,requester) VALUES ('2019-11-28','Dinutuximab',8,422);
INSERT INTO patient_allergies (patient_id,preparate) VALUES (215,'Dinutuximab');
INSERT INTO medicine (name,amount) VALUES ('Cefixime',25);
INSERT INTO request_med (date,med,amount,requester) VALUES ('2019-12-25','Cefixime',4,396);
INSERT INTO patient_allergies (patient_id,preparate) VALUES (63,'Cefixime');
INSERT INTO medicine (name,amount) VALUES ('Acyclovir',4);
INSERT INTO medicine (name,amount) VALUES ('Dronabinol',98);
INSERT INTO request_med (date,med,amount,requester) VALUES ('2019-12-07','Dronabinol',8,403);
INSERT INTO patient_allergies (patient_id,preparate) VALUES (443,'Dronabinol');
INSERT INTO medicine (name,amount) VALUES ('Sorafenib',27);
INSERT INTO request_med (date,med,amount,requester) VALUES ('2019-12-24','Sorafenib',2,250);
INSERT INTO patient_allergies (patient_id,preparate) VALUES (426,'Sorafenib');
INSERT INTO medicine (name,amount) VALUES ('Imatinib',82);
INSERT INTO medicine (name,amount) VALUES ('Baclofen',39);
INSERT INTO medicine (name,amount) VALUES ('Erythropoietin',59);
INSERT INTO medicine (name,amount) VALUES ('Emicizumab',59);
INSERT INTO medicine (name,amount) VALUES ('Lamivudine',0);
INSERT INTO request_med (date,med,amount,requester) VALUES ('2019-12-27','Lamivudine',7,76);
INSERT INTO patient_allergies (patient_id,preparate) VALUES (273,'Lamivudine');
INSERT INTO medicine (name,amount) VALUES ('Interleukin',64);
INSERT INTO request_med (date,med,amount,requester) VALUES ('2019-12-18','Interleukin',9,116);
INSERT INTO patient_allergies (patient_id,preparate) VALUES (334,'Interleukin');
INSERT INTO medicine (name,amount) VALUES ('Lorazepam',66);
INSERT INTO request_med (date,med,amount,requester) VALUES ('2019-11-24','Lorazepam',7,429);
INSERT INTO patient_allergies (patient_id,preparate) VALUES (4,'Lorazepam');
INSERT INTO medicine (name,amount) VALUES ('Amoxicillin',31);
INSERT INTO medicine (name,amount) VALUES ('Carboplatin',78);
INSERT INTO medicine (name,amount) VALUES ('Fludarabine',77);
INSERT INTO request_med (date,med,amount,requester) VALUES ('2019-12-14','Fludarabine',4,23);
INSERT INTO patient_allergies (patient_id,preparate) VALUES (419,'Fludarabine');
INSERT INTO medicine (name,amount) VALUES ('Imipenem',15);
INSERT INTO request_med (date,med,amount,requester) VALUES ('2019-11-28','Imipenem',10,394);
INSERT INTO patient_allergies (patient_id,preparate) VALUES (335,'Imipenem');
INSERT INTO medicine (name,amount) VALUES ('Elvitegravir',51);
INSERT INTO medicine (name,amount) VALUES ('Darunavir',17);
INSERT INTO request_med (date,med,amount,requester) VALUES ('2019-11-23','Darunavir',7,217);
INSERT INTO patient_allergies (patient_id,preparate) VALUES (499,'Darunavir');
INSERT INTO medicine (name,amount) VALUES ('Procarbazine',75);
INSERT INTO medicine (name,amount) VALUES ('Nevirapine',37);
INSERT INTO medicine (name,amount) VALUES ('Nelfinavir',97);
INSERT INTO request_med (date,med,amount,requester) VALUES ('2019-12-23','Nelfinavir',1,434);
INSERT INTO patient_allergies (patient_id,preparate) VALUES (80,'Nelfinavir');
INSERT INTO medicine (name,amount) VALUES ('Pemetrexed',33);
INSERT INTO request_med (date,med,amount,requester) VALUES ('2019-12-22','Pemetrexed',1,304);
INSERT INTO patient_allergies (patient_id,preparate) VALUES (273,'Pemetrexed');
INSERT INTO medicine (name,amount) VALUES ('Methadone',14);
INSERT INTO request_med (date,med,amount,requester) VALUES ('2019-12-19','Methadone',10,269);
INSERT INTO patient_allergies (patient_id,preparate) VALUES (251,'Methadone');
INSERT INTO medicine (name,amount) VALUES ('Potassium',64);
INSERT INTO request_med (date,med,amount,requester) VALUES ('2019-12-23','Potassium',3,452);
INSERT INTO patient_allergies (patient_id,preparate) VALUES (231,'Potassium');
INSERT INTO medicine (name,amount) VALUES ('Cytarabine',2);
INSERT INTO request_med (date,med,amount,requester) VALUES ('2019-12-14','Cytarabine',4,223);
INSERT INTO patient_allergies (patient_id,preparate) VALUES (192,'Cytarabine');
INSERT INTO medicine (name,amount) VALUES ('Dasatinib',13);
INSERT INTO medicine (name,amount) VALUES ('Muromonab',61);
INSERT INTO request_med (date,med,amount,requester) VALUES ('2019-12-06','Muromonab',7,406);
INSERT INTO patient_allergies (patient_id,preparate) VALUES (53,'Muromonab');
INSERT INTO medicine (name,amount) VALUES ('Alendronate',42);
INSERT INTO request_med (date,med,amount,requester) VALUES ('2019-11-23','Alendronate',10,7);
INSERT INTO patient_allergies (patient_id,preparate) VALUES (4,'Alendronate');
INSERT INTO medicine (name,amount) VALUES ('Fluorouracil',12);
INSERT INTO request_med (date,med,amount,requester) VALUES ('2019-12-01','Fluorouracil',9,361);
INSERT INTO patient_allergies (patient_id,preparate) VALUES (499,'Fluorouracil');
INSERT INTO medicine (name,amount) VALUES ('Cisplatin',42);
INSERT INTO request_med (date,med,amount,requester) VALUES ('2019-12-20','Cisplatin',3,487);
INSERT INTO patient_allergies (patient_id,preparate) VALUES (364,'Cisplatin');
INSERT INTO medicine (name,amount) VALUES ('Sucralfate',36);
INSERT INTO medicine (name,amount) VALUES ('Methylphenidate',31);
INSERT INTO medicine (name,amount) VALUES ('Ketoconazole',74);
INSERT INTO medicine (name,amount) VALUES ('Thioguanine',58);
INSERT INTO medicine (name,amount) VALUES ('Dapsone',14);
INSERT INTO request_med (date,med,amount,requester) VALUES ('2019-12-15','Dapsone',3,126);
INSERT INTO patient_allergies (patient_id,preparate) VALUES (251,'Dapsone');
INSERT INTO medicine (name,amount) VALUES ('L-glutamine',19);
INSERT INTO request_med (date,med,amount,requester) VALUES ('2019-12-22','L-glutamine',1,54);
INSERT INTO patient_allergies (patient_id,preparate) VALUES (188,'L-glutamine');
INSERT INTO surgery (id,date,patient_id,doctor_id) VALUES (1,'2019-12-04',261,300);
INSERT INTO meds_for_surgery (surgery_id,med) VALUES (1,'Immune');
INSERT INTO surgery (id,date,patient_id,doctor_id) VALUES (2,'2019-12-10',63,397);
INSERT INTO meds_for_surgery (surgery_id,med) VALUES (2,'Cyclosporine');
INSERT INTO surgery (id,date,patient_id,doctor_id) VALUES (3,'2019-11-23',33,77);
INSERT INTO meds_for_surgery (surgery_id,med) VALUES (3,'Dasatinib');
INSERT INTO surgery (id,date,patient_id,doctor_id) VALUES (4,'2019-12-13',482,102);
INSERT INTO meds_for_surgery (surgery_id,med) VALUES (4,'Dacarbazine');
INSERT INTO surgery (id,date,patient_id,doctor_id) VALUES (5,'2019-11-30',401,209);
INSERT INTO meds_for_surgery (surgery_id,med) VALUES (5,'Melphalan');
INSERT INTO surgery (id,date,patient_id,doctor_id) VALUES (6,'2019-12-16',251,300);
INSERT INTO meds_for_surgery (surgery_id,med) VALUES (6,'Thiotepa');
INSERT INTO surgery (id,date,patient_id,doctor_id) VALUES (7,'2019-11-30',440,288);
INSERT INTO meds_for_surgery (surgery_id,med) VALUES (7,'Fluorouracil');
INSERT INTO surgery (id,date,patient_id,doctor_id) VALUES (8,'2019-12-01',255,366);
INSERT INTO meds_for_surgery (surgery_id,med) VALUES (8,'Ceftazidime');
INSERT INTO surgery (id,date,patient_id,doctor_id) VALUES (9,'2019-12-17',26,7);
INSERT INTO meds_for_surgery (surgery_id,med) VALUES (9,'Azithromycin');
INSERT INTO surgery (id,date,patient_id,doctor_id) VALUES (10,'2019-12-16',389,381);
INSERT INTO meds_for_surgery (surgery_id,med) VALUES (10,'Gabapentin');
INSERT INTO surgery (id,date,patient_id,doctor_id) VALUES (11,'2019-12-22',470,299);
INSERT INTO meds_for_surgery (surgery_id,med) VALUES (11,'PEGaspargase');
INSERT INTO surgery (id,date,patient_id,doctor_id) VALUES (12,'2019-12-22',53,290);
INSERT INTO meds_for_surgery (surgery_id,med) VALUES (12,'Raltegravir');
INSERT INTO surgery (id,date,patient_id,doctor_id) VALUES (13,'2019-12-01',401,210);
INSERT INTO meds_for_surgery (surgery_id,med) VALUES (13,'Atazanavir');
INSERT INTO surgery (id,date,patient_id,doctor_id) VALUES (14,'2019-11-28',252,454);
INSERT INTO meds_for_surgery (surgery_id,med) VALUES (14,'Emtricitabine');
INSERT INTO surgery (id,date,patient_id,doctor_id) VALUES (15,'2019-11-30',470,163);
INSERT INTO meds_for_surgery (surgery_id,med) VALUES (15,'Alendronate');
INSERT INTO surgery (id,date,patient_id,doctor_id) VALUES (16,'2019-12-03',154,300);
INSERT INTO meds_for_surgery (surgery_id,med) VALUES (16,'Mitoxantrone');
INSERT INTO surgery (id,date,patient_id,doctor_id) VALUES (17,'2019-12-26',230,77);
INSERT INTO meds_for_surgery (surgery_id,med) VALUES (17,'Foscarnet');
INSERT INTO surgery (id,date,patient_id,doctor_id) VALUES (18,'2019-12-12',24,163);
INSERT INTO meds_for_surgery (surgery_id,med) VALUES (18,'Probenecid');
INSERT INTO surgery (id,date,patient_id,doctor_id) VALUES (19,'2019-12-16',86,270);
INSERT INTO meds_for_surgery (surgery_id,med) VALUES (19,'Foscarnet');
INSERT INTO surgery (id,date,patient_id,doctor_id) VALUES (20,'2019-12-04',334,260);
INSERT INTO meds_for_surgery (surgery_id,med) VALUES (20,'Aminocaproic Acid');
INSERT INTO surgery (id,date,patient_id,doctor_id) VALUES (21,'2019-12-22',230,238);
INSERT INTO meds_for_surgery (surgery_id,med) VALUES (21,'L-glutamine');
INSERT INTO surgery (id,date,patient_id,doctor_id) VALUES (22,'2019-12-19',229,175);
INSERT INTO meds_for_surgery (surgery_id,med) VALUES (22,'Maraviroc');
INSERT INTO surgery (id,date,patient_id,doctor_id) VALUES (23,'2019-11-23',20,381);
INSERT INTO meds_for_surgery (surgery_id,med) VALUES (23,'Metronidazole');
INSERT INTO surgery (id,date,patient_id,doctor_id) VALUES (24,'2019-12-14',4,91);
INSERT INTO meds_for_surgery (surgery_id,med) VALUES (24,'Nelarabine');
INSERT INTO surgery (id,date,patient_id,doctor_id) VALUES (25,'2019-12-16',63,208);
INSERT INTO meds_for_surgery (surgery_id,med) VALUES (25,'Oxycodone');
INSERT INTO surgery (id,date,patient_id,doctor_id) VALUES (26,'2019-12-09',460,64);
INSERT INTO meds_for_surgery (surgery_id,med) VALUES (26,'Thiotepa');
INSERT INTO surgery (id,date,patient_id,doctor_id) VALUES (27,'2019-12-21',53,381);
INSERT INTO meds_for_surgery (surgery_id,med) VALUES (27,'Gemcitabine');
INSERT INTO surgery (id,date,patient_id,doctor_id) VALUES (28,'2019-12-15',426,159);
INSERT INTO meds_for_surgery (surgery_id,med) VALUES (28,'Lopinavir');
INSERT INTO surgery (id,date,patient_id,doctor_id) VALUES (29,'2019-11-30',24,91);
INSERT INTO meds_for_surgery (surgery_id,med) VALUES (29,'Lamivudine');
INSERT INTO surgery (id,date,patient_id,doctor_id) VALUES (30,'2019-12-22',123,384);
INSERT INTO meds_for_surgery (surgery_id,med) VALUES (30,'Gemcitabine');
INSERT INTO surgery (id,date,patient_id,doctor_id) VALUES (31,'2019-12-05',364,129);
INSERT INTO meds_for_surgery (surgery_id,med) VALUES (31,'Thiotepa');
INSERT INTO surgery (id,date,patient_id,doctor_id) VALUES (32,'2019-12-16',364,399);
INSERT INTO meds_for_surgery (surgery_id,med) VALUES (32,'Tobramycin');
INSERT INTO surgery (id,date,patient_id,doctor_id) VALUES (33,'2019-12-17',18,247);
INSERT INTO meds_for_surgery (surgery_id,med) VALUES (33,'Methylphenidate');
INSERT INTO surgery (id,date,patient_id,doctor_id) VALUES (34,'2019-12-11',398,84);
INSERT INTO meds_for_surgery (surgery_id,med) VALUES (34,'Gemcitabine');
INSERT INTO surgery (id,date,patient_id,doctor_id) VALUES (35,'2019-12-27',251,260);
INSERT INTO meds_for_surgery (surgery_id,med) VALUES (35,'Metronidazole');
INSERT INTO surgery (id,date,patient_id,doctor_id) VALUES (36,'2019-12-04',33,290);
INSERT INTO meds_for_surgery (surgery_id,med) VALUES (36,'Amoxicillin');
INSERT INTO surgery (id,date,patient_id,doctor_id) VALUES (37,'2019-12-06',24,288);
INSERT INTO meds_for_surgery (surgery_id,med) VALUES (37,'Calcium');
INSERT INTO surgery (id,date,patient_id,doctor_id) VALUES (38,'2019-12-12',469,91);
INSERT INTO meds_for_surgery (surgery_id,med) VALUES (38,'Amlodipine');
INSERT INTO surgery (id,date,patient_id,doctor_id) VALUES (39,'2019-12-24',195,396);
INSERT INTO meds_for_surgery (surgery_id,med) VALUES (39,'Cefuroxime');
INSERT INTO surgery (id,date,patient_id,doctor_id) VALUES (40,'2019-12-25',417,454);
INSERT INTO meds_for_surgery (surgery_id,med) VALUES (40,'Sirolimus');
INSERT INTO surgery (id,date,patient_id,doctor_id) VALUES (41,'2019-12-06',419,422);
INSERT INTO meds_for_surgery (surgery_id,med) VALUES (41,'Vancomycin');
INSERT INTO surgery (id,date,patient_id,doctor_id) VALUES (42,'2019-12-05',482,112);
INSERT INTO meds_for_surgery (surgery_id,med) VALUES (42,'Methotrexate');
INSERT INTO surgery (id,date,patient_id,doctor_id) VALUES (43,'2019-12-03',312,404);
INSERT INTO meds_for_surgery (surgery_id,med) VALUES (43,'Ondansetron');
INSERT INTO surgery (id,date,patient_id,doctor_id) VALUES (44,'2019-12-22',329,290);
INSERT INTO meds_for_surgery (surgery_id,med) VALUES (44,'Voriconazole');
INSERT INTO surgery (id,date,patient_id,doctor_id) VALUES (45,'2019-12-27',498,299);
INSERT INTO meds_for_surgery (surgery_id,med) VALUES (45,'Mitotane');
INSERT INTO surgery (id,date,patient_id,doctor_id) VALUES (46,'2019-12-24',261,175);
INSERT INTO meds_for_surgery (surgery_id,med) VALUES (46,'Aprepitant');
INSERT INTO surgery (id,date,patient_id,doctor_id) VALUES (47,'2019-11-30',43,238);
INSERT INTO meds_for_surgery (surgery_id,med) VALUES (47,'Phenytoin');
INSERT INTO surgery (id,date,patient_id,doctor_id) VALUES (48,'2019-12-27',53,45);
INSERT INTO meds_for_surgery (surgery_id,med) VALUES (48,'Cyclosporine');
INSERT INTO surgery (id,date,patient_id,doctor_id) VALUES (49,'2019-12-14',498,491);
INSERT INTO meds_for_surgery (surgery_id,med) VALUES (49,'Cyclobenzaprine');
INSERT INTO surgery (id,date,patient_id,doctor_id) VALUES (50,'2019-11-23',401,66);
INSERT INTO meds_for_surgery (surgery_id,med) VALUES (50,'Busulfan');
INSERT INTO surgery (id,date,patient_id,doctor_id) VALUES (51,'2019-12-17',334,355);
INSERT INTO meds_for_surgery (surgery_id,med) VALUES (51,'Atazanavir');
INSERT INTO surgery (id,date,patient_id,doctor_id) VALUES (52,'2019-12-15',69,45);
INSERT INTO meds_for_surgery (surgery_id,med) VALUES (52,'Ceftazidime');
INSERT INTO surgery (id,date,patient_id,doctor_id) VALUES (53,'2019-12-09',443,357);
INSERT INTO meds_for_surgery (surgery_id,med) VALUES (53,'Melphalan');
INSERT INTO surgery (id,date,patient_id,doctor_id) VALUES (54,'2019-12-25',360,265);
INSERT INTO meds_for_surgery (surgery_id,med) VALUES (54,'Norepinephrine');
INSERT INTO surgery (id,date,patient_id,doctor_id) VALUES (55,'2019-11-25',146,495);
INSERT INTO meds_for_surgery (surgery_id,med) VALUES (55,'Itraconazole');
INSERT INTO surgery (id,date,patient_id,doctor_id) VALUES (56,'2019-12-12',192,422);
INSERT INTO meds_for_surgery (surgery_id,med) VALUES (56,'Maraviroc');
INSERT INTO surgery (id,date,patient_id,doctor_id) VALUES (57,'2019-12-20',83,143);
INSERT INTO meds_for_surgery (surgery_id,med) VALUES (57,'Amifostine');
INSERT INTO surgery (id,date,patient_id,doctor_id) VALUES (58,'2019-12-25',20,159);
INSERT INTO meds_for_surgery (surgery_id,med) VALUES (58,'Raltegravir');
INSERT INTO surgery (id,date,patient_id,doctor_id) VALUES (59,'2019-11-27',75,355);
INSERT INTO meds_for_surgery (surgery_id,med) VALUES (59,'Sugammadex');
INSERT INTO surgery (id,date,patient_id,doctor_id) VALUES (60,'2019-12-16',67,381);
INSERT INTO meds_for_surgery (surgery_id,med) VALUES (60,'Carbamazepine');
INSERT INTO surgery (id,date,patient_id,doctor_id) VALUES (61,'2019-11-30',261,210);
INSERT INTO meds_for_surgery (surgery_id,med) VALUES (61,'Enoxaparin');
INSERT INTO surgery (id,date,patient_id,doctor_id) VALUES (62,'2019-12-09',67,491);
INSERT INTO meds_for_surgery (surgery_id,med) VALUES (62,'Tacrolimus');
INSERT INTO surgery (id,date,patient_id,doctor_id) VALUES (63,'2019-12-27',33,98);
INSERT INTO meds_for_surgery (surgery_id,med) VALUES (63,'Allopurinol');
INSERT INTO surgery (id,date,patient_id,doctor_id) VALUES (64,'2019-12-18',195,381);
INSERT INTO meds_for_surgery (surgery_id,med) VALUES (64,'Carboplatin');
INSERT INTO surgery (id,date,patient_id,doctor_id) VALUES (65,'2019-12-15',266,422);
INSERT INTO meds_for_surgery (surgery_id,med) VALUES (65,'Cyclobenzaprine');
INSERT INTO surgery (id,date,patient_id,doctor_id) VALUES (66,'2019-11-25',18,210);
INSERT INTO meds_for_surgery (surgery_id,med) VALUES (66,'Leucovorin');
INSERT INTO surgery (id,date,patient_id,doctor_id) VALUES (67,'2019-11-27',393,64);
INSERT INTO meds_for_surgery (surgery_id,med) VALUES (67,'Dactinomycin');
INSERT INTO surgery (id,date,patient_id,doctor_id) VALUES (68,'2019-12-19',285,44);
INSERT INTO meds_for_surgery (surgery_id,med) VALUES (68,'Cisplatin');
INSERT INTO surgery (id,date,patient_id,doctor_id) VALUES (69,'2019-12-22',378,7);
INSERT INTO meds_for_surgery (surgery_id,med) VALUES (69,'Gemcitabine');
INSERT INTO surgery (id,date,patient_id,doctor_id) VALUES (70,'2019-12-26',365,386);
INSERT INTO meds_for_surgery (surgery_id,med) VALUES (70,'Micafungin');
INSERT INTO surgery (id,date,patient_id,doctor_id) VALUES (71,'2019-12-09',364,163);
INSERT INTO meds_for_surgery (surgery_id,med) VALUES (71,'Magnesium');
INSERT INTO surgery (id,date,patient_id,doctor_id) VALUES (72,'2019-12-24',385,117);
INSERT INTO meds_for_surgery (surgery_id,med) VALUES (72,'Vancomycin');
INSERT INTO surgery (id,date,patient_id,doctor_id) VALUES (73,'2019-12-01',18,40);
INSERT INTO meds_for_surgery (surgery_id,med) VALUES (73,'Enalapril');
INSERT INTO surgery (id,date,patient_id,doctor_id) VALUES (74,'2019-12-08',364,44);
INSERT INTO meds_for_surgery (surgery_id,med) VALUES (74,'Meperidine');
INSERT INTO surgery (id,date,patient_id,doctor_id) VALUES (75,'2019-12-24',251,384);
INSERT INTO meds_for_surgery (surgery_id,med) VALUES (75,'Etonogestrel');
INSERT INTO surgery (id,date,patient_id,doctor_id) VALUES (76,'2019-11-30',273,7);
INSERT INTO meds_for_surgery (surgery_id,med) VALUES (76,'Foscarnet');
INSERT INTO surgery (id,date,patient_id,doctor_id) VALUES (77,'2019-11-26',364,41);
INSERT INTO meds_for_surgery (surgery_id,med) VALUES (77,'Sugammadex');
INSERT INTO surgery (id,date,patient_id,doctor_id) VALUES (78,'2019-12-14',365,357);
INSERT INTO meds_for_surgery (surgery_id,med) VALUES (78,'Melphalan');
INSERT INTO surgery (id,date,patient_id,doctor_id) VALUES (79,'2019-11-25',378,425);
INSERT INTO meds_for_surgery (surgery_id,med) VALUES (79,'Levothyroxine');
INSERT INTO surgery (id,date,patient_id,doctor_id) VALUES (80,'2019-12-25',69,131);
INSERT INTO meds_for_surgery (surgery_id,med) VALUES (80,'Immune');
INSERT INTO surgery (id,date,patient_id,doctor_id) VALUES (81,'2019-12-23',53,397);
INSERT INTO meds_for_surgery (surgery_id,med) VALUES (81,'Interferon');
INSERT INTO surgery (id,date,patient_id,doctor_id) VALUES (82,'2019-11-30',460,455);
INSERT INTO meds_for_surgery (surgery_id,med) VALUES (82,'Gemtuzumab');
INSERT INTO surgery (id,date,patient_id,doctor_id) VALUES (83,'2019-12-05',389,78);
INSERT INTO meds_for_surgery (surgery_id,med) VALUES (83,'Potassium');
INSERT INTO surgery (id,date,patient_id,doctor_id) VALUES (84,'2019-12-18',215,41);
INSERT INTO meds_for_surgery (surgery_id,med) VALUES (84,'Cefaclor');
INSERT INTO surgery (id,date,patient_id,doctor_id) VALUES (85,'2019-12-24',450,91);
INSERT INTO meds_for_surgery (surgery_id,med) VALUES (85,'Paclitaxel');
INSERT INTO surgery (id,date,patient_id,doctor_id) VALUES (86,'2019-12-10',24,199);
INSERT INTO meds_for_surgery (surgery_id,med) VALUES (86,'Lorazepam');
INSERT INTO surgery (id,date,patient_id,doctor_id) VALUES (87,'2019-12-02',273,256);
INSERT INTO meds_for_surgery (surgery_id,med) VALUES (87,'Prednisone');
INSERT INTO surgery (id,date,patient_id,doctor_id) VALUES (88,'2019-12-23',251,421);
INSERT INTO meds_for_surgery (surgery_id,med) VALUES (88,'Desmopressin');
INSERT INTO surgery (id,date,patient_id,doctor_id) VALUES (89,'2019-12-05',24,451);
INSERT INTO meds_for_surgery (surgery_id,med) VALUES (89,'Paclitaxel');
INSERT INTO surgery (id,date,patient_id,doctor_id) VALUES (90,'2019-12-18',371,414);
INSERT INTO meds_for_surgery (surgery_id,med) VALUES (90,'Bosentan');
INSERT INTO surgery (id,date,patient_id,doctor_id) VALUES (91,'2019-12-21',52,209);
INSERT INTO meds_for_surgery (surgery_id,med) VALUES (91,'Cefaclor');
INSERT INTO surgery (id,date,patient_id,doctor_id) VALUES (92,'2019-12-17',371,454);
INSERT INTO meds_for_surgery (surgery_id,med) VALUES (92,'Mitotane');
INSERT INTO surgery (id,date,patient_id,doctor_id) VALUES (93,'2019-12-20',371,421);
INSERT INTO meds_for_surgery (surgery_id,med) VALUES (93,'Methadone');
INSERT INTO surgery (id,date,patient_id,doctor_id) VALUES (94,'2019-12-03',119,228);
INSERT INTO meds_for_surgery (surgery_id,med) VALUES (94,'Rituximab');
INSERT INTO surgery (id,date,patient_id,doctor_id) VALUES (95,'2019-12-25',119,216);
INSERT INTO meds_for_surgery (surgery_id,med) VALUES (95,'Lamivudine');
INSERT INTO surgery (id,date,patient_id,doctor_id) VALUES (96,'2019-12-05',398,260);
INSERT INTO meds_for_surgery (surgery_id,med) VALUES (96,'Sorafenib');
INSERT INTO surgery (id,date,patient_id,doctor_id) VALUES (97,'2019-12-18',329,40);
INSERT INTO meds_for_surgery (surgery_id,med) VALUES (97,'Cyclobenzaprine');
INSERT INTO surgery (id,date,patient_id,doctor_id) VALUES (98,'2019-11-23',499,376);
INSERT INTO meds_for_surgery (surgery_id,med) VALUES (98,'Aprepitant');
INSERT INTO surgery (id,date,patient_id,doctor_id) VALUES (99,'2019-12-21',401,326);
INSERT INTO meds_for_surgery (surgery_id,med) VALUES (99,'Fludarabine');
INSERT INTO surgery (id,date,patient_id,doctor_id) VALUES (100,'2019-12-24',449,290);
INSERT INTO meds_for_surgery (surgery_id,med) VALUES (100,'Clofarabine');
INSERT INTO surgery (id,date,patient_id,doctor_id) VALUES (101,'2019-12-22',231,41);
INSERT INTO meds_for_surgery (surgery_id,med) VALUES (101,'Maraviroc');
INSERT INTO surgery (id,date,patient_id,doctor_id) VALUES (102,'2019-11-25',312,396);
INSERT INTO meds_for_surgery (surgery_id,med) VALUES (102,'Azithromycin');
INSERT INTO surgery (id,date,patient_id,doctor_id) VALUES (103,'2019-12-03',372,7);
INSERT INTO meds_for_surgery (surgery_id,med) VALUES (103,'Efavirenz');
INSERT INTO surgery (id,date,patient_id,doctor_id) VALUES (104,'2019-12-04',156,478);
INSERT INTO meds_for_surgery (surgery_id,med) VALUES (104,'Bleomycin');
INSERT INTO surgery (id,date,patient_id,doctor_id) VALUES (105,'2019-11-24',80,98);
INSERT INTO meds_for_surgery (surgery_id,med) VALUES (105,'Hydroxyurea');
INSERT INTO surgery (id,date,patient_id,doctor_id) VALUES (106,'2019-12-14',329,486);
INSERT INTO meds_for_surgery (surgery_id,med) VALUES (106,'Voriconazole');
INSERT INTO surgery (id,date,patient_id,doctor_id) VALUES (107,'2019-12-23',365,384);
INSERT INTO meds_for_surgery (surgery_id,med) VALUES (107,'Methylphenidate');
INSERT INTO surgery (id,date,patient_id,doctor_id) VALUES (108,'2019-12-01',350,77);
INSERT INTO meds_for_surgery (surgery_id,med) VALUES (108,'Promethazine');
INSERT INTO surgery (id,date,patient_id,doctor_id) VALUES (109,'2019-11-24',146,228);
INSERT INTO meds_for_surgery (surgery_id,med) VALUES (109,'Carmustine');
INSERT INTO surgery (id,date,patient_id,doctor_id) VALUES (110,'2019-12-20',188,381);
INSERT INTO meds_for_surgery (surgery_id,med) VALUES (110,'Propoxyphene');
INSERT INTO surgery (id,date,patient_id,doctor_id) VALUES (111,'2019-12-16',233,208);
INSERT INTO meds_for_surgery (surgery_id,med) VALUES (111,'Clarithromycin');
INSERT INTO surgery (id,date,patient_id,doctor_id) VALUES (112,'2019-12-21',385,278);
INSERT INTO meds_for_surgery (surgery_id,med) VALUES (112,'Methylphenidate');
INSERT INTO surgery (id,date,patient_id,doctor_id) VALUES (113,'2019-12-23',176,62);
INSERT INTO meds_for_surgery (surgery_id,med) VALUES (113,'Sunitinib');
INSERT INTO surgery (id,date,patient_id,doctor_id) VALUES (114,'2019-11-25',328,300);
INSERT INTO meds_for_surgery (surgery_id,med) VALUES (114,'Amoxicillin');
INSERT INTO surgery (id,date,patient_id,doctor_id) VALUES (115,'2019-12-01',63,299);
INSERT INTO meds_for_surgery (surgery_id,med) VALUES (115,'Gefitinib');
INSERT INTO surgery (id,date,patient_id,doctor_id) VALUES (116,'2019-12-09',443,384);
INSERT INTO meds_for_surgery (surgery_id,med) VALUES (116,'Vincristine');
INSERT INTO surgery (id,date,patient_id,doctor_id) VALUES (117,'2019-12-03',343,102);
INSERT INTO meds_for_surgery (surgery_id,med) VALUES (117,'Temozolomide');
INSERT INTO surgery (id,date,patient_id,doctor_id) VALUES (118,'2019-12-16',69,98);
INSERT INTO meds_for_surgery (surgery_id,med) VALUES (118,'Muromonab');
INSERT INTO surgery (id,date,patient_id,doctor_id) VALUES (119,'2019-11-30',350,145);
INSERT INTO meds_for_surgery (surgery_id,med) VALUES (119,'Diclofenac');
INSERT INTO surgery (id,date,patient_id,doctor_id) VALUES (120,'2019-12-05',426,479);
INSERT INTO meds_for_surgery (surgery_id,med) VALUES (120,'Interleukin');
INSERT INTO surgery (id,date,patient_id,doctor_id) VALUES (121,'2019-12-02',26,495);
INSERT INTO meds_for_surgery (surgery_id,med) VALUES (121,'Paclitaxel');
INSERT INTO surgery (id,date,patient_id,doctor_id) VALUES (122,'2019-12-06',431,451);
INSERT INTO meds_for_surgery (surgery_id,med) VALUES (122,'Isotretinoin');
INSERT INTO surgery (id,date,patient_id,doctor_id) VALUES (123,'2019-12-13',419,78);
INSERT INTO meds_for_surgery (surgery_id,med) VALUES (123,'Cyproheptadine');
INSERT INTO surgery (id,date,patient_id,doctor_id) VALUES (124,'2019-12-12',137,491);
INSERT INTO meds_for_surgery (surgery_id,med) VALUES (124,'Cephalexin');
INSERT INTO surgery (id,date,patient_id,doctor_id) VALUES (125,'2019-12-10',52,381);
INSERT INTO meds_for_surgery (surgery_id,med) VALUES (125,'Bortezomib');
INSERT INTO surgery (id,date,patient_id,doctor_id) VALUES (126,'2019-12-03',400,479);
INSERT INTO meds_for_surgery (surgery_id,med) VALUES (126,'Alendronate');
INSERT INTO surgery (id,date,patient_id,doctor_id) VALUES (127,'2019-12-04',67,179);
INSERT INTO meds_for_surgery (surgery_id,med) VALUES (127,'Etravirine');
INSERT INTO surgery (id,date,patient_id,doctor_id) VALUES (128,'2019-12-12',440,113);
INSERT INTO meds_for_surgery (surgery_id,med) VALUES (128,'Hydroxyurea');
INSERT INTO surgery (id,date,patient_id,doctor_id) VALUES (129,'2019-11-26',273,404);
INSERT INTO meds_for_surgery (surgery_id,med) VALUES (129,'Teniposide');
INSERT INTO surgery (id,date,patient_id,doctor_id) VALUES (130,'2019-12-22',43,427);
INSERT INTO meds_for_surgery (surgery_id,med) VALUES (130,'Amifostine');
INSERT INTO surgery (id,date,patient_id,doctor_id) VALUES (131,'2019-12-05',20,452);
INSERT INTO meds_for_surgery (surgery_id,med) VALUES (131,'Diclofenac');
INSERT INTO surgery (id,date,patient_id,doctor_id) VALUES (132,'2019-11-29',371,326);
INSERT INTO meds_for_surgery (surgery_id,med) VALUES (132,'Cyclophosphamide');
INSERT INTO surgery (id,date,patient_id,doctor_id) VALUES (133,'2019-11-27',63,42);
INSERT INTO meds_for_surgery (surgery_id,med) VALUES (133,'Aprepitant');
INSERT INTO surgery (id,date,patient_id,doctor_id) VALUES (134,'2019-12-21',334,299);
INSERT INTO meds_for_surgery (surgery_id,med) VALUES (134,'Zidovudine');
INSERT INTO surgery (id,date,patient_id,doctor_id) VALUES (135,'2019-12-08',261,64);
INSERT INTO meds_for_surgery (surgery_id,med) VALUES (135,'Abacavir');
INSERT INTO surgery (id,date,patient_id,doctor_id) VALUES (136,'2019-11-26',398,376);
INSERT INTO meds_for_surgery (surgery_id,med) VALUES (136,'Darunavir');
INSERT INTO surgery (id,date,patient_id,doctor_id) VALUES (137,'2019-11-24',20,151);
INSERT INTO meds_for_surgery (surgery_id,med) VALUES (137,'Nevirapine');
INSERT INTO surgery (id,date,patient_id,doctor_id) VALUES (138,'2019-12-10',53,125);
INSERT INTO meds_for_surgery (surgery_id,med) VALUES (138,'L-glutamine');
INSERT INTO surgery (id,date,patient_id,doctor_id) VALUES (139,'2019-11-23',13,326);
INSERT INTO meds_for_surgery (surgery_id,med) VALUES (139,'Cyclosporine');
INSERT INTO surgery (id,date,patient_id,doctor_id) VALUES (140,'2019-12-04',46,208);
INSERT INTO meds_for_surgery (surgery_id,med) VALUES (140,'Melphalan');
INSERT INTO surgery (id,date,patient_id,doctor_id) VALUES (141,'2019-12-02',251,175);
INSERT INTO meds_for_surgery (surgery_id,med) VALUES (141,'Asparaginase');
INSERT INTO surgery (id,date,patient_id,doctor_id) VALUES (142,'2019-11-24',139,247);
INSERT INTO meds_for_surgery (surgery_id,med) VALUES (142,'Interleukin');
INSERT INTO surgery (id,date,patient_id,doctor_id) VALUES (143,'2019-11-24',268,179);
INSERT INTO meds_for_surgery (surgery_id,med) VALUES (143,'Amlodipine');
INSERT INTO surgery (id,date,patient_id,doctor_id) VALUES (144,'2019-12-18',431,209);
INSERT INTO meds_for_surgery (surgery_id,med) VALUES (144,'Erlotinib');
INSERT INTO surgery (id,date,patient_id,doctor_id) VALUES (145,'2019-12-18',469,454);
INSERT INTO meds_for_surgery (surgery_id,med) VALUES (145,'Procarbazine');
INSERT INTO surgery (id,date,patient_id,doctor_id) VALUES (146,'2019-12-14',46,270);
INSERT INTO meds_for_surgery (surgery_id,med) VALUES (146,'Dactinomycin');
INSERT INTO surgery (id,date,patient_id,doctor_id) VALUES (147,'2019-12-11',493,486);
INSERT INTO meds_for_surgery (surgery_id,med) VALUES (147,'Sucralfate');
INSERT INTO surgery (id,date,patient_id,doctor_id) VALUES (148,'2019-12-13',18,131);
INSERT INTO meds_for_surgery (surgery_id,med) VALUES (148,'Codeine');
INSERT INTO surgery (id,date,patient_id,doctor_id) VALUES (149,'2019-12-24',449,216);
INSERT INTO meds_for_surgery (surgery_id,med) VALUES (149,'Sorafenib');
INSERT INTO surgery (id,date,patient_id,doctor_id) VALUES (150,'2019-12-22',268,131);
INSERT INTO meds_for_surgery (surgery_id,med) VALUES (150,'Melphalan');
INSERT INTO surgery (id,date,patient_id,doctor_id) VALUES (151,'2019-12-22',449,256);
INSERT INTO meds_for_surgery (surgery_id,med) VALUES (151,'Acyclovir');
INSERT INTO surgery (id,date,patient_id,doctor_id) VALUES (152,'2019-12-06',350,427);
INSERT INTO meds_for_surgery (surgery_id,med) VALUES (152,'Meloxicam');
INSERT INTO surgery (id,date,patient_id,doctor_id) VALUES (153,'2019-12-08',215,399);
INSERT INTO meds_for_surgery (surgery_id,med) VALUES (153,'Emicizumab');
INSERT INTO surgery (id,date,patient_id,doctor_id) VALUES (154,'2019-11-29',255,486);
INSERT INTO meds_for_surgery (surgery_id,med) VALUES (154,'Bosentan');
INSERT INTO surgery (id,date,patient_id,doctor_id) VALUES (155,'2019-12-24',67,425);
INSERT INTO meds_for_surgery (surgery_id,med) VALUES (155,'Cisplatin');
INSERT INTO surgery (id,date,patient_id,doctor_id) VALUES (156,'2019-11-28',139,179);
INSERT INTO meds_for_surgery (surgery_id,med) VALUES (156,'Propoxyphene');
INSERT INTO surgery (id,date,patient_id,doctor_id) VALUES (157,'2019-12-26',261,143);
INSERT INTO meds_for_surgery (surgery_id,med) VALUES (157,'Clarithromycin');
INSERT INTO surgery (id,date,patient_id,doctor_id) VALUES (158,'2019-11-27',53,66);
INSERT INTO meds_for_surgery (surgery_id,med) VALUES (158,'PEGaspargase');
INSERT INTO surgery (id,date,patient_id,doctor_id) VALUES (159,'2019-12-06',6,125);
INSERT INTO meds_for_surgery (surgery_id,med) VALUES (159,'Tenofovir');
INSERT INTO surgery (id,date,patient_id,doctor_id) VALUES (160,'2019-12-17',156,422);
INSERT INTO meds_for_surgery (surgery_id,med) VALUES (160,'Carmustine');
INSERT INTO surgery (id,date,patient_id,doctor_id) VALUES (161,'2019-12-14',67,117);
INSERT INTO meds_for_surgery (surgery_id,med) VALUES (161,'Carmustine');
INSERT INTO surgery (id,date,patient_id,doctor_id) VALUES (162,'2019-12-15',255,386);
INSERT INTO meds_for_surgery (surgery_id,med) VALUES (162,'Tacrolimus');
INSERT INTO surgery (id,date,patient_id,doctor_id) VALUES (163,'2019-12-06',195,479);
INSERT INTO meds_for_surgery (surgery_id,med) VALUES (163,'Modafinil');
INSERT INTO surgery (id,date,patient_id,doctor_id) VALUES (164,'2019-12-07',6,422);
INSERT INTO meds_for_surgery (surgery_id,med) VALUES (164,'Vorinostat');
INSERT INTO surgery (id,date,patient_id,doctor_id) VALUES (165,'2019-12-09',6,179);
INSERT INTO meds_for_surgery (surgery_id,med) VALUES (165,'Ruxolitinib');
INSERT INTO surgery (id,date,patient_id,doctor_id) VALUES (166,'2019-12-18',67,355);
INSERT INTO meds_for_surgery (surgery_id,med) VALUES (166,'Aminocaproic Acid');
INSERT INTO surgery (id,date,patient_id,doctor_id) VALUES (167,'2019-12-27',343,454);
INSERT INTO meds_for_surgery (surgery_id,med) VALUES (167,'Penicillin');
INSERT INTO surgery (id,date,patient_id,doctor_id) VALUES (168,'2019-12-21',268,175);
INSERT INTO meds_for_surgery (surgery_id,med) VALUES (168,'Daunorubicin');
INSERT INTO surgery (id,date,patient_id,doctor_id) VALUES (169,'2019-12-14',268,19);
INSERT INTO meds_for_surgery (surgery_id,med) VALUES (169,'Maraviroc');
INSERT INTO surgery (id,date,patient_id,doctor_id) VALUES (170,'2019-11-27',335,16);
INSERT INTO meds_for_surgery (surgery_id,med) VALUES (170,'Isotretinoin');
INSERT INTO surgery (id,date,patient_id,doctor_id) VALUES (171,'2019-11-27',481,479);
INSERT INTO meds_for_surgery (surgery_id,med) VALUES (171,'Abacavir');
INSERT INTO surgery (id,date,patient_id,doctor_id) VALUES (172,'2019-12-22',371,151);
INSERT INTO meds_for_surgery (surgery_id,med) VALUES (172,'Rituximab');
INSERT INTO surgery (id,date,patient_id,doctor_id) VALUES (173,'2019-11-23',360,238);
INSERT INTO meds_for_surgery (surgery_id,med) VALUES (173,'Tobramycin');
INSERT INTO surgery (id,date,patient_id,doctor_id) VALUES (174,'2019-12-17',18,256);
INSERT INTO meds_for_surgery (surgery_id,med) VALUES (174,'Itraconazole');
INSERT INTO surgery (id,date,patient_id,doctor_id) VALUES (175,'2019-12-23',215,113);
INSERT INTO meds_for_surgery (surgery_id,med) VALUES (175,'Amitriptyline');
INSERT INTO surgery (id,date,patient_id,doctor_id) VALUES (176,'2019-12-13',400,199);
INSERT INTO meds_for_surgery (surgery_id,med) VALUES (176,'Vorinostat');
INSERT INTO surgery (id,date,patient_id,doctor_id) VALUES (177,'2019-12-22',365,422);
INSERT INTO meds_for_surgery (surgery_id,med) VALUES (177,'Enalapril');
INSERT INTO surgery (id,date,patient_id,doctor_id) VALUES (178,'2019-12-02',86,397);
INSERT INTO meds_for_surgery (surgery_id,med) VALUES (178,'GM-CSF');
INSERT INTO surgery (id,date,patient_id,doctor_id) VALUES (179,'2019-12-01',385,422);
INSERT INTO meds_for_surgery (surgery_id,med) VALUES (179,'Hydromorphone');
INSERT INTO surgery (id,date,patient_id,doctor_id) VALUES (180,'2019-12-16',43,386);
INSERT INTO meds_for_surgery (surgery_id,med) VALUES (180,'Cisplatin');
INSERT INTO surgery (id,date,patient_id,doctor_id) VALUES (181,'2019-11-30',215,238);
INSERT INTO meds_for_surgery (surgery_id,med) VALUES (181,'Mitoxantrone');
INSERT INTO surgery (id,date,patient_id,doctor_id) VALUES (182,'2019-11-29',70,44);
INSERT INTO meds_for_surgery (surgery_id,med) VALUES (182,'Lamivudine');
INSERT INTO surgery (id,date,patient_id,doctor_id) VALUES (183,'2019-12-18',273,455);
INSERT INTO meds_for_surgery (surgery_id,med) VALUES (183,'Trimethoprim');
INSERT INTO surgery (id,date,patient_id,doctor_id) VALUES (184,'2019-12-23',334,41);
INSERT INTO meds_for_surgery (surgery_id,med) VALUES (184,'Hydroxyurea');
INSERT INTO surgery (id,date,patient_id,doctor_id) VALUES (185,'2019-12-17',499,386);
INSERT INTO meds_for_surgery (surgery_id,med) VALUES (185,'Megestrol acetate');
INSERT INTO surgery (id,date,patient_id,doctor_id) VALUES (186,'2019-12-10',83,454);
INSERT INTO meds_for_surgery (surgery_id,med) VALUES (186,'Amoxicillin');
INSERT INTO surgery (id,date,patient_id,doctor_id) VALUES (187,'2019-12-02',255,129);
INSERT INTO meds_for_surgery (surgery_id,med) VALUES (187,'Amikacin');
INSERT INTO surgery (id,date,patient_id,doctor_id) VALUES (188,'2019-12-01',70,40);
INSERT INTO meds_for_surgery (surgery_id,med) VALUES (188,'Trimethoprim');
INSERT INTO surgery (id,date,patient_id,doctor_id) VALUES (189,'2019-11-27',43,486);
INSERT INTO meds_for_surgery (surgery_id,med) VALUES (189,'Cisplatin');
INSERT INTO surgery (id,date,patient_id,doctor_id) VALUES (190,'2019-12-03',350,45);
INSERT INTO meds_for_surgery (surgery_id,med) VALUES (190,'Celecoxib');
INSERT INTO surgery (id,date,patient_id,doctor_id) VALUES (191,'2019-12-12',481,425);
INSERT INTO meds_for_surgery (surgery_id,med) VALUES (191,'Isotretinoin');
INSERT INTO surgery (id,date,patient_id,doctor_id) VALUES (192,'2019-12-18',365,210);
INSERT INTO meds_for_surgery (surgery_id,med) VALUES (192,'Neuromuscular');
INSERT INTO surgery (id,date,patient_id,doctor_id) VALUES (193,'2019-12-18',312,451);
INSERT INTO meds_for_surgery (surgery_id,med) VALUES (193,'Meropenem');
INSERT INTO surgery (id,date,patient_id,doctor_id) VALUES (194,'2019-12-17',86,265);
INSERT INTO meds_for_surgery (surgery_id,med) VALUES (194,'Methotrexate');
INSERT INTO surgery (id,date,patient_id,doctor_id) VALUES (195,'2019-12-13',119,199);
INSERT INTO meds_for_surgery (surgery_id,med) VALUES (195,'Promethazine');
INSERT INTO surgery (id,date,patient_id,doctor_id) VALUES (196,'2019-12-19',450,84);
INSERT INTO meds_for_surgery (surgery_id,med) VALUES (196,'Granisetron');
INSERT INTO surgery (id,date,patient_id,doctor_id) VALUES (197,'2019-12-16',53,91);
INSERT INTO meds_for_surgery (surgery_id,med) VALUES (197,'Cefepime');
INSERT INTO surgery (id,date,patient_id,doctor_id) VALUES (198,'2019-12-16',390,422);
INSERT INTO meds_for_surgery (surgery_id,med) VALUES (198,'Vorinostat');
INSERT INTO surgery (id,date,patient_id,doctor_id) VALUES (199,'2019-12-27',393,381);
INSERT INTO meds_for_surgery (surgery_id,med) VALUES (199,'Aminocaproic Acid');
INSERT INTO surgery (id,date,patient_id,doctor_id) VALUES (200,'2019-11-27',253,175);
INSERT INTO meds_for_surgery (surgery_id,med) VALUES (200,'Meperidine');
INSERT INTO surgery (id,date,patient_id,doctor_id) VALUES (201,'2019-12-02',360,143);
INSERT INTO meds_for_surgery (surgery_id,med) VALUES (201,'Teniposide');
INSERT INTO surgery (id,date,patient_id,doctor_id) VALUES (202,'2019-12-11',308,216);
INSERT INTO meds_for_surgery (surgery_id,med) VALUES (202,'Modafinil');
INSERT INTO surgery (id,date,patient_id,doctor_id) VALUES (203,'2019-12-22',449,495);
INSERT INTO meds_for_surgery (surgery_id,med) VALUES (203,'Tacrolimus');
INSERT INTO surgery (id,date,patient_id,doctor_id) VALUES (204,'2019-12-09',400,66);
INSERT INTO meds_for_surgery (surgery_id,med) VALUES (204,'Rivaroxaban');
INSERT INTO surgery (id,date,patient_id,doctor_id) VALUES (205,'2019-12-16',75,19);
INSERT INTO meds_for_surgery (surgery_id,med) VALUES (205,'Cephalexin');
INSERT INTO surgery (id,date,patient_id,doctor_id) VALUES (206,'2019-12-11',335,421);
INSERT INTO meds_for_surgery (surgery_id,med) VALUES (206,'Dinutuximab');
INSERT INTO surgery (id,date,patient_id,doctor_id) VALUES (207,'2019-12-04',343,290);
INSERT INTO meds_for_surgery (surgery_id,med) VALUES (207,'Cladribine');
INSERT INTO surgery (id,date,patient_id,doctor_id) VALUES (208,'2019-12-26',251,151);
INSERT INTO meds_for_surgery (surgery_id,med) VALUES (208,'Amitriptyline');
INSERT INTO surgery (id,date,patient_id,doctor_id) VALUES (209,'2019-12-13',401,210);
INSERT INTO meds_for_surgery (surgery_id,med) VALUES (209,'Cefaclor');
INSERT INTO surgery (id,date,patient_id,doctor_id) VALUES (210,'2019-12-08',450,421);
INSERT INTO meds_for_surgery (surgery_id,med) VALUES (210,'Sunitinib');
INSERT INTO surgery (id,date,patient_id,doctor_id) VALUES (211,'2019-11-24',188,179);
INSERT INTO meds_for_surgery (surgery_id,med) VALUES (211,'Aminocaproic Acid');
INSERT INTO surgery (id,date,patient_id,doctor_id) VALUES (212,'2019-12-20',393,366);
INSERT INTO meds_for_surgery (surgery_id,med) VALUES (212,'Desmopressin');
INSERT INTO surgery (id,date,patient_id,doctor_id) VALUES (213,'2019-12-07',139,199);
INSERT INTO meds_for_surgery (surgery_id,med) VALUES (213,'Crizotinib');
INSERT INTO surgery (id,date,patient_id,doctor_id) VALUES (214,'2019-12-02',312,270);
INSERT INTO meds_for_surgery (surgery_id,med) VALUES (214,'Nelfinavir');
INSERT INTO surgery (id,date,patient_id,doctor_id) VALUES (215,'2019-12-27',335,495);
INSERT INTO meds_for_surgery (surgery_id,med) VALUES (215,'Maraviroc');
INSERT INTO surgery (id,date,patient_id,doctor_id) VALUES (216,'2019-11-28',4,404);
INSERT INTO meds_for_surgery (surgery_id,med) VALUES (216,'Etravirine');
INSERT INTO surgery (id,date,patient_id,doctor_id) VALUES (217,'2019-12-08',253,78);
INSERT INTO meds_for_surgery (surgery_id,med) VALUES (217,'Muromonab');
INSERT INTO surgery (id,date,patient_id,doctor_id) VALUES (218,'2019-11-29',53,478);
INSERT INTO meds_for_surgery (surgery_id,med) VALUES (218,'Mechlorethamine');
INSERT INTO surgery (id,date,patient_id,doctor_id) VALUES (219,'2019-12-12',86,327);
INSERT INTO meds_for_surgery (surgery_id,med) VALUES (219,'Codeine');
INSERT INTO surgery (id,date,patient_id,doctor_id) VALUES (220,'2019-12-14',364,425);
INSERT INTO meds_for_surgery (surgery_id,med) VALUES (220,'L-glutamine');
INSERT INTO surgery (id,date,patient_id,doctor_id) VALUES (221,'2019-12-07',52,357);
INSERT INTO meds_for_surgery (surgery_id,med) VALUES (221,'Sirolimus');
INSERT INTO surgery (id,date,patient_id,doctor_id) VALUES (222,'2019-12-09',443,278);
INSERT INTO meds_for_surgery (surgery_id,med) VALUES (222,'Cefixime');
INSERT INTO surgery (id,date,patient_id,doctor_id) VALUES (223,'2019-12-05',139,299);
INSERT INTO meds_for_surgery (surgery_id,med) VALUES (223,'Dopamine');
INSERT INTO surgery (id,date,patient_id,doctor_id) VALUES (224,'2019-12-03',67,478);
INSERT INTO meds_for_surgery (surgery_id,med) VALUES (224,'Erythromycin');
INSERT INTO surgery (id,date,patient_id,doctor_id) VALUES (225,'2019-11-24',312,131);
INSERT INTO meds_for_surgery (surgery_id,med) VALUES (225,'Amitriptyline');
INSERT INTO surgery (id,date,patient_id,doctor_id) VALUES (226,'2019-11-23',308,16);
INSERT INTO meds_for_surgery (surgery_id,med) VALUES (226,'Neuromuscular');
INSERT INTO surgery (id,date,patient_id,doctor_id) VALUES (227,'2019-12-18',262,427);
INSERT INTO meds_for_surgery (surgery_id,med) VALUES (227,'Ondansetron');
INSERT INTO surgery (id,date,patient_id,doctor_id) VALUES (228,'2019-12-19',450,486);
INSERT INTO meds_for_surgery (surgery_id,med) VALUES (228,'Tobramycin');
INSERT INTO surgery (id,date,patient_id,doctor_id) VALUES (229,'2019-12-01',419,452);
INSERT INTO meds_for_surgery (surgery_id,med) VALUES (229,'Valproic acid');
INSERT INTO surgery (id,date,patient_id,doctor_id) VALUES (230,'2019-11-24',253,455);
INSERT INTO meds_for_surgery (surgery_id,med) VALUES (230,'Amikacin');
INSERT INTO surgery (id,date,patient_id,doctor_id) VALUES (231,'2019-12-01',460,42);
INSERT INTO meds_for_surgery (surgery_id,med) VALUES (231,'Aminocaproic Acid');
INSERT INTO surgery (id,date,patient_id,doctor_id) VALUES (232,'2019-11-29',20,414);
INSERT INTO meds_for_surgery (surgery_id,med) VALUES (232,'Imipenem');
INSERT INTO surgery (id,date,patient_id,doctor_id) VALUES (233,'2019-12-20',230,376);
INSERT INTO meds_for_surgery (surgery_id,med) VALUES (233,'Phenytoin');
INSERT INTO surgery (id,date,patient_id,doctor_id) VALUES (234,'2019-12-03',482,425);
INSERT INTO meds_for_surgery (surgery_id,med) VALUES (234,'Ifosfamide');
INSERT INTO surgery (id,date,patient_id,doctor_id) VALUES (235,'2019-12-10',52,66);
INSERT INTO meds_for_surgery (surgery_id,med) VALUES (235,'Amitriptyline');
INSERT INTO surgery (id,date,patient_id,doctor_id) VALUES (236,'2019-12-16',26,397);
INSERT INTO meds_for_surgery (surgery_id,med) VALUES (236,'Zidovudine');
INSERT INTO surgery (id,date,patient_id,doctor_id) VALUES (237,'2019-12-02',215,376);
INSERT INTO meds_for_surgery (surgery_id,med) VALUES (237,'Morphine');
INSERT INTO surgery (id,date,patient_id,doctor_id) VALUES (238,'2019-12-01',443,491);
INSERT INTO meds_for_surgery (surgery_id,med) VALUES (238,'Cephalexin');
INSERT INTO surgery (id,date,patient_id,doctor_id) VALUES (239,'2019-12-24',20,145);
INSERT INTO meds_for_surgery (surgery_id,med) VALUES (239,'Cyclosporine');
INSERT INTO surgery (id,date,patient_id,doctor_id) VALUES (240,'2019-11-27',63,265);
INSERT INTO meds_for_surgery (surgery_id,med) VALUES (240,'Maraviroc');
INSERT INTO surgery (id,date,patient_id,doctor_id) VALUES (241,'2019-12-04',252,491);
INSERT INTO meds_for_surgery (surgery_id,med) VALUES (241,'Mitoxantrone');
INSERT INTO surgery (id,date,patient_id,doctor_id) VALUES (242,'2019-12-24',329,425);
INSERT INTO meds_for_surgery (surgery_id,med) VALUES (242,'Dronabinol');
INSERT INTO surgery (id,date,patient_id,doctor_id) VALUES (243,'2019-12-22',146,491);
INSERT INTO meds_for_surgery (surgery_id,med) VALUES (243,'Meropenem');
INSERT INTO surgery (id,date,patient_id,doctor_id) VALUES (244,'2019-12-05',449,397);
INSERT INTO meds_for_surgery (surgery_id,med) VALUES (244,'Sunitinib');
INSERT INTO surgery (id,date,patient_id,doctor_id) VALUES (245,'2019-12-05',253,45);
INSERT INTO meds_for_surgery (surgery_id,med) VALUES (245,'Doxorubicin');
INSERT INTO surgery (id,date,patient_id,doctor_id) VALUES (246,'2019-11-27',75,495);
INSERT INTO meds_for_surgery (surgery_id,med) VALUES (246,'Dobutamine');
INSERT INTO surgery (id,date,patient_id,doctor_id) VALUES (247,'2019-12-18',372,290);
INSERT INTO meds_for_surgery (surgery_id,med) VALUES (247,'Meloxicam');
INSERT INTO surgery (id,date,patient_id,doctor_id) VALUES (248,'2019-12-03',231,210);
INSERT INTO meds_for_surgery (surgery_id,med) VALUES (248,'Daunorubicin');
INSERT INTO surgery (id,date,patient_id,doctor_id) VALUES (249,'2019-12-09',470,396);
INSERT INTO meds_for_surgery (surgery_id,med) VALUES (249,'Ondansetron');
INSERT INTO surgery (id,date,patient_id,doctor_id) VALUES (250,'2019-11-23',334,260);
INSERT INTO meds_for_surgery (surgery_id,med) VALUES (250,'Bleomycin');
INSERT INTO surgery (id,date,patient_id,doctor_id) VALUES (251,'2019-12-08',75,421);
INSERT INTO meds_for_surgery (surgery_id,med) VALUES (251,'Amifostine');
INSERT INTO surgery (id,date,patient_id,doctor_id) VALUES (252,'2019-12-22',308,451);
INSERT INTO meds_for_surgery (surgery_id,med) VALUES (252,'Isotretinoin');
INSERT INTO surgery (id,date,patient_id,doctor_id) VALUES (253,'2019-12-22',388,216);
INSERT INTO meds_for_surgery (surgery_id,med) VALUES (253,'Rituximab');
INSERT INTO surgery (id,date,patient_id,doctor_id) VALUES (254,'2019-12-04',268,491);
INSERT INTO meds_for_surgery (surgery_id,med) VALUES (254,'Cyclosporine');
INSERT INTO surgery (id,date,patient_id,doctor_id) VALUES (255,'2019-11-26',251,366);
INSERT INTO meds_for_surgery (surgery_id,med) VALUES (255,'Gefitinib');
INSERT INTO surgery (id,date,patient_id,doctor_id) VALUES (256,'2019-12-09',52,44);
INSERT INTO meds_for_surgery (surgery_id,med) VALUES (256,'Prednisone');
INSERT INTO surgery (id,date,patient_id,doctor_id) VALUES (257,'2019-11-26',493,478);
INSERT INTO meds_for_surgery (surgery_id,med) VALUES (257,'Granisetron');
INSERT INTO surgery (id,date,patient_id,doctor_id) VALUES (258,'2019-12-17',63,129);
INSERT INTO meds_for_surgery (surgery_id,med) VALUES (258,'Topotecan');
INSERT INTO surgery (id,date,patient_id,doctor_id) VALUES (259,'2019-12-08',285,238);
INSERT INTO meds_for_surgery (surgery_id,med) VALUES (259,'Lamivudine');
INSERT INTO surgery (id,date,patient_id,doctor_id) VALUES (260,'2019-12-09',156,113);
INSERT INTO meds_for_surgery (surgery_id,med) VALUES (260,'Potassium');
INSERT INTO surgery (id,date,patient_id,doctor_id) VALUES (261,'2019-12-11',499,357);
INSERT INTO meds_for_surgery (surgery_id,med) VALUES (261,'Methotrexate');
INSERT INTO surgery (id,date,patient_id,doctor_id) VALUES (262,'2019-11-29',252,404);
INSERT INTO meds_for_surgery (surgery_id,med) VALUES (262,'Imipenem');
INSERT INTO surgery (id,date,patient_id,doctor_id) VALUES (263,'2019-12-08',63,7);
INSERT INTO meds_for_surgery (surgery_id,med) VALUES (263,'Codeine');
INSERT INTO surgery (id,date,patient_id,doctor_id) VALUES (264,'2019-11-28',229,41);
INSERT INTO meds_for_surgery (surgery_id,med) VALUES (264,'Enoxaparin');
INSERT INTO surgery (id,date,patient_id,doctor_id) VALUES (265,'2019-12-07',43,210);
INSERT INTO meds_for_surgery (surgery_id,med) VALUES (265,'Magnesium');
INSERT INTO surgery (id,date,patient_id,doctor_id) VALUES (266,'2019-12-14',261,404);
INSERT INTO meds_for_surgery (surgery_id,med) VALUES (266,'Ceftazidime');
INSERT INTO surgery (id,date,patient_id,doctor_id) VALUES (267,'2019-12-05',242,397);
INSERT INTO meds_for_surgery (surgery_id,med) VALUES (267,'Magnesium');
INSERT INTO surgery (id,date,patient_id,doctor_id) VALUES (268,'2019-12-10',460,404);
INSERT INTO meds_for_surgery (surgery_id,med) VALUES (268,'Ranitidine');
INSERT INTO surgery (id,date,patient_id,doctor_id) VALUES (269,'2019-12-27',253,163);
INSERT INTO meds_for_surgery (surgery_id,med) VALUES (269,'Mitoxantrone');
INSERT INTO surgery (id,date,patient_id,doctor_id) VALUES (270,'2019-12-23',6,346);
INSERT INTO meds_for_surgery (surgery_id,med) VALUES (270,'Ranitidine');
INSERT INTO surgery (id,date,patient_id,doctor_id) VALUES (271,'2019-11-26',334,216);
INSERT INTO meds_for_surgery (surgery_id,med) VALUES (271,'Emtricitabine');
INSERT INTO surgery (id,date,patient_id,doctor_id) VALUES (272,'2019-11-27',450,326);
INSERT INTO meds_for_surgery (surgery_id,med) VALUES (272,'Lamivudine');
INSERT INTO surgery (id,date,patient_id,doctor_id) VALUES (273,'2019-11-29',390,451);
INSERT INTO meds_for_surgery (surgery_id,med) VALUES (273,'Topotecan');
INSERT INTO surgery (id,date,patient_id,doctor_id) VALUES (274,'2019-12-26',33,278);
INSERT INTO meds_for_surgery (surgery_id,med) VALUES (274,'Crizotinib');
INSERT INTO surgery (id,date,patient_id,doctor_id) VALUES (275,'2019-12-20',46,102);
INSERT INTO meds_for_surgery (surgery_id,med) VALUES (275,'Erythromycin');
INSERT INTO surgery (id,date,patient_id,doctor_id) VALUES (276,'2019-12-14',262,265);
INSERT INTO meds_for_surgery (surgery_id,med) VALUES (276,'Atenolol');
INSERT INTO surgery (id,date,patient_id,doctor_id) VALUES (277,'2019-11-27',53,256);
INSERT INTO meds_for_surgery (surgery_id,med) VALUES (277,'Pegfilgrastim');
INSERT INTO surgery (id,date,patient_id,doctor_id) VALUES (278,'2019-12-16',251,381);
INSERT INTO meds_for_surgery (surgery_id,med) VALUES (278,'Warfarin');
INSERT INTO surgery (id,date,patient_id,doctor_id) VALUES (279,'2019-12-24',80,427);
INSERT INTO meds_for_surgery (surgery_id,med) VALUES (279,'Phenobarbital');
INSERT INTO surgery (id,date,patient_id,doctor_id) VALUES (280,'2019-11-25',398,355);
INSERT INTO meds_for_surgery (surgery_id,med) VALUES (280,'Methylphenidate');
INSERT INTO surgery (id,date,patient_id,doctor_id) VALUES (281,'2019-12-07',450,326);
INSERT INTO meds_for_surgery (surgery_id,med) VALUES (281,'Atovaquone');
INSERT INTO surgery (id,date,patient_id,doctor_id) VALUES (282,'2019-12-10',419,7);
INSERT INTO meds_for_surgery (surgery_id,med) VALUES (282,'Imipenem');
INSERT INTO surgery (id,date,patient_id,doctor_id) VALUES (283,'2019-11-23',255,199);
INSERT INTO meds_for_surgery (surgery_id,med) VALUES (283,'Rituximab');
INSERT INTO surgery (id,date,patient_id,doctor_id) VALUES (284,'2019-12-05',26,452);
INSERT INTO meds_for_surgery (surgery_id,med) VALUES (284,'Desmopressin');
INSERT INTO surgery (id,date,patient_id,doctor_id) VALUES (285,'2019-12-11',365,299);
INSERT INTO meds_for_surgery (surgery_id,med) VALUES (285,'Warfarin');
INSERT INTO surgery (id,date,patient_id,doctor_id) VALUES (286,'2019-12-13',499,451);
INSERT INTO meds_for_surgery (surgery_id,med) VALUES (286,'Carmustine');
INSERT INTO surgery (id,date,patient_id,doctor_id) VALUES (287,'2019-12-01',83,7);
INSERT INTO meds_for_surgery (surgery_id,med) VALUES (287,'Raltegravir');
INSERT INTO surgery (id,date,patient_id,doctor_id) VALUES (288,'2019-12-09',426,346);
INSERT INTO meds_for_surgery (surgery_id,med) VALUES (288,'Nevirapine');
INSERT INTO surgery (id,date,patient_id,doctor_id) VALUES (289,'2019-12-02',137,129);
INSERT INTO meds_for_surgery (surgery_id,med) VALUES (289,'Lamivudine');
INSERT INTO surgery (id,date,patient_id,doctor_id) VALUES (290,'2019-12-05',401,346);
INSERT INTO meds_for_surgery (surgery_id,med) VALUES (290,'Famciclovir');
INSERT INTO surgery (id,date,patient_id,doctor_id) VALUES (291,'2019-12-14',481,455);
INSERT INTO meds_for_surgery (surgery_id,med) VALUES (291,'Vorinostat');
INSERT INTO surgery (id,date,patient_id,doctor_id) VALUES (292,'2019-11-24',261,208);
INSERT INTO meds_for_surgery (surgery_id,med) VALUES (292,'Mitoxantrone');
INSERT INTO surgery (id,date,patient_id,doctor_id) VALUES (293,'2019-12-25',308,376);
INSERT INTO meds_for_surgery (surgery_id,med) VALUES (293,'Emicizumab');
INSERT INTO surgery (id,date,patient_id,doctor_id) VALUES (294,'2019-12-14',156,421);
INSERT INTO meds_for_surgery (surgery_id,med) VALUES (294,'Fluorouracil');
INSERT INTO surgery (id,date,patient_id,doctor_id) VALUES (295,'2019-12-15',350,209);
INSERT INTO meds_for_surgery (surgery_id,med) VALUES (295,'Voriconazole');
INSERT INTO surgery (id,date,patient_id,doctor_id) VALUES (296,'2019-12-17',70,422);
INSERT INTO meds_for_surgery (surgery_id,med) VALUES (296,'Methadone');
INSERT INTO surgery (id,date,patient_id,doctor_id) VALUES (297,'2019-12-10',195,414);
INSERT INTO meds_for_surgery (surgery_id,med) VALUES (297,'PEGaspargase');
INSERT INTO surgery (id,date,patient_id,doctor_id) VALUES (298,'2019-11-30',52,404);
INSERT INTO meds_for_surgery (surgery_id,med) VALUES (298,'Cidofovir');
INSERT INTO surgery (id,date,patient_id,doctor_id) VALUES (299,'2019-11-30',273,151);
INSERT INTO meds_for_surgery (surgery_id,med) VALUES (299,'Hydromorphone');
INSERT INTO surgery (id,date,patient_id,doctor_id) VALUES (300,'2019-12-20',470,16);
INSERT INTO meds_for_surgery (surgery_id,med) VALUES (300,'Methadone');
INSERT INTO surgery (id,date,patient_id,doctor_id) VALUES (301,'2019-12-10',273,45);
INSERT INTO meds_for_surgery (surgery_id,med) VALUES (301,'Interleukin');
INSERT INTO surgery (id,date,patient_id,doctor_id) VALUES (302,'2019-12-20',419,455);
INSERT INTO meds_for_surgery (surgery_id,med) VALUES (302,'Muromonab');
INSERT INTO surgery (id,date,patient_id,doctor_id) VALUES (303,'2019-12-01',192,210);
INSERT INTO meds_for_surgery (surgery_id,med) VALUES (303,'Sucralfate');
INSERT INTO surgery (id,date,patient_id,doctor_id) VALUES (304,'2019-12-12',350,366);
INSERT INTO meds_for_surgery (surgery_id,med) VALUES (304,'Clofarabine');
INSERT INTO surgery (id,date,patient_id,doctor_id) VALUES (305,'2019-12-07',154,381);
INSERT INTO meds_for_surgery (surgery_id,med) VALUES (305,'Pemetrexed');
INSERT INTO surgery (id,date,patient_id,doctor_id) VALUES (306,'2019-11-27',493,399);
INSERT INTO meds_for_surgery (surgery_id,med) VALUES (306,'Mitoxantrone');
INSERT INTO surgery (id,date,patient_id,doctor_id) VALUES (307,'2019-11-23',371,44);
INSERT INTO meds_for_surgery (surgery_id,med) VALUES (307,'Lopinavir');
INSERT INTO surgery (id,date,patient_id,doctor_id) VALUES (308,'2019-12-15',252,84);
INSERT INTO meds_for_surgery (surgery_id,med) VALUES (308,'Azithromycin');
INSERT INTO surgery (id,date,patient_id,doctor_id) VALUES (309,'2019-12-06',350,404);
INSERT INTO meds_for_surgery (surgery_id,med) VALUES (309,'Methylphenidate');
INSERT INTO surgery (id,date,patient_id,doctor_id) VALUES (310,'2019-12-11',230,143);
INSERT INTO meds_for_surgery (surgery_id,med) VALUES (310,'Clindamycin');
INSERT INTO surgery (id,date,patient_id,doctor_id) VALUES (311,'2019-12-21',86,199);
INSERT INTO meds_for_surgery (surgery_id,med) VALUES (311,'Cefepime');
INSERT INTO surgery (id,date,patient_id,doctor_id) VALUES (312,'2019-12-12',398,91);
INSERT INTO meds_for_surgery (surgery_id,med) VALUES (312,'Pegfilgrastim');
INSERT INTO surgery (id,date,patient_id,doctor_id) VALUES (313,'2019-11-23',499,131);
INSERT INTO meds_for_surgery (surgery_id,med) VALUES (313,'Sorafenib');
INSERT INTO surgery (id,date,patient_id,doctor_id) VALUES (314,'2019-12-26',75,491);
INSERT INTO meds_for_surgery (surgery_id,med) VALUES (314,'Carboplatin');
INSERT INTO surgery (id,date,patient_id,doctor_id) VALUES (315,'2019-12-19',308,265);
INSERT INTO meds_for_surgery (surgery_id,med) VALUES (315,'Ceftazidime');
INSERT INTO surgery (id,date,patient_id,doctor_id) VALUES (316,'2019-12-09',252,397);
INSERT INTO meds_for_surgery (surgery_id,med) VALUES (316,'Abacavir');
INSERT INTO surgery (id,date,patient_id,doctor_id) VALUES (317,'2019-12-25',63,209);
INSERT INTO meds_for_surgery (surgery_id,med) VALUES (317,'Potassium');
INSERT INTO surgery (id,date,patient_id,doctor_id) VALUES (318,'2019-12-09',419,131);
INSERT INTO meds_for_surgery (surgery_id,med) VALUES (318,'Calcium');
INSERT INTO surgery (id,date,patient_id,doctor_id) VALUES (319,'2019-11-23',449,451);
INSERT INTO meds_for_surgery (surgery_id,med) VALUES (319,'Foscarnet');
INSERT INTO surgery (id,date,patient_id,doctor_id) VALUES (320,'2019-12-16',252,260);
INSERT INTO meds_for_surgery (surgery_id,med) VALUES (320,'Methotrexate');
INSERT INTO surgery (id,date,patient_id,doctor_id) VALUES (321,'2019-12-19',419,278);
INSERT INTO meds_for_surgery (surgery_id,med) VALUES (321,'Topotecan');
INSERT INTO surgery (id,date,patient_id,doctor_id) VALUES (322,'2019-11-23',365,117);
INSERT INTO meds_for_surgery (surgery_id,med) VALUES (322,'Posaconazole');
INSERT INTO surgery (id,date,patient_id,doctor_id) VALUES (323,'2019-12-21',328,129);
INSERT INTO meds_for_surgery (surgery_id,med) VALUES (323,'Emicizumab');
INSERT INTO surgery (id,date,patient_id,doctor_id) VALUES (324,'2019-12-07',450,145);
INSERT INTO meds_for_surgery (surgery_id,med) VALUES (324,'Cephalexin');
INSERT INTO surgery (id,date,patient_id,doctor_id) VALUES (325,'2019-11-29',385,327);
INSERT INTO meds_for_surgery (surgery_id,med) VALUES (325,'Tobramycin');
INSERT INTO surgery (id,date,patient_id,doctor_id) VALUES (326,'2019-12-25',499,265);
INSERT INTO meds_for_surgery (surgery_id,med) VALUES (326,'Gemcitabine');
INSERT INTO surgery (id,date,patient_id,doctor_id) VALUES (327,'2019-11-27',498,265);
INSERT INTO meds_for_surgery (surgery_id,med) VALUES (327,'Etonogestrel');
INSERT INTO surgery (id,date,patient_id,doctor_id) VALUES (328,'2019-12-16',123,102);
INSERT INTO meds_for_surgery (surgery_id,med) VALUES (328,'G-CSF');
INSERT INTO surgery (id,date,patient_id,doctor_id) VALUES (329,'2019-12-04',426,216);
INSERT INTO meds_for_surgery (surgery_id,med) VALUES (329,'Amlodipine');
INSERT INTO surgery (id,date,patient_id,doctor_id) VALUES (330,'2019-12-19',417,357);
INSERT INTO meds_for_surgery (surgery_id,med) VALUES (330,'Linezolid');
INSERT INTO surgery (id,date,patient_id,doctor_id) VALUES (331,'2019-11-26',450,396);
INSERT INTO meds_for_surgery (surgery_id,med) VALUES (331,'Trimethoprim');
INSERT INTO surgery (id,date,patient_id,doctor_id) VALUES (332,'2019-12-06',43,66);
INSERT INTO meds_for_surgery (surgery_id,med) VALUES (332,'Rasburicase');
INSERT INTO surgery (id,date,patient_id,doctor_id) VALUES (333,'2019-12-17',137,7);
INSERT INTO meds_for_surgery (surgery_id,med) VALUES (333,'Famciclovir');
INSERT INTO surgery (id,date,patient_id,doctor_id) VALUES (334,'2019-12-10',481,265);
INSERT INTO meds_for_surgery (surgery_id,med) VALUES (334,'Cyclobenzaprine');
INSERT INTO surgery (id,date,patient_id,doctor_id) VALUES (335,'2019-12-07',443,40);
INSERT INTO meds_for_surgery (surgery_id,med) VALUES (335,'Topotecan');
INSERT INTO surgery (id,date,patient_id,doctor_id) VALUES (336,'2019-12-11',6,454);
INSERT INTO meds_for_surgery (surgery_id,med) VALUES (336,'Sorafenib');
INSERT INTO surgery (id,date,patient_id,doctor_id) VALUES (337,'2019-12-14',426,112);
INSERT INTO meds_for_surgery (surgery_id,med) VALUES (337,'Tacrolimus');
INSERT INTO surgery (id,date,patient_id,doctor_id) VALUES (338,'2019-12-19',419,113);
INSERT INTO meds_for_surgery (surgery_id,med) VALUES (338,'Vincristine');
INSERT INTO surgery (id,date,patient_id,doctor_id) VALUES (339,'2019-11-26',268,422);
INSERT INTO meds_for_surgery (surgery_id,med) VALUES (339,'Amitriptyline');
INSERT INTO surgery (id,date,patient_id,doctor_id) VALUES (340,'2019-11-24',365,495);
INSERT INTO meds_for_surgery (surgery_id,med) VALUES (340,'Amikacin');
INSERT INTO surgery (id,date,patient_id,doctor_id) VALUES (341,'2019-12-10',389,7);
INSERT INTO meds_for_surgery (surgery_id,med) VALUES (341,'Mechlorethamine');
INSERT INTO surgery (id,date,patient_id,doctor_id) VALUES (342,'2019-12-10',360,143);
INSERT INTO meds_for_surgery (surgery_id,med) VALUES (342,'Cyclosporine');
INSERT INTO surgery (id,date,patient_id,doctor_id) VALUES (343,'2019-11-28',417,91);
INSERT INTO meds_for_surgery (surgery_id,med) VALUES (343,'Diclofenac');
INSERT INTO surgery (id,date,patient_id,doctor_id) VALUES (344,'2019-12-03',450,486);
INSERT INTO meds_for_surgery (surgery_id,med) VALUES (344,'Nelfinavir');
INSERT INTO surgery (id,date,patient_id,doctor_id) VALUES (345,'2019-12-07',233,421);
INSERT INTO meds_for_surgery (surgery_id,med) VALUES (345,'Meloxicam');
INSERT INTO surgery (id,date,patient_id,doctor_id) VALUES (346,'2019-12-01',350,376);
INSERT INTO meds_for_surgery (surgery_id,med) VALUES (346,'Pegfilgrastim');
INSERT INTO surgery (id,date,patient_id,doctor_id) VALUES (347,'2019-11-27',192,16);
INSERT INTO meds_for_surgery (surgery_id,med) VALUES (347,'Bosentan');
INSERT INTO surgery (id,date,patient_id,doctor_id) VALUES (348,'2019-12-01',215,129);
INSERT INTO meds_for_surgery (surgery_id,med) VALUES (348,'Potassium');
INSERT INTO surgery (id,date,patient_id,doctor_id) VALUES (349,'2019-12-10',38,40);
INSERT INTO meds_for_surgery (surgery_id,med) VALUES (349,'Nevirapine');
INSERT INTO surgery (id,date,patient_id,doctor_id) VALUES (350,'2019-12-26',328,376);
INSERT INTO meds_for_surgery (surgery_id,med) VALUES (350,'Omeprazole');
INSERT INTO surgery (id,date,patient_id,doctor_id) VALUES (351,'2019-12-05',231,129);
INSERT INTO meds_for_surgery (surgery_id,med) VALUES (351,'Etoposide');
INSERT INTO surgery (id,date,patient_id,doctor_id) VALUES (352,'2019-12-21',448,112);
INSERT INTO meds_for_surgery (surgery_id,med) VALUES (352,'Prednisone');
INSERT INTO surgery (id,date,patient_id,doctor_id) VALUES (353,'2019-11-27',43,381);
INSERT INTO meds_for_surgery (surgery_id,med) VALUES (353,'Cyclosporine');
INSERT INTO surgery (id,date,patient_id,doctor_id) VALUES (354,'2019-12-24',231,299);
INSERT INTO meds_for_surgery (surgery_id,med) VALUES (354,'Desmopressin');
INSERT INTO surgery (id,date,patient_id,doctor_id) VALUES (355,'2019-12-08',119,151);
INSERT INTO meds_for_surgery (surgery_id,med) VALUES (355,'Deferasirox');
INSERT INTO surgery (id,date,patient_id,doctor_id) VALUES (356,'2019-11-28',417,16);
INSERT INTO meds_for_surgery (surgery_id,med) VALUES (356,'Procarbazine');
INSERT INTO surgery (id,date,patient_id,doctor_id) VALUES (357,'2019-11-24',63,42);
INSERT INTO meds_for_surgery (surgery_id,med) VALUES (357,'Famciclovir');
INSERT INTO surgery (id,date,patient_id,doctor_id) VALUES (358,'2019-11-29',69,290);
INSERT INTO meds_for_surgery (surgery_id,med) VALUES (358,'Imipenem');
INSERT INTO surgery (id,date,patient_id,doctor_id) VALUES (359,'2019-12-02',440,288);
INSERT INTO meds_for_surgery (surgery_id,med) VALUES (359,'Interferon');
INSERT INTO surgery (id,date,patient_id,doctor_id) VALUES (360,'2019-12-25',146,117);
INSERT INTO meds_for_surgery (surgery_id,med) VALUES (360,'Ifosfamide');
INSERT INTO surgery (id,date,patient_id,doctor_id) VALUES (361,'2019-12-24',242,216);
INSERT INTO meds_for_surgery (surgery_id,med) VALUES (361,'Teniposide');
INSERT INTO surgery (id,date,patient_id,doctor_id) VALUES (362,'2019-12-20',13,414);
INSERT INTO meds_for_surgery (surgery_id,med) VALUES (362,'Alemtuzumab');
INSERT INTO surgery (id,date,patient_id,doctor_id) VALUES (363,'2019-12-20',261,64);
INSERT INTO meds_for_surgery (surgery_id,med) VALUES (363,'Crizotinib');
INSERT INTO surgery (id,date,patient_id,doctor_id) VALUES (364,'2019-12-14',371,270);
INSERT INTO meds_for_surgery (surgery_id,med) VALUES (364,'Ritonavir');
INSERT INTO surgery (id,date,patient_id,doctor_id) VALUES (365,'2019-12-04',4,478);
INSERT INTO meds_for_surgery (surgery_id,med) VALUES (365,'Fluconazole');
INSERT INTO surgery (id,date,patient_id,doctor_id) VALUES (366,'2019-12-12',70,299);
INSERT INTO meds_for_surgery (surgery_id,med) VALUES (366,'Hydrocortisone');
INSERT INTO surgery (id,date,patient_id,doctor_id) VALUES (367,'2019-11-27',450,208);
INSERT INTO meds_for_surgery (surgery_id,med) VALUES (367,'Emtricitabine');
INSERT INTO surgery (id,date,patient_id,doctor_id) VALUES (368,'2019-12-27',83,452);
INSERT INTO meds_for_surgery (surgery_id,med) VALUES (368,'Aprepitant');
INSERT INTO surgery (id,date,patient_id,doctor_id) VALUES (369,'2019-12-07',38,491);
INSERT INTO meds_for_surgery (surgery_id,med) VALUES (369,'Clofarabine');
INSERT INTO surgery (id,date,patient_id,doctor_id) VALUES (370,'2019-12-23',215,247);
INSERT INTO meds_for_surgery (surgery_id,med) VALUES (370,'Lorazepam');
INSERT INTO surgery (id,date,patient_id,doctor_id) VALUES (371,'2019-12-19',470,397);
INSERT INTO meds_for_surgery (surgery_id,med) VALUES (371,'Enalapril');
INSERT INTO surgery (id,date,patient_id,doctor_id) VALUES (372,'2019-12-13',188,19);
INSERT INTO meds_for_surgery (surgery_id,med) VALUES (372,'Cyproheptadine');
INSERT INTO surgery (id,date,patient_id,doctor_id) VALUES (373,'2019-11-25',67,478);
INSERT INTO meds_for_surgery (surgery_id,med) VALUES (373,'Celecoxib');
INSERT INTO surgery (id,date,patient_id,doctor_id) VALUES (374,'2019-12-12',139,346);
INSERT INTO meds_for_surgery (surgery_id,med) VALUES (374,'Pemetrexed');
INSERT INTO surgery (id,date,patient_id,doctor_id) VALUES (375,'2019-12-23',137,357);
INSERT INTO meds_for_surgery (surgery_id,med) VALUES (375,'Fluorouracil');
INSERT INTO surgery (id,date,patient_id,doctor_id) VALUES (376,'2019-11-24',195,113);
INSERT INTO meds_for_surgery (surgery_id,med) VALUES (376,'Leucovorin');
INSERT INTO surgery (id,date,patient_id,doctor_id) VALUES (377,'2019-12-25',43,112);
INSERT INTO meds_for_surgery (surgery_id,med) VALUES (377,'Methylphenidate');
INSERT INTO surgery (id,date,patient_id,doctor_id) VALUES (378,'2019-12-09',252,175);
INSERT INTO meds_for_surgery (surgery_id,med) VALUES (378,'Warfarin');
INSERT INTO surgery (id,date,patient_id,doctor_id) VALUES (379,'2019-11-28',4,61);
INSERT INTO meds_for_surgery (surgery_id,med) VALUES (379,'Baclofen');
INSERT INTO surgery (id,date,patient_id,doctor_id) VALUES (380,'2019-12-18',440,40);
INSERT INTO meds_for_surgery (surgery_id,med) VALUES (380,'Phosphorus');
INSERT INTO surgery (id,date,patient_id,doctor_id) VALUES (381,'2019-12-20',498,422);
INSERT INTO meds_for_surgery (surgery_id,med) VALUES (381,'Hydromorphone');
INSERT INTO surgery (id,date,patient_id,doctor_id) VALUES (382,'2019-12-12',18,7);
INSERT INTO meds_for_surgery (surgery_id,med) VALUES (382,'Atazanavir');
INSERT INTO surgery (id,date,patient_id,doctor_id) VALUES (383,'2019-12-21',176,159);
INSERT INTO meds_for_surgery (surgery_id,med) VALUES (383,'L-glutamine');
INSERT INTO surgery (id,date,patient_id,doctor_id) VALUES (384,'2019-11-26',440,477);
INSERT INTO meds_for_surgery (surgery_id,med) VALUES (384,'Lomustine');
INSERT INTO surgery (id,date,patient_id,doctor_id) VALUES (385,'2019-12-14',123,84);
INSERT INTO meds_for_surgery (surgery_id,med) VALUES (385,'Cefepime');
INSERT INTO surgery (id,date,patient_id,doctor_id) VALUES (386,'2019-11-29',195,145);
INSERT INTO meds_for_surgery (surgery_id,med) VALUES (386,'Heparin');
INSERT INTO surgery (id,date,patient_id,doctor_id) VALUES (387,'2019-12-14',365,145);
INSERT INTO meds_for_surgery (surgery_id,med) VALUES (387,'Carboplatin');
INSERT INTO surgery (id,date,patient_id,doctor_id) VALUES (388,'2019-12-01',251,384);
INSERT INTO meds_for_surgery (surgery_id,med) VALUES (388,'Gemcitabine');
INSERT INTO surgery (id,date,patient_id,doctor_id) VALUES (389,'2019-12-11',268,355);
INSERT INTO meds_for_surgery (surgery_id,med) VALUES (389,'Cefixime');
INSERT INTO surgery (id,date,patient_id,doctor_id) VALUES (390,'2019-12-24',24,454);
INSERT INTO meds_for_surgery (surgery_id,med) VALUES (390,'Thioguanine');
INSERT INTO surgery (id,date,patient_id,doctor_id) VALUES (391,'2019-12-03',154,163);
INSERT INTO meds_for_surgery (surgery_id,med) VALUES (391,'Furosemide');
INSERT INTO surgery (id,date,patient_id,doctor_id) VALUES (392,'2019-11-27',154,427);
INSERT INTO meds_for_surgery (surgery_id,med) VALUES (392,'Lorazepam');
INSERT INTO surgery (id,date,patient_id,doctor_id) VALUES (393,'2019-12-26',53,7);
INSERT INTO meds_for_surgery (surgery_id,med) VALUES (393,'L-glutamine');
INSERT INTO surgery (id,date,patient_id,doctor_id) VALUES (394,'2019-12-06',388,247);
INSERT INTO meds_for_surgery (surgery_id,med) VALUES (394,'Aprepitant');
INSERT INTO surgery (id,date,patient_id,doctor_id) VALUES (395,'2019-12-17',52,208);
INSERT INTO meds_for_surgery (surgery_id,med) VALUES (395,'Propoxyphene');
INSERT INTO surgery (id,date,patient_id,doctor_id) VALUES (396,'2019-12-17',255,179);
INSERT INTO meds_for_surgery (surgery_id,med) VALUES (396,'Famciclovir');
INSERT INTO surgery (id,date,patient_id,doctor_id) VALUES (397,'2019-12-21',52,278);
INSERT INTO meds_for_surgery (surgery_id,med) VALUES (397,'Muromonab');
INSERT INTO surgery (id,date,patient_id,doctor_id) VALUES (398,'2019-12-07',6,247);
INSERT INTO meds_for_surgery (surgery_id,med) VALUES (398,'Diclofenac');
INSERT INTO surgery (id,date,patient_id,doctor_id) VALUES (399,'2019-12-16',390,455);
INSERT INTO meds_for_surgery (surgery_id,med) VALUES (399,'Erythromycin');
INSERT INTO surgery (id,date,patient_id,doctor_id) VALUES (400,'2019-12-07',393,91);
INSERT INTO meds_for_surgery (surgery_id,med) VALUES (400,'Carmustine');
INSERT INTO surgery (id,date,patient_id,doctor_id) VALUES (401,'2019-12-21',448,77);
INSERT INTO meds_for_surgery (surgery_id,med) VALUES (401,'Carmustine');
INSERT INTO surgery (id,date,patient_id,doctor_id) VALUES (402,'2019-12-13',266,256);
INSERT INTO meds_for_surgery (surgery_id,med) VALUES (402,'Furosemide');
INSERT INTO surgery (id,date,patient_id,doctor_id) VALUES (403,'2019-12-17',69,346);
INSERT INTO meds_for_surgery (surgery_id,med) VALUES (403,'Penicillin');
INSERT INTO surgery (id,date,patient_id,doctor_id) VALUES (404,'2019-12-05',419,199);
INSERT INTO meds_for_surgery (surgery_id,med) VALUES (404,'Famciclovir');
INSERT INTO surgery (id,date,patient_id,doctor_id) VALUES (405,'2019-12-10',253,209);
INSERT INTO meds_for_surgery (surgery_id,med) VALUES (405,'Dexamethasone');
INSERT INTO surgery (id,date,patient_id,doctor_id) VALUES (406,'2019-12-07',388,163);
INSERT INTO meds_for_surgery (surgery_id,med) VALUES (406,'Modafinil');
INSERT INTO surgery (id,date,patient_id,doctor_id) VALUES (407,'2019-12-01',371,64);
INSERT INTO meds_for_surgery (surgery_id,med) VALUES (407,'Dornase alfa');
INSERT INTO surgery (id,date,patient_id,doctor_id) VALUES (408,'2019-12-09',419,452);
INSERT INTO meds_for_surgery (surgery_id,med) VALUES (408,'Cefuroxime');
INSERT INTO surgery (id,date,patient_id,doctor_id) VALUES (409,'2019-12-13',33,40);
INSERT INTO meds_for_surgery (surgery_id,med) VALUES (409,'Sirolimus');
INSERT INTO surgery (id,date,patient_id,doctor_id) VALUES (410,'2019-12-22',360,278);
INSERT INTO meds_for_surgery (surgery_id,med) VALUES (410,'Alendronate');
INSERT INTO surgery (id,date,patient_id,doctor_id) VALUES (411,'2019-12-02',192,64);
INSERT INTO meds_for_surgery (surgery_id,med) VALUES (411,'Gefitinib');
INSERT INTO surgery (id,date,patient_id,doctor_id) VALUES (412,'2019-12-27',252,175);
INSERT INTO meds_for_surgery (surgery_id,med) VALUES (412,'Famciclovir');
INSERT INTO surgery (id,date,patient_id,doctor_id) VALUES (413,'2019-12-23',389,45);
INSERT INTO meds_for_surgery (surgery_id,med) VALUES (413,'Tacrolimus');
INSERT INTO surgery (id,date,patient_id,doctor_id) VALUES (414,'2019-12-25',499,421);
INSERT INTO meds_for_surgery (surgery_id,med) VALUES (414,'Atenolol');
INSERT INTO surgery (id,date,patient_id,doctor_id) VALUES (415,'2019-11-26',146,113);
INSERT INTO meds_for_surgery (surgery_id,med) VALUES (415,'Rilpivirine');
INSERT INTO surgery (id,date,patient_id,doctor_id) VALUES (416,'2019-12-13',470,98);
INSERT INTO meds_for_surgery (surgery_id,med) VALUES (416,'Cefixime');
INSERT INTO surgery (id,date,patient_id,doctor_id) VALUES (417,'2019-12-25',308,19);
INSERT INTO meds_for_surgery (surgery_id,med) VALUES (417,'Immune');
INSERT INTO surgery (id,date,patient_id,doctor_id) VALUES (418,'2019-11-28',119,175);
INSERT INTO meds_for_surgery (surgery_id,med) VALUES (418,'Clofarabine');
INSERT INTO surgery (id,date,patient_id,doctor_id) VALUES (419,'2019-12-27',70,376);
INSERT INTO meds_for_surgery (surgery_id,med) VALUES (419,'Dronabinol');
INSERT INTO surgery (id,date,patient_id,doctor_id) VALUES (420,'2019-12-24',343,238);
INSERT INTO meds_for_surgery (surgery_id,med) VALUES (420,'Etonogestrel');
INSERT INTO surgery (id,date,patient_id,doctor_id) VALUES (421,'2019-12-24',419,396);
INSERT INTO meds_for_surgery (surgery_id,med) VALUES (421,'Atenolol');
INSERT INTO surgery (id,date,patient_id,doctor_id) VALUES (422,'2019-12-20',365,143);
INSERT INTO meds_for_surgery (surgery_id,med) VALUES (422,'Carboplatin');
INSERT INTO surgery (id,date,patient_id,doctor_id) VALUES (423,'2019-12-26',393,62);
INSERT INTO meds_for_surgery (surgery_id,med) VALUES (423,'Crizotinib');
INSERT INTO surgery (id,date,patient_id,doctor_id) VALUES (424,'2019-12-03',268,7);
INSERT INTO meds_for_surgery (surgery_id,med) VALUES (424,'Cefixime');
INSERT INTO surgery (id,date,patient_id,doctor_id) VALUES (425,'2019-12-17',242,384);
INSERT INTO meds_for_surgery (surgery_id,med) VALUES (425,'Mitoxantrone');
INSERT INTO surgery (id,date,patient_id,doctor_id) VALUES (426,'2019-12-17',419,238);
INSERT INTO meds_for_surgery (surgery_id,med) VALUES (426,'Lopinavir');
INSERT INTO surgery (id,date,patient_id,doctor_id) VALUES (427,'2019-12-23',372,145);
INSERT INTO meds_for_surgery (surgery_id,med) VALUES (427,'Tobramycin');
INSERT INTO surgery (id,date,patient_id,doctor_id) VALUES (428,'2019-12-13',419,414);
INSERT INTO meds_for_surgery (surgery_id,med) VALUES (428,'Captopril');
INSERT INTO surgery (id,date,patient_id,doctor_id) VALUES (429,'2019-12-08',400,102);
INSERT INTO meds_for_surgery (surgery_id,med) VALUES (429,'Vorinostat');
INSERT INTO surgery (id,date,patient_id,doctor_id) VALUES (430,'2019-12-15',426,210);
INSERT INTO meds_for_surgery (surgery_id,med) VALUES (430,'Norepinephrine');
INSERT INTO surgery (id,date,patient_id,doctor_id) VALUES (431,'2019-12-22',401,256);
INSERT INTO meds_for_surgery (surgery_id,med) VALUES (431,'Micafungin');
INSERT INTO surgery (id,date,patient_id,doctor_id) VALUES (432,'2019-11-25',52,300);
INSERT INTO meds_for_surgery (surgery_id,med) VALUES (432,'Voriconazole');
INSERT INTO surgery (id,date,patient_id,doctor_id) VALUES (433,'2019-12-03',75,216);
INSERT INTO meds_for_surgery (surgery_id,med) VALUES (433,'Lorazepam');
INSERT INTO surgery (id,date,patient_id,doctor_id) VALUES (434,'2019-12-17',329,129);
INSERT INTO meds_for_surgery (surgery_id,med) VALUES (434,'Etravirine');
INSERT INTO surgery (id,date,patient_id,doctor_id) VALUES (435,'2019-11-30',24,179);
INSERT INTO meds_for_surgery (surgery_id,med) VALUES (435,'Hydroxyurea');
INSERT INTO surgery (id,date,patient_id,doctor_id) VALUES (436,'2019-12-18',365,117);
INSERT INTO meds_for_surgery (surgery_id,med) VALUES (436,'Clindamycin');
INSERT INTO surgery (id,date,patient_id,doctor_id) VALUES (437,'2019-12-26',70,366);
INSERT INTO meds_for_surgery (surgery_id,med) VALUES (437,'Thiotepa');
INSERT INTO surgery (id,date,patient_id,doctor_id) VALUES (438,'2019-12-13',268,451);
INSERT INTO meds_for_surgery (surgery_id,med) VALUES (438,'Pentamidine');
INSERT INTO surgery (id,date,patient_id,doctor_id) VALUES (439,'2019-11-23',20,77);
INSERT INTO meds_for_surgery (surgery_id,med) VALUES (439,'Phenytoin');
INSERT INTO surgery (id,date,patient_id,doctor_id) VALUES (440,'2019-12-23',20,40);
INSERT INTO meds_for_surgery (surgery_id,med) VALUES (440,'Linezolid');
INSERT INTO surgery (id,date,patient_id,doctor_id) VALUES (441,'2019-12-12',385,40);
INSERT INTO meds_for_surgery (surgery_id,med) VALUES (441,'Meropenem');
INSERT INTO surgery (id,date,patient_id,doctor_id) VALUES (442,'2019-12-19',443,117);
INSERT INTO meds_for_surgery (surgery_id,med) VALUES (442,'Meropenem');
INSERT INTO surgery (id,date,patient_id,doctor_id) VALUES (443,'2019-12-02',266,247);
INSERT INTO meds_for_surgery (surgery_id,med) VALUES (443,'Phenytoin');
INSERT INTO surgery (id,date,patient_id,doctor_id) VALUES (444,'2019-12-09',38,113);
INSERT INTO meds_for_surgery (surgery_id,med) VALUES (444,'Famciclovir');
INSERT INTO surgery (id,date,patient_id,doctor_id) VALUES (445,'2019-12-20',499,260);
INSERT INTO meds_for_surgery (surgery_id,med) VALUES (445,'Dobutamine');
INSERT INTO surgery (id,date,patient_id,doctor_id) VALUES (446,'2019-12-16',63,228);
INSERT INTO meds_for_surgery (surgery_id,med) VALUES (446,'Atovaquone');
INSERT INTO surgery (id,date,patient_id,doctor_id) VALUES (447,'2019-12-11',417,41);
INSERT INTO meds_for_surgery (surgery_id,med) VALUES (447,'Methylphenidate');
INSERT INTO surgery (id,date,patient_id,doctor_id) VALUES (448,'2019-12-21',26,78);
INSERT INTO meds_for_surgery (surgery_id,med) VALUES (448,'Etravirine');
INSERT INTO surgery (id,date,patient_id,doctor_id) VALUES (449,'2019-12-10',123,199);
INSERT INTO meds_for_surgery (surgery_id,med) VALUES (449,'Deferasirox');
INSERT INTO surgery (id,date,patient_id,doctor_id) VALUES (450,'2019-12-09',52,143);
INSERT INTO meds_for_surgery (surgery_id,med) VALUES (450,'Pegfilgrastim');
INSERT INTO surgery (id,date,patient_id,doctor_id) VALUES (451,'2019-12-25',18,117);
INSERT INTO meds_for_surgery (surgery_id,med) VALUES (451,'Aprepitant');
INSERT INTO surgery (id,date,patient_id,doctor_id) VALUES (452,'2019-11-24',4,91);
INSERT INTO meds_for_surgery (surgery_id,med) VALUES (452,'Tacrolimus');
INSERT INTO surgery (id,date,patient_id,doctor_id) VALUES (453,'2019-12-12',350,357);
INSERT INTO meds_for_surgery (surgery_id,med) VALUES (453,'Mitotane');
INSERT INTO surgery (id,date,patient_id,doctor_id) VALUES (454,'2019-11-28',242,381);
INSERT INTO meds_for_surgery (surgery_id,med) VALUES (454,'Clindamycin');
INSERT INTO surgery (id,date,patient_id,doctor_id) VALUES (455,'2019-12-27',123,425);
INSERT INTO meds_for_surgery (surgery_id,med) VALUES (455,'Foscarnet');
INSERT INTO surgery (id,date,patient_id,doctor_id) VALUES (456,'2019-12-27',123,260);
INSERT INTO meds_for_surgery (surgery_id,med) VALUES (456,'Meropenem');
INSERT INTO surgery (id,date,patient_id,doctor_id) VALUES (457,'2019-12-10',231,422);
INSERT INTO meds_for_surgery (surgery_id,med) VALUES (457,'Zidovudine');
INSERT INTO surgery (id,date,patient_id,doctor_id) VALUES (458,'2019-11-25',6,208);
INSERT INTO meds_for_surgery (surgery_id,med) VALUES (458,'Etonogestrel');
INSERT INTO surgery (id,date,patient_id,doctor_id) VALUES (459,'2019-11-29',360,102);
INSERT INTO meds_for_surgery (surgery_id,med) VALUES (459,'Mycophenolate');
INSERT INTO surgery (id,date,patient_id,doctor_id) VALUES (460,'2019-12-27',482,346);
INSERT INTO meds_for_surgery (surgery_id,med) VALUES (460,'Emicizumab');
INSERT INTO surgery (id,date,patient_id,doctor_id) VALUES (461,'2019-11-24',156,486);
INSERT INTO meds_for_surgery (surgery_id,med) VALUES (461,'Metronidazole');
INSERT INTO surgery (id,date,patient_id,doctor_id) VALUES (462,'2019-12-04',139,208);
INSERT INTO meds_for_surgery (surgery_id,med) VALUES (462,'Tretinoin');
INSERT INTO surgery (id,date,patient_id,doctor_id) VALUES (463,'2019-12-22',261,199);
INSERT INTO meds_for_surgery (surgery_id,med) VALUES (463,'Amlodipine');
INSERT INTO surgery (id,date,patient_id,doctor_id) VALUES (464,'2019-12-03',470,113);
INSERT INTO meds_for_surgery (surgery_id,med) VALUES (464,'Hydromorphone');
INSERT INTO surgery (id,date,patient_id,doctor_id) VALUES (465,'2019-11-23',176,112);
INSERT INTO meds_for_surgery (surgery_id,med) VALUES (465,'Amoxicillin');
INSERT INTO surgery (id,date,patient_id,doctor_id) VALUES (466,'2019-12-26',398,78);
INSERT INTO meds_for_surgery (surgery_id,med) VALUES (466,'Elvitegravir');
INSERT INTO surgery (id,date,patient_id,doctor_id) VALUES (467,'2019-12-25',448,399);
INSERT INTO meds_for_surgery (surgery_id,med) VALUES (467,'Dinutuximab');
INSERT INTO surgery (id,date,patient_id,doctor_id) VALUES (468,'2019-12-24',43,327);
INSERT INTO meds_for_surgery (surgery_id,med) VALUES (468,'Hydrocodone');
INSERT INTO surgery (id,date,patient_id,doctor_id) VALUES (469,'2019-12-04',262,163);
INSERT INTO meds_for_surgery (surgery_id,med) VALUES (469,'Vancomycin');
INSERT INTO surgery (id,date,patient_id,doctor_id) VALUES (470,'2019-12-13',52,247);
INSERT INTO meds_for_surgery (surgery_id,med) VALUES (470,'Dasatinib');
INSERT INTO surgery (id,date,patient_id,doctor_id) VALUES (471,'2019-11-27',498,346);
INSERT INTO meds_for_surgery (surgery_id,med) VALUES (471,'Efavirenz');
INSERT INTO surgery (id,date,patient_id,doctor_id) VALUES (472,'2019-12-07',67,421);
INSERT INTO meds_for_surgery (surgery_id,med) VALUES (472,'Ifosfamide');
INSERT INTO surgery (id,date,patient_id,doctor_id) VALUES (473,'2019-11-30',388,151);
INSERT INTO meds_for_surgery (surgery_id,med) VALUES (473,'Enalapril');
INSERT INTO surgery (id,date,patient_id,doctor_id) VALUES (474,'2019-12-22',426,404);
INSERT INTO meds_for_surgery (surgery_id,med) VALUES (474,'Lopinavir');
INSERT INTO surgery (id,date,patient_id,doctor_id) VALUES (475,'2019-12-01',417,357);
INSERT INTO meds_for_surgery (surgery_id,med) VALUES (475,'Cytarabine');
INSERT INTO surgery (id,date,patient_id,doctor_id) VALUES (476,'2019-11-27',335,270);
INSERT INTO meds_for_surgery (surgery_id,med) VALUES (476,'Itraconazole');
INSERT INTO surgery (id,date,patient_id,doctor_id) VALUES (477,'2019-12-02',388,265);
INSERT INTO meds_for_surgery (surgery_id,med) VALUES (477,'Teniposide');
INSERT INTO surgery (id,date,patient_id,doctor_id) VALUES (478,'2019-11-25',334,260);
INSERT INTO meds_for_surgery (surgery_id,med) VALUES (478,'Amlodipine');
INSERT INTO surgery (id,date,patient_id,doctor_id) VALUES (479,'2019-12-13',80,247);
INSERT INTO meds_for_surgery (surgery_id,med) VALUES (479,'Meloxicam');
INSERT INTO surgery (id,date,patient_id,doctor_id) VALUES (480,'2019-12-04',229,376);
INSERT INTO meds_for_surgery (surgery_id,med) VALUES (480,'Acyclovir');
INSERT INTO surgery (id,date,patient_id,doctor_id) VALUES (481,'2019-12-08',52,355);
INSERT INTO meds_for_surgery (surgery_id,med) VALUES (481,'Levothyroxine');
INSERT INTO surgery (id,date,patient_id,doctor_id) VALUES (482,'2019-12-27',308,486);
INSERT INTO meds_for_surgery (surgery_id,med) VALUES (482,'Cladribine');
INSERT INTO surgery (id,date,patient_id,doctor_id) VALUES (483,'2019-12-25',308,113);
INSERT INTO meds_for_surgery (surgery_id,med) VALUES (483,'Irinotecan');
INSERT INTO surgery (id,date,patient_id,doctor_id) VALUES (484,'2019-11-23',499,159);
INSERT INTO meds_for_surgery (surgery_id,med) VALUES (484,'Tretinoin');
INSERT INTO surgery (id,date,patient_id,doctor_id) VALUES (485,'2019-11-24',231,151);
INSERT INTO meds_for_surgery (surgery_id,med) VALUES (485,'Eltrombopag');
INSERT INTO surgery (id,date,patient_id,doctor_id) VALUES (486,'2019-12-03',38,376);
INSERT INTO meds_for_surgery (surgery_id,med) VALUES (486,'Mesna');
INSERT INTO surgery (id,date,patient_id,doctor_id) VALUES (487,'2019-12-27',80,299);
INSERT INTO meds_for_surgery (surgery_id,med) VALUES (487,'Rasburicase');
INSERT INTO surgery (id,date,patient_id,doctor_id) VALUES (488,'2019-12-14',450,422);
INSERT INTO meds_for_surgery (surgery_id,med) VALUES (488,'Emtricitabine');
INSERT INTO surgery (id,date,patient_id,doctor_id) VALUES (489,'2019-12-22',24,44);
INSERT INTO meds_for_surgery (surgery_id,med) VALUES (489,'Interleukin');
INSERT INTO surgery (id,date,patient_id,doctor_id) VALUES (490,'2019-12-22',372,288);
INSERT INTO meds_for_surgery (surgery_id,med) VALUES (490,'Interleukin');
INSERT INTO surgery (id,date,patient_id,doctor_id) VALUES (491,'2019-12-11',6,45);
INSERT INTO meds_for_surgery (surgery_id,med) VALUES (491,'Cefixime');
INSERT INTO surgery (id,date,patient_id,doctor_id) VALUES (492,'2019-12-13',335,477);
INSERT INTO meds_for_surgery (surgery_id,med) VALUES (492,'Daunorubicin');
INSERT INTO surgery (id,date,patient_id,doctor_id) VALUES (493,'2019-11-27',498,346);
INSERT INTO meds_for_surgery (surgery_id,med) VALUES (493,'Sirolimus');
INSERT INTO surgery (id,date,patient_id,doctor_id) VALUES (494,'2019-12-11',335,175);
INSERT INTO meds_for_surgery (surgery_id,med) VALUES (494,'Ganciclovir');
INSERT INTO surgery (id,date,patient_id,doctor_id) VALUES (495,'2019-12-25',4,84);
INSERT INTO meds_for_surgery (surgery_id,med) VALUES (495,'Levothyroxine');
INSERT INTO surgery (id,date,patient_id,doctor_id) VALUES (496,'2019-11-26',390,265);
INSERT INTO meds_for_surgery (surgery_id,med) VALUES (496,'Imipenem');
INSERT INTO surgery (id,date,patient_id,doctor_id) VALUES (497,'2019-12-20',24,179);
INSERT INTO meds_for_surgery (surgery_id,med) VALUES (497,'Raltegravir');
INSERT INTO surgery (id,date,patient_id,doctor_id) VALUES (498,'2019-12-17',364,425);
INSERT INTO meds_for_surgery (surgery_id,med) VALUES (498,'Lamivudine');
INSERT INTO surgery (id,date,patient_id,doctor_id) VALUES (499,'2019-12-01',137,208);
INSERT INTO meds_for_surgery (surgery_id,med) VALUES (499,'Cephalexin');
INSERT INTO surgery (id,date,patient_id,doctor_id) VALUES (500,'2019-11-27',123,451);
INSERT INTO meds_for_surgery (surgery_id,med) VALUES (500,'Megestrol acetate');
INSERT INTO surgery (id,date,patient_id,doctor_id) VALUES (501,'2019-12-27',400,40);
INSERT INTO meds_for_surgery (surgery_id,med) VALUES (501,'GM-CSF');
INSERT INTO surgery (id,date,patient_id,doctor_id) VALUES (502,'2019-12-03',360,270);
INSERT INTO meds_for_surgery (surgery_id,med) VALUES (502,'Trimethoprim');
INSERT INTO surgery (id,date,patient_id,doctor_id) VALUES (503,'2019-12-03',53,209);
INSERT INTO meds_for_surgery (surgery_id,med) VALUES (503,'Alendronate');
INSERT INTO surgery (id,date,patient_id,doctor_id) VALUES (504,'2019-11-27',75,355);
INSERT INTO meds_for_surgery (surgery_id,med) VALUES (504,'Hydrocortisone');
INSERT INTO surgery (id,date,patient_id,doctor_id) VALUES (505,'2019-12-07',334,270);
INSERT INTO meds_for_surgery (surgery_id,med) VALUES (505,'Gemcitabine');
INSERT INTO surgery (id,date,patient_id,doctor_id) VALUES (506,'2019-12-03',52,386);
INSERT INTO meds_for_surgery (surgery_id,med) VALUES (506,'Lorazepam');
INSERT INTO surgery (id,date,patient_id,doctor_id) VALUES (507,'2019-12-01',233,238);
INSERT INTO meds_for_surgery (surgery_id,med) VALUES (507,'Rasburicase');
INSERT INTO surgery (id,date,patient_id,doctor_id) VALUES (508,'2019-12-24',63,117);
INSERT INTO meds_for_surgery (surgery_id,med) VALUES (508,'Dinutuximab');
INSERT INTO surgery (id,date,patient_id,doctor_id) VALUES (509,'2019-12-18',53,478);
INSERT INTO meds_for_surgery (surgery_id,med) VALUES (509,'Imipenem');
INSERT INTO surgery (id,date,patient_id,doctor_id) VALUES (510,'2019-12-17',426,451);
INSERT INTO meds_for_surgery (surgery_id,med) VALUES (510,'Calcium');
INSERT INTO surgery (id,date,patient_id,doctor_id) VALUES (511,'2019-12-17',70,129);
INSERT INTO meds_for_surgery (surgery_id,med) VALUES (511,'Cyclosporine');
INSERT INTO surgery (id,date,patient_id,doctor_id) VALUES (512,'2019-12-09',43,228);
INSERT INTO meds_for_surgery (surgery_id,med) VALUES (512,'G-CSF');
INSERT INTO surgery (id,date,patient_id,doctor_id) VALUES (513,'2019-12-18',335,102);
INSERT INTO meds_for_surgery (surgery_id,med) VALUES (513,'Asparaginase');
INSERT INTO surgery (id,date,patient_id,doctor_id) VALUES (514,'2019-11-27',146,102);
INSERT INTO meds_for_surgery (surgery_id,med) VALUES (514,'Carmustine');
INSERT INTO surgery (id,date,patient_id,doctor_id) VALUES (515,'2019-12-12',443,61);
INSERT INTO meds_for_surgery (surgery_id,med) VALUES (515,'Pemetrexed');
INSERT INTO surgery (id,date,patient_id,doctor_id) VALUES (516,'2019-12-15',449,454);
INSERT INTO meds_for_surgery (surgery_id,med) VALUES (516,'Warfarin');
INSERT INTO surgery (id,date,patient_id,doctor_id) VALUES (517,'2019-12-23',63,427);
INSERT INTO meds_for_surgery (surgery_id,med) VALUES (517,'Alendronate');
INSERT INTO surgery (id,date,patient_id,doctor_id) VALUES (518,'2019-12-07',18,404);
INSERT INTO meds_for_surgery (surgery_id,med) VALUES (518,'Clindamycin');
INSERT INTO surgery (id,date,patient_id,doctor_id) VALUES (519,'2019-11-23',229,288);
INSERT INTO meds_for_surgery (surgery_id,med) VALUES (519,'Clarithromycin');
INSERT INTO surgery (id,date,patient_id,doctor_id) VALUES (520,'2019-12-08',285,45);
INSERT INTO meds_for_surgery (surgery_id,med) VALUES (520,'Celecoxib');
INSERT INTO surgery (id,date,patient_id,doctor_id) VALUES (521,'2019-12-03',4,265);
INSERT INTO meds_for_surgery (surgery_id,med) VALUES (521,'Phenytoin');
INSERT INTO surgery (id,date,patient_id,doctor_id) VALUES (522,'2019-12-22',273,290);
INSERT INTO meds_for_surgery (surgery_id,med) VALUES (522,'Thioguanine');
INSERT INTO surgery (id,date,patient_id,doctor_id) VALUES (523,'2019-12-20',176,216);
INSERT INTO meds_for_surgery (surgery_id,med) VALUES (523,'Raltegravir');
INSERT INTO surgery (id,date,patient_id,doctor_id) VALUES (524,'2019-12-14',63,422);
INSERT INTO meds_for_surgery (surgery_id,med) VALUES (524,'Fludarabine');
INSERT INTO surgery (id,date,patient_id,doctor_id) VALUES (525,'2019-12-10',312,386);
INSERT INTO meds_for_surgery (surgery_id,med) VALUES (525,'Leucovorin');
INSERT INTO surgery (id,date,patient_id,doctor_id) VALUES (526,'2019-11-28',450,397);
INSERT INTO meds_for_surgery (surgery_id,med) VALUES (526,'Nelfinavir');
INSERT INTO surgery (id,date,patient_id,doctor_id) VALUES (527,'2019-12-07',431,451);
INSERT INTO meds_for_surgery (surgery_id,med) VALUES (527,'Enalapril');
INSERT INTO surgery (id,date,patient_id,doctor_id) VALUES (528,'2019-12-19',229,452);
INSERT INTO meds_for_surgery (surgery_id,med) VALUES (528,'Lorazepam');
INSERT INTO surgery (id,date,patient_id,doctor_id) VALUES (529,'2019-12-12',343,175);
INSERT INTO meds_for_surgery (surgery_id,med) VALUES (529,'Ruxolitinib');
INSERT INTO surgery (id,date,patient_id,doctor_id) VALUES (530,'2019-12-01',360,131);
INSERT INTO meds_for_surgery (surgery_id,med) VALUES (530,'Rilpivirine');
INSERT INTO surgery (id,date,patient_id,doctor_id) VALUES (531,'2019-12-02',449,125);
INSERT INTO meds_for_surgery (surgery_id,med) VALUES (531,'Melphalan');
INSERT INTO surgery (id,date,patient_id,doctor_id) VALUES (532,'2019-12-07',449,78);
INSERT INTO meds_for_surgery (surgery_id,med) VALUES (532,'Potassium');
INSERT INTO surgery (id,date,patient_id,doctor_id) VALUES (533,'2019-11-30',493,260);
INSERT INTO meds_for_surgery (surgery_id,med) VALUES (533,'Dasatinib');
INSERT INTO surgery (id,date,patient_id,doctor_id) VALUES (534,'2019-11-28',63,16);
INSERT INTO meds_for_surgery (surgery_id,med) VALUES (534,'Clobazam');
INSERT INTO surgery (id,date,patient_id,doctor_id) VALUES (535,'2019-12-04',335,381);
INSERT INTO meds_for_surgery (surgery_id,med) VALUES (535,'Interferon');
INSERT INTO surgery (id,date,patient_id,doctor_id) VALUES (536,'2019-12-25',285,64);
INSERT INTO meds_for_surgery (surgery_id,med) VALUES (536,'Erythromycin');
INSERT INTO surgery (id,date,patient_id,doctor_id) VALUES (537,'2019-12-01',372,425);
INSERT INTO meds_for_surgery (surgery_id,med) VALUES (537,'Micafungin');
INSERT INTO surgery (id,date,patient_id,doctor_id) VALUES (538,'2019-12-21',398,355);
INSERT INTO meds_for_surgery (surgery_id,med) VALUES (538,'Pemetrexed');
INSERT INTO surgery (id,date,patient_id,doctor_id) VALUES (539,'2019-12-07',46,355);
INSERT INTO meds_for_surgery (surgery_id,med) VALUES (539,'Dactinomycin');
INSERT INTO surgery (id,date,patient_id,doctor_id) VALUES (540,'2019-12-09',156,451);
INSERT INTO meds_for_surgery (surgery_id,med) VALUES (540,'Cephalexin');
INSERT INTO surgery (id,date,patient_id,doctor_id) VALUES (541,'2019-12-05',285,113);
INSERT INTO meds_for_surgery (surgery_id,med) VALUES (541,'Phosphorus');
INSERT INTO surgery (id,date,patient_id,doctor_id) VALUES (542,'2019-11-26',69,478);
INSERT INTO meds_for_surgery (surgery_id,med) VALUES (542,'Thioguanine');
INSERT INTO surgery (id,date,patient_id,doctor_id) VALUES (543,'2019-12-13',312,425);
INSERT INTO meds_for_surgery (surgery_id,med) VALUES (543,'Lomustine');
INSERT INTO surgery (id,date,patient_id,doctor_id) VALUES (544,'2019-12-26',499,425);
INSERT INTO meds_for_surgery (surgery_id,med) VALUES (544,'Atenolol');
INSERT INTO surgery (id,date,patient_id,doctor_id) VALUES (545,'2019-12-18',417,376);
INSERT INTO meds_for_surgery (surgery_id,med) VALUES (545,'Omeprazole');
INSERT INTO surgery (id,date,patient_id,doctor_id) VALUES (546,'2019-12-16',80,129);
INSERT INTO meds_for_surgery (surgery_id,med) VALUES (546,'Zidovudine');
INSERT INTO surgery (id,date,patient_id,doctor_id) VALUES (547,'2019-11-27',251,175);
INSERT INTO meds_for_surgery (surgery_id,med) VALUES (547,'Ranitidine');
INSERT INTO surgery (id,date,patient_id,doctor_id) VALUES (548,'2019-12-26',69,42);
INSERT INTO meds_for_surgery (surgery_id,med) VALUES (548,'Dexamethasone');
INSERT INTO surgery (id,date,patient_id,doctor_id) VALUES (549,'2019-12-13',67,397);
INSERT INTO meds_for_surgery (surgery_id,med) VALUES (549,'Linezolid');
INSERT INTO surgery (id,date,patient_id,doctor_id) VALUES (550,'2019-12-24',26,397);
INSERT INTO meds_for_surgery (surgery_id,med) VALUES (550,'Furosemide');
INSERT INTO surgery (id,date,patient_id,doctor_id) VALUES (551,'2019-12-04',371,247);
INSERT INTO meds_for_surgery (surgery_id,med) VALUES (551,'Ritonavir');
INSERT INTO surgery (id,date,patient_id,doctor_id) VALUES (552,'2019-11-30',360,41);
INSERT INTO meds_for_surgery (surgery_id,med) VALUES (552,'Atenolol');
INSERT INTO surgery (id,date,patient_id,doctor_id) VALUES (553,'2019-11-25',26,209);
INSERT INTO meds_for_surgery (surgery_id,med) VALUES (553,'Modafinil');
INSERT INTO surgery (id,date,patient_id,doctor_id) VALUES (554,'2019-12-08',38,216);
INSERT INTO meds_for_surgery (surgery_id,med) VALUES (554,'Promethazine');
INSERT INTO surgery (id,date,patient_id,doctor_id) VALUES (555,'2019-11-25',350,326);
INSERT INTO meds_for_surgery (surgery_id,med) VALUES (555,'Sirolimus');
INSERT INTO surgery (id,date,patient_id,doctor_id) VALUES (556,'2019-11-27',449,16);
INSERT INTO meds_for_surgery (surgery_id,med) VALUES (556,'Mesna');
INSERT INTO surgery (id,date,patient_id,doctor_id) VALUES (557,'2019-12-10',498,44);
INSERT INTO meds_for_surgery (surgery_id,med) VALUES (557,'Cephalexin');
INSERT INTO surgery (id,date,patient_id,doctor_id) VALUES (558,'2019-12-10',460,414);
INSERT INTO meds_for_surgery (surgery_id,med) VALUES (558,'Methylphenidate');
INSERT INTO surgery (id,date,patient_id,doctor_id) VALUES (559,'2019-11-28',419,102);
INSERT INTO meds_for_surgery (surgery_id,med) VALUES (559,'Tobramycin');
INSERT INTO surgery (id,date,patient_id,doctor_id) VALUES (560,'2019-12-07',499,84);
INSERT INTO meds_for_surgery (surgery_id,med) VALUES (560,'Raltegravir');
INSERT INTO surgery (id,date,patient_id,doctor_id) VALUES (561,'2019-12-24',385,265);
INSERT INTO meds_for_surgery (surgery_id,med) VALUES (561,'Levothyroxine');
INSERT INTO surgery (id,date,patient_id,doctor_id) VALUES (562,'2019-11-26',481,386);
INSERT INTO meds_for_surgery (surgery_id,med) VALUES (562,'Irinotecan');
INSERT INTO surgery (id,date,patient_id,doctor_id) VALUES (563,'2019-12-05',385,396);
INSERT INTO meds_for_surgery (surgery_id,med) VALUES (563,'Vincristine');
INSERT INTO surgery (id,date,patient_id,doctor_id) VALUES (564,'2019-12-19',53,208);
INSERT INTO meds_for_surgery (surgery_id,med) VALUES (564,'Irinotecan');
INSERT INTO surgery (id,date,patient_id,doctor_id) VALUES (565,'2019-12-07',192,113);
INSERT INTO meds_for_surgery (surgery_id,med) VALUES (565,'Itraconazole');
INSERT INTO surgery (id,date,patient_id,doctor_id) VALUES (566,'2019-12-21',449,84);
INSERT INTO meds_for_surgery (surgery_id,med) VALUES (566,'Cyclophosphamide');
INSERT INTO surgery (id,date,patient_id,doctor_id) VALUES (567,'2019-12-08',498,491);
INSERT INTO meds_for_surgery (surgery_id,med) VALUES (567,'Tretinoin');
INSERT INTO surgery (id,date,patient_id,doctor_id) VALUES (568,'2019-12-26',192,238);
INSERT INTO meds_for_surgery (surgery_id,med) VALUES (568,'Methylphenidate');
INSERT INTO surgery (id,date,patient_id,doctor_id) VALUES (569,'2019-12-26',440,44);
INSERT INTO meds_for_surgery (surgery_id,med) VALUES (569,'Sucralfate');
INSERT INTO surgery (id,date,patient_id,doctor_id) VALUES (570,'2019-12-14',229,84);
INSERT INTO meds_for_surgery (surgery_id,med) VALUES (570,'Ondansetron');
INSERT INTO surgery (id,date,patient_id,doctor_id) VALUES (571,'2019-12-24',350,112);
INSERT INTO meds_for_surgery (surgery_id,med) VALUES (571,'Tretinoin');
INSERT INTO surgery (id,date,patient_id,doctor_id) VALUES (572,'2019-12-15',253,386);
INSERT INTO meds_for_surgery (surgery_id,med) VALUES (572,'Rivaroxaban');
INSERT INTO surgery (id,date,patient_id,doctor_id) VALUES (573,'2019-12-13',343,91);
INSERT INTO meds_for_surgery (surgery_id,med) VALUES (573,'Dacarbazine');
INSERT INTO surgery (id,date,patient_id,doctor_id) VALUES (574,'2019-11-24',13,216);
INSERT INTO meds_for_surgery (surgery_id,med) VALUES (574,'Gefitinib');
INSERT INTO surgery (id,date,patient_id,doctor_id) VALUES (575,'2019-11-23',253,45);
INSERT INTO meds_for_surgery (surgery_id,med) VALUES (575,'Dronabinol');
INSERT INTO surgery (id,date,patient_id,doctor_id) VALUES (576,'2019-12-01',52,288);
INSERT INTO meds_for_surgery (surgery_id,med) VALUES (576,'Cyproheptadine');
INSERT INTO surgery (id,date,patient_id,doctor_id) VALUES (577,'2019-11-26',26,45);
INSERT INTO meds_for_surgery (surgery_id,med) VALUES (577,'Vancomycin');
INSERT INTO surgery (id,date,patient_id,doctor_id) VALUES (578,'2019-12-17',33,98);
INSERT INTO meds_for_surgery (surgery_id,med) VALUES (578,'PEGaspargase');
INSERT INTO surgery (id,date,patient_id,doctor_id) VALUES (579,'2019-12-05',450,495);
INSERT INTO meds_for_surgery (surgery_id,med) VALUES (579,'Dinutuximab');
INSERT INTO surgery (id,date,patient_id,doctor_id) VALUES (580,'2019-12-02',230,19);
INSERT INTO meds_for_surgery (surgery_id,med) VALUES (580,'Propoxyphene');
INSERT INTO surgery (id,date,patient_id,doctor_id) VALUES (581,'2019-12-11',119,117);
INSERT INTO meds_for_surgery (surgery_id,med) VALUES (581,'Meperidine');
INSERT INTO surgery (id,date,patient_id,doctor_id) VALUES (582,'2019-12-27',450,159);
INSERT INTO meds_for_surgery (surgery_id,med) VALUES (582,'Gabapentin');
INSERT INTO surgery (id,date,patient_id,doctor_id) VALUES (583,'2019-12-12',334,66);
INSERT INTO meds_for_surgery (surgery_id,med) VALUES (583,'Tacrolimus');
INSERT INTO surgery (id,date,patient_id,doctor_id) VALUES (584,'2019-12-06',335,44);
INSERT INTO meds_for_surgery (surgery_id,med) VALUES (584,'Gabapentin');
INSERT INTO surgery (id,date,patient_id,doctor_id) VALUES (585,'2019-12-17',493,66);
INSERT INTO meds_for_surgery (surgery_id,med) VALUES (585,'Sorafenib');
INSERT INTO surgery (id,date,patient_id,doctor_id) VALUES (586,'2019-12-14',4,454);
INSERT INTO meds_for_surgery (surgery_id,med) VALUES (586,'Erlotinib');
INSERT INTO surgery (id,date,patient_id,doctor_id) VALUES (587,'2019-12-09',46,7);
INSERT INTO meds_for_surgery (surgery_id,med) VALUES (587,'Phosphorus');
INSERT INTO surgery (id,date,patient_id,doctor_id) VALUES (588,'2019-12-16',460,427);
INSERT INTO meds_for_surgery (surgery_id,med) VALUES (588,'Clarithromycin');
INSERT INTO surgery (id,date,patient_id,doctor_id) VALUES (589,'2019-12-15',498,300);
INSERT INTO meds_for_surgery (surgery_id,med) VALUES (589,'Mercaptopurine');
INSERT INTO surgery (id,date,patient_id,doctor_id) VALUES (590,'2019-12-10',70,102);
INSERT INTO meds_for_surgery (surgery_id,med) VALUES (590,'Ceftazidime');
INSERT INTO surgery (id,date,patient_id,doctor_id) VALUES (591,'2019-11-27',188,151);
INSERT INTO meds_for_surgery (surgery_id,med) VALUES (591,'Potassium');
INSERT INTO surgery (id,date,patient_id,doctor_id) VALUES (592,'2019-12-02',253,477);
INSERT INTO meds_for_surgery (surgery_id,med) VALUES (592,'Micafungin');
INSERT INTO surgery (id,date,patient_id,doctor_id) VALUES (593,'2019-12-15',308,91);
INSERT INTO meds_for_surgery (surgery_id,med) VALUES (593,'Vinblastine');
INSERT INTO surgery (id,date,patient_id,doctor_id) VALUES (594,'2019-11-26',86,19);
INSERT INTO meds_for_surgery (surgery_id,med) VALUES (594,'Mesna');
INSERT INTO surgery (id,date,patient_id,doctor_id) VALUES (595,'2019-12-06',329,117);
INSERT INTO meds_for_surgery (surgery_id,med) VALUES (595,'Heparin');
INSERT INTO surgery (id,date,patient_id,doctor_id) VALUES (596,'2019-11-26',273,125);
INSERT INTO meds_for_surgery (surgery_id,med) VALUES (596,'Trimethoprim');
INSERT INTO surgery (id,date,patient_id,doctor_id) VALUES (597,'2019-12-08',460,346);
INSERT INTO meds_for_surgery (surgery_id,med) VALUES (597,'Cyclosporine');
INSERT INTO surgery (id,date,patient_id,doctor_id) VALUES (598,'2019-12-10',83,45);
INSERT INTO meds_for_surgery (surgery_id,med) VALUES (598,'Lamivudine');
INSERT INTO surgery (id,date,patient_id,doctor_id) VALUES (599,'2019-12-26',38,404);
INSERT INTO meds_for_surgery (surgery_id,med) VALUES (599,'Acyclovir');
INSERT INTO surgery (id,date,patient_id,doctor_id) VALUES (600,'2019-12-03',242,238);
INSERT INTO meds_for_surgery (surgery_id,med) VALUES (600,'Cefepime');
INSERT INTO surgery (id,date,patient_id,doctor_id) VALUES (601,'2019-12-20',426,238);
INSERT INTO meds_for_surgery (surgery_id,med) VALUES (601,'Mycophenolate');
INSERT INTO surgery (id,date,patient_id,doctor_id) VALUES (602,'2019-12-12',334,376);
INSERT INTO meds_for_surgery (surgery_id,med) VALUES (602,'Interferon');
INSERT INTO surgery (id,date,patient_id,doctor_id) VALUES (603,'2019-12-13',365,228);
INSERT INTO meds_for_surgery (surgery_id,med) VALUES (603,'Abacavir');
INSERT INTO surgery (id,date,patient_id,doctor_id) VALUES (604,'2019-11-30',469,62);
INSERT INTO meds_for_surgery (surgery_id,med) VALUES (604,'Hydralazine');
INSERT INTO surgery (id,date,patient_id,doctor_id) VALUES (605,'2019-12-14',449,84);
INSERT INTO meds_for_surgery (surgery_id,med) VALUES (605,'Methotrexate');
INSERT INTO surgery (id,date,patient_id,doctor_id) VALUES (606,'2019-12-16',69,247);
INSERT INTO meds_for_surgery (surgery_id,med) VALUES (606,'Erythromycin');
INSERT INTO surgery (id,date,patient_id,doctor_id) VALUES (607,'2019-12-02',372,404);
INSERT INTO meds_for_surgery (surgery_id,med) VALUES (607,'Rivaroxaban');
INSERT INTO surgery (id,date,patient_id,doctor_id) VALUES (608,'2019-11-24',308,40);
INSERT INTO meds_for_surgery (surgery_id,med) VALUES (608,'Amifostine');
INSERT INTO surgery (id,date,patient_id,doctor_id) VALUES (609,'2019-12-17',176,260);
INSERT INTO meds_for_surgery (surgery_id,med) VALUES (609,'Oxycodone');
INSERT INTO surgery (id,date,patient_id,doctor_id) VALUES (610,'2019-11-27',389,478);
INSERT INTO meds_for_surgery (surgery_id,med) VALUES (610,'Desmopressin');
INSERT INTO surgery (id,date,patient_id,doctor_id) VALUES (611,'2019-12-08',328,247);
INSERT INTO meds_for_surgery (surgery_id,med) VALUES (611,'Alendronate');
INSERT INTO surgery (id,date,patient_id,doctor_id) VALUES (612,'2019-11-23',242,386);
INSERT INTO meds_for_surgery (surgery_id,med) VALUES (612,'Lamivudine');
INSERT INTO surgery (id,date,patient_id,doctor_id) VALUES (613,'2019-12-05',470,77);
INSERT INTO meds_for_surgery (surgery_id,med) VALUES (613,'Enalapril');
INSERT INTO surgery (id,date,patient_id,doctor_id) VALUES (614,'2019-12-02',252,16);
INSERT INTO meds_for_surgery (surgery_id,med) VALUES (614,'Diclofenac');
INSERT INTO surgery (id,date,patient_id,doctor_id) VALUES (615,'2019-12-17',255,228);
INSERT INTO meds_for_surgery (surgery_id,med) VALUES (615,'Raltegravir');
INSERT INTO surgery (id,date,patient_id,doctor_id) VALUES (616,'2019-12-05',52,451);
INSERT INTO meds_for_surgery (surgery_id,med) VALUES (616,'Cefixime');
INSERT INTO surgery (id,date,patient_id,doctor_id) VALUES (617,'2019-12-06',312,265);
INSERT INTO meds_for_surgery (surgery_id,med) VALUES (617,'Phenobarbital');
INSERT INTO surgery (id,date,patient_id,doctor_id) VALUES (618,'2019-12-12',360,366);
INSERT INTO meds_for_surgery (surgery_id,med) VALUES (618,'Posaconazole');
INSERT INTO surgery (id,date,patient_id,doctor_id) VALUES (619,'2019-12-16',460,422);
INSERT INTO meds_for_surgery (surgery_id,med) VALUES (619,'Atovaquone');
INSERT INTO surgery (id,date,patient_id,doctor_id) VALUES (620,'2019-12-01',443,357);
INSERT INTO meds_for_surgery (surgery_id,med) VALUES (620,'Modafinil');
INSERT INTO surgery (id,date,patient_id,doctor_id) VALUES (621,'2019-11-26',70,454);
INSERT INTO meds_for_surgery (surgery_id,med) VALUES (621,'Prednisone');
INSERT INTO surgery (id,date,patient_id,doctor_id) VALUES (622,'2019-12-12',83,66);
INSERT INTO meds_for_surgery (surgery_id,med) VALUES (622,'Dinutuximab');
INSERT INTO surgery (id,date,patient_id,doctor_id) VALUES (623,'2019-11-26',268,491);
INSERT INTO meds_for_surgery (surgery_id,med) VALUES (623,'Isotretinoin');
INSERT INTO surgery (id,date,patient_id,doctor_id) VALUES (624,'2019-12-09',335,199);
INSERT INTO meds_for_surgery (surgery_id,med) VALUES (624,'Teniposide');
INSERT INTO surgery (id,date,patient_id,doctor_id) VALUES (625,'2019-11-24',417,16);
INSERT INTO meds_for_surgery (surgery_id,med) VALUES (625,'Enalapril');
INSERT INTO surgery (id,date,patient_id,doctor_id) VALUES (626,'2019-11-25',460,256);
INSERT INTO meds_for_surgery (surgery_id,med) VALUES (626,'Hydrocodone');
INSERT INTO surgery (id,date,patient_id,doctor_id) VALUES (627,'2019-12-25',46,495);
INSERT INTO meds_for_surgery (surgery_id,med) VALUES (627,'Doxorubicin');
INSERT INTO surgery (id,date,patient_id,doctor_id) VALUES (628,'2019-12-16',350,479);
INSERT INTO meds_for_surgery (surgery_id,med) VALUES (628,'Teniposide');
INSERT INTO surgery (id,date,patient_id,doctor_id) VALUES (629,'2019-12-11',498,163);
INSERT INTO meds_for_surgery (surgery_id,med) VALUES (629,'Saquinavir');
INSERT INTO surgery (id,date,patient_id,doctor_id) VALUES (630,'2019-12-21',252,7);
INSERT INTO meds_for_surgery (surgery_id,med) VALUES (630,'Enalapril');
INSERT INTO surgery (id,date,patient_id,doctor_id) VALUES (631,'2019-11-29',448,199);
INSERT INTO meds_for_surgery (surgery_id,med) VALUES (631,'Sunitinib');
INSERT INTO surgery (id,date,patient_id,doctor_id) VALUES (632,'2019-12-18',328,129);
INSERT INTO meds_for_surgery (surgery_id,med) VALUES (632,'Thioguanine');
INSERT INTO surgery (id,date,patient_id,doctor_id) VALUES (633,'2019-12-13',443,427);
INSERT INTO meds_for_surgery (surgery_id,med) VALUES (633,'Ganciclovir');
INSERT INTO surgery (id,date,patient_id,doctor_id) VALUES (634,'2019-12-04',460,486);
INSERT INTO meds_for_surgery (surgery_id,med) VALUES (634,'Celecoxib');
INSERT INTO surgery (id,date,patient_id,doctor_id) VALUES (635,'2019-12-19',390,98);
INSERT INTO meds_for_surgery (surgery_id,med) VALUES (635,'Cefuroxime');
INSERT INTO surgery (id,date,patient_id,doctor_id) VALUES (636,'2019-12-04',20,42);
INSERT INTO meds_for_surgery (surgery_id,med) VALUES (636,'Prednisone');
INSERT INTO surgery (id,date,patient_id,doctor_id) VALUES (637,'2019-12-27',253,125);
INSERT INTO meds_for_surgery (surgery_id,med) VALUES (637,'Megestrol acetate');
INSERT INTO surgery (id,date,patient_id,doctor_id) VALUES (638,'2019-12-10',329,66);
INSERT INTO meds_for_surgery (surgery_id,med) VALUES (638,'Linezolid');
INSERT INTO surgery (id,date,patient_id,doctor_id) VALUES (639,'2019-12-24',253,346);
INSERT INTO meds_for_surgery (surgery_id,med) VALUES (639,'Emtricitabine');
INSERT INTO surgery (id,date,patient_id,doctor_id) VALUES (640,'2019-12-03',360,386);
INSERT INTO meds_for_surgery (surgery_id,med) VALUES (640,'Atenolol');
INSERT INTO surgery (id,date,patient_id,doctor_id) VALUES (641,'2019-12-17',308,143);
INSERT INTO meds_for_surgery (surgery_id,med) VALUES (641,'Mycophenolate');
INSERT INTO surgery (id,date,patient_id,doctor_id) VALUES (642,'2019-11-23',308,19);
INSERT INTO meds_for_surgery (surgery_id,med) VALUES (642,'Asparaginase');
INSERT INTO surgery (id,date,patient_id,doctor_id) VALUES (643,'2019-12-18',493,151);
INSERT INTO meds_for_surgery (surgery_id,med) VALUES (643,'Alemtuzumab');
INSERT INTO surgery (id,date,patient_id,doctor_id) VALUES (644,'2019-12-15',63,113);
INSERT INTO meds_for_surgery (surgery_id,med) VALUES (644,'Pentamidine');
INSERT INTO surgery (id,date,patient_id,doctor_id) VALUES (645,'2019-11-28',328,210);
INSERT INTO meds_for_surgery (surgery_id,med) VALUES (645,'Methadone');
INSERT INTO surgery (id,date,patient_id,doctor_id) VALUES (646,'2019-12-21',493,260);
INSERT INTO meds_for_surgery (surgery_id,med) VALUES (646,'Muromonab');
INSERT INTO surgery (id,date,patient_id,doctor_id) VALUES (647,'2019-11-30',24,427);
INSERT INTO meds_for_surgery (surgery_id,med) VALUES (647,'Cefuroxime');
INSERT INTO surgery (id,date,patient_id,doctor_id) VALUES (648,'2019-12-05',268,163);
INSERT INTO meds_for_surgery (surgery_id,med) VALUES (648,'Bosentan');
INSERT INTO surgery (id,date,patient_id,doctor_id) VALUES (649,'2019-12-15',63,397);
INSERT INTO meds_for_surgery (surgery_id,med) VALUES (649,'Melphalan');
INSERT INTO surgery (id,date,patient_id,doctor_id) VALUES (650,'2019-11-25',431,44);
INSERT INTO meds_for_surgery (surgery_id,med) VALUES (650,'Posaconazole');
INSERT INTO surgery (id,date,patient_id,doctor_id) VALUES (651,'2019-12-08',388,397);
INSERT INTO meds_for_surgery (surgery_id,med) VALUES (651,'Cephalexin');
INSERT INTO surgery (id,date,patient_id,doctor_id) VALUES (652,'2019-12-04',18,326);
INSERT INTO meds_for_surgery (surgery_id,med) VALUES (652,'Pegfilgrastim');
INSERT INTO surgery (id,date,patient_id,doctor_id) VALUES (653,'2019-11-28',154,44);
INSERT INTO meds_for_surgery (surgery_id,med) VALUES (653,'Morphine');
INSERT INTO surgery (id,date,patient_id,doctor_id) VALUES (654,'2019-11-27',4,210);
INSERT INTO meds_for_surgery (surgery_id,med) VALUES (654,'Muromonab');
INSERT INTO surgery (id,date,patient_id,doctor_id) VALUES (655,'2019-12-01',251,64);
INSERT INTO meds_for_surgery (surgery_id,med) VALUES (655,'Mitotane');
INSERT INTO surgery (id,date,patient_id,doctor_id) VALUES (656,'2019-12-25',443,495);
INSERT INTO meds_for_surgery (surgery_id,med) VALUES (656,'L-glutamine');
INSERT INTO surgery (id,date,patient_id,doctor_id) VALUES (657,'2019-12-23',398,404);
INSERT INTO meds_for_surgery (surgery_id,med) VALUES (657,'Lopinavir');
INSERT INTO surgery (id,date,patient_id,doctor_id) VALUES (658,'2019-11-30',69,265);
INSERT INTO meds_for_surgery (surgery_id,med) VALUES (658,'Pemetrexed');
INSERT INTO surgery (id,date,patient_id,doctor_id) VALUES (659,'2019-11-23',400,117);
INSERT INTO meds_for_surgery (surgery_id,med) VALUES (659,'Teniposide');
INSERT INTO surgery (id,date,patient_id,doctor_id) VALUES (660,'2019-12-18',86,455);
INSERT INTO meds_for_surgery (surgery_id,med) VALUES (660,'Meropenem');
INSERT INTO surgery (id,date,patient_id,doctor_id) VALUES (661,'2019-12-01',154,421);
INSERT INTO meds_for_surgery (surgery_id,med) VALUES (661,'Lomustine');
INSERT INTO surgery (id,date,patient_id,doctor_id) VALUES (662,'2019-11-25',156,64);
INSERT INTO meds_for_surgery (surgery_id,med) VALUES (662,'Erythropoietin');
INSERT INTO surgery (id,date,patient_id,doctor_id) VALUES (663,'2019-12-16',195,179);
INSERT INTO meds_for_surgery (surgery_id,med) VALUES (663,'GM-CSF');
INSERT INTO surgery (id,date,patient_id,doctor_id) VALUES (664,'2019-11-25',385,299);
INSERT INTO meds_for_surgery (surgery_id,med) VALUES (664,'G-CSF');
INSERT INTO surgery (id,date,patient_id,doctor_id) VALUES (665,'2019-12-12',229,16);
INSERT INTO meds_for_surgery (surgery_id,med) VALUES (665,'Rilpivirine');
INSERT INTO surgery (id,date,patient_id,doctor_id) VALUES (666,'2019-12-03',350,91);
INSERT INTO meds_for_surgery (surgery_id,med) VALUES (666,'Aminocaproic Acid');
INSERT INTO surgery (id,date,patient_id,doctor_id) VALUES (667,'2019-12-09',215,427);
INSERT INTO meds_for_surgery (surgery_id,med) VALUES (667,'Dapsone');
INSERT INTO surgery (id,date,patient_id,doctor_id) VALUES (668,'2019-12-14',63,326);
INSERT INTO meds_for_surgery (surgery_id,med) VALUES (668,'Aprepitant');
INSERT INTO surgery (id,date,patient_id,doctor_id) VALUES (669,'2019-12-02',440,477);
INSERT INTO meds_for_surgery (surgery_id,med) VALUES (669,'Bortezomib');
INSERT INTO surgery (id,date,patient_id,doctor_id) VALUES (670,'2019-12-12',328,478);
INSERT INTO meds_for_surgery (surgery_id,med) VALUES (670,'Diclofenac');
INSERT INTO surgery (id,date,patient_id,doctor_id) VALUES (671,'2019-12-18',253,102);
INSERT INTO meds_for_surgery (surgery_id,med) VALUES (671,'Dacarbazine');
INSERT INTO surgery (id,date,patient_id,doctor_id) VALUES (672,'2019-12-14',460,357);
INSERT INTO meds_for_surgery (surgery_id,med) VALUES (672,'Allopurinol');
INSERT INTO surgery (id,date,patient_id,doctor_id) VALUES (673,'2019-12-20',460,66);
INSERT INTO meds_for_surgery (surgery_id,med) VALUES (673,'Tenofovir');
INSERT INTO surgery (id,date,patient_id,doctor_id) VALUES (674,'2019-12-19',431,228);
INSERT INTO meds_for_surgery (surgery_id,med) VALUES (674,'Interleukin');
INSERT INTO surgery (id,date,patient_id,doctor_id) VALUES (675,'2019-11-29',401,299);
INSERT INTO meds_for_surgery (surgery_id,med) VALUES (675,'Cyclobenzaprine');
INSERT INTO surgery (id,date,patient_id,doctor_id) VALUES (676,'2019-12-17',154,422);
INSERT INTO meds_for_surgery (surgery_id,med) VALUES (676,'Dornase alfa');
INSERT INTO surgery (id,date,patient_id,doctor_id) VALUES (677,'2019-12-26',119,45);
INSERT INTO meds_for_surgery (surgery_id,med) VALUES (677,'Amlodipine');
INSERT INTO surgery (id,date,patient_id,doctor_id) VALUES (678,'2019-11-26',215,208);
INSERT INTO meds_for_surgery (surgery_id,med) VALUES (678,'Cefuroxime');
INSERT INTO surgery (id,date,patient_id,doctor_id) VALUES (679,'2019-12-16',312,151);
INSERT INTO meds_for_surgery (surgery_id,med) VALUES (679,'Lorazepam');
INSERT INTO surgery (id,date,patient_id,doctor_id) VALUES (680,'2019-12-09',262,478);
INSERT INTO meds_for_surgery (surgery_id,med) VALUES (680,'Meperidine');
INSERT INTO surgery (id,date,patient_id,doctor_id) VALUES (681,'2019-12-16',43,421);
INSERT INTO meds_for_surgery (surgery_id,med) VALUES (681,'Allopurinol');
INSERT INTO surgery (id,date,patient_id,doctor_id) VALUES (682,'2019-11-23',63,45);
INSERT INTO meds_for_surgery (surgery_id,med) VALUES (682,'Ifosfamide');
INSERT INTO surgery (id,date,patient_id,doctor_id) VALUES (683,'2019-12-09',426,66);
INSERT INTO meds_for_surgery (surgery_id,med) VALUES (683,'Dapsone');
INSERT INTO surgery (id,date,patient_id,doctor_id) VALUES (684,'2019-12-16',398,228);
INSERT INTO meds_for_surgery (surgery_id,med) VALUES (684,'Interferon');
INSERT INTO surgery (id,date,patient_id,doctor_id) VALUES (685,'2019-12-20',417,131);
INSERT INTO meds_for_surgery (surgery_id,med) VALUES (685,'Busulfan');
INSERT INTO surgery (id,date,patient_id,doctor_id) VALUES (686,'2019-12-24',481,16);
INSERT INTO meds_for_surgery (surgery_id,med) VALUES (686,'Elvitegravir');
INSERT INTO surgery (id,date,patient_id,doctor_id) VALUES (687,'2019-11-30',417,300);
INSERT INTO meds_for_surgery (surgery_id,med) VALUES (687,'Lamivudine');
INSERT INTO surgery (id,date,patient_id,doctor_id) VALUES (688,'2019-12-22',426,454);
INSERT INTO meds_for_surgery (surgery_id,med) VALUES (688,'Amifostine');
INSERT INTO surgery (id,date,patient_id,doctor_id) VALUES (689,'2019-12-07',20,414);
INSERT INTO meds_for_surgery (surgery_id,med) VALUES (689,'Nevirapine');
INSERT INTO surgery (id,date,patient_id,doctor_id) VALUES (690,'2019-11-28',146,452);
INSERT INTO meds_for_surgery (surgery_id,med) VALUES (690,'Cladribine');
INSERT INTO surgery (id,date,patient_id,doctor_id) VALUES (691,'2019-12-08',449,102);
INSERT INTO meds_for_surgery (surgery_id,med) VALUES (691,'Valproic acid');
INSERT INTO surgery (id,date,patient_id,doctor_id) VALUES (692,'2019-12-19',229,145);
INSERT INTO meds_for_surgery (surgery_id,med) VALUES (692,'Teniposide');
INSERT INTO surgery (id,date,patient_id,doctor_id) VALUES (693,'2019-12-15',400,422);
INSERT INTO meds_for_surgery (surgery_id,med) VALUES (693,'Lopinavir');
INSERT INTO surgery (id,date,patient_id,doctor_id) VALUES (694,'2019-12-12',26,270);
INSERT INTO meds_for_surgery (surgery_id,med) VALUES (694,'Bosentan');
INSERT INTO surgery (id,date,patient_id,doctor_id) VALUES (695,'2019-12-15',261,454);
INSERT INTO meds_for_surgery (surgery_id,med) VALUES (695,'Ketoconazole');
INSERT INTO surgery (id,date,patient_id,doctor_id) VALUES (696,'2019-12-18',268,77);
INSERT INTO meds_for_surgery (surgery_id,med) VALUES (696,'Cefepime');
INSERT INTO surgery (id,date,patient_id,doctor_id) VALUES (697,'2019-12-27',242,125);
INSERT INTO meds_for_surgery (surgery_id,med) VALUES (697,'Hydrocodone');
INSERT INTO surgery (id,date,patient_id,doctor_id) VALUES (698,'2019-12-26',231,452);
INSERT INTO meds_for_surgery (surgery_id,med) VALUES (698,'Raltegravir');
INSERT INTO surgery (id,date,patient_id,doctor_id) VALUES (699,'2019-11-30',470,117);
INSERT INTO meds_for_surgery (surgery_id,med) VALUES (699,'Meloxicam');
INSERT INTO surgery (id,date,patient_id,doctor_id) VALUES (700,'2019-12-22',328,451);
INSERT INTO meds_for_surgery (surgery_id,med) VALUES (700,'Bosentan');
INSERT INTO surgery (id,date,patient_id,doctor_id) VALUES (701,'2019-11-26',365,278);
INSERT INTO meds_for_surgery (surgery_id,med) VALUES (701,'Emicizumab');
INSERT INTO surgery (id,date,patient_id,doctor_id) VALUES (702,'2019-12-04',230,397);
INSERT INTO meds_for_surgery (surgery_id,med) VALUES (702,'Maraviroc');
INSERT INTO surgery (id,date,patient_id,doctor_id) VALUES (703,'2019-12-01',252,247);
INSERT INTO meds_for_surgery (surgery_id,med) VALUES (703,'Didanosine');
INSERT INTO surgery (id,date,patient_id,doctor_id) VALUES (704,'2019-12-05',20,486);
INSERT INTO meds_for_surgery (surgery_id,med) VALUES (704,'Ranitidine');
INSERT INTO surgery (id,date,patient_id,doctor_id) VALUES (705,'2019-11-29',43,19);
INSERT INTO meds_for_surgery (surgery_id,med) VALUES (705,'Sorafenib');
INSERT INTO surgery (id,date,patient_id,doctor_id) VALUES (706,'2019-11-23',268,491);
INSERT INTO meds_for_surgery (surgery_id,med) VALUES (706,'Calcium');
INSERT INTO surgery (id,date,patient_id,doctor_id) VALUES (707,'2019-12-11',233,216);
INSERT INTO meds_for_surgery (surgery_id,med) VALUES (707,'Potassium');
INSERT INTO surgery (id,date,patient_id,doctor_id) VALUES (708,'2019-12-20',230,414);
INSERT INTO meds_for_surgery (surgery_id,med) VALUES (708,'Ritonavir');
INSERT INTO surgery (id,date,patient_id,doctor_id) VALUES (709,'2019-11-24',343,113);
INSERT INTO meds_for_surgery (surgery_id,med) VALUES (709,'Omeprazole');
INSERT INTO surgery (id,date,patient_id,doctor_id) VALUES (710,'2019-12-21',230,366);
INSERT INTO meds_for_surgery (surgery_id,med) VALUES (710,'Didanosine');
INSERT INTO surgery (id,date,patient_id,doctor_id) VALUES (711,'2019-12-08',285,7);
INSERT INTO meds_for_surgery (surgery_id,med) VALUES (711,'Clarithromycin');
INSERT INTO surgery (id,date,patient_id,doctor_id) VALUES (712,'2019-12-09',18,209);
INSERT INTO meds_for_surgery (surgery_id,med) VALUES (712,'Gabapentin');
INSERT INTO surgery (id,date,patient_id,doctor_id) VALUES (713,'2019-12-23',146,381);
INSERT INTO meds_for_surgery (surgery_id,med) VALUES (713,'Dasatinib');
INSERT INTO surgery (id,date,patient_id,doctor_id) VALUES (714,'2019-12-20',469,479);
INSERT INTO meds_for_surgery (surgery_id,med) VALUES (714,'Cidofovir');
INSERT INTO surgery (id,date,patient_id,doctor_id) VALUES (715,'2019-12-27',67,228);
INSERT INTO meds_for_surgery (surgery_id,med) VALUES (715,'Dactinomycin');
INSERT INTO surgery (id,date,patient_id,doctor_id) VALUES (716,'2019-11-30',449,61);
INSERT INTO meds_for_surgery (surgery_id,med) VALUES (716,'Interleukin');
INSERT INTO surgery (id,date,patient_id,doctor_id) VALUES (717,'2019-11-30',378,452);
INSERT INTO meds_for_surgery (surgery_id,med) VALUES (717,'Rivaroxaban');
INSERT INTO surgery (id,date,patient_id,doctor_id) VALUES (718,'2019-12-04',192,478);
INSERT INTO meds_for_surgery (surgery_id,med) VALUES (718,'Cefaclor');
INSERT INTO surgery (id,date,patient_id,doctor_id) VALUES (719,'2019-11-27',482,159);
INSERT INTO meds_for_surgery (surgery_id,med) VALUES (719,'Mercaptopurine');
INSERT INTO surgery (id,date,patient_id,doctor_id) VALUES (720,'2019-12-05',443,66);
INSERT INTO meds_for_surgery (surgery_id,med) VALUES (720,'Erythromycin');
INSERT INTO surgery (id,date,patient_id,doctor_id) VALUES (721,'2019-12-04',329,396);
INSERT INTO meds_for_surgery (surgery_id,med) VALUES (721,'Elvitegravir');
INSERT INTO surgery (id,date,patient_id,doctor_id) VALUES (722,'2019-12-04',450,477);
INSERT INTO meds_for_surgery (surgery_id,med) VALUES (722,'Carbamazepine');
INSERT INTO surgery (id,date,patient_id,doctor_id) VALUES (723,'2019-12-05',450,327);
INSERT INTO meds_for_surgery (surgery_id,med) VALUES (723,'Paclitaxel');
INSERT INTO surgery (id,date,patient_id,doctor_id) VALUES (724,'2019-12-24',401,151);
INSERT INTO meds_for_surgery (surgery_id,med) VALUES (724,'Meperidine');
INSERT INTO surgery (id,date,patient_id,doctor_id) VALUES (725,'2019-12-10',69,42);
INSERT INTO meds_for_surgery (surgery_id,med) VALUES (725,'L-glutamine');
INSERT INTO surgery (id,date,patient_id,doctor_id) VALUES (726,'2019-11-25',285,278);
INSERT INTO meds_for_surgery (surgery_id,med) VALUES (726,'Dactinomycin');
INSERT INTO surgery (id,date,patient_id,doctor_id) VALUES (727,'2019-11-26',493,300);
INSERT INTO meds_for_surgery (surgery_id,med) VALUES (727,'Dornase alfa');
INSERT INTO surgery (id,date,patient_id,doctor_id) VALUES (728,'2019-12-08',417,491);
INSERT INTO meds_for_surgery (surgery_id,med) VALUES (728,'Etravirine');
INSERT INTO surgery (id,date,patient_id,doctor_id) VALUES (729,'2019-11-23',334,397);
INSERT INTO meds_for_surgery (surgery_id,med) VALUES (729,'Linezolid');
INSERT INTO surgery (id,date,patient_id,doctor_id) VALUES (730,'2019-12-27',390,179);
INSERT INTO meds_for_surgery (surgery_id,med) VALUES (730,'Sorafenib');
INSERT INTO surgery (id,date,patient_id,doctor_id) VALUES (731,'2019-11-26',268,163);
INSERT INTO meds_for_surgery (surgery_id,med) VALUES (731,'Tacrolimus');
INSERT INTO surgery (id,date,patient_id,doctor_id) VALUES (732,'2019-12-26',75,112);
INSERT INTO meds_for_surgery (surgery_id,med) VALUES (732,'Phosphorus');
INSERT INTO surgery (id,date,patient_id,doctor_id) VALUES (733,'2019-11-26',13,145);
INSERT INTO meds_for_surgery (surgery_id,med) VALUES (733,'Pegfilgrastim');
INSERT INTO surgery (id,date,patient_id,doctor_id) VALUES (734,'2019-12-08',360,495);
INSERT INTO meds_for_surgery (surgery_id,med) VALUES (734,'Oxycodone');
INSERT INTO surgery (id,date,patient_id,doctor_id) VALUES (735,'2019-12-14',385,260);
INSERT INTO meds_for_surgery (surgery_id,med) VALUES (735,'Bleomycin');
INSERT INTO surgery (id,date,patient_id,doctor_id) VALUES (736,'2019-12-14',328,384);
INSERT INTO meds_for_surgery (surgery_id,med) VALUES (736,'Fluconazole');
INSERT INTO surgery (id,date,patient_id,doctor_id) VALUES (737,'2019-12-07',255,326);
INSERT INTO meds_for_surgery (surgery_id,med) VALUES (737,'Methotrexate');
INSERT INTO surgery (id,date,patient_id,doctor_id) VALUES (738,'2019-11-30',360,78);
INSERT INTO meds_for_surgery (surgery_id,med) VALUES (738,'Lorazepam');
INSERT INTO surgery (id,date,patient_id,doctor_id) VALUES (739,'2019-12-07',231,478);
INSERT INTO meds_for_surgery (surgery_id,med) VALUES (739,'Cyclophosphamide');
INSERT INTO surgery (id,date,patient_id,doctor_id) VALUES (740,'2019-12-09',6,452);
INSERT INTO meds_for_surgery (surgery_id,med) VALUES (740,'Heparin');
INSERT INTO surgery (id,date,patient_id,doctor_id) VALUES (741,'2019-11-26',285,326);
INSERT INTO meds_for_surgery (surgery_id,med) VALUES (741,'Leucovorin');
INSERT INTO surgery (id,date,patient_id,doctor_id) VALUES (742,'2019-12-21',43,451);
INSERT INTO meds_for_surgery (surgery_id,med) VALUES (742,'Procarbazine');
INSERT INTO surgery (id,date,patient_id,doctor_id) VALUES (743,'2019-12-02',364,117);
INSERT INTO meds_for_surgery (surgery_id,med) VALUES (743,'Azithromycin');
INSERT INTO surgery (id,date,patient_id,doctor_id) VALUES (744,'2019-12-13',401,247);
INSERT INTO meds_for_surgery (surgery_id,med) VALUES (744,'Levothyroxine');
INSERT INTO surgery (id,date,patient_id,doctor_id) VALUES (745,'2019-12-14',137,247);
INSERT INTO meds_for_surgery (surgery_id,med) VALUES (745,'Mitoxantrone');
INSERT INTO surgery (id,date,patient_id,doctor_id) VALUES (746,'2019-12-24',266,455);
INSERT INTO meds_for_surgery (surgery_id,med) VALUES (746,'Carbamazepine');
INSERT INTO surgery (id,date,patient_id,doctor_id) VALUES (747,'2019-12-15',390,113);
INSERT INTO meds_for_surgery (surgery_id,med) VALUES (747,'Posaconazole');
INSERT INTO surgery (id,date,patient_id,doctor_id) VALUES (748,'2019-12-05',154,143);
INSERT INTO meds_for_surgery (surgery_id,med) VALUES (748,'Clindamycin');
INSERT INTO surgery (id,date,patient_id,doctor_id) VALUES (749,'2019-12-10',308,452);
INSERT INTO meds_for_surgery (surgery_id,med) VALUES (749,'Ceftazidime');
INSERT INTO surgery (id,date,patient_id,doctor_id) VALUES (750,'2019-12-22',285,357);
INSERT INTO meds_for_surgery (surgery_id,med) VALUES (750,'Emicizumab');
INSERT INTO surgery (id,date,patient_id,doctor_id) VALUES (751,'2019-11-28',388,299);
INSERT INTO meds_for_surgery (surgery_id,med) VALUES (751,'PEGaspargase');
INSERT INTO surgery (id,date,patient_id,doctor_id) VALUES (752,'2019-11-28',390,300);
INSERT INTO meds_for_surgery (surgery_id,med) VALUES (752,'Cyclobenzaprine');
INSERT INTO surgery (id,date,patient_id,doctor_id) VALUES (753,'2019-12-20',498,326);
INSERT INTO meds_for_surgery (surgery_id,med) VALUES (753,'Mercaptopurine');
INSERT INTO surgery (id,date,patient_id,doctor_id) VALUES (754,'2019-12-16',273,112);
INSERT INTO meds_for_surgery (surgery_id,med) VALUES (754,'Gabapentin');
INSERT INTO surgery (id,date,patient_id,doctor_id) VALUES (755,'2019-12-18',393,77);
INSERT INTO meds_for_surgery (surgery_id,med) VALUES (755,'Interferon');
INSERT INTO surgery (id,date,patient_id,doctor_id) VALUES (756,'2019-12-17',4,414);
INSERT INTO meds_for_surgery (surgery_id,med) VALUES (756,'Mercaptopurine');
INSERT INTO surgery (id,date,patient_id,doctor_id) VALUES (757,'2019-11-28',69,381);
INSERT INTO meds_for_surgery (surgery_id,med) VALUES (757,'Furosemide');
INSERT INTO surgery (id,date,patient_id,doctor_id) VALUES (758,'2019-11-30',255,210);
INSERT INTO meds_for_surgery (surgery_id,med) VALUES (758,'Dinutuximab');
INSERT INTO surgery (id,date,patient_id,doctor_id) VALUES (759,'2019-12-07',481,366);
INSERT INTO meds_for_surgery (surgery_id,med) VALUES (759,'Lopinavir');
INSERT INTO surgery (id,date,patient_id,doctor_id) VALUES (760,'2019-12-23',440,44);
INSERT INTO meds_for_surgery (surgery_id,med) VALUES (760,'Nelfinavir');
INSERT INTO surgery (id,date,patient_id,doctor_id) VALUES (761,'2019-12-21',266,491);
INSERT INTO meds_for_surgery (surgery_id,med) VALUES (761,'Fluconazole');
INSERT INTO surgery (id,date,patient_id,doctor_id) VALUES (762,'2019-12-06',253,479);
INSERT INTO meds_for_surgery (surgery_id,med) VALUES (762,'Cyclophosphamide');
INSERT INTO surgery (id,date,patient_id,doctor_id) VALUES (763,'2019-12-25',69,19);
INSERT INTO meds_for_surgery (surgery_id,med) VALUES (763,'Eltrombopag');
INSERT INTO surgery (id,date,patient_id,doctor_id) VALUES (764,'2019-12-20',176,238);
INSERT INTO meds_for_surgery (surgery_id,med) VALUES (764,'Lopinavir');
INSERT INTO surgery (id,date,patient_id,doctor_id) VALUES (765,'2019-11-23',364,404);
INSERT INTO meds_for_surgery (surgery_id,med) VALUES (765,'Baclofen');
INSERT INTO surgery (id,date,patient_id,doctor_id) VALUES (766,'2019-12-14',460,376);
INSERT INTO meds_for_surgery (surgery_id,med) VALUES (766,'Cladribine');
INSERT INTO surgery (id,date,patient_id,doctor_id) VALUES (767,'2019-12-08',139,376);
INSERT INTO meds_for_surgery (surgery_id,med) VALUES (767,'Emicizumab');
INSERT INTO surgery (id,date,patient_id,doctor_id) VALUES (768,'2019-12-23',6,112);
INSERT INTO meds_for_surgery (surgery_id,med) VALUES (768,'Saquinavir');
INSERT INTO surgery (id,date,patient_id,doctor_id) VALUES (769,'2019-12-05',251,151);
INSERT INTO meds_for_surgery (surgery_id,med) VALUES (769,'Sugammadex');
INSERT INTO surgery (id,date,patient_id,doctor_id) VALUES (770,'2019-12-15',401,143);
INSERT INTO meds_for_surgery (surgery_id,med) VALUES (770,'Neuromuscular');
INSERT INTO surgery (id,date,patient_id,doctor_id) VALUES (771,'2019-11-26',443,44);
INSERT INTO meds_for_surgery (surgery_id,med) VALUES (771,'Meperidine');
INSERT INTO surgery (id,date,patient_id,doctor_id) VALUES (772,'2019-12-14',417,414);
INSERT INTO meds_for_surgery (surgery_id,med) VALUES (772,'Rilpivirine');
INSERT INTO surgery (id,date,patient_id,doctor_id) VALUES (773,'2019-12-03',350,346);
INSERT INTO meds_for_surgery (surgery_id,med) VALUES (773,'Calcium');
INSERT INTO surgery (id,date,patient_id,doctor_id) VALUES (774,'2019-12-18',469,151);
INSERT INTO meds_for_surgery (surgery_id,med) VALUES (774,'Neuromuscular');
INSERT INTO surgery (id,date,patient_id,doctor_id) VALUES (775,'2019-12-11',371,256);
INSERT INTO meds_for_surgery (surgery_id,med) VALUES (775,'Baclofen');
INSERT INTO surgery (id,date,patient_id,doctor_id) VALUES (776,'2019-12-11',398,179);
INSERT INTO meds_for_surgery (surgery_id,med) VALUES (776,'Atovaquone');
INSERT INTO surgery (id,date,patient_id,doctor_id) VALUES (777,'2019-12-23',335,143);
INSERT INTO meds_for_surgery (surgery_id,med) VALUES (777,'Pegfilgrastim');
INSERT INTO surgery (id,date,patient_id,doctor_id) VALUES (778,'2019-12-04',230,396);
INSERT INTO meds_for_surgery (surgery_id,med) VALUES (778,'Oxycodone');
INSERT INTO surgery (id,date,patient_id,doctor_id) VALUES (779,'2019-12-21',493,40);
INSERT INTO meds_for_surgery (surgery_id,med) VALUES (779,'Lomustine');
INSERT INTO surgery (id,date,patient_id,doctor_id) VALUES (780,'2019-12-14',343,451);
INSERT INTO meds_for_surgery (surgery_id,med) VALUES (780,'Potassium');
INSERT INTO surgery (id,date,patient_id,doctor_id) VALUES (781,'2019-12-03',350,396);
INSERT INTO meds_for_surgery (surgery_id,med) VALUES (781,'Imipenem');
INSERT INTO surgery (id,date,patient_id,doctor_id) VALUES (782,'2019-12-05',195,247);
INSERT INTO meds_for_surgery (surgery_id,med) VALUES (782,'Teniposide');
INSERT INTO surgery (id,date,patient_id,doctor_id) VALUES (783,'2019-12-25',449,199);
INSERT INTO meds_for_surgery (surgery_id,med) VALUES (783,'Carmustine');
INSERT INTO surgery (id,date,patient_id,doctor_id) VALUES (784,'2019-12-16',388,42);
INSERT INTO meds_for_surgery (surgery_id,med) VALUES (784,'Temozolomide');
INSERT INTO surgery (id,date,patient_id,doctor_id) VALUES (785,'2019-12-17',389,210);
INSERT INTO meds_for_surgery (surgery_id,med) VALUES (785,'Maraviroc');
INSERT INTO surgery (id,date,patient_id,doctor_id) VALUES (786,'2019-12-04',450,159);
INSERT INTO meds_for_surgery (surgery_id,med) VALUES (786,'Lomustine');
INSERT INTO surgery (id,date,patient_id,doctor_id) VALUES (787,'2019-12-12',417,45);
INSERT INTO meds_for_surgery (surgery_id,med) VALUES (787,'Calcium');
INSERT INTO surgery (id,date,patient_id,doctor_id) VALUES (788,'2019-11-24',63,455);
INSERT INTO meds_for_surgery (surgery_id,med) VALUES (788,'Labetalol');
INSERT INTO surgery (id,date,patient_id,doctor_id) VALUES (789,'2019-12-15',448,290);
INSERT INTO meds_for_surgery (surgery_id,med) VALUES (789,'Mitotane');
INSERT INTO surgery (id,date,patient_id,doctor_id) VALUES (790,'2019-12-17',26,357);
INSERT INTO meds_for_surgery (surgery_id,med) VALUES (790,'Atovaquone');
INSERT INTO surgery (id,date,patient_id,doctor_id) VALUES (791,'2019-12-20',18,19);
INSERT INTO meds_for_surgery (surgery_id,med) VALUES (791,'Thioguanine');
INSERT INTO surgery (id,date,patient_id,doctor_id) VALUES (792,'2019-12-19',80,397);
INSERT INTO meds_for_surgery (surgery_id,med) VALUES (792,'Famciclovir');
INSERT INTO surgery (id,date,patient_id,doctor_id) VALUES (793,'2019-11-23',448,399);
INSERT INTO meds_for_surgery (surgery_id,med) VALUES (793,'Irinotecan');
INSERT INTO surgery (id,date,patient_id,doctor_id) VALUES (794,'2019-12-19',285,346);
INSERT INTO meds_for_surgery (surgery_id,med) VALUES (794,'Procarbazine');
INSERT INTO surgery (id,date,patient_id,doctor_id) VALUES (795,'2019-12-10',372,42);
INSERT INTO meds_for_surgery (surgery_id,med) VALUES (795,'Cyclophosphamide');
INSERT INTO surgery (id,date,patient_id,doctor_id) VALUES (796,'2019-12-22',63,495);
INSERT INTO meds_for_surgery (surgery_id,med) VALUES (796,'Vancomycin');
INSERT INTO surgery (id,date,patient_id,doctor_id) VALUES (797,'2019-12-24',431,41);
INSERT INTO meds_for_surgery (surgery_id,med) VALUES (797,'Clobazam');
INSERT INTO surgery (id,date,patient_id,doctor_id) VALUES (798,'2019-11-30',38,355);
INSERT INTO meds_for_surgery (surgery_id,med) VALUES (798,'Potassium');
INSERT INTO surgery (id,date,patient_id,doctor_id) VALUES (799,'2019-12-11',53,357);
INSERT INTO meds_for_surgery (surgery_id,med) VALUES (799,'Propoxyphene');
INSERT INTO surgery (id,date,patient_id,doctor_id) VALUES (800,'2019-12-14',460,477);
INSERT INTO meds_for_surgery (surgery_id,med) VALUES (800,'Ifosfamide');
INSERT INTO surgery (id,date,patient_id,doctor_id) VALUES (801,'2019-12-04',251,256);
INSERT INTO meds_for_surgery (surgery_id,med) VALUES (801,'Vorinostat');
INSERT INTO surgery (id,date,patient_id,doctor_id) VALUES (802,'2019-12-12',53,117);
INSERT INTO meds_for_surgery (surgery_id,med) VALUES (802,'Meperidine');
INSERT INTO surgery (id,date,patient_id,doctor_id) VALUES (803,'2019-12-19',371,454);
INSERT INTO meds_for_surgery (surgery_id,med) VALUES (803,'Norepinephrine');
INSERT INTO surgery (id,date,patient_id,doctor_id) VALUES (804,'2019-12-07',38,45);
INSERT INTO meds_for_surgery (surgery_id,med) VALUES (804,'Methotrexate');
INSERT INTO surgery (id,date,patient_id,doctor_id) VALUES (805,'2019-12-25',69,260);
INSERT INTO meds_for_surgery (surgery_id,med) VALUES (805,'Dacarbazine');
INSERT INTO surgery (id,date,patient_id,doctor_id) VALUES (806,'2019-12-12',378,19);
INSERT INTO meds_for_surgery (surgery_id,med) VALUES (806,'Nevirapine');
INSERT INTO surgery (id,date,patient_id,doctor_id) VALUES (807,'2019-12-19',231,355);
INSERT INTO meds_for_surgery (surgery_id,med) VALUES (807,'Interleukin');
INSERT INTO surgery (id,date,patient_id,doctor_id) VALUES (808,'2019-12-18',242,355);
INSERT INTO meds_for_surgery (surgery_id,med) VALUES (808,'Interferon');
INSERT INTO surgery (id,date,patient_id,doctor_id) VALUES (809,'2019-12-27',308,247);
INSERT INTO meds_for_surgery (surgery_id,med) VALUES (809,'Nevirapine');
INSERT INTO surgery (id,date,patient_id,doctor_id) VALUES (810,'2019-11-23',83,129);
INSERT INTO meds_for_surgery (surgery_id,med) VALUES (810,'Cyclophosphamide');
INSERT INTO surgery (id,date,patient_id,doctor_id) VALUES (811,'2019-11-30',450,78);
INSERT INTO meds_for_surgery (surgery_id,med) VALUES (811,'Erythropoietin');
INSERT INTO surgery (id,date,patient_id,doctor_id) VALUES (812,'2019-12-22',38,381);
INSERT INTO meds_for_surgery (surgery_id,med) VALUES (812,'Micafungin');
INSERT INTO surgery (id,date,patient_id,doctor_id) VALUES (813,'2019-12-04',469,216);
INSERT INTO meds_for_surgery (surgery_id,med) VALUES (813,'Ceftazidime');
INSERT INTO surgery (id,date,patient_id,doctor_id) VALUES (814,'2019-12-07',440,384);
INSERT INTO meds_for_surgery (surgery_id,med) VALUES (814,'Clobazam');
INSERT INTO surgery (id,date,patient_id,doctor_id) VALUES (815,'2019-12-08',312,16);
INSERT INTO meds_for_surgery (surgery_id,med) VALUES (815,'Cefepime');
INSERT INTO surgery (id,date,patient_id,doctor_id) VALUES (816,'2019-11-28',18,66);
INSERT INTO meds_for_surgery (surgery_id,med) VALUES (816,'Hydralazine');
INSERT INTO surgery (id,date,patient_id,doctor_id) VALUES (817,'2019-12-11',230,113);
INSERT INTO meds_for_surgery (surgery_id,med) VALUES (817,'Promethazine');
INSERT INTO surgery (id,date,patient_id,doctor_id) VALUES (818,'2019-12-04',328,455);
INSERT INTO meds_for_surgery (surgery_id,med) VALUES (818,'Imatinib');
INSERT INTO surgery (id,date,patient_id,doctor_id) VALUES (819,'2019-12-01',53,399);
INSERT INTO meds_for_surgery (surgery_id,med) VALUES (819,'Bosentan');
INSERT INTO surgery (id,date,patient_id,doctor_id) VALUES (820,'2019-12-26',343,16);
INSERT INTO meds_for_surgery (surgery_id,med) VALUES (820,'Lomustine');
INSERT INTO surgery (id,date,patient_id,doctor_id) VALUES (821,'2019-12-21',499,175);
INSERT INTO meds_for_surgery (surgery_id,med) VALUES (821,'Tretinoin');
INSERT INTO surgery (id,date,patient_id,doctor_id) VALUES (822,'2019-12-21',262,64);
INSERT INTO meds_for_surgery (surgery_id,med) VALUES (822,'Isotretinoin');
INSERT INTO surgery (id,date,patient_id,doctor_id) VALUES (823,'2019-11-30',328,404);
INSERT INTO meds_for_surgery (surgery_id,med) VALUES (823,'Furosemide');
INSERT INTO surgery (id,date,patient_id,doctor_id) VALUES (824,'2019-12-14',80,486);
INSERT INTO meds_for_surgery (surgery_id,med) VALUES (824,'Abacavir');
INSERT INTO surgery (id,date,patient_id,doctor_id) VALUES (825,'2019-12-10',450,299);
INSERT INTO meds_for_surgery (surgery_id,med) VALUES (825,'Potassium');
INSERT INTO surgery (id,date,patient_id,doctor_id) VALUES (826,'2019-11-25',365,455);
INSERT INTO meds_for_surgery (surgery_id,med) VALUES (826,'Dacarbazine');
INSERT INTO surgery (id,date,patient_id,doctor_id) VALUES (827,'2019-12-16',67,288);
INSERT INTO meds_for_surgery (surgery_id,med) VALUES (827,'Doxorubicin');
INSERT INTO surgery (id,date,patient_id,doctor_id) VALUES (828,'2019-12-11',426,399);
INSERT INTO meds_for_surgery (surgery_id,med) VALUES (828,'Raltegravir');
INSERT INTO surgery (id,date,patient_id,doctor_id) VALUES (829,'2019-11-26',215,366);
INSERT INTO meds_for_surgery (surgery_id,med) VALUES (829,'Carmustine');
INSERT INTO surgery (id,date,patient_id,doctor_id) VALUES (830,'2019-12-02',440,16);
INSERT INTO meds_for_surgery (surgery_id,med) VALUES (830,'Itraconazole');
INSERT INTO surgery (id,date,patient_id,doctor_id) VALUES (831,'2019-12-16',52,260);
INSERT INTO meds_for_surgery (surgery_id,med) VALUES (831,'Ketoconazole');
INSERT INTO surgery (id,date,patient_id,doctor_id) VALUES (832,'2019-12-07',75,125);
INSERT INTO meds_for_surgery (surgery_id,med) VALUES (832,'Cyproheptadine');
INSERT INTO surgery (id,date,patient_id,doctor_id) VALUES (833,'2019-12-17',52,451);
INSERT INTO meds_for_surgery (surgery_id,med) VALUES (833,'Tenofovir');
INSERT INTO surgery (id,date,patient_id,doctor_id) VALUES (834,'2019-11-30',69,98);
INSERT INTO meds_for_surgery (surgery_id,med) VALUES (834,'Hydromorphone');
INSERT INTO surgery (id,date,patient_id,doctor_id) VALUES (835,'2019-12-18',119,209);
INSERT INTO meds_for_surgery (surgery_id,med) VALUES (835,'Rituximab');
INSERT INTO surgery (id,date,patient_id,doctor_id) VALUES (836,'2019-12-04',253,228);
INSERT INTO meds_for_surgery (surgery_id,med) VALUES (836,'Isotretinoin');
INSERT INTO surgery (id,date,patient_id,doctor_id) VALUES (837,'2019-11-30',273,209);
INSERT INTO meds_for_surgery (surgery_id,med) VALUES (837,'Maraviroc');
INSERT INTO surgery (id,date,patient_id,doctor_id) VALUES (838,'2019-11-23',401,216);
INSERT INTO meds_for_surgery (surgery_id,med) VALUES (838,'Captopril');
INSERT INTO surgery (id,date,patient_id,doctor_id) VALUES (839,'2019-12-04',498,131);
INSERT INTO meds_for_surgery (surgery_id,med) VALUES (839,'Celecoxib');
INSERT INTO surgery (id,date,patient_id,doctor_id) VALUES (840,'2019-12-18',388,228);
INSERT INTO meds_for_surgery (surgery_id,med) VALUES (840,'Emicizumab');
INSERT INTO surgery (id,date,patient_id,doctor_id) VALUES (841,'2019-12-01',63,478);
INSERT INTO meds_for_surgery (surgery_id,med) VALUES (841,'Megestrol acetate');
INSERT INTO surgery (id,date,patient_id,doctor_id) VALUES (842,'2019-12-26',6,61);
INSERT INTO meds_for_surgery (surgery_id,med) VALUES (842,'Penicillin');
INSERT INTO surgery (id,date,patient_id,doctor_id) VALUES (843,'2019-12-18',6,346);
INSERT INTO meds_for_surgery (surgery_id,med) VALUES (843,'Dronabinol');
INSERT INTO surgery (id,date,patient_id,doctor_id) VALUES (844,'2019-12-26',493,199);
INSERT INTO meds_for_surgery (surgery_id,med) VALUES (844,'Dexamethasone');
INSERT INTO surgery (id,date,patient_id,doctor_id) VALUES (845,'2019-11-25',230,397);
INSERT INTO meds_for_surgery (surgery_id,med) VALUES (845,'Calcium');
INSERT INTO surgery (id,date,patient_id,doctor_id) VALUES (846,'2019-11-28',231,64);
INSERT INTO meds_for_surgery (surgery_id,med) VALUES (846,'Emicizumab');
INSERT INTO surgery (id,date,patient_id,doctor_id) VALUES (847,'2019-12-26',67,366);
INSERT INTO meds_for_surgery (surgery_id,med) VALUES (847,'Amikacin');
INSERT INTO surgery (id,date,patient_id,doctor_id) VALUES (848,'2019-12-22',334,163);
INSERT INTO meds_for_surgery (surgery_id,med) VALUES (848,'Maraviroc');
INSERT INTO surgery (id,date,patient_id,doctor_id) VALUES (849,'2019-12-25',431,228);
INSERT INTO meds_for_surgery (surgery_id,med) VALUES (849,'Heparin');
INSERT INTO surgery (id,date,patient_id,doctor_id) VALUES (850,'2019-12-15',176,98);
INSERT INTO meds_for_surgery (surgery_id,med) VALUES (850,'Hydrocodone');
INSERT INTO surgery (id,date,patient_id,doctor_id) VALUES (851,'2019-12-08',80,45);
INSERT INTO meds_for_surgery (surgery_id,med) VALUES (851,'Rilpivirine');
INSERT INTO surgery (id,date,patient_id,doctor_id) VALUES (852,'2019-12-09',63,228);
INSERT INTO meds_for_surgery (surgery_id,med) VALUES (852,'Cyproheptadine');
INSERT INTO surgery (id,date,patient_id,doctor_id) VALUES (853,'2019-12-09',365,210);
INSERT INTO meds_for_surgery (surgery_id,med) VALUES (853,'Erlotinib');
INSERT INTO surgery (id,date,patient_id,doctor_id) VALUES (854,'2019-12-05',329,397);
INSERT INTO meds_for_surgery (surgery_id,med) VALUES (854,'Phosphorus');
INSERT INTO surgery (id,date,patient_id,doctor_id) VALUES (855,'2019-12-11',273,260);
INSERT INTO meds_for_surgery (surgery_id,med) VALUES (855,'Hydroxyurea');
INSERT INTO surgery (id,date,patient_id,doctor_id) VALUES (856,'2019-12-10',499,117);
INSERT INTO meds_for_surgery (surgery_id,med) VALUES (856,'Cefepime');
INSERT INTO surgery (id,date,patient_id,doctor_id) VALUES (857,'2019-12-11',388,210);
INSERT INTO meds_for_surgery (surgery_id,med) VALUES (857,'Promethazine');
INSERT INTO surgery (id,date,patient_id,doctor_id) VALUES (858,'2019-12-14',46,42);
INSERT INTO meds_for_surgery (surgery_id,med) VALUES (858,'Ranitidine');
INSERT INTO surgery (id,date,patient_id,doctor_id) VALUES (859,'2019-12-25',469,478);
INSERT INTO meds_for_surgery (surgery_id,med) VALUES (859,'Levothyroxine');
INSERT INTO surgery (id,date,patient_id,doctor_id) VALUES (860,'2019-12-04',123,45);
INSERT INTO meds_for_surgery (surgery_id,med) VALUES (860,'GM-CSF');
INSERT INTO surgery (id,date,patient_id,doctor_id) VALUES (861,'2019-12-03',469,19);
INSERT INTO meds_for_surgery (surgery_id,med) VALUES (861,'Lamivudine');
INSERT INTO surgery (id,date,patient_id,doctor_id) VALUES (862,'2019-12-15',443,256);
INSERT INTO meds_for_surgery (surgery_id,med) VALUES (862,'Rasburicase');
INSERT INTO surgery (id,date,patient_id,doctor_id) VALUES (863,'2019-11-25',86,495);
INSERT INTO meds_for_surgery (surgery_id,med) VALUES (863,'Pemetrexed');
INSERT INTO surgery (id,date,patient_id,doctor_id) VALUES (864,'2019-11-28',215,397);
INSERT INTO meds_for_surgery (surgery_id,med) VALUES (864,'Tenofovir');
INSERT INTO surgery (id,date,patient_id,doctor_id) VALUES (865,'2019-12-21',4,7);
INSERT INTO meds_for_surgery (surgery_id,med) VALUES (865,'Amifostine');
INSERT INTO surgery (id,date,patient_id,doctor_id) VALUES (866,'2019-12-06',119,355);
INSERT INTO meds_for_surgery (surgery_id,med) VALUES (866,'Ifosfamide');
INSERT INTO surgery (id,date,patient_id,doctor_id) VALUES (867,'2019-12-25',360,64);
INSERT INTO meds_for_surgery (surgery_id,med) VALUES (867,'Cephalexin');
INSERT INTO surgery (id,date,patient_id,doctor_id) VALUES (868,'2019-12-15',482,397);
INSERT INTO meds_for_surgery (surgery_id,med) VALUES (868,'Cefepime');
INSERT INTO surgery (id,date,patient_id,doctor_id) VALUES (869,'2019-12-05',449,477);
INSERT INTO meds_for_surgery (surgery_id,med) VALUES (869,'Gemcitabine');
INSERT INTO surgery (id,date,patient_id,doctor_id) VALUES (870,'2019-11-30',364,477);
INSERT INTO meds_for_surgery (surgery_id,med) VALUES (870,'Fluorouracil');
INSERT INTO surgery (id,date,patient_id,doctor_id) VALUES (871,'2019-12-26',328,19);
INSERT INTO meds_for_surgery (surgery_id,med) VALUES (871,'Didanosine');
INSERT INTO surgery (id,date,patient_id,doctor_id) VALUES (872,'2019-12-03',440,300);
INSERT INTO meds_for_surgery (surgery_id,med) VALUES (872,'Nelfinavir');
INSERT INTO surgery (id,date,patient_id,doctor_id) VALUES (873,'2019-12-16',156,404);
INSERT INTO meds_for_surgery (surgery_id,med) VALUES (873,'Cefaclor');
INSERT INTO surgery (id,date,patient_id,doctor_id) VALUES (874,'2019-12-05',38,41);
INSERT INTO meds_for_surgery (surgery_id,med) VALUES (874,'Immune');
INSERT INTO surgery (id,date,patient_id,doctor_id) VALUES (875,'2019-12-05',431,208);
INSERT INTO meds_for_surgery (surgery_id,med) VALUES (875,'Clarithromycin');
INSERT INTO surgery (id,date,patient_id,doctor_id) VALUES (876,'2019-11-28',350,357);
INSERT INTO meds_for_surgery (surgery_id,med) VALUES (876,'Thioguanine');
INSERT INTO surgery (id,date,patient_id,doctor_id) VALUES (877,'2019-11-28',253,175);
INSERT INTO meds_for_surgery (surgery_id,med) VALUES (877,'Ruxolitinib');
INSERT INTO surgery (id,date,patient_id,doctor_id) VALUES (878,'2019-11-27',440,355);
INSERT INTO meds_for_surgery (surgery_id,med) VALUES (878,'Carboplatin');
INSERT INTO surgery (id,date,patient_id,doctor_id) VALUES (879,'2019-12-10',389,357);
INSERT INTO meds_for_surgery (surgery_id,med) VALUES (879,'Bortezomib');
INSERT INTO surgery (id,date,patient_id,doctor_id) VALUES (880,'2019-12-06',393,159);
INSERT INTO meds_for_surgery (surgery_id,med) VALUES (880,'Dobutamine');
INSERT INTO surgery (id,date,patient_id,doctor_id) VALUES (881,'2019-12-22',86,421);
INSERT INTO meds_for_surgery (surgery_id,med) VALUES (881,'Ruxolitinib');
INSERT INTO surgery (id,date,patient_id,doctor_id) VALUES (882,'2019-11-27',252,265);
INSERT INTO meds_for_surgery (surgery_id,med) VALUES (882,'Nelarabine');
INSERT INTO surgery (id,date,patient_id,doctor_id) VALUES (883,'2019-12-06',273,326);
INSERT INTO meds_for_surgery (surgery_id,med) VALUES (883,'Captopril');
INSERT INTO surgery (id,date,patient_id,doctor_id) VALUES (884,'2019-12-05',20,397);
INSERT INTO meds_for_surgery (surgery_id,med) VALUES (884,'Cyclophosphamide');
INSERT INTO surgery (id,date,patient_id,doctor_id) VALUES (885,'2019-11-24',146,62);
INSERT INTO meds_for_surgery (surgery_id,med) VALUES (885,'Cefixime');
INSERT INTO surgery (id,date,patient_id,doctor_id) VALUES (886,'2019-12-01',53,102);
INSERT INTO meds_for_surgery (surgery_id,med) VALUES (886,'Metronidazole');
INSERT INTO surgery (id,date,patient_id,doctor_id) VALUES (887,'2019-12-01',67,495);
INSERT INTO meds_for_surgery (surgery_id,med) VALUES (887,'Furosemide');
INSERT INTO surgery (id,date,patient_id,doctor_id) VALUES (888,'2019-12-08',378,404);
INSERT INTO meds_for_surgery (surgery_id,med) VALUES (888,'Lomustine');
INSERT INTO surgery (id,date,patient_id,doctor_id) VALUES (889,'2019-12-09',443,199);
INSERT INTO meds_for_surgery (surgery_id,med) VALUES (889,'Cyclophosphamide');
INSERT INTO surgery (id,date,patient_id,doctor_id) VALUES (890,'2019-12-23',372,175);
INSERT INTO meds_for_surgery (surgery_id,med) VALUES (890,'Hydroxyurea');
INSERT INTO surgery (id,date,patient_id,doctor_id) VALUES (891,'2019-12-03',389,41);
INSERT INTO meds_for_surgery (surgery_id,med) VALUES (891,'Warfarin');
INSERT INTO surgery (id,date,patient_id,doctor_id) VALUES (892,'2019-12-14',431,478);
INSERT INTO meds_for_surgery (surgery_id,med) VALUES (892,'Rasburicase');
INSERT INTO surgery (id,date,patient_id,doctor_id) VALUES (893,'2019-12-01',242,159);
INSERT INTO meds_for_surgery (surgery_id,med) VALUES (893,'Omeprazole');
INSERT INTO surgery (id,date,patient_id,doctor_id) VALUES (894,'2019-11-28',53,216);
INSERT INTO meds_for_surgery (surgery_id,med) VALUES (894,'Doxorubicin');
INSERT INTO surgery (id,date,patient_id,doctor_id) VALUES (895,'2019-12-05',350,64);
INSERT INTO meds_for_surgery (surgery_id,med) VALUES (895,'Saquinavir');
INSERT INTO surgery (id,date,patient_id,doctor_id) VALUES (896,'2019-12-10',139,78);
INSERT INTO meds_for_surgery (surgery_id,med) VALUES (896,'Calcium');
INSERT INTO surgery (id,date,patient_id,doctor_id) VALUES (897,'2019-12-16',176,495);
INSERT INTO meds_for_surgery (surgery_id,med) VALUES (897,'Labetalol');
INSERT INTO surgery (id,date,patient_id,doctor_id) VALUES (898,'2019-12-01',242,290);
INSERT INTO meds_for_surgery (surgery_id,med) VALUES (898,'Cefuroxime');
INSERT INTO surgery (id,date,patient_id,doctor_id) VALUES (899,'2019-12-08',360,265);
INSERT INTO meds_for_surgery (surgery_id,med) VALUES (899,'Hydroxyurea');
INSERT INTO surgery (id,date,patient_id,doctor_id) VALUES (900,'2019-11-27',398,355);
INSERT INTO meds_for_surgery (surgery_id,med) VALUES (900,'Cefixime');
INSERT INTO surgery (id,date,patient_id,doctor_id) VALUES (901,'2019-12-27',139,327);
INSERT INTO meds_for_surgery (surgery_id,med) VALUES (901,'Clofarabine');
INSERT INTO surgery (id,date,patient_id,doctor_id) VALUES (902,'2019-12-27',52,125);
INSERT INTO meds_for_surgery (surgery_id,med) VALUES (902,'Codeine');
INSERT INTO surgery (id,date,patient_id,doctor_id) VALUES (903,'2019-12-15',63,422);
INSERT INTO meds_for_surgery (surgery_id,med) VALUES (903,'Ondansetron');
INSERT INTO surgery (id,date,patient_id,doctor_id) VALUES (904,'2019-12-17',195,299);
INSERT INTO meds_for_surgery (surgery_id,med) VALUES (904,'Atovaquone');
INSERT INTO surgery (id,date,patient_id,doctor_id) VALUES (905,'2019-12-18',481,125);
INSERT INTO meds_for_surgery (surgery_id,med) VALUES (905,'Dornase alfa');
INSERT INTO surgery (id,date,patient_id,doctor_id) VALUES (906,'2019-11-24',334,209);
INSERT INTO meds_for_surgery (surgery_id,med) VALUES (906,'Phenobarbital');
INSERT INTO surgery (id,date,patient_id,doctor_id) VALUES (907,'2019-12-01',371,478);
INSERT INTO meds_for_surgery (surgery_id,med) VALUES (907,'Cefixime');
INSERT INTO surgery (id,date,patient_id,doctor_id) VALUES (908,'2019-12-11',470,495);
INSERT INTO meds_for_surgery (surgery_id,med) VALUES (908,'Deferasirox');
INSERT INTO surgery (id,date,patient_id,doctor_id) VALUES (909,'2019-12-04',308,78);
INSERT INTO meds_for_surgery (surgery_id,med) VALUES (909,'Clarithromycin');
INSERT INTO surgery (id,date,patient_id,doctor_id) VALUES (910,'2019-12-11',139,40);
INSERT INTO meds_for_surgery (surgery_id,med) VALUES (910,'Aprepitant');
INSERT INTO surgery (id,date,patient_id,doctor_id) VALUES (911,'2019-12-22',388,175);
INSERT INTO meds_for_surgery (surgery_id,med) VALUES (911,'Pemetrexed');
INSERT INTO surgery (id,date,patient_id,doctor_id) VALUES (912,'2019-12-25',378,62);
INSERT INTO meds_for_surgery (surgery_id,med) VALUES (912,'Neuromuscular');
INSERT INTO surgery (id,date,patient_id,doctor_id) VALUES (913,'2019-11-23',481,159);
INSERT INTO meds_for_surgery (surgery_id,med) VALUES (913,'Crizotinib');
INSERT INTO surgery (id,date,patient_id,doctor_id) VALUES (914,'2019-12-04',156,455);
INSERT INTO meds_for_surgery (surgery_id,med) VALUES (914,'Lopinavir');
INSERT INTO surgery (id,date,patient_id,doctor_id) VALUES (915,'2019-12-16',372,40);
INSERT INTO meds_for_surgery (surgery_id,med) VALUES (915,'Didanosine');
INSERT INTO surgery (id,date,patient_id,doctor_id) VALUES (916,'2019-11-29',231,238);
INSERT INTO meds_for_surgery (surgery_id,med) VALUES (916,'Erlotinib');
INSERT INTO surgery (id,date,patient_id,doctor_id) VALUES (917,'2019-12-20',192,78);
INSERT INTO meds_for_surgery (surgery_id,med) VALUES (917,'Cyclosporine');
INSERT INTO surgery (id,date,patient_id,doctor_id) VALUES (918,'2019-11-27',52,210);
INSERT INTO meds_for_surgery (surgery_id,med) VALUES (918,'Efavirenz');
INSERT INTO surgery (id,date,patient_id,doctor_id) VALUES (919,'2019-12-16',285,91);
INSERT INTO meds_for_surgery (surgery_id,med) VALUES (919,'Furosemide');
INSERT INTO surgery (id,date,patient_id,doctor_id) VALUES (920,'2019-12-20',46,216);
INSERT INTO meds_for_surgery (surgery_id,med) VALUES (920,'Sucralfate');
INSERT INTO surgery (id,date,patient_id,doctor_id) VALUES (921,'2019-11-28',419,288);
INSERT INTO meds_for_surgery (surgery_id,med) VALUES (921,'Dronabinol');
INSERT INTO surgery (id,date,patient_id,doctor_id) VALUES (922,'2019-11-27',262,404);
INSERT INTO meds_for_surgery (surgery_id,med) VALUES (922,'Furosemide');
INSERT INTO surgery (id,date,patient_id,doctor_id) VALUES (923,'2019-11-24',308,427);
INSERT INTO meds_for_surgery (surgery_id,med) VALUES (923,'Bortezomib');
INSERT INTO surgery (id,date,patient_id,doctor_id) VALUES (924,'2019-11-23',69,41);
INSERT INTO meds_for_surgery (surgery_id,med) VALUES (924,'Dinutuximab');
INSERT INTO surgery (id,date,patient_id,doctor_id) VALUES (925,'2019-12-13',52,98);
INSERT INTO meds_for_surgery (surgery_id,med) VALUES (925,'Immune');
INSERT INTO surgery (id,date,patient_id,doctor_id) VALUES (926,'2019-12-21',70,44);
INSERT INTO meds_for_surgery (surgery_id,med) VALUES (926,'Didanosine');
INSERT INTO surgery (id,date,patient_id,doctor_id) VALUES (927,'2019-12-23',53,61);
INSERT INTO meds_for_surgery (surgery_id,med) VALUES (927,'Cefixime');
INSERT INTO surgery (id,date,patient_id,doctor_id) VALUES (928,'2019-11-27',63,102);
INSERT INTO meds_for_surgery (surgery_id,med) VALUES (928,'Cidofovir');
INSERT INTO surgery (id,date,patient_id,doctor_id) VALUES (929,'2019-11-29',266,66);
INSERT INTO meds_for_surgery (surgery_id,med) VALUES (929,'Hydrocortisone');
INSERT INTO surgery (id,date,patient_id,doctor_id) VALUES (930,'2019-11-28',262,247);
INSERT INTO meds_for_surgery (surgery_id,med) VALUES (930,'Nelfinavir');
INSERT INTO surgery (id,date,patient_id,doctor_id) VALUES (931,'2019-12-25',329,425);
INSERT INTO meds_for_surgery (surgery_id,med) VALUES (931,'Melphalan');
INSERT INTO surgery (id,date,patient_id,doctor_id) VALUES (932,'2019-12-22',146,84);
INSERT INTO meds_for_surgery (surgery_id,med) VALUES (932,'Metronidazole');
INSERT INTO surgery (id,date,patient_id,doctor_id) VALUES (933,'2019-12-12',308,19);
INSERT INTO meds_for_surgery (surgery_id,med) VALUES (933,'Phenobarbital');
INSERT INTO surgery (id,date,patient_id,doctor_id) VALUES (934,'2019-12-27',215,396);
INSERT INTO meds_for_surgery (surgery_id,med) VALUES (934,'Deferasirox');
INSERT INTO surgery (id,date,patient_id,doctor_id) VALUES (935,'2019-12-19',119,414);
INSERT INTO meds_for_surgery (surgery_id,med) VALUES (935,'Cyclosporine');
INSERT INTO surgery (id,date,patient_id,doctor_id) VALUES (936,'2019-11-28',255,260);
INSERT INTO meds_for_surgery (surgery_id,med) VALUES (936,'Tacrolimus');
INSERT INTO surgery (id,date,patient_id,doctor_id) VALUES (937,'2019-12-09',498,98);
INSERT INTO meds_for_surgery (surgery_id,med) VALUES (937,'Nevirapine');
INSERT INTO surgery (id,date,patient_id,doctor_id) VALUES (938,'2019-12-10',450,61);
INSERT INTO meds_for_surgery (surgery_id,med) VALUES (938,'Dronabinol');
INSERT INTO surgery (id,date,patient_id,doctor_id) VALUES (939,'2019-12-17',233,397);
INSERT INTO meds_for_surgery (surgery_id,med) VALUES (939,'Fluorouracil');
INSERT INTO surgery (id,date,patient_id,doctor_id) VALUES (940,'2019-11-29',266,42);
INSERT INTO meds_for_surgery (surgery_id,med) VALUES (940,'Etoposide');
INSERT INTO surgery (id,date,patient_id,doctor_id) VALUES (941,'2019-12-22',364,425);
INSERT INTO meds_for_surgery (surgery_id,med) VALUES (941,'L-glutamine');
INSERT INTO surgery (id,date,patient_id,doctor_id) VALUES (942,'2019-12-26',252,77);
INSERT INTO meds_for_surgery (surgery_id,med) VALUES (942,'Enalapril');
INSERT INTO surgery (id,date,patient_id,doctor_id) VALUES (943,'2019-12-27',251,422);
INSERT INTO meds_for_surgery (surgery_id,med) VALUES (943,'Cephalexin');
INSERT INTO surgery (id,date,patient_id,doctor_id) VALUES (944,'2019-12-02',343,41);
INSERT INTO meds_for_surgery (surgery_id,med) VALUES (944,'Dactinomycin');
INSERT INTO surgery (id,date,patient_id,doctor_id) VALUES (945,'2019-11-28',450,78);
INSERT INTO meds_for_surgery (surgery_id,med) VALUES (945,'Desmopressin');
INSERT INTO surgery (id,date,patient_id,doctor_id) VALUES (946,'2019-12-23',195,44);
INSERT INTO meds_for_surgery (surgery_id,med) VALUES (946,'Clofarabine');
INSERT INTO surgery (id,date,patient_id,doctor_id) VALUES (947,'2019-12-07',328,270);
INSERT INTO meds_for_surgery (surgery_id,med) VALUES (947,'Muromonab');
INSERT INTO surgery (id,date,patient_id,doctor_id) VALUES (948,'2019-12-16',268,19);
INSERT INTO meds_for_surgery (surgery_id,med) VALUES (948,'Potassium');
INSERT INTO surgery (id,date,patient_id,doctor_id) VALUES (949,'2019-12-11',401,479);
INSERT INTO meds_for_surgery (surgery_id,med) VALUES (949,'Amoxicillin');
INSERT INTO surgery (id,date,patient_id,doctor_id) VALUES (950,'2019-12-10',75,397);
INSERT INTO meds_for_surgery (surgery_id,med) VALUES (950,'Gabapentin');
INSERT INTO surgery (id,date,patient_id,doctor_id) VALUES (951,'2019-12-10',329,112);
INSERT INTO meds_for_surgery (surgery_id,med) VALUES (951,'Hydralazine');
INSERT INTO surgery (id,date,patient_id,doctor_id) VALUES (952,'2019-11-23',498,495);
INSERT INTO meds_for_surgery (surgery_id,med) VALUES (952,'Cyclobenzaprine');
INSERT INTO surgery (id,date,patient_id,doctor_id) VALUES (953,'2019-12-17',233,396);
INSERT INTO meds_for_surgery (surgery_id,med) VALUES (953,'Fluorouracil');
INSERT INTO surgery (id,date,patient_id,doctor_id) VALUES (954,'2019-12-23',33,77);
INSERT INTO meds_for_surgery (surgery_id,med) VALUES (954,'Clindamycin');
INSERT INTO surgery (id,date,patient_id,doctor_id) VALUES (955,'2019-12-20',450,7);
INSERT INTO meds_for_surgery (surgery_id,med) VALUES (955,'Sirolimus');
INSERT INTO surgery (id,date,patient_id,doctor_id) VALUES (956,'2019-12-25',24,40);
INSERT INTO meds_for_surgery (surgery_id,med) VALUES (956,'Alendronate');
INSERT INTO surgery (id,date,patient_id,doctor_id) VALUES (957,'2019-12-11',329,208);
INSERT INTO meds_for_surgery (surgery_id,med) VALUES (957,'Emtricitabine');
INSERT INTO surgery (id,date,patient_id,doctor_id) VALUES (958,'2019-11-26',328,16);
INSERT INTO meds_for_surgery (surgery_id,med) VALUES (958,'Gemcitabine');
INSERT INTO surgery (id,date,patient_id,doctor_id) VALUES (959,'2019-12-23',401,300);
INSERT INTO meds_for_surgery (surgery_id,med) VALUES (959,'Tacrolimus');
INSERT INTO surgery (id,date,patient_id,doctor_id) VALUES (960,'2019-12-26',176,117);
INSERT INTO meds_for_surgery (surgery_id,med) VALUES (960,'Meloxicam');
INSERT INTO surgery (id,date,patient_id,doctor_id) VALUES (961,'2019-12-18',251,228);
INSERT INTO meds_for_surgery (surgery_id,med) VALUES (961,'Carbamazepine');
INSERT INTO surgery (id,date,patient_id,doctor_id) VALUES (962,'2019-11-24',255,495);
INSERT INTO meds_for_surgery (surgery_id,med) VALUES (962,'Dronabinol');
INSERT INTO surgery (id,date,patient_id,doctor_id) VALUES (963,'2019-12-24',53,384);
INSERT INTO meds_for_surgery (surgery_id,med) VALUES (963,'Busulfan');
INSERT INTO surgery (id,date,patient_id,doctor_id) VALUES (964,'2019-12-17',33,77);
INSERT INTO meds_for_surgery (surgery_id,med) VALUES (964,'G-CSF');
INSERT INTO surgery (id,date,patient_id,doctor_id) VALUES (965,'2019-12-06',123,247);
INSERT INTO meds_for_surgery (surgery_id,med) VALUES (965,'Linezolid');
INSERT INTO surgery (id,date,patient_id,doctor_id) VALUES (966,'2019-12-12',448,421);
INSERT INTO meds_for_surgery (surgery_id,med) VALUES (966,'Cefepime');
INSERT INTO surgery (id,date,patient_id,doctor_id) VALUES (967,'2019-11-30',229,421);
INSERT INTO meds_for_surgery (surgery_id,med) VALUES (967,'Vinblastine');
INSERT INTO surgery (id,date,patient_id,doctor_id) VALUES (968,'2019-12-08',273,41);
INSERT INTO meds_for_surgery (surgery_id,med) VALUES (968,'Azithromycin');
INSERT INTO surgery (id,date,patient_id,doctor_id) VALUES (969,'2019-11-26',335,216);
INSERT INTO meds_for_surgery (surgery_id,med) VALUES (969,'Omeprazole');
INSERT INTO surgery (id,date,patient_id,doctor_id) VALUES (970,'2019-12-09',255,40);
INSERT INTO meds_for_surgery (surgery_id,med) VALUES (970,'Dinutuximab');
INSERT INTO surgery (id,date,patient_id,doctor_id) VALUES (971,'2019-12-27',6,210);
INSERT INTO meds_for_surgery (surgery_id,med) VALUES (971,'Dopamine');
INSERT INTO surgery (id,date,patient_id,doctor_id) VALUES (972,'2019-12-03',119,270);
INSERT INTO meds_for_surgery (surgery_id,med) VALUES (972,'Phenobarbital');
INSERT INTO surgery (id,date,patient_id,doctor_id) VALUES (973,'2019-12-13',261,384);
INSERT INTO meds_for_surgery (surgery_id,med) VALUES (973,'Megestrol acetate');
INSERT INTO surgery (id,date,patient_id,doctor_id) VALUES (974,'2019-12-16',371,78);
INSERT INTO meds_for_surgery (surgery_id,med) VALUES (974,'Gemtuzumab');
INSERT INTO surgery (id,date,patient_id,doctor_id) VALUES (975,'2019-12-22',137,357);
INSERT INTO meds_for_surgery (surgery_id,med) VALUES (975,'Desmopressin');
INSERT INTO surgery (id,date,patient_id,doctor_id) VALUES (976,'2019-12-27',481,270);
INSERT INTO meds_for_surgery (surgery_id,med) VALUES (976,'Abacavir');
INSERT INTO surgery (id,date,patient_id,doctor_id) VALUES (977,'2019-12-08',24,42);
INSERT INTO meds_for_surgery (surgery_id,med) VALUES (977,'Imipenem');
INSERT INTO surgery (id,date,patient_id,doctor_id) VALUES (978,'2019-12-04',230,199);
INSERT INTO meds_for_surgery (surgery_id,med) VALUES (978,'Amoxicillin');
INSERT INTO surgery (id,date,patient_id,doctor_id) VALUES (979,'2019-12-23',24,45);
INSERT INTO meds_for_surgery (surgery_id,med) VALUES (979,'Clofarabine');
INSERT INTO surgery (id,date,patient_id,doctor_id) VALUES (980,'2019-12-01',52,7);
INSERT INTO meds_for_surgery (surgery_id,med) VALUES (980,'Saquinavir');
INSERT INTO surgery (id,date,patient_id,doctor_id) VALUES (981,'2019-11-28',308,175);
INSERT INTO meds_for_surgery (surgery_id,med) VALUES (981,'Rivaroxaban');
INSERT INTO surgery (id,date,patient_id,doctor_id) VALUES (982,'2019-12-26',364,422);
INSERT INTO meds_for_surgery (surgery_id,med) VALUES (982,'Azithromycin');
INSERT INTO surgery (id,date,patient_id,doctor_id) VALUES (983,'2019-12-06',139,270);
INSERT INTO meds_for_surgery (surgery_id,med) VALUES (983,'Levothyroxine');
INSERT INTO surgery (id,date,patient_id,doctor_id) VALUES (984,'2019-12-18',334,455);
INSERT INTO meds_for_surgery (surgery_id,med) VALUES (984,'Methadone');
INSERT INTO surgery (id,date,patient_id,doctor_id) VALUES (985,'2019-11-29',393,179);
INSERT INTO meds_for_surgery (surgery_id,med) VALUES (985,'Dasatinib');
INSERT INTO surgery (id,date,patient_id,doctor_id) VALUES (986,'2019-11-29',273,260);
INSERT INTO meds_for_surgery (surgery_id,med) VALUES (986,'L-glutamine');
INSERT INTO surgery (id,date,patient_id,doctor_id) VALUES (987,'2019-12-26',398,129);
INSERT INTO meds_for_surgery (surgery_id,med) VALUES (987,'Hydrocodone');
INSERT INTO surgery (id,date,patient_id,doctor_id) VALUES (988,'2019-12-24',123,45);
INSERT INTO meds_for_surgery (surgery_id,med) VALUES (988,'Muromonab');
INSERT INTO surgery (id,date,patient_id,doctor_id) VALUES (989,'2019-11-25',400,45);
INSERT INTO meds_for_surgery (surgery_id,med) VALUES (989,'Erythropoietin');
INSERT INTO surgery (id,date,patient_id,doctor_id) VALUES (990,'2019-12-08',482,427);
INSERT INTO meds_for_surgery (surgery_id,med) VALUES (990,'Levothyroxine');
INSERT INTO surgery (id,date,patient_id,doctor_id) VALUES (991,'2019-12-08',83,425);
INSERT INTO meds_for_surgery (surgery_id,med) VALUES (991,'Ritonavir');
INSERT INTO surgery (id,date,patient_id,doctor_id) VALUES (992,'2019-12-04',255,45);
INSERT INTO meds_for_surgery (surgery_id,med) VALUES (992,'Foscarnet');
INSERT INTO surgery (id,date,patient_id,doctor_id) VALUES (993,'2019-12-14',360,208);
INSERT INTO meds_for_surgery (surgery_id,med) VALUES (993,'Cephalexin');
INSERT INTO surgery (id,date,patient_id,doctor_id) VALUES (994,'2019-12-10',46,42);
INSERT INTO meds_for_surgery (surgery_id,med) VALUES (994,'Omeprazole');
INSERT INTO surgery (id,date,patient_id,doctor_id) VALUES (995,'2019-12-14',231,228);
INSERT INTO meds_for_surgery (surgery_id,med) VALUES (995,'Imatinib');
INSERT INTO surgery (id,date,patient_id,doctor_id) VALUES (996,'2019-12-22',388,19);
INSERT INTO meds_for_surgery (surgery_id,med) VALUES (996,'Oxycodone');
INSERT INTO surgery (id,date,patient_id,doctor_id) VALUES (997,'2019-12-05',328,208);
INSERT INTO meds_for_surgery (surgery_id,med) VALUES (997,'Promethazine');
INSERT INTO surgery (id,date,patient_id,doctor_id) VALUES (998,'2019-12-05',123,422);
INSERT INTO meds_for_surgery (surgery_id,med) VALUES (998,'Gabapentin');
INSERT INTO surgery (id,date,patient_id,doctor_id) VALUES (999,'2019-12-24',262,44);
INSERT INTO meds_for_surgery (surgery_id,med) VALUES (999,'Etravirine');
INSERT INTO surgery (id,date,patient_id,doctor_id) VALUES (1000,'2019-12-04',146,422);
INSERT INTO meds_for_surgery (surgery_id,med) VALUES (1000,'Didanosine');
INSERT INTO surgery (id,date,patient_id,doctor_id) VALUES (1001,'2019-12-23',493,64);
INSERT INTO meds_for_surgery (surgery_id,med) VALUES (1001,'Rilpivirine');
INSERT INTO surgery (id,date,patient_id,doctor_id) VALUES (1002,'2019-12-18',393,238);
INSERT INTO meds_for_surgery (surgery_id,med) VALUES (1002,'Gabapentin');
INSERT INTO surgery (id,date,patient_id,doctor_id) VALUES (1003,'2019-12-12',481,265);
INSERT INTO meds_for_surgery (surgery_id,med) VALUES (1003,'Codeine');
INSERT INTO surgery (id,date,patient_id,doctor_id) VALUES (1004,'2019-12-17',139,290);
INSERT INTO meds_for_surgery (surgery_id,med) VALUES (1004,'Penicillin');
INSERT INTO surgery (id,date,patient_id,doctor_id) VALUES (1005,'2019-12-03',24,16);
INSERT INTO meds_for_surgery (surgery_id,med) VALUES (1005,'Tobramycin');
INSERT INTO surgery (id,date,patient_id,doctor_id) VALUES (1006,'2019-11-26',255,421);
INSERT INTO meds_for_surgery (surgery_id,med) VALUES (1006,'Granisetron');
INSERT INTO surgery (id,date,patient_id,doctor_id) VALUES (1007,'2019-12-17',69,288);
INSERT INTO meds_for_surgery (surgery_id,med) VALUES (1007,'Vinblastine');
INSERT INTO surgery (id,date,patient_id,doctor_id) VALUES (1008,'2019-12-22',450,91);
INSERT INTO meds_for_surgery (surgery_id,med) VALUES (1008,'Topotecan');
INSERT INTO surgery (id,date,patient_id,doctor_id) VALUES (1009,'2019-12-16',449,300);
INSERT INTO meds_for_surgery (surgery_id,med) VALUES (1009,'Fludarabine');
INSERT INTO surgery (id,date,patient_id,doctor_id) VALUES (1010,'2019-12-10',400,260);
INSERT INTO meds_for_surgery (surgery_id,med) VALUES (1010,'Furosemide');
INSERT INTO surgery (id,date,patient_id,doctor_id) VALUES (1011,'2019-12-24',273,478);
INSERT INTO meds_for_surgery (surgery_id,med) VALUES (1011,'Neuromuscular');
INSERT INTO surgery (id,date,patient_id,doctor_id) VALUES (1012,'2019-12-23',195,396);
INSERT INTO meds_for_surgery (surgery_id,med) VALUES (1012,'Isotretinoin');
INSERT INTO surgery (id,date,patient_id,doctor_id) VALUES (1013,'2019-12-24',139,355);
INSERT INTO meds_for_surgery (surgery_id,med) VALUES (1013,'Tretinoin');
INSERT INTO surgery (id,date,patient_id,doctor_id) VALUES (1014,'2019-12-13',156,421);
INSERT INTO meds_for_surgery (surgery_id,med) VALUES (1014,'Rivaroxaban');
INSERT INTO surgery (id,date,patient_id,doctor_id) VALUES (1015,'2019-12-10',268,66);
INSERT INTO meds_for_surgery (surgery_id,med) VALUES (1015,'Cyproheptadine');
INSERT INTO surgery (id,date,patient_id,doctor_id) VALUES (1016,'2019-12-08',156,247);
INSERT INTO meds_for_surgery (surgery_id,med) VALUES (1016,'Mechlorethamine');
INSERT INTO surgery (id,date,patient_id,doctor_id) VALUES (1017,'2019-11-24',195,44);
INSERT INTO meds_for_surgery (surgery_id,med) VALUES (1017,'Hydroxyurea');
INSERT INTO surgery (id,date,patient_id,doctor_id) VALUES (1018,'2019-11-30',371,117);
INSERT INTO meds_for_surgery (surgery_id,med) VALUES (1018,'Atovaquone');
INSERT INTO surgery (id,date,patient_id,doctor_id) VALUES (1019,'2019-11-24',360,91);
INSERT INTO meds_for_surgery (surgery_id,med) VALUES (1019,'Cytarabine');
INSERT INTO surgery (id,date,patient_id,doctor_id) VALUES (1020,'2019-12-25',365,478);
INSERT INTO meds_for_surgery (surgery_id,med) VALUES (1020,'Tretinoin');
INSERT INTO surgery (id,date,patient_id,doctor_id) VALUES (1021,'2019-12-22',273,486);
INSERT INTO meds_for_surgery (surgery_id,med) VALUES (1021,'Tacrolimus');
INSERT INTO surgery (id,date,patient_id,doctor_id) VALUES (1022,'2019-12-10',176,238);
INSERT INTO meds_for_surgery (surgery_id,med) VALUES (1022,'Desmopressin');
INSERT INTO surgery (id,date,patient_id,doctor_id) VALUES (1023,'2019-11-28',371,326);
INSERT INTO meds_for_surgery (surgery_id,med) VALUES (1023,'Tenofovir');
INSERT INTO surgery (id,date,patient_id,doctor_id) VALUES (1024,'2019-12-12',365,208);
INSERT INTO meds_for_surgery (surgery_id,med) VALUES (1024,'Cyproheptadine');
INSERT INTO surgery (id,date,patient_id,doctor_id) VALUES (1025,'2019-12-21',360,256);
INSERT INTO meds_for_surgery (surgery_id,med) VALUES (1025,'Maraviroc');
INSERT INTO surgery (id,date,patient_id,doctor_id) VALUES (1026,'2019-11-25',188,62);
INSERT INTO meds_for_surgery (surgery_id,med) VALUES (1026,'Procarbazine');
INSERT INTO surgery (id,date,patient_id,doctor_id) VALUES (1027,'2019-12-09',252,477);
INSERT INTO meds_for_surgery (surgery_id,med) VALUES (1027,'Sirolimus');
INSERT INTO surgery (id,date,patient_id,doctor_id) VALUES (1028,'2019-11-26',378,486);
INSERT INTO meds_for_surgery (surgery_id,med) VALUES (1028,'Aprepitant');
INSERT INTO surgery (id,date,patient_id,doctor_id) VALUES (1029,'2019-12-07',350,357);
INSERT INTO meds_for_surgery (surgery_id,med) VALUES (1029,'Erlotinib');
INSERT INTO surgery (id,date,patient_id,doctor_id) VALUES (1030,'2019-12-04',419,414);
INSERT INTO meds_for_surgery (surgery_id,med) VALUES (1030,'Mitotane');
INSERT INTO surgery (id,date,patient_id,doctor_id) VALUES (1031,'2019-12-22',146,495);
INSERT INTO meds_for_surgery (surgery_id,med) VALUES (1031,'Phosphorus');
INSERT INTO surgery (id,date,patient_id,doctor_id) VALUES (1032,'2019-12-27',4,228);
INSERT INTO meds_for_surgery (surgery_id,med) VALUES (1032,'Darunavir');
INSERT INTO surgery (id,date,patient_id,doctor_id) VALUES (1033,'2019-12-10',417,422);
INSERT INTO meds_for_surgery (surgery_id,med) VALUES (1033,'Dronabinol');
INSERT INTO surgery (id,date,patient_id,doctor_id) VALUES (1034,'2019-12-17',449,199);
INSERT INTO meds_for_surgery (surgery_id,med) VALUES (1034,'Vincristine');
INSERT INTO surgery (id,date,patient_id,doctor_id) VALUES (1035,'2019-11-27',119,159);
INSERT INTO meds_for_surgery (surgery_id,med) VALUES (1035,'Propoxyphene');
INSERT INTO surgery (id,date,patient_id,doctor_id) VALUES (1036,'2019-12-11',215,247);
INSERT INTO meds_for_surgery (surgery_id,med) VALUES (1036,'Acyclovir');
INSERT INTO surgery (id,date,patient_id,doctor_id) VALUES (1037,'2019-11-30',24,421);
INSERT INTO meds_for_surgery (surgery_id,med) VALUES (1037,'Darunavir');
INSERT INTO surgery (id,date,patient_id,doctor_id) VALUES (1038,'2019-12-08',195,117);
INSERT INTO meds_for_surgery (surgery_id,med) VALUES (1038,'Rilpivirine');
INSERT INTO surgery (id,date,patient_id,doctor_id) VALUES (1039,'2019-11-25',371,163);
INSERT INTO meds_for_surgery (surgery_id,med) VALUES (1039,'Dobutamine');
INSERT INTO surgery (id,date,patient_id,doctor_id) VALUES (1040,'2019-12-20',493,495);
INSERT INTO meds_for_surgery (surgery_id,med) VALUES (1040,'Methotrexate');
INSERT INTO surgery (id,date,patient_id,doctor_id) VALUES (1041,'2019-11-29',360,381);
INSERT INTO meds_for_surgery (surgery_id,med) VALUES (1041,'Cladribine');
INSERT INTO surgery (id,date,patient_id,doctor_id) VALUES (1042,'2019-12-05',252,366);
INSERT INTO meds_for_surgery (surgery_id,med) VALUES (1042,'Isotretinoin');
INSERT INTO surgery (id,date,patient_id,doctor_id) VALUES (1043,'2019-11-27',188,421);
INSERT INTO meds_for_surgery (surgery_id,med) VALUES (1043,'Dapsone');
INSERT INTO surgery (id,date,patient_id,doctor_id) VALUES (1044,'2019-11-25',440,422);
INSERT INTO meds_for_surgery (surgery_id,med) VALUES (1044,'Sirolimus');
INSERT INTO surgery (id,date,patient_id,doctor_id) VALUES (1045,'2019-12-12',389,228);
INSERT INTO meds_for_surgery (surgery_id,med) VALUES (1045,'PEGaspargase');
INSERT INTO surgery (id,date,patient_id,doctor_id) VALUES (1046,'2019-11-30',440,478);
INSERT INTO meds_for_surgery (surgery_id,med) VALUES (1046,'Desmopressin');
INSERT INTO surgery (id,date,patient_id,doctor_id) VALUES (1047,'2019-12-18',63,78);
INSERT INTO meds_for_surgery (surgery_id,med) VALUES (1047,'Immune');
INSERT INTO surgery (id,date,patient_id,doctor_id) VALUES (1048,'2019-12-24',400,44);
INSERT INTO meds_for_surgery (surgery_id,med) VALUES (1048,'Captopril');
INSERT INTO surgery (id,date,patient_id,doctor_id) VALUES (1049,'2019-12-20',70,91);
INSERT INTO meds_for_surgery (surgery_id,med) VALUES (1049,'Sorafenib');
INSERT INTO surgery (id,date,patient_id,doctor_id) VALUES (1050,'2019-11-28',230,143);
INSERT INTO meds_for_surgery (surgery_id,med) VALUES (1050,'Topotecan');
INSERT INTO surgery (id,date,patient_id,doctor_id) VALUES (1051,'2019-12-06',13,346);
INSERT INTO meds_for_surgery (surgery_id,med) VALUES (1051,'Meperidine');
INSERT INTO surgery (id,date,patient_id,doctor_id) VALUES (1052,'2019-12-12',329,151);
INSERT INTO meds_for_surgery (surgery_id,med) VALUES (1052,'Crizotinib');
INSERT INTO surgery (id,date,patient_id,doctor_id) VALUES (1053,'2019-11-29',139,143);
INSERT INTO meds_for_surgery (surgery_id,med) VALUES (1053,'Hydrocortisone');
INSERT INTO surgery (id,date,patient_id,doctor_id) VALUES (1054,'2019-12-19',4,478);
INSERT INTO meds_for_surgery (surgery_id,med) VALUES (1054,'Paclitaxel');
INSERT INTO surgery (id,date,patient_id,doctor_id) VALUES (1055,'2019-12-06',417,210);
INSERT INTO meds_for_surgery (surgery_id,med) VALUES (1055,'Alemtuzumab');
INSERT INTO surgery (id,date,patient_id,doctor_id) VALUES (1056,'2019-12-16',53,454);
INSERT INTO meds_for_surgery (surgery_id,med) VALUES (1056,'Daunorubicin');
INSERT INTO surgery (id,date,patient_id,doctor_id) VALUES (1057,'2019-12-05',460,256);
INSERT INTO meds_for_surgery (surgery_id,med) VALUES (1057,'Lamivudine');
INSERT INTO surgery (id,date,patient_id,doctor_id) VALUES (1058,'2019-12-22',230,425);
INSERT INTO meds_for_surgery (surgery_id,med) VALUES (1058,'Deferasirox');
INSERT INTO surgery (id,date,patient_id,doctor_id) VALUES (1059,'2019-12-23',398,143);
INSERT INTO meds_for_surgery (surgery_id,med) VALUES (1059,'PEGaspargase');
INSERT INTO surgery (id,date,patient_id,doctor_id) VALUES (1060,'2019-12-17',401,427);
INSERT INTO meds_for_surgery (surgery_id,med) VALUES (1060,'Cidofovir');
INSERT INTO surgery (id,date,patient_id,doctor_id) VALUES (1061,'2019-12-17',229,16);
INSERT INTO meds_for_surgery (surgery_id,med) VALUES (1061,'Norepinephrine');
INSERT INTO surgery (id,date,patient_id,doctor_id) VALUES (1062,'2019-12-17',448,425);
INSERT INTO meds_for_surgery (surgery_id,med) VALUES (1062,'Leucovorin');
INSERT INTO surgery (id,date,patient_id,doctor_id) VALUES (1063,'2019-11-24',86,346);
INSERT INTO meds_for_surgery (surgery_id,med) VALUES (1063,'Cytarabine');
INSERT INTO surgery (id,date,patient_id,doctor_id) VALUES (1064,'2019-12-10',273,91);
INSERT INTO meds_for_surgery (surgery_id,med) VALUES (1064,'Cefixime');
INSERT INTO surgery (id,date,patient_id,doctor_id) VALUES (1065,'2019-12-21',63,84);
INSERT INTO meds_for_surgery (surgery_id,med) VALUES (1065,'Imatinib');
INSERT INTO surgery (id,date,patient_id,doctor_id) VALUES (1066,'2019-12-16',75,478);
INSERT INTO meds_for_surgery (surgery_id,med) VALUES (1066,'Dexamethasone');
INSERT INTO surgery (id,date,patient_id,doctor_id) VALUES (1067,'2019-12-07',449,7);
INSERT INTO meds_for_surgery (surgery_id,med) VALUES (1067,'Amoxicillin');
INSERT INTO surgery (id,date,patient_id,doctor_id) VALUES (1068,'2019-11-29',388,61);
INSERT INTO meds_for_surgery (surgery_id,med) VALUES (1068,'Alendronate');
INSERT INTO surgery (id,date,patient_id,doctor_id) VALUES (1069,'2019-12-17',46,42);
INSERT INTO meds_for_surgery (surgery_id,med) VALUES (1069,'Sugammadex');
INSERT INTO surgery (id,date,patient_id,doctor_id) VALUES (1070,'2019-12-01',372,396);
INSERT INTO meds_for_surgery (surgery_id,med) VALUES (1070,'Didanosine');
INSERT INTO surgery (id,date,patient_id,doctor_id) VALUES (1071,'2019-12-02',364,290);
INSERT INTO meds_for_surgery (surgery_id,med) VALUES (1071,'Fludarabine');
INSERT INTO surgery (id,date,patient_id,doctor_id) VALUES (1072,'2019-12-26',334,278);
INSERT INTO meds_for_surgery (surgery_id,med) VALUES (1072,'Mitoxantrone');
INSERT INTO surgery (id,date,patient_id,doctor_id) VALUES (1073,'2019-12-25',450,288);
INSERT INTO meds_for_surgery (surgery_id,med) VALUES (1073,'Gefitinib');
INSERT INTO surgery (id,date,patient_id,doctor_id) VALUES (1074,'2019-12-21',385,422);
INSERT INTO meds_for_surgery (surgery_id,med) VALUES (1074,'Emtricitabine');
INSERT INTO surgery (id,date,patient_id,doctor_id) VALUES (1075,'2019-11-23',470,98);
INSERT INTO meds_for_surgery (surgery_id,med) VALUES (1075,'Ritonavir');
INSERT INTO surgery (id,date,patient_id,doctor_id) VALUES (1076,'2019-11-28',266,129);
INSERT INTO meds_for_surgery (surgery_id,med) VALUES (1076,'Magnesium');
INSERT INTO surgery (id,date,patient_id,doctor_id) VALUES (1077,'2019-11-29',390,265);
INSERT INTO meds_for_surgery (surgery_id,med) VALUES (1077,'Eltrombopag');
INSERT INTO surgery (id,date,patient_id,doctor_id) VALUES (1078,'2019-12-25',33,216);
INSERT INTO meds_for_surgery (surgery_id,med) VALUES (1078,'Codeine');
INSERT INTO surgery (id,date,patient_id,doctor_id) VALUES (1079,'2019-12-24',378,300);
INSERT INTO meds_for_surgery (surgery_id,med) VALUES (1079,'Melphalan');
INSERT INTO surgery (id,date,patient_id,doctor_id) VALUES (1080,'2019-12-05',470,117);
INSERT INTO meds_for_surgery (surgery_id,med) VALUES (1080,'Azithromycin');
INSERT INTO surgery (id,date,patient_id,doctor_id) VALUES (1081,'2019-12-14',123,209);
INSERT INTO meds_for_surgery (surgery_id,med) VALUES (1081,'Meperidine');
INSERT INTO surgery (id,date,patient_id,doctor_id) VALUES (1082,'2019-12-13',390,84);
INSERT INTO meds_for_surgery (surgery_id,med) VALUES (1082,'Captopril');
INSERT INTO surgery (id,date,patient_id,doctor_id) VALUES (1083,'2019-12-17',137,117);
INSERT INTO meds_for_surgery (surgery_id,med) VALUES (1083,'Propoxyphene');
INSERT INTO surgery (id,date,patient_id,doctor_id) VALUES (1084,'2019-12-09',6,143);
INSERT INTO meds_for_surgery (surgery_id,med) VALUES (1084,'Mesna');
INSERT INTO surgery (id,date,patient_id,doctor_id) VALUES (1085,'2019-11-29',63,451);
INSERT INTO meds_for_surgery (surgery_id,med) VALUES (1085,'Temozolomide');
INSERT INTO surgery (id,date,patient_id,doctor_id) VALUES (1086,'2019-12-19',385,145);
INSERT INTO meds_for_surgery (surgery_id,med) VALUES (1086,'Paclitaxel');
INSERT INTO surgery (id,date,patient_id,doctor_id) VALUES (1087,'2019-12-07',139,399);
INSERT INTO meds_for_surgery (surgery_id,med) VALUES (1087,'Ruxolitinib');
INSERT INTO surgery (id,date,patient_id,doctor_id) VALUES (1088,'2019-12-22',123,131);
INSERT INTO meds_for_surgery (surgery_id,med) VALUES (1088,'Micafungin');
INSERT INTO surgery (id,date,patient_id,doctor_id) VALUES (1089,'2019-12-26',481,299);
INSERT INTO meds_for_surgery (surgery_id,med) VALUES (1089,'Darunavir');
INSERT INTO surgery (id,date,patient_id,doctor_id) VALUES (1090,'2019-12-15',460,479);
INSERT INTO meds_for_surgery (surgery_id,med) VALUES (1090,'Imatinib');
INSERT INTO surgery (id,date,patient_id,doctor_id) VALUES (1091,'2019-12-06',371,84);
INSERT INTO meds_for_surgery (surgery_id,med) VALUES (1091,'Codeine');
INSERT INTO surgery (id,date,patient_id,doctor_id) VALUES (1092,'2019-12-08',176,199);
INSERT INTO meds_for_surgery (surgery_id,med) VALUES (1092,'Valproic acid');
INSERT INTO surgery (id,date,patient_id,doctor_id) VALUES (1093,'2019-12-09',26,376);
INSERT INTO meds_for_surgery (surgery_id,med) VALUES (1093,'G-CSF');
INSERT INTO surgery (id,date,patient_id,doctor_id) VALUES (1094,'2019-12-24',398,175);
INSERT INTO meds_for_surgery (surgery_id,med) VALUES (1094,'Enalapril');
INSERT INTO surgery (id,date,patient_id,doctor_id) VALUES (1095,'2019-12-25',419,129);
INSERT INTO meds_for_surgery (surgery_id,med) VALUES (1095,'Foscarnet');
INSERT INTO surgery (id,date,patient_id,doctor_id) VALUES (1096,'2019-11-27',4,216);
INSERT INTO meds_for_surgery (surgery_id,med) VALUES (1096,'Oxycodone');
INSERT INTO surgery (id,date,patient_id,doctor_id) VALUES (1097,'2019-12-11',482,143);
INSERT INTO meds_for_surgery (surgery_id,med) VALUES (1097,'Abacavir');
INSERT INTO surgery (id,date,patient_id,doctor_id) VALUES (1098,'2019-12-22',156,451);
INSERT INTO meds_for_surgery (surgery_id,med) VALUES (1098,'Hydroxyurea');
INSERT INTO surgery (id,date,patient_id,doctor_id) VALUES (1099,'2019-12-14',69,151);
INSERT INTO meds_for_surgery (surgery_id,med) VALUES (1099,'Muromonab');
INSERT INTO surgery (id,date,patient_id,doctor_id) VALUES (1100,'2019-12-04',253,209);
INSERT INTO meds_for_surgery (surgery_id,med) VALUES (1100,'Sugammadex');
INSERT INTO surgery (id,date,patient_id,doctor_id) VALUES (1101,'2019-11-30',6,45);
INSERT INTO meds_for_surgery (surgery_id,med) VALUES (1101,'Ruxolitinib');
INSERT INTO surgery (id,date,patient_id,doctor_id) VALUES (1102,'2019-11-29',53,486);
INSERT INTO meds_for_surgery (surgery_id,med) VALUES (1102,'Enalapril');
INSERT INTO surgery (id,date,patient_id,doctor_id) VALUES (1103,'2019-12-27',233,91);
INSERT INTO meds_for_surgery (surgery_id,med) VALUES (1103,'Ifosfamide');
INSERT INTO surgery (id,date,patient_id,doctor_id) VALUES (1104,'2019-12-11',372,454);
INSERT INTO meds_for_surgery (surgery_id,med) VALUES (1104,'Hydromorphone');
INSERT INTO surgery (id,date,patient_id,doctor_id) VALUES (1105,'2019-12-04',80,84);
INSERT INTO meds_for_surgery (surgery_id,med) VALUES (1105,'Crizotinib');
INSERT INTO surgery (id,date,patient_id,doctor_id) VALUES (1106,'2019-12-07',378,66);
INSERT INTO meds_for_surgery (surgery_id,med) VALUES (1106,'Cladribine');
INSERT INTO surgery (id,date,patient_id,doctor_id) VALUES (1107,'2019-12-17',75,479);
INSERT INTO meds_for_surgery (surgery_id,med) VALUES (1107,'Didanosine');
INSERT INTO surgery (id,date,patient_id,doctor_id) VALUES (1108,'2019-12-23',80,452);
INSERT INTO meds_for_surgery (surgery_id,med) VALUES (1108,'Alendronate');
INSERT INTO surgery (id,date,patient_id,doctor_id) VALUES (1109,'2019-12-08',493,163);
INSERT INTO meds_for_surgery (surgery_id,med) VALUES (1109,'Bosentan');
INSERT INTO surgery (id,date,patient_id,doctor_id) VALUES (1110,'2019-11-28',499,477);
INSERT INTO meds_for_surgery (surgery_id,med) VALUES (1110,'Pemetrexed');
INSERT INTO surgery (id,date,patient_id,doctor_id) VALUES (1111,'2019-11-26',67,256);
INSERT INTO meds_for_surgery (surgery_id,med) VALUES (1111,'Celecoxib');
INSERT INTO surgery (id,date,patient_id,doctor_id) VALUES (1112,'2019-11-26',188,102);
INSERT INTO meds_for_surgery (surgery_id,med) VALUES (1112,'Pegfilgrastim');
INSERT INTO surgery (id,date,patient_id,doctor_id) VALUES (1113,'2019-11-23',398,102);
INSERT INTO meds_for_surgery (surgery_id,med) VALUES (1113,'Sunitinib');
INSERT INTO surgery (id,date,patient_id,doctor_id) VALUES (1114,'2019-11-25',364,290);
INSERT INTO meds_for_surgery (surgery_id,med) VALUES (1114,'Linezolid');
INSERT INTO surgery (id,date,patient_id,doctor_id) VALUES (1115,'2019-12-24',195,265);
INSERT INTO meds_for_surgery (surgery_id,med) VALUES (1115,'Enoxaparin');
INSERT INTO surgery (id,date,patient_id,doctor_id) VALUES (1116,'2019-12-11',123,265);
INSERT INTO meds_for_surgery (surgery_id,med) VALUES (1116,'Doxorubicin');
INSERT INTO surgery (id,date,patient_id,doctor_id) VALUES (1117,'2019-11-27',334,479);
INSERT INTO meds_for_surgery (surgery_id,med) VALUES (1117,'Dornase alfa');
INSERT INTO surgery (id,date,patient_id,doctor_id) VALUES (1118,'2019-12-11',440,290);
INSERT INTO meds_for_surgery (surgery_id,med) VALUES (1118,'Ruxolitinib');
INSERT INTO surgery (id,date,patient_id,doctor_id) VALUES (1119,'2019-12-17',6,163);
INSERT INTO meds_for_surgery (surgery_id,med) VALUES (1119,'Cladribine');
INSERT INTO surgery (id,date,patient_id,doctor_id) VALUES (1120,'2019-12-19',46,42);
INSERT INTO meds_for_surgery (surgery_id,med) VALUES (1120,'Carboplatin');
INSERT INTO surgery (id,date,patient_id,doctor_id) VALUES (1121,'2019-12-07',233,396);
INSERT INTO meds_for_surgery (surgery_id,med) VALUES (1121,'Cephalexin');
INSERT INTO surgery (id,date,patient_id,doctor_id) VALUES (1122,'2019-12-21',482,455);
INSERT INTO meds_for_surgery (surgery_id,med) VALUES (1122,'Atazanavir');
INSERT INTO surgery (id,date,patient_id,doctor_id) VALUES (1123,'2019-12-15',231,396);
INSERT INTO meds_for_surgery (surgery_id,med) VALUES (1123,'Hydrocodone');
INSERT INTO surgery (id,date,patient_id,doctor_id) VALUES (1124,'2019-12-10',83,421);
INSERT INTO meds_for_surgery (surgery_id,med) VALUES (1124,'Micafungin');
INSERT INTO surgery (id,date,patient_id,doctor_id) VALUES (1125,'2019-12-12',251,451);
INSERT INTO meds_for_surgery (surgery_id,med) VALUES (1125,'Rituximab');
INSERT INTO surgery (id,date,patient_id,doctor_id) VALUES (1126,'2019-12-17',20,256);
INSERT INTO meds_for_surgery (surgery_id,med) VALUES (1126,'Warfarin');
INSERT INTO surgery (id,date,patient_id,doctor_id) VALUES (1127,'2019-12-02',285,452);
INSERT INTO meds_for_surgery (surgery_id,med) VALUES (1127,'Trimethoprim');
INSERT INTO surgery (id,date,patient_id,doctor_id) VALUES (1128,'2019-12-21',350,327);
INSERT INTO meds_for_surgery (surgery_id,med) VALUES (1128,'Erlotinib');
INSERT INTO surgery (id,date,patient_id,doctor_id) VALUES (1129,'2019-12-20',460,376);
INSERT INTO meds_for_surgery (surgery_id,med) VALUES (1129,'Amitriptyline');
INSERT INTO surgery (id,date,patient_id,doctor_id) VALUES (1130,'2019-12-23',481,44);
INSERT INTO meds_for_surgery (surgery_id,med) VALUES (1130,'Meropenem');
INSERT INTO surgery (id,date,patient_id,doctor_id) VALUES (1131,'2019-12-02',255,270);
INSERT INTO meds_for_surgery (surgery_id,med) VALUES (1131,'Thioguanine');
INSERT INTO surgery (id,date,patient_id,doctor_id) VALUES (1132,'2019-12-09',20,125);
INSERT INTO meds_for_surgery (surgery_id,med) VALUES (1132,'Ritonavir');
INSERT INTO surgery (id,date,patient_id,doctor_id) VALUES (1133,'2019-12-27',53,414);
INSERT INTO meds_for_surgery (surgery_id,med) VALUES (1133,'Deferasirox');
INSERT INTO surgery (id,date,patient_id,doctor_id) VALUES (1134,'2019-12-07',251,454);
INSERT INTO meds_for_surgery (surgery_id,med) VALUES (1134,'Pegfilgrastim');
INSERT INTO surgery (id,date,patient_id,doctor_id) VALUES (1135,'2019-11-27',231,145);
INSERT INTO meds_for_surgery (surgery_id,med) VALUES (1135,'Bosentan');
INSERT INTO surgery (id,date,patient_id,doctor_id) VALUES (1136,'2019-12-06',242,278);
INSERT INTO meds_for_surgery (surgery_id,med) VALUES (1136,'Ranitidine');
INSERT INTO surgery (id,date,patient_id,doctor_id) VALUES (1137,'2019-12-06',426,113);
INSERT INTO meds_for_surgery (surgery_id,med) VALUES (1137,'Hydralazine');
INSERT INTO surgery (id,date,patient_id,doctor_id) VALUES (1138,'2019-11-25',70,16);
INSERT INTO meds_for_surgery (surgery_id,med) VALUES (1138,'Neuromuscular');
INSERT INTO surgery (id,date,patient_id,doctor_id) VALUES (1139,'2019-12-05',460,495);
INSERT INTO meds_for_surgery (surgery_id,med) VALUES (1139,'Deferasirox');
INSERT INTO surgery (id,date,patient_id,doctor_id) VALUES (1140,'2019-11-27',26,102);
INSERT INTO meds_for_surgery (surgery_id,med) VALUES (1140,'Maraviroc');
INSERT INTO surgery (id,date,patient_id,doctor_id) VALUES (1141,'2019-12-11',350,102);
INSERT INTO meds_for_surgery (surgery_id,med) VALUES (1141,'Thiotepa');
INSERT INTO surgery (id,date,patient_id,doctor_id) VALUES (1142,'2019-12-08',365,288);
INSERT INTO meds_for_surgery (surgery_id,med) VALUES (1142,'Morphine');
INSERT INTO surgery (id,date,patient_id,doctor_id) VALUES (1143,'2019-12-16',443,84);
INSERT INTO meds_for_surgery (surgery_id,med) VALUES (1143,'Ifosfamide');
INSERT INTO surgery (id,date,patient_id,doctor_id) VALUES (1144,'2019-12-13',233,270);
INSERT INTO meds_for_surgery (surgery_id,med) VALUES (1144,'Maraviroc');
INSERT INTO surgery (id,date,patient_id,doctor_id) VALUES (1145,'2019-12-15',75,77);
INSERT INTO meds_for_surgery (surgery_id,med) VALUES (1145,'Rivaroxaban');
INSERT INTO surgery (id,date,patient_id,doctor_id) VALUES (1146,'2019-12-04',52,425);
INSERT INTO meds_for_surgery (surgery_id,med) VALUES (1146,'Alemtuzumab');
INSERT INTO surgery (id,date,patient_id,doctor_id) VALUES (1147,'2019-11-26',335,77);
INSERT INTO meds_for_surgery (surgery_id,med) VALUES (1147,'Omeprazole');
INSERT INTO surgery (id,date,patient_id,doctor_id) VALUES (1148,'2019-12-18',262,422);
INSERT INTO meds_for_surgery (surgery_id,med) VALUES (1148,'Carmustine');
INSERT INTO surgery (id,date,patient_id,doctor_id) VALUES (1149,'2019-12-01',470,84);
INSERT INTO meds_for_surgery (surgery_id,med) VALUES (1149,'Potassium');
INSERT INTO surgery (id,date,patient_id,doctor_id) VALUES (1150,'2019-11-27',253,42);
INSERT INTO meds_for_surgery (surgery_id,med) VALUES (1150,'Aprepitant');
INSERT INTO surgery (id,date,patient_id,doctor_id) VALUES (1151,'2019-12-14',67,478);
INSERT INTO meds_for_surgery (surgery_id,med) VALUES (1151,'Erythromycin');
INSERT INTO surgery (id,date,patient_id,doctor_id) VALUES (1152,'2019-12-02',450,270);
INSERT INTO meds_for_surgery (surgery_id,med) VALUES (1152,'Gabapentin');
INSERT INTO surgery (id,date,patient_id,doctor_id) VALUES (1153,'2019-12-25',139,486);
INSERT INTO meds_for_surgery (surgery_id,med) VALUES (1153,'Linezolid');
INSERT INTO surgery (id,date,patient_id,doctor_id) VALUES (1154,'2019-12-26',450,326);
INSERT INTO meds_for_surgery (surgery_id,med) VALUES (1154,'Erythropoietin');
INSERT INTO surgery (id,date,patient_id,doctor_id) VALUES (1155,'2019-12-13',266,77);
INSERT INTO meds_for_surgery (surgery_id,med) VALUES (1155,'Erythromycin');
INSERT INTO surgery (id,date,patient_id,doctor_id) VALUES (1156,'2019-12-23',343,91);
INSERT INTO meds_for_surgery (surgery_id,med) VALUES (1156,'Efavirenz');
INSERT INTO surgery (id,date,patient_id,doctor_id) VALUES (1157,'2019-12-26',450,357);
INSERT INTO meds_for_surgery (surgery_id,med) VALUES (1157,'Levothyroxine');
INSERT INTO surgery (id,date,patient_id,doctor_id) VALUES (1158,'2019-11-29',154,486);
INSERT INTO meds_for_surgery (surgery_id,med) VALUES (1158,'Neuromuscular');
INSERT INTO surgery (id,date,patient_id,doctor_id) VALUES (1159,'2019-11-27',470,209);
INSERT INTO meds_for_surgery (surgery_id,med) VALUES (1159,'Cefixime');
INSERT INTO surgery (id,date,patient_id,doctor_id) VALUES (1160,'2019-12-27',215,98);
INSERT INTO meds_for_surgery (surgery_id,med) VALUES (1160,'Isotretinoin');
INSERT INTO surgery (id,date,patient_id,doctor_id) VALUES (1161,'2019-12-11',26,300);
INSERT INTO meds_for_surgery (surgery_id,med) VALUES (1161,'Hydralazine');
INSERT INTO surgery (id,date,patient_id,doctor_id) VALUES (1162,'2019-12-20',360,61);
INSERT INTO meds_for_surgery (surgery_id,med) VALUES (1162,'Amitriptyline');
INSERT INTO surgery (id,date,patient_id,doctor_id) VALUES (1163,'2019-12-27',52,327);
INSERT INTO meds_for_surgery (surgery_id,med) VALUES (1163,'Teniposide');
INSERT INTO surgery (id,date,patient_id,doctor_id) VALUES (1164,'2019-12-23',470,357);
INSERT INTO meds_for_surgery (surgery_id,med) VALUES (1164,'Enoxaparin');
INSERT INTO surgery (id,date,patient_id,doctor_id) VALUES (1165,'2019-12-20',285,129);
INSERT INTO meds_for_surgery (surgery_id,med) VALUES (1165,'Pegfilgrastim');
INSERT INTO surgery (id,date,patient_id,doctor_id) VALUES (1166,'2019-11-28',75,451);
INSERT INTO meds_for_surgery (surgery_id,med) VALUES (1166,'Deferasirox');
INSERT INTO surgery (id,date,patient_id,doctor_id) VALUES (1167,'2019-12-03',426,404);
INSERT INTO meds_for_surgery (surgery_id,med) VALUES (1167,'Mycophenolate');
INSERT INTO surgery (id,date,patient_id,doctor_id) VALUES (1168,'2019-12-15',343,425);
INSERT INTO meds_for_surgery (surgery_id,med) VALUES (1168,'Cidofovir');
INSERT INTO surgery (id,date,patient_id,doctor_id) VALUES (1169,'2019-12-03',285,16);
INSERT INTO meds_for_surgery (surgery_id,med) VALUES (1169,'Diclofenac');
INSERT INTO surgery (id,date,patient_id,doctor_id) VALUES (1170,'2019-12-10',18,78);
INSERT INTO meds_for_surgery (surgery_id,med) VALUES (1170,'Vancomycin');
INSERT INTO surgery (id,date,patient_id,doctor_id) VALUES (1171,'2019-12-12',33,42);
INSERT INTO meds_for_surgery (surgery_id,med) VALUES (1171,'Clindamycin');
INSERT INTO surgery (id,date,patient_id,doctor_id) VALUES (1172,'2019-11-26',229,16);
INSERT INTO meds_for_surgery (surgery_id,med) VALUES (1172,'Dobutamine');
INSERT INTO surgery (id,date,patient_id,doctor_id) VALUES (1173,'2019-12-27',329,91);
INSERT INTO meds_for_surgery (surgery_id,med) VALUES (1173,'Gefitinib');
INSERT INTO surgery (id,date,patient_id,doctor_id) VALUES (1174,'2019-12-19',4,45);
INSERT INTO meds_for_surgery (surgery_id,med) VALUES (1174,'Enalapril');
INSERT INTO surgery (id,date,patient_id,doctor_id) VALUES (1175,'2019-12-04',6,175);
INSERT INTO meds_for_surgery (surgery_id,med) VALUES (1175,'Cephalexin');
INSERT INTO surgery (id,date,patient_id,doctor_id) VALUES (1176,'2019-12-27',417,44);
INSERT INTO meds_for_surgery (surgery_id,med) VALUES (1176,'Sugammadex');
INSERT INTO surgery (id,date,patient_id,doctor_id) VALUES (1177,'2019-12-10',154,397);
INSERT INTO meds_for_surgery (surgery_id,med) VALUES (1177,'PEGaspargase');
INSERT INTO surgery (id,date,patient_id,doctor_id) VALUES (1178,'2019-12-12',137,357);
INSERT INTO meds_for_surgery (surgery_id,med) VALUES (1178,'Procarbazine');
INSERT INTO surgery (id,date,patient_id,doctor_id) VALUES (1179,'2019-12-11',156,66);
INSERT INTO meds_for_surgery (surgery_id,med) VALUES (1179,'G-CSF');
INSERT INTO surgery (id,date,patient_id,doctor_id) VALUES (1180,'2019-12-15',335,477);
INSERT INTO meds_for_surgery (surgery_id,med) VALUES (1180,'Darunavir');
INSERT INTO surgery (id,date,patient_id,doctor_id) VALUES (1181,'2019-12-17',364,399);
INSERT INTO meds_for_surgery (surgery_id,med) VALUES (1181,'Baclofen');
INSERT INTO surgery (id,date,patient_id,doctor_id) VALUES (1182,'2019-12-27',426,91);
INSERT INTO meds_for_surgery (surgery_id,med) VALUES (1182,'Amoxicillin');
INSERT INTO surgery (id,date,patient_id,doctor_id) VALUES (1183,'2019-12-01',156,346);
INSERT INTO meds_for_surgery (surgery_id,med) VALUES (1183,'Temozolomide');
INSERT INTO surgery (id,date,patient_id,doctor_id) VALUES (1184,'2019-12-04',482,84);
INSERT INTO meds_for_surgery (surgery_id,med) VALUES (1184,'Elvitegravir');
INSERT INTO surgery (id,date,patient_id,doctor_id) VALUES (1185,'2019-12-05',242,300);
INSERT INTO meds_for_surgery (surgery_id,med) VALUES (1185,'Enalapril');
INSERT INTO surgery (id,date,patient_id,doctor_id) VALUES (1186,'2019-12-21',482,102);
INSERT INTO meds_for_surgery (surgery_id,med) VALUES (1186,'Tacrolimus');
INSERT INTO surgery (id,date,patient_id,doctor_id) VALUES (1187,'2019-12-24',398,84);
INSERT INTO meds_for_surgery (surgery_id,med) VALUES (1187,'Dronabinol');
INSERT INTO surgery (id,date,patient_id,doctor_id) VALUES (1188,'2019-12-16',242,247);
INSERT INTO meds_for_surgery (surgery_id,med) VALUES (1188,'Dopamine');
INSERT INTO surgery (id,date,patient_id,doctor_id) VALUES (1189,'2019-12-09',266,386);
INSERT INTO meds_for_surgery (surgery_id,med) VALUES (1189,'Sugammadex');
INSERT INTO surgery (id,date,patient_id,doctor_id) VALUES (1190,'2019-12-18',230,7);
INSERT INTO meds_for_surgery (surgery_id,med) VALUES (1190,'Fluorouracil');
INSERT INTO surgery (id,date,patient_id,doctor_id) VALUES (1191,'2019-12-08',6,346);
INSERT INTO meds_for_surgery (surgery_id,med) VALUES (1191,'Nelfinavir');
INSERT INTO surgery (id,date,patient_id,doctor_id) VALUES (1192,'2019-12-09',448,397);
INSERT INTO meds_for_surgery (surgery_id,med) VALUES (1192,'Ganciclovir');
INSERT INTO surgery (id,date,patient_id,doctor_id) VALUES (1193,'2019-11-28',365,159);
INSERT INTO meds_for_surgery (surgery_id,med) VALUES (1193,'Ganciclovir');
INSERT INTO surgery (id,date,patient_id,doctor_id) VALUES (1194,'2019-11-24',329,209);
INSERT INTO meds_for_surgery (surgery_id,med) VALUES (1194,'Lomustine');
INSERT INTO surgery (id,date,patient_id,doctor_id) VALUES (1195,'2019-12-09',137,208);
INSERT INTO meds_for_surgery (surgery_id,med) VALUES (1195,'Baclofen');
INSERT INTO surgery (id,date,patient_id,doctor_id) VALUES (1196,'2019-12-26',285,112);
INSERT INTO meds_for_surgery (surgery_id,med) VALUES (1196,'Tretinoin');
INSERT INTO surgery (id,date,patient_id,doctor_id) VALUES (1197,'2019-11-24',398,477);
INSERT INTO meds_for_surgery (surgery_id,med) VALUES (1197,'Labetalol');
INSERT INTO surgery (id,date,patient_id,doctor_id) VALUES (1198,'2019-12-24',388,175);
INSERT INTO meds_for_surgery (surgery_id,med) VALUES (1198,'Amitriptyline');
INSERT INTO surgery (id,date,patient_id,doctor_id) VALUES (1199,'2019-12-17',268,427);
INSERT INTO meds_for_surgery (surgery_id,med) VALUES (1199,'L-glutamine');
INSERT INTO surgery (id,date,patient_id,doctor_id) VALUES (1200,'2019-12-20',156,84);
INSERT INTO meds_for_surgery (surgery_id,med) VALUES (1200,'Sugammadex');
INSERT INTO surgery (id,date,patient_id,doctor_id) VALUES (1201,'2019-12-17',481,381);
INSERT INTO meds_for_surgery (surgery_id,med) VALUES (1201,'Clofarabine');
INSERT INTO surgery (id,date,patient_id,doctor_id) VALUES (1202,'2019-12-25',137,84);
INSERT INTO meds_for_surgery (surgery_id,med) VALUES (1202,'Sugammadex');
INSERT INTO surgery (id,date,patient_id,doctor_id) VALUES (1203,'2019-12-20',18,179);
INSERT INTO meds_for_surgery (surgery_id,med) VALUES (1203,'Foscarnet');
INSERT INTO surgery (id,date,patient_id,doctor_id) VALUES (1204,'2019-11-30',215,478);
INSERT INTO meds_for_surgery (surgery_id,med) VALUES (1204,'Nevirapine');
INSERT INTO surgery (id,date,patient_id,doctor_id) VALUES (1205,'2019-12-20',262,228);
INSERT INTO meds_for_surgery (surgery_id,med) VALUES (1205,'Efavirenz');
INSERT INTO surgery (id,date,patient_id,doctor_id) VALUES (1206,'2019-12-03',388,452);
INSERT INTO meds_for_surgery (surgery_id,med) VALUES (1206,'Tacrolimus');
INSERT INTO surgery (id,date,patient_id,doctor_id) VALUES (1207,'2019-12-24',215,397);
INSERT INTO meds_for_surgery (surgery_id,med) VALUES (1207,'Ifosfamide');
INSERT INTO surgery (id,date,patient_id,doctor_id) VALUES (1208,'2019-12-03',52,40);
INSERT INTO meds_for_surgery (surgery_id,med) VALUES (1208,'Megestrol acetate');
INSERT INTO surgery (id,date,patient_id,doctor_id) VALUES (1209,'2019-12-17',67,454);
INSERT INTO meds_for_surgery (surgery_id,med) VALUES (1209,'Dactinomycin');
INSERT INTO surgery (id,date,patient_id,doctor_id) VALUES (1210,'2019-12-13',401,102);
INSERT INTO meds_for_surgery (surgery_id,med) VALUES (1210,'Melphalan');
INSERT INTO surgery (id,date,patient_id,doctor_id) VALUES (1211,'2019-12-19',448,62);
INSERT INTO meds_for_surgery (surgery_id,med) VALUES (1211,'Levothyroxine');
INSERT INTO surgery (id,date,patient_id,doctor_id) VALUES (1212,'2019-11-30',176,228);
INSERT INTO meds_for_surgery (surgery_id,med) VALUES (1212,'Metronidazole');
INSERT INTO surgery (id,date,patient_id,doctor_id) VALUES (1213,'2019-12-20',312,326);
INSERT INTO meds_for_surgery (surgery_id,med) VALUES (1213,'Dapsone');
INSERT INTO surgery (id,date,patient_id,doctor_id) VALUES (1214,'2019-12-24',20,422);
INSERT INTO meds_for_surgery (surgery_id,med) VALUES (1214,'Tretinoin');
INSERT INTO surgery (id,date,patient_id,doctor_id) VALUES (1215,'2019-12-15',192,346);
INSERT INTO meds_for_surgery (surgery_id,med) VALUES (1215,'Allopurinol');
INSERT INTO surgery (id,date,patient_id,doctor_id) VALUES (1216,'2019-12-15',419,228);
INSERT INTO meds_for_surgery (surgery_id,med) VALUES (1216,'Cephalexin');
INSERT INTO surgery (id,date,patient_id,doctor_id) VALUES (1217,'2019-12-05',372,386);
INSERT INTO meds_for_surgery (surgery_id,med) VALUES (1217,'Methylphenidate');
INSERT INTO surgery (id,date,patient_id,doctor_id) VALUES (1218,'2019-12-15',393,102);
INSERT INTO meds_for_surgery (surgery_id,med) VALUES (1218,'Nevirapine');
INSERT INTO surgery (id,date,patient_id,doctor_id) VALUES (1219,'2019-11-26',498,16);
INSERT INTO meds_for_surgery (surgery_id,med) VALUES (1219,'Foscarnet');
INSERT INTO surgery (id,date,patient_id,doctor_id) VALUES (1220,'2019-12-02',251,384);
INSERT INTO meds_for_surgery (surgery_id,med) VALUES (1220,'Doxorubicin');
INSERT INTO surgery (id,date,patient_id,doctor_id) VALUES (1221,'2019-12-12',460,486);
INSERT INTO meds_for_surgery (surgery_id,med) VALUES (1221,'Fludarabine');
INSERT INTO surgery (id,date,patient_id,doctor_id) VALUES (1222,'2019-12-08',393,238);
INSERT INTO meds_for_surgery (surgery_id,med) VALUES (1222,'Carboplatin');
INSERT INTO surgery (id,date,patient_id,doctor_id) VALUES (1223,'2019-12-01',329,327);
INSERT INTO meds_for_surgery (surgery_id,med) VALUES (1223,'Potassium');
INSERT INTO surgery (id,date,patient_id,doctor_id) VALUES (1224,'2019-12-08',443,151);
INSERT INTO meds_for_surgery (surgery_id,med) VALUES (1224,'Dopamine');
INSERT INTO surgery (id,date,patient_id,doctor_id) VALUES (1225,'2019-12-14',229,125);
INSERT INTO meds_for_surgery (surgery_id,med) VALUES (1225,'Norepinephrine');
INSERT INTO surgery (id,date,patient_id,doctor_id) VALUES (1226,'2019-12-20',20,478);
INSERT INTO meds_for_surgery (surgery_id,med) VALUES (1226,'Dasatinib');
INSERT INTO surgery (id,date,patient_id,doctor_id) VALUES (1227,'2019-12-07',33,45);
INSERT INTO meds_for_surgery (surgery_id,med) VALUES (1227,'Dactinomycin');
INSERT INTO surgery (id,date,patient_id,doctor_id) VALUES (1228,'2019-11-27',398,451);
INSERT INTO meds_for_surgery (surgery_id,med) VALUES (1228,'Sucralfate');
INSERT INTO surgery (id,date,patient_id,doctor_id) VALUES (1229,'2019-12-14',4,151);
INSERT INTO meds_for_surgery (surgery_id,med) VALUES (1229,'Saquinavir');
INSERT INTO surgery (id,date,patient_id,doctor_id) VALUES (1230,'2019-12-21',156,290);
INSERT INTO meds_for_surgery (surgery_id,med) VALUES (1230,'Gefitinib');
INSERT INTO surgery (id,date,patient_id,doctor_id) VALUES (1231,'2019-11-23',253,396);
INSERT INTO meds_for_surgery (surgery_id,med) VALUES (1231,'Etoposide');
INSERT INTO surgery (id,date,patient_id,doctor_id) VALUES (1232,'2019-12-06',400,91);
INSERT INTO meds_for_surgery (surgery_id,med) VALUES (1232,'Morphine');
INSERT INTO surgery (id,date,patient_id,doctor_id) VALUES (1233,'2019-12-25',70,270);
INSERT INTO meds_for_surgery (surgery_id,med) VALUES (1233,'Nevirapine');
INSERT INTO surgery (id,date,patient_id,doctor_id) VALUES (1234,'2019-12-12',335,326);
INSERT INTO meds_for_surgery (surgery_id,med) VALUES (1234,'Ganciclovir');
INSERT INTO surgery (id,date,patient_id,doctor_id) VALUES (1235,'2019-12-14',188,384);
INSERT INTO meds_for_surgery (surgery_id,med) VALUES (1235,'Interferon');
INSERT INTO surgery (id,date,patient_id,doctor_id) VALUES (1236,'2019-12-01',329,112);
INSERT INTO meds_for_surgery (surgery_id,med) VALUES (1236,'Amifostine');
INSERT INTO surgery (id,date,patient_id,doctor_id) VALUES (1237,'2019-12-15',334,145);
INSERT INTO meds_for_surgery (surgery_id,med) VALUES (1237,'Phosphorus');
INSERT INTO surgery (id,date,patient_id,doctor_id) VALUES (1238,'2019-11-24',400,44);
INSERT INTO meds_for_surgery (surgery_id,med) VALUES (1238,'Gemtuzumab');
INSERT INTO surgery (id,date,patient_id,doctor_id) VALUES (1239,'2019-12-09',266,40);
INSERT INTO meds_for_surgery (surgery_id,med) VALUES (1239,'Enoxaparin');
INSERT INTO surgery (id,date,patient_id,doctor_id) VALUES (1240,'2019-12-25',70,452);
INSERT INTO meds_for_surgery (surgery_id,med) VALUES (1240,'Desmopressin');
INSERT INTO surgery (id,date,patient_id,doctor_id) VALUES (1241,'2019-11-29',343,404);
INSERT INTO meds_for_surgery (surgery_id,med) VALUES (1241,'Sugammadex');
INSERT INTO surgery (id,date,patient_id,doctor_id) VALUES (1242,'2019-12-22',400,125);
INSERT INTO meds_for_surgery (surgery_id,med) VALUES (1242,'Megestrol acetate');
INSERT INTO surgery (id,date,patient_id,doctor_id) VALUES (1243,'2019-12-24',33,179);
INSERT INTO meds_for_surgery (surgery_id,med) VALUES (1243,'Aminocaproic Acid');
INSERT INTO surgery (id,date,patient_id,doctor_id) VALUES (1244,'2019-11-25',86,454);
INSERT INTO meds_for_surgery (surgery_id,med) VALUES (1244,'Pegfilgrastim');
INSERT INTO surgery (id,date,patient_id,doctor_id) VALUES (1245,'2019-12-08',449,66);
INSERT INTO meds_for_surgery (surgery_id,med) VALUES (1245,'Abacavir');
INSERT INTO surgery (id,date,patient_id,doctor_id) VALUES (1246,'2019-11-26',365,399);
INSERT INTO meds_for_surgery (surgery_id,med) VALUES (1246,'Dacarbazine');
INSERT INTO surgery (id,date,patient_id,doctor_id) VALUES (1247,'2019-12-03',389,66);
INSERT INTO meds_for_surgery (surgery_id,med) VALUES (1247,'Interleukin');
INSERT INTO surgery (id,date,patient_id,doctor_id) VALUES (1248,'2019-12-01',231,113);
INSERT INTO meds_for_surgery (surgery_id,med) VALUES (1248,'Pentamidine');
INSERT INTO surgery (id,date,patient_id,doctor_id) VALUES (1249,'2019-11-30',308,451);
INSERT INTO meds_for_surgery (surgery_id,med) VALUES (1249,'Topotecan');
INSERT INTO surgery (id,date,patient_id,doctor_id) VALUES (1250,'2019-11-26',33,256);
INSERT INTO meds_for_surgery (surgery_id,med) VALUES (1250,'Paclitaxel');
INSERT INTO surgery (id,date,patient_id,doctor_id) VALUES (1251,'2019-12-21',448,131);
INSERT INTO meds_for_surgery (surgery_id,med) VALUES (1251,'Gemcitabine');
INSERT INTO surgery (id,date,patient_id,doctor_id) VALUES (1252,'2019-12-19',154,112);
INSERT INTO meds_for_surgery (surgery_id,med) VALUES (1252,'Alendronate');
INSERT INTO surgery (id,date,patient_id,doctor_id) VALUES (1253,'2019-11-29',334,41);
INSERT INTO meds_for_surgery (surgery_id,med) VALUES (1253,'Emtricitabine');
INSERT INTO surgery (id,date,patient_id,doctor_id) VALUES (1254,'2019-11-25',52,91);
INSERT INTO meds_for_surgery (surgery_id,med) VALUES (1254,'Sugammadex');
INSERT INTO surgery (id,date,patient_id,doctor_id) VALUES (1255,'2019-12-05',86,256);
INSERT INTO meds_for_surgery (surgery_id,med) VALUES (1255,'Thioguanine');
INSERT INTO surgery (id,date,patient_id,doctor_id) VALUES (1256,'2019-11-30',329,265);
INSERT INTO meds_for_surgery (surgery_id,med) VALUES (1256,'Ruxolitinib');
INSERT INTO surgery (id,date,patient_id,doctor_id) VALUES (1257,'2019-12-11',188,288);
INSERT INTO meds_for_surgery (surgery_id,med) VALUES (1257,'Dactinomycin');
INSERT INTO surgery (id,date,patient_id,doctor_id) VALUES (1258,'2019-12-26',372,414);
INSERT INTO meds_for_surgery (surgery_id,med) VALUES (1258,'Dacarbazine');
INSERT INTO surgery (id,date,patient_id,doctor_id) VALUES (1259,'2019-12-01',231,427);
INSERT INTO meds_for_surgery (surgery_id,med) VALUES (1259,'Dactinomycin');
INSERT INTO surgery (id,date,patient_id,doctor_id) VALUES (1260,'2019-12-18',156,384);
INSERT INTO meds_for_surgery (surgery_id,med) VALUES (1260,'Maraviroc');
INSERT INTO surgery (id,date,patient_id,doctor_id) VALUES (1261,'2019-11-30',63,355);
INSERT INTO meds_for_surgery (surgery_id,med) VALUES (1261,'Cyclosporine');
INSERT INTO surgery (id,date,patient_id,doctor_id) VALUES (1262,'2019-12-15',449,143);
INSERT INTO meds_for_surgery (surgery_id,med) VALUES (1262,'Desmopressin');
INSERT INTO surgery (id,date,patient_id,doctor_id) VALUES (1263,'2019-12-17',266,327);
INSERT INTO meds_for_surgery (surgery_id,med) VALUES (1263,'Temozolomide');
INSERT INTO surgery (id,date,patient_id,doctor_id) VALUES (1264,'2019-12-15',52,326);
INSERT INTO meds_for_surgery (surgery_id,med) VALUES (1264,'Eltrombopag');
INSERT INTO surgery (id,date,patient_id,doctor_id) VALUES (1265,'2019-12-06',46,425);
INSERT INTO meds_for_surgery (surgery_id,med) VALUES (1265,'Modafinil');
INSERT INTO surgery (id,date,patient_id,doctor_id) VALUES (1266,'2019-12-17',470,478);
INSERT INTO meds_for_surgery (surgery_id,med) VALUES (1266,'Hydroxyurea');
INSERT INTO surgery (id,date,patient_id,doctor_id) VALUES (1267,'2019-12-23',426,300);
INSERT INTO meds_for_surgery (surgery_id,med) VALUES (1267,'Codeine');
INSERT INTO surgery (id,date,patient_id,doctor_id) VALUES (1268,'2019-12-08',261,381);
INSERT INTO meds_for_surgery (surgery_id,med) VALUES (1268,'Ganciclovir');
INSERT INTO surgery (id,date,patient_id,doctor_id) VALUES (1269,'2019-11-28',154,102);
INSERT INTO meds_for_surgery (surgery_id,med) VALUES (1269,'Lamivudine');
INSERT INTO surgery (id,date,patient_id,doctor_id) VALUES (1270,'2019-12-22',53,209);
INSERT INTO meds_for_surgery (surgery_id,med) VALUES (1270,'Omeprazole');
INSERT INTO surgery (id,date,patient_id,doctor_id) VALUES (1271,'2019-12-27',86,399);
INSERT INTO meds_for_surgery (surgery_id,med) VALUES (1271,'Leucovorin');
INSERT INTO surgery (id,date,patient_id,doctor_id) VALUES (1272,'2019-12-09',350,98);
INSERT INTO meds_for_surgery (surgery_id,med) VALUES (1272,'Morphine');
INSERT INTO surgery (id,date,patient_id,doctor_id) VALUES (1273,'2019-12-26',385,396);
INSERT INTO meds_for_surgery (surgery_id,med) VALUES (1273,'Mechlorethamine');
INSERT INTO surgery (id,date,patient_id,doctor_id) VALUES (1274,'2019-12-13',43,260);
INSERT INTO meds_for_surgery (surgery_id,med) VALUES (1274,'Propoxyphene');
INSERT INTO surgery (id,date,patient_id,doctor_id) VALUES (1275,'2019-12-04',4,238);
INSERT INTO meds_for_surgery (surgery_id,med) VALUES (1275,'Dapsone');
INSERT INTO surgery (id,date,patient_id,doctor_id) VALUES (1276,'2019-12-16',335,66);
INSERT INTO meds_for_surgery (surgery_id,med) VALUES (1276,'Dopamine');
INSERT INTO surgery (id,date,patient_id,doctor_id) VALUES (1277,'2019-12-14',266,131);
INSERT INTO meds_for_surgery (surgery_id,med) VALUES (1277,'Omeprazole');
INSERT INTO surgery (id,date,patient_id,doctor_id) VALUES (1278,'2019-11-24',417,102);
INSERT INTO meds_for_surgery (surgery_id,med) VALUES (1278,'Enalapril');
INSERT INTO surgery (id,date,patient_id,doctor_id) VALUES (1279,'2019-11-30',229,486);
INSERT INTO meds_for_surgery (surgery_id,med) VALUES (1279,'Cefuroxime');
INSERT INTO surgery (id,date,patient_id,doctor_id) VALUES (1280,'2019-12-09',18,427);
INSERT INTO meds_for_surgery (surgery_id,med) VALUES (1280,'PEGaspargase');
INSERT INTO surgery (id,date,patient_id,doctor_id) VALUES (1281,'2019-12-18',20,384);
INSERT INTO meds_for_surgery (surgery_id,med) VALUES (1281,'Desmopressin');
INSERT INTO surgery (id,date,patient_id,doctor_id) VALUES (1282,'2019-12-10',470,399);
INSERT INTO meds_for_surgery (surgery_id,med) VALUES (1282,'Carboplatin');
INSERT INTO surgery (id,date,patient_id,doctor_id) VALUES (1283,'2019-12-11',20,427);
INSERT INTO meds_for_surgery (surgery_id,med) VALUES (1283,'Ritonavir');
INSERT INTO surgery (id,date,patient_id,doctor_id) VALUES (1284,'2019-11-24',242,421);
INSERT INTO meds_for_surgery (surgery_id,med) VALUES (1284,'Meloxicam');
INSERT INTO surgery (id,date,patient_id,doctor_id) VALUES (1285,'2019-12-15',123,209);
INSERT INTO meds_for_surgery (surgery_id,med) VALUES (1285,'Phenobarbital');
INSERT INTO surgery (id,date,patient_id,doctor_id) VALUES (1286,'2019-12-18',443,131);
INSERT INTO meds_for_surgery (surgery_id,med) VALUES (1286,'Meperidine');
INSERT INTO surgery (id,date,patient_id,doctor_id) VALUES (1287,'2019-12-15',371,299);
INSERT INTO meds_for_surgery (surgery_id,med) VALUES (1287,'Muromonab');
INSERT INTO surgery (id,date,patient_id,doctor_id) VALUES (1288,'2019-12-08',365,44);
INSERT INTO meds_for_surgery (surgery_id,med) VALUES (1288,'Imipenem');
INSERT INTO surgery (id,date,patient_id,doctor_id) VALUES (1289,'2019-11-24',390,355);
INSERT INTO meds_for_surgery (surgery_id,med) VALUES (1289,'Bortezomib');
INSERT INTO surgery (id,date,patient_id,doctor_id) VALUES (1290,'2019-12-17',334,117);
INSERT INTO meds_for_surgery (surgery_id,med) VALUES (1290,'Methotrexate');
INSERT INTO surgery (id,date,patient_id,doctor_id) VALUES (1291,'2019-11-26',75,326);
INSERT INTO meds_for_surgery (surgery_id,med) VALUES (1291,'Meperidine');
INSERT INTO surgery (id,date,patient_id,doctor_id) VALUES (1292,'2019-12-19',146,454);
INSERT INTO meds_for_surgery (surgery_id,med) VALUES (1292,'Eltrombopag');
INSERT INTO surgery (id,date,patient_id,doctor_id) VALUES (1293,'2019-12-06',443,455);
INSERT INTO meds_for_surgery (surgery_id,med) VALUES (1293,'PEGaspargase');
INSERT INTO surgery (id,date,patient_id,doctor_id) VALUES (1294,'2019-11-24',431,102);
INSERT INTO meds_for_surgery (surgery_id,med) VALUES (1294,'Mesna');
INSERT INTO surgery (id,date,patient_id,doctor_id) VALUES (1295,'2019-12-15',137,125);
INSERT INTO meds_for_surgery (surgery_id,med) VALUES (1295,'Ruxolitinib');
INSERT INTO surgery (id,date,patient_id,doctor_id) VALUES (1296,'2019-11-27',371,175);
INSERT INTO meds_for_surgery (surgery_id,med) VALUES (1296,'Codeine');
INSERT INTO surgery (id,date,patient_id,doctor_id) VALUES (1297,'2019-12-13',393,98);
INSERT INTO meds_for_surgery (surgery_id,med) VALUES (1297,'Itraconazole');
INSERT INTO surgery (id,date,patient_id,doctor_id) VALUES (1298,'2019-11-29',268,278);
INSERT INTO meds_for_surgery (surgery_id,med) VALUES (1298,'Mycophenolate');
INSERT INTO surgery (id,date,patient_id,doctor_id) VALUES (1299,'2019-12-27',401,288);
INSERT INTO meds_for_surgery (surgery_id,med) VALUES (1299,'Vancomycin');
INSERT INTO surgery (id,date,patient_id,doctor_id) VALUES (1300,'2019-11-27',123,238);
INSERT INTO meds_for_surgery (surgery_id,med) VALUES (1300,'Topotecan');
INSERT INTO surgery (id,date,patient_id,doctor_id) VALUES (1301,'2019-12-17',46,45);
INSERT INTO meds_for_surgery (surgery_id,med) VALUES (1301,'Probenecid');
INSERT INTO surgery (id,date,patient_id,doctor_id) VALUES (1302,'2019-11-28',378,477);
INSERT INTO meds_for_surgery (surgery_id,med) VALUES (1302,'Vancomycin');
INSERT INTO surgery (id,date,patient_id,doctor_id) VALUES (1303,'2019-11-26',33,422);
INSERT INTO meds_for_surgery (surgery_id,med) VALUES (1303,'Methylphenidate');
INSERT INTO surgery (id,date,patient_id,doctor_id) VALUES (1304,'2019-12-02',364,175);
INSERT INTO meds_for_surgery (surgery_id,med) VALUES (1304,'Celecoxib');
INSERT INTO surgery (id,date,patient_id,doctor_id) VALUES (1305,'2019-12-05',255,397);
INSERT INTO meds_for_surgery (surgery_id,med) VALUES (1305,'Thioguanine');
INSERT INTO surgery (id,date,patient_id,doctor_id) VALUES (1306,'2019-12-15',448,210);
INSERT INTO meds_for_surgery (surgery_id,med) VALUES (1306,'Topotecan');
INSERT INTO surgery (id,date,patient_id,doctor_id) VALUES (1307,'2019-12-07',460,477);
INSERT INTO meds_for_surgery (surgery_id,med) VALUES (1307,'Levothyroxine');
INSERT INTO surgery (id,date,patient_id,doctor_id) VALUES (1308,'2019-12-16',385,346);
INSERT INTO meds_for_surgery (surgery_id,med) VALUES (1308,'G-CSF');
INSERT INTO surgery (id,date,patient_id,doctor_id) VALUES (1309,'2019-12-14',449,256);
INSERT INTO meds_for_surgery (surgery_id,med) VALUES (1309,'Stavudine');
INSERT INTO surgery (id,date,patient_id,doctor_id) VALUES (1310,'2019-12-10',24,451);
INSERT INTO meds_for_surgery (surgery_id,med) VALUES (1310,'Gefitinib');
INSERT INTO surgery (id,date,patient_id,doctor_id) VALUES (1311,'2019-12-27',33,19);
INSERT INTO meds_for_surgery (surgery_id,med) VALUES (1311,'Dobutamine');
INSERT INTO surgery (id,date,patient_id,doctor_id) VALUES (1312,'2019-12-24',262,40);
INSERT INTO meds_for_surgery (surgery_id,med) VALUES (1312,'Morphine');
INSERT INTO surgery (id,date,patient_id,doctor_id) VALUES (1313,'2019-12-09',24,326);
INSERT INTO meds_for_surgery (surgery_id,med) VALUES (1313,'Doxorubicin');
INSERT INTO surgery (id,date,patient_id,doctor_id) VALUES (1314,'2019-12-17',498,44);
INSERT INTO meds_for_surgery (surgery_id,med) VALUES (1314,'Clarithromycin');
INSERT INTO surgery (id,date,patient_id,doctor_id) VALUES (1315,'2019-12-01',398,495);
INSERT INTO meds_for_surgery (surgery_id,med) VALUES (1315,'Fludarabine');
INSERT INTO surgery (id,date,patient_id,doctor_id) VALUES (1316,'2019-12-20',482,327);
INSERT INTO meds_for_surgery (surgery_id,med) VALUES (1316,'Omeprazole');
INSERT INTO surgery (id,date,patient_id,doctor_id) VALUES (1317,'2019-12-20',70,381);
INSERT INTO meds_for_surgery (surgery_id,med) VALUES (1317,'Teniposide');
INSERT INTO surgery (id,date,patient_id,doctor_id) VALUES (1318,'2019-11-25',26,288);
INSERT INTO meds_for_surgery (surgery_id,med) VALUES (1318,'Ketoconazole');
INSERT INTO surgery (id,date,patient_id,doctor_id) VALUES (1319,'2019-11-28',388,288);
INSERT INTO meds_for_surgery (surgery_id,med) VALUES (1319,'Meropenem');
INSERT INTO surgery (id,date,patient_id,doctor_id) VALUES (1320,'2019-12-03',18,62);
INSERT INTO meds_for_surgery (surgery_id,med) VALUES (1320,'Metronidazole');
INSERT INTO surgery (id,date,patient_id,doctor_id) VALUES (1321,'2019-12-03',419,129);
INSERT INTO meds_for_surgery (surgery_id,med) VALUES (1321,'Acyclovir');
INSERT INTO surgery (id,date,patient_id,doctor_id) VALUES (1322,'2019-12-25',192,425);
INSERT INTO meds_for_surgery (surgery_id,med) VALUES (1322,'Foscarnet');
INSERT INTO surgery (id,date,patient_id,doctor_id) VALUES (1323,'2019-12-14',6,265);
INSERT INTO meds_for_surgery (surgery_id,med) VALUES (1323,'Magnesium');
INSERT INTO surgery (id,date,patient_id,doctor_id) VALUES (1324,'2019-12-08',308,452);
INSERT INTO meds_for_surgery (surgery_id,med) VALUES (1324,'Hydrocortisone');
INSERT INTO surgery (id,date,patient_id,doctor_id) VALUES (1325,'2019-12-09',261,451);
INSERT INTO meds_for_surgery (surgery_id,med) VALUES (1325,'Clofarabine');
INSERT INTO surgery (id,date,patient_id,doctor_id) VALUES (1326,'2019-12-03',139,62);
INSERT INTO meds_for_surgery (surgery_id,med) VALUES (1326,'Bosentan');
INSERT INTO surgery (id,date,patient_id,doctor_id) VALUES (1327,'2019-12-08',273,131);
INSERT INTO meds_for_surgery (surgery_id,med) VALUES (1327,'Modafinil');
INSERT INTO surgery (id,date,patient_id,doctor_id) VALUES (1328,'2019-12-14',312,366);
INSERT INTO meds_for_surgery (surgery_id,med) VALUES (1328,'Cephalexin');
INSERT INTO surgery (id,date,patient_id,doctor_id) VALUES (1329,'2019-12-12',450,260);
INSERT INTO meds_for_surgery (surgery_id,med) VALUES (1329,'Pentamidine');
INSERT INTO surgery (id,date,patient_id,doctor_id) VALUES (1330,'2019-12-19',308,256);
INSERT INTO meds_for_surgery (surgery_id,med) VALUES (1330,'PEGaspargase');
INSERT INTO surgery (id,date,patient_id,doctor_id) VALUES (1331,'2019-12-27',450,112);
INSERT INTO meds_for_surgery (surgery_id,med) VALUES (1331,'Raltegravir');
INSERT INTO surgery (id,date,patient_id,doctor_id) VALUES (1332,'2019-12-04',233,62);
INSERT INTO meds_for_surgery (surgery_id,med) VALUES (1332,'Clobazam');
INSERT INTO surgery (id,date,patient_id,doctor_id) VALUES (1333,'2019-11-28',365,216);
INSERT INTO meds_for_surgery (surgery_id,med) VALUES (1333,'Allopurinol');
INSERT INTO surgery (id,date,patient_id,doctor_id) VALUES (1334,'2019-12-18',188,425);
INSERT INTO meds_for_surgery (surgery_id,med) VALUES (1334,'Norepinephrine');
INSERT INTO surgery (id,date,patient_id,doctor_id) VALUES (1335,'2019-12-09',119,62);
INSERT INTO meds_for_surgery (surgery_id,med) VALUES (1335,'Carbamazepine');
INSERT INTO surgery (id,date,patient_id,doctor_id) VALUES (1336,'2019-12-21',364,256);
INSERT INTO meds_for_surgery (surgery_id,med) VALUES (1336,'Imatinib');
INSERT INTO surgery (id,date,patient_id,doctor_id) VALUES (1337,'2019-12-15',156,163);
INSERT INTO meds_for_surgery (surgery_id,med) VALUES (1337,'Dornase alfa');
INSERT INTO surgery (id,date,patient_id,doctor_id) VALUES (1338,'2019-11-24',443,495);
INSERT INTO meds_for_surgery (surgery_id,med) VALUES (1338,'Elvitegravir');
INSERT INTO surgery (id,date,patient_id,doctor_id) VALUES (1339,'2019-12-16',215,210);
INSERT INTO meds_for_surgery (surgery_id,med) VALUES (1339,'Doxorubicin');
INSERT INTO surgery (id,date,patient_id,doctor_id) VALUES (1340,'2019-12-06',192,238);
INSERT INTO meds_for_surgery (surgery_id,med) VALUES (1340,'Magnesium');
INSERT INTO surgery (id,date,patient_id,doctor_id) VALUES (1341,'2019-12-03',273,145);
INSERT INTO meds_for_surgery (surgery_id,med) VALUES (1341,'Lomustine');
INSERT INTO surgery (id,date,patient_id,doctor_id) VALUES (1342,'2019-11-26',440,270);
INSERT INTO meds_for_surgery (surgery_id,med) VALUES (1342,'Rivaroxaban');
INSERT INTO surgery (id,date,patient_id,doctor_id) VALUES (1343,'2019-12-07',52,91);
INSERT INTO meds_for_surgery (surgery_id,med) VALUES (1343,'Dobutamine');
INSERT INTO surgery (id,date,patient_id,doctor_id) VALUES (1344,'2019-12-19',69,397);
INSERT INTO meds_for_surgery (surgery_id,med) VALUES (1344,'Omeprazole');
INSERT INTO surgery (id,date,patient_id,doctor_id) VALUES (1345,'2019-12-27',242,256);
INSERT INTO meds_for_surgery (surgery_id,med) VALUES (1345,'Rilpivirine');
INSERT INTO surgery (id,date,patient_id,doctor_id) VALUES (1346,'2019-12-03',253,238);
INSERT INTO meds_for_surgery (surgery_id,med) VALUES (1346,'Mitoxantrone');
INSERT INTO surgery (id,date,patient_id,doctor_id) VALUES (1347,'2019-12-26',24,288);
INSERT INTO meds_for_surgery (surgery_id,med) VALUES (1347,'Famciclovir');
INSERT INTO surgery (id,date,patient_id,doctor_id) VALUES (1348,'2019-12-22',329,216);
INSERT INTO meds_for_surgery (surgery_id,med) VALUES (1348,'Rilpivirine');
INSERT INTO surgery (id,date,patient_id,doctor_id) VALUES (1349,'2019-12-10',481,425);
INSERT INTO meds_for_surgery (surgery_id,med) VALUES (1349,'Irinotecan');
INSERT INTO surgery (id,date,patient_id,doctor_id) VALUES (1350,'2019-12-20',360,179);
INSERT INTO meds_for_surgery (surgery_id,med) VALUES (1350,'Daunorubicin');
INSERT INTO surgery (id,date,patient_id,doctor_id) VALUES (1351,'2019-12-02',262,477);
INSERT INTO meds_for_surgery (surgery_id,med) VALUES (1351,'Sugammadex');
INSERT INTO surgery (id,date,patient_id,doctor_id) VALUES (1352,'2019-12-16',266,327);
INSERT INTO meds_for_surgery (surgery_id,med) VALUES (1352,'Cefaclor');
INSERT INTO surgery (id,date,patient_id,doctor_id) VALUES (1353,'2019-12-26',154,228);
INSERT INTO meds_for_surgery (surgery_id,med) VALUES (1353,'Warfarin');
INSERT INTO surgery (id,date,patient_id,doctor_id) VALUES (1354,'2019-12-05',139,247);
INSERT INTO meds_for_surgery (surgery_id,med) VALUES (1354,'Cladribine');
INSERT INTO surgery (id,date,patient_id,doctor_id) VALUES (1355,'2019-12-07',308,42);
INSERT INTO meds_for_surgery (surgery_id,med) VALUES (1355,'Teniposide');
INSERT INTO surgery (id,date,patient_id,doctor_id) VALUES (1356,'2019-11-27',449,357);
INSERT INTO meds_for_surgery (surgery_id,med) VALUES (1356,'Teniposide');
INSERT INTO surgery (id,date,patient_id,doctor_id) VALUES (1357,'2019-11-30',393,40);
INSERT INTO meds_for_surgery (surgery_id,med) VALUES (1357,'Meloxicam');
INSERT INTO surgery (id,date,patient_id,doctor_id) VALUES (1358,'2019-12-17',343,151);
INSERT INTO meds_for_surgery (surgery_id,med) VALUES (1358,'G-CSF');
INSERT INTO surgery (id,date,patient_id,doctor_id) VALUES (1359,'2019-12-03',419,131);
INSERT INTO meds_for_surgery (surgery_id,med) VALUES (1359,'Cytarabine');
INSERT INTO surgery (id,date,patient_id,doctor_id) VALUES (1360,'2019-12-14',385,41);
INSERT INTO meds_for_surgery (surgery_id,med) VALUES (1360,'Itraconazole');
INSERT INTO surgery (id,date,patient_id,doctor_id) VALUES (1361,'2019-12-04',312,210);
INSERT INTO meds_for_surgery (surgery_id,med) VALUES (1361,'Melphalan');
INSERT INTO surgery (id,date,patient_id,doctor_id) VALUES (1362,'2019-11-23',86,455);
INSERT INTO meds_for_surgery (surgery_id,med) VALUES (1362,'Maraviroc');
INSERT INTO surgery (id,date,patient_id,doctor_id) VALUES (1363,'2019-12-20',242,454);
INSERT INTO meds_for_surgery (surgery_id,med) VALUES (1363,'Carbamazepine');
INSERT INTO surgery (id,date,patient_id,doctor_id) VALUES (1364,'2019-12-23',69,113);
INSERT INTO meds_for_surgery (surgery_id,med) VALUES (1364,'Cyclobenzaprine');
INSERT INTO surgery (id,date,patient_id,doctor_id) VALUES (1365,'2019-11-27',231,209);
INSERT INTO meds_for_surgery (surgery_id,med) VALUES (1365,'Isotretinoin');
INSERT INTO surgery (id,date,patient_id,doctor_id) VALUES (1366,'2019-12-02',268,376);
INSERT INTO meds_for_surgery (surgery_id,med) VALUES (1366,'Azithromycin');
INSERT INTO surgery (id,date,patient_id,doctor_id) VALUES (1367,'2019-12-17',233,327);
INSERT INTO meds_for_surgery (surgery_id,med) VALUES (1367,'Saquinavir');
INSERT INTO surgery (id,date,patient_id,doctor_id) VALUES (1368,'2019-11-24',63,19);
INSERT INTO meds_for_surgery (surgery_id,med) VALUES (1368,'Posaconazole');
INSERT INTO surgery (id,date,patient_id,doctor_id) VALUES (1369,'2019-12-19',52,454);
INSERT INTO meds_for_surgery (surgery_id,med) VALUES (1369,'Heparin');
INSERT INTO surgery (id,date,patient_id,doctor_id) VALUES (1370,'2019-12-20',469,247);
INSERT INTO meds_for_surgery (surgery_id,med) VALUES (1370,'Ketoconazole');
INSERT INTO surgery (id,date,patient_id,doctor_id) VALUES (1371,'2019-11-28',176,78);
INSERT INTO meds_for_surgery (surgery_id,med) VALUES (1371,'Codeine');
INSERT INTO surgery (id,date,patient_id,doctor_id) VALUES (1372,'2019-12-15',154,451);
INSERT INTO meds_for_surgery (surgery_id,med) VALUES (1372,'Leucovorin');
INSERT INTO surgery (id,date,patient_id,doctor_id) VALUES (1373,'2019-12-07',440,288);
INSERT INTO meds_for_surgery (surgery_id,med) VALUES (1373,'Baclofen');
INSERT INTO surgery (id,date,patient_id,doctor_id) VALUES (1374,'2019-12-25',450,209);
INSERT INTO meds_for_surgery (surgery_id,med) VALUES (1374,'Methotrexate');
INSERT INTO surgery (id,date,patient_id,doctor_id) VALUES (1375,'2019-11-29',285,210);
INSERT INTO meds_for_surgery (surgery_id,med) VALUES (1375,'Amlodipine');
INSERT INTO surgery (id,date,patient_id,doctor_id) VALUES (1376,'2019-11-30',33,414);
INSERT INTO meds_for_surgery (surgery_id,med) VALUES (1376,'Lomustine');
INSERT INTO surgery (id,date,patient_id,doctor_id) VALUES (1377,'2019-12-11',215,42);
INSERT INTO meds_for_surgery (surgery_id,med) VALUES (1377,'Neuromuscular');
INSERT INTO surgery (id,date,patient_id,doctor_id) VALUES (1378,'2019-12-15',443,477);
INSERT INTO meds_for_surgery (surgery_id,med) VALUES (1378,'Amlodipine');
INSERT INTO surgery (id,date,patient_id,doctor_id) VALUES (1379,'2019-12-07',329,66);
INSERT INTO meds_for_surgery (surgery_id,med) VALUES (1379,'Promethazine');
INSERT INTO surgery (id,date,patient_id,doctor_id) VALUES (1380,'2019-12-20',343,477);
INSERT INTO meds_for_surgery (surgery_id,med) VALUES (1380,'Linezolid');
INSERT INTO surgery (id,date,patient_id,doctor_id) VALUES (1381,'2019-12-25',38,357);
INSERT INTO meds_for_surgery (surgery_id,med) VALUES (1381,'Amlodipine');
INSERT INTO surgery (id,date,patient_id,doctor_id) VALUES (1382,'2019-11-29',52,256);
INSERT INTO meds_for_surgery (surgery_id,med) VALUES (1382,'Lorazepam');
INSERT INTO surgery (id,date,patient_id,doctor_id) VALUES (1383,'2019-12-04',252,451);
INSERT INTO meds_for_surgery (surgery_id,med) VALUES (1383,'Propoxyphene');
INSERT INTO surgery (id,date,patient_id,doctor_id) VALUES (1384,'2019-12-04',6,91);
INSERT INTO meds_for_surgery (surgery_id,med) VALUES (1384,'Codeine');
INSERT INTO surgery (id,date,patient_id,doctor_id) VALUES (1385,'2019-12-03',460,113);
INSERT INTO meds_for_surgery (surgery_id,med) VALUES (1385,'Rasburicase');
INSERT INTO surgery (id,date,patient_id,doctor_id) VALUES (1386,'2019-12-01',70,384);
INSERT INTO meds_for_surgery (surgery_id,med) VALUES (1386,'Cytarabine');
INSERT INTO surgery (id,date,patient_id,doctor_id) VALUES (1387,'2019-12-20',86,84);
INSERT INTO meds_for_surgery (surgery_id,med) VALUES (1387,'Isotretinoin');
INSERT INTO surgery (id,date,patient_id,doctor_id) VALUES (1388,'2019-12-03',26,40);
INSERT INTO meds_for_surgery (surgery_id,med) VALUES (1388,'Dinutuximab');
INSERT INTO surgery (id,date,patient_id,doctor_id) VALUES (1389,'2019-12-03',390,427);
INSERT INTO meds_for_surgery (surgery_id,med) VALUES (1389,'Cyclobenzaprine');
INSERT INTO surgery (id,date,patient_id,doctor_id) VALUES (1390,'2019-11-26',450,210);
INSERT INTO meds_for_surgery (surgery_id,med) VALUES (1390,'Calcium');
INSERT INTO surgery (id,date,patient_id,doctor_id) VALUES (1391,'2019-12-05',83,454);
INSERT INTO meds_for_surgery (surgery_id,med) VALUES (1391,'Neuromuscular');
INSERT INTO surgery (id,date,patient_id,doctor_id) VALUES (1392,'2019-12-22',388,238);
INSERT INTO meds_for_surgery (surgery_id,med) VALUES (1392,'Dornase alfa');
INSERT INTO surgery (id,date,patient_id,doctor_id) VALUES (1393,'2019-12-07',470,260);
INSERT INTO meds_for_surgery (surgery_id,med) VALUES (1393,'Asparaginase');
INSERT INTO surgery (id,date,patient_id,doctor_id) VALUES (1394,'2019-12-15',233,7);
INSERT INTO meds_for_surgery (surgery_id,med) VALUES (1394,'Atenolol');
INSERT INTO surgery (id,date,patient_id,doctor_id) VALUES (1395,'2019-12-20',231,125);
INSERT INTO meds_for_surgery (surgery_id,med) VALUES (1395,'Diclofenac');
INSERT INTO surgery (id,date,patient_id,doctor_id) VALUES (1396,'2019-12-19',33,384);
INSERT INTO meds_for_surgery (surgery_id,med) VALUES (1396,'Muromonab');
INSERT INTO surgery (id,date,patient_id,doctor_id) VALUES (1397,'2019-12-12',233,159);
INSERT INTO meds_for_surgery (surgery_id,med) VALUES (1397,'Tacrolimus');
INSERT INTO surgery (id,date,patient_id,doctor_id) VALUES (1398,'2019-12-17',482,381);
INSERT INTO meds_for_surgery (surgery_id,med) VALUES (1398,'Imatinib');
INSERT INTO surgery (id,date,patient_id,doctor_id) VALUES (1399,'2019-12-05',443,288);
INSERT INTO meds_for_surgery (surgery_id,med) VALUES (1399,'Doxorubicin');
INSERT INTO surgery (id,date,patient_id,doctor_id) VALUES (1400,'2019-12-18',308,452);
INSERT INTO meds_for_surgery (surgery_id,med) VALUES (1400,'Aprepitant');
INSERT INTO surgery (id,date,patient_id,doctor_id) VALUES (1401,'2019-12-16',334,113);
INSERT INTO meds_for_surgery (surgery_id,med) VALUES (1401,'Ifosfamide');
INSERT INTO surgery (id,date,patient_id,doctor_id) VALUES (1402,'2019-11-29',18,16);
INSERT INTO meds_for_surgery (surgery_id,med) VALUES (1402,'Asparaginase');
INSERT INTO surgery (id,date,patient_id,doctor_id) VALUES (1403,'2019-12-26',69,216);
INSERT INTO meds_for_surgery (surgery_id,med) VALUES (1403,'Amitriptyline');
INSERT INTO surgery (id,date,patient_id,doctor_id) VALUES (1404,'2019-12-21',431,145);
INSERT INTO meds_for_surgery (surgery_id,med) VALUES (1404,'Linezolid');
INSERT INTO surgery (id,date,patient_id,doctor_id) VALUES (1405,'2019-11-24',137,256);
INSERT INTO meds_for_surgery (surgery_id,med) VALUES (1405,'Vinblastine');
INSERT INTO surgery (id,date,patient_id,doctor_id) VALUES (1406,'2019-12-26',80,355);
INSERT INTO meds_for_surgery (surgery_id,med) VALUES (1406,'Gefitinib');
INSERT INTO surgery (id,date,patient_id,doctor_id) VALUES (1407,'2019-12-24',255,452);
INSERT INTO meds_for_surgery (surgery_id,med) VALUES (1407,'Zidovudine');
INSERT INTO surgery (id,date,patient_id,doctor_id) VALUES (1408,'2019-12-08',449,143);
INSERT INTO meds_for_surgery (surgery_id,med) VALUES (1408,'Amitriptyline');
INSERT INTO surgery (id,date,patient_id,doctor_id) VALUES (1409,'2019-12-04',261,19);
INSERT INTO meds_for_surgery (surgery_id,med) VALUES (1409,'Cisplatin');
INSERT INTO surgery (id,date,patient_id,doctor_id) VALUES (1410,'2019-12-15',139,256);
INSERT INTO meds_for_surgery (surgery_id,med) VALUES (1410,'Clofarabine');
INSERT INTO surgery (id,date,patient_id,doctor_id) VALUES (1411,'2019-12-25',69,454);
INSERT INTO meds_for_surgery (surgery_id,med) VALUES (1411,'Levothyroxine');
INSERT INTO surgery (id,date,patient_id,doctor_id) VALUES (1412,'2019-12-18',388,376);
INSERT INTO meds_for_surgery (surgery_id,med) VALUES (1412,'Ifosfamide');
INSERT INTO surgery (id,date,patient_id,doctor_id) VALUES (1413,'2019-12-14',431,427);
INSERT INTO meds_for_surgery (surgery_id,med) VALUES (1413,'Tacrolimus');
INSERT INTO surgery (id,date,patient_id,doctor_id) VALUES (1414,'2019-11-26',231,300);
INSERT INTO meds_for_surgery (surgery_id,med) VALUES (1414,'Omeprazole');
INSERT INTO surgery (id,date,patient_id,doctor_id) VALUES (1415,'2019-12-04',137,256);
INSERT INTO meds_for_surgery (surgery_id,med) VALUES (1415,'PEGaspargase');
INSERT INTO surgery (id,date,patient_id,doctor_id) VALUES (1416,'2019-12-18',400,427);
INSERT INTO meds_for_surgery (surgery_id,med) VALUES (1416,'Cephalexin');
INSERT INTO surgery (id,date,patient_id,doctor_id) VALUES (1417,'2019-12-07',261,256);
INSERT INTO meds_for_surgery (surgery_id,med) VALUES (1417,'Dactinomycin');
INSERT INTO surgery (id,date,patient_id,doctor_id) VALUES (1418,'2019-12-24',137,78);
INSERT INTO meds_for_surgery (surgery_id,med) VALUES (1418,'Magnesium');
INSERT INTO surgery (id,date,patient_id,doctor_id) VALUES (1419,'2019-12-03',285,41);
INSERT INTO meds_for_surgery (surgery_id,med) VALUES (1419,'Phosphorus');
INSERT INTO surgery (id,date,patient_id,doctor_id) VALUES (1420,'2019-12-04',343,477);
INSERT INTO meds_for_surgery (surgery_id,med) VALUES (1420,'Cidofovir');
INSERT INTO surgery (id,date,patient_id,doctor_id) VALUES (1421,'2019-12-02',255,16);
INSERT INTO meds_for_surgery (surgery_id,med) VALUES (1421,'Amifostine');
INSERT INTO surgery (id,date,patient_id,doctor_id) VALUES (1422,'2019-12-10',312,422);
INSERT INTO meds_for_surgery (surgery_id,med) VALUES (1422,'Foscarnet');
INSERT INTO surgery (id,date,patient_id,doctor_id) VALUES (1423,'2019-12-14',448,210);
INSERT INTO meds_for_surgery (surgery_id,med) VALUES (1423,'Lopinavir');
INSERT INTO surgery (id,date,patient_id,doctor_id) VALUES (1424,'2019-12-25',67,44);
INSERT INTO meds_for_surgery (surgery_id,med) VALUES (1424,'Deferasirox');
INSERT INTO surgery (id,date,patient_id,doctor_id) VALUES (1425,'2019-12-05',63,151);
INSERT INTO meds_for_surgery (surgery_id,med) VALUES (1425,'Dronabinol');
INSERT INTO surgery (id,date,patient_id,doctor_id) VALUES (1426,'2019-12-19',481,397);
INSERT INTO meds_for_surgery (surgery_id,med) VALUES (1426,'Erythropoietin');
INSERT INTO surgery (id,date,patient_id,doctor_id) VALUES (1427,'2019-12-10',253,238);
INSERT INTO meds_for_surgery (surgery_id,med) VALUES (1427,'Clarithromycin');
INSERT INTO surgery (id,date,patient_id,doctor_id) VALUES (1428,'2019-12-09',139,238);
INSERT INTO meds_for_surgery (surgery_id,med) VALUES (1428,'Immune');
INSERT INTO surgery (id,date,patient_id,doctor_id) VALUES (1429,'2019-11-23',24,77);
INSERT INTO meds_for_surgery (surgery_id,med) VALUES (1429,'Rasburicase');
INSERT INTO surgery (id,date,patient_id,doctor_id) VALUES (1430,'2019-12-20',119,454);
INSERT INTO meds_for_surgery (surgery_id,med) VALUES (1430,'Zidovudine');
INSERT INTO surgery (id,date,patient_id,doctor_id) VALUES (1431,'2019-12-01',119,45);
INSERT INTO meds_for_surgery (surgery_id,med) VALUES (1431,'Sunitinib');
INSERT INTO surgery (id,date,patient_id,doctor_id) VALUES (1432,'2019-12-11',253,327);
INSERT INTO meds_for_surgery (surgery_id,med) VALUES (1432,'Fluconazole');
INSERT INTO surgery (id,date,patient_id,doctor_id) VALUES (1433,'2019-12-23',86,61);
INSERT INTO meds_for_surgery (surgery_id,med) VALUES (1433,'Carbamazepine');
INSERT INTO surgery (id,date,patient_id,doctor_id) VALUES (1434,'2019-12-08',38,91);
INSERT INTO meds_for_surgery (surgery_id,med) VALUES (1434,'Bortezomib');
INSERT INTO surgery (id,date,patient_id,doctor_id) VALUES (1435,'2019-11-30',388,290);
INSERT INTO meds_for_surgery (surgery_id,med) VALUES (1435,'Fluorouracil');
INSERT INTO surgery (id,date,patient_id,doctor_id) VALUES (1436,'2019-12-13',385,299);
INSERT INTO meds_for_surgery (surgery_id,med) VALUES (1436,'Erythropoietin');
INSERT INTO surgery (id,date,patient_id,doctor_id) VALUES (1437,'2019-12-27',195,91);
INSERT INTO meds_for_surgery (surgery_id,med) VALUES (1437,'Clarithromycin');
INSERT INTO surgery (id,date,patient_id,doctor_id) VALUES (1438,'2019-12-08',499,326);
INSERT INTO meds_for_surgery (surgery_id,med) VALUES (1438,'G-CSF');
INSERT INTO surgery (id,date,patient_id,doctor_id) VALUES (1439,'2019-12-22',33,455);
INSERT INTO meds_for_surgery (surgery_id,med) VALUES (1439,'Levothyroxine');
INSERT INTO surgery (id,date,patient_id,doctor_id) VALUES (1440,'2019-12-01',230,366);
INSERT INTO meds_for_surgery (surgery_id,med) VALUES (1440,'Enalapril');
INSERT INTO surgery (id,date,patient_id,doctor_id) VALUES (1441,'2019-11-28',460,386);
INSERT INTO meds_for_surgery (surgery_id,med) VALUES (1441,'Clobazam');
INSERT INTO surgery (id,date,patient_id,doctor_id) VALUES (1442,'2019-12-10',156,452);
INSERT INTO meds_for_surgery (surgery_id,med) VALUES (1442,'Dornase alfa');
INSERT INTO surgery (id,date,patient_id,doctor_id) VALUES (1443,'2019-12-14',470,422);
INSERT INTO meds_for_surgery (surgery_id,med) VALUES (1443,'Cyclosporine');
INSERT INTO surgery (id,date,patient_id,doctor_id) VALUES (1444,'2019-12-16',273,300);
INSERT INTO meds_for_surgery (surgery_id,med) VALUES (1444,'Bosentan');
INSERT INTO surgery (id,date,patient_id,doctor_id) VALUES (1445,'2019-12-07',419,45);
INSERT INTO meds_for_surgery (surgery_id,med) VALUES (1445,'Modafinil');
INSERT INTO surgery (id,date,patient_id,doctor_id) VALUES (1446,'2019-12-26',119,175);
INSERT INTO meds_for_surgery (surgery_id,med) VALUES (1446,'Tretinoin');
INSERT INTO surgery (id,date,patient_id,doctor_id) VALUES (1447,'2019-12-05',261,113);
INSERT INTO meds_for_surgery (surgery_id,med) VALUES (1447,'Erythropoietin');
INSERT INTO surgery (id,date,patient_id,doctor_id) VALUES (1448,'2019-12-23',398,102);
INSERT INTO meds_for_surgery (surgery_id,med) VALUES (1448,'Prednisone');
INSERT INTO surgery (id,date,patient_id,doctor_id) VALUES (1449,'2019-11-26',443,421);
INSERT INTO meds_for_surgery (surgery_id,med) VALUES (1449,'Acyclovir');
INSERT INTO surgery (id,date,patient_id,doctor_id) VALUES (1450,'2019-12-12',308,44);
INSERT INTO meds_for_surgery (surgery_id,med) VALUES (1450,'Rivaroxaban');
INSERT INTO surgery (id,date,patient_id,doctor_id) VALUES (1451,'2019-12-22',398,355);
INSERT INTO meds_for_surgery (surgery_id,med) VALUES (1451,'Ruxolitinib');
INSERT INTO surgery (id,date,patient_id,doctor_id) VALUES (1452,'2019-12-24',329,422);
INSERT INTO meds_for_surgery (surgery_id,med) VALUES (1452,'Atenolol');
INSERT INTO surgery (id,date,patient_id,doctor_id) VALUES (1453,'2019-12-24',365,131);
INSERT INTO meds_for_surgery (surgery_id,med) VALUES (1453,'Dopamine');
INSERT INTO surgery (id,date,patient_id,doctor_id) VALUES (1454,'2019-11-30',493,495);
INSERT INTO meds_for_surgery (surgery_id,med) VALUES (1454,'Clofarabine');
INSERT INTO surgery (id,date,patient_id,doctor_id) VALUES (1455,'2019-12-01',499,399);
INSERT INTO meds_for_surgery (surgery_id,med) VALUES (1455,'Vincristine');
INSERT INTO surgery (id,date,patient_id,doctor_id) VALUES (1456,'2019-12-09',498,421);
INSERT INTO meds_for_surgery (surgery_id,med) VALUES (1456,'Clindamycin');
INSERT INTO surgery (id,date,patient_id,doctor_id) VALUES (1457,'2019-12-12',67,102);
INSERT INTO meds_for_surgery (surgery_id,med) VALUES (1457,'Ifosfamide');
INSERT INTO surgery (id,date,patient_id,doctor_id) VALUES (1458,'2019-12-08',335,129);
INSERT INTO meds_for_surgery (surgery_id,med) VALUES (1458,'Cephalexin');
INSERT INTO surgery (id,date,patient_id,doctor_id) VALUES (1459,'2019-12-24',230,159);
INSERT INTO meds_for_surgery (surgery_id,med) VALUES (1459,'Prednisone');
INSERT INTO surgery (id,date,patient_id,doctor_id) VALUES (1460,'2019-11-26',498,491);
INSERT INTO meds_for_surgery (surgery_id,med) VALUES (1460,'Cefixime');
INSERT INTO surgery (id,date,patient_id,doctor_id) VALUES (1461,'2019-12-19',460,145);
INSERT INTO meds_for_surgery (surgery_id,med) VALUES (1461,'Daunorubicin');
INSERT INTO surgery (id,date,patient_id,doctor_id) VALUES (1462,'2019-12-12',83,62);
INSERT INTO meds_for_surgery (surgery_id,med) VALUES (1462,'Irinotecan');
INSERT INTO surgery (id,date,patient_id,doctor_id) VALUES (1463,'2019-12-14',252,327);
INSERT INTO meds_for_surgery (surgery_id,med) VALUES (1463,'Cisplatin');
INSERT INTO surgery (id,date,patient_id,doctor_id) VALUES (1464,'2019-11-23',38,145);
INSERT INTO meds_for_surgery (surgery_id,med) VALUES (1464,'Lorazepam');
INSERT INTO surgery (id,date,patient_id,doctor_id) VALUES (1465,'2019-12-03',449,151);
INSERT INTO meds_for_surgery (surgery_id,med) VALUES (1465,'Meperidine');
INSERT INTO surgery (id,date,patient_id,doctor_id) VALUES (1466,'2019-12-18',70,98);
INSERT INTO meds_for_surgery (surgery_id,med) VALUES (1466,'Ceftazidime');
INSERT INTO surgery (id,date,patient_id,doctor_id) VALUES (1467,'2019-12-06',123,16);
INSERT INTO meds_for_surgery (surgery_id,med) VALUES (1467,'Nevirapine');
INSERT INTO surgery (id,date,patient_id,doctor_id) VALUES (1468,'2019-12-02',385,129);
INSERT INTO meds_for_surgery (surgery_id,med) VALUES (1468,'Alendronate');
INSERT INTO surgery (id,date,patient_id,doctor_id) VALUES (1469,'2019-12-03',233,131);
INSERT INTO meds_for_surgery (surgery_id,med) VALUES (1469,'Labetalol');
INSERT INTO surgery (id,date,patient_id,doctor_id) VALUES (1470,'2019-12-03',482,278);
INSERT INTO meds_for_surgery (surgery_id,med) VALUES (1470,'Cyclophosphamide');
INSERT INTO surgery (id,date,patient_id,doctor_id) VALUES (1471,'2019-12-21',335,209);
INSERT INTO meds_for_surgery (surgery_id,med) VALUES (1471,'Penicillin');
INSERT INTO surgery (id,date,patient_id,doctor_id) VALUES (1472,'2019-12-08',498,129);
INSERT INTO meds_for_surgery (surgery_id,med) VALUES (1472,'Leucovorin');
INSERT INTO surgery (id,date,patient_id,doctor_id) VALUES (1473,'2019-11-27',192,42);
INSERT INTO meds_for_surgery (surgery_id,med) VALUES (1473,'Tacrolimus');
INSERT INTO surgery (id,date,patient_id,doctor_id) VALUES (1474,'2019-12-25',6,414);
INSERT INTO meds_for_surgery (surgery_id,med) VALUES (1474,'Paclitaxel');
INSERT INTO surgery (id,date,patient_id,doctor_id) VALUES (1475,'2019-12-20',443,495);
INSERT INTO meds_for_surgery (surgery_id,med) VALUES (1475,'Tretinoin');
INSERT INTO surgery (id,date,patient_id,doctor_id) VALUES (1476,'2019-12-21',401,125);
INSERT INTO meds_for_surgery (surgery_id,med) VALUES (1476,'Trimethoprim');
INSERT INTO surgery (id,date,patient_id,doctor_id) VALUES (1477,'2019-12-18',192,366);
INSERT INTO meds_for_surgery (surgery_id,med) VALUES (1477,'Clindamycin');
INSERT INTO surgery (id,date,patient_id,doctor_id) VALUES (1478,'2019-11-23',26,288);
INSERT INTO meds_for_surgery (surgery_id,med) VALUES (1478,'Rilpivirine');
INSERT INTO surgery (id,date,patient_id,doctor_id) VALUES (1479,'2019-12-20',43,397);
INSERT INTO meds_for_surgery (surgery_id,med) VALUES (1479,'Ondansetron');
INSERT INTO surgery (id,date,patient_id,doctor_id) VALUES (1480,'2019-12-15',400,19);
INSERT INTO meds_for_surgery (surgery_id,med) VALUES (1480,'Ketoconazole');
INSERT INTO surgery (id,date,patient_id,doctor_id) VALUES (1481,'2019-12-06',273,199);
INSERT INTO meds_for_surgery (surgery_id,med) VALUES (1481,'Methylphenidate');
INSERT INTO surgery (id,date,patient_id,doctor_id) VALUES (1482,'2019-11-23',350,19);
INSERT INTO meds_for_surgery (surgery_id,med) VALUES (1482,'Lomustine');
INSERT INTO surgery (id,date,patient_id,doctor_id) VALUES (1483,'2019-11-24',251,19);
INSERT INTO meds_for_surgery (surgery_id,med) VALUES (1483,'Ketoconazole');
INSERT INTO surgery (id,date,patient_id,doctor_id) VALUES (1484,'2019-12-08',308,376);
INSERT INTO meds_for_surgery (surgery_id,med) VALUES (1484,'Clofarabine');
INSERT INTO surgery (id,date,patient_id,doctor_id) VALUES (1485,'2019-12-03',334,346);
INSERT INTO meds_for_surgery (surgery_id,med) VALUES (1485,'Cyclosporine');
INSERT INTO surgery (id,date,patient_id,doctor_id) VALUES (1486,'2019-12-05',18,355);
INSERT INTO meds_for_surgery (surgery_id,med) VALUES (1486,'Ranitidine');
INSERT INTO surgery (id,date,patient_id,doctor_id) VALUES (1487,'2019-11-30',233,300);
INSERT INTO meds_for_surgery (surgery_id,med) VALUES (1487,'Lorazepam');
INSERT INTO surgery (id,date,patient_id,doctor_id) VALUES (1488,'2019-12-04',443,145);
INSERT INTO meds_for_surgery (surgery_id,med) VALUES (1488,'Paclitaxel');
INSERT INTO surgery (id,date,patient_id,doctor_id) VALUES (1489,'2019-12-21',365,151);
INSERT INTO meds_for_surgery (surgery_id,med) VALUES (1489,'Deferasirox');
INSERT INTO surgery (id,date,patient_id,doctor_id) VALUES (1490,'2019-12-24',67,84);
INSERT INTO meds_for_surgery (surgery_id,med) VALUES (1490,'Ganciclovir');
INSERT INTO surgery (id,date,patient_id,doctor_id) VALUES (1491,'2019-12-11',450,102);
INSERT INTO meds_for_surgery (surgery_id,med) VALUES (1491,'Clofarabine');
INSERT INTO surgery (id,date,patient_id,doctor_id) VALUES (1492,'2019-12-22',215,44);
INSERT INTO meds_for_surgery (surgery_id,med) VALUES (1492,'Cefuroxime');
INSERT INTO surgery (id,date,patient_id,doctor_id) VALUES (1493,'2019-12-13',80,421);
INSERT INTO meds_for_surgery (surgery_id,med) VALUES (1493,'Isotretinoin');
INSERT INTO surgery (id,date,patient_id,doctor_id) VALUES (1494,'2019-12-05',262,422);
INSERT INTO meds_for_surgery (surgery_id,med) VALUES (1494,'Procarbazine');
INSERT INTO surgery (id,date,patient_id,doctor_id) VALUES (1495,'2019-12-24',401,278);
INSERT INTO meds_for_surgery (surgery_id,med) VALUES (1495,'Emicizumab');
INSERT INTO surgery (id,date,patient_id,doctor_id) VALUES (1496,'2019-11-29',33,326);
INSERT INTO meds_for_surgery (surgery_id,med) VALUES (1496,'Teniposide');
INSERT INTO surgery (id,date,patient_id,doctor_id) VALUES (1497,'2019-12-06',389,199);
INSERT INTO meds_for_surgery (surgery_id,med) VALUES (1497,'Itraconazole');
INSERT INTO surgery (id,date,patient_id,doctor_id) VALUES (1498,'2019-12-13',390,98);
INSERT INTO meds_for_surgery (surgery_id,med) VALUES (1498,'Amifostine');
INSERT INTO surgery (id,date,patient_id,doctor_id) VALUES (1499,'2019-12-26',24,163);
INSERT INTO meds_for_surgery (surgery_id,med) VALUES (1499,'Cyproheptadine');
INSERT INTO surgery (id,date,patient_id,doctor_id) VALUES (1500,'2019-12-13',400,42);
INSERT INTO meds_for_surgery (surgery_id,med) VALUES (1500,'Dactinomycin');
INSERT INTO surgery (id,date,patient_id,doctor_id) VALUES (1501,'2019-11-26',255,422);
INSERT INTO meds_for_surgery (surgery_id,med) VALUES (1501,'Clobazam');
INSERT INTO surgery (id,date,patient_id,doctor_id) VALUES (1502,'2019-11-30',230,98);
INSERT INTO meds_for_surgery (surgery_id,med) VALUES (1502,'Melphalan');
INSERT INTO surgery (id,date,patient_id,doctor_id) VALUES (1503,'2019-12-03',83,131);
INSERT INTO meds_for_surgery (surgery_id,med) VALUES (1503,'Dobutamine');
INSERT INTO surgery (id,date,patient_id,doctor_id) VALUES (1504,'2019-12-09',176,376);
INSERT INTO meds_for_surgery (surgery_id,med) VALUES (1504,'Cytarabine');
INSERT INTO surgery (id,date,patient_id,doctor_id) VALUES (1505,'2019-12-01',215,112);
INSERT INTO meds_for_surgery (surgery_id,med) VALUES (1505,'Propoxyphene');
INSERT INTO surgery (id,date,patient_id,doctor_id) VALUES (1506,'2019-12-14',364,479);
INSERT INTO meds_for_surgery (surgery_id,med) VALUES (1506,'Aminocaproic Acid');
INSERT INTO surgery (id,date,patient_id,doctor_id) VALUES (1507,'2019-12-27',389,42);
INSERT INTO meds_for_surgery (surgery_id,med) VALUES (1507,'Heparin');
INSERT INTO surgery (id,date,patient_id,doctor_id) VALUES (1508,'2019-12-02',268,404);
INSERT INTO meds_for_surgery (surgery_id,med) VALUES (1508,'Azithromycin');
INSERT INTO surgery (id,date,patient_id,doctor_id) VALUES (1509,'2019-12-19',285,40);
INSERT INTO meds_for_surgery (surgery_id,med) VALUES (1509,'Enalapril');
INSERT INTO surgery (id,date,patient_id,doctor_id) VALUES (1510,'2019-12-01',255,451);
INSERT INTO meds_for_surgery (surgery_id,med) VALUES (1510,'Vancomycin');
INSERT INTO surgery (id,date,patient_id,doctor_id) VALUES (1511,'2019-12-25',365,270);
INSERT INTO meds_for_surgery (surgery_id,med) VALUES (1511,'Amikacin');
INSERT INTO surgery (id,date,patient_id,doctor_id) VALUES (1512,'2019-12-26',469,117);
INSERT INTO meds_for_surgery (surgery_id,med) VALUES (1512,'Leucovorin');
INSERT INTO surgery (id,date,patient_id,doctor_id) VALUES (1513,'2019-12-16',350,131);
INSERT INTO meds_for_surgery (surgery_id,med) VALUES (1513,'Megestrol acetate');
INSERT INTO surgery (id,date,patient_id,doctor_id) VALUES (1514,'2019-12-17',252,102);
INSERT INTO meds_for_surgery (surgery_id,med) VALUES (1514,'Didanosine');
INSERT INTO surgery (id,date,patient_id,doctor_id) VALUES (1515,'2019-12-08',372,451);
INSERT INTO meds_for_surgery (surgery_id,med) VALUES (1515,'Cefepime');
INSERT INTO surgery (id,date,patient_id,doctor_id) VALUES (1516,'2019-12-06',499,199);
INSERT INTO meds_for_surgery (surgery_id,med) VALUES (1516,'Nevirapine');
INSERT INTO surgery (id,date,patient_id,doctor_id) VALUES (1517,'2019-11-28',493,327);
INSERT INTO meds_for_surgery (surgery_id,med) VALUES (1517,'Meperidine');
INSERT INTO surgery (id,date,patient_id,doctor_id) VALUES (1518,'2019-12-10',493,98);
INSERT INTO meds_for_surgery (surgery_id,med) VALUES (1518,'Allopurinol');
INSERT INTO surgery (id,date,patient_id,doctor_id) VALUES (1519,'2019-11-30',43,455);
INSERT INTO meds_for_surgery (surgery_id,med) VALUES (1519,'Dobutamine');
INSERT INTO surgery (id,date,patient_id,doctor_id) VALUES (1520,'2019-12-25',334,278);
INSERT INTO meds_for_surgery (surgery_id,med) VALUES (1520,'Cephalexin');
INSERT INTO surgery (id,date,patient_id,doctor_id) VALUES (1521,'2019-11-24',449,216);
INSERT INTO meds_for_surgery (surgery_id,med) VALUES (1521,'Omeprazole');
INSERT INTO surgery (id,date,patient_id,doctor_id) VALUES (1522,'2019-12-03',449,45);
INSERT INTO meds_for_surgery (surgery_id,med) VALUES (1522,'Hydrocortisone');
INSERT INTO surgery (id,date,patient_id,doctor_id) VALUES (1523,'2019-12-09',364,16);
INSERT INTO meds_for_surgery (surgery_id,med) VALUES (1523,'Interleukin');
INSERT INTO surgery (id,date,patient_id,doctor_id) VALUES (1524,'2019-12-17',431,228);
INSERT INTO meds_for_surgery (surgery_id,med) VALUES (1524,'Enalapril');
INSERT INTO surgery (id,date,patient_id,doctor_id) VALUES (1525,'2019-11-27',123,129);
INSERT INTO meds_for_surgery (surgery_id,med) VALUES (1525,'Potassium');
INSERT INTO surgery (id,date,patient_id,doctor_id) VALUES (1526,'2019-11-24',449,270);
INSERT INTO meds_for_surgery (surgery_id,med) VALUES (1526,'Dobutamine');
INSERT INTO surgery (id,date,patient_id,doctor_id) VALUES (1527,'2019-12-02',176,486);
INSERT INTO meds_for_surgery (surgery_id,med) VALUES (1527,'Mitoxantrone');
INSERT INTO surgery (id,date,patient_id,doctor_id) VALUES (1528,'2019-12-07',242,454);
INSERT INTO meds_for_surgery (surgery_id,med) VALUES (1528,'Neuromuscular');
INSERT INTO surgery (id,date,patient_id,doctor_id) VALUES (1529,'2019-12-11',154,452);
INSERT INTO meds_for_surgery (surgery_id,med) VALUES (1529,'Carbamazepine');
INSERT INTO surgery (id,date,patient_id,doctor_id) VALUES (1530,'2019-12-15',448,414);
INSERT INTO meds_for_surgery (surgery_id,med) VALUES (1530,'Vancomycin');
INSERT INTO surgery (id,date,patient_id,doctor_id) VALUES (1531,'2019-12-01',401,78);
INSERT INTO meds_for_surgery (surgery_id,med) VALUES (1531,'Lomustine');
INSERT INTO surgery (id,date,patient_id,doctor_id) VALUES (1532,'2019-12-27',390,98);
INSERT INTO meds_for_surgery (surgery_id,med) VALUES (1532,'Codeine');
INSERT INTO surgery (id,date,patient_id,doctor_id) VALUES (1533,'2019-11-25',139,270);
INSERT INTO meds_for_surgery (surgery_id,med) VALUES (1533,'Voriconazole');
INSERT INTO surgery (id,date,patient_id,doctor_id) VALUES (1534,'2019-12-26',13,397);
INSERT INTO meds_for_surgery (surgery_id,med) VALUES (1534,'Hydroxyurea');
INSERT INTO surgery (id,date,patient_id,doctor_id) VALUES (1535,'2019-12-13',431,179);
INSERT INTO meds_for_surgery (surgery_id,med) VALUES (1535,'Sucralfate');
INSERT INTO surgery (id,date,patient_id,doctor_id) VALUES (1536,'2019-12-26',18,40);
INSERT INTO meds_for_surgery (surgery_id,med) VALUES (1536,'Aprepitant');
INSERT INTO surgery (id,date,patient_id,doctor_id) VALUES (1537,'2019-12-26',230,300);
INSERT INTO meds_for_surgery (surgery_id,med) VALUES (1537,'Erlotinib');
INSERT INTO surgery (id,date,patient_id,doctor_id) VALUES (1538,'2019-11-29',443,357);
INSERT INTO meds_for_surgery (surgery_id,med) VALUES (1538,'Ranitidine');
INSERT INTO surgery (id,date,patient_id,doctor_id) VALUES (1539,'2019-11-30',371,61);
INSERT INTO meds_for_surgery (surgery_id,med) VALUES (1539,'Vinblastine');
INSERT INTO surgery (id,date,patient_id,doctor_id) VALUES (1540,'2019-12-16',176,16);
INSERT INTO meds_for_surgery (surgery_id,med) VALUES (1540,'Trimethoprim');
INSERT INTO surgery (id,date,patient_id,doctor_id) VALUES (1541,'2019-12-26',215,357);
INSERT INTO meds_for_surgery (surgery_id,med) VALUES (1541,'Bosentan');
INSERT INTO surgery (id,date,patient_id,doctor_id) VALUES (1542,'2019-12-25',188,7);
INSERT INTO meds_for_surgery (surgery_id,med) VALUES (1542,'Nevirapine');
INSERT INTO surgery (id,date,patient_id,doctor_id) VALUES (1543,'2019-12-16',469,290);
INSERT INTO meds_for_surgery (surgery_id,med) VALUES (1543,'Tobramycin');
INSERT INTO surgery (id,date,patient_id,doctor_id) VALUES (1544,'2019-12-06',33,404);
INSERT INTO meds_for_surgery (surgery_id,med) VALUES (1544,'Nelarabine');
INSERT INTO surgery (id,date,patient_id,doctor_id) VALUES (1545,'2019-11-24',266,199);
INSERT INTO meds_for_surgery (surgery_id,med) VALUES (1545,'Saquinavir');
INSERT INTO surgery (id,date,patient_id,doctor_id) VALUES (1546,'2019-12-12',493,199);
INSERT INTO meds_for_surgery (surgery_id,med) VALUES (1546,'Acyclovir');
INSERT INTO surgery (id,date,patient_id,doctor_id) VALUES (1547,'2019-12-26',393,491);
INSERT INTO meds_for_surgery (surgery_id,med) VALUES (1547,'Meropenem');
INSERT INTO surgery (id,date,patient_id,doctor_id) VALUES (1548,'2019-12-10',360,260);
INSERT INTO meds_for_surgery (surgery_id,med) VALUES (1548,'Acyclovir');
INSERT INTO surgery (id,date,patient_id,doctor_id) VALUES (1549,'2019-12-21',261,78);
INSERT INTO meds_for_surgery (surgery_id,med) VALUES (1549,'Etoposide');
INSERT INTO surgery (id,date,patient_id,doctor_id) VALUES (1550,'2019-12-20',80,7);
INSERT INTO meds_for_surgery (surgery_id,med) VALUES (1550,'Sugammadex');
INSERT INTO surgery (id,date,patient_id,doctor_id) VALUES (1551,'2019-12-16',335,19);
INSERT INTO meds_for_surgery (surgery_id,med) VALUES (1551,'Hydromorphone');
INSERT INTO surgery (id,date,patient_id,doctor_id) VALUES (1552,'2019-12-15',285,278);
INSERT INTO meds_for_surgery (surgery_id,med) VALUES (1552,'Mycophenolate');
INSERT INTO surgery (id,date,patient_id,doctor_id) VALUES (1553,'2019-12-27',308,247);
INSERT INTO meds_for_surgery (surgery_id,med) VALUES (1553,'Sucralfate');
INSERT INTO surgery (id,date,patient_id,doctor_id) VALUES (1554,'2019-11-28',13,199);
INSERT INTO meds_for_surgery (surgery_id,med) VALUES (1554,'Cyclophosphamide');
INSERT INTO surgery (id,date,patient_id,doctor_id) VALUES (1555,'2019-12-22',86,19);
INSERT INTO meds_for_surgery (surgery_id,med) VALUES (1555,'Paclitaxel');
INSERT INTO surgery (id,date,patient_id,doctor_id) VALUES (1556,'2019-12-14',137,404);
INSERT INTO meds_for_surgery (surgery_id,med) VALUES (1556,'Ganciclovir');
INSERT INTO surgery (id,date,patient_id,doctor_id) VALUES (1557,'2019-12-18',139,64);
INSERT INTO meds_for_surgery (surgery_id,med) VALUES (1557,'Promethazine');
INSERT INTO surgery (id,date,patient_id,doctor_id) VALUES (1558,'2019-12-12',123,451);
INSERT INTO meds_for_surgery (surgery_id,med) VALUES (1558,'Aminocaproic Acid');
INSERT INTO surgery (id,date,patient_id,doctor_id) VALUES (1559,'2019-11-23',308,384);
INSERT INTO meds_for_surgery (surgery_id,med) VALUES (1559,'Potassium');
INSERT INTO surgery (id,date,patient_id,doctor_id) VALUES (1560,'2019-11-29',252,210);
INSERT INTO meds_for_surgery (surgery_id,med) VALUES (1560,'Vorinostat');
INSERT INTO surgery (id,date,patient_id,doctor_id) VALUES (1561,'2019-12-15',334,216);
INSERT INTO meds_for_surgery (surgery_id,med) VALUES (1561,'Promethazine');
INSERT INTO surgery (id,date,patient_id,doctor_id) VALUES (1562,'2019-11-26',372,44);
INSERT INTO meds_for_surgery (surgery_id,med) VALUES (1562,'Enoxaparin');
INSERT INTO surgery (id,date,patient_id,doctor_id) VALUES (1563,'2019-12-14',328,44);
INSERT INTO meds_for_surgery (surgery_id,med) VALUES (1563,'Phenytoin');
INSERT INTO surgery (id,date,patient_id,doctor_id) VALUES (1564,'2019-12-03',261,66);
INSERT INTO meds_for_surgery (surgery_id,med) VALUES (1564,'Paclitaxel');
INSERT INTO surgery (id,date,patient_id,doctor_id) VALUES (1565,'2019-12-11',385,228);
INSERT INTO meds_for_surgery (surgery_id,med) VALUES (1565,'Amifostine');
INSERT INTO surgery (id,date,patient_id,doctor_id) VALUES (1566,'2019-12-02',390,455);
INSERT INTO meds_for_surgery (surgery_id,med) VALUES (1566,'Promethazine');
INSERT INTO surgery (id,date,patient_id,doctor_id) VALUES (1567,'2019-12-11',251,199);
INSERT INTO meds_for_surgery (surgery_id,med) VALUES (1567,'Immune');
INSERT INTO surgery (id,date,patient_id,doctor_id) VALUES (1568,'2019-11-26',350,42);
INSERT INTO meds_for_surgery (surgery_id,med) VALUES (1568,'Itraconazole');
INSERT INTO surgery (id,date,patient_id,doctor_id) VALUES (1569,'2019-12-08',268,326);
INSERT INTO meds_for_surgery (surgery_id,med) VALUES (1569,'Acyclovir');
INSERT INTO surgery (id,date,patient_id,doctor_id) VALUES (1570,'2019-12-24',401,77);
INSERT INTO meds_for_surgery (surgery_id,med) VALUES (1570,'Atenolol');
INSERT INTO surgery (id,date,patient_id,doctor_id) VALUES (1571,'2019-12-10',261,102);
INSERT INTO meds_for_surgery (surgery_id,med) VALUES (1571,'Paclitaxel');
INSERT INTO surgery (id,date,patient_id,doctor_id) VALUES (1572,'2019-12-02',390,346);
INSERT INTO meds_for_surgery (surgery_id,med) VALUES (1572,'Topotecan');
INSERT INTO surgery (id,date,patient_id,doctor_id) VALUES (1573,'2019-12-22',252,19);
INSERT INTO meds_for_surgery (surgery_id,med) VALUES (1573,'Erythropoietin');
INSERT INTO surgery (id,date,patient_id,doctor_id) VALUES (1574,'2019-12-24',53,427);
INSERT INTO meds_for_surgery (surgery_id,med) VALUES (1574,'Isotretinoin');
INSERT INTO surgery (id,date,patient_id,doctor_id) VALUES (1575,'2019-12-17',449,40);
INSERT INTO meds_for_surgery (surgery_id,med) VALUES (1575,'Etoposide');
INSERT INTO surgery (id,date,patient_id,doctor_id) VALUES (1576,'2019-12-22',388,143);
INSERT INTO meds_for_surgery (surgery_id,med) VALUES (1576,'GM-CSF');
INSERT INTO surgery (id,date,patient_id,doctor_id) VALUES (1577,'2019-12-09',372,376);
INSERT INTO meds_for_surgery (surgery_id,med) VALUES (1577,'Deferasirox');
INSERT INTO surgery (id,date,patient_id,doctor_id) VALUES (1578,'2019-11-30',401,346);
INSERT INTO meds_for_surgery (surgery_id,med) VALUES (1578,'Prednisone');
INSERT INTO surgery (id,date,patient_id,doctor_id) VALUES (1579,'2019-12-21',251,265);
INSERT INTO meds_for_surgery (surgery_id,med) VALUES (1579,'Amifostine');
INSERT INTO surgery (id,date,patient_id,doctor_id) VALUES (1580,'2019-11-24',13,102);
INSERT INTO meds_for_surgery (surgery_id,med) VALUES (1580,'Pentamidine');
INSERT INTO surgery (id,date,patient_id,doctor_id) VALUES (1581,'2019-12-06',137,84);
INSERT INTO meds_for_surgery (surgery_id,med) VALUES (1581,'Methotrexate');
INSERT INTO surgery (id,date,patient_id,doctor_id) VALUES (1582,'2019-12-23',4,288);
INSERT INTO meds_for_surgery (surgery_id,med) VALUES (1582,'Ifosfamide');
INSERT INTO surgery (id,date,patient_id,doctor_id) VALUES (1583,'2019-12-15',343,495);
INSERT INTO meds_for_surgery (surgery_id,med) VALUES (1583,'Vancomycin');
INSERT INTO surgery (id,date,patient_id,doctor_id) VALUES (1584,'2019-12-02',388,41);
INSERT INTO meds_for_surgery (surgery_id,med) VALUES (1584,'Cefaclor');
INSERT INTO surgery (id,date,patient_id,doctor_id) VALUES (1585,'2019-12-17',460,299);
INSERT INTO meds_for_surgery (surgery_id,med) VALUES (1585,'Gabapentin');
INSERT INTO surgery (id,date,patient_id,doctor_id) VALUES (1586,'2019-12-21',390,477);
INSERT INTO meds_for_surgery (surgery_id,med) VALUES (1586,'Bosentan');
INSERT INTO surgery (id,date,patient_id,doctor_id) VALUES (1587,'2019-12-07',364,64);
INSERT INTO meds_for_surgery (surgery_id,med) VALUES (1587,'Amitriptyline');
INSERT INTO surgery (id,date,patient_id,doctor_id) VALUES (1588,'2019-12-17',449,151);
INSERT INTO meds_for_surgery (surgery_id,med) VALUES (1588,'Cefuroxime');
INSERT INTO surgery (id,date,patient_id,doctor_id) VALUES (1589,'2019-12-09',417,256);
INSERT INTO meds_for_surgery (surgery_id,med) VALUES (1589,'Famciclovir');
INSERT INTO surgery (id,date,patient_id,doctor_id) VALUES (1590,'2019-12-04',195,290);
INSERT INTO meds_for_surgery (surgery_id,med) VALUES (1590,'Bortezomib');
INSERT INTO surgery (id,date,patient_id,doctor_id) VALUES (1591,'2019-12-10',460,102);
INSERT INTO meds_for_surgery (surgery_id,med) VALUES (1591,'Cyclobenzaprine');
INSERT INTO surgery (id,date,patient_id,doctor_id) VALUES (1592,'2019-12-02',229,216);
INSERT INTO meds_for_surgery (surgery_id,med) VALUES (1592,'Thioguanine');
INSERT INTO surgery (id,date,patient_id,doctor_id) VALUES (1593,'2019-12-16',255,163);
INSERT INTO meds_for_surgery (surgery_id,med) VALUES (1593,'Oxycodone');
INSERT INTO surgery (id,date,patient_id,doctor_id) VALUES (1594,'2019-12-24',350,66);
INSERT INTO meds_for_surgery (surgery_id,med) VALUES (1594,'Dacarbazine');
INSERT INTO surgery (id,date,patient_id,doctor_id) VALUES (1595,'2019-12-20',469,42);
INSERT INTO meds_for_surgery (surgery_id,med) VALUES (1595,'Nelarabine');
INSERT INTO surgery (id,date,patient_id,doctor_id) VALUES (1596,'2019-11-27',251,216);
INSERT INTO meds_for_surgery (surgery_id,med) VALUES (1596,'Ketoconazole');
INSERT INTO surgery (id,date,patient_id,doctor_id) VALUES (1597,'2019-12-20',285,299);
INSERT INTO meds_for_surgery (surgery_id,med) VALUES (1597,'Temozolomide');
INSERT INTO surgery (id,date,patient_id,doctor_id) VALUES (1598,'2019-11-26',26,208);
INSERT INTO meds_for_surgery (surgery_id,med) VALUES (1598,'Gabapentin');
INSERT INTO surgery (id,date,patient_id,doctor_id) VALUES (1599,'2019-11-26',242,452);
INSERT INTO meds_for_surgery (surgery_id,med) VALUES (1599,'Cyclosporine');
INSERT INTO surgery (id,date,patient_id,doctor_id) VALUES (1600,'2019-12-13',4,131);
INSERT INTO meds_for_surgery (surgery_id,med) VALUES (1600,'Calcium');
INSERT INTO surgery (id,date,patient_id,doctor_id) VALUES (1601,'2019-12-02',137,256);
INSERT INTO meds_for_surgery (surgery_id,med) VALUES (1601,'Magnesium');
INSERT INTO surgery (id,date,patient_id,doctor_id) VALUES (1602,'2019-12-18',308,452);
INSERT INTO meds_for_surgery (surgery_id,med) VALUES (1602,'Busulfan');
INSERT INTO surgery (id,date,patient_id,doctor_id) VALUES (1603,'2019-12-04',69,143);
INSERT INTO meds_for_surgery (surgery_id,med) VALUES (1603,'Clobazam');
INSERT INTO surgery (id,date,patient_id,doctor_id) VALUES (1604,'2019-12-13',6,326);
INSERT INTO meds_for_surgery (surgery_id,med) VALUES (1604,'Tobramycin');
INSERT INTO surgery (id,date,patient_id,doctor_id) VALUES (1605,'2019-11-30',176,209);
INSERT INTO meds_for_surgery (surgery_id,med) VALUES (1605,'Bleomycin');
INSERT INTO surgery (id,date,patient_id,doctor_id) VALUES (1606,'2019-12-04',400,62);
INSERT INTO meds_for_surgery (surgery_id,med) VALUES (1606,'Enalapril');
INSERT INTO surgery (id,date,patient_id,doctor_id) VALUES (1607,'2019-12-17',69,208);
INSERT INTO meds_for_surgery (surgery_id,med) VALUES (1607,'Cidofovir');
INSERT INTO surgery (id,date,patient_id,doctor_id) VALUES (1608,'2019-11-29',215,112);
INSERT INTO meds_for_surgery (surgery_id,med) VALUES (1608,'Promethazine');
INSERT INTO surgery (id,date,patient_id,doctor_id) VALUES (1609,'2019-11-23',385,125);
INSERT INTO meds_for_surgery (surgery_id,med) VALUES (1609,'Dasatinib');
INSERT INTO surgery (id,date,patient_id,doctor_id) VALUES (1610,'2019-12-05',6,7);
INSERT INTO meds_for_surgery (surgery_id,med) VALUES (1610,'Enoxaparin');
INSERT INTO surgery (id,date,patient_id,doctor_id) VALUES (1611,'2019-12-18',195,175);
INSERT INTO meds_for_surgery (surgery_id,med) VALUES (1611,'Ritonavir');
INSERT INTO surgery (id,date,patient_id,doctor_id) VALUES (1612,'2019-12-04',137,125);
INSERT INTO meds_for_surgery (surgery_id,med) VALUES (1612,'Cyclophosphamide');
INSERT INTO surgery (id,date,patient_id,doctor_id) VALUES (1613,'2019-11-24',371,209);
INSERT INTO meds_for_surgery (surgery_id,med) VALUES (1613,'Erythropoietin');
INSERT INTO surgery (id,date,patient_id,doctor_id) VALUES (1614,'2019-11-24',385,102);
INSERT INTO meds_for_surgery (surgery_id,med) VALUES (1614,'Cladribine');
INSERT INTO surgery (id,date,patient_id,doctor_id) VALUES (1615,'2019-12-05',69,486);
INSERT INTO meds_for_surgery (surgery_id,med) VALUES (1615,'Aprepitant');
INSERT INTO surgery (id,date,patient_id,doctor_id) VALUES (1616,'2019-11-30',448,422);
INSERT INTO meds_for_surgery (surgery_id,med) VALUES (1616,'Cyclosporine');
INSERT INTO surgery (id,date,patient_id,doctor_id) VALUES (1617,'2019-12-19',334,326);
INSERT INTO meds_for_surgery (surgery_id,med) VALUES (1617,'Nelfinavir');
INSERT INTO surgery (id,date,patient_id,doctor_id) VALUES (1618,'2019-11-23',6,396);
INSERT INTO meds_for_surgery (surgery_id,med) VALUES (1618,'Captopril');
INSERT INTO surgery (id,date,patient_id,doctor_id) VALUES (1619,'2019-12-26',6,159);
INSERT INTO meds_for_surgery (surgery_id,med) VALUES (1619,'Modafinil');
INSERT INTO surgery (id,date,patient_id,doctor_id) VALUES (1620,'2019-12-11',360,455);
INSERT INTO meds_for_surgery (surgery_id,med) VALUES (1620,'Dronabinol');
INSERT INTO surgery (id,date,patient_id,doctor_id) VALUES (1621,'2019-11-29',431,265);
INSERT INTO meds_for_surgery (surgery_id,med) VALUES (1621,'Vorinostat');
INSERT INTO surgery (id,date,patient_id,doctor_id) VALUES (1622,'2019-11-30',18,62);
INSERT INTO meds_for_surgery (surgery_id,med) VALUES (1622,'Maraviroc');
INSERT INTO surgery (id,date,patient_id,doctor_id) VALUES (1623,'2019-12-14',499,346);
INSERT INTO meds_for_surgery (surgery_id,med) VALUES (1623,'Stavudine');
INSERT INTO surgery (id,date,patient_id,doctor_id) VALUES (1624,'2019-12-10',365,478);
INSERT INTO meds_for_surgery (surgery_id,med) VALUES (1624,'Amikacin');
INSERT INTO surgery (id,date,patient_id,doctor_id) VALUES (1625,'2019-11-29',398,270);
INSERT INTO meds_for_surgery (surgery_id,med) VALUES (1625,'Etoposide');
INSERT INTO surgery (id,date,patient_id,doctor_id) VALUES (1626,'2019-12-24',80,300);
INSERT INTO meds_for_surgery (surgery_id,med) VALUES (1626,'Alemtuzumab');
INSERT INTO surgery (id,date,patient_id,doctor_id) VALUES (1627,'2019-12-12',46,327);
INSERT INTO meds_for_surgery (surgery_id,med) VALUES (1627,'Heparin');
INSERT INTO surgery (id,date,patient_id,doctor_id) VALUES (1628,'2019-12-19',75,199);
INSERT INTO meds_for_surgery (surgery_id,med) VALUES (1628,'Fluconazole');
INSERT INTO surgery (id,date,patient_id,doctor_id) VALUES (1629,'2019-12-12',192,42);
INSERT INTO meds_for_surgery (surgery_id,med) VALUES (1629,'Clindamycin');
INSERT INTO surgery (id,date,patient_id,doctor_id) VALUES (1630,'2019-11-30',334,131);
INSERT INTO meds_for_surgery (surgery_id,med) VALUES (1630,'Lamivudine');
INSERT INTO surgery (id,date,patient_id,doctor_id) VALUES (1631,'2019-12-08',230,145);
INSERT INTO meds_for_surgery (surgery_id,med) VALUES (1631,'Codeine');
INSERT INTO surgery (id,date,patient_id,doctor_id) VALUES (1632,'2019-11-30',443,145);
INSERT INTO meds_for_surgery (surgery_id,med) VALUES (1632,'Hydromorphone');
INSERT INTO surgery (id,date,patient_id,doctor_id) VALUES (1633,'2019-12-15',308,163);
INSERT INTO meds_for_surgery (surgery_id,med) VALUES (1633,'Probenecid');
INSERT INTO surgery (id,date,patient_id,doctor_id) VALUES (1634,'2019-12-16',242,265);
INSERT INTO meds_for_surgery (surgery_id,med) VALUES (1634,'Imatinib');
INSERT INTO surgery (id,date,patient_id,doctor_id) VALUES (1635,'2019-11-30',80,163);
INSERT INTO meds_for_surgery (surgery_id,med) VALUES (1635,'Muromonab');
INSERT INTO surgery (id,date,patient_id,doctor_id) VALUES (1636,'2019-11-23',70,117);
INSERT INTO meds_for_surgery (surgery_id,med) VALUES (1636,'Etoposide');
INSERT INTO surgery (id,date,patient_id,doctor_id) VALUES (1637,'2019-12-25',266,278);
INSERT INTO meds_for_surgery (surgery_id,med) VALUES (1637,'Bosentan');
INSERT INTO surgery (id,date,patient_id,doctor_id) VALUES (1638,'2019-12-10',69,131);
INSERT INTO meds_for_surgery (surgery_id,med) VALUES (1638,'Cyclobenzaprine');
INSERT INTO surgery (id,date,patient_id,doctor_id) VALUES (1639,'2019-11-29',469,7);
INSERT INTO meds_for_surgery (surgery_id,med) VALUES (1639,'Busulfan');
INSERT INTO surgery (id,date,patient_id,doctor_id) VALUES (1640,'2019-11-29',188,495);
INSERT INTO meds_for_surgery (surgery_id,med) VALUES (1640,'Micafungin');
INSERT INTO surgery (id,date,patient_id,doctor_id) VALUES (1641,'2019-12-15',328,159);
INSERT INTO meds_for_surgery (surgery_id,med) VALUES (1641,'Furosemide');
INSERT INTO surgery (id,date,patient_id,doctor_id) VALUES (1642,'2019-11-25',364,478);
INSERT INTO meds_for_surgery (surgery_id,med) VALUES (1642,'Elvitegravir');
INSERT INTO surgery (id,date,patient_id,doctor_id) VALUES (1643,'2019-12-11',52,404);
INSERT INTO meds_for_surgery (surgery_id,med) VALUES (1643,'Lomustine');
INSERT INTO surgery (id,date,patient_id,doctor_id) VALUES (1644,'2019-11-26',398,265);
INSERT INTO meds_for_surgery (surgery_id,med) VALUES (1644,'Cefepime');
INSERT INTO surgery (id,date,patient_id,doctor_id) VALUES (1645,'2019-12-11',139,454);
INSERT INTO meds_for_surgery (surgery_id,med) VALUES (1645,'Darunavir');
INSERT INTO surgery (id,date,patient_id,doctor_id) VALUES (1646,'2019-12-13',443,386);
INSERT INTO meds_for_surgery (surgery_id,med) VALUES (1646,'Potassium');
INSERT INTO surgery (id,date,patient_id,doctor_id) VALUES (1647,'2019-11-24',268,16);
INSERT INTO meds_for_surgery (surgery_id,med) VALUES (1647,'Vorinostat');
INSERT INTO surgery (id,date,patient_id,doctor_id) VALUES (1648,'2019-12-22',449,427);
INSERT INTO meds_for_surgery (surgery_id,med) VALUES (1648,'Potassium');
INSERT INTO surgery (id,date,patient_id,doctor_id) VALUES (1649,'2019-12-07',33,216);
INSERT INTO meds_for_surgery (surgery_id,med) VALUES (1649,'L-glutamine');
INSERT INTO surgery (id,date,patient_id,doctor_id) VALUES (1650,'2019-12-10',252,455);
INSERT INTO meds_for_surgery (surgery_id,med) VALUES (1650,'Dobutamine');
INSERT INTO surgery (id,date,patient_id,doctor_id) VALUES (1651,'2019-12-23',52,454);
INSERT INTO meds_for_surgery (surgery_id,med) VALUES (1651,'Azithromycin');
INSERT INTO surgery (id,date,patient_id,doctor_id) VALUES (1652,'2019-12-19',75,479);
INSERT INTO meds_for_surgery (surgery_id,med) VALUES (1652,'GM-CSF');
INSERT INTO surgery (id,date,patient_id,doctor_id) VALUES (1653,'2019-11-30',86,102);
INSERT INTO meds_for_surgery (surgery_id,med) VALUES (1653,'Azithromycin');
INSERT INTO surgery (id,date,patient_id,doctor_id) VALUES (1654,'2019-12-14',273,247);
INSERT INTO meds_for_surgery (surgery_id,med) VALUES (1654,'Interleukin');
INSERT INTO surgery (id,date,patient_id,doctor_id) VALUES (1655,'2019-12-24',493,366);
INSERT INTO meds_for_surgery (surgery_id,med) VALUES (1655,'Carboplatin');
INSERT INTO surgery (id,date,patient_id,doctor_id) VALUES (1656,'2019-12-09',230,159);
INSERT INTO meds_for_surgery (surgery_id,med) VALUES (1656,'Modafinil');
INSERT INTO surgery (id,date,patient_id,doctor_id) VALUES (1657,'2019-11-24',448,451);
INSERT INTO meds_for_surgery (surgery_id,med) VALUES (1657,'Micafungin');
INSERT INTO surgery (id,date,patient_id,doctor_id) VALUES (1658,'2019-12-22',493,386);
INSERT INTO meds_for_surgery (surgery_id,med) VALUES (1658,'Imatinib');
INSERT INTO surgery (id,date,patient_id,doctor_id) VALUES (1659,'2019-12-17',75,112);
INSERT INTO meds_for_surgery (surgery_id,med) VALUES (1659,'Erlotinib');
INSERT INTO surgery (id,date,patient_id,doctor_id) VALUES (1660,'2019-12-26',139,486);
INSERT INTO meds_for_surgery (surgery_id,med) VALUES (1660,'Darunavir');
INSERT INTO surgery (id,date,patient_id,doctor_id) VALUES (1661,'2019-12-19',329,208);
INSERT INTO meds_for_surgery (surgery_id,med) VALUES (1661,'Meperidine');
INSERT INTO surgery (id,date,patient_id,doctor_id) VALUES (1662,'2019-11-25',70,7);
INSERT INTO meds_for_surgery (surgery_id,med) VALUES (1662,'Pentamidine');
INSERT INTO surgery (id,date,patient_id,doctor_id) VALUES (1663,'2019-11-24',67,208);
INSERT INTO meds_for_surgery (surgery_id,med) VALUES (1663,'Bosentan');
INSERT INTO surgery (id,date,patient_id,doctor_id) VALUES (1664,'2019-12-07',242,98);
INSERT INTO meds_for_surgery (surgery_id,med) VALUES (1664,'Thiotepa');
INSERT INTO surgery (id,date,patient_id,doctor_id) VALUES (1665,'2019-11-30',146,199);
INSERT INTO meds_for_surgery (surgery_id,med) VALUES (1665,'Allopurinol');
INSERT INTO surgery (id,date,patient_id,doctor_id) VALUES (1666,'2019-12-16',371,91);
INSERT INTO meds_for_surgery (surgery_id,med) VALUES (1666,'Bleomycin');
INSERT INTO surgery (id,date,patient_id,doctor_id) VALUES (1667,'2019-11-29',312,102);
INSERT INTO meds_for_surgery (surgery_id,med) VALUES (1667,'Mycophenolate');
INSERT INTO surgery (id,date,patient_id,doctor_id) VALUES (1668,'2019-12-06',229,209);
INSERT INTO meds_for_surgery (surgery_id,med) VALUES (1668,'Bortezomib');
INSERT INTO surgery (id,date,patient_id,doctor_id) VALUES (1669,'2019-12-13',53,44);
INSERT INTO meds_for_surgery (surgery_id,med) VALUES (1669,'Diclofenac');
INSERT INTO surgery (id,date,patient_id,doctor_id) VALUES (1670,'2019-12-17',417,19);
INSERT INTO meds_for_surgery (surgery_id,med) VALUES (1670,'Ritonavir');
INSERT INTO surgery (id,date,patient_id,doctor_id) VALUES (1671,'2019-12-22',390,326);
INSERT INTO meds_for_surgery (surgery_id,med) VALUES (1671,'Dronabinol');
INSERT INTO surgery (id,date,patient_id,doctor_id) VALUES (1672,'2019-12-05',262,366);
INSERT INTO meds_for_surgery (surgery_id,med) VALUES (1672,'Calcium');
INSERT INTO surgery (id,date,patient_id,doctor_id) VALUES (1673,'2019-12-02',378,91);
INSERT INTO meds_for_surgery (surgery_id,med) VALUES (1673,'Alendronate');
INSERT INTO surgery (id,date,patient_id,doctor_id) VALUES (1674,'2019-11-29',343,346);
INSERT INTO meds_for_surgery (surgery_id,med) VALUES (1674,'Etoposide');
INSERT INTO surgery (id,date,patient_id,doctor_id) VALUES (1675,'2019-12-05',38,16);
INSERT INTO meds_for_surgery (surgery_id,med) VALUES (1675,'Deferasirox');
INSERT INTO surgery (id,date,patient_id,doctor_id) VALUES (1676,'2019-12-20',253,270);
INSERT INTO meds_for_surgery (surgery_id,med) VALUES (1676,'Metronidazole');
INSERT INTO surgery (id,date,patient_id,doctor_id) VALUES (1677,'2019-12-12',253,16);
INSERT INTO meds_for_surgery (surgery_id,med) VALUES (1677,'Dapsone');
INSERT INTO surgery (id,date,patient_id,doctor_id) VALUES (1678,'2019-12-15',343,210);
INSERT INTO meds_for_surgery (surgery_id,med) VALUES (1678,'Sirolimus');
INSERT INTO surgery (id,date,patient_id,doctor_id) VALUES (1679,'2019-12-19',195,455);
INSERT INTO meds_for_surgery (surgery_id,med) VALUES (1679,'Cisplatin');
INSERT INTO surgery (id,date,patient_id,doctor_id) VALUES (1680,'2019-12-25',398,477);
INSERT INTO meds_for_surgery (surgery_id,med) VALUES (1680,'Amoxicillin');
INSERT INTO surgery (id,date,patient_id,doctor_id) VALUES (1681,'2019-12-05',273,208);
INSERT INTO meds_for_surgery (surgery_id,med) VALUES (1681,'Alendronate');
INSERT INTO surgery (id,date,patient_id,doctor_id) VALUES (1682,'2019-12-07',13,355);
INSERT INTO meds_for_surgery (surgery_id,med) VALUES (1682,'Omeprazole');
INSERT INTO surgery (id,date,patient_id,doctor_id) VALUES (1683,'2019-12-13',371,45);
INSERT INTO meds_for_surgery (surgery_id,med) VALUES (1683,'Immune');
INSERT INTO surgery (id,date,patient_id,doctor_id) VALUES (1684,'2019-12-27',251,247);
INSERT INTO meds_for_surgery (surgery_id,med) VALUES (1684,'Dopamine');
INSERT INTO surgery (id,date,patient_id,doctor_id) VALUES (1685,'2019-12-02',75,61);
INSERT INTO meds_for_surgery (surgery_id,med) VALUES (1685,'Mechlorethamine');
INSERT INTO surgery (id,date,patient_id,doctor_id) VALUES (1686,'2019-12-09',460,278);
INSERT INTO meds_for_surgery (surgery_id,med) VALUES (1686,'Rasburicase');
INSERT INTO surgery (id,date,patient_id,doctor_id) VALUES (1687,'2019-12-01',156,78);
INSERT INTO meds_for_surgery (surgery_id,med) VALUES (1687,'Norepinephrine');
INSERT INTO surgery (id,date,patient_id,doctor_id) VALUES (1688,'2019-11-24',75,91);
INSERT INTO meds_for_surgery (surgery_id,med) VALUES (1688,'Heparin');
INSERT INTO surgery (id,date,patient_id,doctor_id) VALUES (1689,'2019-11-23',70,386);
INSERT INTO meds_for_surgery (surgery_id,med) VALUES (1689,'Muromonab');
INSERT INTO surgery (id,date,patient_id,doctor_id) VALUES (1690,'2019-12-15',83,421);
INSERT INTO meds_for_surgery (surgery_id,med) VALUES (1690,'Famciclovir');
INSERT INTO surgery (id,date,patient_id,doctor_id) VALUES (1691,'2019-12-18',261,228);
INSERT INTO meds_for_surgery (surgery_id,med) VALUES (1691,'Rilpivirine');
INSERT INTO surgery (id,date,patient_id,doctor_id) VALUES (1692,'2019-11-24',388,260);
INSERT INTO meds_for_surgery (surgery_id,med) VALUES (1692,'Probenecid');
INSERT INTO surgery (id,date,patient_id,doctor_id) VALUES (1693,'2019-12-16',33,64);
INSERT INTO meds_for_surgery (surgery_id,med) VALUES (1693,'Gefitinib');
INSERT INTO surgery (id,date,patient_id,doctor_id) VALUES (1694,'2019-12-23',440,327);
INSERT INTO meds_for_surgery (surgery_id,med) VALUES (1694,'Codeine');
INSERT INTO surgery (id,date,patient_id,doctor_id) VALUES (1695,'2019-12-22',233,143);
INSERT INTO meds_for_surgery (surgery_id,med) VALUES (1695,'Vinblastine');
INSERT INTO surgery (id,date,patient_id,doctor_id) VALUES (1696,'2019-12-23',448,396);
INSERT INTO meds_for_surgery (surgery_id,med) VALUES (1696,'Clarithromycin');
INSERT INTO surgery (id,date,patient_id,doctor_id) VALUES (1697,'2019-11-30',63,84);
INSERT INTO meds_for_surgery (surgery_id,med) VALUES (1697,'Dornase alfa');
INSERT INTO surgery (id,date,patient_id,doctor_id) VALUES (1698,'2019-12-10',449,163);
INSERT INTO meds_for_surgery (surgery_id,med) VALUES (1698,'Sucralfate');
INSERT INTO surgery (id,date,patient_id,doctor_id) VALUES (1699,'2019-12-10',80,62);
INSERT INTO meds_for_surgery (surgery_id,med) VALUES (1699,'Thiotepa');
INSERT INTO surgery (id,date,patient_id,doctor_id) VALUES (1700,'2019-12-24',146,179);
INSERT INTO meds_for_surgery (surgery_id,med) VALUES (1700,'Abacavir');
INSERT INTO surgery (id,date,patient_id,doctor_id) VALUES (1701,'2019-11-26',329,216);
INSERT INTO meds_for_surgery (surgery_id,med) VALUES (1701,'L-glutamine');
INSERT INTO surgery (id,date,patient_id,doctor_id) VALUES (1702,'2019-12-07',26,78);
INSERT INTO meds_for_surgery (surgery_id,med) VALUES (1702,'Penicillin');
INSERT INTO surgery (id,date,patient_id,doctor_id) VALUES (1703,'2019-12-09',350,384);
INSERT INTO meds_for_surgery (surgery_id,med) VALUES (1703,'Nevirapine');
INSERT INTO surgery (id,date,patient_id,doctor_id) VALUES (1704,'2019-12-06',139,260);
INSERT INTO meds_for_surgery (surgery_id,med) VALUES (1704,'Atenolol');
INSERT INTO surgery (id,date,patient_id,doctor_id) VALUES (1705,'2019-12-09',43,414);
INSERT INTO meds_for_surgery (surgery_id,med) VALUES (1705,'Topotecan');
INSERT INTO surgery (id,date,patient_id,doctor_id) VALUES (1706,'2019-12-06',498,270);
INSERT INTO meds_for_surgery (surgery_id,med) VALUES (1706,'Carboplatin');
INSERT INTO surgery (id,date,patient_id,doctor_id) VALUES (1707,'2019-12-07',273,145);
INSERT INTO meds_for_surgery (surgery_id,med) VALUES (1707,'Erythromycin');
INSERT INTO surgery (id,date,patient_id,doctor_id) VALUES (1708,'2019-12-14',372,451);
INSERT INTO meds_for_surgery (surgery_id,med) VALUES (1708,'Tenofovir');
INSERT INTO surgery (id,date,patient_id,doctor_id) VALUES (1709,'2019-11-26',450,495);
INSERT INTO meds_for_surgery (surgery_id,med) VALUES (1709,'Amlodipine');
INSERT INTO surgery (id,date,patient_id,doctor_id) VALUES (1710,'2019-12-14',252,238);
INSERT INTO meds_for_surgery (surgery_id,med) VALUES (1710,'Muromonab');
INSERT INTO surgery (id,date,patient_id,doctor_id) VALUES (1711,'2019-11-24',231,117);
INSERT INTO meds_for_surgery (surgery_id,med) VALUES (1711,'Thiotepa');
INSERT INTO surgery (id,date,patient_id,doctor_id) VALUES (1712,'2019-12-26',252,491);
INSERT INTO meds_for_surgery (surgery_id,med) VALUES (1712,'Itraconazole');
INSERT INTO surgery (id,date,patient_id,doctor_id) VALUES (1713,'2019-12-26',137,16);
INSERT INTO meds_for_surgery (surgery_id,med) VALUES (1713,'Calcium');
INSERT INTO surgery (id,date,patient_id,doctor_id) VALUES (1714,'2019-12-23',364,102);
INSERT INTO meds_for_surgery (surgery_id,med) VALUES (1714,'Teniposide');
INSERT INTO surgery (id,date,patient_id,doctor_id) VALUES (1715,'2019-12-12',401,427);
INSERT INTO meds_for_surgery (surgery_id,med) VALUES (1715,'Raltegravir');
INSERT INTO surgery (id,date,patient_id,doctor_id) VALUES (1716,'2019-12-14',372,40);
INSERT INTO meds_for_surgery (surgery_id,med) VALUES (1716,'Ifosfamide');
INSERT INTO surgery (id,date,patient_id,doctor_id) VALUES (1717,'2019-12-08',389,479);
INSERT INTO meds_for_surgery (surgery_id,med) VALUES (1717,'Emtricitabine');
INSERT INTO surgery (id,date,patient_id,doctor_id) VALUES (1718,'2019-11-30',443,66);
INSERT INTO meds_for_surgery (surgery_id,med) VALUES (1718,'Dasatinib');
INSERT INTO surgery (id,date,patient_id,doctor_id) VALUES (1719,'2019-11-23',18,78);
INSERT INTO meds_for_surgery (surgery_id,med) VALUES (1719,'Cladribine');
INSERT INTO surgery (id,date,patient_id,doctor_id) VALUES (1720,'2019-12-15',350,247);
INSERT INTO meds_for_surgery (surgery_id,med) VALUES (1720,'Teniposide');
INSERT INTO surgery (id,date,patient_id,doctor_id) VALUES (1721,'2019-11-26',401,16);
INSERT INTO meds_for_surgery (surgery_id,med) VALUES (1721,'Ranitidine');
INSERT INTO surgery (id,date,patient_id,doctor_id) VALUES (1722,'2019-12-11',6,42);
INSERT INTO meds_for_surgery (surgery_id,med) VALUES (1722,'Acyclovir');
INSERT INTO surgery (id,date,patient_id,doctor_id) VALUES (1723,'2019-12-02',67,376);
INSERT INTO meds_for_surgery (surgery_id,med) VALUES (1723,'Ritonavir');
INSERT INTO surgery (id,date,patient_id,doctor_id) VALUES (1724,'2019-12-16',385,131);
INSERT INTO meds_for_surgery (surgery_id,med) VALUES (1724,'Mechlorethamine');
INSERT INTO surgery (id,date,patient_id,doctor_id) VALUES (1725,'2019-11-30',389,477);
INSERT INTO meds_for_surgery (surgery_id,med) VALUES (1725,'Fludarabine');
INSERT INTO surgery (id,date,patient_id,doctor_id) VALUES (1726,'2019-11-28',448,366);
INSERT INTO meds_for_surgery (surgery_id,med) VALUES (1726,'Valproic acid');
INSERT INTO surgery (id,date,patient_id,doctor_id) VALUES (1727,'2019-12-15',449,422);
INSERT INTO meds_for_surgery (surgery_id,med) VALUES (1727,'Vinblastine');
INSERT INTO surgery (id,date,patient_id,doctor_id) VALUES (1728,'2019-11-28',469,404);
INSERT INTO meds_for_surgery (surgery_id,med) VALUES (1728,'Procarbazine');
INSERT INTO surgery (id,date,patient_id,doctor_id) VALUES (1729,'2019-11-26',450,175);
INSERT INTO meds_for_surgery (surgery_id,med) VALUES (1729,'Hydromorphone');
INSERT INTO surgery (id,date,patient_id,doctor_id) VALUES (1730,'2019-12-17',285,425);
INSERT INTO meds_for_surgery (surgery_id,med) VALUES (1730,'Dexamethasone');
INSERT INTO surgery (id,date,patient_id,doctor_id) VALUES (1731,'2019-12-27',393,125);
INSERT INTO meds_for_surgery (surgery_id,med) VALUES (1731,'Meropenem');
INSERT INTO surgery (id,date,patient_id,doctor_id) VALUES (1732,'2019-12-26',393,414);
INSERT INTO meds_for_surgery (surgery_id,med) VALUES (1732,'Cephalexin');
INSERT INTO surgery (id,date,patient_id,doctor_id) VALUES (1733,'2019-11-24',389,399);
INSERT INTO meds_for_surgery (surgery_id,med) VALUES (1733,'Atazanavir');
INSERT INTO surgery (id,date,patient_id,doctor_id) VALUES (1734,'2019-12-01',493,91);
INSERT INTO meds_for_surgery (surgery_id,med) VALUES (1734,'Imatinib');
INSERT INTO surgery (id,date,patient_id,doctor_id) VALUES (1735,'2019-12-05',262,91);
INSERT INTO meds_for_surgery (surgery_id,med) VALUES (1735,'Enalapril');
INSERT INTO surgery (id,date,patient_id,doctor_id) VALUES (1736,'2019-12-25',360,163);
INSERT INTO meds_for_surgery (surgery_id,med) VALUES (1736,'Amikacin');
INSERT INTO surgery (id,date,patient_id,doctor_id) VALUES (1737,'2019-12-16',469,151);
INSERT INTO meds_for_surgery (surgery_id,med) VALUES (1737,'Paclitaxel');
INSERT INTO surgery (id,date,patient_id,doctor_id) VALUES (1738,'2019-12-21',499,61);
INSERT INTO meds_for_surgery (surgery_id,med) VALUES (1738,'Cytarabine');
INSERT INTO surgery (id,date,patient_id,doctor_id) VALUES (1739,'2019-12-20',188,491);
INSERT INTO meds_for_surgery (surgery_id,med) VALUES (1739,'Meloxicam');
INSERT INTO surgery (id,date,patient_id,doctor_id) VALUES (1740,'2019-12-05',195,404);
INSERT INTO meds_for_surgery (surgery_id,med) VALUES (1740,'Magnesium');
INSERT INTO surgery (id,date,patient_id,doctor_id) VALUES (1741,'2019-12-12',378,300);
INSERT INTO meds_for_surgery (surgery_id,med) VALUES (1741,'Crizotinib');
INSERT INTO surgery (id,date,patient_id,doctor_id) VALUES (1742,'2019-12-05',481,265);
INSERT INTO meds_for_surgery (surgery_id,med) VALUES (1742,'Calcium');
INSERT INTO surgery (id,date,patient_id,doctor_id) VALUES (1743,'2019-12-18',499,270);
INSERT INTO meds_for_surgery (surgery_id,med) VALUES (1743,'Granisetron');
INSERT INTO surgery (id,date,patient_id,doctor_id) VALUES (1744,'2019-12-04',493,421);
INSERT INTO meds_for_surgery (surgery_id,med) VALUES (1744,'Allopurinol');
INSERT INTO surgery (id,date,patient_id,doctor_id) VALUES (1745,'2019-11-30',388,479);
INSERT INTO meds_for_surgery (surgery_id,med) VALUES (1745,'Methylphenidate');
INSERT INTO surgery (id,date,patient_id,doctor_id) VALUES (1746,'2019-12-26',398,112);
INSERT INTO meds_for_surgery (surgery_id,med) VALUES (1746,'Carmustine');
INSERT INTO surgery (id,date,patient_id,doctor_id) VALUES (1747,'2019-12-26',137,300);
INSERT INTO meds_for_surgery (surgery_id,med) VALUES (1747,'Erlotinib');
INSERT INTO surgery (id,date,patient_id,doctor_id) VALUES (1748,'2019-12-12',253,238);
INSERT INTO meds_for_surgery (surgery_id,med) VALUES (1748,'Vincristine');
INSERT INTO surgery (id,date,patient_id,doctor_id) VALUES (1749,'2019-11-28',365,399);
INSERT INTO meds_for_surgery (surgery_id,med) VALUES (1749,'Posaconazole');
INSERT INTO surgery (id,date,patient_id,doctor_id) VALUES (1750,'2019-12-15',230,125);
INSERT INTO meds_for_surgery (surgery_id,med) VALUES (1750,'Hydrocortisone');
INSERT INTO surgery (id,date,patient_id,doctor_id) VALUES (1751,'2019-11-29',426,478);
INSERT INTO meds_for_surgery (surgery_id,med) VALUES (1751,'Metronidazole');
INSERT INTO surgery (id,date,patient_id,doctor_id) VALUES (1752,'2019-12-16',343,42);
INSERT INTO meds_for_surgery (surgery_id,med) VALUES (1752,'Valproic acid');
INSERT INTO surgery (id,date,patient_id,doctor_id) VALUES (1753,'2019-11-27',154,84);
INSERT INTO meds_for_surgery (surgery_id,med) VALUES (1753,'Ceftazidime');
INSERT INTO surgery (id,date,patient_id,doctor_id) VALUES (1754,'2019-12-01',233,42);
INSERT INTO meds_for_surgery (surgery_id,med) VALUES (1754,'Crizotinib');
INSERT INTO surgery (id,date,patient_id,doctor_id) VALUES (1755,'2019-12-13',43,288);
INSERT INTO meds_for_surgery (surgery_id,med) VALUES (1755,'Bleomycin');
INSERT INTO surgery (id,date,patient_id,doctor_id) VALUES (1756,'2019-12-03',43,44);
INSERT INTO meds_for_surgery (surgery_id,med) VALUES (1756,'Rituximab');
INSERT INTO surgery (id,date,patient_id,doctor_id) VALUES (1757,'2019-12-13',83,386);
INSERT INTO meds_for_surgery (surgery_id,med) VALUES (1757,'Methylphenidate');
INSERT INTO surgery (id,date,patient_id,doctor_id) VALUES (1758,'2019-12-05',119,478);
INSERT INTO meds_for_surgery (surgery_id,med) VALUES (1758,'Gefitinib');
INSERT INTO surgery (id,date,patient_id,doctor_id) VALUES (1759,'2019-11-27',398,179);
INSERT INTO meds_for_surgery (surgery_id,med) VALUES (1759,'Carmustine');
INSERT INTO surgery (id,date,patient_id,doctor_id) VALUES (1760,'2019-12-15',469,427);
INSERT INTO meds_for_surgery (surgery_id,med) VALUES (1760,'Oxycodone');
INSERT INTO surgery (id,date,patient_id,doctor_id) VALUES (1761,'2019-12-07',493,247);
INSERT INTO meds_for_surgery (surgery_id,med) VALUES (1761,'Hydroxyurea');
INSERT INTO surgery (id,date,patient_id,doctor_id) VALUES (1762,'2019-12-10',431,478);
INSERT INTO meds_for_surgery (surgery_id,med) VALUES (1762,'Mechlorethamine');
INSERT INTO surgery (id,date,patient_id,doctor_id) VALUES (1763,'2019-12-14',80,346);
INSERT INTO meds_for_surgery (surgery_id,med) VALUES (1763,'Cephalexin');
INSERT INTO surgery (id,date,patient_id,doctor_id) VALUES (1764,'2019-12-08',398,299);
INSERT INTO meds_for_surgery (surgery_id,med) VALUES (1764,'Meperidine');
INSERT INTO surgery (id,date,patient_id,doctor_id) VALUES (1765,'2019-12-25',176,84);
INSERT INTO meds_for_surgery (surgery_id,med) VALUES (1765,'Methadone');
INSERT INTO surgery (id,date,patient_id,doctor_id) VALUES (1766,'2019-12-20',385,288);
INSERT INTO meds_for_surgery (surgery_id,med) VALUES (1766,'Tacrolimus');
INSERT INTO surgery (id,date,patient_id,doctor_id) VALUES (1767,'2019-12-25',6,42);
INSERT INTO meds_for_surgery (surgery_id,med) VALUES (1767,'Carboplatin');
INSERT INTO surgery (id,date,patient_id,doctor_id) VALUES (1768,'2019-12-09',350,7);
INSERT INTO meds_for_surgery (surgery_id,med) VALUES (1768,'Fluconazole');
INSERT INTO surgery (id,date,patient_id,doctor_id) VALUES (1769,'2019-12-08',460,260);
INSERT INTO meds_for_surgery (surgery_id,med) VALUES (1769,'Carmustine');
INSERT INTO surgery (id,date,patient_id,doctor_id) VALUES (1770,'2019-12-01',123,102);
INSERT INTO meds_for_surgery (surgery_id,med) VALUES (1770,'Deferasirox');
INSERT INTO surgery (id,date,patient_id,doctor_id) VALUES (1771,'2019-12-17',285,210);
INSERT INTO meds_for_surgery (surgery_id,med) VALUES (1771,'Carboplatin');
INSERT INTO surgery (id,date,patient_id,doctor_id) VALUES (1772,'2019-12-27',334,216);
INSERT INTO meds_for_surgery (surgery_id,med) VALUES (1772,'Nevirapine');
INSERT INTO surgery (id,date,patient_id,doctor_id) VALUES (1773,'2019-12-07',401,66);
INSERT INTO meds_for_surgery (surgery_id,med) VALUES (1773,'Mitoxantrone');
INSERT INTO surgery (id,date,patient_id,doctor_id) VALUES (1774,'2019-12-18',390,421);
INSERT INTO meds_for_surgery (surgery_id,med) VALUES (1774,'Sunitinib');
INSERT INTO surgery (id,date,patient_id,doctor_id) VALUES (1775,'2019-12-04',75,61);
INSERT INTO meds_for_surgery (surgery_id,med) VALUES (1775,'Fluorouracil');
INSERT INTO surgery (id,date,patient_id,doctor_id) VALUES (1776,'2019-12-09',4,355);
INSERT INTO meds_for_surgery (surgery_id,med) VALUES (1776,'Neuromuscular');
INSERT INTO surgery (id,date,patient_id,doctor_id) VALUES (1777,'2019-12-01',401,62);
INSERT INTO meds_for_surgery (surgery_id,med) VALUES (1777,'Asparaginase');
INSERT INTO surgery (id,date,patient_id,doctor_id) VALUES (1778,'2019-11-28',350,425);
INSERT INTO meds_for_surgery (surgery_id,med) VALUES (1778,'Rilpivirine');
INSERT INTO surgery (id,date,patient_id,doctor_id) VALUES (1779,'2019-12-27',69,216);
INSERT INTO meds_for_surgery (surgery_id,med) VALUES (1779,'Magnesium');
INSERT INTO surgery (id,date,patient_id,doctor_id) VALUES (1780,'2019-12-17',401,386);
INSERT INTO meds_for_surgery (surgery_id,med) VALUES (1780,'Carboplatin');
INSERT INTO surgery (id,date,patient_id,doctor_id) VALUES (1781,'2019-12-19',390,422);
INSERT INTO meds_for_surgery (surgery_id,med) VALUES (1781,'Bosentan');
INSERT INTO surgery (id,date,patient_id,doctor_id) VALUES (1782,'2019-12-04',329,477);
INSERT INTO meds_for_surgery (surgery_id,med) VALUES (1782,'Phenytoin');
INSERT INTO surgery (id,date,patient_id,doctor_id) VALUES (1783,'2019-11-25',67,381);
INSERT INTO meds_for_surgery (surgery_id,med) VALUES (1783,'Phenytoin');
INSERT INTO surgery (id,date,patient_id,doctor_id) VALUES (1784,'2019-11-23',393,210);
INSERT INTO meds_for_surgery (surgery_id,med) VALUES (1784,'Clarithromycin');
INSERT INTO surgery (id,date,patient_id,doctor_id) VALUES (1785,'2019-12-21',470,270);
INSERT INTO meds_for_surgery (surgery_id,med) VALUES (1785,'Valproic acid');
INSERT INTO surgery (id,date,patient_id,doctor_id) VALUES (1786,'2019-12-13',378,346);
INSERT INTO meds_for_surgery (surgery_id,med) VALUES (1786,'Methylphenidate');
INSERT INTO surgery (id,date,patient_id,doctor_id) VALUES (1787,'2019-11-29',273,376);
INSERT INTO meds_for_surgery (surgery_id,med) VALUES (1787,'Oxycodone');
INSERT INTO surgery (id,date,patient_id,doctor_id) VALUES (1788,'2019-11-27',388,376);
INSERT INTO meds_for_surgery (surgery_id,med) VALUES (1788,'Cefuroxime');
INSERT INTO surgery (id,date,patient_id,doctor_id) VALUES (1789,'2019-12-16',139,41);
INSERT INTO meds_for_surgery (surgery_id,med) VALUES (1789,'Carboplatin');
INSERT INTO surgery (id,date,patient_id,doctor_id) VALUES (1790,'2019-12-01',215,175);
INSERT INTO meds_for_surgery (surgery_id,med) VALUES (1790,'PEGaspargase');
INSERT INTO surgery (id,date,patient_id,doctor_id) VALUES (1791,'2019-12-11',364,486);
INSERT INTO meds_for_surgery (surgery_id,med) VALUES (1791,'Voriconazole');
INSERT INTO surgery (id,date,patient_id,doctor_id) VALUES (1792,'2019-12-23',440,427);
INSERT INTO meds_for_surgery (surgery_id,med) VALUES (1792,'Furosemide');
INSERT INTO surgery (id,date,patient_id,doctor_id) VALUES (1793,'2019-11-28',482,486);
INSERT INTO meds_for_surgery (surgery_id,med) VALUES (1793,'Cyclophosphamide');
INSERT INTO surgery (id,date,patient_id,doctor_id) VALUES (1794,'2019-11-27',252,326);
INSERT INTO meds_for_surgery (surgery_id,med) VALUES (1794,'Cefixime');
INSERT INTO surgery (id,date,patient_id,doctor_id) VALUES (1795,'2019-11-26',448,404);
INSERT INTO meds_for_surgery (surgery_id,med) VALUES (1795,'Clarithromycin');
INSERT INTO surgery (id,date,patient_id,doctor_id) VALUES (1796,'2019-12-03',426,404);
INSERT INTO meds_for_surgery (surgery_id,med) VALUES (1796,'Captopril');
INSERT INTO surgery (id,date,patient_id,doctor_id) VALUES (1797,'2019-12-03',230,270);
INSERT INTO meds_for_surgery (surgery_id,med) VALUES (1797,'Amifostine');
INSERT INTO surgery (id,date,patient_id,doctor_id) VALUES (1798,'2019-12-26',242,64);
INSERT INTO meds_for_surgery (surgery_id,med) VALUES (1798,'Tretinoin');
INSERT INTO surgery (id,date,patient_id,doctor_id) VALUES (1799,'2019-11-27',24,270);
INSERT INTO meds_for_surgery (surgery_id,med) VALUES (1799,'Raltegravir');
INSERT INTO surgery (id,date,patient_id,doctor_id) VALUES (1800,'2019-12-16',469,396);
INSERT INTO meds_for_surgery (surgery_id,med) VALUES (1800,'Stavudine');
INSERT INTO surgery (id,date,patient_id,doctor_id) VALUES (1801,'2019-12-16',215,125);
INSERT INTO meds_for_surgery (surgery_id,med) VALUES (1801,'Potassium');
INSERT INTO surgery (id,date,patient_id,doctor_id) VALUES (1802,'2019-12-23',312,129);
INSERT INTO meds_for_surgery (surgery_id,med) VALUES (1802,'Rituximab');
INSERT INTO surgery (id,date,patient_id,doctor_id) VALUES (1803,'2019-12-05',498,163);
INSERT INTO meds_for_surgery (surgery_id,med) VALUES (1803,'Imipenem');
INSERT INTO surgery (id,date,patient_id,doctor_id) VALUES (1804,'2019-12-19',493,327);
INSERT INTO meds_for_surgery (surgery_id,med) VALUES (1804,'Carboplatin');
INSERT INTO surgery (id,date,patient_id,doctor_id) VALUES (1805,'2019-12-13',431,288);
INSERT INTO meds_for_surgery (surgery_id,med) VALUES (1805,'Labetalol');
INSERT INTO surgery (id,date,patient_id,doctor_id) VALUES (1806,'2019-12-21',448,40);
INSERT INTO meds_for_surgery (surgery_id,med) VALUES (1806,'Doxorubicin');
INSERT INTO surgery (id,date,patient_id,doctor_id) VALUES (1807,'2019-12-07',139,486);
INSERT INTO meds_for_surgery (surgery_id,med) VALUES (1807,'Stavudine');
INSERT INTO surgery (id,date,patient_id,doctor_id) VALUES (1808,'2019-12-14',460,78);
INSERT INTO meds_for_surgery (surgery_id,med) VALUES (1808,'Cefuroxime');
INSERT INTO surgery (id,date,patient_id,doctor_id) VALUES (1809,'2019-12-06',139,210);
INSERT INTO meds_for_surgery (surgery_id,med) VALUES (1809,'Dactinomycin');
INSERT INTO surgery (id,date,patient_id,doctor_id) VALUES (1810,'2019-12-25',43,238);
INSERT INTO meds_for_surgery (surgery_id,med) VALUES (1810,'Cladribine');
INSERT INTO surgery (id,date,patient_id,doctor_id) VALUES (1811,'2019-11-26',70,145);
INSERT INTO meds_for_surgery (surgery_id,med) VALUES (1811,'Immune');
INSERT INTO surgery (id,date,patient_id,doctor_id) VALUES (1812,'2019-11-26',215,299);
INSERT INTO meds_for_surgery (surgery_id,med) VALUES (1812,'Tobramycin');
INSERT INTO surgery (id,date,patient_id,doctor_id) VALUES (1813,'2019-12-03',499,41);
INSERT INTO meds_for_surgery (surgery_id,med) VALUES (1813,'Mechlorethamine');
INSERT INTO surgery (id,date,patient_id,doctor_id) VALUES (1814,'2019-12-07',285,159);
INSERT INTO meds_for_surgery (surgery_id,med) VALUES (1814,'Erythromycin');
INSERT INTO surgery (id,date,patient_id,doctor_id) VALUES (1815,'2019-12-11',390,421);
INSERT INTO meds_for_surgery (surgery_id,med) VALUES (1815,'Cyproheptadine');
INSERT INTO surgery (id,date,patient_id,doctor_id) VALUES (1816,'2019-12-24',262,491);
INSERT INTO meds_for_surgery (surgery_id,med) VALUES (1816,'Cladribine');
INSERT INTO surgery (id,date,patient_id,doctor_id) VALUES (1817,'2019-12-25',449,425);
INSERT INTO meds_for_surgery (surgery_id,med) VALUES (1817,'Clofarabine');
INSERT INTO surgery (id,date,patient_id,doctor_id) VALUES (1818,'2019-12-22',26,145);
INSERT INTO meds_for_surgery (surgery_id,med) VALUES (1818,'Hydromorphone');
INSERT INTO surgery (id,date,patient_id,doctor_id) VALUES (1819,'2019-11-27',389,299);
INSERT INTO meds_for_surgery (surgery_id,med) VALUES (1819,'Modafinil');
INSERT INTO surgery (id,date,patient_id,doctor_id) VALUES (1820,'2019-12-05',364,145);
INSERT INTO meds_for_surgery (surgery_id,med) VALUES (1820,'Melphalan');
INSERT INTO surgery (id,date,patient_id,doctor_id) VALUES (1821,'2019-12-18',80,384);
INSERT INTO meds_for_surgery (surgery_id,med) VALUES (1821,'Etonogestrel');
INSERT INTO surgery (id,date,patient_id,doctor_id) VALUES (1822,'2019-12-18',20,265);
INSERT INTO meds_for_surgery (surgery_id,med) VALUES (1822,'Pegfilgrastim');
INSERT INTO surgery (id,date,patient_id,doctor_id) VALUES (1823,'2019-12-03',469,117);
INSERT INTO meds_for_surgery (surgery_id,med) VALUES (1823,'Darunavir');
INSERT INTO surgery (id,date,patient_id,doctor_id) VALUES (1824,'2019-12-14',18,199);
INSERT INTO meds_for_surgery (surgery_id,med) VALUES (1824,'Linezolid');
INSERT INTO surgery (id,date,patient_id,doctor_id) VALUES (1825,'2019-12-07',13,91);
INSERT INTO meds_for_surgery (surgery_id,med) VALUES (1825,'Allopurinol');
INSERT INTO surgery (id,date,patient_id,doctor_id) VALUES (1826,'2019-11-29',372,102);
INSERT INTO meds_for_surgery (surgery_id,med) VALUES (1826,'Cefuroxime');
INSERT INTO surgery (id,date,patient_id,doctor_id) VALUES (1827,'2019-12-05',419,366);
INSERT INTO meds_for_surgery (surgery_id,med) VALUES (1827,'Cephalexin');
INSERT INTO surgery (id,date,patient_id,doctor_id) VALUES (1828,'2019-12-06',18,40);
INSERT INTO meds_for_surgery (surgery_id,med) VALUES (1828,'Maraviroc');
INSERT INTO surgery (id,date,patient_id,doctor_id) VALUES (1829,'2019-12-01',401,427);
INSERT INTO meds_for_surgery (surgery_id,med) VALUES (1829,'Atovaquone');
INSERT INTO surgery (id,date,patient_id,doctor_id) VALUES (1830,'2019-12-22',38,290);
INSERT INTO meds_for_surgery (surgery_id,med) VALUES (1830,'Sugammadex');
INSERT INTO surgery (id,date,patient_id,doctor_id) VALUES (1831,'2019-12-10',33,129);
INSERT INTO meds_for_surgery (surgery_id,med) VALUES (1831,'GM-CSF');
INSERT INTO surgery (id,date,patient_id,doctor_id) VALUES (1832,'2019-11-25',426,260);
INSERT INTO meds_for_surgery (surgery_id,med) VALUES (1832,'Tacrolimus');
INSERT INTO surgery (id,date,patient_id,doctor_id) VALUES (1833,'2019-11-28',261,175);
INSERT INTO meds_for_surgery (surgery_id,med) VALUES (1833,'Neuromuscular');
INSERT INTO surgery (id,date,patient_id,doctor_id) VALUES (1834,'2019-12-11',229,113);
INSERT INTO meds_for_surgery (surgery_id,med) VALUES (1834,'Thioguanine');
INSERT INTO surgery (id,date,patient_id,doctor_id) VALUES (1835,'2019-12-08',70,113);
INSERT INTO meds_for_surgery (surgery_id,med) VALUES (1835,'Nelfinavir');
INSERT INTO surgery (id,date,patient_id,doctor_id) VALUES (1836,'2019-12-25',261,381);
INSERT INTO meds_for_surgery (surgery_id,med) VALUES (1836,'Ganciclovir');
INSERT INTO surgery (id,date,patient_id,doctor_id) VALUES (1837,'2019-11-30',229,455);
INSERT INTO meds_for_surgery (surgery_id,med) VALUES (1837,'Oxycodone');
INSERT INTO surgery (id,date,patient_id,doctor_id) VALUES (1838,'2019-12-14',63,210);
INSERT INTO meds_for_surgery (surgery_id,med) VALUES (1838,'Sunitinib');
INSERT INTO surgery (id,date,patient_id,doctor_id) VALUES (1839,'2019-12-26',24,396);
INSERT INTO meds_for_surgery (surgery_id,med) VALUES (1839,'Dactinomycin');
INSERT INTO surgery (id,date,patient_id,doctor_id) VALUES (1840,'2019-12-12',4,299);
INSERT INTO meds_for_surgery (surgery_id,med) VALUES (1840,'L-glutamine');
INSERT INTO surgery (id,date,patient_id,doctor_id) VALUES (1841,'2019-12-04',26,145);
INSERT INTO meds_for_surgery (surgery_id,med) VALUES (1841,'Dacarbazine');
INSERT INTO surgery (id,date,patient_id,doctor_id) VALUES (1842,'2019-12-20',215,384);
INSERT INTO meds_for_surgery (surgery_id,med) VALUES (1842,'Methylphenidate');
INSERT INTO surgery (id,date,patient_id,doctor_id) VALUES (1843,'2019-12-01',328,455);
INSERT INTO meds_for_surgery (surgery_id,med) VALUES (1843,'Sirolimus');
INSERT INTO surgery (id,date,patient_id,doctor_id) VALUES (1844,'2019-12-27',273,16);
INSERT INTO meds_for_surgery (surgery_id,med) VALUES (1844,'Ketoconazole');
INSERT INTO surgery (id,date,patient_id,doctor_id) VALUES (1845,'2019-12-23',4,16);
INSERT INTO meds_for_surgery (surgery_id,med) VALUES (1845,'Gabapentin');
INSERT INTO surgery (id,date,patient_id,doctor_id) VALUES (1846,'2019-12-14',252,228);
INSERT INTO meds_for_surgery (surgery_id,med) VALUES (1846,'Bosentan');
INSERT INTO surgery (id,date,patient_id,doctor_id) VALUES (1847,'2019-11-26',195,477);
INSERT INTO meds_for_surgery (surgery_id,med) VALUES (1847,'Cladribine');
INSERT INTO surgery (id,date,patient_id,doctor_id) VALUES (1848,'2019-12-01',308,278);
INSERT INTO meds_for_surgery (surgery_id,med) VALUES (1848,'Erlotinib');
INSERT INTO surgery (id,date,patient_id,doctor_id) VALUES (1849,'2019-12-20',469,270);
INSERT INTO meds_for_surgery (surgery_id,med) VALUES (1849,'Leucovorin');
INSERT INTO surgery (id,date,patient_id,doctor_id) VALUES (1850,'2019-12-13',43,40);
INSERT INTO meds_for_surgery (surgery_id,med) VALUES (1850,'Paclitaxel');
INSERT INTO surgery (id,date,patient_id,doctor_id) VALUES (1851,'2019-12-16',440,355);
INSERT INTO meds_for_surgery (surgery_id,med) VALUES (1851,'G-CSF');
INSERT INTO surgery (id,date,patient_id,doctor_id) VALUES (1852,'2019-12-05',372,300);
INSERT INTO meds_for_surgery (surgery_id,med) VALUES (1852,'Modafinil');
INSERT INTO surgery (id,date,patient_id,doctor_id) VALUES (1853,'2019-12-13',266,355);
INSERT INTO meds_for_surgery (surgery_id,med) VALUES (1853,'Dobutamine');
INSERT INTO surgery (id,date,patient_id,doctor_id) VALUES (1854,'2019-12-05',18,44);
INSERT INTO meds_for_surgery (surgery_id,med) VALUES (1854,'PEGaspargase');
INSERT INTO surgery (id,date,patient_id,doctor_id) VALUES (1855,'2019-12-02',389,404);
INSERT INTO meds_for_surgery (surgery_id,med) VALUES (1855,'Imatinib');
INSERT INTO surgery (id,date,patient_id,doctor_id) VALUES (1856,'2019-12-24',400,151);
INSERT INTO meds_for_surgery (surgery_id,med) VALUES (1856,'Amitriptyline');
INSERT INTO surgery (id,date,patient_id,doctor_id) VALUES (1857,'2019-11-24',20,495);
INSERT INTO meds_for_surgery (surgery_id,med) VALUES (1857,'Teniposide');
INSERT INTO surgery (id,date,patient_id,doctor_id) VALUES (1858,'2019-12-20',378,117);
INSERT INTO meds_for_surgery (surgery_id,med) VALUES (1858,'Linezolid');
INSERT INTO surgery (id,date,patient_id,doctor_id) VALUES (1859,'2019-11-27',469,159);
INSERT INTO meds_for_surgery (surgery_id,med) VALUES (1859,'Vincristine');
INSERT INTO surgery (id,date,patient_id,doctor_id) VALUES (1860,'2019-12-24',13,159);
INSERT INTO meds_for_surgery (surgery_id,med) VALUES (1860,'Captopril');
INSERT INTO surgery (id,date,patient_id,doctor_id) VALUES (1861,'2019-12-02',390,404);
INSERT INTO meds_for_surgery (surgery_id,med) VALUES (1861,'Methadone');
INSERT INTO surgery (id,date,patient_id,doctor_id) VALUES (1862,'2019-12-20',431,7);
INSERT INTO meds_for_surgery (surgery_id,med) VALUES (1862,'Promethazine');
INSERT INTO surgery (id,date,patient_id,doctor_id) VALUES (1863,'2019-12-11',86,357);
INSERT INTO meds_for_surgery (surgery_id,med) VALUES (1863,'Cyclobenzaprine');
INSERT INTO surgery (id,date,patient_id,doctor_id) VALUES (1864,'2019-12-15',13,151);
INSERT INTO meds_for_surgery (surgery_id,med) VALUES (1864,'Procarbazine');
INSERT INTO surgery (id,date,patient_id,doctor_id) VALUES (1865,'2019-12-26',86,84);
INSERT INTO meds_for_surgery (surgery_id,med) VALUES (1865,'Meropenem');
INSERT INTO surgery (id,date,patient_id,doctor_id) VALUES (1866,'2019-12-11',364,151);
INSERT INTO meds_for_surgery (surgery_id,med) VALUES (1866,'Pegfilgrastim');
INSERT INTO surgery (id,date,patient_id,doctor_id) VALUES (1867,'2019-12-20',4,45);
INSERT INTO meds_for_surgery (surgery_id,med) VALUES (1867,'Amifostine');
INSERT INTO surgery (id,date,patient_id,doctor_id) VALUES (1868,'2019-12-17',390,265);
INSERT INTO meds_for_surgery (surgery_id,med) VALUES (1868,'Amifostine');
INSERT INTO surgery (id,date,patient_id,doctor_id) VALUES (1869,'2019-11-30',253,256);
INSERT INTO meds_for_surgery (surgery_id,med) VALUES (1869,'Baclofen');
INSERT INTO surgery (id,date,patient_id,doctor_id) VALUES (1870,'2019-12-08',123,159);
INSERT INTO meds_for_surgery (surgery_id,med) VALUES (1870,'Mycophenolate');
INSERT INTO surgery (id,date,patient_id,doctor_id) VALUES (1871,'2019-12-18',469,98);
INSERT INTO meds_for_surgery (surgery_id,med) VALUES (1871,'Omeprazole');
INSERT INTO surgery (id,date,patient_id,doctor_id) VALUES (1872,'2019-12-05',343,163);
INSERT INTO meds_for_surgery (surgery_id,med) VALUES (1872,'Modafinil');
INSERT INTO surgery (id,date,patient_id,doctor_id) VALUES (1873,'2019-11-29',364,91);
INSERT INTO meds_for_surgery (surgery_id,med) VALUES (1873,'Dopamine');
INSERT INTO surgery (id,date,patient_id,doctor_id) VALUES (1874,'2019-12-06',328,386);
INSERT INTO meds_for_surgery (surgery_id,med) VALUES (1874,'Acyclovir');
INSERT INTO surgery (id,date,patient_id,doctor_id) VALUES (1875,'2019-12-23',417,376);
INSERT INTO meds_for_surgery (surgery_id,med) VALUES (1875,'Dapsone');
INSERT INTO surgery (id,date,patient_id,doctor_id) VALUES (1876,'2019-11-24',4,397);
INSERT INTO meds_for_surgery (surgery_id,med) VALUES (1876,'Itraconazole');
INSERT INTO surgery (id,date,patient_id,doctor_id) VALUES (1877,'2019-12-18',273,247);
INSERT INTO meds_for_surgery (surgery_id,med) VALUES (1877,'Cidofovir');
INSERT INTO surgery (id,date,patient_id,doctor_id) VALUES (1878,'2019-12-22',365,290);
INSERT INTO meds_for_surgery (surgery_id,med) VALUES (1878,'Magnesium');
INSERT INTO surgery (id,date,patient_id,doctor_id) VALUES (1879,'2019-12-17',230,228);
INSERT INTO meds_for_surgery (surgery_id,med) VALUES (1879,'Aminocaproic Acid');
INSERT INTO surgery (id,date,patient_id,doctor_id) VALUES (1880,'2019-11-23',188,260);
INSERT INTO meds_for_surgery (surgery_id,med) VALUES (1880,'Emtricitabine');
INSERT INTO surgery (id,date,patient_id,doctor_id) VALUES (1881,'2019-12-02',308,84);
INSERT INTO meds_for_surgery (surgery_id,med) VALUES (1881,'Cyclobenzaprine');
INSERT INTO surgery (id,date,patient_id,doctor_id) VALUES (1882,'2019-12-20',242,366);
INSERT INTO meds_for_surgery (surgery_id,med) VALUES (1882,'Thioguanine');
INSERT INTO surgery (id,date,patient_id,doctor_id) VALUES (1883,'2019-12-16',229,41);
INSERT INTO meds_for_surgery (surgery_id,med) VALUES (1883,'Clarithromycin');
INSERT INTO surgery (id,date,patient_id,doctor_id) VALUES (1884,'2019-12-17',262,129);
INSERT INTO meds_for_surgery (surgery_id,med) VALUES (1884,'Emicizumab');
INSERT INTO surgery (id,date,patient_id,doctor_id) VALUES (1885,'2019-12-05',443,486);
INSERT INTO meds_for_surgery (surgery_id,med) VALUES (1885,'Phosphorus');
INSERT INTO surgery (id,date,patient_id,doctor_id) VALUES (1886,'2019-11-24',440,179);
INSERT INTO meds_for_surgery (surgery_id,med) VALUES (1886,'Omeprazole');
INSERT INTO surgery (id,date,patient_id,doctor_id) VALUES (1887,'2019-11-23',242,397);
INSERT INTO meds_for_surgery (surgery_id,med) VALUES (1887,'Saquinavir');
INSERT INTO surgery (id,date,patient_id,doctor_id) VALUES (1888,'2019-12-01',334,112);
INSERT INTO meds_for_surgery (surgery_id,med) VALUES (1888,'Meperidine');
INSERT INTO surgery (id,date,patient_id,doctor_id) VALUES (1889,'2019-11-23',137,384);
INSERT INTO meds_for_surgery (surgery_id,med) VALUES (1889,'Atenolol');
INSERT INTO surgery (id,date,patient_id,doctor_id) VALUES (1890,'2019-12-08',154,209);
INSERT INTO meds_for_surgery (surgery_id,med) VALUES (1890,'Dactinomycin');
INSERT INTO surgery (id,date,patient_id,doctor_id) VALUES (1891,'2019-12-16',419,355);
INSERT INTO meds_for_surgery (surgery_id,med) VALUES (1891,'Enoxaparin');
INSERT INTO surgery (id,date,patient_id,doctor_id) VALUES (1892,'2019-12-27',334,396);
INSERT INTO meds_for_surgery (surgery_id,med) VALUES (1892,'Ketoconazole');
INSERT INTO surgery (id,date,patient_id,doctor_id) VALUES (1893,'2019-12-08',268,396);
INSERT INTO meds_for_surgery (surgery_id,med) VALUES (1893,'Ruxolitinib');
INSERT INTO surgery (id,date,patient_id,doctor_id) VALUES (1894,'2019-12-25',231,78);
INSERT INTO meds_for_surgery (surgery_id,med) VALUES (1894,'Mercaptopurine');
INSERT INTO surgery (id,date,patient_id,doctor_id) VALUES (1895,'2019-12-10',123,421);
INSERT INTO meds_for_surgery (surgery_id,med) VALUES (1895,'Hydrocodone');
INSERT INTO surgery (id,date,patient_id,doctor_id) VALUES (1896,'2019-12-06',499,145);
INSERT INTO meds_for_surgery (surgery_id,med) VALUES (1896,'Phenytoin');
INSERT INTO surgery (id,date,patient_id,doctor_id) VALUES (1897,'2019-12-08',46,238);
INSERT INTO meds_for_surgery (surgery_id,med) VALUES (1897,'Aprepitant');
INSERT INTO surgery (id,date,patient_id,doctor_id) VALUES (1898,'2019-12-23',13,422);
INSERT INTO meds_for_surgery (surgery_id,med) VALUES (1898,'Ganciclovir');
INSERT INTO surgery (id,date,patient_id,doctor_id) VALUES (1899,'2019-12-17',343,151);
INSERT INTO meds_for_surgery (surgery_id,med) VALUES (1899,'Codeine');
INSERT INTO surgery (id,date,patient_id,doctor_id) VALUES (1900,'2019-12-16',498,384);
INSERT INTO meds_for_surgery (surgery_id,med) VALUES (1900,'Melphalan');
INSERT INTO surgery (id,date,patient_id,doctor_id) VALUES (1901,'2019-12-25',242,478);
INSERT INTO meds_for_surgery (surgery_id,med) VALUES (1901,'Immune');
INSERT INTO surgery (id,date,patient_id,doctor_id) VALUES (1902,'2019-11-28',231,422);
INSERT INTO meds_for_surgery (surgery_id,med) VALUES (1902,'Norepinephrine');
INSERT INTO surgery (id,date,patient_id,doctor_id) VALUES (1903,'2019-12-27',86,455);
INSERT INTO meds_for_surgery (surgery_id,med) VALUES (1903,'Imatinib');
INSERT INTO surgery (id,date,patient_id,doctor_id) VALUES (1904,'2019-11-30',255,327);
INSERT INTO meds_for_surgery (surgery_id,med) VALUES (1904,'Clobazam');
INSERT INTO surgery (id,date,patient_id,doctor_id) VALUES (1905,'2019-12-19',469,163);
INSERT INTO meds_for_surgery (surgery_id,med) VALUES (1905,'Thiotepa');
INSERT INTO surgery (id,date,patient_id,doctor_id) VALUES (1906,'2019-11-29',385,84);
INSERT INTO meds_for_surgery (surgery_id,med) VALUES (1906,'Codeine');
INSERT INTO surgery (id,date,patient_id,doctor_id) VALUES (1907,'2019-12-16',24,113);
INSERT INTO meds_for_surgery (surgery_id,med) VALUES (1907,'Itraconazole');
INSERT INTO surgery (id,date,patient_id,doctor_id) VALUES (1908,'2019-12-06',470,64);
INSERT INTO meds_for_surgery (surgery_id,med) VALUES (1908,'Pentamidine');
INSERT INTO surgery (id,date,patient_id,doctor_id) VALUES (1909,'2019-12-01',493,77);
INSERT INTO meds_for_surgery (surgery_id,med) VALUES (1909,'Pegfilgrastim');
INSERT INTO surgery (id,date,patient_id,doctor_id) VALUES (1910,'2019-11-23',137,216);
INSERT INTO meds_for_surgery (surgery_id,med) VALUES (1910,'Pegfilgrastim');
INSERT INTO surgery (id,date,patient_id,doctor_id) VALUES (1911,'2019-12-19',215,396);
INSERT INTO meds_for_surgery (surgery_id,med) VALUES (1911,'Imipenem');
INSERT INTO surgery (id,date,patient_id,doctor_id) VALUES (1912,'2019-12-21',251,129);
INSERT INTO meds_for_surgery (surgery_id,med) VALUES (1912,'Muromonab');
INSERT INTO surgery (id,date,patient_id,doctor_id) VALUES (1913,'2019-12-02',43,260);
INSERT INTO meds_for_surgery (surgery_id,med) VALUES (1913,'Daunorubicin');
INSERT INTO surgery (id,date,patient_id,doctor_id) VALUES (1914,'2019-12-16',285,265);
INSERT INTO meds_for_surgery (surgery_id,med) VALUES (1914,'Meloxicam');
INSERT INTO surgery (id,date,patient_id,doctor_id) VALUES (1915,'2019-12-20',69,495);
INSERT INTO meds_for_surgery (surgery_id,med) VALUES (1915,'Rivaroxaban');
INSERT INTO surgery (id,date,patient_id,doctor_id) VALUES (1916,'2019-12-05',262,396);
INSERT INTO meds_for_surgery (surgery_id,med) VALUES (1916,'Dasatinib');
INSERT INTO surgery (id,date,patient_id,doctor_id) VALUES (1917,'2019-12-20',188,455);
INSERT INTO meds_for_surgery (surgery_id,med) VALUES (1917,'Azithromycin');
INSERT INTO surgery (id,date,patient_id,doctor_id) VALUES (1918,'2019-11-30',360,326);
INSERT INTO meds_for_surgery (surgery_id,med) VALUES (1918,'Gefitinib');
INSERT INTO surgery (id,date,patient_id,doctor_id) VALUES (1919,'2019-11-29',6,78);
INSERT INTO meds_for_surgery (surgery_id,med) VALUES (1919,'Cyclosporine');
INSERT INTO surgery (id,date,patient_id,doctor_id) VALUES (1920,'2019-12-18',255,42);
INSERT INTO meds_for_surgery (surgery_id,med) VALUES (1920,'Itraconazole');
INSERT INTO surgery (id,date,patient_id,doctor_id) VALUES (1921,'2019-12-19',176,478);
INSERT INTO meds_for_surgery (surgery_id,med) VALUES (1921,'Hydroxyurea');
INSERT INTO surgery (id,date,patient_id,doctor_id) VALUES (1922,'2019-11-24',334,422);
INSERT INTO meds_for_surgery (surgery_id,med) VALUES (1922,'Fluconazole');
INSERT INTO surgery (id,date,patient_id,doctor_id) VALUES (1923,'2019-12-17',266,41);
INSERT INTO meds_for_surgery (surgery_id,med) VALUES (1923,'Abacavir');
INSERT INTO surgery (id,date,patient_id,doctor_id) VALUES (1924,'2019-11-24',18,486);
INSERT INTO meds_for_surgery (surgery_id,med) VALUES (1924,'Cefepime');
INSERT INTO surgery (id,date,patient_id,doctor_id) VALUES (1925,'2019-12-16',83,300);
INSERT INTO meds_for_surgery (surgery_id,med) VALUES (1925,'Captopril');
INSERT INTO surgery (id,date,patient_id,doctor_id) VALUES (1926,'2019-12-18',450,421);
INSERT INTO meds_for_surgery (surgery_id,med) VALUES (1926,'Carmustine');
INSERT INTO surgery (id,date,patient_id,doctor_id) VALUES (1927,'2019-12-11',343,455);
INSERT INTO meds_for_surgery (surgery_id,med) VALUES (1927,'Cyclosporine');
INSERT INTO surgery (id,date,patient_id,doctor_id) VALUES (1928,'2019-11-27',470,131);
INSERT INTO meds_for_surgery (surgery_id,med) VALUES (1928,'Dactinomycin');
INSERT INTO surgery (id,date,patient_id,doctor_id) VALUES (1929,'2019-12-06',80,386);
INSERT INTO meds_for_surgery (surgery_id,med) VALUES (1929,'Bleomycin');
INSERT INTO surgery (id,date,patient_id,doctor_id) VALUES (1930,'2019-12-23',252,451);
INSERT INTO meds_for_surgery (surgery_id,med) VALUES (1930,'Pentamidine');
INSERT INTO surgery (id,date,patient_id,doctor_id) VALUES (1931,'2019-11-29',365,61);
INSERT INTO meds_for_surgery (surgery_id,med) VALUES (1931,'Imatinib');
INSERT INTO surgery (id,date,patient_id,doctor_id) VALUES (1932,'2019-12-26',398,84);
INSERT INTO meds_for_surgery (surgery_id,med) VALUES (1932,'Tretinoin');
INSERT INTO surgery (id,date,patient_id,doctor_id) VALUES (1933,'2019-12-03',46,210);
INSERT INTO meds_for_surgery (surgery_id,med) VALUES (1933,'Itraconazole');
INSERT INTO surgery (id,date,patient_id,doctor_id) VALUES (1934,'2019-12-21',137,270);
INSERT INTO meds_for_surgery (surgery_id,med) VALUES (1934,'Busulfan');
INSERT INTO surgery (id,date,patient_id,doctor_id) VALUES (1935,'2019-11-28',20,112);
INSERT INTO meds_for_surgery (surgery_id,med) VALUES (1935,'G-CSF');
INSERT INTO surgery (id,date,patient_id,doctor_id) VALUES (1936,'2019-12-25',188,452);
INSERT INTO meds_for_surgery (surgery_id,med) VALUES (1936,'Lomustine');
INSERT INTO surgery (id,date,patient_id,doctor_id) VALUES (1937,'2019-12-15',233,145);
INSERT INTO meds_for_surgery (surgery_id,med) VALUES (1937,'Rivaroxaban');
INSERT INTO surgery (id,date,patient_id,doctor_id) VALUES (1938,'2019-12-08',63,199);
INSERT INTO meds_for_surgery (surgery_id,med) VALUES (1938,'Isotretinoin');
INSERT INTO surgery (id,date,patient_id,doctor_id) VALUES (1939,'2019-12-27',137,260);
INSERT INTO meds_for_surgery (surgery_id,med) VALUES (1939,'Atovaquone');
INSERT INTO surgery (id,date,patient_id,doctor_id) VALUES (1940,'2019-12-05',343,265);
INSERT INTO meds_for_surgery (surgery_id,med) VALUES (1940,'Lamivudine');
INSERT INTO surgery (id,date,patient_id,doctor_id) VALUES (1941,'2019-11-23',285,78);
INSERT INTO meds_for_surgery (surgery_id,med) VALUES (1941,'Gemcitabine');
INSERT INTO surgery (id,date,patient_id,doctor_id) VALUES (1942,'2019-12-26',231,179);
INSERT INTO meds_for_surgery (surgery_id,med) VALUES (1942,'Famciclovir');
INSERT INTO surgery (id,date,patient_id,doctor_id) VALUES (1943,'2019-12-23',18,62);
INSERT INTO meds_for_surgery (surgery_id,med) VALUES (1943,'Dacarbazine');
INSERT INTO surgery (id,date,patient_id,doctor_id) VALUES (1944,'2019-12-05',83,113);
INSERT INTO meds_for_surgery (surgery_id,med) VALUES (1944,'Acyclovir');
INSERT INTO surgery (id,date,patient_id,doctor_id) VALUES (1945,'2019-12-15',372,175);
INSERT INTO meds_for_surgery (surgery_id,med) VALUES (1945,'Baclofen');
INSERT INTO surgery (id,date,patient_id,doctor_id) VALUES (1946,'2019-12-03',329,175);
INSERT INTO meds_for_surgery (surgery_id,med) VALUES (1946,'Methadone');
INSERT INTO surgery (id,date,patient_id,doctor_id) VALUES (1947,'2019-11-30',13,425);
INSERT INTO meds_for_surgery (surgery_id,med) VALUES (1947,'Erlotinib');
INSERT INTO surgery (id,date,patient_id,doctor_id) VALUES (1948,'2019-12-13',482,386);
INSERT INTO meds_for_surgery (surgery_id,med) VALUES (1948,'Promethazine');
INSERT INTO surgery (id,date,patient_id,doctor_id) VALUES (1949,'2019-12-24',18,7);
INSERT INTO meds_for_surgery (surgery_id,med) VALUES (1949,'Megestrol acetate');
INSERT INTO surgery (id,date,patient_id,doctor_id) VALUES (1950,'2019-12-20',350,112);
INSERT INTO meds_for_surgery (surgery_id,med) VALUES (1950,'Desmopressin');
INSERT INTO surgery (id,date,patient_id,doctor_id) VALUES (1951,'2019-11-26',24,129);
INSERT INTO meds_for_surgery (surgery_id,med) VALUES (1951,'Rivaroxaban');
INSERT INTO surgery (id,date,patient_id,doctor_id) VALUES (1952,'2019-12-16',460,129);
INSERT INTO meds_for_surgery (surgery_id,med) VALUES (1952,'GM-CSF');
INSERT INTO surgery (id,date,patient_id,doctor_id) VALUES (1953,'2019-12-26',398,452);
INSERT INTO meds_for_surgery (surgery_id,med) VALUES (1953,'Interferon');
INSERT INTO surgery (id,date,patient_id,doctor_id) VALUES (1954,'2019-12-18',20,77);
INSERT INTO meds_for_surgery (surgery_id,med) VALUES (1954,'Mercaptopurine');
INSERT INTO surgery (id,date,patient_id,doctor_id) VALUES (1955,'2019-12-24',469,414);
INSERT INTO meds_for_surgery (surgery_id,med) VALUES (1955,'Ketoconazole');
INSERT INTO surgery (id,date,patient_id,doctor_id) VALUES (1956,'2019-12-19',268,425);
INSERT INTO meds_for_surgery (surgery_id,med) VALUES (1956,'Cyclophosphamide');
INSERT INTO surgery (id,date,patient_id,doctor_id) VALUES (1957,'2019-12-11',4,228);
INSERT INTO meds_for_surgery (surgery_id,med) VALUES (1957,'Gemtuzumab');
INSERT INTO surgery (id,date,patient_id,doctor_id) VALUES (1958,'2019-12-23',329,427);
INSERT INTO meds_for_surgery (surgery_id,med) VALUES (1958,'Efavirenz');
INSERT INTO surgery (id,date,patient_id,doctor_id) VALUES (1959,'2019-12-23',360,454);
INSERT INTO meds_for_surgery (surgery_id,med) VALUES (1959,'Ondansetron');
INSERT INTO surgery (id,date,patient_id,doctor_id) VALUES (1960,'2019-12-25',334,145);
INSERT INTO meds_for_surgery (surgery_id,med) VALUES (1960,'Linezolid');
INSERT INTO surgery (id,date,patient_id,doctor_id) VALUES (1961,'2019-12-06',365,145);
INSERT INTO meds_for_surgery (surgery_id,med) VALUES (1961,'Rilpivirine');
INSERT INTO surgery (id,date,patient_id,doctor_id) VALUES (1962,'2019-12-19',70,355);
INSERT INTO meds_for_surgery (surgery_id,med) VALUES (1962,'Lamivudine');
INSERT INTO surgery (id,date,patient_id,doctor_id) VALUES (1963,'2019-12-11',312,163);
INSERT INTO meds_for_surgery (surgery_id,med) VALUES (1963,'Famciclovir');
INSERT INTO surgery (id,date,patient_id,doctor_id) VALUES (1964,'2019-11-23',470,238);
INSERT INTO meds_for_surgery (surgery_id,med) VALUES (1964,'L-glutamine');
INSERT INTO surgery (id,date,patient_id,doctor_id) VALUES (1965,'2019-12-02',176,479);
INSERT INTO meds_for_surgery (surgery_id,med) VALUES (1965,'Amikacin');
INSERT INTO surgery (id,date,patient_id,doctor_id) VALUES (1966,'2019-12-22',119,44);
INSERT INTO meds_for_surgery (surgery_id,med) VALUES (1966,'Interferon');
INSERT INTO surgery (id,date,patient_id,doctor_id) VALUES (1967,'2019-12-12',52,62);
INSERT INTO meds_for_surgery (surgery_id,med) VALUES (1967,'Carbamazepine');
INSERT INTO surgery (id,date,patient_id,doctor_id) VALUES (1968,'2019-12-22',308,117);
INSERT INTO meds_for_surgery (surgery_id,med) VALUES (1968,'Nevirapine');
INSERT INTO surgery (id,date,patient_id,doctor_id) VALUES (1969,'2019-12-14',393,396);
INSERT INTO meds_for_surgery (surgery_id,med) VALUES (1969,'Hydromorphone');
INSERT INTO surgery (id,date,patient_id,doctor_id) VALUES (1970,'2019-12-07',4,113);
INSERT INTO meds_for_surgery (surgery_id,med) VALUES (1970,'Celecoxib');
INSERT INTO surgery (id,date,patient_id,doctor_id) VALUES (1971,'2019-11-25',52,397);
INSERT INTO meds_for_surgery (surgery_id,med) VALUES (1971,'Cefaclor');
INSERT INTO surgery (id,date,patient_id,doctor_id) VALUES (1972,'2019-12-23',251,478);
INSERT INTO meds_for_surgery (surgery_id,med) VALUES (1972,'Trimethoprim');
INSERT INTO surgery (id,date,patient_id,doctor_id) VALUES (1973,'2019-12-06',119,61);
INSERT INTO meds_for_surgery (surgery_id,med) VALUES (1973,'Cyclophosphamide');
INSERT INTO surgery (id,date,patient_id,doctor_id) VALUES (1974,'2019-12-02',6,61);
INSERT INTO meds_for_surgery (surgery_id,med) VALUES (1974,'Deferasirox');
INSERT INTO surgery (id,date,patient_id,doctor_id) VALUES (1975,'2019-12-01',38,386);
INSERT INTO meds_for_surgery (surgery_id,med) VALUES (1975,'Morphine');
INSERT INTO surgery (id,date,patient_id,doctor_id) VALUES (1976,'2019-12-27',329,486);
INSERT INTO meds_for_surgery (surgery_id,med) VALUES (1976,'Tobramycin');
INSERT INTO surgery (id,date,patient_id,doctor_id) VALUES (1977,'2019-11-23',388,299);
INSERT INTO meds_for_surgery (surgery_id,med) VALUES (1977,'G-CSF');
INSERT INTO surgery (id,date,patient_id,doctor_id) VALUES (1978,'2019-11-23',188,216);
INSERT INTO meds_for_surgery (surgery_id,med) VALUES (1978,'Rilpivirine');
INSERT INTO surgery (id,date,patient_id,doctor_id) VALUES (1979,'2019-12-09',20,77);
INSERT INTO meds_for_surgery (surgery_id,med) VALUES (1979,'Cyclosporine');
INSERT INTO surgery (id,date,patient_id,doctor_id) VALUES (1980,'2019-12-23',137,381);
INSERT INTO meds_for_surgery (surgery_id,med) VALUES (1980,'Pemetrexed');
INSERT INTO surgery (id,date,patient_id,doctor_id) VALUES (1981,'2019-12-01',419,42);
INSERT INTO meds_for_surgery (surgery_id,med) VALUES (1981,'Foscarnet');
INSERT INTO surgery (id,date,patient_id,doctor_id) VALUES (1982,'2019-12-05',388,270);
INSERT INTO meds_for_surgery (surgery_id,med) VALUES (1982,'Clarithromycin');
INSERT INTO surgery (id,date,patient_id,doctor_id) VALUES (1983,'2019-11-30',188,64);
INSERT INTO meds_for_surgery (surgery_id,med) VALUES (1983,'Mercaptopurine');
INSERT INTO surgery (id,date,patient_id,doctor_id) VALUES (1984,'2019-12-12',360,61);
INSERT INTO meds_for_surgery (surgery_id,med) VALUES (1984,'Teniposide');
INSERT INTO surgery (id,date,patient_id,doctor_id) VALUES (1985,'2019-12-19',449,396);
INSERT INTO meds_for_surgery (surgery_id,med) VALUES (1985,'Granisetron');
INSERT INTO surgery (id,date,patient_id,doctor_id) VALUES (1986,'2019-12-13',419,247);
INSERT INTO meds_for_surgery (surgery_id,med) VALUES (1986,'Crizotinib');
INSERT INTO surgery (id,date,patient_id,doctor_id) VALUES (1987,'2019-12-14',335,151);
INSERT INTO meds_for_surgery (surgery_id,med) VALUES (1987,'Atazanavir');
INSERT INTO surgery (id,date,patient_id,doctor_id) VALUES (1988,'2019-12-19',329,256);
INSERT INTO meds_for_surgery (surgery_id,med) VALUES (1988,'Busulfan');
INSERT INTO surgery (id,date,patient_id,doctor_id) VALUES (1989,'2019-12-09',75,397);
INSERT INTO meds_for_surgery (surgery_id,med) VALUES (1989,'Dactinomycin');
INSERT INTO surgery (id,date,patient_id,doctor_id) VALUES (1990,'2019-12-24',176,357);
INSERT INTO meds_for_surgery (surgery_id,med) VALUES (1990,'Cyclosporine');
INSERT INTO surgery (id,date,patient_id,doctor_id) VALUES (1991,'2019-12-05',53,216);
INSERT INTO meds_for_surgery (surgery_id,med) VALUES (1991,'Thiotepa');
INSERT INTO surgery (id,date,patient_id,doctor_id) VALUES (1992,'2019-12-12',431,41);
INSERT INTO meds_for_surgery (surgery_id,med) VALUES (1992,'Enalapril');
INSERT INTO surgery (id,date,patient_id,doctor_id) VALUES (1993,'2019-12-21',231,396);
INSERT INTO meds_for_surgery (surgery_id,med) VALUES (1993,'Abacavir');
INSERT INTO surgery (id,date,patient_id,doctor_id) VALUES (1994,'2019-12-14',385,381);
INSERT INTO meds_for_surgery (surgery_id,med) VALUES (1994,'Cladribine');
INSERT INTO surgery (id,date,patient_id,doctor_id) VALUES (1995,'2019-12-22',38,265);
INSERT INTO meds_for_surgery (surgery_id,med) VALUES (1995,'Prednisone');
INSERT INTO surgery (id,date,patient_id,doctor_id) VALUES (1996,'2019-12-02',13,143);
INSERT INTO meds_for_surgery (surgery_id,med) VALUES (1996,'Cephalexin');
INSERT INTO surgery (id,date,patient_id,doctor_id) VALUES (1997,'2019-12-16',251,491);
INSERT INTO meds_for_surgery (surgery_id,med) VALUES (1997,'Celecoxib');
INSERT INTO surgery (id,date,patient_id,doctor_id) VALUES (1998,'2019-12-14',83,479);
INSERT INTO meds_for_surgery (surgery_id,med) VALUES (1998,'Mesna');
INSERT INTO surgery (id,date,patient_id,doctor_id) VALUES (1999,'2019-12-10',364,425);
INSERT INTO meds_for_surgery (surgery_id,med) VALUES (1999,'Meperidine');
INSERT INTO surgery (id,date,patient_id,doctor_id) VALUES (2000,'2019-11-23',308,477);
INSERT INTO meds_for_surgery (surgery_id,med) VALUES (2000,'Prednisone');
INSERT INTO surgery (id,date,patient_id,doctor_id) VALUES (2001,'2019-12-11',261,300);
INSERT INTO meds_for_surgery (surgery_id,med) VALUES (2001,'Immune');
INSERT INTO surgery (id,date,patient_id,doctor_id) VALUES (2002,'2019-11-25',450,256);
INSERT INTO meds_for_surgery (surgery_id,med) VALUES (2002,'Cefepime');
INSERT INTO surgery (id,date,patient_id,doctor_id) VALUES (2003,'2019-12-20',266,129);
INSERT INTO meds_for_surgery (surgery_id,med) VALUES (2003,'Mercaptopurine');
INSERT INTO surgery (id,date,patient_id,doctor_id) VALUES (2004,'2019-12-03',482,396);
INSERT INTO meds_for_surgery (surgery_id,med) VALUES (2004,'Levothyroxine');
INSERT INTO surgery (id,date,patient_id,doctor_id) VALUES (2005,'2019-12-04',229,425);
INSERT INTO meds_for_surgery (surgery_id,med) VALUES (2005,'Metronidazole');
INSERT INTO surgery (id,date,patient_id,doctor_id) VALUES (2006,'2019-12-14',251,486);
INSERT INTO meds_for_surgery (surgery_id,med) VALUES (2006,'Prednisone');
INSERT INTO surgery (id,date,patient_id,doctor_id) VALUES (2007,'2019-11-26',139,260);
INSERT INTO meds_for_surgery (surgery_id,med) VALUES (2007,'Azithromycin');
INSERT INTO surgery (id,date,patient_id,doctor_id) VALUES (2008,'2019-12-13',75,40);
INSERT INTO meds_for_surgery (surgery_id,med) VALUES (2008,'Cisplatin');
INSERT INTO surgery (id,date,patient_id,doctor_id) VALUES (2009,'2019-11-23',448,397);
INSERT INTO meds_for_surgery (surgery_id,med) VALUES (2009,'Interleukin');
INSERT INTO surgery (id,date,patient_id,doctor_id) VALUES (2010,'2019-11-28',4,454);
INSERT INTO meds_for_surgery (surgery_id,med) VALUES (2010,'Dornase alfa');
INSERT INTO surgery (id,date,patient_id,doctor_id) VALUES (2011,'2019-12-14',364,143);
INSERT INTO meds_for_surgery (surgery_id,med) VALUES (2011,'Etonogestrel');
INSERT INTO surgery (id,date,patient_id,doctor_id) VALUES (2012,'2019-12-15',69,478);
INSERT INTO meds_for_surgery (surgery_id,med) VALUES (2012,'Clobazam');
INSERT INTO surgery (id,date,patient_id,doctor_id) VALUES (2013,'2019-12-24',388,265);
INSERT INTO meds_for_surgery (surgery_id,med) VALUES (2013,'Abacavir');
INSERT INTO surgery (id,date,patient_id,doctor_id) VALUES (2014,'2019-12-12',252,199);
INSERT INTO meds_for_surgery (surgery_id,med) VALUES (2014,'Gabapentin');
INSERT INTO surgery (id,date,patient_id,doctor_id) VALUES (2015,'2019-12-06',498,278);
INSERT INTO meds_for_surgery (surgery_id,med) VALUES (2015,'Alemtuzumab');
INSERT INTO surgery (id,date,patient_id,doctor_id) VALUES (2016,'2019-12-13',393,455);
INSERT INTO meds_for_surgery (surgery_id,med) VALUES (2016,'Doxorubicin');
INSERT INTO surgery (id,date,patient_id,doctor_id) VALUES (2017,'2019-11-26',123,265);
INSERT INTO meds_for_surgery (surgery_id,med) VALUES (2017,'Hydrocodone');
INSERT INTO surgery (id,date,patient_id,doctor_id) VALUES (2018,'2019-12-26',233,265);
INSERT INTO meds_for_surgery (surgery_id,med) VALUES (2018,'Hydrocodone');
INSERT INTO surgery (id,date,patient_id,doctor_id) VALUES (2019,'2019-12-23',24,396);
INSERT INTO meds_for_surgery (surgery_id,med) VALUES (2019,'Dornase alfa');
INSERT INTO surgery (id,date,patient_id,doctor_id) VALUES (2020,'2019-11-26',266,129);
INSERT INTO meds_for_surgery (surgery_id,med) VALUES (2020,'Leucovorin');
INSERT INTO surgery (id,date,patient_id,doctor_id) VALUES (2021,'2019-12-03',231,256);
INSERT INTO meds_for_surgery (surgery_id,med) VALUES (2021,'Hydrocortisone');
INSERT INTO surgery (id,date,patient_id,doctor_id) VALUES (2022,'2019-11-30',119,131);
INSERT INTO meds_for_surgery (surgery_id,med) VALUES (2022,'Sugammadex');
INSERT INTO surgery (id,date,patient_id,doctor_id) VALUES (2023,'2019-12-19',154,366);
INSERT INTO meds_for_surgery (surgery_id,med) VALUES (2023,'Alemtuzumab');
INSERT INTO surgery (id,date,patient_id,doctor_id) VALUES (2024,'2019-12-27',75,112);
INSERT INTO meds_for_surgery (surgery_id,med) VALUES (2024,'Cisplatin');
INSERT INTO surgery (id,date,patient_id,doctor_id) VALUES (2025,'2019-12-07',52,145);
INSERT INTO meds_for_surgery (surgery_id,med) VALUES (2025,'Cladribine');
INSERT INTO surgery (id,date,patient_id,doctor_id) VALUES (2026,'2019-12-16',426,265);
INSERT INTO meds_for_surgery (surgery_id,med) VALUES (2026,'Imipenem');
INSERT INTO surgery (id,date,patient_id,doctor_id) VALUES (2027,'2019-12-09',448,357);
INSERT INTO meds_for_surgery (surgery_id,med) VALUES (2027,'Amlodipine');
INSERT INTO surgery (id,date,patient_id,doctor_id) VALUES (2028,'2019-12-27',233,208);
INSERT INTO meds_for_surgery (surgery_id,med) VALUES (2028,'Bortezomib');
INSERT INTO surgery (id,date,patient_id,doctor_id) VALUES (2029,'2019-12-13',13,425);
INSERT INTO meds_for_surgery (surgery_id,med) VALUES (2029,'Stavudine');
INSERT INTO surgery (id,date,patient_id,doctor_id) VALUES (2030,'2019-12-04',43,84);
INSERT INTO meds_for_surgery (surgery_id,med) VALUES (2030,'Allopurinol');
INSERT INTO surgery (id,date,patient_id,doctor_id) VALUES (2031,'2019-12-23',261,384);
INSERT INTO meds_for_surgery (surgery_id,med) VALUES (2031,'Pegfilgrastim');
INSERT INTO surgery (id,date,patient_id,doctor_id) VALUES (2032,'2019-12-22',426,381);
INSERT INTO meds_for_surgery (surgery_id,med) VALUES (2032,'Etoposide');
INSERT INTO surgery (id,date,patient_id,doctor_id) VALUES (2033,'2019-12-10',146,346);
INSERT INTO meds_for_surgery (surgery_id,med) VALUES (2033,'G-CSF');
INSERT INTO surgery (id,date,patient_id,doctor_id) VALUES (2034,'2019-12-08',268,159);
INSERT INTO meds_for_surgery (surgery_id,med) VALUES (2034,'Meloxicam');
INSERT INTO surgery (id,date,patient_id,doctor_id) VALUES (2035,'2019-11-25',393,143);
INSERT INTO meds_for_surgery (surgery_id,med) VALUES (2035,'Sirolimus');
INSERT INTO surgery (id,date,patient_id,doctor_id) VALUES (2036,'2019-12-19',24,209);
INSERT INTO meds_for_surgery (surgery_id,med) VALUES (2036,'Neuromuscular');
INSERT INTO surgery (id,date,patient_id,doctor_id) VALUES (2037,'2019-12-07',230,175);
INSERT INTO meds_for_surgery (surgery_id,med) VALUES (2037,'Asparaginase');
INSERT INTO surgery (id,date,patient_id,doctor_id) VALUES (2038,'2019-12-13',195,299);
INSERT INTO meds_for_surgery (surgery_id,med) VALUES (2038,'Mitotane');
INSERT INTO surgery (id,date,patient_id,doctor_id) VALUES (2039,'2019-12-12',20,404);
INSERT INTO meds_for_surgery (surgery_id,med) VALUES (2039,'Atenolol');
INSERT INTO surgery (id,date,patient_id,doctor_id) VALUES (2040,'2019-12-26',86,422);
INSERT INTO meds_for_surgery (surgery_id,med) VALUES (2040,'Baclofen');
INSERT INTO surgery (id,date,patient_id,doctor_id) VALUES (2041,'2019-12-08',233,376);
INSERT INTO meds_for_surgery (surgery_id,med) VALUES (2041,'Magnesium');
INSERT INTO surgery (id,date,patient_id,doctor_id) VALUES (2042,'2019-12-08',493,19);
INSERT INTO meds_for_surgery (surgery_id,med) VALUES (2042,'Captopril');
INSERT INTO surgery (id,date,patient_id,doctor_id) VALUES (2043,'2019-12-16',440,238);
INSERT INTO meds_for_surgery (surgery_id,med) VALUES (2043,'Cyclosporine');
INSERT INTO surgery (id,date,patient_id,doctor_id) VALUES (2044,'2019-12-13',312,288);
INSERT INTO meds_for_surgery (surgery_id,med) VALUES (2044,'Cephalexin');
INSERT INTO surgery (id,date,patient_id,doctor_id) VALUES (2045,'2019-12-15',360,228);
INSERT INTO meds_for_surgery (surgery_id,med) VALUES (2045,'Dasatinib');
INSERT INTO surgery (id,date,patient_id,doctor_id) VALUES (2046,'2019-12-23',67,159);
INSERT INTO meds_for_surgery (surgery_id,med) VALUES (2046,'Cyclobenzaprine');
INSERT INTO surgery (id,date,patient_id,doctor_id) VALUES (2047,'2019-11-26',146,131);
INSERT INTO meds_for_surgery (surgery_id,med) VALUES (2047,'Teniposide');
INSERT INTO surgery (id,date,patient_id,doctor_id) VALUES (2048,'2019-12-14',229,216);
INSERT INTO meds_for_surgery (surgery_id,med) VALUES (2048,'Dinutuximab');
INSERT INTO surgery (id,date,patient_id,doctor_id) VALUES (2049,'2019-12-24',498,44);
INSERT INTO meds_for_surgery (surgery_id,med) VALUES (2049,'Dobutamine');
INSERT INTO surgery (id,date,patient_id,doctor_id) VALUES (2050,'2019-12-18',371,355);
INSERT INTO meds_for_surgery (surgery_id,med) VALUES (2050,'Atovaquone');
INSERT INTO surgery (id,date,patient_id,doctor_id) VALUES (2051,'2019-12-16',119,151);
INSERT INTO meds_for_surgery (surgery_id,med) VALUES (2051,'Cidofovir');
INSERT INTO surgery (id,date,patient_id,doctor_id) VALUES (2052,'2019-12-03',389,346);
INSERT INTO meds_for_surgery (surgery_id,med) VALUES (2052,'Thiotepa');
INSERT INTO surgery (id,date,patient_id,doctor_id) VALUES (2053,'2019-12-14',86,247);
INSERT INTO meds_for_surgery (surgery_id,med) VALUES (2053,'Lomustine');
INSERT INTO surgery (id,date,patient_id,doctor_id) VALUES (2054,'2019-12-14',450,414);
INSERT INTO meds_for_surgery (surgery_id,med) VALUES (2054,'Melphalan');
INSERT INTO surgery (id,date,patient_id,doctor_id) VALUES (2055,'2019-12-19',419,66);
INSERT INTO meds_for_surgery (surgery_id,med) VALUES (2055,'Ritonavir');
INSERT INTO surgery (id,date,patient_id,doctor_id) VALUES (2056,'2019-12-26',70,45);
INSERT INTO meds_for_surgery (surgery_id,med) VALUES (2056,'Magnesium');
INSERT INTO surgery (id,date,patient_id,doctor_id) VALUES (2057,'2019-12-10',70,288);
INSERT INTO meds_for_surgery (surgery_id,med) VALUES (2057,'Captopril');
INSERT INTO surgery (id,date,patient_id,doctor_id) VALUES (2058,'2019-12-10',450,98);
INSERT INTO meds_for_surgery (surgery_id,med) VALUES (2058,'Erythromycin');
INSERT INTO surgery (id,date,patient_id,doctor_id) VALUES (2059,'2019-12-25',195,357);
INSERT INTO meds_for_surgery (surgery_id,med) VALUES (2059,'Etravirine');
INSERT INTO surgery (id,date,patient_id,doctor_id) VALUES (2060,'2019-12-13',398,478);
INSERT INTO meds_for_surgery (surgery_id,med) VALUES (2060,'Bosentan');
INSERT INTO surgery (id,date,patient_id,doctor_id) VALUES (2061,'2019-12-03',231,45);
INSERT INTO meds_for_surgery (surgery_id,med) VALUES (2061,'Etonogestrel');
INSERT INTO surgery (id,date,patient_id,doctor_id) VALUES (2062,'2019-11-27',253,113);
INSERT INTO meds_for_surgery (surgery_id,med) VALUES (2062,'Tobramycin');
INSERT INTO surgery (id,date,patient_id,doctor_id) VALUES (2063,'2019-12-18',137,486);
INSERT INTO meds_for_surgery (surgery_id,med) VALUES (2063,'Lamivudine');
INSERT INTO surgery (id,date,patient_id,doctor_id) VALUES (2064,'2019-12-14',470,357);
INSERT INTO meds_for_surgery (surgery_id,med) VALUES (2064,'Dopamine');
INSERT INTO surgery (id,date,patient_id,doctor_id) VALUES (2065,'2019-12-12',192,454);
INSERT INTO meds_for_surgery (surgery_id,med) VALUES (2065,'Mitoxantrone');
INSERT INTO surgery (id,date,patient_id,doctor_id) VALUES (2066,'2019-12-10',364,45);
INSERT INTO meds_for_surgery (surgery_id,med) VALUES (2066,'Bortezomib');
INSERT INTO surgery (id,date,patient_id,doctor_id) VALUES (2067,'2019-11-24',440,452);
INSERT INTO meds_for_surgery (surgery_id,med) VALUES (2067,'Meperidine');
INSERT INTO surgery (id,date,patient_id,doctor_id) VALUES (2068,'2019-12-25',378,404);
INSERT INTO meds_for_surgery (surgery_id,med) VALUES (2068,'Phenytoin');
INSERT INTO surgery (id,date,patient_id,doctor_id) VALUES (2069,'2019-12-10',6,199);
INSERT INTO meds_for_surgery (surgery_id,med) VALUES (2069,'Diclofenac');
INSERT INTO surgery (id,date,patient_id,doctor_id) VALUES (2070,'2019-12-06',365,159);
INSERT INTO meds_for_surgery (surgery_id,med) VALUES (2070,'Amoxicillin');
INSERT INTO surgery (id,date,patient_id,doctor_id) VALUES (2071,'2019-12-21',350,288);
INSERT INTO meds_for_surgery (surgery_id,med) VALUES (2071,'Darunavir');
INSERT INTO surgery (id,date,patient_id,doctor_id) VALUES (2072,'2019-11-30',231,384);
INSERT INTO meds_for_surgery (surgery_id,med) VALUES (2072,'Ifosfamide');
INSERT INTO surgery (id,date,patient_id,doctor_id) VALUES (2073,'2019-12-01',400,143);
INSERT INTO meds_for_surgery (surgery_id,med) VALUES (2073,'Calcium');
INSERT INTO surgery (id,date,patient_id,doctor_id) VALUES (2074,'2019-12-15',255,129);
INSERT INTO meds_for_surgery (surgery_id,med) VALUES (2074,'Desmopressin');
INSERT INTO surgery (id,date,patient_id,doctor_id) VALUES (2075,'2019-12-09',80,288);
INSERT INTO meds_for_surgery (surgery_id,med) VALUES (2075,'Darunavir');
INSERT INTO surgery (id,date,patient_id,doctor_id) VALUES (2076,'2019-12-26',389,278);
INSERT INTO meds_for_surgery (surgery_id,med) VALUES (2076,'Cyclophosphamide');
INSERT INTO surgery (id,date,patient_id,doctor_id) VALUES (2077,'2019-12-10',499,452);
INSERT INTO meds_for_surgery (surgery_id,med) VALUES (2077,'Procarbazine');
INSERT INTO surgery (id,date,patient_id,doctor_id) VALUES (2078,'2019-12-25',398,256);
INSERT INTO meds_for_surgery (surgery_id,med) VALUES (2078,'Dornase alfa');
INSERT INTO surgery (id,date,patient_id,doctor_id) VALUES (2079,'2019-12-24',67,326);
INSERT INTO meds_for_surgery (surgery_id,med) VALUES (2079,'Cefuroxime');
INSERT INTO surgery (id,date,patient_id,doctor_id) VALUES (2080,'2019-12-26',75,299);
INSERT INTO meds_for_surgery (surgery_id,med) VALUES (2080,'Emtricitabine');
INSERT INTO surgery (id,date,patient_id,doctor_id) VALUES (2081,'2019-12-23',215,491);
INSERT INTO meds_for_surgery (surgery_id,med) VALUES (2081,'Aprepitant');
INSERT INTO surgery (id,date,patient_id,doctor_id) VALUES (2082,'2019-12-24',252,16);
INSERT INTO meds_for_surgery (surgery_id,med) VALUES (2082,'Allopurinol');
INSERT INTO surgery (id,date,patient_id,doctor_id) VALUES (2083,'2019-12-14',481,113);
INSERT INTO meds_for_surgery (surgery_id,med) VALUES (2083,'Baclofen');
INSERT INTO surgery (id,date,patient_id,doctor_id) VALUES (2084,'2019-12-10',242,396);
INSERT INTO meds_for_surgery (surgery_id,med) VALUES (2084,'Alemtuzumab');
INSERT INTO surgery (id,date,patient_id,doctor_id) VALUES (2085,'2019-12-11',70,16);
INSERT INTO meds_for_surgery (surgery_id,med) VALUES (2085,'Teniposide');
INSERT INTO surgery (id,date,patient_id,doctor_id) VALUES (2086,'2019-12-08',4,396);
INSERT INTO meds_for_surgery (surgery_id,med) VALUES (2086,'Linezolid');
INSERT INTO surgery (id,date,patient_id,doctor_id) VALUES (2087,'2019-11-30',262,40);
INSERT INTO meds_for_surgery (surgery_id,med) VALUES (2087,'Amitriptyline');
INSERT INTO surgery (id,date,patient_id,doctor_id) VALUES (2088,'2019-11-30',176,326);
INSERT INTO meds_for_surgery (surgery_id,med) VALUES (2088,'Etoposide');
INSERT INTO surgery (id,date,patient_id,doctor_id) VALUES (2089,'2019-12-16',388,260);
INSERT INTO meds_for_surgery (surgery_id,med) VALUES (2089,'Lorazepam');
INSERT INTO surgery (id,date,patient_id,doctor_id) VALUES (2090,'2019-12-05',38,477);
INSERT INTO meds_for_surgery (surgery_id,med) VALUES (2090,'Fludarabine');
INSERT INTO surgery (id,date,patient_id,doctor_id) VALUES (2091,'2019-12-23',176,477);
INSERT INTO meds_for_surgery (surgery_id,med) VALUES (2091,'Leucovorin');
INSERT INTO surgery (id,date,patient_id,doctor_id) VALUES (2092,'2019-12-15',53,40);
INSERT INTO meds_for_surgery (surgery_id,med) VALUES (2092,'GM-CSF');
INSERT INTO surgery (id,date,patient_id,doctor_id) VALUES (2093,'2019-12-08',38,125);
INSERT INTO meds_for_surgery (surgery_id,med) VALUES (2093,'Bortezomib');
INSERT INTO surgery (id,date,patient_id,doctor_id) VALUES (2094,'2019-12-12',137,129);
INSERT INTO meds_for_surgery (surgery_id,med) VALUES (2094,'Dacarbazine');
INSERT INTO surgery (id,date,patient_id,doctor_id) VALUES (2095,'2019-12-25',470,44);
INSERT INTO meds_for_surgery (surgery_id,med) VALUES (2095,'Oxycodone');
INSERT INTO surgery (id,date,patient_id,doctor_id) VALUES (2096,'2019-12-03',273,163);
INSERT INTO meds_for_surgery (surgery_id,med) VALUES (2096,'Amitriptyline');
INSERT INTO surgery (id,date,patient_id,doctor_id) VALUES (2097,'2019-12-18',261,208);
INSERT INTO meds_for_surgery (surgery_id,med) VALUES (2097,'Cefaclor');
INSERT INTO surgery (id,date,patient_id,doctor_id) VALUES (2098,'2019-12-10',400,62);
INSERT INTO meds_for_surgery (surgery_id,med) VALUES (2098,'Lorazepam');
INSERT INTO surgery (id,date,patient_id,doctor_id) VALUES (2099,'2019-12-19',192,397);
INSERT INTO meds_for_surgery (surgery_id,med) VALUES (2099,'Cyclosporine');
INSERT INTO surgery (id,date,patient_id,doctor_id) VALUES (2100,'2019-11-30',419,78);
INSERT INTO meds_for_surgery (surgery_id,med) VALUES (2100,'Ondansetron');
INSERT INTO surgery (id,date,patient_id,doctor_id) VALUES (2101,'2019-12-03',343,151);
INSERT INTO meds_for_surgery (surgery_id,med) VALUES (2101,'Gemtuzumab');
INSERT INTO surgery (id,date,patient_id,doctor_id) VALUES (2102,'2019-12-11',75,41);
INSERT INTO meds_for_surgery (surgery_id,med) VALUES (2102,'Calcium');
INSERT INTO surgery (id,date,patient_id,doctor_id) VALUES (2103,'2019-12-19',139,151);
INSERT INTO meds_for_surgery (surgery_id,med) VALUES (2103,'Rivaroxaban');
INSERT INTO surgery (id,date,patient_id,doctor_id) VALUES (2104,'2019-12-09',329,451);
INSERT INTO meds_for_surgery (surgery_id,med) VALUES (2104,'Alendronate');
INSERT INTO surgery (id,date,patient_id,doctor_id) VALUES (2105,'2019-12-25',419,247);
INSERT INTO meds_for_surgery (surgery_id,med) VALUES (2105,'Atazanavir');
INSERT INTO surgery (id,date,patient_id,doctor_id) VALUES (2106,'2019-11-29',350,451);
INSERT INTO meds_for_surgery (surgery_id,med) VALUES (2106,'Clarithromycin');
INSERT INTO surgery (id,date,patient_id,doctor_id) VALUES (2107,'2019-12-17',176,208);
INSERT INTO meds_for_surgery (surgery_id,med) VALUES (2107,'Baclofen');
INSERT INTO surgery (id,date,patient_id,doctor_id) VALUES (2108,'2019-12-09',450,299);
INSERT INTO meds_for_surgery (surgery_id,med) VALUES (2108,'Cefuroxime');
INSERT INTO surgery (id,date,patient_id,doctor_id) VALUES (2109,'2019-12-09',242,452);
INSERT INTO meds_for_surgery (surgery_id,med) VALUES (2109,'Omeprazole');
INSERT INTO surgery (id,date,patient_id,doctor_id) VALUES (2110,'2019-12-23',481,455);
INSERT INTO meds_for_surgery (surgery_id,med) VALUES (2110,'Desmopressin');
INSERT INTO surgery (id,date,patient_id,doctor_id) VALUES (2111,'2019-12-10',400,117);
INSERT INTO meds_for_surgery (surgery_id,med) VALUES (2111,'Omeprazole');
INSERT INTO surgery (id,date,patient_id,doctor_id) VALUES (2112,'2019-12-03',242,208);
INSERT INTO meds_for_surgery (surgery_id,med) VALUES (2112,'Lomustine');
INSERT INTO surgery (id,date,patient_id,doctor_id) VALUES (2113,'2019-12-23',334,479);
INSERT INTO meds_for_surgery (surgery_id,med) VALUES (2113,'Erythromycin');
INSERT INTO surgery (id,date,patient_id,doctor_id) VALUES (2114,'2019-12-16',229,256);
INSERT INTO meds_for_surgery (surgery_id,med) VALUES (2114,'Thioguanine');
INSERT INTO surgery (id,date,patient_id,doctor_id) VALUES (2115,'2019-12-18',440,62);
INSERT INTO meds_for_surgery (surgery_id,med) VALUES (2115,'Methotrexate');
INSERT INTO surgery (id,date,patient_id,doctor_id) VALUES (2116,'2019-12-25',460,125);
INSERT INTO meds_for_surgery (surgery_id,med) VALUES (2116,'Vorinostat');
INSERT INTO surgery (id,date,patient_id,doctor_id) VALUES (2117,'2019-12-19',329,495);
INSERT INTO meds_for_surgery (surgery_id,med) VALUES (2117,'Temozolomide');
INSERT INTO surgery (id,date,patient_id,doctor_id) VALUES (2118,'2019-12-16',266,327);
INSERT INTO meds_for_surgery (surgery_id,med) VALUES (2118,'Cisplatin');
INSERT INTO surgery (id,date,patient_id,doctor_id) VALUES (2119,'2019-12-02',86,414);
INSERT INTO meds_for_surgery (surgery_id,med) VALUES (2119,'Cefuroxime');
INSERT INTO surgery (id,date,patient_id,doctor_id) VALUES (2120,'2019-12-16',449,91);
INSERT INTO meds_for_surgery (surgery_id,med) VALUES (2120,'Elvitegravir');
INSERT INTO surgery (id,date,patient_id,doctor_id) VALUES (2121,'2019-12-05',146,256);
INSERT INTO meds_for_surgery (surgery_id,med) VALUES (2121,'Acyclovir');
INSERT INTO surgery (id,date,patient_id,doctor_id) VALUES (2122,'2019-12-22',83,427);
INSERT INTO meds_for_surgery (surgery_id,med) VALUES (2122,'Raltegravir');
INSERT INTO surgery (id,date,patient_id,doctor_id) VALUES (2123,'2019-12-24',389,117);
INSERT INTO meds_for_surgery (surgery_id,med) VALUES (2123,'Clarithromycin');
INSERT INTO surgery (id,date,patient_id,doctor_id) VALUES (2124,'2019-12-14',67,270);
INSERT INTO meds_for_surgery (surgery_id,med) VALUES (2124,'Clindamycin');
INSERT INTO surgery (id,date,patient_id,doctor_id) VALUES (2125,'2019-11-25',450,179);
INSERT INTO meds_for_surgery (surgery_id,med) VALUES (2125,'Dactinomycin');
INSERT INTO surgery (id,date,patient_id,doctor_id) VALUES (2126,'2019-12-14',230,216);
INSERT INTO meds_for_surgery (surgery_id,med) VALUES (2126,'Clindamycin');
INSERT INTO surgery (id,date,patient_id,doctor_id) VALUES (2127,'2019-12-15',312,131);
INSERT INTO meds_for_surgery (surgery_id,med) VALUES (2127,'Granisetron');
INSERT INTO surgery (id,date,patient_id,doctor_id) VALUES (2128,'2019-12-20',417,78);
INSERT INTO meds_for_surgery (surgery_id,med) VALUES (2128,'Rivaroxaban');
INSERT INTO surgery (id,date,patient_id,doctor_id) VALUES (2129,'2019-11-24',24,40);
INSERT INTO meds_for_surgery (surgery_id,med) VALUES (2129,'Saquinavir');
INSERT INTO surgery (id,date,patient_id,doctor_id) VALUES (2130,'2019-12-22',195,386);
INSERT INTO meds_for_surgery (surgery_id,med) VALUES (2130,'G-CSF');
INSERT INTO surgery (id,date,patient_id,doctor_id) VALUES (2131,'2019-12-11',470,256);
INSERT INTO meds_for_surgery (surgery_id,med) VALUES (2131,'Cyproheptadine');
INSERT INTO surgery (id,date,patient_id,doctor_id) VALUES (2132,'2019-12-05',470,42);
INSERT INTO meds_for_surgery (surgery_id,med) VALUES (2132,'Stavudine');
INSERT INTO surgery (id,date,patient_id,doctor_id) VALUES (2133,'2019-12-26',449,78);
INSERT INTO meds_for_surgery (surgery_id,med) VALUES (2133,'Ritonavir');
INSERT INTO surgery (id,date,patient_id,doctor_id) VALUES (2134,'2019-12-01',268,112);
INSERT INTO meds_for_surgery (surgery_id,med) VALUES (2134,'Ranitidine');
INSERT INTO surgery (id,date,patient_id,doctor_id) VALUES (2135,'2019-11-27',146,414);
INSERT INTO meds_for_surgery (surgery_id,med) VALUES (2135,'Allopurinol');
INSERT INTO surgery (id,date,patient_id,doctor_id) VALUES (2136,'2019-12-22',431,7);
INSERT INTO meds_for_surgery (surgery_id,med) VALUES (2136,'Topotecan');
INSERT INTO surgery (id,date,patient_id,doctor_id) VALUES (2137,'2019-12-15',398,355);
INSERT INTO meds_for_surgery (surgery_id,med) VALUES (2137,'Daunorubicin');
INSERT INTO surgery (id,date,patient_id,doctor_id) VALUES (2138,'2019-12-11',450,143);
INSERT INTO meds_for_surgery (surgery_id,med) VALUES (2138,'Mitoxantrone');
INSERT INTO surgery (id,date,patient_id,doctor_id) VALUES (2139,'2019-12-24',52,125);
INSERT INTO meds_for_surgery (surgery_id,med) VALUES (2139,'Cytarabine');
INSERT INTO surgery (id,date,patient_id,doctor_id) VALUES (2140,'2019-12-13',364,117);
INSERT INTO meds_for_surgery (surgery_id,med) VALUES (2140,'Ganciclovir');
INSERT INTO surgery (id,date,patient_id,doctor_id) VALUES (2141,'2019-11-25',195,355);
INSERT INTO meds_for_surgery (surgery_id,med) VALUES (2141,'Neuromuscular');
INSERT INTO surgery (id,date,patient_id,doctor_id) VALUES (2142,'2019-12-17',470,159);
INSERT INTO meds_for_surgery (surgery_id,med) VALUES (2142,'Hydromorphone');
INSERT INTO surgery (id,date,patient_id,doctor_id) VALUES (2143,'2019-12-19',334,7);
INSERT INTO meds_for_surgery (surgery_id,med) VALUES (2143,'Dinutuximab');
INSERT INTO surgery (id,date,patient_id,doctor_id) VALUES (2144,'2019-11-28',360,479);
INSERT INTO meds_for_surgery (surgery_id,med) VALUES (2144,'Tretinoin');
INSERT INTO surgery (id,date,patient_id,doctor_id) VALUES (2145,'2019-11-26',231,19);
INSERT INTO meds_for_surgery (surgery_id,med) VALUES (2145,'Saquinavir');
INSERT INTO surgery (id,date,patient_id,doctor_id) VALUES (2146,'2019-12-15',6,42);
INSERT INTO meds_for_surgery (surgery_id,med) VALUES (2146,'Paclitaxel');
INSERT INTO surgery (id,date,patient_id,doctor_id) VALUES (2147,'2019-12-09',389,427);
INSERT INTO meds_for_surgery (surgery_id,med) VALUES (2147,'Didanosine');
INSERT INTO surgery (id,date,patient_id,doctor_id) VALUES (2148,'2019-11-27',365,163);
INSERT INTO meds_for_surgery (surgery_id,med) VALUES (2148,'Mycophenolate');
INSERT INTO surgery (id,date,patient_id,doctor_id) VALUES (2149,'2019-11-29',431,62);
INSERT INTO meds_for_surgery (surgery_id,med) VALUES (2149,'Amikacin');
INSERT INTO surgery (id,date,patient_id,doctor_id) VALUES (2150,'2019-12-23',4,199);
INSERT INTO meds_for_surgery (surgery_id,med) VALUES (2150,'Imipenem');
INSERT INTO surgery (id,date,patient_id,doctor_id) VALUES (2151,'2019-11-28',419,112);
INSERT INTO meds_for_surgery (surgery_id,med) VALUES (2151,'Tacrolimus');
INSERT INTO surgery (id,date,patient_id,doctor_id) VALUES (2152,'2019-12-06',67,40);
INSERT INTO meds_for_surgery (surgery_id,med) VALUES (2152,'Etonogestrel');
INSERT INTO surgery (id,date,patient_id,doctor_id) VALUES (2153,'2019-12-24',63,288);
INSERT INTO meds_for_surgery (surgery_id,med) VALUES (2153,'Probenecid');
INSERT INTO surgery (id,date,patient_id,doctor_id) VALUES (2154,'2019-12-17',440,145);
INSERT INTO meds_for_surgery (surgery_id,med) VALUES (2154,'Dornase alfa');
INSERT INTO surgery (id,date,patient_id,doctor_id) VALUES (2155,'2019-12-10',261,247);
INSERT INTO meds_for_surgery (surgery_id,med) VALUES (2155,'Oxycodone');
INSERT INTO surgery (id,date,patient_id,doctor_id) VALUES (2156,'2019-11-24',389,210);
INSERT INTO meds_for_surgery (surgery_id,med) VALUES (2156,'Mitoxantrone');
INSERT INTO surgery (id,date,patient_id,doctor_id) VALUES (2157,'2019-12-01',146,41);
INSERT INTO meds_for_surgery (surgery_id,med) VALUES (2157,'Asparaginase');
INSERT INTO surgery (id,date,patient_id,doctor_id) VALUES (2158,'2019-12-07',86,381);
INSERT INTO meds_for_surgery (surgery_id,med) VALUES (2158,'Magnesium');
INSERT INTO surgery (id,date,patient_id,doctor_id) VALUES (2159,'2019-12-07',176,131);
INSERT INTO meds_for_surgery (surgery_id,med) VALUES (2159,'Etoposide');
INSERT INTO surgery (id,date,patient_id,doctor_id) VALUES (2160,'2019-12-20',252,479);
INSERT INTO meds_for_surgery (surgery_id,med) VALUES (2160,'Cladribine');
INSERT INTO surgery (id,date,patient_id,doctor_id) VALUES (2161,'2019-12-05',233,300);
INSERT INTO meds_for_surgery (surgery_id,med) VALUES (2161,'GM-CSF');
INSERT INTO surgery (id,date,patient_id,doctor_id) VALUES (2162,'2019-12-13',43,256);
INSERT INTO meds_for_surgery (surgery_id,med) VALUES (2162,'Phenytoin');
INSERT INTO surgery (id,date,patient_id,doctor_id) VALUES (2163,'2019-12-15',176,179);
INSERT INTO meds_for_surgery (surgery_id,med) VALUES (2163,'Thiotepa');
INSERT INTO surgery (id,date,patient_id,doctor_id) VALUES (2164,'2019-12-07',350,163);
INSERT INTO meds_for_surgery (surgery_id,med) VALUES (2164,'Etoposide');
INSERT INTO surgery (id,date,patient_id,doctor_id) VALUES (2165,'2019-12-27',266,455);
INSERT INTO meds_for_surgery (surgery_id,med) VALUES (2165,'Cyclosporine');
INSERT INTO surgery (id,date,patient_id,doctor_id) VALUES (2166,'2019-12-24',18,455);
INSERT INTO meds_for_surgery (surgery_id,med) VALUES (2166,'Heparin');
INSERT INTO surgery (id,date,patient_id,doctor_id) VALUES (2167,'2019-11-27',426,477);
INSERT INTO meds_for_surgery (surgery_id,med) VALUES (2167,'Erythromycin');
INSERT INTO surgery (id,date,patient_id,doctor_id) VALUES (2168,'2019-12-15',334,179);
INSERT INTO meds_for_surgery (surgery_id,med) VALUES (2168,'Labetalol');
INSERT INTO surgery (id,date,patient_id,doctor_id) VALUES (2169,'2019-12-27',426,143);
INSERT INTO meds_for_surgery (surgery_id,med) VALUES (2169,'Amikacin');
INSERT INTO surgery (id,date,patient_id,doctor_id) VALUES (2170,'2019-12-05',176,77);
INSERT INTO meds_for_surgery (surgery_id,med) VALUES (2170,'Captopril');
INSERT INTO surgery (id,date,patient_id,doctor_id) VALUES (2171,'2019-12-24',426,145);
INSERT INTO meds_for_surgery (surgery_id,med) VALUES (2171,'L-glutamine');
INSERT INTO surgery (id,date,patient_id,doctor_id) VALUES (2172,'2019-11-27',493,326);
INSERT INTO meds_for_surgery (surgery_id,med) VALUES (2172,'Mesna');
INSERT INTO surgery (id,date,patient_id,doctor_id) VALUES (2173,'2019-12-17',192,129);
INSERT INTO meds_for_surgery (surgery_id,med) VALUES (2173,'Methylphenidate');
INSERT INTO surgery (id,date,patient_id,doctor_id) VALUES (2174,'2019-12-19',26,256);
INSERT INTO meds_for_surgery (surgery_id,med) VALUES (2174,'Lomustine');
INSERT INTO surgery (id,date,patient_id,doctor_id) VALUES (2175,'2019-11-23',460,41);
INSERT INTO meds_for_surgery (surgery_id,med) VALUES (2175,'Allopurinol');
INSERT INTO surgery (id,date,patient_id,doctor_id) VALUES (2176,'2019-12-24',262,64);
INSERT INTO meds_for_surgery (surgery_id,med) VALUES (2176,'Etravirine');
INSERT INTO surgery (id,date,patient_id,doctor_id) VALUES (2177,'2019-12-12',86,427);
INSERT INTO meds_for_surgery (surgery_id,med) VALUES (2177,'Ketoconazole');
INSERT INTO surgery (id,date,patient_id,doctor_id) VALUES (2178,'2019-12-03',335,260);
INSERT INTO meds_for_surgery (surgery_id,med) VALUES (2178,'Ganciclovir');
INSERT INTO surgery (id,date,patient_id,doctor_id) VALUES (2179,'2019-12-03',123,209);
INSERT INTO meds_for_surgery (surgery_id,med) VALUES (2179,'Sirolimus');
INSERT INTO surgery (id,date,patient_id,doctor_id) VALUES (2180,'2019-12-14',242,210);
INSERT INTO meds_for_surgery (surgery_id,med) VALUES (2180,'Trimethoprim');
INSERT INTO surgery (id,date,patient_id,doctor_id) VALUES (2181,'2019-12-03',242,199);
INSERT INTO meds_for_surgery (surgery_id,med) VALUES (2181,'Efavirenz');
INSERT INTO surgery (id,date,patient_id,doctor_id) VALUES (2182,'2019-12-01',440,238);
INSERT INTO meds_for_surgery (surgery_id,med) VALUES (2182,'Phosphorus');
INSERT INTO surgery (id,date,patient_id,doctor_id) VALUES (2183,'2019-12-16',229,163);
INSERT INTO meds_for_surgery (surgery_id,med) VALUES (2183,'Valproic acid');
INSERT INTO surgery (id,date,patient_id,doctor_id) VALUES (2184,'2019-12-22',262,278);
INSERT INTO meds_for_surgery (surgery_id,med) VALUES (2184,'Megestrol acetate');
INSERT INTO surgery (id,date,patient_id,doctor_id) VALUES (2185,'2019-12-19',139,40);
INSERT INTO meds_for_surgery (surgery_id,med) VALUES (2185,'Atenolol');
INSERT INTO surgery (id,date,patient_id,doctor_id) VALUES (2186,'2019-12-06',4,199);
INSERT INTO meds_for_surgery (surgery_id,med) VALUES (2186,'Hydrocodone');
INSERT INTO surgery (id,date,patient_id,doctor_id) VALUES (2187,'2019-11-25',43,366);
INSERT INTO meds_for_surgery (surgery_id,med) VALUES (2187,'Hydrocortisone');
INSERT INTO surgery (id,date,patient_id,doctor_id) VALUES (2188,'2019-11-29',75,117);
INSERT INTO meds_for_surgery (surgery_id,med) VALUES (2188,'Mitoxantrone');
INSERT INTO surgery (id,date,patient_id,doctor_id) VALUES (2189,'2019-12-03',46,64);
INSERT INTO meds_for_surgery (surgery_id,med) VALUES (2189,'Atenolol');
INSERT INTO surgery (id,date,patient_id,doctor_id) VALUES (2190,'2019-11-26',242,163);
INSERT INTO meds_for_surgery (surgery_id,med) VALUES (2190,'Ondansetron');
INSERT INTO surgery (id,date,patient_id,doctor_id) VALUES (2191,'2019-12-26',6,151);
INSERT INTO meds_for_surgery (surgery_id,med) VALUES (2191,'Dobutamine');
INSERT INTO surgery (id,date,patient_id,doctor_id) VALUES (2192,'2019-11-30',268,327);
INSERT INTO meds_for_surgery (surgery_id,med) VALUES (2192,'Bortezomib');
INSERT INTO surgery (id,date,patient_id,doctor_id) VALUES (2193,'2019-12-15',52,299);
INSERT INTO meds_for_surgery (surgery_id,med) VALUES (2193,'Rivaroxaban');
INSERT INTO surgery (id,date,patient_id,doctor_id) VALUES (2194,'2019-12-22',482,425);
INSERT INTO meds_for_surgery (surgery_id,med) VALUES (2194,'Temozolomide');
INSERT INTO surgery (id,date,patient_id,doctor_id) VALUES (2195,'2019-12-05',360,396);
INSERT INTO meds_for_surgery (surgery_id,med) VALUES (2195,'Omeprazole');
INSERT INTO surgery (id,date,patient_id,doctor_id) VALUES (2196,'2019-12-15',312,125);
INSERT INTO meds_for_surgery (surgery_id,med) VALUES (2196,'Etonogestrel');
INSERT INTO surgery (id,date,patient_id,doctor_id) VALUES (2197,'2019-12-26',46,210);
INSERT INTO meds_for_surgery (surgery_id,med) VALUES (2197,'Efavirenz');
INSERT INTO surgery (id,date,patient_id,doctor_id) VALUES (2198,'2019-12-05',419,414);
INSERT INTO meds_for_surgery (surgery_id,med) VALUES (2198,'Ceftazidime');
INSERT INTO surgery (id,date,patient_id,doctor_id) VALUES (2199,'2019-11-27',498,238);
INSERT INTO meds_for_surgery (surgery_id,med) VALUES (2199,'Leucovorin');
INSERT INTO surgery (id,date,patient_id,doctor_id) VALUES (2200,'2019-12-08',252,216);
INSERT INTO meds_for_surgery (surgery_id,med) VALUES (2200,'Probenecid');
INSERT INTO surgery (id,date,patient_id,doctor_id) VALUES (2201,'2019-12-04',390,125);
INSERT INTO meds_for_surgery (surgery_id,med) VALUES (2201,'Morphine');
INSERT INTO surgery (id,date,patient_id,doctor_id) VALUES (2202,'2019-11-23',4,290);
INSERT INTO meds_for_surgery (surgery_id,med) VALUES (2202,'Phenytoin');
INSERT INTO surgery (id,date,patient_id,doctor_id) VALUES (2203,'2019-12-15',251,299);
INSERT INTO meds_for_surgery (surgery_id,med) VALUES (2203,'Labetalol');
INSERT INTO surgery (id,date,patient_id,doctor_id) VALUES (2204,'2019-12-10',251,300);
INSERT INTO meds_for_surgery (surgery_id,med) VALUES (2204,'Maraviroc');
INSERT INTO surgery (id,date,patient_id,doctor_id) VALUES (2205,'2019-11-26',312,209);
INSERT INTO meds_for_surgery (surgery_id,med) VALUES (2205,'Omeprazole');
INSERT INTO surgery (id,date,patient_id,doctor_id) VALUES (2206,'2019-11-30',154,61);
INSERT INTO meds_for_surgery (surgery_id,med) VALUES (2206,'Amoxicillin');
INSERT INTO surgery (id,date,patient_id,doctor_id) VALUES (2207,'2019-11-27',43,260);
INSERT INTO meds_for_surgery (surgery_id,med) VALUES (2207,'Emtricitabine');
INSERT INTO surgery (id,date,patient_id,doctor_id) VALUES (2208,'2019-12-21',253,327);
INSERT INTO meds_for_surgery (surgery_id,med) VALUES (2208,'Bleomycin');
INSERT INTO surgery (id,date,patient_id,doctor_id) VALUES (2209,'2019-11-29',335,346);
INSERT INTO meds_for_surgery (surgery_id,med) VALUES (2209,'Valproic acid');
INSERT INTO surgery (id,date,patient_id,doctor_id) VALUES (2210,'2019-12-22',388,478);
INSERT INTO meds_for_surgery (surgery_id,med) VALUES (2210,'Alemtuzumab');
INSERT INTO surgery (id,date,patient_id,doctor_id) VALUES (2211,'2019-11-27',388,427);
INSERT INTO meds_for_surgery (surgery_id,med) VALUES (2211,'Bleomycin');
INSERT INTO surgery (id,date,patient_id,doctor_id) VALUES (2212,'2019-11-26',372,486);
INSERT INTO meds_for_surgery (surgery_id,med) VALUES (2212,'Busulfan');
INSERT INTO surgery (id,date,patient_id,doctor_id) VALUES (2213,'2019-11-26',52,479);
INSERT INTO meds_for_surgery (surgery_id,med) VALUES (2213,'Baclofen');
INSERT INTO surgery (id,date,patient_id,doctor_id) VALUES (2214,'2019-12-20',385,451);
INSERT INTO meds_for_surgery (surgery_id,med) VALUES (2214,'Imipenem');
INSERT INTO surgery (id,date,patient_id,doctor_id) VALUES (2215,'2019-12-18',229,179);
INSERT INTO meds_for_surgery (surgery_id,med) VALUES (2215,'Famciclovir');
INSERT INTO surgery (id,date,patient_id,doctor_id) VALUES (2216,'2019-12-13',52,238);
INSERT INTO meds_for_surgery (surgery_id,med) VALUES (2216,'Elvitegravir');
INSERT INTO surgery (id,date,patient_id,doctor_id) VALUES (2217,'2019-11-27',80,125);
INSERT INTO meds_for_surgery (surgery_id,med) VALUES (2217,'Zidovudine');
INSERT INTO surgery (id,date,patient_id,doctor_id) VALUES (2218,'2019-12-25',261,66);
INSERT INTO meds_for_surgery (surgery_id,med) VALUES (2218,'Cyclobenzaprine');
INSERT INTO surgery (id,date,patient_id,doctor_id) VALUES (2219,'2019-12-01',80,399);
INSERT INTO meds_for_surgery (surgery_id,med) VALUES (2219,'Muromonab');
INSERT INTO surgery (id,date,patient_id,doctor_id) VALUES (2220,'2019-12-23',137,199);
INSERT INTO meds_for_surgery (surgery_id,med) VALUES (2220,'Raltegravir');
INSERT INTO surgery (id,date,patient_id,doctor_id) VALUES (2221,'2019-12-01',63,451);
INSERT INTO meds_for_surgery (surgery_id,med) VALUES (2221,'Hydrocortisone');
INSERT INTO surgery (id,date,patient_id,doctor_id) VALUES (2222,'2019-12-25',43,131);
INSERT INTO meds_for_surgery (surgery_id,med) VALUES (2222,'Bosentan');
INSERT INTO surgery (id,date,patient_id,doctor_id) VALUES (2223,'2019-12-11',431,326);
INSERT INTO meds_for_surgery (surgery_id,med) VALUES (2223,'Azithromycin');
INSERT INTO surgery (id,date,patient_id,doctor_id) VALUES (2224,'2019-12-03',70,16);
INSERT INTO meds_for_surgery (surgery_id,med) VALUES (2224,'Potassium');
INSERT INTO surgery (id,date,patient_id,doctor_id) VALUES (2225,'2019-12-21',417,300);
INSERT INTO meds_for_surgery (surgery_id,med) VALUES (2225,'Propoxyphene');
INSERT INTO surgery (id,date,patient_id,doctor_id) VALUES (2226,'2019-11-25',469,84);
INSERT INTO meds_for_surgery (surgery_id,med) VALUES (2226,'Lopinavir');
INSERT INTO surgery (id,date,patient_id,doctor_id) VALUES (2227,'2019-11-27',154,129);
INSERT INTO meds_for_surgery (surgery_id,med) VALUES (2227,'Clarithromycin');
INSERT INTO surgery (id,date,patient_id,doctor_id) VALUES (2228,'2019-12-14',448,125);
INSERT INTO meds_for_surgery (surgery_id,med) VALUES (2228,'Clarithromycin');
INSERT INTO surgery (id,date,patient_id,doctor_id) VALUES (2229,'2019-12-18',385,265);
INSERT INTO meds_for_surgery (surgery_id,med) VALUES (2229,'Aprepitant');
INSERT INTO surgery (id,date,patient_id,doctor_id) VALUES (2230,'2019-12-13',482,113);
INSERT INTO meds_for_surgery (surgery_id,med) VALUES (2230,'Meloxicam');
INSERT INTO surgery (id,date,patient_id,doctor_id) VALUES (2231,'2019-12-10',252,44);
INSERT INTO meds_for_surgery (surgery_id,med) VALUES (2231,'Topotecan');
INSERT INTO surgery (id,date,patient_id,doctor_id) VALUES (2232,'2019-12-12',46,216);
INSERT INTO meds_for_surgery (surgery_id,med) VALUES (2232,'Alendronate');
INSERT INTO surgery (id,date,patient_id,doctor_id) VALUES (2233,'2019-12-11',67,491);
INSERT INTO meds_for_surgery (surgery_id,med) VALUES (2233,'Probenecid');
INSERT INTO surgery (id,date,patient_id,doctor_id) VALUES (2234,'2019-11-30',398,425);
INSERT INTO meds_for_surgery (surgery_id,med) VALUES (2234,'Meropenem');
INSERT INTO surgery (id,date,patient_id,doctor_id) VALUES (2235,'2019-12-02',69,228);
INSERT INTO meds_for_surgery (surgery_id,med) VALUES (2235,'Topotecan');
INSERT INTO surgery (id,date,patient_id,doctor_id) VALUES (2236,'2019-12-04',385,102);
INSERT INTO meds_for_surgery (surgery_id,med) VALUES (2236,'L-glutamine');
INSERT INTO surgery (id,date,patient_id,doctor_id) VALUES (2237,'2019-12-01',426,64);
INSERT INTO meds_for_surgery (surgery_id,med) VALUES (2237,'Sucralfate');
INSERT INTO surgery (id,date,patient_id,doctor_id) VALUES (2238,'2019-12-24',4,125);
INSERT INTO meds_for_surgery (surgery_id,med) VALUES (2238,'Trimethoprim');
INSERT INTO surgery (id,date,patient_id,doctor_id) VALUES (2239,'2019-12-07',154,19);
INSERT INTO meds_for_surgery (surgery_id,med) VALUES (2239,'Hydroxyurea');
INSERT INTO surgery (id,date,patient_id,doctor_id) VALUES (2240,'2019-12-07',80,61);
INSERT INTO meds_for_surgery (surgery_id,med) VALUES (2240,'Irinotecan');
INSERT INTO surgery (id,date,patient_id,doctor_id) VALUES (2241,'2019-12-17',86,260);
INSERT INTO meds_for_surgery (surgery_id,med) VALUES (2241,'Voriconazole');
INSERT INTO surgery (id,date,patient_id,doctor_id) VALUES (2242,'2019-11-29',75,247);
INSERT INTO meds_for_surgery (surgery_id,med) VALUES (2242,'Furosemide');
INSERT INTO surgery (id,date,patient_id,doctor_id) VALUES (2243,'2019-12-20',498,422);
INSERT INTO meds_for_surgery (surgery_id,med) VALUES (2243,'Hydromorphone');
INSERT INTO surgery (id,date,patient_id,doctor_id) VALUES (2244,'2019-11-23',154,228);
INSERT INTO meds_for_surgery (surgery_id,med) VALUES (2244,'Cefuroxime');
INSERT INTO surgery (id,date,patient_id,doctor_id) VALUES (2245,'2019-11-29',312,422);
INSERT INTO meds_for_surgery (surgery_id,med) VALUES (2245,'Trimethoprim');
INSERT INTO surgery (id,date,patient_id,doctor_id) VALUES (2246,'2019-11-26',343,396);
INSERT INTO meds_for_surgery (surgery_id,med) VALUES (2246,'Hydrocodone');
INSERT INTO surgery (id,date,patient_id,doctor_id) VALUES (2247,'2019-12-17',312,288);
INSERT INTO meds_for_surgery (surgery_id,med) VALUES (2247,'Carmustine');
INSERT INTO surgery (id,date,patient_id,doctor_id) VALUES (2248,'2019-12-24',360,397);
INSERT INTO meds_for_surgery (surgery_id,med) VALUES (2248,'Thiotepa');
INSERT INTO surgery (id,date,patient_id,doctor_id) VALUES (2249,'2019-12-06',390,427);
INSERT INTO meds_for_surgery (surgery_id,med) VALUES (2249,'Tacrolimus');
INSERT INTO surgery (id,date,patient_id,doctor_id) VALUES (2250,'2019-12-03',390,45);
INSERT INTO meds_for_surgery (surgery_id,med) VALUES (2250,'Vancomycin');
INSERT INTO surgery (id,date,patient_id,doctor_id) VALUES (2251,'2019-12-18',43,478);
INSERT INTO meds_for_surgery (surgery_id,med) VALUES (2251,'Etonogestrel');
INSERT INTO surgery (id,date,patient_id,doctor_id) VALUES (2252,'2019-12-17',364,117);
INSERT INTO meds_for_surgery (surgery_id,med) VALUES (2252,'Heparin');
INSERT INTO surgery (id,date,patient_id,doctor_id) VALUES (2253,'2019-12-04',83,41);
INSERT INTO meds_for_surgery (surgery_id,med) VALUES (2253,'Amoxicillin');
INSERT INTO surgery (id,date,patient_id,doctor_id) VALUES (2254,'2019-12-08',53,238);
INSERT INTO meds_for_surgery (surgery_id,med) VALUES (2254,'Mitoxantrone');
INSERT INTO surgery (id,date,patient_id,doctor_id) VALUES (2255,'2019-12-02',119,478);
INSERT INTO meds_for_surgery (surgery_id,med) VALUES (2255,'Gabapentin');
INSERT INTO surgery (id,date,patient_id,doctor_id) VALUES (2256,'2019-12-20',33,386);
INSERT INTO meds_for_surgery (surgery_id,med) VALUES (2256,'Teniposide');
INSERT INTO surgery (id,date,patient_id,doctor_id) VALUES (2257,'2019-12-15',13,355);
INSERT INTO meds_for_surgery (surgery_id,med) VALUES (2257,'Phosphorus');
INSERT INTO surgery (id,date,patient_id,doctor_id) VALUES (2258,'2019-12-13',350,112);
INSERT INTO meds_for_surgery (surgery_id,med) VALUES (2258,'Interleukin');
INSERT INTO surgery (id,date,patient_id,doctor_id) VALUES (2259,'2019-12-23',268,451);
INSERT INTO meds_for_surgery (surgery_id,med) VALUES (2259,'Gemtuzumab');
INSERT INTO surgery (id,date,patient_id,doctor_id) VALUES (2260,'2019-12-13',343,64);
INSERT INTO meds_for_surgery (surgery_id,med) VALUES (2260,'Interleukin');
INSERT INTO surgery (id,date,patient_id,doctor_id) VALUES (2261,'2019-12-03',450,77);
INSERT INTO meds_for_surgery (surgery_id,med) VALUES (2261,'Fluorouracil');
INSERT INTO surgery (id,date,patient_id,doctor_id) VALUES (2262,'2019-12-11',335,7);
INSERT INTO meds_for_surgery (surgery_id,med) VALUES (2262,'Phenytoin');
INSERT INTO surgery (id,date,patient_id,doctor_id) VALUES (2263,'2019-12-27',393,346);
INSERT INTO meds_for_surgery (surgery_id,med) VALUES (2263,'Pegfilgrastim');
INSERT INTO surgery (id,date,patient_id,doctor_id) VALUES (2264,'2019-12-11',273,386);
INSERT INTO meds_for_surgery (surgery_id,med) VALUES (2264,'Immune');
INSERT INTO surgery (id,date,patient_id,doctor_id) VALUES (2265,'2019-11-25',75,163);
INSERT INTO meds_for_surgery (surgery_id,med) VALUES (2265,'Neuromuscular');
INSERT INTO surgery (id,date,patient_id,doctor_id) VALUES (2266,'2019-12-27',312,216);
INSERT INTO meds_for_surgery (surgery_id,med) VALUES (2266,'Cefuroxime');
INSERT INTO surgery (id,date,patient_id,doctor_id) VALUES (2267,'2019-12-17',67,19);
INSERT INTO meds_for_surgery (surgery_id,med) VALUES (2267,'Dactinomycin');
INSERT INTO surgery (id,date,patient_id,doctor_id) VALUES (2268,'2019-12-22',229,208);
INSERT INTO meds_for_surgery (surgery_id,med) VALUES (2268,'Linezolid');
INSERT INTO surgery (id,date,patient_id,doctor_id) VALUES (2269,'2019-12-03',419,357);
INSERT INTO meds_for_surgery (surgery_id,med) VALUES (2269,'Prednisone');
INSERT INTO surgery (id,date,patient_id,doctor_id) VALUES (2270,'2019-11-28',360,278);
INSERT INTO meds_for_surgery (surgery_id,med) VALUES (2270,'Bleomycin');
INSERT INTO surgery (id,date,patient_id,doctor_id) VALUES (2271,'2019-11-28',426,495);
INSERT INTO meds_for_surgery (surgery_id,med) VALUES (2271,'Valproic acid');
INSERT INTO surgery (id,date,patient_id,doctor_id) VALUES (2272,'2019-12-14',398,422);
INSERT INTO meds_for_surgery (surgery_id,med) VALUES (2272,'Sorafenib');
INSERT INTO surgery (id,date,patient_id,doctor_id) VALUES (2273,'2019-11-27',400,7);
INSERT INTO meds_for_surgery (surgery_id,med) VALUES (2273,'Lamivudine');
INSERT INTO surgery (id,date,patient_id,doctor_id) VALUES (2274,'2019-11-26',52,143);
INSERT INTO meds_for_surgery (surgery_id,med) VALUES (2274,'Lomustine');
INSERT INTO surgery (id,date,patient_id,doctor_id) VALUES (2275,'2019-12-01',86,454);
INSERT INTO meds_for_surgery (surgery_id,med) VALUES (2275,'Carbamazepine');
INSERT INTO surgery (id,date,patient_id,doctor_id) VALUES (2276,'2019-12-14',448,300);
INSERT INTO meds_for_surgery (surgery_id,med) VALUES (2276,'Cyclosporine');
INSERT INTO surgery (id,date,patient_id,doctor_id) VALUES (2277,'2019-12-10',123,210);
INSERT INTO meds_for_surgery (surgery_id,med) VALUES (2277,'Cefaclor');
INSERT INTO surgery (id,date,patient_id,doctor_id) VALUES (2278,'2019-12-02',350,91);
INSERT INTO meds_for_surgery (surgery_id,med) VALUES (2278,'Cefuroxime');
INSERT INTO surgery (id,date,patient_id,doctor_id) VALUES (2279,'2019-12-20',312,270);
INSERT INTO meds_for_surgery (surgery_id,med) VALUES (2279,'Fludarabine');
INSERT INTO surgery (id,date,patient_id,doctor_id) VALUES (2280,'2019-11-29',417,327);
INSERT INTO meds_for_surgery (surgery_id,med) VALUES (2280,'Vancomycin');
INSERT INTO surgery (id,date,patient_id,doctor_id) VALUES (2281,'2019-12-01',192,270);
INSERT INTO meds_for_surgery (surgery_id,med) VALUES (2281,'Megestrol acetate');
INSERT INTO surgery (id,date,patient_id,doctor_id) VALUES (2282,'2019-12-09',312,265);
INSERT INTO meds_for_surgery (surgery_id,med) VALUES (2282,'Meloxicam');
INSERT INTO surgery (id,date,patient_id,doctor_id) VALUES (2283,'2019-11-23',6,399);
INSERT INTO meds_for_surgery (surgery_id,med) VALUES (2283,'Bortezomib');
INSERT INTO surgery (id,date,patient_id,doctor_id) VALUES (2284,'2019-11-26',481,102);
INSERT INTO meds_for_surgery (surgery_id,med) VALUES (2284,'Enalapril');
INSERT INTO surgery (id,date,patient_id,doctor_id) VALUES (2285,'2019-11-28',156,386);
INSERT INTO meds_for_surgery (surgery_id,med) VALUES (2285,'Atenolol');
INSERT INTO surgery (id,date,patient_id,doctor_id) VALUES (2286,'2019-12-06',146,216);
INSERT INTO meds_for_surgery (surgery_id,med) VALUES (2286,'Cefaclor');
INSERT INTO surgery (id,date,patient_id,doctor_id) VALUES (2287,'2019-11-25',365,357);
INSERT INTO meds_for_surgery (surgery_id,med) VALUES (2287,'Dacarbazine');
INSERT INTO surgery (id,date,patient_id,doctor_id) VALUES (2288,'2019-11-26',154,247);
INSERT INTO meds_for_surgery (surgery_id,med) VALUES (2288,'Crizotinib');
INSERT INTO surgery (id,date,patient_id,doctor_id) VALUES (2289,'2019-11-25',390,427);
INSERT INTO meds_for_surgery (surgery_id,med) VALUES (2289,'Rituximab');
INSERT INTO surgery (id,date,patient_id,doctor_id) VALUES (2290,'2019-12-03',335,451);
INSERT INTO meds_for_surgery (surgery_id,med) VALUES (2290,'Neuromuscular');
INSERT INTO surgery (id,date,patient_id,doctor_id) VALUES (2291,'2019-11-27',139,397);
INSERT INTO meds_for_surgery (surgery_id,med) VALUES (2291,'Hydroxyurea');
INSERT INTO surgery (id,date,patient_id,doctor_id) VALUES (2292,'2019-12-09',215,397);
INSERT INTO meds_for_surgery (surgery_id,med) VALUES (2292,'Allopurinol');
INSERT INTO surgery (id,date,patient_id,doctor_id) VALUES (2293,'2019-12-22',350,299);
INSERT INTO meds_for_surgery (surgery_id,med) VALUES (2293,'Tacrolimus');
INSERT INTO surgery (id,date,patient_id,doctor_id) VALUES (2294,'2019-12-14',24,260);
INSERT INTO meds_for_surgery (surgery_id,med) VALUES (2294,'Saquinavir');
INSERT INTO surgery (id,date,patient_id,doctor_id) VALUES (2295,'2019-11-26',350,288);
INSERT INTO meds_for_surgery (surgery_id,med) VALUES (2295,'Meropenem');
INSERT INTO surgery (id,date,patient_id,doctor_id) VALUES (2296,'2019-12-19',86,98);
INSERT INTO meds_for_surgery (surgery_id,med) VALUES (2296,'Erythropoietin');
INSERT INTO surgery (id,date,patient_id,doctor_id) VALUES (2297,'2019-12-03',24,404);
INSERT INTO meds_for_surgery (surgery_id,med) VALUES (2297,'Megestrol acetate');
INSERT INTO surgery (id,date,patient_id,doctor_id) VALUES (2298,'2019-12-26',498,404);
INSERT INTO meds_for_surgery (surgery_id,med) VALUES (2298,'Methadone');
INSERT INTO surgery (id,date,patient_id,doctor_id) VALUES (2299,'2019-11-25',18,247);
INSERT INTO meds_for_surgery (surgery_id,med) VALUES (2299,'Cephalexin');
INSERT INTO surgery (id,date,patient_id,doctor_id) VALUES (2300,'2019-12-02',401,454);
INSERT INTO meds_for_surgery (surgery_id,med) VALUES (2300,'Meperidine');
INSERT INTO surgery (id,date,patient_id,doctor_id) VALUES (2301,'2019-12-06',195,327);
INSERT INTO meds_for_surgery (surgery_id,med) VALUES (2301,'Hydromorphone');
INSERT INTO surgery (id,date,patient_id,doctor_id) VALUES (2302,'2019-12-02',334,477);
INSERT INTO meds_for_surgery (surgery_id,med) VALUES (2302,'Imipenem');
INSERT INTO surgery (id,date,patient_id,doctor_id) VALUES (2303,'2019-12-03',460,179);
INSERT INTO meds_for_surgery (surgery_id,med) VALUES (2303,'Alemtuzumab');
INSERT INTO surgery (id,date,patient_id,doctor_id) VALUES (2304,'2019-12-18',63,366);
INSERT INTO meds_for_surgery (surgery_id,med) VALUES (2304,'Alemtuzumab');
INSERT INTO surgery (id,date,patient_id,doctor_id) VALUES (2305,'2019-12-11',137,78);
INSERT INTO meds_for_surgery (surgery_id,med) VALUES (2305,'Magnesium');
INSERT INTO surgery (id,date,patient_id,doctor_id) VALUES (2306,'2019-12-19',230,455);
INSERT INTO meds_for_surgery (surgery_id,med) VALUES (2306,'Thiotepa');
INSERT INTO surgery (id,date,patient_id,doctor_id) VALUES (2307,'2019-12-10',329,478);
INSERT INTO meds_for_surgery (surgery_id,med) VALUES (2307,'Bosentan');
INSERT INTO surgery (id,date,patient_id,doctor_id) VALUES (2308,'2019-12-24',449,404);
INSERT INTO meds_for_surgery (surgery_id,med) VALUES (2308,'Trimethoprim');
INSERT INTO surgery (id,date,patient_id,doctor_id) VALUES (2309,'2019-12-01',360,78);
INSERT INTO meds_for_surgery (surgery_id,med) VALUES (2309,'Alemtuzumab');
INSERT INTO surgery (id,date,patient_id,doctor_id) VALUES (2310,'2019-11-24',251,143);
INSERT INTO meds_for_surgery (surgery_id,med) VALUES (2310,'Desmopressin');
INSERT INTO surgery (id,date,patient_id,doctor_id) VALUES (2311,'2019-12-14',328,290);
INSERT INTO meds_for_surgery (surgery_id,med) VALUES (2311,'Hydrocortisone');
INSERT INTO surgery (id,date,patient_id,doctor_id) VALUES (2312,'2019-12-10',195,346);
INSERT INTO meds_for_surgery (surgery_id,med) VALUES (2312,'Alendronate');
INSERT INTO surgery (id,date,patient_id,doctor_id) VALUES (2313,'2019-11-25',123,495);
INSERT INTO meds_for_surgery (surgery_id,med) VALUES (2313,'Desmopressin');
INSERT INTO surgery (id,date,patient_id,doctor_id) VALUES (2314,'2019-12-19',255,300);
INSERT INTO meds_for_surgery (surgery_id,med) VALUES (2314,'GM-CSF');
INSERT INTO surgery (id,date,patient_id,doctor_id) VALUES (2315,'2019-12-13',70,376);
INSERT INTO meds_for_surgery (surgery_id,med) VALUES (2315,'Dobutamine');
INSERT INTO surgery (id,date,patient_id,doctor_id) VALUES (2316,'2019-12-22',75,64);
INSERT INTO meds_for_surgery (surgery_id,med) VALUES (2316,'Carboplatin');
INSERT INTO surgery (id,date,patient_id,doctor_id) VALUES (2317,'2019-12-07',43,77);
INSERT INTO meds_for_surgery (surgery_id,med) VALUES (2317,'Granisetron');
INSERT INTO surgery (id,date,patient_id,doctor_id) VALUES (2318,'2019-12-10',335,66);
INSERT INTO meds_for_surgery (surgery_id,med) VALUES (2318,'Oxycodone');
INSERT INTO surgery (id,date,patient_id,doctor_id) VALUES (2319,'2019-11-25',350,113);
INSERT INTO meds_for_surgery (surgery_id,med) VALUES (2319,'Gemtuzumab');
INSERT INTO surgery (id,date,patient_id,doctor_id) VALUES (2320,'2019-12-16',343,209);
INSERT INTO meds_for_surgery (surgery_id,med) VALUES (2320,'Methotrexate');
INSERT INTO surgery (id,date,patient_id,doctor_id) VALUES (2321,'2019-11-28',229,209);
INSERT INTO meds_for_surgery (surgery_id,med) VALUES (2321,'Ondansetron');
INSERT INTO surgery (id,date,patient_id,doctor_id) VALUES (2322,'2019-12-10',498,131);
INSERT INTO meds_for_surgery (surgery_id,med) VALUES (2322,'Thioguanine');
INSERT INTO surgery (id,date,patient_id,doctor_id) VALUES (2323,'2019-12-09',252,77);
INSERT INTO meds_for_surgery (surgery_id,med) VALUES (2323,'Rilpivirine');
INSERT INTO surgery (id,date,patient_id,doctor_id) VALUES (2324,'2019-11-23',440,117);
INSERT INTO meds_for_surgery (surgery_id,med) VALUES (2324,'Tobramycin');
INSERT INTO surgery (id,date,patient_id,doctor_id) VALUES (2325,'2019-12-16',335,247);
INSERT INTO meds_for_surgery (surgery_id,med) VALUES (2325,'Melphalan');
INSERT INTO surgery (id,date,patient_id,doctor_id) VALUES (2326,'2019-12-17',385,91);
INSERT INTO meds_for_surgery (surgery_id,med) VALUES (2326,'Amlodipine');
INSERT INTO surgery (id,date,patient_id,doctor_id) VALUES (2327,'2019-12-26',378,199);
INSERT INTO meds_for_surgery (surgery_id,med) VALUES (2327,'Bortezomib');
INSERT INTO surgery (id,date,patient_id,doctor_id) VALUES (2328,'2019-12-09',242,260);
INSERT INTO meds_for_surgery (surgery_id,med) VALUES (2328,'Dinutuximab');
INSERT INTO surgery (id,date,patient_id,doctor_id) VALUES (2329,'2019-11-29',63,421);
INSERT INTO meds_for_surgery (surgery_id,med) VALUES (2329,'Procarbazine');
INSERT INTO surgery (id,date,patient_id,doctor_id) VALUES (2330,'2019-12-23',119,175);
INSERT INTO meds_for_surgery (surgery_id,med) VALUES (2330,'Megestrol acetate');
INSERT INTO surgery (id,date,patient_id,doctor_id) VALUES (2331,'2019-12-02',448,175);
INSERT INTO meds_for_surgery (surgery_id,med) VALUES (2331,'Labetalol');
INSERT INTO surgery (id,date,patient_id,doctor_id) VALUES (2332,'2019-12-12',63,299);
INSERT INTO meds_for_surgery (surgery_id,med) VALUES (2332,'Linezolid');
INSERT INTO surgery (id,date,patient_id,doctor_id) VALUES (2333,'2019-12-04',261,163);
INSERT INTO meds_for_surgery (surgery_id,med) VALUES (2333,'Ranitidine');
INSERT INTO surgery (id,date,patient_id,doctor_id) VALUES (2334,'2019-12-13',450,384);
INSERT INTO meds_for_surgery (surgery_id,med) VALUES (2334,'Pentamidine');
INSERT INTO surgery (id,date,patient_id,doctor_id) VALUES (2335,'2019-11-30',385,454);
INSERT INTO meds_for_surgery (surgery_id,med) VALUES (2335,'Clofarabine');
INSERT INTO surgery (id,date,patient_id,doctor_id) VALUES (2336,'2019-12-23',273,299);
INSERT INTO meds_for_surgery (surgery_id,med) VALUES (2336,'Mesna');
INSERT INTO surgery (id,date,patient_id,doctor_id) VALUES (2337,'2019-12-12',273,179);
INSERT INTO meds_for_surgery (surgery_id,med) VALUES (2337,'Tretinoin');
INSERT INTO surgery (id,date,patient_id,doctor_id) VALUES (2338,'2019-12-02',371,478);
INSERT INTO meds_for_surgery (surgery_id,med) VALUES (2338,'Phosphorus');
INSERT INTO surgery (id,date,patient_id,doctor_id) VALUES (2339,'2019-12-07',67,247);
INSERT INTO meds_for_surgery (surgery_id,med) VALUES (2339,'Rivaroxaban');
INSERT INTO surgery (id,date,patient_id,doctor_id) VALUES (2340,'2019-12-22',448,19);
INSERT INTO meds_for_surgery (surgery_id,med) VALUES (2340,'Voriconazole');
INSERT INTO surgery (id,date,patient_id,doctor_id) VALUES (2341,'2019-12-03',38,179);
INSERT INTO meds_for_surgery (surgery_id,med) VALUES (2341,'Carboplatin');
INSERT INTO surgery (id,date,patient_id,doctor_id) VALUES (2342,'2019-12-26',75,91);
INSERT INTO meds_for_surgery (surgery_id,med) VALUES (2342,'Interferon');
INSERT INTO surgery (id,date,patient_id,doctor_id) VALUES (2343,'2019-11-25',52,386);
INSERT INTO meds_for_surgery (surgery_id,med) VALUES (2343,'Phenobarbital');
INSERT INTO surgery (id,date,patient_id,doctor_id) VALUES (2344,'2019-12-24',335,357);
INSERT INTO meds_for_surgery (surgery_id,med) VALUES (2344,'Heparin');
INSERT INTO surgery (id,date,patient_id,doctor_id) VALUES (2345,'2019-12-24',242,491);
INSERT INTO meds_for_surgery (surgery_id,med) VALUES (2345,'Daunorubicin');
INSERT INTO surgery (id,date,patient_id,doctor_id) VALUES (2346,'2019-12-02',233,112);
INSERT INTO meds_for_surgery (surgery_id,med) VALUES (2346,'Lomustine');
INSERT INTO surgery (id,date,patient_id,doctor_id) VALUES (2347,'2019-12-03',385,357);
INSERT INTO meds_for_surgery (surgery_id,med) VALUES (2347,'Meropenem');
INSERT INTO surgery (id,date,patient_id,doctor_id) VALUES (2348,'2019-12-27',253,143);
INSERT INTO meds_for_surgery (surgery_id,med) VALUES (2348,'Oxycodone');
INSERT INTO surgery (id,date,patient_id,doctor_id) VALUES (2349,'2019-12-22',215,397);
INSERT INTO meds_for_surgery (surgery_id,med) VALUES (2349,'Dobutamine');
INSERT INTO surgery (id,date,patient_id,doctor_id) VALUES (2350,'2019-12-25',63,427);
INSERT INTO meds_for_surgery (surgery_id,med) VALUES (2350,'Valproic acid');
INSERT INTO surgery (id,date,patient_id,doctor_id) VALUES (2351,'2019-11-29',139,386);
INSERT INTO meds_for_surgery (surgery_id,med) VALUES (2351,'Prednisone');
INSERT INTO surgery (id,date,patient_id,doctor_id) VALUES (2352,'2019-12-02',137,42);
INSERT INTO meds_for_surgery (surgery_id,med) VALUES (2352,'Metronidazole');
INSERT INTO surgery (id,date,patient_id,doctor_id) VALUES (2353,'2019-12-05',53,143);
INSERT INTO meds_for_surgery (surgery_id,med) VALUES (2353,'Hydromorphone');
INSERT INTO surgery (id,date,patient_id,doctor_id) VALUES (2354,'2019-12-26',493,42);
INSERT INTO meds_for_surgery (surgery_id,med) VALUES (2354,'Gefitinib');
INSERT INTO surgery (id,date,patient_id,doctor_id) VALUES (2355,'2019-12-14',46,384);
INSERT INTO meds_for_surgery (surgery_id,med) VALUES (2355,'Tretinoin');
INSERT INTO surgery (id,date,patient_id,doctor_id) VALUES (2356,'2019-11-30',137,491);
INSERT INTO meds_for_surgery (surgery_id,med) VALUES (2356,'Norepinephrine');
INSERT INTO surgery (id,date,patient_id,doctor_id) VALUES (2357,'2019-12-07',188,376);
INSERT INTO meds_for_surgery (surgery_id,med) VALUES (2357,'Carboplatin');
INSERT INTO surgery (id,date,patient_id,doctor_id) VALUES (2358,'2019-12-01',443,399);
INSERT INTO meds_for_surgery (surgery_id,med) VALUES (2358,'Cladribine');
INSERT INTO surgery (id,date,patient_id,doctor_id) VALUES (2359,'2019-11-25',390,479);
INSERT INTO meds_for_surgery (surgery_id,med) VALUES (2359,'Modafinil');
INSERT INTO surgery (id,date,patient_id,doctor_id) VALUES (2360,'2019-12-03',252,376);
INSERT INTO meds_for_surgery (surgery_id,med) VALUES (2360,'Procarbazine');
INSERT INTO surgery (id,date,patient_id,doctor_id) VALUES (2361,'2019-12-18',251,208);
INSERT INTO meds_for_surgery (surgery_id,med) VALUES (2361,'Hydrocortisone');
INSERT INTO surgery (id,date,patient_id,doctor_id) VALUES (2362,'2019-12-13',33,78);
INSERT INTO meds_for_surgery (surgery_id,med) VALUES (2362,'Mechlorethamine');
INSERT INTO surgery (id,date,patient_id,doctor_id) VALUES (2363,'2019-12-01',400,384);
INSERT INTO meds_for_surgery (surgery_id,med) VALUES (2363,'Phenytoin');
INSERT INTO surgery (id,date,patient_id,doctor_id) VALUES (2364,'2019-12-21',393,355);
INSERT INTO meds_for_surgery (surgery_id,med) VALUES (2364,'Paclitaxel');
INSERT INTO surgery (id,date,patient_id,doctor_id) VALUES (2365,'2019-12-09',389,399);
INSERT INTO meds_for_surgery (surgery_id,med) VALUES (2365,'Hydralazine');
INSERT INTO surgery (id,date,patient_id,doctor_id) VALUES (2366,'2019-12-09',470,228);
INSERT INTO meds_for_surgery (surgery_id,med) VALUES (2366,'Carbamazepine');
INSERT INTO surgery (id,date,patient_id,doctor_id) VALUES (2367,'2019-11-28',63,495);
INSERT INTO meds_for_surgery (surgery_id,med) VALUES (2367,'Ruxolitinib');
INSERT INTO surgery (id,date,patient_id,doctor_id) VALUES (2368,'2019-12-04',365,44);
INSERT INTO meds_for_surgery (surgery_id,med) VALUES (2368,'PEGaspargase');
INSERT INTO surgery (id,date,patient_id,doctor_id) VALUES (2369,'2019-12-01',450,210);
INSERT INTO meds_for_surgery (surgery_id,med) VALUES (2369,'Vorinostat');
INSERT INTO surgery (id,date,patient_id,doctor_id) VALUES (2370,'2019-11-26',52,495);
INSERT INTO meds_for_surgery (surgery_id,med) VALUES (2370,'Thioguanine');
INSERT INTO surgery (id,date,patient_id,doctor_id) VALUES (2371,'2019-12-23',334,477);
INSERT INTO meds_for_surgery (surgery_id,med) VALUES (2371,'Gabapentin');
INSERT INTO surgery (id,date,patient_id,doctor_id) VALUES (2372,'2019-12-25',378,491);
INSERT INTO meds_for_surgery (surgery_id,med) VALUES (2372,'Megestrol acetate');
INSERT INTO surgery (id,date,patient_id,doctor_id) VALUES (2373,'2019-11-26',139,179);
INSERT INTO meds_for_surgery (surgery_id,med) VALUES (2373,'Codeine');
INSERT INTO surgery (id,date,patient_id,doctor_id) VALUES (2374,'2019-12-27',53,199);
INSERT INTO meds_for_surgery (surgery_id,med) VALUES (2374,'Paclitaxel');
INSERT INTO surgery (id,date,patient_id,doctor_id) VALUES (2375,'2019-12-22',498,366);
INSERT INTO meds_for_surgery (surgery_id,med) VALUES (2375,'Dactinomycin');
INSERT INTO surgery (id,date,patient_id,doctor_id) VALUES (2376,'2019-11-24',328,151);
INSERT INTO meds_for_surgery (surgery_id,med) VALUES (2376,'Voriconazole');
INSERT INTO surgery (id,date,patient_id,doctor_id) VALUES (2377,'2019-12-13',285,326);
INSERT INTO meds_for_surgery (surgery_id,med) VALUES (2377,'Meperidine');
INSERT INTO surgery (id,date,patient_id,doctor_id) VALUES (2378,'2019-12-25',440,44);
INSERT INTO meds_for_surgery (surgery_id,med) VALUES (2378,'Tobramycin');
INSERT INTO surgery (id,date,patient_id,doctor_id) VALUES (2379,'2019-12-25',75,98);
INSERT INTO meds_for_surgery (surgery_id,med) VALUES (2379,'Ketoconazole');
INSERT INTO surgery (id,date,patient_id,doctor_id) VALUES (2380,'2019-12-23',329,175);
INSERT INTO meds_for_surgery (surgery_id,med) VALUES (2380,'Teniposide');
INSERT INTO surgery (id,date,patient_id,doctor_id) VALUES (2381,'2019-12-25',350,41);
INSERT INTO meds_for_surgery (surgery_id,med) VALUES (2381,'Warfarin');
INSERT INTO surgery (id,date,patient_id,doctor_id) VALUES (2382,'2019-12-22',251,454);
INSERT INTO meds_for_surgery (surgery_id,med) VALUES (2382,'Busulfan');
INSERT INTO surgery (id,date,patient_id,doctor_id) VALUES (2383,'2019-12-11',388,125);
INSERT INTO meds_for_surgery (surgery_id,med) VALUES (2383,'Rasburicase');
INSERT INTO surgery (id,date,patient_id,doctor_id) VALUES (2384,'2019-12-21',440,491);
INSERT INTO meds_for_surgery (surgery_id,med) VALUES (2384,'Emtricitabine');
INSERT INTO surgery (id,date,patient_id,doctor_id) VALUES (2385,'2019-12-10',308,64);
INSERT INTO meds_for_surgery (surgery_id,med) VALUES (2385,'Procarbazine');
INSERT INTO surgery (id,date,patient_id,doctor_id) VALUES (2386,'2019-11-24',123,19);
INSERT INTO meds_for_surgery (surgery_id,med) VALUES (2386,'Methotrexate');
INSERT INTO surgery (id,date,patient_id,doctor_id) VALUES (2387,'2019-12-09',268,125);
INSERT INTO meds_for_surgery (surgery_id,med) VALUES (2387,'Dasatinib');
INSERT INTO surgery (id,date,patient_id,doctor_id) VALUES (2388,'2019-12-14',400,422);
INSERT INTO meds_for_surgery (surgery_id,med) VALUES (2388,'Meropenem');
INSERT INTO surgery (id,date,patient_id,doctor_id) VALUES (2389,'2019-12-07',449,145);
INSERT INTO meds_for_surgery (surgery_id,med) VALUES (2389,'Vorinostat');
INSERT INTO surgery (id,date,patient_id,doctor_id) VALUES (2390,'2019-11-29',378,355);
INSERT INTO meds_for_surgery (surgery_id,med) VALUES (2390,'Ganciclovir');
INSERT INTO surgery (id,date,patient_id,doctor_id) VALUES (2391,'2019-12-17',195,425);
INSERT INTO meds_for_surgery (surgery_id,med) VALUES (2391,'Zidovudine');
INSERT INTO surgery (id,date,patient_id,doctor_id) VALUES (2392,'2019-12-17',262,495);
INSERT INTO meds_for_surgery (surgery_id,med) VALUES (2392,'Mercaptopurine');
INSERT INTO surgery (id,date,patient_id,doctor_id) VALUES (2393,'2019-12-01',20,131);
INSERT INTO meds_for_surgery (surgery_id,med) VALUES (2393,'Paclitaxel');
INSERT INTO surgery (id,date,patient_id,doctor_id) VALUES (2394,'2019-12-16',499,228);
INSERT INTO meds_for_surgery (surgery_id,med) VALUES (2394,'Mercaptopurine');
INSERT INTO surgery (id,date,patient_id,doctor_id) VALUES (2395,'2019-12-12',498,357);
INSERT INTO meds_for_surgery (surgery_id,med) VALUES (2395,'Etoposide');
INSERT INTO surgery (id,date,patient_id,doctor_id) VALUES (2396,'2019-12-20',448,260);
INSERT INTO meds_for_surgery (surgery_id,med) VALUES (2396,'Abacavir');
INSERT INTO surgery (id,date,patient_id,doctor_id) VALUES (2397,'2019-12-16',378,179);
INSERT INTO meds_for_surgery (surgery_id,med) VALUES (2397,'Amoxicillin');
INSERT INTO surgery (id,date,patient_id,doctor_id) VALUES (2398,'2019-12-02',335,399);
INSERT INTO meds_for_surgery (surgery_id,med) VALUES (2398,'Modafinil');
INSERT INTO surgery (id,date,patient_id,doctor_id) VALUES (2399,'2019-11-27',33,300);
INSERT INTO meds_for_surgery (surgery_id,med) VALUES (2399,'Metronidazole');
INSERT INTO surgery (id,date,patient_id,doctor_id) VALUES (2400,'2019-12-12',499,399);
INSERT INTO meds_for_surgery (surgery_id,med) VALUES (2400,'Dobutamine');
INSERT INTO surgery (id,date,patient_id,doctor_id) VALUES (2401,'2019-12-19',308,355);
INSERT INTO meds_for_surgery (surgery_id,med) VALUES (2401,'L-glutamine');
INSERT INTO surgery (id,date,patient_id,doctor_id) VALUES (2402,'2019-12-15',119,260);
INSERT INTO meds_for_surgery (surgery_id,med) VALUES (2402,'Nelarabine');
INSERT INTO surgery (id,date,patient_id,doctor_id) VALUES (2403,'2019-11-29',69,357);
INSERT INTO meds_for_surgery (surgery_id,med) VALUES (2403,'Eltrombopag');
INSERT INTO surgery (id,date,patient_id,doctor_id) VALUES (2404,'2019-12-21',43,260);
INSERT INTO meds_for_surgery (surgery_id,med) VALUES (2404,'Zidovudine');
INSERT INTO surgery (id,date,patient_id,doctor_id) VALUES (2405,'2019-12-10',86,265);
INSERT INTO meds_for_surgery (surgery_id,med) VALUES (2405,'Famciclovir');
INSERT INTO surgery (id,date,patient_id,doctor_id) VALUES (2406,'2019-12-20',440,397);
INSERT INTO meds_for_surgery (surgery_id,med) VALUES (2406,'Bortezomib');
INSERT INTO surgery (id,date,patient_id,doctor_id) VALUES (2407,'2019-12-01',52,425);
INSERT INTO meds_for_surgery (surgery_id,med) VALUES (2407,'Imatinib');
INSERT INTO surgery (id,date,patient_id,doctor_id) VALUES (2408,'2019-12-15',308,495);
INSERT INTO meds_for_surgery (surgery_id,med) VALUES (2408,'Stavudine');
INSERT INTO surgery (id,date,patient_id,doctor_id) VALUES (2409,'2019-12-07',285,175);
INSERT INTO meds_for_surgery (surgery_id,med) VALUES (2409,'Allopurinol');
INSERT INTO surgery (id,date,patient_id,doctor_id) VALUES (2410,'2019-12-05',230,228);
INSERT INTO meds_for_surgery (surgery_id,med) VALUES (2410,'Aminocaproic Acid');
INSERT INTO surgery (id,date,patient_id,doctor_id) VALUES (2411,'2019-12-16',371,346);
INSERT INTO meds_for_surgery (surgery_id,med) VALUES (2411,'L-glutamine');
INSERT INTO surgery (id,date,patient_id,doctor_id) VALUES (2412,'2019-11-24',365,425);
INSERT INTO meds_for_surgery (surgery_id,med) VALUES (2412,'Promethazine');
INSERT INTO surgery (id,date,patient_id,doctor_id) VALUES (2413,'2019-11-25',448,288);
INSERT INTO meds_for_surgery (surgery_id,med) VALUES (2413,'Trimethoprim');
INSERT INTO surgery (id,date,patient_id,doctor_id) VALUES (2414,'2019-12-19',443,112);
INSERT INTO meds_for_surgery (surgery_id,med) VALUES (2414,'PEGaspargase');
INSERT INTO surgery (id,date,patient_id,doctor_id) VALUES (2415,'2019-12-14',119,278);
INSERT INTO meds_for_surgery (surgery_id,med) VALUES (2415,'Dornase alfa');
INSERT INTO surgery (id,date,patient_id,doctor_id) VALUES (2416,'2019-12-26',215,228);
INSERT INTO meds_for_surgery (surgery_id,med) VALUES (2416,'Enoxaparin');
INSERT INTO surgery (id,date,patient_id,doctor_id) VALUES (2417,'2019-12-09',26,209);
INSERT INTO meds_for_surgery (surgery_id,med) VALUES (2417,'Calcium');
INSERT INTO surgery (id,date,patient_id,doctor_id) VALUES (2418,'2019-12-09',343,143);
INSERT INTO meds_for_surgery (surgery_id,med) VALUES (2418,'Nevirapine');
INSERT INTO surgery (id,date,patient_id,doctor_id) VALUES (2419,'2019-12-02',334,376);
INSERT INTO meds_for_surgery (surgery_id,med) VALUES (2419,'Erythropoietin');
INSERT INTO surgery (id,date,patient_id,doctor_id) VALUES (2420,'2019-12-19',38,265);
INSERT INTO meds_for_surgery (surgery_id,med) VALUES (2420,'Vorinostat');
INSERT INTO surgery (id,date,patient_id,doctor_id) VALUES (2421,'2019-11-26',233,486);
INSERT INTO meds_for_surgery (surgery_id,med) VALUES (2421,'Sunitinib');
INSERT INTO surgery (id,date,patient_id,doctor_id) VALUES (2422,'2019-12-21',6,208);
INSERT INTO meds_for_surgery (surgery_id,med) VALUES (2422,'Allopurinol');
INSERT INTO surgery (id,date,patient_id,doctor_id) VALUES (2423,'2019-12-09',154,495);
INSERT INTO meds_for_surgery (surgery_id,med) VALUES (2423,'Didanosine');
INSERT INTO surgery (id,date,patient_id,doctor_id) VALUES (2424,'2019-12-03',139,84);
INSERT INTO meds_for_surgery (surgery_id,med) VALUES (2424,'Penicillin');
INSERT INTO surgery (id,date,patient_id,doctor_id) VALUES (2425,'2019-11-24',80,386);
INSERT INTO meds_for_surgery (surgery_id,med) VALUES (2425,'Ceftazidime');
INSERT INTO surgery (id,date,patient_id,doctor_id) VALUES (2426,'2019-11-30',70,78);
INSERT INTO meds_for_surgery (surgery_id,med) VALUES (2426,'Aprepitant');
INSERT INTO surgery (id,date,patient_id,doctor_id) VALUES (2427,'2019-11-25',417,265);
INSERT INTO meds_for_surgery (surgery_id,med) VALUES (2427,'Gemcitabine');
INSERT INTO surgery (id,date,patient_id,doctor_id) VALUES (2428,'2019-12-24',13,421);
INSERT INTO meds_for_surgery (surgery_id,med) VALUES (2428,'Dasatinib');
INSERT INTO surgery (id,date,patient_id,doctor_id) VALUES (2429,'2019-12-06',253,179);
INSERT INTO meds_for_surgery (surgery_id,med) VALUES (2429,'Hydralazine');
INSERT INTO surgery (id,date,patient_id,doctor_id) VALUES (2430,'2019-12-18',401,278);
INSERT INTO meds_for_surgery (surgery_id,med) VALUES (2430,'Asparaginase');
INSERT INTO surgery (id,date,patient_id,doctor_id) VALUES (2431,'2019-11-24',43,66);
INSERT INTO meds_for_surgery (surgery_id,med) VALUES (2431,'Mitotane');
INSERT INTO surgery (id,date,patient_id,doctor_id) VALUES (2432,'2019-12-19',273,288);
INSERT INTO meds_for_surgery (surgery_id,med) VALUES (2432,'Atenolol');
INSERT INTO surgery (id,date,patient_id,doctor_id) VALUES (2433,'2019-11-30',53,175);
INSERT INTO meds_for_surgery (surgery_id,med) VALUES (2433,'Cidofovir');
INSERT INTO surgery (id,date,patient_id,doctor_id) VALUES (2434,'2019-12-21',154,41);
INSERT INTO meds_for_surgery (surgery_id,med) VALUES (2434,'Clobazam');
INSERT INTO surgery (id,date,patient_id,doctor_id) VALUES (2435,'2019-12-09',6,151);
INSERT INTO meds_for_surgery (surgery_id,med) VALUES (2435,'Mycophenolate');
INSERT INTO surgery (id,date,patient_id,doctor_id) VALUES (2436,'2019-11-30',24,131);
INSERT INTO meds_for_surgery (surgery_id,med) VALUES (2436,'Oxycodone');
INSERT INTO surgery (id,date,patient_id,doctor_id) VALUES (2437,'2019-12-18',328,117);
INSERT INTO meds_for_surgery (surgery_id,med) VALUES (2437,'Tretinoin');
INSERT INTO surgery (id,date,patient_id,doctor_id) VALUES (2438,'2019-12-25',229,451);
INSERT INTO meds_for_surgery (surgery_id,med) VALUES (2438,'Potassium');
INSERT INTO surgery (id,date,patient_id,doctor_id) VALUES (2439,'2019-12-26',83,91);
INSERT INTO meds_for_surgery (surgery_id,med) VALUES (2439,'Thiotepa');
INSERT INTO surgery (id,date,patient_id,doctor_id) VALUES (2440,'2019-11-28',52,479);
INSERT INTO meds_for_surgery (surgery_id,med) VALUES (2440,'Enoxaparin');
INSERT INTO surgery (id,date,patient_id,doctor_id) VALUES (2441,'2019-12-08',46,270);
INSERT INTO meds_for_surgery (surgery_id,med) VALUES (2441,'Ketoconazole');
INSERT INTO surgery (id,date,patient_id,doctor_id) VALUES (2442,'2019-12-04',268,117);
INSERT INTO meds_for_surgery (surgery_id,med) VALUES (2442,'Hydrocodone');
INSERT INTO surgery (id,date,patient_id,doctor_id) VALUES (2443,'2019-12-11',70,62);
INSERT INTO meds_for_surgery (surgery_id,med) VALUES (2443,'Posaconazole');
INSERT INTO surgery (id,date,patient_id,doctor_id) VALUES (2444,'2019-11-24',343,366);
INSERT INTO meds_for_surgery (surgery_id,med) VALUES (2444,'Captopril');
INSERT INTO surgery (id,date,patient_id,doctor_id) VALUES (2445,'2019-11-30',67,247);
INSERT INTO meds_for_surgery (surgery_id,med) VALUES (2445,'Interferon');
INSERT INTO surgery (id,date,patient_id,doctor_id) VALUES (2446,'2019-12-23',499,346);
INSERT INTO meds_for_surgery (surgery_id,med) VALUES (2446,'Dexamethasone');
INSERT INTO surgery (id,date,patient_id,doctor_id) VALUES (2447,'2019-11-30',343,44);
INSERT INTO meds_for_surgery (surgery_id,med) VALUES (2447,'Doxorubicin');
INSERT INTO surgery (id,date,patient_id,doctor_id) VALUES (2448,'2019-12-03',231,151);
INSERT INTO meds_for_surgery (surgery_id,med) VALUES (2448,'Phenobarbital');
INSERT INTO surgery (id,date,patient_id,doctor_id) VALUES (2449,'2019-11-26',498,425);
INSERT INTO meds_for_surgery (surgery_id,med) VALUES (2449,'Irinotecan');
INSERT INTO surgery (id,date,patient_id,doctor_id) VALUES (2450,'2019-12-24',493,7);
INSERT INTO meds_for_surgery (surgery_id,med) VALUES (2450,'Etravirine');
INSERT INTO surgery (id,date,patient_id,doctor_id) VALUES (2451,'2019-12-10',262,491);
INSERT INTO meds_for_surgery (surgery_id,med) VALUES (2451,'Doxorubicin');
INSERT INTO surgery (id,date,patient_id,doctor_id) VALUES (2452,'2019-11-27',231,45);
INSERT INTO meds_for_surgery (surgery_id,med) VALUES (2452,'Dopamine');
INSERT INTO surgery (id,date,patient_id,doctor_id) VALUES (2453,'2019-12-27',329,45);
INSERT INTO meds_for_surgery (surgery_id,med) VALUES (2453,'Gemcitabine');
INSERT INTO surgery (id,date,patient_id,doctor_id) VALUES (2454,'2019-12-24',372,129);
INSERT INTO meds_for_surgery (surgery_id,med) VALUES (2454,'Bortezomib');
INSERT INTO surgery (id,date,patient_id,doctor_id) VALUES (2455,'2019-12-22',255,265);
INSERT INTO meds_for_surgery (surgery_id,med) VALUES (2455,'Erlotinib');
INSERT INTO surgery (id,date,patient_id,doctor_id) VALUES (2456,'2019-12-20',86,78);
INSERT INTO meds_for_surgery (surgery_id,med) VALUES (2456,'Metronidazole');
INSERT INTO surgery (id,date,patient_id,doctor_id) VALUES (2457,'2019-12-14',499,381);
INSERT INTO meds_for_surgery (surgery_id,med) VALUES (2457,'Tretinoin');
INSERT INTO surgery (id,date,patient_id,doctor_id) VALUES (2458,'2019-12-20',53,477);
INSERT INTO meds_for_surgery (surgery_id,med) VALUES (2458,'Lomustine');
INSERT INTO surgery (id,date,patient_id,doctor_id) VALUES (2459,'2019-11-27',67,77);
INSERT INTO meds_for_surgery (surgery_id,med) VALUES (2459,'Granisetron');
INSERT INTO surgery (id,date,patient_id,doctor_id) VALUES (2460,'2019-12-01',80,113);
INSERT INTO meds_for_surgery (surgery_id,med) VALUES (2460,'Crizotinib');
INSERT INTO surgery (id,date,patient_id,doctor_id) VALUES (2461,'2019-11-28',26,129);
INSERT INTO meds_for_surgery (surgery_id,med) VALUES (2461,'Amlodipine');
INSERT INTO surgery (id,date,patient_id,doctor_id) VALUES (2462,'2019-11-27',393,355);
INSERT INTO meds_for_surgery (surgery_id,med) VALUES (2462,'Cephalexin');
INSERT INTO surgery (id,date,patient_id,doctor_id) VALUES (2463,'2019-12-20',371,491);
INSERT INTO meds_for_surgery (surgery_id,med) VALUES (2463,'Carboplatin');
INSERT INTO surgery (id,date,patient_id,doctor_id) VALUES (2464,'2019-12-04',308,209);
INSERT INTO meds_for_surgery (surgery_id,med) VALUES (2464,'Itraconazole');
INSERT INTO surgery (id,date,patient_id,doctor_id) VALUES (2465,'2019-12-23',350,77);
INSERT INTO meds_for_surgery (surgery_id,med) VALUES (2465,'Atenolol');
INSERT INTO surgery (id,date,patient_id,doctor_id) VALUES (2466,'2019-12-20',53,376);
INSERT INTO meds_for_surgery (surgery_id,med) VALUES (2466,'Heparin');
INSERT INTO surgery (id,date,patient_id,doctor_id) VALUES (2467,'2019-12-05',285,238);
INSERT INTO meds_for_surgery (surgery_id,med) VALUES (2467,'Warfarin');
INSERT INTO surgery (id,date,patient_id,doctor_id) VALUES (2468,'2019-12-14',255,112);
INSERT INTO meds_for_surgery (surgery_id,med) VALUES (2468,'Gemtuzumab');
INSERT INTO surgery (id,date,patient_id,doctor_id) VALUES (2469,'2019-11-28',242,278);
INSERT INTO meds_for_surgery (surgery_id,med) VALUES (2469,'Ifosfamide');
INSERT INTO surgery (id,date,patient_id,doctor_id) VALUES (2470,'2019-12-20',156,210);
INSERT INTO meds_for_surgery (surgery_id,med) VALUES (2470,'Cefuroxime');
INSERT INTO surgery (id,date,patient_id,doctor_id) VALUES (2471,'2019-12-24',195,209);
INSERT INTO meds_for_surgery (surgery_id,med) VALUES (2471,'Vorinostat');
INSERT INTO surgery (id,date,patient_id,doctor_id) VALUES (2472,'2019-12-06',372,479);
INSERT INTO meds_for_surgery (surgery_id,med) VALUES (2472,'Lamivudine');
INSERT INTO surgery (id,date,patient_id,doctor_id) VALUES (2473,'2019-12-21',312,422);
INSERT INTO meds_for_surgery (surgery_id,med) VALUES (2473,'Carbamazepine');
INSERT INTO surgery (id,date,patient_id,doctor_id) VALUES (2474,'2019-11-26',123,216);
INSERT INTO meds_for_surgery (surgery_id,med) VALUES (2474,'Dobutamine');
INSERT INTO surgery (id,date,patient_id,doctor_id) VALUES (2475,'2019-12-09',63,44);
INSERT INTO meds_for_surgery (surgery_id,med) VALUES (2475,'Alendronate');
INSERT INTO surgery (id,date,patient_id,doctor_id) VALUES (2476,'2019-12-18',393,77);
INSERT INTO meds_for_surgery (surgery_id,med) VALUES (2476,'Gefitinib');
INSERT INTO surgery (id,date,patient_id,doctor_id) VALUES (2477,'2019-12-17',268,66);
INSERT INTO meds_for_surgery (surgery_id,med) VALUES (2477,'Pentamidine');
INSERT INTO surgery (id,date,patient_id,doctor_id) VALUES (2478,'2019-12-15',139,288);
INSERT INTO meds_for_surgery (surgery_id,med) VALUES (2478,'Tenofovir');
INSERT INTO surgery (id,date,patient_id,doctor_id) VALUES (2479,'2019-12-03',24,129);
INSERT INTO meds_for_surgery (surgery_id,med) VALUES (2479,'Pentamidine');
INSERT INTO surgery (id,date,patient_id,doctor_id) VALUES (2480,'2019-12-18',20,143);
INSERT INTO meds_for_surgery (surgery_id,med) VALUES (2480,'Fluorouracil');
INSERT INTO surgery (id,date,patient_id,doctor_id) VALUES (2481,'2019-11-30',470,256);
INSERT INTO meds_for_surgery (surgery_id,med) VALUES (2481,'Cefixime');
INSERT INTO surgery (id,date,patient_id,doctor_id) VALUES (2482,'2019-12-05',261,478);
INSERT INTO meds_for_surgery (surgery_id,med) VALUES (2482,'Sugammadex');
INSERT INTO surgery (id,date,patient_id,doctor_id) VALUES (2483,'2019-11-24',390,427);
INSERT INTO meds_for_surgery (surgery_id,med) VALUES (2483,'Asparaginase');
INSERT INTO surgery (id,date,patient_id,doctor_id) VALUES (2484,'2019-12-21',255,357);
INSERT INTO meds_for_surgery (surgery_id,med) VALUES (2484,'Muromonab');
INSERT INTO surgery (id,date,patient_id,doctor_id) VALUES (2485,'2019-12-27',419,216);
INSERT INTO meds_for_surgery (surgery_id,med) VALUES (2485,'Linezolid');
INSERT INTO surgery (id,date,patient_id,doctor_id) VALUES (2486,'2019-12-08',156,175);
INSERT INTO meds_for_surgery (surgery_id,med) VALUES (2486,'Doxorubicin');
INSERT INTO surgery (id,date,patient_id,doctor_id) VALUES (2487,'2019-11-29',4,346);
INSERT INTO meds_for_surgery (surgery_id,med) VALUES (2487,'Immune');
INSERT INTO surgery (id,date,patient_id,doctor_id) VALUES (2488,'2019-12-14',229,61);
INSERT INTO meds_for_surgery (surgery_id,med) VALUES (2488,'Elvitegravir');
INSERT INTO surgery (id,date,patient_id,doctor_id) VALUES (2489,'2019-12-01',360,151);
INSERT INTO meds_for_surgery (surgery_id,med) VALUES (2489,'Dinutuximab');
INSERT INTO surgery (id,date,patient_id,doctor_id) VALUES (2490,'2019-12-09',482,210);
INSERT INTO meds_for_surgery (surgery_id,med) VALUES (2490,'Warfarin');
INSERT INTO surgery (id,date,patient_id,doctor_id) VALUES (2491,'2019-11-27',13,386);
INSERT INTO meds_for_surgery (surgery_id,med) VALUES (2491,'Lorazepam');
INSERT INTO surgery (id,date,patient_id,doctor_id) VALUES (2492,'2019-12-20',449,102);
INSERT INTO meds_for_surgery (surgery_id,med) VALUES (2492,'Tobramycin');
INSERT INTO surgery (id,date,patient_id,doctor_id) VALUES (2493,'2019-12-20',417,179);
INSERT INTO meds_for_surgery (surgery_id,med) VALUES (2493,'Bosentan');
INSERT INTO surgery (id,date,patient_id,doctor_id) VALUES (2494,'2019-12-09',401,7);
INSERT INTO meds_for_surgery (surgery_id,med) VALUES (2494,'Erythromycin');
INSERT INTO surgery (id,date,patient_id,doctor_id) VALUES (2495,'2019-11-26',215,40);
INSERT INTO meds_for_surgery (surgery_id,med) VALUES (2495,'Potassium');
INSERT INTO surgery (id,date,patient_id,doctor_id) VALUES (2496,'2019-12-27',426,290);
INSERT INTO meds_for_surgery (surgery_id,med) VALUES (2496,'Tenofovir');
INSERT INTO surgery (id,date,patient_id,doctor_id) VALUES (2497,'2019-11-27',119,327);
INSERT INTO meds_for_surgery (surgery_id,med) VALUES (2497,'Cytarabine');
INSERT INTO surgery (id,date,patient_id,doctor_id) VALUES (2498,'2019-12-17',195,427);
INSERT INTO meds_for_surgery (surgery_id,med) VALUES (2498,'Sunitinib');
INSERT INTO surgery (id,date,patient_id,doctor_id) VALUES (2499,'2019-12-11',69,451);
INSERT INTO meds_for_surgery (surgery_id,med) VALUES (2499,'Prednisone');
INSERT INTO surgery (id,date,patient_id,doctor_id) VALUES (2500,'2019-12-03',230,455);
INSERT INTO meds_for_surgery (surgery_id,med) VALUES (2500,'Rasburicase');
INSERT INTO surgery (id,date,patient_id,doctor_id) VALUES (2501,'2019-12-05',123,355);
INSERT INTO meds_for_surgery (surgery_id,med) VALUES (2501,'Gabapentin');
INSERT INTO surgery (id,date,patient_id,doctor_id) VALUES (2502,'2019-12-26',176,479);
INSERT INTO meds_for_surgery (surgery_id,med) VALUES (2502,'Topotecan');
INSERT INTO surgery (id,date,patient_id,doctor_id) VALUES (2503,'2019-12-26',390,381);
INSERT INTO meds_for_surgery (surgery_id,med) VALUES (2503,'Paclitaxel');
INSERT INTO surgery (id,date,patient_id,doctor_id) VALUES (2504,'2019-12-13',378,199);
INSERT INTO meds_for_surgery (surgery_id,med) VALUES (2504,'Megestrol acetate');
INSERT INTO surgery (id,date,patient_id,doctor_id) VALUES (2505,'2019-12-07',460,414);
INSERT INTO meds_for_surgery (surgery_id,med) VALUES (2505,'Dinutuximab');
INSERT INTO surgery (id,date,patient_id,doctor_id) VALUES (2506,'2019-12-19',431,163);
INSERT INTO meds_for_surgery (surgery_id,med) VALUES (2506,'Topotecan');
INSERT INTO surgery (id,date,patient_id,doctor_id) VALUES (2507,'2019-11-23',119,326);
INSERT INTO meds_for_surgery (surgery_id,med) VALUES (2507,'Phenytoin');
INSERT INTO surgery (id,date,patient_id,doctor_id) VALUES (2508,'2019-12-07',13,125);
INSERT INTO meds_for_surgery (surgery_id,med) VALUES (2508,'Dinutuximab');
INSERT INTO surgery (id,date,patient_id,doctor_id) VALUES (2509,'2019-12-11',230,209);
INSERT INTO meds_for_surgery (surgery_id,med) VALUES (2509,'Ruxolitinib');
INSERT INTO surgery (id,date,patient_id,doctor_id) VALUES (2510,'2019-11-25',13,396);
INSERT INTO meds_for_surgery (surgery_id,med) VALUES (2510,'Enoxaparin');
INSERT INTO surgery (id,date,patient_id,doctor_id) VALUES (2511,'2019-12-22',285,40);
INSERT INTO meds_for_surgery (surgery_id,med) VALUES (2511,'Erlotinib');
INSERT INTO surgery (id,date,patient_id,doctor_id) VALUES (2512,'2019-12-15',365,238);
INSERT INTO meds_for_surgery (surgery_id,med) VALUES (2512,'Amlodipine');
INSERT INTO surgery (id,date,patient_id,doctor_id) VALUES (2513,'2019-12-12',273,451);
INSERT INTO meds_for_surgery (surgery_id,med) VALUES (2513,'Rituximab');
INSERT INTO surgery (id,date,patient_id,doctor_id) VALUES (2514,'2019-12-14',460,355);
INSERT INTO meds_for_surgery (surgery_id,med) VALUES (2514,'Interferon');
INSERT INTO surgery (id,date,patient_id,doctor_id) VALUES (2515,'2019-12-12',440,238);
INSERT INTO meds_for_surgery (surgery_id,med) VALUES (2515,'Amitriptyline');
INSERT INTO surgery (id,date,patient_id,doctor_id) VALUES (2516,'2019-12-26',154,270);
INSERT INTO meds_for_surgery (surgery_id,med) VALUES (2516,'Efavirenz');
INSERT INTO surgery (id,date,patient_id,doctor_id) VALUES (2517,'2019-11-30',385,451);
INSERT INTO meds_for_surgery (surgery_id,med) VALUES (2517,'Magnesium');
INSERT INTO surgery (id,date,patient_id,doctor_id) VALUES (2518,'2019-12-21',448,384);
INSERT INTO meds_for_surgery (surgery_id,med) VALUES (2518,'Vorinostat');
INSERT INTO surgery (id,date,patient_id,doctor_id) VALUES (2519,'2019-12-04',285,381);
INSERT INTO meds_for_surgery (surgery_id,med) VALUES (2519,'Celecoxib');
INSERT INTO surgery (id,date,patient_id,doctor_id) VALUES (2520,'2019-12-08',449,78);
INSERT INTO meds_for_surgery (surgery_id,med) VALUES (2520,'Fluorouracil');
INSERT INTO surgery (id,date,patient_id,doctor_id) VALUES (2521,'2019-12-06',242,62);
INSERT INTO meds_for_surgery (surgery_id,med) VALUES (2521,'Phenobarbital');
INSERT INTO surgery (id,date,patient_id,doctor_id) VALUES (2522,'2019-12-18',33,238);
INSERT INTO meds_for_surgery (surgery_id,med) VALUES (2522,'Clarithromycin');
INSERT INTO surgery (id,date,patient_id,doctor_id) VALUES (2523,'2019-12-06',43,44);
INSERT INTO meds_for_surgery (surgery_id,med) VALUES (2523,'Emicizumab');
INSERT INTO surgery (id,date,patient_id,doctor_id) VALUES (2524,'2019-12-27',266,61);
INSERT INTO meds_for_surgery (surgery_id,med) VALUES (2524,'Itraconazole');
INSERT INTO surgery (id,date,patient_id,doctor_id) VALUES (2525,'2019-12-19',360,216);
INSERT INTO meds_for_surgery (surgery_id,med) VALUES (2525,'Ruxolitinib');
INSERT INTO surgery (id,date,patient_id,doctor_id) VALUES (2526,'2019-12-23',389,228);
INSERT INTO meds_for_surgery (surgery_id,med) VALUES (2526,'Captopril');
INSERT INTO surgery (id,date,patient_id,doctor_id) VALUES (2527,'2019-12-20',469,66);
INSERT INTO meds_for_surgery (surgery_id,med) VALUES (2527,'Busulfan');
INSERT INTO surgery (id,date,patient_id,doctor_id) VALUES (2528,'2019-12-27',498,179);
INSERT INTO meds_for_surgery (surgery_id,med) VALUES (2528,'Didanosine');
INSERT INTO surgery (id,date,patient_id,doctor_id) VALUES (2529,'2019-12-06',255,163);
INSERT INTO meds_for_surgery (surgery_id,med) VALUES (2529,'Ketoconazole');
INSERT INTO surgery (id,date,patient_id,doctor_id) VALUES (2530,'2019-11-24',46,145);
INSERT INTO meds_for_surgery (surgery_id,med) VALUES (2530,'Ifosfamide');
INSERT INTO surgery (id,date,patient_id,doctor_id) VALUES (2531,'2019-11-26',273,265);
INSERT INTO meds_for_surgery (surgery_id,med) VALUES (2531,'Clindamycin');
INSERT INTO surgery (id,date,patient_id,doctor_id) VALUES (2532,'2019-12-25',308,404);
INSERT INTO meds_for_surgery (surgery_id,med) VALUES (2532,'Busulfan');
INSERT INTO surgery (id,date,patient_id,doctor_id) VALUES (2533,'2019-12-10',229,151);
INSERT INTO meds_for_surgery (surgery_id,med) VALUES (2533,'Codeine');
INSERT INTO surgery (id,date,patient_id,doctor_id) VALUES (2534,'2019-12-22',13,478);
INSERT INTO meds_for_surgery (surgery_id,med) VALUES (2534,'Gabapentin');
INSERT INTO surgery (id,date,patient_id,doctor_id) VALUES (2535,'2019-12-14',46,151);
INSERT INTO meds_for_surgery (surgery_id,med) VALUES (2535,'Potassium');
INSERT INTO surgery (id,date,patient_id,doctor_id) VALUES (2536,'2019-11-23',86,455);
INSERT INTO meds_for_surgery (surgery_id,med) VALUES (2536,'Propoxyphene');
INSERT INTO surgery (id,date,patient_id,doctor_id) VALUES (2537,'2019-11-25',350,260);
INSERT INTO meds_for_surgery (surgery_id,med) VALUES (2537,'Hydroxyurea');
INSERT INTO surgery (id,date,patient_id,doctor_id) VALUES (2538,'2019-12-08',328,357);
INSERT INTO meds_for_surgery (surgery_id,med) VALUES (2538,'Isotretinoin');
INSERT INTO surgery (id,date,patient_id,doctor_id) VALUES (2539,'2019-12-16',262,486);
INSERT INTO meds_for_surgery (surgery_id,med) VALUES (2539,'Amlodipine');
INSERT INTO surgery (id,date,patient_id,doctor_id) VALUES (2540,'2019-12-07',123,131);
INSERT INTO meds_for_surgery (surgery_id,med) VALUES (2540,'Rituximab');
INSERT INTO surgery (id,date,patient_id,doctor_id) VALUES (2541,'2019-12-15',6,143);
INSERT INTO meds_for_surgery (surgery_id,med) VALUES (2541,'Methadone');
INSERT INTO surgery (id,date,patient_id,doctor_id) VALUES (2542,'2019-12-09',176,41);
INSERT INTO meds_for_surgery (surgery_id,med) VALUES (2542,'Interferon');
INSERT INTO surgery (id,date,patient_id,doctor_id) VALUES (2543,'2019-12-06',481,131);
INSERT INTO meds_for_surgery (surgery_id,med) VALUES (2543,'Gemtuzumab');
INSERT INTO surgery (id,date,patient_id,doctor_id) VALUES (2544,'2019-12-26',365,451);
INSERT INTO meds_for_surgery (surgery_id,med) VALUES (2544,'Efavirenz');
INSERT INTO surgery (id,date,patient_id,doctor_id) VALUES (2545,'2019-12-23',364,216);
INSERT INTO meds_for_surgery (surgery_id,med) VALUES (2545,'Nelfinavir');
INSERT INTO surgery (id,date,patient_id,doctor_id) VALUES (2546,'2019-12-15',38,452);
INSERT INTO meds_for_surgery (surgery_id,med) VALUES (2546,'Fluorouracil');
INSERT INTO surgery (id,date,patient_id,doctor_id) VALUES (2547,'2019-12-10',38,421);
INSERT INTO meds_for_surgery (surgery_id,med) VALUES (2547,'Gabapentin');
INSERT INTO surgery (id,date,patient_id,doctor_id) VALUES (2548,'2019-11-29',372,260);
INSERT INTO meds_for_surgery (surgery_id,med) VALUES (2548,'Melphalan');
INSERT INTO surgery (id,date,patient_id,doctor_id) VALUES (2549,'2019-12-26',268,290);
INSERT INTO meds_for_surgery (surgery_id,med) VALUES (2549,'Rituximab');
INSERT INTO surgery (id,date,patient_id,doctor_id) VALUES (2550,'2019-11-27',364,62);
INSERT INTO meds_for_surgery (surgery_id,med) VALUES (2550,'Cyproheptadine');
INSERT INTO surgery (id,date,patient_id,doctor_id) VALUES (2551,'2019-12-07',43,163);
INSERT INTO meds_for_surgery (surgery_id,med) VALUES (2551,'Gefitinib');
INSERT INTO surgery (id,date,patient_id,doctor_id) VALUES (2552,'2019-11-26',335,208);
INSERT INTO meds_for_surgery (surgery_id,med) VALUES (2552,'Lorazepam');
INSERT INTO surgery (id,date,patient_id,doctor_id) VALUES (2553,'2019-11-30',449,44);
INSERT INTO meds_for_surgery (surgery_id,med) VALUES (2553,'Captopril');
INSERT INTO surgery (id,date,patient_id,doctor_id) VALUES (2554,'2019-12-26',251,41);
INSERT INTO meds_for_surgery (surgery_id,med) VALUES (2554,'Eltrombopag');
INSERT INTO surgery (id,date,patient_id,doctor_id) VALUES (2555,'2019-12-16',365,159);
INSERT INTO meds_for_surgery (surgery_id,med) VALUES (2555,'Deferasirox');
INSERT INTO surgery (id,date,patient_id,doctor_id) VALUES (2556,'2019-11-27',18,478);
INSERT INTO meds_for_surgery (surgery_id,med) VALUES (2556,'Heparin');
INSERT INTO surgery (id,date,patient_id,doctor_id) VALUES (2557,'2019-11-26',188,66);
INSERT INTO meds_for_surgery (surgery_id,med) VALUES (2557,'Dasatinib');
INSERT INTO surgery (id,date,patient_id,doctor_id) VALUES (2558,'2019-12-25',83,452);
INSERT INTO meds_for_surgery (surgery_id,med) VALUES (2558,'Carmustine');
INSERT INTO surgery (id,date,patient_id,doctor_id) VALUES (2559,'2019-11-25',252,451);
INSERT INTO meds_for_surgery (surgery_id,med) VALUES (2559,'Meropenem');
INSERT INTO surgery (id,date,patient_id,doctor_id) VALUES (2560,'2019-11-25',18,208);
INSERT INTO meds_for_surgery (surgery_id,med) VALUES (2560,'Sunitinib');
INSERT INTO surgery (id,date,patient_id,doctor_id) VALUES (2561,'2019-12-08',350,247);
INSERT INTO meds_for_surgery (surgery_id,med) VALUES (2561,'Clofarabine');
INSERT INTO surgery (id,date,patient_id,doctor_id) VALUES (2562,'2019-12-07',328,376);
INSERT INTO meds_for_surgery (surgery_id,med) VALUES (2562,'Cyclosporine');
INSERT INTO surgery (id,date,patient_id,doctor_id) VALUES (2563,'2019-12-22',431,64);
INSERT INTO meds_for_surgery (surgery_id,med) VALUES (2563,'Phosphorus');
INSERT INTO surgery (id,date,patient_id,doctor_id) VALUES (2564,'2019-12-14',18,238);
INSERT INTO meds_for_surgery (surgery_id,med) VALUES (2564,'Carboplatin');
INSERT INTO surgery (id,date,patient_id,doctor_id) VALUES (2565,'2019-12-11',229,61);
INSERT INTO meds_for_surgery (surgery_id,med) VALUES (2565,'Codeine');
INSERT INTO surgery (id,date,patient_id,doctor_id) VALUES (2566,'2019-12-26',372,179);
INSERT INTO meds_for_surgery (surgery_id,med) VALUES (2566,'Tenofovir');
INSERT INTO surgery (id,date,patient_id,doctor_id) VALUES (2567,'2019-12-16',431,117);
INSERT INTO meds_for_surgery (surgery_id,med) VALUES (2567,'Vorinostat');
INSERT INTO surgery (id,date,patient_id,doctor_id) VALUES (2568,'2019-11-27',230,381);
INSERT INTO meds_for_surgery (surgery_id,med) VALUES (2568,'Mesna');
INSERT INTO surgery (id,date,patient_id,doctor_id) VALUES (2569,'2019-11-23',18,163);
INSERT INTO meds_for_surgery (surgery_id,med) VALUES (2569,'Captopril');
INSERT INTO surgery (id,date,patient_id,doctor_id) VALUES (2570,'2019-11-30',156,270);
INSERT INTO meds_for_surgery (surgery_id,med) VALUES (2570,'Atovaquone');
INSERT INTO surgery (id,date,patient_id,doctor_id) VALUES (2571,'2019-11-24',69,397);
INSERT INTO meds_for_surgery (surgery_id,med) VALUES (2571,'Levothyroxine');
INSERT INTO surgery (id,date,patient_id,doctor_id) VALUES (2572,'2019-12-11',24,64);
INSERT INTO meds_for_surgery (surgery_id,med) VALUES (2572,'Maraviroc');
INSERT INTO surgery (id,date,patient_id,doctor_id) VALUES (2573,'2019-12-08',365,491);
INSERT INTO meds_for_surgery (surgery_id,med) VALUES (2573,'Imipenem');
INSERT INTO surgery (id,date,patient_id,doctor_id) VALUES (2574,'2019-12-06',329,45);
INSERT INTO meds_for_surgery (surgery_id,med) VALUES (2574,'Procarbazine');
INSERT INTO surgery (id,date,patient_id,doctor_id) VALUES (2575,'2019-12-11',253,422);
INSERT INTO meds_for_surgery (surgery_id,med) VALUES (2575,'Pentamidine');
INSERT INTO surgery (id,date,patient_id,doctor_id) VALUES (2576,'2019-12-24',493,45);
INSERT INTO meds_for_surgery (surgery_id,med) VALUES (2576,'Asparaginase');
INSERT INTO surgery (id,date,patient_id,doctor_id) VALUES (2577,'2019-12-14',470,381);
INSERT INTO meds_for_surgery (surgery_id,med) VALUES (2577,'Tobramycin');
INSERT INTO surgery (id,date,patient_id,doctor_id) VALUES (2578,'2019-12-18',251,495);
INSERT INTO meds_for_surgery (surgery_id,med) VALUES (2578,'Hydromorphone');
INSERT INTO surgery (id,date,patient_id,doctor_id) VALUES (2579,'2019-12-11',343,145);
INSERT INTO meds_for_surgery (surgery_id,med) VALUES (2579,'Penicillin');
INSERT INTO surgery (id,date,patient_id,doctor_id) VALUES (2580,'2019-11-27',482,270);
INSERT INTO meds_for_surgery (surgery_id,med) VALUES (2580,'Daunorubicin');
INSERT INTO surgery (id,date,patient_id,doctor_id) VALUES (2581,'2019-12-17',20,91);
INSERT INTO meds_for_surgery (surgery_id,med) VALUES (2581,'Busulfan');
INSERT INTO surgery (id,date,patient_id,doctor_id) VALUES (2582,'2019-11-23',360,151);
INSERT INTO meds_for_surgery (surgery_id,med) VALUES (2582,'G-CSF');
INSERT INTO surgery (id,date,patient_id,doctor_id) VALUES (2583,'2019-12-01',67,290);
INSERT INTO meds_for_surgery (surgery_id,med) VALUES (2583,'Hydrocodone');
INSERT INTO surgery (id,date,patient_id,doctor_id) VALUES (2584,'2019-11-27',242,64);
INSERT INTO meds_for_surgery (surgery_id,med) VALUES (2584,'Etoposide');
INSERT INTO surgery (id,date,patient_id,doctor_id) VALUES (2585,'2019-12-04',285,425);
INSERT INTO meds_for_surgery (surgery_id,med) VALUES (2585,'Dactinomycin');
INSERT INTO surgery (id,date,patient_id,doctor_id) VALUES (2586,'2019-11-27',443,66);
INSERT INTO meds_for_surgery (surgery_id,med) VALUES (2586,'Elvitegravir');
INSERT INTO surgery (id,date,patient_id,doctor_id) VALUES (2587,'2019-12-21',46,384);
INSERT INTO meds_for_surgery (surgery_id,med) VALUES (2587,'Amlodipine');
INSERT INTO surgery (id,date,patient_id,doctor_id) VALUES (2588,'2019-11-23',262,495);
INSERT INTO meds_for_surgery (surgery_id,med) VALUES (2588,'Gabapentin');
INSERT INTO surgery (id,date,patient_id,doctor_id) VALUES (2589,'2019-12-10',266,151);
INSERT INTO meds_for_surgery (surgery_id,med) VALUES (2589,'Enoxaparin');
INSERT INTO surgery (id,date,patient_id,doctor_id) VALUES (2590,'2019-12-13',52,454);
INSERT INTO meds_for_surgery (surgery_id,med) VALUES (2590,'PEGaspargase');
INSERT INTO surgery (id,date,patient_id,doctor_id) VALUES (2591,'2019-12-22',154,326);
INSERT INTO meds_for_surgery (surgery_id,med) VALUES (2591,'GM-CSF');
INSERT INTO surgery (id,date,patient_id,doctor_id) VALUES (2592,'2019-12-13',63,260);
INSERT INTO meds_for_surgery (surgery_id,med) VALUES (2592,'Dopamine');
INSERT INTO surgery (id,date,patient_id,doctor_id) VALUES (2593,'2019-12-06',83,455);
INSERT INTO meds_for_surgery (surgery_id,med) VALUES (2593,'Clofarabine');
INSERT INTO surgery (id,date,patient_id,doctor_id) VALUES (2594,'2019-11-23',389,145);
INSERT INTO meds_for_surgery (surgery_id,med) VALUES (2594,'Carmustine');
INSERT INTO surgery (id,date,patient_id,doctor_id) VALUES (2595,'2019-12-02',176,117);
INSERT INTO meds_for_surgery (surgery_id,med) VALUES (2595,'Tretinoin');
INSERT INTO surgery (id,date,patient_id,doctor_id) VALUES (2596,'2019-12-16',273,179);
INSERT INTO meds_for_surgery (surgery_id,med) VALUES (2596,'Clindamycin');
INSERT INTO surgery (id,date,patient_id,doctor_id) VALUES (2597,'2019-11-27',268,355);
INSERT INTO meds_for_surgery (surgery_id,med) VALUES (2597,'Promethazine');
INSERT INTO surgery (id,date,patient_id,doctor_id) VALUES (2598,'2019-12-06',33,84);
INSERT INTO meds_for_surgery (surgery_id,med) VALUES (2598,'Bleomycin');
INSERT INTO surgery (id,date,patient_id,doctor_id) VALUES (2599,'2019-12-15',176,451);
INSERT INTO meds_for_surgery (surgery_id,med) VALUES (2599,'Tenofovir');
INSERT INTO surgery (id,date,patient_id,doctor_id) VALUES (2600,'2019-12-16',419,179);
INSERT INTO meds_for_surgery (surgery_id,med) VALUES (2600,'Granisetron');
INSERT INTO surgery (id,date,patient_id,doctor_id) VALUES (2601,'2019-11-24',231,278);
INSERT INTO meds_for_surgery (surgery_id,med) VALUES (2601,'Desmopressin');
INSERT INTO surgery (id,date,patient_id,doctor_id) VALUES (2602,'2019-12-17',137,210);
INSERT INTO meds_for_surgery (surgery_id,med) VALUES (2602,'Mycophenolate');
INSERT INTO surgery (id,date,patient_id,doctor_id) VALUES (2603,'2019-12-05',242,163);
INSERT INTO meds_for_surgery (surgery_id,med) VALUES (2603,'Morphine');
INSERT INTO surgery (id,date,patient_id,doctor_id) VALUES (2604,'2019-12-02',233,386);
INSERT INTO meds_for_surgery (surgery_id,med) VALUES (2604,'Potassium');
INSERT INTO surgery (id,date,patient_id,doctor_id) VALUES (2605,'2019-11-27',360,477);
INSERT INTO meds_for_surgery (surgery_id,med) VALUES (2605,'Hydrocodone');
INSERT INTO surgery (id,date,patient_id,doctor_id) VALUES (2606,'2019-11-29',75,478);
INSERT INTO meds_for_surgery (surgery_id,med) VALUES (2606,'Abacavir');
INSERT INTO surgery (id,date,patient_id,doctor_id) VALUES (2607,'2019-12-16',231,495);
INSERT INTO meds_for_surgery (surgery_id,med) VALUES (2607,'Bortezomib');
INSERT INTO surgery (id,date,patient_id,doctor_id) VALUES (2608,'2019-12-03',449,384);
INSERT INTO meds_for_surgery (surgery_id,med) VALUES (2608,'Pegfilgrastim');
INSERT INTO surgery (id,date,patient_id,doctor_id) VALUES (2609,'2019-12-03',18,143);
INSERT INTO meds_for_surgery (surgery_id,med) VALUES (2609,'Clarithromycin');
INSERT INTO surgery (id,date,patient_id,doctor_id) VALUES (2610,'2019-12-12',139,151);
INSERT INTO meds_for_surgery (surgery_id,med) VALUES (2610,'Mechlorethamine');
INSERT INTO surgery (id,date,patient_id,doctor_id) VALUES (2611,'2019-12-06',273,77);
INSERT INTO meds_for_surgery (surgery_id,med) VALUES (2611,'Gemcitabine');
INSERT INTO surgery (id,date,patient_id,doctor_id) VALUES (2612,'2019-12-24',26,19);
INSERT INTO meds_for_surgery (surgery_id,med) VALUES (2612,'Amoxicillin');
INSERT INTO surgery (id,date,patient_id,doctor_id) VALUES (2613,'2019-12-03',440,452);
INSERT INTO meds_for_surgery (surgery_id,med) VALUES (2613,'Pentamidine');
INSERT INTO surgery (id,date,patient_id,doctor_id) VALUES (2614,'2019-11-25',137,288);
INSERT INTO meds_for_surgery (surgery_id,med) VALUES (2614,'G-CSF');
INSERT INTO surgery (id,date,patient_id,doctor_id) VALUES (2615,'2019-12-12',52,125);
INSERT INTO meds_for_surgery (surgery_id,med) VALUES (2615,'Carboplatin');
INSERT INTO surgery (id,date,patient_id,doctor_id) VALUES (2616,'2019-12-04',119,112);
INSERT INTO meds_for_surgery (surgery_id,med) VALUES (2616,'Phenobarbital');
INSERT INTO surgery (id,date,patient_id,doctor_id) VALUES (2617,'2019-12-09',469,131);
INSERT INTO meds_for_surgery (surgery_id,med) VALUES (2617,'Oxycodone');
INSERT INTO surgery (id,date,patient_id,doctor_id) VALUES (2618,'2019-12-27',400,125);
INSERT INTO meds_for_surgery (surgery_id,med) VALUES (2618,'Celecoxib');
INSERT INTO surgery (id,date,patient_id,doctor_id) VALUES (2619,'2019-12-22',123,260);
INSERT INTO meds_for_surgery (surgery_id,med) VALUES (2619,'Posaconazole');
INSERT INTO surgery (id,date,patient_id,doctor_id) VALUES (2620,'2019-12-19',329,175);
INSERT INTO meds_for_surgery (surgery_id,med) VALUES (2620,'Hydralazine');
INSERT INTO surgery (id,date,patient_id,doctor_id) VALUES (2621,'2019-11-26',440,112);
INSERT INTO meds_for_surgery (surgery_id,med) VALUES (2621,'Immune');
INSERT INTO surgery (id,date,patient_id,doctor_id) VALUES (2622,'2019-12-15',252,77);
INSERT INTO meds_for_surgery (surgery_id,med) VALUES (2622,'Valproic acid');
INSERT INTO surgery (id,date,patient_id,doctor_id) VALUES (2623,'2019-11-25',242,396);
INSERT INTO meds_for_surgery (surgery_id,med) VALUES (2623,'G-CSF');
INSERT INTO surgery (id,date,patient_id,doctor_id) VALUES (2624,'2019-12-27',86,159);
INSERT INTO meds_for_surgery (surgery_id,med) VALUES (2624,'Vorinostat');
INSERT INTO surgery (id,date,patient_id,doctor_id) VALUES (2625,'2019-12-07',266,366);
INSERT INTO meds_for_surgery (surgery_id,med) VALUES (2625,'G-CSF');
INSERT INTO surgery (id,date,patient_id,doctor_id) VALUES (2626,'2019-12-04',188,91);
INSERT INTO meds_for_surgery (surgery_id,med) VALUES (2626,'Vorinostat');
INSERT INTO surgery (id,date,patient_id,doctor_id) VALUES (2627,'2019-12-19',460,44);
INSERT INTO meds_for_surgery (surgery_id,med) VALUES (2627,'Probenecid');
INSERT INTO surgery (id,date,patient_id,doctor_id) VALUES (2628,'2019-12-05',139,163);
INSERT INTO meds_for_surgery (surgery_id,med) VALUES (2628,'Modafinil');
INSERT INTO surgery (id,date,patient_id,doctor_id) VALUES (2629,'2019-12-13',334,278);
INSERT INTO meds_for_surgery (surgery_id,med) VALUES (2629,'Desmopressin');
INSERT INTO surgery (id,date,patient_id,doctor_id) VALUES (2630,'2019-11-25',33,61);
INSERT INTO meds_for_surgery (surgery_id,med) VALUES (2630,'Dronabinol');
INSERT INTO surgery (id,date,patient_id,doctor_id) VALUES (2631,'2019-11-26',398,112);
INSERT INTO meds_for_surgery (surgery_id,med) VALUES (2631,'Mesna');
INSERT INTO surgery (id,date,patient_id,doctor_id) VALUES (2632,'2019-12-04',70,399);
INSERT INTO meds_for_surgery (surgery_id,med) VALUES (2632,'Cefepime');
INSERT INTO surgery (id,date,patient_id,doctor_id) VALUES (2633,'2019-12-11',365,125);
INSERT INTO meds_for_surgery (surgery_id,med) VALUES (2633,'Dasatinib');
INSERT INTO surgery (id,date,patient_id,doctor_id) VALUES (2634,'2019-12-14',273,278);
INSERT INTO meds_for_surgery (surgery_id,med) VALUES (2634,'Prednisone');
INSERT INTO surgery (id,date,patient_id,doctor_id) VALUES (2635,'2019-12-18',498,299);
INSERT INTO meds_for_surgery (surgery_id,med) VALUES (2635,'Sucralfate');
INSERT INTO surgery (id,date,patient_id,doctor_id) VALUES (2636,'2019-12-11',273,491);
INSERT INTO meds_for_surgery (surgery_id,med) VALUES (2636,'Erythromycin');
INSERT INTO surgery (id,date,patient_id,doctor_id) VALUES (2637,'2019-12-11',443,260);
INSERT INTO meds_for_surgery (surgery_id,med) VALUES (2637,'Cephalexin');
INSERT INTO surgery (id,date,patient_id,doctor_id) VALUES (2638,'2019-12-14',268,299);
INSERT INTO meds_for_surgery (surgery_id,med) VALUES (2638,'Omeprazole');
INSERT INTO surgery (id,date,patient_id,doctor_id) VALUES (2639,'2019-12-01',443,125);
INSERT INTO meds_for_surgery (surgery_id,med) VALUES (2639,'Nevirapine');
INSERT INTO surgery (id,date,patient_id,doctor_id) VALUES (2640,'2019-12-08',499,455);
INSERT INTO meds_for_surgery (surgery_id,med) VALUES (2640,'Erythromycin');
INSERT INTO surgery (id,date,patient_id,doctor_id) VALUES (2641,'2019-12-01',195,421);
INSERT INTO meds_for_surgery (surgery_id,med) VALUES (2641,'Rivaroxaban');
INSERT INTO surgery (id,date,patient_id,doctor_id) VALUES (2642,'2019-12-13',334,299);
INSERT INTO meds_for_surgery (surgery_id,med) VALUES (2642,'Methotrexate');
INSERT INTO surgery (id,date,patient_id,doctor_id) VALUES (2643,'2019-11-26',312,396);
INSERT INTO meds_for_surgery (surgery_id,med) VALUES (2643,'Emicizumab');
INSERT INTO surgery (id,date,patient_id,doctor_id) VALUES (2644,'2019-12-15',242,77);
INSERT INTO meds_for_surgery (surgery_id,med) VALUES (2644,'Deferasirox');
INSERT INTO surgery (id,date,patient_id,doctor_id) VALUES (2645,'2019-12-21',176,208);
INSERT INTO meds_for_surgery (surgery_id,med) VALUES (2645,'PEGaspargase');
INSERT INTO surgery (id,date,patient_id,doctor_id) VALUES (2646,'2019-12-12',20,381);
INSERT INTO meds_for_surgery (surgery_id,med) VALUES (2646,'Busulfan');
INSERT INTO surgery (id,date,patient_id,doctor_id) VALUES (2647,'2019-12-16',482,113);
INSERT INTO meds_for_surgery (surgery_id,med) VALUES (2647,'Immune');
INSERT INTO surgery (id,date,patient_id,doctor_id) VALUES (2648,'2019-12-09',364,454);
INSERT INTO meds_for_surgery (surgery_id,med) VALUES (2648,'Tenofovir');
INSERT INTO surgery (id,date,patient_id,doctor_id) VALUES (2649,'2019-12-12',460,260);
INSERT INTO meds_for_surgery (surgery_id,med) VALUES (2649,'Levothyroxine');
INSERT INTO surgery (id,date,patient_id,doctor_id) VALUES (2650,'2019-12-07',393,399);
INSERT INTO meds_for_surgery (surgery_id,med) VALUES (2650,'Rasburicase');
INSERT INTO surgery (id,date,patient_id,doctor_id) VALUES (2651,'2019-12-19',176,455);
INSERT INTO meds_for_surgery (surgery_id,med) VALUES (2651,'Amitriptyline');
INSERT INTO surgery (id,date,patient_id,doctor_id) VALUES (2652,'2019-11-23',481,179);
INSERT INTO meds_for_surgery (surgery_id,med) VALUES (2652,'Probenecid');
INSERT INTO surgery (id,date,patient_id,doctor_id) VALUES (2653,'2019-12-25',285,397);
INSERT INTO meds_for_surgery (surgery_id,med) VALUES (2653,'Rituximab');
INSERT INTO surgery (id,date,patient_id,doctor_id) VALUES (2654,'2019-11-25',154,40);
INSERT INTO meds_for_surgery (surgery_id,med) VALUES (2654,'Temozolomide');
INSERT INTO surgery (id,date,patient_id,doctor_id) VALUES (2655,'2019-12-08',335,477);
INSERT INTO meds_for_surgery (surgery_id,med) VALUES (2655,'Linezolid');
INSERT INTO surgery (id,date,patient_id,doctor_id) VALUES (2656,'2019-12-07',24,238);
INSERT INTO meds_for_surgery (surgery_id,med) VALUES (2656,'Ritonavir');
INSERT INTO surgery (id,date,patient_id,doctor_id) VALUES (2657,'2019-12-13',448,64);
INSERT INTO meds_for_surgery (surgery_id,med) VALUES (2657,'Immune');
INSERT INTO surgery (id,date,patient_id,doctor_id) VALUES (2658,'2019-12-25',20,145);
INSERT INTO meds_for_surgery (surgery_id,med) VALUES (2658,'Omeprazole');
INSERT INTO surgery (id,date,patient_id,doctor_id) VALUES (2659,'2019-12-09',372,61);
INSERT INTO meds_for_surgery (surgery_id,med) VALUES (2659,'Daunorubicin');
INSERT INTO surgery (id,date,patient_id,doctor_id) VALUES (2660,'2019-12-20',343,376);
INSERT INTO meds_for_surgery (surgery_id,med) VALUES (2660,'Procarbazine');
INSERT INTO surgery (id,date,patient_id,doctor_id) VALUES (2661,'2019-12-15',176,91);
INSERT INTO meds_for_surgery (surgery_id,med) VALUES (2661,'Vincristine');
INSERT INTO surgery (id,date,patient_id,doctor_id) VALUES (2662,'2019-12-11',4,425);
INSERT INTO meds_for_surgery (surgery_id,med) VALUES (2662,'Dexamethasone');
INSERT INTO surgery (id,date,patient_id,doctor_id) VALUES (2663,'2019-11-28',75,216);
INSERT INTO meds_for_surgery (surgery_id,med) VALUES (2663,'Phosphorus');
INSERT INTO surgery (id,date,patient_id,doctor_id) VALUES (2664,'2019-12-10',419,479);
INSERT INTO meds_for_surgery (surgery_id,med) VALUES (2664,'Elvitegravir');
INSERT INTO surgery (id,date,patient_id,doctor_id) VALUES (2665,'2019-12-01',192,479);
INSERT INTO meds_for_surgery (surgery_id,med) VALUES (2665,'Thiotepa');
INSERT INTO surgery (id,date,patient_id,doctor_id) VALUES (2666,'2019-12-18',18,299);
INSERT INTO meds_for_surgery (surgery_id,med) VALUES (2666,'Phenytoin');
INSERT INTO surgery (id,date,patient_id,doctor_id) VALUES (2667,'2019-12-08',43,102);
INSERT INTO meds_for_surgery (surgery_id,med) VALUES (2667,'Erythromycin');
INSERT INTO surgery (id,date,patient_id,doctor_id) VALUES (2668,'2019-12-02',146,256);
INSERT INTO meds_for_surgery (surgery_id,med) VALUES (2668,'G-CSF');
INSERT INTO surgery (id,date,patient_id,doctor_id) VALUES (2669,'2019-11-23',53,327);
INSERT INTO meds_for_surgery (surgery_id,med) VALUES (2669,'Cidofovir');
INSERT INTO surgery (id,date,patient_id,doctor_id) VALUES (2670,'2019-12-15',230,404);
INSERT INTO meds_for_surgery (surgery_id,med) VALUES (2670,'Saquinavir');
INSERT INTO surgery (id,date,patient_id,doctor_id) VALUES (2671,'2019-12-06',360,479);
INSERT INTO meds_for_surgery (surgery_id,med) VALUES (2671,'Celecoxib');
INSERT INTO surgery (id,date,patient_id,doctor_id) VALUES (2672,'2019-12-07',498,366);
INSERT INTO meds_for_surgery (surgery_id,med) VALUES (2672,'Probenecid');
INSERT INTO surgery (id,date,patient_id,doctor_id) VALUES (2673,'2019-11-25',372,376);
INSERT INTO meds_for_surgery (surgery_id,med) VALUES (2673,'Imatinib');
INSERT INTO surgery (id,date,patient_id,doctor_id) VALUES (2674,'2019-11-25',80,61);
INSERT INTO meds_for_surgery (surgery_id,med) VALUES (2674,'Carmustine');
INSERT INTO surgery (id,date,patient_id,doctor_id) VALUES (2675,'2019-12-01',273,131);
INSERT INTO meds_for_surgery (surgery_id,med) VALUES (2675,'Dinutuximab');
INSERT INTO surgery (id,date,patient_id,doctor_id) VALUES (2676,'2019-11-26',253,421);
INSERT INTO meds_for_surgery (surgery_id,med) VALUES (2676,'Topotecan');
INSERT INTO surgery (id,date,patient_id,doctor_id) VALUES (2677,'2019-12-20',469,381);
INSERT INTO meds_for_surgery (surgery_id,med) VALUES (2677,'Acyclovir');
INSERT INTO surgery (id,date,patient_id,doctor_id) VALUES (2678,'2019-12-07',449,210);
INSERT INTO meds_for_surgery (surgery_id,med) VALUES (2678,'Cisplatin');
INSERT INTO surgery (id,date,patient_id,doctor_id) VALUES (2679,'2019-11-24',365,40);
INSERT INTO meds_for_surgery (surgery_id,med) VALUES (2679,'PEGaspargase');
INSERT INTO surgery (id,date,patient_id,doctor_id) VALUES (2680,'2019-11-28',63,451);
INSERT INTO meds_for_surgery (surgery_id,med) VALUES (2680,'Fluorouracil');
INSERT INTO surgery (id,date,patient_id,doctor_id) VALUES (2681,'2019-11-30',176,422);
INSERT INTO meds_for_surgery (surgery_id,med) VALUES (2681,'Efavirenz');
INSERT INTO surgery (id,date,patient_id,doctor_id) VALUES (2682,'2019-12-14',69,19);
INSERT INTO meds_for_surgery (surgery_id,med) VALUES (2682,'Probenecid');
INSERT INTO surgery (id,date,patient_id,doctor_id) VALUES (2683,'2019-12-24',70,102);
INSERT INTO meds_for_surgery (surgery_id,med) VALUES (2683,'Imipenem');
INSERT INTO surgery (id,date,patient_id,doctor_id) VALUES (2684,'2019-11-29',70,238);
INSERT INTO meds_for_surgery (surgery_id,med) VALUES (2684,'Mesna');
INSERT INTO surgery (id,date,patient_id,doctor_id) VALUES (2685,'2019-12-02',440,355);
INSERT INTO meds_for_surgery (surgery_id,med) VALUES (2685,'Elvitegravir');
INSERT INTO surgery (id,date,patient_id,doctor_id) VALUES (2686,'2019-12-02',334,61);
INSERT INTO meds_for_surgery (surgery_id,med) VALUES (2686,'G-CSF');
INSERT INTO surgery (id,date,patient_id,doctor_id) VALUES (2687,'2019-11-28',195,131);
INSERT INTO meds_for_surgery (surgery_id,med) VALUES (2687,'Temozolomide');
INSERT INTO surgery (id,date,patient_id,doctor_id) VALUES (2688,'2019-12-10',261,451);
INSERT INTO meds_for_surgery (surgery_id,med) VALUES (2688,'Pegfilgrastim');
INSERT INTO surgery (id,date,patient_id,doctor_id) VALUES (2689,'2019-11-25',80,290);
INSERT INTO meds_for_surgery (surgery_id,med) VALUES (2689,'Cefepime');
INSERT INTO surgery (id,date,patient_id,doctor_id) VALUES (2690,'2019-12-09',335,145);
INSERT INTO meds_for_surgery (surgery_id,med) VALUES (2690,'Rivaroxaban');
INSERT INTO surgery (id,date,patient_id,doctor_id) VALUES (2691,'2019-11-26',262,41);
INSERT INTO meds_for_surgery (surgery_id,med) VALUES (2691,'Vancomycin');
INSERT INTO surgery (id,date,patient_id,doctor_id) VALUES (2692,'2019-11-28',360,143);
INSERT INTO meds_for_surgery (surgery_id,med) VALUES (2692,'Thiotepa');
INSERT INTO surgery (id,date,patient_id,doctor_id) VALUES (2693,'2019-11-28',46,397);
INSERT INTO meds_for_surgery (surgery_id,med) VALUES (2693,'Penicillin');
INSERT INTO surgery (id,date,patient_id,doctor_id) VALUES (2694,'2019-12-01',334,478);
INSERT INTO meds_for_surgery (surgery_id,med) VALUES (2694,'Topotecan');
INSERT INTO surgery (id,date,patient_id,doctor_id) VALUES (2695,'2019-11-25',481,386);
INSERT INTO meds_for_surgery (surgery_id,med) VALUES (2695,'Bosentan');
INSERT INTO surgery (id,date,patient_id,doctor_id) VALUES (2696,'2019-11-23',18,143);
INSERT INTO meds_for_surgery (surgery_id,med) VALUES (2696,'Baclofen');
INSERT INTO surgery (id,date,patient_id,doctor_id) VALUES (2697,'2019-12-01',255,208);
INSERT INTO meds_for_surgery (surgery_id,med) VALUES (2697,'Phenytoin');
INSERT INTO surgery (id,date,patient_id,doctor_id) VALUES (2698,'2019-11-27',499,422);
INSERT INTO meds_for_surgery (surgery_id,med) VALUES (2698,'Zidovudine');
INSERT INTO surgery (id,date,patient_id,doctor_id) VALUES (2699,'2019-12-10',229,290);
INSERT INTO meds_for_surgery (surgery_id,med) VALUES (2699,'Imipenem');
INSERT INTO surgery (id,date,patient_id,doctor_id) VALUES (2700,'2019-12-27',231,404);
INSERT INTO meds_for_surgery (surgery_id,med) VALUES (2700,'Posaconazole');
INSERT INTO surgery (id,date,patient_id,doctor_id) VALUES (2701,'2019-11-27',285,91);
INSERT INTO meds_for_surgery (surgery_id,med) VALUES (2701,'Amikacin');
INSERT INTO surgery (id,date,patient_id,doctor_id) VALUES (2702,'2019-12-21',195,427);
INSERT INTO meds_for_surgery (surgery_id,med) VALUES (2702,'Ruxolitinib');
INSERT INTO surgery (id,date,patient_id,doctor_id) VALUES (2703,'2019-12-22',233,216);
INSERT INTO meds_for_surgery (surgery_id,med) VALUES (2703,'Lopinavir');
INSERT INTO surgery (id,date,patient_id,doctor_id) VALUES (2704,'2019-12-22',137,454);
INSERT INTO meds_for_surgery (surgery_id,med) VALUES (2704,'Valproic acid');
INSERT INTO surgery (id,date,patient_id,doctor_id) VALUES (2705,'2019-11-27',350,404);
INSERT INTO meds_for_surgery (surgery_id,med) VALUES (2705,'Micafungin');
INSERT INTO surgery (id,date,patient_id,doctor_id) VALUES (2706,'2019-12-11',18,77);
INSERT INTO meds_for_surgery (surgery_id,med) VALUES (2706,'Carboplatin');
INSERT INTO surgery (id,date,patient_id,doctor_id) VALUES (2707,'2019-11-28',119,98);
INSERT INTO meds_for_surgery (surgery_id,med) VALUES (2707,'Levothyroxine');
INSERT INTO surgery (id,date,patient_id,doctor_id) VALUES (2708,'2019-12-05',262,452);
INSERT INTO meds_for_surgery (surgery_id,med) VALUES (2708,'Voriconazole');
INSERT INTO surgery (id,date,patient_id,doctor_id) VALUES (2709,'2019-12-06',53,376);
INSERT INTO meds_for_surgery (surgery_id,med) VALUES (2709,'Atazanavir');
INSERT INTO surgery (id,date,patient_id,doctor_id) VALUES (2710,'2019-12-12',273,125);
INSERT INTO meds_for_surgery (surgery_id,med) VALUES (2710,'Heparin');
INSERT INTO surgery (id,date,patient_id,doctor_id) VALUES (2711,'2019-12-15',285,327);
INSERT INTO meds_for_surgery (surgery_id,med) VALUES (2711,'Cefaclor');
INSERT INTO surgery (id,date,patient_id,doctor_id) VALUES (2712,'2019-12-03',230,84);
INSERT INTO meds_for_surgery (surgery_id,med) VALUES (2712,'Teniposide');
INSERT INTO surgery (id,date,patient_id,doctor_id) VALUES (2713,'2019-11-24',417,117);
INSERT INTO meds_for_surgery (surgery_id,med) VALUES (2713,'Cyclophosphamide');
INSERT INTO surgery (id,date,patient_id,doctor_id) VALUES (2714,'2019-11-24',371,422);
INSERT INTO meds_for_surgery (surgery_id,med) VALUES (2714,'Amoxicillin');
INSERT INTO surgery (id,date,patient_id,doctor_id) VALUES (2715,'2019-12-04',499,40);
INSERT INTO meds_for_surgery (surgery_id,med) VALUES (2715,'Procarbazine');
INSERT INTO surgery (id,date,patient_id,doctor_id) VALUES (2716,'2019-11-26',83,64);
INSERT INTO meds_for_surgery (surgery_id,med) VALUES (2716,'Baclofen');
INSERT INTO surgery (id,date,patient_id,doctor_id) VALUES (2717,'2019-12-27',192,208);
INSERT INTO meds_for_surgery (surgery_id,med) VALUES (2717,'Muromonab');
INSERT INTO surgery (id,date,patient_id,doctor_id) VALUES (2718,'2019-12-20',398,326);
INSERT INTO meds_for_surgery (surgery_id,med) VALUES (2718,'Ganciclovir');
INSERT INTO surgery (id,date,patient_id,doctor_id) VALUES (2719,'2019-12-27',469,44);
INSERT INTO meds_for_surgery (surgery_id,med) VALUES (2719,'Lamivudine');
INSERT INTO surgery (id,date,patient_id,doctor_id) VALUES (2720,'2019-11-27',53,163);
INSERT INTO meds_for_surgery (surgery_id,med) VALUES (2720,'Ceftazidime');
INSERT INTO surgery (id,date,patient_id,doctor_id) VALUES (2721,'2019-12-15',231,247);
INSERT INTO meds_for_surgery (surgery_id,med) VALUES (2721,'Tretinoin');
INSERT INTO surgery (id,date,patient_id,doctor_id) VALUES (2722,'2019-11-24',230,422);
INSERT INTO meds_for_surgery (surgery_id,med) VALUES (2722,'Diclofenac');
INSERT INTO surgery (id,date,patient_id,doctor_id) VALUES (2723,'2019-11-29',13,98);
INSERT INTO meds_for_surgery (surgery_id,med) VALUES (2723,'Linezolid');
INSERT INTO surgery (id,date,patient_id,doctor_id) VALUES (2724,'2019-12-26',417,414);
INSERT INTO meds_for_surgery (surgery_id,med) VALUES (2724,'Sugammadex');
INSERT INTO surgery (id,date,patient_id,doctor_id) VALUES (2725,'2019-12-04',312,452);
INSERT INTO meds_for_surgery (surgery_id,med) VALUES (2725,'Furosemide');
INSERT INTO surgery (id,date,patient_id,doctor_id) VALUES (2726,'2019-11-27',230,414);
INSERT INTO meds_for_surgery (surgery_id,med) VALUES (2726,'Valproic acid');
INSERT INTO surgery (id,date,patient_id,doctor_id) VALUES (2727,'2019-12-22',343,290);
INSERT INTO meds_for_surgery (surgery_id,med) VALUES (2727,'Metronidazole');
INSERT INTO surgery (id,date,patient_id,doctor_id) VALUES (2728,'2019-12-03',53,42);
INSERT INTO meds_for_surgery (surgery_id,med) VALUES (2728,'Teniposide');
INSERT INTO surgery (id,date,patient_id,doctor_id) VALUES (2729,'2019-11-28',139,145);
INSERT INTO meds_for_surgery (surgery_id,med) VALUES (2729,'Warfarin');
INSERT INTO surgery (id,date,patient_id,doctor_id) VALUES (2730,'2019-11-28',63,228);
INSERT INTO meds_for_surgery (surgery_id,med) VALUES (2730,'Rilpivirine');
INSERT INTO surgery (id,date,patient_id,doctor_id) VALUES (2731,'2019-12-04',24,84);
INSERT INTO meds_for_surgery (surgery_id,med) VALUES (2731,'Gemtuzumab');
INSERT INTO surgery (id,date,patient_id,doctor_id) VALUES (2732,'2019-11-29',261,62);
INSERT INTO meds_for_surgery (surgery_id,med) VALUES (2732,'Phenobarbital');
INSERT INTO surgery (id,date,patient_id,doctor_id) VALUES (2733,'2019-12-26',230,451);
INSERT INTO meds_for_surgery (surgery_id,med) VALUES (2733,'Heparin');
INSERT INTO surgery (id,date,patient_id,doctor_id) VALUES (2734,'2019-11-27',470,397);
INSERT INTO meds_for_surgery (surgery_id,med) VALUES (2734,'Cytarabine');
INSERT INTO surgery (id,date,patient_id,doctor_id) VALUES (2735,'2019-12-26',233,91);
INSERT INTO meds_for_surgery (surgery_id,med) VALUES (2735,'Dexamethasone');
INSERT INTO surgery (id,date,patient_id,doctor_id) VALUES (2736,'2019-12-19',261,210);
INSERT INTO meds_for_surgery (surgery_id,med) VALUES (2736,'Dinutuximab');
INSERT INTO surgery (id,date,patient_id,doctor_id) VALUES (2737,'2019-12-27',13,278);
INSERT INTO meds_for_surgery (surgery_id,med) VALUES (2737,'Foscarnet');
INSERT INTO surgery (id,date,patient_id,doctor_id) VALUES (2738,'2019-12-08',253,151);
INSERT INTO meds_for_surgery (surgery_id,med) VALUES (2738,'Clindamycin');
INSERT INTO surgery (id,date,patient_id,doctor_id) VALUES (2739,'2019-12-12',393,455);
INSERT INTO meds_for_surgery (surgery_id,med) VALUES (2739,'Amoxicillin');
INSERT INTO surgery (id,date,patient_id,doctor_id) VALUES (2740,'2019-11-26',20,399);
INSERT INTO meds_for_surgery (surgery_id,med) VALUES (2740,'Atenolol');
INSERT INTO surgery (id,date,patient_id,doctor_id) VALUES (2741,'2019-12-13',137,175);
INSERT INTO meds_for_surgery (surgery_id,med) VALUES (2741,'Bortezomib');
INSERT INTO surgery (id,date,patient_id,doctor_id) VALUES (2742,'2019-11-23',251,66);
INSERT INTO meds_for_surgery (surgery_id,med) VALUES (2742,'Famciclovir');
INSERT INTO surgery (id,date,patient_id,doctor_id) VALUES (2743,'2019-11-27',233,327);
INSERT INTO meds_for_surgery (surgery_id,med) VALUES (2743,'Posaconazole');
INSERT INTO surgery (id,date,patient_id,doctor_id) VALUES (2744,'2019-11-29',53,145);
INSERT INTO meds_for_surgery (surgery_id,med) VALUES (2744,'Meropenem');
INSERT INTO surgery (id,date,patient_id,doctor_id) VALUES (2745,'2019-12-12',18,143);
INSERT INTO meds_for_surgery (surgery_id,med) VALUES (2745,'Crizotinib');
INSERT INTO surgery (id,date,patient_id,doctor_id) VALUES (2746,'2019-12-09',146,454);
INSERT INTO meds_for_surgery (surgery_id,med) VALUES (2746,'Gemtuzumab');
INSERT INTO surgery (id,date,patient_id,doctor_id) VALUES (2747,'2019-12-21',6,228);
INSERT INTO meds_for_surgery (surgery_id,med) VALUES (2747,'Meloxicam');
INSERT INTO surgery (id,date,patient_id,doctor_id) VALUES (2748,'2019-12-19',417,260);
INSERT INTO meds_for_surgery (surgery_id,med) VALUES (2748,'Abacavir');
INSERT INTO surgery (id,date,patient_id,doctor_id) VALUES (2749,'2019-12-12',417,16);
INSERT INTO meds_for_surgery (surgery_id,med) VALUES (2749,'Metronidazole');
INSERT INTO surgery (id,date,patient_id,doctor_id) VALUES (2750,'2019-11-25',499,40);
INSERT INTO meds_for_surgery (surgery_id,med) VALUES (2750,'Clobazam');
INSERT INTO surgery (id,date,patient_id,doctor_id) VALUES (2751,'2019-12-06',146,41);
INSERT INTO meds_for_surgery (surgery_id,med) VALUES (2751,'Erythromycin');
INSERT INTO surgery (id,date,patient_id,doctor_id) VALUES (2752,'2019-12-12',154,179);
INSERT INTO meds_for_surgery (surgery_id,med) VALUES (2752,'Stavudine');
INSERT INTO surgery (id,date,patient_id,doctor_id) VALUES (2753,'2019-11-26',328,41);
INSERT INTO meds_for_surgery (surgery_id,med) VALUES (2753,'Etravirine');
INSERT INTO surgery (id,date,patient_id,doctor_id) VALUES (2754,'2019-12-05',308,479);
INSERT INTO meds_for_surgery (surgery_id,med) VALUES (2754,'Darunavir');
INSERT INTO surgery (id,date,patient_id,doctor_id) VALUES (2755,'2019-12-14',188,64);
INSERT INTO meds_for_surgery (surgery_id,med) VALUES (2755,'Dapsone');
INSERT INTO surgery (id,date,patient_id,doctor_id) VALUES (2756,'2019-11-28',312,422);
INSERT INTO meds_for_surgery (surgery_id,med) VALUES (2756,'Bleomycin');
INSERT INTO surgery (id,date,patient_id,doctor_id) VALUES (2757,'2019-12-09',252,113);
INSERT INTO meds_for_surgery (surgery_id,med) VALUES (2757,'Ondansetron');
INSERT INTO surgery (id,date,patient_id,doctor_id) VALUES (2758,'2019-12-20',69,66);
INSERT INTO meds_for_surgery (surgery_id,med) VALUES (2758,'Doxorubicin');
INSERT INTO surgery (id,date,patient_id,doctor_id) VALUES (2759,'2019-12-19',499,256);
INSERT INTO meds_for_surgery (surgery_id,med) VALUES (2759,'Valproic acid');
INSERT INTO surgery (id,date,patient_id,doctor_id) VALUES (2760,'2019-12-23',335,491);
INSERT INTO meds_for_surgery (surgery_id,med) VALUES (2760,'Voriconazole');
INSERT INTO surgery (id,date,patient_id,doctor_id) VALUES (2761,'2019-12-26',417,260);
INSERT INTO meds_for_surgery (surgery_id,med) VALUES (2761,'Dasatinib');
INSERT INTO surgery (id,date,patient_id,doctor_id) VALUES (2762,'2019-11-26',215,421);
INSERT INTO meds_for_surgery (surgery_id,med) VALUES (2762,'Dasatinib');
INSERT INTO surgery (id,date,patient_id,doctor_id) VALUES (2763,'2019-11-30',308,66);
INSERT INTO meds_for_surgery (surgery_id,med) VALUES (2763,'Etonogestrel');
INSERT INTO surgery (id,date,patient_id,doctor_id) VALUES (2764,'2019-12-26',230,129);
INSERT INTO meds_for_surgery (surgery_id,med) VALUES (2764,'Rivaroxaban');
INSERT INTO surgery (id,date,patient_id,doctor_id) VALUES (2765,'2019-12-23',192,384);
INSERT INTO meds_for_surgery (surgery_id,med) VALUES (2765,'Celecoxib');
INSERT INTO surgery (id,date,patient_id,doctor_id) VALUES (2766,'2019-12-17',493,44);
INSERT INTO meds_for_surgery (surgery_id,med) VALUES (2766,'Cyclobenzaprine');
INSERT INTO surgery (id,date,patient_id,doctor_id) VALUES (2767,'2019-12-23',470,238);
INSERT INTO meds_for_surgery (surgery_id,med) VALUES (2767,'Codeine');
INSERT INTO surgery (id,date,patient_id,doctor_id) VALUES (2768,'2019-12-20',192,414);
INSERT INTO meds_for_surgery (surgery_id,med) VALUES (2768,'Dopamine');
INSERT INTO surgery (id,date,patient_id,doctor_id) VALUES (2769,'2019-12-16',80,357);
INSERT INTO meds_for_surgery (surgery_id,med) VALUES (2769,'Sugammadex');
INSERT INTO surgery (id,date,patient_id,doctor_id) VALUES (2770,'2019-12-04',482,399);
INSERT INTO meds_for_surgery (surgery_id,med) VALUES (2770,'L-glutamine');
INSERT INTO surgery (id,date,patient_id,doctor_id) VALUES (2771,'2019-11-29',43,404);
INSERT INTO meds_for_surgery (surgery_id,med) VALUES (2771,'Cefixime');
INSERT INTO surgery (id,date,patient_id,doctor_id) VALUES (2772,'2019-12-08',261,495);
INSERT INTO meds_for_surgery (surgery_id,med) VALUES (2772,'Methadone');
INSERT INTO surgery (id,date,patient_id,doctor_id) VALUES (2773,'2019-12-23',328,159);
INSERT INTO meds_for_surgery (surgery_id,med) VALUES (2773,'Carmustine');
INSERT INTO surgery (id,date,patient_id,doctor_id) VALUES (2774,'2019-11-27',26,265);
INSERT INTO meds_for_surgery (surgery_id,med) VALUES (2774,'Thioguanine');
INSERT INTO surgery (id,date,patient_id,doctor_id) VALUES (2775,'2019-12-20',69,102);
INSERT INTO meds_for_surgery (surgery_id,med) VALUES (2775,'Thiotepa');
INSERT INTO surgery (id,date,patient_id,doctor_id) VALUES (2776,'2019-12-21',75,381);
INSERT INTO meds_for_surgery (surgery_id,med) VALUES (2776,'Rilpivirine');
INSERT INTO surgery (id,date,patient_id,doctor_id) VALUES (2777,'2019-12-09',460,179);
INSERT INTO meds_for_surgery (surgery_id,med) VALUES (2777,'Magnesium');
INSERT INTO surgery (id,date,patient_id,doctor_id) VALUES (2778,'2019-12-14',481,112);
INSERT INTO meds_for_surgery (surgery_id,med) VALUES (2778,'Promethazine');
INSERT INTO surgery (id,date,patient_id,doctor_id) VALUES (2779,'2019-12-23',364,396);
INSERT INTO meds_for_surgery (surgery_id,med) VALUES (2779,'Furosemide');
INSERT INTO surgery (id,date,patient_id,doctor_id) VALUES (2780,'2019-12-10',146,299);
INSERT INTO meds_for_surgery (surgery_id,med) VALUES (2780,'Fluconazole');
INSERT INTO surgery (id,date,patient_id,doctor_id) VALUES (2781,'2019-12-24',33,327);
INSERT INTO meds_for_surgery (surgery_id,med) VALUES (2781,'Levothyroxine');
INSERT INTO surgery (id,date,patient_id,doctor_id) VALUES (2782,'2019-11-30',231,454);
INSERT INTO meds_for_surgery (surgery_id,med) VALUES (2782,'Dacarbazine');
INSERT INTO surgery (id,date,patient_id,doctor_id) VALUES (2783,'2019-11-26',481,98);
INSERT INTO meds_for_surgery (surgery_id,med) VALUES (2783,'Baclofen');
INSERT INTO surgery (id,date,patient_id,doctor_id) VALUES (2784,'2019-12-27',329,452);
INSERT INTO meds_for_surgery (surgery_id,med) VALUES (2784,'Valproic acid');
INSERT INTO surgery (id,date,patient_id,doctor_id) VALUES (2785,'2019-12-04',192,260);
INSERT INTO meds_for_surgery (surgery_id,med) VALUES (2785,'Bleomycin');
INSERT INTO surgery (id,date,patient_id,doctor_id) VALUES (2786,'2019-12-27',13,455);
INSERT INTO meds_for_surgery (surgery_id,med) VALUES (2786,'Etravirine');
INSERT INTO surgery (id,date,patient_id,doctor_id) VALUES (2787,'2019-12-03',312,61);
INSERT INTO meds_for_surgery (surgery_id,med) VALUES (2787,'Teniposide');
INSERT INTO surgery (id,date,patient_id,doctor_id) VALUES (2788,'2019-11-25',83,78);
INSERT INTO meds_for_surgery (surgery_id,med) VALUES (2788,'Heparin');
INSERT INTO surgery (id,date,patient_id,doctor_id) VALUES (2789,'2019-12-11',308,454);
INSERT INTO meds_for_surgery (surgery_id,med) VALUES (2789,'Trimethoprim');
INSERT INTO surgery (id,date,patient_id,doctor_id) VALUES (2790,'2019-12-02',388,228);
INSERT INTO meds_for_surgery (surgery_id,med) VALUES (2790,'Tenofovir');
INSERT INTO surgery (id,date,patient_id,doctor_id) VALUES (2791,'2019-12-23',449,61);
INSERT INTO meds_for_surgery (surgery_id,med) VALUES (2791,'Paclitaxel');
INSERT INTO surgery (id,date,patient_id,doctor_id) VALUES (2792,'2019-11-25',231,451);
INSERT INTO meds_for_surgery (surgery_id,med) VALUES (2792,'Dopamine');
INSERT INTO surgery (id,date,patient_id,doctor_id) VALUES (2793,'2019-11-28',393,265);
INSERT INTO meds_for_surgery (surgery_id,med) VALUES (2793,'Labetalol');
INSERT INTO surgery (id,date,patient_id,doctor_id) VALUES (2794,'2019-12-05',67,454);
INSERT INTO meds_for_surgery (surgery_id,med) VALUES (2794,'Ceftazidime');
INSERT INTO surgery (id,date,patient_id,doctor_id) VALUES (2795,'2019-12-18',83,77);
INSERT INTO meds_for_surgery (surgery_id,med) VALUES (2795,'Methylphenidate');
INSERT INTO surgery (id,date,patient_id,doctor_id) VALUES (2796,'2019-12-08',400,454);
INSERT INTO meds_for_surgery (surgery_id,med) VALUES (2796,'Bortezomib');
INSERT INTO surgery (id,date,patient_id,doctor_id) VALUES (2797,'2019-12-19',443,451);
INSERT INTO meds_for_surgery (surgery_id,med) VALUES (2797,'Labetalol');
INSERT INTO surgery (id,date,patient_id,doctor_id) VALUES (2798,'2019-12-09',83,357);
INSERT INTO meds_for_surgery (surgery_id,med) VALUES (2798,'Cyclophosphamide');
INSERT INTO surgery (id,date,patient_id,doctor_id) VALUES (2799,'2019-12-14',146,404);
INSERT INTO meds_for_surgery (surgery_id,med) VALUES (2799,'Meloxicam');
INSERT INTO surgery (id,date,patient_id,doctor_id) VALUES (2800,'2019-11-25',83,290);
INSERT INTO meds_for_surgery (surgery_id,med) VALUES (2800,'Hydroxyurea');
INSERT INTO surgery (id,date,patient_id,doctor_id) VALUES (2801,'2019-12-07',233,163);
INSERT INTO meds_for_surgery (surgery_id,med) VALUES (2801,'Interferon');
INSERT INTO surgery (id,date,patient_id,doctor_id) VALUES (2802,'2019-12-02',365,216);
INSERT INTO meds_for_surgery (surgery_id,med) VALUES (2802,'Warfarin');
INSERT INTO surgery (id,date,patient_id,doctor_id) VALUES (2803,'2019-12-09',230,399);
INSERT INTO meds_for_surgery (surgery_id,med) VALUES (2803,'Interferon');
INSERT INTO surgery (id,date,patient_id,doctor_id) VALUES (2804,'2019-11-24',38,209);
INSERT INTO meds_for_surgery (surgery_id,med) VALUES (2804,'Sugammadex');
INSERT INTO surgery (id,date,patient_id,doctor_id) VALUES (2805,'2019-12-17',389,84);
INSERT INTO meds_for_surgery (surgery_id,med) VALUES (2805,'Hydromorphone');
INSERT INTO surgery (id,date,patient_id,doctor_id) VALUES (2806,'2019-12-23',401,486);
INSERT INTO meds_for_surgery (surgery_id,med) VALUES (2806,'Clofarabine');
INSERT INTO surgery (id,date,patient_id,doctor_id) VALUES (2807,'2019-11-27',229,199);
INSERT INTO meds_for_surgery (surgery_id,med) VALUES (2807,'Maraviroc');
INSERT INTO surgery (id,date,patient_id,doctor_id) VALUES (2808,'2019-12-23',33,357);
INSERT INTO meds_for_surgery (surgery_id,med) VALUES (2808,'Muromonab');
INSERT INTO surgery (id,date,patient_id,doctor_id) VALUES (2809,'2019-12-13',388,260);
INSERT INTO meds_for_surgery (surgery_id,med) VALUES (2809,'Sunitinib');
INSERT INTO surgery (id,date,patient_id,doctor_id) VALUES (2810,'2019-11-29',46,455);
INSERT INTO meds_for_surgery (surgery_id,med) VALUES (2810,'Cladribine');
INSERT INTO surgery (id,date,patient_id,doctor_id) VALUES (2811,'2019-12-24',13,40);
INSERT INTO meds_for_surgery (surgery_id,med) VALUES (2811,'Atovaquone');
INSERT INTO surgery (id,date,patient_id,doctor_id) VALUES (2812,'2019-11-26',460,384);
INSERT INTO meds_for_surgery (surgery_id,med) VALUES (2812,'Hydrocodone');
INSERT INTO surgery (id,date,patient_id,doctor_id) VALUES (2813,'2019-12-01',4,477);
INSERT INTO meds_for_surgery (surgery_id,med) VALUES (2813,'Amoxicillin');
INSERT INTO surgery (id,date,patient_id,doctor_id) VALUES (2814,'2019-12-23',460,113);
INSERT INTO meds_for_surgery (surgery_id,med) VALUES (2814,'Trimethoprim');
INSERT INTO surgery (id,date,patient_id,doctor_id) VALUES (2815,'2019-11-27',378,290);
INSERT INTO meds_for_surgery (surgery_id,med) VALUES (2815,'Aminocaproic Acid');
INSERT INTO surgery (id,date,patient_id,doctor_id) VALUES (2816,'2019-12-20',119,7);
INSERT INTO meds_for_surgery (surgery_id,med) VALUES (2816,'Penicillin');
INSERT INTO surgery (id,date,patient_id,doctor_id) VALUES (2817,'2019-11-25',365,179);
INSERT INTO meds_for_surgery (surgery_id,med) VALUES (2817,'Sugammadex');
INSERT INTO surgery (id,date,patient_id,doctor_id) VALUES (2818,'2019-11-30',242,346);
INSERT INTO meds_for_surgery (surgery_id,med) VALUES (2818,'Rivaroxaban');
INSERT INTO surgery (id,date,patient_id,doctor_id) VALUES (2819,'2019-12-19',335,495);
INSERT INTO meds_for_surgery (surgery_id,med) VALUES (2819,'Nelarabine');
INSERT INTO surgery (id,date,patient_id,doctor_id) VALUES (2820,'2019-11-23',119,91);
INSERT INTO meds_for_surgery (surgery_id,med) VALUES (2820,'Phenobarbital');
INSERT INTO surgery (id,date,patient_id,doctor_id) VALUES (2821,'2019-12-16',43,260);
INSERT INTO meds_for_surgery (surgery_id,med) VALUES (2821,'Ifosfamide');
INSERT INTO surgery (id,date,patient_id,doctor_id) VALUES (2822,'2019-12-19',390,477);
INSERT INTO meds_for_surgery (surgery_id,med) VALUES (2822,'Melphalan');
INSERT INTO surgery (id,date,patient_id,doctor_id) VALUES (2823,'2019-12-14',378,396);
INSERT INTO meds_for_surgery (surgery_id,med) VALUES (2823,'Diclofenac');
INSERT INTO surgery (id,date,patient_id,doctor_id) VALUES (2824,'2019-12-02',255,478);
INSERT INTO meds_for_surgery (surgery_id,med) VALUES (2824,'Phenytoin');
INSERT INTO surgery (id,date,patient_id,doctor_id) VALUES (2825,'2019-12-12',312,404);
INSERT INTO meds_for_surgery (surgery_id,med) VALUES (2825,'Dactinomycin');
INSERT INTO surgery (id,date,patient_id,doctor_id) VALUES (2826,'2019-12-14',137,19);
INSERT INTO meds_for_surgery (surgery_id,med) VALUES (2826,'Busulfan');
INSERT INTO surgery (id,date,patient_id,doctor_id) VALUES (2827,'2019-12-06',262,404);
INSERT INTO meds_for_surgery (surgery_id,med) VALUES (2827,'Neuromuscular');
INSERT INTO surgery (id,date,patient_id,doctor_id) VALUES (2828,'2019-11-24',233,84);
INSERT INTO meds_for_surgery (surgery_id,med) VALUES (2828,'Ruxolitinib');
INSERT INTO surgery (id,date,patient_id,doctor_id) VALUES (2829,'2019-12-06',266,131);
INSERT INTO meds_for_surgery (surgery_id,med) VALUES (2829,'Lorazepam');
INSERT INTO surgery (id,date,patient_id,doctor_id) VALUES (2830,'2019-11-24',252,151);
INSERT INTO meds_for_surgery (surgery_id,med) VALUES (2830,'Penicillin');
INSERT INTO surgery (id,date,patient_id,doctor_id) VALUES (2831,'2019-11-24',26,404);
INSERT INTO meds_for_surgery (surgery_id,med) VALUES (2831,'Enalapril');
INSERT INTO surgery (id,date,patient_id,doctor_id) VALUES (2832,'2019-11-30',372,260);
INSERT INTO meds_for_surgery (surgery_id,med) VALUES (2832,'Norepinephrine');
INSERT INTO surgery (id,date,patient_id,doctor_id) VALUES (2833,'2019-12-09',63,159);
INSERT INTO meds_for_surgery (surgery_id,med) VALUES (2833,'Eltrombopag');
INSERT INTO surgery (id,date,patient_id,doctor_id) VALUES (2834,'2019-12-17',252,454);
INSERT INTO meds_for_surgery (surgery_id,med) VALUES (2834,'Elvitegravir');
INSERT INTO surgery (id,date,patient_id,doctor_id) VALUES (2835,'2019-12-05',460,163);
INSERT INTO meds_for_surgery (surgery_id,med) VALUES (2835,'Mechlorethamine');
INSERT INTO surgery (id,date,patient_id,doctor_id) VALUES (2836,'2019-11-25',69,300);
INSERT INTO meds_for_surgery (surgery_id,med) VALUES (2836,'Posaconazole');
INSERT INTO surgery (id,date,patient_id,doctor_id) VALUES (2837,'2019-12-01',176,102);
INSERT INTO meds_for_surgery (surgery_id,med) VALUES (2837,'Amlodipine');
INSERT INTO surgery (id,date,patient_id,doctor_id) VALUES (2838,'2019-12-03',431,44);
INSERT INTO meds_for_surgery (surgery_id,med) VALUES (2838,'Foscarnet');
INSERT INTO surgery (id,date,patient_id,doctor_id) VALUES (2839,'2019-12-13',371,129);
INSERT INTO meds_for_surgery (surgery_id,med) VALUES (2839,'Bosentan');
INSERT INTO surgery (id,date,patient_id,doctor_id) VALUES (2840,'2019-12-12',26,376);
INSERT INTO meds_for_surgery (surgery_id,med) VALUES (2840,'Granisetron');
INSERT INTO surgery (id,date,patient_id,doctor_id) VALUES (2841,'2019-12-07',398,478);
INSERT INTO meds_for_surgery (surgery_id,med) VALUES (2841,'Amikacin');
INSERT INTO surgery (id,date,patient_id,doctor_id) VALUES (2842,'2019-12-11',255,163);
INSERT INTO meds_for_surgery (surgery_id,med) VALUES (2842,'Hydroxyurea');
INSERT INTO surgery (id,date,patient_id,doctor_id) VALUES (2843,'2019-12-22',401,452);
INSERT INTO meds_for_surgery (surgery_id,med) VALUES (2843,'Metronidazole');
INSERT INTO surgery (id,date,patient_id,doctor_id) VALUES (2844,'2019-11-30',137,477);
INSERT INTO meds_for_surgery (surgery_id,med) VALUES (2844,'Lomustine');
INSERT INTO surgery (id,date,patient_id,doctor_id) VALUES (2845,'2019-11-27',80,491);
INSERT INTO meds_for_surgery (surgery_id,med) VALUES (2845,'Deferasirox');
INSERT INTO surgery (id,date,patient_id,doctor_id) VALUES (2846,'2019-12-17',328,102);
INSERT INTO meds_for_surgery (surgery_id,med) VALUES (2846,'Ruxolitinib');
INSERT INTO surgery (id,date,patient_id,doctor_id) VALUES (2847,'2019-11-23',481,42);
INSERT INTO meds_for_surgery (surgery_id,med) VALUES (2847,'Mechlorethamine');
INSERT INTO surgery (id,date,patient_id,doctor_id) VALUES (2848,'2019-11-30',388,495);
INSERT INTO meds_for_surgery (surgery_id,med) VALUES (2848,'Pegfilgrastim');
INSERT INTO surgery (id,date,patient_id,doctor_id) VALUES (2849,'2019-12-23',378,326);
INSERT INTO meds_for_surgery (surgery_id,med) VALUES (2849,'Methylphenidate');
INSERT INTO surgery (id,date,patient_id,doctor_id) VALUES (2850,'2019-11-29',33,355);
INSERT INTO meds_for_surgery (surgery_id,med) VALUES (2850,'Enalapril');
INSERT INTO surgery (id,date,patient_id,doctor_id) VALUES (2851,'2019-12-14',261,16);
INSERT INTO meds_for_surgery (surgery_id,med) VALUES (2851,'Allopurinol');
INSERT INTO surgery (id,date,patient_id,doctor_id) VALUES (2852,'2019-12-02',335,208);
INSERT INTO meds_for_surgery (surgery_id,med) VALUES (2852,'Sucralfate');
INSERT INTO surgery (id,date,patient_id,doctor_id) VALUES (2853,'2019-12-10',6,396);
INSERT INTO meds_for_surgery (surgery_id,med) VALUES (2853,'Cyclobenzaprine');
INSERT INTO surgery (id,date,patient_id,doctor_id) VALUES (2854,'2019-11-27',192,452);
INSERT INTO meds_for_surgery (surgery_id,med) VALUES (2854,'Diclofenac');
INSERT INTO surgery (id,date,patient_id,doctor_id) VALUES (2855,'2019-12-23',13,238);
INSERT INTO meds_for_surgery (surgery_id,med) VALUES (2855,'Procarbazine');
INSERT INTO surgery (id,date,patient_id,doctor_id) VALUES (2856,'2019-12-14',343,495);
INSERT INTO meds_for_surgery (surgery_id,med) VALUES (2856,'Codeine');
INSERT INTO surgery (id,date,patient_id,doctor_id) VALUES (2857,'2019-12-13',268,175);
INSERT INTO meds_for_surgery (surgery_id,med) VALUES (2857,'Isotretinoin');
INSERT INTO surgery (id,date,patient_id,doctor_id) VALUES (2858,'2019-12-22',154,355);
INSERT INTO meds_for_surgery (surgery_id,med) VALUES (2858,'Clarithromycin');
INSERT INTO surgery (id,date,patient_id,doctor_id) VALUES (2859,'2019-12-03',449,357);
INSERT INTO meds_for_surgery (surgery_id,med) VALUES (2859,'Levothyroxine');
INSERT INTO surgery (id,date,patient_id,doctor_id) VALUES (2860,'2019-12-05',233,327);
INSERT INTO meds_for_surgery (surgery_id,med) VALUES (2860,'Hydroxyurea');
INSERT INTO surgery (id,date,patient_id,doctor_id) VALUES (2861,'2019-12-09',67,216);
INSERT INTO meds_for_surgery (surgery_id,med) VALUES (2861,'Rilpivirine');
INSERT INTO surgery (id,date,patient_id,doctor_id) VALUES (2862,'2019-12-20',242,45);
INSERT INTO meds_for_surgery (surgery_id,med) VALUES (2862,'Crizotinib');
INSERT INTO surgery (id,date,patient_id,doctor_id) VALUES (2863,'2019-11-30',233,288);
INSERT INTO meds_for_surgery (surgery_id,med) VALUES (2863,'Oxycodone');
INSERT INTO surgery (id,date,patient_id,doctor_id) VALUES (2864,'2019-12-02',389,452);
INSERT INTO meds_for_surgery (surgery_id,med) VALUES (2864,'Pemetrexed');
INSERT INTO surgery (id,date,patient_id,doctor_id) VALUES (2865,'2019-11-23',253,386);
INSERT INTO meds_for_surgery (surgery_id,med) VALUES (2865,'Meperidine');
INSERT INTO surgery (id,date,patient_id,doctor_id) VALUES (2866,'2019-12-11',262,238);
INSERT INTO meds_for_surgery (surgery_id,med) VALUES (2866,'Gefitinib');
INSERT INTO surgery (id,date,patient_id,doctor_id) VALUES (2867,'2019-12-11',53,357);
INSERT INTO meds_for_surgery (surgery_id,med) VALUES (2867,'Dronabinol');
INSERT INTO surgery (id,date,patient_id,doctor_id) VALUES (2868,'2019-12-23',417,208);
INSERT INTO meds_for_surgery (surgery_id,med) VALUES (2868,'Megestrol acetate');
INSERT INTO surgery (id,date,patient_id,doctor_id) VALUES (2869,'2019-12-27',229,355);
INSERT INTO meds_for_surgery (surgery_id,med) VALUES (2869,'Morphine');
INSERT INTO surgery (id,date,patient_id,doctor_id) VALUES (2870,'2019-11-27',390,455);
INSERT INTO meds_for_surgery (surgery_id,med) VALUES (2870,'Mitoxantrone');
INSERT INTO surgery (id,date,patient_id,doctor_id) VALUES (2871,'2019-12-11',229,61);
INSERT INTO meds_for_surgery (surgery_id,med) VALUES (2871,'Ondansetron');
INSERT INTO surgery (id,date,patient_id,doctor_id) VALUES (2872,'2019-12-14',390,288);
INSERT INTO meds_for_surgery (surgery_id,med) VALUES (2872,'Carmustine');
INSERT INTO surgery (id,date,patient_id,doctor_id) VALUES (2873,'2019-11-27',481,366);
INSERT INTO meds_for_surgery (surgery_id,med) VALUES (2873,'Erlotinib');
INSERT INTO surgery (id,date,patient_id,doctor_id) VALUES (2874,'2019-12-08',401,386);
INSERT INTO meds_for_surgery (surgery_id,med) VALUES (2874,'Modafinil');
INSERT INTO surgery (id,date,patient_id,doctor_id) VALUES (2875,'2019-12-13',26,209);
INSERT INTO meds_for_surgery (surgery_id,med) VALUES (2875,'Alendronate');
INSERT INTO surgery (id,date,patient_id,doctor_id) VALUES (2876,'2019-12-16',46,145);
INSERT INTO meds_for_surgery (surgery_id,med) VALUES (2876,'GM-CSF');
INSERT INTO surgery (id,date,patient_id,doctor_id) VALUES (2877,'2019-11-26',24,260);
INSERT INTO meds_for_surgery (surgery_id,med) VALUES (2877,'Crizotinib');
INSERT INTO surgery (id,date,patient_id,doctor_id) VALUES (2878,'2019-12-14',398,125);
INSERT INTO meds_for_surgery (surgery_id,med) VALUES (2878,'Hydralazine');
INSERT INTO surgery (id,date,patient_id,doctor_id) VALUES (2879,'2019-12-24',350,355);
INSERT INTO meds_for_surgery (surgery_id,med) VALUES (2879,'Granisetron');
INSERT INTO surgery (id,date,patient_id,doctor_id) VALUES (2880,'2019-11-25',6,452);
INSERT INTO meds_for_surgery (surgery_id,med) VALUES (2880,'Amifostine');
INSERT INTO surgery (id,date,patient_id,doctor_id) VALUES (2881,'2019-12-17',419,452);
INSERT INTO meds_for_surgery (surgery_id,med) VALUES (2881,'Maraviroc');
INSERT INTO surgery (id,date,patient_id,doctor_id) VALUES (2882,'2019-12-27',43,40);
INSERT INTO meds_for_surgery (surgery_id,med) VALUES (2882,'Phenytoin');
INSERT INTO surgery (id,date,patient_id,doctor_id) VALUES (2883,'2019-12-10',328,77);
INSERT INTO meds_for_surgery (surgery_id,med) VALUES (2883,'Acyclovir');
INSERT INTO surgery (id,date,patient_id,doctor_id) VALUES (2884,'2019-12-17',285,256);
INSERT INTO meds_for_surgery (surgery_id,med) VALUES (2884,'Clobazam');
INSERT INTO surgery (id,date,patient_id,doctor_id) VALUES (2885,'2019-12-12',6,288);
INSERT INTO meds_for_surgery (surgery_id,med) VALUES (2885,'Dapsone');
INSERT INTO surgery (id,date,patient_id,doctor_id) VALUES (2886,'2019-12-02',449,477);
INSERT INTO meds_for_surgery (surgery_id,med) VALUES (2886,'Modafinil');
INSERT INTO surgery (id,date,patient_id,doctor_id) VALUES (2887,'2019-12-07',482,208);
INSERT INTO meds_for_surgery (surgery_id,med) VALUES (2887,'Meloxicam');
INSERT INTO surgery (id,date,patient_id,doctor_id) VALUES (2888,'2019-12-25',6,326);
INSERT INTO meds_for_surgery (surgery_id,med) VALUES (2888,'Pentamidine');
INSERT INTO surgery (id,date,patient_id,doctor_id) VALUES (2889,'2019-11-29',192,366);
INSERT INTO meds_for_surgery (surgery_id,med) VALUES (2889,'Sorafenib');
INSERT INTO surgery (id,date,patient_id,doctor_id) VALUES (2890,'2019-12-23',6,98);
INSERT INTO meds_for_surgery (surgery_id,med) VALUES (2890,'Rituximab');
INSERT INTO surgery (id,date,patient_id,doctor_id) VALUES (2891,'2019-12-24',176,61);
INSERT INTO meds_for_surgery (surgery_id,med) VALUES (2891,'Potassium');
INSERT INTO surgery (id,date,patient_id,doctor_id) VALUES (2892,'2019-12-06',360,16);
INSERT INTO meds_for_surgery (surgery_id,med) VALUES (2892,'Rituximab');
INSERT INTO surgery (id,date,patient_id,doctor_id) VALUES (2893,'2019-12-16',38,145);
INSERT INTO meds_for_surgery (surgery_id,med) VALUES (2893,'Erythromycin');
INSERT INTO surgery (id,date,patient_id,doctor_id) VALUES (2894,'2019-12-15',38,98);
INSERT INTO meds_for_surgery (surgery_id,med) VALUES (2894,'Pentamidine');
INSERT INTO surgery (id,date,patient_id,doctor_id) VALUES (2895,'2019-12-09',261,386);
INSERT INTO meds_for_surgery (surgery_id,med) VALUES (2895,'Dronabinol');
INSERT INTO surgery (id,date,patient_id,doctor_id) VALUES (2896,'2019-12-09',63,397);
INSERT INTO meds_for_surgery (surgery_id,med) VALUES (2896,'Amifostine');
INSERT INTO surgery (id,date,patient_id,doctor_id) VALUES (2897,'2019-12-03',312,479);
INSERT INTO meds_for_surgery (surgery_id,med) VALUES (2897,'Teniposide');
INSERT INTO surgery (id,date,patient_id,doctor_id) VALUES (2898,'2019-12-23',18,175);
INSERT INTO meds_for_surgery (surgery_id,med) VALUES (2898,'Aminocaproic Acid');
INSERT INTO surgery (id,date,patient_id,doctor_id) VALUES (2899,'2019-11-24',335,247);
INSERT INTO meds_for_surgery (surgery_id,med) VALUES (2899,'Fludarabine');
INSERT INTO surgery (id,date,patient_id,doctor_id) VALUES (2900,'2019-12-05',20,41);
INSERT INTO meds_for_surgery (surgery_id,med) VALUES (2900,'Pegfilgrastim');
INSERT INTO surgery (id,date,patient_id,doctor_id) VALUES (2901,'2019-12-09',20,42);
INSERT INTO meds_for_surgery (surgery_id,med) VALUES (2901,'Pentamidine');
INSERT INTO surgery (id,date,patient_id,doctor_id) VALUES (2902,'2019-12-16',343,247);
INSERT INTO meds_for_surgery (surgery_id,med) VALUES (2902,'Deferasirox');
INSERT INTO surgery (id,date,patient_id,doctor_id) VALUES (2903,'2019-12-15',328,117);
INSERT INTO meds_for_surgery (surgery_id,med) VALUES (2903,'Nelfinavir');
INSERT INTO surgery (id,date,patient_id,doctor_id) VALUES (2904,'2019-11-27',350,210);
INSERT INTO meds_for_surgery (surgery_id,med) VALUES (2904,'Interferon');
INSERT INTO surgery (id,date,patient_id,doctor_id) VALUES (2905,'2019-12-27',20,62);
INSERT INTO meds_for_surgery (surgery_id,med) VALUES (2905,'Dactinomycin');
INSERT INTO surgery (id,date,patient_id,doctor_id) VALUES (2906,'2019-12-12',385,151);
INSERT INTO meds_for_surgery (surgery_id,med) VALUES (2906,'Dexamethasone');
INSERT INTO surgery (id,date,patient_id,doctor_id) VALUES (2907,'2019-11-23',498,125);
INSERT INTO meds_for_surgery (surgery_id,med) VALUES (2907,'Vincristine');
INSERT INTO surgery (id,date,patient_id,doctor_id) VALUES (2908,'2019-11-27',4,452);
INSERT INTO meds_for_surgery (surgery_id,med) VALUES (2908,'Sirolimus');
INSERT INTO surgery (id,date,patient_id,doctor_id) VALUES (2909,'2019-12-13',268,228);
INSERT INTO meds_for_surgery (surgery_id,med) VALUES (2909,'Dobutamine');
INSERT INTO surgery (id,date,patient_id,doctor_id) VALUES (2910,'2019-11-26',285,452);
INSERT INTO meds_for_surgery (surgery_id,med) VALUES (2910,'Ranitidine');
INSERT INTO surgery (id,date,patient_id,doctor_id) VALUES (2911,'2019-12-20',233,491);
INSERT INTO meds_for_surgery (surgery_id,med) VALUES (2911,'Thiotepa');
INSERT INTO surgery (id,date,patient_id,doctor_id) VALUES (2912,'2019-12-09',426,117);
INSERT INTO meds_for_surgery (surgery_id,med) VALUES (2912,'Irinotecan');
INSERT INTO surgery (id,date,patient_id,doctor_id) VALUES (2913,'2019-11-27',63,357);
INSERT INTO meds_for_surgery (surgery_id,med) VALUES (2913,'Clobazam');
INSERT INTO surgery (id,date,patient_id,doctor_id) VALUES (2914,'2019-12-03',426,491);
INSERT INTO meds_for_surgery (surgery_id,med) VALUES (2914,'Labetalol');
INSERT INTO surgery (id,date,patient_id,doctor_id) VALUES (2915,'2019-12-19',38,238);
INSERT INTO meds_for_surgery (surgery_id,med) VALUES (2915,'Linezolid');
INSERT INTO surgery (id,date,patient_id,doctor_id) VALUES (2916,'2019-11-27',335,45);
INSERT INTO meds_for_surgery (surgery_id,med) VALUES (2916,'Cytarabine');
INSERT INTO surgery (id,date,patient_id,doctor_id) VALUES (2917,'2019-12-01',389,396);
INSERT INTO meds_for_surgery (surgery_id,med) VALUES (2917,'Cyproheptadine');
INSERT INTO surgery (id,date,patient_id,doctor_id) VALUES (2918,'2019-12-11',231,265);
INSERT INTO meds_for_surgery (surgery_id,med) VALUES (2918,'Ganciclovir');
INSERT INTO surgery (id,date,patient_id,doctor_id) VALUES (2919,'2019-12-14',69,451);
INSERT INTO meds_for_surgery (surgery_id,med) VALUES (2919,'Cyclosporine');
INSERT INTO surgery (id,date,patient_id,doctor_id) VALUES (2920,'2019-12-01',52,376);
INSERT INTO meds_for_surgery (surgery_id,med) VALUES (2920,'Efavirenz');
INSERT INTO surgery (id,date,patient_id,doctor_id) VALUES (2921,'2019-12-21',18,159);
INSERT INTO meds_for_surgery (surgery_id,med) VALUES (2921,'Phenobarbital');
INSERT INTO surgery (id,date,patient_id,doctor_id) VALUES (2922,'2019-11-27',231,41);
INSERT INTO meds_for_surgery (surgery_id,med) VALUES (2922,'Phosphorus');
INSERT INTO surgery (id,date,patient_id,doctor_id) VALUES (2923,'2019-12-19',443,45);
INSERT INTO meds_for_surgery (surgery_id,med) VALUES (2923,'G-CSF');
INSERT INTO surgery (id,date,patient_id,doctor_id) VALUES (2924,'2019-12-17',371,45);
INSERT INTO meds_for_surgery (surgery_id,med) VALUES (2924,'Dinutuximab');
INSERT INTO surgery (id,date,patient_id,doctor_id) VALUES (2925,'2019-12-13',378,77);
INSERT INTO meds_for_surgery (surgery_id,med) VALUES (2925,'Clofarabine');
INSERT INTO surgery (id,date,patient_id,doctor_id) VALUES (2926,'2019-12-27',24,66);
INSERT INTO meds_for_surgery (surgery_id,med) VALUES (2926,'Dobutamine');
INSERT INTO surgery (id,date,patient_id,doctor_id) VALUES (2927,'2019-12-24',18,326);
INSERT INTO meds_for_surgery (surgery_id,med) VALUES (2927,'Sorafenib');
INSERT INTO surgery (id,date,patient_id,doctor_id) VALUES (2928,'2019-12-22',262,175);
INSERT INTO meds_for_surgery (surgery_id,med) VALUES (2928,'Alemtuzumab');
INSERT INTO surgery (id,date,patient_id,doctor_id) VALUES (2929,'2019-12-08',242,479);
INSERT INTO meds_for_surgery (surgery_id,med) VALUES (2929,'Cephalexin');
INSERT INTO surgery (id,date,patient_id,doctor_id) VALUES (2930,'2019-12-26',195,208);
INSERT INTO meds_for_surgery (surgery_id,med) VALUES (2930,'Emicizumab');
INSERT INTO surgery (id,date,patient_id,doctor_id) VALUES (2931,'2019-11-30',450,425);
INSERT INTO meds_for_surgery (surgery_id,med) VALUES (2931,'Phosphorus');
INSERT INTO surgery (id,date,patient_id,doctor_id) VALUES (2932,'2019-12-05',372,84);
INSERT INTO meds_for_surgery (surgery_id,med) VALUES (2932,'Mechlorethamine');
INSERT INTO surgery (id,date,patient_id,doctor_id) VALUES (2933,'2019-12-11',24,477);
INSERT INTO meds_for_surgery (surgery_id,med) VALUES (2933,'Hydrocortisone');
INSERT INTO surgery (id,date,patient_id,doctor_id) VALUES (2934,'2019-12-22',231,143);
INSERT INTO meds_for_surgery (surgery_id,med) VALUES (2934,'Prednisone');
INSERT INTO surgery (id,date,patient_id,doctor_id) VALUES (2935,'2019-12-08',419,376);
INSERT INTO meds_for_surgery (surgery_id,med) VALUES (2935,'Meperidine');
INSERT INTO surgery (id,date,patient_id,doctor_id) VALUES (2936,'2019-11-26',398,41);
INSERT INTO meds_for_surgery (surgery_id,med) VALUES (2936,'Diclofenac');
INSERT INTO surgery (id,date,patient_id,doctor_id) VALUES (2937,'2019-12-21',80,228);
INSERT INTO meds_for_surgery (surgery_id,med) VALUES (2937,'Omeprazole');
INSERT INTO surgery (id,date,patient_id,doctor_id) VALUES (2938,'2019-11-28',233,64);
INSERT INTO meds_for_surgery (surgery_id,med) VALUES (2938,'Temozolomide');
INSERT INTO surgery (id,date,patient_id,doctor_id) VALUES (2939,'2019-11-28',146,486);
INSERT INTO meds_for_surgery (surgery_id,med) VALUES (2939,'Captopril');
INSERT INTO surgery (id,date,patient_id,doctor_id) VALUES (2940,'2019-12-10',67,44);
INSERT INTO meds_for_surgery (surgery_id,med) VALUES (2940,'Elvitegravir');
INSERT INTO surgery (id,date,patient_id,doctor_id) VALUES (2941,'2019-12-14',188,477);
INSERT INTO meds_for_surgery (surgery_id,med) VALUES (2941,'Amifostine');
INSERT INTO surgery (id,date,patient_id,doctor_id) VALUES (2942,'2019-12-19',393,117);
INSERT INTO meds_for_surgery (surgery_id,med) VALUES (2942,'Cyproheptadine');
INSERT INTO surgery (id,date,patient_id,doctor_id) VALUES (2943,'2019-12-10',499,175);
INSERT INTO meds_for_surgery (surgery_id,med) VALUES (2943,'Temozolomide');
INSERT INTO surgery (id,date,patient_id,doctor_id) VALUES (2944,'2019-11-27',431,44);
INSERT INTO meds_for_surgery (surgery_id,med) VALUES (2944,'Crizotinib');
INSERT INTO surgery (id,date,patient_id,doctor_id) VALUES (2945,'2019-12-15',20,300);
INSERT INTO meds_for_surgery (surgery_id,med) VALUES (2945,'Metronidazole');
INSERT INTO surgery (id,date,patient_id,doctor_id) VALUES (2946,'2019-12-18',448,454);
INSERT INTO meds_for_surgery (surgery_id,med) VALUES (2946,'Crizotinib');
INSERT INTO surgery (id,date,patient_id,doctor_id) VALUES (2947,'2019-12-01',371,265);
INSERT INTO meds_for_surgery (surgery_id,med) VALUES (2947,'Vancomycin');
INSERT INTO surgery (id,date,patient_id,doctor_id) VALUES (2948,'2019-12-07',69,66);
INSERT INTO meds_for_surgery (surgery_id,med) VALUES (2948,'Calcium');
INSERT INTO surgery (id,date,patient_id,doctor_id) VALUES (2949,'2019-11-28',53,346);
INSERT INTO meds_for_surgery (surgery_id,med) VALUES (2949,'Imatinib');
INSERT INTO surgery (id,date,patient_id,doctor_id) VALUES (2950,'2019-11-28',38,62);
INSERT INTO meds_for_surgery (surgery_id,med) VALUES (2950,'Dobutamine');
INSERT INTO surgery (id,date,patient_id,doctor_id) VALUES (2951,'2019-12-02',231,41);
INSERT INTO meds_for_surgery (surgery_id,med) VALUES (2951,'Rituximab');
INSERT INTO surgery (id,date,patient_id,doctor_id) VALUES (2952,'2019-12-12',188,179);
INSERT INTO meds_for_surgery (surgery_id,med) VALUES (2952,'Alendronate');
INSERT INTO surgery (id,date,patient_id,doctor_id) VALUES (2953,'2019-12-07',6,326);
INSERT INTO meds_for_surgery (surgery_id,med) VALUES (2953,'Erythropoietin');
INSERT INTO surgery (id,date,patient_id,doctor_id) VALUES (2954,'2019-12-26',469,42);
INSERT INTO meds_for_surgery (surgery_id,med) VALUES (2954,'Baclofen');
INSERT INTO surgery (id,date,patient_id,doctor_id) VALUES (2955,'2019-12-16',215,421);
INSERT INTO meds_for_surgery (surgery_id,med) VALUES (2955,'Gemcitabine');
INSERT INTO surgery (id,date,patient_id,doctor_id) VALUES (2956,'2019-12-20',426,479);
INSERT INTO meds_for_surgery (surgery_id,med) VALUES (2956,'Valproic acid');
INSERT INTO surgery (id,date,patient_id,doctor_id) VALUES (2957,'2019-12-15',229,278);
INSERT INTO meds_for_surgery (surgery_id,med) VALUES (2957,'Modafinil');
INSERT INTO surgery (id,date,patient_id,doctor_id) VALUES (2958,'2019-12-24',229,477);
INSERT INTO meds_for_surgery (surgery_id,med) VALUES (2958,'Linezolid');
INSERT INTO surgery (id,date,patient_id,doctor_id) VALUES (2959,'2019-11-26',123,19);
INSERT INTO meds_for_surgery (surgery_id,med) VALUES (2959,'GM-CSF');
INSERT INTO surgery (id,date,patient_id,doctor_id) VALUES (2960,'2019-12-07',230,327);
INSERT INTO meds_for_surgery (surgery_id,med) VALUES (2960,'Procarbazine');
INSERT INTO surgery (id,date,patient_id,doctor_id) VALUES (2961,'2019-12-17',335,19);
INSERT INTO meds_for_surgery (surgery_id,med) VALUES (2961,'Morphine');
INSERT INTO surgery (id,date,patient_id,doctor_id) VALUES (2962,'2019-12-11',80,66);
INSERT INTO meds_for_surgery (surgery_id,med) VALUES (2962,'Ceftazidime');
INSERT INTO surgery (id,date,patient_id,doctor_id) VALUES (2963,'2019-12-23',334,64);
INSERT INTO meds_for_surgery (surgery_id,med) VALUES (2963,'Methylphenidate');
INSERT INTO surgery (id,date,patient_id,doctor_id) VALUES (2964,'2019-12-12',448,397);
INSERT INTO meds_for_surgery (surgery_id,med) VALUES (2964,'Sugammadex');
INSERT INTO surgery (id,date,patient_id,doctor_id) VALUES (2965,'2019-11-28',123,62);
INSERT INTO meds_for_surgery (surgery_id,med) VALUES (2965,'Methylphenidate');
INSERT INTO surgery (id,date,patient_id,doctor_id) VALUES (2966,'2019-12-11',334,145);
INSERT INTO meds_for_surgery (surgery_id,med) VALUES (2966,'Cidofovir');
INSERT INTO surgery (id,date,patient_id,doctor_id) VALUES (2967,'2019-12-04',52,290);
INSERT INTO meds_for_surgery (surgery_id,med) VALUES (2967,'Furosemide');
INSERT INTO surgery (id,date,patient_id,doctor_id) VALUES (2968,'2019-12-03',52,260);
INSERT INTO meds_for_surgery (surgery_id,med) VALUES (2968,'Stavudine');
INSERT INTO surgery (id,date,patient_id,doctor_id) VALUES (2969,'2019-12-07',390,117);
INSERT INTO meds_for_surgery (surgery_id,med) VALUES (2969,'Pemetrexed');
INSERT INTO surgery (id,date,patient_id,doctor_id) VALUES (2970,'2019-12-17',372,479);
INSERT INTO meds_for_surgery (surgery_id,med) VALUES (2970,'Cefixime');
INSERT INTO surgery (id,date,patient_id,doctor_id) VALUES (2971,'2019-12-23',52,376);
INSERT INTO meds_for_surgery (surgery_id,med) VALUES (2971,'Raltegravir');
INSERT INTO surgery (id,date,patient_id,doctor_id) VALUES (2972,'2019-12-09',371,129);
INSERT INTO meds_for_surgery (surgery_id,med) VALUES (2972,'Warfarin');
INSERT INTO surgery (id,date,patient_id,doctor_id) VALUES (2973,'2019-11-24',195,129);
INSERT INTO meds_for_surgery (surgery_id,med) VALUES (2973,'Isotretinoin');
INSERT INTO surgery (id,date,patient_id,doctor_id) VALUES (2974,'2019-11-29',83,145);
INSERT INTO meds_for_surgery (surgery_id,med) VALUES (2974,'Cefaclor');
INSERT INTO surgery (id,date,patient_id,doctor_id) VALUES (2975,'2019-12-11',335,376);
INSERT INTO meds_for_surgery (surgery_id,med) VALUES (2975,'Amikacin');
INSERT INTO surgery (id,date,patient_id,doctor_id) VALUES (2976,'2019-12-16',46,396);
INSERT INTO meds_for_surgery (surgery_id,med) VALUES (2976,'Famciclovir');
INSERT INTO surgery (id,date,patient_id,doctor_id) VALUES (2977,'2019-12-04',401,256);
INSERT INTO meds_for_surgery (surgery_id,med) VALUES (2977,'Phosphorus');
INSERT INTO surgery (id,date,patient_id,doctor_id) VALUES (2978,'2019-12-15',83,495);
INSERT INTO meds_for_surgery (surgery_id,med) VALUES (2978,'Alemtuzumab');
INSERT INTO surgery (id,date,patient_id,doctor_id) VALUES (2979,'2019-12-09',388,64);
INSERT INTO meds_for_surgery (surgery_id,med) VALUES (2979,'Erlotinib');
INSERT INTO surgery (id,date,patient_id,doctor_id) VALUES (2980,'2019-12-10',119,355);
INSERT INTO meds_for_surgery (surgery_id,med) VALUES (2980,'Rituximab');
INSERT INTO surgery (id,date,patient_id,doctor_id) VALUES (2981,'2019-12-03',119,270);
INSERT INTO meds_for_surgery (surgery_id,med) VALUES (2981,'Penicillin');
INSERT INTO surgery (id,date,patient_id,doctor_id) VALUES (2982,'2019-12-19',156,326);
INSERT INTO meds_for_surgery (surgery_id,med) VALUES (2982,'Lomustine');
INSERT INTO surgery (id,date,patient_id,doctor_id) VALUES (2983,'2019-12-22',70,381);
INSERT INTO meds_for_surgery (surgery_id,med) VALUES (2983,'Alendronate');
INSERT INTO surgery (id,date,patient_id,doctor_id) VALUES (2984,'2019-11-23',390,479);
INSERT INTO meds_for_surgery (surgery_id,med) VALUES (2984,'Topotecan');
INSERT INTO surgery (id,date,patient_id,doctor_id) VALUES (2985,'2019-11-29',119,98);
INSERT INTO meds_for_surgery (surgery_id,med) VALUES (2985,'Cyclosporine');
INSERT INTO surgery (id,date,patient_id,doctor_id) VALUES (2986,'2019-12-15',86,256);
INSERT INTO meds_for_surgery (surgery_id,med) VALUES (2986,'Dasatinib');
INSERT INTO surgery (id,date,patient_id,doctor_id) VALUES (2987,'2019-12-16',365,247);
INSERT INTO meds_for_surgery (surgery_id,med) VALUES (2987,'Erlotinib');
INSERT INTO surgery (id,date,patient_id,doctor_id) VALUES (2988,'2019-12-10',285,452);
INSERT INTO meds_for_surgery (surgery_id,med) VALUES (2988,'Cyclosporine');
INSERT INTO surgery (id,date,patient_id,doctor_id) VALUES (2989,'2019-12-21',400,479);
INSERT INTO meds_for_surgery (surgery_id,med) VALUES (2989,'Cyclophosphamide');
INSERT INTO surgery (id,date,patient_id,doctor_id) VALUES (2990,'2019-12-21',312,131);
INSERT INTO meds_for_surgery (surgery_id,med) VALUES (2990,'Carmustine');
INSERT INTO surgery (id,date,patient_id,doctor_id) VALUES (2991,'2019-12-03',449,421);
INSERT INTO meds_for_surgery (surgery_id,med) VALUES (2991,'Doxorubicin');
INSERT INTO surgery (id,date,patient_id,doctor_id) VALUES (2992,'2019-11-29',38,62);
INSERT INTO meds_for_surgery (surgery_id,med) VALUES (2992,'Dornase alfa');
INSERT INTO surgery (id,date,patient_id,doctor_id) VALUES (2993,'2019-12-11',498,84);
INSERT INTO meds_for_surgery (surgery_id,med) VALUES (2993,'Leucovorin');
INSERT INTO surgery (id,date,patient_id,doctor_id) VALUES (2994,'2019-12-06',192,300);
INSERT INTO meds_for_surgery (surgery_id,med) VALUES (2994,'Cephalexin');
INSERT INTO surgery (id,date,patient_id,doctor_id) VALUES (2995,'2019-12-11',63,98);
INSERT INTO meds_for_surgery (surgery_id,med) VALUES (2995,'Magnesium');
INSERT INTO surgery (id,date,patient_id,doctor_id) VALUES (2996,'2019-12-10',70,495);
INSERT INTO meds_for_surgery (surgery_id,med) VALUES (2996,'Azithromycin');
INSERT INTO surgery (id,date,patient_id,doctor_id) VALUES (2997,'2019-12-11',230,44);
INSERT INTO meds_for_surgery (surgery_id,med) VALUES (2997,'Asparaginase');
INSERT INTO surgery (id,date,patient_id,doctor_id) VALUES (2998,'2019-12-22',137,247);
INSERT INTO meds_for_surgery (surgery_id,med) VALUES (2998,'Asparaginase');
INSERT INTO surgery (id,date,patient_id,doctor_id) VALUES (2999,'2019-12-06',188,151);
INSERT INTO meds_for_surgery (surgery_id,med) VALUES (2999,'Raltegravir');
INSERT INTO surgery (id,date,patient_id,doctor_id) VALUES (3000,'2019-12-10',52,210);
INSERT INTO meds_for_surgery (surgery_id,med) VALUES (3000,'Trimethoprim');