
INSERT INTO medicine (name,amount) VALUES ('Prednisone',74);
INSERT INTO medicine (name,amount) VALUES ('Famciclovir',28);
INSERT INTO request_med (date,med,amount,requester) VALUES ('2019-12-14','Famciclovir',7,232);
INSERT INTO patient_allergies (patient_id,preparate) VALUES (60,'Famciclovir');
INSERT INTO medicine (name,amount) VALUES ('Micafungin',99);
INSERT INTO medicine (name,amount) VALUES ('Gemtuzumab',46);
INSERT INTO medicine (name,amount) VALUES ('Stavudine',85);
INSERT INTO request_med (date,med,amount,requester) VALUES ('2019-11-29','Stavudine',8,155);
INSERT INTO patient_allergies (patient_id,preparate) VALUES (239,'Stavudine');
INSERT INTO medicine (name,amount) VALUES ('Dacarbazine',81);
INSERT INTO request_med (date,med,amount,requester) VALUES ('2019-12-03','Dacarbazine',10,300);
INSERT INTO patient_allergies (patient_id,preparate) VALUES (33,'Dacarbazine');
INSERT INTO medicine (name,amount) VALUES ('Mycophenolate',1);
INSERT INTO medicine (name,amount) VALUES ('Propoxyphene',1);
INSERT INTO medicine (name,amount) VALUES ('Gemcitabine',30);
INSERT INTO medicine (name,amount) VALUES ('Emicizumab',98);
INSERT INTO medicine (name,amount) VALUES ('Aprepitant',70);
INSERT INTO medicine (name,amount) VALUES ('Morphine',71);
INSERT INTO medicine (name,amount) VALUES ('Labetalol',5);
INSERT INTO request_med (date,med,amount,requester) VALUES ('2019-12-09','Labetalol',7,489);
INSERT INTO patient_allergies (patient_id,preparate) VALUES (436,'Labetalol');
INSERT INTO medicine (name,amount) VALUES ('Saquinavir',29);
INSERT INTO request_med (date,med,amount,requester) VALUES ('2019-12-21','Saquinavir',4,276);
INSERT INTO patient_allergies (patient_id,preparate) VALUES (168,'Saquinavir');
INSERT INTO medicine (name,amount) VALUES ('Hydralazine',0);
INSERT INTO request_med (date,med,amount,requester) VALUES ('2019-12-15','Hydralazine',9,51);
INSERT INTO patient_allergies (patient_id,preparate) VALUES (181,'Hydralazine');
INSERT INTO medicine (name,amount) VALUES ('Amifostine',28);
INSERT INTO medicine (name,amount) VALUES ('Dinutuximab',39);
INSERT INTO request_med (date,med,amount,requester) VALUES ('2019-12-14','Dinutuximab',2,461);
INSERT INTO patient_allergies (patient_id,preparate) VALUES (384,'Dinutuximab');
INSERT INTO medicine (name,amount) VALUES ('Daunorubicin',77);
INSERT INTO medicine (name,amount) VALUES ('Etonogestrel',79);
INSERT INTO request_med (date,med,amount,requester) VALUES ('2019-12-12','Etonogestrel',8,395);
INSERT INTO patient_allergies (patient_id,preparate) VALUES (161,'Etonogestrel');
INSERT INTO medicine (name,amount) VALUES ('Atenolol',89);
INSERT INTO medicine (name,amount) VALUES ('Maraviroc',69);
INSERT INTO medicine (name,amount) VALUES ('Topotecan',87);
INSERT INTO request_med (date,med,amount,requester) VALUES ('2019-11-30','Topotecan',4,112);
INSERT INTO patient_allergies (patient_id,preparate) VALUES (76,'Topotecan');
INSERT INTO medicine (name,amount) VALUES ('Thioguanine',55);
INSERT INTO request_med (date,med,amount,requester) VALUES ('2019-12-18','Thioguanine',4,286);
INSERT INTO patient_allergies (patient_id,preparate) VALUES (176,'Thioguanine');
INSERT INTO medicine (name,amount) VALUES ('Acyclovir',52);
INSERT INTO medicine (name,amount) VALUES ('Fluorouracil',55);
INSERT INTO request_med (date,med,amount,requester) VALUES ('2019-12-02','Fluorouracil',10,43);
INSERT INTO patient_allergies (patient_id,preparate) VALUES (315,'Fluorouracil');
INSERT INTO medicine (name,amount) VALUES ('Ritonavir',68);
INSERT INTO request_med (date,med,amount,requester) VALUES ('2019-11-30','Ritonavir',1,497);
INSERT INTO patient_allergies (patient_id,preparate) VALUES (212,'Ritonavir');
INSERT INTO medicine (name,amount) VALUES ('Erythropoietin',3);
INSERT INTO medicine (name,amount) VALUES ('Lopinavir',16);
INSERT INTO medicine (name,amount) VALUES ('Pegfilgrastim',35);
INSERT INTO medicine (name,amount) VALUES ('Hydrocodone',54);
INSERT INTO request_med (date,med,amount,requester) VALUES ('2019-12-17','Hydrocodone',2,271);
INSERT INTO patient_allergies (patient_id,preparate) VALUES (52,'Hydrocodone');
INSERT INTO medicine (name,amount) VALUES ('Posaconazole',39);
INSERT INTO request_med (date,med,amount,requester) VALUES ('2019-11-30','Posaconazole',7,284);
INSERT INTO patient_allergies (patient_id,preparate) VALUES (188,'Posaconazole');
INSERT INTO medicine (name,amount) VALUES ('Meloxicam',41);
INSERT INTO request_med (date,med,amount,requester) VALUES ('2019-11-24','Meloxicam',6,189);
INSERT INTO patient_allergies (patient_id,preparate) VALUES (254,'Meloxicam');
INSERT INTO medicine (name,amount) VALUES ('Ranitidine',86);
INSERT INTO request_med (date,med,amount,requester) VALUES ('2019-12-06','Ranitidine',2,332);
INSERT INTO patient_allergies (patient_id,preparate) VALUES (76,'Ranitidine');
INSERT INTO medicine (name,amount) VALUES ('Clofarabine',1);
INSERT INTO medicine (name,amount) VALUES ('Atovaquone',92);
INSERT INTO medicine (name,amount) VALUES ('Abacavir',1);
INSERT INTO medicine (name,amount) VALUES ('Carbamazepine',97);
INSERT INTO request_med (date,med,amount,requester) VALUES ('2019-12-01','Carbamazepine',2,286);
INSERT INTO patient_allergies (patient_id,preparate) VALUES (173,'Carbamazepine');
INSERT INTO medicine (name,amount) VALUES ('Ruxolitinib',47);
INSERT INTO medicine (name,amount) VALUES ('Modafinil',54);
INSERT INTO medicine (name,amount) VALUES ('Erythromycin',66);
INSERT INTO request_med (date,med,amount,requester) VALUES ('2019-11-29','Erythromycin',8,4);
INSERT INTO patient_allergies (patient_id,preparate) VALUES (414,'Erythromycin');
INSERT INTO medicine (name,amount) VALUES ('Hydromorphone',16);
INSERT INTO medicine (name,amount) VALUES ('Vancomycin',17);
INSERT INTO request_med (date,med,amount,requester) VALUES ('2019-12-25','Vancomycin',8,219);
INSERT INTO patient_allergies (patient_id,preparate) VALUES (291,'Vancomycin');
INSERT INTO medicine (name,amount) VALUES ('Omeprazole',91);
INSERT INTO request_med (date,med,amount,requester) VALUES ('2019-12-06','Omeprazole',5,218);
INSERT INTO patient_allergies (patient_id,preparate) VALUES (453,'Omeprazole');
INSERT INTO medicine (name,amount) VALUES ('Nelarabine',25);
INSERT INTO request_med (date,med,amount,requester) VALUES ('2019-11-25','Nelarabine',5,332);
INSERT INTO patient_allergies (patient_id,preparate) VALUES (470,'Nelarabine');
INSERT INTO medicine (name,amount) VALUES ('Cyclobenzaprine',27);
INSERT INTO request_med (date,med,amount,requester) VALUES ('2019-11-25','Cyclobenzaprine',9,59);
INSERT INTO patient_allergies (patient_id,preparate) VALUES (479,'Cyclobenzaprine');
INSERT INTO medicine (name,amount) VALUES ('Cefuroxime',27);
INSERT INTO request_med (date,med,amount,requester) VALUES ('2019-12-12','Cefuroxime',8,484);
INSERT INTO patient_allergies (patient_id,preparate) VALUES (199,'Cefuroxime');
INSERT INTO medicine (name,amount) VALUES ('Mercaptopurine',63);
INSERT INTO request_med (date,med,amount,requester) VALUES ('2019-11-26','Mercaptopurine',10,93);
INSERT INTO patient_allergies (patient_id,preparate) VALUES (476,'Mercaptopurine');
INSERT INTO medicine (name,amount) VALUES ('Rasburicase',72);
INSERT INTO medicine (name,amount) VALUES ('Imatinib',36);
INSERT INTO request_med (date,med,amount,requester) VALUES ('2019-12-14','Imatinib',1,292);
INSERT INTO patient_allergies (patient_id,preparate) VALUES (239,'Imatinib');
INSERT INTO medicine (name,amount) VALUES ('Clobazam',58);
INSERT INTO request_med (date,med,amount,requester) VALUES ('2019-12-07','Clobazam',4,213);
INSERT INTO patient_allergies (patient_id,preparate) VALUES (209,'Clobazam');
INSERT INTO medicine (name,amount) VALUES ('Dexamethasone',71);
INSERT INTO medicine (name,amount) VALUES ('Penicillin',86);
INSERT INTO medicine (name,amount) VALUES ('Fludarabine',46);
INSERT INTO request_med (date,med,amount,requester) VALUES ('2019-12-10','Fludarabine',4,278);
INSERT INTO patient_allergies (patient_id,preparate) VALUES (168,'Fludarabine');
INSERT INTO medicine (name,amount) VALUES ('L-glutamine',39);
INSERT INTO medicine (name,amount) VALUES ('Sorafenib',61);
INSERT INTO medicine (name,amount) VALUES ('Mesna',18);
INSERT INTO medicine (name,amount) VALUES ('Teniposide',74);
INSERT INTO medicine (name,amount) VALUES ('Rilpivirine',17);
INSERT INTO medicine (name,amount) VALUES ('Bleomycin',44);
INSERT INTO medicine (name,amount) VALUES ('Interleukin',19);
INSERT INTO request_med (date,med,amount,requester) VALUES ('2019-12-21','Interleukin',4,465);
INSERT INTO patient_allergies (patient_id,preparate) VALUES (168,'Interleukin');
INSERT INTO medicine (name,amount) VALUES ('Voriconazole',92);
INSERT INTO request_med (date,med,amount,requester) VALUES ('2019-12-10','Voriconazole',1,93);
INSERT INTO patient_allergies (patient_id,preparate) VALUES (407,'Voriconazole');
INSERT INTO medicine (name,amount) VALUES ('Etoposide',67);
INSERT INTO request_med (date,med,amount,requester) VALUES ('2019-12-06','Etoposide',7,189);
INSERT INTO patient_allergies (patient_id,preparate) VALUES (303,'Etoposide');
INSERT INTO medicine (name,amount) VALUES ('Atazanavir',93);
INSERT INTO request_med (date,med,amount,requester) VALUES ('2019-11-26','Atazanavir',5,283);
INSERT INTO patient_allergies (patient_id,preparate) VALUES (102,'Atazanavir');
INSERT INTO medicine (name,amount) VALUES ('Cefaclor',54);
INSERT INTO medicine (name,amount) VALUES ('Bortezomib',20);
INSERT INTO request_med (date,med,amount,requester) VALUES ('2019-12-27','Bortezomib',1,262);
INSERT INTO patient_allergies (patient_id,preparate) VALUES (154,'Bortezomib');
INSERT INTO medicine (name,amount) VALUES ('Megestrol acetate',40);
INSERT INTO medicine (name,amount) VALUES ('Busulfan',72);
INSERT INTO request_med (date,med,amount,requester) VALUES ('2019-12-23','Busulfan',7,83);
INSERT INTO patient_allergies (patient_id,preparate) VALUES (280,'Busulfan');
INSERT INTO medicine (name,amount) VALUES ('Diclofenac',4);
INSERT INTO medicine (name,amount) VALUES ('Neuromuscular',41);
INSERT INTO request_med (date,med,amount,requester) VALUES ('2019-12-25','Neuromuscular',4,99);
INSERT INTO patient_allergies (patient_id,preparate) VALUES (222,'Neuromuscular');
INSERT INTO medicine (name,amount) VALUES ('Raltegravir',24);
INSERT INTO medicine (name,amount) VALUES ('Hydrocortisone',38);
INSERT INTO medicine (name,amount) VALUES ('Amlodipine',36);
INSERT INTO medicine (name,amount) VALUES ('Darunavir',59);
INSERT INTO request_med (date,med,amount,requester) VALUES ('2019-12-08','Darunavir',1,312);
INSERT INTO patient_allergies (patient_id,preparate) VALUES (7,'Darunavir');
INSERT INTO medicine (name,amount) VALUES ('Tobramycin',46);
INSERT INTO request_med (date,med,amount,requester) VALUES ('2019-12-04','Tobramycin',9,132);
INSERT INTO patient_allergies (patient_id,preparate) VALUES (324,'Tobramycin');
INSERT INTO medicine (name,amount) VALUES ('Captopril',32);
INSERT INTO medicine (name,amount) VALUES ('PEGaspargase',72);
INSERT INTO request_med (date,med,amount,requester) VALUES ('2019-12-08','PEGaspargase',3,491);
INSERT INTO patient_allergies (patient_id,preparate) VALUES (406,'PEGaspargase');
INSERT INTO medicine (name,amount) VALUES ('Phosphorus',59);
INSERT INTO medicine (name,amount) VALUES ('Cyclophosphamide',52);
INSERT INTO request_med (date,med,amount,requester) VALUES ('2019-12-08','Cyclophosphamide',6,8);
INSERT INTO patient_allergies (patient_id,preparate) VALUES (260,'Cyclophosphamide');
INSERT INTO medicine (name,amount) VALUES ('Thiotepa',78);
INSERT INTO medicine (name,amount) VALUES ('Rituximab',41);
INSERT INTO request_med (date,med,amount,requester) VALUES ('2019-12-09','Rituximab',2,445);
INSERT INTO patient_allergies (patient_id,preparate) VALUES (322,'Rituximab');
INSERT INTO medicine (name,amount) VALUES ('Deferasirox',64);
INSERT INTO medicine (name,amount) VALUES ('Ifosfamide',23);
INSERT INTO medicine (name,amount) VALUES ('Azithromycin',60);
INSERT INTO request_med (date,med,amount,requester) VALUES ('2019-12-03','Azithromycin',5,446);
INSERT INTO patient_allergies (patient_id,preparate) VALUES (260,'Azithromycin');
INSERT INTO medicine (name,amount) VALUES ('G-CSF',37);
INSERT INTO medicine (name,amount) VALUES ('Meropenem',33);
INSERT INTO medicine (name,amount) VALUES ('Asparaginase',66);
INSERT INTO request_med (date,med,amount,requester) VALUES ('2019-11-30','Asparaginase',5,288);
INSERT INTO patient_allergies (patient_id,preparate) VALUES (137,'Asparaginase');
INSERT INTO medicine (name,amount) VALUES ('Ketoconazole',75);
INSERT INTO request_med (date,med,amount,requester) VALUES ('2019-12-01','Ketoconazole',5,352);
INSERT INTO patient_allergies (patient_id,preparate) VALUES (206,'Ketoconazole');
INSERT INTO medicine (name,amount) VALUES ('Levothyroxine',67);
INSERT INTO request_med (date,med,amount,requester) VALUES ('2019-12-26','Levothyroxine',2,483);
INSERT INTO patient_allergies (patient_id,preparate) VALUES (406,'Levothyroxine');
INSERT INTO medicine (name,amount) VALUES ('Isotretinoin',67);
INSERT INTO request_med (date,med,amount,requester) VALUES ('2019-11-28','Isotretinoin',4,30);
INSERT INTO patient_allergies (patient_id,preparate) VALUES (327,'Isotretinoin');
INSERT INTO medicine (name,amount) VALUES ('Gefitinib',54);
INSERT INTO request_med (date,med,amount,requester) VALUES ('2019-12-07','Gefitinib',3,372);
INSERT INTO patient_allergies (patient_id,preparate) VALUES (15,'Gefitinib');
INSERT INTO medicine (name,amount) VALUES ('Dobutamine',72);
INSERT INTO medicine (name,amount) VALUES ('Warfarin',40);
INSERT INTO request_med (date,med,amount,requester) VALUES ('2019-12-09','Warfarin',5,36);
INSERT INTO patient_allergies (patient_id,preparate) VALUES (500,'Warfarin');
INSERT INTO medicine (name,amount) VALUES ('Dronabinol',20);
INSERT INTO request_med (date,med,amount,requester) VALUES ('2019-12-11','Dronabinol',3,96);
INSERT INTO patient_allergies (patient_id,preparate) VALUES (194,'Dronabinol');
INSERT INTO medicine (name,amount) VALUES ('Ondansetron',0);
INSERT INTO medicine (name,amount) VALUES ('Gabapentin',8);
INSERT INTO medicine (name,amount) VALUES ('Clarithromycin',79);
INSERT INTO medicine (name,amount) VALUES ('Etravirine',14);
INSERT INTO request_med (date,med,amount,requester) VALUES ('2019-12-08','Etravirine',2,103);
INSERT INTO patient_allergies (patient_id,preparate) VALUES (212,'Etravirine');
INSERT INTO medicine (name,amount) VALUES ('Ceftazidime',94);
INSERT INTO request_med (date,med,amount,requester) VALUES ('2019-12-17','Ceftazidime',1,160);
INSERT INTO patient_allergies (patient_id,preparate) VALUES (86,'Ceftazidime');
INSERT INTO medicine (name,amount) VALUES ('Metronidazole',71);
INSERT INTO medicine (name,amount) VALUES ('Vinblastine',44);
INSERT INTO medicine (name,amount) VALUES ('Enoxaparin',58);
INSERT INTO request_med (date,med,amount,requester) VALUES ('2019-11-24','Enoxaparin',5,233);
INSERT INTO patient_allergies (patient_id,preparate) VALUES (268,'Enoxaparin');
INSERT INTO medicine (name,amount) VALUES ('Muromonab',88);
INSERT INTO medicine (name,amount) VALUES ('Cytarabine',96);
INSERT INTO request_med (date,med,amount,requester) VALUES ('2019-12-08','Cytarabine',2,42);
INSERT INTO patient_allergies (patient_id,preparate) VALUES (188,'Cytarabine');
INSERT INTO medicine (name,amount) VALUES ('Cyclosporine',99);
INSERT INTO medicine (name,amount) VALUES ('Hydroxyurea',41);
INSERT INTO request_med (date,med,amount,requester) VALUES ('2019-12-06','Hydroxyurea',9,276);
INSERT INTO patient_allergies (patient_id,preparate) VALUES (172,'Hydroxyurea');
INSERT INTO medicine (name,amount) VALUES ('Amoxicillin',76);
INSERT INTO medicine (name,amount) VALUES ('Emtricitabine',68);
INSERT INTO request_med (date,med,amount,requester) VALUES ('2019-12-13','Emtricitabine',10,286);
INSERT INTO patient_allergies (patient_id,preparate) VALUES (437,'Emtricitabine');
INSERT INTO medicine (name,amount) VALUES ('Heparin',37);
INSERT INTO request_med (date,med,amount,requester) VALUES ('2019-12-25','Heparin',9,50);
INSERT INTO patient_allergies (patient_id,preparate) VALUES (456,'Heparin');
INSERT INTO medicine (name,amount) VALUES ('Rivaroxaban',56);
INSERT INTO request_med (date,med,amount,requester) VALUES ('2019-12-14','Rivaroxaban',2,421);
INSERT INTO patient_allergies (patient_id,preparate) VALUES (195,'Rivaroxaban');
INSERT INTO medicine (name,amount) VALUES ('Potassium',44);
INSERT INTO medicine (name,amount) VALUES ('Pentamidine',20);
INSERT INTO request_med (date,med,amount,requester) VALUES ('2019-12-26','Pentamidine',5,200);
INSERT INTO patient_allergies (patient_id,preparate) VALUES (148,'Pentamidine');
INSERT INTO medicine (name,amount) VALUES ('Dactinomycin',95);
INSERT INTO request_med (date,med,amount,requester) VALUES ('2019-12-17','Dactinomycin',7,434);
INSERT INTO patient_allergies (patient_id,preparate) VALUES (7,'Dactinomycin');
INSERT INTO medicine (name,amount) VALUES ('Alendronate',85);
INSERT INTO medicine (name,amount) VALUES ('Furosemide',88);
INSERT INTO medicine (name,amount) VALUES ('Imipenem',83);
INSERT INTO medicine (name,amount) VALUES ('Cladribine',86);
INSERT INTO medicine (name,amount) VALUES ('Carboplatin',68);
INSERT INTO request_med (date,med,amount,requester) VALUES ('2019-12-01','Carboplatin',3,385);
INSERT INTO patient_allergies (patient_id,preparate) VALUES (403,'Carboplatin');
INSERT INTO medicine (name,amount) VALUES ('Nevirapine',59);
INSERT INTO request_med (date,med,amount,requester) VALUES ('2019-11-27','Nevirapine',1,66);
INSERT INTO patient_allergies (patient_id,preparate) VALUES (457,'Nevirapine');
INSERT INTO medicine (name,amount) VALUES ('Dasatinib',42);
INSERT INTO medicine (name,amount) VALUES ('Procarbazine',1);
INSERT INTO request_med (date,med,amount,requester) VALUES ('2019-12-13','Procarbazine',2,359);
INSERT INTO patient_allergies (patient_id,preparate) VALUES (476,'Procarbazine');
INSERT INTO medicine (name,amount) VALUES ('Mechlorethamine',76);
INSERT INTO medicine (name,amount) VALUES ('Dopamine',37);
INSERT INTO request_med (date,med,amount,requester) VALUES ('2019-12-06','Dopamine',3,37);
INSERT INTO patient_allergies (patient_id,preparate) VALUES (201,'Dopamine');
INSERT INTO medicine (name,amount) VALUES ('Methadone',75);
INSERT INTO medicine (name,amount) VALUES ('Vincristine',69);
INSERT INTO request_med (date,med,amount,requester) VALUES ('2019-12-13','Vincristine',3,481);
INSERT INTO patient_allergies (patient_id,preparate) VALUES (457,'Vincristine');
INSERT INTO medicine (name,amount) VALUES ('Immune',48);
INSERT INTO request_med (date,med,amount,requester) VALUES ('2019-12-27','Immune',4,122);
INSERT INTO patient_allergies (patient_id,preparate) VALUES (331,'Immune');
INSERT INTO medicine (name,amount) VALUES ('Methotrexate',5);
INSERT INTO request_med (date,med,amount,requester) VALUES ('2019-12-14','Methotrexate',3,316);
INSERT INTO patient_allergies (patient_id,preparate) VALUES (254,'Methotrexate');
INSERT INTO medicine (name,amount) VALUES ('Vorinostat',39);
INSERT INTO request_med (date,med,amount,requester) VALUES ('2019-12-14','Vorinostat',7,281);
INSERT INTO patient_allergies (patient_id,preparate) VALUES (188,'Vorinostat');
INSERT INTO medicine (name,amount) VALUES ('Sugammadex',18);
INSERT INTO request_med (date,med,amount,requester) VALUES ('2019-12-02','Sugammadex',4,374);
INSERT INTO patient_allergies (patient_id,preparate) VALUES (444,'Sugammadex');
INSERT INTO medicine (name,amount) VALUES ('Ganciclovir',51);
INSERT INTO request_med (date,med,amount,requester) VALUES ('2019-12-06','Ganciclovir',4,3);
INSERT INTO patient_allergies (patient_id,preparate) VALUES (457,'Ganciclovir');
INSERT INTO medicine (name,amount) VALUES ('Erlotinib',20);
INSERT INTO medicine (name,amount) VALUES ('Meperidine',15);
INSERT INTO medicine (name,amount) VALUES ('Linezolid',50);
INSERT INTO medicine (name,amount) VALUES ('Interferon',77);
INSERT INTO request_med (date,med,amount,requester) VALUES ('2019-11-24','Interferon',2,430);
INSERT INTO patient_allergies (patient_id,preparate) VALUES (201,'Interferon');
INSERT INTO medicine (name,amount) VALUES ('Alemtuzumab',85);
INSERT INTO request_med (date,med,amount,requester) VALUES ('2019-12-19','Alemtuzumab',6,478);
INSERT INTO patient_allergies (patient_id,preparate) VALUES (194,'Alemtuzumab');
INSERT INTO medicine (name,amount) VALUES ('Probenecid',61);
INSERT INTO request_med (date,med,amount,requester) VALUES ('2019-12-21','Probenecid',1,305);
INSERT INTO patient_allergies (patient_id,preparate) VALUES (97,'Probenecid');
INSERT INTO medicine (name,amount) VALUES ('Cefepime',24);
INSERT INTO request_med (date,med,amount,requester) VALUES ('2019-12-10','Cefepime',7,241);
INSERT INTO patient_allergies (patient_id,preparate) VALUES (246,'Cefepime');
INSERT INTO medicine (name,amount) VALUES ('Enalapril',63);
INSERT INTO request_med (date,med,amount,requester) VALUES ('2019-12-17','Enalapril',6,132);
INSERT INTO patient_allergies (patient_id,preparate) VALUES (194,'Enalapril');
INSERT INTO medicine (name,amount) VALUES ('Granisetron',71);
INSERT INTO request_med (date,med,amount,requester) VALUES ('2019-12-03','Granisetron',3,35);
INSERT INTO patient_allergies (patient_id,preparate) VALUES (64,'Granisetron');
INSERT INTO medicine (name,amount) VALUES ('Magnesium',34);
INSERT INTO request_med (date,med,amount,requester) VALUES ('2019-12-15','Magnesium',10,40);
INSERT INTO patient_allergies (patient_id,preparate) VALUES (367,'Magnesium');
INSERT INTO medicine (name,amount) VALUES ('Amitriptyline',12);
INSERT INTO request_med (date,med,amount,requester) VALUES ('2019-12-09','Amitriptyline',6,140);
INSERT INTO patient_allergies (patient_id,preparate) VALUES (407,'Amitriptyline');
INSERT INTO medicine (name,amount) VALUES ('Tenofovir',68);
INSERT INTO request_med (date,med,amount,requester) VALUES ('2019-12-14','Tenofovir',1,85);
INSERT INTO patient_allergies (patient_id,preparate) VALUES (456,'Tenofovir');
INSERT INTO medicine (name,amount) VALUES ('Sirolimus',56);
INSERT INTO medicine (name,amount) VALUES ('Irinotecan',71);
INSERT INTO medicine (name,amount) VALUES ('Cyproheptadine',88);
INSERT INTO medicine (name,amount) VALUES ('Lamivudine',80);
INSERT INTO medicine (name,amount) VALUES ('Cidofovir',19);
INSERT INTO request_med (date,med,amount,requester) VALUES ('2019-12-27','Cidofovir',7,452);
INSERT INTO patient_allergies (patient_id,preparate) VALUES (470,'Cidofovir');
INSERT INTO medicine (name,amount) VALUES ('Oxycodone',80);
INSERT INTO request_med (date,med,amount,requester) VALUES ('2019-12-22','Oxycodone',8,440);
INSERT INTO patient_allergies (patient_id,preparate) VALUES (15,'Oxycodone');
INSERT INTO medicine (name,amount) VALUES ('Melphalan',82);
INSERT INTO request_med (date,med,amount,requester) VALUES ('2019-12-21','Melphalan',10,61);
INSERT INTO patient_allergies (patient_id,preparate) VALUES (453,'Melphalan');
INSERT INTO medicine (name,amount) VALUES ('Pemetrexed',2);
INSERT INTO medicine (name,amount) VALUES ('Lorazepam',75);
INSERT INTO request_med (date,med,amount,requester) VALUES ('2019-12-14','Lorazepam',3,428);
INSERT INTO patient_allergies (patient_id,preparate) VALUES (86,'Lorazepam');
INSERT INTO medicine (name,amount) VALUES ('Carmustine',53);
INSERT INTO medicine (name,amount) VALUES ('Zidovudine',35);
INSERT INTO medicine (name,amount) VALUES ('Phenytoin',59);
INSERT INTO medicine (name,amount) VALUES ('Cefixime',97);
INSERT INTO medicine (name,amount) VALUES ('Mitoxantrone',77);
INSERT INTO request_med (date,med,amount,requester) VALUES ('2019-12-08','Mitoxantrone',7,361);
INSERT INTO patient_allergies (patient_id,preparate) VALUES (222,'Mitoxantrone');
INSERT INTO medicine (name,amount) VALUES ('Lomustine',59);
INSERT INTO request_med (date,med,amount,requester) VALUES ('2019-12-14','Lomustine',5,288);
INSERT INTO patient_allergies (patient_id,preparate) VALUES (48,'Lomustine');
INSERT INTO medicine (name,amount) VALUES ('Nelfinavir',98);
INSERT INTO request_med (date,med,amount,requester) VALUES ('2019-12-13','Nelfinavir',5,24);
INSERT INTO patient_allergies (patient_id,preparate) VALUES (229,'Nelfinavir');
INSERT INTO medicine (name,amount) VALUES ('Tretinoin',100);
INSERT INTO request_med (date,med,amount,requester) VALUES ('2019-12-18','Tretinoin',4,431);
INSERT INTO patient_allergies (patient_id,preparate) VALUES (221,'Tretinoin');
INSERT INTO medicine (name,amount) VALUES ('GM-CSF',51);
INSERT INTO medicine (name,amount) VALUES ('Foscarnet',29);
INSERT INTO request_med (date,med,amount,requester) VALUES ('2019-12-14','Foscarnet',6,120);
INSERT INTO patient_allergies (patient_id,preparate) VALUES (194,'Foscarnet');
INSERT INTO medicine (name,amount) VALUES ('Calcium',9);
INSERT INTO medicine (name,amount) VALUES ('Sunitinib',45);
INSERT INTO medicine (name,amount) VALUES ('Clindamycin',11);
INSERT INTO request_med (date,med,amount,requester) VALUES ('2019-12-25','Clindamycin',4,443);
INSERT INTO patient_allergies (patient_id,preparate) VALUES (206,'Clindamycin');
INSERT INTO medicine (name,amount) VALUES ('Leucovorin',85);
INSERT INTO request_med (date,med,amount,requester) VALUES ('2019-12-01','Leucovorin',6,345);
INSERT INTO patient_allergies (patient_id,preparate) VALUES (331,'Leucovorin');
INSERT INTO medicine (name,amount) VALUES ('Cephalexin',35);
INSERT INTO medicine (name,amount) VALUES ('Itraconazole',28);
INSERT INTO request_med (date,med,amount,requester) VALUES ('2019-12-06','Itraconazole',6,428);
INSERT INTO patient_allergies (patient_id,preparate) VALUES (327,'Itraconazole');
INSERT INTO medicine (name,amount) VALUES ('Aminocaproic Acid',27);
INSERT INTO medicine (name,amount) VALUES ('Methylphenidate',43);
INSERT INTO request_med (date,med,amount,requester) VALUES ('2019-12-08','Methylphenidate',6,498);
INSERT INTO patient_allergies (patient_id,preparate) VALUES (137,'Methylphenidate');
INSERT INTO medicine (name,amount) VALUES ('Dornase alfa',56);
INSERT INTO medicine (name,amount) VALUES ('Elvitegravir',18);
INSERT INTO request_med (date,med,amount,requester) VALUES ('2019-11-28','Elvitegravir',2,413);
INSERT INTO patient_allergies (patient_id,preparate) VALUES (299,'Elvitegravir');
INSERT INTO medicine (name,amount) VALUES ('Amikacin',44);
INSERT INTO request_med (date,med,amount,requester) VALUES ('2019-11-27','Amikacin',10,416);
INSERT INTO patient_allergies (patient_id,preparate) VALUES (470,'Amikacin');
INSERT INTO medicine (name,amount) VALUES ('Fluconazole',51);
INSERT INTO medicine (name,amount) VALUES ('Bosentan',45);
INSERT INTO medicine (name,amount) VALUES ('Didanosine',0);
INSERT INTO request_med (date,med,amount,requester) VALUES ('2019-12-17','Didanosine',1,352);
INSERT INTO patient_allergies (patient_id,preparate) VALUES (270,'Didanosine');
INSERT INTO medicine (name,amount) VALUES ('Trimethoprim',75);
INSERT INTO request_med (date,med,amount,requester) VALUES ('2019-12-01','Trimethoprim',3,202);
INSERT INTO patient_allergies (patient_id,preparate) VALUES (86,'Trimethoprim');
INSERT INTO medicine (name,amount) VALUES ('Allopurinol',42);
INSERT INTO request_med (date,med,amount,requester) VALUES ('2019-12-13','Allopurinol',5,471);
INSERT INTO patient_allergies (patient_id,preparate) VALUES (242,'Allopurinol');
INSERT INTO medicine (name,amount) VALUES ('Codeine',97);
INSERT INTO medicine (name,amount) VALUES ('Celecoxib',38);
INSERT INTO request_med (date,med,amount,requester) VALUES ('2019-12-18','Celecoxib',9,283);
INSERT INTO patient_allergies (patient_id,preparate) VALUES (378,'Celecoxib');
INSERT INTO medicine (name,amount) VALUES ('Baclofen',79);
INSERT INTO medicine (name,amount) VALUES ('Dapsone',9);
INSERT INTO request_med (date,med,amount,requester) VALUES ('2019-12-21','Dapsone',8,196);
INSERT INTO patient_allergies (patient_id,preparate) VALUES (201,'Dapsone');
INSERT INTO medicine (name,amount) VALUES ('Doxorubicin',10);
INSERT INTO request_med (date,med,amount,requester) VALUES ('2019-12-23','Doxorubicin',3,65);
INSERT INTO patient_allergies (patient_id,preparate) VALUES (87,'Doxorubicin');
INSERT INTO medicine (name,amount) VALUES ('Promethazine',62);
INSERT INTO medicine (name,amount) VALUES ('Tacrolimus',61);
INSERT INTO request_med (date,med,amount,requester) VALUES ('2019-12-03','Tacrolimus',3,18);
INSERT INTO patient_allergies (patient_id,preparate) VALUES (48,'Tacrolimus');
INSERT INTO medicine (name,amount) VALUES ('Eltrombopag',72);
INSERT INTO medicine (name,amount) VALUES ('Paclitaxel',84);
INSERT INTO request_med (date,med,amount,requester) VALUES ('2019-11-27','Paclitaxel',2,375);
INSERT INTO patient_allergies (patient_id,preparate) VALUES (444,'Paclitaxel');
INSERT INTO medicine (name,amount) VALUES ('Temozolomide',3);
INSERT INTO medicine (name,amount) VALUES ('Cisplatin',92);
INSERT INTO request_med (date,med,amount,requester) VALUES ('2019-11-30','Cisplatin',1,191);
INSERT INTO patient_allergies (patient_id,preparate) VALUES (270,'Cisplatin');
INSERT INTO medicine (name,amount) VALUES ('Norepinephrine',40);
INSERT INTO request_med (date,med,amount,requester) VALUES ('2019-12-26','Norepinephrine',7,450);
INSERT INTO patient_allergies (patient_id,preparate) VALUES (490,'Norepinephrine');
INSERT INTO medicine (name,amount) VALUES ('Crizotinib',26);
INSERT INTO request_med (date,med,amount,requester) VALUES ('2019-12-17','Crizotinib',2,216);
INSERT INTO patient_allergies (patient_id,preparate) VALUES (437,'Crizotinib');
INSERT INTO medicine (name,amount) VALUES ('Phenobarbital',30);
INSERT INTO medicine (name,amount) VALUES ('Sucralfate',0);
INSERT INTO medicine (name,amount) VALUES ('Mitotane',84);
INSERT INTO medicine (name,amount) VALUES ('Valproic acid',11);
INSERT INTO request_med (date,med,amount,requester) VALUES ('2019-12-22','Valproic acid',5,333);
INSERT INTO patient_allergies (patient_id,preparate) VALUES (500,'Valproic acid');
INSERT INTO medicine (name,amount) VALUES ('Desmopressin',96);
INSERT INTO medicine (name,amount) VALUES ('Efavirenz',30);
INSERT INTO surgery (id,date,patient_id,doctor_id) VALUES (1,'2019-12-02',370,243);
INSERT INTO meds_for_surgery (surgery_id,med) VALUES (1,'Penicillin');
INSERT INTO surgery (id,date,patient_id,doctor_id) VALUES (2,'2019-12-12',180,62);
INSERT INTO meds_for_surgery (surgery_id,med) VALUES (2,'Nelarabine');
INSERT INTO surgery (id,date,patient_id,doctor_id) VALUES (3,'2019-12-17',161,96);
INSERT INTO meds_for_surgery (surgery_id,med) VALUES (3,'Interferon');
INSERT INTO surgery (id,date,patient_id,doctor_id) VALUES (4,'2019-11-26',206,498);
INSERT INTO meds_for_surgery (surgery_id,med) VALUES (4,'Voriconazole');
INSERT INTO surgery (id,date,patient_id,doctor_id) VALUES (5,'2019-12-01',325,11);
INSERT INTO meds_for_surgery (surgery_id,med) VALUES (5,'Hydrocortisone');
INSERT INTO surgery (id,date,patient_id,doctor_id) VALUES (6,'2019-12-23',469,96);
INSERT INTO meds_for_surgery (surgery_id,med) VALUES (6,'Cidofovir');
INSERT INTO surgery (id,date,patient_id,doctor_id) VALUES (7,'2019-12-20',270,491);
INSERT INTO meds_for_surgery (surgery_id,med) VALUES (7,'Metronidazole');
INSERT INTO surgery (id,date,patient_id,doctor_id) VALUES (8,'2019-11-27',353,445);
INSERT INTO meds_for_surgery (surgery_id,med) VALUES (8,'Clobazam');
INSERT INTO surgery (id,date,patient_id,doctor_id) VALUES (9,'2019-11-28',389,69);
INSERT INTO meds_for_surgery (surgery_id,med) VALUES (9,'Ceftazidime');
INSERT INTO surgery (id,date,patient_id,doctor_id) VALUES (10,'2019-11-24',470,335);
INSERT INTO meds_for_surgery (surgery_id,med) VALUES (10,'Propoxyphene');
INSERT INTO surgery (id,date,patient_id,doctor_id) VALUES (11,'2019-12-23',297,329);
INSERT INTO meds_for_surgery (surgery_id,med) VALUES (11,'Methotrexate');
INSERT INTO surgery (id,date,patient_id,doctor_id) VALUES (12,'2019-12-22',456,466);
INSERT INTO meds_for_surgery (surgery_id,med) VALUES (12,'Darunavir');
INSERT INTO surgery (id,date,patient_id,doctor_id) VALUES (13,'2019-12-26',500,162);
INSERT INTO meds_for_surgery (surgery_id,med) VALUES (13,'Levothyroxine');
INSERT INTO surgery (id,date,patient_id,doctor_id) VALUES (14,'2019-11-27',31,439);
INSERT INTO meds_for_surgery (surgery_id,med) VALUES (14,'Modafinil');
INSERT INTO surgery (id,date,patient_id,doctor_id) VALUES (15,'2019-12-13',222,69);
INSERT INTO meds_for_surgery (surgery_id,med) VALUES (15,'Sirolimus');
INSERT INTO surgery (id,date,patient_id,doctor_id) VALUES (16,'2019-12-20',410,466);
INSERT INTO meds_for_surgery (surgery_id,med) VALUES (16,'Gemcitabine');
INSERT INTO surgery (id,date,patient_id,doctor_id) VALUES (17,'2019-12-14',194,425);
INSERT INTO meds_for_surgery (surgery_id,med) VALUES (17,'Gemcitabine');
INSERT INTO surgery (id,date,patient_id,doctor_id) VALUES (18,'2019-12-16',199,366);
INSERT INTO meds_for_surgery (surgery_id,med) VALUES (18,'Mechlorethamine');
INSERT INTO surgery (id,date,patient_id,doctor_id) VALUES (19,'2019-11-26',299,121);
INSERT INTO meds_for_surgery (surgery_id,med) VALUES (19,'Magnesium');
INSERT INTO surgery (id,date,patient_id,doctor_id) VALUES (20,'2019-11-24',406,351);
INSERT INTO meds_for_surgery (surgery_id,med) VALUES (20,'Cytarabine');
INSERT INTO surgery (id,date,patient_id,doctor_id) VALUES (21,'2019-11-29',398,164);
INSERT INTO meds_for_surgery (surgery_id,med) VALUES (21,'Mitotane');
INSERT INTO surgery (id,date,patient_id,doctor_id) VALUES (22,'2019-11-30',291,115);
INSERT INTO meds_for_surgery (surgery_id,med) VALUES (22,'Fludarabine');
INSERT INTO surgery (id,date,patient_id,doctor_id) VALUES (23,'2019-12-15',60,422);
INSERT INTO meds_for_surgery (surgery_id,med) VALUES (23,'G-CSF');
INSERT INTO surgery (id,date,patient_id,doctor_id) VALUES (24,'2019-12-15',131,115);
INSERT INTO meds_for_surgery (surgery_id,med) VALUES (24,'G-CSF');
INSERT INTO surgery (id,date,patient_id,doctor_id) VALUES (25,'2019-11-24',357,123);
INSERT INTO meds_for_surgery (surgery_id,med) VALUES (25,'Omeprazole');
INSERT INTO surgery (id,date,patient_id,doctor_id) VALUES (26,'2019-11-30',437,10);
INSERT INTO meds_for_surgery (surgery_id,med) VALUES (26,'Dopamine');
INSERT INTO surgery (id,date,patient_id,doctor_id) VALUES (27,'2019-12-20',135,10);
INSERT INTO meds_for_surgery (surgery_id,med) VALUES (27,'Dornase alfa');
INSERT INTO surgery (id,date,patient_id,doctor_id) VALUES (28,'2019-12-19',181,11);
INSERT INTO meds_for_surgery (surgery_id,med) VALUES (28,'Cyclosporine');
INSERT INTO surgery (id,date,patient_id,doctor_id) VALUES (29,'2019-12-24',181,11);
INSERT INTO meds_for_surgery (surgery_id,med) VALUES (29,'Crizotinib');
INSERT INTO surgery (id,date,patient_id,doctor_id) VALUES (30,'2019-12-24',52,22);
INSERT INTO meds_for_surgery (surgery_id,med) VALUES (30,'Phenytoin');
INSERT INTO surgery (id,date,patient_id,doctor_id) VALUES (31,'2019-12-15',469,47);
INSERT INTO meds_for_surgery (surgery_id,med) VALUES (31,'Rivaroxaban');
INSERT INTO surgery (id,date,patient_id,doctor_id) VALUES (32,'2019-12-07',176,422);
INSERT INTO meds_for_surgery (surgery_id,med) VALUES (32,'Asparaginase');
INSERT INTO surgery (id,date,patient_id,doctor_id) VALUES (33,'2019-12-02',370,320);
INSERT INTO meds_for_surgery (surgery_id,med) VALUES (33,'Warfarin');
INSERT INTO surgery (id,date,patient_id,doctor_id) VALUES (34,'2019-12-01',52,423);
INSERT INTO meds_for_surgery (surgery_id,med) VALUES (34,'Lopinavir');
INSERT INTO surgery (id,date,patient_id,doctor_id) VALUES (35,'2019-11-29',414,22);
INSERT INTO meds_for_surgery (surgery_id,med) VALUES (35,'Erlotinib');
INSERT INTO surgery (id,date,patient_id,doctor_id) VALUES (36,'2019-12-08',135,354);
INSERT INTO meds_for_surgery (surgery_id,med) VALUES (36,'Pemetrexed');
INSERT INTO surgery (id,date,patient_id,doctor_id) VALUES (37,'2019-12-14',209,498);
INSERT INTO meds_for_surgery (surgery_id,med) VALUES (37,'Teniposide');
INSERT INTO surgery (id,date,patient_id,doctor_id) VALUES (38,'2019-12-26',389,416);
INSERT INTO meds_for_surgery (surgery_id,med) VALUES (38,'Levothyroxine');
INSERT INTO surgery (id,date,patient_id,doctor_id) VALUES (39,'2019-11-25',479,425);
INSERT INTO meds_for_surgery (surgery_id,med) VALUES (39,'Acyclovir');
INSERT INTO surgery (id,date,patient_id,doctor_id) VALUES (40,'2019-12-20',325,124);
INSERT INTO meds_for_surgery (surgery_id,med) VALUES (40,'Eltrombopag');
INSERT INTO surgery (id,date,patient_id,doctor_id) VALUES (41,'2019-12-13',353,422);
INSERT INTO meds_for_surgery (surgery_id,med) VALUES (41,'Ritonavir');
INSERT INTO surgery (id,date,patient_id,doctor_id) VALUES (42,'2019-12-25',277,56);
INSERT INTO meds_for_surgery (surgery_id,med) VALUES (42,'Ketoconazole');
INSERT INTO surgery (id,date,patient_id,doctor_id) VALUES (43,'2019-12-14',194,466);
INSERT INTO meds_for_surgery (surgery_id,med) VALUES (43,'Hydralazine');
INSERT INTO surgery (id,date,patient_id,doctor_id) VALUES (44,'2019-12-06',272,88);
INSERT INTO meds_for_surgery (surgery_id,med) VALUES (44,'Mycophenolate');
INSERT INTO surgery (id,date,patient_id,doctor_id) VALUES (45,'2019-11-30',76,88);
INSERT INTO meds_for_surgery (surgery_id,med) VALUES (45,'Bortezomib');
INSERT INTO surgery (id,date,patient_id,doctor_id) VALUES (46,'2019-12-24',456,27);
INSERT INTO meds_for_surgery (surgery_id,med) VALUES (46,'Rilpivirine');
INSERT INTO surgery (id,date,patient_id,doctor_id) VALUES (47,'2019-11-24',154,416);
INSERT INTO meds_for_surgery (surgery_id,med) VALUES (47,'Cyclosporine');
INSERT INTO surgery (id,date,patient_id,doctor_id) VALUES (48,'2019-12-02',322,88);
INSERT INTO meds_for_surgery (surgery_id,med) VALUES (48,'Granisetron');
INSERT INTO surgery (id,date,patient_id,doctor_id) VALUES (49,'2019-12-18',272,498);
INSERT INTO meds_for_surgery (surgery_id,med) VALUES (49,'Cefuroxime');
INSERT INTO surgery (id,date,patient_id,doctor_id) VALUES (50,'2019-12-05',180,196);
INSERT INTO meds_for_surgery (surgery_id,med) VALUES (50,'Diclofenac');
INSERT INTO surgery (id,date,patient_id,doctor_id) VALUES (51,'2019-11-28',182,382);
INSERT INTO meds_for_surgery (surgery_id,med) VALUES (51,'Cyclophosphamide');
INSERT INTO surgery (id,date,patient_id,doctor_id) VALUES (52,'2019-12-01',201,141);
INSERT INTO meds_for_surgery (surgery_id,med) VALUES (52,'Maraviroc');
INSERT INTO surgery (id,date,patient_id,doctor_id) VALUES (53,'2019-12-24',293,47);
INSERT INTO meds_for_surgery (surgery_id,med) VALUES (53,'Omeprazole');
INSERT INTO surgery (id,date,patient_id,doctor_id) VALUES (54,'2019-12-09',201,24);
INSERT INTO meds_for_surgery (surgery_id,med) VALUES (54,'Sugammadex');
INSERT INTO surgery (id,date,patient_id,doctor_id) VALUES (55,'2019-12-20',378,498);
INSERT INTO meds_for_surgery (surgery_id,med) VALUES (55,'Dacarbazine');
INSERT INTO surgery (id,date,patient_id,doctor_id) VALUES (56,'2019-11-23',94,499);
INSERT INTO meds_for_surgery (surgery_id,med) VALUES (56,'Emicizumab');
INSERT INTO surgery (id,date,patient_id,doctor_id) VALUES (57,'2019-12-19',48,276);
INSERT INTO meds_for_surgery (surgery_id,med) VALUES (57,'Aprepitant');
INSERT INTO surgery (id,date,patient_id,doctor_id) VALUES (58,'2019-12-06',464,151);
INSERT INTO meds_for_surgery (surgery_id,med) VALUES (58,'Cefixime');
INSERT INTO surgery (id,date,patient_id,doctor_id) VALUES (59,'2019-12-09',182,129);
INSERT INTO meds_for_surgery (surgery_id,med) VALUES (59,'Emicizumab');
INSERT INTO surgery (id,date,patient_id,doctor_id) VALUES (60,'2019-12-26',280,141);
INSERT INTO meds_for_surgery (surgery_id,med) VALUES (60,'Bortezomib');
INSERT INTO surgery (id,date,patient_id,doctor_id) VALUES (61,'2019-12-10',299,23);
INSERT INTO meds_for_surgery (surgery_id,med) VALUES (61,'Mycophenolate');
INSERT INTO surgery (id,date,patient_id,doctor_id) VALUES (62,'2019-12-16',154,312);
INSERT INTO meds_for_surgery (surgery_id,med) VALUES (62,'Cefixime');
INSERT INTO surgery (id,date,patient_id,doctor_id) VALUES (63,'2019-11-25',148,358);
INSERT INTO meds_for_surgery (surgery_id,med) VALUES (63,'Mycophenolate');
INSERT INTO surgery (id,date,patient_id,doctor_id) VALUES (64,'2019-12-20',168,465);
INSERT INTO meds_for_surgery (surgery_id,med) VALUES (64,'Lorazepam');
INSERT INTO surgery (id,date,patient_id,doctor_id) VALUES (65,'2019-12-20',231,17);
INSERT INTO meds_for_surgery (surgery_id,med) VALUES (65,'Cyproheptadine');
INSERT INTO surgery (id,date,patient_id,doctor_id) VALUES (66,'2019-12-18',272,196);
INSERT INTO meds_for_surgery (surgery_id,med) VALUES (66,'Linezolid');
INSERT INTO surgery (id,date,patient_id,doctor_id) VALUES (67,'2019-12-05',330,103);
INSERT INTO meds_for_surgery (surgery_id,med) VALUES (67,'Carbamazepine');
INSERT INTO surgery (id,date,patient_id,doctor_id) VALUES (68,'2019-12-17',221,276);
INSERT INTO meds_for_surgery (surgery_id,med) VALUES (68,'Oxycodone');
INSERT INTO surgery (id,date,patient_id,doctor_id) VALUES (69,'2019-11-29',353,301);
INSERT INTO meds_for_surgery (surgery_id,med) VALUES (69,'Enoxaparin');
INSERT INTO surgery (id,date,patient_id,doctor_id) VALUES (70,'2019-12-03',134,196);
INSERT INTO meds_for_surgery (surgery_id,med) VALUES (70,'Zidovudine');
INSERT INTO surgery (id,date,patient_id,doctor_id) VALUES (71,'2019-12-11',469,153);
INSERT INTO meds_for_surgery (surgery_id,med) VALUES (71,'Teniposide');
INSERT INTO surgery (id,date,patient_id,doctor_id) VALUES (72,'2019-11-30',303,34);
INSERT INTO meds_for_surgery (surgery_id,med) VALUES (72,'Sucralfate');
INSERT INTO surgery (id,date,patient_id,doctor_id) VALUES (73,'2019-12-12',330,62);
INSERT INTO meds_for_surgery (surgery_id,med) VALUES (73,'Teniposide');
INSERT INTO surgery (id,date,patient_id,doctor_id) VALUES (74,'2019-12-25',20,96);
INSERT INTO meds_for_surgery (surgery_id,med) VALUES (74,'Vincristine');
INSERT INTO surgery (id,date,patient_id,doctor_id) VALUES (75,'2019-12-06',224,301);
INSERT INTO meds_for_surgery (surgery_id,med) VALUES (75,'Meperidine');
INSERT INTO surgery (id,date,patient_id,doctor_id) VALUES (76,'2019-12-26',464,348);
INSERT INTO meds_for_surgery (surgery_id,med) VALUES (76,'Etravirine');
INSERT INTO surgery (id,date,patient_id,doctor_id) VALUES (77,'2019-12-18',154,162);
INSERT INTO meds_for_surgery (surgery_id,med) VALUES (77,'Ketoconazole');
INSERT INTO surgery (id,date,patient_id,doctor_id) VALUES (78,'2019-12-21',469,305);
INSERT INTO meds_for_surgery (surgery_id,med) VALUES (78,'Oxycodone');
INSERT INTO surgery (id,date,patient_id,doctor_id) VALUES (79,'2019-12-25',272,361);
INSERT INTO meds_for_surgery (surgery_id,med) VALUES (79,'Elvitegravir');
INSERT INTO surgery (id,date,patient_id,doctor_id) VALUES (80,'2019-11-26',204,23);
INSERT INTO meds_for_surgery (surgery_id,med) VALUES (80,'Didanosine');
INSERT INTO surgery (id,date,patient_id,doctor_id) VALUES (81,'2019-12-12',174,465);
INSERT INTO meds_for_surgery (surgery_id,med) VALUES (81,'Elvitegravir');
INSERT INTO surgery (id,date,patient_id,doctor_id) VALUES (82,'2019-11-23',296,422);
INSERT INTO meds_for_surgery (surgery_id,med) VALUES (82,'Deferasirox');
INSERT INTO surgery (id,date,patient_id,doctor_id) VALUES (83,'2019-12-25',206,111);
INSERT INTO meds_for_surgery (surgery_id,med) VALUES (83,'Amitriptyline');
INSERT INTO surgery (id,date,patient_id,doctor_id) VALUES (84,'2019-12-02',470,118);
INSERT INTO meds_for_surgery (surgery_id,med) VALUES (84,'Codeine');
INSERT INTO surgery (id,date,patient_id,doctor_id) VALUES (85,'2019-11-27',254,429);
INSERT INTO meds_for_surgery (surgery_id,med) VALUES (85,'Famciclovir');
INSERT INTO surgery (id,date,patient_id,doctor_id) VALUES (86,'2019-12-05',176,164);
INSERT INTO meds_for_surgery (surgery_id,med) VALUES (86,'Dacarbazine');
INSERT INTO surgery (id,date,patient_id,doctor_id) VALUES (87,'2019-12-26',239,402);
INSERT INTO meds_for_surgery (surgery_id,med) VALUES (87,'Potassium');
INSERT INTO surgery (id,date,patient_id,doctor_id) VALUES (88,'2019-12-16',367,13);
INSERT INTO meds_for_surgery (surgery_id,med) VALUES (88,'Fluconazole');
INSERT INTO surgery (id,date,patient_id,doctor_id) VALUES (89,'2019-12-14',188,10);
INSERT INTO meds_for_surgery (surgery_id,med) VALUES (89,'GM-CSF');
INSERT INTO surgery (id,date,patient_id,doctor_id) VALUES (90,'2019-12-03',453,118);
INSERT INTO meds_for_surgery (surgery_id,med) VALUES (90,'Clofarabine');
INSERT INTO surgery (id,date,patient_id,doctor_id) VALUES (91,'2019-12-03',384,75);
INSERT INTO meds_for_surgery (surgery_id,med) VALUES (91,'Cyclosporine');
INSERT INTO surgery (id,date,patient_id,doctor_id) VALUES (92,'2019-12-17',52,423);
INSERT INTO meds_for_surgery (surgery_id,med) VALUES (92,'Levothyroxine');
INSERT INTO surgery (id,date,patient_id,doctor_id) VALUES (93,'2019-12-06',64,483);
INSERT INTO meds_for_surgery (surgery_id,med) VALUES (93,'Teniposide');
INSERT INTO surgery (id,date,patient_id,doctor_id) VALUES (94,'2019-12-12',64,312);
INSERT INTO meds_for_surgery (surgery_id,med) VALUES (94,'Lamivudine');
INSERT INTO surgery (id,date,patient_id,doctor_id) VALUES (95,'2019-11-24',327,305);
INSERT INTO meds_for_surgery (surgery_id,med) VALUES (95,'Dopamine');
INSERT INTO surgery (id,date,patient_id,doctor_id) VALUES (96,'2019-12-06',52,305);
INSERT INTO meds_for_surgery (surgery_id,med) VALUES (96,'Clobazam');
INSERT INTO surgery (id,date,patient_id,doctor_id) VALUES (97,'2019-11-30',52,433);
INSERT INTO meds_for_surgery (surgery_id,med) VALUES (97,'Cidofovir');
INSERT INTO surgery (id,date,patient_id,doctor_id) VALUES (98,'2019-12-18',280,115);
INSERT INTO meds_for_surgery (surgery_id,med) VALUES (98,'Acyclovir');
INSERT INTO surgery (id,date,patient_id,doctor_id) VALUES (99,'2019-12-19',76,335);
INSERT INTO meds_for_surgery (surgery_id,med) VALUES (99,'Hydrocortisone');
INSERT INTO surgery (id,date,patient_id,doctor_id) VALUES (100,'2019-12-27',436,10);
INSERT INTO meds_for_surgery (surgery_id,med) VALUES (100,'Melphalan');
INSERT INTO surgery (id,date,patient_id,doctor_id) VALUES (101,'2019-12-10',406,441);
INSERT INTO meds_for_surgery (surgery_id,med) VALUES (101,'Mitoxantrone');
INSERT INTO surgery (id,date,patient_id,doctor_id) VALUES (102,'2019-12-17',20,416);
INSERT INTO meds_for_surgery (surgery_id,med) VALUES (102,'Oxycodone');
INSERT INTO surgery (id,date,patient_id,doctor_id) VALUES (103,'2019-11-29',206,115);
INSERT INTO meds_for_surgery (surgery_id,med) VALUES (103,'Norepinephrine');
INSERT INTO surgery (id,date,patient_id,doctor_id) VALUES (104,'2019-12-16',76,96);
INSERT INTO meds_for_surgery (surgery_id,med) VALUES (104,'Paclitaxel');
INSERT INTO surgery (id,date,patient_id,doctor_id) VALUES (105,'2019-11-29',280,164);
INSERT INTO meds_for_surgery (surgery_id,med) VALUES (105,'Emicizumab');
INSERT INTO surgery (id,date,patient_id,doctor_id) VALUES (106,'2019-11-26',410,320);
INSERT INTO meds_for_surgery (surgery_id,med) VALUES (106,'Saquinavir');
INSERT INTO surgery (id,date,patient_id,doctor_id) VALUES (107,'2019-12-27',297,56);
INSERT INTO meds_for_surgery (surgery_id,med) VALUES (107,'G-CSF');
INSERT INTO surgery (id,date,patient_id,doctor_id) VALUES (108,'2019-12-01',277,129);
INSERT INTO meds_for_surgery (surgery_id,med) VALUES (108,'Maraviroc');
INSERT INTO surgery (id,date,patient_id,doctor_id) VALUES (109,'2019-12-20',327,274);
INSERT INTO meds_for_surgery (surgery_id,med) VALUES (109,'Dopamine');
INSERT INTO surgery (id,date,patient_id,doctor_id) VALUES (110,'2019-11-27',176,274);
INSERT INTO meds_for_surgery (surgery_id,med) VALUES (110,'Lamivudine');
INSERT INTO surgery (id,date,patient_id,doctor_id) VALUES (111,'2019-12-26',469,438);
INSERT INTO meds_for_surgery (surgery_id,med) VALUES (111,'Cytarabine');
INSERT INTO surgery (id,date,patient_id,doctor_id) VALUES (112,'2019-11-30',188,417);
INSERT INTO meds_for_surgery (surgery_id,med) VALUES (112,'Ritonavir');
INSERT INTO surgery (id,date,patient_id,doctor_id) VALUES (113,'2019-12-20',97,320);
INSERT INTO meds_for_surgery (surgery_id,med) VALUES (113,'Emtricitabine');
INSERT INTO surgery (id,date,patient_id,doctor_id) VALUES (114,'2019-12-02',457,402);
INSERT INTO meds_for_surgery (surgery_id,med) VALUES (114,'Vinblastine');
INSERT INTO surgery (id,date,patient_id,doctor_id) VALUES (115,'2019-11-30',469,118);
INSERT INTO meds_for_surgery (surgery_id,med) VALUES (115,'Leucovorin');
INSERT INTO surgery (id,date,patient_id,doctor_id) VALUES (116,'2019-12-07',76,348);
INSERT INTO meds_for_surgery (surgery_id,med) VALUES (116,'Saquinavir');
INSERT INTO surgery (id,date,patient_id,doctor_id) VALUES (117,'2019-12-04',187,360);
INSERT INTO meds_for_surgery (surgery_id,med) VALUES (117,'Dasatinib');
INSERT INTO surgery (id,date,patient_id,doctor_id) VALUES (118,'2019-12-05',490,111);
INSERT INTO meds_for_surgery (surgery_id,med) VALUES (118,'Gefitinib');
INSERT INTO surgery (id,date,patient_id,doctor_id) VALUES (119,'2019-11-25',325,320);
INSERT INTO meds_for_surgery (surgery_id,med) VALUES (119,'Captopril');
INSERT INTO surgery (id,date,patient_id,doctor_id) VALUES (120,'2019-12-03',367,111);
INSERT INTO meds_for_surgery (surgery_id,med) VALUES (120,'Thioguanine');
INSERT INTO surgery (id,date,patient_id,doctor_id) VALUES (121,'2019-12-27',254,118);
INSERT INTO meds_for_surgery (surgery_id,med) VALUES (121,'Prednisone');
INSERT INTO surgery (id,date,patient_id,doctor_id) VALUES (122,'2019-12-09',453,402);
INSERT INTO meds_for_surgery (surgery_id,med) VALUES (122,'Saquinavir');
INSERT INTO surgery (id,date,patient_id,doctor_id) VALUES (123,'2019-12-27',457,402);
INSERT INTO meds_for_surgery (surgery_id,med) VALUES (123,'Alendronate');
INSERT INTO surgery (id,date,patient_id,doctor_id) VALUES (124,'2019-12-03',444,445);
INSERT INTO meds_for_surgery (surgery_id,med) VALUES (124,'Modafinil');
INSERT INTO surgery (id,date,patient_id,doctor_id) VALUES (125,'2019-11-27',188,465);
INSERT INTO meds_for_surgery (surgery_id,med) VALUES (125,'Rasburicase');
INSERT INTO surgery (id,date,patient_id,doctor_id) VALUES (126,'2019-12-02',437,438);
INSERT INTO meds_for_surgery (surgery_id,med) VALUES (126,'Tacrolimus');
INSERT INTO surgery (id,date,patient_id,doctor_id) VALUES (127,'2019-11-24',52,105);
INSERT INTO meds_for_surgery (surgery_id,med) VALUES (127,'Saquinavir');
INSERT INTO surgery (id,date,patient_id,doctor_id) VALUES (128,'2019-12-16',280,417);
INSERT INTO meds_for_surgery (surgery_id,med) VALUES (128,'Etonogestrel');
INSERT INTO surgery (id,date,patient_id,doctor_id) VALUES (129,'2019-12-06',419,465);
INSERT INTO meds_for_surgery (surgery_id,med) VALUES (129,'Nelfinavir');
INSERT INTO surgery (id,date,patient_id,doctor_id) VALUES (130,'2019-12-03',210,47);
INSERT INTO meds_for_surgery (surgery_id,med) VALUES (130,'Hydrocortisone');
INSERT INTO surgery (id,date,patient_id,doctor_id) VALUES (131,'2019-12-05',260,69);
INSERT INTO meds_for_surgery (surgery_id,med) VALUES (131,'Meropenem');
INSERT INTO surgery (id,date,patient_id,doctor_id) VALUES (132,'2019-11-27',378,445);
INSERT INTO meds_for_surgery (surgery_id,med) VALUES (132,'Clindamycin');
INSERT INTO surgery (id,date,patient_id,doctor_id) VALUES (133,'2019-12-21',330,118);
INSERT INTO meds_for_surgery (surgery_id,med) VALUES (133,'Etravirine');
INSERT INTO surgery (id,date,patient_id,doctor_id) VALUES (134,'2019-12-17',270,312);
INSERT INTO meds_for_surgery (surgery_id,med) VALUES (134,'Clindamycin');
INSERT INTO surgery (id,date,patient_id,doctor_id) VALUES (135,'2019-12-06',290,466);
INSERT INTO meds_for_surgery (surgery_id,med) VALUES (135,'Muromonab');
INSERT INTO surgery (id,date,patient_id,doctor_id) VALUES (136,'2019-12-04',327,196);
INSERT INTO meds_for_surgery (surgery_id,med) VALUES (136,'Hydrocortisone');
INSERT INTO surgery (id,date,patient_id,doctor_id) VALUES (137,'2019-12-13',148,441);
INSERT INTO meds_for_surgery (surgery_id,med) VALUES (137,'Heparin');
INSERT INTO surgery (id,date,patient_id,doctor_id) VALUES (138,'2019-12-15',94,276);
INSERT INTO meds_for_surgery (surgery_id,med) VALUES (138,'Cyclophosphamide');
INSERT INTO surgery (id,date,patient_id,doctor_id) VALUES (139,'2019-12-26',268,56);
INSERT INTO meds_for_surgery (surgery_id,med) VALUES (139,'Temozolomide');
INSERT INTO surgery (id,date,patient_id,doctor_id) VALUES (140,'2019-12-21',410,445);
INSERT INTO meds_for_surgery (surgery_id,med) VALUES (140,'Atazanavir');
INSERT INTO surgery (id,date,patient_id,doctor_id) VALUES (141,'2019-11-30',134,361);
INSERT INTO meds_for_surgery (surgery_id,med) VALUES (141,'Atovaquone');
INSERT INTO surgery (id,date,patient_id,doctor_id) VALUES (142,'2019-12-20',270,55);
INSERT INTO meds_for_surgery (surgery_id,med) VALUES (142,'Zidovudine');
INSERT INTO surgery (id,date,patient_id,doctor_id) VALUES (143,'2019-12-22',268,51);
INSERT INTO meds_for_surgery (surgery_id,med) VALUES (143,'Deferasirox');
INSERT INTO surgery (id,date,patient_id,doctor_id) VALUES (144,'2019-12-07',31,276);
INSERT INTO meds_for_surgery (surgery_id,med) VALUES (144,'Ranitidine');
INSERT INTO surgery (id,date,patient_id,doctor_id) VALUES (145,'2019-12-16',254,153);
INSERT INTO meds_for_surgery (surgery_id,med) VALUES (145,'Codeine');
INSERT INTO surgery (id,date,patient_id,doctor_id) VALUES (146,'2019-11-23',270,124);
INSERT INTO meds_for_surgery (surgery_id,med) VALUES (146,'Pemetrexed');
INSERT INTO surgery (id,date,patient_id,doctor_id) VALUES (147,'2019-12-20',97,196);
INSERT INTO meds_for_surgery (surgery_id,med) VALUES (147,'Fluconazole');
INSERT INTO surgery (id,date,patient_id,doctor_id) VALUES (148,'2019-12-21',231,429);
INSERT INTO meds_for_surgery (surgery_id,med) VALUES (148,'Megestrol acetate');
INSERT INTO surgery (id,date,patient_id,doctor_id) VALUES (149,'2019-12-17',457,433);
INSERT INTO meds_for_surgery (surgery_id,med) VALUES (149,'Ritonavir');
INSERT INTO surgery (id,date,patient_id,doctor_id) VALUES (150,'2019-12-26',48,416);
INSERT INTO meds_for_surgery (surgery_id,med) VALUES (150,'Methylphenidate');
INSERT INTO surgery (id,date,patient_id,doctor_id) VALUES (151,'2019-12-25',449,196);
INSERT INTO meds_for_surgery (surgery_id,med) VALUES (151,'Captopril');
INSERT INTO surgery (id,date,patient_id,doctor_id) VALUES (152,'2019-12-14',436,262);
INSERT INTO meds_for_surgery (surgery_id,med) VALUES (152,'Daunorubicin');
INSERT INTO surgery (id,date,patient_id,doctor_id) VALUES (153,'2019-12-25',174,88);
INSERT INTO meds_for_surgery (surgery_id,med) VALUES (153,'Carmustine');
INSERT INTO surgery (id,date,patient_id,doctor_id) VALUES (154,'2019-12-05',199,498);
INSERT INTO meds_for_surgery (surgery_id,med) VALUES (154,'Rituximab');
INSERT INTO surgery (id,date,patient_id,doctor_id) VALUES (155,'2019-12-26',315,11);
INSERT INTO meds_for_surgery (surgery_id,med) VALUES (155,'Atenolol');
INSERT INTO surgery (id,date,patient_id,doctor_id) VALUES (156,'2019-12-12',255,162);
INSERT INTO meds_for_surgery (surgery_id,med) VALUES (156,'Modafinil');
INSERT INTO surgery (id,date,patient_id,doctor_id) VALUES (157,'2019-12-24',52,441);
INSERT INTO meds_for_surgery (surgery_id,med) VALUES (157,'Modafinil');
INSERT INTO surgery (id,date,patient_id,doctor_id) VALUES (158,'2019-11-24',270,153);
INSERT INTO meds_for_surgery (surgery_id,med) VALUES (158,'Omeprazole');
INSERT INTO surgery (id,date,patient_id,doctor_id) VALUES (159,'2019-12-08',239,196);
INSERT INTO meds_for_surgery (surgery_id,med) VALUES (159,'Allopurinol');
INSERT INTO surgery (id,date,patient_id,doctor_id) VALUES (160,'2019-11-23',97,417);
INSERT INTO meds_for_surgery (surgery_id,med) VALUES (160,'Ritonavir');
INSERT INTO surgery (id,date,patient_id,doctor_id) VALUES (161,'2019-11-24',315,429);
INSERT INTO meds_for_surgery (surgery_id,med) VALUES (161,'Vinblastine');
INSERT INTO surgery (id,date,patient_id,doctor_id) VALUES (162,'2019-11-26',268,129);
INSERT INTO meds_for_surgery (surgery_id,med) VALUES (162,'Ranitidine');
INSERT INTO surgery (id,date,patient_id,doctor_id) VALUES (163,'2019-11-23',137,312);
INSERT INTO meds_for_surgery (surgery_id,med) VALUES (163,'Thioguanine');
INSERT INTO surgery (id,date,patient_id,doctor_id) VALUES (164,'2019-11-28',273,287);
INSERT INTO meds_for_surgery (surgery_id,med) VALUES (164,'Imatinib');
INSERT INTO surgery (id,date,patient_id,doctor_id) VALUES (165,'2019-12-05',436,225);
INSERT INTO meds_for_surgery (surgery_id,med) VALUES (165,'Cyclobenzaprine');
INSERT INTO surgery (id,date,patient_id,doctor_id) VALUES (166,'2019-12-15',296,11);
INSERT INTO meds_for_surgery (surgery_id,med) VALUES (166,'Oxycodone');
INSERT INTO surgery (id,date,patient_id,doctor_id) VALUES (167,'2019-11-28',303,164);
INSERT INTO meds_for_surgery (surgery_id,med) VALUES (167,'Pemetrexed');
INSERT INTO surgery (id,date,patient_id,doctor_id) VALUES (168,'2019-11-27',464,498);
INSERT INTO meds_for_surgery (surgery_id,med) VALUES (168,'Probenecid');
INSERT INTO surgery (id,date,patient_id,doctor_id) VALUES (169,'2019-12-13',407,335);
INSERT INTO meds_for_surgery (surgery_id,med) VALUES (169,'Aprepitant');
INSERT INTO surgery (id,date,patient_id,doctor_id) VALUES (170,'2019-12-15',258,13);
INSERT INTO meds_for_surgery (surgery_id,med) VALUES (170,'Magnesium');
INSERT INTO surgery (id,date,patient_id,doctor_id) VALUES (171,'2019-12-14',403,129);
INSERT INTO meds_for_surgery (surgery_id,med) VALUES (171,'Gemcitabine');
INSERT INTO surgery (id,date,patient_id,doctor_id) VALUES (172,'2019-11-24',273,121);
INSERT INTO meds_for_surgery (surgery_id,med) VALUES (172,'Cyclophosphamide');
INSERT INTO surgery (id,date,patient_id,doctor_id) VALUES (173,'2019-12-23',490,274);
INSERT INTO meds_for_surgery (surgery_id,med) VALUES (173,'Methylphenidate');
INSERT INTO surgery (id,date,patient_id,doctor_id) VALUES (174,'2019-12-17',470,287);
INSERT INTO meds_for_surgery (surgery_id,med) VALUES (174,'Posaconazole');
INSERT INTO surgery (id,date,patient_id,doctor_id) VALUES (175,'2019-12-27',327,96);
INSERT INTO meds_for_surgery (surgery_id,med) VALUES (175,'Cidofovir');
INSERT INTO surgery (id,date,patient_id,doctor_id) VALUES (176,'2019-12-18',479,489);
INSERT INTO meds_for_surgery (surgery_id,med) VALUES (176,'Cladribine');
INSERT INTO surgery (id,date,patient_id,doctor_id) VALUES (177,'2019-12-27',173,287);
INSERT INTO meds_for_surgery (surgery_id,med) VALUES (177,'Eltrombopag');
INSERT INTO surgery (id,date,patient_id,doctor_id) VALUES (178,'2019-12-14',389,196);
INSERT INTO meds_for_surgery (surgery_id,med) VALUES (178,'Lorazepam');
INSERT INTO surgery (id,date,patient_id,doctor_id) VALUES (179,'2019-11-26',180,17);
INSERT INTO meds_for_surgery (surgery_id,med) VALUES (179,'Diclofenac');
INSERT INTO surgery (id,date,patient_id,doctor_id) VALUES (180,'2019-12-24',330,491);
INSERT INTO meds_for_surgery (surgery_id,med) VALUES (180,'Trimethoprim');
INSERT INTO surgery (id,date,patient_id,doctor_id) VALUES (181,'2019-12-20',384,438);
INSERT INTO meds_for_surgery (surgery_id,med) VALUES (181,'Asparaginase');
INSERT INTO surgery (id,date,patient_id,doctor_id) VALUES (182,'2019-12-26',87,422);
INSERT INTO meds_for_surgery (surgery_id,med) VALUES (182,'Morphine');
INSERT INTO surgery (id,date,patient_id,doctor_id) VALUES (183,'2019-12-22',134,153);
INSERT INTO meds_for_surgery (surgery_id,med) VALUES (183,'Gemtuzumab');
INSERT INTO surgery (id,date,patient_id,doctor_id) VALUES (184,'2019-12-07',86,23);
INSERT INTO meds_for_surgery (surgery_id,med) VALUES (184,'Levothyroxine');
INSERT INTO surgery (id,date,patient_id,doctor_id) VALUES (185,'2019-12-04',161,96);
INSERT INTO meds_for_surgery (surgery_id,med) VALUES (185,'Amikacin');
INSERT INTO surgery (id,date,patient_id,doctor_id) VALUES (186,'2019-12-26',229,196);
INSERT INTO meds_for_surgery (surgery_id,med) VALUES (186,'Lomustine');
INSERT INTO surgery (id,date,patient_id,doctor_id) VALUES (187,'2019-12-22',102,354);
INSERT INTO meds_for_surgery (surgery_id,med) VALUES (187,'Gemtuzumab');
INSERT INTO surgery (id,date,patient_id,doctor_id) VALUES (188,'2019-11-27',406,103);
INSERT INTO meds_for_surgery (surgery_id,med) VALUES (188,'Morphine');
INSERT INTO surgery (id,date,patient_id,doctor_id) VALUES (189,'2019-12-07',436,47);
INSERT INTO meds_for_surgery (surgery_id,med) VALUES (189,'Voriconazole');
INSERT INTO surgery (id,date,patient_id,doctor_id) VALUES (190,'2019-11-26',231,438);
INSERT INTO meds_for_surgery (surgery_id,med) VALUES (190,'Omeprazole');
INSERT INTO surgery (id,date,patient_id,doctor_id) VALUES (191,'2019-12-25',386,51);
INSERT INTO meds_for_surgery (surgery_id,med) VALUES (191,'Magnesium');
INSERT INTO surgery (id,date,patient_id,doctor_id) VALUES (192,'2019-12-14',195,489);
INSERT INTO meds_for_surgery (surgery_id,med) VALUES (192,'Amlodipine');
INSERT INTO surgery (id,date,patient_id,doctor_id) VALUES (193,'2019-12-05',270,151);
INSERT INTO meds_for_surgery (surgery_id,med) VALUES (193,'Amikacin');
INSERT INTO surgery (id,date,patient_id,doctor_id) VALUES (194,'2019-12-04',173,445);
INSERT INTO meds_for_surgery (surgery_id,med) VALUES (194,'Meloxicam');
INSERT INTO surgery (id,date,patient_id,doctor_id) VALUES (195,'2019-12-20',254,348);
INSERT INTO meds_for_surgery (surgery_id,med) VALUES (195,'Levothyroxine');
INSERT INTO surgery (id,date,patient_id,doctor_id) VALUES (196,'2019-11-24',206,118);
INSERT INTO meds_for_surgery (surgery_id,med) VALUES (196,'Potassium');
INSERT INTO surgery (id,date,patient_id,doctor_id) VALUES (197,'2019-12-12',242,421);
INSERT INTO meds_for_surgery (surgery_id,med) VALUES (197,'Dexamethasone');
INSERT INTO surgery (id,date,patient_id,doctor_id) VALUES (198,'2019-12-24',353,439);
INSERT INTO meds_for_surgery (surgery_id,med) VALUES (198,'Cephalexin');
INSERT INTO surgery (id,date,patient_id,doctor_id) VALUES (199,'2019-12-08',370,329);
INSERT INTO meds_for_surgery (surgery_id,med) VALUES (199,'Hydromorphone');
INSERT INTO surgery (id,date,patient_id,doctor_id) VALUES (200,'2019-12-12',64,10);
INSERT INTO meds_for_surgery (surgery_id,med) VALUES (200,'Nelfinavir');
INSERT INTO surgery (id,date,patient_id,doctor_id) VALUES (201,'2019-11-28',290,151);
INSERT INTO meds_for_surgery (surgery_id,med) VALUES (201,'Enoxaparin');
INSERT INTO surgery (id,date,patient_id,doctor_id) VALUES (202,'2019-11-24',148,24);
INSERT INTO meds_for_surgery (surgery_id,med) VALUES (202,'GM-CSF');
INSERT INTO surgery (id,date,patient_id,doctor_id) VALUES (203,'2019-12-08',221,11);
INSERT INTO meds_for_surgery (surgery_id,med) VALUES (203,'Hydralazine');
INSERT INTO surgery (id,date,patient_id,doctor_id) VALUES (204,'2019-12-06',436,358);
INSERT INTO meds_for_surgery (surgery_id,med) VALUES (204,'Voriconazole');
INSERT INTO surgery (id,date,patient_id,doctor_id) VALUES (205,'2019-12-23',174,287);
INSERT INTO meds_for_surgery (surgery_id,med) VALUES (205,'Dinutuximab');
INSERT INTO surgery (id,date,patient_id,doctor_id) VALUES (206,'2019-12-15',453,262);
INSERT INTO meds_for_surgery (surgery_id,med) VALUES (206,'Pemetrexed');
INSERT INTO surgery (id,date,patient_id,doctor_id) VALUES (207,'2019-12-07',246,417);
INSERT INTO meds_for_surgery (surgery_id,med) VALUES (207,'PEGaspargase');
INSERT INTO surgery (id,date,patient_id,doctor_id) VALUES (208,'2019-12-06',161,441);
INSERT INTO meds_for_surgery (surgery_id,med) VALUES (208,'Cyclobenzaprine');
INSERT INTO surgery (id,date,patient_id,doctor_id) VALUES (209,'2019-12-06',204,129);
INSERT INTO meds_for_surgery (surgery_id,med) VALUES (209,'Oxycodone');
INSERT INTO surgery (id,date,patient_id,doctor_id) VALUES (210,'2019-11-24',254,498);
INSERT INTO meds_for_surgery (surgery_id,med) VALUES (210,'Carmustine');
INSERT INTO surgery (id,date,patient_id,doctor_id) VALUES (211,'2019-12-14',76,141);
INSERT INTO meds_for_surgery (surgery_id,med) VALUES (211,'Morphine');
INSERT INTO surgery (id,date,patient_id,doctor_id) VALUES (212,'2019-12-22',490,158);
INSERT INTO meds_for_surgery (surgery_id,med) VALUES (212,'Immune');
INSERT INTO surgery (id,date,patient_id,doctor_id) VALUES (213,'2019-11-28',20,141);
INSERT INTO meds_for_surgery (surgery_id,med) VALUES (213,'Amifostine');
INSERT INTO surgery (id,date,patient_id,doctor_id) VALUES (214,'2019-11-24',293,96);
INSERT INTO meds_for_surgery (surgery_id,med) VALUES (214,'Phosphorus');
INSERT INTO surgery (id,date,patient_id,doctor_id) VALUES (215,'2019-12-07',389,56);
INSERT INTO meds_for_surgery (surgery_id,med) VALUES (215,'Norepinephrine');
INSERT INTO surgery (id,date,patient_id,doctor_id) VALUES (216,'2019-12-21',353,276);
INSERT INTO meds_for_surgery (surgery_id,med) VALUES (216,'Carbamazepine');
INSERT INTO surgery (id,date,patient_id,doctor_id) VALUES (217,'2019-11-30',201,225);
INSERT INTO meds_for_surgery (surgery_id,med) VALUES (217,'Oxycodone');
INSERT INTO surgery (id,date,patient_id,doctor_id) VALUES (218,'2019-12-03',327,22);
INSERT INTO meds_for_surgery (surgery_id,med) VALUES (218,'Cefepime');
INSERT INTO surgery (id,date,patient_id,doctor_id) VALUES (219,'2019-12-03',20,121);
INSERT INTO meds_for_surgery (surgery_id,med) VALUES (219,'PEGaspargase');
INSERT INTO surgery (id,date,patient_id,doctor_id) VALUES (220,'2019-11-28',48,10);
INSERT INTO meds_for_surgery (surgery_id,med) VALUES (220,'Acyclovir');
INSERT INTO surgery (id,date,patient_id,doctor_id) VALUES (221,'2019-11-26',194,433);
INSERT INTO meds_for_surgery (surgery_id,med) VALUES (221,'Didanosine');
INSERT INTO surgery (id,date,patient_id,doctor_id) VALUES (222,'2019-12-05',407,118);
INSERT INTO meds_for_surgery (surgery_id,med) VALUES (222,'Erythromycin');
INSERT INTO surgery (id,date,patient_id,doctor_id) VALUES (223,'2019-12-24',378,348);
INSERT INTO meds_for_surgery (surgery_id,med) VALUES (223,'Saquinavir');
INSERT INTO surgery (id,date,patient_id,doctor_id) VALUES (224,'2019-12-03',436,358);
INSERT INTO meds_for_surgery (surgery_id,med) VALUES (224,'Voriconazole');
INSERT INTO surgery (id,date,patient_id,doctor_id) VALUES (225,'2019-12-06',470,34);
INSERT INTO meds_for_surgery (surgery_id,med) VALUES (225,'Cefaclor');
INSERT INTO surgery (id,date,patient_id,doctor_id) VALUES (226,'2019-12-15',60,360);
INSERT INTO meds_for_surgery (surgery_id,med) VALUES (226,'Erythropoietin');
INSERT INTO surgery (id,date,patient_id,doctor_id) VALUES (227,'2019-12-19',253,421);
INSERT INTO meds_for_surgery (surgery_id,med) VALUES (227,'Etoposide');
INSERT INTO surgery (id,date,patient_id,doctor_id) VALUES (228,'2019-11-29',201,27);
INSERT INTO meds_for_surgery (surgery_id,med) VALUES (228,'Muromonab');
INSERT INTO surgery (id,date,patient_id,doctor_id) VALUES (229,'2019-12-21',403,402);
INSERT INTO meds_for_surgery (surgery_id,med) VALUES (229,'Imatinib');
INSERT INTO surgery (id,date,patient_id,doctor_id) VALUES (230,'2019-11-26',290,121);
INSERT INTO meds_for_surgery (surgery_id,med) VALUES (230,'Dopamine');
INSERT INTO surgery (id,date,patient_id,doctor_id) VALUES (231,'2019-12-14',137,196);
INSERT INTO meds_for_surgery (surgery_id,med) VALUES (231,'Meloxicam');
INSERT INTO surgery (id,date,patient_id,doctor_id) VALUES (232,'2019-12-07',194,51);
INSERT INTO meds_for_surgery (surgery_id,med) VALUES (232,'Clofarabine');
INSERT INTO surgery (id,date,patient_id,doctor_id) VALUES (233,'2019-12-22',407,75);
INSERT INTO meds_for_surgery (surgery_id,med) VALUES (233,'Methadone');
INSERT INTO surgery (id,date,patient_id,doctor_id) VALUES (234,'2019-12-05',299,118);
INSERT INTO meds_for_surgery (surgery_id,med) VALUES (234,'Methotrexate');
INSERT INTO surgery (id,date,patient_id,doctor_id) VALUES (235,'2019-11-24',176,465);
INSERT INTO meds_for_surgery (surgery_id,med) VALUES (235,'Alendronate');
INSERT INTO surgery (id,date,patient_id,doctor_id) VALUES (236,'2019-12-16',97,23);
INSERT INTO meds_for_surgery (surgery_id,med) VALUES (236,'Calcium');
INSERT INTO surgery (id,date,patient_id,doctor_id) VALUES (237,'2019-12-14',406,361);
INSERT INTO meds_for_surgery (surgery_id,med) VALUES (237,'Hydromorphone');
INSERT INTO surgery (id,date,patient_id,doctor_id) VALUES (238,'2019-12-07',303,348);
INSERT INTO meds_for_surgery (surgery_id,med) VALUES (238,'Teniposide');
INSERT INTO surgery (id,date,patient_id,doctor_id) VALUES (239,'2019-12-04',444,499);
INSERT INTO meds_for_surgery (surgery_id,med) VALUES (239,'Muromonab');
INSERT INTO surgery (id,date,patient_id,doctor_id) VALUES (240,'2019-12-20',456,276);
INSERT INTO meds_for_surgery (surgery_id,med) VALUES (240,'Mitoxantrone');
INSERT INTO surgery (id,date,patient_id,doctor_id) VALUES (241,'2019-12-21',204,75);
INSERT INTO meds_for_surgery (surgery_id,med) VALUES (241,'Lamivudine');
INSERT INTO surgery (id,date,patient_id,doctor_id) VALUES (242,'2019-12-15',500,23);
INSERT INTO meds_for_surgery (surgery_id,med) VALUES (242,'Methotrexate');
INSERT INTO surgery (id,date,patient_id,doctor_id) VALUES (243,'2019-11-24',303,361);
INSERT INTO meds_for_surgery (surgery_id,med) VALUES (243,'Carbamazepine');
INSERT INTO surgery (id,date,patient_id,doctor_id) VALUES (244,'2019-12-06',148,312);
INSERT INTO meds_for_surgery (surgery_id,med) VALUES (244,'Clofarabine');
INSERT INTO surgery (id,date,patient_id,doctor_id) VALUES (245,'2019-12-13',258,422);
INSERT INTO meds_for_surgery (surgery_id,med) VALUES (245,'Bortezomib');
INSERT INTO surgery (id,date,patient_id,doctor_id) VALUES (246,'2019-12-09',378,118);
INSERT INTO meds_for_surgery (surgery_id,med) VALUES (246,'Propoxyphene');
INSERT INTO surgery (id,date,patient_id,doctor_id) VALUES (247,'2019-11-30',273,47);
INSERT INTO meds_for_surgery (surgery_id,med) VALUES (247,'Tobramycin');
INSERT INTO surgery (id,date,patient_id,doctor_id) VALUES (248,'2019-12-17',64,417);
INSERT INTO meds_for_surgery (surgery_id,med) VALUES (248,'Aminocaproic Acid');
INSERT INTO surgery (id,date,patient_id,doctor_id) VALUES (249,'2019-11-24',260,329);
INSERT INTO meds_for_surgery (surgery_id,med) VALUES (249,'Carbamazepine');
INSERT INTO surgery (id,date,patient_id,doctor_id) VALUES (250,'2019-12-16',330,13);
INSERT INTO meds_for_surgery (surgery_id,med) VALUES (250,'Famciclovir');
INSERT INTO surgery (id,date,patient_id,doctor_id) VALUES (251,'2019-12-23',222,55);
INSERT INTO meds_for_surgery (surgery_id,med) VALUES (251,'Rilpivirine');
INSERT INTO surgery (id,date,patient_id,doctor_id) VALUES (252,'2019-11-28',299,335);
INSERT INTO meds_for_surgery (surgery_id,med) VALUES (252,'Pegfilgrastim');
INSERT INTO surgery (id,date,patient_id,doctor_id) VALUES (253,'2019-12-17',86,88);
INSERT INTO meds_for_surgery (surgery_id,med) VALUES (253,'Amifostine');
INSERT INTO surgery (id,date,patient_id,doctor_id) VALUES (254,'2019-12-25',249,491);
INSERT INTO meds_for_surgery (surgery_id,med) VALUES (254,'Erythromycin');
INSERT INTO surgery (id,date,patient_id,doctor_id) VALUES (255,'2019-11-27',33,360);
INSERT INTO meds_for_surgery (surgery_id,med) VALUES (255,'Mesna');
INSERT INTO surgery (id,date,patient_id,doctor_id) VALUES (256,'2019-11-24',407,96);
INSERT INTO meds_for_surgery (surgery_id,med) VALUES (256,'Labetalol');
INSERT INTO surgery (id,date,patient_id,doctor_id) VALUES (257,'2019-11-26',327,13);
INSERT INTO meds_for_surgery (surgery_id,med) VALUES (257,'Gefitinib');
INSERT INTO surgery (id,date,patient_id,doctor_id) VALUES (258,'2019-12-01',187,129);
INSERT INTO meds_for_surgery (surgery_id,med) VALUES (258,'Ketoconazole');
INSERT INTO surgery (id,date,patient_id,doctor_id) VALUES (259,'2019-12-20',357,498);
INSERT INTO meds_for_surgery (surgery_id,med) VALUES (259,'Clofarabine');
INSERT INTO surgery (id,date,patient_id,doctor_id) VALUES (260,'2019-12-13',357,164);
INSERT INTO meds_for_surgery (surgery_id,med) VALUES (260,'Cefixime');
INSERT INTO surgery (id,date,patient_id,doctor_id) VALUES (261,'2019-12-04',490,284);
INSERT INTO meds_for_surgery (surgery_id,med) VALUES (261,'Lomustine');
INSERT INTO surgery (id,date,patient_id,doctor_id) VALUES (262,'2019-12-12',195,483);
INSERT INTO meds_for_surgery (surgery_id,med) VALUES (262,'Sorafenib');
INSERT INTO surgery (id,date,patient_id,doctor_id) VALUES (263,'2019-12-27',353,262);
INSERT INTO meds_for_surgery (surgery_id,med) VALUES (263,'Hydrocodone');
INSERT INTO surgery (id,date,patient_id,doctor_id) VALUES (264,'2019-12-03',315,17);
INSERT INTO meds_for_surgery (surgery_id,med) VALUES (264,'Morphine');
INSERT INTO surgery (id,date,patient_id,doctor_id) VALUES (265,'2019-12-07',231,17);
INSERT INTO meds_for_surgery (surgery_id,med) VALUES (265,'Labetalol');
INSERT INTO surgery (id,date,patient_id,doctor_id) VALUES (266,'2019-12-15',367,358);
INSERT INTO meds_for_surgery (surgery_id,med) VALUES (266,'Tacrolimus');
INSERT INTO surgery (id,date,patient_id,doctor_id) VALUES (267,'2019-12-20',325,382);
INSERT INTO meds_for_surgery (surgery_id,med) VALUES (267,'Sunitinib');
INSERT INTO surgery (id,date,patient_id,doctor_id) VALUES (268,'2019-11-24',254,284);
INSERT INTO meds_for_surgery (surgery_id,med) VALUES (268,'Gemcitabine');
INSERT INTO surgery (id,date,patient_id,doctor_id) VALUES (269,'2019-12-06',174,433);
INSERT INTO meds_for_surgery (surgery_id,med) VALUES (269,'Rituximab');
INSERT INTO surgery (id,date,patient_id,doctor_id) VALUES (270,'2019-11-26',398,111);
INSERT INTO meds_for_surgery (surgery_id,med) VALUES (270,'Elvitegravir');
INSERT INTO surgery (id,date,patient_id,doctor_id) VALUES (271,'2019-11-24',469,27);
INSERT INTO meds_for_surgery (surgery_id,med) VALUES (271,'Posaconazole');
INSERT INTO surgery (id,date,patient_id,doctor_id) VALUES (272,'2019-12-17',410,23);
INSERT INTO meds_for_surgery (surgery_id,med) VALUES (272,'Meropenem');
INSERT INTO surgery (id,date,patient_id,doctor_id) VALUES (273,'2019-12-25',325,320);
INSERT INTO meds_for_surgery (surgery_id,med) VALUES (273,'Rilpivirine');
INSERT INTO surgery (id,date,patient_id,doctor_id) VALUES (274,'2019-11-29',15,164);
INSERT INTO meds_for_surgery (surgery_id,med) VALUES (274,'Codeine');
INSERT INTO surgery (id,date,patient_id,doctor_id) VALUES (275,'2019-12-14',20,466);
INSERT INTO meds_for_surgery (surgery_id,med) VALUES (275,'Foscarnet');
INSERT INTO surgery (id,date,patient_id,doctor_id) VALUES (276,'2019-12-13',407,421);
INSERT INTO meds_for_surgery (surgery_id,med) VALUES (276,'Saquinavir');
INSERT INTO surgery (id,date,patient_id,doctor_id) VALUES (277,'2019-11-30',357,335);
INSERT INTO meds_for_surgery (surgery_id,med) VALUES (277,'Carboplatin');
INSERT INTO surgery (id,date,patient_id,doctor_id) VALUES (278,'2019-12-19',260,491);
INSERT INTO meds_for_surgery (surgery_id,med) VALUES (278,'Foscarnet');
INSERT INTO surgery (id,date,patient_id,doctor_id) VALUES (279,'2019-12-22',148,421);
INSERT INTO meds_for_surgery (surgery_id,med) VALUES (279,'Hydrocodone');
INSERT INTO surgery (id,date,patient_id,doctor_id) VALUES (280,'2019-12-06',456,335);
INSERT INTO meds_for_surgery (surgery_id,med) VALUES (280,'Mechlorethamine');
INSERT INTO surgery (id,date,patient_id,doctor_id) VALUES (281,'2019-12-22',419,69);
INSERT INTO meds_for_surgery (surgery_id,med) VALUES (281,'Etonogestrel');
INSERT INTO surgery (id,date,patient_id,doctor_id) VALUES (282,'2019-12-13',272,10);
INSERT INTO meds_for_surgery (surgery_id,med) VALUES (282,'Atenolol');
INSERT INTO surgery (id,date,patient_id,doctor_id) VALUES (283,'2019-11-29',403,360);
INSERT INTO meds_for_surgery (surgery_id,med) VALUES (283,'Dornase alfa');
INSERT INTO surgery (id,date,patient_id,doctor_id) VALUES (284,'2019-12-18',260,483);
INSERT INTO meds_for_surgery (surgery_id,med) VALUES (284,'Raltegravir');
INSERT INTO surgery (id,date,patient_id,doctor_id) VALUES (285,'2019-12-18',60,13);
INSERT INTO meds_for_surgery (surgery_id,med) VALUES (285,'Acyclovir');
INSERT INTO surgery (id,date,patient_id,doctor_id) VALUES (286,'2019-12-27',260,27);
INSERT INTO meds_for_surgery (surgery_id,med) VALUES (286,'Muromonab');
INSERT INTO surgery (id,date,patient_id,doctor_id) VALUES (287,'2019-12-01',199,423);
INSERT INTO meds_for_surgery (surgery_id,med) VALUES (287,'Procarbazine');
INSERT INTO surgery (id,date,patient_id,doctor_id) VALUES (288,'2019-11-25',419,27);
INSERT INTO meds_for_surgery (surgery_id,med) VALUES (288,'Interferon');
INSERT INTO surgery (id,date,patient_id,doctor_id) VALUES (289,'2019-12-04',255,262);
INSERT INTO meds_for_surgery (surgery_id,med) VALUES (289,'Pentamidine');
INSERT INTO surgery (id,date,patient_id,doctor_id) VALUES (290,'2019-12-27',20,123);
INSERT INTO meds_for_surgery (surgery_id,med) VALUES (290,'Azithromycin');
INSERT INTO surgery (id,date,patient_id,doctor_id) VALUES (291,'2019-11-26',249,158);
INSERT INTO meds_for_surgery (surgery_id,med) VALUES (291,'Doxorubicin');
INSERT INTO surgery (id,date,patient_id,doctor_id) VALUES (292,'2019-11-28',209,47);
INSERT INTO meds_for_surgery (surgery_id,med) VALUES (292,'Gabapentin');
INSERT INTO surgery (id,date,patient_id,doctor_id) VALUES (293,'2019-11-28',255,151);
INSERT INTO meds_for_surgery (surgery_id,med) VALUES (293,'Aprepitant');
INSERT INTO surgery (id,date,patient_id,doctor_id) VALUES (294,'2019-12-18',154,34);
INSERT INTO meds_for_surgery (surgery_id,med) VALUES (294,'Enalapril');
INSERT INTO surgery (id,date,patient_id,doctor_id) VALUES (295,'2019-12-21',327,284);
INSERT INTO meds_for_surgery (surgery_id,med) VALUES (295,'Desmopressin');
INSERT INTO surgery (id,date,patient_id,doctor_id) VALUES (296,'2019-12-16',249,111);
INSERT INTO meds_for_surgery (surgery_id,med) VALUES (296,'Procarbazine');
INSERT INTO surgery (id,date,patient_id,doctor_id) VALUES (297,'2019-12-22',260,10);
INSERT INTO meds_for_surgery (surgery_id,med) VALUES (297,'Warfarin');
INSERT INTO surgery (id,date,patient_id,doctor_id) VALUES (298,'2019-12-18',87,62);
INSERT INTO meds_for_surgery (surgery_id,med) VALUES (298,'Efavirenz');
INSERT INTO surgery (id,date,patient_id,doctor_id) VALUES (299,'2019-12-02',181,96);
INSERT INTO meds_for_surgery (surgery_id,med) VALUES (299,'Penicillin');
INSERT INTO surgery (id,date,patient_id,doctor_id) VALUES (300,'2019-12-09',270,96);
INSERT INTO meds_for_surgery (surgery_id,med) VALUES (300,'Cidofovir');
INSERT INTO surgery (id,date,patient_id,doctor_id) VALUES (301,'2019-12-21',389,274);
INSERT INTO meds_for_surgery (surgery_id,med) VALUES (301,'Thioguanine');
INSERT INTO surgery (id,date,patient_id,doctor_id) VALUES (302,'2019-11-25',246,423);
INSERT INTO meds_for_surgery (surgery_id,med) VALUES (302,'Emtricitabine');
INSERT INTO surgery (id,date,patient_id,doctor_id) VALUES (303,'2019-12-10',7,27);
INSERT INTO meds_for_surgery (surgery_id,med) VALUES (303,'Ranitidine');
INSERT INTO surgery (id,date,patient_id,doctor_id) VALUES (304,'2019-12-26',407,402);
INSERT INTO meds_for_surgery (surgery_id,med) VALUES (304,'Amikacin');
INSERT INTO surgery (id,date,patient_id,doctor_id) VALUES (305,'2019-12-16',199,105);
INSERT INTO meds_for_surgery (surgery_id,med) VALUES (305,'Carbamazepine');
INSERT INTO surgery (id,date,patient_id,doctor_id) VALUES (306,'2019-12-08',476,27);
INSERT INTO meds_for_surgery (surgery_id,med) VALUES (306,'Ranitidine');
INSERT INTO surgery (id,date,patient_id,doctor_id) VALUES (307,'2019-12-04',131,425);
INSERT INTO meds_for_surgery (surgery_id,med) VALUES (307,'Cephalexin');
INSERT INTO surgery (id,date,patient_id,doctor_id) VALUES (308,'2019-11-23',436,287);
INSERT INTO meds_for_surgery (surgery_id,med) VALUES (308,'Meropenem');
INSERT INTO surgery (id,date,patient_id,doctor_id) VALUES (309,'2019-12-18',386,301);
INSERT INTO meds_for_surgery (surgery_id,med) VALUES (309,'Cyclobenzaprine');
INSERT INTO surgery (id,date,patient_id,doctor_id) VALUES (310,'2019-12-03',222,358);
INSERT INTO meds_for_surgery (surgery_id,med) VALUES (310,'Stavudine');
INSERT INTO surgery (id,date,patient_id,doctor_id) VALUES (311,'2019-12-10',161,402);
INSERT INTO meds_for_surgery (surgery_id,med) VALUES (311,'Saquinavir');
INSERT INTO surgery (id,date,patient_id,doctor_id) VALUES (312,'2019-12-22',293,75);
INSERT INTO meds_for_surgery (surgery_id,med) VALUES (312,'Stavudine');
INSERT INTO surgery (id,date,patient_id,doctor_id) VALUES (313,'2019-12-09',457,466);
INSERT INTO meds_for_surgery (surgery_id,med) VALUES (313,'Codeine');
INSERT INTO surgery (id,date,patient_id,doctor_id) VALUES (314,'2019-12-23',174,489);
INSERT INTO meds_for_surgery (surgery_id,med) VALUES (314,'Amifostine');
INSERT INTO surgery (id,date,patient_id,doctor_id) VALUES (315,'2019-12-22',378,422);
INSERT INTO meds_for_surgery (surgery_id,med) VALUES (315,'Amoxicillin');
INSERT INTO surgery (id,date,patient_id,doctor_id) VALUES (316,'2019-11-28',398,225);
INSERT INTO meds_for_surgery (surgery_id,med) VALUES (316,'Crizotinib');
INSERT INTO surgery (id,date,patient_id,doctor_id) VALUES (317,'2019-11-27',303,360);
INSERT INTO meds_for_surgery (surgery_id,med) VALUES (317,'Asparaginase');
INSERT INTO surgery (id,date,patient_id,doctor_id) VALUES (318,'2019-12-03',221,438);
INSERT INTO meds_for_surgery (surgery_id,med) VALUES (318,'Paclitaxel');
INSERT INTO surgery (id,date,patient_id,doctor_id) VALUES (319,'2019-12-07',174,287);
INSERT INTO meds_for_surgery (surgery_id,med) VALUES (319,'Celecoxib');
INSERT INTO surgery (id,date,patient_id,doctor_id) VALUES (320,'2019-11-29',131,196);
INSERT INTO meds_for_surgery (surgery_id,med) VALUES (320,'Probenecid');
INSERT INTO surgery (id,date,patient_id,doctor_id) VALUES (321,'2019-12-24',290,141);
INSERT INTO meds_for_surgery (surgery_id,med) VALUES (321,'Hydrocortisone');
INSERT INTO surgery (id,date,patient_id,doctor_id) VALUES (322,'2019-11-30',161,329);
INSERT INTO meds_for_surgery (surgery_id,med) VALUES (322,'Dapsone');
INSERT INTO surgery (id,date,patient_id,doctor_id) VALUES (323,'2019-11-27',291,320);
INSERT INTO meds_for_surgery (surgery_id,med) VALUES (323,'PEGaspargase');
INSERT INTO surgery (id,date,patient_id,doctor_id) VALUES (324,'2019-12-24',277,305);
INSERT INTO meds_for_surgery (surgery_id,med) VALUES (324,'Clobazam');
INSERT INTO surgery (id,date,patient_id,doctor_id) VALUES (325,'2019-11-26',188,348);
INSERT INTO meds_for_surgery (surgery_id,med) VALUES (325,'Vancomycin');
INSERT INTO surgery (id,date,patient_id,doctor_id) VALUES (326,'2019-12-11',437,489);
INSERT INTO meds_for_surgery (surgery_id,med) VALUES (326,'Modafinil');
INSERT INTO surgery (id,date,patient_id,doctor_id) VALUES (327,'2019-12-01',280,129);
INSERT INTO meds_for_surgery (surgery_id,med) VALUES (327,'Tenofovir');
INSERT INTO surgery (id,date,patient_id,doctor_id) VALUES (328,'2019-12-05',414,123);
INSERT INTO meds_for_surgery (surgery_id,med) VALUES (328,'Eltrombopag');
INSERT INTO surgery (id,date,patient_id,doctor_id) VALUES (329,'2019-12-24',86,445);
INSERT INTO meds_for_surgery (surgery_id,med) VALUES (329,'Bleomycin');
INSERT INTO surgery (id,date,patient_id,doctor_id) VALUES (330,'2019-12-03',86,69);
INSERT INTO meds_for_surgery (surgery_id,med) VALUES (330,'Ceftazidime');
INSERT INTO surgery (id,date,patient_id,doctor_id) VALUES (331,'2019-12-25',327,348);
INSERT INTO meds_for_surgery (surgery_id,med) VALUES (331,'Procarbazine');
INSERT INTO surgery (id,date,patient_id,doctor_id) VALUES (332,'2019-12-22',470,164);
INSERT INTO meds_for_surgery (surgery_id,med) VALUES (332,'Cefixime');
INSERT INTO surgery (id,date,patient_id,doctor_id) VALUES (333,'2019-12-20',327,425);
INSERT INTO meds_for_surgery (surgery_id,med) VALUES (333,'Atovaquone');
INSERT INTO surgery (id,date,patient_id,doctor_id) VALUES (334,'2019-12-09',270,56);
INSERT INTO meds_for_surgery (surgery_id,med) VALUES (334,'Labetalol');
INSERT INTO surgery (id,date,patient_id,doctor_id) VALUES (335,'2019-12-16',206,13);
INSERT INTO meds_for_surgery (surgery_id,med) VALUES (335,'Cefepime');
INSERT INTO surgery (id,date,patient_id,doctor_id) VALUES (336,'2019-12-16',260,439);
INSERT INTO meds_for_surgery (surgery_id,med) VALUES (336,'Clarithromycin');
INSERT INTO surgery (id,date,patient_id,doctor_id) VALUES (337,'2019-11-28',389,360);
INSERT INTO meds_for_surgery (surgery_id,med) VALUES (337,'Omeprazole');
INSERT INTO surgery (id,date,patient_id,doctor_id) VALUES (338,'2019-12-06',270,499);
INSERT INTO meds_for_surgery (surgery_id,med) VALUES (338,'Ondansetron');
INSERT INTO surgery (id,date,patient_id,doctor_id) VALUES (339,'2019-12-02',297,22);
INSERT INTO meds_for_surgery (surgery_id,med) VALUES (339,'Ranitidine');
INSERT INTO surgery (id,date,patient_id,doctor_id) VALUES (340,'2019-12-10',255,491);
INSERT INTO meds_for_surgery (surgery_id,med) VALUES (340,'Penicillin');
INSERT INTO surgery (id,date,patient_id,doctor_id) VALUES (341,'2019-12-14',479,47);
INSERT INTO meds_for_surgery (surgery_id,med) VALUES (341,'Dronabinol');
INSERT INTO surgery (id,date,patient_id,doctor_id) VALUES (342,'2019-12-06',246,164);
INSERT INTO meds_for_surgery (surgery_id,med) VALUES (342,'Ritonavir');
INSERT INTO surgery (id,date,patient_id,doctor_id) VALUES (343,'2019-11-30',270,11);
INSERT INTO meds_for_surgery (surgery_id,med) VALUES (343,'Sirolimus');
INSERT INTO surgery (id,date,patient_id,doctor_id) VALUES (344,'2019-12-08',222,441);
INSERT INTO meds_for_surgery (surgery_id,med) VALUES (344,'Valproic acid');
INSERT INTO surgery (id,date,patient_id,doctor_id) VALUES (345,'2019-12-17',161,96);
INSERT INTO meds_for_surgery (surgery_id,med) VALUES (345,'Promethazine');
INSERT INTO surgery (id,date,patient_id,doctor_id) VALUES (346,'2019-12-20',277,422);
INSERT INTO meds_for_surgery (surgery_id,med) VALUES (346,'Topotecan');
INSERT INTO surgery (id,date,patient_id,doctor_id) VALUES (347,'2019-12-26',97,351);
INSERT INTO meds_for_surgery (surgery_id,med) VALUES (347,'Cyclosporine');
INSERT INTO surgery (id,date,patient_id,doctor_id) VALUES (348,'2019-12-04',384,360);
INSERT INTO meds_for_surgery (surgery_id,med) VALUES (348,'Hydrocodone');
INSERT INTO surgery (id,date,patient_id,doctor_id) VALUES (349,'2019-11-27',464,24);
INSERT INTO meds_for_surgery (surgery_id,med) VALUES (349,'Sugammadex');
INSERT INTO surgery (id,date,patient_id,doctor_id) VALUES (350,'2019-12-19',464,111);
INSERT INTO meds_for_surgery (surgery_id,med) VALUES (350,'Saquinavir');
INSERT INTO surgery (id,date,patient_id,doctor_id) VALUES (351,'2019-11-27',449,348);
INSERT INTO meds_for_surgery (surgery_id,med) VALUES (351,'Granisetron');
INSERT INTO surgery (id,date,patient_id,doctor_id) VALUES (352,'2019-12-04',280,417);
INSERT INTO meds_for_surgery (surgery_id,med) VALUES (352,'Voriconazole');
INSERT INTO surgery (id,date,patient_id,doctor_id) VALUES (353,'2019-12-24',273,22);
INSERT INTO meds_for_surgery (surgery_id,med) VALUES (353,'Clarithromycin');
INSERT INTO surgery (id,date,patient_id,doctor_id) VALUES (354,'2019-12-13',148,69);
INSERT INTO meds_for_surgery (surgery_id,med) VALUES (354,'Penicillin');
INSERT INTO surgery (id,date,patient_id,doctor_id) VALUES (355,'2019-11-25',299,417);
INSERT INTO meds_for_surgery (surgery_id,med) VALUES (355,'Valproic acid');
INSERT INTO surgery (id,date,patient_id,doctor_id) VALUES (356,'2019-12-04',87,417);
INSERT INTO meds_for_surgery (surgery_id,med) VALUES (356,'Eltrombopag');
INSERT INTO surgery (id,date,patient_id,doctor_id) VALUES (357,'2019-12-04',410,162);
INSERT INTO meds_for_surgery (surgery_id,med) VALUES (357,'Doxorubicin');
INSERT INTO surgery (id,date,patient_id,doctor_id) VALUES (358,'2019-12-22',303,329);
INSERT INTO meds_for_surgery (surgery_id,med) VALUES (358,'Hydromorphone');
INSERT INTO surgery (id,date,patient_id,doctor_id) VALUES (359,'2019-12-03',182,329);
INSERT INTO meds_for_surgery (surgery_id,med) VALUES (359,'Cidofovir');
INSERT INTO surgery (id,date,patient_id,doctor_id) VALUES (360,'2019-12-16',212,366);
INSERT INTO meds_for_surgery (surgery_id,med) VALUES (360,'Valproic acid');
INSERT INTO surgery (id,date,patient_id,doctor_id) VALUES (361,'2019-11-26',206,348);
INSERT INTO meds_for_surgery (surgery_id,med) VALUES (361,'Didanosine');
INSERT INTO surgery (id,date,patient_id,doctor_id) VALUES (362,'2019-12-15',134,13);
INSERT INTO meds_for_surgery (surgery_id,med) VALUES (362,'Tobramycin');
INSERT INTO surgery (id,date,patient_id,doctor_id) VALUES (363,'2019-11-25',33,429);
INSERT INTO meds_for_surgery (surgery_id,med) VALUES (363,'Cyclobenzaprine');
INSERT INTO surgery (id,date,patient_id,doctor_id) VALUES (364,'2019-12-11',296,13);
INSERT INTO meds_for_surgery (surgery_id,med) VALUES (364,'Calcium');
INSERT INTO surgery (id,date,patient_id,doctor_id) VALUES (365,'2019-12-19',102,151);
INSERT INTO meds_for_surgery (surgery_id,med) VALUES (365,'Enoxaparin');
INSERT INTO surgery (id,date,patient_id,doctor_id) VALUES (366,'2019-12-01',242,361);
INSERT INTO meds_for_surgery (surgery_id,med) VALUES (366,'Modafinil');
INSERT INTO surgery (id,date,patient_id,doctor_id) VALUES (367,'2019-12-11',490,118);
INSERT INTO meds_for_surgery (surgery_id,med) VALUES (367,'Interferon');
INSERT INTO surgery (id,date,patient_id,doctor_id) VALUES (368,'2019-11-30',299,466);
INSERT INTO meds_for_surgery (surgery_id,med) VALUES (368,'Cefuroxime');
INSERT INTO surgery (id,date,patient_id,doctor_id) VALUES (369,'2019-12-13',249,466);
INSERT INTO meds_for_surgery (surgery_id,med) VALUES (369,'Temozolomide');
INSERT INTO surgery (id,date,patient_id,doctor_id) VALUES (370,'2019-12-07',231,498);
INSERT INTO meds_for_surgery (surgery_id,med) VALUES (370,'Isotretinoin');
INSERT INTO surgery (id,date,patient_id,doctor_id) VALUES (371,'2019-12-13',293,123);
INSERT INTO meds_for_surgery (surgery_id,med) VALUES (371,'Gemcitabine');
INSERT INTO surgery (id,date,patient_id,doctor_id) VALUES (372,'2019-11-29',137,151);
INSERT INTO meds_for_surgery (surgery_id,med) VALUES (372,'Muromonab');
INSERT INTO surgery (id,date,patient_id,doctor_id) VALUES (373,'2019-12-17',293,151);
INSERT INTO meds_for_surgery (surgery_id,med) VALUES (373,'Dactinomycin');
INSERT INTO surgery (id,date,patient_id,doctor_id) VALUES (374,'2019-12-22',253,433);
INSERT INTO meds_for_surgery (surgery_id,med) VALUES (374,'Vorinostat');
INSERT INTO surgery (id,date,patient_id,doctor_id) VALUES (375,'2019-12-16',242,124);
INSERT INTO meds_for_surgery (surgery_id,med) VALUES (375,'Cyproheptadine');
INSERT INTO surgery (id,date,patient_id,doctor_id) VALUES (376,'2019-12-02',414,13);
INSERT INTO meds_for_surgery (surgery_id,med) VALUES (376,'Topotecan');
INSERT INTO surgery (id,date,patient_id,doctor_id) VALUES (377,'2019-12-20',324,27);
INSERT INTO meds_for_surgery (surgery_id,med) VALUES (377,'Vorinostat');
INSERT INTO surgery (id,date,patient_id,doctor_id) VALUES (378,'2019-12-04',195,124);
INSERT INTO meds_for_surgery (surgery_id,med) VALUES (378,'Mechlorethamine');
INSERT INTO surgery (id,date,patient_id,doctor_id) VALUES (379,'2019-12-02',209,124);
INSERT INTO meds_for_surgery (surgery_id,med) VALUES (379,'Asparaginase');
INSERT INTO surgery (id,date,patient_id,doctor_id) VALUES (380,'2019-12-05',378,115);
INSERT INTO meds_for_surgery (surgery_id,med) VALUES (380,'Nelarabine');
INSERT INTO surgery (id,date,patient_id,doctor_id) VALUES (381,'2019-12-07',419,24);
INSERT INTO meds_for_surgery (surgery_id,med) VALUES (381,'Erythromycin');
INSERT INTO surgery (id,date,patient_id,doctor_id) VALUES (382,'2019-11-30',419,196);
INSERT INTO meds_for_surgery (surgery_id,med) VALUES (382,'Voriconazole');
INSERT INTO surgery (id,date,patient_id,doctor_id) VALUES (383,'2019-12-07',242,439);
INSERT INTO meds_for_surgery (surgery_id,med) VALUES (383,'Neuromuscular');
INSERT INTO surgery (id,date,patient_id,doctor_id) VALUES (384,'2019-12-05',31,423);
INSERT INTO meds_for_surgery (surgery_id,med) VALUES (384,'Paclitaxel');
INSERT INTO surgery (id,date,patient_id,doctor_id) VALUES (385,'2019-12-15',15,360);
INSERT INTO meds_for_surgery (surgery_id,med) VALUES (385,'Modafinil');
INSERT INTO surgery (id,date,patient_id,doctor_id) VALUES (386,'2019-11-27',470,465);
INSERT INTO meds_for_surgery (surgery_id,med) VALUES (386,'Dactinomycin');
INSERT INTO surgery (id,date,patient_id,doctor_id) VALUES (387,'2019-12-19',180,69);
INSERT INTO meds_for_surgery (surgery_id,med) VALUES (387,'Cephalexin');
INSERT INTO surgery (id,date,patient_id,doctor_id) VALUES (388,'2019-11-25',444,11);
INSERT INTO meds_for_surgery (surgery_id,med) VALUES (388,'Amifostine');
INSERT INTO surgery (id,date,patient_id,doctor_id) VALUES (389,'2019-12-20',331,312);
INSERT INTO meds_for_surgery (surgery_id,med) VALUES (389,'Enoxaparin');
INSERT INTO surgery (id,date,patient_id,doctor_id) VALUES (390,'2019-12-14',48,111);
INSERT INTO meds_for_surgery (surgery_id,med) VALUES (390,'Darunavir');
INSERT INTO surgery (id,date,patient_id,doctor_id) VALUES (391,'2019-11-25',206,27);
INSERT INTO meds_for_surgery (surgery_id,med) VALUES (391,'Alemtuzumab');
INSERT INTO surgery (id,date,patient_id,doctor_id) VALUES (392,'2019-12-15',325,422);
INSERT INTO meds_for_surgery (surgery_id,med) VALUES (392,'Valproic acid');
INSERT INTO surgery (id,date,patient_id,doctor_id) VALUES (393,'2019-12-18',174,360);
INSERT INTO meds_for_surgery (surgery_id,med) VALUES (393,'Methadone');
INSERT INTO surgery (id,date,patient_id,doctor_id) VALUES (394,'2019-12-04',246,243);
INSERT INTO meds_for_surgery (surgery_id,med) VALUES (394,'Leucovorin');
INSERT INTO surgery (id,date,patient_id,doctor_id) VALUES (395,'2019-11-29',154,10);
INSERT INTO meds_for_surgery (surgery_id,med) VALUES (395,'Trimethoprim');
INSERT INTO surgery (id,date,patient_id,doctor_id) VALUES (396,'2019-12-13',229,34);
INSERT INTO meds_for_surgery (surgery_id,med) VALUES (396,'Etonogestrel');
INSERT INTO surgery (id,date,patient_id,doctor_id) VALUES (397,'2019-11-23',303,329);
INSERT INTO meds_for_surgery (surgery_id,med) VALUES (397,'Maraviroc');
INSERT INTO surgery (id,date,patient_id,doctor_id) VALUES (398,'2019-12-26',436,24);
INSERT INTO meds_for_surgery (surgery_id,med) VALUES (398,'GM-CSF');
INSERT INTO surgery (id,date,patient_id,doctor_id) VALUES (399,'2019-12-08',398,438);
INSERT INTO meds_for_surgery (surgery_id,med) VALUES (399,'Cladribine');
INSERT INTO surgery (id,date,patient_id,doctor_id) VALUES (400,'2019-12-17',181,423);
INSERT INTO meds_for_surgery (surgery_id,med) VALUES (400,'Mycophenolate');
INSERT INTO surgery (id,date,patient_id,doctor_id) VALUES (401,'2019-12-04',330,69);
INSERT INTO meds_for_surgery (surgery_id,med) VALUES (401,'Sucralfate');
INSERT INTO surgery (id,date,patient_id,doctor_id) VALUES (402,'2019-11-27',246,429);
INSERT INTO meds_for_surgery (surgery_id,med) VALUES (402,'Sirolimus');
INSERT INTO surgery (id,date,patient_id,doctor_id) VALUES (403,'2019-12-04',174,55);
INSERT INTO meds_for_surgery (surgery_id,med) VALUES (403,'Meropenem');
INSERT INTO surgery (id,date,patient_id,doctor_id) VALUES (404,'2019-12-13',330,499);
INSERT INTO meds_for_surgery (surgery_id,med) VALUES (404,'Methotrexate');
INSERT INTO surgery (id,date,patient_id,doctor_id) VALUES (405,'2019-12-10',500,69);
INSERT INTO meds_for_surgery (surgery_id,med) VALUES (405,'Alemtuzumab');
INSERT INTO surgery (id,date,patient_id,doctor_id) VALUES (406,'2019-12-23',260,105);
INSERT INTO meds_for_surgery (surgery_id,med) VALUES (406,'Etravirine');
INSERT INTO surgery (id,date,patient_id,doctor_id) VALUES (407,'2019-12-23',199,483);
INSERT INTO meds_for_surgery (surgery_id,med) VALUES (407,'Allopurinol');
INSERT INTO surgery (id,date,patient_id,doctor_id) VALUES (408,'2019-12-09',291,141);
INSERT INTO meds_for_surgery (surgery_id,med) VALUES (408,'Sucralfate');
INSERT INTO surgery (id,date,patient_id,doctor_id) VALUES (409,'2019-12-19',131,287);
INSERT INTO meds_for_surgery (surgery_id,med) VALUES (409,'Erythromycin');
INSERT INTO surgery (id,date,patient_id,doctor_id) VALUES (410,'2019-12-23',231,429);
INSERT INTO meds_for_surgery (surgery_id,med) VALUES (410,'Melphalan');
INSERT INTO surgery (id,date,patient_id,doctor_id) VALUES (411,'2019-12-07',453,34);
INSERT INTO meds_for_surgery (surgery_id,med) VALUES (411,'Alendronate');
INSERT INTO surgery (id,date,patient_id,doctor_id) VALUES (412,'2019-12-05',299,96);
INSERT INTO meds_for_surgery (surgery_id,med) VALUES (412,'Ruxolitinib');
INSERT INTO surgery (id,date,patient_id,doctor_id) VALUES (413,'2019-11-30',239,243);
INSERT INTO meds_for_surgery (surgery_id,med) VALUES (413,'Cidofovir');
INSERT INTO surgery (id,date,patient_id,doctor_id) VALUES (414,'2019-12-21',331,22);
INSERT INTO meds_for_surgery (surgery_id,med) VALUES (414,'Pentamidine');
INSERT INTO surgery (id,date,patient_id,doctor_id) VALUES (415,'2019-12-06',154,421);
INSERT INTO meds_for_surgery (surgery_id,med) VALUES (415,'Itraconazole');
INSERT INTO surgery (id,date,patient_id,doctor_id) VALUES (416,'2019-12-19',229,301);
INSERT INTO meds_for_surgery (surgery_id,med) VALUES (416,'Alendronate');
INSERT INTO surgery (id,date,patient_id,doctor_id) VALUES (417,'2019-12-18',315,51);
INSERT INTO meds_for_surgery (surgery_id,med) VALUES (417,'Cidofovir');
INSERT INTO surgery (id,date,patient_id,doctor_id) VALUES (418,'2019-12-06',324,51);
INSERT INTO meds_for_surgery (surgery_id,med) VALUES (418,'Dopamine');
INSERT INTO surgery (id,date,patient_id,doctor_id) VALUES (419,'2019-12-01',470,429);
INSERT INTO meds_for_surgery (surgery_id,med) VALUES (419,'Bortezomib');
INSERT INTO surgery (id,date,patient_id,doctor_id) VALUES (420,'2019-11-27',131,423);
INSERT INTO meds_for_surgery (surgery_id,med) VALUES (420,'Ganciclovir');
INSERT INTO surgery (id,date,patient_id,doctor_id) VALUES (421,'2019-12-23',48,329);
INSERT INTO meds_for_surgery (surgery_id,med) VALUES (421,'Tenofovir');
INSERT INTO surgery (id,date,patient_id,doctor_id) VALUES (422,'2019-12-01',173,489);
INSERT INTO meds_for_surgery (surgery_id,med) VALUES (422,'G-CSF');
INSERT INTO surgery (id,date,patient_id,doctor_id) VALUES (423,'2019-12-16',212,366);
INSERT INTO meds_for_surgery (surgery_id,med) VALUES (423,'Asparaginase');
INSERT INTO surgery (id,date,patient_id,doctor_id) VALUES (424,'2019-12-13',195,429);
INSERT INTO meds_for_surgery (surgery_id,med) VALUES (424,'Fluconazole');
INSERT INTO surgery (id,date,patient_id,doctor_id) VALUES (425,'2019-12-24',195,243);
INSERT INTO meds_for_surgery (surgery_id,med) VALUES (425,'Imipenem');
INSERT INTO surgery (id,date,patient_id,doctor_id) VALUES (426,'2019-12-20',33,164);
INSERT INTO meds_for_surgery (surgery_id,med) VALUES (426,'Ondansetron');
INSERT INTO surgery (id,date,patient_id,doctor_id) VALUES (427,'2019-12-23',479,124);
INSERT INTO meds_for_surgery (surgery_id,med) VALUES (427,'Atovaquone');
INSERT INTO surgery (id,date,patient_id,doctor_id) VALUES (428,'2019-11-28',161,491);
INSERT INTO meds_for_surgery (surgery_id,med) VALUES (428,'Meropenem');
INSERT INTO surgery (id,date,patient_id,doctor_id) VALUES (429,'2019-11-27',206,103);
INSERT INTO meds_for_surgery (surgery_id,med) VALUES (429,'Hydralazine');
INSERT INTO surgery (id,date,patient_id,doctor_id) VALUES (430,'2019-12-26',303,115);
INSERT INTO meds_for_surgery (surgery_id,med) VALUES (430,'Clindamycin');
INSERT INTO surgery (id,date,patient_id,doctor_id) VALUES (431,'2019-12-01',386,335);
INSERT INTO meds_for_surgery (surgery_id,med) VALUES (431,'Voriconazole');
INSERT INTO surgery (id,date,patient_id,doctor_id) VALUES (432,'2019-12-25',254,69);
INSERT INTO meds_for_surgery (surgery_id,med) VALUES (432,'Procarbazine');
INSERT INTO surgery (id,date,patient_id,doctor_id) VALUES (433,'2019-11-26',102,22);
INSERT INTO meds_for_surgery (surgery_id,med) VALUES (433,'Elvitegravir');
INSERT INTO surgery (id,date,patient_id,doctor_id) VALUES (434,'2019-12-03',296,382);
INSERT INTO meds_for_surgery (surgery_id,med) VALUES (434,'Meperidine');
INSERT INTO surgery (id,date,patient_id,doctor_id) VALUES (435,'2019-11-28',398,121);
INSERT INTO meds_for_surgery (surgery_id,med) VALUES (435,'Famciclovir');
INSERT INTO surgery (id,date,patient_id,doctor_id) VALUES (436,'2019-12-03',331,361);
INSERT INTO meds_for_surgery (surgery_id,med) VALUES (436,'Dexamethasone');
INSERT INTO surgery (id,date,patient_id,doctor_id) VALUES (437,'2019-11-27',15,22);
INSERT INTO meds_for_surgery (surgery_id,med) VALUES (437,'Itraconazole');
INSERT INTO surgery (id,date,patient_id,doctor_id) VALUES (438,'2019-12-13',249,129);
INSERT INTO meds_for_surgery (surgery_id,med) VALUES (438,'Mesna');
INSERT INTO surgery (id,date,patient_id,doctor_id) VALUES (439,'2019-12-09',48,416);
INSERT INTO meds_for_surgery (surgery_id,med) VALUES (439,'Fluconazole');
INSERT INTO surgery (id,date,patient_id,doctor_id) VALUES (440,'2019-12-08',188,56);
INSERT INTO meds_for_surgery (surgery_id,med) VALUES (440,'Ondansetron');
INSERT INTO surgery (id,date,patient_id,doctor_id) VALUES (441,'2019-12-19',456,243);
INSERT INTO meds_for_surgery (surgery_id,med) VALUES (441,'Dobutamine');
INSERT INTO surgery (id,date,patient_id,doctor_id) VALUES (442,'2019-11-24',389,164);
INSERT INTO meds_for_surgery (surgery_id,med) VALUES (442,'Ritonavir');
INSERT INTO surgery (id,date,patient_id,doctor_id) VALUES (443,'2019-12-26',322,121);
INSERT INTO meds_for_surgery (surgery_id,med) VALUES (443,'Enalapril');
INSERT INTO surgery (id,date,patient_id,doctor_id) VALUES (444,'2019-12-15',419,243);
INSERT INTO meds_for_surgery (surgery_id,med) VALUES (444,'Aprepitant');
INSERT INTO surgery (id,date,patient_id,doctor_id) VALUES (445,'2019-12-17',449,56);
INSERT INTO meds_for_surgery (surgery_id,med) VALUES (445,'Baclofen');
INSERT INTO surgery (id,date,patient_id,doctor_id) VALUES (446,'2019-11-27',229,489);
INSERT INTO meds_for_surgery (surgery_id,med) VALUES (446,'Cefepime');
INSERT INTO surgery (id,date,patient_id,doctor_id) VALUES (447,'2019-12-20',403,439);
INSERT INTO meds_for_surgery (surgery_id,med) VALUES (447,'Nevirapine');
INSERT INTO surgery (id,date,patient_id,doctor_id) VALUES (448,'2019-12-26',86,243);
INSERT INTO meds_for_surgery (surgery_id,med) VALUES (448,'Pegfilgrastim');
INSERT INTO surgery (id,date,patient_id,doctor_id) VALUES (449,'2019-12-02',378,96);
INSERT INTO meds_for_surgery (surgery_id,med) VALUES (449,'Modafinil');
INSERT INTO surgery (id,date,patient_id,doctor_id) VALUES (450,'2019-12-13',260,423);
INSERT INTO meds_for_surgery (surgery_id,med) VALUES (450,'Cefaclor');
INSERT INTO surgery (id,date,patient_id,doctor_id) VALUES (451,'2019-12-04',212,158);
INSERT INTO meds_for_surgery (surgery_id,med) VALUES (451,'Warfarin');
INSERT INTO surgery (id,date,patient_id,doctor_id) VALUES (452,'2019-12-18',456,483);
INSERT INTO meds_for_surgery (surgery_id,med) VALUES (452,'Interleukin');
INSERT INTO surgery (id,date,patient_id,doctor_id) VALUES (453,'2019-11-25',212,445);
INSERT INTO meds_for_surgery (surgery_id,med) VALUES (453,'Meperidine');
INSERT INTO surgery (id,date,patient_id,doctor_id) VALUES (454,'2019-12-10',436,75);
INSERT INTO meds_for_surgery (surgery_id,med) VALUES (454,'Atazanavir');
INSERT INTO surgery (id,date,patient_id,doctor_id) VALUES (455,'2019-12-22',249,27);
INSERT INTO meds_for_surgery (surgery_id,med) VALUES (455,'Granisetron');
INSERT INTO surgery (id,date,patient_id,doctor_id) VALUES (456,'2019-12-12',199,151);
INSERT INTO meds_for_surgery (surgery_id,med) VALUES (456,'Foscarnet');
INSERT INTO surgery (id,date,patient_id,doctor_id) VALUES (457,'2019-12-02',15,348);
INSERT INTO meds_for_surgery (surgery_id,med) VALUES (457,'Vincristine');
INSERT INTO surgery (id,date,patient_id,doctor_id) VALUES (458,'2019-12-22',414,287);
INSERT INTO meds_for_surgery (surgery_id,med) VALUES (458,'Aminocaproic Acid');
INSERT INTO surgery (id,date,patient_id,doctor_id) VALUES (459,'2019-12-10',419,47);
INSERT INTO meds_for_surgery (surgery_id,med) VALUES (459,'Dacarbazine');
INSERT INTO surgery (id,date,patient_id,doctor_id) VALUES (460,'2019-12-02',52,51);
INSERT INTO meds_for_surgery (surgery_id,med) VALUES (460,'Amifostine');
INSERT INTO surgery (id,date,patient_id,doctor_id) VALUES (461,'2019-11-29',293,312);
INSERT INTO meds_for_surgery (surgery_id,med) VALUES (461,'Hydralazine');
INSERT INTO surgery (id,date,patient_id,doctor_id) VALUES (462,'2019-11-30',161,103);
INSERT INTO meds_for_surgery (surgery_id,med) VALUES (462,'Thiotepa');
INSERT INTO surgery (id,date,patient_id,doctor_id) VALUES (463,'2019-11-30',97,498);
INSERT INTO meds_for_surgery (surgery_id,med) VALUES (463,'Neuromuscular');
INSERT INTO surgery (id,date,patient_id,doctor_id) VALUES (464,'2019-11-29',353,320);
INSERT INTO meds_for_surgery (surgery_id,med) VALUES (464,'Cyclophosphamide');
INSERT INTO surgery (id,date,patient_id,doctor_id) VALUES (465,'2019-12-24',470,11);
INSERT INTO meds_for_surgery (surgery_id,med) VALUES (465,'Levothyroxine');
INSERT INTO surgery (id,date,patient_id,doctor_id) VALUES (466,'2019-12-13',327,124);
INSERT INTO meds_for_surgery (surgery_id,med) VALUES (466,'Labetalol');
INSERT INTO surgery (id,date,patient_id,doctor_id) VALUES (467,'2019-12-13',231,115);
INSERT INTO meds_for_surgery (surgery_id,med) VALUES (467,'Famciclovir');
INSERT INTO surgery (id,date,patient_id,doctor_id) VALUES (468,'2019-12-07',398,335);
INSERT INTO meds_for_surgery (surgery_id,med) VALUES (468,'Cytarabine');
INSERT INTO surgery (id,date,patient_id,doctor_id) VALUES (469,'2019-12-08',290,301);
INSERT INTO meds_for_surgery (surgery_id,med) VALUES (469,'Nelarabine');
INSERT INTO surgery (id,date,patient_id,doctor_id) VALUES (470,'2019-12-08',270,416);
INSERT INTO meds_for_surgery (surgery_id,med) VALUES (470,'Gabapentin');
INSERT INTO surgery (id,date,patient_id,doctor_id) VALUES (471,'2019-12-27',31,276);
INSERT INTO meds_for_surgery (surgery_id,med) VALUES (471,'Meloxicam');
INSERT INTO surgery (id,date,patient_id,doctor_id) VALUES (472,'2019-12-09',131,416);
INSERT INTO meds_for_surgery (surgery_id,med) VALUES (472,'Hydroxyurea');
INSERT INTO surgery (id,date,patient_id,doctor_id) VALUES (473,'2019-11-28',437,111);
INSERT INTO meds_for_surgery (surgery_id,med) VALUES (473,'Ketoconazole');
INSERT INTO surgery (id,date,patient_id,doctor_id) VALUES (474,'2019-12-18',201,141);
INSERT INTO meds_for_surgery (surgery_id,med) VALUES (474,'Rivaroxaban');
INSERT INTO surgery (id,date,patient_id,doctor_id) VALUES (475,'2019-12-02',134,287);
INSERT INTO meds_for_surgery (surgery_id,med) VALUES (475,'Tobramycin');
INSERT INTO surgery (id,date,patient_id,doctor_id) VALUES (476,'2019-12-26',31,491);
INSERT INTO meds_for_surgery (surgery_id,med) VALUES (476,'Mycophenolate');
INSERT INTO surgery (id,date,patient_id,doctor_id) VALUES (477,'2019-12-27',357,421);
INSERT INTO meds_for_surgery (surgery_id,med) VALUES (477,'Acyclovir');
INSERT INTO surgery (id,date,patient_id,doctor_id) VALUES (478,'2019-12-15',290,305);
INSERT INTO meds_for_surgery (surgery_id,med) VALUES (478,'Cyproheptadine');
INSERT INTO surgery (id,date,patient_id,doctor_id) VALUES (479,'2019-11-24',303,111);
INSERT INTO meds_for_surgery (surgery_id,med) VALUES (479,'Fludarabine');
INSERT INTO surgery (id,date,patient_id,doctor_id) VALUES (480,'2019-12-06',258,151);
INSERT INTO meds_for_surgery (surgery_id,med) VALUES (480,'Hydrocodone');
INSERT INTO surgery (id,date,patient_id,doctor_id) VALUES (481,'2019-11-26',327,69);
INSERT INTO meds_for_surgery (surgery_id,med) VALUES (481,'Alendronate');
INSERT INTO surgery (id,date,patient_id,doctor_id) VALUES (482,'2019-12-08',168,305);
INSERT INTO meds_for_surgery (surgery_id,med) VALUES (482,'Dacarbazine');
INSERT INTO surgery (id,date,patient_id,doctor_id) VALUES (483,'2019-12-23',20,88);
INSERT INTO meds_for_surgery (surgery_id,med) VALUES (483,'Carmustine');
INSERT INTO surgery (id,date,patient_id,doctor_id) VALUES (484,'2019-11-24',406,354);
INSERT INTO meds_for_surgery (surgery_id,med) VALUES (484,'Gefitinib');
INSERT INTO surgery (id,date,patient_id,doctor_id) VALUES (485,'2019-12-23',330,366);
INSERT INTO meds_for_surgery (surgery_id,med) VALUES (485,'Fluconazole');
INSERT INTO surgery (id,date,patient_id,doctor_id) VALUES (486,'2019-11-25',97,56);
INSERT INTO meds_for_surgery (surgery_id,med) VALUES (486,'Hydromorphone');
INSERT INTO surgery (id,date,patient_id,doctor_id) VALUES (487,'2019-12-04',206,422);
INSERT INTO meds_for_surgery (surgery_id,med) VALUES (487,'Magnesium');
INSERT INTO surgery (id,date,patient_id,doctor_id) VALUES (488,'2019-12-14',176,162);
INSERT INTO meds_for_surgery (surgery_id,med) VALUES (488,'Mesna');
INSERT INTO surgery (id,date,patient_id,doctor_id) VALUES (489,'2019-12-10',148,225);
INSERT INTO meds_for_surgery (surgery_id,med) VALUES (489,'Sugammadex');
INSERT INTO surgery (id,date,patient_id,doctor_id) VALUES (490,'2019-12-02',291,422);
INSERT INTO meds_for_surgery (surgery_id,med) VALUES (490,'Etravirine');
INSERT INTO surgery (id,date,patient_id,doctor_id) VALUES (491,'2019-11-27',148,483);
INSERT INTO meds_for_surgery (surgery_id,med) VALUES (491,'Vancomycin');
INSERT INTO surgery (id,date,patient_id,doctor_id) VALUES (492,'2019-12-03',188,305);
INSERT INTO meds_for_surgery (surgery_id,med) VALUES (492,'Carmustine');
INSERT INTO surgery (id,date,patient_id,doctor_id) VALUES (493,'2019-12-01',182,162);
INSERT INTO meds_for_surgery (surgery_id,med) VALUES (493,'Bosentan');
INSERT INTO surgery (id,date,patient_id,doctor_id) VALUES (494,'2019-12-04',476,329);
INSERT INTO meds_for_surgery (surgery_id,med) VALUES (494,'Mitotane');
INSERT INTO surgery (id,date,patient_id,doctor_id) VALUES (495,'2019-11-29',102,121);
INSERT INTO meds_for_surgery (surgery_id,med) VALUES (495,'Nevirapine');
INSERT INTO surgery (id,date,patient_id,doctor_id) VALUES (496,'2019-12-04',242,111);
INSERT INTO meds_for_surgery (surgery_id,med) VALUES (496,'Ceftazidime');
INSERT INTO surgery (id,date,patient_id,doctor_id) VALUES (497,'2019-12-19',229,425);
INSERT INTO meds_for_surgery (surgery_id,med) VALUES (497,'Clarithromycin');
INSERT INTO surgery (id,date,patient_id,doctor_id) VALUES (498,'2019-12-05',194,23);
INSERT INTO meds_for_surgery (surgery_id,med) VALUES (498,'Cyclobenzaprine');
INSERT INTO surgery (id,date,patient_id,doctor_id) VALUES (499,'2019-12-09',444,445);
INSERT INTO meds_for_surgery (surgery_id,med) VALUES (499,'Erythromycin');
INSERT INTO surgery (id,date,patient_id,doctor_id) VALUES (500,'2019-11-25',194,382);
INSERT INTO meds_for_surgery (surgery_id,med) VALUES (500,'Gabapentin');
INSERT INTO surgery (id,date,patient_id,doctor_id) VALUES (501,'2019-12-14',87,27);
INSERT INTO meds_for_surgery (surgery_id,med) VALUES (501,'Posaconazole');
INSERT INTO surgery (id,date,patient_id,doctor_id) VALUES (502,'2019-12-01',457,24);
INSERT INTO meds_for_surgery (surgery_id,med) VALUES (502,'Clarithromycin');
INSERT INTO surgery (id,date,patient_id,doctor_id) VALUES (503,'2019-11-23',315,466);
INSERT INTO meds_for_surgery (surgery_id,med) VALUES (503,'Propoxyphene');
INSERT INTO surgery (id,date,patient_id,doctor_id) VALUES (504,'2019-12-25',260,441);
INSERT INTO meds_for_surgery (surgery_id,med) VALUES (504,'Ceftazidime');
INSERT INTO surgery (id,date,patient_id,doctor_id) VALUES (505,'2019-11-28',325,284);
INSERT INTO meds_for_surgery (surgery_id,med) VALUES (505,'Gefitinib');
INSERT INTO surgery (id,date,patient_id,doctor_id) VALUES (506,'2019-11-23',273,123);
INSERT INTO meds_for_surgery (surgery_id,med) VALUES (506,'Dapsone');
INSERT INTO surgery (id,date,patient_id,doctor_id) VALUES (507,'2019-12-26',330,429);
INSERT INTO meds_for_surgery (surgery_id,med) VALUES (507,'Tobramycin');
INSERT INTO surgery (id,date,patient_id,doctor_id) VALUES (508,'2019-12-12',272,305);
INSERT INTO meds_for_surgery (surgery_id,med) VALUES (508,'Celecoxib');
INSERT INTO surgery (id,date,patient_id,doctor_id) VALUES (509,'2019-12-18',137,141);
INSERT INTO meds_for_surgery (surgery_id,med) VALUES (509,'Gefitinib');
INSERT INTO surgery (id,date,patient_id,doctor_id) VALUES (510,'2019-12-27',272,360);
INSERT INTO meds_for_surgery (surgery_id,med) VALUES (510,'Tobramycin');
INSERT INTO surgery (id,date,patient_id,doctor_id) VALUES (511,'2019-12-05',201,416);
INSERT INTO meds_for_surgery (surgery_id,med) VALUES (511,'Emtricitabine');
INSERT INTO surgery (id,date,patient_id,doctor_id) VALUES (512,'2019-12-14',268,162);
INSERT INTO meds_for_surgery (surgery_id,med) VALUES (512,'Saquinavir');
INSERT INTO surgery (id,date,patient_id,doctor_id) VALUES (513,'2019-12-06',87,348);
INSERT INTO meds_for_surgery (surgery_id,med) VALUES (513,'Cefuroxime');
INSERT INTO surgery (id,date,patient_id,doctor_id) VALUES (514,'2019-12-20',406,69);
INSERT INTO meds_for_surgery (surgery_id,med) VALUES (514,'Ganciclovir');
INSERT INTO surgery (id,date,patient_id,doctor_id) VALUES (515,'2019-12-10',303,96);
INSERT INTO meds_for_surgery (surgery_id,med) VALUES (515,'Cyproheptadine');
INSERT INTO surgery (id,date,patient_id,doctor_id) VALUES (516,'2019-11-30',168,225);
INSERT INTO meds_for_surgery (surgery_id,med) VALUES (516,'Aminocaproic Acid');
INSERT INTO surgery (id,date,patient_id,doctor_id) VALUES (517,'2019-11-25',174,124);
INSERT INTO meds_for_surgery (surgery_id,med) VALUES (517,'Alemtuzumab');
INSERT INTO surgery (id,date,patient_id,doctor_id) VALUES (518,'2019-12-15',242,151);
INSERT INTO meds_for_surgery (surgery_id,med) VALUES (518,'PEGaspargase');
INSERT INTO surgery (id,date,patient_id,doctor_id) VALUES (519,'2019-12-27',131,423);
INSERT INTO meds_for_surgery (surgery_id,med) VALUES (519,'Celecoxib');
INSERT INTO surgery (id,date,patient_id,doctor_id) VALUES (520,'2019-12-18',174,441);
INSERT INTO meds_for_surgery (surgery_id,med) VALUES (520,'Celecoxib');
INSERT INTO surgery (id,date,patient_id,doctor_id) VALUES (521,'2019-11-26',172,284);
INSERT INTO meds_for_surgery (surgery_id,med) VALUES (521,'Cefepime');
INSERT INTO surgery (id,date,patient_id,doctor_id) VALUES (522,'2019-12-17',303,56);
INSERT INTO meds_for_surgery (surgery_id,med) VALUES (522,'Heparin');
INSERT INTO surgery (id,date,patient_id,doctor_id) VALUES (523,'2019-12-17',500,51);
INSERT INTO meds_for_surgery (surgery_id,med) VALUES (523,'Calcium');
INSERT INTO surgery (id,date,patient_id,doctor_id) VALUES (524,'2019-11-23',470,75);
INSERT INTO meds_for_surgery (surgery_id,med) VALUES (524,'Mechlorethamine');
INSERT INTO surgery (id,date,patient_id,doctor_id) VALUES (525,'2019-12-20',490,62);
INSERT INTO meds_for_surgery (surgery_id,med) VALUES (525,'Leucovorin');
INSERT INTO surgery (id,date,patient_id,doctor_id) VALUES (526,'2019-12-11',330,56);
INSERT INTO meds_for_surgery (surgery_id,med) VALUES (526,'Irinotecan');
INSERT INTO surgery (id,date,patient_id,doctor_id) VALUES (527,'2019-12-24',469,22);
INSERT INTO meds_for_surgery (surgery_id,med) VALUES (527,'Oxycodone');
INSERT INTO surgery (id,date,patient_id,doctor_id) VALUES (528,'2019-12-02',449,284);
INSERT INTO meds_for_surgery (surgery_id,med) VALUES (528,'Dinutuximab');
INSERT INTO surgery (id,date,patient_id,doctor_id) VALUES (529,'2019-12-18',15,402);
INSERT INTO meds_for_surgery (surgery_id,med) VALUES (529,'Penicillin');
INSERT INTO surgery (id,date,patient_id,doctor_id) VALUES (530,'2019-12-14',403,225);
INSERT INTO meds_for_surgery (surgery_id,med) VALUES (530,'Hydrocortisone');
INSERT INTO surgery (id,date,patient_id,doctor_id) VALUES (531,'2019-12-01',135,429);
INSERT INTO meds_for_surgery (surgery_id,med) VALUES (531,'Etoposide');
INSERT INTO surgery (id,date,patient_id,doctor_id) VALUES (532,'2019-12-02',255,423);
INSERT INTO meds_for_surgery (surgery_id,med) VALUES (532,'L-glutamine');
INSERT INTO surgery (id,date,patient_id,doctor_id) VALUES (533,'2019-12-25',168,196);
INSERT INTO meds_for_surgery (surgery_id,med) VALUES (533,'Allopurinol');
INSERT INTO surgery (id,date,patient_id,doctor_id) VALUES (534,'2019-12-02',386,422);
INSERT INTO meds_for_surgery (surgery_id,med) VALUES (534,'Tobramycin');
INSERT INTO surgery (id,date,patient_id,doctor_id) VALUES (535,'2019-12-19',464,276);
INSERT INTO meds_for_surgery (surgery_id,med) VALUES (535,'Dapsone');
INSERT INTO surgery (id,date,patient_id,doctor_id) VALUES (536,'2019-12-02',270,284);
INSERT INTO meds_for_surgery (surgery_id,med) VALUES (536,'Penicillin');
INSERT INTO surgery (id,date,patient_id,doctor_id) VALUES (537,'2019-12-14',331,10);
INSERT INTO meds_for_surgery (surgery_id,med) VALUES (537,'Micafungin');
INSERT INTO surgery (id,date,patient_id,doctor_id) VALUES (538,'2019-12-25',224,276);
INSERT INTO meds_for_surgery (surgery_id,med) VALUES (538,'Tobramycin');
INSERT INTO surgery (id,date,patient_id,doctor_id) VALUES (539,'2019-12-17',378,366);
INSERT INTO meds_for_surgery (surgery_id,med) VALUES (539,'Cephalexin');
INSERT INTO surgery (id,date,patient_id,doctor_id) VALUES (540,'2019-12-08',246,22);
INSERT INTO meds_for_surgery (surgery_id,med) VALUES (540,'Mercaptopurine');
INSERT INTO surgery (id,date,patient_id,doctor_id) VALUES (541,'2019-12-02',254,439);
INSERT INTO meds_for_surgery (surgery_id,med) VALUES (541,'Tacrolimus');
INSERT INTO surgery (id,date,patient_id,doctor_id) VALUES (542,'2019-12-14',86,301);
INSERT INTO meds_for_surgery (surgery_id,med) VALUES (542,'Prednisone');
INSERT INTO surgery (id,date,patient_id,doctor_id) VALUES (543,'2019-12-22',222,105);
INSERT INTO meds_for_surgery (surgery_id,med) VALUES (543,'Fluconazole');
INSERT INTO surgery (id,date,patient_id,doctor_id) VALUES (544,'2019-12-18',449,47);
INSERT INTO meds_for_surgery (surgery_id,med) VALUES (544,'Pemetrexed');
INSERT INTO surgery (id,date,patient_id,doctor_id) VALUES (545,'2019-12-11',209,439);
INSERT INTO meds_for_surgery (surgery_id,med) VALUES (545,'Atenolol');
INSERT INTO surgery (id,date,patient_id,doctor_id) VALUES (546,'2019-12-14',297,417);
INSERT INTO meds_for_surgery (surgery_id,med) VALUES (546,'Itraconazole');
INSERT INTO surgery (id,date,patient_id,doctor_id) VALUES (547,'2019-11-30',48,421);
INSERT INTO meds_for_surgery (surgery_id,med) VALUES (547,'Micafungin');
INSERT INTO surgery (id,date,patient_id,doctor_id) VALUES (548,'2019-11-27',168,274);
INSERT INTO meds_for_surgery (surgery_id,med) VALUES (548,'Irinotecan');
INSERT INTO surgery (id,date,patient_id,doctor_id) VALUES (549,'2019-12-05',87,55);
INSERT INTO meds_for_surgery (surgery_id,med) VALUES (549,'Atenolol');
INSERT INTO surgery (id,date,patient_id,doctor_id) VALUES (550,'2019-12-27',260,88);
INSERT INTO meds_for_surgery (surgery_id,med) VALUES (550,'Dinutuximab');
INSERT INTO surgery (id,date,patient_id,doctor_id) VALUES (551,'2019-12-12',94,13);
INSERT INTO meds_for_surgery (surgery_id,med) VALUES (551,'Codeine');
INSERT INTO surgery (id,date,patient_id,doctor_id) VALUES (552,'2019-12-09',370,24);
INSERT INTO meds_for_surgery (surgery_id,med) VALUES (552,'Rivaroxaban');
INSERT INTO surgery (id,date,patient_id,doctor_id) VALUES (553,'2019-12-21',231,11);
INSERT INTO meds_for_surgery (surgery_id,med) VALUES (553,'Raltegravir');
INSERT INTO surgery (id,date,patient_id,doctor_id) VALUES (554,'2019-12-07',457,17);
INSERT INTO meds_for_surgery (surgery_id,med) VALUES (554,'Abacavir');
INSERT INTO surgery (id,date,patient_id,doctor_id) VALUES (555,'2019-12-17',277,124);
INSERT INTO meds_for_surgery (surgery_id,med) VALUES (555,'Dactinomycin');
INSERT INTO surgery (id,date,patient_id,doctor_id) VALUES (556,'2019-12-19',212,348);
INSERT INTO meds_for_surgery (surgery_id,med) VALUES (556,'Vincristine');
INSERT INTO surgery (id,date,patient_id,doctor_id) VALUES (557,'2019-12-01',407,301);
INSERT INTO meds_for_surgery (surgery_id,med) VALUES (557,'Prednisone');
INSERT INTO surgery (id,date,patient_id,doctor_id) VALUES (558,'2019-12-15',357,23);
INSERT INTO meds_for_surgery (surgery_id,med) VALUES (558,'Probenecid');
INSERT INTO surgery (id,date,patient_id,doctor_id) VALUES (559,'2019-11-23',48,274);
INSERT INTO meds_for_surgery (surgery_id,med) VALUES (559,'Amitriptyline');
INSERT INTO surgery (id,date,patient_id,doctor_id) VALUES (560,'2019-11-27',327,123);
INSERT INTO meds_for_surgery (surgery_id,med) VALUES (560,'Deferasirox');
INSERT INTO surgery (id,date,patient_id,doctor_id) VALUES (561,'2019-12-17',398,24);
INSERT INTO meds_for_surgery (surgery_id,med) VALUES (561,'Dasatinib');
INSERT INTO surgery (id,date,patient_id,doctor_id) VALUES (562,'2019-11-25',470,499);
INSERT INTO meds_for_surgery (surgery_id,med) VALUES (562,'Immune');
INSERT INTO surgery (id,date,patient_id,doctor_id) VALUES (563,'2019-12-11',212,438);
INSERT INTO meds_for_surgery (surgery_id,med) VALUES (563,'Itraconazole');
INSERT INTO surgery (id,date,patient_id,doctor_id) VALUES (564,'2019-12-14',357,354);
INSERT INTO meds_for_surgery (surgery_id,med) VALUES (564,'Erlotinib');
INSERT INTO surgery (id,date,patient_id,doctor_id) VALUES (565,'2019-12-15',322,96);
INSERT INTO meds_for_surgery (surgery_id,med) VALUES (565,'Bosentan');
INSERT INTO surgery (id,date,patient_id,doctor_id) VALUES (566,'2019-12-26',291,141);
INSERT INTO meds_for_surgery (surgery_id,med) VALUES (566,'Clarithromycin');
INSERT INTO surgery (id,date,patient_id,doctor_id) VALUES (567,'2019-12-17',290,62);
INSERT INTO meds_for_surgery (surgery_id,med) VALUES (567,'Cefixime');
INSERT INTO surgery (id,date,patient_id,doctor_id) VALUES (568,'2019-12-14',325,47);
INSERT INTO meds_for_surgery (surgery_id,med) VALUES (568,'Busulfan');
INSERT INTO surgery (id,date,patient_id,doctor_id) VALUES (569,'2019-12-22',180,276);
INSERT INTO meds_for_surgery (surgery_id,med) VALUES (569,'Ondansetron');
INSERT INTO surgery (id,date,patient_id,doctor_id) VALUES (570,'2019-11-29',222,421);
INSERT INTO meds_for_surgery (surgery_id,med) VALUES (570,'Bosentan');
INSERT INTO surgery (id,date,patient_id,doctor_id) VALUES (571,'2019-12-22',436,105);
INSERT INTO meds_for_surgery (surgery_id,med) VALUES (571,'Warfarin');
INSERT INTO surgery (id,date,patient_id,doctor_id) VALUES (572,'2019-12-11',102,489);
INSERT INTO meds_for_surgery (surgery_id,med) VALUES (572,'Gabapentin');
INSERT INTO surgery (id,date,patient_id,doctor_id) VALUES (573,'2019-12-15',290,366);
INSERT INTO meds_for_surgery (surgery_id,med) VALUES (573,'Lamivudine');
INSERT INTO surgery (id,date,patient_id,doctor_id) VALUES (574,'2019-11-23',48,162);
INSERT INTO meds_for_surgery (surgery_id,med) VALUES (574,'Famciclovir');
INSERT INTO surgery (id,date,patient_id,doctor_id) VALUES (575,'2019-12-04',290,123);
INSERT INTO meds_for_surgery (surgery_id,med) VALUES (575,'Desmopressin');
INSERT INTO surgery (id,date,patient_id,doctor_id) VALUES (576,'2019-12-08',370,421);
INSERT INTO meds_for_surgery (surgery_id,med) VALUES (576,'Zidovudine');
INSERT INTO surgery (id,date,patient_id,doctor_id) VALUES (577,'2019-12-24',94,69);
INSERT INTO meds_for_surgery (surgery_id,med) VALUES (577,'Cephalexin');
INSERT INTO surgery (id,date,patient_id,doctor_id) VALUES (578,'2019-12-10',134,351);
INSERT INTO meds_for_surgery (surgery_id,med) VALUES (578,'Famciclovir');
INSERT INTO surgery (id,date,patient_id,doctor_id) VALUES (579,'2019-11-27',353,111);
INSERT INTO meds_for_surgery (surgery_id,med) VALUES (579,'Atenolol');
INSERT INTO surgery (id,date,patient_id,doctor_id) VALUES (580,'2019-11-28',277,320);
INSERT INTO meds_for_surgery (surgery_id,med) VALUES (580,'Itraconazole');
INSERT INTO surgery (id,date,patient_id,doctor_id) VALUES (581,'2019-12-27',222,489);
INSERT INTO meds_for_surgery (surgery_id,med) VALUES (581,'Darunavir');
INSERT INTO surgery (id,date,patient_id,doctor_id) VALUES (582,'2019-12-26',469,124);
INSERT INTO meds_for_surgery (surgery_id,med) VALUES (582,'Clindamycin');
INSERT INTO surgery (id,date,patient_id,doctor_id) VALUES (583,'2019-12-23',296,158);
INSERT INTO meds_for_surgery (surgery_id,med) VALUES (583,'Acyclovir');
INSERT INTO surgery (id,date,patient_id,doctor_id) VALUES (584,'2019-12-17',378,55);
INSERT INTO meds_for_surgery (surgery_id,med) VALUES (584,'Dactinomycin');
INSERT INTO surgery (id,date,patient_id,doctor_id) VALUES (585,'2019-12-17',180,441);
INSERT INTO meds_for_surgery (surgery_id,med) VALUES (585,'Dasatinib');
INSERT INTO surgery (id,date,patient_id,doctor_id) VALUES (586,'2019-11-27',456,123);
INSERT INTO meds_for_surgery (surgery_id,med) VALUES (586,'Promethazine');
INSERT INTO surgery (id,date,patient_id,doctor_id) VALUES (587,'2019-12-14',322,27);
INSERT INTO meds_for_surgery (surgery_id,med) VALUES (587,'Dacarbazine');
INSERT INTO surgery (id,date,patient_id,doctor_id) VALUES (588,'2019-12-19',479,75);
INSERT INTO meds_for_surgery (surgery_id,med) VALUES (588,'Dapsone');
INSERT INTO surgery (id,date,patient_id,doctor_id) VALUES (589,'2019-12-20',89,422);
INSERT INTO meds_for_surgery (surgery_id,med) VALUES (589,'Dexamethasone');
INSERT INTO surgery (id,date,patient_id,doctor_id) VALUES (590,'2019-12-23',224,366);
INSERT INTO meds_for_surgery (surgery_id,med) VALUES (590,'Lomustine');
INSERT INTO surgery (id,date,patient_id,doctor_id) VALUES (591,'2019-12-27',134,465);
INSERT INTO meds_for_surgery (surgery_id,med) VALUES (591,'Clobazam');
INSERT INTO surgery (id,date,patient_id,doctor_id) VALUES (592,'2019-12-26',221,225);
INSERT INTO meds_for_surgery (surgery_id,med) VALUES (592,'Modafinil');
INSERT INTO surgery (id,date,patient_id,doctor_id) VALUES (593,'2019-12-27',97,335);
INSERT INTO meds_for_surgery (surgery_id,med) VALUES (593,'Thioguanine');
INSERT INTO surgery (id,date,patient_id,doctor_id) VALUES (594,'2019-12-10',134,445);
INSERT INTO meds_for_surgery (surgery_id,med) VALUES (594,'Hydroxyurea');
INSERT INTO surgery (id,date,patient_id,doctor_id) VALUES (595,'2019-11-27',97,491);
INSERT INTO meds_for_surgery (surgery_id,med) VALUES (595,'Phenobarbital');
INSERT INTO surgery (id,date,patient_id,doctor_id) VALUES (596,'2019-11-29',280,13);
INSERT INTO meds_for_surgery (surgery_id,med) VALUES (596,'Magnesium');
INSERT INTO surgery (id,date,patient_id,doctor_id) VALUES (597,'2019-12-08',403,123);
INSERT INTO meds_for_surgery (surgery_id,med) VALUES (597,'Meloxicam');
INSERT INTO surgery (id,date,patient_id,doctor_id) VALUES (598,'2019-12-06',212,382);
INSERT INTO meds_for_surgery (surgery_id,med) VALUES (598,'Atenolol');
INSERT INTO surgery (id,date,patient_id,doctor_id) VALUES (599,'2019-12-07',470,491);
INSERT INTO meds_for_surgery (surgery_id,med) VALUES (599,'Cyclophosphamide');
INSERT INTO surgery (id,date,patient_id,doctor_id) VALUES (600,'2019-12-14',479,366);
INSERT INTO meds_for_surgery (surgery_id,med) VALUES (600,'Emtricitabine');
INSERT INTO surgery (id,date,patient_id,doctor_id) VALUES (601,'2019-11-26',464,425);
INSERT INTO meds_for_surgery (surgery_id,med) VALUES (601,'Busulfan');
INSERT INTO surgery (id,date,patient_id,doctor_id) VALUES (602,'2019-12-10',20,382);
INSERT INTO meds_for_surgery (surgery_id,med) VALUES (602,'Tretinoin');
INSERT INTO surgery (id,date,patient_id,doctor_id) VALUES (603,'2019-12-10',97,498);
INSERT INTO meds_for_surgery (surgery_id,med) VALUES (603,'Amitriptyline');
INSERT INTO surgery (id,date,patient_id,doctor_id) VALUES (604,'2019-12-18',322,402);
INSERT INTO meds_for_surgery (surgery_id,med) VALUES (604,'Valproic acid');
INSERT INTO surgery (id,date,patient_id,doctor_id) VALUES (605,'2019-12-11',242,439);
INSERT INTO meds_for_surgery (surgery_id,med) VALUES (605,'Labetalol');
INSERT INTO surgery (id,date,patient_id,doctor_id) VALUES (606,'2019-12-12',299,301);
INSERT INTO meds_for_surgery (surgery_id,med) VALUES (606,'Pegfilgrastim');
INSERT INTO surgery (id,date,patient_id,doctor_id) VALUES (607,'2019-12-19',209,13);
INSERT INTO meds_for_surgery (surgery_id,med) VALUES (607,'Labetalol');
INSERT INTO surgery (id,date,patient_id,doctor_id) VALUES (608,'2019-12-05',204,103);
INSERT INTO meds_for_surgery (surgery_id,med) VALUES (608,'Dasatinib');
INSERT INTO surgery (id,date,patient_id,doctor_id) VALUES (609,'2019-11-30',131,465);
INSERT INTO meds_for_surgery (surgery_id,med) VALUES (609,'Etoposide');
INSERT INTO surgery (id,date,patient_id,doctor_id) VALUES (610,'2019-12-12',403,151);
INSERT INTO meds_for_surgery (surgery_id,med) VALUES (610,'Gemtuzumab');
INSERT INTO surgery (id,date,patient_id,doctor_id) VALUES (611,'2019-12-09',353,438);
INSERT INTO meds_for_surgery (surgery_id,med) VALUES (611,'Cisplatin');
INSERT INTO surgery (id,date,patient_id,doctor_id) VALUES (612,'2019-12-21',64,17);
INSERT INTO meds_for_surgery (surgery_id,med) VALUES (612,'Morphine');
INSERT INTO surgery (id,date,patient_id,doctor_id) VALUES (613,'2019-12-11',246,225);
INSERT INTO meds_for_surgery (surgery_id,med) VALUES (613,'Trimethoprim');
INSERT INTO surgery (id,date,patient_id,doctor_id) VALUES (614,'2019-12-13',414,118);
INSERT INTO meds_for_surgery (surgery_id,med) VALUES (614,'GM-CSF');
INSERT INTO surgery (id,date,patient_id,doctor_id) VALUES (615,'2019-12-23',135,162);
INSERT INTO meds_for_surgery (surgery_id,med) VALUES (615,'Micafungin');
INSERT INTO surgery (id,date,patient_id,doctor_id) VALUES (616,'2019-12-12',464,489);
INSERT INTO meds_for_surgery (surgery_id,med) VALUES (616,'Temozolomide');
INSERT INTO surgery (id,date,patient_id,doctor_id) VALUES (617,'2019-12-24',254,438);
INSERT INTO meds_for_surgery (surgery_id,med) VALUES (617,'Desmopressin');
INSERT INTO surgery (id,date,patient_id,doctor_id) VALUES (618,'2019-12-17',291,111);
INSERT INTO meds_for_surgery (surgery_id,med) VALUES (618,'Etoposide');
INSERT INTO surgery (id,date,patient_id,doctor_id) VALUES (619,'2019-12-23',87,354);
INSERT INTO meds_for_surgery (surgery_id,med) VALUES (619,'Dobutamine');
INSERT INTO surgery (id,date,patient_id,doctor_id) VALUES (620,'2019-12-18',315,361);
INSERT INTO meds_for_surgery (surgery_id,med) VALUES (620,'Meperidine');
INSERT INTO surgery (id,date,patient_id,doctor_id) VALUES (621,'2019-11-24',86,402);
INSERT INTO meds_for_surgery (surgery_id,med) VALUES (621,'Etravirine');
INSERT INTO surgery (id,date,patient_id,doctor_id) VALUES (622,'2019-12-20',303,118);
INSERT INTO meds_for_surgery (surgery_id,med) VALUES (622,'Propoxyphene');
INSERT INTO surgery (id,date,patient_id,doctor_id) VALUES (623,'2019-12-05',242,498);
INSERT INTO meds_for_surgery (surgery_id,med) VALUES (623,'Amitriptyline');
INSERT INTO surgery (id,date,patient_id,doctor_id) VALUES (624,'2019-12-17',500,348);
INSERT INTO meds_for_surgery (surgery_id,med) VALUES (624,'Sugammadex');
INSERT INTO surgery (id,date,patient_id,doctor_id) VALUES (625,'2019-11-23',135,483);
INSERT INTO meds_for_surgery (surgery_id,med) VALUES (625,'Nelarabine');
INSERT INTO surgery (id,date,patient_id,doctor_id) VALUES (626,'2019-12-20',322,402);
INSERT INTO meds_for_surgery (surgery_id,med) VALUES (626,'Atazanavir');
INSERT INTO surgery (id,date,patient_id,doctor_id) VALUES (627,'2019-12-11',378,34);
INSERT INTO meds_for_surgery (surgery_id,med) VALUES (627,'Modafinil');
INSERT INTO surgery (id,date,patient_id,doctor_id) VALUES (628,'2019-12-07',268,441);
INSERT INTO meds_for_surgery (surgery_id,med) VALUES (628,'Baclofen');
INSERT INTO surgery (id,date,patient_id,doctor_id) VALUES (629,'2019-12-19',199,121);
INSERT INTO meds_for_surgery (surgery_id,med) VALUES (629,'Leucovorin');
INSERT INTO surgery (id,date,patient_id,doctor_id) VALUES (630,'2019-12-24',273,358);
INSERT INTO meds_for_surgery (surgery_id,med) VALUES (630,'Ketoconazole');
INSERT INTO surgery (id,date,patient_id,doctor_id) VALUES (631,'2019-12-01',453,105);
INSERT INTO meds_for_surgery (surgery_id,med) VALUES (631,'Cyclosporine');
INSERT INTO surgery (id,date,patient_id,doctor_id) VALUES (632,'2019-12-25',187,498);
INSERT INTO meds_for_surgery (surgery_id,med) VALUES (632,'Enalapril');
INSERT INTO surgery (id,date,patient_id,doctor_id) VALUES (633,'2019-12-17',204,491);
INSERT INTO meds_for_surgery (surgery_id,med) VALUES (633,'Sunitinib');
INSERT INTO surgery (id,date,patient_id,doctor_id) VALUES (634,'2019-11-23',299,164);
INSERT INTO meds_for_surgery (surgery_id,med) VALUES (634,'Tobramycin');
INSERT INTO surgery (id,date,patient_id,doctor_id) VALUES (635,'2019-12-17',291,123);
INSERT INTO meds_for_surgery (surgery_id,med) VALUES (635,'Thioguanine');
INSERT INTO surgery (id,date,patient_id,doctor_id) VALUES (636,'2019-12-09',246,305);
INSERT INTO meds_for_surgery (surgery_id,med) VALUES (636,'Saquinavir');
INSERT INTO surgery (id,date,patient_id,doctor_id) VALUES (637,'2019-11-24',231,498);
INSERT INTO meds_for_surgery (surgery_id,med) VALUES (637,'Dactinomycin');
INSERT INTO surgery (id,date,patient_id,doctor_id) VALUES (638,'2019-12-22',407,24);
INSERT INTO meds_for_surgery (surgery_id,med) VALUES (638,'L-glutamine');
INSERT INTO surgery (id,date,patient_id,doctor_id) VALUES (639,'2019-12-03',161,151);
INSERT INTO meds_for_surgery (surgery_id,med) VALUES (639,'Emtricitabine');
INSERT INTO surgery (id,date,patient_id,doctor_id) VALUES (640,'2019-12-27',464,11);
INSERT INTO meds_for_surgery (surgery_id,med) VALUES (640,'Celecoxib');
INSERT INTO surgery (id,date,patient_id,doctor_id) VALUES (641,'2019-12-08',277,51);
INSERT INTO meds_for_surgery (surgery_id,med) VALUES (641,'Gabapentin');
INSERT INTO surgery (id,date,patient_id,doctor_id) VALUES (642,'2019-12-15',444,348);
INSERT INTO meds_for_surgery (surgery_id,med) VALUES (642,'Meropenem');
INSERT INTO surgery (id,date,patient_id,doctor_id) VALUES (643,'2019-12-12',260,358);
INSERT INTO meds_for_surgery (surgery_id,med) VALUES (643,'Megestrol acetate');
INSERT INTO surgery (id,date,patient_id,doctor_id) VALUES (644,'2019-12-19',201,27);
INSERT INTO meds_for_surgery (surgery_id,med) VALUES (644,'Sirolimus');
INSERT INTO surgery (id,date,patient_id,doctor_id) VALUES (645,'2019-12-18',199,351);
INSERT INTO meds_for_surgery (surgery_id,med) VALUES (645,'Lorazepam');
INSERT INTO surgery (id,date,patient_id,doctor_id) VALUES (646,'2019-11-30',378,421);
INSERT INTO meds_for_surgery (surgery_id,med) VALUES (646,'Codeine');
INSERT INTO surgery (id,date,patient_id,doctor_id) VALUES (647,'2019-12-01',303,320);
INSERT INTO meds_for_surgery (surgery_id,med) VALUES (647,'Clindamycin');
INSERT INTO surgery (id,date,patient_id,doctor_id) VALUES (648,'2019-11-23',31,402);
INSERT INTO meds_for_surgery (surgery_id,med) VALUES (648,'Trimethoprim');
INSERT INTO surgery (id,date,patient_id,doctor_id) VALUES (649,'2019-12-08',273,153);
INSERT INTO meds_for_surgery (surgery_id,med) VALUES (649,'Cefaclor');
INSERT INTO surgery (id,date,patient_id,doctor_id) VALUES (650,'2019-11-26',479,354);
INSERT INTO meds_for_surgery (surgery_id,med) VALUES (650,'Cefuroxime');
INSERT INTO surgery (id,date,patient_id,doctor_id) VALUES (651,'2019-12-26',148,123);
INSERT INTO meds_for_surgery (surgery_id,med) VALUES (651,'Paclitaxel');
INSERT INTO surgery (id,date,patient_id,doctor_id) VALUES (652,'2019-12-09',20,305);
INSERT INTO meds_for_surgery (surgery_id,med) VALUES (652,'Muromonab');
INSERT INTO surgery (id,date,patient_id,doctor_id) VALUES (653,'2019-12-19',206,129);
INSERT INTO meds_for_surgery (surgery_id,med) VALUES (653,'Propoxyphene');
INSERT INTO surgery (id,date,patient_id,doctor_id) VALUES (654,'2019-12-10',89,425);
INSERT INTO meds_for_surgery (surgery_id,med) VALUES (654,'Omeprazole');
INSERT INTO surgery (id,date,patient_id,doctor_id) VALUES (655,'2019-12-24',353,105);
INSERT INTO meds_for_surgery (surgery_id,med) VALUES (655,'Modafinil');
INSERT INTO surgery (id,date,patient_id,doctor_id) VALUES (656,'2019-12-11',453,69);
INSERT INTO meds_for_surgery (surgery_id,med) VALUES (656,'Thioguanine');
INSERT INTO surgery (id,date,patient_id,doctor_id) VALUES (657,'2019-12-13',268,287);
INSERT INTO meds_for_surgery (surgery_id,med) VALUES (657,'Etravirine');
INSERT INTO surgery (id,date,patient_id,doctor_id) VALUES (658,'2019-11-28',102,115);
INSERT INTO meds_for_surgery (surgery_id,med) VALUES (658,'Immune');
INSERT INTO surgery (id,date,patient_id,doctor_id) VALUES (659,'2019-12-04',277,274);
INSERT INTO meds_for_surgery (surgery_id,med) VALUES (659,'Cefuroxime');
INSERT INTO surgery (id,date,patient_id,doctor_id) VALUES (660,'2019-12-23',15,287);
INSERT INTO meds_for_surgery (surgery_id,med) VALUES (660,'Lamivudine');
INSERT INTO surgery (id,date,patient_id,doctor_id) VALUES (661,'2019-12-08',490,301);
INSERT INTO meds_for_surgery (surgery_id,med) VALUES (661,'Atazanavir');
INSERT INTO surgery (id,date,patient_id,doctor_id) VALUES (662,'2019-12-07',437,27);
INSERT INTO meds_for_surgery (surgery_id,med) VALUES (662,'Hydrocortisone');
INSERT INTO surgery (id,date,patient_id,doctor_id) VALUES (663,'2019-12-11',48,287);
INSERT INTO meds_for_surgery (surgery_id,med) VALUES (663,'Clindamycin');
INSERT INTO surgery (id,date,patient_id,doctor_id) VALUES (664,'2019-12-08',246,441);
INSERT INTO meds_for_surgery (surgery_id,med) VALUES (664,'Ganciclovir');
INSERT INTO surgery (id,date,patient_id,doctor_id) VALUES (665,'2019-12-19',148,55);
INSERT INTO meds_for_surgery (surgery_id,med) VALUES (665,'Modafinil');
INSERT INTO surgery (id,date,patient_id,doctor_id) VALUES (666,'2019-12-21',246,402);
INSERT INTO meds_for_surgery (surgery_id,med) VALUES (666,'Clobazam');
INSERT INTO surgery (id,date,patient_id,doctor_id) VALUES (667,'2019-12-17',94,441);
INSERT INTO meds_for_surgery (surgery_id,med) VALUES (667,'Probenecid');
INSERT INTO surgery (id,date,patient_id,doctor_id) VALUES (668,'2019-12-20',386,27);
INSERT INTO meds_for_surgery (surgery_id,med) VALUES (668,'Ruxolitinib');
INSERT INTO surgery (id,date,patient_id,doctor_id) VALUES (669,'2019-12-02',76,361);
INSERT INTO meds_for_surgery (surgery_id,med) VALUES (669,'Busulfan');
INSERT INTO surgery (id,date,patient_id,doctor_id) VALUES (670,'2019-12-09',457,320);
INSERT INTO meds_for_surgery (surgery_id,med) VALUES (670,'Meloxicam');
INSERT INTO surgery (id,date,patient_id,doctor_id) VALUES (671,'2019-11-26',239,284);
INSERT INTO meds_for_surgery (surgery_id,med) VALUES (671,'Gemcitabine');
INSERT INTO surgery (id,date,patient_id,doctor_id) VALUES (672,'2019-12-04',490,11);
INSERT INTO meds_for_surgery (surgery_id,med) VALUES (672,'Alemtuzumab');
INSERT INTO surgery (id,date,patient_id,doctor_id) VALUES (673,'2019-12-25',89,10);
INSERT INTO meds_for_surgery (surgery_id,med) VALUES (673,'Emicizumab');
INSERT INTO surgery (id,date,patient_id,doctor_id) VALUES (674,'2019-11-30',296,27);
INSERT INTO meds_for_surgery (surgery_id,med) VALUES (674,'Mechlorethamine');
INSERT INTO surgery (id,date,patient_id,doctor_id) VALUES (675,'2019-12-25',273,111);
INSERT INTO meds_for_surgery (surgery_id,med) VALUES (675,'Metronidazole');
INSERT INTO surgery (id,date,patient_id,doctor_id) VALUES (676,'2019-12-09',299,423);
INSERT INTO meds_for_surgery (surgery_id,med) VALUES (676,'Propoxyphene');
INSERT INTO surgery (id,date,patient_id,doctor_id) VALUES (677,'2019-12-27',182,55);
INSERT INTO meds_for_surgery (surgery_id,med) VALUES (677,'Dopamine');
INSERT INTO surgery (id,date,patient_id,doctor_id) VALUES (678,'2019-12-10',154,121);
INSERT INTO meds_for_surgery (surgery_id,med) VALUES (678,'Alemtuzumab');
INSERT INTO surgery (id,date,patient_id,doctor_id) VALUES (679,'2019-12-11',212,243);
INSERT INTO meds_for_surgery (surgery_id,med) VALUES (679,'Emicizumab');
INSERT INTO surgery (id,date,patient_id,doctor_id) VALUES (680,'2019-11-26',386,62);
INSERT INTO meds_for_surgery (surgery_id,med) VALUES (680,'Micafungin');
INSERT INTO surgery (id,date,patient_id,doctor_id) VALUES (681,'2019-12-11',76,351);
INSERT INTO meds_for_surgery (surgery_id,med) VALUES (681,'L-glutamine');
INSERT INTO surgery (id,date,patient_id,doctor_id) VALUES (682,'2019-11-28',242,164);
INSERT INTO meds_for_surgery (surgery_id,med) VALUES (682,'Bosentan');
INSERT INTO surgery (id,date,patient_id,doctor_id) VALUES (683,'2019-12-15',436,124);
INSERT INTO meds_for_surgery (surgery_id,med) VALUES (683,'Methotrexate');
INSERT INTO surgery (id,date,patient_id,doctor_id) VALUES (684,'2019-12-14',299,27);
INSERT INTO meds_for_surgery (surgery_id,med) VALUES (684,'Propoxyphene');
INSERT INTO surgery (id,date,patient_id,doctor_id) VALUES (685,'2019-11-29',7,115);
INSERT INTO meds_for_surgery (surgery_id,med) VALUES (685,'Etonogestrel');
INSERT INTO surgery (id,date,patient_id,doctor_id) VALUES (686,'2019-11-26',180,416);
INSERT INTO meds_for_surgery (surgery_id,med) VALUES (686,'Ranitidine');
INSERT INTO surgery (id,date,patient_id,doctor_id) VALUES (687,'2019-11-28',180,51);
INSERT INTO meds_for_surgery (surgery_id,med) VALUES (687,'Cephalexin');
INSERT INTO surgery (id,date,patient_id,doctor_id) VALUES (688,'2019-11-27',479,276);
INSERT INTO meds_for_surgery (surgery_id,med) VALUES (688,'Cisplatin');
INSERT INTO surgery (id,date,patient_id,doctor_id) VALUES (689,'2019-11-29',296,382);
INSERT INTO meds_for_surgery (surgery_id,med) VALUES (689,'Bosentan');
INSERT INTO surgery (id,date,patient_id,doctor_id) VALUES (690,'2019-12-18',410,141);
INSERT INTO meds_for_surgery (surgery_id,med) VALUES (690,'Ganciclovir');
INSERT INTO surgery (id,date,patient_id,doctor_id) VALUES (691,'2019-12-02',7,62);
INSERT INTO meds_for_surgery (surgery_id,med) VALUES (691,'Alemtuzumab');
INSERT INTO surgery (id,date,patient_id,doctor_id) VALUES (692,'2019-12-16',453,287);
INSERT INTO meds_for_surgery (surgery_id,med) VALUES (692,'Crizotinib');
INSERT INTO surgery (id,date,patient_id,doctor_id) VALUES (693,'2019-12-10',134,423);
INSERT INTO meds_for_surgery (surgery_id,med) VALUES (693,'Teniposide');
INSERT INTO surgery (id,date,patient_id,doctor_id) VALUES (694,'2019-12-19',173,22);
INSERT INTO meds_for_surgery (surgery_id,med) VALUES (694,'Mercaptopurine');
INSERT INTO surgery (id,date,patient_id,doctor_id) VALUES (695,'2019-12-13',131,162);
INSERT INTO meds_for_surgery (surgery_id,med) VALUES (695,'Gefitinib');
INSERT INTO surgery (id,date,patient_id,doctor_id) VALUES (696,'2019-12-24',201,284);
INSERT INTO meds_for_surgery (surgery_id,med) VALUES (696,'Neuromuscular');
INSERT INTO surgery (id,date,patient_id,doctor_id) VALUES (697,'2019-12-05',199,34);
INSERT INTO meds_for_surgery (surgery_id,med) VALUES (697,'G-CSF');
INSERT INTO surgery (id,date,patient_id,doctor_id) VALUES (698,'2019-11-25',406,96);
INSERT INTO meds_for_surgery (surgery_id,med) VALUES (698,'Vorinostat');
INSERT INTO surgery (id,date,patient_id,doctor_id) VALUES (699,'2019-11-25',86,360);
INSERT INTO meds_for_surgery (surgery_id,med) VALUES (699,'Furosemide');
INSERT INTO surgery (id,date,patient_id,doctor_id) VALUES (700,'2019-12-08',188,305);
INSERT INTO meds_for_surgery (surgery_id,med) VALUES (700,'Heparin');
INSERT INTO surgery (id,date,patient_id,doctor_id) VALUES (701,'2019-12-15',195,225);
INSERT INTO meds_for_surgery (surgery_id,med) VALUES (701,'Teniposide');
INSERT INTO surgery (id,date,patient_id,doctor_id) VALUES (702,'2019-12-22',324,422);
INSERT INTO meds_for_surgery (surgery_id,med) VALUES (702,'Melphalan');
INSERT INTO surgery (id,date,patient_id,doctor_id) VALUES (703,'2019-12-03',291,360);
INSERT INTO meds_for_surgery (surgery_id,med) VALUES (703,'Meropenem');
INSERT INTO surgery (id,date,patient_id,doctor_id) VALUES (704,'2019-11-27',212,348);
INSERT INTO meds_for_surgery (surgery_id,med) VALUES (704,'Pentamidine');
INSERT INTO surgery (id,date,patient_id,doctor_id) VALUES (705,'2019-11-28',173,34);
INSERT INTO meds_for_surgery (surgery_id,med) VALUES (705,'Imatinib');
INSERT INTO surgery (id,date,patient_id,doctor_id) VALUES (706,'2019-12-05',60,320);
INSERT INTO meds_for_surgery (surgery_id,med) VALUES (706,'Cefixime');
INSERT INTO surgery (id,date,patient_id,doctor_id) VALUES (707,'2019-12-10',437,22);
INSERT INTO meds_for_surgery (surgery_id,med) VALUES (707,'Enoxaparin');
INSERT INTO surgery (id,date,patient_id,doctor_id) VALUES (708,'2019-12-24',182,329);
INSERT INTO meds_for_surgery (surgery_id,med) VALUES (708,'Efavirenz');
INSERT INTO surgery (id,date,patient_id,doctor_id) VALUES (709,'2019-12-24',161,196);
INSERT INTO meds_for_surgery (surgery_id,med) VALUES (709,'Deferasirox');
INSERT INTO surgery (id,date,patient_id,doctor_id) VALUES (710,'2019-12-10',299,118);
INSERT INTO meds_for_surgery (surgery_id,med) VALUES (710,'Pegfilgrastim');
INSERT INTO surgery (id,date,patient_id,doctor_id) VALUES (711,'2019-12-24',187,382);
INSERT INTO meds_for_surgery (surgery_id,med) VALUES (711,'Oxycodone');
INSERT INTO surgery (id,date,patient_id,doctor_id) VALUES (712,'2019-12-24',33,55);
INSERT INTO meds_for_surgery (surgery_id,med) VALUES (712,'L-glutamine');
INSERT INTO surgery (id,date,patient_id,doctor_id) VALUES (713,'2019-12-06',229,69);
INSERT INTO meds_for_surgery (surgery_id,med) VALUES (713,'Ondansetron');
INSERT INTO surgery (id,date,patient_id,doctor_id) VALUES (714,'2019-12-01',239,129);
INSERT INTO meds_for_surgery (surgery_id,med) VALUES (714,'Interferon');
INSERT INTO surgery (id,date,patient_id,doctor_id) VALUES (715,'2019-12-23',437,103);
INSERT INTO meds_for_surgery (surgery_id,med) VALUES (715,'Rituximab');
INSERT INTO surgery (id,date,patient_id,doctor_id) VALUES (716,'2019-12-12',469,56);
INSERT INTO meds_for_surgery (surgery_id,med) VALUES (716,'Lorazepam');
INSERT INTO surgery (id,date,patient_id,doctor_id) VALUES (717,'2019-12-13',131,438);
INSERT INTO meds_for_surgery (surgery_id,med) VALUES (717,'Furosemide');
INSERT INTO surgery (id,date,patient_id,doctor_id) VALUES (718,'2019-12-02',60,421);
INSERT INTO meds_for_surgery (surgery_id,med) VALUES (718,'Phenytoin');
INSERT INTO surgery (id,date,patient_id,doctor_id) VALUES (719,'2019-12-02',258,421);
INSERT INTO meds_for_surgery (surgery_id,med) VALUES (719,'Cisplatin');
INSERT INTO surgery (id,date,patient_id,doctor_id) VALUES (720,'2019-11-29',296,118);
INSERT INTO meds_for_surgery (surgery_id,med) VALUES (720,'Ranitidine');
INSERT INTO surgery (id,date,patient_id,doctor_id) VALUES (721,'2019-12-26',378,335);
INSERT INTO meds_for_surgery (surgery_id,med) VALUES (721,'Nevirapine');
INSERT INTO surgery (id,date,patient_id,doctor_id) VALUES (722,'2019-12-27',255,141);
INSERT INTO meds_for_surgery (surgery_id,med) VALUES (722,'Etoposide');
INSERT INTO surgery (id,date,patient_id,doctor_id) VALUES (723,'2019-11-28',86,421);
INSERT INTO meds_for_surgery (surgery_id,med) VALUES (723,'Omeprazole');
INSERT INTO surgery (id,date,patient_id,doctor_id) VALUES (724,'2019-12-11',134,441);
INSERT INTO meds_for_surgery (surgery_id,med) VALUES (724,'Cefuroxime');
INSERT INTO surgery (id,date,patient_id,doctor_id) VALUES (725,'2019-12-17',209,489);
INSERT INTO meds_for_surgery (surgery_id,med) VALUES (725,'Amoxicillin');
INSERT INTO surgery (id,date,patient_id,doctor_id) VALUES (726,'2019-12-01',297,164);
INSERT INTO meds_for_surgery (surgery_id,med) VALUES (726,'Trimethoprim');
INSERT INTO surgery (id,date,patient_id,doctor_id) VALUES (727,'2019-12-16',293,441);
INSERT INTO meds_for_surgery (surgery_id,med) VALUES (727,'Clofarabine');
INSERT INTO surgery (id,date,patient_id,doctor_id) VALUES (728,'2019-11-26',469,358);
INSERT INTO meds_for_surgery (surgery_id,med) VALUES (728,'Meropenem');
INSERT INTO surgery (id,date,patient_id,doctor_id) VALUES (729,'2019-12-16',296,11);
INSERT INTO meds_for_surgery (surgery_id,med) VALUES (729,'Captopril');
INSERT INTO surgery (id,date,patient_id,doctor_id) VALUES (730,'2019-11-27',201,416);
INSERT INTO meds_for_surgery (surgery_id,med) VALUES (730,'Atenolol');
INSERT INTO surgery (id,date,patient_id,doctor_id) VALUES (731,'2019-12-19',353,335);
INSERT INTO meds_for_surgery (surgery_id,med) VALUES (731,'Clofarabine');
INSERT INTO surgery (id,date,patient_id,doctor_id) VALUES (732,'2019-12-22',180,274);
INSERT INTO meds_for_surgery (surgery_id,med) VALUES (732,'Vincristine');
INSERT INTO surgery (id,date,patient_id,doctor_id) VALUES (733,'2019-12-02',273,499);
INSERT INTO meds_for_surgery (surgery_id,med) VALUES (733,'Gabapentin');
INSERT INTO surgery (id,date,patient_id,doctor_id) VALUES (734,'2019-12-24',231,55);
INSERT INTO meds_for_surgery (surgery_id,med) VALUES (734,'Hydroxyurea');
INSERT INTO surgery (id,date,patient_id,doctor_id) VALUES (735,'2019-12-03',209,151);
INSERT INTO meds_for_surgery (surgery_id,med) VALUES (735,'Cyclosporine');
INSERT INTO surgery (id,date,patient_id,doctor_id) VALUES (736,'2019-12-09',370,422);
INSERT INTO meds_for_surgery (surgery_id,med) VALUES (736,'Dopamine');
INSERT INTO surgery (id,date,patient_id,doctor_id) VALUES (737,'2019-12-22',322,429);
INSERT INTO meds_for_surgery (surgery_id,med) VALUES (737,'Cefuroxime');
INSERT INTO surgery (id,date,patient_id,doctor_id) VALUES (738,'2019-11-23',476,429);
INSERT INTO meds_for_surgery (surgery_id,med) VALUES (738,'Didanosine');
INSERT INTO surgery (id,date,patient_id,doctor_id) VALUES (739,'2019-11-27',253,88);
INSERT INTO meds_for_surgery (surgery_id,med) VALUES (739,'Modafinil');
INSERT INTO surgery (id,date,patient_id,doctor_id) VALUES (740,'2019-11-27',324,499);
INSERT INTO meds_for_surgery (surgery_id,med) VALUES (740,'Acyclovir');
INSERT INTO surgery (id,date,patient_id,doctor_id) VALUES (741,'2019-12-08',325,158);
INSERT INTO meds_for_surgery (surgery_id,med) VALUES (741,'Lorazepam');
INSERT INTO surgery (id,date,patient_id,doctor_id) VALUES (742,'2019-12-16',173,111);
INSERT INTO meds_for_surgery (surgery_id,med) VALUES (742,'Posaconazole');
INSERT INTO surgery (id,date,patient_id,doctor_id) VALUES (743,'2019-12-14',403,153);
INSERT INTO meds_for_surgery (surgery_id,med) VALUES (743,'Allopurinol');
INSERT INTO surgery (id,date,patient_id,doctor_id) VALUES (744,'2019-12-22',172,466);
INSERT INTO meds_for_surgery (surgery_id,med) VALUES (744,'Famciclovir');
INSERT INTO surgery (id,date,patient_id,doctor_id) VALUES (745,'2019-12-03',76,274);
INSERT INTO meds_for_surgery (surgery_id,med) VALUES (745,'Temozolomide');
INSERT INTO surgery (id,date,patient_id,doctor_id) VALUES (746,'2019-12-02',239,433);
INSERT INTO meds_for_surgery (surgery_id,med) VALUES (746,'Cefaclor');
INSERT INTO surgery (id,date,patient_id,doctor_id) VALUES (747,'2019-12-06',148,483);
INSERT INTO meds_for_surgery (surgery_id,med) VALUES (747,'Valproic acid');
INSERT INTO surgery (id,date,patient_id,doctor_id) VALUES (748,'2019-12-11',97,360);
INSERT INTO meds_for_surgery (surgery_id,med) VALUES (748,'Ranitidine');
INSERT INTO surgery (id,date,patient_id,doctor_id) VALUES (749,'2019-12-14',181,305);
INSERT INTO meds_for_surgery (surgery_id,med) VALUES (749,'Granisetron');
INSERT INTO surgery (id,date,patient_id,doctor_id) VALUES (750,'2019-12-02',210,164);
INSERT INTO meds_for_surgery (surgery_id,med) VALUES (750,'Hydrocodone');
INSERT INTO surgery (id,date,patient_id,doctor_id) VALUES (751,'2019-11-26',33,105);
INSERT INTO meds_for_surgery (surgery_id,med) VALUES (751,'Cefaclor');
INSERT INTO surgery (id,date,patient_id,doctor_id) VALUES (752,'2019-11-29',315,438);
INSERT INTO meds_for_surgery (surgery_id,med) VALUES (752,'Sunitinib');
INSERT INTO surgery (id,date,patient_id,doctor_id) VALUES (753,'2019-12-12',449,284);
INSERT INTO meds_for_surgery (surgery_id,med) VALUES (753,'Carmustine');
INSERT INTO surgery (id,date,patient_id,doctor_id) VALUES (754,'2019-12-20',187,312);
INSERT INTO meds_for_surgery (surgery_id,med) VALUES (754,'Linezolid');
INSERT INTO surgery (id,date,patient_id,doctor_id) VALUES (755,'2019-12-26',260,366);
INSERT INTO meds_for_surgery (surgery_id,med) VALUES (755,'Calcium');
INSERT INTO surgery (id,date,patient_id,doctor_id) VALUES (756,'2019-12-08',31,284);
INSERT INTO meds_for_surgery (surgery_id,med) VALUES (756,'Ganciclovir');
INSERT INTO surgery (id,date,patient_id,doctor_id) VALUES (757,'2019-11-25',242,358);
INSERT INTO meds_for_surgery (surgery_id,med) VALUES (757,'Posaconazole');
INSERT INTO surgery (id,date,patient_id,doctor_id) VALUES (758,'2019-11-30',224,489);
INSERT INTO meds_for_surgery (surgery_id,med) VALUES (758,'Sirolimus');
INSERT INTO surgery (id,date,patient_id,doctor_id) VALUES (759,'2019-12-07',367,351);
INSERT INTO meds_for_surgery (surgery_id,med) VALUES (759,'Cefepime');
INSERT INTO surgery (id,date,patient_id,doctor_id) VALUES (760,'2019-12-25',195,115);
INSERT INTO meds_for_surgery (surgery_id,med) VALUES (760,'Procarbazine');
INSERT INTO surgery (id,date,patient_id,doctor_id) VALUES (761,'2019-12-11',456,151);
INSERT INTO meds_for_surgery (surgery_id,med) VALUES (761,'Tenofovir');
INSERT INTO surgery (id,date,patient_id,doctor_id) VALUES (762,'2019-12-11',299,284);
INSERT INTO meds_for_surgery (surgery_id,med) VALUES (762,'Celecoxib');
INSERT INTO surgery (id,date,patient_id,doctor_id) VALUES (763,'2019-12-23',253,105);
INSERT INTO meds_for_surgery (surgery_id,med) VALUES (763,'Voriconazole');
INSERT INTO surgery (id,date,patient_id,doctor_id) VALUES (764,'2019-11-29',268,51);
INSERT INTO meds_for_surgery (surgery_id,med) VALUES (764,'Lopinavir');
INSERT INTO surgery (id,date,patient_id,doctor_id) VALUES (765,'2019-11-28',479,422);
INSERT INTO meds_for_surgery (surgery_id,med) VALUES (765,'Deferasirox');
INSERT INTO surgery (id,date,patient_id,doctor_id) VALUES (766,'2019-12-13',500,445);
INSERT INTO meds_for_surgery (surgery_id,med) VALUES (766,'Hydralazine');
INSERT INTO surgery (id,date,patient_id,doctor_id) VALUES (767,'2019-12-23',291,88);
INSERT INTO meds_for_surgery (surgery_id,med) VALUES (767,'Dasatinib');
INSERT INTO surgery (id,date,patient_id,doctor_id) VALUES (768,'2019-12-03',456,96);
INSERT INTO meds_for_surgery (surgery_id,med) VALUES (768,'Calcium');
INSERT INTO surgery (id,date,patient_id,doctor_id) VALUES (769,'2019-12-01',255,421);
INSERT INTO meds_for_surgery (surgery_id,med) VALUES (769,'Teniposide');
INSERT INTO surgery (id,date,patient_id,doctor_id) VALUES (770,'2019-11-25',173,243);
INSERT INTO meds_for_surgery (surgery_id,med) VALUES (770,'Vincristine');
INSERT INTO surgery (id,date,patient_id,doctor_id) VALUES (771,'2019-11-26',64,274);
INSERT INTO meds_for_surgery (surgery_id,med) VALUES (771,'Methylphenidate');
INSERT INTO surgery (id,date,patient_id,doctor_id) VALUES (772,'2019-11-26',76,429);
INSERT INTO meds_for_surgery (surgery_id,med) VALUES (772,'Dactinomycin');
INSERT INTO surgery (id,date,patient_id,doctor_id) VALUES (773,'2019-11-29',272,34);
INSERT INTO meds_for_surgery (surgery_id,med) VALUES (773,'Mercaptopurine');
INSERT INTO surgery (id,date,patient_id,doctor_id) VALUES (774,'2019-12-27',89,225);
INSERT INTO meds_for_surgery (surgery_id,med) VALUES (774,'Amitriptyline');
INSERT INTO surgery (id,date,patient_id,doctor_id) VALUES (775,'2019-12-11',231,23);
INSERT INTO meds_for_surgery (surgery_id,med) VALUES (775,'Erythromycin');
INSERT INTO surgery (id,date,patient_id,doctor_id) VALUES (776,'2019-12-04',469,358);
INSERT INTO meds_for_surgery (surgery_id,med) VALUES (776,'Nevirapine');
INSERT INTO surgery (id,date,patient_id,doctor_id) VALUES (777,'2019-12-04',135,498);
INSERT INTO meds_for_surgery (surgery_id,med) VALUES (777,'Foscarnet');
INSERT INTO surgery (id,date,patient_id,doctor_id) VALUES (778,'2019-11-29',410,465);
INSERT INTO meds_for_surgery (surgery_id,med) VALUES (778,'Calcium');
INSERT INTO surgery (id,date,patient_id,doctor_id) VALUES (779,'2019-12-13',419,164);
INSERT INTO meds_for_surgery (surgery_id,med) VALUES (779,'Calcium');
INSERT INTO surgery (id,date,patient_id,doctor_id) VALUES (780,'2019-12-20',239,105);
INSERT INTO meds_for_surgery (surgery_id,med) VALUES (780,'Clobazam');
INSERT INTO surgery (id,date,patient_id,doctor_id) VALUES (781,'2019-12-25',246,62);
INSERT INTO meds_for_surgery (surgery_id,med) VALUES (781,'Alendronate');
INSERT INTO surgery (id,date,patient_id,doctor_id) VALUES (782,'2019-11-29',280,51);
INSERT INTO meds_for_surgery (surgery_id,med) VALUES (782,'Omeprazole');
INSERT INTO surgery (id,date,patient_id,doctor_id) VALUES (783,'2019-12-02',87,262);
INSERT INTO meds_for_surgery (surgery_id,med) VALUES (783,'Zidovudine');
INSERT INTO surgery (id,date,patient_id,doctor_id) VALUES (784,'2019-12-12',229,422);
INSERT INTO meds_for_surgery (surgery_id,med) VALUES (784,'Dasatinib');
INSERT INTO surgery (id,date,patient_id,doctor_id) VALUES (785,'2019-12-08',242,111);
INSERT INTO meds_for_surgery (surgery_id,med) VALUES (785,'Amifostine');
INSERT INTO surgery (id,date,patient_id,doctor_id) VALUES (786,'2019-12-15',154,441);
INSERT INTO meds_for_surgery (surgery_id,med) VALUES (786,'Temozolomide');
INSERT INTO surgery (id,date,patient_id,doctor_id) VALUES (787,'2019-12-08',221,499);
INSERT INTO meds_for_surgery (surgery_id,med) VALUES (787,'Ketoconazole');
INSERT INTO surgery (id,date,patient_id,doctor_id) VALUES (788,'2019-12-21',137,358);
INSERT INTO meds_for_surgery (surgery_id,med) VALUES (788,'Clarithromycin');
INSERT INTO surgery (id,date,patient_id,doctor_id) VALUES (789,'2019-12-11',255,274);
INSERT INTO meds_for_surgery (surgery_id,med) VALUES (789,'Teniposide');
INSERT INTO surgery (id,date,patient_id,doctor_id) VALUES (790,'2019-12-12',199,123);
INSERT INTO meds_for_surgery (surgery_id,med) VALUES (790,'Saquinavir');
INSERT INTO surgery (id,date,patient_id,doctor_id) VALUES (791,'2019-12-23',331,491);
INSERT INTO meds_for_surgery (surgery_id,med) VALUES (791,'Rituximab');
INSERT INTO surgery (id,date,patient_id,doctor_id) VALUES (792,'2019-11-27',254,361);
INSERT INTO meds_for_surgery (surgery_id,med) VALUES (792,'Lopinavir');
INSERT INTO surgery (id,date,patient_id,doctor_id) VALUES (793,'2019-12-15',331,262);
INSERT INTO meds_for_surgery (surgery_id,med) VALUES (793,'Phenobarbital');
INSERT INTO surgery (id,date,patient_id,doctor_id) VALUES (794,'2019-12-12',76,153);
INSERT INTO meds_for_surgery (surgery_id,med) VALUES (794,'Carmustine');
INSERT INTO surgery (id,date,patient_id,doctor_id) VALUES (795,'2019-12-26',201,422);
INSERT INTO meds_for_surgery (surgery_id,med) VALUES (795,'Raltegravir');
INSERT INTO surgery (id,date,patient_id,doctor_id) VALUES (796,'2019-12-08',384,438);
INSERT INTO meds_for_surgery (surgery_id,med) VALUES (796,'Cyclosporine');
INSERT INTO surgery (id,date,patient_id,doctor_id) VALUES (797,'2019-12-23',398,96);
INSERT INTO meds_for_surgery (surgery_id,med) VALUES (797,'Alemtuzumab');
INSERT INTO surgery (id,date,patient_id,doctor_id) VALUES (798,'2019-12-05',33,158);
INSERT INTO meds_for_surgery (surgery_id,med) VALUES (798,'Immune');
INSERT INTO surgery (id,date,patient_id,doctor_id) VALUES (799,'2019-12-15',206,423);
INSERT INTO meds_for_surgery (surgery_id,med) VALUES (799,'Trimethoprim');
INSERT INTO surgery (id,date,patient_id,doctor_id) VALUES (800,'2019-12-17',470,274);
INSERT INTO meds_for_surgery (surgery_id,med) VALUES (800,'Erythropoietin');
INSERT INTO surgery (id,date,patient_id,doctor_id) VALUES (801,'2019-12-19',148,429);
INSERT INTO meds_for_surgery (surgery_id,med) VALUES (801,'Amoxicillin');
INSERT INTO surgery (id,date,patient_id,doctor_id) VALUES (802,'2019-12-04',299,55);
INSERT INTO meds_for_surgery (surgery_id,med) VALUES (802,'Carmustine');
INSERT INTO surgery (id,date,patient_id,doctor_id) VALUES (803,'2019-12-04',407,360);
INSERT INTO meds_for_surgery (surgery_id,med) VALUES (803,'Ruxolitinib');
INSERT INTO surgery (id,date,patient_id,doctor_id) VALUES (804,'2019-12-10',231,421);
INSERT INTO meds_for_surgery (surgery_id,med) VALUES (804,'Busulfan');
INSERT INTO surgery (id,date,patient_id,doctor_id) VALUES (805,'2019-12-16',174,10);
INSERT INTO meds_for_surgery (surgery_id,med) VALUES (805,'Tacrolimus');
INSERT INTO surgery (id,date,patient_id,doctor_id) VALUES (806,'2019-11-28',290,96);
INSERT INTO meds_for_surgery (surgery_id,med) VALUES (806,'Immune');
INSERT INTO surgery (id,date,patient_id,doctor_id) VALUES (807,'2019-12-15',154,335);
INSERT INTO meds_for_surgery (surgery_id,med) VALUES (807,'Potassium');
INSERT INTO surgery (id,date,patient_id,doctor_id) VALUES (808,'2019-11-26',456,51);
INSERT INTO meds_for_surgery (surgery_id,med) VALUES (808,'Dexamethasone');
INSERT INTO surgery (id,date,patient_id,doctor_id) VALUES (809,'2019-12-16',500,56);
INSERT INTO meds_for_surgery (surgery_id,med) VALUES (809,'Cidofovir');
INSERT INTO surgery (id,date,patient_id,doctor_id) VALUES (810,'2019-12-03',407,11);
INSERT INTO meds_for_surgery (surgery_id,med) VALUES (810,'Vincristine');
INSERT INTO surgery (id,date,patient_id,doctor_id) VALUES (811,'2019-12-09',7,483);
INSERT INTO meds_for_surgery (surgery_id,med) VALUES (811,'Tretinoin');
INSERT INTO surgery (id,date,patient_id,doctor_id) VALUES (812,'2019-12-06',469,287);
INSERT INTO meds_for_surgery (surgery_id,med) VALUES (812,'Elvitegravir');
INSERT INTO surgery (id,date,patient_id,doctor_id) VALUES (813,'2019-12-27',437,62);
INSERT INTO meds_for_surgery (surgery_id,med) VALUES (813,'Allopurinol');
INSERT INTO surgery (id,date,patient_id,doctor_id) VALUES (814,'2019-12-08',204,96);
INSERT INTO meds_for_surgery (surgery_id,med) VALUES (814,'Maraviroc');
INSERT INTO surgery (id,date,patient_id,doctor_id) VALUES (815,'2019-12-05',134,56);
INSERT INTO meds_for_surgery (surgery_id,med) VALUES (815,'Cisplatin');
INSERT INTO surgery (id,date,patient_id,doctor_id) VALUES (816,'2019-11-25',457,164);
INSERT INTO meds_for_surgery (surgery_id,med) VALUES (816,'Interferon');
INSERT INTO surgery (id,date,patient_id,doctor_id) VALUES (817,'2019-12-25',97,425);
INSERT INTO meds_for_surgery (surgery_id,med) VALUES (817,'Norepinephrine');
INSERT INTO surgery (id,date,patient_id,doctor_id) VALUES (818,'2019-12-13',407,22);
INSERT INTO meds_for_surgery (surgery_id,med) VALUES (818,'Erythropoietin');
INSERT INTO surgery (id,date,patient_id,doctor_id) VALUES (819,'2019-12-01',437,416);
INSERT INTO meds_for_surgery (surgery_id,med) VALUES (819,'Famciclovir');
INSERT INTO surgery (id,date,patient_id,doctor_id) VALUES (820,'2019-12-22',273,438);
INSERT INTO meds_for_surgery (surgery_id,med) VALUES (820,'Darunavir');
INSERT INTO surgery (id,date,patient_id,doctor_id) VALUES (821,'2019-12-04',410,24);
INSERT INTO meds_for_surgery (surgery_id,med) VALUES (821,'Celecoxib');
INSERT INTO surgery (id,date,patient_id,doctor_id) VALUES (822,'2019-11-23',52,10);
INSERT INTO meds_for_surgery (surgery_id,med) VALUES (822,'Cladribine');
INSERT INTO surgery (id,date,patient_id,doctor_id) VALUES (823,'2019-11-29',7,499);
INSERT INTO meds_for_surgery (surgery_id,med) VALUES (823,'Diclofenac');
INSERT INTO surgery (id,date,patient_id,doctor_id) VALUES (824,'2019-12-18',48,366);
INSERT INTO meds_for_surgery (surgery_id,med) VALUES (824,'Phosphorus');
INSERT INTO surgery (id,date,patient_id,doctor_id) VALUES (825,'2019-12-24',188,276);
INSERT INTO meds_for_surgery (surgery_id,med) VALUES (825,'Erythromycin');
INSERT INTO surgery (id,date,patient_id,doctor_id) VALUES (826,'2019-12-20',357,366);
INSERT INTO meds_for_surgery (surgery_id,med) VALUES (826,'Cidofovir');
INSERT INTO surgery (id,date,patient_id,doctor_id) VALUES (827,'2019-12-23',64,225);
INSERT INTO meds_for_surgery (surgery_id,med) VALUES (827,'Ceftazidime');
INSERT INTO surgery (id,date,patient_id,doctor_id) VALUES (828,'2019-12-12',398,276);
INSERT INTO meds_for_surgery (surgery_id,med) VALUES (828,'Imipenem');
INSERT INTO surgery (id,date,patient_id,doctor_id) VALUES (829,'2019-12-16',255,24);
INSERT INTO meds_for_surgery (surgery_id,med) VALUES (829,'Mitoxantrone');
INSERT INTO surgery (id,date,patient_id,doctor_id) VALUES (830,'2019-11-24',464,22);
INSERT INTO meds_for_surgery (surgery_id,med) VALUES (830,'Valproic acid');
INSERT INTO surgery (id,date,patient_id,doctor_id) VALUES (831,'2019-12-09',187,262);
INSERT INTO meds_for_surgery (surgery_id,med) VALUES (831,'L-glutamine');
INSERT INTO surgery (id,date,patient_id,doctor_id) VALUES (832,'2019-11-25',290,361);
INSERT INTO meds_for_surgery (surgery_id,med) VALUES (832,'Thiotepa');
INSERT INTO surgery (id,date,patient_id,doctor_id) VALUES (833,'2019-11-23',48,354);
INSERT INTO meds_for_surgery (surgery_id,med) VALUES (833,'Cyproheptadine');
INSERT INTO surgery (id,date,patient_id,doctor_id) VALUES (834,'2019-11-27',403,358);
INSERT INTO meds_for_surgery (surgery_id,med) VALUES (834,'Procarbazine');
INSERT INTO surgery (id,date,patient_id,doctor_id) VALUES (835,'2019-12-01',303,489);
INSERT INTO meds_for_surgery (surgery_id,med) VALUES (835,'Allopurinol');
INSERT INTO surgery (id,date,patient_id,doctor_id) VALUES (836,'2019-12-12',331,305);
INSERT INTO meds_for_surgery (surgery_id,med) VALUES (836,'Gemtuzumab');
INSERT INTO surgery (id,date,patient_id,doctor_id) VALUES (837,'2019-12-22',33,121);
INSERT INTO meds_for_surgery (surgery_id,med) VALUES (837,'Sugammadex');
INSERT INTO surgery (id,date,patient_id,doctor_id) VALUES (838,'2019-12-21',222,141);
INSERT INTO meds_for_surgery (surgery_id,med) VALUES (838,'Baclofen');
INSERT INTO surgery (id,date,patient_id,doctor_id) VALUES (839,'2019-12-26',437,402);
INSERT INTO meds_for_surgery (surgery_id,med) VALUES (839,'Daunorubicin');
INSERT INTO surgery (id,date,patient_id,doctor_id) VALUES (840,'2019-12-02',500,382);
INSERT INTO meds_for_surgery (surgery_id,med) VALUES (840,'Mesna');
INSERT INTO surgery (id,date,patient_id,doctor_id) VALUES (841,'2019-12-26',453,276);
INSERT INTO meds_for_surgery (surgery_id,med) VALUES (841,'Zidovudine');
INSERT INTO surgery (id,date,patient_id,doctor_id) VALUES (842,'2019-12-13',384,417);
INSERT INTO meds_for_surgery (surgery_id,med) VALUES (842,'Codeine');
INSERT INTO surgery (id,date,patient_id,doctor_id) VALUES (843,'2019-12-03',168,262);
INSERT INTO meds_for_surgery (surgery_id,med) VALUES (843,'Celecoxib');
INSERT INTO surgery (id,date,patient_id,doctor_id) VALUES (844,'2019-12-17',403,96);
INSERT INTO meds_for_surgery (surgery_id,med) VALUES (844,'Temozolomide');
INSERT INTO surgery (id,date,patient_id,doctor_id) VALUES (845,'2019-12-20',437,382);
INSERT INTO meds_for_surgery (surgery_id,med) VALUES (845,'Posaconazole');
INSERT INTO surgery (id,date,patient_id,doctor_id) VALUES (846,'2019-12-19',303,351);
INSERT INTO meds_for_surgery (surgery_id,med) VALUES (846,'Imatinib');
INSERT INTO surgery (id,date,patient_id,doctor_id) VALUES (847,'2019-11-25',407,351);
INSERT INTO meds_for_surgery (surgery_id,med) VALUES (847,'Saquinavir');
INSERT INTO surgery (id,date,patient_id,doctor_id) VALUES (848,'2019-12-24',212,421);
INSERT INTO meds_for_surgery (surgery_id,med) VALUES (848,'Didanosine');
INSERT INTO surgery (id,date,patient_id,doctor_id) VALUES (849,'2019-12-08',31,312);
INSERT INTO meds_for_surgery (surgery_id,med) VALUES (849,'Efavirenz');
INSERT INTO surgery (id,date,patient_id,doctor_id) VALUES (850,'2019-12-18',419,489);
INSERT INTO meds_for_surgery (surgery_id,med) VALUES (850,'Labetalol');
INSERT INTO surgery (id,date,patient_id,doctor_id) VALUES (851,'2019-12-21',52,196);
INSERT INTO meds_for_surgery (surgery_id,med) VALUES (851,'Dexamethasone');
INSERT INTO surgery (id,date,patient_id,doctor_id) VALUES (852,'2019-12-04',231,34);
INSERT INTO meds_for_surgery (surgery_id,med) VALUES (852,'Lorazepam');
INSERT INTO surgery (id,date,patient_id,doctor_id) VALUES (853,'2019-12-01',194,422);
INSERT INTO meds_for_surgery (surgery_id,med) VALUES (853,'Pegfilgrastim');
INSERT INTO surgery (id,date,patient_id,doctor_id) VALUES (854,'2019-11-23',174,153);
INSERT INTO meds_for_surgery (surgery_id,med) VALUES (854,'Erythromycin');
INSERT INTO surgery (id,date,patient_id,doctor_id) VALUES (855,'2019-12-05',31,421);
INSERT INTO meds_for_surgery (surgery_id,med) VALUES (855,'Tobramycin');
INSERT INTO surgery (id,date,patient_id,doctor_id) VALUES (856,'2019-11-29',357,55);
INSERT INTO meds_for_surgery (surgery_id,med) VALUES (856,'Phenytoin');
INSERT INTO surgery (id,date,patient_id,doctor_id) VALUES (857,'2019-12-20',182,118);
INSERT INTO meds_for_surgery (surgery_id,med) VALUES (857,'Stavudine');
INSERT INTO surgery (id,date,patient_id,doctor_id) VALUES (858,'2019-12-03',137,124);
INSERT INTO meds_for_surgery (surgery_id,med) VALUES (858,'Cefixime');
INSERT INTO surgery (id,date,patient_id,doctor_id) VALUES (859,'2019-12-19',378,445);
INSERT INTO meds_for_surgery (surgery_id,med) VALUES (859,'Vinblastine');
INSERT INTO surgery (id,date,patient_id,doctor_id) VALUES (860,'2019-12-01',172,498);
INSERT INTO meds_for_surgery (surgery_id,med) VALUES (860,'Morphine');
INSERT INTO surgery (id,date,patient_id,doctor_id) VALUES (861,'2019-12-01',331,118);
INSERT INTO meds_for_surgery (surgery_id,med) VALUES (861,'Potassium');
INSERT INTO surgery (id,date,patient_id,doctor_id) VALUES (862,'2019-12-27',297,422);
INSERT INTO meds_for_surgery (surgery_id,med) VALUES (862,'Labetalol');
INSERT INTO surgery (id,date,patient_id,doctor_id) VALUES (863,'2019-12-07',195,22);
INSERT INTO meds_for_surgery (surgery_id,med) VALUES (863,'Amikacin');
INSERT INTO surgery (id,date,patient_id,doctor_id) VALUES (864,'2019-12-05',173,88);
INSERT INTO meds_for_surgery (surgery_id,med) VALUES (864,'Phosphorus');
INSERT INTO surgery (id,date,patient_id,doctor_id) VALUES (865,'2019-12-11',204,312);
INSERT INTO meds_for_surgery (surgery_id,med) VALUES (865,'Amitriptyline');
INSERT INTO surgery (id,date,patient_id,doctor_id) VALUES (866,'2019-12-15',436,75);
INSERT INTO meds_for_surgery (surgery_id,med) VALUES (866,'Desmopressin');
INSERT INTO surgery (id,date,patient_id,doctor_id) VALUES (867,'2019-12-22',188,382);
INSERT INTO meds_for_surgery (surgery_id,med) VALUES (867,'Doxorubicin');
INSERT INTO surgery (id,date,patient_id,doctor_id) VALUES (868,'2019-12-14',410,111);
INSERT INTO meds_for_surgery (surgery_id,med) VALUES (868,'Allopurinol');
INSERT INTO surgery (id,date,patient_id,doctor_id) VALUES (869,'2019-12-14',246,62);
INSERT INTO meds_for_surgery (surgery_id,med) VALUES (869,'Nevirapine');
INSERT INTO surgery (id,date,patient_id,doctor_id) VALUES (870,'2019-12-09',280,348);
INSERT INTO meds_for_surgery (surgery_id,med) VALUES (870,'Hydroxyurea');
INSERT INTO surgery (id,date,patient_id,doctor_id) VALUES (871,'2019-12-23',188,96);
INSERT INTO meds_for_surgery (surgery_id,med) VALUES (871,'Imipenem');
INSERT INTO surgery (id,date,patient_id,doctor_id) VALUES (872,'2019-12-01',444,129);
INSERT INTO meds_for_surgery (surgery_id,med) VALUES (872,'Doxorubicin');
INSERT INTO surgery (id,date,patient_id,doctor_id) VALUES (873,'2019-12-16',134,243);
INSERT INTO meds_for_surgery (surgery_id,med) VALUES (873,'Teniposide');
INSERT INTO surgery (id,date,patient_id,doctor_id) VALUES (874,'2019-11-27',367,423);
INSERT INTO meds_for_surgery (surgery_id,med) VALUES (874,'Carbamazepine');
INSERT INTO surgery (id,date,patient_id,doctor_id) VALUES (875,'2019-12-19',322,69);
INSERT INTO meds_for_surgery (surgery_id,med) VALUES (875,'Lopinavir');
INSERT INTO surgery (id,date,patient_id,doctor_id) VALUES (876,'2019-12-27',52,118);
INSERT INTO meds_for_surgery (surgery_id,med) VALUES (876,'Lamivudine');
INSERT INTO surgery (id,date,patient_id,doctor_id) VALUES (877,'2019-12-12',290,118);
INSERT INTO meds_for_surgery (surgery_id,med) VALUES (877,'Bleomycin');
INSERT INTO surgery (id,date,patient_id,doctor_id) VALUES (878,'2019-12-05',253,276);
INSERT INTO meds_for_surgery (surgery_id,med) VALUES (878,'Potassium');
INSERT INTO surgery (id,date,patient_id,doctor_id) VALUES (879,'2019-12-15',303,75);
INSERT INTO meds_for_surgery (surgery_id,med) VALUES (879,'Furosemide');
INSERT INTO surgery (id,date,patient_id,doctor_id) VALUES (880,'2019-12-24',174,312);
INSERT INTO meds_for_surgery (surgery_id,med) VALUES (880,'Dacarbazine');
INSERT INTO surgery (id,date,patient_id,doctor_id) VALUES (881,'2019-12-01',176,445);
INSERT INTO meds_for_surgery (surgery_id,med) VALUES (881,'Mitoxantrone');
INSERT INTO surgery (id,date,patient_id,doctor_id) VALUES (882,'2019-11-23',181,17);
INSERT INTO meds_for_surgery (surgery_id,med) VALUES (882,'Hydromorphone');
INSERT INTO surgery (id,date,patient_id,doctor_id) VALUES (883,'2019-12-18',64,274);
INSERT INTO meds_for_surgery (surgery_id,med) VALUES (883,'Celecoxib');
INSERT INTO surgery (id,date,patient_id,doctor_id) VALUES (884,'2019-12-15',449,312);
INSERT INTO meds_for_surgery (surgery_id,med) VALUES (884,'Alendronate');
INSERT INTO surgery (id,date,patient_id,doctor_id) VALUES (885,'2019-12-14',52,354);
INSERT INTO meds_for_surgery (surgery_id,med) VALUES (885,'Trimethoprim');
INSERT INTO surgery (id,date,patient_id,doctor_id) VALUES (886,'2019-11-29',33,129);
INSERT INTO meds_for_surgery (surgery_id,med) VALUES (886,'Rivaroxaban');
INSERT INTO surgery (id,date,patient_id,doctor_id) VALUES (887,'2019-12-17',199,354);
INSERT INTO meds_for_surgery (surgery_id,med) VALUES (887,'Gabapentin');
INSERT INTO surgery (id,date,patient_id,doctor_id) VALUES (888,'2019-12-23',64,382);
INSERT INTO meds_for_surgery (surgery_id,med) VALUES (888,'Cidofovir');
INSERT INTO surgery (id,date,patient_id,doctor_id) VALUES (889,'2019-12-04',194,305);
INSERT INTO meds_for_surgery (surgery_id,med) VALUES (889,'Linezolid');
INSERT INTO surgery (id,date,patient_id,doctor_id) VALUES (890,'2019-12-26',199,382);
INSERT INTO meds_for_surgery (surgery_id,med) VALUES (890,'Erlotinib');
INSERT INTO surgery (id,date,patient_id,doctor_id) VALUES (891,'2019-12-24',490,225);
INSERT INTO meds_for_surgery (surgery_id,med) VALUES (891,'Vorinostat');
INSERT INTO surgery (id,date,patient_id,doctor_id) VALUES (892,'2019-12-07',386,439);
INSERT INTO meds_for_surgery (surgery_id,med) VALUES (892,'Metronidazole');
INSERT INTO surgery (id,date,patient_id,doctor_id) VALUES (893,'2019-12-02',419,438);
INSERT INTO meds_for_surgery (surgery_id,med) VALUES (893,'Calcium');
INSERT INTO surgery (id,date,patient_id,doctor_id) VALUES (894,'2019-12-22',303,123);
INSERT INTO meds_for_surgery (surgery_id,med) VALUES (894,'Ritonavir');
INSERT INTO surgery (id,date,patient_id,doctor_id) VALUES (895,'2019-12-03',357,10);
INSERT INTO meds_for_surgery (surgery_id,med) VALUES (895,'Imatinib');
INSERT INTO surgery (id,date,patient_id,doctor_id) VALUES (896,'2019-12-26',299,358);
INSERT INTO meds_for_surgery (surgery_id,med) VALUES (896,'Dobutamine');
INSERT INTO surgery (id,date,patient_id,doctor_id) VALUES (897,'2019-12-16',154,498);
INSERT INTO meds_for_surgery (surgery_id,med) VALUES (897,'Clindamycin');
INSERT INTO surgery (id,date,patient_id,doctor_id) VALUES (898,'2019-12-16',378,17);
INSERT INTO meds_for_surgery (surgery_id,med) VALUES (898,'Stavudine');
INSERT INTO surgery (id,date,patient_id,doctor_id) VALUES (899,'2019-12-02',403,24);
INSERT INTO meds_for_surgery (surgery_id,med) VALUES (899,'Ondansetron');
INSERT INTO surgery (id,date,patient_id,doctor_id) VALUES (900,'2019-12-21',161,22);
INSERT INTO meds_for_surgery (surgery_id,med) VALUES (900,'Foscarnet');
INSERT INTO surgery (id,date,patient_id,doctor_id) VALUES (901,'2019-12-08',224,422);
INSERT INTO meds_for_surgery (surgery_id,med) VALUES (901,'Dapsone');
INSERT INTO surgery (id,date,patient_id,doctor_id) VALUES (902,'2019-12-27',406,441);
INSERT INTO meds_for_surgery (surgery_id,med) VALUES (902,'Megestrol acetate');
INSERT INTO surgery (id,date,patient_id,doctor_id) VALUES (903,'2019-12-20',444,498);
INSERT INTO meds_for_surgery (surgery_id,med) VALUES (903,'Bortezomib');
INSERT INTO surgery (id,date,patient_id,doctor_id) VALUES (904,'2019-12-17',7,121);
INSERT INTO meds_for_surgery (surgery_id,med) VALUES (904,'Amikacin');
INSERT INTO surgery (id,date,patient_id,doctor_id) VALUES (905,'2019-12-09',174,498);
INSERT INTO meds_for_surgery (surgery_id,med) VALUES (905,'Magnesium');
INSERT INTO surgery (id,date,patient_id,doctor_id) VALUES (906,'2019-12-22',229,124);
INSERT INTO meds_for_surgery (surgery_id,med) VALUES (906,'Erythropoietin');
INSERT INTO surgery (id,date,patient_id,doctor_id) VALUES (907,'2019-11-24',249,141);
INSERT INTO meds_for_surgery (surgery_id,med) VALUES (907,'Cefaclor');
INSERT INTO surgery (id,date,patient_id,doctor_id) VALUES (908,'2019-12-18',277,416);
INSERT INTO meds_for_surgery (surgery_id,med) VALUES (908,'Procarbazine');
INSERT INTO surgery (id,date,patient_id,doctor_id) VALUES (909,'2019-12-26',52,354);
INSERT INTO meds_for_surgery (surgery_id,med) VALUES (909,'Interleukin');
INSERT INTO surgery (id,date,patient_id,doctor_id) VALUES (910,'2019-12-01',60,445);
INSERT INTO meds_for_surgery (surgery_id,med) VALUES (910,'Thioguanine');
INSERT INTO surgery (id,date,patient_id,doctor_id) VALUES (911,'2019-11-28',154,305);
INSERT INTO meds_for_surgery (surgery_id,med) VALUES (911,'Asparaginase');
INSERT INTO surgery (id,date,patient_id,doctor_id) VALUES (912,'2019-12-26',224,274);
INSERT INTO meds_for_surgery (surgery_id,med) VALUES (912,'Ifosfamide');
INSERT INTO surgery (id,date,patient_id,doctor_id) VALUES (913,'2019-11-30',258,489);
INSERT INTO meds_for_surgery (surgery_id,med) VALUES (913,'Amitriptyline');
INSERT INTO surgery (id,date,patient_id,doctor_id) VALUES (914,'2019-12-21',154,416);
INSERT INTO meds_for_surgery (surgery_id,med) VALUES (914,'Fluorouracil');
INSERT INTO surgery (id,date,patient_id,doctor_id) VALUES (915,'2019-12-20',419,423);
INSERT INTO meds_for_surgery (surgery_id,med) VALUES (915,'Prednisone');
INSERT INTO surgery (id,date,patient_id,doctor_id) VALUES (916,'2019-12-22',270,351);
INSERT INTO meds_for_surgery (surgery_id,med) VALUES (916,'Mitoxantrone');
INSERT INTO surgery (id,date,patient_id,doctor_id) VALUES (917,'2019-12-17',453,382);
INSERT INTO meds_for_surgery (surgery_id,med) VALUES (917,'Dasatinib');
INSERT INTO surgery (id,date,patient_id,doctor_id) VALUES (918,'2019-12-14',407,305);
INSERT INTO meds_for_surgery (surgery_id,med) VALUES (918,'Topotecan');
INSERT INTO surgery (id,date,patient_id,doctor_id) VALUES (919,'2019-12-17',172,55);
INSERT INTO meds_for_surgery (surgery_id,med) VALUES (919,'Gemcitabine');
INSERT INTO surgery (id,date,patient_id,doctor_id) VALUES (920,'2019-12-10',174,305);
INSERT INTO meds_for_surgery (surgery_id,med) VALUES (920,'Cephalexin');
INSERT INTO surgery (id,date,patient_id,doctor_id) VALUES (921,'2019-12-23',246,69);
INSERT INTO meds_for_surgery (surgery_id,med) VALUES (921,'Hydroxyurea');
INSERT INTO surgery (id,date,patient_id,doctor_id) VALUES (922,'2019-12-11',297,466);
INSERT INTO meds_for_surgery (surgery_id,med) VALUES (922,'Clindamycin');
INSERT INTO surgery (id,date,patient_id,doctor_id) VALUES (923,'2019-11-27',212,423);
INSERT INTO meds_for_surgery (surgery_id,med) VALUES (923,'Nelarabine');
INSERT INTO surgery (id,date,patient_id,doctor_id) VALUES (924,'2019-12-25',410,329);
INSERT INTO meds_for_surgery (surgery_id,med) VALUES (924,'Warfarin');
INSERT INTO surgery (id,date,patient_id,doctor_id) VALUES (925,'2019-12-07',161,421);
INSERT INTO meds_for_surgery (surgery_id,med) VALUES (925,'Dacarbazine');
INSERT INTO surgery (id,date,patient_id,doctor_id) VALUES (926,'2019-11-28',222,354);
INSERT INTO meds_for_surgery (surgery_id,med) VALUES (926,'Dasatinib');
INSERT INTO surgery (id,date,patient_id,doctor_id) VALUES (927,'2019-12-08',436,287);
INSERT INTO meds_for_surgery (surgery_id,med) VALUES (927,'Temozolomide');
INSERT INTO surgery (id,date,patient_id,doctor_id) VALUES (928,'2019-12-01',273,287);
INSERT INTO meds_for_surgery (surgery_id,med) VALUES (928,'Erlotinib');
INSERT INTO surgery (id,date,patient_id,doctor_id) VALUES (929,'2019-12-14',222,153);
INSERT INTO meds_for_surgery (surgery_id,med) VALUES (929,'Dasatinib');
INSERT INTO surgery (id,date,patient_id,doctor_id) VALUES (930,'2019-11-28',246,22);
INSERT INTO meds_for_surgery (surgery_id,med) VALUES (930,'Rilpivirine');
INSERT INTO surgery (id,date,patient_id,doctor_id) VALUES (931,'2019-11-27',277,417);
INSERT INTO meds_for_surgery (surgery_id,med) VALUES (931,'Pegfilgrastim');
INSERT INTO surgery (id,date,patient_id,doctor_id) VALUES (932,'2019-12-19',7,162);
INSERT INTO meds_for_surgery (surgery_id,med) VALUES (932,'Dopamine');
INSERT INTO surgery (id,date,patient_id,doctor_id) VALUES (933,'2019-12-17',210,10);
INSERT INTO meds_for_surgery (surgery_id,med) VALUES (933,'Dronabinol');
INSERT INTO surgery (id,date,patient_id,doctor_id) VALUES (934,'2019-12-23',195,417);
INSERT INTO meds_for_surgery (surgery_id,med) VALUES (934,'Clarithromycin');
INSERT INTO surgery (id,date,patient_id,doctor_id) VALUES (935,'2019-11-29',324,11);
INSERT INTO meds_for_surgery (surgery_id,med) VALUES (935,'Vancomycin');
INSERT INTO surgery (id,date,patient_id,doctor_id) VALUES (936,'2019-12-14',221,354);
INSERT INTO meds_for_surgery (surgery_id,med) VALUES (936,'Desmopressin');
INSERT INTO surgery (id,date,patient_id,doctor_id) VALUES (937,'2019-12-03',469,10);
INSERT INTO meds_for_surgery (surgery_id,med) VALUES (937,'Ondansetron');
INSERT INTO surgery (id,date,patient_id,doctor_id) VALUES (938,'2019-12-12',206,262);
INSERT INTO meds_for_surgery (surgery_id,med) VALUES (938,'Amifostine');
INSERT INTO surgery (id,date,patient_id,doctor_id) VALUES (939,'2019-11-23',97,24);
INSERT INTO meds_for_surgery (surgery_id,med) VALUES (939,'Gemcitabine');
INSERT INTO surgery (id,date,patient_id,doctor_id) VALUES (940,'2019-12-11',470,284);
INSERT INTO meds_for_surgery (surgery_id,med) VALUES (940,'Zidovudine');
INSERT INTO surgery (id,date,patient_id,doctor_id) VALUES (941,'2019-11-30',204,141);
INSERT INTO meds_for_surgery (surgery_id,med) VALUES (941,'Sugammadex');
INSERT INTO surgery (id,date,patient_id,doctor_id) VALUES (942,'2019-11-26',253,429);
INSERT INTO meds_for_surgery (surgery_id,med) VALUES (942,'Meloxicam');
INSERT INTO surgery (id,date,patient_id,doctor_id) VALUES (943,'2019-11-30',76,34);
INSERT INTO meds_for_surgery (surgery_id,med) VALUES (943,'Lamivudine');
INSERT INTO surgery (id,date,patient_id,doctor_id) VALUES (944,'2019-12-27',199,225);
INSERT INTO meds_for_surgery (surgery_id,med) VALUES (944,'Heparin');
INSERT INTO surgery (id,date,patient_id,doctor_id) VALUES (945,'2019-11-28',389,69);
INSERT INTO meds_for_surgery (surgery_id,med) VALUES (945,'Vincristine');
INSERT INTO surgery (id,date,patient_id,doctor_id) VALUES (946,'2019-12-15',386,360);
INSERT INTO meds_for_surgery (surgery_id,med) VALUES (946,'Propoxyphene');
INSERT INTO surgery (id,date,patient_id,doctor_id) VALUES (947,'2019-12-05',246,335);
INSERT INTO meds_for_surgery (surgery_id,med) VALUES (947,'Interferon');
INSERT INTO surgery (id,date,patient_id,doctor_id) VALUES (948,'2019-12-15',188,124);
INSERT INTO meds_for_surgery (surgery_id,med) VALUES (948,'Topotecan');
INSERT INTO surgery (id,date,patient_id,doctor_id) VALUES (949,'2019-11-26',249,360);
INSERT INTO meds_for_surgery (surgery_id,med) VALUES (949,'GM-CSF');
INSERT INTO surgery (id,date,patient_id,doctor_id) VALUES (950,'2019-12-27',414,62);
INSERT INTO meds_for_surgery (surgery_id,med) VALUES (950,'Phosphorus');
INSERT INTO surgery (id,date,patient_id,doctor_id) VALUES (951,'2019-12-11',173,196);
INSERT INTO meds_for_surgery (surgery_id,med) VALUES (951,'Etonogestrel');
INSERT INTO surgery (id,date,patient_id,doctor_id) VALUES (952,'2019-12-26',87,105);
INSERT INTO meds_for_surgery (surgery_id,med) VALUES (952,'Abacavir');
INSERT INTO surgery (id,date,patient_id,doctor_id) VALUES (953,'2019-12-27',407,164);
INSERT INTO meds_for_surgery (surgery_id,med) VALUES (953,'Amifostine');
INSERT INTO surgery (id,date,patient_id,doctor_id) VALUES (954,'2019-11-26',194,320);
INSERT INTO meds_for_surgery (surgery_id,med) VALUES (954,'Sunitinib');
INSERT INTO surgery (id,date,patient_id,doctor_id) VALUES (955,'2019-12-06',296,491);
INSERT INTO meds_for_surgery (surgery_id,med) VALUES (955,'Probenecid');
INSERT INTO surgery (id,date,patient_id,doctor_id) VALUES (956,'2019-11-29',173,162);
INSERT INTO meds_for_surgery (surgery_id,med) VALUES (956,'Interferon');
INSERT INTO surgery (id,date,patient_id,doctor_id) VALUES (957,'2019-11-30',296,151);
INSERT INTO meds_for_surgery (surgery_id,med) VALUES (957,'Fluorouracil');
INSERT INTO surgery (id,date,patient_id,doctor_id) VALUES (958,'2019-12-18',48,312);
INSERT INTO meds_for_surgery (surgery_id,med) VALUES (958,'Vancomycin');
INSERT INTO surgery (id,date,patient_id,doctor_id) VALUES (959,'2019-12-22',293,425);
INSERT INTO meds_for_surgery (surgery_id,med) VALUES (959,'Pegfilgrastim');
INSERT INTO surgery (id,date,patient_id,doctor_id) VALUES (960,'2019-12-06',436,425);
INSERT INTO meds_for_surgery (surgery_id,med) VALUES (960,'Tobramycin');
INSERT INTO surgery (id,date,patient_id,doctor_id) VALUES (961,'2019-12-11',221,360);
INSERT INTO meds_for_surgery (surgery_id,med) VALUES (961,'Leucovorin');
INSERT INTO surgery (id,date,patient_id,doctor_id) VALUES (962,'2019-11-29',210,287);
INSERT INTO meds_for_surgery (surgery_id,med) VALUES (962,'Erythropoietin');
INSERT INTO surgery (id,date,patient_id,doctor_id) VALUES (963,'2019-12-18',224,69);
INSERT INTO meds_for_surgery (surgery_id,med) VALUES (963,'Tacrolimus');
INSERT INTO surgery (id,date,patient_id,doctor_id) VALUES (964,'2019-12-12',131,158);
INSERT INTO meds_for_surgery (surgery_id,med) VALUES (964,'Lorazepam');
INSERT INTO surgery (id,date,patient_id,doctor_id) VALUES (965,'2019-12-05',325,55);
INSERT INTO meds_for_surgery (surgery_id,med) VALUES (965,'Lorazepam');
INSERT INTO surgery (id,date,patient_id,doctor_id) VALUES (966,'2019-12-19',290,105);
INSERT INTO meds_for_surgery (surgery_id,med) VALUES (966,'Modafinil');
INSERT INTO surgery (id,date,patient_id,doctor_id) VALUES (967,'2019-12-15',168,348);
INSERT INTO meds_for_surgery (surgery_id,med) VALUES (967,'Valproic acid');
INSERT INTO surgery (id,date,patient_id,doctor_id) VALUES (968,'2019-12-07',87,287);
INSERT INTO meds_for_surgery (surgery_id,med) VALUES (968,'Ruxolitinib');
INSERT INTO surgery (id,date,patient_id,doctor_id) VALUES (969,'2019-12-27',182,425);
INSERT INTO meds_for_surgery (surgery_id,med) VALUES (969,'Rituximab');
INSERT INTO surgery (id,date,patient_id,doctor_id) VALUES (970,'2019-12-27',102,164);
INSERT INTO meds_for_surgery (surgery_id,med) VALUES (970,'Thiotepa');
INSERT INTO surgery (id,date,patient_id,doctor_id) VALUES (971,'2019-12-26',181,491);
INSERT INTO meds_for_surgery (surgery_id,med) VALUES (971,'Asparaginase');
INSERT INTO surgery (id,date,patient_id,doctor_id) VALUES (972,'2019-11-25',212,196);
INSERT INTO meds_for_surgery (surgery_id,med) VALUES (972,'Teniposide');
INSERT INTO surgery (id,date,patient_id,doctor_id) VALUES (973,'2019-12-09',102,433);
INSERT INTO meds_for_surgery (surgery_id,med) VALUES (973,'Isotretinoin');
INSERT INTO surgery (id,date,patient_id,doctor_id) VALUES (974,'2019-12-13',389,489);
INSERT INTO meds_for_surgery (surgery_id,med) VALUES (974,'GM-CSF');
INSERT INTO surgery (id,date,patient_id,doctor_id) VALUES (975,'2019-12-02',384,105);
INSERT INTO meds_for_surgery (surgery_id,med) VALUES (975,'Abacavir');
INSERT INTO surgery (id,date,patient_id,doctor_id) VALUES (976,'2019-12-27',290,429);
INSERT INTO meds_for_surgery (surgery_id,med) VALUES (976,'Etonogestrel');
INSERT INTO surgery (id,date,patient_id,doctor_id) VALUES (977,'2019-12-26',449,301);
INSERT INTO meds_for_surgery (surgery_id,med) VALUES (977,'Melphalan');
INSERT INTO surgery (id,date,patient_id,doctor_id) VALUES (978,'2019-12-26',148,17);
INSERT INTO meds_for_surgery (surgery_id,med) VALUES (978,'Fluconazole');
INSERT INTO surgery (id,date,patient_id,doctor_id) VALUES (979,'2019-11-29',419,284);
INSERT INTO meds_for_surgery (surgery_id,med) VALUES (979,'Tobramycin');
INSERT INTO surgery (id,date,patient_id,doctor_id) VALUES (980,'2019-12-09',293,27);
INSERT INTO meds_for_surgery (surgery_id,med) VALUES (980,'Meperidine');
INSERT INTO surgery (id,date,patient_id,doctor_id) VALUES (981,'2019-11-28',419,69);
INSERT INTO meds_for_surgery (surgery_id,med) VALUES (981,'Phenytoin');
INSERT INTO surgery (id,date,patient_id,doctor_id) VALUES (982,'2019-11-26',389,445);
INSERT INTO meds_for_surgery (surgery_id,med) VALUES (982,'Interferon');
INSERT INTO surgery (id,date,patient_id,doctor_id) VALUES (983,'2019-12-23',456,27);
INSERT INTO meds_for_surgery (surgery_id,med) VALUES (983,'Atenolol');
INSERT INTO surgery (id,date,patient_id,doctor_id) VALUES (984,'2019-12-08',86,429);
INSERT INTO meds_for_surgery (surgery_id,med) VALUES (984,'Imatinib');
INSERT INTO surgery (id,date,patient_id,doctor_id) VALUES (985,'2019-12-24',209,445);
INSERT INTO meds_for_surgery (surgery_id,med) VALUES (985,'Oxycodone');
INSERT INTO surgery (id,date,patient_id,doctor_id) VALUES (986,'2019-12-23',173,24);
INSERT INTO meds_for_surgery (surgery_id,med) VALUES (986,'Sunitinib');
INSERT INTO surgery (id,date,patient_id,doctor_id) VALUES (987,'2019-12-05',254,354);
INSERT INTO meds_for_surgery (surgery_id,med) VALUES (987,'Methylphenidate');
INSERT INTO surgery (id,date,patient_id,doctor_id) VALUES (988,'2019-12-24',97,433);
INSERT INTO meds_for_surgery (surgery_id,med) VALUES (988,'Sucralfate');
INSERT INTO surgery (id,date,patient_id,doctor_id) VALUES (989,'2019-11-25',479,27);
INSERT INTO meds_for_surgery (surgery_id,med) VALUES (989,'Thiotepa');
INSERT INTO surgery (id,date,patient_id,doctor_id) VALUES (990,'2019-11-30',222,115);
INSERT INTO meds_for_surgery (surgery_id,med) VALUES (990,'Alendronate');
INSERT INTO surgery (id,date,patient_id,doctor_id) VALUES (991,'2019-12-03',500,69);
INSERT INTO meds_for_surgery (surgery_id,med) VALUES (991,'PEGaspargase');
INSERT INTO surgery (id,date,patient_id,doctor_id) VALUES (992,'2019-11-29',419,491);
INSERT INTO meds_for_surgery (surgery_id,med) VALUES (992,'Abacavir');
INSERT INTO surgery (id,date,patient_id,doctor_id) VALUES (993,'2019-12-25',315,23);
INSERT INTO meds_for_surgery (surgery_id,med) VALUES (993,'Amoxicillin');
INSERT INTO surgery (id,date,patient_id,doctor_id) VALUES (994,'2019-12-02',444,17);
INSERT INTO meds_for_surgery (surgery_id,med) VALUES (994,'Dapsone');
INSERT INTO surgery (id,date,patient_id,doctor_id) VALUES (995,'2019-12-24',254,361);
INSERT INTO meds_for_surgery (surgery_id,med) VALUES (995,'Enalapril');
INSERT INTO surgery (id,date,patient_id,doctor_id) VALUES (996,'2019-11-25',182,10);
INSERT INTO meds_for_surgery (surgery_id,med) VALUES (996,'Posaconazole');
INSERT INTO surgery (id,date,patient_id,doctor_id) VALUES (997,'2019-11-26',20,382);
INSERT INTO meds_for_surgery (surgery_id,med) VALUES (997,'Raltegravir');
INSERT INTO surgery (id,date,patient_id,doctor_id) VALUES (998,'2019-12-01',209,34);
INSERT INTO meds_for_surgery (surgery_id,med) VALUES (998,'Doxorubicin');
INSERT INTO surgery (id,date,patient_id,doctor_id) VALUES (999,'2019-12-09',500,55);
INSERT INTO meds_for_surgery (surgery_id,med) VALUES (999,'Fluorouracil');
INSERT INTO surgery (id,date,patient_id,doctor_id) VALUES (1000,'2019-11-24',464,69);
INSERT INTO meds_for_surgery (surgery_id,med) VALUES (1000,'Alemtuzumab');
INSERT INTO surgery (id,date,patient_id,doctor_id) VALUES (1001,'2019-11-30',291,489);
INSERT INTO meds_for_surgery (surgery_id,med) VALUES (1001,'Phenobarbital');
INSERT INTO surgery (id,date,patient_id,doctor_id) VALUES (1002,'2019-11-29',464,118);
INSERT INTO meds_for_surgery (surgery_id,med) VALUES (1002,'GM-CSF');
INSERT INTO surgery (id,date,patient_id,doctor_id) VALUES (1003,'2019-12-26',291,305);
INSERT INTO meds_for_surgery (surgery_id,med) VALUES (1003,'Didanosine');
INSERT INTO surgery (id,date,patient_id,doctor_id) VALUES (1004,'2019-12-14',449,489);
INSERT INTO meds_for_surgery (surgery_id,med) VALUES (1004,'Probenecid');
INSERT INTO surgery (id,date,patient_id,doctor_id) VALUES (1005,'2019-12-13',353,382);
INSERT INTO meds_for_surgery (surgery_id,med) VALUES (1005,'Fludarabine');
INSERT INTO surgery (id,date,patient_id,doctor_id) VALUES (1006,'2019-12-12',325,151);
INSERT INTO meds_for_surgery (surgery_id,med) VALUES (1006,'Azithromycin');
INSERT INTO surgery (id,date,patient_id,doctor_id) VALUES (1007,'2019-11-25',94,118);
INSERT INTO meds_for_surgery (surgery_id,med) VALUES (1007,'Cefixime');
INSERT INTO surgery (id,date,patient_id,doctor_id) VALUES (1008,'2019-12-05',272,225);
INSERT INTO meds_for_surgery (surgery_id,med) VALUES (1008,'Gefitinib');
INSERT INTO surgery (id,date,patient_id,doctor_id) VALUES (1009,'2019-12-25',324,358);
INSERT INTO meds_for_surgery (surgery_id,med) VALUES (1009,'Cladribine');
INSERT INTO surgery (id,date,patient_id,doctor_id) VALUES (1010,'2019-12-06',15,13);
INSERT INTO meds_for_surgery (surgery_id,med) VALUES (1010,'Sucralfate');
INSERT INTO surgery (id,date,patient_id,doctor_id) VALUES (1011,'2019-11-23',268,284);
INSERT INTO meds_for_surgery (surgery_id,med) VALUES (1011,'Methotrexate');
INSERT INTO surgery (id,date,patient_id,doctor_id) VALUES (1012,'2019-11-23',403,361);
INSERT INTO meds_for_surgery (surgery_id,med) VALUES (1012,'Amitriptyline');
INSERT INTO surgery (id,date,patient_id,doctor_id) VALUES (1013,'2019-12-19',168,47);
INSERT INTO meds_for_surgery (surgery_id,med) VALUES (1013,'Procarbazine');
INSERT INTO surgery (id,date,patient_id,doctor_id) VALUES (1014,'2019-11-26',209,56);
INSERT INTO meds_for_surgery (surgery_id,med) VALUES (1014,'Cefaclor');
INSERT INTO surgery (id,date,patient_id,doctor_id) VALUES (1015,'2019-12-06',449,284);
INSERT INTO meds_for_surgery (surgery_id,med) VALUES (1015,'Fludarabine');
INSERT INTO surgery (id,date,patient_id,doctor_id) VALUES (1016,'2019-12-27',154,158);
INSERT INTO meds_for_surgery (surgery_id,med) VALUES (1016,'Efavirenz');
INSERT INTO surgery (id,date,patient_id,doctor_id) VALUES (1017,'2019-11-27',168,24);
INSERT INTO meds_for_surgery (surgery_id,med) VALUES (1017,'Ritonavir');
INSERT INTO surgery (id,date,patient_id,doctor_id) VALUES (1018,'2019-12-11',94,433);
INSERT INTO meds_for_surgery (surgery_id,med) VALUES (1018,'Acyclovir');
INSERT INTO surgery (id,date,patient_id,doctor_id) VALUES (1019,'2019-12-09',419,483);
INSERT INTO meds_for_surgery (surgery_id,med) VALUES (1019,'Thiotepa');
INSERT INTO surgery (id,date,patient_id,doctor_id) VALUES (1020,'2019-12-20',224,151);
INSERT INTO meds_for_surgery (surgery_id,med) VALUES (1020,'Cytarabine');
INSERT INTO surgery (id,date,patient_id,doctor_id) VALUES (1021,'2019-12-03',52,115);
INSERT INTO meds_for_surgery (surgery_id,med) VALUES (1021,'Dronabinol');
INSERT INTO surgery (id,date,patient_id,doctor_id) VALUES (1022,'2019-12-05',500,22);
INSERT INTO meds_for_surgery (surgery_id,med) VALUES (1022,'Dasatinib');
INSERT INTO surgery (id,date,patient_id,doctor_id) VALUES (1023,'2019-12-07',174,445);
INSERT INTO meds_for_surgery (surgery_id,med) VALUES (1023,'Elvitegravir');
INSERT INTO surgery (id,date,patient_id,doctor_id) VALUES (1024,'2019-12-20',270,466);
INSERT INTO meds_for_surgery (surgery_id,med) VALUES (1024,'Dexamethasone');
INSERT INTO surgery (id,date,patient_id,doctor_id) VALUES (1025,'2019-12-02',212,335);
INSERT INTO meds_for_surgery (surgery_id,med) VALUES (1025,'Raltegravir');
INSERT INTO surgery (id,date,patient_id,doctor_id) VALUES (1026,'2019-12-04',246,56);
INSERT INTO meds_for_surgery (surgery_id,med) VALUES (1026,'Muromonab');
INSERT INTO surgery (id,date,patient_id,doctor_id) VALUES (1027,'2019-12-13',161,312);
INSERT INTO meds_for_surgery (surgery_id,med) VALUES (1027,'Carboplatin');
INSERT INTO surgery (id,date,patient_id,doctor_id) VALUES (1028,'2019-11-23',280,75);
INSERT INTO meds_for_surgery (surgery_id,med) VALUES (1028,'Rasburicase');
INSERT INTO surgery (id,date,patient_id,doctor_id) VALUES (1029,'2019-12-14',299,17);
INSERT INTO meds_for_surgery (surgery_id,med) VALUES (1029,'Foscarnet');
INSERT INTO surgery (id,date,patient_id,doctor_id) VALUES (1030,'2019-12-06',325,88);
INSERT INTO meds_for_surgery (surgery_id,med) VALUES (1030,'Diclofenac');
INSERT INTO surgery (id,date,patient_id,doctor_id) VALUES (1031,'2019-11-23',490,402);
INSERT INTO meds_for_surgery (surgery_id,med) VALUES (1031,'Phenytoin');
INSERT INTO surgery (id,date,patient_id,doctor_id) VALUES (1032,'2019-12-03',131,329);
INSERT INTO meds_for_surgery (surgery_id,med) VALUES (1032,'Amikacin');
INSERT INTO surgery (id,date,patient_id,doctor_id) VALUES (1033,'2019-12-11',60,123);
INSERT INTO meds_for_surgery (surgery_id,med) VALUES (1033,'Atovaquone');
INSERT INTO surgery (id,date,patient_id,doctor_id) VALUES (1034,'2019-12-19',161,17);
INSERT INTO meds_for_surgery (surgery_id,med) VALUES (1034,'Carbamazepine');
INSERT INTO surgery (id,date,patient_id,doctor_id) VALUES (1035,'2019-12-12',253,274);
INSERT INTO meds_for_surgery (surgery_id,med) VALUES (1035,'Bosentan');
INSERT INTO surgery (id,date,patient_id,doctor_id) VALUES (1036,'2019-12-20',490,465);
INSERT INTO meds_for_surgery (surgery_id,med) VALUES (1036,'Furosemide');
INSERT INTO surgery (id,date,patient_id,doctor_id) VALUES (1037,'2019-12-10',212,421);
INSERT INTO meds_for_surgery (surgery_id,med) VALUES (1037,'Alendronate');
INSERT INTO surgery (id,date,patient_id,doctor_id) VALUES (1038,'2019-11-23',180,425);
INSERT INTO meds_for_surgery (surgery_id,med) VALUES (1038,'Codeine');
INSERT INTO surgery (id,date,patient_id,doctor_id) VALUES (1039,'2019-12-22',457,498);
INSERT INTO meds_for_surgery (surgery_id,med) VALUES (1039,'Didanosine');
INSERT INTO surgery (id,date,patient_id,doctor_id) VALUES (1040,'2019-12-22',224,17);
INSERT INTO meds_for_surgery (surgery_id,med) VALUES (1040,'Hydrocortisone');
INSERT INTO surgery (id,date,patient_id,doctor_id) VALUES (1041,'2019-12-11',154,69);
INSERT INTO meds_for_surgery (surgery_id,med) VALUES (1041,'Atenolol');
INSERT INTO surgery (id,date,patient_id,doctor_id) VALUES (1042,'2019-11-29',331,225);
INSERT INTO meds_for_surgery (surgery_id,med) VALUES (1042,'Cytarabine');
INSERT INTO surgery (id,date,patient_id,doctor_id) VALUES (1043,'2019-12-20',224,34);
INSERT INTO meds_for_surgery (surgery_id,med) VALUES (1043,'Trimethoprim');
INSERT INTO surgery (id,date,patient_id,doctor_id) VALUES (1044,'2019-12-10',410,151);
INSERT INTO meds_for_surgery (surgery_id,med) VALUES (1044,'Raltegravir');
INSERT INTO surgery (id,date,patient_id,doctor_id) VALUES (1045,'2019-11-28',254,34);
INSERT INTO meds_for_surgery (surgery_id,med) VALUES (1045,'Bleomycin');
INSERT INTO surgery (id,date,patient_id,doctor_id) VALUES (1046,'2019-12-22',255,348);
INSERT INTO meds_for_surgery (surgery_id,med) VALUES (1046,'Probenecid');
INSERT INTO surgery (id,date,patient_id,doctor_id) VALUES (1047,'2019-12-20',161,23);
INSERT INTO meds_for_surgery (surgery_id,med) VALUES (1047,'Paclitaxel');
INSERT INTO surgery (id,date,patient_id,doctor_id) VALUES (1048,'2019-11-29',456,320);
INSERT INTO meds_for_surgery (surgery_id,med) VALUES (1048,'Captopril');
INSERT INTO surgery (id,date,patient_id,doctor_id) VALUES (1049,'2019-12-15',60,274);
INSERT INTO meds_for_surgery (surgery_id,med) VALUES (1049,'Foscarnet');
INSERT INTO surgery (id,date,patient_id,doctor_id) VALUES (1050,'2019-11-28',135,483);
INSERT INTO meds_for_surgery (surgery_id,med) VALUES (1050,'Hydrocortisone');
INSERT INTO surgery (id,date,patient_id,doctor_id) VALUES (1051,'2019-12-03',303,366);
INSERT INTO meds_for_surgery (surgery_id,med) VALUES (1051,'Ganciclovir');
INSERT INTO surgery (id,date,patient_id,doctor_id) VALUES (1052,'2019-11-26',148,329);
INSERT INTO meds_for_surgery (surgery_id,med) VALUES (1052,'Procarbazine');
INSERT INTO surgery (id,date,patient_id,doctor_id) VALUES (1053,'2019-12-22',406,96);
INSERT INTO meds_for_surgery (surgery_id,med) VALUES (1053,'Ondansetron');
INSERT INTO surgery (id,date,patient_id,doctor_id) VALUES (1054,'2019-11-24',457,124);
INSERT INTO meds_for_surgery (surgery_id,med) VALUES (1054,'Dobutamine');
INSERT INTO surgery (id,date,patient_id,doctor_id) VALUES (1055,'2019-12-17',464,320);
INSERT INTO meds_for_surgery (surgery_id,med) VALUES (1055,'Fludarabine');
INSERT INTO surgery (id,date,patient_id,doctor_id) VALUES (1056,'2019-12-12',293,118);
INSERT INTO meds_for_surgery (surgery_id,med) VALUES (1056,'Doxorubicin');
INSERT INTO surgery (id,date,patient_id,doctor_id) VALUES (1057,'2019-12-13',322,335);
INSERT INTO meds_for_surgery (surgery_id,med) VALUES (1057,'Linezolid');
INSERT INTO surgery (id,date,patient_id,doctor_id) VALUES (1058,'2019-12-08',268,196);
INSERT INTO meds_for_surgery (surgery_id,med) VALUES (1058,'Allopurinol');
INSERT INTO surgery (id,date,patient_id,doctor_id) VALUES (1059,'2019-12-14',296,118);
INSERT INTO meds_for_surgery (surgery_id,med) VALUES (1059,'Dapsone');
INSERT INTO surgery (id,date,patient_id,doctor_id) VALUES (1060,'2019-12-15',229,335);
INSERT INTO meds_for_surgery (surgery_id,med) VALUES (1060,'Cidofovir');
INSERT INTO surgery (id,date,patient_id,doctor_id) VALUES (1061,'2019-12-19',258,439);
INSERT INTO meds_for_surgery (surgery_id,med) VALUES (1061,'Sirolimus');
INSERT INTO surgery (id,date,patient_id,doctor_id) VALUES (1062,'2019-11-28',291,151);
INSERT INTO meds_for_surgery (surgery_id,med) VALUES (1062,'Posaconazole');
INSERT INTO surgery (id,date,patient_id,doctor_id) VALUES (1063,'2019-12-22',407,11);
INSERT INTO meds_for_surgery (surgery_id,med) VALUES (1063,'Probenecid');
INSERT INTO surgery (id,date,patient_id,doctor_id) VALUES (1064,'2019-12-07',176,421);
INSERT INTO meds_for_surgery (surgery_id,med) VALUES (1064,'Fluconazole');
INSERT INTO surgery (id,date,patient_id,doctor_id) VALUES (1065,'2019-11-27',277,491);
INSERT INTO meds_for_surgery (surgery_id,med) VALUES (1065,'Valproic acid');
INSERT INTO surgery (id,date,patient_id,doctor_id) VALUES (1066,'2019-12-05',31,22);
INSERT INTO meds_for_surgery (surgery_id,med) VALUES (1066,'Fludarabine');
INSERT INTO surgery (id,date,patient_id,doctor_id) VALUES (1067,'2019-12-16',270,124);
INSERT INTO meds_for_surgery (surgery_id,med) VALUES (1067,'Cisplatin');
INSERT INTO surgery (id,date,patient_id,doctor_id) VALUES (1068,'2019-12-13',154,358);
INSERT INTO meds_for_surgery (surgery_id,med) VALUES (1068,'Omeprazole');
INSERT INTO surgery (id,date,patient_id,doctor_id) VALUES (1069,'2019-12-24',94,55);
INSERT INTO meds_for_surgery (surgery_id,med) VALUES (1069,'Amitriptyline');
INSERT INTO surgery (id,date,patient_id,doctor_id) VALUES (1070,'2019-12-02',419,27);
INSERT INTO meds_for_surgery (surgery_id,med) VALUES (1070,'Eltrombopag');
INSERT INTO surgery (id,date,patient_id,doctor_id) VALUES (1071,'2019-12-15',187,10);
INSERT INTO meds_for_surgery (surgery_id,med) VALUES (1071,'Ruxolitinib');
INSERT INTO surgery (id,date,patient_id,doctor_id) VALUES (1072,'2019-12-16',231,421);
INSERT INTO meds_for_surgery (surgery_id,med) VALUES (1072,'Doxorubicin');
INSERT INTO surgery (id,date,patient_id,doctor_id) VALUES (1073,'2019-12-17',187,329);
INSERT INTO meds_for_surgery (surgery_id,med) VALUES (1073,'Gemcitabine');
INSERT INTO surgery (id,date,patient_id,doctor_id) VALUES (1074,'2019-12-27',239,105);
INSERT INTO meds_for_surgery (surgery_id,med) VALUES (1074,'Nelarabine');
INSERT INTO surgery (id,date,patient_id,doctor_id) VALUES (1075,'2019-12-14',31,158);
INSERT INTO meds_for_surgery (surgery_id,med) VALUES (1075,'Heparin');
INSERT INTO surgery (id,date,patient_id,doctor_id) VALUES (1076,'2019-12-10',406,153);
INSERT INTO meds_for_surgery (surgery_id,med) VALUES (1076,'Cyclosporine');
INSERT INTO surgery (id,date,patient_id,doctor_id) VALUES (1077,'2019-12-22',229,348);
INSERT INTO meds_for_surgery (surgery_id,med) VALUES (1077,'Meloxicam');
INSERT INTO surgery (id,date,patient_id,doctor_id) VALUES (1078,'2019-11-23',94,276);
INSERT INTO meds_for_surgery (surgery_id,med) VALUES (1078,'Procarbazine');
INSERT INTO surgery (id,date,patient_id,doctor_id) VALUES (1079,'2019-12-07',194,417);
INSERT INTO meds_for_surgery (surgery_id,med) VALUES (1079,'Alemtuzumab');
INSERT INTO surgery (id,date,patient_id,doctor_id) VALUES (1080,'2019-11-24',273,429);
INSERT INTO meds_for_surgery (surgery_id,med) VALUES (1080,'Meloxicam');
INSERT INTO surgery (id,date,patient_id,doctor_id) VALUES (1081,'2019-11-29',209,483);
INSERT INTO meds_for_surgery (surgery_id,med) VALUES (1081,'Teniposide');
INSERT INTO surgery (id,date,patient_id,doctor_id) VALUES (1082,'2019-12-08',470,358);
INSERT INTO meds_for_surgery (surgery_id,med) VALUES (1082,'Gabapentin');
INSERT INTO surgery (id,date,patient_id,doctor_id) VALUES (1083,'2019-12-26',172,305);
INSERT INTO meds_for_surgery (surgery_id,med) VALUES (1083,'Phenobarbital');
INSERT INTO surgery (id,date,patient_id,doctor_id) VALUES (1084,'2019-11-29',406,96);
INSERT INTO meds_for_surgery (surgery_id,med) VALUES (1084,'Sunitinib');
INSERT INTO surgery (id,date,patient_id,doctor_id) VALUES (1085,'2019-12-01',270,11);
INSERT INTO meds_for_surgery (surgery_id,med) VALUES (1085,'Maraviroc');
INSERT INTO surgery (id,date,patient_id,doctor_id) VALUES (1086,'2019-12-15',94,123);
INSERT INTO meds_for_surgery (surgery_id,med) VALUES (1086,'Modafinil');
INSERT INTO surgery (id,date,patient_id,doctor_id) VALUES (1087,'2019-12-26',315,425);
INSERT INTO meds_for_surgery (surgery_id,med) VALUES (1087,'Gefitinib');
INSERT INTO surgery (id,date,patient_id,doctor_id) VALUES (1088,'2019-11-25',154,439);
INSERT INTO meds_for_surgery (surgery_id,med) VALUES (1088,'Lomustine');
INSERT INTO surgery (id,date,patient_id,doctor_id) VALUES (1089,'2019-12-18',52,354);
INSERT INTO meds_for_surgery (surgery_id,med) VALUES (1089,'Captopril');
INSERT INTO surgery (id,date,patient_id,doctor_id) VALUES (1090,'2019-11-26',414,105);
INSERT INTO meds_for_surgery (surgery_id,med) VALUES (1090,'Muromonab');
INSERT INTO surgery (id,date,patient_id,doctor_id) VALUES (1091,'2019-11-24',273,360);
INSERT INTO meds_for_surgery (surgery_id,med) VALUES (1091,'Dinutuximab');
INSERT INTO surgery (id,date,patient_id,doctor_id) VALUES (1092,'2019-12-10',33,225);
INSERT INTO meds_for_surgery (surgery_id,med) VALUES (1092,'Pegfilgrastim');
INSERT INTO surgery (id,date,patient_id,doctor_id) VALUES (1093,'2019-12-21',327,121);
INSERT INTO meds_for_surgery (surgery_id,med) VALUES (1093,'Crizotinib');
INSERT INTO surgery (id,date,patient_id,doctor_id) VALUES (1094,'2019-12-06',239,466);
INSERT INTO meds_for_surgery (surgery_id,med) VALUES (1094,'Aprepitant');
INSERT INTO surgery (id,date,patient_id,doctor_id) VALUES (1095,'2019-12-08',464,75);
INSERT INTO meds_for_surgery (surgery_id,med) VALUES (1095,'Metronidazole');
INSERT INTO surgery (id,date,patient_id,doctor_id) VALUES (1096,'2019-12-02',253,151);
INSERT INTO meds_for_surgery (surgery_id,med) VALUES (1096,'Maraviroc');
INSERT INTO surgery (id,date,patient_id,doctor_id) VALUES (1097,'2019-12-19',221,438);
INSERT INTO meds_for_surgery (surgery_id,med) VALUES (1097,'Carbamazepine');
INSERT INTO surgery (id,date,patient_id,doctor_id) VALUES (1098,'2019-12-04',255,433);
INSERT INTO meds_for_surgery (surgery_id,med) VALUES (1098,'Promethazine');
INSERT INTO surgery (id,date,patient_id,doctor_id) VALUES (1099,'2019-12-03',89,354);
INSERT INTO meds_for_surgery (surgery_id,med) VALUES (1099,'PEGaspargase');
INSERT INTO surgery (id,date,patient_id,doctor_id) VALUES (1100,'2019-12-11',280,274);
INSERT INTO meds_for_surgery (surgery_id,med) VALUES (1100,'Valproic acid');
INSERT INTO surgery (id,date,patient_id,doctor_id) VALUES (1101,'2019-12-22',64,115);
INSERT INTO meds_for_surgery (surgery_id,med) VALUES (1101,'Rituximab');
INSERT INTO surgery (id,date,patient_id,doctor_id) VALUES (1102,'2019-11-29',172,55);
INSERT INTO meds_for_surgery (surgery_id,med) VALUES (1102,'Clindamycin');
INSERT INTO surgery (id,date,patient_id,doctor_id) VALUES (1103,'2019-11-26',272,416);
INSERT INTO meds_for_surgery (surgery_id,med) VALUES (1103,'Meloxicam');
INSERT INTO surgery (id,date,patient_id,doctor_id) VALUES (1104,'2019-12-17',386,416);
INSERT INTO meds_for_surgery (surgery_id,med) VALUES (1104,'Stavudine');
INSERT INTO surgery (id,date,patient_id,doctor_id) VALUES (1105,'2019-12-20',94,11);
INSERT INTO meds_for_surgery (surgery_id,med) VALUES (1105,'Gemcitabine');
INSERT INTO surgery (id,date,patient_id,doctor_id) VALUES (1106,'2019-12-12',469,425);
INSERT INTO meds_for_surgery (surgery_id,med) VALUES (1106,'Isotretinoin');
INSERT INTO surgery (id,date,patient_id,doctor_id) VALUES (1107,'2019-12-20',370,491);
INSERT INTO meds_for_surgery (surgery_id,med) VALUES (1107,'Eltrombopag');
INSERT INTO surgery (id,date,patient_id,doctor_id) VALUES (1108,'2019-11-28',268,13);
INSERT INTO meds_for_surgery (surgery_id,med) VALUES (1108,'GM-CSF');
INSERT INTO surgery (id,date,patient_id,doctor_id) VALUES (1109,'2019-12-21',194,262);
INSERT INTO meds_for_surgery (surgery_id,med) VALUES (1109,'Abacavir');
INSERT INTO surgery (id,date,patient_id,doctor_id) VALUES (1110,'2019-12-03',280,11);
INSERT INTO meds_for_surgery (surgery_id,med) VALUES (1110,'Calcium');
INSERT INTO surgery (id,date,patient_id,doctor_id) VALUES (1111,'2019-12-02',182,423);
INSERT INTO meds_for_surgery (surgery_id,med) VALUES (1111,'Voriconazole');
INSERT INTO surgery (id,date,patient_id,doctor_id) VALUES (1112,'2019-11-28',221,417);
INSERT INTO meds_for_surgery (surgery_id,med) VALUES (1112,'Vinblastine');
INSERT INTO surgery (id,date,patient_id,doctor_id) VALUES (1113,'2019-11-28',94,123);
INSERT INTO meds_for_surgery (surgery_id,med) VALUES (1113,'Cefixime');
INSERT INTO surgery (id,date,patient_id,doctor_id) VALUES (1114,'2019-12-07',378,366);
INSERT INTO meds_for_surgery (surgery_id,med) VALUES (1114,'Melphalan');
INSERT INTO surgery (id,date,patient_id,doctor_id) VALUES (1115,'2019-11-23',131,366);
INSERT INTO meds_for_surgery (surgery_id,med) VALUES (1115,'Famciclovir');
INSERT INTO surgery (id,date,patient_id,doctor_id) VALUES (1116,'2019-12-11',33,320);
INSERT INTO meds_for_surgery (surgery_id,med) VALUES (1116,'Labetalol');
INSERT INTO surgery (id,date,patient_id,doctor_id) VALUES (1117,'2019-12-14',457,465);
INSERT INTO meds_for_surgery (surgery_id,med) VALUES (1117,'Melphalan');
INSERT INTO surgery (id,date,patient_id,doctor_id) VALUES (1118,'2019-12-23',469,24);
INSERT INTO meds_for_surgery (surgery_id,med) VALUES (1118,'Amifostine');
INSERT INTO surgery (id,date,patient_id,doctor_id) VALUES (1119,'2019-11-28',253,417);
INSERT INTO meds_for_surgery (surgery_id,med) VALUES (1119,'Rasburicase');
INSERT INTO surgery (id,date,patient_id,doctor_id) VALUES (1120,'2019-12-26',137,34);
INSERT INTO meds_for_surgery (surgery_id,med) VALUES (1120,'Meperidine');
INSERT INTO surgery (id,date,patient_id,doctor_id) VALUES (1121,'2019-12-23',470,438);
INSERT INTO meds_for_surgery (surgery_id,med) VALUES (1121,'Ifosfamide');
INSERT INTO surgery (id,date,patient_id,doctor_id) VALUES (1122,'2019-12-22',182,465);
INSERT INTO meds_for_surgery (surgery_id,med) VALUES (1122,'Enoxaparin');
INSERT INTO surgery (id,date,patient_id,doctor_id) VALUES (1123,'2019-12-06',410,360);
INSERT INTO meds_for_surgery (surgery_id,med) VALUES (1123,'Gefitinib');
INSERT INTO surgery (id,date,patient_id,doctor_id) VALUES (1124,'2019-11-30',229,301);
INSERT INTO meds_for_surgery (surgery_id,med) VALUES (1124,'Sugammadex');
INSERT INTO surgery (id,date,patient_id,doctor_id) VALUES (1125,'2019-12-01',370,27);
INSERT INTO meds_for_surgery (surgery_id,med) VALUES (1125,'Amitriptyline');
INSERT INTO surgery (id,date,patient_id,doctor_id) VALUES (1126,'2019-12-12',52,34);
INSERT INTO meds_for_surgery (surgery_id,med) VALUES (1126,'Meperidine');
INSERT INTO surgery (id,date,patient_id,doctor_id) VALUES (1127,'2019-12-20',378,466);
INSERT INTO meds_for_surgery (surgery_id,med) VALUES (1127,'Gefitinib');
INSERT INTO surgery (id,date,patient_id,doctor_id) VALUES (1128,'2019-12-23',172,491);
INSERT INTO meds_for_surgery (surgery_id,med) VALUES (1128,'Darunavir');
INSERT INTO surgery (id,date,patient_id,doctor_id) VALUES (1129,'2019-11-24',456,358);
INSERT INTO meds_for_surgery (surgery_id,med) VALUES (1129,'Amitriptyline');
INSERT INTO surgery (id,date,patient_id,doctor_id) VALUES (1130,'2019-11-27',464,402);
INSERT INTO meds_for_surgery (surgery_id,med) VALUES (1130,'Methadone');
INSERT INTO surgery (id,date,patient_id,doctor_id) VALUES (1131,'2019-12-21',209,141);
INSERT INTO meds_for_surgery (surgery_id,med) VALUES (1131,'Saquinavir');
INSERT INTO surgery (id,date,patient_id,doctor_id) VALUES (1132,'2019-12-03',135,425);
INSERT INTO meds_for_surgery (surgery_id,med) VALUES (1132,'Fludarabine');
INSERT INTO surgery (id,date,patient_id,doctor_id) VALUES (1133,'2019-11-28',229,111);
INSERT INTO meds_for_surgery (surgery_id,med) VALUES (1133,'Clofarabine');
INSERT INTO surgery (id,date,patient_id,doctor_id) VALUES (1134,'2019-12-24',436,498);
INSERT INTO meds_for_surgery (surgery_id,med) VALUES (1134,'Levothyroxine');
INSERT INTO surgery (id,date,patient_id,doctor_id) VALUES (1135,'2019-12-19',378,22);
INSERT INTO meds_for_surgery (surgery_id,med) VALUES (1135,'G-CSF');
INSERT INTO surgery (id,date,patient_id,doctor_id) VALUES (1136,'2019-11-26',407,483);
INSERT INTO meds_for_surgery (surgery_id,med) VALUES (1136,'L-glutamine');
INSERT INTO surgery (id,date,patient_id,doctor_id) VALUES (1137,'2019-12-06',94,115);
INSERT INTO meds_for_surgery (surgery_id,med) VALUES (1137,'Cyclobenzaprine');
INSERT INTO surgery (id,date,patient_id,doctor_id) VALUES (1138,'2019-12-11',258,34);
INSERT INTO meds_for_surgery (surgery_id,med) VALUES (1138,'Erlotinib');
INSERT INTO surgery (id,date,patient_id,doctor_id) VALUES (1139,'2019-11-28',199,438);
INSERT INTO meds_for_surgery (surgery_id,med) VALUES (1139,'Efavirenz');
INSERT INTO surgery (id,date,patient_id,doctor_id) VALUES (1140,'2019-12-10',224,51);
INSERT INTO meds_for_surgery (surgery_id,med) VALUES (1140,'Tobramycin');
INSERT INTO surgery (id,date,patient_id,doctor_id) VALUES (1141,'2019-12-24',97,225);
INSERT INTO meds_for_surgery (surgery_id,med) VALUES (1141,'Oxycodone');
INSERT INTO surgery (id,date,patient_id,doctor_id) VALUES (1142,'2019-12-23',327,153);
INSERT INTO meds_for_surgery (surgery_id,med) VALUES (1142,'Fluconazole');
INSERT INTO surgery (id,date,patient_id,doctor_id) VALUES (1143,'2019-12-15',212,123);
INSERT INTO meds_for_surgery (surgery_id,med) VALUES (1143,'Elvitegravir');
INSERT INTO surgery (id,date,patient_id,doctor_id) VALUES (1144,'2019-12-03',297,466);
INSERT INTO meds_for_surgery (surgery_id,med) VALUES (1144,'Clobazam');
INSERT INTO surgery (id,date,patient_id,doctor_id) VALUES (1145,'2019-12-27',222,320);
INSERT INTO meds_for_surgery (surgery_id,med) VALUES (1145,'Cefaclor');
INSERT INTO surgery (id,date,patient_id,doctor_id) VALUES (1146,'2019-12-26',386,56);
INSERT INTO meds_for_surgery (surgery_id,med) VALUES (1146,'Mesna');
INSERT INTO surgery (id,date,patient_id,doctor_id) VALUES (1147,'2019-12-25',414,422);
INSERT INTO meds_for_surgery (surgery_id,med) VALUES (1147,'Gemcitabine');
INSERT INTO surgery (id,date,patient_id,doctor_id) VALUES (1148,'2019-12-21',97,158);
INSERT INTO meds_for_surgery (surgery_id,med) VALUES (1148,'Crizotinib');
INSERT INTO surgery (id,date,patient_id,doctor_id) VALUES (1149,'2019-12-22',255,103);
INSERT INTO meds_for_surgery (surgery_id,med) VALUES (1149,'Sunitinib');
INSERT INTO surgery (id,date,patient_id,doctor_id) VALUES (1150,'2019-12-27',444,62);
INSERT INTO meds_for_surgery (surgery_id,med) VALUES (1150,'Paclitaxel');
INSERT INTO surgery (id,date,patient_id,doctor_id) VALUES (1151,'2019-12-10',353,358);
INSERT INTO meds_for_surgery (surgery_id,med) VALUES (1151,'Abacavir');
INSERT INTO surgery (id,date,patient_id,doctor_id) VALUES (1152,'2019-12-06',206,358);
INSERT INTO meds_for_surgery (surgery_id,med) VALUES (1152,'Muromonab');
INSERT INTO surgery (id,date,patient_id,doctor_id) VALUES (1153,'2019-12-22',268,10);
INSERT INTO meds_for_surgery (surgery_id,med) VALUES (1153,'Calcium');
INSERT INTO surgery (id,date,patient_id,doctor_id) VALUES (1154,'2019-12-15',444,335);
INSERT INTO meds_for_surgery (surgery_id,med) VALUES (1154,'Famciclovir');
INSERT INTO surgery (id,date,patient_id,doctor_id) VALUES (1155,'2019-12-26',174,158);
INSERT INTO meds_for_surgery (surgery_id,med) VALUES (1155,'Foscarnet');
INSERT INTO surgery (id,date,patient_id,doctor_id) VALUES (1156,'2019-11-30',31,489);
INSERT INTO meds_for_surgery (surgery_id,med) VALUES (1156,'Procarbazine');
INSERT INTO surgery (id,date,patient_id,doctor_id) VALUES (1157,'2019-12-15',181,284);
INSERT INTO meds_for_surgery (surgery_id,med) VALUES (1157,'Desmopressin');
INSERT INTO surgery (id,date,patient_id,doctor_id) VALUES (1158,'2019-12-10',273,75);
INSERT INTO meds_for_surgery (surgery_id,med) VALUES (1158,'Calcium');
INSERT INTO surgery (id,date,patient_id,doctor_id) VALUES (1159,'2019-12-26',246,75);
INSERT INTO meds_for_surgery (surgery_id,med) VALUES (1159,'Immune');
INSERT INTO surgery (id,date,patient_id,doctor_id) VALUES (1160,'2019-12-27',137,305);
INSERT INTO meds_for_surgery (surgery_id,med) VALUES (1160,'Dasatinib');
INSERT INTO surgery (id,date,patient_id,doctor_id) VALUES (1161,'2019-12-08',436,13);
INSERT INTO meds_for_surgery (surgery_id,med) VALUES (1161,'Sucralfate');
INSERT INTO surgery (id,date,patient_id,doctor_id) VALUES (1162,'2019-12-16',137,416);
INSERT INTO meds_for_surgery (surgery_id,med) VALUES (1162,'Cyclobenzaprine');
INSERT INTO surgery (id,date,patient_id,doctor_id) VALUES (1163,'2019-12-20',87,13);
INSERT INTO meds_for_surgery (surgery_id,med) VALUES (1163,'Gefitinib');
INSERT INTO surgery (id,date,patient_id,doctor_id) VALUES (1164,'2019-12-09',367,329);
INSERT INTO meds_for_surgery (surgery_id,med) VALUES (1164,'Itraconazole');
INSERT INTO surgery (id,date,patient_id,doctor_id) VALUES (1165,'2019-11-23',370,27);
INSERT INTO meds_for_surgery (surgery_id,med) VALUES (1165,'Temozolomide');
INSERT INTO surgery (id,date,patient_id,doctor_id) VALUES (1166,'2019-12-15',367,276);
INSERT INTO meds_for_surgery (surgery_id,med) VALUES (1166,'Hydrocortisone');
INSERT INTO surgery (id,date,patient_id,doctor_id) VALUES (1167,'2019-12-05',246,55);
INSERT INTO meds_for_surgery (surgery_id,med) VALUES (1167,'Saquinavir');
INSERT INTO surgery (id,date,patient_id,doctor_id) VALUES (1168,'2019-11-26',206,115);
INSERT INTO meds_for_surgery (surgery_id,med) VALUES (1168,'Carbamazepine');
INSERT INTO surgery (id,date,patient_id,doctor_id) VALUES (1169,'2019-12-16',406,301);
INSERT INTO meds_for_surgery (surgery_id,med) VALUES (1169,'Enalapril');
INSERT INTO surgery (id,date,patient_id,doctor_id) VALUES (1170,'2019-12-09',386,56);
INSERT INTO meds_for_surgery (surgery_id,med) VALUES (1170,'Sucralfate');
INSERT INTO surgery (id,date,patient_id,doctor_id) VALUES (1171,'2019-12-04',161,301);
INSERT INTO meds_for_surgery (surgery_id,med) VALUES (1171,'Vancomycin');
INSERT INTO surgery (id,date,patient_id,doctor_id) VALUES (1172,'2019-12-24',479,465);
INSERT INTO meds_for_surgery (surgery_id,med) VALUES (1172,'Aprepitant');
INSERT INTO surgery (id,date,patient_id,doctor_id) VALUES (1173,'2019-11-24',280,421);
INSERT INTO meds_for_surgery (surgery_id,med) VALUES (1173,'Cefepime');
INSERT INTO surgery (id,date,patient_id,doctor_id) VALUES (1174,'2019-12-09',327,56);
INSERT INTO meds_for_surgery (surgery_id,med) VALUES (1174,'Sirolimus');
INSERT INTO surgery (id,date,patient_id,doctor_id) VALUES (1175,'2019-11-25',464,366);
INSERT INTO meds_for_surgery (surgery_id,med) VALUES (1175,'Irinotecan');
INSERT INTO surgery (id,date,patient_id,doctor_id) VALUES (1176,'2019-11-27',370,153);
INSERT INTO meds_for_surgery (surgery_id,med) VALUES (1176,'Dronabinol');
INSERT INTO surgery (id,date,patient_id,doctor_id) VALUES (1177,'2019-12-13',48,153);
INSERT INTO meds_for_surgery (surgery_id,med) VALUES (1177,'Hydrocodone');
INSERT INTO surgery (id,date,patient_id,doctor_id) VALUES (1178,'2019-12-03',469,438);
INSERT INTO meds_for_surgery (surgery_id,med) VALUES (1178,'Isotretinoin');
INSERT INTO surgery (id,date,patient_id,doctor_id) VALUES (1179,'2019-12-22',48,24);
INSERT INTO meds_for_surgery (surgery_id,med) VALUES (1179,'Codeine');
INSERT INTO surgery (id,date,patient_id,doctor_id) VALUES (1180,'2019-12-11',135,354);
INSERT INTO meds_for_surgery (surgery_id,med) VALUES (1180,'Daunorubicin');
INSERT INTO surgery (id,date,patient_id,doctor_id) VALUES (1181,'2019-12-01',470,438);
INSERT INTO meds_for_surgery (surgery_id,med) VALUES (1181,'Interleukin');
INSERT INTO surgery (id,date,patient_id,doctor_id) VALUES (1182,'2019-11-23',173,483);
INSERT INTO meds_for_surgery (surgery_id,med) VALUES (1182,'Fluconazole');
INSERT INTO surgery (id,date,patient_id,doctor_id) VALUES (1183,'2019-12-10',187,402);
INSERT INTO meds_for_surgery (surgery_id,med) VALUES (1183,'Daunorubicin');
INSERT INTO surgery (id,date,patient_id,doctor_id) VALUES (1184,'2019-12-06',384,34);
INSERT INTO meds_for_surgery (surgery_id,med) VALUES (1184,'L-glutamine');
INSERT INTO surgery (id,date,patient_id,doctor_id) VALUES (1185,'2019-12-16',389,158);
INSERT INTO meds_for_surgery (surgery_id,med) VALUES (1185,'Etoposide');
INSERT INTO surgery (id,date,patient_id,doctor_id) VALUES (1186,'2019-12-17',476,433);
INSERT INTO meds_for_surgery (surgery_id,med) VALUES (1186,'Interleukin');
INSERT INTO surgery (id,date,patient_id,doctor_id) VALUES (1187,'2019-12-26',464,287);
INSERT INTO meds_for_surgery (surgery_id,med) VALUES (1187,'Atenolol');
INSERT INTO surgery (id,date,patient_id,doctor_id) VALUES (1188,'2019-11-30',246,47);
INSERT INTO meds_for_surgery (surgery_id,med) VALUES (1188,'Omeprazole');
INSERT INTO surgery (id,date,patient_id,doctor_id) VALUES (1189,'2019-12-18',60,162);
INSERT INTO meds_for_surgery (surgery_id,med) VALUES (1189,'Itraconazole');
INSERT INTO surgery (id,date,patient_id,doctor_id) VALUES (1190,'2019-12-02',330,121);
INSERT INTO meds_for_surgery (surgery_id,med) VALUES (1190,'Teniposide');
INSERT INTO surgery (id,date,patient_id,doctor_id) VALUES (1191,'2019-11-28',479,196);
INSERT INTO meds_for_surgery (surgery_id,med) VALUES (1191,'Bleomycin');
INSERT INTO surgery (id,date,patient_id,doctor_id) VALUES (1192,'2019-12-27',330,358);
INSERT INTO meds_for_surgery (surgery_id,med) VALUES (1192,'Pemetrexed');
INSERT INTO surgery (id,date,patient_id,doctor_id) VALUES (1193,'2019-12-16',449,62);
INSERT INTO meds_for_surgery (surgery_id,med) VALUES (1193,'Atenolol');
INSERT INTO surgery (id,date,patient_id,doctor_id) VALUES (1194,'2019-12-11',500,118);
INSERT INTO meds_for_surgery (surgery_id,med) VALUES (1194,'Phosphorus');
INSERT INTO surgery (id,date,patient_id,doctor_id) VALUES (1195,'2019-12-25',258,423);
INSERT INTO meds_for_surgery (surgery_id,med) VALUES (1195,'Sucralfate');
INSERT INTO surgery (id,date,patient_id,doctor_id) VALUES (1196,'2019-12-18',353,429);
INSERT INTO meds_for_surgery (surgery_id,med) VALUES (1196,'Ranitidine');
INSERT INTO surgery (id,date,patient_id,doctor_id) VALUES (1197,'2019-11-23',490,433);
INSERT INTO meds_for_surgery (surgery_id,med) VALUES (1197,'Gemcitabine');
INSERT INTO surgery (id,date,patient_id,doctor_id) VALUES (1198,'2019-12-02',194,320);
INSERT INTO meds_for_surgery (surgery_id,med) VALUES (1198,'Lomustine');
INSERT INTO surgery (id,date,patient_id,doctor_id) VALUES (1199,'2019-12-09',161,425);
INSERT INTO meds_for_surgery (surgery_id,med) VALUES (1199,'PEGaspargase');
INSERT INTO surgery (id,date,patient_id,doctor_id) VALUES (1200,'2019-12-01',406,402);
INSERT INTO meds_for_surgery (surgery_id,med) VALUES (1200,'Itraconazole');
INSERT INTO surgery (id,date,patient_id,doctor_id) VALUES (1201,'2019-12-27',322,382);
INSERT INTO meds_for_surgery (surgery_id,med) VALUES (1201,'Bleomycin');
INSERT INTO surgery (id,date,patient_id,doctor_id) VALUES (1202,'2019-12-17',389,439);
INSERT INTO meds_for_surgery (surgery_id,med) VALUES (1202,'Asparaginase');
INSERT INTO surgery (id,date,patient_id,doctor_id) VALUES (1203,'2019-12-17',437,75);
INSERT INTO meds_for_surgery (surgery_id,med) VALUES (1203,'Doxorubicin');
INSERT INTO surgery (id,date,patient_id,doctor_id) VALUES (1204,'2019-12-13',331,329);
INSERT INTO meds_for_surgery (surgery_id,med) VALUES (1204,'Propoxyphene');
INSERT INTO surgery (id,date,patient_id,doctor_id) VALUES (1205,'2019-12-20',410,429);
INSERT INTO meds_for_surgery (surgery_id,med) VALUES (1205,'Micafungin');
INSERT INTO surgery (id,date,patient_id,doctor_id) VALUES (1206,'2019-12-21',353,88);
INSERT INTO meds_for_surgery (surgery_id,med) VALUES (1206,'Cidofovir');
INSERT INTO surgery (id,date,patient_id,doctor_id) VALUES (1207,'2019-12-04',31,274);
INSERT INTO meds_for_surgery (surgery_id,med) VALUES (1207,'Emicizumab');
INSERT INTO surgery (id,date,patient_id,doctor_id) VALUES (1208,'2019-11-24',231,465);
INSERT INTO meds_for_surgery (surgery_id,med) VALUES (1208,'Amikacin');
INSERT INTO surgery (id,date,patient_id,doctor_id) VALUES (1209,'2019-12-18',357,445);
INSERT INTO meds_for_surgery (surgery_id,med) VALUES (1209,'PEGaspargase');
INSERT INTO surgery (id,date,patient_id,doctor_id) VALUES (1210,'2019-12-22',330,439);
INSERT INTO meds_for_surgery (surgery_id,med) VALUES (1210,'Carbamazepine');
INSERT INTO surgery (id,date,patient_id,doctor_id) VALUES (1211,'2019-12-26',20,358);
INSERT INTO meds_for_surgery (surgery_id,med) VALUES (1211,'Zidovudine');
INSERT INTO surgery (id,date,patient_id,doctor_id) VALUES (1212,'2019-12-05',86,103);
INSERT INTO meds_for_surgery (surgery_id,med) VALUES (1212,'Irinotecan');
INSERT INTO surgery (id,date,patient_id,doctor_id) VALUES (1213,'2019-12-07',322,103);
INSERT INTO meds_for_surgery (surgery_id,med) VALUES (1213,'Tretinoin');
INSERT INTO surgery (id,date,patient_id,doctor_id) VALUES (1214,'2019-12-19',239,13);
INSERT INTO meds_for_surgery (surgery_id,med) VALUES (1214,'Lopinavir');
INSERT INTO surgery (id,date,patient_id,doctor_id) VALUES (1215,'2019-12-21',188,62);
INSERT INTO meds_for_surgery (surgery_id,med) VALUES (1215,'Baclofen');
INSERT INTO surgery (id,date,patient_id,doctor_id) VALUES (1216,'2019-12-17',7,10);
INSERT INTO meds_for_surgery (surgery_id,med) VALUES (1216,'GM-CSF');
INSERT INTO surgery (id,date,patient_id,doctor_id) VALUES (1217,'2019-12-15',253,24);
INSERT INTO meds_for_surgery (surgery_id,med) VALUES (1217,'Mitoxantrone');
INSERT INTO surgery (id,date,patient_id,doctor_id) VALUES (1218,'2019-11-28',437,433);
INSERT INTO meds_for_surgery (surgery_id,med) VALUES (1218,'Propoxyphene');
INSERT INTO surgery (id,date,patient_id,doctor_id) VALUES (1219,'2019-12-23',268,105);
INSERT INTO meds_for_surgery (surgery_id,med) VALUES (1219,'Dornase alfa');
INSERT INTO surgery (id,date,patient_id,doctor_id) VALUES (1220,'2019-12-20',453,354);
INSERT INTO meds_for_surgery (surgery_id,med) VALUES (1220,'Thiotepa');
INSERT INTO surgery (id,date,patient_id,doctor_id) VALUES (1221,'2019-12-27',194,141);
INSERT INTO meds_for_surgery (surgery_id,med) VALUES (1221,'Fluconazole');
INSERT INTO surgery (id,date,patient_id,doctor_id) VALUES (1222,'2019-12-20',249,491);
INSERT INTO meds_for_surgery (surgery_id,med) VALUES (1222,'Teniposide');
INSERT INTO surgery (id,date,patient_id,doctor_id) VALUES (1223,'2019-12-05',414,348);
INSERT INTO meds_for_surgery (surgery_id,med) VALUES (1223,'Leucovorin');
INSERT INTO surgery (id,date,patient_id,doctor_id) VALUES (1224,'2019-12-22',97,111);
INSERT INTO meds_for_surgery (surgery_id,med) VALUES (1224,'Enalapril');
INSERT INTO surgery (id,date,patient_id,doctor_id) VALUES (1225,'2019-12-03',33,34);
INSERT INTO meds_for_surgery (surgery_id,med) VALUES (1225,'Magnesium');
INSERT INTO surgery (id,date,patient_id,doctor_id) VALUES (1226,'2019-11-27',260,489);
INSERT INTO meds_for_surgery (surgery_id,med) VALUES (1226,'Dobutamine');
INSERT INTO surgery (id,date,patient_id,doctor_id) VALUES (1227,'2019-12-05',457,151);
INSERT INTO meds_for_surgery (surgery_id,med) VALUES (1227,'Ritonavir');
INSERT INTO surgery (id,date,patient_id,doctor_id) VALUES (1228,'2019-12-16',457,361);
INSERT INTO meds_for_surgery (surgery_id,med) VALUES (1228,'Crizotinib');
INSERT INTO surgery (id,date,patient_id,doctor_id) VALUES (1229,'2019-11-23',134,153);
INSERT INTO meds_for_surgery (surgery_id,med) VALUES (1229,'Desmopressin');
INSERT INTO surgery (id,date,patient_id,doctor_id) VALUES (1230,'2019-12-08',102,354);
INSERT INTO meds_for_surgery (surgery_id,med) VALUES (1230,'Clofarabine');
INSERT INTO surgery (id,date,patient_id,doctor_id) VALUES (1231,'2019-12-12',414,196);
INSERT INTO meds_for_surgery (surgery_id,med) VALUES (1231,'Teniposide');
INSERT INTO surgery (id,date,patient_id,doctor_id) VALUES (1232,'2019-12-23',384,121);
INSERT INTO meds_for_surgery (surgery_id,med) VALUES (1232,'Posaconazole');
INSERT INTO surgery (id,date,patient_id,doctor_id) VALUES (1233,'2019-11-29',331,162);
INSERT INTO meds_for_surgery (surgery_id,med) VALUES (1233,'Calcium');
INSERT INTO surgery (id,date,patient_id,doctor_id) VALUES (1234,'2019-12-27',204,111);
INSERT INTO meds_for_surgery (surgery_id,med) VALUES (1234,'Methadone');
INSERT INTO surgery (id,date,patient_id,doctor_id) VALUES (1235,'2019-11-25',174,445);
INSERT INTO meds_for_surgery (surgery_id,med) VALUES (1235,'Meropenem');
INSERT INTO surgery (id,date,patient_id,doctor_id) VALUES (1236,'2019-11-27',367,51);
INSERT INTO meds_for_surgery (surgery_id,med) VALUES (1236,'Mercaptopurine');
INSERT INTO surgery (id,date,patient_id,doctor_id) VALUES (1237,'2019-11-25',456,225);
INSERT INTO meds_for_surgery (surgery_id,med) VALUES (1237,'Levothyroxine');
INSERT INTO surgery (id,date,patient_id,doctor_id) VALUES (1238,'2019-12-12',173,425);
INSERT INTO meds_for_surgery (surgery_id,med) VALUES (1238,'Methadone');
INSERT INTO surgery (id,date,patient_id,doctor_id) VALUES (1239,'2019-12-06',168,287);
INSERT INTO meds_for_surgery (surgery_id,med) VALUES (1239,'Amoxicillin');
INSERT INTO surgery (id,date,patient_id,doctor_id) VALUES (1240,'2019-12-08',357,103);
INSERT INTO meds_for_surgery (surgery_id,med) VALUES (1240,'Desmopressin');
INSERT INTO surgery (id,date,patient_id,doctor_id) VALUES (1241,'2019-12-10',194,62);
INSERT INTO meds_for_surgery (surgery_id,med) VALUES (1241,'Mitoxantrone');
INSERT INTO surgery (id,date,patient_id,doctor_id) VALUES (1242,'2019-12-09',60,491);
INSERT INTO meds_for_surgery (surgery_id,med) VALUES (1242,'Dronabinol');
INSERT INTO surgery (id,date,patient_id,doctor_id) VALUES (1243,'2019-12-09',206,56);
INSERT INTO meds_for_surgery (surgery_id,med) VALUES (1243,'Allopurinol');
INSERT INTO surgery (id,date,patient_id,doctor_id) VALUES (1244,'2019-12-15',327,312);
INSERT INTO meds_for_surgery (surgery_id,med) VALUES (1244,'Dopamine');
INSERT INTO surgery (id,date,patient_id,doctor_id) VALUES (1245,'2019-12-02',299,51);
INSERT INTO meds_for_surgery (surgery_id,med) VALUES (1245,'Dexamethasone');
INSERT INTO surgery (id,date,patient_id,doctor_id) VALUES (1246,'2019-11-25',386,445);
INSERT INTO meds_for_surgery (surgery_id,med) VALUES (1246,'Sorafenib');
INSERT INTO surgery (id,date,patient_id,doctor_id) VALUES (1247,'2019-12-09',255,243);
INSERT INTO meds_for_surgery (surgery_id,med) VALUES (1247,'Efavirenz');
INSERT INTO surgery (id,date,patient_id,doctor_id) VALUES (1248,'2019-12-11',7,13);
INSERT INTO meds_for_surgery (surgery_id,med) VALUES (1248,'Tacrolimus');
INSERT INTO surgery (id,date,patient_id,doctor_id) VALUES (1249,'2019-11-26',76,96);
INSERT INTO meds_for_surgery (surgery_id,med) VALUES (1249,'Gemcitabine');
INSERT INTO surgery (id,date,patient_id,doctor_id) VALUES (1250,'2019-12-08',268,402);
INSERT INTO meds_for_surgery (surgery_id,med) VALUES (1250,'Diclofenac');
INSERT INTO surgery (id,date,patient_id,doctor_id) VALUES (1251,'2019-12-04',102,196);
INSERT INTO meds_for_surgery (surgery_id,med) VALUES (1251,'Tobramycin');
INSERT INTO surgery (id,date,patient_id,doctor_id) VALUES (1252,'2019-11-25',222,354);
INSERT INTO meds_for_surgery (surgery_id,med) VALUES (1252,'Ifosfamide');
INSERT INTO surgery (id,date,patient_id,doctor_id) VALUES (1253,'2019-11-24',222,164);
INSERT INTO meds_for_surgery (surgery_id,med) VALUES (1253,'Stavudine');
INSERT INTO surgery (id,date,patient_id,doctor_id) VALUES (1254,'2019-11-26',270,441);
INSERT INTO meds_for_surgery (surgery_id,med) VALUES (1254,'Abacavir');
INSERT INTO surgery (id,date,patient_id,doctor_id) VALUES (1255,'2019-12-25',87,366);
INSERT INTO meds_for_surgery (surgery_id,med) VALUES (1255,'Topotecan');
INSERT INTO surgery (id,date,patient_id,doctor_id) VALUES (1256,'2019-12-01',325,423);
INSERT INTO meds_for_surgery (surgery_id,med) VALUES (1256,'Imipenem');
INSERT INTO surgery (id,date,patient_id,doctor_id) VALUES (1257,'2019-12-21',325,287);
INSERT INTO meds_for_surgery (surgery_id,med) VALUES (1257,'Cephalexin');
INSERT INTO surgery (id,date,patient_id,doctor_id) VALUES (1258,'2019-12-02',258,118);
INSERT INTO meds_for_surgery (surgery_id,med) VALUES (1258,'Itraconazole');
INSERT INTO surgery (id,date,patient_id,doctor_id) VALUES (1259,'2019-12-21',52,225);
INSERT INTO meds_for_surgery (surgery_id,med) VALUES (1259,'Tretinoin');
INSERT INTO surgery (id,date,patient_id,doctor_id) VALUES (1260,'2019-12-21',137,348);
INSERT INTO meds_for_surgery (surgery_id,med) VALUES (1260,'Propoxyphene');
INSERT INTO surgery (id,date,patient_id,doctor_id) VALUES (1261,'2019-11-24',370,329);
INSERT INTO meds_for_surgery (surgery_id,med) VALUES (1261,'Meropenem');
INSERT INTO surgery (id,date,patient_id,doctor_id) VALUES (1262,'2019-12-05',398,438);
INSERT INTO meds_for_surgery (surgery_id,med) VALUES (1262,'Mesna');
INSERT INTO surgery (id,date,patient_id,doctor_id) VALUES (1263,'2019-12-04',457,483);
INSERT INTO meds_for_surgery (surgery_id,med) VALUES (1263,'Sunitinib');
INSERT INTO surgery (id,date,patient_id,doctor_id) VALUES (1264,'2019-11-25',272,75);
INSERT INTO meds_for_surgery (surgery_id,med) VALUES (1264,'Elvitegravir');
INSERT INTO surgery (id,date,patient_id,doctor_id) VALUES (1265,'2019-11-27',389,445);
INSERT INTO meds_for_surgery (surgery_id,med) VALUES (1265,'Ondansetron');
INSERT INTO surgery (id,date,patient_id,doctor_id) VALUES (1266,'2019-11-27',20,141);
INSERT INTO meds_for_surgery (surgery_id,med) VALUES (1266,'Methylphenidate');
INSERT INTO surgery (id,date,patient_id,doctor_id) VALUES (1267,'2019-12-12',470,358);
INSERT INTO meds_for_surgery (surgery_id,med) VALUES (1267,'Immune');
INSERT INTO surgery (id,date,patient_id,doctor_id) VALUES (1268,'2019-11-28',180,151);
INSERT INTO meds_for_surgery (surgery_id,med) VALUES (1268,'Ondansetron');
INSERT INTO surgery (id,date,patient_id,doctor_id) VALUES (1269,'2019-12-18',60,445);
INSERT INTO meds_for_surgery (surgery_id,med) VALUES (1269,'Ranitidine');
INSERT INTO surgery (id,date,patient_id,doctor_id) VALUES (1270,'2019-12-23',154,225);
INSERT INTO meds_for_surgery (surgery_id,med) VALUES (1270,'Calcium');
INSERT INTO surgery (id,date,patient_id,doctor_id) VALUES (1271,'2019-11-25',403,124);
INSERT INTO meds_for_surgery (surgery_id,med) VALUES (1271,'Penicillin');
INSERT INTO surgery (id,date,patient_id,doctor_id) VALUES (1272,'2019-12-01',182,438);
INSERT INTO meds_for_surgery (surgery_id,med) VALUES (1272,'Ceftazidime');
INSERT INTO surgery (id,date,patient_id,doctor_id) VALUES (1273,'2019-12-17',52,312);
INSERT INTO meds_for_surgery (surgery_id,med) VALUES (1273,'Azithromycin');
INSERT INTO surgery (id,date,patient_id,doctor_id) VALUES (1274,'2019-12-10',453,483);
INSERT INTO meds_for_surgery (surgery_id,med) VALUES (1274,'Nelarabine');
INSERT INTO surgery (id,date,patient_id,doctor_id) VALUES (1275,'2019-11-26',367,105);
INSERT INTO meds_for_surgery (surgery_id,med) VALUES (1275,'Carmustine');
INSERT INTO surgery (id,date,patient_id,doctor_id) VALUES (1276,'2019-12-14',174,62);
INSERT INTO meds_for_surgery (surgery_id,med) VALUES (1276,'Allopurinol');
INSERT INTO surgery (id,date,patient_id,doctor_id) VALUES (1277,'2019-11-25',182,105);
INSERT INTO meds_for_surgery (surgery_id,med) VALUES (1277,'Cidofovir');
INSERT INTO surgery (id,date,patient_id,doctor_id) VALUES (1278,'2019-12-11',172,301);
INSERT INTO meds_for_surgery (surgery_id,med) VALUES (1278,'Clindamycin');
INSERT INTO surgery (id,date,patient_id,doctor_id) VALUES (1279,'2019-12-19',470,162);
INSERT INTO meds_for_surgery (surgery_id,med) VALUES (1279,'Bosentan');
INSERT INTO surgery (id,date,patient_id,doctor_id) VALUES (1280,'2019-12-01',293,441);
INSERT INTO meds_for_surgery (surgery_id,med) VALUES (1280,'Warfarin');
INSERT INTO surgery (id,date,patient_id,doctor_id) VALUES (1281,'2019-12-06',231,335);
INSERT INTO meds_for_surgery (surgery_id,med) VALUES (1281,'Daunorubicin');
INSERT INTO surgery (id,date,patient_id,doctor_id) VALUES (1282,'2019-12-12',453,438);
INSERT INTO meds_for_surgery (surgery_id,med) VALUES (1282,'Rasburicase');
INSERT INTO surgery (id,date,patient_id,doctor_id) VALUES (1283,'2019-12-02',386,55);
INSERT INTO meds_for_surgery (surgery_id,med) VALUES (1283,'Hydralazine');
INSERT INTO surgery (id,date,patient_id,doctor_id) VALUES (1284,'2019-11-25',254,335);
INSERT INTO meds_for_surgery (surgery_id,med) VALUES (1284,'Hydromorphone');
INSERT INTO surgery (id,date,patient_id,doctor_id) VALUES (1285,'2019-12-10',370,366);
INSERT INTO meds_for_surgery (surgery_id,med) VALUES (1285,'Hydralazine');
INSERT INTO surgery (id,date,patient_id,doctor_id) VALUES (1286,'2019-12-08',253,287);
INSERT INTO meds_for_surgery (surgery_id,med) VALUES (1286,'Ruxolitinib');
INSERT INTO surgery (id,date,patient_id,doctor_id) VALUES (1287,'2019-12-11',97,366);
INSERT INTO meds_for_surgery (surgery_id,med) VALUES (1287,'Cefaclor');
INSERT INTO surgery (id,date,patient_id,doctor_id) VALUES (1288,'2019-12-11',188,312);
INSERT INTO meds_for_surgery (surgery_id,med) VALUES (1288,'Metronidazole');
INSERT INTO surgery (id,date,patient_id,doctor_id) VALUES (1289,'2019-11-30',181,301);
INSERT INTO meds_for_surgery (surgery_id,med) VALUES (1289,'Thioguanine');
INSERT INTO surgery (id,date,patient_id,doctor_id) VALUES (1290,'2019-12-26',378,361);
INSERT INTO meds_for_surgery (surgery_id,med) VALUES (1290,'Ceftazidime');
INSERT INTO surgery (id,date,patient_id,doctor_id) VALUES (1291,'2019-11-23',7,164);
INSERT INTO meds_for_surgery (surgery_id,med) VALUES (1291,'Interferon');
INSERT INTO surgery (id,date,patient_id,doctor_id) VALUES (1292,'2019-12-24',253,262);
INSERT INTO meds_for_surgery (surgery_id,med) VALUES (1292,'Lopinavir');
INSERT INTO surgery (id,date,patient_id,doctor_id) VALUES (1293,'2019-11-28',172,445);
INSERT INTO meds_for_surgery (surgery_id,med) VALUES (1293,'Calcium');
INSERT INTO surgery (id,date,patient_id,doctor_id) VALUES (1294,'2019-11-25',76,433);
INSERT INTO meds_for_surgery (surgery_id,med) VALUES (1294,'Cyclosporine');
INSERT INTO surgery (id,date,patient_id,doctor_id) VALUES (1295,'2019-12-07',168,51);
INSERT INTO meds_for_surgery (surgery_id,med) VALUES (1295,'Acyclovir');
INSERT INTO surgery (id,date,patient_id,doctor_id) VALUES (1296,'2019-12-04',253,56);
INSERT INTO meds_for_surgery (surgery_id,med) VALUES (1296,'Mycophenolate');
INSERT INTO surgery (id,date,patient_id,doctor_id) VALUES (1297,'2019-12-19',60,115);
INSERT INTO meds_for_surgery (surgery_id,med) VALUES (1297,'Meloxicam');
INSERT INTO surgery (id,date,patient_id,doctor_id) VALUES (1298,'2019-12-24',15,151);
INSERT INTO meds_for_surgery (surgery_id,med) VALUES (1298,'Muromonab');
INSERT INTO surgery (id,date,patient_id,doctor_id) VALUES (1299,'2019-12-25',403,438);
INSERT INTO meds_for_surgery (surgery_id,med) VALUES (1299,'Teniposide');
INSERT INTO surgery (id,date,patient_id,doctor_id) VALUES (1300,'2019-11-24',273,62);
INSERT INTO meds_for_surgery (surgery_id,med) VALUES (1300,'Calcium');
INSERT INTO surgery (id,date,patient_id,doctor_id) VALUES (1301,'2019-12-12',453,498);
INSERT INTO meds_for_surgery (surgery_id,med) VALUES (1301,'Meropenem');
INSERT INTO surgery (id,date,patient_id,doctor_id) VALUES (1302,'2019-12-03',419,422);
INSERT INTO meds_for_surgery (surgery_id,med) VALUES (1302,'Mitotane');
INSERT INTO surgery (id,date,patient_id,doctor_id) VALUES (1303,'2019-12-09',490,34);
INSERT INTO meds_for_surgery (surgery_id,med) VALUES (1303,'Atenolol');
INSERT INTO surgery (id,date,patient_id,doctor_id) VALUES (1304,'2019-12-21',31,441);
INSERT INTO meds_for_surgery (surgery_id,med) VALUES (1304,'Rasburicase');
INSERT INTO surgery (id,date,patient_id,doctor_id) VALUES (1305,'2019-11-30',449,425);
INSERT INTO meds_for_surgery (surgery_id,med) VALUES (1305,'Methadone');
INSERT INTO surgery (id,date,patient_id,doctor_id) VALUES (1306,'2019-12-15',290,17);
INSERT INTO meds_for_surgery (surgery_id,med) VALUES (1306,'Pegfilgrastim');
INSERT INTO surgery (id,date,patient_id,doctor_id) VALUES (1307,'2019-12-13',249,34);
INSERT INTO meds_for_surgery (surgery_id,med) VALUES (1307,'Cefepime');
INSERT INTO surgery (id,date,patient_id,doctor_id) VALUES (1308,'2019-12-09',249,423);
INSERT INTO meds_for_surgery (surgery_id,med) VALUES (1308,'Bleomycin');
INSERT INTO surgery (id,date,patient_id,doctor_id) VALUES (1309,'2019-11-28',176,105);
INSERT INTO meds_for_surgery (surgery_id,med) VALUES (1309,'Amikacin');
INSERT INTO surgery (id,date,patient_id,doctor_id) VALUES (1310,'2019-12-11',131,129);
INSERT INTO meds_for_surgery (surgery_id,med) VALUES (1310,'Clofarabine');
INSERT INTO surgery (id,date,patient_id,doctor_id) VALUES (1311,'2019-12-14',303,491);
INSERT INTO meds_for_surgery (surgery_id,med) VALUES (1311,'G-CSF');
INSERT INTO surgery (id,date,patient_id,doctor_id) VALUES (1312,'2019-12-15',135,491);
INSERT INTO meds_for_surgery (surgery_id,med) VALUES (1312,'Fludarabine');
INSERT INTO surgery (id,date,patient_id,doctor_id) VALUES (1313,'2019-12-01',410,348);
INSERT INTO meds_for_surgery (surgery_id,med) VALUES (1313,'Vincristine');
INSERT INTO surgery (id,date,patient_id,doctor_id) VALUES (1314,'2019-11-28',384,276);
INSERT INTO meds_for_surgery (surgery_id,med) VALUES (1314,'Alendronate');
INSERT INTO surgery (id,date,patient_id,doctor_id) VALUES (1315,'2019-12-23',229,141);
INSERT INTO meds_for_surgery (surgery_id,med) VALUES (1315,'Asparaginase');
INSERT INTO surgery (id,date,patient_id,doctor_id) VALUES (1316,'2019-12-11',199,24);
INSERT INTO meds_for_surgery (surgery_id,med) VALUES (1316,'Mycophenolate');
INSERT INTO surgery (id,date,patient_id,doctor_id) VALUES (1317,'2019-12-13',325,499);
INSERT INTO meds_for_surgery (surgery_id,med) VALUES (1317,'Amikacin');
INSERT INTO surgery (id,date,patient_id,doctor_id) VALUES (1318,'2019-12-18',181,118);
INSERT INTO meds_for_surgery (surgery_id,med) VALUES (1318,'Etravirine');
INSERT INTO surgery (id,date,patient_id,doctor_id) VALUES (1319,'2019-12-25',199,111);
INSERT INTO meds_for_surgery (surgery_id,med) VALUES (1319,'Mycophenolate');
INSERT INTO surgery (id,date,patient_id,doctor_id) VALUES (1320,'2019-11-23',280,287);
INSERT INTO meds_for_surgery (surgery_id,med) VALUES (1320,'Enoxaparin');
INSERT INTO surgery (id,date,patient_id,doctor_id) VALUES (1321,'2019-12-13',209,129);
INSERT INTO meds_for_surgery (surgery_id,med) VALUES (1321,'Nelfinavir');
INSERT INTO surgery (id,date,patient_id,doctor_id) VALUES (1322,'2019-12-08',7,10);
INSERT INTO meds_for_surgery (surgery_id,med) VALUES (1322,'Gefitinib');
INSERT INTO surgery (id,date,patient_id,doctor_id) VALUES (1323,'2019-11-28',176,465);
INSERT INTO meds_for_surgery (surgery_id,med) VALUES (1323,'Mesna');
INSERT INTO surgery (id,date,patient_id,doctor_id) VALUES (1324,'2019-12-18',384,24);
INSERT INTO meds_for_surgery (surgery_id,med) VALUES (1324,'Irinotecan');
INSERT INTO surgery (id,date,patient_id,doctor_id) VALUES (1325,'2019-12-25',209,348);
INSERT INTO meds_for_surgery (surgery_id,med) VALUES (1325,'Irinotecan');
INSERT INTO surgery (id,date,patient_id,doctor_id) VALUES (1326,'2019-12-24',291,276);
INSERT INTO meds_for_surgery (surgery_id,med) VALUES (1326,'Carboplatin');
INSERT INTO surgery (id,date,patient_id,doctor_id) VALUES (1327,'2019-11-29',398,421);
INSERT INTO meds_for_surgery (surgery_id,med) VALUES (1327,'Bosentan');
INSERT INTO surgery (id,date,patient_id,doctor_id) VALUES (1328,'2019-12-15',403,17);
INSERT INTO meds_for_surgery (surgery_id,med) VALUES (1328,'Carboplatin');
INSERT INTO surgery (id,date,patient_id,doctor_id) VALUES (1329,'2019-11-30',327,301);
INSERT INTO meds_for_surgery (surgery_id,med) VALUES (1329,'Irinotecan');
INSERT INTO surgery (id,date,patient_id,doctor_id) VALUES (1330,'2019-12-21',231,423);
INSERT INTO meds_for_surgery (surgery_id,med) VALUES (1330,'Ranitidine');
INSERT INTO surgery (id,date,patient_id,doctor_id) VALUES (1331,'2019-12-10',64,11);
INSERT INTO meds_for_surgery (surgery_id,med) VALUES (1331,'Temozolomide');
INSERT INTO surgery (id,date,patient_id,doctor_id) VALUES (1332,'2019-12-06',135,10);
INSERT INTO meds_for_surgery (surgery_id,med) VALUES (1332,'Ranitidine');
INSERT INTO surgery (id,date,patient_id,doctor_id) VALUES (1333,'2019-12-04',76,27);
INSERT INTO meds_for_surgery (surgery_id,med) VALUES (1333,'Tacrolimus');
INSERT INTO surgery (id,date,patient_id,doctor_id) VALUES (1334,'2019-12-23',187,124);
INSERT INTO meds_for_surgery (surgery_id,med) VALUES (1334,'Granisetron');
INSERT INTO surgery (id,date,patient_id,doctor_id) VALUES (1335,'2019-12-12',254,348);
INSERT INTO meds_for_surgery (surgery_id,med) VALUES (1335,'Emicizumab');
INSERT INTO surgery (id,date,patient_id,doctor_id) VALUES (1336,'2019-11-26',457,274);
INSERT INTO meds_for_surgery (surgery_id,med) VALUES (1336,'Furosemide');
INSERT INTO surgery (id,date,patient_id,doctor_id) VALUES (1337,'2019-12-03',194,422);
INSERT INTO meds_for_surgery (surgery_id,med) VALUES (1337,'Neuromuscular');
INSERT INTO surgery (id,date,patient_id,doctor_id) VALUES (1338,'2019-12-05',20,438);
INSERT INTO meds_for_surgery (surgery_id,med) VALUES (1338,'Raltegravir');
INSERT INTO surgery (id,date,patient_id,doctor_id) VALUES (1339,'2019-11-26',246,312);
INSERT INTO meds_for_surgery (surgery_id,med) VALUES (1339,'Hydrocodone');
INSERT INTO surgery (id,date,patient_id,doctor_id) VALUES (1340,'2019-11-24',173,416);
INSERT INTO meds_for_surgery (surgery_id,med) VALUES (1340,'Imipenem');
INSERT INTO surgery (id,date,patient_id,doctor_id) VALUES (1341,'2019-12-13',327,358);
INSERT INTO meds_for_surgery (surgery_id,med) VALUES (1341,'Ketoconazole');
INSERT INTO surgery (id,date,patient_id,doctor_id) VALUES (1342,'2019-11-28',76,423);
INSERT INTO meds_for_surgery (surgery_id,med) VALUES (1342,'Paclitaxel');
INSERT INTO surgery (id,date,patient_id,doctor_id) VALUES (1343,'2019-12-09',20,489);
INSERT INTO meds_for_surgery (surgery_id,med) VALUES (1343,'Posaconazole');
INSERT INTO surgery (id,date,patient_id,doctor_id) VALUES (1344,'2019-12-19',224,141);
INSERT INTO meds_for_surgery (surgery_id,med) VALUES (1344,'Prednisone');
INSERT INTO surgery (id,date,patient_id,doctor_id) VALUES (1345,'2019-12-04',437,354);
INSERT INTO meds_for_surgery (surgery_id,med) VALUES (1345,'Zidovudine');
INSERT INTO surgery (id,date,patient_id,doctor_id) VALUES (1346,'2019-12-24',76,75);
INSERT INTO meds_for_surgery (surgery_id,med) VALUES (1346,'Ondansetron');
INSERT INTO surgery (id,date,patient_id,doctor_id) VALUES (1347,'2019-12-01',209,111);
INSERT INTO meds_for_surgery (surgery_id,med) VALUES (1347,'Gabapentin');
INSERT INTO surgery (id,date,patient_id,doctor_id) VALUES (1348,'2019-12-07',296,329);
INSERT INTO meds_for_surgery (surgery_id,med) VALUES (1348,'Granisetron');
INSERT INTO surgery (id,date,patient_id,doctor_id) VALUES (1349,'2019-12-06',327,105);
INSERT INTO meds_for_surgery (surgery_id,med) VALUES (1349,'Foscarnet');
INSERT INTO surgery (id,date,patient_id,doctor_id) VALUES (1350,'2019-11-26',188,354);
INSERT INTO meds_for_surgery (surgery_id,med) VALUES (1350,'Crizotinib');
INSERT INTO surgery (id,date,patient_id,doctor_id) VALUES (1351,'2019-11-28',97,441);
INSERT INTO meds_for_surgery (surgery_id,med) VALUES (1351,'Neuromuscular');
INSERT INTO surgery (id,date,patient_id,doctor_id) VALUES (1352,'2019-11-28',94,498);
INSERT INTO meds_for_surgery (surgery_id,med) VALUES (1352,'Carmustine');
INSERT INTO surgery (id,date,patient_id,doctor_id) VALUES (1353,'2019-11-29',406,351);
INSERT INTO meds_for_surgery (surgery_id,med) VALUES (1353,'Dactinomycin');
INSERT INTO surgery (id,date,patient_id,doctor_id) VALUES (1354,'2019-12-01',299,423);
INSERT INTO meds_for_surgery (surgery_id,med) VALUES (1354,'Captopril');
INSERT INTO surgery (id,date,patient_id,doctor_id) VALUES (1355,'2019-12-27',327,421);
INSERT INTO meds_for_surgery (surgery_id,med) VALUES (1355,'Carmustine');
INSERT INTO surgery (id,date,patient_id,doctor_id) VALUES (1356,'2019-12-18',246,55);
INSERT INTO meds_for_surgery (surgery_id,med) VALUES (1356,'Teniposide');
INSERT INTO surgery (id,date,patient_id,doctor_id) VALUES (1357,'2019-12-05',188,425);
INSERT INTO meds_for_surgery (surgery_id,med) VALUES (1357,'Dasatinib');
INSERT INTO surgery (id,date,patient_id,doctor_id) VALUES (1358,'2019-12-04',137,164);
INSERT INTO meds_for_surgery (surgery_id,med) VALUES (1358,'Topotecan');
INSERT INTO surgery (id,date,patient_id,doctor_id) VALUES (1359,'2019-11-26',384,489);
INSERT INTO meds_for_surgery (surgery_id,med) VALUES (1359,'Tretinoin');
INSERT INTO surgery (id,date,patient_id,doctor_id) VALUES (1360,'2019-11-28',89,196);
INSERT INTO meds_for_surgery (surgery_id,med) VALUES (1360,'Modafinil');
INSERT INTO surgery (id,date,patient_id,doctor_id) VALUES (1361,'2019-12-08',322,75);
INSERT INTO meds_for_surgery (surgery_id,med) VALUES (1361,'Pentamidine');
INSERT INTO surgery (id,date,patient_id,doctor_id) VALUES (1362,'2019-12-14',324,499);
INSERT INTO meds_for_surgery (surgery_id,med) VALUES (1362,'Hydrocodone');
INSERT INTO surgery (id,date,patient_id,doctor_id) VALUES (1363,'2019-12-15',148,162);
INSERT INTO meds_for_surgery (surgery_id,med) VALUES (1363,'Famciclovir');
INSERT INTO surgery (id,date,patient_id,doctor_id) VALUES (1364,'2019-12-03',464,55);
INSERT INTO meds_for_surgery (surgery_id,med) VALUES (1364,'Posaconazole');
INSERT INTO surgery (id,date,patient_id,doctor_id) VALUES (1365,'2019-12-14',20,34);
INSERT INTO meds_for_surgery (surgery_id,med) VALUES (1365,'Interleukin');
INSERT INTO surgery (id,date,patient_id,doctor_id) VALUES (1366,'2019-12-03',231,366);
INSERT INTO meds_for_surgery (surgery_id,med) VALUES (1366,'Promethazine');
INSERT INTO surgery (id,date,patient_id,doctor_id) VALUES (1367,'2019-12-01',490,466);
INSERT INTO meds_for_surgery (surgery_id,med) VALUES (1367,'Granisetron');
INSERT INTO surgery (id,date,patient_id,doctor_id) VALUES (1368,'2019-11-23',456,164);
INSERT INTO meds_for_surgery (surgery_id,med) VALUES (1368,'Dactinomycin');
INSERT INTO surgery (id,date,patient_id,doctor_id) VALUES (1369,'2019-11-28',86,158);
INSERT INTO meds_for_surgery (surgery_id,med) VALUES (1369,'Doxorubicin');
INSERT INTO surgery (id,date,patient_id,doctor_id) VALUES (1370,'2019-12-10',370,445);
INSERT INTO meds_for_surgery (surgery_id,med) VALUES (1370,'GM-CSF');
INSERT INTO surgery (id,date,patient_id,doctor_id) VALUES (1371,'2019-11-25',470,465);
INSERT INTO meds_for_surgery (surgery_id,med) VALUES (1371,'Nelfinavir');
INSERT INTO surgery (id,date,patient_id,doctor_id) VALUES (1372,'2019-12-07',290,225);
INSERT INTO meds_for_surgery (surgery_id,med) VALUES (1372,'Ganciclovir');
INSERT INTO surgery (id,date,patient_id,doctor_id) VALUES (1373,'2019-11-29',272,358);
INSERT INTO meds_for_surgery (surgery_id,med) VALUES (1373,'Foscarnet');
INSERT INTO surgery (id,date,patient_id,doctor_id) VALUES (1374,'2019-11-24',221,433);
INSERT INTO meds_for_surgery (surgery_id,med) VALUES (1374,'Didanosine');
INSERT INTO surgery (id,date,patient_id,doctor_id) VALUES (1375,'2019-12-14',469,276);
INSERT INTO meds_for_surgery (surgery_id,med) VALUES (1375,'Carbamazepine');
INSERT INTO surgery (id,date,patient_id,doctor_id) VALUES (1376,'2019-12-22',479,115);
INSERT INTO meds_for_surgery (surgery_id,med) VALUES (1376,'Lamivudine');
INSERT INTO surgery (id,date,patient_id,doctor_id) VALUES (1377,'2019-12-13',173,56);
INSERT INTO meds_for_surgery (surgery_id,med) VALUES (1377,'Posaconazole');
INSERT INTO surgery (id,date,patient_id,doctor_id) VALUES (1378,'2019-12-13',7,158);
INSERT INTO meds_for_surgery (surgery_id,med) VALUES (1378,'Cytarabine');
INSERT INTO surgery (id,date,patient_id,doctor_id) VALUES (1379,'2019-12-07',20,329);
INSERT INTO meds_for_surgery (surgery_id,med) VALUES (1379,'Hydromorphone');
INSERT INTO surgery (id,date,patient_id,doctor_id) VALUES (1380,'2019-11-27',255,103);
INSERT INTO meds_for_surgery (surgery_id,med) VALUES (1380,'Magnesium');
INSERT INTO surgery (id,date,patient_id,doctor_id) VALUES (1381,'2019-11-27',327,10);
INSERT INTO meds_for_surgery (surgery_id,med) VALUES (1381,'Meloxicam');
INSERT INTO surgery (id,date,patient_id,doctor_id) VALUES (1382,'2019-12-02',293,284);
INSERT INTO meds_for_surgery (surgery_id,med) VALUES (1382,'Dapsone');
INSERT INTO surgery (id,date,patient_id,doctor_id) VALUES (1383,'2019-12-04',242,358);
INSERT INTO meds_for_surgery (surgery_id,med) VALUES (1383,'Carboplatin');
INSERT INTO surgery (id,date,patient_id,doctor_id) VALUES (1384,'2019-12-18',48,329);
INSERT INTO meds_for_surgery (surgery_id,med) VALUES (1384,'Bortezomib');
INSERT INTO surgery (id,date,patient_id,doctor_id) VALUES (1385,'2019-12-08',270,243);
INSERT INTO meds_for_surgery (surgery_id,med) VALUES (1385,'Busulfan');
INSERT INTO surgery (id,date,patient_id,doctor_id) VALUES (1386,'2019-12-07',212,56);
INSERT INTO meds_for_surgery (surgery_id,med) VALUES (1386,'Gabapentin');
INSERT INTO surgery (id,date,patient_id,doctor_id) VALUES (1387,'2019-12-01',327,439);
INSERT INTO meds_for_surgery (surgery_id,med) VALUES (1387,'Cefepime');
INSERT INTO surgery (id,date,patient_id,doctor_id) VALUES (1388,'2019-12-01',386,499);
INSERT INTO meds_for_surgery (surgery_id,med) VALUES (1388,'GM-CSF');
INSERT INTO surgery (id,date,patient_id,doctor_id) VALUES (1389,'2019-11-30',102,466);
INSERT INTO meds_for_surgery (surgery_id,med) VALUES (1389,'Isotretinoin');
INSERT INTO surgery (id,date,patient_id,doctor_id) VALUES (1390,'2019-12-03',270,225);
INSERT INTO meds_for_surgery (surgery_id,med) VALUES (1390,'Pemetrexed');
INSERT INTO surgery (id,date,patient_id,doctor_id) VALUES (1391,'2019-12-14',135,47);
INSERT INTO meds_for_surgery (surgery_id,med) VALUES (1391,'Ceftazidime');
INSERT INTO surgery (id,date,patient_id,doctor_id) VALUES (1392,'2019-12-19',457,162);
INSERT INTO meds_for_surgery (surgery_id,med) VALUES (1392,'Clindamycin');
INSERT INTO surgery (id,date,patient_id,doctor_id) VALUES (1393,'2019-11-23',87,483);
INSERT INTO meds_for_surgery (surgery_id,med) VALUES (1393,'Stavudine');
INSERT INTO surgery (id,date,patient_id,doctor_id) VALUES (1394,'2019-11-26',102,22);
INSERT INTO meds_for_surgery (surgery_id,med) VALUES (1394,'Thiotepa');
INSERT INTO surgery (id,date,patient_id,doctor_id) VALUES (1395,'2019-11-29',464,27);
INSERT INTO meds_for_surgery (surgery_id,med) VALUES (1395,'Atenolol');
INSERT INTO surgery (id,date,patient_id,doctor_id) VALUES (1396,'2019-11-26',222,489);
INSERT INTO meds_for_surgery (surgery_id,med) VALUES (1396,'Probenecid');
INSERT INTO surgery (id,date,patient_id,doctor_id) VALUES (1397,'2019-12-07',86,11);
INSERT INTO meds_for_surgery (surgery_id,med) VALUES (1397,'Clofarabine');
INSERT INTO surgery (id,date,patient_id,doctor_id) VALUES (1398,'2019-12-15',255,115);
INSERT INTO meds_for_surgery (surgery_id,med) VALUES (1398,'Amitriptyline');
INSERT INTO surgery (id,date,patient_id,doctor_id) VALUES (1399,'2019-12-15',449,69);
INSERT INTO meds_for_surgery (surgery_id,med) VALUES (1399,'Elvitegravir');
INSERT INTO surgery (id,date,patient_id,doctor_id) VALUES (1400,'2019-12-19',87,105);
INSERT INTO meds_for_surgery (surgery_id,med) VALUES (1400,'Neuromuscular');
INSERT INTO surgery (id,date,patient_id,doctor_id) VALUES (1401,'2019-12-22',327,55);
INSERT INTO meds_for_surgery (surgery_id,med) VALUES (1401,'Nevirapine');
INSERT INTO surgery (id,date,patient_id,doctor_id) VALUES (1402,'2019-12-11',322,55);
INSERT INTO meds_for_surgery (surgery_id,med) VALUES (1402,'Darunavir');
INSERT INTO surgery (id,date,patient_id,doctor_id) VALUES (1403,'2019-12-25',229,425);
INSERT INTO meds_for_surgery (surgery_id,med) VALUES (1403,'Dacarbazine');
INSERT INTO surgery (id,date,patient_id,doctor_id) VALUES (1404,'2019-11-23',97,10);
INSERT INTO meds_for_surgery (surgery_id,med) VALUES (1404,'Cyproheptadine');
INSERT INTO surgery (id,date,patient_id,doctor_id) VALUES (1405,'2019-12-18',386,417);
INSERT INTO meds_for_surgery (surgery_id,med) VALUES (1405,'G-CSF');
INSERT INTO surgery (id,date,patient_id,doctor_id) VALUES (1406,'2019-11-23',195,158);
INSERT INTO meds_for_surgery (surgery_id,med) VALUES (1406,'Cidofovir');
INSERT INTO surgery (id,date,patient_id,doctor_id) VALUES (1407,'2019-11-29',444,491);
INSERT INTO meds_for_surgery (surgery_id,med) VALUES (1407,'Asparaginase');
INSERT INTO surgery (id,date,patient_id,doctor_id) VALUES (1408,'2019-12-08',33,489);
INSERT INTO meds_for_surgery (surgery_id,med) VALUES (1408,'Atazanavir');
INSERT INTO surgery (id,date,patient_id,doctor_id) VALUES (1409,'2019-11-30',194,320);
INSERT INTO meds_for_surgery (surgery_id,med) VALUES (1409,'Cladribine');
INSERT INTO surgery (id,date,patient_id,doctor_id) VALUES (1410,'2019-12-27',204,421);
INSERT INTO meds_for_surgery (surgery_id,med) VALUES (1410,'Daunorubicin');
INSERT INTO surgery (id,date,patient_id,doctor_id) VALUES (1411,'2019-12-13',254,329);
INSERT INTO meds_for_surgery (surgery_id,med) VALUES (1411,'Phenytoin');
INSERT INTO surgery (id,date,patient_id,doctor_id) VALUES (1412,'2019-12-05',137,153);
INSERT INTO meds_for_surgery (surgery_id,med) VALUES (1412,'Dinutuximab');
INSERT INTO surgery (id,date,patient_id,doctor_id) VALUES (1413,'2019-12-23',407,13);
INSERT INTO meds_for_surgery (surgery_id,med) VALUES (1413,'Vancomycin');
INSERT INTO surgery (id,date,patient_id,doctor_id) VALUES (1414,'2019-11-23',161,88);
INSERT INTO meds_for_surgery (surgery_id,med) VALUES (1414,'Imipenem');
INSERT INTO surgery (id,date,patient_id,doctor_id) VALUES (1415,'2019-12-09',20,335);
INSERT INTO meds_for_surgery (surgery_id,med) VALUES (1415,'Atazanavir');
INSERT INTO surgery (id,date,patient_id,doctor_id) VALUES (1416,'2019-12-07',456,69);
INSERT INTO meds_for_surgery (surgery_id,med) VALUES (1416,'Warfarin');
INSERT INTO surgery (id,date,patient_id,doctor_id) VALUES (1417,'2019-12-10',194,351);
INSERT INTO meds_for_surgery (surgery_id,med) VALUES (1417,'GM-CSF');
INSERT INTO surgery (id,date,patient_id,doctor_id) VALUES (1418,'2019-11-23',398,498);
INSERT INTO meds_for_surgery (surgery_id,med) VALUES (1418,'Cyclosporine');
INSERT INTO surgery (id,date,patient_id,doctor_id) VALUES (1419,'2019-12-17',357,433);
INSERT INTO meds_for_surgery (surgery_id,med) VALUES (1419,'Warfarin');
INSERT INTO surgery (id,date,patient_id,doctor_id) VALUES (1420,'2019-12-11',299,13);
INSERT INTO meds_for_surgery (surgery_id,med) VALUES (1420,'Stavudine');
INSERT INTO surgery (id,date,patient_id,doctor_id) VALUES (1421,'2019-12-19',268,111);
INSERT INTO meds_for_surgery (surgery_id,med) VALUES (1421,'Prednisone');
INSERT INTO surgery (id,date,patient_id,doctor_id) VALUES (1422,'2019-12-01',330,24);
INSERT INTO meds_for_surgery (surgery_id,med) VALUES (1422,'Stavudine');
INSERT INTO surgery (id,date,patient_id,doctor_id) VALUES (1423,'2019-12-05',176,366);
INSERT INTO meds_for_surgery (surgery_id,med) VALUES (1423,'Posaconazole');
INSERT INTO surgery (id,date,patient_id,doctor_id) VALUES (1424,'2019-12-13',315,121);
INSERT INTO meds_for_surgery (surgery_id,med) VALUES (1424,'Codeine');
INSERT INTO surgery (id,date,patient_id,doctor_id) VALUES (1425,'2019-12-24',180,366);
INSERT INTO meds_for_surgery (surgery_id,med) VALUES (1425,'Cefuroxime');
INSERT INTO surgery (id,date,patient_id,doctor_id) VALUES (1426,'2019-12-20',87,158);
INSERT INTO meds_for_surgery (surgery_id,med) VALUES (1426,'Gabapentin');
INSERT INTO surgery (id,date,patient_id,doctor_id) VALUES (1427,'2019-11-30',31,329);
INSERT INTO meds_for_surgery (surgery_id,med) VALUES (1427,'Irinotecan');
INSERT INTO surgery (id,date,patient_id,doctor_id) VALUES (1428,'2019-12-19',242,88);
INSERT INTO meds_for_surgery (surgery_id,med) VALUES (1428,'Cefaclor');
INSERT INTO surgery (id,date,patient_id,doctor_id) VALUES (1429,'2019-12-18',131,24);
INSERT INTO meds_for_surgery (surgery_id,med) VALUES (1429,'Phosphorus');
INSERT INTO surgery (id,date,patient_id,doctor_id) VALUES (1430,'2019-12-07',182,118);
INSERT INTO meds_for_surgery (surgery_id,med) VALUES (1430,'Mycophenolate');
INSERT INTO surgery (id,date,patient_id,doctor_id) VALUES (1431,'2019-12-15',280,51);
INSERT INTO meds_for_surgery (surgery_id,med) VALUES (1431,'Darunavir');
INSERT INTO surgery (id,date,patient_id,doctor_id) VALUES (1432,'2019-12-13',272,24);
INSERT INTO meds_for_surgery (surgery_id,med) VALUES (1432,'Imatinib');
INSERT INTO surgery (id,date,patient_id,doctor_id) VALUES (1433,'2019-12-13',407,225);
INSERT INTO meds_for_surgery (surgery_id,med) VALUES (1433,'Clindamycin');
INSERT INTO surgery (id,date,patient_id,doctor_id) VALUES (1434,'2019-12-05',407,489);
INSERT INTO meds_for_surgery (surgery_id,med) VALUES (1434,'Calcium');
INSERT INTO surgery (id,date,patient_id,doctor_id) VALUES (1435,'2019-12-11',456,305);
INSERT INTO meds_for_surgery (surgery_id,med) VALUES (1435,'Voriconazole');
INSERT INTO surgery (id,date,patient_id,doctor_id) VALUES (1436,'2019-11-24',297,96);
INSERT INTO meds_for_surgery (surgery_id,med) VALUES (1436,'Amifostine');
INSERT INTO surgery (id,date,patient_id,doctor_id) VALUES (1437,'2019-12-23',173,499);
INSERT INTO meds_for_surgery (surgery_id,med) VALUES (1437,'Maraviroc');
INSERT INTO surgery (id,date,patient_id,doctor_id) VALUES (1438,'2019-12-08',444,466);
INSERT INTO meds_for_surgery (surgery_id,med) VALUES (1438,'Amifostine');
INSERT INTO surgery (id,date,patient_id,doctor_id) VALUES (1439,'2019-12-02',444,196);
INSERT INTO meds_for_surgery (surgery_id,med) VALUES (1439,'Dacarbazine');
INSERT INTO surgery (id,date,patient_id,doctor_id) VALUES (1440,'2019-12-11',87,56);
INSERT INTO meds_for_surgery (surgery_id,med) VALUES (1440,'Asparaginase');
INSERT INTO surgery (id,date,patient_id,doctor_id) VALUES (1441,'2019-12-23',419,123);
INSERT INTO meds_for_surgery (surgery_id,med) VALUES (1441,'Imatinib');
INSERT INTO surgery (id,date,patient_id,doctor_id) VALUES (1442,'2019-11-28',410,69);
INSERT INTO meds_for_surgery (surgery_id,med) VALUES (1442,'Ranitidine');
INSERT INTO surgery (id,date,patient_id,doctor_id) VALUES (1443,'2019-12-04',48,284);
INSERT INTO meds_for_surgery (surgery_id,med) VALUES (1443,'Mechlorethamine');
INSERT INTO surgery (id,date,patient_id,doctor_id) VALUES (1444,'2019-12-06',48,489);
INSERT INTO meds_for_surgery (surgery_id,med) VALUES (1444,'Hydromorphone');
INSERT INTO surgery (id,date,patient_id,doctor_id) VALUES (1445,'2019-11-25',135,441);
INSERT INTO meds_for_surgery (surgery_id,med) VALUES (1445,'Norepinephrine');
INSERT INTO surgery (id,date,patient_id,doctor_id) VALUES (1446,'2019-12-01',297,312);
INSERT INTO meds_for_surgery (surgery_id,med) VALUES (1446,'Modafinil');
INSERT INTO surgery (id,date,patient_id,doctor_id) VALUES (1447,'2019-12-18',254,445);
INSERT INTO meds_for_surgery (surgery_id,med) VALUES (1447,'Acyclovir');
INSERT INTO surgery (id,date,patient_id,doctor_id) VALUES (1448,'2019-12-04',280,422);
INSERT INTO meds_for_surgery (surgery_id,med) VALUES (1448,'Ceftazidime');
INSERT INTO surgery (id,date,patient_id,doctor_id) VALUES (1449,'2019-12-17',327,382);
INSERT INTO meds_for_surgery (surgery_id,med) VALUES (1449,'Gabapentin');
INSERT INTO surgery (id,date,patient_id,doctor_id) VALUES (1450,'2019-12-20',296,429);
INSERT INTO meds_for_surgery (surgery_id,med) VALUES (1450,'Sucralfate');
INSERT INTO surgery (id,date,patient_id,doctor_id) VALUES (1451,'2019-12-20',479,320);
INSERT INTO meds_for_surgery (surgery_id,med) VALUES (1451,'Dronabinol');
INSERT INTO surgery (id,date,patient_id,doctor_id) VALUES (1452,'2019-12-14',242,439);
INSERT INTO meds_for_surgery (surgery_id,med) VALUES (1452,'Tobramycin');
INSERT INTO surgery (id,date,patient_id,doctor_id) VALUES (1453,'2019-11-28',161,312);
INSERT INTO meds_for_surgery (surgery_id,med) VALUES (1453,'Hydralazine');
INSERT INTO surgery (id,date,patient_id,doctor_id) VALUES (1454,'2019-12-14',389,422);
INSERT INTO meds_for_surgery (surgery_id,med) VALUES (1454,'Hydralazine');
INSERT INTO surgery (id,date,patient_id,doctor_id) VALUES (1455,'2019-12-26',195,445);
INSERT INTO meds_for_surgery (surgery_id,med) VALUES (1455,'Cephalexin');
INSERT INTO surgery (id,date,patient_id,doctor_id) VALUES (1456,'2019-12-02',322,62);
INSERT INTO meds_for_surgery (surgery_id,med) VALUES (1456,'Lamivudine');
INSERT INTO surgery (id,date,patient_id,doctor_id) VALUES (1457,'2019-12-16',280,361);
INSERT INTO meds_for_surgery (surgery_id,med) VALUES (1457,'Dornase alfa');
INSERT INTO surgery (id,date,patient_id,doctor_id) VALUES (1458,'2019-11-30',172,55);
INSERT INTO meds_for_surgery (surgery_id,med) VALUES (1458,'Lomustine');
INSERT INTO surgery (id,date,patient_id,doctor_id) VALUES (1459,'2019-12-16',325,287);
INSERT INTO meds_for_surgery (surgery_id,med) VALUES (1459,'Vinblastine');
INSERT INTO surgery (id,date,patient_id,doctor_id) VALUES (1460,'2019-12-13',48,13);
INSERT INTO meds_for_surgery (surgery_id,med) VALUES (1460,'Sorafenib');
INSERT INTO surgery (id,date,patient_id,doctor_id) VALUES (1461,'2019-12-13',137,51);
INSERT INTO meds_for_surgery (surgery_id,med) VALUES (1461,'Warfarin');
INSERT INTO surgery (id,date,patient_id,doctor_id) VALUES (1462,'2019-12-03',64,382);
INSERT INTO meds_for_surgery (surgery_id,med) VALUES (1462,'Cyproheptadine');
INSERT INTO surgery (id,date,patient_id,doctor_id) VALUES (1463,'2019-12-26',470,10);
INSERT INTO meds_for_surgery (surgery_id,med) VALUES (1463,'Sugammadex');
INSERT INTO surgery (id,date,patient_id,doctor_id) VALUES (1464,'2019-12-20',148,56);
INSERT INTO meds_for_surgery (surgery_id,med) VALUES (1464,'Trimethoprim');
INSERT INTO surgery (id,date,patient_id,doctor_id) VALUES (1465,'2019-11-24',210,47);
INSERT INTO meds_for_surgery (surgery_id,med) VALUES (1465,'Dapsone');
INSERT INTO surgery (id,date,patient_id,doctor_id) VALUES (1466,'2019-12-06',449,465);
INSERT INTO meds_for_surgery (surgery_id,med) VALUES (1466,'Busulfan');
INSERT INTO surgery (id,date,patient_id,doctor_id) VALUES (1467,'2019-12-04',406,429);
INSERT INTO meds_for_surgery (surgery_id,med) VALUES (1467,'Levothyroxine');
INSERT INTO surgery (id,date,patient_id,doctor_id) VALUES (1468,'2019-12-25',490,115);
INSERT INTO meds_for_surgery (surgery_id,med) VALUES (1468,'Asparaginase');
INSERT INTO surgery (id,date,patient_id,doctor_id) VALUES (1469,'2019-12-21',206,417);
INSERT INTO meds_for_surgery (surgery_id,med) VALUES (1469,'Emtricitabine');
INSERT INTO surgery (id,date,patient_id,doctor_id) VALUES (1470,'2019-12-14',253,329);
INSERT INTO meds_for_surgery (surgery_id,med) VALUES (1470,'Isotretinoin');
INSERT INTO surgery (id,date,patient_id,doctor_id) VALUES (1471,'2019-11-25',135,69);
INSERT INTO meds_for_surgery (surgery_id,med) VALUES (1471,'Meropenem');
INSERT INTO surgery (id,date,patient_id,doctor_id) VALUES (1472,'2019-12-23',254,425);
INSERT INTO meds_for_surgery (surgery_id,med) VALUES (1472,'Amitriptyline');
INSERT INTO surgery (id,date,patient_id,doctor_id) VALUES (1473,'2019-12-14',273,483);
INSERT INTO meds_for_surgery (surgery_id,med) VALUES (1473,'GM-CSF');
INSERT INTO surgery (id,date,patient_id,doctor_id) VALUES (1474,'2019-12-23',255,118);
INSERT INTO meds_for_surgery (surgery_id,med) VALUES (1474,'Meloxicam');
INSERT INTO surgery (id,date,patient_id,doctor_id) VALUES (1475,'2019-12-21',15,433);
INSERT INTO meds_for_surgery (surgery_id,med) VALUES (1475,'Interferon');
INSERT INTO surgery (id,date,patient_id,doctor_id) VALUES (1476,'2019-11-23',188,55);
INSERT INTO meds_for_surgery (surgery_id,med) VALUES (1476,'Ritonavir');
INSERT INTO surgery (id,date,patient_id,doctor_id) VALUES (1477,'2019-12-05',476,22);
INSERT INTO meds_for_surgery (surgery_id,med) VALUES (1477,'Aminocaproic Acid');
INSERT INTO surgery (id,date,patient_id,doctor_id) VALUES (1478,'2019-12-07',239,329);
INSERT INTO meds_for_surgery (surgery_id,med) VALUES (1478,'Ranitidine');
INSERT INTO surgery (id,date,patient_id,doctor_id) VALUES (1479,'2019-12-21',229,498);
INSERT INTO meds_for_surgery (surgery_id,med) VALUES (1479,'Captopril');
INSERT INTO surgery (id,date,patient_id,doctor_id) VALUES (1480,'2019-12-12',180,358);
INSERT INTO meds_for_surgery (surgery_id,med) VALUES (1480,'Vinblastine');
INSERT INTO surgery (id,date,patient_id,doctor_id) VALUES (1481,'2019-12-20',254,423);
INSERT INTO meds_for_surgery (surgery_id,med) VALUES (1481,'Tacrolimus');
INSERT INTO surgery (id,date,patient_id,doctor_id) VALUES (1482,'2019-12-17',353,27);
INSERT INTO meds_for_surgery (surgery_id,med) VALUES (1482,'Paclitaxel');
INSERT INTO surgery (id,date,patient_id,doctor_id) VALUES (1483,'2019-12-11',242,312);
INSERT INTO meds_for_surgery (surgery_id,med) VALUES (1483,'Amifostine');
INSERT INTO surgery (id,date,patient_id,doctor_id) VALUES (1484,'2019-12-10',131,69);
INSERT INTO meds_for_surgery (surgery_id,med) VALUES (1484,'Cefixime');
INSERT INTO surgery (id,date,patient_id,doctor_id) VALUES (1485,'2019-12-10',273,17);
INSERT INTO meds_for_surgery (surgery_id,med) VALUES (1485,'Gefitinib');
INSERT INTO surgery (id,date,patient_id,doctor_id) VALUES (1486,'2019-12-04',470,429);
INSERT INTO meds_for_surgery (surgery_id,med) VALUES (1486,'Micafungin');
INSERT INTO surgery (id,date,patient_id,doctor_id) VALUES (1487,'2019-12-19',242,491);
INSERT INTO meds_for_surgery (surgery_id,med) VALUES (1487,'Deferasirox');
INSERT INTO surgery (id,date,patient_id,doctor_id) VALUES (1488,'2019-12-20',315,105);
INSERT INTO meds_for_surgery (surgery_id,med) VALUES (1488,'Bosentan');
INSERT INTO surgery (id,date,patient_id,doctor_id) VALUES (1489,'2019-11-26',154,305);
INSERT INTO meds_for_surgery (surgery_id,med) VALUES (1489,'Ruxolitinib');
INSERT INTO surgery (id,date,patient_id,doctor_id) VALUES (1490,'2019-12-18',436,88);
INSERT INTO meds_for_surgery (surgery_id,med) VALUES (1490,'Methotrexate');
INSERT INTO surgery (id,date,patient_id,doctor_id) VALUES (1491,'2019-12-08',188,88);
INSERT INTO meds_for_surgery (surgery_id,med) VALUES (1491,'Itraconazole');
INSERT INTO surgery (id,date,patient_id,doctor_id) VALUES (1492,'2019-12-27',330,423);
INSERT INTO meds_for_surgery (surgery_id,med) VALUES (1492,'Pentamidine');
INSERT INTO surgery (id,date,patient_id,doctor_id) VALUES (1493,'2019-12-11',280,498);
INSERT INTO meds_for_surgery (surgery_id,med) VALUES (1493,'Cefaclor');
INSERT INTO surgery (id,date,patient_id,doctor_id) VALUES (1494,'2019-12-04',187,465);
INSERT INTO meds_for_surgery (surgery_id,med) VALUES (1494,'Elvitegravir');
INSERT INTO surgery (id,date,patient_id,doctor_id) VALUES (1495,'2019-12-23',367,103);
INSERT INTO meds_for_surgery (surgery_id,med) VALUES (1495,'Meloxicam');
INSERT INTO surgery (id,date,patient_id,doctor_id) VALUES (1496,'2019-12-15',60,329);
INSERT INTO meds_for_surgery (surgery_id,med) VALUES (1496,'Carbamazepine');
INSERT INTO surgery (id,date,patient_id,doctor_id) VALUES (1497,'2019-12-17',293,354);
INSERT INTO meds_for_surgery (surgery_id,med) VALUES (1497,'Ketoconazole');
INSERT INTO surgery (id,date,patient_id,doctor_id) VALUES (1498,'2019-12-21',176,47);
INSERT INTO meds_for_surgery (surgery_id,med) VALUES (1498,'Hydrocodone');
INSERT INTO surgery (id,date,patient_id,doctor_id) VALUES (1499,'2019-12-22',500,354);
INSERT INTO meds_for_surgery (surgery_id,med) VALUES (1499,'Atovaquone');
INSERT INTO surgery (id,date,patient_id,doctor_id) VALUES (1500,'2019-12-03',453,22);
INSERT INTO meds_for_surgery (surgery_id,med) VALUES (1500,'Topotecan');
INSERT INTO surgery (id,date,patient_id,doctor_id) VALUES (1501,'2019-12-18',224,335);
INSERT INTO meds_for_surgery (surgery_id,med) VALUES (1501,'Hydralazine');
INSERT INTO surgery (id,date,patient_id,doctor_id) VALUES (1502,'2019-12-26',64,433);
INSERT INTO meds_for_surgery (surgery_id,med) VALUES (1502,'Allopurinol');
INSERT INTO surgery (id,date,patient_id,doctor_id) VALUES (1503,'2019-12-15',299,483);
INSERT INTO meds_for_surgery (surgery_id,med) VALUES (1503,'Aprepitant');
INSERT INTO surgery (id,date,patient_id,doctor_id) VALUES (1504,'2019-12-11',403,24);
INSERT INTO meds_for_surgery (surgery_id,med) VALUES (1504,'Vancomycin');
INSERT INTO surgery (id,date,patient_id,doctor_id) VALUES (1505,'2019-12-04',187,358);
INSERT INTO meds_for_surgery (surgery_id,med) VALUES (1505,'Aprepitant');
INSERT INTO surgery (id,date,patient_id,doctor_id) VALUES (1506,'2019-12-11',322,439);
INSERT INTO meds_for_surgery (surgery_id,med) VALUES (1506,'Methylphenidate');
INSERT INTO surgery (id,date,patient_id,doctor_id) VALUES (1507,'2019-11-29',268,56);
INSERT INTO meds_for_surgery (surgery_id,med) VALUES (1507,'Prednisone');
INSERT INTO surgery (id,date,patient_id,doctor_id) VALUES (1508,'2019-12-13',229,284);
INSERT INTO meds_for_surgery (surgery_id,med) VALUES (1508,'Hydromorphone');
INSERT INTO surgery (id,date,patient_id,doctor_id) VALUES (1509,'2019-12-14',407,312);
INSERT INTO meds_for_surgery (surgery_id,med) VALUES (1509,'Phenytoin');
INSERT INTO surgery (id,date,patient_id,doctor_id) VALUES (1510,'2019-12-07',384,162);
INSERT INTO meds_for_surgery (surgery_id,med) VALUES (1510,'Phenytoin');
INSERT INTO surgery (id,date,patient_id,doctor_id) VALUES (1511,'2019-11-29',194,51);
INSERT INTO meds_for_surgery (surgery_id,med) VALUES (1511,'Alendronate');
INSERT INTO surgery (id,date,patient_id,doctor_id) VALUES (1512,'2019-12-05',102,433);
INSERT INTO meds_for_surgery (surgery_id,med) VALUES (1512,'Itraconazole');
INSERT INTO surgery (id,date,patient_id,doctor_id) VALUES (1513,'2019-11-24',330,445);
INSERT INTO meds_for_surgery (surgery_id,med) VALUES (1513,'Topotecan');
INSERT INTO surgery (id,date,patient_id,doctor_id) VALUES (1514,'2019-12-05',255,441);
INSERT INTO meds_for_surgery (surgery_id,med) VALUES (1514,'Leucovorin');
INSERT INTO surgery (id,date,patient_id,doctor_id) VALUES (1515,'2019-12-22',270,262);
INSERT INTO meds_for_surgery (surgery_id,med) VALUES (1515,'Erlotinib');
INSERT INTO surgery (id,date,patient_id,doctor_id) VALUES (1516,'2019-12-02',407,11);
INSERT INTO meds_for_surgery (surgery_id,med) VALUES (1516,'Paclitaxel');
INSERT INTO surgery (id,date,patient_id,doctor_id) VALUES (1517,'2019-12-18',182,445);
INSERT INTO meds_for_surgery (surgery_id,med) VALUES (1517,'Dexamethasone');
INSERT INTO surgery (id,date,patient_id,doctor_id) VALUES (1518,'2019-12-13',357,335);
INSERT INTO meds_for_surgery (surgery_id,med) VALUES (1518,'Cefixime');
INSERT INTO surgery (id,date,patient_id,doctor_id) VALUES (1519,'2019-11-26',414,441);
INSERT INTO meds_for_surgery (surgery_id,med) VALUES (1519,'Warfarin');
INSERT INTO surgery (id,date,patient_id,doctor_id) VALUES (1520,'2019-11-27',254,11);
INSERT INTO meds_for_surgery (surgery_id,med) VALUES (1520,'Abacavir');
INSERT INTO surgery (id,date,patient_id,doctor_id) VALUES (1521,'2019-12-02',456,262);
INSERT INTO meds_for_surgery (surgery_id,med) VALUES (1521,'Deferasirox');
INSERT INTO surgery (id,date,patient_id,doctor_id) VALUES (1522,'2019-12-27',209,103);
INSERT INTO meds_for_surgery (surgery_id,med) VALUES (1522,'Gemcitabine');
INSERT INTO surgery (id,date,patient_id,doctor_id) VALUES (1523,'2019-12-20',457,423);
INSERT INTO meds_for_surgery (surgery_id,med) VALUES (1523,'Meloxicam');
INSERT INTO surgery (id,date,patient_id,doctor_id) VALUES (1524,'2019-12-20',52,498);
INSERT INTO meds_for_surgery (surgery_id,med) VALUES (1524,'Erythropoietin');
INSERT INTO surgery (id,date,patient_id,doctor_id) VALUES (1525,'2019-12-03',204,124);
INSERT INTO meds_for_surgery (surgery_id,med) VALUES (1525,'Levothyroxine');
INSERT INTO surgery (id,date,patient_id,doctor_id) VALUES (1526,'2019-12-16',97,69);
INSERT INTO meds_for_surgery (surgery_id,med) VALUES (1526,'Sugammadex');
INSERT INTO surgery (id,date,patient_id,doctor_id) VALUES (1527,'2019-12-14',303,105);
INSERT INTO meds_for_surgery (surgery_id,med) VALUES (1527,'Trimethoprim');
INSERT INTO surgery (id,date,patient_id,doctor_id) VALUES (1528,'2019-12-03',357,96);
INSERT INTO meds_for_surgery (surgery_id,med) VALUES (1528,'Hydrocodone');
INSERT INTO surgery (id,date,patient_id,doctor_id) VALUES (1529,'2019-12-26',137,312);
INSERT INTO meds_for_surgery (surgery_id,med) VALUES (1529,'Alendronate');
INSERT INTO surgery (id,date,patient_id,doctor_id) VALUES (1530,'2019-12-01',407,17);
INSERT INTO meds_for_surgery (surgery_id,med) VALUES (1530,'Saquinavir');
INSERT INTO surgery (id,date,patient_id,doctor_id) VALUES (1531,'2019-11-29',20,121);
INSERT INTO meds_for_surgery (surgery_id,med) VALUES (1531,'Abacavir');
INSERT INTO surgery (id,date,patient_id,doctor_id) VALUES (1532,'2019-12-01',436,335);
INSERT INTO meds_for_surgery (surgery_id,med) VALUES (1532,'Cyclobenzaprine');
INSERT INTO surgery (id,date,patient_id,doctor_id) VALUES (1533,'2019-11-23',258,34);
INSERT INTO meds_for_surgery (surgery_id,med) VALUES (1533,'Enalapril');
INSERT INTO surgery (id,date,patient_id,doctor_id) VALUES (1534,'2019-11-24',206,416);
INSERT INTO meds_for_surgery (surgery_id,med) VALUES (1534,'Carmustine');
INSERT INTO surgery (id,date,patient_id,doctor_id) VALUES (1535,'2019-11-28',490,27);
INSERT INTO meds_for_surgery (surgery_id,med) VALUES (1535,'PEGaspargase');
INSERT INTO surgery (id,date,patient_id,doctor_id) VALUES (1536,'2019-12-24',322,153);
INSERT INTO meds_for_surgery (surgery_id,med) VALUES (1536,'Clindamycin');
INSERT INTO surgery (id,date,patient_id,doctor_id) VALUES (1537,'2019-11-24',479,439);
INSERT INTO meds_for_surgery (surgery_id,med) VALUES (1537,'Promethazine');
INSERT INTO surgery (id,date,patient_id,doctor_id) VALUES (1538,'2019-11-25',370,422);
INSERT INTO meds_for_surgery (surgery_id,med) VALUES (1538,'Ritonavir');
INSERT INTO surgery (id,date,patient_id,doctor_id) VALUES (1539,'2019-12-14',195,274);
INSERT INTO meds_for_surgery (surgery_id,med) VALUES (1539,'Melphalan');
INSERT INTO surgery (id,date,patient_id,doctor_id) VALUES (1540,'2019-12-03',242,69);
INSERT INTO meds_for_surgery (surgery_id,med) VALUES (1540,'Hydralazine');
INSERT INTO surgery (id,date,patient_id,doctor_id) VALUES (1541,'2019-12-19',449,382);
INSERT INTO meds_for_surgery (surgery_id,med) VALUES (1541,'Enalapril');
INSERT INTO surgery (id,date,patient_id,doctor_id) VALUES (1542,'2019-12-20',229,360);
INSERT INTO meds_for_surgery (surgery_id,med) VALUES (1542,'Clobazam');
INSERT INTO surgery (id,date,patient_id,doctor_id) VALUES (1543,'2019-11-26',135,105);
INSERT INTO meds_for_surgery (surgery_id,med) VALUES (1543,'Rituximab');
INSERT INTO surgery (id,date,patient_id,doctor_id) VALUES (1544,'2019-12-08',449,287);
INSERT INTO meds_for_surgery (surgery_id,med) VALUES (1544,'GM-CSF');
INSERT INTO surgery (id,date,patient_id,doctor_id) VALUES (1545,'2019-12-01',221,10);
INSERT INTO meds_for_surgery (surgery_id,med) VALUES (1545,'Amoxicillin');
INSERT INTO surgery (id,date,patient_id,doctor_id) VALUES (1546,'2019-12-24',258,164);
INSERT INTO meds_for_surgery (surgery_id,med) VALUES (1546,'Cyclobenzaprine');
INSERT INTO surgery (id,date,patient_id,doctor_id) VALUES (1547,'2019-11-29',453,11);
INSERT INTO meds_for_surgery (surgery_id,med) VALUES (1547,'Meropenem');
INSERT INTO surgery (id,date,patient_id,doctor_id) VALUES (1548,'2019-12-13',182,489);
INSERT INTO meds_for_surgery (surgery_id,med) VALUES (1548,'Irinotecan');
INSERT INTO surgery (id,date,patient_id,doctor_id) VALUES (1549,'2019-11-29',33,360);
INSERT INTO meds_for_surgery (surgery_id,med) VALUES (1549,'Meperidine');
INSERT INTO surgery (id,date,patient_id,doctor_id) VALUES (1550,'2019-12-27',176,284);
INSERT INTO meds_for_surgery (surgery_id,med) VALUES (1550,'Foscarnet');
INSERT INTO surgery (id,date,patient_id,doctor_id) VALUES (1551,'2019-12-26',212,348);
INSERT INTO meds_for_surgery (surgery_id,med) VALUES (1551,'Granisetron');
INSERT INTO surgery (id,date,patient_id,doctor_id) VALUES (1552,'2019-12-13',260,262);
INSERT INTO meds_for_surgery (surgery_id,med) VALUES (1552,'Propoxyphene');
INSERT INTO surgery (id,date,patient_id,doctor_id) VALUES (1553,'2019-11-30',180,301);
INSERT INTO meds_for_surgery (surgery_id,med) VALUES (1553,'Trimethoprim');
INSERT INTO surgery (id,date,patient_id,doctor_id) VALUES (1554,'2019-12-02',436,62);
INSERT INTO meds_for_surgery (surgery_id,med) VALUES (1554,'Cyclosporine');
INSERT INTO surgery (id,date,patient_id,doctor_id) VALUES (1555,'2019-12-11',242,284);
INSERT INTO meds_for_surgery (surgery_id,med) VALUES (1555,'Elvitegravir');
INSERT INTO surgery (id,date,patient_id,doctor_id) VALUES (1556,'2019-12-02',272,402);
INSERT INTO meds_for_surgery (surgery_id,med) VALUES (1556,'Ranitidine');
INSERT INTO surgery (id,date,patient_id,doctor_id) VALUES (1557,'2019-12-26',173,151);
INSERT INTO meds_for_surgery (surgery_id,med) VALUES (1557,'Eltrombopag');
INSERT INTO surgery (id,date,patient_id,doctor_id) VALUES (1558,'2019-12-04',239,10);
INSERT INTO meds_for_surgery (surgery_id,med) VALUES (1558,'Phenobarbital');
INSERT INTO surgery (id,date,patient_id,doctor_id) VALUES (1559,'2019-12-04',370,23);
INSERT INTO meds_for_surgery (surgery_id,med) VALUES (1559,'Erlotinib');
INSERT INTO surgery (id,date,patient_id,doctor_id) VALUES (1560,'2019-12-20',270,123);
INSERT INTO meds_for_surgery (surgery_id,med) VALUES (1560,'Amitriptyline');
INSERT INTO surgery (id,date,patient_id,doctor_id) VALUES (1561,'2019-11-23',242,276);
INSERT INTO meds_for_surgery (surgery_id,med) VALUES (1561,'Morphine');
INSERT INTO surgery (id,date,patient_id,doctor_id) VALUES (1562,'2019-11-23',398,354);
INSERT INTO meds_for_surgery (surgery_id,med) VALUES (1562,'Cyclosporine');
INSERT INTO surgery (id,date,patient_id,doctor_id) VALUES (1563,'2019-12-25',457,274);
INSERT INTO meds_for_surgery (surgery_id,med) VALUES (1563,'Dobutamine');
INSERT INTO surgery (id,date,patient_id,doctor_id) VALUES (1564,'2019-11-30',194,466);
INSERT INTO meds_for_surgery (surgery_id,med) VALUES (1564,'Temozolomide');
INSERT INTO surgery (id,date,patient_id,doctor_id) VALUES (1565,'2019-11-23',260,88);
INSERT INTO meds_for_surgery (surgery_id,med) VALUES (1565,'Tenofovir');
INSERT INTO surgery (id,date,patient_id,doctor_id) VALUES (1566,'2019-11-29',325,441);
INSERT INTO meds_for_surgery (surgery_id,med) VALUES (1566,'Mercaptopurine');
INSERT INTO surgery (id,date,patient_id,doctor_id) VALUES (1567,'2019-12-17',384,445);
INSERT INTO meds_for_surgery (surgery_id,med) VALUES (1567,'Cidofovir');
INSERT INTO surgery (id,date,patient_id,doctor_id) VALUES (1568,'2019-12-14',449,34);
INSERT INTO meds_for_surgery (surgery_id,med) VALUES (1568,'Lopinavir');
INSERT INTO surgery (id,date,patient_id,doctor_id) VALUES (1569,'2019-12-04',180,13);
INSERT INTO meds_for_surgery (surgery_id,med) VALUES (1569,'Asparaginase');
INSERT INTO surgery (id,date,patient_id,doctor_id) VALUES (1570,'2019-12-09',87,196);
INSERT INTO meds_for_surgery (surgery_id,med) VALUES (1570,'L-glutamine');
INSERT INTO surgery (id,date,patient_id,doctor_id) VALUES (1571,'2019-12-12',94,129);
INSERT INTO meds_for_surgery (surgery_id,med) VALUES (1571,'Probenecid');
INSERT INTO surgery (id,date,patient_id,doctor_id) VALUES (1572,'2019-12-11',357,75);
INSERT INTO meds_for_surgery (surgery_id,med) VALUES (1572,'G-CSF');
INSERT INTO surgery (id,date,patient_id,doctor_id) VALUES (1573,'2019-12-06',277,51);
INSERT INTO meds_for_surgery (surgery_id,med) VALUES (1573,'Cefepime');
INSERT INTO surgery (id,date,patient_id,doctor_id) VALUES (1574,'2019-11-23',206,118);
INSERT INTO meds_for_surgery (surgery_id,med) VALUES (1574,'Cyclophosphamide');
INSERT INTO surgery (id,date,patient_id,doctor_id) VALUES (1575,'2019-12-13',135,162);
INSERT INTO meds_for_surgery (surgery_id,med) VALUES (1575,'Magnesium');
INSERT INTO surgery (id,date,patient_id,doctor_id) VALUES (1576,'2019-11-28',231,438);
INSERT INTO meds_for_surgery (surgery_id,med) VALUES (1576,'Erlotinib');
INSERT INTO surgery (id,date,patient_id,doctor_id) VALUES (1577,'2019-12-01',370,225);
INSERT INTO meds_for_surgery (surgery_id,med) VALUES (1577,'Tenofovir');
INSERT INTO surgery (id,date,patient_id,doctor_id) VALUES (1578,'2019-11-29',201,360);
INSERT INTO meds_for_surgery (surgery_id,med) VALUES (1578,'Cisplatin');
INSERT INTO surgery (id,date,patient_id,doctor_id) VALUES (1579,'2019-12-03',330,88);
INSERT INTO meds_for_surgery (surgery_id,med) VALUES (1579,'Propoxyphene');
INSERT INTO surgery (id,date,patient_id,doctor_id) VALUES (1580,'2019-12-18',148,47);
INSERT INTO meds_for_surgery (surgery_id,med) VALUES (1580,'Cytarabine');
INSERT INTO surgery (id,date,patient_id,doctor_id) VALUES (1581,'2019-11-27',290,489);
INSERT INTO meds_for_surgery (surgery_id,med) VALUES (1581,'Promethazine');
INSERT INTO surgery (id,date,patient_id,doctor_id) VALUES (1582,'2019-11-29',330,465);
INSERT INTO meds_for_surgery (surgery_id,med) VALUES (1582,'Dornase alfa');
INSERT INTO surgery (id,date,patient_id,doctor_id) VALUES (1583,'2019-12-01',384,499);
INSERT INTO meds_for_surgery (surgery_id,med) VALUES (1583,'Gabapentin');
INSERT INTO surgery (id,date,patient_id,doctor_id) VALUES (1584,'2019-12-12',89,141);
INSERT INTO meds_for_surgery (surgery_id,med) VALUES (1584,'Zidovudine');
INSERT INTO surgery (id,date,patient_id,doctor_id) VALUES (1585,'2019-12-02',33,164);
INSERT INTO meds_for_surgery (surgery_id,med) VALUES (1585,'Meperidine');
INSERT INTO surgery (id,date,patient_id,doctor_id) VALUES (1586,'2019-12-16',444,13);
INSERT INTO meds_for_surgery (surgery_id,med) VALUES (1586,'Potassium');
INSERT INTO surgery (id,date,patient_id,doctor_id) VALUES (1587,'2019-12-02',224,422);
INSERT INTO meds_for_surgery (surgery_id,med) VALUES (1587,'Lomustine');
INSERT INTO surgery (id,date,patient_id,doctor_id) VALUES (1588,'2019-12-10',52,11);
INSERT INTO meds_for_surgery (surgery_id,med) VALUES (1588,'Rituximab');
INSERT INTO surgery (id,date,patient_id,doctor_id) VALUES (1589,'2019-12-08',403,158);
INSERT INTO meds_for_surgery (surgery_id,med) VALUES (1589,'Tenofovir');
INSERT INTO surgery (id,date,patient_id,doctor_id) VALUES (1590,'2019-12-27',168,433);
INSERT INTO meds_for_surgery (surgery_id,med) VALUES (1590,'Modafinil');
INSERT INTO surgery (id,date,patient_id,doctor_id) VALUES (1591,'2019-12-22',131,382);
INSERT INTO meds_for_surgery (surgery_id,med) VALUES (1591,'Asparaginase');
INSERT INTO surgery (id,date,patient_id,doctor_id) VALUES (1592,'2019-12-12',500,429);
INSERT INTO meds_for_surgery (surgery_id,med) VALUES (1592,'Enoxaparin');
INSERT INTO surgery (id,date,patient_id,doctor_id) VALUES (1593,'2019-12-14',201,425);
INSERT INTO meds_for_surgery (surgery_id,med) VALUES (1593,'Amoxicillin');
INSERT INTO surgery (id,date,patient_id,doctor_id) VALUES (1594,'2019-11-23',437,465);
INSERT INTO meds_for_surgery (surgery_id,med) VALUES (1594,'Diclofenac');
INSERT INTO surgery (id,date,patient_id,doctor_id) VALUES (1595,'2019-12-21',457,351);
INSERT INTO meds_for_surgery (surgery_id,med) VALUES (1595,'Mercaptopurine');
INSERT INTO surgery (id,date,patient_id,doctor_id) VALUES (1596,'2019-11-27',457,361);
INSERT INTO meds_for_surgery (surgery_id,med) VALUES (1596,'Allopurinol');
INSERT INTO surgery (id,date,patient_id,doctor_id) VALUES (1597,'2019-12-12',370,10);
INSERT INTO meds_for_surgery (surgery_id,med) VALUES (1597,'Dobutamine');
INSERT INTO surgery (id,date,patient_id,doctor_id) VALUES (1598,'2019-12-07',182,422);
INSERT INTO meds_for_surgery (surgery_id,med) VALUES (1598,'Irinotecan');
INSERT INTO surgery (id,date,patient_id,doctor_id) VALUES (1599,'2019-12-12',195,141);
INSERT INTO meds_for_surgery (surgery_id,med) VALUES (1599,'Trimethoprim');
INSERT INTO surgery (id,date,patient_id,doctor_id) VALUES (1600,'2019-12-18',322,124);
INSERT INTO meds_for_surgery (surgery_id,med) VALUES (1600,'Darunavir');
INSERT INTO surgery (id,date,patient_id,doctor_id) VALUES (1601,'2019-12-03',268,466);
INSERT INTO meds_for_surgery (surgery_id,med) VALUES (1601,'Etonogestrel');
INSERT INTO surgery (id,date,patient_id,doctor_id) VALUES (1602,'2019-12-04',414,312);
INSERT INTO meds_for_surgery (surgery_id,med) VALUES (1602,'Abacavir');
INSERT INTO surgery (id,date,patient_id,doctor_id) VALUES (1603,'2019-12-03',469,445);
INSERT INTO meds_for_surgery (surgery_id,med) VALUES (1603,'Cyproheptadine');
INSERT INTO surgery (id,date,patient_id,doctor_id) VALUES (1604,'2019-12-14',182,158);
INSERT INTO meds_for_surgery (surgery_id,med) VALUES (1604,'Irinotecan');
INSERT INTO surgery (id,date,patient_id,doctor_id) VALUES (1605,'2019-12-21',31,417);
INSERT INTO meds_for_surgery (surgery_id,med) VALUES (1605,'Fludarabine');
INSERT INTO surgery (id,date,patient_id,doctor_id) VALUES (1606,'2019-12-18',131,22);
INSERT INTO meds_for_surgery (surgery_id,med) VALUES (1606,'Tretinoin');
INSERT INTO surgery (id,date,patient_id,doctor_id) VALUES (1607,'2019-12-12',31,13);
INSERT INTO meds_for_surgery (surgery_id,med) VALUES (1607,'Meropenem');
INSERT INTO surgery (id,date,patient_id,doctor_id) VALUES (1608,'2019-12-15',378,56);
INSERT INTO meds_for_surgery (surgery_id,med) VALUES (1608,'Magnesium');
INSERT INTO surgery (id,date,patient_id,doctor_id) VALUES (1609,'2019-12-06',389,24);
INSERT INTO meds_for_surgery (surgery_id,med) VALUES (1609,'Hydrocodone');
INSERT INTO surgery (id,date,patient_id,doctor_id) VALUES (1610,'2019-12-06',52,153);
INSERT INTO meds_for_surgery (surgery_id,med) VALUES (1610,'Deferasirox');
INSERT INTO surgery (id,date,patient_id,doctor_id) VALUES (1611,'2019-12-13',290,96);
INSERT INTO meds_for_surgery (surgery_id,med) VALUES (1611,'Alemtuzumab');
INSERT INTO surgery (id,date,patient_id,doctor_id) VALUES (1612,'2019-12-17',206,305);
INSERT INTO meds_for_surgery (surgery_id,med) VALUES (1612,'Temozolomide');
INSERT INTO surgery (id,date,patient_id,doctor_id) VALUES (1613,'2019-12-14',212,164);
INSERT INTO meds_for_surgery (surgery_id,med) VALUES (1613,'Gefitinib');
INSERT INTO surgery (id,date,patient_id,doctor_id) VALUES (1614,'2019-12-06',327,417);
INSERT INTO meds_for_surgery (surgery_id,med) VALUES (1614,'Etonogestrel');
INSERT INTO surgery (id,date,patient_id,doctor_id) VALUES (1615,'2019-12-26',407,305);
INSERT INTO meds_for_surgery (surgery_id,med) VALUES (1615,'Dexamethasone');
INSERT INTO surgery (id,date,patient_id,doctor_id) VALUES (1616,'2019-12-20',330,111);
INSERT INTO meds_for_surgery (surgery_id,med) VALUES (1616,'Heparin');
INSERT INTO surgery (id,date,patient_id,doctor_id) VALUES (1617,'2019-12-19',324,105);
INSERT INTO meds_for_surgery (surgery_id,med) VALUES (1617,'Stavudine');
INSERT INTO surgery (id,date,patient_id,doctor_id) VALUES (1618,'2019-11-23',221,312);
INSERT INTO meds_for_surgery (surgery_id,med) VALUES (1618,'Vancomycin');
INSERT INTO surgery (id,date,patient_id,doctor_id) VALUES (1619,'2019-12-01',102,287);
INSERT INTO meds_for_surgery (surgery_id,med) VALUES (1619,'Labetalol');
INSERT INTO surgery (id,date,patient_id,doctor_id) VALUES (1620,'2019-12-06',253,164);
INSERT INTO meds_for_surgery (surgery_id,med) VALUES (1620,'Deferasirox');
INSERT INTO surgery (id,date,patient_id,doctor_id) VALUES (1621,'2019-12-11',221,417);
INSERT INTO meds_for_surgery (surgery_id,med) VALUES (1621,'Dobutamine');
INSERT INTO surgery (id,date,patient_id,doctor_id) VALUES (1622,'2019-12-21',206,483);
INSERT INTO meds_for_surgery (surgery_id,med) VALUES (1622,'Mycophenolate');
INSERT INTO surgery (id,date,patient_id,doctor_id) VALUES (1623,'2019-12-08',212,445);
INSERT INTO meds_for_surgery (surgery_id,med) VALUES (1623,'Lomustine');
INSERT INTO surgery (id,date,patient_id,doctor_id) VALUES (1624,'2019-12-23',48,348);
INSERT INTO meds_for_surgery (surgery_id,med) VALUES (1624,'Lamivudine');
INSERT INTO surgery (id,date,patient_id,doctor_id) VALUES (1625,'2019-12-05',254,466);
INSERT INTO meds_for_surgery (surgery_id,med) VALUES (1625,'Aprepitant');
INSERT INTO surgery (id,date,patient_id,doctor_id) VALUES (1626,'2019-12-03',299,287);
INSERT INTO meds_for_surgery (surgery_id,med) VALUES (1626,'Voriconazole');
INSERT INTO surgery (id,date,patient_id,doctor_id) VALUES (1627,'2019-12-12',253,361);
INSERT INTO meds_for_surgery (surgery_id,med) VALUES (1627,'Captopril');
INSERT INTO surgery (id,date,patient_id,doctor_id) VALUES (1628,'2019-12-01',331,417);
INSERT INTO meds_for_surgery (surgery_id,med) VALUES (1628,'Leucovorin');
INSERT INTO surgery (id,date,patient_id,doctor_id) VALUES (1629,'2019-12-05',221,111);
INSERT INTO meds_for_surgery (surgery_id,med) VALUES (1629,'Clobazam');
INSERT INTO surgery (id,date,patient_id,doctor_id) VALUES (1630,'2019-12-21',384,351);
INSERT INTO meds_for_surgery (surgery_id,med) VALUES (1630,'Erlotinib');
INSERT INTO surgery (id,date,patient_id,doctor_id) VALUES (1631,'2019-11-27',52,111);
INSERT INTO meds_for_surgery (surgery_id,med) VALUES (1631,'Cephalexin');
INSERT INTO surgery (id,date,patient_id,doctor_id) VALUES (1632,'2019-11-27',64,22);
INSERT INTO meds_for_surgery (surgery_id,med) VALUES (1632,'Tenofovir');
INSERT INTO surgery (id,date,patient_id,doctor_id) VALUES (1633,'2019-12-17',131,62);
INSERT INTO meds_for_surgery (surgery_id,med) VALUES (1633,'Asparaginase');
INSERT INTO surgery (id,date,patient_id,doctor_id) VALUES (1634,'2019-12-21',154,153);
INSERT INTO meds_for_surgery (surgery_id,med) VALUES (1634,'Topotecan');
INSERT INTO surgery (id,date,patient_id,doctor_id) VALUES (1635,'2019-11-25',89,10);
INSERT INTO meds_for_surgery (surgery_id,med) VALUES (1635,'Cefaclor');
INSERT INTO surgery (id,date,patient_id,doctor_id) VALUES (1636,'2019-12-20',403,115);
INSERT INTO meds_for_surgery (surgery_id,med) VALUES (1636,'Rilpivirine');
INSERT INTO surgery (id,date,patient_id,doctor_id) VALUES (1637,'2019-12-14',199,34);
INSERT INTO meds_for_surgery (surgery_id,med) VALUES (1637,'Amikacin');
INSERT INTO surgery (id,date,patient_id,doctor_id) VALUES (1638,'2019-12-25',469,425);
INSERT INTO meds_for_surgery (surgery_id,med) VALUES (1638,'Potassium');
INSERT INTO surgery (id,date,patient_id,doctor_id) VALUES (1639,'2019-12-20',209,10);
INSERT INTO meds_for_surgery (surgery_id,med) VALUES (1639,'Norepinephrine');
INSERT INTO surgery (id,date,patient_id,doctor_id) VALUES (1640,'2019-12-15',86,445);
INSERT INTO meds_for_surgery (surgery_id,med) VALUES (1640,'L-glutamine');
INSERT INTO surgery (id,date,patient_id,doctor_id) VALUES (1641,'2019-12-20',353,96);
INSERT INTO meds_for_surgery (surgery_id,med) VALUES (1641,'Atovaquone');
INSERT INTO surgery (id,date,patient_id,doctor_id) VALUES (1642,'2019-11-26',224,88);
INSERT INTO meds_for_surgery (surgery_id,med) VALUES (1642,'Hydralazine');
INSERT INTO surgery (id,date,patient_id,doctor_id) VALUES (1643,'2019-12-14',464,55);
INSERT INTO meds_for_surgery (surgery_id,med) VALUES (1643,'Daunorubicin');
INSERT INTO surgery (id,date,patient_id,doctor_id) VALUES (1644,'2019-12-16',270,320);
INSERT INTO meds_for_surgery (surgery_id,med) VALUES (1644,'Pentamidine');
INSERT INTO surgery (id,date,patient_id,doctor_id) VALUES (1645,'2019-12-01',353,88);
INSERT INTO meds_for_surgery (surgery_id,med) VALUES (1645,'Vancomycin');
INSERT INTO surgery (id,date,patient_id,doctor_id) VALUES (1646,'2019-12-05',199,151);
INSERT INTO meds_for_surgery (surgery_id,med) VALUES (1646,'Allopurinol');
INSERT INTO surgery (id,date,patient_id,doctor_id) VALUES (1647,'2019-11-27',181,360);
INSERT INTO meds_for_surgery (surgery_id,med) VALUES (1647,'Cisplatin');
INSERT INTO surgery (id,date,patient_id,doctor_id) VALUES (1648,'2019-12-21',33,141);
INSERT INTO meds_for_surgery (surgery_id,med) VALUES (1648,'Enoxaparin');
INSERT INTO surgery (id,date,patient_id,doctor_id) VALUES (1649,'2019-12-11',239,429);
INSERT INTO meds_for_surgery (surgery_id,med) VALUES (1649,'Deferasirox');
INSERT INTO surgery (id,date,patient_id,doctor_id) VALUES (1650,'2019-11-23',210,445);
INSERT INTO meds_for_surgery (surgery_id,med) VALUES (1650,'Ranitidine');
INSERT INTO surgery (id,date,patient_id,doctor_id) VALUES (1651,'2019-11-24',131,103);
INSERT INTO meds_for_surgery (surgery_id,med) VALUES (1651,'Ranitidine');
INSERT INTO surgery (id,date,patient_id,doctor_id) VALUES (1652,'2019-12-11',277,10);
INSERT INTO meds_for_surgery (surgery_id,med) VALUES (1652,'Methadone');
INSERT INTO surgery (id,date,patient_id,doctor_id) VALUES (1653,'2019-12-21',195,445);
INSERT INTO meds_for_surgery (surgery_id,med) VALUES (1653,'Vorinostat');
INSERT INTO surgery (id,date,patient_id,doctor_id) VALUES (1654,'2019-12-13',210,483);
INSERT INTO meds_for_surgery (surgery_id,med) VALUES (1654,'Cephalexin');
INSERT INTO surgery (id,date,patient_id,doctor_id) VALUES (1655,'2019-12-12',270,287);
INSERT INTO meds_for_surgery (surgery_id,med) VALUES (1655,'Gemcitabine');
INSERT INTO surgery (id,date,patient_id,doctor_id) VALUES (1656,'2019-12-24',239,417);
INSERT INTO meds_for_surgery (surgery_id,med) VALUES (1656,'Amlodipine');
INSERT INTO surgery (id,date,patient_id,doctor_id) VALUES (1657,'2019-12-09',384,465);
INSERT INTO meds_for_surgery (surgery_id,med) VALUES (1657,'Tobramycin');
INSERT INTO surgery (id,date,patient_id,doctor_id) VALUES (1658,'2019-12-17',389,361);
INSERT INTO meds_for_surgery (surgery_id,med) VALUES (1658,'Zidovudine');
INSERT INTO surgery (id,date,patient_id,doctor_id) VALUES (1659,'2019-12-05',94,498);
INSERT INTO meds_for_surgery (surgery_id,med) VALUES (1659,'Baclofen');
INSERT INTO surgery (id,date,patient_id,doctor_id) VALUES (1660,'2019-12-07',291,129);
INSERT INTO meds_for_surgery (surgery_id,med) VALUES (1660,'Hydralazine');
INSERT INTO surgery (id,date,patient_id,doctor_id) VALUES (1661,'2019-12-06',33,141);
INSERT INTO meds_for_surgery (surgery_id,med) VALUES (1661,'Emicizumab');
INSERT INTO surgery (id,date,patient_id,doctor_id) VALUES (1662,'2019-12-10',407,111);
INSERT INTO meds_for_surgery (surgery_id,med) VALUES (1662,'Hydromorphone');
INSERT INTO surgery (id,date,patient_id,doctor_id) VALUES (1663,'2019-11-23',331,422);
INSERT INTO meds_for_surgery (surgery_id,med) VALUES (1663,'Micafungin');
INSERT INTO surgery (id,date,patient_id,doctor_id) VALUES (1664,'2019-12-13',87,118);
INSERT INTO meds_for_surgery (surgery_id,med) VALUES (1664,'Tretinoin');
INSERT INTO surgery (id,date,patient_id,doctor_id) VALUES (1665,'2019-12-02',52,88);
INSERT INTO meds_for_surgery (surgery_id,med) VALUES (1665,'Bortezomib');
INSERT INTO surgery (id,date,patient_id,doctor_id) VALUES (1666,'2019-11-27',33,121);
INSERT INTO meds_for_surgery (surgery_id,med) VALUES (1666,'Emicizumab');
INSERT INTO surgery (id,date,patient_id,doctor_id) VALUES (1667,'2019-11-28',407,262);
INSERT INTO meds_for_surgery (surgery_id,med) VALUES (1667,'Aminocaproic Acid');
INSERT INTO surgery (id,date,patient_id,doctor_id) VALUES (1668,'2019-11-25',260,439);
INSERT INTO meds_for_surgery (surgery_id,med) VALUES (1668,'Cladribine');
INSERT INTO surgery (id,date,patient_id,doctor_id) VALUES (1669,'2019-12-18',437,121);
INSERT INTO meds_for_surgery (surgery_id,med) VALUES (1669,'Irinotecan');
INSERT INTO surgery (id,date,patient_id,doctor_id) VALUES (1670,'2019-12-03',31,498);
INSERT INTO meds_for_surgery (surgery_id,med) VALUES (1670,'Rilpivirine');
INSERT INTO surgery (id,date,patient_id,doctor_id) VALUES (1671,'2019-12-22',60,361);
INSERT INTO meds_for_surgery (surgery_id,med) VALUES (1671,'Erythromycin');
INSERT INTO surgery (id,date,patient_id,doctor_id) VALUES (1672,'2019-12-03',89,111);
INSERT INTO meds_for_surgery (surgery_id,med) VALUES (1672,'Atenolol');
INSERT INTO surgery (id,date,patient_id,doctor_id) VALUES (1673,'2019-12-18',479,13);
INSERT INTO meds_for_surgery (surgery_id,med) VALUES (1673,'Emtricitabine');
INSERT INTO surgery (id,date,patient_id,doctor_id) VALUES (1674,'2019-12-02',94,11);
INSERT INTO meds_for_surgery (surgery_id,med) VALUES (1674,'Voriconazole');
INSERT INTO surgery (id,date,patient_id,doctor_id) VALUES (1675,'2019-12-23',180,402);
INSERT INTO meds_for_surgery (surgery_id,med) VALUES (1675,'Ritonavir');
INSERT INTO surgery (id,date,patient_id,doctor_id) VALUES (1676,'2019-12-11',290,56);
INSERT INTO meds_for_surgery (surgery_id,med) VALUES (1676,'Imatinib');
INSERT INTO surgery (id,date,patient_id,doctor_id) VALUES (1677,'2019-12-18',406,284);
INSERT INTO meds_for_surgery (surgery_id,med) VALUES (1677,'Micafungin');
INSERT INTO surgery (id,date,patient_id,doctor_id) VALUES (1678,'2019-12-19',280,22);
INSERT INTO meds_for_surgery (surgery_id,med) VALUES (1678,'Mercaptopurine');
INSERT INTO surgery (id,date,patient_id,doctor_id) VALUES (1679,'2019-12-07',254,429);
INSERT INTO meds_for_surgery (surgery_id,med) VALUES (1679,'Cyclophosphamide');
INSERT INTO surgery (id,date,patient_id,doctor_id) VALUES (1680,'2019-12-24',97,465);
INSERT INTO meds_for_surgery (surgery_id,med) VALUES (1680,'Furosemide');
INSERT INTO surgery (id,date,patient_id,doctor_id) VALUES (1681,'2019-12-16',31,129);
INSERT INTO meds_for_surgery (surgery_id,med) VALUES (1681,'Mercaptopurine');
INSERT INTO surgery (id,date,patient_id,doctor_id) VALUES (1682,'2019-12-03',322,498);
INSERT INTO meds_for_surgery (surgery_id,med) VALUES (1682,'Celecoxib');
INSERT INTO surgery (id,date,patient_id,doctor_id) VALUES (1683,'2019-11-29',86,465);
INSERT INTO meds_for_surgery (surgery_id,med) VALUES (1683,'Clofarabine');
INSERT INTO surgery (id,date,patient_id,doctor_id) VALUES (1684,'2019-12-19',384,312);
INSERT INTO meds_for_surgery (surgery_id,med) VALUES (1684,'Vancomycin');
INSERT INTO surgery (id,date,patient_id,doctor_id) VALUES (1685,'2019-12-24',406,348);
INSERT INTO meds_for_surgery (surgery_id,med) VALUES (1685,'Irinotecan');
INSERT INTO surgery (id,date,patient_id,doctor_id) VALUES (1686,'2019-12-25',378,498);
INSERT INTO meds_for_surgery (surgery_id,med) VALUES (1686,'Tacrolimus');
INSERT INTO surgery (id,date,patient_id,doctor_id) VALUES (1687,'2019-11-23',254,445);
INSERT INTO meds_for_surgery (surgery_id,med) VALUES (1687,'Amlodipine');
INSERT INTO surgery (id,date,patient_id,doctor_id) VALUES (1688,'2019-12-26',325,445);
INSERT INTO meds_for_surgery (surgery_id,med) VALUES (1688,'Megestrol acetate');
INSERT INTO surgery (id,date,patient_id,doctor_id) VALUES (1689,'2019-12-06',490,105);
INSERT INTO meds_for_surgery (surgery_id,med) VALUES (1689,'Megestrol acetate');
INSERT INTO surgery (id,date,patient_id,doctor_id) VALUES (1690,'2019-11-24',188,320);
INSERT INTO meds_for_surgery (surgery_id,med) VALUES (1690,'Ganciclovir');
INSERT INTO surgery (id,date,patient_id,doctor_id) VALUES (1691,'2019-12-20',255,141);
INSERT INTO meds_for_surgery (surgery_id,med) VALUES (1691,'Methadone');
INSERT INTO surgery (id,date,patient_id,doctor_id) VALUES (1692,'2019-12-20',290,164);
INSERT INTO meds_for_surgery (surgery_id,med) VALUES (1692,'Cefuroxime');
INSERT INTO surgery (id,date,patient_id,doctor_id) VALUES (1693,'2019-11-28',131,158);
INSERT INTO meds_for_surgery (surgery_id,med) VALUES (1693,'Gemcitabine');
INSERT INTO surgery (id,date,patient_id,doctor_id) VALUES (1694,'2019-11-23',97,10);
INSERT INTO meds_for_surgery (surgery_id,med) VALUES (1694,'Isotretinoin');
INSERT INTO surgery (id,date,patient_id,doctor_id) VALUES (1695,'2019-12-12',194,433);
INSERT INTO meds_for_surgery (surgery_id,med) VALUES (1695,'Stavudine');
INSERT INTO surgery (id,date,patient_id,doctor_id) VALUES (1696,'2019-12-07',407,312);
INSERT INTO meds_for_surgery (surgery_id,med) VALUES (1696,'Temozolomide');
INSERT INTO surgery (id,date,patient_id,doctor_id) VALUES (1697,'2019-12-10',403,499);
INSERT INTO meds_for_surgery (surgery_id,med) VALUES (1697,'Paclitaxel');
INSERT INTO surgery (id,date,patient_id,doctor_id) VALUES (1698,'2019-11-30',476,312);
INSERT INTO meds_for_surgery (surgery_id,med) VALUES (1698,'Procarbazine');
INSERT INTO surgery (id,date,patient_id,doctor_id) VALUES (1699,'2019-12-05',76,483);
INSERT INTO meds_for_surgery (surgery_id,med) VALUES (1699,'Asparaginase');
INSERT INTO surgery (id,date,patient_id,doctor_id) VALUES (1700,'2019-12-07',176,105);
INSERT INTO meds_for_surgery (surgery_id,med) VALUES (1700,'Norepinephrine');
INSERT INTO surgery (id,date,patient_id,doctor_id) VALUES (1701,'2019-12-02',280,358);
INSERT INTO meds_for_surgery (surgery_id,med) VALUES (1701,'PEGaspargase');
INSERT INTO surgery (id,date,patient_id,doctor_id) VALUES (1702,'2019-12-08',456,124);
INSERT INTO meds_for_surgery (surgery_id,med) VALUES (1702,'Gabapentin');
INSERT INTO surgery (id,date,patient_id,doctor_id) VALUES (1703,'2019-11-24',500,225);
INSERT INTO meds_for_surgery (surgery_id,med) VALUES (1703,'Dronabinol');
INSERT INTO surgery (id,date,patient_id,doctor_id) VALUES (1704,'2019-12-08',134,287);
INSERT INTO meds_for_surgery (surgery_id,med) VALUES (1704,'Clobazam');
INSERT INTO surgery (id,date,patient_id,doctor_id) VALUES (1705,'2019-11-27',410,141);
INSERT INTO meds_for_surgery (surgery_id,med) VALUES (1705,'Warfarin');
INSERT INTO surgery (id,date,patient_id,doctor_id) VALUES (1706,'2019-12-05',293,351);
INSERT INTO meds_for_surgery (surgery_id,med) VALUES (1706,'Rituximab');
INSERT INTO surgery (id,date,patient_id,doctor_id) VALUES (1707,'2019-11-28',89,360);
INSERT INTO meds_for_surgery (surgery_id,med) VALUES (1707,'Vincristine');
INSERT INTO surgery (id,date,patient_id,doctor_id) VALUES (1708,'2019-12-18',76,103);
INSERT INTO meds_for_surgery (surgery_id,med) VALUES (1708,'Cefaclor');
INSERT INTO surgery (id,date,patient_id,doctor_id) VALUES (1709,'2019-12-25',457,358);
INSERT INTO meds_for_surgery (surgery_id,med) VALUES (1709,'Dornase alfa');
INSERT INTO surgery (id,date,patient_id,doctor_id) VALUES (1710,'2019-12-20',297,498);
INSERT INTO meds_for_surgery (surgery_id,med) VALUES (1710,'Hydralazine');
INSERT INTO surgery (id,date,patient_id,doctor_id) VALUES (1711,'2019-11-23',15,351);
INSERT INTO meds_for_surgery (surgery_id,med) VALUES (1711,'Bortezomib');
INSERT INTO surgery (id,date,patient_id,doctor_id) VALUES (1712,'2019-12-23',52,284);
INSERT INTO meds_for_surgery (surgery_id,med) VALUES (1712,'Acyclovir');
INSERT INTO surgery (id,date,patient_id,doctor_id) VALUES (1713,'2019-12-10',273,162);
INSERT INTO meds_for_surgery (surgery_id,med) VALUES (1713,'Vancomycin');
INSERT INTO surgery (id,date,patient_id,doctor_id) VALUES (1714,'2019-12-01',414,129);
INSERT INTO meds_for_surgery (surgery_id,med) VALUES (1714,'Fluconazole');
INSERT INTO surgery (id,date,patient_id,doctor_id) VALUES (1715,'2019-12-14',176,105);
INSERT INTO meds_for_surgery (surgery_id,med) VALUES (1715,'Sirolimus');
INSERT INTO surgery (id,date,patient_id,doctor_id) VALUES (1716,'2019-12-07',315,366);
INSERT INTO meds_for_surgery (surgery_id,med) VALUES (1716,'Vorinostat');
INSERT INTO surgery (id,date,patient_id,doctor_id) VALUES (1717,'2019-12-04',367,118);
INSERT INTO meds_for_surgery (surgery_id,med) VALUES (1717,'Vincristine');
INSERT INTO surgery (id,date,patient_id,doctor_id) VALUES (1718,'2019-12-05',436,498);
INSERT INTO meds_for_surgery (surgery_id,med) VALUES (1718,'G-CSF');
INSERT INTO surgery (id,date,patient_id,doctor_id) VALUES (1719,'2019-12-19',370,22);
INSERT INTO meds_for_surgery (surgery_id,med) VALUES (1719,'Lorazepam');
INSERT INTO surgery (id,date,patient_id,doctor_id) VALUES (1720,'2019-12-15',48,284);
INSERT INTO meds_for_surgery (surgery_id,med) VALUES (1720,'Voriconazole');
INSERT INTO surgery (id,date,patient_id,doctor_id) VALUES (1721,'2019-12-10',172,96);
INSERT INTO meds_for_surgery (surgery_id,med) VALUES (1721,'Carmustine');
INSERT INTO surgery (id,date,patient_id,doctor_id) VALUES (1722,'2019-12-24',137,115);
INSERT INTO meds_for_surgery (surgery_id,med) VALUES (1722,'Stavudine');
INSERT INTO surgery (id,date,patient_id,doctor_id) VALUES (1723,'2019-12-12',174,17);
INSERT INTO meds_for_surgery (surgery_id,med) VALUES (1723,'Etravirine');
INSERT INTO surgery (id,date,patient_id,doctor_id) VALUES (1724,'2019-12-04',253,421);
INSERT INTO meds_for_surgery (surgery_id,med) VALUES (1724,'Rituximab');
INSERT INTO surgery (id,date,patient_id,doctor_id) VALUES (1725,'2019-12-20',456,425);
INSERT INTO meds_for_surgery (surgery_id,med) VALUES (1725,'Abacavir');
INSERT INTO surgery (id,date,patient_id,doctor_id) VALUES (1726,'2019-12-25',239,422);
INSERT INTO meds_for_surgery (surgery_id,med) VALUES (1726,'Levothyroxine');
INSERT INTO surgery (id,date,patient_id,doctor_id) VALUES (1727,'2019-12-24',209,13);
INSERT INTO meds_for_surgery (surgery_id,med) VALUES (1727,'Raltegravir');
INSERT INTO surgery (id,date,patient_id,doctor_id) VALUES (1728,'2019-12-01',406,47);
INSERT INTO meds_for_surgery (surgery_id,med) VALUES (1728,'Fluconazole');
INSERT INTO surgery (id,date,patient_id,doctor_id) VALUES (1729,'2019-11-25',137,312);
INSERT INTO meds_for_surgery (surgery_id,med) VALUES (1729,'Ondansetron');
INSERT INTO surgery (id,date,patient_id,doctor_id) VALUES (1730,'2019-12-01',224,441);
INSERT INTO meds_for_surgery (surgery_id,med) VALUES (1730,'Darunavir');
INSERT INTO surgery (id,date,patient_id,doctor_id) VALUES (1731,'2019-12-22',134,466);
INSERT INTO meds_for_surgery (surgery_id,med) VALUES (1731,'Cefuroxime');
INSERT INTO surgery (id,date,patient_id,doctor_id) VALUES (1732,'2019-11-24',174,196);
INSERT INTO meds_for_surgery (surgery_id,med) VALUES (1732,'Diclofenac');
INSERT INTO surgery (id,date,patient_id,doctor_id) VALUES (1733,'2019-12-27',148,27);
INSERT INTO meds_for_surgery (surgery_id,med) VALUES (1733,'Hydrocortisone');
INSERT INTO surgery (id,date,patient_id,doctor_id) VALUES (1734,'2019-11-28',134,422);
INSERT INTO meds_for_surgery (surgery_id,med) VALUES (1734,'Micafungin');
INSERT INTO surgery (id,date,patient_id,doctor_id) VALUES (1735,'2019-12-17',315,441);
INSERT INTO meds_for_surgery (surgery_id,med) VALUES (1735,'Imipenem');
INSERT INTO surgery (id,date,patient_id,doctor_id) VALUES (1736,'2019-12-26',229,423);
INSERT INTO meds_for_surgery (surgery_id,med) VALUES (1736,'Pegfilgrastim');
INSERT INTO surgery (id,date,patient_id,doctor_id) VALUES (1737,'2019-12-14',231,366);
INSERT INTO meds_for_surgery (surgery_id,med) VALUES (1737,'Clobazam');
INSERT INTO surgery (id,date,patient_id,doctor_id) VALUES (1738,'2019-12-24',277,13);
INSERT INTO meds_for_surgery (surgery_id,med) VALUES (1738,'Sirolimus');
INSERT INTO surgery (id,date,patient_id,doctor_id) VALUES (1739,'2019-11-28',231,284);
INSERT INTO meds_for_surgery (surgery_id,med) VALUES (1739,'Probenecid');
INSERT INTO surgery (id,date,patient_id,doctor_id) VALUES (1740,'2019-12-02',102,358);
INSERT INTO meds_for_surgery (surgery_id,med) VALUES (1740,'Foscarnet');
INSERT INTO surgery (id,date,patient_id,doctor_id) VALUES (1741,'2019-11-30',490,284);
INSERT INTO meds_for_surgery (surgery_id,med) VALUES (1741,'Phosphorus');
INSERT INTO surgery (id,date,patient_id,doctor_id) VALUES (1742,'2019-12-06',131,62);
INSERT INTO meds_for_surgery (surgery_id,med) VALUES (1742,'Tenofovir');
INSERT INTO surgery (id,date,patient_id,doctor_id) VALUES (1743,'2019-12-11',181,24);
INSERT INTO meds_for_surgery (surgery_id,med) VALUES (1743,'G-CSF');
INSERT INTO surgery (id,date,patient_id,doctor_id) VALUES (1744,'2019-11-29',64,425);
INSERT INTO meds_for_surgery (surgery_id,med) VALUES (1744,'Sirolimus');
INSERT INTO surgery (id,date,patient_id,doctor_id) VALUES (1745,'2019-12-09',209,118);
INSERT INTO meds_for_surgery (surgery_id,med) VALUES (1745,'Stavudine');
INSERT INTO surgery (id,date,patient_id,doctor_id) VALUES (1746,'2019-11-25',464,429);
INSERT INTO meds_for_surgery (surgery_id,med) VALUES (1746,'Ranitidine');
INSERT INTO surgery (id,date,patient_id,doctor_id) VALUES (1747,'2019-12-13',414,111);
INSERT INTO meds_for_surgery (surgery_id,med) VALUES (1747,'Eltrombopag');
INSERT INTO surgery (id,date,patient_id,doctor_id) VALUES (1748,'2019-12-22',303,416);
INSERT INTO meds_for_surgery (surgery_id,med) VALUES (1748,'Muromonab');
INSERT INTO surgery (id,date,patient_id,doctor_id) VALUES (1749,'2019-12-25',470,445);
INSERT INTO meds_for_surgery (surgery_id,med) VALUES (1749,'Sugammadex');
INSERT INTO surgery (id,date,patient_id,doctor_id) VALUES (1750,'2019-12-21',97,301);
INSERT INTO meds_for_surgery (surgery_id,med) VALUES (1750,'Dronabinol');
INSERT INTO surgery (id,date,patient_id,doctor_id) VALUES (1751,'2019-11-29',419,129);
INSERT INTO meds_for_surgery (surgery_id,med) VALUES (1751,'Oxycodone');
INSERT INTO surgery (id,date,patient_id,doctor_id) VALUES (1752,'2019-11-25',325,320);
INSERT INTO meds_for_surgery (surgery_id,med) VALUES (1752,'Sirolimus');
INSERT INTO surgery (id,date,patient_id,doctor_id) VALUES (1753,'2019-12-07',291,13);
INSERT INTO meds_for_surgery (surgery_id,med) VALUES (1753,'Fluorouracil');
INSERT INTO surgery (id,date,patient_id,doctor_id) VALUES (1754,'2019-12-19',449,433);
INSERT INTO meds_for_surgery (surgery_id,med) VALUES (1754,'Clarithromycin');
INSERT INTO surgery (id,date,patient_id,doctor_id) VALUES (1755,'2019-12-23',353,348);
INSERT INTO meds_for_surgery (surgery_id,med) VALUES (1755,'Hydralazine');
INSERT INTO surgery (id,date,patient_id,doctor_id) VALUES (1756,'2019-11-26',52,438);
INSERT INTO meds_for_surgery (surgery_id,med) VALUES (1756,'Phenobarbital');
INSERT INTO surgery (id,date,patient_id,doctor_id) VALUES (1757,'2019-12-22',268,164);
INSERT INTO meds_for_surgery (surgery_id,med) VALUES (1757,'Voriconazole');
INSERT INTO surgery (id,date,patient_id,doctor_id) VALUES (1758,'2019-12-14',221,123);
INSERT INTO meds_for_surgery (surgery_id,med) VALUES (1758,'Hydrocodone');
INSERT INTO surgery (id,date,patient_id,doctor_id) VALUES (1759,'2019-11-29',206,11);
INSERT INTO meds_for_surgery (surgery_id,med) VALUES (1759,'Ketoconazole');
INSERT INTO surgery (id,date,patient_id,doctor_id) VALUES (1760,'2019-12-26',406,354);
INSERT INTO meds_for_surgery (surgery_id,med) VALUES (1760,'Amitriptyline');
INSERT INTO surgery (id,date,patient_id,doctor_id) VALUES (1761,'2019-12-18',389,17);
INSERT INTO meds_for_surgery (surgery_id,med) VALUES (1761,'Saquinavir');
INSERT INTO surgery (id,date,patient_id,doctor_id) VALUES (1762,'2019-12-09',353,115);
INSERT INTO meds_for_surgery (surgery_id,med) VALUES (1762,'Codeine');
INSERT INTO surgery (id,date,patient_id,doctor_id) VALUES (1763,'2019-11-27',403,312);
INSERT INTO meds_for_surgery (surgery_id,med) VALUES (1763,'Probenecid');
INSERT INTO surgery (id,date,patient_id,doctor_id) VALUES (1764,'2019-11-26',325,10);
INSERT INTO meds_for_surgery (surgery_id,med) VALUES (1764,'Phenytoin');
INSERT INTO surgery (id,date,patient_id,doctor_id) VALUES (1765,'2019-12-10',303,62);
INSERT INTO meds_for_surgery (surgery_id,med) VALUES (1765,'Promethazine');
INSERT INTO surgery (id,date,patient_id,doctor_id) VALUES (1766,'2019-12-13',209,445);
INSERT INTO meds_for_surgery (surgery_id,med) VALUES (1766,'Codeine');
INSERT INTO surgery (id,date,patient_id,doctor_id) VALUES (1767,'2019-12-23',76,491);
INSERT INTO meds_for_surgery (surgery_id,med) VALUES (1767,'Cyproheptadine');
INSERT INTO surgery (id,date,patient_id,doctor_id) VALUES (1768,'2019-12-17',181,489);
INSERT INTO meds_for_surgery (surgery_id,med) VALUES (1768,'Cladribine');
INSERT INTO surgery (id,date,patient_id,doctor_id) VALUES (1769,'2019-11-25',419,129);
INSERT INTO meds_for_surgery (surgery_id,med) VALUES (1769,'Ifosfamide');
INSERT INTO surgery (id,date,patient_id,doctor_id) VALUES (1770,'2019-12-25',386,96);
INSERT INTO meds_for_surgery (surgery_id,med) VALUES (1770,'Dinutuximab');
INSERT INTO surgery (id,date,patient_id,doctor_id) VALUES (1771,'2019-12-19',199,115);
INSERT INTO meds_for_surgery (surgery_id,med) VALUES (1771,'Itraconazole');
INSERT INTO surgery (id,date,patient_id,doctor_id) VALUES (1772,'2019-12-18',273,162);
INSERT INTO meds_for_surgery (surgery_id,med) VALUES (1772,'Emicizumab');
INSERT INTO surgery (id,date,patient_id,doctor_id) VALUES (1773,'2019-12-26',403,284);
INSERT INTO meds_for_surgery (surgery_id,med) VALUES (1773,'Methotrexate');
INSERT INTO surgery (id,date,patient_id,doctor_id) VALUES (1774,'2019-12-08',52,276);
INSERT INTO meds_for_surgery (surgery_id,med) VALUES (1774,'Gemtuzumab');
INSERT INTO surgery (id,date,patient_id,doctor_id) VALUES (1775,'2019-12-04',403,329);
INSERT INTO meds_for_surgery (surgery_id,med) VALUES (1775,'Maraviroc');
INSERT INTO surgery (id,date,patient_id,doctor_id) VALUES (1776,'2019-12-07',181,423);
INSERT INTO meds_for_surgery (surgery_id,med) VALUES (1776,'Neuromuscular');
INSERT INTO surgery (id,date,patient_id,doctor_id) VALUES (1777,'2019-12-10',324,88);
INSERT INTO meds_for_surgery (surgery_id,med) VALUES (1777,'Etonogestrel');
INSERT INTO surgery (id,date,patient_id,doctor_id) VALUES (1778,'2019-11-29',464,62);
INSERT INTO meds_for_surgery (surgery_id,med) VALUES (1778,'Mercaptopurine');
INSERT INTO surgery (id,date,patient_id,doctor_id) VALUES (1779,'2019-12-23',168,312);
INSERT INTO meds_for_surgery (surgery_id,med) VALUES (1779,'Acyclovir');
INSERT INTO surgery (id,date,patient_id,doctor_id) VALUES (1780,'2019-12-19',293,153);
INSERT INTO meds_for_surgery (surgery_id,med) VALUES (1780,'Etonogestrel');
INSERT INTO surgery (id,date,patient_id,doctor_id) VALUES (1781,'2019-12-05',173,62);
INSERT INTO meds_for_surgery (surgery_id,med) VALUES (1781,'Asparaginase');
INSERT INTO surgery (id,date,patient_id,doctor_id) VALUES (1782,'2019-12-09',453,320);
INSERT INTO meds_for_surgery (surgery_id,med) VALUES (1782,'Neuromuscular');
INSERT INTO surgery (id,date,patient_id,doctor_id) VALUES (1783,'2019-12-05',407,17);
INSERT INTO meds_for_surgery (surgery_id,med) VALUES (1783,'Phenytoin');
INSERT INTO surgery (id,date,patient_id,doctor_id) VALUES (1784,'2019-12-18',299,320);
INSERT INTO meds_for_surgery (surgery_id,med) VALUES (1784,'Atovaquone');
INSERT INTO surgery (id,date,patient_id,doctor_id) VALUES (1785,'2019-12-11',134,162);
INSERT INTO meds_for_surgery (surgery_id,med) VALUES (1785,'Muromonab');
INSERT INTO surgery (id,date,patient_id,doctor_id) VALUES (1786,'2019-12-19',33,158);
INSERT INTO meds_for_surgery (surgery_id,med) VALUES (1786,'Phenobarbital');
INSERT INTO surgery (id,date,patient_id,doctor_id) VALUES (1787,'2019-12-16',255,121);
INSERT INTO meds_for_surgery (surgery_id,med) VALUES (1787,'Sunitinib');
INSERT INTO surgery (id,date,patient_id,doctor_id) VALUES (1788,'2019-12-02',86,75);
INSERT INTO meds_for_surgery (surgery_id,med) VALUES (1788,'Meperidine');
INSERT INTO surgery (id,date,patient_id,doctor_id) VALUES (1789,'2019-12-08',291,23);
INSERT INTO meds_for_surgery (surgery_id,med) VALUES (1789,'Dexamethasone');
INSERT INTO surgery (id,date,patient_id,doctor_id) VALUES (1790,'2019-11-29',456,88);
INSERT INTO meds_for_surgery (surgery_id,med) VALUES (1790,'Probenecid');
INSERT INTO surgery (id,date,patient_id,doctor_id) VALUES (1791,'2019-12-20',403,123);
INSERT INTO meds_for_surgery (surgery_id,med) VALUES (1791,'Pemetrexed');
INSERT INTO surgery (id,date,patient_id,doctor_id) VALUES (1792,'2019-11-24',199,151);
INSERT INTO meds_for_surgery (surgery_id,med) VALUES (1792,'Amifostine');
INSERT INTO surgery (id,date,patient_id,doctor_id) VALUES (1793,'2019-12-17',255,27);
INSERT INTO meds_for_surgery (surgery_id,med) VALUES (1793,'Ifosfamide');
INSERT INTO surgery (id,date,patient_id,doctor_id) VALUES (1794,'2019-11-23',173,358);
INSERT INTO meds_for_surgery (surgery_id,med) VALUES (1794,'Clarithromycin');
INSERT INTO surgery (id,date,patient_id,doctor_id) VALUES (1795,'2019-12-14',94,51);
INSERT INTO meds_for_surgery (surgery_id,med) VALUES (1795,'Stavudine');
INSERT INTO surgery (id,date,patient_id,doctor_id) VALUES (1796,'2019-12-08',449,416);
INSERT INTO meds_for_surgery (surgery_id,med) VALUES (1796,'Codeine');
INSERT INTO surgery (id,date,patient_id,doctor_id) VALUES (1797,'2019-12-08',194,301);
INSERT INTO meds_for_surgery (surgery_id,med) VALUES (1797,'Maraviroc');
INSERT INTO surgery (id,date,patient_id,doctor_id) VALUES (1798,'2019-11-27',500,360);
INSERT INTO meds_for_surgery (surgery_id,med) VALUES (1798,'Cidofovir');
INSERT INTO surgery (id,date,patient_id,doctor_id) VALUES (1799,'2019-12-12',231,162);
INSERT INTO meds_for_surgery (surgery_id,med) VALUES (1799,'Tretinoin');
INSERT INTO surgery (id,date,patient_id,doctor_id) VALUES (1800,'2019-11-25',303,47);
INSERT INTO meds_for_surgery (surgery_id,med) VALUES (1800,'Ondansetron');
INSERT INTO surgery (id,date,patient_id,doctor_id) VALUES (1801,'2019-12-07',137,499);
INSERT INTO meds_for_surgery (surgery_id,med) VALUES (1801,'PEGaspargase');
INSERT INTO surgery (id,date,patient_id,doctor_id) VALUES (1802,'2019-12-25',94,105);
INSERT INTO meds_for_surgery (surgery_id,med) VALUES (1802,'Oxycodone');
INSERT INTO surgery (id,date,patient_id,doctor_id) VALUES (1803,'2019-11-25',324,129);
INSERT INTO meds_for_surgery (surgery_id,med) VALUES (1803,'Cyclophosphamide');
INSERT INTO surgery (id,date,patient_id,doctor_id) VALUES (1804,'2019-12-16',386,329);
INSERT INTO meds_for_surgery (surgery_id,med) VALUES (1804,'Thioguanine');
INSERT INTO surgery (id,date,patient_id,doctor_id) VALUES (1805,'2019-12-11',194,10);
INSERT INTO meds_for_surgery (surgery_id,med) VALUES (1805,'Asparaginase');
INSERT INTO surgery (id,date,patient_id,doctor_id) VALUES (1806,'2019-12-01',449,56);
INSERT INTO meds_for_surgery (surgery_id,med) VALUES (1806,'Propoxyphene');
INSERT INTO surgery (id,date,patient_id,doctor_id) VALUES (1807,'2019-12-12',398,335);
INSERT INTO meds_for_surgery (surgery_id,med) VALUES (1807,'Raltegravir');
INSERT INTO surgery (id,date,patient_id,doctor_id) VALUES (1808,'2019-11-26',386,483);
INSERT INTO meds_for_surgery (surgery_id,med) VALUES (1808,'Famciclovir');
INSERT INTO surgery (id,date,patient_id,doctor_id) VALUES (1809,'2019-12-25',76,22);
INSERT INTO meds_for_surgery (surgery_id,med) VALUES (1809,'Deferasirox');
INSERT INTO surgery (id,date,patient_id,doctor_id) VALUES (1810,'2019-12-09',469,491);
INSERT INTO meds_for_surgery (surgery_id,med) VALUES (1810,'Micafungin');
INSERT INTO surgery (id,date,patient_id,doctor_id) VALUES (1811,'2019-12-09',181,123);
INSERT INTO meds_for_surgery (surgery_id,med) VALUES (1811,'Calcium');
INSERT INTO surgery (id,date,patient_id,doctor_id) VALUES (1812,'2019-12-22',15,276);
INSERT INTO meds_for_surgery (surgery_id,med) VALUES (1812,'Calcium');
INSERT INTO surgery (id,date,patient_id,doctor_id) VALUES (1813,'2019-12-06',94,24);
INSERT INTO meds_for_surgery (surgery_id,med) VALUES (1813,'Captopril');
INSERT INTO surgery (id,date,patient_id,doctor_id) VALUES (1814,'2019-12-08',291,445);
INSERT INTO meds_for_surgery (surgery_id,med) VALUES (1814,'Acyclovir');
INSERT INTO surgery (id,date,patient_id,doctor_id) VALUES (1815,'2019-11-27',327,10);
INSERT INTO meds_for_surgery (surgery_id,med) VALUES (1815,'Vancomycin');
INSERT INTO surgery (id,date,patient_id,doctor_id) VALUES (1816,'2019-12-14',296,312);
INSERT INTO meds_for_surgery (surgery_id,med) VALUES (1816,'Dinutuximab');
INSERT INTO surgery (id,date,patient_id,doctor_id) VALUES (1817,'2019-12-18',268,351);
INSERT INTO meds_for_surgery (surgery_id,med) VALUES (1817,'Labetalol');
INSERT INTO surgery (id,date,patient_id,doctor_id) VALUES (1818,'2019-12-24',135,22);
INSERT INTO meds_for_surgery (surgery_id,med) VALUES (1818,'Meloxicam');
INSERT INTO surgery (id,date,patient_id,doctor_id) VALUES (1819,'2019-11-24',331,438);
INSERT INTO meds_for_surgery (surgery_id,med) VALUES (1819,'Vancomycin');
INSERT INTO surgery (id,date,patient_id,doctor_id) VALUES (1820,'2019-12-13',168,287);
INSERT INTO meds_for_surgery (surgery_id,med) VALUES (1820,'Labetalol');
INSERT INTO surgery (id,date,patient_id,doctor_id) VALUES (1821,'2019-12-02',201,366);
INSERT INTO meds_for_surgery (surgery_id,med) VALUES (1821,'Levothyroxine');
INSERT INTO surgery (id,date,patient_id,doctor_id) VALUES (1822,'2019-11-27',293,417);
INSERT INTO meds_for_surgery (surgery_id,med) VALUES (1822,'Isotretinoin');
INSERT INTO surgery (id,date,patient_id,doctor_id) VALUES (1823,'2019-12-13',206,96);
INSERT INTO meds_for_surgery (surgery_id,med) VALUES (1823,'Ruxolitinib');
INSERT INTO surgery (id,date,patient_id,doctor_id) VALUES (1824,'2019-11-29',180,162);
INSERT INTO meds_for_surgery (surgery_id,med) VALUES (1824,'Trimethoprim');
INSERT INTO surgery (id,date,patient_id,doctor_id) VALUES (1825,'2019-12-10',253,489);
INSERT INTO meds_for_surgery (surgery_id,med) VALUES (1825,'Vincristine');
INSERT INTO surgery (id,date,patient_id,doctor_id) VALUES (1826,'2019-12-23',33,276);
INSERT INTO meds_for_surgery (surgery_id,med) VALUES (1826,'Mitotane');
INSERT INTO surgery (id,date,patient_id,doctor_id) VALUES (1827,'2019-12-08',206,11);
INSERT INTO meds_for_surgery (surgery_id,med) VALUES (1827,'Pemetrexed');
INSERT INTO surgery (id,date,patient_id,doctor_id) VALUES (1828,'2019-11-28',231,153);
INSERT INTO meds_for_surgery (surgery_id,med) VALUES (1828,'Meropenem');
INSERT INTO surgery (id,date,patient_id,doctor_id) VALUES (1829,'2019-12-03',204,491);
INSERT INTO meds_for_surgery (surgery_id,med) VALUES (1829,'Procarbazine');
INSERT INTO surgery (id,date,patient_id,doctor_id) VALUES (1830,'2019-11-29',389,312);
INSERT INTO meds_for_surgery (surgery_id,med) VALUES (1830,'Carbamazepine');
INSERT INTO surgery (id,date,patient_id,doctor_id) VALUES (1831,'2019-12-07',293,366);
INSERT INTO meds_for_surgery (surgery_id,med) VALUES (1831,'Carboplatin');
INSERT INTO surgery (id,date,patient_id,doctor_id) VALUES (1832,'2019-12-07',490,13);
INSERT INTO meds_for_surgery (surgery_id,med) VALUES (1832,'Magnesium');
INSERT INTO surgery (id,date,patient_id,doctor_id) VALUES (1833,'2019-12-24',453,153);
INSERT INTO meds_for_surgery (surgery_id,med) VALUES (1833,'Captopril');
INSERT INTO surgery (id,date,patient_id,doctor_id) VALUES (1834,'2019-11-30',173,118);
INSERT INTO meds_for_surgery (surgery_id,med) VALUES (1834,'Hydrocodone');
INSERT INTO surgery (id,date,patient_id,doctor_id) VALUES (1835,'2019-11-24',500,225);
INSERT INTO meds_for_surgery (surgery_id,med) VALUES (1835,'Ganciclovir');
INSERT INTO surgery (id,date,patient_id,doctor_id) VALUES (1836,'2019-12-07',357,433);
INSERT INTO meds_for_surgery (surgery_id,med) VALUES (1836,'GM-CSF');
INSERT INTO surgery (id,date,patient_id,doctor_id) VALUES (1837,'2019-12-06',479,105);
INSERT INTO meds_for_surgery (surgery_id,med) VALUES (1837,'Alemtuzumab');
INSERT INTO surgery (id,date,patient_id,doctor_id) VALUES (1838,'2019-12-14',268,491);
INSERT INTO meds_for_surgery (surgery_id,med) VALUES (1838,'Ketoconazole');
INSERT INTO surgery (id,date,patient_id,doctor_id) VALUES (1839,'2019-12-22',31,499);
INSERT INTO meds_for_surgery (surgery_id,med) VALUES (1839,'Dapsone');
INSERT INTO surgery (id,date,patient_id,doctor_id) VALUES (1840,'2019-12-21',255,301);
INSERT INTO meds_for_surgery (surgery_id,med) VALUES (1840,'Crizotinib');
INSERT INTO surgery (id,date,patient_id,doctor_id) VALUES (1841,'2019-12-19',20,105);
INSERT INTO meds_for_surgery (surgery_id,med) VALUES (1841,'Lomustine');
INSERT INTO surgery (id,date,patient_id,doctor_id) VALUES (1842,'2019-12-22',254,402);
INSERT INTO meds_for_surgery (surgery_id,med) VALUES (1842,'Gabapentin');
INSERT INTO surgery (id,date,patient_id,doctor_id) VALUES (1843,'2019-11-27',15,429);
INSERT INTO meds_for_surgery (surgery_id,med) VALUES (1843,'Sirolimus');
INSERT INTO surgery (id,date,patient_id,doctor_id) VALUES (1844,'2019-11-25',268,499);
INSERT INTO meds_for_surgery (surgery_id,med) VALUES (1844,'Methylphenidate');
INSERT INTO surgery (id,date,patient_id,doctor_id) VALUES (1845,'2019-12-04',476,354);
INSERT INTO meds_for_surgery (surgery_id,med) VALUES (1845,'Dactinomycin');
INSERT INTO surgery (id,date,patient_id,doctor_id) VALUES (1846,'2019-12-23',204,13);
INSERT INTO meds_for_surgery (surgery_id,med) VALUES (1846,'G-CSF');
INSERT INTO surgery (id,date,patient_id,doctor_id) VALUES (1847,'2019-12-13',224,361);
INSERT INTO meds_for_surgery (surgery_id,med) VALUES (1847,'Rilpivirine');
INSERT INTO surgery (id,date,patient_id,doctor_id) VALUES (1848,'2019-12-10',353,489);
INSERT INTO meds_for_surgery (surgery_id,med) VALUES (1848,'Clobazam');
INSERT INTO surgery (id,date,patient_id,doctor_id) VALUES (1849,'2019-11-28',270,118);
INSERT INTO meds_for_surgery (surgery_id,med) VALUES (1849,'Dactinomycin');
INSERT INTO surgery (id,date,patient_id,doctor_id) VALUES (1850,'2019-11-27',97,489);
INSERT INTO meds_for_surgery (surgery_id,med) VALUES (1850,'Temozolomide');
INSERT INTO surgery (id,date,patient_id,doctor_id) VALUES (1851,'2019-12-08',437,287);
INSERT INTO meds_for_surgery (surgery_id,med) VALUES (1851,'Linezolid');
INSERT INTO surgery (id,date,patient_id,doctor_id) VALUES (1852,'2019-11-28',221,96);
INSERT INTO meds_for_surgery (surgery_id,med) VALUES (1852,'Erlotinib');
INSERT INTO surgery (id,date,patient_id,doctor_id) VALUES (1853,'2019-12-17',33,499);
INSERT INTO meds_for_surgery (surgery_id,med) VALUES (1853,'Asparaginase');
INSERT INTO surgery (id,date,patient_id,doctor_id) VALUES (1854,'2019-12-20',464,366);
INSERT INTO meds_for_surgery (surgery_id,med) VALUES (1854,'Magnesium');
INSERT INTO surgery (id,date,patient_id,doctor_id) VALUES (1855,'2019-11-23',188,34);
INSERT INTO meds_for_surgery (surgery_id,med) VALUES (1855,'Nelarabine');
INSERT INTO surgery (id,date,patient_id,doctor_id) VALUES (1856,'2019-12-19',403,62);
INSERT INTO meds_for_surgery (surgery_id,med) VALUES (1856,'Dopamine');
INSERT INTO surgery (id,date,patient_id,doctor_id) VALUES (1857,'2019-12-04',406,312);
INSERT INTO meds_for_surgery (surgery_id,med) VALUES (1857,'Posaconazole');
INSERT INTO surgery (id,date,patient_id,doctor_id) VALUES (1858,'2019-12-06',173,498);
INSERT INTO meds_for_surgery (surgery_id,med) VALUES (1858,'Daunorubicin');
INSERT INTO surgery (id,date,patient_id,doctor_id) VALUES (1859,'2019-12-13',242,438);
INSERT INTO meds_for_surgery (surgery_id,med) VALUES (1859,'Carbamazepine');
INSERT INTO surgery (id,date,patient_id,doctor_id) VALUES (1860,'2019-12-06',403,118);
INSERT INTO meds_for_surgery (surgery_id,med) VALUES (1860,'Rituximab');
INSERT INTO surgery (id,date,patient_id,doctor_id) VALUES (1861,'2019-11-26',407,243);
INSERT INTO meds_for_surgery (surgery_id,med) VALUES (1861,'Magnesium');
INSERT INTO surgery (id,date,patient_id,doctor_id) VALUES (1862,'2019-11-27',299,301);
INSERT INTO meds_for_surgery (surgery_id,med) VALUES (1862,'Carbamazepine');
INSERT INTO surgery (id,date,patient_id,doctor_id) VALUES (1863,'2019-12-01',255,75);
INSERT INTO meds_for_surgery (surgery_id,med) VALUES (1863,'Daunorubicin');
INSERT INTO surgery (id,date,patient_id,doctor_id) VALUES (1864,'2019-12-11',457,47);
INSERT INTO meds_for_surgery (surgery_id,med) VALUES (1864,'Alemtuzumab');
INSERT INTO surgery (id,date,patient_id,doctor_id) VALUES (1865,'2019-12-12',86,445);
INSERT INTO meds_for_surgery (surgery_id,med) VALUES (1865,'Interleukin');
INSERT INTO surgery (id,date,patient_id,doctor_id) VALUES (1866,'2019-12-03',242,320);
INSERT INTO meds_for_surgery (surgery_id,med) VALUES (1866,'Cyclophosphamide');
INSERT INTO surgery (id,date,patient_id,doctor_id) VALUES (1867,'2019-12-04',48,123);
INSERT INTO meds_for_surgery (surgery_id,med) VALUES (1867,'Mesna');
INSERT INTO surgery (id,date,patient_id,doctor_id) VALUES (1868,'2019-12-18',327,24);
INSERT INTO meds_for_surgery (surgery_id,med) VALUES (1868,'Dacarbazine');
INSERT INTO surgery (id,date,patient_id,doctor_id) VALUES (1869,'2019-11-30',331,276);
INSERT INTO meds_for_surgery (surgery_id,med) VALUES (1869,'Abacavir');
INSERT INTO surgery (id,date,patient_id,doctor_id) VALUES (1870,'2019-12-15',469,489);
INSERT INTO meds_for_surgery (surgery_id,med) VALUES (1870,'Daunorubicin');
INSERT INTO surgery (id,date,patient_id,doctor_id) VALUES (1871,'2019-12-05',239,129);
INSERT INTO meds_for_surgery (surgery_id,med) VALUES (1871,'Phenobarbital');
INSERT INTO surgery (id,date,patient_id,doctor_id) VALUES (1872,'2019-12-26',476,274);
INSERT INTO meds_for_surgery (surgery_id,med) VALUES (1872,'Tobramycin');
INSERT INTO surgery (id,date,patient_id,doctor_id) VALUES (1873,'2019-12-11',204,262);
INSERT INTO meds_for_surgery (surgery_id,med) VALUES (1873,'Doxorubicin');
INSERT INTO surgery (id,date,patient_id,doctor_id) VALUES (1874,'2019-12-18',456,433);
INSERT INTO meds_for_surgery (surgery_id,med) VALUES (1874,'Carmustine');
INSERT INTO surgery (id,date,patient_id,doctor_id) VALUES (1875,'2019-12-24',268,51);
INSERT INTO meds_for_surgery (surgery_id,med) VALUES (1875,'Ifosfamide');
INSERT INTO surgery (id,date,patient_id,doctor_id) VALUES (1876,'2019-12-24',469,439);
INSERT INTO meds_for_surgery (surgery_id,med) VALUES (1876,'Promethazine');
INSERT INTO surgery (id,date,patient_id,doctor_id) VALUES (1877,'2019-12-08',315,498);
INSERT INTO meds_for_surgery (surgery_id,med) VALUES (1877,'Mercaptopurine');
INSERT INTO surgery (id,date,patient_id,doctor_id) VALUES (1878,'2019-12-01',324,348);
INSERT INTO meds_for_surgery (surgery_id,med) VALUES (1878,'Carboplatin');
INSERT INTO surgery (id,date,patient_id,doctor_id) VALUES (1879,'2019-11-27',324,141);
INSERT INTO meds_for_surgery (surgery_id,med) VALUES (1879,'Labetalol');
INSERT INTO surgery (id,date,patient_id,doctor_id) VALUES (1880,'2019-11-23',102,438);
INSERT INTO meds_for_surgery (surgery_id,med) VALUES (1880,'Carmustine');
INSERT INTO surgery (id,date,patient_id,doctor_id) VALUES (1881,'2019-12-09',134,153);
INSERT INTO meds_for_surgery (surgery_id,med) VALUES (1881,'Etravirine');
INSERT INTO surgery (id,date,patient_id,doctor_id) VALUES (1882,'2019-12-02',131,305);
INSERT INTO meds_for_surgery (surgery_id,med) VALUES (1882,'Clindamycin');
INSERT INTO surgery (id,date,patient_id,doctor_id) VALUES (1883,'2019-12-01',148,88);
INSERT INTO meds_for_surgery (surgery_id,med) VALUES (1883,'Aminocaproic Acid');
INSERT INTO surgery (id,date,patient_id,doctor_id) VALUES (1884,'2019-11-30',201,103);
INSERT INTO meds_for_surgery (surgery_id,med) VALUES (1884,'Ifosfamide');
INSERT INTO surgery (id,date,patient_id,doctor_id) VALUES (1885,'2019-11-30',176,491);
INSERT INTO meds_for_surgery (surgery_id,med) VALUES (1885,'Methadone');
INSERT INTO surgery (id,date,patient_id,doctor_id) VALUES (1886,'2019-11-24',94,438);
INSERT INTO meds_for_surgery (surgery_id,med) VALUES (1886,'Pemetrexed');
INSERT INTO surgery (id,date,patient_id,doctor_id) VALUES (1887,'2019-12-20',457,153);
INSERT INTO meds_for_surgery (surgery_id,med) VALUES (1887,'Amoxicillin');
INSERT INTO surgery (id,date,patient_id,doctor_id) VALUES (1888,'2019-11-27',325,55);
INSERT INTO meds_for_surgery (surgery_id,med) VALUES (1888,'Clobazam');
INSERT INTO surgery (id,date,patient_id,doctor_id) VALUES (1889,'2019-12-08',500,335);
INSERT INTO meds_for_surgery (surgery_id,med) VALUES (1889,'Aminocaproic Acid');
INSERT INTO surgery (id,date,patient_id,doctor_id) VALUES (1890,'2019-12-04',291,141);
INSERT INTO meds_for_surgery (surgery_id,med) VALUES (1890,'GM-CSF');
INSERT INTO surgery (id,date,patient_id,doctor_id) VALUES (1891,'2019-11-23',331,141);
INSERT INTO meds_for_surgery (surgery_id,med) VALUES (1891,'Atazanavir');
INSERT INTO surgery (id,date,patient_id,doctor_id) VALUES (1892,'2019-12-20',464,335);
INSERT INTO meds_for_surgery (surgery_id,med) VALUES (1892,'Captopril');
INSERT INTO surgery (id,date,patient_id,doctor_id) VALUES (1893,'2019-11-24',173,96);
INSERT INTO meds_for_surgery (surgery_id,med) VALUES (1893,'Erythropoietin');
INSERT INTO surgery (id,date,patient_id,doctor_id) VALUES (1894,'2019-11-28',134,118);
INSERT INTO meds_for_surgery (surgery_id,med) VALUES (1894,'Vincristine');
INSERT INTO surgery (id,date,patient_id,doctor_id) VALUES (1895,'2019-12-20',60,55);
INSERT INTO meds_for_surgery (surgery_id,med) VALUES (1895,'Amifostine');
INSERT INTO surgery (id,date,patient_id,doctor_id) VALUES (1896,'2019-12-27',31,301);
INSERT INTO meds_for_surgery (surgery_id,med) VALUES (1896,'Melphalan');
INSERT INTO surgery (id,date,patient_id,doctor_id) VALUES (1897,'2019-12-17',479,27);
INSERT INTO meds_for_surgery (surgery_id,med) VALUES (1897,'Warfarin');
INSERT INTO surgery (id,date,patient_id,doctor_id) VALUES (1898,'2019-12-23',322,312);
INSERT INTO meds_for_surgery (surgery_id,med) VALUES (1898,'Topotecan');
INSERT INTO surgery (id,date,patient_id,doctor_id) VALUES (1899,'2019-12-20',212,483);
INSERT INTO meds_for_surgery (surgery_id,med) VALUES (1899,'Maraviroc');
INSERT INTO surgery (id,date,patient_id,doctor_id) VALUES (1900,'2019-12-21',500,402);
INSERT INTO meds_for_surgery (surgery_id,med) VALUES (1900,'Propoxyphene');
INSERT INTO surgery (id,date,patient_id,doctor_id) VALUES (1901,'2019-11-24',168,153);
INSERT INTO meds_for_surgery (surgery_id,med) VALUES (1901,'Dronabinol');
INSERT INTO surgery (id,date,patient_id,doctor_id) VALUES (1902,'2019-12-22',31,320);
INSERT INTO meds_for_surgery (surgery_id,med) VALUES (1902,'Fludarabine');
INSERT INTO surgery (id,date,patient_id,doctor_id) VALUES (1903,'2019-12-21',172,489);
INSERT INTO meds_for_surgery (surgery_id,med) VALUES (1903,'Cisplatin');
INSERT INTO surgery (id,date,patient_id,doctor_id) VALUES (1904,'2019-12-08',182,417);
INSERT INTO meds_for_surgery (surgery_id,med) VALUES (1904,'Codeine');
INSERT INTO surgery (id,date,patient_id,doctor_id) VALUES (1905,'2019-12-10',224,75);
INSERT INTO meds_for_surgery (surgery_id,med) VALUES (1905,'Ifosfamide');
INSERT INTO surgery (id,date,patient_id,doctor_id) VALUES (1906,'2019-11-27',188,118);
INSERT INTO meds_for_surgery (surgery_id,med) VALUES (1906,'Phosphorus');
INSERT INTO surgery (id,date,patient_id,doctor_id) VALUES (1907,'2019-12-19',370,262);
INSERT INTO meds_for_surgery (surgery_id,med) VALUES (1907,'Probenecid');
INSERT INTO surgery (id,date,patient_id,doctor_id) VALUES (1908,'2019-12-06',291,489);
INSERT INTO meds_for_surgery (surgery_id,med) VALUES (1908,'Methadone');
INSERT INTO surgery (id,date,patient_id,doctor_id) VALUES (1909,'2019-11-27',254,360);
INSERT INTO meds_for_surgery (surgery_id,med) VALUES (1909,'Acyclovir');
INSERT INTO surgery (id,date,patient_id,doctor_id) VALUES (1910,'2019-12-23',131,433);
INSERT INTO meds_for_surgery (surgery_id,med) VALUES (1910,'Pegfilgrastim');
INSERT INTO surgery (id,date,patient_id,doctor_id) VALUES (1911,'2019-12-02',206,123);
INSERT INTO meds_for_surgery (surgery_id,med) VALUES (1911,'Didanosine');
INSERT INTO surgery (id,date,patient_id,doctor_id) VALUES (1912,'2019-11-24',188,276);
INSERT INTO meds_for_surgery (surgery_id,med) VALUES (1912,'Imipenem');
INSERT INTO surgery (id,date,patient_id,doctor_id) VALUES (1913,'2019-12-03',254,118);
INSERT INTO meds_for_surgery (surgery_id,med) VALUES (1913,'Ceftazidime');
INSERT INTO surgery (id,date,patient_id,doctor_id) VALUES (1914,'2019-12-21',154,421);
INSERT INTO meds_for_surgery (surgery_id,med) VALUES (1914,'Dasatinib');
INSERT INTO surgery (id,date,patient_id,doctor_id) VALUES (1915,'2019-11-24',222,483);
INSERT INTO meds_for_surgery (surgery_id,med) VALUES (1915,'Ifosfamide');
INSERT INTO surgery (id,date,patient_id,doctor_id) VALUES (1916,'2019-11-29',154,329);
INSERT INTO meds_for_surgery (surgery_id,med) VALUES (1916,'Magnesium');
INSERT INTO surgery (id,date,patient_id,doctor_id) VALUES (1917,'2019-12-19',272,445);
INSERT INTO meds_for_surgery (surgery_id,med) VALUES (1917,'Trimethoprim');
INSERT INTO surgery (id,date,patient_id,doctor_id) VALUES (1918,'2019-12-10',89,24);
INSERT INTO meds_for_surgery (surgery_id,med) VALUES (1918,'Doxorubicin');
INSERT INTO surgery (id,date,patient_id,doctor_id) VALUES (1919,'2019-12-23',490,121);
INSERT INTO meds_for_surgery (surgery_id,med) VALUES (1919,'Cefepime');
INSERT INTO surgery (id,date,patient_id,doctor_id) VALUES (1920,'2019-12-22',315,491);
INSERT INTO meds_for_surgery (surgery_id,med) VALUES (1920,'Cyclobenzaprine');
INSERT INTO surgery (id,date,patient_id,doctor_id) VALUES (1921,'2019-11-28',194,433);
INSERT INTO meds_for_surgery (surgery_id,med) VALUES (1921,'Vorinostat');
INSERT INTO surgery (id,date,patient_id,doctor_id) VALUES (1922,'2019-12-08',303,22);
INSERT INTO meds_for_surgery (surgery_id,med) VALUES (1922,'Busulfan');
INSERT INTO surgery (id,date,patient_id,doctor_id) VALUES (1923,'2019-12-18',209,360);
INSERT INTO meds_for_surgery (surgery_id,med) VALUES (1923,'Methylphenidate');
INSERT INTO surgery (id,date,patient_id,doctor_id) VALUES (1924,'2019-12-14',457,103);
INSERT INTO meds_for_surgery (surgery_id,med) VALUES (1924,'Prednisone');
INSERT INTO surgery (id,date,patient_id,doctor_id) VALUES (1925,'2019-11-26',173,421);
INSERT INTO meds_for_surgery (surgery_id,med) VALUES (1925,'Pegfilgrastim');
INSERT INTO surgery (id,date,patient_id,doctor_id) VALUES (1926,'2019-12-24',249,262);
INSERT INTO meds_for_surgery (surgery_id,med) VALUES (1926,'Darunavir');
INSERT INTO surgery (id,date,patient_id,doctor_id) VALUES (1927,'2019-12-11',470,103);
INSERT INTO meds_for_surgery (surgery_id,med) VALUES (1927,'Efavirenz');
INSERT INTO surgery (id,date,patient_id,doctor_id) VALUES (1928,'2019-12-11',52,55);
INSERT INTO meds_for_surgery (surgery_id,med) VALUES (1928,'Mycophenolate');
INSERT INTO surgery (id,date,patient_id,doctor_id) VALUES (1929,'2019-12-24',330,153);
INSERT INTO meds_for_surgery (surgery_id,med) VALUES (1929,'Clarithromycin');
INSERT INTO surgery (id,date,patient_id,doctor_id) VALUES (1930,'2019-12-17',15,466);
INSERT INTO meds_for_surgery (surgery_id,med) VALUES (1930,'Ritonavir');
INSERT INTO surgery (id,date,patient_id,doctor_id) VALUES (1931,'2019-12-03',242,351);
INSERT INTO meds_for_surgery (surgery_id,med) VALUES (1931,'Gemcitabine');
INSERT INTO surgery (id,date,patient_id,doctor_id) VALUES (1932,'2019-12-26',406,441);
INSERT INTO meds_for_surgery (surgery_id,med) VALUES (1932,'Emtricitabine');
INSERT INTO surgery (id,date,patient_id,doctor_id) VALUES (1933,'2019-12-06',97,164);
INSERT INTO meds_for_surgery (surgery_id,med) VALUES (1933,'Magnesium');
INSERT INTO surgery (id,date,patient_id,doctor_id) VALUES (1934,'2019-11-24',201,489);
INSERT INTO meds_for_surgery (surgery_id,med) VALUES (1934,'Ruxolitinib');
INSERT INTO surgery (id,date,patient_id,doctor_id) VALUES (1935,'2019-11-29',87,75);
INSERT INTO meds_for_surgery (surgery_id,med) VALUES (1935,'Meloxicam');
INSERT INTO surgery (id,date,patient_id,doctor_id) VALUES (1936,'2019-12-19',222,262);
INSERT INTO meds_for_surgery (surgery_id,med) VALUES (1936,'Ranitidine');
INSERT INTO surgery (id,date,patient_id,doctor_id) VALUES (1937,'2019-12-06',273,129);
INSERT INTO meds_for_surgery (surgery_id,med) VALUES (1937,'Imatinib');
INSERT INTO surgery (id,date,patient_id,doctor_id) VALUES (1938,'2019-12-19',242,402);
INSERT INTO meds_for_surgery (surgery_id,med) VALUES (1938,'Procarbazine');
INSERT INTO surgery (id,date,patient_id,doctor_id) VALUES (1939,'2019-11-26',500,466);
INSERT INTO meds_for_surgery (surgery_id,med) VALUES (1939,'Carbamazepine');
INSERT INTO surgery (id,date,patient_id,doctor_id) VALUES (1940,'2019-12-26',174,284);
INSERT INTO meds_for_surgery (surgery_id,med) VALUES (1940,'Hydrocodone');
INSERT INTO surgery (id,date,patient_id,doctor_id) VALUES (1941,'2019-12-23',20,105);
INSERT INTO meds_for_surgery (surgery_id,med) VALUES (1941,'Isotretinoin');
INSERT INTO surgery (id,date,patient_id,doctor_id) VALUES (1942,'2019-12-20',331,262);
INSERT INTO meds_for_surgery (surgery_id,med) VALUES (1942,'Micafungin');
INSERT INTO surgery (id,date,patient_id,doctor_id) VALUES (1943,'2019-11-29',221,433);
INSERT INTO meds_for_surgery (surgery_id,med) VALUES (1943,'Itraconazole');
INSERT INTO surgery (id,date,patient_id,doctor_id) VALUES (1944,'2019-11-28',97,105);
INSERT INTO meds_for_surgery (surgery_id,med) VALUES (1944,'Asparaginase');
INSERT INTO surgery (id,date,patient_id,doctor_id) VALUES (1945,'2019-12-21',172,433);
INSERT INTO meds_for_surgery (surgery_id,med) VALUES (1945,'Carboplatin');
INSERT INTO surgery (id,date,patient_id,doctor_id) VALUES (1946,'2019-12-20',187,105);
INSERT INTO meds_for_surgery (surgery_id,med) VALUES (1946,'Alemtuzumab');
INSERT INTO surgery (id,date,patient_id,doctor_id) VALUES (1947,'2019-12-22',444,466);
INSERT INTO meds_for_surgery (surgery_id,med) VALUES (1947,'Levothyroxine');
INSERT INTO surgery (id,date,patient_id,doctor_id) VALUES (1948,'2019-11-26',407,13);
INSERT INTO meds_for_surgery (surgery_id,med) VALUES (1948,'Ranitidine');
INSERT INTO surgery (id,date,patient_id,doctor_id) VALUES (1949,'2019-11-24',76,11);
INSERT INTO meds_for_surgery (surgery_id,med) VALUES (1949,'Gefitinib');
INSERT INTO surgery (id,date,patient_id,doctor_id) VALUES (1950,'2019-12-05',297,360);
INSERT INTO meds_for_surgery (surgery_id,med) VALUES (1950,'Baclofen');
INSERT INTO surgery (id,date,patient_id,doctor_id) VALUES (1951,'2019-12-10',48,62);
INSERT INTO meds_for_surgery (surgery_id,med) VALUES (1951,'Enoxaparin');
INSERT INTO surgery (id,date,patient_id,doctor_id) VALUES (1952,'2019-12-15',444,441);
INSERT INTO meds_for_surgery (surgery_id,med) VALUES (1952,'Carmustine');
INSERT INTO surgery (id,date,patient_id,doctor_id) VALUES (1953,'2019-12-25',470,151);
INSERT INTO meds_for_surgery (surgery_id,med) VALUES (1953,'Rituximab');
INSERT INTO surgery (id,date,patient_id,doctor_id) VALUES (1954,'2019-11-25',325,466);
INSERT INTO meds_for_surgery (surgery_id,med) VALUES (1954,'Emtricitabine');
INSERT INTO surgery (id,date,patient_id,doctor_id) VALUES (1955,'2019-12-20',490,465);
INSERT INTO meds_for_surgery (surgery_id,med) VALUES (1955,'Meloxicam');
INSERT INTO surgery (id,date,patient_id,doctor_id) VALUES (1956,'2019-12-17',479,51);
INSERT INTO meds_for_surgery (surgery_id,med) VALUES (1956,'Raltegravir');
INSERT INTO surgery (id,date,patient_id,doctor_id) VALUES (1957,'2019-12-15',33,402);
INSERT INTO meds_for_surgery (surgery_id,med) VALUES (1957,'Irinotecan');
INSERT INTO surgery (id,date,patient_id,doctor_id) VALUES (1958,'2019-11-24',270,262);
INSERT INTO meds_for_surgery (surgery_id,med) VALUES (1958,'Etoposide');
INSERT INTO surgery (id,date,patient_id,doctor_id) VALUES (1959,'2019-12-26',204,335);
INSERT INTO meds_for_surgery (surgery_id,med) VALUES (1959,'Maraviroc');
INSERT INTO surgery (id,date,patient_id,doctor_id) VALUES (1960,'2019-11-25',176,225);
INSERT INTO meds_for_surgery (surgery_id,med) VALUES (1960,'Pentamidine');
INSERT INTO surgery (id,date,patient_id,doctor_id) VALUES (1961,'2019-12-02',154,129);
INSERT INTO meds_for_surgery (surgery_id,med) VALUES (1961,'Melphalan');
INSERT INTO surgery (id,date,patient_id,doctor_id) VALUES (1962,'2019-11-23',199,466);
INSERT INTO meds_for_surgery (surgery_id,med) VALUES (1962,'Levothyroxine');
INSERT INTO surgery (id,date,patient_id,doctor_id) VALUES (1963,'2019-12-08',291,105);
INSERT INTO meds_for_surgery (surgery_id,med) VALUES (1963,'Furosemide');
INSERT INTO surgery (id,date,patient_id,doctor_id) VALUES (1964,'2019-12-17',154,276);
INSERT INTO meds_for_surgery (surgery_id,med) VALUES (1964,'Aminocaproic Acid');
INSERT INTO surgery (id,date,patient_id,doctor_id) VALUES (1965,'2019-12-09',357,17);
INSERT INTO meds_for_surgery (surgery_id,med) VALUES (1965,'Rivaroxaban');
INSERT INTO surgery (id,date,patient_id,doctor_id) VALUES (1966,'2019-12-03',410,354);
INSERT INTO meds_for_surgery (surgery_id,med) VALUES (1966,'Atovaquone');
INSERT INTO surgery (id,date,patient_id,doctor_id) VALUES (1967,'2019-12-24',134,10);
INSERT INTO meds_for_surgery (surgery_id,med) VALUES (1967,'Labetalol');
INSERT INTO surgery (id,date,patient_id,doctor_id) VALUES (1968,'2019-12-04',367,287);
INSERT INTO meds_for_surgery (surgery_id,med) VALUES (1968,'Mycophenolate');
INSERT INTO surgery (id,date,patient_id,doctor_id) VALUES (1969,'2019-12-19',168,348);
INSERT INTO meds_for_surgery (surgery_id,med) VALUES (1969,'Norepinephrine');
INSERT INTO surgery (id,date,patient_id,doctor_id) VALUES (1970,'2019-11-29',204,416);
INSERT INTO meds_for_surgery (surgery_id,med) VALUES (1970,'Cyclophosphamide');
INSERT INTO surgery (id,date,patient_id,doctor_id) VALUES (1971,'2019-11-26',76,423);
INSERT INTO meds_for_surgery (surgery_id,med) VALUES (1971,'Vorinostat');
INSERT INTO surgery (id,date,patient_id,doctor_id) VALUES (1972,'2019-12-09',212,433);
INSERT INTO meds_for_surgery (surgery_id,med) VALUES (1972,'Clarithromycin');
INSERT INTO surgery (id,date,patient_id,doctor_id) VALUES (1973,'2019-12-23',242,121);
INSERT INTO meds_for_surgery (surgery_id,med) VALUES (1973,'Phosphorus');
INSERT INTO surgery (id,date,patient_id,doctor_id) VALUES (1974,'2019-12-26',209,274);
INSERT INTO meds_for_surgery (surgery_id,med) VALUES (1974,'Gemtuzumab');
INSERT INTO surgery (id,date,patient_id,doctor_id) VALUES (1975,'2019-12-01',134,129);
INSERT INTO meds_for_surgery (surgery_id,med) VALUES (1975,'Phosphorus');
INSERT INTO surgery (id,date,patient_id,doctor_id) VALUES (1976,'2019-12-13',173,499);
INSERT INTO meds_for_surgery (surgery_id,med) VALUES (1976,'Prednisone');
INSERT INTO surgery (id,date,patient_id,doctor_id) VALUES (1977,'2019-12-21',89,13);
INSERT INTO meds_for_surgery (surgery_id,med) VALUES (1977,'Cyproheptadine');
INSERT INTO surgery (id,date,patient_id,doctor_id) VALUES (1978,'2019-12-05',173,151);
INSERT INTO meds_for_surgery (surgery_id,med) VALUES (1978,'Hydromorphone');
INSERT INTO surgery (id,date,patient_id,doctor_id) VALUES (1979,'2019-12-06',296,225);
INSERT INTO meds_for_surgery (surgery_id,med) VALUES (1979,'Aprepitant');
INSERT INTO surgery (id,date,patient_id,doctor_id) VALUES (1980,'2019-12-27',297,445);
INSERT INTO meds_for_surgery (surgery_id,med) VALUES (1980,'Irinotecan');
INSERT INTO surgery (id,date,patient_id,doctor_id) VALUES (1981,'2019-11-29',154,320);
INSERT INTO meds_for_surgery (surgery_id,med) VALUES (1981,'Lopinavir');
INSERT INTO surgery (id,date,patient_id,doctor_id) VALUES (1982,'2019-11-24',15,276);
INSERT INTO meds_for_surgery (surgery_id,med) VALUES (1982,'Famciclovir');
INSERT INTO surgery (id,date,patient_id,doctor_id) VALUES (1983,'2019-12-19',456,75);
INSERT INTO meds_for_surgery (surgery_id,med) VALUES (1983,'Ketoconazole');
INSERT INTO surgery (id,date,patient_id,doctor_id) VALUES (1984,'2019-12-25',131,287);
INSERT INTO meds_for_surgery (surgery_id,med) VALUES (1984,'Carbamazepine');
INSERT INTO surgery (id,date,patient_id,doctor_id) VALUES (1985,'2019-11-23',180,416);
INSERT INTO meds_for_surgery (surgery_id,med) VALUES (1985,'Modafinil');
INSERT INTO surgery (id,date,patient_id,doctor_id) VALUES (1986,'2019-12-26',273,441);
INSERT INTO meds_for_surgery (surgery_id,med) VALUES (1986,'Isotretinoin');
INSERT INTO surgery (id,date,patient_id,doctor_id) VALUES (1987,'2019-12-25',330,10);
INSERT INTO meds_for_surgery (surgery_id,med) VALUES (1987,'Potassium');
INSERT INTO surgery (id,date,patient_id,doctor_id) VALUES (1988,'2019-12-11',249,105);
INSERT INTO meds_for_surgery (surgery_id,med) VALUES (1988,'Vincristine');
INSERT INTO surgery (id,date,patient_id,doctor_id) VALUES (1989,'2019-12-23',406,164);
INSERT INTO meds_for_surgery (surgery_id,med) VALUES (1989,'Amikacin');
INSERT INTO surgery (id,date,patient_id,doctor_id) VALUES (1990,'2019-12-07',291,361);
INSERT INTO meds_for_surgery (surgery_id,med) VALUES (1990,'Efavirenz');
INSERT INTO surgery (id,date,patient_id,doctor_id) VALUES (1991,'2019-11-30',327,274);
INSERT INTO meds_for_surgery (surgery_id,med) VALUES (1991,'Interferon');
INSERT INTO surgery (id,date,patient_id,doctor_id) VALUES (1992,'2019-11-28',272,17);
INSERT INTO meds_for_surgery (surgery_id,med) VALUES (1992,'Azithromycin');
INSERT INTO surgery (id,date,patient_id,doctor_id) VALUES (1993,'2019-12-03',221,445);
INSERT INTO meds_for_surgery (surgery_id,med) VALUES (1993,'Celecoxib');
INSERT INTO surgery (id,date,patient_id,doctor_id) VALUES (1994,'2019-11-28',231,96);
INSERT INTO meds_for_surgery (surgery_id,med) VALUES (1994,'Famciclovir');
INSERT INTO surgery (id,date,patient_id,doctor_id) VALUES (1995,'2019-12-15',444,422);
INSERT INTO meds_for_surgery (surgery_id,med) VALUES (1995,'Dacarbazine');
INSERT INTO surgery (id,date,patient_id,doctor_id) VALUES (1996,'2019-12-19',180,465);
INSERT INTO meds_for_surgery (surgery_id,med) VALUES (1996,'Heparin');
INSERT INTO surgery (id,date,patient_id,doctor_id) VALUES (1997,'2019-11-25',280,351);
INSERT INTO meds_for_surgery (surgery_id,med) VALUES (1997,'Prednisone');
INSERT INTO surgery (id,date,patient_id,doctor_id) VALUES (1998,'2019-11-29',194,417);
INSERT INTO meds_for_surgery (surgery_id,med) VALUES (1998,'Neuromuscular');
INSERT INTO surgery (id,date,patient_id,doctor_id) VALUES (1999,'2019-12-04',297,445);
INSERT INTO meds_for_surgery (surgery_id,med) VALUES (1999,'Vancomycin');
INSERT INTO surgery (id,date,patient_id,doctor_id) VALUES (2000,'2019-12-02',469,27);
INSERT INTO meds_for_surgery (surgery_id,med) VALUES (2000,'Azithromycin');
INSERT INTO surgery (id,date,patient_id,doctor_id) VALUES (2001,'2019-11-27',419,118);
INSERT INTO meds_for_surgery (surgery_id,med) VALUES (2001,'Gemtuzumab');
INSERT INTO surgery (id,date,patient_id,doctor_id) VALUES (2002,'2019-12-18',303,13);
INSERT INTO meds_for_surgery (surgery_id,med) VALUES (2002,'Ruxolitinib');
INSERT INTO surgery (id,date,patient_id,doctor_id) VALUES (2003,'2019-12-10',303,123);
INSERT INTO meds_for_surgery (surgery_id,med) VALUES (2003,'Probenecid');
INSERT INTO surgery (id,date,patient_id,doctor_id) VALUES (2004,'2019-12-10',242,22);
INSERT INTO meds_for_surgery (surgery_id,med) VALUES (2004,'Clarithromycin');
INSERT INTO surgery (id,date,patient_id,doctor_id) VALUES (2005,'2019-12-20',231,56);
INSERT INTO meds_for_surgery (surgery_id,med) VALUES (2005,'Phenobarbital');
INSERT INTO surgery (id,date,patient_id,doctor_id) VALUES (2006,'2019-11-29',331,433);
INSERT INTO meds_for_surgery (surgery_id,med) VALUES (2006,'Raltegravir');
INSERT INTO surgery (id,date,patient_id,doctor_id) VALUES (2007,'2019-12-06',272,366);
INSERT INTO meds_for_surgery (surgery_id,med) VALUES (2007,'Phenobarbital');
INSERT INTO surgery (id,date,patient_id,doctor_id) VALUES (2008,'2019-11-25',135,13);
INSERT INTO meds_for_surgery (surgery_id,med) VALUES (2008,'Teniposide');
INSERT INTO surgery (id,date,patient_id,doctor_id) VALUES (2009,'2019-12-14',209,55);
INSERT INTO meds_for_surgery (surgery_id,med) VALUES (2009,'Famciclovir');
INSERT INTO surgery (id,date,patient_id,doctor_id) VALUES (2010,'2019-12-09',246,417);
INSERT INTO meds_for_surgery (surgery_id,med) VALUES (2010,'Vorinostat');
INSERT INTO surgery (id,date,patient_id,doctor_id) VALUES (2011,'2019-11-26',414,402);
INSERT INTO meds_for_surgery (surgery_id,med) VALUES (2011,'Alemtuzumab');
INSERT INTO surgery (id,date,patient_id,doctor_id) VALUES (2012,'2019-12-20',60,129);
INSERT INTO meds_for_surgery (surgery_id,med) VALUES (2012,'Cyclosporine');
INSERT INTO surgery (id,date,patient_id,doctor_id) VALUES (2013,'2019-12-26',206,24);
INSERT INTO meds_for_surgery (surgery_id,med) VALUES (2013,'Diclofenac');
INSERT INTO surgery (id,date,patient_id,doctor_id) VALUES (2014,'2019-12-11',89,360);
INSERT INTO meds_for_surgery (surgery_id,med) VALUES (2014,'Micafungin');
INSERT INTO surgery (id,date,patient_id,doctor_id) VALUES (2015,'2019-12-27',76,51);
INSERT INTO meds_for_surgery (surgery_id,med) VALUES (2015,'Busulfan');
INSERT INTO surgery (id,date,patient_id,doctor_id) VALUES (2016,'2019-11-26',378,301);
INSERT INTO meds_for_surgery (surgery_id,med) VALUES (2016,'Atazanavir');
INSERT INTO surgery (id,date,patient_id,doctor_id) VALUES (2017,'2019-11-26',134,499);
INSERT INTO meds_for_surgery (surgery_id,med) VALUES (2017,'Leucovorin');
INSERT INTO surgery (id,date,patient_id,doctor_id) VALUES (2018,'2019-12-01',407,262);
INSERT INTO meds_for_surgery (surgery_id,med) VALUES (2018,'Cefaclor');
INSERT INTO surgery (id,date,patient_id,doctor_id) VALUES (2019,'2019-11-27',48,320);
INSERT INTO meds_for_surgery (surgery_id,med) VALUES (2019,'Hydromorphone');
INSERT INTO surgery (id,date,patient_id,doctor_id) VALUES (2020,'2019-12-09',86,358);
INSERT INTO meds_for_surgery (surgery_id,med) VALUES (2020,'PEGaspargase');
INSERT INTO surgery (id,date,patient_id,doctor_id) VALUES (2021,'2019-12-02',48,423);
INSERT INTO meds_for_surgery (surgery_id,med) VALUES (2021,'Nevirapine');
INSERT INTO surgery (id,date,patient_id,doctor_id) VALUES (2022,'2019-11-30',357,69);
INSERT INTO meds_for_surgery (surgery_id,med) VALUES (2022,'Amifostine');
INSERT INTO surgery (id,date,patient_id,doctor_id) VALUES (2023,'2019-12-21',135,27);
INSERT INTO meds_for_surgery (surgery_id,med) VALUES (2023,'Cefixime');
INSERT INTO surgery (id,date,patient_id,doctor_id) VALUES (2024,'2019-12-24',322,284);
INSERT INTO meds_for_surgery (surgery_id,med) VALUES (2024,'Dapsone');
INSERT INTO surgery (id,date,patient_id,doctor_id) VALUES (2025,'2019-12-17',212,17);
INSERT INTO meds_for_surgery (surgery_id,med) VALUES (2025,'Hydroxyurea');
INSERT INTO surgery (id,date,patient_id,doctor_id) VALUES (2026,'2019-12-17',389,465);
INSERT INTO meds_for_surgery (surgery_id,med) VALUES (2026,'Foscarnet');
INSERT INTO surgery (id,date,patient_id,doctor_id) VALUES (2027,'2019-11-24',470,118);
INSERT INTO meds_for_surgery (surgery_id,med) VALUES (2027,'Foscarnet');
INSERT INTO surgery (id,date,patient_id,doctor_id) VALUES (2028,'2019-12-19',64,498);
INSERT INTO meds_for_surgery (surgery_id,med) VALUES (2028,'Didanosine');
INSERT INTO surgery (id,date,patient_id,doctor_id) VALUES (2029,'2019-12-22',161,335);
INSERT INTO meds_for_surgery (surgery_id,med) VALUES (2029,'Gabapentin');
INSERT INTO surgery (id,date,patient_id,doctor_id) VALUES (2030,'2019-11-30',272,47);
INSERT INTO meds_for_surgery (surgery_id,med) VALUES (2030,'Thioguanine');
INSERT INTO surgery (id,date,patient_id,doctor_id) VALUES (2031,'2019-12-22',48,13);
INSERT INTO meds_for_surgery (surgery_id,med) VALUES (2031,'Posaconazole');
INSERT INTO surgery (id,date,patient_id,doctor_id) VALUES (2032,'2019-12-09',490,115);
INSERT INTO meds_for_surgery (surgery_id,med) VALUES (2032,'Erythromycin');
INSERT INTO surgery (id,date,patient_id,doctor_id) VALUES (2033,'2019-12-10',137,360);
INSERT INTO meds_for_surgery (surgery_id,med) VALUES (2033,'Vorinostat');
INSERT INTO surgery (id,date,patient_id,doctor_id) VALUES (2034,'2019-12-06',154,47);
INSERT INTO meds_for_surgery (surgery_id,med) VALUES (2034,'Ceftazidime');
INSERT INTO surgery (id,date,patient_id,doctor_id) VALUES (2035,'2019-12-01',206,23);
INSERT INTO meds_for_surgery (surgery_id,med) VALUES (2035,'Clindamycin');
INSERT INTO surgery (id,date,patient_id,doctor_id) VALUES (2036,'2019-12-20',303,129);
INSERT INTO meds_for_surgery (surgery_id,med) VALUES (2036,'Celecoxib');
INSERT INTO surgery (id,date,patient_id,doctor_id) VALUES (2037,'2019-12-24',457,423);
INSERT INTO meds_for_surgery (surgery_id,med) VALUES (2037,'Efavirenz');
INSERT INTO surgery (id,date,patient_id,doctor_id) VALUES (2038,'2019-12-10',181,62);
INSERT INTO meds_for_surgery (surgery_id,med) VALUES (2038,'Maraviroc');
INSERT INTO surgery (id,date,patient_id,doctor_id) VALUES (2039,'2019-12-03',174,111);
INSERT INTO meds_for_surgery (surgery_id,med) VALUES (2039,'Pegfilgrastim');
INSERT INTO surgery (id,date,patient_id,doctor_id) VALUES (2040,'2019-12-03',303,421);
INSERT INTO meds_for_surgery (surgery_id,med) VALUES (2040,'Nelfinavir');
INSERT INTO surgery (id,date,patient_id,doctor_id) VALUES (2041,'2019-12-10',182,489);
INSERT INTO meds_for_surgery (surgery_id,med) VALUES (2041,'Methadone');
INSERT INTO surgery (id,date,patient_id,doctor_id) VALUES (2042,'2019-11-28',182,276);
INSERT INTO meds_for_surgery (surgery_id,med) VALUES (2042,'Clofarabine');
INSERT INTO surgery (id,date,patient_id,doctor_id) VALUES (2043,'2019-12-07',229,23);
INSERT INTO meds_for_surgery (surgery_id,med) VALUES (2043,'Ritonavir');
INSERT INTO surgery (id,date,patient_id,doctor_id) VALUES (2044,'2019-12-24',410,466);
INSERT INTO meds_for_surgery (surgery_id,med) VALUES (2044,'Neuromuscular');
INSERT INTO surgery (id,date,patient_id,doctor_id) VALUES (2045,'2019-12-16',52,23);
INSERT INTO meds_for_surgery (surgery_id,med) VALUES (2045,'Granisetron');
INSERT INTO surgery (id,date,patient_id,doctor_id) VALUES (2046,'2019-11-30',172,329);
INSERT INTO meds_for_surgery (surgery_id,med) VALUES (2046,'Tacrolimus');
INSERT INTO surgery (id,date,patient_id,doctor_id) VALUES (2047,'2019-12-14',325,465);
INSERT INTO meds_for_surgery (surgery_id,med) VALUES (2047,'Dasatinib');
INSERT INTO surgery (id,date,patient_id,doctor_id) VALUES (2048,'2019-12-05',378,27);
INSERT INTO meds_for_surgery (surgery_id,med) VALUES (2048,'Cyclobenzaprine');
INSERT INTO surgery (id,date,patient_id,doctor_id) VALUES (2049,'2019-12-19',303,351);
INSERT INTO meds_for_surgery (surgery_id,med) VALUES (2049,'Busulfan');
INSERT INTO surgery (id,date,patient_id,doctor_id) VALUES (2050,'2019-12-16',273,441);
INSERT INTO meds_for_surgery (surgery_id,med) VALUES (2050,'Captopril');
INSERT INTO surgery (id,date,patient_id,doctor_id) VALUES (2051,'2019-12-19',206,354);
INSERT INTO meds_for_surgery (surgery_id,med) VALUES (2051,'Lopinavir');
INSERT INTO surgery (id,date,patient_id,doctor_id) VALUES (2052,'2019-12-11',64,402);
INSERT INTO meds_for_surgery (surgery_id,med) VALUES (2052,'Penicillin');
INSERT INTO surgery (id,date,patient_id,doctor_id) VALUES (2053,'2019-12-21',327,196);
INSERT INTO meds_for_surgery (surgery_id,med) VALUES (2053,'Busulfan');
INSERT INTO surgery (id,date,patient_id,doctor_id) VALUES (2054,'2019-12-14',327,162);
INSERT INTO meds_for_surgery (surgery_id,med) VALUES (2054,'Carmustine');
INSERT INTO surgery (id,date,patient_id,doctor_id) VALUES (2055,'2019-12-15',161,433);
INSERT INTO meds_for_surgery (surgery_id,med) VALUES (2055,'Maraviroc');
INSERT INTO surgery (id,date,patient_id,doctor_id) VALUES (2056,'2019-12-08',48,351);
INSERT INTO meds_for_surgery (surgery_id,med) VALUES (2056,'Efavirenz');
INSERT INTO surgery (id,date,patient_id,doctor_id) VALUES (2057,'2019-12-14',172,88);
INSERT INTO meds_for_surgery (surgery_id,med) VALUES (2057,'Imipenem');
INSERT INTO surgery (id,date,patient_id,doctor_id) VALUES (2058,'2019-12-01',389,438);
INSERT INTO meds_for_surgery (surgery_id,med) VALUES (2058,'Teniposide');
INSERT INTO surgery (id,date,patient_id,doctor_id) VALUES (2059,'2019-12-23',322,445);
INSERT INTO meds_for_surgery (surgery_id,med) VALUES (2059,'Aminocaproic Acid');
INSERT INTO surgery (id,date,patient_id,doctor_id) VALUES (2060,'2019-12-09',436,382);
INSERT INTO meds_for_surgery (surgery_id,med) VALUES (2060,'Phosphorus');
INSERT INTO surgery (id,date,patient_id,doctor_id) VALUES (2061,'2019-12-26',137,96);
INSERT INTO meds_for_surgery (surgery_id,med) VALUES (2061,'Pemetrexed');
INSERT INTO surgery (id,date,patient_id,doctor_id) VALUES (2062,'2019-12-25',87,69);
INSERT INTO meds_for_surgery (surgery_id,med) VALUES (2062,'Phenobarbital');
INSERT INTO surgery (id,date,patient_id,doctor_id) VALUES (2063,'2019-12-17',246,329);
INSERT INTO meds_for_surgery (surgery_id,med) VALUES (2063,'Daunorubicin');
INSERT INTO surgery (id,date,patient_id,doctor_id) VALUES (2064,'2019-12-06',303,312);
INSERT INTO meds_for_surgery (surgery_id,med) VALUES (2064,'Modafinil');
INSERT INTO surgery (id,date,patient_id,doctor_id) VALUES (2065,'2019-12-10',378,123);
INSERT INTO meds_for_surgery (surgery_id,med) VALUES (2065,'Dornase alfa');
INSERT INTO surgery (id,date,patient_id,doctor_id) VALUES (2066,'2019-11-28',195,361);
INSERT INTO meds_for_surgery (surgery_id,med) VALUES (2066,'Norepinephrine');
INSERT INTO surgery (id,date,patient_id,doctor_id) VALUES (2067,'2019-12-04',407,351);
INSERT INTO meds_for_surgery (surgery_id,med) VALUES (2067,'Pemetrexed');
INSERT INTO surgery (id,date,patient_id,doctor_id) VALUES (2068,'2019-11-25',135,351);
INSERT INTO meds_for_surgery (surgery_id,med) VALUES (2068,'Lorazepam');
INSERT INTO surgery (id,date,patient_id,doctor_id) VALUES (2069,'2019-12-06',172,11);
INSERT INTO meds_for_surgery (surgery_id,med) VALUES (2069,'Maraviroc');
INSERT INTO surgery (id,date,patient_id,doctor_id) VALUES (2070,'2019-12-25',181,433);
INSERT INTO meds_for_surgery (surgery_id,med) VALUES (2070,'Dopamine');
INSERT INTO surgery (id,date,patient_id,doctor_id) VALUES (2071,'2019-12-22',176,164);
INSERT INTO meds_for_surgery (surgery_id,med) VALUES (2071,'Labetalol');
INSERT INTO surgery (id,date,patient_id,doctor_id) VALUES (2072,'2019-12-02',239,425);
INSERT INTO meds_for_surgery (surgery_id,med) VALUES (2072,'Allopurinol');
INSERT INTO surgery (id,date,patient_id,doctor_id) VALUES (2073,'2019-12-03',174,17);
INSERT INTO meds_for_surgery (surgery_id,med) VALUES (2073,'Dobutamine');
INSERT INTO surgery (id,date,patient_id,doctor_id) VALUES (2074,'2019-12-20',479,262);
INSERT INTO meds_for_surgery (surgery_id,med) VALUES (2074,'Tacrolimus');
INSERT INTO surgery (id,date,patient_id,doctor_id) VALUES (2075,'2019-12-26',199,438);
INSERT INTO meds_for_surgery (surgery_id,med) VALUES (2075,'Lopinavir');
INSERT INTO surgery (id,date,patient_id,doctor_id) VALUES (2076,'2019-12-17',199,423);
INSERT INTO meds_for_surgery (surgery_id,med) VALUES (2076,'Allopurinol');
INSERT INTO surgery (id,date,patient_id,doctor_id) VALUES (2077,'2019-12-20',258,335);
INSERT INTO meds_for_surgery (surgery_id,med) VALUES (2077,'Emtricitabine');
INSERT INTO surgery (id,date,patient_id,doctor_id) VALUES (2078,'2019-11-29',20,69);
INSERT INTO meds_for_surgery (surgery_id,med) VALUES (2078,'Clobazam');
INSERT INTO surgery (id,date,patient_id,doctor_id) VALUES (2079,'2019-12-04',33,320);
INSERT INTO meds_for_surgery (surgery_id,med) VALUES (2079,'Methadone');
INSERT INTO surgery (id,date,patient_id,doctor_id) VALUES (2080,'2019-12-07',384,243);
INSERT INTO meds_for_surgery (surgery_id,med) VALUES (2080,'Enalapril');
INSERT INTO surgery (id,date,patient_id,doctor_id) VALUES (2081,'2019-12-11',280,105);
INSERT INTO meds_for_surgery (surgery_id,med) VALUES (2081,'Gemtuzumab');
INSERT INTO surgery (id,date,patient_id,doctor_id) VALUES (2082,'2019-12-13',204,301);
INSERT INTO meds_for_surgery (surgery_id,med) VALUES (2082,'Teniposide');
INSERT INTO surgery (id,date,patient_id,doctor_id) VALUES (2083,'2019-12-08',229,416);
INSERT INTO meds_for_surgery (surgery_id,med) VALUES (2083,'Hydrocortisone');
INSERT INTO surgery (id,date,patient_id,doctor_id) VALUES (2084,'2019-12-21',254,287);
INSERT INTO meds_for_surgery (surgery_id,med) VALUES (2084,'Dronabinol');
INSERT INTO surgery (id,date,patient_id,doctor_id) VALUES (2085,'2019-11-29',254,329);
INSERT INTO meds_for_surgery (surgery_id,med) VALUES (2085,'Interleukin');
INSERT INTO surgery (id,date,patient_id,doctor_id) VALUES (2086,'2019-11-28',180,287);
INSERT INTO meds_for_surgery (surgery_id,med) VALUES (2086,'Phenobarbital');
INSERT INTO surgery (id,date,patient_id,doctor_id) VALUES (2087,'2019-12-17',199,111);
INSERT INTO meds_for_surgery (surgery_id,med) VALUES (2087,'Raltegravir');
INSERT INTO surgery (id,date,patient_id,doctor_id) VALUES (2088,'2019-12-24',174,23);
INSERT INTO meds_for_surgery (surgery_id,med) VALUES (2088,'Allopurinol');
INSERT INTO surgery (id,date,patient_id,doctor_id) VALUES (2089,'2019-12-15',291,123);
INSERT INTO meds_for_surgery (surgery_id,med) VALUES (2089,'Asparaginase');
INSERT INTO surgery (id,date,patient_id,doctor_id) VALUES (2090,'2019-12-02',7,358);
INSERT INTO meds_for_surgery (surgery_id,med) VALUES (2090,'Fluconazole');
INSERT INTO surgery (id,date,patient_id,doctor_id) VALUES (2091,'2019-11-24',324,422);
INSERT INTO meds_for_surgery (surgery_id,med) VALUES (2091,'Immune');
INSERT INTO surgery (id,date,patient_id,doctor_id) VALUES (2092,'2019-12-27',201,162);
INSERT INTO meds_for_surgery (surgery_id,med) VALUES (2092,'Saquinavir');
INSERT INTO surgery (id,date,patient_id,doctor_id) VALUES (2093,'2019-12-09',280,158);
INSERT INTO meds_for_surgery (surgery_id,med) VALUES (2093,'Penicillin');
INSERT INTO surgery (id,date,patient_id,doctor_id) VALUES (2094,'2019-12-24',500,366);
INSERT INTO meds_for_surgery (surgery_id,med) VALUES (2094,'Immune');
INSERT INTO surgery (id,date,patient_id,doctor_id) VALUES (2095,'2019-12-12',201,423);
INSERT INTO meds_for_surgery (surgery_id,med) VALUES (2095,'Erythropoietin');
INSERT INTO surgery (id,date,patient_id,doctor_id) VALUES (2096,'2019-12-04',148,17);
INSERT INTO meds_for_surgery (surgery_id,med) VALUES (2096,'Amitriptyline');
INSERT INTO surgery (id,date,patient_id,doctor_id) VALUES (2097,'2019-11-24',457,466);
INSERT INTO meds_for_surgery (surgery_id,med) VALUES (2097,'Voriconazole');
INSERT INTO surgery (id,date,patient_id,doctor_id) VALUES (2098,'2019-12-19',291,262);
INSERT INTO meds_for_surgery (surgery_id,med) VALUES (2098,'Emicizumab');
INSERT INTO surgery (id,date,patient_id,doctor_id) VALUES (2099,'2019-11-30',330,262);
INSERT INTO meds_for_surgery (surgery_id,med) VALUES (2099,'Warfarin');
INSERT INTO surgery (id,date,patient_id,doctor_id) VALUES (2100,'2019-11-23',500,118);
INSERT INTO meds_for_surgery (surgery_id,med) VALUES (2100,'Foscarnet');
INSERT INTO surgery (id,date,patient_id,doctor_id) VALUES (2101,'2019-11-23',476,118);
INSERT INTO meds_for_surgery (surgery_id,med) VALUES (2101,'Amikacin');
INSERT INTO surgery (id,date,patient_id,doctor_id) VALUES (2102,'2019-12-05',97,402);
INSERT INTO meds_for_surgery (surgery_id,med) VALUES (2102,'Pegfilgrastim');
INSERT INTO surgery (id,date,patient_id,doctor_id) VALUES (2103,'2019-12-21',161,416);
INSERT INTO meds_for_surgery (surgery_id,med) VALUES (2103,'Cytarabine');
INSERT INTO surgery (id,date,patient_id,doctor_id) VALUES (2104,'2019-11-29',154,96);
INSERT INTO meds_for_surgery (surgery_id,med) VALUES (2104,'Cefaclor');
INSERT INTO surgery (id,date,patient_id,doctor_id) VALUES (2105,'2019-12-11',195,115);
INSERT INTO meds_for_surgery (surgery_id,med) VALUES (2105,'Thiotepa');
INSERT INTO surgery (id,date,patient_id,doctor_id) VALUES (2106,'2019-12-21',456,465);
INSERT INTO meds_for_surgery (surgery_id,med) VALUES (2106,'Maraviroc');
INSERT INTO surgery (id,date,patient_id,doctor_id) VALUES (2107,'2019-12-15',249,445);
INSERT INTO meds_for_surgery (surgery_id,med) VALUES (2107,'Dactinomycin');
INSERT INTO surgery (id,date,patient_id,doctor_id) VALUES (2108,'2019-11-24',296,164);
INSERT INTO meds_for_surgery (surgery_id,med) VALUES (2108,'Tacrolimus');
INSERT INTO surgery (id,date,patient_id,doctor_id) VALUES (2109,'2019-12-27',154,491);
INSERT INTO meds_for_surgery (surgery_id,med) VALUES (2109,'Melphalan');
INSERT INTO surgery (id,date,patient_id,doctor_id) VALUES (2110,'2019-12-02',453,305);
INSERT INTO meds_for_surgery (surgery_id,med) VALUES (2110,'Micafungin');
INSERT INTO surgery (id,date,patient_id,doctor_id) VALUES (2111,'2019-12-25',389,422);
INSERT INTO meds_for_surgery (surgery_id,med) VALUES (2111,'Imatinib');
INSERT INTO surgery (id,date,patient_id,doctor_id) VALUES (2112,'2019-11-26',7,158);
INSERT INTO meds_for_surgery (surgery_id,med) VALUES (2112,'Paclitaxel');
INSERT INTO surgery (id,date,patient_id,doctor_id) VALUES (2113,'2019-11-30',212,23);
INSERT INTO meds_for_surgery (surgery_id,med) VALUES (2113,'Lomustine');
INSERT INTO surgery (id,date,patient_id,doctor_id) VALUES (2114,'2019-12-18',469,69);
INSERT INTO meds_for_surgery (surgery_id,med) VALUES (2114,'Methadone');
INSERT INTO surgery (id,date,patient_id,doctor_id) VALUES (2115,'2019-12-21',64,491);
INSERT INTO meds_for_surgery (surgery_id,med) VALUES (2115,'Thioguanine');
INSERT INTO surgery (id,date,patient_id,doctor_id) VALUES (2116,'2019-11-30',436,438);
INSERT INTO meds_for_surgery (surgery_id,med) VALUES (2116,'Clarithromycin');
INSERT INTO surgery (id,date,patient_id,doctor_id) VALUES (2117,'2019-12-02',60,196);
INSERT INTO meds_for_surgery (surgery_id,med) VALUES (2117,'Omeprazole');
INSERT INTO surgery (id,date,patient_id,doctor_id) VALUES (2118,'2019-11-23',242,141);
INSERT INTO meds_for_surgery (surgery_id,med) VALUES (2118,'Micafungin');
INSERT INTO surgery (id,date,patient_id,doctor_id) VALUES (2119,'2019-11-28',131,499);
INSERT INTO meds_for_surgery (surgery_id,med) VALUES (2119,'Modafinil');
INSERT INTO surgery (id,date,patient_id,doctor_id) VALUES (2120,'2019-12-14',180,429);
INSERT INTO meds_for_surgery (surgery_id,med) VALUES (2120,'Furosemide');
INSERT INTO surgery (id,date,patient_id,doctor_id) VALUES (2121,'2019-12-16',330,162);
INSERT INTO meds_for_surgery (surgery_id,med) VALUES (2121,'Enoxaparin');
INSERT INTO surgery (id,date,patient_id,doctor_id) VALUES (2122,'2019-12-05',89,360);
INSERT INTO meds_for_surgery (surgery_id,med) VALUES (2122,'Atazanavir');
INSERT INTO surgery (id,date,patient_id,doctor_id) VALUES (2123,'2019-12-02',327,164);
INSERT INTO meds_for_surgery (surgery_id,med) VALUES (2123,'Doxorubicin');
INSERT INTO surgery (id,date,patient_id,doctor_id) VALUES (2124,'2019-12-16',437,124);
INSERT INTO meds_for_surgery (surgery_id,med) VALUES (2124,'Tenofovir');
INSERT INTO surgery (id,date,patient_id,doctor_id) VALUES (2125,'2019-12-11',370,499);
INSERT INTO meds_for_surgery (surgery_id,med) VALUES (2125,'Ceftazidime');
INSERT INTO surgery (id,date,patient_id,doctor_id) VALUES (2126,'2019-12-13',315,422);
INSERT INTO meds_for_surgery (surgery_id,med) VALUES (2126,'Vinblastine');
INSERT INTO surgery (id,date,patient_id,doctor_id) VALUES (2127,'2019-12-11',64,422);
INSERT INTO meds_for_surgery (surgery_id,med) VALUES (2127,'Gabapentin');
INSERT INTO surgery (id,date,patient_id,doctor_id) VALUES (2128,'2019-12-12',97,123);
INSERT INTO meds_for_surgery (surgery_id,med) VALUES (2128,'Enalapril');
INSERT INTO surgery (id,date,patient_id,doctor_id) VALUES (2129,'2019-12-27',436,445);
INSERT INTO meds_for_surgery (surgery_id,med) VALUES (2129,'Clindamycin');
INSERT INTO surgery (id,date,patient_id,doctor_id) VALUES (2130,'2019-11-27',370,499);
INSERT INTO meds_for_surgery (surgery_id,med) VALUES (2130,'Emtricitabine');
INSERT INTO surgery (id,date,patient_id,doctor_id) VALUES (2131,'2019-12-21',330,320);
INSERT INTO meds_for_surgery (surgery_id,med) VALUES (2131,'Ranitidine');
INSERT INTO surgery (id,date,patient_id,doctor_id) VALUES (2132,'2019-12-14',222,75);
INSERT INTO meds_for_surgery (surgery_id,med) VALUES (2132,'Crizotinib');
INSERT INTO surgery (id,date,patient_id,doctor_id) VALUES (2133,'2019-12-24',280,489);
INSERT INTO meds_for_surgery (surgery_id,med) VALUES (2133,'Cyclophosphamide');
INSERT INTO surgery (id,date,patient_id,doctor_id) VALUES (2134,'2019-12-13',464,382);
INSERT INTO meds_for_surgery (surgery_id,med) VALUES (2134,'Ranitidine');
INSERT INTO surgery (id,date,patient_id,doctor_id) VALUES (2135,'2019-12-01',194,56);
INSERT INTO meds_for_surgery (surgery_id,med) VALUES (2135,'Tacrolimus');
INSERT INTO surgery (id,date,patient_id,doctor_id) VALUES (2136,'2019-12-24',370,118);
INSERT INTO meds_for_surgery (surgery_id,med) VALUES (2136,'Amoxicillin');
INSERT INTO surgery (id,date,patient_id,doctor_id) VALUES (2137,'2019-12-07',172,55);
INSERT INTO meds_for_surgery (surgery_id,med) VALUES (2137,'Levothyroxine');
INSERT INTO surgery (id,date,patient_id,doctor_id) VALUES (2138,'2019-12-26',180,153);
INSERT INTO meds_for_surgery (surgery_id,med) VALUES (2138,'Diclofenac');
INSERT INTO surgery (id,date,patient_id,doctor_id) VALUES (2139,'2019-11-29',277,382);
INSERT INTO meds_for_surgery (surgery_id,med) VALUES (2139,'Dronabinol');
INSERT INTO surgery (id,date,patient_id,doctor_id) VALUES (2140,'2019-12-17',453,445);
INSERT INTO meds_for_surgery (surgery_id,med) VALUES (2140,'Potassium');
INSERT INTO surgery (id,date,patient_id,doctor_id) VALUES (2141,'2019-12-05',370,287);
INSERT INTO meds_for_surgery (surgery_id,med) VALUES (2141,'Methotrexate');
INSERT INTO surgery (id,date,patient_id,doctor_id) VALUES (2142,'2019-12-09',436,466);
INSERT INTO meds_for_surgery (surgery_id,med) VALUES (2142,'Ritonavir');
INSERT INTO surgery (id,date,patient_id,doctor_id) VALUES (2143,'2019-11-30',135,164);
INSERT INTO meds_for_surgery (surgery_id,med) VALUES (2143,'Gefitinib');
INSERT INTO surgery (id,date,patient_id,doctor_id) VALUES (2144,'2019-12-04',31,438);
INSERT INTO meds_for_surgery (surgery_id,med) VALUES (2144,'Linezolid');
INSERT INTO surgery (id,date,patient_id,doctor_id) VALUES (2145,'2019-12-04',293,105);
INSERT INTO meds_for_surgery (surgery_id,med) VALUES (2145,'Desmopressin');
INSERT INTO surgery (id,date,patient_id,doctor_id) VALUES (2146,'2019-12-04',224,441);
INSERT INTO meds_for_surgery (surgery_id,med) VALUES (2146,'G-CSF');
INSERT INTO surgery (id,date,patient_id,doctor_id) VALUES (2147,'2019-12-26',277,402);
INSERT INTO meds_for_surgery (surgery_id,med) VALUES (2147,'Ranitidine');
INSERT INTO surgery (id,date,patient_id,doctor_id) VALUES (2148,'2019-12-06',367,305);
INSERT INTO meds_for_surgery (surgery_id,med) VALUES (2148,'Thioguanine');
INSERT INTO surgery (id,date,patient_id,doctor_id) VALUES (2149,'2019-12-01',406,498);
INSERT INTO meds_for_surgery (surgery_id,med) VALUES (2149,'PEGaspargase');
INSERT INTO surgery (id,date,patient_id,doctor_id) VALUES (2150,'2019-12-20',249,305);
INSERT INTO meds_for_surgery (surgery_id,med) VALUES (2150,'Teniposide');
INSERT INTO surgery (id,date,patient_id,doctor_id) VALUES (2151,'2019-12-19',464,24);
INSERT INTO meds_for_surgery (surgery_id,med) VALUES (2151,'Clobazam');
INSERT INTO surgery (id,date,patient_id,doctor_id) VALUES (2152,'2019-11-24',378,34);
INSERT INTO meds_for_surgery (surgery_id,med) VALUES (2152,'Celecoxib');
INSERT INTO surgery (id,date,patient_id,doctor_id) VALUES (2153,'2019-12-07',296,489);
INSERT INTO meds_for_surgery (surgery_id,med) VALUES (2153,'Abacavir');
INSERT INTO surgery (id,date,patient_id,doctor_id) VALUES (2154,'2019-11-24',299,348);
INSERT INTO meds_for_surgery (surgery_id,med) VALUES (2154,'Interferon');
INSERT INTO surgery (id,date,patient_id,doctor_id) VALUES (2155,'2019-11-29',290,96);
INSERT INTO meds_for_surgery (surgery_id,med) VALUES (2155,'Sorafenib');
INSERT INTO surgery (id,date,patient_id,doctor_id) VALUES (2156,'2019-12-09',173,465);
INSERT INTO meds_for_surgery (surgery_id,med) VALUES (2156,'Cisplatin');
INSERT INTO surgery (id,date,patient_id,doctor_id) VALUES (2157,'2019-12-26',201,329);
INSERT INTO meds_for_surgery (surgery_id,med) VALUES (2157,'Asparaginase');
INSERT INTO surgery (id,date,patient_id,doctor_id) VALUES (2158,'2019-12-20',210,421);
INSERT INTO meds_for_surgery (surgery_id,med) VALUES (2158,'Dexamethasone');
INSERT INTO surgery (id,date,patient_id,doctor_id) VALUES (2159,'2019-11-23',322,34);
INSERT INTO meds_for_surgery (surgery_id,med) VALUES (2159,'Methotrexate');
INSERT INTO surgery (id,date,patient_id,doctor_id) VALUES (2160,'2019-11-29',303,276);
INSERT INTO meds_for_surgery (surgery_id,med) VALUES (2160,'Magnesium');
INSERT INTO surgery (id,date,patient_id,doctor_id) VALUES (2161,'2019-11-24',410,351);
INSERT INTO meds_for_surgery (surgery_id,med) VALUES (2161,'Carboplatin');
INSERT INTO surgery (id,date,patient_id,doctor_id) VALUES (2162,'2019-12-09',258,24);
INSERT INTO meds_for_surgery (surgery_id,med) VALUES (2162,'Erythropoietin');
INSERT INTO surgery (id,date,patient_id,doctor_id) VALUES (2163,'2019-12-06',135,69);
INSERT INTO meds_for_surgery (surgery_id,med) VALUES (2163,'Phenobarbital');
INSERT INTO surgery (id,date,patient_id,doctor_id) VALUES (2164,'2019-12-16',204,489);
INSERT INTO meds_for_surgery (surgery_id,med) VALUES (2164,'Sugammadex');
INSERT INTO surgery (id,date,patient_id,doctor_id) VALUES (2165,'2019-12-18',367,274);
INSERT INTO meds_for_surgery (surgery_id,med) VALUES (2165,'Darunavir');
INSERT INTO surgery (id,date,patient_id,doctor_id) VALUES (2166,'2019-12-23',331,361);
INSERT INTO meds_for_surgery (surgery_id,med) VALUES (2166,'Ketoconazole');
INSERT INTO surgery (id,date,patient_id,doctor_id) VALUES (2167,'2019-12-25',490,402);
INSERT INTO meds_for_surgery (surgery_id,med) VALUES (2167,'Emicizumab');
INSERT INTO surgery (id,date,patient_id,doctor_id) VALUES (2168,'2019-12-16',188,27);
INSERT INTO meds_for_surgery (surgery_id,med) VALUES (2168,'Zidovudine');
INSERT INTO surgery (id,date,patient_id,doctor_id) VALUES (2169,'2019-11-29',479,11);
INSERT INTO meds_for_surgery (surgery_id,med) VALUES (2169,'Meropenem');
INSERT INTO surgery (id,date,patient_id,doctor_id) VALUES (2170,'2019-12-21',246,17);
INSERT INTO meds_for_surgery (surgery_id,med) VALUES (2170,'Topotecan');
INSERT INTO surgery (id,date,patient_id,doctor_id) VALUES (2171,'2019-12-24',414,124);
INSERT INTO meds_for_surgery (surgery_id,med) VALUES (2171,'Muromonab');
INSERT INTO surgery (id,date,patient_id,doctor_id) VALUES (2172,'2019-11-24',209,123);
INSERT INTO meds_for_surgery (surgery_id,med) VALUES (2172,'Labetalol');
INSERT INTO surgery (id,date,patient_id,doctor_id) VALUES (2173,'2019-12-21',209,354);
INSERT INTO meds_for_surgery (surgery_id,med) VALUES (2173,'Allopurinol');
INSERT INTO surgery (id,date,patient_id,doctor_id) VALUES (2174,'2019-12-06',242,465);
INSERT INTO meds_for_surgery (surgery_id,med) VALUES (2174,'Gemcitabine');
INSERT INTO surgery (id,date,patient_id,doctor_id) VALUES (2175,'2019-12-23',407,164);
INSERT INTO meds_for_surgery (surgery_id,med) VALUES (2175,'Interferon');
INSERT INTO surgery (id,date,patient_id,doctor_id) VALUES (2176,'2019-12-24',464,422);
INSERT INTO meds_for_surgery (surgery_id,med) VALUES (2176,'Mercaptopurine');
INSERT INTO surgery (id,date,patient_id,doctor_id) VALUES (2177,'2019-12-10',206,88);
INSERT INTO meds_for_surgery (surgery_id,med) VALUES (2177,'Modafinil');
INSERT INTO surgery (id,date,patient_id,doctor_id) VALUES (2178,'2019-12-18',464,47);
INSERT INTO meds_for_surgery (surgery_id,med) VALUES (2178,'Aprepitant');
INSERT INTO surgery (id,date,patient_id,doctor_id) VALUES (2179,'2019-12-06',299,466);
INSERT INTO meds_for_surgery (surgery_id,med) VALUES (2179,'Cefaclor');
INSERT INTO surgery (id,date,patient_id,doctor_id) VALUES (2180,'2019-12-20',296,498);
INSERT INTO meds_for_surgery (surgery_id,med) VALUES (2180,'Dornase alfa');
INSERT INTO surgery (id,date,patient_id,doctor_id) VALUES (2181,'2019-12-19',330,96);
INSERT INTO meds_for_surgery (surgery_id,med) VALUES (2181,'Metronidazole');
INSERT INTO surgery (id,date,patient_id,doctor_id) VALUES (2182,'2019-12-07',76,489);
INSERT INTO meds_for_surgery (surgery_id,med) VALUES (2182,'Eltrombopag');
INSERT INTO surgery (id,date,patient_id,doctor_id) VALUES (2183,'2019-12-11',378,439);
INSERT INTO meds_for_surgery (surgery_id,med) VALUES (2183,'Codeine');
INSERT INTO surgery (id,date,patient_id,doctor_id) VALUES (2184,'2019-12-12',403,354);
INSERT INTO meds_for_surgery (surgery_id,med) VALUES (2184,'Enalapril');
INSERT INTO surgery (id,date,patient_id,doctor_id) VALUES (2185,'2019-12-26',86,62);
INSERT INTO meds_for_surgery (surgery_id,med) VALUES (2185,'Dopamine');
INSERT INTO surgery (id,date,patient_id,doctor_id) VALUES (2186,'2019-12-23',52,69);
INSERT INTO meds_for_surgery (surgery_id,med) VALUES (2186,'Metronidazole');
INSERT INTO surgery (id,date,patient_id,doctor_id) VALUES (2187,'2019-12-25',444,429);
INSERT INTO meds_for_surgery (surgery_id,med) VALUES (2187,'Hydrocortisone');
INSERT INTO surgery (id,date,patient_id,doctor_id) VALUES (2188,'2019-12-09',272,438);
INSERT INTO meds_for_surgery (surgery_id,med) VALUES (2188,'Cladribine');
INSERT INTO surgery (id,date,patient_id,doctor_id) VALUES (2189,'2019-12-03',209,34);
INSERT INTO meds_for_surgery (surgery_id,med) VALUES (2189,'Allopurinol');
INSERT INTO surgery (id,date,patient_id,doctor_id) VALUES (2190,'2019-12-26',370,366);
INSERT INTO meds_for_surgery (surgery_id,med) VALUES (2190,'Sugammadex');
INSERT INTO surgery (id,date,patient_id,doctor_id) VALUES (2191,'2019-12-19',168,421);
INSERT INTO meds_for_surgery (surgery_id,med) VALUES (2191,'Dapsone');
INSERT INTO surgery (id,date,patient_id,doctor_id) VALUES (2192,'2019-12-15',249,417);
INSERT INTO meds_for_surgery (surgery_id,med) VALUES (2192,'Meloxicam');
INSERT INTO surgery (id,date,patient_id,doctor_id) VALUES (2193,'2019-12-05',378,358);
INSERT INTO meds_for_surgery (surgery_id,med) VALUES (2193,'Phenobarbital');
INSERT INTO surgery (id,date,patient_id,doctor_id) VALUES (2194,'2019-12-10',15,433);
INSERT INTO meds_for_surgery (surgery_id,med) VALUES (2194,'Maraviroc');
INSERT INTO surgery (id,date,patient_id,doctor_id) VALUES (2195,'2019-12-07',31,361);
INSERT INTO meds_for_surgery (surgery_id,med) VALUES (2195,'Teniposide');
INSERT INTO surgery (id,date,patient_id,doctor_id) VALUES (2196,'2019-12-24',161,351);
INSERT INTO meds_for_surgery (surgery_id,med) VALUES (2196,'Interferon');
INSERT INTO surgery (id,date,patient_id,doctor_id) VALUES (2197,'2019-12-20',97,47);
INSERT INTO meds_for_surgery (surgery_id,med) VALUES (2197,'Meropenem');
INSERT INTO surgery (id,date,patient_id,doctor_id) VALUES (2198,'2019-12-16',31,88);
INSERT INTO meds_for_surgery (surgery_id,med) VALUES (2198,'Itraconazole');
INSERT INTO surgery (id,date,patient_id,doctor_id) VALUES (2199,'2019-12-20',239,62);
INSERT INTO meds_for_surgery (surgery_id,med) VALUES (2199,'Voriconazole');
INSERT INTO surgery (id,date,patient_id,doctor_id) VALUES (2200,'2019-12-24',242,10);
INSERT INTO meds_for_surgery (surgery_id,med) VALUES (2200,'Mycophenolate');
INSERT INTO surgery (id,date,patient_id,doctor_id) VALUES (2201,'2019-11-23',456,276);
INSERT INTO meds_for_surgery (surgery_id,med) VALUES (2201,'Nelfinavir');
INSERT INTO surgery (id,date,patient_id,doctor_id) VALUES (2202,'2019-11-23',464,466);
INSERT INTO meds_for_surgery (surgery_id,med) VALUES (2202,'Tretinoin');
INSERT INTO surgery (id,date,patient_id,doctor_id) VALUES (2203,'2019-12-09',398,103);
INSERT INTO meds_for_surgery (surgery_id,med) VALUES (2203,'Etonogestrel');
INSERT INTO surgery (id,date,patient_id,doctor_id) VALUES (2204,'2019-12-01',315,225);
INSERT INTO meds_for_surgery (surgery_id,med) VALUES (2204,'Meloxicam');
INSERT INTO surgery (id,date,patient_id,doctor_id) VALUES (2205,'2019-12-11',436,141);
INSERT INTO meds_for_surgery (surgery_id,med) VALUES (2205,'Lamivudine');
INSERT INTO surgery (id,date,patient_id,doctor_id) VALUES (2206,'2019-12-10',255,489);
INSERT INTO meds_for_surgery (surgery_id,med) VALUES (2206,'Cyproheptadine');
INSERT INTO surgery (id,date,patient_id,doctor_id) VALUES (2207,'2019-12-19',201,402);
INSERT INTO meds_for_surgery (surgery_id,med) VALUES (2207,'Baclofen');
INSERT INTO surgery (id,date,patient_id,doctor_id) VALUES (2208,'2019-12-15',148,75);
INSERT INTO meds_for_surgery (surgery_id,med) VALUES (2208,'Mechlorethamine');
INSERT INTO surgery (id,date,patient_id,doctor_id) VALUES (2209,'2019-12-22',403,111);
INSERT INTO meds_for_surgery (surgery_id,med) VALUES (2209,'Vinblastine');
INSERT INTO surgery (id,date,patient_id,doctor_id) VALUES (2210,'2019-12-03',174,141);
INSERT INTO meds_for_surgery (surgery_id,med) VALUES (2210,'Tenofovir');
INSERT INTO surgery (id,date,patient_id,doctor_id) VALUES (2211,'2019-12-24',174,115);
INSERT INTO meds_for_surgery (surgery_id,med) VALUES (2211,'Cidofovir');
INSERT INTO surgery (id,date,patient_id,doctor_id) VALUES (2212,'2019-12-27',291,55);
INSERT INTO meds_for_surgery (surgery_id,med) VALUES (2212,'Diclofenac');
INSERT INTO surgery (id,date,patient_id,doctor_id) VALUES (2213,'2019-12-09',174,320);
INSERT INTO meds_for_surgery (surgery_id,med) VALUES (2213,'Dexamethasone');
INSERT INTO surgery (id,date,patient_id,doctor_id) VALUES (2214,'2019-12-02',89,11);
INSERT INTO meds_for_surgery (surgery_id,med) VALUES (2214,'Thiotepa');
INSERT INTO surgery (id,date,patient_id,doctor_id) VALUES (2215,'2019-11-25',201,429);
INSERT INTO meds_for_surgery (surgery_id,med) VALUES (2215,'Amitriptyline');
INSERT INTO surgery (id,date,patient_id,doctor_id) VALUES (2216,'2019-12-08',20,287);
INSERT INTO meds_for_surgery (surgery_id,med) VALUES (2216,'Methadone');
INSERT INTO surgery (id,date,patient_id,doctor_id) VALUES (2217,'2019-12-24',94,121);
INSERT INTO meds_for_surgery (surgery_id,med) VALUES (2217,'Tacrolimus');
INSERT INTO surgery (id,date,patient_id,doctor_id) VALUES (2218,'2019-11-28',97,423);
INSERT INTO meds_for_surgery (surgery_id,med) VALUES (2218,'Tenofovir');
INSERT INTO surgery (id,date,patient_id,doctor_id) VALUES (2219,'2019-12-19',290,153);
INSERT INTO meds_for_surgery (surgery_id,med) VALUES (2219,'Tretinoin');
INSERT INTO surgery (id,date,patient_id,doctor_id) VALUES (2220,'2019-12-25',246,23);
INSERT INTO meds_for_surgery (surgery_id,med) VALUES (2220,'Heparin');
INSERT INTO surgery (id,date,patient_id,doctor_id) VALUES (2221,'2019-12-01',260,329);
INSERT INTO meds_for_surgery (surgery_id,med) VALUES (2221,'Meperidine');
INSERT INTO surgery (id,date,patient_id,doctor_id) VALUES (2222,'2019-12-15',246,499);
INSERT INTO meds_for_surgery (surgery_id,med) VALUES (2222,'Rasburicase');
INSERT INTO surgery (id,date,patient_id,doctor_id) VALUES (2223,'2019-12-08',479,489);
INSERT INTO meds_for_surgery (surgery_id,med) VALUES (2223,'Maraviroc');
INSERT INTO surgery (id,date,patient_id,doctor_id) VALUES (2224,'2019-11-30',272,162);
INSERT INTO meds_for_surgery (surgery_id,med) VALUES (2224,'Gefitinib');
INSERT INTO surgery (id,date,patient_id,doctor_id) VALUES (2225,'2019-11-24',260,23);
INSERT INTO meds_for_surgery (surgery_id,med) VALUES (2225,'Clofarabine');
INSERT INTO surgery (id,date,patient_id,doctor_id) VALUES (2226,'2019-12-19',154,56);
INSERT INTO meds_for_surgery (surgery_id,med) VALUES (2226,'Enoxaparin');
INSERT INTO surgery (id,date,patient_id,doctor_id) VALUES (2227,'2019-12-03',414,153);
INSERT INTO meds_for_surgery (surgery_id,med) VALUES (2227,'Morphine');
INSERT INTO surgery (id,date,patient_id,doctor_id) VALUES (2228,'2019-12-20',206,105);
INSERT INTO meds_for_surgery (surgery_id,med) VALUES (2228,'Mechlorethamine');
INSERT INTO surgery (id,date,patient_id,doctor_id) VALUES (2229,'2019-12-07',476,118);
INSERT INTO meds_for_surgery (surgery_id,med) VALUES (2229,'Azithromycin');
INSERT INTO surgery (id,date,patient_id,doctor_id) VALUES (2230,'2019-12-23',255,13);
INSERT INTO meds_for_surgery (surgery_id,med) VALUES (2230,'Cidofovir');
INSERT INTO surgery (id,date,patient_id,doctor_id) VALUES (2231,'2019-12-18',384,329);
INSERT INTO meds_for_surgery (surgery_id,med) VALUES (2231,'L-glutamine');
INSERT INTO surgery (id,date,patient_id,doctor_id) VALUES (2232,'2019-12-19',403,416);
INSERT INTO meds_for_surgery (surgery_id,med) VALUES (2232,'Metronidazole');
INSERT INTO surgery (id,date,patient_id,doctor_id) VALUES (2233,'2019-12-04',389,225);
INSERT INTO meds_for_surgery (surgery_id,med) VALUES (2233,'Hydralazine');
INSERT INTO surgery (id,date,patient_id,doctor_id) VALUES (2234,'2019-12-06',60,329);
INSERT INTO meds_for_surgery (surgery_id,med) VALUES (2234,'Norepinephrine');
INSERT INTO surgery (id,date,patient_id,doctor_id) VALUES (2235,'2019-12-04',299,429);
INSERT INTO meds_for_surgery (surgery_id,med) VALUES (2235,'Pemetrexed');
INSERT INTO surgery (id,date,patient_id,doctor_id) VALUES (2236,'2019-12-21',500,96);
INSERT INTO meds_for_surgery (surgery_id,med) VALUES (2236,'Thioguanine');
INSERT INTO surgery (id,date,patient_id,doctor_id) VALUES (2237,'2019-12-09',174,47);
INSERT INTO meds_for_surgery (surgery_id,med) VALUES (2237,'Labetalol');
INSERT INTO surgery (id,date,patient_id,doctor_id) VALUES (2238,'2019-11-25',290,115);
INSERT INTO meds_for_surgery (surgery_id,med) VALUES (2238,'Magnesium');
INSERT INTO surgery (id,date,patient_id,doctor_id) VALUES (2239,'2019-12-12',86,162);
INSERT INTO meds_for_surgery (surgery_id,med) VALUES (2239,'Eltrombopag');
INSERT INTO surgery (id,date,patient_id,doctor_id) VALUES (2240,'2019-12-02',187,121);
INSERT INTO meds_for_surgery (surgery_id,med) VALUES (2240,'Lopinavir');
INSERT INTO surgery (id,date,patient_id,doctor_id) VALUES (2241,'2019-12-26',299,423);
INSERT INTO meds_for_surgery (surgery_id,med) VALUES (2241,'Cyclobenzaprine');
INSERT INTO surgery (id,date,patient_id,doctor_id) VALUES (2242,'2019-11-29',327,360);
INSERT INTO meds_for_surgery (surgery_id,med) VALUES (2242,'Stavudine');
INSERT INTO surgery (id,date,patient_id,doctor_id) VALUES (2243,'2019-12-09',154,17);
INSERT INTO meds_for_surgery (surgery_id,med) VALUES (2243,'Tretinoin');
INSERT INTO surgery (id,date,patient_id,doctor_id) VALUES (2244,'2019-12-05',330,75);
INSERT INTO meds_for_surgery (surgery_id,med) VALUES (2244,'Atenolol');
INSERT INTO surgery (id,date,patient_id,doctor_id) VALUES (2245,'2019-12-06',325,124);
INSERT INTO meds_for_surgery (surgery_id,med) VALUES (2245,'Dobutamine');
INSERT INTO surgery (id,date,patient_id,doctor_id) VALUES (2246,'2019-12-12',476,421);
INSERT INTO meds_for_surgery (surgery_id,med) VALUES (2246,'Imipenem');
INSERT INTO surgery (id,date,patient_id,doctor_id) VALUES (2247,'2019-11-28',94,354);
INSERT INTO meds_for_surgery (surgery_id,med) VALUES (2247,'Dapsone');
INSERT INTO surgery (id,date,patient_id,doctor_id) VALUES (2248,'2019-12-12',131,361);
INSERT INTO meds_for_surgery (surgery_id,med) VALUES (2248,'Enoxaparin');
INSERT INTO surgery (id,date,patient_id,doctor_id) VALUES (2249,'2019-12-17',384,489);
INSERT INTO meds_for_surgery (surgery_id,med) VALUES (2249,'Cidofovir');
INSERT INTO surgery (id,date,patient_id,doctor_id) VALUES (2250,'2019-11-25',97,24);
INSERT INTO meds_for_surgery (surgery_id,med) VALUES (2250,'Penicillin');
INSERT INTO surgery (id,date,patient_id,doctor_id) VALUES (2251,'2019-12-09',470,348);
INSERT INTO meds_for_surgery (surgery_id,med) VALUES (2251,'Mechlorethamine');
INSERT INTO surgery (id,date,patient_id,doctor_id) VALUES (2252,'2019-12-19',272,225);
INSERT INTO meds_for_surgery (surgery_id,med) VALUES (2252,'Sunitinib');
INSERT INTO surgery (id,date,patient_id,doctor_id) VALUES (2253,'2019-11-24',48,499);
INSERT INTO meds_for_surgery (surgery_id,med) VALUES (2253,'Ritonavir');
INSERT INTO surgery (id,date,patient_id,doctor_id) VALUES (2254,'2019-11-27',161,115);
INSERT INTO meds_for_surgery (surgery_id,med) VALUES (2254,'Didanosine');
INSERT INTO surgery (id,date,patient_id,doctor_id) VALUES (2255,'2019-12-16',444,301);
INSERT INTO meds_for_surgery (surgery_id,med) VALUES (2255,'Abacavir');
INSERT INTO surgery (id,date,patient_id,doctor_id) VALUES (2256,'2019-12-25',398,124);
INSERT INTO meds_for_surgery (surgery_id,med) VALUES (2256,'Pegfilgrastim');
INSERT INTO surgery (id,date,patient_id,doctor_id) VALUES (2257,'2019-12-02',148,416);
INSERT INTO meds_for_surgery (surgery_id,med) VALUES (2257,'Mitotane');
INSERT INTO surgery (id,date,patient_id,doctor_id) VALUES (2258,'2019-12-21',224,88);
INSERT INTO meds_for_surgery (surgery_id,med) VALUES (2258,'Clindamycin');
INSERT INTO surgery (id,date,patient_id,doctor_id) VALUES (2259,'2019-12-05',94,358);
INSERT INTO meds_for_surgery (surgery_id,med) VALUES (2259,'Amikacin');
INSERT INTO surgery (id,date,patient_id,doctor_id) VALUES (2260,'2019-11-24',290,262);
INSERT INTO meds_for_surgery (surgery_id,med) VALUES (2260,'Elvitegravir');
INSERT INTO surgery (id,date,patient_id,doctor_id) VALUES (2261,'2019-12-06',94,358);
INSERT INTO meds_for_surgery (surgery_id,med) VALUES (2261,'Dexamethasone');
INSERT INTO surgery (id,date,patient_id,doctor_id) VALUES (2262,'2019-12-07',254,438);
INSERT INTO meds_for_surgery (surgery_id,med) VALUES (2262,'Omeprazole');
INSERT INTO surgery (id,date,patient_id,doctor_id) VALUES (2263,'2019-12-26',357,22);
INSERT INTO meds_for_surgery (surgery_id,med) VALUES (2263,'Alendronate');
INSERT INTO surgery (id,date,patient_id,doctor_id) VALUES (2264,'2019-11-26',419,88);
INSERT INTO meds_for_surgery (surgery_id,med) VALUES (2264,'Fludarabine');
INSERT INTO surgery (id,date,patient_id,doctor_id) VALUES (2265,'2019-12-21',296,439);
INSERT INTO meds_for_surgery (surgery_id,med) VALUES (2265,'Cytarabine');
INSERT INTO surgery (id,date,patient_id,doctor_id) VALUES (2266,'2019-12-19',457,348);
INSERT INTO meds_for_surgery (surgery_id,med) VALUES (2266,'Dactinomycin');
INSERT INTO surgery (id,date,patient_id,doctor_id) VALUES (2267,'2019-12-01',500,441);
INSERT INTO meds_for_surgery (surgery_id,med) VALUES (2267,'Pentamidine');
INSERT INTO surgery (id,date,patient_id,doctor_id) VALUES (2268,'2019-12-24',148,358);
INSERT INTO meds_for_surgery (surgery_id,med) VALUES (2268,'Methadone');
INSERT INTO surgery (id,date,patient_id,doctor_id) VALUES (2269,'2019-11-24',410,153);
INSERT INTO meds_for_surgery (surgery_id,med) VALUES (2269,'Temozolomide');
INSERT INTO surgery (id,date,patient_id,doctor_id) VALUES (2270,'2019-12-18',293,11);
INSERT INTO meds_for_surgery (surgery_id,med) VALUES (2270,'Imipenem');
INSERT INTO surgery (id,date,patient_id,doctor_id) VALUES (2271,'2019-11-29',188,483);
INSERT INTO meds_for_surgery (surgery_id,med) VALUES (2271,'Efavirenz');
INSERT INTO surgery (id,date,patient_id,doctor_id) VALUES (2272,'2019-11-29',221,162);
INSERT INTO meds_for_surgery (surgery_id,med) VALUES (2272,'Amifostine');
INSERT INTO surgery (id,date,patient_id,doctor_id) VALUES (2273,'2019-12-02',258,24);
INSERT INTO meds_for_surgery (surgery_id,med) VALUES (2273,'Neuromuscular');
INSERT INTO surgery (id,date,patient_id,doctor_id) VALUES (2274,'2019-11-23',370,51);
INSERT INTO meds_for_surgery (surgery_id,med) VALUES (2274,'Ranitidine');
INSERT INTO surgery (id,date,patient_id,doctor_id) VALUES (2275,'2019-11-26',436,164);
INSERT INTO meds_for_surgery (surgery_id,med) VALUES (2275,'Amitriptyline');
INSERT INTO surgery (id,date,patient_id,doctor_id) VALUES (2276,'2019-12-15',296,358);
INSERT INTO meds_for_surgery (surgery_id,med) VALUES (2276,'Darunavir');
INSERT INTO surgery (id,date,patient_id,doctor_id) VALUES (2277,'2019-12-14',291,358);
INSERT INTO meds_for_surgery (surgery_id,med) VALUES (2277,'Tretinoin');
INSERT INTO surgery (id,date,patient_id,doctor_id) VALUES (2278,'2019-12-19',268,465);
INSERT INTO meds_for_surgery (surgery_id,med) VALUES (2278,'Itraconazole');
INSERT INTO surgery (id,date,patient_id,doctor_id) VALUES (2279,'2019-12-26',272,438);
INSERT INTO meds_for_surgery (surgery_id,med) VALUES (2279,'Interleukin');
INSERT INTO surgery (id,date,patient_id,doctor_id) VALUES (2280,'2019-12-15',239,129);
INSERT INTO meds_for_surgery (surgery_id,med) VALUES (2280,'Clindamycin');
INSERT INTO surgery (id,date,patient_id,doctor_id) VALUES (2281,'2019-12-21',325,124);
INSERT INTO meds_for_surgery (surgery_id,med) VALUES (2281,'Voriconazole');
INSERT INTO surgery (id,date,patient_id,doctor_id) VALUES (2282,'2019-11-24',325,438);
INSERT INTO meds_for_surgery (surgery_id,med) VALUES (2282,'Fluorouracil');
INSERT INTO surgery (id,date,patient_id,doctor_id) VALUES (2283,'2019-11-27',135,421);
INSERT INTO meds_for_surgery (surgery_id,med) VALUES (2283,'Thiotepa');
INSERT INTO surgery (id,date,patient_id,doctor_id) VALUES (2284,'2019-12-04',453,121);
INSERT INTO meds_for_surgery (surgery_id,med) VALUES (2284,'Erlotinib');
INSERT INTO surgery (id,date,patient_id,doctor_id) VALUES (2285,'2019-12-25',444,10);
INSERT INTO meds_for_surgery (surgery_id,med) VALUES (2285,'Busulfan');
INSERT INTO surgery (id,date,patient_id,doctor_id) VALUES (2286,'2019-12-23',148,164);
INSERT INTO meds_for_surgery (surgery_id,med) VALUES (2286,'Bleomycin');
INSERT INTO surgery (id,date,patient_id,doctor_id) VALUES (2287,'2019-11-28',31,335);
INSERT INTO meds_for_surgery (surgery_id,med) VALUES (2287,'Sorafenib');
INSERT INTO surgery (id,date,patient_id,doctor_id) VALUES (2288,'2019-11-25',194,47);
INSERT INTO meds_for_surgery (surgery_id,med) VALUES (2288,'Mitoxantrone');
INSERT INTO surgery (id,date,patient_id,doctor_id) VALUES (2289,'2019-11-23',290,10);
INSERT INTO meds_for_surgery (surgery_id,med) VALUES (2289,'Promethazine');
INSERT INTO surgery (id,date,patient_id,doctor_id) VALUES (2290,'2019-12-22',272,10);
INSERT INTO meds_for_surgery (surgery_id,med) VALUES (2290,'Cidofovir');
INSERT INTO surgery (id,date,patient_id,doctor_id) VALUES (2291,'2019-12-04',398,483);
INSERT INTO meds_for_surgery (surgery_id,med) VALUES (2291,'Bleomycin');
INSERT INTO surgery (id,date,patient_id,doctor_id) VALUES (2292,'2019-12-24',414,262);
INSERT INTO meds_for_surgery (surgery_id,med) VALUES (2292,'Morphine');
INSERT INTO surgery (id,date,patient_id,doctor_id) VALUES (2293,'2019-12-03',449,121);
INSERT INTO meds_for_surgery (surgery_id,med) VALUES (2293,'Promethazine');
INSERT INTO surgery (id,date,patient_id,doctor_id) VALUES (2294,'2019-12-23',194,416);
INSERT INTO meds_for_surgery (surgery_id,med) VALUES (2294,'Linezolid');
INSERT INTO surgery (id,date,patient_id,doctor_id) VALUES (2295,'2019-12-21',410,287);
INSERT INTO meds_for_surgery (surgery_id,med) VALUES (2295,'Cisplatin');
INSERT INTO surgery (id,date,patient_id,doctor_id) VALUES (2296,'2019-11-29',414,105);
INSERT INTO meds_for_surgery (surgery_id,med) VALUES (2296,'Clindamycin');
INSERT INTO surgery (id,date,patient_id,doctor_id) VALUES (2297,'2019-12-10',20,382);
INSERT INTO meds_for_surgery (surgery_id,med) VALUES (2297,'Hydroxyurea');
INSERT INTO surgery (id,date,patient_id,doctor_id) VALUES (2298,'2019-12-26',52,417);
INSERT INTO meds_for_surgery (surgery_id,med) VALUES (2298,'Heparin');
INSERT INTO surgery (id,date,patient_id,doctor_id) VALUES (2299,'2019-12-10',357,141);
INSERT INTO meds_for_surgery (surgery_id,med) VALUES (2299,'Rituximab');
INSERT INTO surgery (id,date,patient_id,doctor_id) VALUES (2300,'2019-11-26',242,438);
INSERT INTO meds_for_surgery (surgery_id,med) VALUES (2300,'Phenobarbital');
INSERT INTO surgery (id,date,patient_id,doctor_id) VALUES (2301,'2019-12-20',76,51);
INSERT INTO meds_for_surgery (surgery_id,med) VALUES (2301,'Gemtuzumab');
INSERT INTO surgery (id,date,patient_id,doctor_id) VALUES (2302,'2019-12-10',327,382);
INSERT INTO meds_for_surgery (surgery_id,med) VALUES (2302,'Vinblastine');
INSERT INTO surgery (id,date,patient_id,doctor_id) VALUES (2303,'2019-11-29',173,320);
INSERT INTO meds_for_surgery (surgery_id,med) VALUES (2303,'Procarbazine');
INSERT INTO surgery (id,date,patient_id,doctor_id) VALUES (2304,'2019-12-06',290,483);
INSERT INTO meds_for_surgery (surgery_id,med) VALUES (2304,'Dornase alfa');
INSERT INTO surgery (id,date,patient_id,doctor_id) VALUES (2305,'2019-12-26',331,425);
INSERT INTO meds_for_surgery (surgery_id,med) VALUES (2305,'Famciclovir');
INSERT INTO surgery (id,date,patient_id,doctor_id) VALUES (2306,'2019-12-25',172,348);
INSERT INTO meds_for_surgery (surgery_id,med) VALUES (2306,'Interleukin');
INSERT INTO surgery (id,date,patient_id,doctor_id) VALUES (2307,'2019-11-25',272,382);
INSERT INTO meds_for_surgery (surgery_id,med) VALUES (2307,'Captopril');
INSERT INTO surgery (id,date,patient_id,doctor_id) VALUES (2308,'2019-12-26',479,433);
INSERT INTO meds_for_surgery (surgery_id,med) VALUES (2308,'Bleomycin');
INSERT INTO surgery (id,date,patient_id,doctor_id) VALUES (2309,'2019-12-08',229,34);
INSERT INTO meds_for_surgery (surgery_id,med) VALUES (2309,'Nelarabine');
INSERT INTO surgery (id,date,patient_id,doctor_id) VALUES (2310,'2019-12-03',453,429);
INSERT INTO meds_for_surgery (surgery_id,med) VALUES (2310,'Etoposide');
INSERT INTO surgery (id,date,patient_id,doctor_id) VALUES (2311,'2019-12-08',195,445);
INSERT INTO meds_for_surgery (surgery_id,med) VALUES (2311,'Amlodipine');
INSERT INTO surgery (id,date,patient_id,doctor_id) VALUES (2312,'2019-12-18',293,402);
INSERT INTO meds_for_surgery (surgery_id,med) VALUES (2312,'Dacarbazine');
INSERT INTO surgery (id,date,patient_id,doctor_id) VALUES (2313,'2019-12-02',457,69);
INSERT INTO meds_for_surgery (surgery_id,med) VALUES (2313,'Allopurinol');
INSERT INTO surgery (id,date,patient_id,doctor_id) VALUES (2314,'2019-12-04',221,423);
INSERT INTO meds_for_surgery (surgery_id,med) VALUES (2314,'Amlodipine');
INSERT INTO surgery (id,date,patient_id,doctor_id) VALUES (2315,'2019-12-25',7,11);
INSERT INTO meds_for_surgery (surgery_id,med) VALUES (2315,'Cyclobenzaprine');
INSERT INTO surgery (id,date,patient_id,doctor_id) VALUES (2316,'2019-12-15',209,429);
INSERT INTO meds_for_surgery (surgery_id,med) VALUES (2316,'Doxorubicin');
INSERT INTO surgery (id,date,patient_id,doctor_id) VALUES (2317,'2019-12-23',277,416);
INSERT INTO meds_for_surgery (surgery_id,med) VALUES (2317,'Vorinostat');
INSERT INTO surgery (id,date,patient_id,doctor_id) VALUES (2318,'2019-12-04',299,287);
INSERT INTO meds_for_surgery (surgery_id,med) VALUES (2318,'Carboplatin');
INSERT INTO surgery (id,date,patient_id,doctor_id) VALUES (2319,'2019-12-04',204,96);
INSERT INTO meds_for_surgery (surgery_id,med) VALUES (2319,'Cidofovir');
INSERT INTO surgery (id,date,patient_id,doctor_id) VALUES (2320,'2019-12-06',357,162);
INSERT INTO meds_for_surgery (surgery_id,med) VALUES (2320,'Thioguanine');
INSERT INTO surgery (id,date,patient_id,doctor_id) VALUES (2321,'2019-12-17',331,312);
INSERT INTO meds_for_surgery (surgery_id,med) VALUES (2321,'Cephalexin');
INSERT INTO surgery (id,date,patient_id,doctor_id) VALUES (2322,'2019-12-10',260,301);
INSERT INTO meds_for_surgery (surgery_id,med) VALUES (2322,'Paclitaxel');
INSERT INTO surgery (id,date,patient_id,doctor_id) VALUES (2323,'2019-12-09',293,417);
INSERT INTO meds_for_surgery (surgery_id,med) VALUES (2323,'Zidovudine');
INSERT INTO surgery (id,date,patient_id,doctor_id) VALUES (2324,'2019-11-24',322,491);
INSERT INTO meds_for_surgery (surgery_id,med) VALUES (2324,'Enalapril');
INSERT INTO surgery (id,date,patient_id,doctor_id) VALUES (2325,'2019-12-03',464,361);
INSERT INTO meds_for_surgery (surgery_id,med) VALUES (2325,'Tretinoin');
INSERT INTO surgery (id,date,patient_id,doctor_id) VALUES (2326,'2019-11-25',322,162);
INSERT INTO meds_for_surgery (surgery_id,med) VALUES (2326,'Amitriptyline');
INSERT INTO surgery (id,date,patient_id,doctor_id) VALUES (2327,'2019-11-30',188,498);
INSERT INTO meds_for_surgery (surgery_id,med) VALUES (2327,'Mechlorethamine');
INSERT INTO surgery (id,date,patient_id,doctor_id) VALUES (2328,'2019-12-26',239,429);
INSERT INTO meds_for_surgery (surgery_id,med) VALUES (2328,'Aminocaproic Acid');
INSERT INTO surgery (id,date,patient_id,doctor_id) VALUES (2329,'2019-11-24',296,301);
INSERT INTO meds_for_surgery (surgery_id,med) VALUES (2329,'Cladribine');
INSERT INTO surgery (id,date,patient_id,doctor_id) VALUES (2330,'2019-12-08',20,141);
INSERT INTO meds_for_surgery (surgery_id,med) VALUES (2330,'Ruxolitinib');
INSERT INTO surgery (id,date,patient_id,doctor_id) VALUES (2331,'2019-12-15',456,320);
INSERT INTO meds_for_surgery (surgery_id,med) VALUES (2331,'Tenofovir');
INSERT INTO surgery (id,date,patient_id,doctor_id) VALUES (2332,'2019-12-19',299,124);
INSERT INTO meds_for_surgery (surgery_id,med) VALUES (2332,'Methotrexate');
INSERT INTO surgery (id,date,patient_id,doctor_id) VALUES (2333,'2019-12-02',231,124);
INSERT INTO meds_for_surgery (surgery_id,med) VALUES (2333,'Emtricitabine');
INSERT INTO surgery (id,date,patient_id,doctor_id) VALUES (2334,'2019-12-01',436,489);
INSERT INTO meds_for_surgery (surgery_id,med) VALUES (2334,'Zidovudine');
INSERT INTO surgery (id,date,patient_id,doctor_id) VALUES (2335,'2019-12-14',353,320);
INSERT INTO meds_for_surgery (surgery_id,med) VALUES (2335,'Aminocaproic Acid');
INSERT INTO surgery (id,date,patient_id,doctor_id) VALUES (2336,'2019-11-24',270,425);
INSERT INTO meds_for_surgery (surgery_id,med) VALUES (2336,'Gemtuzumab');
INSERT INTO surgery (id,date,patient_id,doctor_id) VALUES (2337,'2019-12-07',353,88);
INSERT INTO meds_for_surgery (surgery_id,med) VALUES (2337,'Amlodipine');
INSERT INTO surgery (id,date,patient_id,doctor_id) VALUES (2338,'2019-11-30',212,47);
INSERT INTO meds_for_surgery (surgery_id,med) VALUES (2338,'Hydrocortisone');
INSERT INTO surgery (id,date,patient_id,doctor_id) VALUES (2339,'2019-11-28',436,196);
INSERT INTO meds_for_surgery (surgery_id,med) VALUES (2339,'Aminocaproic Acid');
INSERT INTO surgery (id,date,patient_id,doctor_id) VALUES (2340,'2019-12-01',419,105);
INSERT INTO meds_for_surgery (surgery_id,med) VALUES (2340,'Ketoconazole');
INSERT INTO surgery (id,date,patient_id,doctor_id) VALUES (2341,'2019-12-22',291,423);
INSERT INTO meds_for_surgery (surgery_id,med) VALUES (2341,'Sucralfate');
INSERT INTO surgery (id,date,patient_id,doctor_id) VALUES (2342,'2019-12-03',353,158);
INSERT INTO meds_for_surgery (surgery_id,med) VALUES (2342,'Interleukin');
INSERT INTO surgery (id,date,patient_id,doctor_id) VALUES (2343,'2019-12-08',406,465);
INSERT INTO meds_for_surgery (surgery_id,med) VALUES (2343,'Aminocaproic Acid');
INSERT INTO surgery (id,date,patient_id,doctor_id) VALUES (2344,'2019-12-01',272,287);
INSERT INTO meds_for_surgery (surgery_id,med) VALUES (2344,'Labetalol');
INSERT INTO surgery (id,date,patient_id,doctor_id) VALUES (2345,'2019-11-29',180,243);
INSERT INTO meds_for_surgery (surgery_id,med) VALUES (2345,'Saquinavir');
INSERT INTO surgery (id,date,patient_id,doctor_id) VALUES (2346,'2019-11-27',280,320);
INSERT INTO meds_for_surgery (surgery_id,med) VALUES (2346,'Posaconazole');
INSERT INTO surgery (id,date,patient_id,doctor_id) VALUES (2347,'2019-12-23',89,274);
INSERT INTO meds_for_surgery (surgery_id,med) VALUES (2347,'Paclitaxel');
INSERT INTO surgery (id,date,patient_id,doctor_id) VALUES (2348,'2019-11-25',210,466);
INSERT INTO meds_for_surgery (surgery_id,med) VALUES (2348,'Dapsone');
INSERT INTO surgery (id,date,patient_id,doctor_id) VALUES (2349,'2019-12-22',260,348);
INSERT INTO meds_for_surgery (surgery_id,med) VALUES (2349,'Etravirine');
INSERT INTO surgery (id,date,patient_id,doctor_id) VALUES (2350,'2019-12-16',453,196);
INSERT INTO meds_for_surgery (surgery_id,med) VALUES (2350,'Interleukin');
INSERT INTO surgery (id,date,patient_id,doctor_id) VALUES (2351,'2019-12-20',437,382);
INSERT INTO meds_for_surgery (surgery_id,med) VALUES (2351,'Rivaroxaban');
INSERT INTO surgery (id,date,patient_id,doctor_id) VALUES (2352,'2019-12-17',444,425);
INSERT INTO meds_for_surgery (surgery_id,med) VALUES (2352,'Allopurinol');
INSERT INTO surgery (id,date,patient_id,doctor_id) VALUES (2353,'2019-12-20',221,10);
INSERT INTO meds_for_surgery (surgery_id,med) VALUES (2353,'Baclofen');
INSERT INTO surgery (id,date,patient_id,doctor_id) VALUES (2354,'2019-12-15',453,358);
INSERT INTO meds_for_surgery (surgery_id,med) VALUES (2354,'Alemtuzumab');
INSERT INTO surgery (id,date,patient_id,doctor_id) VALUES (2355,'2019-12-11',137,276);
INSERT INTO meds_for_surgery (surgery_id,med) VALUES (2355,'Dasatinib');
INSERT INTO surgery (id,date,patient_id,doctor_id) VALUES (2356,'2019-12-02',490,243);
INSERT INTO meds_for_surgery (surgery_id,med) VALUES (2356,'Bortezomib');
INSERT INTO surgery (id,date,patient_id,doctor_id) VALUES (2357,'2019-11-30',476,56);
INSERT INTO meds_for_surgery (surgery_id,med) VALUES (2357,'Trimethoprim');
INSERT INTO surgery (id,date,patient_id,doctor_id) VALUES (2358,'2019-11-23',268,498);
INSERT INTO meds_for_surgery (surgery_id,med) VALUES (2358,'Busulfan');
INSERT INTO surgery (id,date,patient_id,doctor_id) VALUES (2359,'2019-12-14',31,88);
INSERT INTO meds_for_surgery (surgery_id,med) VALUES (2359,'Atazanavir');
INSERT INTO surgery (id,date,patient_id,doctor_id) VALUES (2360,'2019-12-10',410,225);
INSERT INTO meds_for_surgery (surgery_id,med) VALUES (2360,'Morphine');
INSERT INTO surgery (id,date,patient_id,doctor_id) VALUES (2361,'2019-12-15',273,96);
INSERT INTO meds_for_surgery (surgery_id,med) VALUES (2361,'Dronabinol');
INSERT INTO surgery (id,date,patient_id,doctor_id) VALUES (2362,'2019-12-17',20,361);
INSERT INTO meds_for_surgery (surgery_id,med) VALUES (2362,'Rilpivirine');
INSERT INTO surgery (id,date,patient_id,doctor_id) VALUES (2363,'2019-11-23',253,284);
INSERT INTO meds_for_surgery (surgery_id,med) VALUES (2363,'Rasburicase');
INSERT INTO surgery (id,date,patient_id,doctor_id) VALUES (2364,'2019-12-27',15,34);
INSERT INTO meds_for_surgery (surgery_id,med) VALUES (2364,'Erythromycin');
INSERT INTO surgery (id,date,patient_id,doctor_id) VALUES (2365,'2019-11-27',398,47);
INSERT INTO meds_for_surgery (surgery_id,med) VALUES (2365,'Ondansetron');
INSERT INTO surgery (id,date,patient_id,doctor_id) VALUES (2366,'2019-12-13',102,351);
INSERT INTO meds_for_surgery (surgery_id,med) VALUES (2366,'Emicizumab');
INSERT INTO surgery (id,date,patient_id,doctor_id) VALUES (2367,'2019-12-19',469,417);
INSERT INTO meds_for_surgery (surgery_id,med) VALUES (2367,'Norepinephrine');
INSERT INTO surgery (id,date,patient_id,doctor_id) VALUES (2368,'2019-12-17',102,141);
INSERT INTO meds_for_surgery (surgery_id,med) VALUES (2368,'Amlodipine');
INSERT INTO surgery (id,date,patient_id,doctor_id) VALUES (2369,'2019-12-21',209,499);
INSERT INTO meds_for_surgery (surgery_id,med) VALUES (2369,'Elvitegravir');
INSERT INTO surgery (id,date,patient_id,doctor_id) VALUES (2370,'2019-11-30',206,421);
INSERT INTO meds_for_surgery (surgery_id,med) VALUES (2370,'Meperidine');
INSERT INTO surgery (id,date,patient_id,doctor_id) VALUES (2371,'2019-12-17',76,141);
INSERT INTO meds_for_surgery (surgery_id,med) VALUES (2371,'Phenobarbital');
INSERT INTO surgery (id,date,patient_id,doctor_id) VALUES (2372,'2019-11-23',134,105);
INSERT INTO meds_for_surgery (surgery_id,med) VALUES (2372,'Nelarabine');
INSERT INTO surgery (id,date,patient_id,doctor_id) VALUES (2373,'2019-12-17',389,433);
INSERT INTO meds_for_surgery (surgery_id,med) VALUES (2373,'Furosemide');
INSERT INTO surgery (id,date,patient_id,doctor_id) VALUES (2374,'2019-12-23',231,402);
INSERT INTO meds_for_surgery (surgery_id,med) VALUES (2374,'Asparaginase');
INSERT INTO surgery (id,date,patient_id,doctor_id) VALUES (2375,'2019-11-28',180,123);
INSERT INTO meds_for_surgery (surgery_id,med) VALUES (2375,'Rasburicase');
INSERT INTO surgery (id,date,patient_id,doctor_id) VALUES (2376,'2019-12-22',273,121);
INSERT INTO meds_for_surgery (surgery_id,med) VALUES (2376,'Busulfan');
INSERT INTO surgery (id,date,patient_id,doctor_id) VALUES (2377,'2019-11-27',221,13);
INSERT INTO meds_for_surgery (surgery_id,med) VALUES (2377,'Cisplatin');
INSERT INTO surgery (id,date,patient_id,doctor_id) VALUES (2378,'2019-12-08',457,483);
INSERT INTO meds_for_surgery (surgery_id,med) VALUES (2378,'Propoxyphene');
INSERT INTO surgery (id,date,patient_id,doctor_id) VALUES (2379,'2019-12-25',48,141);
INSERT INTO meds_for_surgery (surgery_id,med) VALUES (2379,'Hydromorphone');
INSERT INTO surgery (id,date,patient_id,doctor_id) VALUES (2380,'2019-11-28',469,465);
INSERT INTO meds_for_surgery (surgery_id,med) VALUES (2380,'Enoxaparin');
INSERT INTO surgery (id,date,patient_id,doctor_id) VALUES (2381,'2019-12-05',410,164);
INSERT INTO meds_for_surgery (surgery_id,med) VALUES (2381,'Leucovorin');
INSERT INTO surgery (id,date,patient_id,doctor_id) VALUES (2382,'2019-12-06',239,360);
INSERT INTO meds_for_surgery (surgery_id,med) VALUES (2382,'Ifosfamide');
INSERT INTO surgery (id,date,patient_id,doctor_id) VALUES (2383,'2019-11-30',299,483);
INSERT INTO meds_for_surgery (surgery_id,med) VALUES (2383,'Pemetrexed');
INSERT INTO surgery (id,date,patient_id,doctor_id) VALUES (2384,'2019-12-23',86,423);
INSERT INTO meds_for_surgery (surgery_id,med) VALUES (2384,'Clobazam');
INSERT INTO surgery (id,date,patient_id,doctor_id) VALUES (2385,'2019-11-30',188,284);
INSERT INTO meds_for_surgery (surgery_id,med) VALUES (2385,'Cyclobenzaprine');
INSERT INTO surgery (id,date,patient_id,doctor_id) VALUES (2386,'2019-12-20',48,10);
INSERT INTO meds_for_surgery (surgery_id,med) VALUES (2386,'Dacarbazine');
INSERT INTO surgery (id,date,patient_id,doctor_id) VALUES (2387,'2019-11-28',353,141);
INSERT INTO meds_for_surgery (surgery_id,med) VALUES (2387,'Hydromorphone');
INSERT INTO surgery (id,date,patient_id,doctor_id) VALUES (2388,'2019-12-25',296,115);
INSERT INTO meds_for_surgery (surgery_id,med) VALUES (2388,'Itraconazole');
INSERT INTO surgery (id,date,patient_id,doctor_id) VALUES (2389,'2019-11-25',87,422);
INSERT INTO meds_for_surgery (surgery_id,med) VALUES (2389,'Isotretinoin');
INSERT INTO surgery (id,date,patient_id,doctor_id) VALUES (2390,'2019-12-21',254,422);
INSERT INTO meds_for_surgery (surgery_id,med) VALUES (2390,'Amifostine');
INSERT INTO surgery (id,date,patient_id,doctor_id) VALUES (2391,'2019-11-30',469,351);
INSERT INTO meds_for_surgery (surgery_id,med) VALUES (2391,'Methotrexate');
INSERT INTO surgery (id,date,patient_id,doctor_id) VALUES (2392,'2019-12-24',181,438);
INSERT INTO meds_for_surgery (surgery_id,med) VALUES (2392,'Dactinomycin');
INSERT INTO surgery (id,date,patient_id,doctor_id) VALUES (2393,'2019-12-18',449,27);
INSERT INTO meds_for_surgery (surgery_id,med) VALUES (2393,'Gefitinib');
INSERT INTO surgery (id,date,patient_id,doctor_id) VALUES (2394,'2019-12-18',187,438);
INSERT INTO meds_for_surgery (surgery_id,med) VALUES (2394,'Mesna');
INSERT INTO surgery (id,date,patient_id,doctor_id) VALUES (2395,'2019-12-05',168,96);
INSERT INTO meds_for_surgery (surgery_id,med) VALUES (2395,'Amitriptyline');
INSERT INTO surgery (id,date,patient_id,doctor_id) VALUES (2396,'2019-11-24',255,121);
INSERT INTO meds_for_surgery (surgery_id,med) VALUES (2396,'Dactinomycin');
INSERT INTO surgery (id,date,patient_id,doctor_id) VALUES (2397,'2019-12-27',436,438);
INSERT INTO meds_for_surgery (surgery_id,med) VALUES (2397,'Bleomycin');
INSERT INTO surgery (id,date,patient_id,doctor_id) VALUES (2398,'2019-12-21',419,56);
INSERT INTO meds_for_surgery (surgery_id,med) VALUES (2398,'Vancomycin');
INSERT INTO surgery (id,date,patient_id,doctor_id) VALUES (2399,'2019-12-25',20,499);
INSERT INTO meds_for_surgery (surgery_id,med) VALUES (2399,'Lorazepam');
INSERT INTO surgery (id,date,patient_id,doctor_id) VALUES (2400,'2019-11-27',86,17);
INSERT INTO meds_for_surgery (surgery_id,med) VALUES (2400,'Sunitinib');
INSERT INTO surgery (id,date,patient_id,doctor_id) VALUES (2401,'2019-11-24',384,360);
INSERT INTO meds_for_surgery (surgery_id,med) VALUES (2401,'Azithromycin');
INSERT INTO surgery (id,date,patient_id,doctor_id) VALUES (2402,'2019-12-24',324,402);
INSERT INTO meds_for_surgery (surgery_id,med) VALUES (2402,'PEGaspargase');
INSERT INTO surgery (id,date,patient_id,doctor_id) VALUES (2403,'2019-11-23',131,417);
INSERT INTO meds_for_surgery (surgery_id,med) VALUES (2403,'Cyclophosphamide');
INSERT INTO surgery (id,date,patient_id,doctor_id) VALUES (2404,'2019-12-20',410,417);
INSERT INTO meds_for_surgery (surgery_id,med) VALUES (2404,'Cefixime');
INSERT INTO surgery (id,date,patient_id,doctor_id) VALUES (2405,'2019-12-13',464,366);
INSERT INTO meds_for_surgery (surgery_id,med) VALUES (2405,'Carmustine');
INSERT INTO surgery (id,date,patient_id,doctor_id) VALUES (2406,'2019-12-12',272,402);
INSERT INTO meds_for_surgery (surgery_id,med) VALUES (2406,'L-glutamine');
INSERT INTO surgery (id,date,patient_id,doctor_id) VALUES (2407,'2019-12-26',291,13);
INSERT INTO meds_for_surgery (surgery_id,med) VALUES (2407,'G-CSF');
INSERT INTO surgery (id,date,patient_id,doctor_id) VALUES (2408,'2019-12-06',242,441);
INSERT INTO meds_for_surgery (surgery_id,med) VALUES (2408,'Micafungin');
INSERT INTO surgery (id,date,patient_id,doctor_id) VALUES (2409,'2019-11-26',249,489);
INSERT INTO meds_for_surgery (surgery_id,med) VALUES (2409,'Ritonavir');
INSERT INTO surgery (id,date,patient_id,doctor_id) VALUES (2410,'2019-12-18',242,276);
INSERT INTO meds_for_surgery (surgery_id,med) VALUES (2410,'Emicizumab');
INSERT INTO surgery (id,date,patient_id,doctor_id) VALUES (2411,'2019-11-29',414,382);
INSERT INTO meds_for_surgery (surgery_id,med) VALUES (2411,'Procarbazine');
INSERT INTO surgery (id,date,patient_id,doctor_id) VALUES (2412,'2019-11-24',272,10);
INSERT INTO meds_for_surgery (surgery_id,med) VALUES (2412,'Phenobarbital');
INSERT INTO surgery (id,date,patient_id,doctor_id) VALUES (2413,'2019-12-15',414,439);
INSERT INTO meds_for_surgery (surgery_id,med) VALUES (2413,'Amlodipine');
INSERT INTO surgery (id,date,patient_id,doctor_id) VALUES (2414,'2019-11-30',297,24);
INSERT INTO meds_for_surgery (surgery_id,med) VALUES (2414,'Posaconazole');
INSERT INTO surgery (id,date,patient_id,doctor_id) VALUES (2415,'2019-11-30',87,105);
INSERT INTO meds_for_surgery (surgery_id,med) VALUES (2415,'Alendronate');
INSERT INTO surgery (id,date,patient_id,doctor_id) VALUES (2416,'2019-12-22',20,423);
INSERT INTO meds_for_surgery (surgery_id,med) VALUES (2416,'Fludarabine');
INSERT INTO surgery (id,date,patient_id,doctor_id) VALUES (2417,'2019-12-11',222,320);
INSERT INTO meds_for_surgery (surgery_id,med) VALUES (2417,'Sorafenib');
INSERT INTO surgery (id,date,patient_id,doctor_id) VALUES (2418,'2019-12-14',97,47);
INSERT INTO meds_for_surgery (surgery_id,med) VALUES (2418,'Procarbazine');
INSERT INTO surgery (id,date,patient_id,doctor_id) VALUES (2419,'2019-11-30',187,422);
INSERT INTO meds_for_surgery (surgery_id,med) VALUES (2419,'Ifosfamide');
INSERT INTO surgery (id,date,patient_id,doctor_id) VALUES (2420,'2019-11-26',48,465);
INSERT INTO meds_for_surgery (surgery_id,med) VALUES (2420,'Muromonab');
INSERT INTO surgery (id,date,patient_id,doctor_id) VALUES (2421,'2019-12-22',464,75);
INSERT INTO meds_for_surgery (surgery_id,med) VALUES (2421,'Famciclovir');
INSERT INTO surgery (id,date,patient_id,doctor_id) VALUES (2422,'2019-12-03',188,162);
INSERT INTO meds_for_surgery (surgery_id,med) VALUES (2422,'Carboplatin');
INSERT INTO surgery (id,date,patient_id,doctor_id) VALUES (2423,'2019-11-26',500,335);
INSERT INTO meds_for_surgery (surgery_id,med) VALUES (2423,'Erythromycin');
INSERT INTO surgery (id,date,patient_id,doctor_id) VALUES (2424,'2019-12-17',367,69);
INSERT INTO meds_for_surgery (surgery_id,med) VALUES (2424,'Muromonab');
INSERT INTO surgery (id,date,patient_id,doctor_id) VALUES (2425,'2019-12-09',94,55);
INSERT INTO meds_for_surgery (surgery_id,med) VALUES (2425,'Enoxaparin');
INSERT INTO surgery (id,date,patient_id,doctor_id) VALUES (2426,'2019-12-15',172,121);
INSERT INTO meds_for_surgery (surgery_id,med) VALUES (2426,'Carbamazepine');
INSERT INTO surgery (id,date,patient_id,doctor_id) VALUES (2427,'2019-12-18',291,438);
INSERT INTO meds_for_surgery (surgery_id,med) VALUES (2427,'Dinutuximab');
INSERT INTO surgery (id,date,patient_id,doctor_id) VALUES (2428,'2019-12-02',386,123);
INSERT INTO meds_for_surgery (surgery_id,med) VALUES (2428,'GM-CSF');
INSERT INTO surgery (id,date,patient_id,doctor_id) VALUES (2429,'2019-12-03',490,111);
INSERT INTO meds_for_surgery (surgery_id,med) VALUES (2429,'Rilpivirine');
INSERT INTO surgery (id,date,patient_id,doctor_id) VALUES (2430,'2019-12-26',204,23);
INSERT INTO meds_for_surgery (surgery_id,med) VALUES (2430,'Enoxaparin');
INSERT INTO surgery (id,date,patient_id,doctor_id) VALUES (2431,'2019-12-20',204,96);
INSERT INTO meds_for_surgery (surgery_id,med) VALUES (2431,'Temozolomide');
INSERT INTO surgery (id,date,patient_id,doctor_id) VALUES (2432,'2019-12-03',174,225);
INSERT INTO meds_for_surgery (surgery_id,med) VALUES (2432,'Cefepime');
INSERT INTO surgery (id,date,patient_id,doctor_id) VALUES (2433,'2019-11-23',97,115);
INSERT INTO meds_for_surgery (surgery_id,med) VALUES (2433,'Thioguanine');
INSERT INTO surgery (id,date,patient_id,doctor_id) VALUES (2434,'2019-12-06',436,151);
INSERT INTO meds_for_surgery (surgery_id,med) VALUES (2434,'Bortezomib');
INSERT INTO surgery (id,date,patient_id,doctor_id) VALUES (2435,'2019-11-27',327,287);
INSERT INTO meds_for_surgery (surgery_id,med) VALUES (2435,'Gefitinib');
INSERT INTO surgery (id,date,patient_id,doctor_id) VALUES (2436,'2019-12-19',297,162);
INSERT INTO meds_for_surgery (surgery_id,med) VALUES (2436,'Paclitaxel');
INSERT INTO surgery (id,date,patient_id,doctor_id) VALUES (2437,'2019-12-05',60,96);
INSERT INTO meds_for_surgery (surgery_id,med) VALUES (2437,'Saquinavir');
INSERT INTO surgery (id,date,patient_id,doctor_id) VALUES (2438,'2019-12-10',469,13);
INSERT INTO meds_for_surgery (surgery_id,med) VALUES (2438,'Hydroxyurea');
INSERT INTO surgery (id,date,patient_id,doctor_id) VALUES (2439,'2019-12-19',172,164);
INSERT INTO meds_for_surgery (surgery_id,med) VALUES (2439,'Rasburicase');
INSERT INTO surgery (id,date,patient_id,doctor_id) VALUES (2440,'2019-12-24',315,287);
INSERT INTO meds_for_surgery (surgery_id,med) VALUES (2440,'Labetalol');
INSERT INTO surgery (id,date,patient_id,doctor_id) VALUES (2441,'2019-11-28',168,402);
INSERT INTO meds_for_surgery (surgery_id,med) VALUES (2441,'Levothyroxine');
INSERT INTO surgery (id,date,patient_id,doctor_id) VALUES (2442,'2019-11-27',436,27);
INSERT INTO meds_for_surgery (surgery_id,med) VALUES (2442,'Etonogestrel');
INSERT INTO surgery (id,date,patient_id,doctor_id) VALUES (2443,'2019-11-27',173,348);
INSERT INTO meds_for_surgery (surgery_id,med) VALUES (2443,'Carmustine');
INSERT INTO surgery (id,date,patient_id,doctor_id) VALUES (2444,'2019-11-29',249,358);
INSERT INTO meds_for_surgery (surgery_id,med) VALUES (2444,'Aminocaproic Acid');
INSERT INTO surgery (id,date,patient_id,doctor_id) VALUES (2445,'2019-12-04',249,124);
INSERT INTO meds_for_surgery (surgery_id,med) VALUES (2445,'Interferon');
INSERT INTO surgery (id,date,patient_id,doctor_id) VALUES (2446,'2019-11-27',229,425);
INSERT INTO meds_for_surgery (surgery_id,med) VALUES (2446,'Mechlorethamine');
INSERT INTO surgery (id,date,patient_id,doctor_id) VALUES (2447,'2019-12-17',187,47);
INSERT INTO meds_for_surgery (surgery_id,med) VALUES (2447,'Isotretinoin');
INSERT INTO surgery (id,date,patient_id,doctor_id) VALUES (2448,'2019-12-23',297,301);
INSERT INTO meds_for_surgery (surgery_id,med) VALUES (2448,'Trimethoprim');
INSERT INTO surgery (id,date,patient_id,doctor_id) VALUES (2449,'2019-12-21',280,366);
INSERT INTO meds_for_surgery (surgery_id,med) VALUES (2449,'Dobutamine');
INSERT INTO surgery (id,date,patient_id,doctor_id) VALUES (2450,'2019-12-10',137,425);
INSERT INTO meds_for_surgery (surgery_id,med) VALUES (2450,'Lorazepam');
INSERT INTO surgery (id,date,patient_id,doctor_id) VALUES (2451,'2019-12-03',303,262);
INSERT INTO meds_for_surgery (surgery_id,med) VALUES (2451,'Posaconazole');
INSERT INTO surgery (id,date,patient_id,doctor_id) VALUES (2452,'2019-12-05',33,103);
INSERT INTO meds_for_surgery (surgery_id,med) VALUES (2452,'Erlotinib');
INSERT INTO surgery (id,date,patient_id,doctor_id) VALUES (2453,'2019-12-26',254,153);
INSERT INTO meds_for_surgery (surgery_id,med) VALUES (2453,'Cidofovir');
INSERT INTO surgery (id,date,patient_id,doctor_id) VALUES (2454,'2019-11-24',457,348);
INSERT INTO meds_for_surgery (surgery_id,med) VALUES (2454,'Clindamycin');
INSERT INTO surgery (id,date,patient_id,doctor_id) VALUES (2455,'2019-12-19',94,225);
INSERT INTO meds_for_surgery (surgery_id,med) VALUES (2455,'Ondansetron');
INSERT INTO surgery (id,date,patient_id,doctor_id) VALUES (2456,'2019-12-02',76,433);
INSERT INTO meds_for_surgery (surgery_id,med) VALUES (2456,'Gabapentin');
INSERT INTO surgery (id,date,patient_id,doctor_id) VALUES (2457,'2019-11-27',293,276);
INSERT INTO meds_for_surgery (surgery_id,med) VALUES (2457,'Hydrocortisone');
INSERT INTO surgery (id,date,patient_id,doctor_id) VALUES (2458,'2019-12-25',173,465);
INSERT INTO meds_for_surgery (surgery_id,med) VALUES (2458,'Bleomycin');
INSERT INTO surgery (id,date,patient_id,doctor_id) VALUES (2459,'2019-12-02',476,416);
INSERT INTO meds_for_surgery (surgery_id,med) VALUES (2459,'Interleukin');
INSERT INTO surgery (id,date,patient_id,doctor_id) VALUES (2460,'2019-12-14',242,465);
INSERT INTO meds_for_surgery (surgery_id,med) VALUES (2460,'Dapsone');
INSERT INTO surgery (id,date,patient_id,doctor_id) VALUES (2461,'2019-12-06',137,153);
INSERT INTO meds_for_surgery (surgery_id,med) VALUES (2461,'Efavirenz');
INSERT INTO surgery (id,date,patient_id,doctor_id) VALUES (2462,'2019-12-17',7,438);
INSERT INTO meds_for_surgery (surgery_id,med) VALUES (2462,'Emtricitabine');
INSERT INTO surgery (id,date,patient_id,doctor_id) VALUES (2463,'2019-12-12',86,96);
INSERT INTO meds_for_surgery (surgery_id,med) VALUES (2463,'Dapsone');
INSERT INTO surgery (id,date,patient_id,doctor_id) VALUES (2464,'2019-12-15',102,124);
INSERT INTO meds_for_surgery (surgery_id,med) VALUES (2464,'Ritonavir');
INSERT INTO surgery (id,date,patient_id,doctor_id) VALUES (2465,'2019-12-01',490,62);
INSERT INTO meds_for_surgery (surgery_id,med) VALUES (2465,'Hydromorphone');
INSERT INTO surgery (id,date,patient_id,doctor_id) VALUES (2466,'2019-12-22',403,56);
INSERT INTO meds_for_surgery (surgery_id,med) VALUES (2466,'Thioguanine');
INSERT INTO surgery (id,date,patient_id,doctor_id) VALUES (2467,'2019-11-29',231,422);
INSERT INTO meds_for_surgery (surgery_id,med) VALUES (2467,'Phosphorus');
INSERT INTO surgery (id,date,patient_id,doctor_id) VALUES (2468,'2019-12-06',194,483);
INSERT INTO meds_for_surgery (surgery_id,med) VALUES (2468,'Captopril');
INSERT INTO surgery (id,date,patient_id,doctor_id) VALUES (2469,'2019-12-16',403,123);
INSERT INTO meds_for_surgery (surgery_id,med) VALUES (2469,'Amoxicillin');
INSERT INTO surgery (id,date,patient_id,doctor_id) VALUES (2470,'2019-11-29',453,301);
INSERT INTO meds_for_surgery (surgery_id,med) VALUES (2470,'Isotretinoin');
INSERT INTO surgery (id,date,patient_id,doctor_id) VALUES (2471,'2019-12-19',389,69);
INSERT INTO meds_for_surgery (surgery_id,med) VALUES (2471,'Sucralfate');
INSERT INTO surgery (id,date,patient_id,doctor_id) VALUES (2472,'2019-12-21',293,483);
INSERT INTO meds_for_surgery (surgery_id,med) VALUES (2472,'Diclofenac');
INSERT INTO surgery (id,date,patient_id,doctor_id) VALUES (2473,'2019-12-13',60,441);
INSERT INTO meds_for_surgery (surgery_id,med) VALUES (2473,'Dinutuximab');
INSERT INTO surgery (id,date,patient_id,doctor_id) VALUES (2474,'2019-12-22',212,287);
INSERT INTO meds_for_surgery (surgery_id,med) VALUES (2474,'Paclitaxel');
INSERT INTO surgery (id,date,patient_id,doctor_id) VALUES (2475,'2019-12-24',444,51);
INSERT INTO meds_for_surgery (surgery_id,med) VALUES (2475,'Celecoxib');
INSERT INTO surgery (id,date,patient_id,doctor_id) VALUES (2476,'2019-11-28',7,301);
INSERT INTO meds_for_surgery (surgery_id,med) VALUES (2476,'Hydralazine');
INSERT INTO surgery (id,date,patient_id,doctor_id) VALUES (2477,'2019-11-29',15,301);
INSERT INTO meds_for_surgery (surgery_id,med) VALUES (2477,'Mycophenolate');
INSERT INTO surgery (id,date,patient_id,doctor_id) VALUES (2478,'2019-12-07',188,366);
INSERT INTO meds_for_surgery (surgery_id,med) VALUES (2478,'Dasatinib');
INSERT INTO surgery (id,date,patient_id,doctor_id) VALUES (2479,'2019-12-05',137,243);
INSERT INTO meds_for_surgery (surgery_id,med) VALUES (2479,'Emicizumab');
INSERT INTO surgery (id,date,patient_id,doctor_id) VALUES (2480,'2019-12-01',407,158);
INSERT INTO meds_for_surgery (surgery_id,med) VALUES (2480,'Famciclovir');
INSERT INTO surgery (id,date,patient_id,doctor_id) VALUES (2481,'2019-11-27',296,361);
INSERT INTO meds_for_surgery (surgery_id,med) VALUES (2481,'Mercaptopurine');
INSERT INTO surgery (id,date,patient_id,doctor_id) VALUES (2482,'2019-12-05',181,55);
INSERT INTO meds_for_surgery (surgery_id,med) VALUES (2482,'Voriconazole');
INSERT INTO surgery (id,date,patient_id,doctor_id) VALUES (2483,'2019-12-23',436,225);
INSERT INTO meds_for_surgery (surgery_id,med) VALUES (2483,'Mechlorethamine');
INSERT INTO surgery (id,date,patient_id,doctor_id) VALUES (2484,'2019-12-14',64,276);
INSERT INTO meds_for_surgery (surgery_id,med) VALUES (2484,'Allopurinol');
INSERT INTO surgery (id,date,patient_id,doctor_id) VALUES (2485,'2019-12-08',154,284);
INSERT INTO meds_for_surgery (surgery_id,med) VALUES (2485,'Cisplatin');
INSERT INTO surgery (id,date,patient_id,doctor_id) VALUES (2486,'2019-11-23',212,69);
INSERT INTO meds_for_surgery (surgery_id,med) VALUES (2486,'Muromonab');
INSERT INTO surgery (id,date,patient_id,doctor_id) VALUES (2487,'2019-11-27',204,51);
INSERT INTO meds_for_surgery (surgery_id,med) VALUES (2487,'Captopril');
INSERT INTO surgery (id,date,patient_id,doctor_id) VALUES (2488,'2019-12-10',327,124);
INSERT INTO meds_for_surgery (surgery_id,med) VALUES (2488,'Dactinomycin');
INSERT INTO surgery (id,date,patient_id,doctor_id) VALUES (2489,'2019-12-16',414,123);
INSERT INTO meds_for_surgery (surgery_id,med) VALUES (2489,'Trimethoprim');
INSERT INTO surgery (id,date,patient_id,doctor_id) VALUES (2490,'2019-12-07',357,445);
INSERT INTO meds_for_surgery (surgery_id,med) VALUES (2490,'Alendronate');
INSERT INTO surgery (id,date,patient_id,doctor_id) VALUES (2491,'2019-12-22',229,153);
INSERT INTO meds_for_surgery (surgery_id,med) VALUES (2491,'Ganciclovir');
INSERT INTO surgery (id,date,patient_id,doctor_id) VALUES (2492,'2019-12-05',172,366);
INSERT INTO meds_for_surgery (surgery_id,med) VALUES (2492,'Dronabinol');
INSERT INTO surgery (id,date,patient_id,doctor_id) VALUES (2493,'2019-12-27',410,422);
INSERT INTO meds_for_surgery (surgery_id,med) VALUES (2493,'Darunavir');
INSERT INTO surgery (id,date,patient_id,doctor_id) VALUES (2494,'2019-11-30',456,69);
INSERT INTO meds_for_surgery (surgery_id,med) VALUES (2494,'Carmustine');
INSERT INTO surgery (id,date,patient_id,doctor_id) VALUES (2495,'2019-12-09',188,10);
INSERT INTO meds_for_surgery (surgery_id,med) VALUES (2495,'Fluorouracil');
INSERT INTO surgery (id,date,patient_id,doctor_id) VALUES (2496,'2019-12-04',254,335);
INSERT INTO meds_for_surgery (surgery_id,med) VALUES (2496,'Aprepitant');
INSERT INTO surgery (id,date,patient_id,doctor_id) VALUES (2497,'2019-12-25',134,75);
INSERT INTO meds_for_surgery (surgery_id,med) VALUES (2497,'Thiotepa');
INSERT INTO surgery (id,date,patient_id,doctor_id) VALUES (2498,'2019-12-23',258,96);
INSERT INTO meds_for_surgery (surgery_id,med) VALUES (2498,'Propoxyphene');
INSERT INTO surgery (id,date,patient_id,doctor_id) VALUES (2499,'2019-12-24',222,491);
INSERT INTO meds_for_surgery (surgery_id,med) VALUES (2499,'Imatinib');
INSERT INTO surgery (id,date,patient_id,doctor_id) VALUES (2500,'2019-12-16',15,129);
INSERT INTO meds_for_surgery (surgery_id,med) VALUES (2500,'Topotecan');
INSERT INTO surgery (id,date,patient_id,doctor_id) VALUES (2501,'2019-11-29',20,429);
INSERT INTO meds_for_surgery (surgery_id,med) VALUES (2501,'Posaconazole');
INSERT INTO surgery (id,date,patient_id,doctor_id) VALUES (2502,'2019-11-24',224,499);
INSERT INTO meds_for_surgery (surgery_id,med) VALUES (2502,'Itraconazole');
INSERT INTO surgery (id,date,patient_id,doctor_id) VALUES (2503,'2019-12-16',296,162);
INSERT INTO meds_for_surgery (surgery_id,med) VALUES (2503,'Cyclophosphamide');
INSERT INTO surgery (id,date,patient_id,doctor_id) VALUES (2504,'2019-11-30',7,141);
INSERT INTO meds_for_surgery (surgery_id,med) VALUES (2504,'Elvitegravir');
INSERT INTO surgery (id,date,patient_id,doctor_id) VALUES (2505,'2019-12-24',384,111);
INSERT INTO meds_for_surgery (surgery_id,med) VALUES (2505,'Oxycodone');
INSERT INTO surgery (id,date,patient_id,doctor_id) VALUES (2506,'2019-11-30',384,56);
INSERT INTO meds_for_surgery (surgery_id,med) VALUES (2506,'Mitoxantrone');
INSERT INTO surgery (id,date,patient_id,doctor_id) VALUES (2507,'2019-11-28',476,151);
INSERT INTO meds_for_surgery (surgery_id,med) VALUES (2507,'Dasatinib');
INSERT INTO surgery (id,date,patient_id,doctor_id) VALUES (2508,'2019-12-07',353,47);
INSERT INTO meds_for_surgery (surgery_id,med) VALUES (2508,'Diclofenac');
INSERT INTO surgery (id,date,patient_id,doctor_id) VALUES (2509,'2019-12-01',174,491);
INSERT INTO meds_for_surgery (surgery_id,med) VALUES (2509,'Captopril');
INSERT INTO surgery (id,date,patient_id,doctor_id) VALUES (2510,'2019-12-13',479,96);
INSERT INTO meds_for_surgery (surgery_id,med) VALUES (2510,'Amifostine');
INSERT INTO surgery (id,date,patient_id,doctor_id) VALUES (2511,'2019-12-11',194,416);
INSERT INTO meds_for_surgery (surgery_id,med) VALUES (2511,'Darunavir');
INSERT INTO surgery (id,date,patient_id,doctor_id) VALUES (2512,'2019-12-26',330,115);
INSERT INTO meds_for_surgery (surgery_id,med) VALUES (2512,'Dexamethasone');
INSERT INTO surgery (id,date,patient_id,doctor_id) VALUES (2513,'2019-12-13',181,439);
INSERT INTO meds_for_surgery (surgery_id,med) VALUES (2513,'Deferasirox');
INSERT INTO surgery (id,date,patient_id,doctor_id) VALUES (2514,'2019-11-24',31,499);
INSERT INTO meds_for_surgery (surgery_id,med) VALUES (2514,'Melphalan');
INSERT INTO surgery (id,date,patient_id,doctor_id) VALUES (2515,'2019-12-26',272,118);
INSERT INTO meds_for_surgery (surgery_id,med) VALUES (2515,'Paclitaxel');
INSERT INTO surgery (id,date,patient_id,doctor_id) VALUES (2516,'2019-11-26',290,69);
INSERT INTO meds_for_surgery (surgery_id,med) VALUES (2516,'Sugammadex');
INSERT INTO surgery (id,date,patient_id,doctor_id) VALUES (2517,'2019-11-25',199,27);
INSERT INTO meds_for_surgery (surgery_id,med) VALUES (2517,'Voriconazole');
INSERT INTO surgery (id,date,patient_id,doctor_id) VALUES (2518,'2019-12-02',327,348);
INSERT INTO meds_for_surgery (surgery_id,med) VALUES (2518,'Warfarin');
INSERT INTO surgery (id,date,patient_id,doctor_id) VALUES (2519,'2019-12-08',403,105);
INSERT INTO meds_for_surgery (surgery_id,med) VALUES (2519,'Carbamazepine');
INSERT INTO surgery (id,date,patient_id,doctor_id) VALUES (2520,'2019-12-01',154,51);
INSERT INTO meds_for_surgery (surgery_id,med) VALUES (2520,'Mercaptopurine');
INSERT INTO surgery (id,date,patient_id,doctor_id) VALUES (2521,'2019-12-14',406,105);
INSERT INTO meds_for_surgery (surgery_id,med) VALUES (2521,'Vorinostat');
INSERT INTO surgery (id,date,patient_id,doctor_id) VALUES (2522,'2019-12-23',180,196);
INSERT INTO meds_for_surgery (surgery_id,med) VALUES (2522,'Gemtuzumab');
INSERT INTO surgery (id,date,patient_id,doctor_id) VALUES (2523,'2019-12-07',174,358);
INSERT INTO meds_for_surgery (surgery_id,med) VALUES (2523,'Etoposide');
INSERT INTO surgery (id,date,patient_id,doctor_id) VALUES (2524,'2019-12-11',242,10);
INSERT INTO meds_for_surgery (surgery_id,med) VALUES (2524,'Asparaginase');
INSERT INTO surgery (id,date,patient_id,doctor_id) VALUES (2525,'2019-11-29',206,243);
INSERT INTO meds_for_surgery (surgery_id,med) VALUES (2525,'Deferasirox');
INSERT INTO surgery (id,date,patient_id,doctor_id) VALUES (2526,'2019-12-24',444,483);
INSERT INTO meds_for_surgery (surgery_id,med) VALUES (2526,'Enalapril');
INSERT INTO surgery (id,date,patient_id,doctor_id) VALUES (2527,'2019-12-17',168,305);
INSERT INTO meds_for_surgery (surgery_id,med) VALUES (2527,'Meloxicam');
INSERT INTO surgery (id,date,patient_id,doctor_id) VALUES (2528,'2019-12-19',254,423);
INSERT INTO meds_for_surgery (surgery_id,med) VALUES (2528,'Mitoxantrone');
INSERT INTO surgery (id,date,patient_id,doctor_id) VALUES (2529,'2019-12-27',296,416);
INSERT INTO meds_for_surgery (surgery_id,med) VALUES (2529,'Saquinavir');
INSERT INTO surgery (id,date,patient_id,doctor_id) VALUES (2530,'2019-12-17',254,225);
INSERT INTO meds_for_surgery (surgery_id,med) VALUES (2530,'Sunitinib');
INSERT INTO surgery (id,date,patient_id,doctor_id) VALUES (2531,'2019-11-28',268,274);
INSERT INTO meds_for_surgery (surgery_id,med) VALUES (2531,'Ganciclovir');
INSERT INTO surgery (id,date,patient_id,doctor_id) VALUES (2532,'2019-12-05',76,47);
INSERT INTO meds_for_surgery (surgery_id,med) VALUES (2532,'Hydromorphone');
INSERT INTO surgery (id,date,patient_id,doctor_id) VALUES (2533,'2019-12-04',249,22);
INSERT INTO meds_for_surgery (surgery_id,med) VALUES (2533,'Bosentan');
INSERT INTO surgery (id,date,patient_id,doctor_id) VALUES (2534,'2019-11-28',367,423);
INSERT INTO meds_for_surgery (surgery_id,med) VALUES (2534,'Emtricitabine');
INSERT INTO surgery (id,date,patient_id,doctor_id) VALUES (2535,'2019-12-08',102,55);
INSERT INTO meds_for_surgery (surgery_id,med) VALUES (2535,'Erythromycin');
INSERT INTO surgery (id,date,patient_id,doctor_id) VALUES (2536,'2019-12-26',7,312);
INSERT INTO meds_for_surgery (surgery_id,med) VALUES (2536,'Cephalexin');
INSERT INTO surgery (id,date,patient_id,doctor_id) VALUES (2537,'2019-11-25',270,153);
INSERT INTO meds_for_surgery (surgery_id,med) VALUES (2537,'Metronidazole');
INSERT INTO surgery (id,date,patient_id,doctor_id) VALUES (2538,'2019-12-27',154,402);
INSERT INTO meds_for_surgery (surgery_id,med) VALUES (2538,'Ranitidine');
INSERT INTO surgery (id,date,patient_id,doctor_id) VALUES (2539,'2019-12-12',469,329);
INSERT INTO meds_for_surgery (surgery_id,med) VALUES (2539,'Deferasirox');
INSERT INTO surgery (id,date,patient_id,doctor_id) VALUES (2540,'2019-12-11',148,305);
INSERT INTO meds_for_surgery (surgery_id,med) VALUES (2540,'Dactinomycin');
INSERT INTO surgery (id,date,patient_id,doctor_id) VALUES (2541,'2019-12-11',210,499);
INSERT INTO meds_for_surgery (surgery_id,med) VALUES (2541,'Promethazine');
INSERT INTO surgery (id,date,patient_id,doctor_id) VALUES (2542,'2019-12-02',94,312);
INSERT INTO meds_for_surgery (surgery_id,med) VALUES (2542,'Enoxaparin');
INSERT INTO surgery (id,date,patient_id,doctor_id) VALUES (2543,'2019-12-08',403,88);
INSERT INTO meds_for_surgery (surgery_id,med) VALUES (2543,'Methadone');
INSERT INTO surgery (id,date,patient_id,doctor_id) VALUES (2544,'2019-12-10',398,34);
INSERT INTO meds_for_surgery (surgery_id,med) VALUES (2544,'Cefepime');
INSERT INTO surgery (id,date,patient_id,doctor_id) VALUES (2545,'2019-12-25',386,11);
INSERT INTO meds_for_surgery (surgery_id,med) VALUES (2545,'Erlotinib');
INSERT INTO surgery (id,date,patient_id,doctor_id) VALUES (2546,'2019-12-10',490,225);
INSERT INTO meds_for_surgery (surgery_id,med) VALUES (2546,'Modafinil');
INSERT INTO surgery (id,date,patient_id,doctor_id) VALUES (2547,'2019-12-27',20,158);
INSERT INTO meds_for_surgery (surgery_id,med) VALUES (2547,'Methylphenidate');
INSERT INTO surgery (id,date,patient_id,doctor_id) VALUES (2548,'2019-12-17',296,366);
INSERT INTO meds_for_surgery (surgery_id,med) VALUES (2548,'Celecoxib');
INSERT INTO surgery (id,date,patient_id,doctor_id) VALUES (2549,'2019-12-20',291,56);
INSERT INTO meds_for_surgery (surgery_id,med) VALUES (2549,'Baclofen');
INSERT INTO surgery (id,date,patient_id,doctor_id) VALUES (2550,'2019-12-22',378,335);
INSERT INTO meds_for_surgery (surgery_id,med) VALUES (2550,'Megestrol acetate');
INSERT INTO surgery (id,date,patient_id,doctor_id) VALUES (2551,'2019-12-23',229,361);
INSERT INTO meds_for_surgery (surgery_id,med) VALUES (2551,'Acyclovir');
INSERT INTO surgery (id,date,patient_id,doctor_id) VALUES (2552,'2019-12-12',453,301);
INSERT INTO meds_for_surgery (surgery_id,med) VALUES (2552,'Gemcitabine');
INSERT INTO surgery (id,date,patient_id,doctor_id) VALUES (2553,'2019-12-08',206,312);
INSERT INTO meds_for_surgery (surgery_id,med) VALUES (2553,'Cephalexin');
INSERT INTO surgery (id,date,patient_id,doctor_id) VALUES (2554,'2019-12-04',277,351);
INSERT INTO meds_for_surgery (surgery_id,med) VALUES (2554,'PEGaspargase');
INSERT INTO surgery (id,date,patient_id,doctor_id) VALUES (2555,'2019-11-29',86,354);
INSERT INTO meds_for_surgery (surgery_id,med) VALUES (2555,'Dexamethasone');
INSERT INTO surgery (id,date,patient_id,doctor_id) VALUES (2556,'2019-12-07',414,445);
INSERT INTO meds_for_surgery (surgery_id,med) VALUES (2556,'Etravirine');
INSERT INTO surgery (id,date,patient_id,doctor_id) VALUES (2557,'2019-11-25',182,348);
INSERT INTO meds_for_surgery (surgery_id,med) VALUES (2557,'Aminocaproic Acid');
INSERT INTO surgery (id,date,patient_id,doctor_id) VALUES (2558,'2019-12-10',180,382);
INSERT INTO meds_for_surgery (surgery_id,med) VALUES (2558,'Ritonavir');
INSERT INTO surgery (id,date,patient_id,doctor_id) VALUES (2559,'2019-12-17',378,361);
INSERT INTO meds_for_surgery (surgery_id,med) VALUES (2559,'Omeprazole');
INSERT INTO surgery (id,date,patient_id,doctor_id) VALUES (2560,'2019-12-24',97,360);
INSERT INTO meds_for_surgery (surgery_id,med) VALUES (2560,'Carbamazepine');
INSERT INTO surgery (id,date,patient_id,doctor_id) VALUES (2561,'2019-11-30',161,274);
INSERT INTO meds_for_surgery (surgery_id,med) VALUES (2561,'Cefaclor');
INSERT INTO surgery (id,date,patient_id,doctor_id) VALUES (2562,'2019-12-17',231,438);
INSERT INTO meds_for_surgery (surgery_id,med) VALUES (2562,'Posaconazole');
INSERT INTO surgery (id,date,patient_id,doctor_id) VALUES (2563,'2019-12-12',161,123);
INSERT INTO meds_for_surgery (surgery_id,med) VALUES (2563,'Dapsone');
INSERT INTO surgery (id,date,patient_id,doctor_id) VALUES (2564,'2019-11-23',444,382);
INSERT INTO meds_for_surgery (surgery_id,med) VALUES (2564,'Cefepime');
INSERT INTO surgery (id,date,patient_id,doctor_id) VALUES (2565,'2019-12-05',406,88);
INSERT INTO meds_for_surgery (surgery_id,med) VALUES (2565,'Interleukin');
INSERT INTO surgery (id,date,patient_id,doctor_id) VALUES (2566,'2019-12-21',291,354);
INSERT INTO meds_for_surgery (surgery_id,med) VALUES (2566,'Imipenem');
INSERT INTO surgery (id,date,patient_id,doctor_id) VALUES (2567,'2019-12-20',180,358);
INSERT INTO meds_for_surgery (surgery_id,med) VALUES (2567,'Granisetron');
INSERT INTO surgery (id,date,patient_id,doctor_id) VALUES (2568,'2019-11-26',258,329);
INSERT INTO meds_for_surgery (surgery_id,med) VALUES (2568,'Erythromycin');
INSERT INTO surgery (id,date,patient_id,doctor_id) VALUES (2569,'2019-11-25',449,361);
INSERT INTO meds_for_surgery (surgery_id,med) VALUES (2569,'Maraviroc');
INSERT INTO surgery (id,date,patient_id,doctor_id) VALUES (2570,'2019-11-26',299,274);
INSERT INTO meds_for_surgery (surgery_id,med) VALUES (2570,'Neuromuscular');
INSERT INTO surgery (id,date,patient_id,doctor_id) VALUES (2571,'2019-12-27',199,354);
INSERT INTO meds_for_surgery (surgery_id,med) VALUES (2571,'Mechlorethamine');
INSERT INTO surgery (id,date,patient_id,doctor_id) VALUES (2572,'2019-12-27',479,433);
INSERT INTO meds_for_surgery (surgery_id,med) VALUES (2572,'Paclitaxel');
INSERT INTO surgery (id,date,patient_id,doctor_id) VALUES (2573,'2019-12-26',258,129);
INSERT INTO meds_for_surgery (surgery_id,med) VALUES (2573,'Methadone');
INSERT INTO surgery (id,date,patient_id,doctor_id) VALUES (2574,'2019-11-29',180,335);
INSERT INTO meds_for_surgery (surgery_id,med) VALUES (2574,'Atazanavir');
INSERT INTO surgery (id,date,patient_id,doctor_id) VALUES (2575,'2019-11-26',414,301);
INSERT INTO meds_for_surgery (surgery_id,med) VALUES (2575,'Erythromycin');
INSERT INTO surgery (id,date,patient_id,doctor_id) VALUES (2576,'2019-12-22',469,55);
INSERT INTO meds_for_surgery (surgery_id,med) VALUES (2576,'Alendronate');
INSERT INTO surgery (id,date,patient_id,doctor_id) VALUES (2577,'2019-12-09',199,22);
INSERT INTO meds_for_surgery (surgery_id,med) VALUES (2577,'Vincristine');
INSERT INTO surgery (id,date,patient_id,doctor_id) VALUES (2578,'2019-12-16',291,348);
INSERT INTO meds_for_surgery (surgery_id,med) VALUES (2578,'Aminocaproic Acid');
INSERT INTO surgery (id,date,patient_id,doctor_id) VALUES (2579,'2019-12-24',89,351);
INSERT INTO meds_for_surgery (surgery_id,med) VALUES (2579,'Mechlorethamine');
INSERT INTO surgery (id,date,patient_id,doctor_id) VALUES (2580,'2019-12-05',64,366);
INSERT INTO meds_for_surgery (surgery_id,med) VALUES (2580,'Eltrombopag');
INSERT INTO surgery (id,date,patient_id,doctor_id) VALUES (2581,'2019-11-25',470,421);
INSERT INTO meds_for_surgery (surgery_id,med) VALUES (2581,'Ruxolitinib');
INSERT INTO surgery (id,date,patient_id,doctor_id) VALUES (2582,'2019-12-12',210,438);
INSERT INTO meds_for_surgery (surgery_id,med) VALUES (2582,'Topotecan');
INSERT INTO surgery (id,date,patient_id,doctor_id) VALUES (2583,'2019-12-20',414,69);
INSERT INTO meds_for_surgery (surgery_id,med) VALUES (2583,'Cyclobenzaprine');
INSERT INTO surgery (id,date,patient_id,doctor_id) VALUES (2584,'2019-12-27',94,335);
INSERT INTO meds_for_surgery (surgery_id,med) VALUES (2584,'Enoxaparin');
INSERT INTO surgery (id,date,patient_id,doctor_id) VALUES (2585,'2019-12-07',134,10);
INSERT INTO meds_for_surgery (surgery_id,med) VALUES (2585,'Immune');
INSERT INTO surgery (id,date,patient_id,doctor_id) VALUES (2586,'2019-12-18',131,445);
INSERT INTO meds_for_surgery (surgery_id,med) VALUES (2586,'Melphalan');
INSERT INTO surgery (id,date,patient_id,doctor_id) VALUES (2587,'2019-12-20',325,96);
INSERT INTO meds_for_surgery (surgery_id,med) VALUES (2587,'Teniposide');
INSERT INTO surgery (id,date,patient_id,doctor_id) VALUES (2588,'2019-11-25',134,69);
INSERT INTO meds_for_surgery (surgery_id,med) VALUES (2588,'Aprepitant');
INSERT INTO surgery (id,date,patient_id,doctor_id) VALUES (2589,'2019-12-23',174,262);
INSERT INTO meds_for_surgery (surgery_id,med) VALUES (2589,'Modafinil');
INSERT INTO surgery (id,date,patient_id,doctor_id) VALUES (2590,'2019-12-26',180,491);
INSERT INTO meds_for_surgery (surgery_id,med) VALUES (2590,'Meperidine');
INSERT INTO surgery (id,date,patient_id,doctor_id) VALUES (2591,'2019-11-24',476,421);
INSERT INTO meds_for_surgery (surgery_id,med) VALUES (2591,'Pentamidine');
INSERT INTO surgery (id,date,patient_id,doctor_id) VALUES (2592,'2019-12-05',406,129);
INSERT INTO meds_for_surgery (surgery_id,med) VALUES (2592,'Fludarabine');
INSERT INTO surgery (id,date,patient_id,doctor_id) VALUES (2593,'2019-11-24',229,56);
INSERT INTO meds_for_surgery (surgery_id,med) VALUES (2593,'Alemtuzumab');
INSERT INTO surgery (id,date,patient_id,doctor_id) VALUES (2594,'2019-12-08',457,329);
INSERT INTO meds_for_surgery (surgery_id,med) VALUES (2594,'Labetalol');
INSERT INTO surgery (id,date,patient_id,doctor_id) VALUES (2595,'2019-12-08',48,274);
INSERT INTO meds_for_surgery (surgery_id,med) VALUES (2595,'Amikacin');
INSERT INTO surgery (id,date,patient_id,doctor_id) VALUES (2596,'2019-12-24',229,158);
INSERT INTO meds_for_surgery (surgery_id,med) VALUES (2596,'Penicillin');
INSERT INTO surgery (id,date,patient_id,doctor_id) VALUES (2597,'2019-12-21',419,123);
INSERT INTO meds_for_surgery (surgery_id,med) VALUES (2597,'Amlodipine');
INSERT INTO surgery (id,date,patient_id,doctor_id) VALUES (2598,'2019-11-28',212,34);
INSERT INTO meds_for_surgery (surgery_id,med) VALUES (2598,'Ruxolitinib');
INSERT INTO surgery (id,date,patient_id,doctor_id) VALUES (2599,'2019-12-25',273,151);
INSERT INTO meds_for_surgery (surgery_id,med) VALUES (2599,'Enalapril');
INSERT INTO surgery (id,date,patient_id,doctor_id) VALUES (2600,'2019-12-04',370,351);
INSERT INTO meds_for_surgery (surgery_id,med) VALUES (2600,'Procarbazine');
INSERT INTO surgery (id,date,patient_id,doctor_id) VALUES (2601,'2019-12-02',322,483);
INSERT INTO meds_for_surgery (surgery_id,med) VALUES (2601,'Megestrol acetate');
INSERT INTO surgery (id,date,patient_id,doctor_id) VALUES (2602,'2019-12-18',194,276);
INSERT INTO meds_for_surgery (surgery_id,med) VALUES (2602,'Alemtuzumab');
INSERT INTO surgery (id,date,patient_id,doctor_id) VALUES (2603,'2019-12-22',437,489);
INSERT INTO meds_for_surgery (surgery_id,med) VALUES (2603,'Amoxicillin');
INSERT INTO surgery (id,date,patient_id,doctor_id) VALUES (2604,'2019-11-24',102,11);
INSERT INTO meds_for_surgery (surgery_id,med) VALUES (2604,'Cyclobenzaprine');
INSERT INTO surgery (id,date,patient_id,doctor_id) VALUES (2605,'2019-12-22',148,366);
INSERT INTO meds_for_surgery (surgery_id,med) VALUES (2605,'Acyclovir');
INSERT INTO surgery (id,date,patient_id,doctor_id) VALUES (2606,'2019-12-04',357,124);
INSERT INTO meds_for_surgery (surgery_id,med) VALUES (2606,'Foscarnet');
INSERT INTO surgery (id,date,patient_id,doctor_id) VALUES (2607,'2019-12-11',239,96);
INSERT INTO meds_for_surgery (surgery_id,med) VALUES (2607,'Cephalexin');
INSERT INTO surgery (id,date,patient_id,doctor_id) VALUES (2608,'2019-12-12',299,498);
INSERT INTO meds_for_surgery (surgery_id,med) VALUES (2608,'Clobazam');
INSERT INTO surgery (id,date,patient_id,doctor_id) VALUES (2609,'2019-12-15',456,115);
INSERT INTO meds_for_surgery (surgery_id,med) VALUES (2609,'Lopinavir');
INSERT INTO surgery (id,date,patient_id,doctor_id) VALUES (2610,'2019-12-05',330,438);
INSERT INTO meds_for_surgery (surgery_id,med) VALUES (2610,'Omeprazole');
INSERT INTO surgery (id,date,patient_id,doctor_id) VALUES (2611,'2019-12-25',97,335);
INSERT INTO meds_for_surgery (surgery_id,med) VALUES (2611,'Warfarin');
INSERT INTO surgery (id,date,patient_id,doctor_id) VALUES (2612,'2019-12-24',87,34);
INSERT INTO meds_for_surgery (surgery_id,med) VALUES (2612,'Calcium');
INSERT INTO surgery (id,date,patient_id,doctor_id) VALUES (2613,'2019-12-17',173,141);
INSERT INTO meds_for_surgery (surgery_id,med) VALUES (2613,'Rilpivirine');
INSERT INTO surgery (id,date,patient_id,doctor_id) VALUES (2614,'2019-12-06',436,34);
INSERT INTO meds_for_surgery (surgery_id,med) VALUES (2614,'Furosemide');
INSERT INTO surgery (id,date,patient_id,doctor_id) VALUES (2615,'2019-12-07',172,483);
INSERT INTO meds_for_surgery (surgery_id,med) VALUES (2615,'Nelarabine');
INSERT INTO surgery (id,date,patient_id,doctor_id) VALUES (2616,'2019-12-05',172,402);
INSERT INTO meds_for_surgery (surgery_id,med) VALUES (2616,'Meloxicam');
INSERT INTO surgery (id,date,patient_id,doctor_id) VALUES (2617,'2019-12-14',206,56);
INSERT INTO meds_for_surgery (surgery_id,med) VALUES (2617,'Bosentan');
INSERT INTO surgery (id,date,patient_id,doctor_id) VALUES (2618,'2019-11-27',182,164);
INSERT INTO meds_for_surgery (surgery_id,med) VALUES (2618,'Phenobarbital');
INSERT INTO surgery (id,date,patient_id,doctor_id) VALUES (2619,'2019-12-27',20,425);
INSERT INTO meds_for_surgery (surgery_id,med) VALUES (2619,'Norepinephrine');
INSERT INTO surgery (id,date,patient_id,doctor_id) VALUES (2620,'2019-11-23',490,429);
INSERT INTO meds_for_surgery (surgery_id,med) VALUES (2620,'Potassium');
INSERT INTO surgery (id,date,patient_id,doctor_id) VALUES (2621,'2019-11-26',449,445);
INSERT INTO meds_for_surgery (surgery_id,med) VALUES (2621,'Baclofen');
INSERT INTO surgery (id,date,patient_id,doctor_id) VALUES (2622,'2019-12-02',260,483);
INSERT INTO meds_for_surgery (surgery_id,med) VALUES (2622,'Probenecid');
INSERT INTO surgery (id,date,patient_id,doctor_id) VALUES (2623,'2019-12-07',277,115);
INSERT INTO meds_for_surgery (surgery_id,med) VALUES (2623,'Cyclophosphamide');
INSERT INTO surgery (id,date,patient_id,doctor_id) VALUES (2624,'2019-12-21',268,262);
INSERT INTO meds_for_surgery (surgery_id,med) VALUES (2624,'Heparin');
INSERT INTO surgery (id,date,patient_id,doctor_id) VALUES (2625,'2019-12-09',173,483);
INSERT INTO meds_for_surgery (surgery_id,med) VALUES (2625,'Etravirine');
INSERT INTO surgery (id,date,patient_id,doctor_id) VALUES (2626,'2019-12-09',353,141);
INSERT INTO meds_for_surgery (surgery_id,med) VALUES (2626,'Dexamethasone');
INSERT INTO surgery (id,date,patient_id,doctor_id) VALUES (2627,'2019-12-24',194,17);
INSERT INTO meds_for_surgery (surgery_id,med) VALUES (2627,'Foscarnet');
INSERT INTO surgery (id,date,patient_id,doctor_id) VALUES (2628,'2019-12-05',407,262);
INSERT INTO meds_for_surgery (surgery_id,med) VALUES (2628,'Cyclosporine');
INSERT INTO surgery (id,date,patient_id,doctor_id) VALUES (2629,'2019-12-27',176,422);
INSERT INTO meds_for_surgery (surgery_id,med) VALUES (2629,'Dornase alfa');
INSERT INTO surgery (id,date,patient_id,doctor_id) VALUES (2630,'2019-12-01',268,438);
INSERT INTO meds_for_surgery (surgery_id,med) VALUES (2630,'Nelarabine');
INSERT INTO surgery (id,date,patient_id,doctor_id) VALUES (2631,'2019-12-25',325,75);
INSERT INTO meds_for_surgery (surgery_id,med) VALUES (2631,'Methylphenidate');
INSERT INTO surgery (id,date,patient_id,doctor_id) VALUES (2632,'2019-12-20',148,483);
INSERT INTO meds_for_surgery (surgery_id,med) VALUES (2632,'Procarbazine');
INSERT INTO surgery (id,date,patient_id,doctor_id) VALUES (2633,'2019-11-30',134,335);
INSERT INTO meds_for_surgery (surgery_id,med) VALUES (2633,'Amitriptyline');
INSERT INTO surgery (id,date,patient_id,doctor_id) VALUES (2634,'2019-12-21',210,429);
INSERT INTO meds_for_surgery (surgery_id,med) VALUES (2634,'Methotrexate');
INSERT INTO surgery (id,date,patient_id,doctor_id) VALUES (2635,'2019-12-25',444,465);
INSERT INTO meds_for_surgery (surgery_id,med) VALUES (2635,'Dornase alfa');
INSERT INTO surgery (id,date,patient_id,doctor_id) VALUES (2636,'2019-12-26',406,423);
INSERT INTO meds_for_surgery (surgery_id,med) VALUES (2636,'Didanosine');
INSERT INTO surgery (id,date,patient_id,doctor_id) VALUES (2637,'2019-12-02',222,11);
INSERT INTO meds_for_surgery (surgery_id,med) VALUES (2637,'Cidofovir');
INSERT INTO surgery (id,date,patient_id,doctor_id) VALUES (2638,'2019-11-24',353,56);
INSERT INTO meds_for_surgery (surgery_id,med) VALUES (2638,'Leucovorin');
INSERT INTO surgery (id,date,patient_id,doctor_id) VALUES (2639,'2019-12-01',268,489);
INSERT INTO meds_for_surgery (surgery_id,med) VALUES (2639,'Rasburicase');
INSERT INTO surgery (id,date,patient_id,doctor_id) VALUES (2640,'2019-12-07',297,348);
INSERT INTO meds_for_surgery (surgery_id,med) VALUES (2640,'Modafinil');
INSERT INTO surgery (id,date,patient_id,doctor_id) VALUES (2641,'2019-11-26',367,56);
INSERT INTO meds_for_surgery (surgery_id,med) VALUES (2641,'Dronabinol');
INSERT INTO surgery (id,date,patient_id,doctor_id) VALUES (2642,'2019-12-11',204,34);
INSERT INTO meds_for_surgery (surgery_id,med) VALUES (2642,'Pemetrexed');
INSERT INTO surgery (id,date,patient_id,doctor_id) VALUES (2643,'2019-12-02',87,75);
INSERT INTO meds_for_surgery (surgery_id,med) VALUES (2643,'L-glutamine');
INSERT INTO surgery (id,date,patient_id,doctor_id) VALUES (2644,'2019-12-11',135,366);
INSERT INTO meds_for_surgery (surgery_id,med) VALUES (2644,'Cytarabine');
INSERT INTO surgery (id,date,patient_id,doctor_id) VALUES (2645,'2019-12-13',479,88);
INSERT INTO meds_for_surgery (surgery_id,med) VALUES (2645,'Tacrolimus');
INSERT INTO surgery (id,date,patient_id,doctor_id) VALUES (2646,'2019-12-24',464,498);
INSERT INTO meds_for_surgery (surgery_id,med) VALUES (2646,'Hydrocodone');
INSERT INTO surgery (id,date,patient_id,doctor_id) VALUES (2647,'2019-12-16',456,445);
INSERT INTO meds_for_surgery (surgery_id,med) VALUES (2647,'Sugammadex');
INSERT INTO surgery (id,date,patient_id,doctor_id) VALUES (2648,'2019-12-03',97,96);
INSERT INTO meds_for_surgery (surgery_id,med) VALUES (2648,'Tretinoin');
INSERT INTO surgery (id,date,patient_id,doctor_id) VALUES (2649,'2019-12-18',176,55);
INSERT INTO meds_for_surgery (surgery_id,med) VALUES (2649,'Carboplatin');
INSERT INTO surgery (id,date,patient_id,doctor_id) VALUES (2650,'2019-12-08',242,422);
INSERT INTO meds_for_surgery (surgery_id,med) VALUES (2650,'Diclofenac');
INSERT INTO surgery (id,date,patient_id,doctor_id) VALUES (2651,'2019-12-20',181,366);
INSERT INTO meds_for_surgery (surgery_id,med) VALUES (2651,'Atovaquone');
INSERT INTO surgery (id,date,patient_id,doctor_id) VALUES (2652,'2019-12-06',173,75);
INSERT INTO meds_for_surgery (surgery_id,med) VALUES (2652,'Bosentan');
INSERT INTO surgery (id,date,patient_id,doctor_id) VALUES (2653,'2019-12-20',182,351);
INSERT INTO meds_for_surgery (surgery_id,med) VALUES (2653,'Amifostine');
INSERT INTO surgery (id,date,patient_id,doctor_id) VALUES (2654,'2019-11-26',221,491);
INSERT INTO meds_for_surgery (surgery_id,med) VALUES (2654,'Allopurinol');
INSERT INTO surgery (id,date,patient_id,doctor_id) VALUES (2655,'2019-12-11',403,17);
INSERT INTO meds_for_surgery (surgery_id,med) VALUES (2655,'Zidovudine');
INSERT INTO surgery (id,date,patient_id,doctor_id) VALUES (2656,'2019-12-16',89,441);
INSERT INTO meds_for_surgery (surgery_id,med) VALUES (2656,'Crizotinib');
INSERT INTO surgery (id,date,patient_id,doctor_id) VALUES (2657,'2019-12-03',268,499);
INSERT INTO meds_for_surgery (surgery_id,med) VALUES (2657,'Morphine');
INSERT INTO surgery (id,date,patient_id,doctor_id) VALUES (2658,'2019-12-14',64,348);
INSERT INTO meds_for_surgery (surgery_id,med) VALUES (2658,'Aprepitant');
INSERT INTO surgery (id,date,patient_id,doctor_id) VALUES (2659,'2019-12-13',131,284);
INSERT INTO meds_for_surgery (surgery_id,med) VALUES (2659,'Dopamine');
INSERT INTO surgery (id,date,patient_id,doctor_id) VALUES (2660,'2019-11-23',280,305);
INSERT INTO meds_for_surgery (surgery_id,med) VALUES (2660,'Isotretinoin');
INSERT INTO surgery (id,date,patient_id,doctor_id) VALUES (2661,'2019-12-27',476,10);
INSERT INTO meds_for_surgery (surgery_id,med) VALUES (2661,'Meperidine');
INSERT INTO surgery (id,date,patient_id,doctor_id) VALUES (2662,'2019-12-09',210,121);
INSERT INTO meds_for_surgery (surgery_id,med) VALUES (2662,'Promethazine');
INSERT INTO surgery (id,date,patient_id,doctor_id) VALUES (2663,'2019-11-27',168,243);
INSERT INTO meds_for_surgery (surgery_id,med) VALUES (2663,'Dopamine');
INSERT INTO surgery (id,date,patient_id,doctor_id) VALUES (2664,'2019-12-03',386,417);
INSERT INTO meds_for_surgery (surgery_id,med) VALUES (2664,'Erlotinib');
INSERT INTO surgery (id,date,patient_id,doctor_id) VALUES (2665,'2019-12-01',210,11);
INSERT INTO meds_for_surgery (surgery_id,med) VALUES (2665,'Furosemide');
INSERT INTO surgery (id,date,patient_id,doctor_id) VALUES (2666,'2019-12-14',272,22);
INSERT INTO meds_for_surgery (surgery_id,med) VALUES (2666,'Atovaquone');
INSERT INTO surgery (id,date,patient_id,doctor_id) VALUES (2667,'2019-12-03',490,47);
INSERT INTO meds_for_surgery (surgery_id,med) VALUES (2667,'Propoxyphene');
INSERT INTO surgery (id,date,patient_id,doctor_id) VALUES (2668,'2019-12-27',134,354);
INSERT INTO meds_for_surgery (surgery_id,med) VALUES (2668,'Dapsone');
INSERT INTO surgery (id,date,patient_id,doctor_id) VALUES (2669,'2019-12-06',253,96);
INSERT INTO meds_for_surgery (surgery_id,med) VALUES (2669,'Acyclovir');
INSERT INTO surgery (id,date,patient_id,doctor_id) VALUES (2670,'2019-12-16',195,13);
INSERT INTO meds_for_surgery (surgery_id,med) VALUES (2670,'Allopurinol');
INSERT INTO surgery (id,date,patient_id,doctor_id) VALUES (2671,'2019-12-08',398,105);
INSERT INTO meds_for_surgery (surgery_id,med) VALUES (2671,'Interferon');
INSERT INTO surgery (id,date,patient_id,doctor_id) VALUES (2672,'2019-12-10',180,23);
INSERT INTO meds_for_surgery (surgery_id,med) VALUES (2672,'Cidofovir');
INSERT INTO surgery (id,date,patient_id,doctor_id) VALUES (2673,'2019-12-25',270,96);
INSERT INTO meds_for_surgery (surgery_id,med) VALUES (2673,'Nelfinavir');
INSERT INTO surgery (id,date,patient_id,doctor_id) VALUES (2674,'2019-12-21',436,151);
INSERT INTO meds_for_surgery (surgery_id,med) VALUES (2674,'Granisetron');
INSERT INTO surgery (id,date,patient_id,doctor_id) VALUES (2675,'2019-12-24',52,22);
INSERT INTO meds_for_surgery (surgery_id,med) VALUES (2675,'Tacrolimus');
INSERT INTO surgery (id,date,patient_id,doctor_id) VALUES (2676,'2019-11-24',221,105);
INSERT INTO meds_for_surgery (surgery_id,med) VALUES (2676,'Amifostine');
INSERT INTO surgery (id,date,patient_id,doctor_id) VALUES (2677,'2019-12-11',94,382);
INSERT INTO meds_for_surgery (surgery_id,med) VALUES (2677,'Etonogestrel');
INSERT INTO surgery (id,date,patient_id,doctor_id) VALUES (2678,'2019-11-26',331,491);
INSERT INTO meds_for_surgery (surgery_id,med) VALUES (2678,'Oxycodone');
INSERT INTO surgery (id,date,patient_id,doctor_id) VALUES (2679,'2019-12-08',258,320);
INSERT INTO meds_for_surgery (surgery_id,med) VALUES (2679,'Deferasirox');
INSERT INTO surgery (id,date,patient_id,doctor_id) VALUES (2680,'2019-12-23',7,416);
INSERT INTO meds_for_surgery (surgery_id,med) VALUES (2680,'Dronabinol');
INSERT INTO surgery (id,date,patient_id,doctor_id) VALUES (2681,'2019-12-11',199,498);
INSERT INTO meds_for_surgery (surgery_id,med) VALUES (2681,'Methotrexate');
INSERT INTO surgery (id,date,patient_id,doctor_id) VALUES (2682,'2019-12-04',33,276);
INSERT INTO meds_for_surgery (surgery_id,med) VALUES (2682,'Daunorubicin');
INSERT INTO surgery (id,date,patient_id,doctor_id) VALUES (2683,'2019-11-23',187,358);
INSERT INTO meds_for_surgery (surgery_id,med) VALUES (2683,'Nevirapine');
INSERT INTO surgery (id,date,patient_id,doctor_id) VALUES (2684,'2019-12-06',224,499);
INSERT INTO meds_for_surgery (surgery_id,med) VALUES (2684,'Temozolomide');
INSERT INTO surgery (id,date,patient_id,doctor_id) VALUES (2685,'2019-12-16',246,162);
INSERT INTO meds_for_surgery (surgery_id,med) VALUES (2685,'Ritonavir');
INSERT INTO surgery (id,date,patient_id,doctor_id) VALUES (2686,'2019-12-03',353,162);
INSERT INTO meds_for_surgery (surgery_id,med) VALUES (2686,'Cephalexin');
INSERT INTO surgery (id,date,patient_id,doctor_id) VALUES (2687,'2019-12-05',20,382);
INSERT INTO meds_for_surgery (surgery_id,med) VALUES (2687,'Phenobarbital');
INSERT INTO surgery (id,date,patient_id,doctor_id) VALUES (2688,'2019-11-29',331,417);
INSERT INTO meds_for_surgery (surgery_id,med) VALUES (2688,'Mitotane');
INSERT INTO surgery (id,date,patient_id,doctor_id) VALUES (2689,'2019-11-28',258,111);
INSERT INTO meds_for_surgery (surgery_id,med) VALUES (2689,'Hydrocodone');
INSERT INTO surgery (id,date,patient_id,doctor_id) VALUES (2690,'2019-12-01',204,118);
INSERT INTO meds_for_surgery (surgery_id,med) VALUES (2690,'Alendronate');
INSERT INTO surgery (id,date,patient_id,doctor_id) VALUES (2691,'2019-11-28',86,433);
INSERT INTO meds_for_surgery (surgery_id,med) VALUES (2691,'Baclofen');
INSERT INTO surgery (id,date,patient_id,doctor_id) VALUES (2692,'2019-12-11',154,305);
INSERT INTO meds_for_surgery (surgery_id,med) VALUES (2692,'Gemcitabine');
INSERT INTO surgery (id,date,patient_id,doctor_id) VALUES (2693,'2019-12-22',453,24);
INSERT INTO meds_for_surgery (surgery_id,med) VALUES (2693,'Ketoconazole');
INSERT INTO surgery (id,date,patient_id,doctor_id) VALUES (2694,'2019-12-07',181,88);
INSERT INTO meds_for_surgery (surgery_id,med) VALUES (2694,'Magnesium');
INSERT INTO surgery (id,date,patient_id,doctor_id) VALUES (2695,'2019-12-27',154,69);
INSERT INTO meds_for_surgery (surgery_id,med) VALUES (2695,'Megestrol acetate');
INSERT INTO surgery (id,date,patient_id,doctor_id) VALUES (2696,'2019-12-05',246,416);
INSERT INTO meds_for_surgery (surgery_id,med) VALUES (2696,'Amoxicillin');
INSERT INTO surgery (id,date,patient_id,doctor_id) VALUES (2697,'2019-12-08',60,301);
INSERT INTO meds_for_surgery (surgery_id,med) VALUES (2697,'Gemcitabine');
INSERT INTO surgery (id,date,patient_id,doctor_id) VALUES (2698,'2019-12-12',384,10);
INSERT INTO meds_for_surgery (surgery_id,med) VALUES (2698,'Acyclovir');
INSERT INTO surgery (id,date,patient_id,doctor_id) VALUES (2699,'2019-12-22',449,312);
INSERT INTO meds_for_surgery (surgery_id,med) VALUES (2699,'Cytarabine');
INSERT INTO surgery (id,date,patient_id,doctor_id) VALUES (2700,'2019-12-04',199,441);
INSERT INTO meds_for_surgery (surgery_id,med) VALUES (2700,'Prednisone');
INSERT INTO surgery (id,date,patient_id,doctor_id) VALUES (2701,'2019-12-16',97,423);
INSERT INTO meds_for_surgery (surgery_id,med) VALUES (2701,'Deferasirox');
INSERT INTO surgery (id,date,patient_id,doctor_id) VALUES (2702,'2019-12-22',296,62);
INSERT INTO meds_for_surgery (surgery_id,med) VALUES (2702,'Dornase alfa');
INSERT INTO surgery (id,date,patient_id,doctor_id) VALUES (2703,'2019-12-25',182,24);
INSERT INTO meds_for_surgery (surgery_id,med) VALUES (2703,'Codeine');
INSERT INTO surgery (id,date,patient_id,doctor_id) VALUES (2704,'2019-12-07',239,312);
INSERT INTO meds_for_surgery (surgery_id,med) VALUES (2704,'Efavirenz');
INSERT INTO surgery (id,date,patient_id,doctor_id) VALUES (2705,'2019-11-30',174,276);
INSERT INTO meds_for_surgery (surgery_id,med) VALUES (2705,'Granisetron');
INSERT INTO surgery (id,date,patient_id,doctor_id) VALUES (2706,'2019-12-04',291,22);
INSERT INTO meds_for_surgery (surgery_id,med) VALUES (2706,'Cytarabine');
INSERT INTO surgery (id,date,patient_id,doctor_id) VALUES (2707,'2019-11-24',260,329);
INSERT INTO meds_for_surgery (surgery_id,med) VALUES (2707,'Captopril');
INSERT INTO surgery (id,date,patient_id,doctor_id) VALUES (2708,'2019-11-30',456,320);
INSERT INTO meds_for_surgery (surgery_id,med) VALUES (2708,'Levothyroxine');
INSERT INTO surgery (id,date,patient_id,doctor_id) VALUES (2709,'2019-12-12',470,417);
INSERT INTO meds_for_surgery (surgery_id,med) VALUES (2709,'Ketoconazole');
INSERT INTO surgery (id,date,patient_id,doctor_id) VALUES (2710,'2019-12-09',386,11);
INSERT INTO meds_for_surgery (surgery_id,med) VALUES (2710,'Famciclovir');
INSERT INTO surgery (id,date,patient_id,doctor_id) VALUES (2711,'2019-12-11',273,422);
INSERT INTO meds_for_surgery (surgery_id,med) VALUES (2711,'Granisetron');
INSERT INTO surgery (id,date,patient_id,doctor_id) VALUES (2712,'2019-12-12',291,153);
INSERT INTO meds_for_surgery (surgery_id,med) VALUES (2712,'Cyclosporine');
INSERT INTO surgery (id,date,patient_id,doctor_id) VALUES (2713,'2019-11-26',182,329);
INSERT INTO meds_for_surgery (surgery_id,med) VALUES (2713,'Rivaroxaban');
INSERT INTO surgery (id,date,patient_id,doctor_id) VALUES (2714,'2019-12-21',456,360);
INSERT INTO meds_for_surgery (surgery_id,med) VALUES (2714,'Teniposide');
INSERT INTO surgery (id,date,patient_id,doctor_id) VALUES (2715,'2019-12-17',31,445);
INSERT INTO meds_for_surgery (surgery_id,med) VALUES (2715,'Imipenem');
INSERT INTO surgery (id,date,patient_id,doctor_id) VALUES (2716,'2019-12-01',31,416);
INSERT INTO meds_for_surgery (surgery_id,med) VALUES (2716,'Diclofenac');
INSERT INTO surgery (id,date,patient_id,doctor_id) VALUES (2717,'2019-12-01',222,62);
INSERT INTO meds_for_surgery (surgery_id,med) VALUES (2717,'Amlodipine');
INSERT INTO surgery (id,date,patient_id,doctor_id) VALUES (2718,'2019-12-17',384,262);
INSERT INTO meds_for_surgery (surgery_id,med) VALUES (2718,'Amoxicillin');
INSERT INTO surgery (id,date,patient_id,doctor_id) VALUES (2719,'2019-12-02',437,51);
INSERT INTO meds_for_surgery (surgery_id,med) VALUES (2719,'Topotecan');
INSERT INTO surgery (id,date,patient_id,doctor_id) VALUES (2720,'2019-12-04',52,421);
INSERT INTO meds_for_surgery (surgery_id,med) VALUES (2720,'Aprepitant');
INSERT INTO surgery (id,date,patient_id,doctor_id) VALUES (2721,'2019-11-27',229,13);
INSERT INTO meds_for_surgery (surgery_id,med) VALUES (2721,'Erlotinib');
INSERT INTO surgery (id,date,patient_id,doctor_id) VALUES (2722,'2019-12-22',436,423);
INSERT INTO meds_for_surgery (surgery_id,med) VALUES (2722,'PEGaspargase');
INSERT INTO surgery (id,date,patient_id,doctor_id) VALUES (2723,'2019-11-30',258,262);
INSERT INTO meds_for_surgery (surgery_id,med) VALUES (2723,'Sorafenib');
INSERT INTO surgery (id,date,patient_id,doctor_id) VALUES (2724,'2019-12-03',172,121);
INSERT INTO meds_for_surgery (surgery_id,med) VALUES (2724,'Mesna');
INSERT INTO surgery (id,date,patient_id,doctor_id) VALUES (2725,'2019-12-26',331,498);
INSERT INTO meds_for_surgery (surgery_id,med) VALUES (2725,'Gemcitabine');
INSERT INTO surgery (id,date,patient_id,doctor_id) VALUES (2726,'2019-12-22',280,162);
INSERT INTO meds_for_surgery (surgery_id,med) VALUES (2726,'Eltrombopag');
INSERT INTO surgery (id,date,patient_id,doctor_id) VALUES (2727,'2019-12-20',258,225);
INSERT INTO meds_for_surgery (surgery_id,med) VALUES (2727,'Morphine');
INSERT INTO surgery (id,date,patient_id,doctor_id) VALUES (2728,'2019-12-10',324,69);
INSERT INTO meds_for_surgery (surgery_id,med) VALUES (2728,'Lorazepam');
INSERT INTO surgery (id,date,patient_id,doctor_id) VALUES (2729,'2019-12-21',204,358);
INSERT INTO meds_for_surgery (surgery_id,med) VALUES (2729,'Bortezomib');
INSERT INTO surgery (id,date,patient_id,doctor_id) VALUES (2730,'2019-12-08',272,11);
INSERT INTO meds_for_surgery (surgery_id,med) VALUES (2730,'G-CSF');
INSERT INTO surgery (id,date,patient_id,doctor_id) VALUES (2731,'2019-12-22',280,284);
INSERT INTO meds_for_surgery (surgery_id,med) VALUES (2731,'Enalapril');
INSERT INTO surgery (id,date,patient_id,doctor_id) VALUES (2732,'2019-12-23',212,123);
INSERT INTO meds_for_surgery (surgery_id,med) VALUES (2732,'Meloxicam');
INSERT INTO surgery (id,date,patient_id,doctor_id) VALUES (2733,'2019-12-26',479,11);
INSERT INTO meds_for_surgery (surgery_id,med) VALUES (2733,'Elvitegravir');
INSERT INTO surgery (id,date,patient_id,doctor_id) VALUES (2734,'2019-12-19',384,320);
INSERT INTO meds_for_surgery (surgery_id,med) VALUES (2734,'Interferon');
INSERT INTO surgery (id,date,patient_id,doctor_id) VALUES (2735,'2019-12-18',469,284);
INSERT INTO meds_for_surgery (surgery_id,med) VALUES (2735,'Saquinavir');
INSERT INTO surgery (id,date,patient_id,doctor_id) VALUES (2736,'2019-12-01',20,305);
INSERT INTO meds_for_surgery (surgery_id,med) VALUES (2736,'Allopurinol');
INSERT INTO surgery (id,date,patient_id,doctor_id) VALUES (2737,'2019-11-24',137,276);
INSERT INTO meds_for_surgery (surgery_id,med) VALUES (2737,'Foscarnet');
INSERT INTO surgery (id,date,patient_id,doctor_id) VALUES (2738,'2019-12-13',176,103);
INSERT INTO meds_for_surgery (surgery_id,med) VALUES (2738,'Cyclobenzaprine');
INSERT INTO surgery (id,date,patient_id,doctor_id) VALUES (2739,'2019-11-28',322,433);
INSERT INTO meds_for_surgery (surgery_id,med) VALUES (2739,'Maraviroc');
INSERT INTO surgery (id,date,patient_id,doctor_id) VALUES (2740,'2019-12-15',221,141);
INSERT INTO meds_for_surgery (surgery_id,med) VALUES (2740,'Magnesium');
INSERT INTO surgery (id,date,patient_id,doctor_id) VALUES (2741,'2019-11-24',299,351);
INSERT INTO meds_for_surgery (surgery_id,med) VALUES (2741,'Thioguanine');
INSERT INTO surgery (id,date,patient_id,doctor_id) VALUES (2742,'2019-12-19',268,88);
INSERT INTO meds_for_surgery (surgery_id,med) VALUES (2742,'Cyproheptadine');
INSERT INTO surgery (id,date,patient_id,doctor_id) VALUES (2743,'2019-11-29',327,121);
INSERT INTO meds_for_surgery (surgery_id,med) VALUES (2743,'Isotretinoin');
INSERT INTO surgery (id,date,patient_id,doctor_id) VALUES (2744,'2019-12-24',212,118);
INSERT INTO meds_for_surgery (surgery_id,med) VALUES (2744,'Valproic acid');
INSERT INTO surgery (id,date,patient_id,doctor_id) VALUES (2745,'2019-12-27',470,96);
INSERT INTO meds_for_surgery (surgery_id,med) VALUES (2745,'Sucralfate');
INSERT INTO surgery (id,date,patient_id,doctor_id) VALUES (2746,'2019-12-26',246,158);
INSERT INTO meds_for_surgery (surgery_id,med) VALUES (2746,'Maraviroc');
INSERT INTO surgery (id,date,patient_id,doctor_id) VALUES (2747,'2019-12-09',324,483);
INSERT INTO meds_for_surgery (surgery_id,med) VALUES (2747,'Enalapril');
INSERT INTO surgery (id,date,patient_id,doctor_id) VALUES (2748,'2019-12-06',221,111);
INSERT INTO meds_for_surgery (surgery_id,med) VALUES (2748,'Diclofenac');
INSERT INTO surgery (id,date,patient_id,doctor_id) VALUES (2749,'2019-12-10',322,17);
INSERT INTO meds_for_surgery (surgery_id,med) VALUES (2749,'Maraviroc');
INSERT INTO surgery (id,date,patient_id,doctor_id) VALUES (2750,'2019-12-10',222,439);
INSERT INTO meds_for_surgery (surgery_id,med) VALUES (2750,'Cefuroxime');
INSERT INTO surgery (id,date,patient_id,doctor_id) VALUES (2751,'2019-12-07',479,274);
INSERT INTO meds_for_surgery (surgery_id,med) VALUES (2751,'Cyclosporine');
INSERT INTO surgery (id,date,patient_id,doctor_id) VALUES (2752,'2019-12-10',229,360);
INSERT INTO meds_for_surgery (surgery_id,med) VALUES (2752,'Bortezomib');
INSERT INTO surgery (id,date,patient_id,doctor_id) VALUES (2753,'2019-12-23',135,465);
INSERT INTO meds_for_surgery (surgery_id,med) VALUES (2753,'Dronabinol');
INSERT INTO surgery (id,date,patient_id,doctor_id) VALUES (2754,'2019-12-25',134,498);
INSERT INTO meds_for_surgery (surgery_id,med) VALUES (2754,'Immune');
INSERT INTO surgery (id,date,patient_id,doctor_id) VALUES (2755,'2019-11-27',414,164);
INSERT INTO meds_for_surgery (surgery_id,med) VALUES (2755,'Methotrexate');
INSERT INTO surgery (id,date,patient_id,doctor_id) VALUES (2756,'2019-11-28',273,121);
INSERT INTO meds_for_surgery (surgery_id,med) VALUES (2756,'Lorazepam');
INSERT INTO surgery (id,date,patient_id,doctor_id) VALUES (2757,'2019-11-25',270,465);
INSERT INTO meds_for_surgery (surgery_id,med) VALUES (2757,'Ruxolitinib');
INSERT INTO surgery (id,date,patient_id,doctor_id) VALUES (2758,'2019-12-12',131,423);
INSERT INTO meds_for_surgery (surgery_id,med) VALUES (2758,'Megestrol acetate');
INSERT INTO surgery (id,date,patient_id,doctor_id) VALUES (2759,'2019-12-24',270,151);
INSERT INTO meds_for_surgery (surgery_id,med) VALUES (2759,'Ketoconazole');
INSERT INTO surgery (id,date,patient_id,doctor_id) VALUES (2760,'2019-12-13',87,301);
INSERT INTO meds_for_surgery (surgery_id,med) VALUES (2760,'Oxycodone');
INSERT INTO surgery (id,date,patient_id,doctor_id) VALUES (2761,'2019-12-09',260,243);
INSERT INTO meds_for_surgery (surgery_id,med) VALUES (2761,'Rilpivirine');
INSERT INTO surgery (id,date,patient_id,doctor_id) VALUES (2762,'2019-12-09',469,13);
INSERT INTO meds_for_surgery (surgery_id,med) VALUES (2762,'Ceftazidime');
INSERT INTO surgery (id,date,patient_id,doctor_id) VALUES (2763,'2019-12-17',194,445);
INSERT INTO meds_for_surgery (surgery_id,med) VALUES (2763,'Sunitinib');
INSERT INTO surgery (id,date,patient_id,doctor_id) VALUES (2764,'2019-11-28',419,274);
INSERT INTO meds_for_surgery (surgery_id,med) VALUES (2764,'Amifostine');
INSERT INTO surgery (id,date,patient_id,doctor_id) VALUES (2765,'2019-11-29',479,499);
INSERT INTO meds_for_surgery (surgery_id,med) VALUES (2765,'Mercaptopurine');
INSERT INTO surgery (id,date,patient_id,doctor_id) VALUES (2766,'2019-11-28',407,382);
INSERT INTO meds_for_surgery (surgery_id,med) VALUES (2766,'Trimethoprim');
INSERT INTO surgery (id,date,patient_id,doctor_id) VALUES (2767,'2019-12-23',464,47);
INSERT INTO meds_for_surgery (surgery_id,med) VALUES (2767,'Gefitinib');
INSERT INTO surgery (id,date,patient_id,doctor_id) VALUES (2768,'2019-12-12',260,115);
INSERT INTO meds_for_surgery (surgery_id,med) VALUES (2768,'Thioguanine');
INSERT INTO surgery (id,date,patient_id,doctor_id) VALUES (2769,'2019-11-25',272,276);
INSERT INTO meds_for_surgery (surgery_id,med) VALUES (2769,'Methadone');
INSERT INTO surgery (id,date,patient_id,doctor_id) VALUES (2770,'2019-12-01',258,425);
INSERT INTO meds_for_surgery (surgery_id,med) VALUES (2770,'Emicizumab');
INSERT INTO surgery (id,date,patient_id,doctor_id) VALUES (2771,'2019-11-28',222,489);
INSERT INTO meds_for_surgery (surgery_id,med) VALUES (2771,'Vancomycin');
INSERT INTO surgery (id,date,patient_id,doctor_id) VALUES (2772,'2019-12-03',15,62);
INSERT INTO meds_for_surgery (surgery_id,med) VALUES (2772,'Sunitinib');
INSERT INTO surgery (id,date,patient_id,doctor_id) VALUES (2773,'2019-12-21',353,162);
INSERT INTO meds_for_surgery (surgery_id,med) VALUES (2773,'Heparin');
INSERT INTO surgery (id,date,patient_id,doctor_id) VALUES (2774,'2019-12-23',410,499);
INSERT INTO meds_for_surgery (surgery_id,med) VALUES (2774,'Isotretinoin');
INSERT INTO surgery (id,date,patient_id,doctor_id) VALUES (2775,'2019-12-17',229,491);
INSERT INTO meds_for_surgery (surgery_id,med) VALUES (2775,'Hydrocortisone');
INSERT INTO surgery (id,date,patient_id,doctor_id) VALUES (2776,'2019-12-03',389,366);
INSERT INTO meds_for_surgery (surgery_id,med) VALUES (2776,'Paclitaxel');
INSERT INTO surgery (id,date,patient_id,doctor_id) VALUES (2777,'2019-12-14',277,360);
INSERT INTO meds_for_surgery (surgery_id,med) VALUES (2777,'Doxorubicin');
INSERT INTO surgery (id,date,patient_id,doctor_id) VALUES (2778,'2019-12-22',176,88);
INSERT INTO meds_for_surgery (surgery_id,med) VALUES (2778,'Magnesium');
INSERT INTO surgery (id,date,patient_id,doctor_id) VALUES (2779,'2019-12-18',176,69);
INSERT INTO meds_for_surgery (surgery_id,med) VALUES (2779,'Alemtuzumab');
INSERT INTO surgery (id,date,patient_id,doctor_id) VALUES (2780,'2019-11-28',137,10);
INSERT INTO meds_for_surgery (surgery_id,med) VALUES (2780,'Metronidazole');
INSERT INTO surgery (id,date,patient_id,doctor_id) VALUES (2781,'2019-12-07',303,416);
INSERT INTO meds_for_surgery (surgery_id,med) VALUES (2781,'Ranitidine');
INSERT INTO surgery (id,date,patient_id,doctor_id) VALUES (2782,'2019-12-09',406,96);
INSERT INTO meds_for_surgery (surgery_id,med) VALUES (2782,'Atazanavir');
INSERT INTO surgery (id,date,patient_id,doctor_id) VALUES (2783,'2019-12-27',327,382);
INSERT INTO meds_for_surgery (surgery_id,med) VALUES (2783,'Voriconazole');
INSERT INTO surgery (id,date,patient_id,doctor_id) VALUES (2784,'2019-12-11',212,491);
INSERT INTO meds_for_surgery (surgery_id,med) VALUES (2784,'Promethazine');
INSERT INTO surgery (id,date,patient_id,doctor_id) VALUES (2785,'2019-11-26',327,151);
INSERT INTO meds_for_surgery (surgery_id,med) VALUES (2785,'L-glutamine');
INSERT INTO surgery (id,date,patient_id,doctor_id) VALUES (2786,'2019-12-22',291,225);
INSERT INTO meds_for_surgery (surgery_id,med) VALUES (2786,'Ganciclovir');
INSERT INTO surgery (id,date,patient_id,doctor_id) VALUES (2787,'2019-12-12',195,360);
INSERT INTO meds_for_surgery (surgery_id,med) VALUES (2787,'Amitriptyline');
INSERT INTO surgery (id,date,patient_id,doctor_id) VALUES (2788,'2019-12-06',378,69);
INSERT INTO meds_for_surgery (surgery_id,med) VALUES (2788,'Amikacin');
INSERT INTO surgery (id,date,patient_id,doctor_id) VALUES (2789,'2019-12-22',469,276);
INSERT INTO meds_for_surgery (surgery_id,med) VALUES (2789,'Methylphenidate');
INSERT INTO surgery (id,date,patient_id,doctor_id) VALUES (2790,'2019-12-06',187,62);
INSERT INTO meds_for_surgery (surgery_id,med) VALUES (2790,'Muromonab');
INSERT INTO surgery (id,date,patient_id,doctor_id) VALUES (2791,'2019-11-30',407,124);
INSERT INTO meds_for_surgery (surgery_id,med) VALUES (2791,'Atovaquone');
INSERT INTO surgery (id,date,patient_id,doctor_id) VALUES (2792,'2019-12-24',260,491);
INSERT INTO meds_for_surgery (surgery_id,med) VALUES (2792,'Morphine');
INSERT INTO surgery (id,date,patient_id,doctor_id) VALUES (2793,'2019-12-11',176,466);
INSERT INTO meds_for_surgery (surgery_id,med) VALUES (2793,'Emtricitabine');
INSERT INTO surgery (id,date,patient_id,doctor_id) VALUES (2794,'2019-12-05',325,118);
INSERT INTO meds_for_surgery (surgery_id,med) VALUES (2794,'Cefuroxime');
INSERT INTO surgery (id,date,patient_id,doctor_id) VALUES (2795,'2019-12-07',229,498);
INSERT INTO meds_for_surgery (surgery_id,med) VALUES (2795,'Dactinomycin');
INSERT INTO surgery (id,date,patient_id,doctor_id) VALUES (2796,'2019-12-25',221,105);
INSERT INTO meds_for_surgery (surgery_id,med) VALUES (2796,'Cefaclor');
INSERT INTO surgery (id,date,patient_id,doctor_id) VALUES (2797,'2019-12-06',386,366);
INSERT INTO meds_for_surgery (surgery_id,med) VALUES (2797,'Mycophenolate');
INSERT INTO surgery (id,date,patient_id,doctor_id) VALUES (2798,'2019-12-26',322,320);
INSERT INTO meds_for_surgery (surgery_id,med) VALUES (2798,'Ganciclovir');
INSERT INTO surgery (id,date,patient_id,doctor_id) VALUES (2799,'2019-12-22',456,335);
INSERT INTO meds_for_surgery (surgery_id,med) VALUES (2799,'Codeine');
INSERT INTO surgery (id,date,patient_id,doctor_id) VALUES (2800,'2019-12-02',444,196);
INSERT INTO meds_for_surgery (surgery_id,med) VALUES (2800,'Deferasirox');
INSERT INTO surgery (id,date,patient_id,doctor_id) VALUES (2801,'2019-12-13',297,24);
INSERT INTO meds_for_surgery (surgery_id,med) VALUES (2801,'Bleomycin');
INSERT INTO surgery (id,date,patient_id,doctor_id) VALUES (2802,'2019-11-25',470,287);
INSERT INTO meds_for_surgery (surgery_id,med) VALUES (2802,'Heparin');
INSERT INTO surgery (id,date,patient_id,doctor_id) VALUES (2803,'2019-11-26',254,123);
INSERT INTO meds_for_surgery (surgery_id,med) VALUES (2803,'Granisetron');
INSERT INTO surgery (id,date,patient_id,doctor_id) VALUES (2804,'2019-12-04',94,441);
INSERT INTO meds_for_surgery (surgery_id,med) VALUES (2804,'GM-CSF');
INSERT INTO surgery (id,date,patient_id,doctor_id) VALUES (2805,'2019-12-24',76,445);
INSERT INTO meds_for_surgery (surgery_id,med) VALUES (2805,'Vincristine');
INSERT INTO surgery (id,date,patient_id,doctor_id) VALUES (2806,'2019-12-27',97,118);
INSERT INTO meds_for_surgery (surgery_id,med) VALUES (2806,'Cladribine');
INSERT INTO surgery (id,date,patient_id,doctor_id) VALUES (2807,'2019-11-24',303,320);
INSERT INTO meds_for_surgery (surgery_id,med) VALUES (2807,'Tacrolimus');
INSERT INTO surgery (id,date,patient_id,doctor_id) VALUES (2808,'2019-12-26',246,438);
INSERT INTO meds_for_surgery (surgery_id,med) VALUES (2808,'Desmopressin');
INSERT INTO surgery (id,date,patient_id,doctor_id) VALUES (2809,'2019-12-11',168,262);
INSERT INTO meds_for_surgery (surgery_id,med) VALUES (2809,'Mycophenolate');
INSERT INTO surgery (id,date,patient_id,doctor_id) VALUES (2810,'2019-12-09',389,284);
INSERT INTO meds_for_surgery (surgery_id,med) VALUES (2810,'Fludarabine');
INSERT INTO surgery (id,date,patient_id,doctor_id) VALUES (2811,'2019-12-23',444,17);
INSERT INTO meds_for_surgery (surgery_id,med) VALUES (2811,'Carboplatin');
INSERT INTO surgery (id,date,patient_id,doctor_id) VALUES (2812,'2019-12-21',131,312);
INSERT INTO meds_for_surgery (surgery_id,med) VALUES (2812,'Daunorubicin');
INSERT INTO surgery (id,date,patient_id,doctor_id) VALUES (2813,'2019-12-20',180,62);
INSERT INTO meds_for_surgery (surgery_id,med) VALUES (2813,'Crizotinib');
INSERT INTO surgery (id,date,patient_id,doctor_id) VALUES (2814,'2019-12-23',378,354);
INSERT INTO meds_for_surgery (surgery_id,med) VALUES (2814,'Furosemide');
INSERT INTO surgery (id,date,patient_id,doctor_id) VALUES (2815,'2019-12-20',255,433);
INSERT INTO meds_for_surgery (surgery_id,med) VALUES (2815,'Dornase alfa');
INSERT INTO surgery (id,date,patient_id,doctor_id) VALUES (2816,'2019-12-26',449,151);
INSERT INTO meds_for_surgery (surgery_id,med) VALUES (2816,'Dronabinol');
INSERT INTO surgery (id,date,patient_id,doctor_id) VALUES (2817,'2019-11-26',229,162);
INSERT INTO meds_for_surgery (surgery_id,med) VALUES (2817,'Bosentan');
INSERT INTO surgery (id,date,patient_id,doctor_id) VALUES (2818,'2019-12-01',210,158);
INSERT INTO meds_for_surgery (surgery_id,med) VALUES (2818,'Alemtuzumab');
INSERT INTO surgery (id,date,patient_id,doctor_id) VALUES (2819,'2019-12-26',299,421);
INSERT INTO meds_for_surgery (surgery_id,med) VALUES (2819,'Lamivudine');
INSERT INTO surgery (id,date,patient_id,doctor_id) VALUES (2820,'2019-12-06',378,416);
INSERT INTO meds_for_surgery (surgery_id,med) VALUES (2820,'Bosentan');
INSERT INTO surgery (id,date,patient_id,doctor_id) VALUES (2821,'2019-12-23',188,123);
INSERT INTO meds_for_surgery (surgery_id,med) VALUES (2821,'Clofarabine');
INSERT INTO surgery (id,date,patient_id,doctor_id) VALUES (2822,'2019-11-30',327,62);
INSERT INTO meds_for_surgery (surgery_id,med) VALUES (2822,'Topotecan');
INSERT INTO surgery (id,date,patient_id,doctor_id) VALUES (2823,'2019-12-06',299,320);
INSERT INTO meds_for_surgery (surgery_id,med) VALUES (2823,'Lorazepam');
INSERT INTO surgery (id,date,patient_id,doctor_id) VALUES (2824,'2019-12-23',419,429);
INSERT INTO meds_for_surgery (surgery_id,med) VALUES (2824,'Heparin');
INSERT INTO surgery (id,date,patient_id,doctor_id) VALUES (2825,'2019-11-28',172,416);
INSERT INTO meds_for_surgery (surgery_id,med) VALUES (2825,'Asparaginase');
INSERT INTO surgery (id,date,patient_id,doctor_id) VALUES (2826,'2019-11-26',268,335);
INSERT INTO meds_for_surgery (surgery_id,med) VALUES (2826,'GM-CSF');
INSERT INTO surgery (id,date,patient_id,doctor_id) VALUES (2827,'2019-12-22',470,416);
INSERT INTO meds_for_surgery (surgery_id,med) VALUES (2827,'Linezolid');
INSERT INTO surgery (id,date,patient_id,doctor_id) VALUES (2828,'2019-11-28',293,243);
INSERT INTO meds_for_surgery (surgery_id,med) VALUES (2828,'G-CSF');
INSERT INTO surgery (id,date,patient_id,doctor_id) VALUES (2829,'2019-11-23',212,151);
INSERT INTO meds_for_surgery (surgery_id,med) VALUES (2829,'Dapsone');
INSERT INTO surgery (id,date,patient_id,doctor_id) VALUES (2830,'2019-11-23',378,329);
INSERT INTO meds_for_surgery (surgery_id,med) VALUES (2830,'Dexamethasone');
INSERT INTO surgery (id,date,patient_id,doctor_id) VALUES (2831,'2019-12-07',456,69);
INSERT INTO meds_for_surgery (surgery_id,med) VALUES (2831,'Etoposide');
INSERT INTO surgery (id,date,patient_id,doctor_id) VALUES (2832,'2019-12-04',253,153);
INSERT INTO meds_for_surgery (surgery_id,med) VALUES (2832,'Desmopressin');
INSERT INTO surgery (id,date,patient_id,doctor_id) VALUES (2833,'2019-12-15',188,158);
INSERT INTO meds_for_surgery (surgery_id,med) VALUES (2833,'Cefaclor');
INSERT INTO surgery (id,date,patient_id,doctor_id) VALUES (2834,'2019-12-13',246,121);
INSERT INTO meds_for_surgery (surgery_id,med) VALUES (2834,'Maraviroc');
INSERT INTO surgery (id,date,patient_id,doctor_id) VALUES (2835,'2019-11-23',7,358);
INSERT INTO meds_for_surgery (surgery_id,med) VALUES (2835,'Ritonavir');
INSERT INTO surgery (id,date,patient_id,doctor_id) VALUES (2836,'2019-12-07',255,151);
INSERT INTO meds_for_surgery (surgery_id,med) VALUES (2836,'Eltrombopag');
INSERT INTO surgery (id,date,patient_id,doctor_id) VALUES (2837,'2019-12-07',168,361);
INSERT INTO meds_for_surgery (surgery_id,med) VALUES (2837,'Phenobarbital');
INSERT INTO surgery (id,date,patient_id,doctor_id) VALUES (2838,'2019-12-02',181,111);
INSERT INTO meds_for_surgery (surgery_id,med) VALUES (2838,'Lamivudine');
INSERT INTO surgery (id,date,patient_id,doctor_id) VALUES (2839,'2019-12-07',48,164);
INSERT INTO meds_for_surgery (surgery_id,med) VALUES (2839,'Abacavir');
INSERT INTO surgery (id,date,patient_id,doctor_id) VALUES (2840,'2019-11-23',436,361);
INSERT INTO meds_for_surgery (surgery_id,med) VALUES (2840,'Atazanavir');
INSERT INTO surgery (id,date,patient_id,doctor_id) VALUES (2841,'2019-12-22',367,382);
INSERT INTO meds_for_surgery (surgery_id,med) VALUES (2841,'Methylphenidate');
INSERT INTO surgery (id,date,patient_id,doctor_id) VALUES (2842,'2019-12-25',378,489);
INSERT INTO meds_for_surgery (surgery_id,med) VALUES (2842,'Labetalol');
INSERT INTO surgery (id,date,patient_id,doctor_id) VALUES (2843,'2019-12-05',131,88);
INSERT INTO meds_for_surgery (surgery_id,med) VALUES (2843,'Mitotane');
INSERT INTO surgery (id,date,patient_id,doctor_id) VALUES (2844,'2019-12-19',406,196);
INSERT INTO meds_for_surgery (surgery_id,med) VALUES (2844,'Tacrolimus');
INSERT INTO surgery (id,date,patient_id,doctor_id) VALUES (2845,'2019-12-21',353,417);
INSERT INTO meds_for_surgery (surgery_id,med) VALUES (2845,'Voriconazole');
INSERT INTO surgery (id,date,patient_id,doctor_id) VALUES (2846,'2019-12-21',469,162);
INSERT INTO meds_for_surgery (surgery_id,med) VALUES (2846,'Busulfan');
INSERT INTO surgery (id,date,patient_id,doctor_id) VALUES (2847,'2019-12-25',242,158);
INSERT INTO meds_for_surgery (surgery_id,med) VALUES (2847,'Ranitidine');
INSERT INTO surgery (id,date,patient_id,doctor_id) VALUES (2848,'2019-11-26',201,243);
INSERT INTO meds_for_surgery (surgery_id,med) VALUES (2848,'Dexamethasone');
INSERT INTO surgery (id,date,patient_id,doctor_id) VALUES (2849,'2019-12-04',370,55);
INSERT INTO meds_for_surgery (surgery_id,med) VALUES (2849,'Norepinephrine');
INSERT INTO surgery (id,date,patient_id,doctor_id) VALUES (2850,'2019-12-10',48,111);
INSERT INTO meds_for_surgery (surgery_id,med) VALUES (2850,'Cidofovir');
INSERT INTO surgery (id,date,patient_id,doctor_id) VALUES (2851,'2019-11-28',457,75);
INSERT INTO meds_for_surgery (surgery_id,med) VALUES (2851,'Interleukin');
INSERT INTO surgery (id,date,patient_id,doctor_id) VALUES (2852,'2019-12-11',188,439);
INSERT INTO meds_for_surgery (surgery_id,med) VALUES (2852,'PEGaspargase');
INSERT INTO surgery (id,date,patient_id,doctor_id) VALUES (2853,'2019-11-26',297,287);
INSERT INTO meds_for_surgery (surgery_id,med) VALUES (2853,'Itraconazole');
INSERT INTO surgery (id,date,patient_id,doctor_id) VALUES (2854,'2019-12-25',161,466);
INSERT INTO meds_for_surgery (surgery_id,med) VALUES (2854,'Cyproheptadine');
INSERT INTO surgery (id,date,patient_id,doctor_id) VALUES (2855,'2019-12-25',479,348);
INSERT INTO meds_for_surgery (surgery_id,med) VALUES (2855,'Tacrolimus');
INSERT INTO surgery (id,date,patient_id,doctor_id) VALUES (2856,'2019-12-25',297,421);
INSERT INTO meds_for_surgery (surgery_id,med) VALUES (2856,'Trimethoprim');
INSERT INTO surgery (id,date,patient_id,doctor_id) VALUES (2857,'2019-11-23',407,466);
INSERT INTO meds_for_surgery (surgery_id,med) VALUES (2857,'Sugammadex');
INSERT INTO surgery (id,date,patient_id,doctor_id) VALUES (2858,'2019-11-29',249,164);
INSERT INTO meds_for_surgery (surgery_id,med) VALUES (2858,'Saquinavir');
INSERT INTO surgery (id,date,patient_id,doctor_id) VALUES (2859,'2019-12-10',182,88);
INSERT INTO meds_for_surgery (surgery_id,med) VALUES (2859,'Cladribine');
INSERT INTO surgery (id,date,patient_id,doctor_id) VALUES (2860,'2019-12-17',97,351);
INSERT INTO meds_for_surgery (surgery_id,med) VALUES (2860,'Atovaquone');
INSERT INTO surgery (id,date,patient_id,doctor_id) VALUES (2861,'2019-12-15',229,438);
INSERT INTO meds_for_surgery (surgery_id,med) VALUES (2861,'Amikacin');
INSERT INTO surgery (id,date,patient_id,doctor_id) VALUES (2862,'2019-12-14',174,351);
INSERT INTO meds_for_surgery (surgery_id,med) VALUES (2862,'Amoxicillin');
INSERT INTO surgery (id,date,patient_id,doctor_id) VALUES (2863,'2019-12-14',469,121);
INSERT INTO meds_for_surgery (surgery_id,med) VALUES (2863,'Voriconazole');
INSERT INTO surgery (id,date,patient_id,doctor_id) VALUES (2864,'2019-11-28',490,118);
INSERT INTO meds_for_surgery (surgery_id,med) VALUES (2864,'Enalapril');
INSERT INTO surgery (id,date,patient_id,doctor_id) VALUES (2865,'2019-12-01',500,96);
INSERT INTO meds_for_surgery (surgery_id,med) VALUES (2865,'Cytarabine');
INSERT INTO surgery (id,date,patient_id,doctor_id) VALUES (2866,'2019-12-01',291,276);
INSERT INTO meds_for_surgery (surgery_id,med) VALUES (2866,'Tretinoin');
INSERT INTO surgery (id,date,patient_id,doctor_id) VALUES (2867,'2019-12-21',86,225);
INSERT INTO meds_for_surgery (surgery_id,med) VALUES (2867,'Procarbazine');
INSERT INTO surgery (id,date,patient_id,doctor_id) VALUES (2868,'2019-11-26',357,445);
INSERT INTO meds_for_surgery (surgery_id,med) VALUES (2868,'Potassium');
INSERT INTO surgery (id,date,patient_id,doctor_id) VALUES (2869,'2019-12-26',173,55);
INSERT INTO meds_for_surgery (surgery_id,med) VALUES (2869,'Pegfilgrastim');
INSERT INTO surgery (id,date,patient_id,doctor_id) VALUES (2870,'2019-12-20',357,62);
INSERT INTO meds_for_surgery (surgery_id,med) VALUES (2870,'Methotrexate');
INSERT INTO surgery (id,date,patient_id,doctor_id) VALUES (2871,'2019-12-19',272,23);
INSERT INTO meds_for_surgery (surgery_id,med) VALUES (2871,'Hydrocortisone');
INSERT INTO surgery (id,date,patient_id,doctor_id) VALUES (2872,'2019-12-25',414,274);
INSERT INTO meds_for_surgery (surgery_id,med) VALUES (2872,'Dexamethasone');
INSERT INTO surgery (id,date,patient_id,doctor_id) VALUES (2873,'2019-11-29',131,305);
INSERT INTO meds_for_surgery (surgery_id,med) VALUES (2873,'Ritonavir');
INSERT INTO surgery (id,date,patient_id,doctor_id) VALUES (2874,'2019-12-04',254,103);
INSERT INTO meds_for_surgery (surgery_id,med) VALUES (2874,'Phenytoin');
INSERT INTO surgery (id,date,patient_id,doctor_id) VALUES (2875,'2019-12-27',299,129);
INSERT INTO meds_for_surgery (surgery_id,med) VALUES (2875,'Atovaquone');
INSERT INTO surgery (id,date,patient_id,doctor_id) VALUES (2876,'2019-12-23',464,153);
INSERT INTO meds_for_surgery (surgery_id,med) VALUES (2876,'Thiotepa');
INSERT INTO surgery (id,date,patient_id,doctor_id) VALUES (2877,'2019-12-24',229,312);
INSERT INTO meds_for_surgery (surgery_id,med) VALUES (2877,'Ketoconazole');
INSERT INTO surgery (id,date,patient_id,doctor_id) VALUES (2878,'2019-11-27',406,284);
INSERT INTO meds_for_surgery (surgery_id,med) VALUES (2878,'Ruxolitinib');
INSERT INTO surgery (id,date,patient_id,doctor_id) VALUES (2879,'2019-12-10',407,284);
INSERT INTO meds_for_surgery (surgery_id,med) VALUES (2879,'Clarithromycin');
INSERT INTO surgery (id,date,patient_id,doctor_id) VALUES (2880,'2019-12-14',172,262);
INSERT INTO meds_for_surgery (surgery_id,med) VALUES (2880,'Carmustine');
INSERT INTO surgery (id,date,patient_id,doctor_id) VALUES (2881,'2019-12-16',419,287);
INSERT INTO meds_for_surgery (surgery_id,med) VALUES (2881,'Micafungin');
INSERT INTO surgery (id,date,patient_id,doctor_id) VALUES (2882,'2019-12-14',182,75);
INSERT INTO meds_for_surgery (surgery_id,med) VALUES (2882,'Dobutamine');
INSERT INTO surgery (id,date,patient_id,doctor_id) VALUES (2883,'2019-12-27',102,354);
INSERT INTO meds_for_surgery (surgery_id,med) VALUES (2883,'Amoxicillin');
INSERT INTO surgery (id,date,patient_id,doctor_id) VALUES (2884,'2019-11-28',403,421);
INSERT INTO meds_for_surgery (surgery_id,med) VALUES (2884,'Lorazepam');
INSERT INTO surgery (id,date,patient_id,doctor_id) VALUES (2885,'2019-12-24',60,13);
INSERT INTO meds_for_surgery (surgery_id,med) VALUES (2885,'Hydralazine');
INSERT INTO surgery (id,date,patient_id,doctor_id) VALUES (2886,'2019-12-11',453,499);
INSERT INTO meds_for_surgery (surgery_id,med) VALUES (2886,'Thioguanine');
INSERT INTO surgery (id,date,patient_id,doctor_id) VALUES (2887,'2019-11-29',255,69);
INSERT INTO meds_for_surgery (surgery_id,med) VALUES (2887,'Emicizumab');
INSERT INTO surgery (id,date,patient_id,doctor_id) VALUES (2888,'2019-12-17',297,56);
INSERT INTO meds_for_surgery (surgery_id,med) VALUES (2888,'Gemcitabine');
INSERT INTO surgery (id,date,patient_id,doctor_id) VALUES (2889,'2019-12-09',176,10);
INSERT INTO meds_for_surgery (surgery_id,med) VALUES (2889,'Carboplatin');
INSERT INTO surgery (id,date,patient_id,doctor_id) VALUES (2890,'2019-11-23',52,439);
INSERT INTO meds_for_surgery (surgery_id,med) VALUES (2890,'Interferon');
INSERT INTO surgery (id,date,patient_id,doctor_id) VALUES (2891,'2019-12-04',500,75);
INSERT INTO meds_for_surgery (surgery_id,med) VALUES (2891,'Deferasirox');
INSERT INTO surgery (id,date,patient_id,doctor_id) VALUES (2892,'2019-11-24',222,47);
INSERT INTO meds_for_surgery (surgery_id,med) VALUES (2892,'Omeprazole');
INSERT INTO surgery (id,date,patient_id,doctor_id) VALUES (2893,'2019-11-26',181,164);
INSERT INTO meds_for_surgery (surgery_id,med) VALUES (2893,'Diclofenac');
INSERT INTO surgery (id,date,patient_id,doctor_id) VALUES (2894,'2019-12-24',161,312);
INSERT INTO meds_for_surgery (surgery_id,med) VALUES (2894,'Fluorouracil');
INSERT INTO surgery (id,date,patient_id,doctor_id) VALUES (2895,'2019-11-28',210,243);
INSERT INTO meds_for_surgery (surgery_id,med) VALUES (2895,'Enalapril');
INSERT INTO surgery (id,date,patient_id,doctor_id) VALUES (2896,'2019-12-05',293,465);
INSERT INTO meds_for_surgery (surgery_id,med) VALUES (2896,'Captopril');
INSERT INTO surgery (id,date,patient_id,doctor_id) VALUES (2897,'2019-12-24',33,23);
INSERT INTO meds_for_surgery (surgery_id,med) VALUES (2897,'Carmustine');
INSERT INTO surgery (id,date,patient_id,doctor_id) VALUES (2898,'2019-12-03',253,27);
INSERT INTO meds_for_surgery (surgery_id,med) VALUES (2898,'Etoposide');
INSERT INTO surgery (id,date,patient_id,doctor_id) VALUES (2899,'2019-11-25',291,416);
INSERT INTO meds_for_surgery (surgery_id,med) VALUES (2899,'Cyclophosphamide');
INSERT INTO surgery (id,date,patient_id,doctor_id) VALUES (2900,'2019-12-10',221,11);
INSERT INTO meds_for_surgery (surgery_id,med) VALUES (2900,'Vincristine');
INSERT INTO surgery (id,date,patient_id,doctor_id) VALUES (2901,'2019-11-29',31,422);
INSERT INTO meds_for_surgery (surgery_id,med) VALUES (2901,'Magnesium');
INSERT INTO surgery (id,date,patient_id,doctor_id) VALUES (2902,'2019-12-15',86,491);
INSERT INTO meds_for_surgery (surgery_id,med) VALUES (2902,'Rilpivirine');
INSERT INTO surgery (id,date,patient_id,doctor_id) VALUES (2903,'2019-12-14',181,17);
INSERT INTO meds_for_surgery (surgery_id,med) VALUES (2903,'Meloxicam');
INSERT INTO surgery (id,date,patient_id,doctor_id) VALUES (2904,'2019-11-26',327,118);
INSERT INTO meds_for_surgery (surgery_id,med) VALUES (2904,'L-glutamine');
INSERT INTO surgery (id,date,patient_id,doctor_id) VALUES (2905,'2019-11-27',242,422);
INSERT INTO meds_for_surgery (surgery_id,med) VALUES (2905,'Itraconazole');
INSERT INTO surgery (id,date,patient_id,doctor_id) VALUES (2906,'2019-11-28',102,284);
INSERT INTO meds_for_surgery (surgery_id,med) VALUES (2906,'Voriconazole');
INSERT INTO surgery (id,date,patient_id,doctor_id) VALUES (2907,'2019-12-10',500,483);
INSERT INTO meds_for_surgery (surgery_id,med) VALUES (2907,'Cytarabine');
INSERT INTO surgery (id,date,patient_id,doctor_id) VALUES (2908,'2019-12-02',299,124);
INSERT INTO meds_for_surgery (surgery_id,med) VALUES (2908,'Norepinephrine');
INSERT INTO surgery (id,date,patient_id,doctor_id) VALUES (2909,'2019-12-02',239,75);
INSERT INTO meds_for_surgery (surgery_id,med) VALUES (2909,'Mercaptopurine');
INSERT INTO surgery (id,date,patient_id,doctor_id) VALUES (2910,'2019-12-16',500,243);
INSERT INTO meds_for_surgery (surgery_id,med) VALUES (2910,'Ondansetron');
INSERT INTO surgery (id,date,patient_id,doctor_id) VALUES (2911,'2019-11-28',231,276);
INSERT INTO meds_for_surgery (surgery_id,med) VALUES (2911,'Phosphorus');
INSERT INTO surgery (id,date,patient_id,doctor_id) VALUES (2912,'2019-12-09',272,499);
INSERT INTO meds_for_surgery (surgery_id,med) VALUES (2912,'Modafinil');
INSERT INTO surgery (id,date,patient_id,doctor_id) VALUES (2913,'2019-12-24',500,429);
INSERT INTO meds_for_surgery (surgery_id,med) VALUES (2913,'Voriconazole');
INSERT INTO surgery (id,date,patient_id,doctor_id) VALUES (2914,'2019-12-19',303,47);
INSERT INTO meds_for_surgery (surgery_id,med) VALUES (2914,'Maraviroc');
INSERT INTO surgery (id,date,patient_id,doctor_id) VALUES (2915,'2019-12-14',15,105);
INSERT INTO meds_for_surgery (surgery_id,med) VALUES (2915,'Imipenem');
INSERT INTO surgery (id,date,patient_id,doctor_id) VALUES (2916,'2019-12-26',97,153);
INSERT INTO meds_for_surgery (surgery_id,med) VALUES (2916,'Promethazine');
INSERT INTO surgery (id,date,patient_id,doctor_id) VALUES (2917,'2019-12-27',324,329);
INSERT INTO meds_for_surgery (surgery_id,med) VALUES (2917,'Emtricitabine');
INSERT INTO surgery (id,date,patient_id,doctor_id) VALUES (2918,'2019-12-08',212,417);
INSERT INTO meds_for_surgery (surgery_id,med) VALUES (2918,'Famciclovir');
INSERT INTO surgery (id,date,patient_id,doctor_id) VALUES (2919,'2019-12-23',453,498);
INSERT INTO meds_for_surgery (surgery_id,med) VALUES (2919,'Fludarabine');
INSERT INTO surgery (id,date,patient_id,doctor_id) VALUES (2920,'2019-12-03',449,121);
INSERT INTO meds_for_surgery (surgery_id,med) VALUES (2920,'Hydroxyurea');
INSERT INTO surgery (id,date,patient_id,doctor_id) VALUES (2921,'2019-12-09',260,118);
INSERT INTO meds_for_surgery (surgery_id,med) VALUES (2921,'Teniposide');
INSERT INTO surgery (id,date,patient_id,doctor_id) VALUES (2922,'2019-11-28',201,425);
INSERT INTO meds_for_surgery (surgery_id,med) VALUES (2922,'Hydrocortisone');
INSERT INTO surgery (id,date,patient_id,doctor_id) VALUES (2923,'2019-11-29',272,103);
INSERT INTO meds_for_surgery (surgery_id,med) VALUES (2923,'Dopamine');
INSERT INTO surgery (id,date,patient_id,doctor_id) VALUES (2924,'2019-12-20',469,422);
INSERT INTO meds_for_surgery (surgery_id,med) VALUES (2924,'Aprepitant');
INSERT INTO surgery (id,date,patient_id,doctor_id) VALUES (2925,'2019-12-15',299,225);
INSERT INTO meds_for_surgery (surgery_id,med) VALUES (2925,'Etonogestrel');
INSERT INTO surgery (id,date,patient_id,doctor_id) VALUES (2926,'2019-12-26',277,129);
INSERT INTO meds_for_surgery (surgery_id,med) VALUES (2926,'Cisplatin');
INSERT INTO surgery (id,date,patient_id,doctor_id) VALUES (2927,'2019-11-29',457,243);
INSERT INTO meds_for_surgery (surgery_id,med) VALUES (2927,'Hydrocortisone');
INSERT INTO surgery (id,date,patient_id,doctor_id) VALUES (2928,'2019-12-24',154,115);
INSERT INTO meds_for_surgery (surgery_id,med) VALUES (2928,'Saquinavir');
INSERT INTO surgery (id,date,patient_id,doctor_id) VALUES (2929,'2019-12-02',436,34);
INSERT INTO meds_for_surgery (surgery_id,med) VALUES (2929,'Diclofenac');
INSERT INTO surgery (id,date,patient_id,doctor_id) VALUES (2930,'2019-12-01',135,34);
INSERT INTO meds_for_surgery (surgery_id,med) VALUES (2930,'Pegfilgrastim');
INSERT INTO surgery (id,date,patient_id,doctor_id) VALUES (2931,'2019-12-25',102,276);
INSERT INTO meds_for_surgery (surgery_id,med) VALUES (2931,'Linezolid');
INSERT INTO surgery (id,date,patient_id,doctor_id) VALUES (2932,'2019-12-26',242,225);
INSERT INTO meds_for_surgery (surgery_id,med) VALUES (2932,'Hydralazine');
INSERT INTO surgery (id,date,patient_id,doctor_id) VALUES (2933,'2019-12-16',407,416);
INSERT INTO meds_for_surgery (surgery_id,med) VALUES (2933,'Lomustine');
INSERT INTO surgery (id,date,patient_id,doctor_id) VALUES (2934,'2019-12-27',476,499);
INSERT INTO meds_for_surgery (surgery_id,med) VALUES (2934,'Carmustine');
INSERT INTO surgery (id,date,patient_id,doctor_id) VALUES (2935,'2019-12-09',378,438);
INSERT INTO meds_for_surgery (surgery_id,med) VALUES (2935,'Aminocaproic Acid');
INSERT INTO surgery (id,date,patient_id,doctor_id) VALUES (2936,'2019-12-19',353,111);
INSERT INTO meds_for_surgery (surgery_id,med) VALUES (2936,'Dacarbazine');
INSERT INTO surgery (id,date,patient_id,doctor_id) VALUES (2937,'2019-12-05',322,335);
INSERT INTO meds_for_surgery (surgery_id,med) VALUES (2937,'Raltegravir');
INSERT INTO surgery (id,date,patient_id,doctor_id) VALUES (2938,'2019-12-15',277,416);
INSERT INTO meds_for_surgery (surgery_id,med) VALUES (2938,'Famciclovir');
INSERT INTO surgery (id,date,patient_id,doctor_id) VALUES (2939,'2019-11-30',254,13);
INSERT INTO meds_for_surgery (surgery_id,med) VALUES (2939,'Lamivudine');
INSERT INTO surgery (id,date,patient_id,doctor_id) VALUES (2940,'2019-11-24',464,51);
INSERT INTO meds_for_surgery (surgery_id,med) VALUES (2940,'Bosentan');
INSERT INTO surgery (id,date,patient_id,doctor_id) VALUES (2941,'2019-12-17',187,335);
INSERT INTO meds_for_surgery (surgery_id,med) VALUES (2941,'Carboplatin');
INSERT INTO surgery (id,date,patient_id,doctor_id) VALUES (2942,'2019-11-29',273,262);
INSERT INTO meds_for_surgery (surgery_id,med) VALUES (2942,'Methylphenidate');
INSERT INTO surgery (id,date,patient_id,doctor_id) VALUES (2943,'2019-12-22',419,489);
INSERT INTO meds_for_surgery (surgery_id,med) VALUES (2943,'Leucovorin');
INSERT INTO surgery (id,date,patient_id,doctor_id) VALUES (2944,'2019-12-21',60,417);
INSERT INTO meds_for_surgery (surgery_id,med) VALUES (2944,'Cladribine');
INSERT INTO surgery (id,date,patient_id,doctor_id) VALUES (2945,'2019-11-29',87,56);
INSERT INTO meds_for_surgery (surgery_id,med) VALUES (2945,'Ketoconazole');
INSERT INTO surgery (id,date,patient_id,doctor_id) VALUES (2946,'2019-12-15',173,421);
INSERT INTO meds_for_surgery (surgery_id,med) VALUES (2946,'Etoposide');
INSERT INTO surgery (id,date,patient_id,doctor_id) VALUES (2947,'2019-12-05',52,121);
INSERT INTO meds_for_surgery (surgery_id,med) VALUES (2947,'Temozolomide');
INSERT INTO surgery (id,date,patient_id,doctor_id) VALUES (2948,'2019-11-25',293,123);
INSERT INTO meds_for_surgery (surgery_id,med) VALUES (2948,'Immune');
INSERT INTO surgery (id,date,patient_id,doctor_id) VALUES (2949,'2019-12-01',181,466);
INSERT INTO meds_for_surgery (surgery_id,med) VALUES (2949,'Aminocaproic Acid');
INSERT INTO surgery (id,date,patient_id,doctor_id) VALUES (2950,'2019-11-23',479,62);
INSERT INTO meds_for_surgery (surgery_id,med) VALUES (2950,'Pentamidine');
INSERT INTO surgery (id,date,patient_id,doctor_id) VALUES (2951,'2019-12-24',20,27);
INSERT INTO meds_for_surgery (surgery_id,med) VALUES (2951,'Immune');
INSERT INTO surgery (id,date,patient_id,doctor_id) VALUES (2952,'2019-12-18',102,22);
INSERT INTO meds_for_surgery (surgery_id,med) VALUES (2952,'Paclitaxel');
INSERT INTO surgery (id,date,patient_id,doctor_id) VALUES (2953,'2019-12-07',181,75);
INSERT INTO meds_for_surgery (surgery_id,med) VALUES (2953,'Valproic acid');
INSERT INTO surgery (id,date,patient_id,doctor_id) VALUES (2954,'2019-11-30',324,129);
INSERT INTO meds_for_surgery (surgery_id,med) VALUES (2954,'Ketoconazole');
INSERT INTO surgery (id,date,patient_id,doctor_id) VALUES (2955,'2019-11-30',297,354);
INSERT INTO meds_for_surgery (surgery_id,med) VALUES (2955,'Bleomycin');
INSERT INTO surgery (id,date,patient_id,doctor_id) VALUES (2956,'2019-11-24',131,51);
INSERT INTO meds_for_surgery (surgery_id,med) VALUES (2956,'Amikacin');
INSERT INTO surgery (id,date,patient_id,doctor_id) VALUES (2957,'2019-12-06',469,305);
INSERT INTO meds_for_surgery (surgery_id,med) VALUES (2957,'Mitotane');
INSERT INTO surgery (id,date,patient_id,doctor_id) VALUES (2958,'2019-12-18',419,425);
INSERT INTO meds_for_surgery (surgery_id,med) VALUES (2958,'Penicillin');
INSERT INTO surgery (id,date,patient_id,doctor_id) VALUES (2959,'2019-11-26',444,499);
INSERT INTO meds_for_surgery (surgery_id,med) VALUES (2959,'Heparin');
INSERT INTO surgery (id,date,patient_id,doctor_id) VALUES (2960,'2019-12-21',134,105);
INSERT INTO meds_for_surgery (surgery_id,med) VALUES (2960,'G-CSF');
INSERT INTO surgery (id,date,patient_id,doctor_id) VALUES (2961,'2019-12-21',174,305);
INSERT INTO meds_for_surgery (surgery_id,med) VALUES (2961,'Modafinil');
INSERT INTO surgery (id,date,patient_id,doctor_id) VALUES (2962,'2019-11-28',242,425);
INSERT INTO meds_for_surgery (surgery_id,med) VALUES (2962,'Foscarnet');
INSERT INTO surgery (id,date,patient_id,doctor_id) VALUES (2963,'2019-12-10',20,416);
INSERT INTO meds_for_surgery (surgery_id,med) VALUES (2963,'Vancomycin');
INSERT INTO surgery (id,date,patient_id,doctor_id) VALUES (2964,'2019-12-08',299,56);
INSERT INTO meds_for_surgery (surgery_id,med) VALUES (2964,'Cyclobenzaprine');
INSERT INTO surgery (id,date,patient_id,doctor_id) VALUES (2965,'2019-12-01',444,162);
INSERT INTO meds_for_surgery (surgery_id,med) VALUES (2965,'Aprepitant');
INSERT INTO surgery (id,date,patient_id,doctor_id) VALUES (2966,'2019-12-14',464,360);
INSERT INTO meds_for_surgery (surgery_id,med) VALUES (2966,'Amikacin');
INSERT INTO surgery (id,date,patient_id,doctor_id) VALUES (2967,'2019-12-17',224,441);
INSERT INTO meds_for_surgery (surgery_id,med) VALUES (2967,'Cefaclor');
INSERT INTO surgery (id,date,patient_id,doctor_id) VALUES (2968,'2019-11-26',87,301);
INSERT INTO meds_for_surgery (surgery_id,med) VALUES (2968,'Furosemide');
INSERT INTO surgery (id,date,patient_id,doctor_id) VALUES (2969,'2019-12-25',315,158);
INSERT INTO meds_for_surgery (surgery_id,med) VALUES (2969,'Lamivudine');
INSERT INTO surgery (id,date,patient_id,doctor_id) VALUES (2970,'2019-12-02',181,158);
INSERT INTO meds_for_surgery (surgery_id,med) VALUES (2970,'Temozolomide');
INSERT INTO surgery (id,date,patient_id,doctor_id) VALUES (2971,'2019-12-08',206,243);
INSERT INTO meds_for_surgery (surgery_id,med) VALUES (2971,'Vinblastine');
INSERT INTO surgery (id,date,patient_id,doctor_id) VALUES (2972,'2019-11-28',378,423);
INSERT INTO meds_for_surgery (surgery_id,med) VALUES (2972,'Linezolid');
INSERT INTO surgery (id,date,patient_id,doctor_id) VALUES (2973,'2019-12-04',479,262);
INSERT INTO meds_for_surgery (surgery_id,med) VALUES (2973,'Sucralfate');
INSERT INTO surgery (id,date,patient_id,doctor_id) VALUES (2974,'2019-12-08',297,141);
INSERT INTO meds_for_surgery (surgery_id,med) VALUES (2974,'Dornase alfa');
INSERT INTO surgery (id,date,patient_id,doctor_id) VALUES (2975,'2019-11-30',273,466);
INSERT INTO meds_for_surgery (surgery_id,med) VALUES (2975,'Gemtuzumab');
INSERT INTO surgery (id,date,patient_id,doctor_id) VALUES (2976,'2019-12-22',161,429);
INSERT INTO meds_for_surgery (surgery_id,med) VALUES (2976,'Amlodipine');
INSERT INTO surgery (id,date,patient_id,doctor_id) VALUES (2977,'2019-12-07',195,499);
INSERT INTO meds_for_surgery (surgery_id,med) VALUES (2977,'Cyclophosphamide');
INSERT INTO surgery (id,date,patient_id,doctor_id) VALUES (2978,'2019-12-05',410,360);
INSERT INTO meds_for_surgery (surgery_id,med) VALUES (2978,'Amikacin');
INSERT INTO surgery (id,date,patient_id,doctor_id) VALUES (2979,'2019-12-08',386,425);
INSERT INTO meds_for_surgery (surgery_id,med) VALUES (2979,'Fludarabine');
INSERT INTO surgery (id,date,patient_id,doctor_id) VALUES (2980,'2019-12-18',453,441);
INSERT INTO meds_for_surgery (surgery_id,med) VALUES (2980,'Labetalol');
INSERT INTO surgery (id,date,patient_id,doctor_id) VALUES (2981,'2019-12-10',97,22);
INSERT INTO meds_for_surgery (surgery_id,med) VALUES (2981,'Labetalol');
INSERT INTO surgery (id,date,patient_id,doctor_id) VALUES (2982,'2019-12-19',168,69);
INSERT INTO meds_for_surgery (surgery_id,med) VALUES (2982,'Ritonavir');
INSERT INTO surgery (id,date,patient_id,doctor_id) VALUES (2983,'2019-12-08',327,164);
INSERT INTO meds_for_surgery (surgery_id,med) VALUES (2983,'Promethazine');
INSERT INTO surgery (id,date,patient_id,doctor_id) VALUES (2984,'2019-12-14',229,111);
INSERT INTO meds_for_surgery (surgery_id,med) VALUES (2984,'Crizotinib');
INSERT INTO surgery (id,date,patient_id,doctor_id) VALUES (2985,'2019-12-04',176,354);
INSERT INTO meds_for_surgery (surgery_id,med) VALUES (2985,'Phenytoin');
INSERT INTO surgery (id,date,patient_id,doctor_id) VALUES (2986,'2019-11-24',48,305);
INSERT INTO meds_for_surgery (surgery_id,med) VALUES (2986,'Paclitaxel');
INSERT INTO surgery (id,date,patient_id,doctor_id) VALUES (2987,'2019-12-11',173,351);
INSERT INTO meds_for_surgery (surgery_id,med) VALUES (2987,'Gabapentin');
INSERT INTO surgery (id,date,patient_id,doctor_id) VALUES (2988,'2019-11-24',194,402);
INSERT INTO meds_for_surgery (surgery_id,med) VALUES (2988,'Cidofovir');
INSERT INTO surgery (id,date,patient_id,doctor_id) VALUES (2989,'2019-12-05',231,153);
INSERT INTO meds_for_surgery (surgery_id,med) VALUES (2989,'Calcium');
INSERT INTO surgery (id,date,patient_id,doctor_id) VALUES (2990,'2019-12-04',87,421);
INSERT INTO meds_for_surgery (surgery_id,med) VALUES (2990,'Mechlorethamine');
INSERT INTO surgery (id,date,patient_id,doctor_id) VALUES (2991,'2019-12-13',389,441);
INSERT INTO meds_for_surgery (surgery_id,med) VALUES (2991,'Etoposide');
INSERT INTO surgery (id,date,patient_id,doctor_id) VALUES (2992,'2019-12-08',325,329);
INSERT INTO meds_for_surgery (surgery_id,med) VALUES (2992,'Efavirenz');
INSERT INTO surgery (id,date,patient_id,doctor_id) VALUES (2993,'2019-12-16',60,429);
INSERT INTO meds_for_surgery (surgery_id,med) VALUES (2993,'Meropenem');
INSERT INTO surgery (id,date,patient_id,doctor_id) VALUES (2994,'2019-12-26',384,27);
INSERT INTO meds_for_surgery (surgery_id,med) VALUES (2994,'Amoxicillin');
INSERT INTO surgery (id,date,patient_id,doctor_id) VALUES (2995,'2019-11-24',324,361);
INSERT INTO meds_for_surgery (surgery_id,med) VALUES (2995,'Amikacin');
INSERT INTO surgery (id,date,patient_id,doctor_id) VALUES (2996,'2019-12-23',353,225);
INSERT INTO meds_for_surgery (surgery_id,med) VALUES (2996,'Mesna');
INSERT INTO surgery (id,date,patient_id,doctor_id) VALUES (2997,'2019-11-26',260,421);
INSERT INTO meds_for_surgery (surgery_id,med) VALUES (2997,'Aminocaproic Acid');
INSERT INTO surgery (id,date,patient_id,doctor_id) VALUES (2998,'2019-12-15',181,141);
INSERT INTO meds_for_surgery (surgery_id,med) VALUES (2998,'Bosentan');
INSERT INTO surgery (id,date,patient_id,doctor_id) VALUES (2999,'2019-11-28',180,196);
INSERT INTO meds_for_surgery (surgery_id,med) VALUES (2999,'Codeine');
INSERT INTO surgery (id,date,patient_id,doctor_id) VALUES (3000,'2019-12-23',453,158);
INSERT INTO meds_for_surgery (surgery_id,med) VALUES (3000,'Melphalan');