
INSERT INTO medicine (name,amount) VALUES ('Itraconazole',36);
INSERT INTO medicine (name,amount) VALUES ('Dopamine',45);
INSERT INTO request_med (date,med,amount,requester) VALUES ('2019-12-14','Dopamine',9,645);
INSERT INTO patient_allergies (patient_id,preparate) VALUES (469,'Dopamine');
INSERT INTO medicine (name,amount) VALUES ('Acyclovir',92);
INSERT INTO medicine (name,amount) VALUES ('Allopurinol',35);
INSERT INTO medicine (name,amount) VALUES ('Carboplatin',94);
INSERT INTO medicine (name,amount) VALUES ('Melphalan',71);
INSERT INTO request_med (date,med,amount,requester) VALUES ('2019-11-24','Melphalan',6,498);
INSERT INTO patient_allergies (patient_id,preparate) VALUES (859,'Melphalan');
INSERT INTO medicine (name,amount) VALUES ('Dronabinol',89);
INSERT INTO request_med (date,med,amount,requester) VALUES ('2019-12-06','Dronabinol',4,501);
INSERT INTO patient_allergies (patient_id,preparate) VALUES (665,'Dronabinol');
INSERT INTO medicine (name,amount) VALUES ('L-glutamine',8);
INSERT INTO request_med (date,med,amount,requester) VALUES ('2019-12-08','L-glutamine',7,126);
INSERT INTO patient_allergies (patient_id,preparate) VALUES (13,'L-glutamine');
INSERT INTO medicine (name,amount) VALUES ('Cefaclor',95);
INSERT INTO medicine (name,amount) VALUES ('Isotretinoin',100);
INSERT INTO medicine (name,amount) VALUES ('Hydrocodone',66);
INSERT INTO medicine (name,amount) VALUES ('Carmustine',86);
INSERT INTO request_med (date,med,amount,requester) VALUES ('2019-11-20','Carmustine',1,37);
INSERT INTO patient_allergies (patient_id,preparate) VALUES (849,'Carmustine');
INSERT INTO medicine (name,amount) VALUES ('Mitotane',15);
INSERT INTO medicine (name,amount) VALUES ('Ritonavir',15);
INSERT INTO request_med (date,med,amount,requester) VALUES ('2019-11-27','Ritonavir',9,366);
INSERT INTO patient_allergies (patient_id,preparate) VALUES (952,'Ritonavir');
INSERT INTO medicine (name,amount) VALUES ('Ganciclovir',31);
INSERT INTO request_med (date,med,amount,requester) VALUES ('2019-12-20','Ganciclovir',4,887);
INSERT INTO patient_allergies (patient_id,preparate) VALUES (215,'Ganciclovir');
INSERT INTO medicine (name,amount) VALUES ('Clofarabine',87);
INSERT INTO medicine (name,amount) VALUES ('Alemtuzumab',16);
INSERT INTO request_med (date,med,amount,requester) VALUES ('2019-12-14','Alemtuzumab',3,405);
INSERT INTO patient_allergies (patient_id,preparate) VALUES (572,'Alemtuzumab');
INSERT INTO medicine (name,amount) VALUES ('Desmopressin',39);
INSERT INTO request_med (date,med,amount,requester) VALUES ('2019-12-19','Desmopressin',4,429);
INSERT INTO patient_allergies (patient_id,preparate) VALUES (75,'Desmopressin');
INSERT INTO medicine (name,amount) VALUES ('Topotecan',21);
INSERT INTO medicine (name,amount) VALUES ('Hydromorphone',28);
INSERT INTO medicine (name,amount) VALUES ('Doxorubicin',87);
INSERT INTO medicine (name,amount) VALUES ('Promethazine',18);
INSERT INTO medicine (name,amount) VALUES ('GM-CSF',81);
INSERT INTO medicine (name,amount) VALUES ('Calcium',21);
INSERT INTO request_med (date,med,amount,requester) VALUES ('2019-12-22','Calcium',8,273);
INSERT INTO patient_allergies (patient_id,preparate) VALUES (182,'Calcium');
INSERT INTO medicine (name,amount) VALUES ('Zidovudine',55);
INSERT INTO request_med (date,med,amount,requester) VALUES ('2019-12-13','Zidovudine',2,848);
INSERT INTO patient_allergies (patient_id,preparate) VALUES (226,'Zidovudine');
INSERT INTO medicine (name,amount) VALUES ('Ketoconazole',2);
INSERT INTO medicine (name,amount) VALUES ('Potassium',90);
INSERT INTO request_med (date,med,amount,requester) VALUES ('2019-12-04','Potassium',2,389);
INSERT INTO patient_allergies (patient_id,preparate) VALUES (41,'Potassium');
INSERT INTO medicine (name,amount) VALUES ('Etravirine',16);
INSERT INTO medicine (name,amount) VALUES ('Cyclosporine',47);
INSERT INTO medicine (name,amount) VALUES ('Leucovorin',31);
INSERT INTO medicine (name,amount) VALUES ('Methadone',85);
INSERT INTO request_med (date,med,amount,requester) VALUES ('2019-11-21','Methadone',3,942);
INSERT INTO patient_allergies (patient_id,preparate) VALUES (13,'Methadone');
INSERT INTO medicine (name,amount) VALUES ('Eltrombopag',86);
INSERT INTO medicine (name,amount) VALUES ('Propoxyphene',99);
INSERT INTO request_med (date,med,amount,requester) VALUES ('2019-12-07','Propoxyphene',7,946);
INSERT INTO patient_allergies (patient_id,preparate) VALUES (159,'Propoxyphene');
INSERT INTO medicine (name,amount) VALUES ('Baclofen',23);
INSERT INTO request_med (date,med,amount,requester) VALUES ('2019-11-28','Baclofen',2,882);
INSERT INTO patient_allergies (patient_id,preparate) VALUES (45,'Baclofen');
INSERT INTO medicine (name,amount) VALUES ('Tacrolimus',63);
INSERT INTO medicine (name,amount) VALUES ('Neuromuscular',3);
INSERT INTO request_med (date,med,amount,requester) VALUES ('2019-11-21','Neuromuscular',10,982);
INSERT INTO patient_allergies (patient_id,preparate) VALUES (206,'Neuromuscular');
INSERT INTO medicine (name,amount) VALUES ('Fluorouracil',50);
INSERT INTO request_med (date,med,amount,requester) VALUES ('2019-12-14','Fluorouracil',1,535);
INSERT INTO patient_allergies (patient_id,preparate) VALUES (46,'Fluorouracil');
INSERT INTO medicine (name,amount) VALUES ('Meperidine',56);
INSERT INTO request_med (date,med,amount,requester) VALUES ('2019-11-22','Meperidine',10,448);
INSERT INTO patient_allergies (patient_id,preparate) VALUES (655,'Meperidine');
INSERT INTO medicine (name,amount) VALUES ('Didanosine',31);
INSERT INTO medicine (name,amount) VALUES ('Cladribine',52);
INSERT INTO medicine (name,amount) VALUES ('Nelfinavir',85);
INSERT INTO medicine (name,amount) VALUES ('Phenytoin',12);
INSERT INTO medicine (name,amount) VALUES ('Immune',87);
INSERT INTO request_med (date,med,amount,requester) VALUES ('2019-12-22','Immune',10,90);
INSERT INTO patient_allergies (patient_id,preparate) VALUES (19,'Immune');
INSERT INTO medicine (name,amount) VALUES ('Saquinavir',14);
INSERT INTO medicine (name,amount) VALUES ('Sunitinib',77);
INSERT INTO medicine (name,amount) VALUES ('Azithromycin',31);
INSERT INTO medicine (name,amount) VALUES ('Erythropoietin',5);
INSERT INTO request_med (date,med,amount,requester) VALUES ('2019-12-20','Erythropoietin',4,330);
INSERT INTO patient_allergies (patient_id,preparate) VALUES (482,'Erythropoietin');
INSERT INTO medicine (name,amount) VALUES ('Mycophenolate',68);
INSERT INTO request_med (date,med,amount,requester) VALUES ('2019-11-22','Mycophenolate',2,17);
INSERT INTO patient_allergies (patient_id,preparate) VALUES (249,'Mycophenolate');
INSERT INTO medicine (name,amount) VALUES ('Amlodipine',46);
INSERT INTO medicine (name,amount) VALUES ('Nevirapine',97);
INSERT INTO medicine (name,amount) VALUES ('Vinblastine',0);
INSERT INTO medicine (name,amount) VALUES ('Sugammadex',40);
INSERT INTO request_med (date,med,amount,requester) VALUES ('2019-12-19','Sugammadex',10,938);
INSERT INTO patient_allergies (patient_id,preparate) VALUES (698,'Sugammadex');
INSERT INTO medicine (name,amount) VALUES ('Sorafenib',60);
INSERT INTO request_med (date,med,amount,requester) VALUES ('2019-12-22','Sorafenib',2,196);
INSERT INTO patient_allergies (patient_id,preparate) VALUES (921,'Sorafenib');
INSERT INTO medicine (name,amount) VALUES ('Tenofovir',10);
INSERT INTO request_med (date,med,amount,requester) VALUES ('2019-12-15','Tenofovir',6,354);
INSERT INTO patient_allergies (patient_id,preparate) VALUES (717,'Tenofovir');
INSERT INTO medicine (name,amount) VALUES ('Levothyroxine',57);
INSERT INTO request_med (date,med,amount,requester) VALUES ('2019-11-29','Levothyroxine',1,543);
INSERT INTO patient_allergies (patient_id,preparate) VALUES (71,'Levothyroxine');
INSERT INTO medicine (name,amount) VALUES ('Etonogestrel',94);
INSERT INTO medicine (name,amount) VALUES ('Daunorubicin',53);
INSERT INTO medicine (name,amount) VALUES ('Rivaroxaban',98);
INSERT INTO medicine (name,amount) VALUES ('Linezolid',85);
INSERT INTO request_med (date,med,amount,requester) VALUES ('2019-11-20','Linezolid',3,397);
INSERT INTO patient_allergies (patient_id,preparate) VALUES (717,'Linezolid');
INSERT INTO medicine (name,amount) VALUES ('Maraviroc',95);
INSERT INTO medicine (name,amount) VALUES ('Ranitidine',95);
INSERT INTO medicine (name,amount) VALUES ('Enalapril',30);
INSERT INTO medicine (name,amount) VALUES ('Hydroxyurea',39);
INSERT INTO medicine (name,amount) VALUES ('Meropenem',15);
INSERT INTO medicine (name,amount) VALUES ('Abacavir',60);
INSERT INTO request_med (date,med,amount,requester) VALUES ('2019-12-10','Abacavir',4,74);
INSERT INTO patient_allergies (patient_id,preparate) VALUES (247,'Abacavir');
INSERT INTO medicine (name,amount) VALUES ('Methylphenidate',19);
INSERT INTO medicine (name,amount) VALUES ('Dornase alfa',62);
INSERT INTO request_med (date,med,amount,requester) VALUES ('2019-11-20','Dornase alfa',9,386);
INSERT INTO patient_allergies (patient_id,preparate) VALUES (201,'Dornase alfa');
INSERT INTO medicine (name,amount) VALUES ('Thioguanine',12);
INSERT INTO request_med (date,med,amount,requester) VALUES ('2019-12-09','Thioguanine',2,847);
INSERT INTO patient_allergies (patient_id,preparate) VALUES (665,'Thioguanine');
INSERT INTO medicine (name,amount) VALUES ('Interleukin',53);
INSERT INTO request_med (date,med,amount,requester) VALUES ('2019-11-20','Interleukin',7,955);
INSERT INTO patient_allergies (patient_id,preparate) VALUES (474,'Interleukin');
INSERT INTO medicine (name,amount) VALUES ('Asparaginase',48);
INSERT INTO request_med (date,med,amount,requester) VALUES ('2019-12-03','Asparaginase',3,648);
INSERT INTO patient_allergies (patient_id,preparate) VALUES (931,'Asparaginase');
INSERT INTO medicine (name,amount) VALUES ('Erlotinib',55);
INSERT INTO request_med (date,med,amount,requester) VALUES ('2019-11-26','Erlotinib',6,468);
INSERT INTO patient_allergies (patient_id,preparate) VALUES (650,'Erlotinib');
INSERT INTO medicine (name,amount) VALUES ('Lamivudine',9);
INSERT INTO request_med (date,med,amount,requester) VALUES ('2019-12-14','Lamivudine',6,244);
INSERT INTO patient_allergies (patient_id,preparate) VALUES (46,'Lamivudine');
INSERT INTO medicine (name,amount) VALUES ('Penicillin',60);
INSERT INTO request_med (date,med,amount,requester) VALUES ('2019-12-16','Penicillin',5,926);
INSERT INTO patient_allergies (patient_id,preparate) VALUES (947,'Penicillin');
INSERT INTO medicine (name,amount) VALUES ('Enoxaparin',96);
INSERT INTO medicine (name,amount) VALUES ('Pemetrexed',54);
INSERT INTO medicine (name,amount) VALUES ('Amifostine',45);
INSERT INTO request_med (date,med,amount,requester) VALUES ('2019-12-01','Amifostine',4,904);
INSERT INTO patient_allergies (patient_id,preparate) VALUES (239,'Amifostine');
INSERT INTO medicine (name,amount) VALUES ('Emicizumab',87);
INSERT INTO medicine (name,amount) VALUES ('Stavudine',64);
INSERT INTO request_med (date,med,amount,requester) VALUES ('2019-12-20','Stavudine',5,321);
INSERT INTO patient_allergies (patient_id,preparate) VALUES (339,'Stavudine');
INSERT INTO medicine (name,amount) VALUES ('Rilpivirine',13);
INSERT INTO medicine (name,amount) VALUES ('Etoposide',67);
INSERT INTO request_med (date,med,amount,requester) VALUES ('2019-12-13','Etoposide',6,939);
INSERT INTO patient_allergies (patient_id,preparate) VALUES (151,'Etoposide');
INSERT INTO medicine (name,amount) VALUES ('Morphine',28);
INSERT INTO request_med (date,med,amount,requester) VALUES ('2019-11-24','Morphine',1,794);
INSERT INTO patient_allergies (patient_id,preparate) VALUES (767,'Morphine');
INSERT INTO medicine (name,amount) VALUES ('Methotrexate',55);
INSERT INTO medicine (name,amount) VALUES ('Cyproheptadine',78);
INSERT INTO medicine (name,amount) VALUES ('Vorinostat',42);
INSERT INTO request_med (date,med,amount,requester) VALUES ('2019-12-24','Vorinostat',3,857);
INSERT INTO patient_allergies (patient_id,preparate) VALUES (6,'Vorinostat');
INSERT INTO medicine (name,amount) VALUES ('Probenecid',42);
INSERT INTO request_med (date,med,amount,requester) VALUES ('2019-11-30','Probenecid',5,140);
INSERT INTO patient_allergies (patient_id,preparate) VALUES (476,'Probenecid');
INSERT INTO medicine (name,amount) VALUES ('Cephalexin',85);
INSERT INTO medicine (name,amount) VALUES ('Thiotepa',6);
INSERT INTO request_med (date,med,amount,requester) VALUES ('2019-11-27','Thiotepa',2,362);
INSERT INTO patient_allergies (patient_id,preparate) VALUES (446,'Thiotepa');
INSERT INTO medicine (name,amount) VALUES ('Dapsone',80);
INSERT INTO request_med (date,med,amount,requester) VALUES ('2019-11-29','Dapsone',8,452);
INSERT INTO patient_allergies (patient_id,preparate) VALUES (524,'Dapsone');
INSERT INTO medicine (name,amount) VALUES ('Irinotecan',90);
INSERT INTO medicine (name,amount) VALUES ('Voriconazole',100);
INSERT INTO request_med (date,med,amount,requester) VALUES ('2019-12-07','Voriconazole',2,199);
INSERT INTO patient_allergies (patient_id,preparate) VALUES (486,'Voriconazole');
INSERT INTO medicine (name,amount) VALUES ('Amitriptyline',31);
INSERT INTO medicine (name,amount) VALUES ('Gabapentin',98);
INSERT INTO medicine (name,amount) VALUES ('Fluconazole',84);
INSERT INTO request_med (date,med,amount,requester) VALUES ('2019-12-18','Fluconazole',3,176);
INSERT INTO patient_allergies (patient_id,preparate) VALUES (840,'Fluconazole');
INSERT INTO medicine (name,amount) VALUES ('Cefuroxime',99);
INSERT INTO medicine (name,amount) VALUES ('Vancomycin',82);
INSERT INTO request_med (date,med,amount,requester) VALUES ('2019-12-07','Vancomycin',2,919);
INSERT INTO patient_allergies (patient_id,preparate) VALUES (589,'Vancomycin');
INSERT INTO medicine (name,amount) VALUES ('Dexamethasone',53);
INSERT INTO request_med (date,med,amount,requester) VALUES ('2019-11-21','Dexamethasone',9,766);
INSERT INTO patient_allergies (patient_id,preparate) VALUES (46,'Dexamethasone');
INSERT INTO medicine (name,amount) VALUES ('Hydralazine',15);
INSERT INTO medicine (name,amount) VALUES ('Cidofovir',30);
INSERT INTO medicine (name,amount) VALUES ('PEGaspargase',17);
INSERT INTO request_med (date,med,amount,requester) VALUES ('2019-12-15','PEGaspargase',3,997);
INSERT INTO patient_allergies (patient_id,preparate) VALUES (617,'PEGaspargase');
INSERT INTO medicine (name,amount) VALUES ('Tobramycin',84);
INSERT INTO medicine (name,amount) VALUES ('Furosemide',98);
INSERT INTO medicine (name,amount) VALUES ('Rituximab',18);
INSERT INTO request_med (date,med,amount,requester) VALUES ('2019-12-04','Rituximab',4,583);
INSERT INTO patient_allergies (patient_id,preparate) VALUES (927,'Rituximab');
INSERT INTO medicine (name,amount) VALUES ('Bleomycin',4);
INSERT INTO request_med (date,med,amount,requester) VALUES ('2019-11-28','Bleomycin',8,285);
INSERT INTO patient_allergies (patient_id,preparate) VALUES (320,'Bleomycin');
INSERT INTO medicine (name,amount) VALUES ('Phosphorus',45);
INSERT INTO request_med (date,med,amount,requester) VALUES ('2019-11-20','Phosphorus',10,709);
INSERT INTO patient_allergies (patient_id,preparate) VALUES (174,'Phosphorus');
INSERT INTO medicine (name,amount) VALUES ('Dasatinib',94);
INSERT INTO request_med (date,med,amount,requester) VALUES ('2019-12-23','Dasatinib',9,525);
INSERT INTO patient_allergies (patient_id,preparate) VALUES (304,'Dasatinib');
INSERT INTO medicine (name,amount) VALUES ('Vincristine',38);
INSERT INTO request_med (date,med,amount,requester) VALUES ('2019-12-19','Vincristine',1,807);
INSERT INTO patient_allergies (patient_id,preparate) VALUES (209,'Vincristine');
INSERT INTO medicine (name,amount) VALUES ('Procarbazine',47);
INSERT INTO request_med (date,med,amount,requester) VALUES ('2019-12-15','Procarbazine',4,515);
INSERT INTO patient_allergies (patient_id,preparate) VALUES (175,'Procarbazine');
INSERT INTO medicine (name,amount) VALUES ('Emtricitabine',23);
INSERT INTO request_med (date,med,amount,requester) VALUES ('2019-12-15','Emtricitabine',3,29);
INSERT INTO patient_allergies (patient_id,preparate) VALUES (920,'Emtricitabine');
INSERT INTO medicine (name,amount) VALUES ('Gemcitabine',89);
INSERT INTO request_med (date,med,amount,requester) VALUES ('2019-11-22','Gemcitabine',7,281);
INSERT INTO patient_allergies (patient_id,preparate) VALUES (852,'Gemcitabine');
INSERT INTO medicine (name,amount) VALUES ('Dacarbazine',71);
INSERT INTO request_med (date,med,amount,requester) VALUES ('2019-12-05','Dacarbazine',1,590);
INSERT INTO patient_allergies (patient_id,preparate) VALUES (92,'Dacarbazine');
INSERT INTO medicine (name,amount) VALUES ('Ondansetron',29);
INSERT INTO medicine (name,amount) VALUES ('Gemtuzumab',95);
INSERT INTO request_med (date,med,amount,requester) VALUES ('2019-12-21','Gemtuzumab',10,251);
INSERT INTO patient_allergies (patient_id,preparate) VALUES (627,'Gemtuzumab');
INSERT INTO medicine (name,amount) VALUES ('Dinutuximab',27);
INSERT INTO request_med (date,med,amount,requester) VALUES ('2019-12-18','Dinutuximab',8,313);
INSERT INTO patient_allergies (patient_id,preparate) VALUES (634,'Dinutuximab');
INSERT INTO medicine (name,amount) VALUES ('Cisplatin',16);
INSERT INTO request_med (date,med,amount,requester) VALUES ('2019-12-09','Cisplatin',6,590);
INSERT INTO patient_allergies (patient_id,preparate) VALUES (815,'Cisplatin');
INSERT INTO medicine (name,amount) VALUES ('Elvitegravir',50);
INSERT INTO request_med (date,med,amount,requester) VALUES ('2019-11-20','Elvitegravir',2,672);
INSERT INTO patient_allergies (patient_id,preparate) VALUES (483,'Elvitegravir');
INSERT INTO medicine (name,amount) VALUES ('Cefixime',77);
INSERT INTO medicine (name,amount) VALUES ('Lopinavir',38);
INSERT INTO medicine (name,amount) VALUES ('Imatinib',72);
INSERT INTO request_med (date,med,amount,requester) VALUES ('2019-12-17','Imatinib',7,193);
INSERT INTO patient_allergies (patient_id,preparate) VALUES (92,'Imatinib');
INSERT INTO medicine (name,amount) VALUES ('Aminocaproic Acid',87);
INSERT INTO request_med (date,med,amount,requester) VALUES ('2019-12-20','Aminocaproic Acid',10,164);
INSERT INTO patient_allergies (patient_id,preparate) VALUES (391,'Aminocaproic Acid');
INSERT INTO medicine (name,amount) VALUES ('Clarithromycin',72);
INSERT INTO medicine (name,amount) VALUES ('Granisetron',52);
INSERT INTO request_med (date,med,amount,requester) VALUES ('2019-11-24','Granisetron',8,465);
INSERT INTO patient_allergies (patient_id,preparate) VALUES (304,'Granisetron');
INSERT INTO medicine (name,amount) VALUES ('Pegfilgrastim',85);
INSERT INTO medicine (name,amount) VALUES ('Raltegravir',0);
INSERT INTO request_med (date,med,amount,requester) VALUES ('2019-11-22','Raltegravir',5,1000);
INSERT INTO patient_allergies (patient_id,preparate) VALUES (920,'Raltegravir');
INSERT INTO medicine (name,amount) VALUES ('Dobutamine',43);
INSERT INTO medicine (name,amount) VALUES ('Captopril',27);
INSERT INTO request_med (date,med,amount,requester) VALUES ('2019-11-23','Captopril',5,576);
INSERT INTO patient_allergies (patient_id,preparate) VALUES (460,'Captopril');
INSERT INTO medicine (name,amount) VALUES ('Meloxicam',59);
INSERT INTO request_med (date,med,amount,requester) VALUES ('2019-11-29','Meloxicam',1,102);
INSERT INTO patient_allergies (patient_id,preparate) VALUES (469,'Meloxicam');
INSERT INTO medicine (name,amount) VALUES ('Omeprazole',40);
INSERT INTO request_med (date,med,amount,requester) VALUES ('2019-12-14','Omeprazole',1,924);
INSERT INTO patient_allergies (patient_id,preparate) VALUES (151,'Omeprazole');
INSERT INTO medicine (name,amount) VALUES ('Mesna',33);
INSERT INTO request_med (date,med,amount,requester) VALUES ('2019-12-05','Mesna',2,425);
INSERT INTO patient_allergies (patient_id,preparate) VALUES (760,'Mesna');
INSERT INTO medicine (name,amount) VALUES ('Amoxicillin',48);
INSERT INTO request_med (date,med,amount,requester) VALUES ('2019-11-22','Amoxicillin',10,508);
INSERT INTO patient_allergies (patient_id,preparate) VALUES (217,'Amoxicillin');
INSERT INTO medicine (name,amount) VALUES ('Deferasirox',39);
INSERT INTO medicine (name,amount) VALUES ('Foscarnet',92);
INSERT INTO request_med (date,med,amount,requester) VALUES ('2019-12-11','Foscarnet',10,170);
INSERT INTO patient_allergies (patient_id,preparate) VALUES (71,'Foscarnet');
INSERT INTO medicine (name,amount) VALUES ('Posaconazole',3);
INSERT INTO medicine (name,amount) VALUES ('Lorazepam',59);
INSERT INTO request_med (date,med,amount,requester) VALUES ('2019-12-22','Lorazepam',9,996);
INSERT INTO patient_allergies (patient_id,preparate) VALUES (446,'Lorazepam');
INSERT INTO medicine (name,amount) VALUES ('Labetalol',12);
INSERT INTO medicine (name,amount) VALUES ('Atenolol',41);
INSERT INTO medicine (name,amount) VALUES ('Micafungin',90);
INSERT INTO medicine (name,amount) VALUES ('Diclofenac',73);
INSERT INTO medicine (name,amount) VALUES ('Lomustine',95);
INSERT INTO medicine (name,amount) VALUES ('Sirolimus',14);
INSERT INTO request_med (date,med,amount,requester) VALUES ('2019-11-24','Sirolimus',1,549);
INSERT INTO patient_allergies (patient_id,preparate) VALUES (455,'Sirolimus');
INSERT INTO medicine (name,amount) VALUES ('Codeine',10);
INSERT INTO request_med (date,med,amount,requester) VALUES ('2019-12-02','Codeine',2,788);
INSERT INTO patient_allergies (patient_id,preparate) VALUES (927,'Codeine');
INSERT INTO medicine (name,amount) VALUES ('Sucralfate',59);
INSERT INTO medicine (name,amount) VALUES ('Temozolomide',26);
INSERT INTO request_med (date,med,amount,requester) VALUES ('2019-12-21','Temozolomide',4,593);
INSERT INTO patient_allergies (patient_id,preparate) VALUES (647,'Temozolomide');
INSERT INTO medicine (name,amount) VALUES ('Magnesium',60);
INSERT INTO request_med (date,med,amount,requester) VALUES ('2019-12-17','Magnesium',6,193);
INSERT INTO patient_allergies (patient_id,preparate) VALUES (310,'Magnesium');
INSERT INTO medicine (name,amount) VALUES ('Pentamidine',89);
INSERT INTO medicine (name,amount) VALUES ('Valproic acid',99);
INSERT INTO request_med (date,med,amount,requester) VALUES ('2019-11-21','Valproic acid',6,266);
INSERT INTO patient_allergies (patient_id,preparate) VALUES (215,'Valproic acid');
INSERT INTO medicine (name,amount) VALUES ('Oxycodone',1);
INSERT INTO request_med (date,med,amount,requester) VALUES ('2019-11-26','Oxycodone',4,337);
INSERT INTO patient_allergies (patient_id,preparate) VALUES (220,'Oxycodone');
INSERT INTO medicine (name,amount) VALUES ('Famciclovir',32);
INSERT INTO medicine (name,amount) VALUES ('Ceftazidime',12);
INSERT INTO request_med (date,med,amount,requester) VALUES ('2019-12-01','Ceftazidime',4,679);
INSERT INTO patient_allergies (patient_id,preparate) VALUES (644,'Ceftazidime');
INSERT INTO medicine (name,amount) VALUES ('Bosentan',55);
INSERT INTO request_med (date,med,amount,requester) VALUES ('2019-11-27','Bosentan',7,225);
INSERT INTO patient_allergies (patient_id,preparate) VALUES (151,'Bosentan');
INSERT INTO medicine (name,amount) VALUES ('Cytarabine',59);
INSERT INTO request_med (date,med,amount,requester) VALUES ('2019-12-24','Cytarabine',9,623);
INSERT INTO patient_allergies (patient_id,preparate) VALUES (885,'Cytarabine');
INSERT INTO medicine (name,amount) VALUES ('Metronidazole',72);
INSERT INTO request_med (date,med,amount,requester) VALUES ('2019-12-07','Metronidazole',8,680);
INSERT INTO patient_allergies (patient_id,preparate) VALUES (815,'Metronidazole');
INSERT INTO medicine (name,amount) VALUES ('Erythromycin',88);
INSERT INTO medicine (name,amount) VALUES ('Tretinoin',40);
INSERT INTO medicine (name,amount) VALUES ('Heparin',96);
INSERT INTO request_med (date,med,amount,requester) VALUES ('2019-12-01','Heparin',9,413);
INSERT INTO patient_allergies (patient_id,preparate) VALUES (6,'Heparin');
INSERT INTO medicine (name,amount) VALUES ('Alendronate',53);
INSERT INTO request_med (date,med,amount,requester) VALUES ('2019-12-18','Alendronate',10,307);
INSERT INTO patient_allergies (patient_id,preparate) VALUES (314,'Alendronate');
INSERT INTO medicine (name,amount) VALUES ('Modafinil',75);
INSERT INTO request_med (date,med,amount,requester) VALUES ('2019-12-09','Modafinil',10,670);
INSERT INTO patient_allergies (patient_id,preparate) VALUES (663,'Modafinil');
INSERT INTO medicine (name,amount) VALUES ('Atazanavir',21);
INSERT INTO request_med (date,med,amount,requester) VALUES ('2019-12-15','Atazanavir',3,707);
INSERT INTO patient_allergies (patient_id,preparate) VALUES (663,'Atazanavir');
INSERT INTO medicine (name,amount) VALUES ('Cyclobenzaprine',1);
INSERT INTO request_med (date,med,amount,requester) VALUES ('2019-11-25','Cyclobenzaprine',5,385);
INSERT INTO patient_allergies (patient_id,preparate) VALUES (947,'Cyclobenzaprine');
INSERT INTO medicine (name,amount) VALUES ('Norepinephrine',36);
INSERT INTO request_med (date,med,amount,requester) VALUES ('2019-12-07','Norepinephrine',9,153);
INSERT INTO patient_allergies (patient_id,preparate) VALUES (182,'Norepinephrine');
INSERT INTO medicine (name,amount) VALUES ('Dactinomycin',22);
INSERT INTO request_med (date,med,amount,requester) VALUES ('2019-11-24','Dactinomycin',1,61);
INSERT INTO patient_allergies (patient_id,preparate) VALUES (815,'Dactinomycin');
INSERT INTO medicine (name,amount) VALUES ('Muromonab',29);
INSERT INTO request_med (date,med,amount,requester) VALUES ('2019-12-12','Muromonab',6,141);
INSERT INTO patient_allergies (patient_id,preparate) VALUES (514,'Muromonab');
INSERT INTO medicine (name,amount) VALUES ('Celecoxib',37);
INSERT INTO medicine (name,amount) VALUES ('Ifosfamide',94);
INSERT INTO medicine (name,amount) VALUES ('Teniposide',67);
INSERT INTO request_med (date,med,amount,requester) VALUES ('2019-12-22','Teniposide',5,450);
INSERT INTO patient_allergies (patient_id,preparate) VALUES (761,'Teniposide');
INSERT INTO medicine (name,amount) VALUES ('Ruxolitinib',17);
INSERT INTO medicine (name,amount) VALUES ('Efavirenz',27);
INSERT INTO medicine (name,amount) VALUES ('Warfarin',59);
INSERT INTO request_med (date,med,amount,requester) VALUES ('2019-12-12','Warfarin',1,114);
INSERT INTO patient_allergies (patient_id,preparate) VALUES (685,'Warfarin');
INSERT INTO medicine (name,amount) VALUES ('Gefitinib',69);
INSERT INTO request_med (date,med,amount,requester) VALUES ('2019-11-26','Gefitinib',10,413);
INSERT INTO patient_allergies (patient_id,preparate) VALUES (311,'Gefitinib');
INSERT INTO medicine (name,amount) VALUES ('Carbamazepine',6);
INSERT INTO medicine (name,amount) VALUES ('Trimethoprim',80);
INSERT INTO request_med (date,med,amount,requester) VALUES ('2019-12-07','Trimethoprim',5,837);
INSERT INTO patient_allergies (patient_id,preparate) VALUES (474,'Trimethoprim');
INSERT INTO medicine (name,amount) VALUES ('Clindamycin',55);
INSERT INTO medicine (name,amount) VALUES ('Atovaquone',67);
INSERT INTO medicine (name,amount) VALUES ('Megestrol acetate',73);
INSERT INTO medicine (name,amount) VALUES ('Phenobarbital',53);
INSERT INTO medicine (name,amount) VALUES ('Amikacin',81);
INSERT INTO request_med (date,med,amount,requester) VALUES ('2019-12-24','Amikacin',6,914);
INSERT INTO patient_allergies (patient_id,preparate) VALUES (885,'Amikacin');
INSERT INTO medicine (name,amount) VALUES ('Mitoxantrone',92);
INSERT INTO request_med (date,med,amount,requester) VALUES ('2019-12-08','Mitoxantrone',9,872);
INSERT INTO patient_allergies (patient_id,preparate) VALUES (174,'Mitoxantrone');
INSERT INTO medicine (name,amount) VALUES ('Hydrocortisone',11);
INSERT INTO medicine (name,amount) VALUES ('Interferon',23);
INSERT INTO request_med (date,med,amount,requester) VALUES ('2019-12-20','Interferon',10,699);
INSERT INTO patient_allergies (patient_id,preparate) VALUES (972,'Interferon');
INSERT INTO medicine (name,amount) VALUES ('Clobazam',4);
INSERT INTO request_med (date,med,amount,requester) VALUES ('2019-12-18','Clobazam',7,22);
INSERT INTO patient_allergies (patient_id,preparate) VALUES (665,'Clobazam');
INSERT INTO medicine (name,amount) VALUES ('Fludarabine',89);
INSERT INTO medicine (name,amount) VALUES ('Mercaptopurine',2);
INSERT INTO request_med (date,med,amount,requester) VALUES ('2019-11-21','Mercaptopurine',3,550);
INSERT INTO patient_allergies (patient_id,preparate) VALUES (855,'Mercaptopurine');
INSERT INTO medicine (name,amount) VALUES ('Darunavir',37);
INSERT INTO request_med (date,med,amount,requester) VALUES ('2019-11-23','Darunavir',9,734);
INSERT INTO patient_allergies (patient_id,preparate) VALUES (616,'Darunavir');
INSERT INTO medicine (name,amount) VALUES ('Cefepime',5);
INSERT INTO request_med (date,med,amount,requester) VALUES ('2019-12-24','Cefepime',2,611);
INSERT INTO patient_allergies (patient_id,preparate) VALUES (460,'Cefepime');
INSERT INTO medicine (name,amount) VALUES ('Mechlorethamine',88);
INSERT INTO medicine (name,amount) VALUES ('Nelarabine',19);
INSERT INTO request_med (date,med,amount,requester) VALUES ('2019-12-22','Nelarabine',2,896);
INSERT INTO patient_allergies (patient_id,preparate) VALUES (743,'Nelarabine');
INSERT INTO medicine (name,amount) VALUES ('Prednisone',60);
INSERT INTO request_med (date,med,amount,requester) VALUES ('2019-12-24','Prednisone',5,61);
INSERT INTO patient_allergies (patient_id,preparate) VALUES (209,'Prednisone');
INSERT INTO medicine (name,amount) VALUES ('Imipenem',4);
INSERT INTO medicine (name,amount) VALUES ('Busulfan',7);
INSERT INTO request_med (date,med,amount,requester) VALUES ('2019-12-06','Busulfan',4,943);
INSERT INTO patient_allergies (patient_id,preparate) VALUES (315,'Busulfan');
INSERT INTO medicine (name,amount) VALUES ('Cyclophosphamide',91);
INSERT INTO medicine (name,amount) VALUES ('Paclitaxel',85);
INSERT INTO request_med (date,med,amount,requester) VALUES ('2019-12-01','Paclitaxel',4,59);
INSERT INTO patient_allergies (patient_id,preparate) VALUES (443,'Paclitaxel');
INSERT INTO medicine (name,amount) VALUES ('Crizotinib',41);
INSERT INTO medicine (name,amount) VALUES ('Bortezomib',90);
INSERT INTO medicine (name,amount) VALUES ('Aprepitant',52);
INSERT INTO request_med (date,med,amount,requester) VALUES ('2019-12-07','Aprepitant',7,324);
INSERT INTO patient_allergies (patient_id,preparate) VALUES (644,'Aprepitant');
INSERT INTO medicine (name,amount) VALUES ('Rasburicase',64);
INSERT INTO request_med (date,med,amount,requester) VALUES ('2019-11-23','Rasburicase',5,522);
INSERT INTO patient_allergies (patient_id,preparate) VALUES (328,'Rasburicase');
INSERT INTO medicine (name,amount) VALUES ('G-CSF',8);
INSERT INTO surgery (id,date,patient_id,doctor_id) VALUES (1,'2019-12-23',558,12);
INSERT INTO meds_for_surgery (surgery_id,med) VALUES (1,'Codeine');
INSERT INTO surgery (id,date,patient_id,doctor_id) VALUES (2,'2019-11-25',339,539);
INSERT INTO meds_for_surgery (surgery_id,med) VALUES (2,'Dobutamine');
INSERT INTO surgery (id,date,patient_id,doctor_id) VALUES (3,'2019-12-01',476,846);
INSERT INTO meds_for_surgery (surgery_id,med) VALUES (3,'Micafungin');
INSERT INTO surgery (id,date,patient_id,doctor_id) VALUES (4,'2019-12-02',159,532);
INSERT INTO meds_for_surgery (surgery_id,med) VALUES (4,'Calcium');
INSERT INTO surgery (id,date,patient_id,doctor_id) VALUES (5,'2019-12-19',482,181);
INSERT INTO meds_for_surgery (surgery_id,med) VALUES (5,'Ritonavir');
INSERT INTO surgery (id,date,patient_id,doctor_id) VALUES (6,'2019-12-24',51,721);
INSERT INTO meds_for_surgery (surgery_id,med) VALUES (6,'Leucovorin');
INSERT INTO surgery (id,date,patient_id,doctor_id) VALUES (7,'2019-11-22',587,699);
INSERT INTO meds_for_surgery (surgery_id,med) VALUES (7,'Nevirapine');
INSERT INTO surgery (id,date,patient_id,doctor_id) VALUES (8,'2019-11-30',949,504);
INSERT INTO meds_for_surgery (surgery_id,med) VALUES (8,'Clarithromycin');
INSERT INTO surgery (id,date,patient_id,doctor_id) VALUES (9,'2019-11-23',892,540);
INSERT INTO meds_for_surgery (surgery_id,med) VALUES (9,'Cyclophosphamide');
INSERT INTO surgery (id,date,patient_id,doctor_id) VALUES (10,'2019-11-22',690,964);
INSERT INTO meds_for_surgery (surgery_id,med) VALUES (10,'Furosemide');
INSERT INTO surgery (id,date,patient_id,doctor_id) VALUES (11,'2019-12-05',852,936);
INSERT INTO meds_for_surgery (surgery_id,med) VALUES (11,'Gemtuzumab');
INSERT INTO surgery (id,date,patient_id,doctor_id) VALUES (12,'2019-12-23',248,62);
INSERT INTO meds_for_surgery (surgery_id,med) VALUES (12,'Dobutamine');
INSERT INTO surgery (id,date,patient_id,doctor_id) VALUES (13,'2019-12-17',182,787);
INSERT INTO meds_for_surgery (surgery_id,med) VALUES (13,'Meperidine');
INSERT INTO surgery (id,date,patient_id,doctor_id) VALUES (14,'2019-11-20',469,307);
INSERT INTO meds_for_surgery (surgery_id,med) VALUES (14,'Prednisone');
INSERT INTO surgery (id,date,patient_id,doctor_id) VALUES (15,'2019-12-21',112,702);
INSERT INTO meds_for_surgery (surgery_id,med) VALUES (15,'Bosentan');
INSERT INTO surgery (id,date,patient_id,doctor_id) VALUES (16,'2019-12-17',524,181);
INSERT INTO meds_for_surgery (surgery_id,med) VALUES (16,'Abacavir');
INSERT INTO surgery (id,date,patient_id,doctor_id) VALUES (17,'2019-12-05',831,372);
INSERT INTO meds_for_surgery (surgery_id,med) VALUES (17,'Meperidine');
INSERT INTO surgery (id,date,patient_id,doctor_id) VALUES (18,'2019-12-06',871,382);
INSERT INTO meds_for_surgery (surgery_id,med) VALUES (18,'Aminocaproic Acid');
INSERT INTO surgery (id,date,patient_id,doctor_id) VALUES (19,'2019-12-02',39,694);
INSERT INTO meds_for_surgery (surgery_id,med) VALUES (19,'Emtricitabine');
INSERT INTO surgery (id,date,patient_id,doctor_id) VALUES (20,'2019-12-21',252,851);
INSERT INTO meds_for_surgery (surgery_id,med) VALUES (20,'Aprepitant');
INSERT INTO surgery (id,date,patient_id,doctor_id) VALUES (21,'2019-12-05',240,851);
INSERT INTO meds_for_surgery (surgery_id,med) VALUES (21,'Rilpivirine');
INSERT INTO surgery (id,date,patient_id,doctor_id) VALUES (22,'2019-11-21',174,554);
INSERT INTO meds_for_surgery (surgery_id,med) VALUES (22,'Tretinoin');
INSERT INTO surgery (id,date,patient_id,doctor_id) VALUES (23,'2019-11-30',373,621);
INSERT INTO meds_for_surgery (surgery_id,med) VALUES (23,'Metronidazole');
INSERT INTO surgery (id,date,patient_id,doctor_id) VALUES (24,'2019-11-25',476,694);
INSERT INTO meds_for_surgery (surgery_id,med) VALUES (24,'Saquinavir');
INSERT INTO surgery (id,date,patient_id,doctor_id) VALUES (25,'2019-12-11',296,15);
INSERT INTO meds_for_surgery (surgery_id,med) VALUES (25,'Phosphorus');
INSERT INTO surgery (id,date,patient_id,doctor_id) VALUES (26,'2019-11-24',71,417);
INSERT INTO meds_for_surgery (surgery_id,med) VALUES (26,'Bleomycin');
INSERT INTO surgery (id,date,patient_id,doctor_id) VALUES (27,'2019-12-17',650,50);
INSERT INTO meds_for_surgery (surgery_id,med) VALUES (27,'Methylphenidate');
INSERT INTO surgery (id,date,patient_id,doctor_id) VALUES (28,'2019-12-15',959,544);
INSERT INTO meds_for_surgery (surgery_id,med) VALUES (28,'Clobazam');
INSERT INTO surgery (id,date,patient_id,doctor_id) VALUES (29,'2019-12-15',676,15);
INSERT INTO meds_for_surgery (surgery_id,med) VALUES (29,'Ketoconazole');
INSERT INTO surgery (id,date,patient_id,doctor_id) VALUES (30,'2019-11-26',885,846);
INSERT INTO meds_for_surgery (surgery_id,med) VALUES (30,'Mitoxantrone');
INSERT INTO surgery (id,date,patient_id,doctor_id) VALUES (31,'2019-12-05',73,11);
INSERT INTO meds_for_surgery (surgery_id,med) VALUES (31,'Ganciclovir');
INSERT INTO surgery (id,date,patient_id,doctor_id) VALUES (32,'2019-12-08',75,414);
INSERT INTO meds_for_surgery (surgery_id,med) VALUES (32,'Cyclophosphamide');
INSERT INTO surgery (id,date,patient_id,doctor_id) VALUES (33,'2019-12-02',482,683);
INSERT INTO meds_for_surgery (surgery_id,med) VALUES (33,'Modafinil');
INSERT INTO surgery (id,date,patient_id,doctor_id) VALUES (34,'2019-12-04',146,437);
INSERT INTO meds_for_surgery (surgery_id,med) VALUES (34,'Promethazine');
INSERT INTO surgery (id,date,patient_id,doctor_id) VALUES (35,'2019-11-23',661,448);
INSERT INTO meds_for_surgery (surgery_id,med) VALUES (35,'Meropenem');
INSERT INTO surgery (id,date,patient_id,doctor_id) VALUES (36,'2019-12-14',655,338);
INSERT INTO meds_for_surgery (surgery_id,med) VALUES (36,'Potassium');
INSERT INTO surgery (id,date,patient_id,doctor_id) VALUES (37,'2019-12-09',172,66);
INSERT INTO meds_for_surgery (surgery_id,med) VALUES (37,'Metronidazole');
INSERT INTO surgery (id,date,patient_id,doctor_id) VALUES (38,'2019-12-07',359,769);
INSERT INTO meds_for_surgery (surgery_id,med) VALUES (38,'Melphalan');
INSERT INTO surgery (id,date,patient_id,doctor_id) VALUES (39,'2019-12-16',921,390);
INSERT INTO meds_for_surgery (surgery_id,med) VALUES (39,'Ranitidine');
INSERT INTO surgery (id,date,patient_id,doctor_id) VALUES (40,'2019-12-07',941,62);
INSERT INTO meds_for_surgery (surgery_id,med) VALUES (40,'Meperidine');
INSERT INTO surgery (id,date,patient_id,doctor_id) VALUES (41,'2019-12-04',482,126);
INSERT INTO meds_for_surgery (surgery_id,med) VALUES (41,'Posaconazole');
INSERT INTO surgery (id,date,patient_id,doctor_id) VALUES (42,'2019-12-09',339,621);
INSERT INTO meds_for_surgery (surgery_id,med) VALUES (42,'Fluorouracil');
INSERT INTO surgery (id,date,patient_id,doctor_id) VALUES (43,'2019-11-26',388,936);
INSERT INTO meds_for_surgery (surgery_id,med) VALUES (43,'Alemtuzumab');
INSERT INTO surgery (id,date,patient_id,doctor_id) VALUES (44,'2019-12-16',840,504);
INSERT INTO meds_for_surgery (surgery_id,med) VALUES (44,'Aprepitant');
INSERT INTO surgery (id,date,patient_id,doctor_id) VALUES (45,'2019-11-26',311,806);
INSERT INTO meds_for_surgery (surgery_id,med) VALUES (45,'Magnesium');
INSERT INTO surgery (id,date,patient_id,doctor_id) VALUES (46,'2019-11-28',195,128);
INSERT INTO meds_for_surgery (surgery_id,med) VALUES (46,'Amikacin');
INSERT INTO surgery (id,date,patient_id,doctor_id) VALUES (47,'2019-11-21',892,554);
INSERT INTO meds_for_surgery (surgery_id,med) VALUES (47,'Melphalan');
INSERT INTO surgery (id,date,patient_id,doctor_id) VALUES (48,'2019-12-14',326,280);
INSERT INTO meds_for_surgery (surgery_id,med) VALUES (48,'Muromonab');
INSERT INTO surgery (id,date,patient_id,doctor_id) VALUES (49,'2019-12-19',963,451);
INSERT INTO meds_for_surgery (surgery_id,med) VALUES (49,'Ruxolitinib');
INSERT INTO surgery (id,date,patient_id,doctor_id) VALUES (50,'2019-12-07',13,399);
INSERT INTO meds_for_surgery (surgery_id,med) VALUES (50,'Rilpivirine');
INSERT INTO surgery (id,date,patient_id,doctor_id) VALUES (51,'2019-12-10',310,3);
INSERT INTO meds_for_surgery (surgery_id,med) VALUES (51,'Cefaclor');
INSERT INTO surgery (id,date,patient_id,doctor_id) VALUES (52,'2019-12-06',482,620);
INSERT INTO meds_for_surgery (surgery_id,med) VALUES (52,'Furosemide');
INSERT INTO surgery (id,date,patient_id,doctor_id) VALUES (53,'2019-12-17',76,992);
INSERT INTO meds_for_surgery (surgery_id,med) VALUES (53,'GM-CSF');
INSERT INTO surgery (id,date,patient_id,doctor_id) VALUES (54,'2019-12-05',174,968);
INSERT INTO meds_for_surgery (surgery_id,med) VALUES (54,'Amoxicillin');
INSERT INTO surgery (id,date,patient_id,doctor_id) VALUES (55,'2019-12-02',572,385);
INSERT INTO meds_for_surgery (surgery_id,med) VALUES (55,'Etonogestrel');
INSERT INTO surgery (id,date,patient_id,doctor_id) VALUES (56,'2019-12-24',840,930);
INSERT INTO meds_for_surgery (surgery_id,med) VALUES (56,'Eltrombopag');
INSERT INTO surgery (id,date,patient_id,doctor_id) VALUES (57,'2019-12-22',352,12);
INSERT INTO meds_for_surgery (surgery_id,med) VALUES (57,'Ceftazidime');
INSERT INTO surgery (id,date,patient_id,doctor_id) VALUES (58,'2019-11-22',220,222);
INSERT INTO meds_for_surgery (surgery_id,med) VALUES (58,'Rivaroxaban');
INSERT INTO surgery (id,date,patient_id,doctor_id) VALUES (59,'2019-12-10',41,385);
INSERT INTO meds_for_surgery (surgery_id,med) VALUES (59,'Sugammadex');
INSERT INTO surgery (id,date,patient_id,doctor_id) VALUES (60,'2019-12-15',63,930);
INSERT INTO meds_for_surgery (surgery_id,med) VALUES (60,'Rivaroxaban');
INSERT INTO surgery (id,date,patient_id,doctor_id) VALUES (61,'2019-12-19',195,353);
INSERT INTO meds_for_surgery (surgery_id,med) VALUES (61,'Interleukin');
INSERT INTO surgery (id,date,patient_id,doctor_id) VALUES (62,'2019-12-11',921,964);
INSERT INTO meds_for_surgery (surgery_id,med) VALUES (62,'Lomustine');
INSERT INTO surgery (id,date,patient_id,doctor_id) VALUES (63,'2019-12-07',840,746);
INSERT INTO meds_for_surgery (surgery_id,med) VALUES (63,'Dasatinib');
INSERT INTO surgery (id,date,patient_id,doctor_id) VALUES (64,'2019-11-20',892,565);
INSERT INTO meds_for_surgery (surgery_id,med) VALUES (64,'Elvitegravir');
INSERT INTO surgery (id,date,patient_id,doctor_id) VALUES (65,'2019-12-07',760,181);
INSERT INTO meds_for_surgery (surgery_id,med) VALUES (65,'Ruxolitinib');
INSERT INTO surgery (id,date,patient_id,doctor_id) VALUES (66,'2019-12-16',885,745);
INSERT INTO meds_for_surgery (surgery_id,med) VALUES (66,'Elvitegravir');
INSERT INTO surgery (id,date,patient_id,doctor_id) VALUES (67,'2019-11-23',41,232);
INSERT INTO meds_for_surgery (surgery_id,med) VALUES (67,'Acyclovir');
INSERT INTO surgery (id,date,patient_id,doctor_id) VALUES (68,'2019-12-05',36,170);
INSERT INTO meds_for_surgery (surgery_id,med) VALUES (68,'Sugammadex');
INSERT INTO surgery (id,date,patient_id,doctor_id) VALUES (69,'2019-12-24',328,382);
INSERT INTO meds_for_surgery (surgery_id,med) VALUES (69,'Probenecid');
INSERT INTO surgery (id,date,patient_id,doctor_id) VALUES (70,'2019-12-02',443,224);
INSERT INTO meds_for_surgery (surgery_id,med) VALUES (70,'Dasatinib');
INSERT INTO surgery (id,date,patient_id,doctor_id) VALUES (71,'2019-12-19',388,821);
INSERT INTO meds_for_surgery (surgery_id,med) VALUES (71,'Doxorubicin');
INSERT INTO surgery (id,date,patient_id,doctor_id) VALUES (72,'2019-12-05',634,825);
INSERT INTO meds_for_surgery (surgery_id,med) VALUES (72,'Alendronate');
INSERT INTO surgery (id,date,patient_id,doctor_id) VALUES (73,'2019-12-05',75,632);
INSERT INTO meds_for_surgery (surgery_id,med) VALUES (73,'Metronidazole');
INSERT INTO surgery (id,date,patient_id,doctor_id) VALUES (74,'2019-12-11',220,471);
INSERT INTO meds_for_surgery (surgery_id,med) VALUES (74,'Thiotepa');
INSERT INTO surgery (id,date,patient_id,doctor_id) VALUES (75,'2019-12-15',130,508);
INSERT INTO meds_for_surgery (surgery_id,med) VALUES (75,'Raltegravir');
INSERT INTO surgery (id,date,patient_id,doctor_id) VALUES (76,'2019-12-24',823,770);
INSERT INTO meds_for_surgery (surgery_id,med) VALUES (76,'Dacarbazine');
INSERT INTO surgery (id,date,patient_id,doctor_id) VALUES (77,'2019-12-11',482,491);
INSERT INTO meds_for_surgery (surgery_id,med) VALUES (77,'Cefixime');
INSERT INTO surgery (id,date,patient_id,doctor_id) VALUES (78,'2019-12-14',826,583);
INSERT INTO meds_for_surgery (surgery_id,med) VALUES (78,'Ranitidine');
INSERT INTO surgery (id,date,patient_id,doctor_id) VALUES (79,'2019-12-11',144,3);
INSERT INTO meds_for_surgery (surgery_id,med) VALUES (79,'Amoxicillin');
INSERT INTO surgery (id,date,patient_id,doctor_id) VALUES (80,'2019-12-20',357,413);
INSERT INTO meds_for_surgery (surgery_id,med) VALUES (80,'L-glutamine');
INSERT INTO surgery (id,date,patient_id,doctor_id) VALUES (81,'2019-12-17',650,544);
INSERT INTO meds_for_surgery (surgery_id,med) VALUES (81,'Mesna');
INSERT INTO surgery (id,date,patient_id,doctor_id) VALUES (82,'2019-12-06',118,881);
INSERT INTO meds_for_surgery (surgery_id,med) VALUES (82,'Thioguanine');
INSERT INTO surgery (id,date,patient_id,doctor_id) VALUES (83,'2019-12-19',348,846);
INSERT INTO meds_for_surgery (surgery_id,med) VALUES (83,'Cephalexin');
INSERT INTO surgery (id,date,patient_id,doctor_id) VALUES (84,'2019-11-24',627,515);
INSERT INTO meds_for_surgery (surgery_id,med) VALUES (84,'Norepinephrine');
INSERT INTO surgery (id,date,patient_id,doctor_id) VALUES (85,'2019-11-28',717,787);
INSERT INTO meds_for_surgery (surgery_id,med) VALUES (85,'Zidovudine');
INSERT INTO surgery (id,date,patient_id,doctor_id) VALUES (86,'2019-12-08',36,680);
INSERT INTO meds_for_surgery (surgery_id,med) VALUES (86,'Darunavir');
INSERT INTO surgery (id,date,patient_id,doctor_id) VALUES (87,'2019-12-13',661,170);
INSERT INTO meds_for_surgery (surgery_id,med) VALUES (87,'Pegfilgrastim');
INSERT INTO surgery (id,date,patient_id,doctor_id) VALUES (88,'2019-12-01',151,1000);
INSERT INTO meds_for_surgery (surgery_id,med) VALUES (88,'Teniposide');
INSERT INTO surgery (id,date,patient_id,doctor_id) VALUES (89,'2019-12-08',983,846);
INSERT INTO meds_for_surgery (surgery_id,med) VALUES (89,'Leucovorin');
INSERT INTO surgery (id,date,patient_id,doctor_id) VALUES (90,'2019-11-30',391,451);
INSERT INTO meds_for_surgery (surgery_id,med) VALUES (90,'Cefepime');
INSERT INTO surgery (id,date,patient_id,doctor_id) VALUES (91,'2019-12-10',174,432);
INSERT INTO meds_for_surgery (surgery_id,med) VALUES (91,'Abacavir');
INSERT INTO surgery (id,date,patient_id,doctor_id) VALUES (92,'2019-12-18',220,699);
INSERT INTO meds_for_surgery (surgery_id,med) VALUES (92,'Fluorouracil');
INSERT INTO surgery (id,date,patient_id,doctor_id) VALUES (93,'2019-11-21',453,800);
INSERT INTO meds_for_surgery (surgery_id,med) VALUES (93,'Calcium');
INSERT INTO surgery (id,date,patient_id,doctor_id) VALUES (94,'2019-11-27',262,338);
INSERT INTO meds_for_surgery (surgery_id,med) VALUES (94,'Imatinib');
INSERT INTO surgery (id,date,patient_id,doctor_id) VALUES (95,'2019-12-14',647,504);
INSERT INTO meds_for_surgery (surgery_id,med) VALUES (95,'Hydroxyurea');
INSERT INTO surgery (id,date,patient_id,doctor_id) VALUES (96,'2019-12-19',60,620);
INSERT INTO meds_for_surgery (surgery_id,med) VALUES (96,'Interleukin');
INSERT INTO surgery (id,date,patient_id,doctor_id) VALUES (97,'2019-12-20',483,382);
INSERT INTO meds_for_surgery (surgery_id,med) VALUES (97,'Atovaquone');
INSERT INTO surgery (id,date,patient_id,doctor_id) VALUES (98,'2019-12-19',201,532);
INSERT INTO meds_for_surgery (surgery_id,med) VALUES (98,'Clobazam');
INSERT INTO surgery (id,date,patient_id,doctor_id) VALUES (99,'2019-11-26',869,745);
INSERT INTO meds_for_surgery (surgery_id,med) VALUES (99,'Granisetron');
INSERT INTO surgery (id,date,patient_id,doctor_id) VALUES (100,'2019-12-20',46,968);
INSERT INTO meds_for_surgery (surgery_id,med) VALUES (100,'Etonogestrel');
INSERT INTO surgery (id,date,patient_id,doctor_id) VALUES (101,'2019-11-26',584,319);
INSERT INTO meds_for_surgery (surgery_id,med) VALUES (101,'Gabapentin');
INSERT INTO surgery (id,date,patient_id,doctor_id) VALUES (102,'2019-11-23',885,614);
INSERT INTO meds_for_surgery (surgery_id,med) VALUES (102,'Etonogestrel');
INSERT INTO surgery (id,date,patient_id,doctor_id) VALUES (103,'2019-12-16',476,170);
INSERT INTO meds_for_surgery (surgery_id,med) VALUES (103,'Calcium');
INSERT INTO surgery (id,date,patient_id,doctor_id) VALUES (104,'2019-12-20',174,533);
INSERT INTO meds_for_surgery (surgery_id,med) VALUES (104,'Gabapentin');
INSERT INTO surgery (id,date,patient_id,doctor_id) VALUES (105,'2019-12-01',320,382);
INSERT INTO meds_for_surgery (surgery_id,med) VALUES (105,'Bortezomib');
INSERT INTO surgery (id,date,patient_id,doctor_id) VALUES (106,'2019-12-16',917,414);
INSERT INTO meds_for_surgery (surgery_id,med) VALUES (106,'Mesna');
INSERT INTO surgery (id,date,patient_id,doctor_id) VALUES (107,'2019-11-21',695,614);
INSERT INTO meds_for_surgery (surgery_id,med) VALUES (107,'Aminocaproic Acid');
INSERT INTO surgery (id,date,patient_id,doctor_id) VALUES (108,'2019-12-08',190,363);
INSERT INTO meds_for_surgery (surgery_id,med) VALUES (108,'Ketoconazole');
INSERT INTO surgery (id,date,patient_id,doctor_id) VALUES (109,'2019-11-30',89,313);
INSERT INTO meds_for_surgery (surgery_id,med) VALUES (109,'Temozolomide');
INSERT INTO surgery (id,date,patient_id,doctor_id) VALUES (110,'2019-11-30',767,896);
INSERT INTO meds_for_surgery (surgery_id,med) VALUES (110,'Acyclovir');
INSERT INTO surgery (id,date,patient_id,doctor_id) VALUES (111,'2019-11-23',169,387);
INSERT INTO meds_for_surgery (surgery_id,med) VALUES (111,'Amoxicillin');
INSERT INTO surgery (id,date,patient_id,doctor_id) VALUES (112,'2019-12-13',175,8);
INSERT INTO meds_for_surgery (surgery_id,med) VALUES (112,'Aminocaproic Acid');
INSERT INTO surgery (id,date,patient_id,doctor_id) VALUES (113,'2019-11-22',514,542);
INSERT INTO meds_for_surgery (surgery_id,med) VALUES (113,'Meperidine');
INSERT INTO surgery (id,date,patient_id,doctor_id) VALUES (114,'2019-12-18',283,12);
INSERT INTO meds_for_surgery (surgery_id,med) VALUES (114,'Potassium');
INSERT INTO surgery (id,date,patient_id,doctor_id) VALUES (115,'2019-11-25',739,491);
INSERT INTO meds_for_surgery (surgery_id,med) VALUES (115,'Azithromycin');
INSERT INTO surgery (id,date,patient_id,doctor_id) VALUES (116,'2019-12-23',478,451);
INSERT INTO meds_for_surgery (surgery_id,med) VALUES (116,'Imipenem');
INSERT INTO surgery (id,date,patient_id,doctor_id) VALUES (117,'2019-12-14',650,301);
INSERT INTO meds_for_surgery (surgery_id,med) VALUES (117,'Isotretinoin');
INSERT INTO surgery (id,date,patient_id,doctor_id) VALUES (118,'2019-12-14',945,292);
INSERT INTO meds_for_surgery (surgery_id,med) VALUES (118,'Amoxicillin');
INSERT INTO surgery (id,date,patient_id,doctor_id) VALUES (119,'2019-12-19',220,500);
INSERT INTO meds_for_surgery (surgery_id,med) VALUES (119,'Cefaclor');
INSERT INTO surgery (id,date,patient_id,doctor_id) VALUES (120,'2019-12-14',220,397);
INSERT INTO meds_for_surgery (surgery_id,med) VALUES (120,'Thiotepa');
INSERT INTO surgery (id,date,patient_id,doctor_id) VALUES (121,'2019-11-27',616,915);
INSERT INTO meds_for_surgery (surgery_id,med) VALUES (121,'Interferon');
INSERT INTO surgery (id,date,patient_id,doctor_id) VALUES (122,'2019-12-13',75,259);
INSERT INTO meds_for_surgery (surgery_id,med) VALUES (122,'Fluconazole');
INSERT INTO surgery (id,date,patient_id,doctor_id) VALUES (123,'2019-12-04',644,806);
INSERT INTO meds_for_surgery (surgery_id,med) VALUES (123,'Amikacin');
INSERT INTO surgery (id,date,patient_id,doctor_id) VALUES (124,'2019-12-22',220,62);
INSERT INTO meds_for_surgery (surgery_id,med) VALUES (124,'Topotecan');
INSERT INTO surgery (id,date,patient_id,doctor_id) VALUES (125,'2019-11-22',112,800);
INSERT INTO meds_for_surgery (surgery_id,med) VALUES (125,'Methotrexate');
INSERT INTO surgery (id,date,patient_id,doctor_id) VALUES (126,'2019-12-07',849,575);
INSERT INTO meds_for_surgery (surgery_id,med) VALUES (126,'Allopurinol');
INSERT INTO surgery (id,date,patient_id,doctor_id) VALUES (127,'2019-11-26',941,193);
INSERT INTO meds_for_surgery (surgery_id,med) VALUES (127,'Daunorubicin');
INSERT INTO surgery (id,date,patient_id,doctor_id) VALUES (128,'2019-12-08',310,193);
INSERT INTO meds_for_surgery (surgery_id,med) VALUES (128,'Penicillin');
INSERT INTO surgery (id,date,patient_id,doctor_id) VALUES (129,'2019-11-22',76,100);
INSERT INTO meds_for_surgery (surgery_id,med) VALUES (129,'Granisetron');
INSERT INTO surgery (id,date,patient_id,doctor_id) VALUES (130,'2019-12-13',320,491);
INSERT INTO meds_for_surgery (surgery_id,med) VALUES (130,'Cefepime');
INSERT INTO surgery (id,date,patient_id,doctor_id) VALUES (131,'2019-12-12',89,746);
INSERT INTO meds_for_surgery (surgery_id,med) VALUES (131,'Cefixime');
INSERT INTO surgery (id,date,patient_id,doctor_id) VALUES (132,'2019-11-20',130,851);
INSERT INTO meds_for_surgery (surgery_id,med) VALUES (132,'Cefixime');
INSERT INTO surgery (id,date,patient_id,doctor_id) VALUES (133,'2019-11-21',647,1000);
INSERT INTO meds_for_surgery (surgery_id,med) VALUES (133,'Atenolol');
INSERT INTO surgery (id,date,patient_id,doctor_id) VALUES (134,'2019-11-30',802,440);
INSERT INTO meds_for_surgery (surgery_id,med) VALUES (134,'Acyclovir');
INSERT INTO surgery (id,date,patient_id,doctor_id) VALUES (135,'2019-12-21',6,565);
INSERT INTO meds_for_surgery (surgery_id,med) VALUES (135,'Sirolimus');
INSERT INTO surgery (id,date,patient_id,doctor_id) VALUES (136,'2019-11-28',169,988);
INSERT INTO meds_for_surgery (surgery_id,med) VALUES (136,'Ritonavir');
INSERT INTO surgery (id,date,patient_id,doctor_id) VALUES (137,'2019-12-15',927,508);
INSERT INTO meds_for_surgery (surgery_id,med) VALUES (137,'Interferon');
INSERT INTO surgery (id,date,patient_id,doctor_id) VALUES (138,'2019-11-29',348,397);
INSERT INTO meds_for_surgery (surgery_id,med) VALUES (138,'Furosemide');
INSERT INTO surgery (id,date,patient_id,doctor_id) VALUES (139,'2019-12-06',221,448);
INSERT INTO meds_for_surgery (surgery_id,med) VALUES (139,'Cyclosporine');
INSERT INTO surgery (id,date,patient_id,doctor_id) VALUES (140,'2019-12-21',92,3);
INSERT INTO meds_for_surgery (surgery_id,med) VALUES (140,'Teniposide');
INSERT INTO surgery (id,date,patient_id,doctor_id) VALUES (141,'2019-12-20',659,3);
INSERT INTO meds_for_surgery (surgery_id,med) VALUES (141,'Melphalan');
INSERT INTO surgery (id,date,patient_id,doctor_id) VALUES (142,'2019-12-15',840,259);
INSERT INTO meds_for_surgery (surgery_id,med) VALUES (142,'Micafungin');
INSERT INTO surgery (id,date,patient_id,doctor_id) VALUES (143,'2019-12-01',589,990);
INSERT INTO meds_for_surgery (surgery_id,med) VALUES (143,'Gefitinib');
INSERT INTO surgery (id,date,patient_id,doctor_id) VALUES (144,'2019-12-03',892,332);
INSERT INTO meds_for_surgery (surgery_id,med) VALUES (144,'Propoxyphene');
INSERT INTO surgery (id,date,patient_id,doctor_id) VALUES (145,'2019-12-13',735,539);
INSERT INTO meds_for_surgery (surgery_id,med) VALUES (145,'Maraviroc');
INSERT INTO surgery (id,date,patient_id,doctor_id) VALUES (146,'2019-12-06',195,565);
INSERT INTO meds_for_surgery (surgery_id,med) VALUES (146,'Furosemide');
INSERT INTO surgery (id,date,patient_id,doctor_id) VALUES (147,'2019-11-21',270,332);
INSERT INTO meds_for_surgery (surgery_id,med) VALUES (147,'Deferasirox');
INSERT INTO surgery (id,date,patient_id,doctor_id) VALUES (148,'2019-12-05',36,126);
INSERT INTO meds_for_surgery (surgery_id,med) VALUES (148,'Morphine');
INSERT INTO surgery (id,date,patient_id,doctor_id) VALUES (149,'2019-12-15',617,413);
INSERT INTO meds_for_surgery (surgery_id,med) VALUES (149,'Captopril');
INSERT INTO surgery (id,date,patient_id,doctor_id) VALUES (150,'2019-12-18',92,448);
INSERT INTO meds_for_surgery (surgery_id,med) VALUES (150,'Cefepime');
INSERT INTO surgery (id,date,patient_id,doctor_id) VALUES (151,'2019-11-24',826,417);
INSERT INTO meds_for_surgery (surgery_id,med) VALUES (151,'Fluorouracil');
INSERT INTO surgery (id,date,patient_id,doctor_id) VALUES (152,'2019-11-27',558,625);
INSERT INTO meds_for_surgery (surgery_id,med) VALUES (152,'Fluconazole');
INSERT INTO surgery (id,date,patient_id,doctor_id) VALUES (153,'2019-12-23',6,578);
INSERT INTO meds_for_surgery (surgery_id,med) VALUES (153,'Atazanavir');
INSERT INTO surgery (id,date,patient_id,doctor_id) VALUES (154,'2019-12-09',71,319);
INSERT INTO meds_for_surgery (surgery_id,med) VALUES (154,'Cefepime');
INSERT INTO surgery (id,date,patient_id,doctor_id) VALUES (155,'2019-11-29',885,448);
INSERT INTO meds_for_surgery (surgery_id,med) VALUES (155,'Megestrol acetate');
INSERT INTO surgery (id,date,patient_id,doctor_id) VALUES (156,'2019-12-19',482,319);
INSERT INTO meds_for_surgery (surgery_id,med) VALUES (156,'Captopril');
INSERT INTO surgery (id,date,patient_id,doctor_id) VALUES (157,'2019-11-25',802,990);
INSERT INTO meds_for_surgery (surgery_id,med) VALUES (157,'Potassium');
INSERT INTO surgery (id,date,patient_id,doctor_id) VALUES (158,'2019-12-08',454,385);
INSERT INTO meds_for_surgery (surgery_id,med) VALUES (158,'Abacavir');
INSERT INTO surgery (id,date,patient_id,doctor_id) VALUES (159,'2019-12-17',201,539);
INSERT INTO meds_for_surgery (surgery_id,med) VALUES (159,'Hydrocodone');
INSERT INTO surgery (id,date,patient_id,doctor_id) VALUES (160,'2019-12-22',735,244);
INSERT INTO meds_for_surgery (surgery_id,med) VALUES (160,'Pemetrexed');
INSERT INTO surgery (id,date,patient_id,doctor_id) VALUES (161,'2019-12-23',304,787);
INSERT INTO meds_for_surgery (surgery_id,med) VALUES (161,'Lamivudine');
INSERT INTO surgery (id,date,patient_id,doctor_id) VALUES (162,'2019-12-19',49,385);
INSERT INTO meds_for_surgery (surgery_id,med) VALUES (162,'Famciclovir');
INSERT INTO surgery (id,date,patient_id,doctor_id) VALUES (163,'2019-11-23',369,390);
INSERT INTO meds_for_surgery (surgery_id,med) VALUES (163,'Bosentan');
INSERT INTO surgery (id,date,patient_id,doctor_id) VALUES (164,'2019-12-24',13,542);
INSERT INTO meds_for_surgery (surgery_id,med) VALUES (164,'Etravirine');
INSERT INTO surgery (id,date,patient_id,doctor_id) VALUES (165,'2019-12-06',617,332);
INSERT INTO meds_for_surgery (surgery_id,med) VALUES (165,'Lomustine');
INSERT INTO surgery (id,date,patient_id,doctor_id) VALUES (166,'2019-11-27',39,784);
INSERT INTO meds_for_surgery (surgery_id,med) VALUES (166,'Lorazepam');
INSERT INTO surgery (id,date,patient_id,doctor_id) VALUES (167,'2019-12-04',469,579);
INSERT INTO meds_for_surgery (surgery_id,med) VALUES (167,'Pentamidine');
INSERT INTO surgery (id,date,patient_id,doctor_id) VALUES (168,'2019-12-18',685,382);
INSERT INTO meds_for_surgery (surgery_id,med) VALUES (168,'Ifosfamide');
INSERT INTO surgery (id,date,patient_id,doctor_id) VALUES (169,'2019-12-08',112,699);
INSERT INTO meds_for_surgery (surgery_id,med) VALUES (169,'Linezolid');
INSERT INTO surgery (id,date,patient_id,doctor_id) VALUES (170,'2019-12-14',932,413);
INSERT INTO meds_for_surgery (surgery_id,med) VALUES (170,'Phosphorus');
INSERT INTO surgery (id,date,patient_id,doctor_id) VALUES (171,'2019-12-15',175,599);
INSERT INTO meds_for_surgery (surgery_id,med) VALUES (171,'Acyclovir');
INSERT INTO surgery (id,date,patient_id,doctor_id) VALUES (172,'2019-12-06',553,622);
INSERT INTO meds_for_surgery (surgery_id,med) VALUES (172,'Cefaclor');
INSERT INTO surgery (id,date,patient_id,doctor_id) VALUES (173,'2019-12-14',663,295);
INSERT INTO meds_for_surgery (surgery_id,med) VALUES (173,'Pemetrexed');
INSERT INTO surgery (id,date,patient_id,doctor_id) VALUES (174,'2019-12-08',747,413);
INSERT INTO meds_for_surgery (surgery_id,med) VALUES (174,'Captopril');
INSERT INTO surgery (id,date,patient_id,doctor_id) VALUES (175,'2019-11-21',916,319);
INSERT INTO meds_for_surgery (surgery_id,med) VALUES (175,'Dobutamine');
INSERT INTO surgery (id,date,patient_id,doctor_id) VALUES (176,'2019-12-15',304,417);
INSERT INTO meds_for_surgery (surgery_id,med) VALUES (176,'Clindamycin');
INSERT INTO surgery (id,date,patient_id,doctor_id) VALUES (177,'2019-12-16',71,851);
INSERT INTO meds_for_surgery (surgery_id,med) VALUES (177,'Phosphorus');
INSERT INTO surgery (id,date,patient_id,doctor_id) VALUES (178,'2019-12-13',178,100);
INSERT INTO meds_for_surgery (surgery_id,med) VALUES (178,'Ruxolitinib');
INSERT INTO surgery (id,date,patient_id,doctor_id) VALUES (179,'2019-12-10',959,101);
INSERT INTO meds_for_surgery (surgery_id,med) VALUES (179,'Acyclovir');
INSERT INTO surgery (id,date,patient_id,doctor_id) VALUES (180,'2019-12-12',173,222);
INSERT INTO meds_for_surgery (surgery_id,med) VALUES (180,'Gemtuzumab');
INSERT INTO surgery (id,date,patient_id,doctor_id) VALUES (181,'2019-12-21',326,746);
INSERT INTO meds_for_surgery (surgery_id,med) VALUES (181,'Ruxolitinib');
INSERT INTO surgery (id,date,patient_id,doctor_id) VALUES (182,'2019-12-08',767,694);
INSERT INTO meds_for_surgery (surgery_id,med) VALUES (182,'Aprepitant');
INSERT INTO surgery (id,date,patient_id,doctor_id) VALUES (183,'2019-12-11',754,915);
INSERT INTO meds_for_surgery (surgery_id,med) VALUES (183,'Clindamycin');
INSERT INTO surgery (id,date,patient_id,doctor_id) VALUES (184,'2019-12-22',869,437);
INSERT INTO meds_for_surgery (surgery_id,med) VALUES (184,'Trimethoprim');
INSERT INTO surgery (id,date,patient_id,doctor_id) VALUES (185,'2019-12-01',357,128);
INSERT INTO meds_for_surgery (surgery_id,med) VALUES (185,'Phenobarbital');
INSERT INTO surgery (id,date,patient_id,doctor_id) VALUES (186,'2019-12-05',963,375);
INSERT INTO meds_for_surgery (surgery_id,med) VALUES (186,'Rasburicase');
INSERT INTO surgery (id,date,patient_id,doctor_id) VALUES (187,'2019-12-02',290,228);
INSERT INTO meds_for_surgery (surgery_id,med) VALUES (187,'Mercaptopurine');
INSERT INTO surgery (id,date,patient_id,doctor_id) VALUES (188,'2019-11-21',118,62);
INSERT INTO meds_for_surgery (surgery_id,med) VALUES (188,'Melphalan');
INSERT INTO surgery (id,date,patient_id,doctor_id) VALUES (189,'2019-12-06',60,652);
INSERT INTO meds_for_surgery (surgery_id,med) VALUES (189,'Vancomycin');
INSERT INTO surgery (id,date,patient_id,doctor_id) VALUES (190,'2019-11-28',178,356);
INSERT INTO meds_for_surgery (surgery_id,med) VALUES (190,'Granisetron');
INSERT INTO surgery (id,date,patient_id,doctor_id) VALUES (191,'2019-12-12',665,875);
INSERT INTO meds_for_surgery (surgery_id,med) VALUES (191,'Deferasirox');
INSERT INTO surgery (id,date,patient_id,doctor_id) VALUES (192,'2019-12-15',917,821);
INSERT INTO meds_for_surgery (surgery_id,med) VALUES (192,'Ritonavir');
INSERT INTO surgery (id,date,patient_id,doctor_id) VALUES (193,'2019-12-20',147,806);
INSERT INTO meds_for_surgery (surgery_id,med) VALUES (193,'Foscarnet');
INSERT INTO surgery (id,date,patient_id,doctor_id) VALUES (194,'2019-12-21',214,126);
INSERT INTO meds_for_surgery (surgery_id,med) VALUES (194,'Ceftazidime');
INSERT INTO surgery (id,date,patient_id,doctor_id) VALUES (195,'2019-12-13',931,207);
INSERT INTO meds_for_surgery (surgery_id,med) VALUES (195,'Bleomycin');
INSERT INTO surgery (id,date,patient_id,doctor_id) VALUES (196,'2019-11-24',201,495);
INSERT INTO meds_for_surgery (surgery_id,med) VALUES (196,'Amoxicillin');
INSERT INTO surgery (id,date,patient_id,doctor_id) VALUES (197,'2019-12-19',416,973);
INSERT INTO meds_for_surgery (surgery_id,med) VALUES (197,'Cidofovir');
INSERT INTO surgery (id,date,patient_id,doctor_id) VALUES (198,'2019-12-19',815,933);
INSERT INTO meds_for_surgery (surgery_id,med) VALUES (198,'Dapsone');
INSERT INTO surgery (id,date,patient_id,doctor_id) VALUES (199,'2019-12-07',949,292);
INSERT INTO meds_for_surgery (surgery_id,med) VALUES (199,'Busulfan');
INSERT INTO surgery (id,date,patient_id,doctor_id) VALUES (200,'2019-11-29',840,414);
INSERT INTO meds_for_surgery (surgery_id,med) VALUES (200,'Maraviroc');
INSERT INTO surgery (id,date,patient_id,doctor_id) VALUES (201,'2019-11-27',560,353);
INSERT INTO meds_for_surgery (surgery_id,med) VALUES (201,'Famciclovir');
INSERT INTO surgery (id,date,patient_id,doctor_id) VALUES (202,'2019-12-22',743,319);
INSERT INTO meds_for_surgery (surgery_id,med) VALUES (202,'Clindamycin');
INSERT INTO surgery (id,date,patient_id,doctor_id) VALUES (203,'2019-12-10',151,295);
INSERT INTO meds_for_surgery (surgery_id,med) VALUES (203,'Paclitaxel');
INSERT INTO surgery (id,date,patient_id,doctor_id) VALUES (204,'2019-12-05',178,825);
INSERT INTO meds_for_surgery (surgery_id,med) VALUES (204,'Neuromuscular');
INSERT INTO surgery (id,date,patient_id,doctor_id) VALUES (205,'2019-11-28',169,545);
INSERT INTO meds_for_surgery (surgery_id,med) VALUES (205,'Efavirenz');
INSERT INTO surgery (id,date,patient_id,doctor_id) VALUES (206,'2019-11-30',173,988);
INSERT INTO meds_for_surgery (surgery_id,med) VALUES (206,'Lamivudine');
INSERT INTO surgery (id,date,patient_id,doctor_id) VALUES (207,'2019-11-27',46,284);
INSERT INTO meds_for_surgery (surgery_id,med) VALUES (207,'Pentamidine');
INSERT INTO surgery (id,date,patient_id,doctor_id) VALUES (208,'2019-11-22',392,375);
INSERT INTO meds_for_surgery (surgery_id,med) VALUES (208,'Elvitegravir');
INSERT INTO surgery (id,date,patient_id,doctor_id) VALUES (209,'2019-12-15',852,259);
INSERT INTO meds_for_surgery (surgery_id,med) VALUES (209,'Paclitaxel');
INSERT INTO surgery (id,date,patient_id,doctor_id) VALUES (210,'2019-12-01',68,331);
INSERT INTO meds_for_surgery (surgery_id,med) VALUES (210,'Allopurinol');
INSERT INTO surgery (id,date,patient_id,doctor_id) VALUES (211,'2019-11-30',941,721);
INSERT INTO meds_for_surgery (surgery_id,med) VALUES (211,'Stavudine');
INSERT INTO surgery (id,date,patient_id,doctor_id) VALUES (212,'2019-12-11',486,224);
INSERT INTO meds_for_surgery (surgery_id,med) VALUES (212,'Gabapentin');
INSERT INTO surgery (id,date,patient_id,doctor_id) VALUES (213,'2019-12-11',348,746);
INSERT INTO meds_for_surgery (surgery_id,med) VALUES (213,'Rilpivirine');
INSERT INTO surgery (id,date,patient_id,doctor_id) VALUES (214,'2019-11-29',173,903);
INSERT INTO meds_for_surgery (surgery_id,med) VALUES (214,'GM-CSF');
INSERT INTO surgery (id,date,patient_id,doctor_id) VALUES (215,'2019-11-24',558,164);
INSERT INTO meds_for_surgery (surgery_id,med) VALUES (215,'Atazanavir');
INSERT INTO surgery (id,date,patient_id,doctor_id) VALUES (216,'2019-12-12',89,533);
INSERT INTO meds_for_surgery (surgery_id,med) VALUES (216,'Methotrexate');
INSERT INTO surgery (id,date,patient_id,doctor_id) VALUES (217,'2019-12-13',754,745);
INSERT INTO meds_for_surgery (surgery_id,med) VALUES (217,'Meropenem');
INSERT INTO surgery (id,date,patient_id,doctor_id) VALUES (218,'2019-12-05',198,918);
INSERT INTO meds_for_surgery (surgery_id,med) VALUES (218,'Atazanavir');
INSERT INTO surgery (id,date,patient_id,doctor_id) VALUES (219,'2019-12-21',802,464);
INSERT INTO meds_for_surgery (surgery_id,med) VALUES (219,'Tretinoin');
INSERT INTO surgery (id,date,patient_id,doctor_id) VALUES (220,'2019-11-20',698,851);
INSERT INTO meds_for_surgery (surgery_id,med) VALUES (220,'Sirolimus');
INSERT INTO surgery (id,date,patient_id,doctor_id) VALUES (221,'2019-12-02',283,800);
INSERT INTO meds_for_surgery (surgery_id,med) VALUES (221,'Neuromuscular');
INSERT INTO surgery (id,date,patient_id,doctor_id) VALUES (222,'2019-12-01',589,301);
INSERT INTO meds_for_surgery (surgery_id,med) VALUES (222,'Raltegravir');
INSERT INTO surgery (id,date,patient_id,doctor_id) VALUES (223,'2019-11-29',89,968);
INSERT INTO meds_for_surgery (surgery_id,med) VALUES (223,'Vinblastine');
INSERT INTO surgery (id,date,patient_id,doctor_id) VALUES (224,'2019-12-14',220,934);
INSERT INTO meds_for_surgery (surgery_id,med) VALUES (224,'Tenofovir');
INSERT INTO surgery (id,date,patient_id,doctor_id) VALUES (225,'2019-12-12',802,387);
INSERT INTO meds_for_surgery (surgery_id,med) VALUES (225,'Enoxaparin');
INSERT INTO surgery (id,date,patient_id,doctor_id) VALUES (226,'2019-12-13',885,437);
INSERT INTO meds_for_surgery (surgery_id,med) VALUES (226,'Famciclovir');
INSERT INTO surgery (id,date,patient_id,doctor_id) VALUES (227,'2019-12-02',898,933);
INSERT INTO meds_for_surgery (surgery_id,med) VALUES (227,'Celecoxib');
INSERT INTO surgery (id,date,patient_id,doctor_id) VALUES (228,'2019-12-09',514,925);
INSERT INTO meds_for_surgery (surgery_id,med) VALUES (228,'Bosentan');
INSERT INTO surgery (id,date,patient_id,doctor_id) VALUES (229,'2019-12-07',589,935);
INSERT INTO meds_for_surgery (surgery_id,med) VALUES (229,'Cefepime');
INSERT INTO surgery (id,date,patient_id,doctor_id) VALUES (230,'2019-12-24',644,746);
INSERT INTO meds_for_surgery (surgery_id,med) VALUES (230,'Vinblastine');
INSERT INTO surgery (id,date,patient_id,doctor_id) VALUES (231,'2019-12-15',650,769);
INSERT INTO meds_for_surgery (surgery_id,med) VALUES (231,'Valproic acid');
INSERT INTO surgery (id,date,patient_id,doctor_id) VALUES (232,'2019-12-07',391,652);
INSERT INTO meds_for_surgery (surgery_id,med) VALUES (232,'Norepinephrine');
INSERT INTO surgery (id,date,patient_id,doctor_id) VALUES (233,'2019-12-04',98,313);
INSERT INTO meds_for_surgery (surgery_id,med) VALUES (233,'Stavudine');
INSERT INTO surgery (id,date,patient_id,doctor_id) VALUES (234,'2019-12-05',343,332);
INSERT INTO meds_for_surgery (surgery_id,med) VALUES (234,'Daunorubicin');
INSERT INTO surgery (id,date,patient_id,doctor_id) VALUES (235,'2019-11-30',666,542);
INSERT INTO meds_for_surgery (surgery_id,med) VALUES (235,'Mercaptopurine');
INSERT INTO surgery (id,date,patient_id,doctor_id) VALUES (236,'2019-12-07',760,846);
INSERT INTO meds_for_surgery (surgery_id,med) VALUES (236,'GM-CSF');
INSERT INTO surgery (id,date,patient_id,doctor_id) VALUES (237,'2019-12-04',182,491);
INSERT INTO meds_for_surgery (surgery_id,med) VALUES (237,'Emicizumab');
INSERT INTO surgery (id,date,patient_id,doctor_id) VALUES (238,'2019-12-20',206,578);
INSERT INTO meds_for_surgery (surgery_id,med) VALUES (238,'Raltegravir');
INSERT INTO surgery (id,date,patient_id,doctor_id) VALUES (239,'2019-12-07',13,351);
INSERT INTO meds_for_surgery (surgery_id,med) VALUES (239,'Amlodipine');
INSERT INTO surgery (id,date,patient_id,doctor_id) VALUES (240,'2019-11-23',300,622);
INSERT INTO meds_for_surgery (surgery_id,med) VALUES (240,'Gefitinib');
INSERT INTO surgery (id,date,patient_id,doctor_id) VALUES (241,'2019-11-20',655,770);
INSERT INTO meds_for_surgery (surgery_id,med) VALUES (241,'Muromonab');
INSERT INTO surgery (id,date,patient_id,doctor_id) VALUES (242,'2019-11-22',743,504);
INSERT INTO meds_for_surgery (surgery_id,med) VALUES (242,'Mycophenolate');
INSERT INTO surgery (id,date,patient_id,doctor_id) VALUES (243,'2019-12-13',584,918);
INSERT INTO meds_for_surgery (surgery_id,med) VALUES (243,'Maraviroc');
INSERT INTO surgery (id,date,patient_id,doctor_id) VALUES (244,'2019-11-21',19,207);
INSERT INTO meds_for_surgery (surgery_id,med) VALUES (244,'Efavirenz');
INSERT INTO surgery (id,date,patient_id,doctor_id) VALUES (245,'2019-11-22',761,964);
INSERT INTO meds_for_surgery (surgery_id,med) VALUES (245,'Cisplatin');
INSERT INTO surgery (id,date,patient_id,doctor_id) VALUES (246,'2019-11-20',310,356);
INSERT INTO meds_for_surgery (surgery_id,med) VALUES (246,'Alendronate');
INSERT INTO surgery (id,date,patient_id,doctor_id) VALUES (247,'2019-12-12',634,991);
INSERT INTO meds_for_surgery (surgery_id,med) VALUES (247,'Vincristine');
INSERT INTO surgery (id,date,patient_id,doctor_id) VALUES (248,'2019-12-09',589,702);
INSERT INTO meds_for_surgery (surgery_id,med) VALUES (248,'Amikacin');
INSERT INTO surgery (id,date,patient_id,doctor_id) VALUES (249,'2019-12-12',322,930);
INSERT INTO meds_for_surgery (surgery_id,med) VALUES (249,'Hydroxyurea');
INSERT INTO surgery (id,date,patient_id,doctor_id) VALUES (250,'2019-12-03',198,498);
INSERT INTO meds_for_surgery (surgery_id,med) VALUES (250,'Methylphenidate');
INSERT INTO surgery (id,date,patient_id,doctor_id) VALUES (251,'2019-11-29',182,495);
INSERT INTO meds_for_surgery (surgery_id,med) VALUES (251,'Gemcitabine');
INSERT INTO surgery (id,date,patient_id,doctor_id) VALUES (252,'2019-12-01',469,292);
INSERT INTO meds_for_surgery (surgery_id,med) VALUES (252,'Erythropoietin');
INSERT INTO surgery (id,date,patient_id,doctor_id) VALUES (253,'2019-11-28',481,207);
INSERT INTO meds_for_surgery (surgery_id,med) VALUES (253,'Mitoxantrone');
INSERT INTO surgery (id,date,patient_id,doctor_id) VALUES (254,'2019-12-07',98,515);
INSERT INTO meds_for_surgery (surgery_id,med) VALUES (254,'Mercaptopurine');
INSERT INTO surgery (id,date,patient_id,doctor_id) VALUES (255,'2019-12-14',182,471);
INSERT INTO meds_for_surgery (surgery_id,med) VALUES (255,'Acyclovir');
INSERT INTO surgery (id,date,patient_id,doctor_id) VALUES (256,'2019-11-20',68,625);
INSERT INTO meds_for_surgery (surgery_id,med) VALUES (256,'Amitriptyline');
INSERT INTO surgery (id,date,patient_id,doctor_id) VALUES (257,'2019-12-03',931,338);
INSERT INTO meds_for_surgery (surgery_id,med) VALUES (257,'Paclitaxel');
INSERT INTO surgery (id,date,patient_id,doctor_id) VALUES (258,'2019-11-26',921,935);
INSERT INTO meds_for_surgery (surgery_id,med) VALUES (258,'Ketoconazole');
INSERT INTO surgery (id,date,patient_id,doctor_id) VALUES (259,'2019-11-25',304,471);
INSERT INTO meds_for_surgery (surgery_id,med) VALUES (259,'Phenobarbital');
INSERT INTO surgery (id,date,patient_id,doctor_id) VALUES (260,'2019-11-25',296,806);
INSERT INTO meds_for_surgery (surgery_id,med) VALUES (260,'Erlotinib');
INSERT INTO surgery (id,date,patient_id,doctor_id) VALUES (261,'2019-11-29',650,539);
INSERT INTO meds_for_surgery (surgery_id,med) VALUES (261,'Cytarabine');
INSERT INTO surgery (id,date,patient_id,doctor_id) VALUES (262,'2019-12-08',810,307);
INSERT INTO meds_for_surgery (surgery_id,med) VALUES (262,'Warfarin');
INSERT INTO surgery (id,date,patient_id,doctor_id) VALUES (263,'2019-12-08',326,680);
INSERT INTO meds_for_surgery (surgery_id,med) VALUES (263,'Erythropoietin');
INSERT INTO surgery (id,date,patient_id,doctor_id) VALUES (264,'2019-12-14',49,693);
INSERT INTO meds_for_surgery (surgery_id,med) VALUES (264,'Ceftazidime');
INSERT INTO surgery (id,date,patient_id,doctor_id) VALUES (265,'2019-12-06',871,193);
INSERT INTO meds_for_surgery (surgery_id,med) VALUES (265,'Interferon');
INSERT INTO surgery (id,date,patient_id,doctor_id) VALUES (266,'2019-11-24',213,512);
INSERT INTO meds_for_surgery (surgery_id,med) VALUES (266,'Cefixime');
INSERT INTO surgery (id,date,patient_id,doctor_id) VALUES (267,'2019-11-27',486,12);
INSERT INTO meds_for_surgery (surgery_id,med) VALUES (267,'Amlodipine');
INSERT INTO surgery (id,date,patient_id,doctor_id) VALUES (268,'2019-12-16',39,554);
INSERT INTO meds_for_surgery (surgery_id,med) VALUES (268,'Amikacin');
INSERT INTO surgery (id,date,patient_id,doctor_id) VALUES (269,'2019-12-19',453,313);
INSERT INTO meds_for_surgery (surgery_id,med) VALUES (269,'Meperidine');
INSERT INTO surgery (id,date,patient_id,doctor_id) VALUES (270,'2019-12-05',175,769);
INSERT INTO meds_for_surgery (surgery_id,med) VALUES (270,'L-glutamine');
INSERT INTO surgery (id,date,patient_id,doctor_id) VALUES (271,'2019-11-25',94,244);
INSERT INTO meds_for_surgery (surgery_id,med) VALUES (271,'Meropenem');
INSERT INTO surgery (id,date,patient_id,doctor_id) VALUES (272,'2019-12-07',352,595);
INSERT INTO meds_for_surgery (surgery_id,med) VALUES (272,'Mycophenolate');
INSERT INTO surgery (id,date,patient_id,doctor_id) VALUES (273,'2019-11-25',443,451);
INSERT INTO meds_for_surgery (surgery_id,med) VALUES (273,'Nelfinavir');
INSERT INTO surgery (id,date,patient_id,doctor_id) VALUES (274,'2019-11-29',560,990);
INSERT INTO meds_for_surgery (surgery_id,med) VALUES (274,'Clarithromycin');
INSERT INTO surgery (id,date,patient_id,doctor_id) VALUES (275,'2019-11-30',182,930);
INSERT INTO meds_for_surgery (surgery_id,med) VALUES (275,'Doxorubicin');
INSERT INTO surgery (id,date,patient_id,doctor_id) VALUES (276,'2019-12-12',596,851);
INSERT INTO meds_for_surgery (surgery_id,med) VALUES (276,'Sirolimus');
INSERT INTO surgery (id,date,patient_id,doctor_id) VALUES (277,'2019-12-05',213,390);
INSERT INTO meds_for_surgery (surgery_id,med) VALUES (277,'Teniposide');
INSERT INTO surgery (id,date,patient_id,doctor_id) VALUES (278,'2019-12-17',695,515);
INSERT INTO meds_for_surgery (surgery_id,med) VALUES (278,'Megestrol acetate');
INSERT INTO surgery (id,date,patient_id,doctor_id) VALUES (279,'2019-11-21',6,988);
INSERT INTO meds_for_surgery (surgery_id,med) VALUES (279,'Erlotinib');
INSERT INTO surgery (id,date,patient_id,doctor_id) VALUES (280,'2019-12-12',916,881);
INSERT INTO meds_for_surgery (surgery_id,med) VALUES (280,'Clobazam');
INSERT INTO surgery (id,date,patient_id,doctor_id) VALUES (281,'2019-11-20',39,578);
INSERT INTO meds_for_surgery (surgery_id,med) VALUES (281,'Allopurinol');
INSERT INTO surgery (id,date,patient_id,doctor_id) VALUES (282,'2019-11-28',482,746);
INSERT INTO meds_for_surgery (surgery_id,med) VALUES (282,'Mesna');
INSERT INTO surgery (id,date,patient_id,doctor_id) VALUES (283,'2019-12-04',713,614);
INSERT INTO meds_for_surgery (surgery_id,med) VALUES (283,'Darunavir');
INSERT INTO surgery (id,date,patient_id,doctor_id) VALUES (284,'2019-12-06',650,437);
INSERT INTO meds_for_surgery (surgery_id,med) VALUES (284,'Erlotinib');
INSERT INTO surgery (id,date,patient_id,doctor_id) VALUES (285,'2019-12-19',567,598);
INSERT INTO meds_for_surgery (surgery_id,med) VALUES (285,'Eltrombopag');
INSERT INTO surgery (id,date,patient_id,doctor_id) VALUES (286,'2019-12-22',133,375);
INSERT INTO meds_for_surgery (surgery_id,med) VALUES (286,'Sorafenib');
INSERT INTO surgery (id,date,patient_id,doctor_id) VALUES (287,'2019-11-26',39,341);
INSERT INTO meds_for_surgery (surgery_id,med) VALUES (287,'Abacavir');
INSERT INTO surgery (id,date,patient_id,doctor_id) VALUES (288,'2019-11-25',661,578);
INSERT INTO meds_for_surgery (surgery_id,med) VALUES (288,'Dacarbazine');
INSERT INTO surgery (id,date,patient_id,doctor_id) VALUES (289,'2019-12-02',300,694);
INSERT INTO meds_for_surgery (surgery_id,med) VALUES (289,'Irinotecan');
INSERT INTO surgery (id,date,patient_id,doctor_id) VALUES (290,'2019-11-28',469,259);
INSERT INTO meds_for_surgery (surgery_id,med) VALUES (290,'Carboplatin');
INSERT INTO surgery (id,date,patient_id,doctor_id) VALUES (291,'2019-11-28',524,620);
INSERT INTO meds_for_surgery (surgery_id,med) VALUES (291,'Sorafenib');
INSERT INTO surgery (id,date,patient_id,doctor_id) VALUES (292,'2019-12-18',326,66);
INSERT INTO meds_for_surgery (surgery_id,med) VALUES (292,'Atovaquone');
INSERT INTO surgery (id,date,patient_id,doctor_id) VALUES (293,'2019-12-02',46,504);
INSERT INTO meds_for_surgery (surgery_id,med) VALUES (293,'Cyclosporine');
INSERT INTO surgery (id,date,patient_id,doctor_id) VALUES (294,'2019-12-03',248,851);
INSERT INTO meds_for_surgery (surgery_id,med) VALUES (294,'Hydrocortisone');
INSERT INTO surgery (id,date,patient_id,doctor_id) VALUES (295,'2019-12-18',496,500);
INSERT INTO meds_for_surgery (surgery_id,med) VALUES (295,'Hydromorphone');
INSERT INTO surgery (id,date,patient_id,doctor_id) VALUES (296,'2019-12-14',237,652);
INSERT INTO meds_for_surgery (surgery_id,med) VALUES (296,'Elvitegravir');
INSERT INTO surgery (id,date,patient_id,doctor_id) VALUES (297,'2019-12-06',665,512);
INSERT INTO meds_for_surgery (surgery_id,med) VALUES (297,'Melphalan');
INSERT INTO surgery (id,date,patient_id,doctor_id) VALUES (298,'2019-12-19',195,652);
INSERT INTO meds_for_surgery (surgery_id,med) VALUES (298,'Linezolid');
INSERT INTO surgery (id,date,patient_id,doctor_id) VALUES (299,'2019-12-10',262,228);
INSERT INTO meds_for_surgery (surgery_id,med) VALUES (299,'Dobutamine');
INSERT INTO surgery (id,date,patient_id,doctor_id) VALUES (300,'2019-12-13',283,319);
INSERT INTO meds_for_surgery (surgery_id,med) VALUES (300,'Micafungin');
INSERT INTO surgery (id,date,patient_id,doctor_id) VALUES (301,'2019-12-15',655,193);
INSERT INTO meds_for_surgery (surgery_id,med) VALUES (301,'Nevirapine');
INSERT INTO surgery (id,date,patient_id,doctor_id) VALUES (302,'2019-12-19',118,565);
INSERT INTO meds_for_surgery (surgery_id,med) VALUES (302,'Didanosine');
INSERT INTO surgery (id,date,patient_id,doctor_id) VALUES (303,'2019-12-22',690,539);
INSERT INTO meds_for_surgery (surgery_id,med) VALUES (303,'Dobutamine');
INSERT INTO surgery (id,date,patient_id,doctor_id) VALUES (304,'2019-11-21',272,825);
INSERT INTO meds_for_surgery (surgery_id,med) VALUES (304,'Dactinomycin');
INSERT INTO surgery (id,date,patient_id,doctor_id) VALUES (305,'2019-12-19',388,504);
INSERT INTO meds_for_surgery (surgery_id,med) VALUES (305,'Saquinavir');
INSERT INTO surgery (id,date,patient_id,doctor_id) VALUES (306,'2019-12-08',416,964);
INSERT INTO meds_for_surgery (surgery_id,med) VALUES (306,'Dopamine');
INSERT INTO surgery (id,date,patient_id,doctor_id) VALUES (307,'2019-12-08',214,3);
INSERT INTO meds_for_surgery (surgery_id,med) VALUES (307,'Cytarabine');
INSERT INTO surgery (id,date,patient_id,doctor_id) VALUES (308,'2019-12-18',173,806);
INSERT INTO meds_for_surgery (surgery_id,med) VALUES (308,'Atovaquone');
INSERT INTO surgery (id,date,patient_id,doctor_id) VALUES (309,'2019-12-11',75,390);
INSERT INTO meds_for_surgery (surgery_id,med) VALUES (309,'Interferon');
INSERT INTO surgery (id,date,patient_id,doctor_id) VALUES (310,'2019-11-26',177,544);
INSERT INTO meds_for_surgery (surgery_id,med) VALUES (310,'Ranitidine');
INSERT INTO surgery (id,date,patient_id,doctor_id) VALUES (311,'2019-11-23',567,578);
INSERT INTO meds_for_surgery (surgery_id,med) VALUES (311,'Hydroxyurea');
INSERT INTO surgery (id,date,patient_id,doctor_id) VALUES (312,'2019-12-02',852,694);
INSERT INTO meds_for_surgery (surgery_id,med) VALUES (312,'Clobazam');
INSERT INTO surgery (id,date,patient_id,doctor_id) VALUES (313,'2019-12-23',392,338);
INSERT INTO meds_for_surgery (surgery_id,med) VALUES (313,'Emicizumab');
INSERT INTO surgery (id,date,patient_id,doctor_id) VALUES (314,'2019-11-21',178,683);
INSERT INTO meds_for_surgery (surgery_id,med) VALUES (314,'Foscarnet');
INSERT INTO surgery (id,date,patient_id,doctor_id) VALUES (315,'2019-12-01',151,851);
INSERT INTO meds_for_surgery (surgery_id,med) VALUES (315,'Lomustine');
INSERT INTO surgery (id,date,patient_id,doctor_id) VALUES (316,'2019-12-17',220,784);
INSERT INTO meds_for_surgery (surgery_id,med) VALUES (316,'Immune');
INSERT INTO surgery (id,date,patient_id,doctor_id) VALUES (317,'2019-12-24',659,934);
INSERT INTO meds_for_surgery (surgery_id,med) VALUES (317,'Dasatinib');
INSERT INTO surgery (id,date,patient_id,doctor_id) VALUES (318,'2019-11-22',920,284);
INSERT INTO meds_for_surgery (surgery_id,med) VALUES (318,'Baclofen');
INSERT INTO surgery (id,date,patient_id,doctor_id) VALUES (319,'2019-11-20',947,193);
INSERT INTO meds_for_surgery (surgery_id,med) VALUES (319,'Dactinomycin');
INSERT INTO surgery (id,date,patient_id,doctor_id) VALUES (320,'2019-12-08',743,825);
INSERT INTO meds_for_surgery (surgery_id,med) VALUES (320,'Gemtuzumab');
INSERT INTO surgery (id,date,patient_id,doctor_id) VALUES (321,'2019-12-20',262,677);
INSERT INTO meds_for_surgery (surgery_id,med) VALUES (321,'Gabapentin');
INSERT INTO surgery (id,date,patient_id,doctor_id) VALUES (322,'2019-12-23',147,331);
INSERT INTO meds_for_surgery (surgery_id,med) VALUES (322,'Darunavir');
INSERT INTO surgery (id,date,patient_id,doctor_id) VALUES (323,'2019-11-29',315,385);
INSERT INTO meds_for_surgery (surgery_id,med) VALUES (323,'Lorazepam');
INSERT INTO surgery (id,date,patient_id,doctor_id) VALUES (324,'2019-12-01',71,332);
INSERT INTO meds_for_surgery (surgery_id,med) VALUES (324,'Vincristine');
INSERT INTO surgery (id,date,patient_id,doctor_id) VALUES (325,'2019-12-04',443,896);
INSERT INTO meds_for_surgery (surgery_id,med) VALUES (325,'Busulfan');
INSERT INTO surgery (id,date,patient_id,doctor_id) VALUES (326,'2019-11-21',89,699);
INSERT INTO meds_for_surgery (surgery_id,med) VALUES (326,'Propoxyphene');
INSERT INTO surgery (id,date,patient_id,doctor_id) VALUES (327,'2019-12-04',177,576);
INSERT INTO meds_for_surgery (surgery_id,med) VALUES (327,'Morphine');
INSERT INTO surgery (id,date,patient_id,doctor_id) VALUES (328,'2019-12-17',815,544);
INSERT INTO meds_for_surgery (surgery_id,med) VALUES (328,'Muromonab');
INSERT INTO surgery (id,date,patient_id,doctor_id) VALUES (329,'2019-11-20',690,301);
INSERT INTO meds_for_surgery (surgery_id,med) VALUES (329,'Raltegravir');
INSERT INTO surgery (id,date,patient_id,doctor_id) VALUES (330,'2019-12-15',213,331);
INSERT INTO meds_for_surgery (surgery_id,med) VALUES (330,'Immune');
INSERT INTO surgery (id,date,patient_id,doctor_id) VALUES (331,'2019-12-16',68,930);
INSERT INTO meds_for_surgery (surgery_id,med) VALUES (331,'Foscarnet');
INSERT INTO surgery (id,date,patient_id,doctor_id) VALUES (332,'2019-12-15',392,702);
INSERT INTO meds_for_surgery (surgery_id,med) VALUES (332,'Hydrocortisone');
INSERT INTO surgery (id,date,patient_id,doctor_id) VALUES (333,'2019-11-23',932,545);
INSERT INTO meds_for_surgery (surgery_id,med) VALUES (333,'Cidofovir');
INSERT INTO surgery (id,date,patient_id,doctor_id) VALUES (334,'2019-12-16',949,966);
INSERT INTO meds_for_surgery (surgery_id,med) VALUES (334,'Sorafenib');
INSERT INTO surgery (id,date,patient_id,doctor_id) VALUES (335,'2019-11-20',334,399);
INSERT INTO meds_for_surgery (surgery_id,med) VALUES (335,'Trimethoprim');
INSERT INTO surgery (id,date,patient_id,doctor_id) VALUES (336,'2019-11-30',570,621);
INSERT INTO meds_for_surgery (surgery_id,med) VALUES (336,'Calcium');
INSERT INTO surgery (id,date,patient_id,doctor_id) VALUES (337,'2019-12-01',687,677);
INSERT INTO meds_for_surgery (surgery_id,med) VALUES (337,'Carmustine');
INSERT INTO surgery (id,date,patient_id,doctor_id) VALUES (338,'2019-12-19',34,12);
INSERT INTO meds_for_surgery (surgery_id,med) VALUES (338,'Ketoconazole');
INSERT INTO surgery (id,date,patient_id,doctor_id) VALUES (339,'2019-12-01',572,356);
INSERT INTO meds_for_surgery (surgery_id,med) VALUES (339,'Immune');
INSERT INTO surgery (id,date,patient_id,doctor_id) VALUES (340,'2019-12-08',505,721);
INSERT INTO meds_for_surgery (surgery_id,med) VALUES (340,'Mercaptopurine');
INSERT INTO surgery (id,date,patient_id,doctor_id) VALUES (341,'2019-12-11',698,990);
INSERT INTO meds_for_surgery (surgery_id,med) VALUES (341,'Modafinil');
INSERT INTO surgery (id,date,patient_id,doctor_id) VALUES (342,'2019-11-28',92,498);
INSERT INTO meds_for_surgery (surgery_id,med) VALUES (342,'Captopril');
INSERT INTO surgery (id,date,patient_id,doctor_id) VALUES (343,'2019-12-05',220,806);
INSERT INTO meds_for_surgery (surgery_id,med) VALUES (343,'Alemtuzumab');
INSERT INTO surgery (id,date,patient_id,doctor_id) VALUES (344,'2019-12-09',206,599);
INSERT INTO meds_for_surgery (surgery_id,med) VALUES (344,'Metronidazole');
INSERT INTO surgery (id,date,patient_id,doctor_id) VALUES (345,'2019-12-14',220,542);
INSERT INTO meds_for_surgery (surgery_id,med) VALUES (345,'Voriconazole');
INSERT INTO surgery (id,date,patient_id,doctor_id) VALUES (346,'2019-11-27',984,821);
INSERT INTO meds_for_surgery (surgery_id,med) VALUES (346,'Amifostine');
INSERT INTO surgery (id,date,patient_id,doctor_id) VALUES (347,'2019-11-23',213,693);
INSERT INTO meds_for_surgery (surgery_id,med) VALUES (347,'Dasatinib');
INSERT INTO surgery (id,date,patient_id,doctor_id) VALUES (348,'2019-12-15',476,1000);
INSERT INTO meds_for_surgery (surgery_id,med) VALUES (348,'Gefitinib');
INSERT INTO surgery (id,date,patient_id,doctor_id) VALUES (349,'2019-11-23',159,545);
INSERT INTO meds_for_surgery (surgery_id,med) VALUES (349,'Hydralazine');
INSERT INTO surgery (id,date,patient_id,doctor_id) VALUES (350,'2019-12-07',695,738);
INSERT INTO meds_for_surgery (surgery_id,med) VALUES (350,'Bleomycin');
INSERT INTO surgery (id,date,patient_id,doctor_id) VALUES (351,'2019-12-15',352,915);
INSERT INTO meds_for_surgery (surgery_id,med) VALUES (351,'Ondansetron');
INSERT INTO surgery (id,date,patient_id,doctor_id) VALUES (352,'2019-12-13',339,683);
INSERT INTO meds_for_surgery (surgery_id,med) VALUES (352,'Cyproheptadine');
INSERT INTO surgery (id,date,patient_id,doctor_id) VALUES (353,'2019-12-03',959,305);
INSERT INTO meds_for_surgery (surgery_id,med) VALUES (353,'Topotecan');
INSERT INTO surgery (id,date,patient_id,doctor_id) VALUES (354,'2019-11-30',348,356);
INSERT INTO meds_for_surgery (surgery_id,med) VALUES (354,'Interferon');
INSERT INTO surgery (id,date,patient_id,doctor_id) VALUES (355,'2019-12-05',45,517);
INSERT INTO meds_for_surgery (surgery_id,med) VALUES (355,'Cyproheptadine');
INSERT INTO surgery (id,date,patient_id,doctor_id) VALUES (356,'2019-12-21',6,857);
INSERT INTO meds_for_surgery (surgery_id,med) VALUES (356,'Teniposide');
INSERT INTO surgery (id,date,patient_id,doctor_id) VALUES (357,'2019-12-13',921,471);
INSERT INTO meds_for_surgery (surgery_id,med) VALUES (357,'Alemtuzumab');
INSERT INTO surgery (id,date,patient_id,doctor_id) VALUES (358,'2019-12-04',665,806);
INSERT INTO meds_for_surgery (surgery_id,med) VALUES (358,'Hydrocortisone');
INSERT INTO surgery (id,date,patient_id,doctor_id) VALUES (359,'2019-11-22',247,332);
INSERT INTO meds_for_surgery (surgery_id,med) VALUES (359,'Megestrol acetate');
INSERT INTO surgery (id,date,patient_id,doctor_id) VALUES (360,'2019-11-20',373,126);
INSERT INTO meds_for_surgery (surgery_id,med) VALUES (360,'Mitoxantrone');
INSERT INTO surgery (id,date,patient_id,doctor_id) VALUES (361,'2019-11-27',664,341);
INSERT INTO meds_for_surgery (surgery_id,med) VALUES (361,'Rivaroxaban');
INSERT INTO surgery (id,date,patient_id,doctor_id) VALUES (362,'2019-11-29',49,353);
INSERT INTO meds_for_surgery (surgery_id,med) VALUES (362,'Aminocaproic Acid');
INSERT INTO surgery (id,date,patient_id,doctor_id) VALUES (363,'2019-12-11',98,128);
INSERT INTO meds_for_surgery (surgery_id,med) VALUES (363,'Fluconazole');
INSERT INTO surgery (id,date,patient_id,doctor_id) VALUES (364,'2019-12-22',249,512);
INSERT INTO meds_for_surgery (surgery_id,med) VALUES (364,'Methotrexate');
INSERT INTO surgery (id,date,patient_id,doctor_id) VALUES (365,'2019-12-15',469,399);
INSERT INTO meds_for_surgery (surgery_id,med) VALUES (365,'Ruxolitinib');
INSERT INTO surgery (id,date,patient_id,doctor_id) VALUES (366,'2019-12-06',773,857);
INSERT INTO meds_for_surgery (surgery_id,med) VALUES (366,'Acyclovir');
INSERT INTO surgery (id,date,patient_id,doctor_id) VALUES (367,'2019-11-22',596,881);
INSERT INTO meds_for_surgery (surgery_id,med) VALUES (367,'G-CSF');
INSERT INTO surgery (id,date,patient_id,doctor_id) VALUES (368,'2019-12-15',92,578);
INSERT INTO meds_for_surgery (surgery_id,med) VALUES (368,'Potassium');
INSERT INTO surgery (id,date,patient_id,doctor_id) VALUES (369,'2019-12-21',666,371);
INSERT INTO meds_for_surgery (surgery_id,med) VALUES (369,'Fludarabine');
INSERT INTO surgery (id,date,patient_id,doctor_id) VALUES (370,'2019-11-26',210,533);
INSERT INTO meds_for_surgery (surgery_id,med) VALUES (370,'Alendronate');
INSERT INTO surgery (id,date,patient_id,doctor_id) VALUES (371,'2019-12-13',6,464);
INSERT INTO meds_for_surgery (surgery_id,med) VALUES (371,'Mitotane');
INSERT INTO surgery (id,date,patient_id,doctor_id) VALUES (372,'2019-11-28',655,451);
INSERT INTO meds_for_surgery (surgery_id,med) VALUES (372,'Famciclovir');
INSERT INTO surgery (id,date,patient_id,doctor_id) VALUES (373,'2019-12-12',184,532);
INSERT INTO meds_for_surgery (surgery_id,med) VALUES (373,'Ceftazidime');
INSERT INTO surgery (id,date,patient_id,doctor_id) VALUES (374,'2019-11-30',36,389);
INSERT INTO meds_for_surgery (surgery_id,med) VALUES (374,'Irinotecan');
INSERT INTO surgery (id,date,patient_id,doctor_id) VALUES (375,'2019-12-09',240,784);
INSERT INTO meds_for_surgery (surgery_id,med) VALUES (375,'Voriconazole');
INSERT INTO surgery (id,date,patient_id,doctor_id) VALUES (376,'2019-12-12',210,991);
INSERT INTO meds_for_surgery (surgery_id,med) VALUES (376,'Norepinephrine');
INSERT INTO surgery (id,date,patient_id,doctor_id) VALUES (377,'2019-12-07',627,504);
INSERT INTO meds_for_surgery (surgery_id,med) VALUES (377,'Meropenem');
INSERT INTO surgery (id,date,patient_id,doctor_id) VALUES (378,'2019-12-19',236,745);
INSERT INTO meds_for_surgery (surgery_id,med) VALUES (378,'Trimethoprim');
INSERT INTO surgery (id,date,patient_id,doctor_id) VALUES (379,'2019-12-19',931,540);
INSERT INTO meds_for_surgery (surgery_id,med) VALUES (379,'Erlotinib');
INSERT INTO surgery (id,date,patient_id,doctor_id) VALUES (380,'2019-12-07',92,385);
INSERT INTO meds_for_surgery (surgery_id,med) VALUES (380,'Meloxicam');
INSERT INTO surgery (id,date,patient_id,doctor_id) VALUES (381,'2019-12-01',178,414);
INSERT INTO meds_for_surgery (surgery_id,med) VALUES (381,'Diclofenac');
INSERT INTO surgery (id,date,patient_id,doctor_id) VALUES (382,'2019-12-19',217,399);
INSERT INTO meds_for_surgery (surgery_id,med) VALUES (382,'Dronabinol');
INSERT INTO surgery (id,date,patient_id,doctor_id) VALUES (383,'2019-12-18',103,417);
INSERT INTO meds_for_surgery (surgery_id,med) VALUES (383,'Lomustine');
INSERT INTO surgery (id,date,patient_id,doctor_id) VALUES (384,'2019-11-24',169,966);
INSERT INTO meds_for_surgery (surgery_id,med) VALUES (384,'Phosphorus');
INSERT INTO surgery (id,date,patient_id,doctor_id) VALUES (385,'2019-12-19',388,782);
INSERT INTO meds_for_surgery (surgery_id,med) VALUES (385,'Prednisone');
INSERT INTO surgery (id,date,patient_id,doctor_id) VALUES (386,'2019-12-18',146,12);
INSERT INTO meds_for_surgery (surgery_id,med) VALUES (386,'Trimethoprim');
INSERT INTO surgery (id,date,patient_id,doctor_id) VALUES (387,'2019-12-23',210,540);
INSERT INTO meds_for_surgery (surgery_id,med) VALUES (387,'Clofarabine');
INSERT INTO surgery (id,date,patient_id,doctor_id) VALUES (388,'2019-12-22',945,783);
INSERT INTO meds_for_surgery (surgery_id,med) VALUES (388,'Methylphenidate');
INSERT INTO surgery (id,date,patient_id,doctor_id) VALUES (389,'2019-12-07',89,683);
INSERT INTO meds_for_surgery (surgery_id,med) VALUES (389,'Sucralfate');
INSERT INTO surgery (id,date,patient_id,doctor_id) VALUES (390,'2019-12-06',455,699);
INSERT INTO meds_for_surgery (surgery_id,med) VALUES (390,'Zidovudine');
INSERT INTO surgery (id,date,patient_id,doctor_id) VALUES (391,'2019-11-24',469,305);
INSERT INTO meds_for_surgery (surgery_id,med) VALUES (391,'Tretinoin');
INSERT INTO surgery (id,date,patient_id,doctor_id) VALUES (392,'2019-12-21',773,224);
INSERT INTO meds_for_surgery (surgery_id,med) VALUES (392,'Amifostine');
INSERT INTO surgery (id,date,patient_id,doctor_id) VALUES (393,'2019-11-30',446,782);
INSERT INTO meds_for_surgery (surgery_id,med) VALUES (393,'Vorinostat');
INSERT INTO surgery (id,date,patient_id,doctor_id) VALUES (394,'2019-11-20',326,389);
INSERT INTO meds_for_surgery (surgery_id,med) VALUES (394,'Dapsone');
INSERT INTO surgery (id,date,patient_id,doctor_id) VALUES (395,'2019-12-06',92,702);
INSERT INTO meds_for_surgery (surgery_id,med) VALUES (395,'Potassium');
INSERT INTO surgery (id,date,patient_id,doctor_id) VALUES (396,'2019-11-21',685,579);
INSERT INTO meds_for_surgery (surgery_id,med) VALUES (396,'Vinblastine');
INSERT INTO surgery (id,date,patient_id,doctor_id) VALUES (397,'2019-11-23',175,491);
INSERT INTO meds_for_surgery (surgery_id,med) VALUES (397,'Etravirine');
INSERT INTO surgery (id,date,patient_id,doctor_id) VALUES (398,'2019-12-18',98,332);
INSERT INTO meds_for_surgery (surgery_id,med) VALUES (398,'Lopinavir');
INSERT INTO surgery (id,date,patient_id,doctor_id) VALUES (399,'2019-12-18',300,363);
INSERT INTO meds_for_surgery (surgery_id,med) VALUES (399,'Itraconazole');
INSERT INTO surgery (id,date,patient_id,doctor_id) VALUES (400,'2019-11-27',218,806);
INSERT INTO meds_for_surgery (surgery_id,med) VALUES (400,'Tacrolimus');
INSERT INTO surgery (id,date,patient_id,doctor_id) VALUES (401,'2019-12-14',46,508);
INSERT INTO meds_for_surgery (surgery_id,med) VALUES (401,'Ritonavir');
INSERT INTO surgery (id,date,patient_id,doctor_id) VALUES (402,'2019-12-17',19,353);
INSERT INTO meds_for_surgery (surgery_id,med) VALUES (402,'Alendronate');
INSERT INTO surgery (id,date,patient_id,doctor_id) VALUES (403,'2019-11-30',190,351);
INSERT INTO meds_for_surgery (surgery_id,med) VALUES (403,'Cyproheptadine');
INSERT INTO surgery (id,date,patient_id,doctor_id) VALUES (404,'2019-12-13',76,464);
INSERT INTO meds_for_surgery (surgery_id,med) VALUES (404,'Baclofen');
INSERT INTO surgery (id,date,patient_id,doctor_id) VALUES (405,'2019-12-19',134,284);
INSERT INTO meds_for_surgery (surgery_id,med) VALUES (405,'Didanosine');
INSERT INTO surgery (id,date,patient_id,doctor_id) VALUES (406,'2019-11-30',13,936);
INSERT INTO meds_for_surgery (surgery_id,med) VALUES (406,'Probenecid');
INSERT INTO surgery (id,date,patient_id,doctor_id) VALUES (407,'2019-11-24',481,583);
INSERT INTO meds_for_surgery (surgery_id,med) VALUES (407,'Carmustine');
INSERT INTO surgery (id,date,patient_id,doctor_id) VALUES (408,'2019-12-08',572,3);
INSERT INTO meds_for_surgery (surgery_id,med) VALUES (408,'Hydroxyurea');
INSERT INTO surgery (id,date,patient_id,doctor_id) VALUES (409,'2019-12-18',666,3);
INSERT INTO meds_for_surgery (surgery_id,med) VALUES (409,'Ceftazidime');
INSERT INTO surgery (id,date,patient_id,doctor_id) VALUES (410,'2019-12-04',76,448);
INSERT INTO meds_for_surgery (surgery_id,med) VALUES (410,'Furosemide');
INSERT INTO surgery (id,date,patient_id,doctor_id) VALUES (411,'2019-11-20',553,677);
INSERT INTO meds_for_surgery (surgery_id,med) VALUES (411,'Deferasirox');
INSERT INTO surgery (id,date,patient_id,doctor_id) VALUES (412,'2019-11-25',343,464);
INSERT INTO meds_for_surgery (surgery_id,med) VALUES (412,'Hydromorphone');
INSERT INTO surgery (id,date,patient_id,doctor_id) VALUES (413,'2019-11-20',221,387);
INSERT INTO meds_for_surgery (surgery_id,med) VALUES (413,'Lomustine');
INSERT INTO surgery (id,date,patient_id,doctor_id) VALUES (414,'2019-11-29',424,515);
INSERT INTO meds_for_surgery (surgery_id,med) VALUES (414,'Cisplatin');
INSERT INTO surgery (id,date,patient_id,doctor_id) VALUES (415,'2019-12-19',760,491);
INSERT INTO meds_for_surgery (surgery_id,med) VALUES (415,'Lamivudine');
INSERT INTO surgery (id,date,patient_id,doctor_id) VALUES (416,'2019-12-07',572,244);
INSERT INTO meds_for_surgery (surgery_id,med) VALUES (416,'Didanosine');
INSERT INTO surgery (id,date,patient_id,doctor_id) VALUES (417,'2019-12-24',92,964);
INSERT INTO meds_for_surgery (surgery_id,med) VALUES (417,'Didanosine');
INSERT INTO surgery (id,date,patient_id,doctor_id) VALUES (418,'2019-12-24',45,694);
INSERT INTO meds_for_surgery (surgery_id,med) VALUES (418,'Atenolol');
INSERT INTO surgery (id,date,patient_id,doctor_id) VALUES (419,'2019-11-22',51,451);
INSERT INTO meds_for_surgery (surgery_id,med) VALUES (419,'Nelfinavir');
INSERT INTO surgery (id,date,patient_id,doctor_id) VALUES (420,'2019-12-24',773,491);
INSERT INTO meds_for_surgery (surgery_id,med) VALUES (420,'Amitriptyline');
INSERT INTO surgery (id,date,patient_id,doctor_id) VALUES (421,'2019-12-13',647,565);
INSERT INTO meds_for_surgery (surgery_id,med) VALUES (421,'Warfarin');
INSERT INTO surgery (id,date,patient_id,doctor_id) VALUES (422,'2019-12-15',213,745);
INSERT INTO meds_for_surgery (surgery_id,med) VALUES (422,'Ifosfamide');
INSERT INTO surgery (id,date,patient_id,doctor_id) VALUES (423,'2019-12-18',269,417);
INSERT INTO meds_for_surgery (surgery_id,med) VALUES (423,'Methylphenidate');
INSERT INTO surgery (id,date,patient_id,doctor_id) VALUES (424,'2019-11-29',290,313);
INSERT INTO meds_for_surgery (surgery_id,med) VALUES (424,'Gefitinib');
INSERT INTO surgery (id,date,patient_id,doctor_id) VALUES (425,'2019-12-22',687,694);
INSERT INTO meds_for_surgery (surgery_id,med) VALUES (425,'Phenytoin');
INSERT INTO surgery (id,date,patient_id,doctor_id) VALUES (426,'2019-11-22',666,632);
INSERT INTO meds_for_surgery (surgery_id,med) VALUES (426,'Alendronate');
INSERT INTO surgery (id,date,patient_id,doctor_id) VALUES (427,'2019-11-21',661,313);
INSERT INTO meds_for_surgery (surgery_id,med) VALUES (427,'G-CSF');
INSERT INTO surgery (id,date,patient_id,doctor_id) VALUES (428,'2019-11-26',587,857);
INSERT INTO meds_for_surgery (surgery_id,med) VALUES (428,'Etoposide');
INSERT INTO surgery (id,date,patient_id,doctor_id) VALUES (429,'2019-11-23',898,652);
INSERT INTO meds_for_surgery (surgery_id,med) VALUES (429,'Linezolid');
INSERT INTO surgery (id,date,patient_id,doctor_id) VALUES (430,'2019-12-10',972,451);
INSERT INTO meds_for_surgery (surgery_id,med) VALUES (430,'Amitriptyline');
INSERT INTO surgery (id,date,patient_id,doctor_id) VALUES (431,'2019-12-01',357,464);
INSERT INTO meds_for_surgery (surgery_id,med) VALUES (431,'Meperidine');
INSERT INTO surgery (id,date,patient_id,doctor_id) VALUES (432,'2019-12-10',226,988);
INSERT INTO meds_for_surgery (surgery_id,med) VALUES (432,'Abacavir');
INSERT INTO surgery (id,date,patient_id,doctor_id) VALUES (433,'2019-12-16',68,432);
INSERT INTO meds_for_surgery (surgery_id,med) VALUES (433,'Aprepitant');
INSERT INTO surgery (id,date,patient_id,doctor_id) VALUES (434,'2019-12-12',190,968);
INSERT INTO meds_for_surgery (surgery_id,med) VALUES (434,'Ruxolitinib');
INSERT INTO surgery (id,date,patient_id,doctor_id) VALUES (435,'2019-12-20',952,3);
INSERT INTO meds_for_surgery (surgery_id,med) VALUES (435,'Lamivudine');
INSERT INTO surgery (id,date,patient_id,doctor_id) VALUES (436,'2019-12-13',802,399);
INSERT INTO meds_for_surgery (surgery_id,med) VALUES (436,'Azithromycin');
INSERT INTO surgery (id,date,patient_id,doctor_id) VALUES (437,'2019-12-17',369,15);
INSERT INTO meds_for_surgery (surgery_id,med) VALUES (437,'Nelarabine');
INSERT INTO surgery (id,date,patient_id,doctor_id) VALUES (438,'2019-11-27',453,417);
INSERT INTO meds_for_surgery (surgery_id,med) VALUES (438,'Enoxaparin');
INSERT INTO surgery (id,date,patient_id,doctor_id) VALUES (439,'2019-12-09',949,662);
INSERT INTO meds_for_surgery (surgery_id,med) VALUES (439,'Sugammadex');
INSERT INTO surgery (id,date,patient_id,doctor_id) VALUES (440,'2019-12-18',676,332);
INSERT INTO meds_for_surgery (surgery_id,med) VALUES (440,'Abacavir');
INSERT INTO surgery (id,date,patient_id,doctor_id) VALUES (441,'2019-12-03',144,471);
INSERT INTO meds_for_surgery (surgery_id,med) VALUES (441,'Cyproheptadine');
INSERT INTO surgery (id,date,patient_id,doctor_id) VALUES (442,'2019-12-18',348,353);
INSERT INTO meds_for_surgery (surgery_id,med) VALUES (442,'Mechlorethamine');
INSERT INTO surgery (id,date,patient_id,doctor_id) VALUES (443,'2019-12-23',596,280);
INSERT INTO meds_for_surgery (surgery_id,med) VALUES (443,'Valproic acid');
INSERT INTO surgery (id,date,patient_id,doctor_id) VALUES (444,'2019-11-29',391,800);
INSERT INTO meds_for_surgery (surgery_id,med) VALUES (444,'Potassium');
INSERT INTO surgery (id,date,patient_id,doctor_id) VALUES (445,'2019-12-14',46,101);
INSERT INTO meds_for_surgery (surgery_id,med) VALUES (445,'Prednisone');
INSERT INTO surgery (id,date,patient_id,doctor_id) VALUES (446,'2019-12-11',76,413);
INSERT INTO meds_for_surgery (surgery_id,med) VALUES (446,'Thiotepa');
INSERT INTO surgery (id,date,patient_id,doctor_id) VALUES (447,'2019-12-06',36,783);
INSERT INTO meds_for_surgery (surgery_id,med) VALUES (447,'Famciclovir');
INSERT INTO surgery (id,date,patient_id,doctor_id) VALUES (448,'2019-12-10',13,769);
INSERT INTO meds_for_surgery (surgery_id,med) VALUES (448,'Calcium');
INSERT INTO surgery (id,date,patient_id,doctor_id) VALUES (449,'2019-12-17',945,620);
INSERT INTO meds_for_surgery (surgery_id,med) VALUES (449,'Heparin');
INSERT INTO surgery (id,date,patient_id,doctor_id) VALUES (450,'2019-11-20',959,307);
INSERT INTO meds_for_surgery (surgery_id,med) VALUES (450,'Vincristine');
INSERT INTO surgery (id,date,patient_id,doctor_id) VALUES (451,'2019-11-22',663,413);
INSERT INTO meds_for_surgery (surgery_id,med) VALUES (451,'Daunorubicin');
INSERT INTO surgery (id,date,patient_id,doctor_id) VALUES (452,'2019-12-03',885,128);
INSERT INTO meds_for_surgery (surgery_id,med) VALUES (452,'Oxycodone');
INSERT INTO surgery (id,date,patient_id,doctor_id) VALUES (453,'2019-12-03',831,500);
INSERT INTO meds_for_surgery (surgery_id,med) VALUES (453,'Penicillin');
INSERT INTO surgery (id,date,patient_id,doctor_id) VALUES (454,'2019-11-29',932,372);
INSERT INTO meds_for_surgery (surgery_id,med) VALUES (454,'Cefaclor');
INSERT INTO surgery (id,date,patient_id,doctor_id) VALUES (455,'2019-12-23',76,595);
INSERT INTO meds_for_surgery (surgery_id,med) VALUES (455,'Atenolol');
INSERT INTO surgery (id,date,patient_id,doctor_id) VALUES (456,'2019-12-21',664,319);
INSERT INTO meds_for_surgery (surgery_id,med) VALUES (456,'Temozolomide');
INSERT INTO surgery (id,date,patient_id,doctor_id) VALUES (457,'2019-11-30',215,542);
INSERT INTO meds_for_surgery (surgery_id,med) VALUES (457,'Dopamine');
INSERT INTO surgery (id,date,patient_id,doctor_id) VALUES (458,'2019-12-10',348,164);
INSERT INTO meds_for_surgery (surgery_id,med) VALUES (458,'Gefitinib');
INSERT INTO surgery (id,date,patient_id,doctor_id) VALUES (459,'2019-12-06',424,170);
INSERT INTO meds_for_surgery (surgery_id,med) VALUES (459,'Furosemide');
INSERT INTO surgery (id,date,patient_id,doctor_id) VALUES (460,'2019-12-06',220,565);
INSERT INTO meds_for_surgery (surgery_id,med) VALUES (460,'Amikacin');
INSERT INTO surgery (id,date,patient_id,doctor_id) VALUES (461,'2019-11-30',48,15);
INSERT INTO meds_for_surgery (surgery_id,med) VALUES (461,'Ifosfamide');
INSERT INTO surgery (id,date,patient_id,doctor_id) VALUES (462,'2019-12-07',469,652);
INSERT INTO meds_for_surgery (surgery_id,med) VALUES (462,'Clofarabine');
INSERT INTO surgery (id,date,patient_id,doctor_id) VALUES (463,'2019-11-27',665,331);
INSERT INTO meds_for_surgery (surgery_id,med) VALUES (463,'Didanosine');
INSERT INTO surgery (id,date,patient_id,doctor_id) VALUES (464,'2019-12-23',134,399);
INSERT INTO meds_for_surgery (surgery_id,med) VALUES (464,'Paclitaxel');
INSERT INTO surgery (id,date,patient_id,doctor_id) VALUES (465,'2019-12-06',239,437);
INSERT INTO meds_for_surgery (surgery_id,med) VALUES (465,'Mechlorethamine');
INSERT INTO surgery (id,date,patient_id,doctor_id) VALUES (466,'2019-12-04',760,135);
INSERT INTO meds_for_surgery (surgery_id,med) VALUES (466,'Sorafenib');
INSERT INTO surgery (id,date,patient_id,doctor_id) VALUES (467,'2019-11-29',310,579);
INSERT INTO meds_for_surgery (surgery_id,med) VALUES (467,'Baclofen');
INSERT INTO surgery (id,date,patient_id,doctor_id) VALUES (468,'2019-11-30',209,925);
INSERT INTO meds_for_surgery (surgery_id,med) VALUES (468,'Dactinomycin');
INSERT INTO surgery (id,date,patient_id,doctor_id) VALUES (469,'2019-12-24',315,498);
INSERT INTO meds_for_surgery (surgery_id,med) VALUES (469,'Darunavir');
INSERT INTO surgery (id,date,patient_id,doctor_id) VALUES (470,'2019-12-01',51,783);
INSERT INTO meds_for_surgery (surgery_id,med) VALUES (470,'Etoposide');
INSERT INTO surgery (id,date,patient_id,doctor_id) VALUES (471,'2019-11-26',411,693);
INSERT INTO meds_for_surgery (surgery_id,med) VALUES (471,'Magnesium');
INSERT INTO surgery (id,date,patient_id,doctor_id) VALUES (472,'2019-12-15',713,372);
INSERT INTO meds_for_surgery (surgery_id,med) VALUES (472,'Erlotinib');
INSERT INTO surgery (id,date,patient_id,doctor_id) VALUES (473,'2019-12-17',983,875);
INSERT INTO meds_for_surgery (surgery_id,med) VALUES (473,'Rituximab');
INSERT INTO surgery (id,date,patient_id,doctor_id) VALUES (474,'2019-12-20',215,968);
INSERT INTO meds_for_surgery (surgery_id,med) VALUES (474,'Nelfinavir');
INSERT INTO surgery (id,date,patient_id,doctor_id) VALUES (475,'2019-12-09',698,694);
INSERT INTO meds_for_surgery (surgery_id,med) VALUES (475,'Bleomycin');
INSERT INTO surgery (id,date,patient_id,doctor_id) VALUES (476,'2019-12-05',815,224);
INSERT INTO meds_for_surgery (surgery_id,med) VALUES (476,'Emtricitabine');
INSERT INTO surgery (id,date,patient_id,doctor_id) VALUES (477,'2019-11-25',859,721);
INSERT INTO meds_for_surgery (surgery_id,med) VALUES (477,'GM-CSF');
INSERT INTO surgery (id,date,patient_id,doctor_id) VALUES (478,'2019-12-09',483,1000);
INSERT INTO meds_for_surgery (surgery_id,med) VALUES (478,'Phenobarbital');
INSERT INTO surgery (id,date,patient_id,doctor_id) VALUES (479,'2019-12-17',945,738);
INSERT INTO meds_for_surgery (surgery_id,med) VALUES (479,'Hydrocortisone');
INSERT INTO surgery (id,date,patient_id,doctor_id) VALUES (480,'2019-12-15',869,244);
INSERT INTO meds_for_surgery (surgery_id,med) VALUES (480,'Trimethoprim');
INSERT INTO surgery (id,date,patient_id,doctor_id) VALUES (481,'2019-12-15',455,193);
INSERT INTO meds_for_surgery (surgery_id,med) VALUES (481,'Dapsone');
INSERT INTO surgery (id,date,patient_id,doctor_id) VALUES (482,'2019-12-10',460,851);
INSERT INTO meds_for_surgery (surgery_id,med) VALUES (482,'Didanosine');
INSERT INTO surgery (id,date,patient_id,doctor_id) VALUES (483,'2019-12-04',747,693);
INSERT INTO meds_for_surgery (surgery_id,med) VALUES (483,'Methadone');
INSERT INTO surgery (id,date,patient_id,doctor_id) VALUES (484,'2019-12-06',927,652);
INSERT INTO meds_for_surgery (surgery_id,med) VALUES (484,'Dacarbazine');
INSERT INTO surgery (id,date,patient_id,doctor_id) VALUES (485,'2019-11-29',558,448);
INSERT INTO meds_for_surgery (surgery_id,med) VALUES (485,'Voriconazole');
INSERT INTO surgery (id,date,patient_id,doctor_id) VALUES (486,'2019-12-18',760,595);
INSERT INTO meds_for_surgery (surgery_id,med) VALUES (486,'Tobramycin');
INSERT INTO surgery (id,date,patient_id,doctor_id) VALUES (487,'2019-11-27',496,990);
INSERT INTO meds_for_surgery (surgery_id,med) VALUES (487,'Labetalol');
INSERT INTO surgery (id,date,patient_id,doctor_id) VALUES (488,'2019-12-24',147,413);
INSERT INTO meds_for_surgery (surgery_id,med) VALUES (488,'Hydroxyurea');
INSERT INTO surgery (id,date,patient_id,doctor_id) VALUES (489,'2019-12-08',41,338);
INSERT INTO meds_for_surgery (surgery_id,med) VALUES (489,'Thioguanine');
INSERT INTO surgery (id,date,patient_id,doctor_id) VALUES (490,'2019-12-15',300,680);
INSERT INTO meds_for_surgery (surgery_id,med) VALUES (490,'Cefaclor');
INSERT INTO surgery (id,date,patient_id,doctor_id) VALUES (491,'2019-12-18',19,512);
INSERT INTO meds_for_surgery (surgery_id,med) VALUES (491,'Clobazam');
INSERT INTO surgery (id,date,patient_id,doctor_id) VALUES (492,'2019-12-02',139,515);
INSERT INTO meds_for_surgery (surgery_id,med) VALUES (492,'Crizotinib');
INSERT INTO surgery (id,date,patient_id,doctor_id) VALUES (493,'2019-11-27',917,62);
INSERT INTO meds_for_surgery (surgery_id,med) VALUES (493,'Emicizumab');
INSERT INTO surgery (id,date,patient_id,doctor_id) VALUES (494,'2019-11-21',92,512);
INSERT INTO meds_for_surgery (surgery_id,med) VALUES (494,'Hydroxyurea');
INSERT INTO surgery (id,date,patient_id,doctor_id) VALUES (495,'2019-12-07',983,918);
INSERT INTO meds_for_surgery (surgery_id,med) VALUES (495,'Rituximab');
INSERT INTO surgery (id,date,patient_id,doctor_id) VALUES (496,'2019-12-23',177,595);
INSERT INTO meds_for_surgery (surgery_id,med) VALUES (496,'L-glutamine');
INSERT INTO surgery (id,date,patient_id,doctor_id) VALUES (497,'2019-11-20',49,620);
INSERT INTO meds_for_surgery (surgery_id,med) VALUES (497,'Cyproheptadine');
INSERT INTO surgery (id,date,patient_id,doctor_id) VALUES (498,'2019-12-23',446,991);
INSERT INTO meds_for_surgery (surgery_id,med) VALUES (498,'Efavirenz');
INSERT INTO surgery (id,date,patient_id,doctor_id) VALUES (499,'2019-12-16',311,599);
INSERT INTO meds_for_surgery (surgery_id,med) VALUES (499,'Mercaptopurine');
INSERT INTO surgery (id,date,patient_id,doctor_id) VALUES (500,'2019-11-28',743,784);
INSERT INTO meds_for_surgery (surgery_id,med) VALUES (500,'Codeine');
INSERT INTO surgery (id,date,patient_id,doctor_id) VALUES (501,'2019-12-02',454,332);
INSERT INTO meds_for_surgery (surgery_id,med) VALUES (501,'GM-CSF');
INSERT INTO surgery (id,date,patient_id,doctor_id) VALUES (502,'2019-12-10',505,385);
INSERT INTO meds_for_surgery (surgery_id,med) VALUES (502,'Dasatinib');
INSERT INTO surgery (id,date,patient_id,doctor_id) VALUES (503,'2019-11-25',443,800);
INSERT INTO meds_for_surgery (surgery_id,med) VALUES (503,'Interleukin');
INSERT INTO surgery (id,date,patient_id,doctor_id) VALUES (504,'2019-12-01',929,721);
INSERT INTO meds_for_surgery (surgery_id,med) VALUES (504,'Pegfilgrastim');
INSERT INTO surgery (id,date,patient_id,doctor_id) VALUES (505,'2019-12-23',661,930);
INSERT INTO meds_for_surgery (surgery_id,med) VALUES (505,'Pemetrexed');
INSERT INTO surgery (id,date,patient_id,doctor_id) VALUES (506,'2019-12-01',304,135);
INSERT INTO meds_for_surgery (surgery_id,med) VALUES (506,'Clobazam');
INSERT INTO surgery (id,date,patient_id,doctor_id) VALUES (507,'2019-11-29',314,307);
INSERT INTO meds_for_surgery (surgery_id,med) VALUES (507,'Atazanavir');
INSERT INTO surgery (id,date,patient_id,doctor_id) VALUES (508,'2019-12-06',388,332);
INSERT INTO meds_for_surgery (surgery_id,med) VALUES (508,'Etonogestrel');
INSERT INTO surgery (id,date,patient_id,doctor_id) VALUES (509,'2019-12-07',931,973);
INSERT INTO meds_for_surgery (surgery_id,med) VALUES (509,'Doxorubicin');
INSERT INTO surgery (id,date,patient_id,doctor_id) VALUES (510,'2019-12-23',60,397);
INSERT INTO meds_for_surgery (surgery_id,med) VALUES (510,'Itraconazole');
INSERT INTO surgery (id,date,patient_id,doctor_id) VALUES (511,'2019-12-09',130,783);
INSERT INTO meds_for_surgery (surgery_id,med) VALUES (511,'Gefitinib');
INSERT INTO surgery (id,date,patient_id,doctor_id) VALUES (512,'2019-11-20',209,319);
INSERT INTO meds_for_surgery (surgery_id,med) VALUES (512,'Busulfan');
INSERT INTO surgery (id,date,patient_id,doctor_id) VALUES (513,'2019-12-24',19,12);
INSERT INTO meds_for_surgery (surgery_id,med) VALUES (513,'Cyproheptadine');
INSERT INTO surgery (id,date,patient_id,doctor_id) VALUES (514,'2019-12-10',214,181);
INSERT INTO meds_for_surgery (surgery_id,med) VALUES (514,'Stavudine');
INSERT INTO surgery (id,date,patient_id,doctor_id) VALUES (515,'2019-11-23',852,595);
INSERT INTO meds_for_surgery (surgery_id,med) VALUES (515,'Erlotinib');
INSERT INTO surgery (id,date,patient_id,doctor_id) VALUES (516,'2019-11-25',118,372);
INSERT INTO meds_for_surgery (surgery_id,med) VALUES (516,'Dornase alfa');
INSERT INTO surgery (id,date,patient_id,doctor_id) VALUES (517,'2019-11-27',237,968);
INSERT INTO meds_for_surgery (surgery_id,med) VALUES (517,'Gabapentin');
INSERT INTO surgery (id,date,patient_id,doctor_id) VALUES (518,'2019-12-04',849,745);
INSERT INTO meds_for_surgery (surgery_id,med) VALUES (518,'Ritonavir');
INSERT INTO surgery (id,date,patient_id,doctor_id) VALUES (519,'2019-12-23',290,451);
INSERT INTO meds_for_surgery (surgery_id,med) VALUES (519,'Hydrocortisone');
INSERT INTO surgery (id,date,patient_id,doctor_id) VALUES (520,'2019-12-04',927,973);
INSERT INTO meds_for_surgery (surgery_id,med) VALUES (520,'Vorinostat');
INSERT INTO surgery (id,date,patient_id,doctor_id) VALUES (521,'2019-11-23',754,371);
INSERT INTO meds_for_surgery (surgery_id,med) VALUES (521,'Megestrol acetate');
INSERT INTO surgery (id,date,patient_id,doctor_id) VALUES (522,'2019-12-24',92,745);
INSERT INTO meds_for_surgery (surgery_id,med) VALUES (522,'Bosentan');
INSERT INTO surgery (id,date,patient_id,doctor_id) VALUES (523,'2019-12-05',352,544);
INSERT INTO meds_for_surgery (surgery_id,med) VALUES (523,'Cyproheptadine');
INSERT INTO surgery (id,date,patient_id,doctor_id) VALUES (524,'2019-11-26',695,8);
INSERT INTO meds_for_surgery (surgery_id,med) VALUES (524,'Bortezomib');
INSERT INTO surgery (id,date,patient_id,doctor_id) VALUES (525,'2019-11-22',695,128);
INSERT INTO meds_for_surgery (surgery_id,med) VALUES (525,'Phenobarbital');
INSERT INTO surgery (id,date,patient_id,doctor_id) VALUES (526,'2019-12-07',644,372);
INSERT INTO meds_for_surgery (surgery_id,med) VALUES (526,'Tretinoin');
INSERT INTO surgery (id,date,patient_id,doctor_id) VALUES (527,'2019-11-21',51,930);
INSERT INTO meds_for_surgery (surgery_id,med) VALUES (527,'Mitotane');
INSERT INTO surgery (id,date,patient_id,doctor_id) VALUES (528,'2019-12-10',584,498);
INSERT INTO meds_for_surgery (surgery_id,med) VALUES (528,'Cefaclor');
INSERT INTO surgery (id,date,patient_id,doctor_id) VALUES (529,'2019-12-17',634,825);
INSERT INTO meds_for_surgery (surgery_id,med) VALUES (529,'Maraviroc');
INSERT INTO surgery (id,date,patient_id,doctor_id) VALUES (530,'2019-11-24',885,770);
INSERT INTO meds_for_surgery (surgery_id,med) VALUES (530,'Trimethoprim');
INSERT INTO surgery (id,date,patient_id,doctor_id) VALUES (531,'2019-12-03',690,363);
INSERT INTO meds_for_surgery (surgery_id,med) VALUES (531,'Fludarabine');
INSERT INTO surgery (id,date,patient_id,doctor_id) VALUES (532,'2019-12-18',514,193);
INSERT INTO meds_for_surgery (surgery_id,med) VALUES (532,'Imipenem');
INSERT INTO surgery (id,date,patient_id,doctor_id) VALUES (533,'2019-12-19',112,292);
INSERT INTO meds_for_surgery (surgery_id,med) VALUES (533,'Mercaptopurine');
INSERT INTO surgery (id,date,patient_id,doctor_id) VALUES (534,'2019-11-21',947,353);
INSERT INTO meds_for_surgery (surgery_id,med) VALUES (534,'Topotecan');
INSERT INTO surgery (id,date,patient_id,doctor_id) VALUES (535,'2019-12-22',739,896);
INSERT INTO meds_for_surgery (surgery_id,med) VALUES (535,'Atovaquone');
INSERT INTO surgery (id,date,patient_id,doctor_id) VALUES (536,'2019-11-29',871,193);
INSERT INTO meds_for_surgery (surgery_id,med) VALUES (536,'Modafinil');
INSERT INTO surgery (id,date,patient_id,doctor_id) VALUES (537,'2019-12-22',214,15);
INSERT INTO meds_for_surgery (surgery_id,med) VALUES (537,'Emtricitabine');
INSERT INTO surgery (id,date,patient_id,doctor_id) VALUES (538,'2019-12-22',655,632);
INSERT INTO meds_for_surgery (surgery_id,med) VALUES (538,'Vinblastine');
INSERT INTO surgery (id,date,patient_id,doctor_id) VALUES (539,'2019-11-27',666,432);
INSERT INTO meds_for_surgery (surgery_id,med) VALUES (539,'Warfarin');
INSERT INTO surgery (id,date,patient_id,doctor_id) VALUES (540,'2019-11-24',236,554);
INSERT INTO meds_for_surgery (surgery_id,med) VALUES (540,'Phenobarbital');
INSERT INTO surgery (id,date,patient_id,doctor_id) VALUES (541,'2019-11-23',221,578);
INSERT INTO meds_for_surgery (surgery_id,med) VALUES (541,'Phosphorus');
INSERT INTO surgery (id,date,patient_id,doctor_id) VALUES (542,'2019-12-12',754,517);
INSERT INTO meds_for_surgery (surgery_id,med) VALUES (542,'Cyproheptadine');
INSERT INTO surgery (id,date,patient_id,doctor_id) VALUES (543,'2019-12-07',310,244);
INSERT INTO meds_for_surgery (surgery_id,med) VALUES (543,'Dasatinib');
INSERT INTO surgery (id,date,patient_id,doctor_id) VALUES (544,'2019-12-12',446,620);
INSERT INTO meds_for_surgery (surgery_id,med) VALUES (544,'Dexamethasone');
INSERT INTO surgery (id,date,patient_id,doctor_id) VALUES (545,'2019-11-21',584,8);
INSERT INTO meds_for_surgery (surgery_id,med) VALUES (545,'Cyclobenzaprine');
INSERT INTO surgery (id,date,patient_id,doctor_id) VALUES (546,'2019-11-21',247,164);
INSERT INTO meds_for_surgery (surgery_id,med) VALUES (546,'Dexamethasone');
INSERT INTO surgery (id,date,patient_id,doctor_id) VALUES (547,'2019-11-30',392,207);
INSERT INTO meds_for_surgery (surgery_id,med) VALUES (547,'Methylphenidate');
INSERT INTO surgery (id,date,patient_id,doctor_id) VALUES (548,'2019-11-20',760,544);
INSERT INTO meds_for_surgery (surgery_id,med) VALUES (548,'Meperidine');
INSERT INTO surgery (id,date,patient_id,doctor_id) VALUES (549,'2019-12-24',524,284);
INSERT INTO meds_for_surgery (surgery_id,med) VALUES (549,'Alendronate');
INSERT INTO surgery (id,date,patient_id,doctor_id) VALUES (550,'2019-12-09',898,851);
INSERT INTO meds_for_surgery (surgery_id,med) VALUES (550,'Dobutamine');
INSERT INTO surgery (id,date,patient_id,doctor_id) VALUES (551,'2019-12-11',146,614);
INSERT INTO meds_for_surgery (surgery_id,med) VALUES (551,'Meperidine');
INSERT INTO surgery (id,date,patient_id,doctor_id) VALUES (552,'2019-11-22',644,338);
INSERT INTO meds_for_surgery (surgery_id,med) VALUES (552,'Valproic acid');
INSERT INTO surgery (id,date,patient_id,doctor_id) VALUES (553,'2019-12-11',815,375);
INSERT INTO meds_for_surgery (surgery_id,med) VALUES (553,'Hydralazine');
INSERT INTO surgery (id,date,patient_id,doctor_id) VALUES (554,'2019-12-14',195,896);
INSERT INTO meds_for_surgery (surgery_id,med) VALUES (554,'Methylphenidate');
INSERT INTO surgery (id,date,patient_id,doctor_id) VALUES (555,'2019-12-19',215,259);
INSERT INTO meds_for_surgery (surgery_id,med) VALUES (555,'Cyproheptadine');
INSERT INTO surgery (id,date,patient_id,doctor_id) VALUES (556,'2019-12-03',112,512);
INSERT INTO meds_for_surgery (surgery_id,med) VALUES (556,'Cefaclor');
INSERT INTO surgery (id,date,patient_id,doctor_id) VALUES (557,'2019-12-04',44,621);
INSERT INTO meds_for_surgery (surgery_id,med) VALUES (557,'Voriconazole');
INSERT INTO surgery (id,date,patient_id,doctor_id) VALUES (558,'2019-12-19',815,576);
INSERT INTO meds_for_surgery (surgery_id,med) VALUES (558,'Emtricitabine');
INSERT INTO surgery (id,date,patient_id,doctor_id) VALUES (559,'2019-12-15',210,575);
INSERT INTO meds_for_surgery (surgery_id,med) VALUES (559,'Enalapril');
INSERT INTO surgery (id,date,patient_id,doctor_id) VALUES (560,'2019-11-20',36,973);
INSERT INTO meds_for_surgery (surgery_id,med) VALUES (560,'Meropenem');
INSERT INTO surgery (id,date,patient_id,doctor_id) VALUES (561,'2019-11-30',139,988);
INSERT INTO meds_for_surgery (surgery_id,med) VALUES (561,'Nevirapine');
INSERT INTO surgery (id,date,patient_id,doctor_id) VALUES (562,'2019-12-20',553,389);
INSERT INTO meds_for_surgery (surgery_id,med) VALUES (562,'Heparin');
INSERT INTO surgery (id,date,patient_id,doctor_id) VALUES (563,'2019-12-24',359,738);
INSERT INTO meds_for_surgery (surgery_id,med) VALUES (563,'Stavudine');
INSERT INTO surgery (id,date,patient_id,doctor_id) VALUES (564,'2019-11-25',849,495);
INSERT INTO meds_for_surgery (surgery_id,med) VALUES (564,'G-CSF');
INSERT INTO surgery (id,date,patient_id,doctor_id) VALUES (565,'2019-12-06',326,599);
INSERT INTO meds_for_surgery (surgery_id,med) VALUES (565,'Erythromycin');
INSERT INTO surgery (id,date,patient_id,doctor_id) VALUES (566,'2019-12-03',567,896);
INSERT INTO meds_for_surgery (surgery_id,med) VALUES (566,'Cisplatin');
INSERT INTO surgery (id,date,patient_id,doctor_id) VALUES (567,'2019-11-29',296,305);
INSERT INTO meds_for_surgery (surgery_id,med) VALUES (567,'Dronabinol');
INSERT INTO surgery (id,date,patient_id,doctor_id) VALUES (568,'2019-12-07',959,3);
INSERT INTO meds_for_surgery (surgery_id,med) VALUES (568,'Amitriptyline');
INSERT INTO surgery (id,date,patient_id,doctor_id) VALUES (569,'2019-11-24',46,491);
INSERT INTO meds_for_surgery (surgery_id,med) VALUES (569,'Imatinib');
INSERT INTO surgery (id,date,patient_id,doctor_id) VALUES (570,'2019-11-22',133,66);
INSERT INTO meds_for_surgery (surgery_id,med) VALUES (570,'Heparin');
INSERT INTO surgery (id,date,patient_id,doctor_id) VALUES (571,'2019-12-02',283,228);
INSERT INTO meds_for_surgery (surgery_id,med) VALUES (571,'Dactinomycin');
INSERT INTO surgery (id,date,patient_id,doctor_id) VALUES (572,'2019-11-20',735,353);
INSERT INTO meds_for_surgery (surgery_id,med) VALUES (572,'Codeine');
INSERT INTO surgery (id,date,patient_id,doctor_id) VALUES (573,'2019-12-12',666,193);
INSERT INTO meds_for_surgery (surgery_id,med) VALUES (573,'Probenecid');
INSERT INTO surgery (id,date,patient_id,doctor_id) VALUES (574,'2019-12-16',177,575);
INSERT INTO meds_for_surgery (surgery_id,med) VALUES (574,'Melphalan');
INSERT INTO surgery (id,date,patient_id,doctor_id) VALUES (575,'2019-11-29',695,11);
INSERT INTO meds_for_surgery (surgery_id,med) VALUES (575,'Labetalol');
INSERT INTO surgery (id,date,patient_id,doctor_id) VALUES (576,'2019-12-21',134,397);
INSERT INTO meds_for_surgery (surgery_id,med) VALUES (576,'Rilpivirine');
INSERT INTO surgery (id,date,patient_id,doctor_id) VALUES (577,'2019-12-01',560,933);
INSERT INTO meds_for_surgery (surgery_id,med) VALUES (577,'Dasatinib');
INSERT INTO surgery (id,date,patient_id,doctor_id) VALUES (578,'2019-12-21',524,498);
INSERT INTO meds_for_surgery (surgery_id,med) VALUES (578,'Clarithromycin');
INSERT INTO surgery (id,date,patient_id,doctor_id) VALUES (579,'2019-12-14',558,135);
INSERT INTO meds_for_surgery (surgery_id,med) VALUES (579,'Tobramycin');
INSERT INTO surgery (id,date,patient_id,doctor_id) VALUES (580,'2019-12-19',917,305);
INSERT INTO meds_for_surgery (surgery_id,med) VALUES (580,'Dacarbazine');
INSERT INTO surgery (id,date,patient_id,doctor_id) VALUES (581,'2019-11-26',760,783);
INSERT INTO meds_for_surgery (surgery_id,med) VALUES (581,'L-glutamine');
INSERT INTO surgery (id,date,patient_id,doctor_id) VALUES (582,'2019-12-17',446,12);
INSERT INTO meds_for_surgery (surgery_id,med) VALUES (582,'Furosemide');
INSERT INTO surgery (id,date,patient_id,doctor_id) VALUES (583,'2019-11-23',262,545);
INSERT INTO meds_for_surgery (surgery_id,med) VALUES (583,'G-CSF');
INSERT INTO surgery (id,date,patient_id,doctor_id) VALUES (584,'2019-12-14',134,800);
INSERT INTO meds_for_surgery (surgery_id,med) VALUES (584,'Amlodipine');
INSERT INTO surgery (id,date,patient_id,doctor_id) VALUES (585,'2019-11-20',455,746);
INSERT INTO meds_for_surgery (surgery_id,med) VALUES (585,'Etoposide');
INSERT INTO surgery (id,date,patient_id,doctor_id) VALUES (586,'2019-11-30',921,495);
INSERT INTO meds_for_surgery (surgery_id,med) VALUES (586,'Elvitegravir');
INSERT INTO surgery (id,date,patient_id,doctor_id) VALUES (587,'2019-12-03',945,451);
INSERT INTO meds_for_surgery (surgery_id,med) VALUES (587,'Omeprazole');
INSERT INTO surgery (id,date,patient_id,doctor_id) VALUES (588,'2019-12-12',134,181);
INSERT INTO meds_for_surgery (surgery_id,med) VALUES (588,'Efavirenz');
INSERT INTO surgery (id,date,patient_id,doctor_id) VALUES (589,'2019-12-05',898,50);
INSERT INTO meds_for_surgery (surgery_id,med) VALUES (589,'Stavudine');
INSERT INTO surgery (id,date,patient_id,doctor_id) VALUES (590,'2019-12-06',560,164);
INSERT INTO meds_for_surgery (surgery_id,med) VALUES (590,'Posaconazole');
INSERT INTO surgery (id,date,patient_id,doctor_id) VALUES (591,'2019-11-23',676,372);
INSERT INTO meds_for_surgery (surgery_id,med) VALUES (591,'Etravirine');
INSERT INTO surgery (id,date,patient_id,doctor_id) VALUES (592,'2019-12-22',989,232);
INSERT INTO meds_for_surgery (surgery_id,med) VALUES (592,'PEGaspargase');
INSERT INTO surgery (id,date,patient_id,doctor_id) VALUES (593,'2019-12-10',972,62);
INSERT INTO meds_for_surgery (surgery_id,med) VALUES (593,'Vincristine');
INSERT INTO surgery (id,date,patient_id,doctor_id) VALUES (594,'2019-12-10',392,784);
INSERT INTO meds_for_surgery (surgery_id,med) VALUES (594,'Mesna');
INSERT INTO surgery (id,date,patient_id,doctor_id) VALUES (595,'2019-12-09',51,464);
INSERT INTO meds_for_surgery (surgery_id,med) VALUES (595,'Stavudine');
INSERT INTO surgery (id,date,patient_id,doctor_id) VALUES (596,'2019-12-20',369,371);
INSERT INTO meds_for_surgery (surgery_id,med) VALUES (596,'Atenolol');
INSERT INTO surgery (id,date,patient_id,doctor_id) VALUES (597,'2019-11-27',553,769);
INSERT INTO meds_for_surgery (surgery_id,med) VALUES (597,'Modafinil');
INSERT INTO surgery (id,date,patient_id,doctor_id) VALUES (598,'2019-11-23',94,128);
INSERT INTO meds_for_surgery (surgery_id,med) VALUES (598,'Tacrolimus');
INSERT INTO surgery (id,date,patient_id,doctor_id) VALUES (599,'2019-11-21',173,50);
INSERT INTO meds_for_surgery (surgery_id,med) VALUES (599,'Imatinib');
INSERT INTO surgery (id,date,patient_id,doctor_id) VALUES (600,'2019-11-22',178,305);
INSERT INTO meds_for_surgery (surgery_id,med) VALUES (600,'Enoxaparin');
INSERT INTO surgery (id,date,patient_id,doctor_id) VALUES (601,'2019-12-14',644,181);
INSERT INTO meds_for_surgery (surgery_id,med) VALUES (601,'Irinotecan');
INSERT INTO surgery (id,date,patient_id,doctor_id) VALUES (602,'2019-12-17',130,595);
INSERT INTO meds_for_surgery (surgery_id,med) VALUES (602,'Furosemide');
INSERT INTO surgery (id,date,patient_id,doctor_id) VALUES (603,'2019-12-17',19,622);
INSERT INTO meds_for_surgery (surgery_id,med) VALUES (603,'Interferon');
INSERT INTO surgery (id,date,patient_id,doctor_id) VALUES (604,'2019-12-04',237,625);
INSERT INTO meds_for_surgery (surgery_id,med) VALUES (604,'Cefixime');
INSERT INTO surgery (id,date,patient_id,doctor_id) VALUES (605,'2019-12-20',587,821);
INSERT INTO meds_for_surgery (surgery_id,med) VALUES (605,'Pegfilgrastim');
INSERT INTO surgery (id,date,patient_id,doctor_id) VALUES (606,'2019-12-13',300,517);
INSERT INTO meds_for_surgery (surgery_id,med) VALUES (606,'Rilpivirine');
INSERT INTO surgery (id,date,patient_id,doctor_id) VALUES (607,'2019-12-14',320,15);
INSERT INTO meds_for_surgery (surgery_id,med) VALUES (607,'Ifosfamide');
INSERT INTO surgery (id,date,patient_id,doctor_id) VALUES (608,'2019-12-10',650,500);
INSERT INTO meds_for_surgery (surgery_id,med) VALUES (608,'Mycophenolate');
INSERT INTO surgery (id,date,patient_id,doctor_id) VALUES (609,'2019-12-14',151,738);
INSERT INTO meds_for_surgery (surgery_id,med) VALUES (609,'Cefepime');
INSERT INTO surgery (id,date,patient_id,doctor_id) VALUES (610,'2019-12-13',666,680);
INSERT INTO meds_for_surgery (surgery_id,med) VALUES (610,'Rituximab');
INSERT INTO surgery (id,date,patient_id,doctor_id) VALUES (611,'2019-12-07',941,770);
INSERT INTO meds_for_surgery (surgery_id,med) VALUES (611,'Heparin');
INSERT INTO surgery (id,date,patient_id,doctor_id) VALUES (612,'2019-12-14',214,702);
INSERT INTO meds_for_surgery (surgery_id,med) VALUES (612,'Captopril');
INSERT INTO surgery (id,date,patient_id,doctor_id) VALUES (613,'2019-12-08',71,699);
INSERT INTO meds_for_surgery (surgery_id,med) VALUES (613,'Amikacin');
INSERT INTO surgery (id,date,patient_id,doctor_id) VALUES (614,'2019-11-24',249,784);
INSERT INTO meds_for_surgery (surgery_id,med) VALUES (614,'Dronabinol');
INSERT INTO surgery (id,date,patient_id,doctor_id) VALUES (615,'2019-12-06',852,440);
INSERT INTO meds_for_surgery (surgery_id,med) VALUES (615,'Paclitaxel');
INSERT INTO surgery (id,date,patient_id,doctor_id) VALUES (616,'2019-12-17',589,683);
INSERT INTO meds_for_surgery (surgery_id,med) VALUES (616,'Micafungin');
INSERT INTO surgery (id,date,patient_id,doctor_id) VALUES (617,'2019-11-27',983,181);
INSERT INTO meds_for_surgery (surgery_id,med) VALUES (617,'Alendronate');
INSERT INTO surgery (id,date,patient_id,doctor_id) VALUES (618,'2019-12-01',616,222);
INSERT INTO meds_for_surgery (surgery_id,med) VALUES (618,'Neuromuscular');
INSERT INTO surgery (id,date,patient_id,doctor_id) VALUES (619,'2019-12-03',249,66);
INSERT INTO meds_for_surgery (surgery_id,med) VALUES (619,'Calcium');
INSERT INTO surgery (id,date,patient_id,doctor_id) VALUES (620,'2019-11-29',173,903);
INSERT INTO meds_for_surgery (surgery_id,med) VALUES (620,'Cefaclor');
INSERT INTO surgery (id,date,patient_id,doctor_id) VALUES (621,'2019-11-21',206,903);
INSERT INTO meds_for_surgery (surgery_id,med) VALUES (621,'Raltegravir');
INSERT INTO surgery (id,date,patient_id,doctor_id) VALUES (622,'2019-12-13',174,224);
INSERT INTO meds_for_surgery (surgery_id,med) VALUES (622,'Norepinephrine');
INSERT INTO surgery (id,date,patient_id,doctor_id) VALUES (623,'2019-12-22',352,164);
INSERT INTO meds_for_surgery (surgery_id,med) VALUES (623,'Immune');
INSERT INTO surgery (id,date,patient_id,doctor_id) VALUES (624,'2019-12-02',810,193);
INSERT INTO meds_for_surgery (surgery_id,med) VALUES (624,'Micafungin');
INSERT INTO surgery (id,date,patient_id,doctor_id) VALUES (625,'2019-12-24',920,351);
INSERT INTO meds_for_surgery (surgery_id,med) VALUES (625,'Etoposide');
INSERT INTO surgery (id,date,patient_id,doctor_id) VALUES (626,'2019-12-16',157,100);
INSERT INTO meds_for_surgery (surgery_id,med) VALUES (626,'Hydrocortisone');
INSERT INTO surgery (id,date,patient_id,doctor_id) VALUES (627,'2019-12-14',217,12);
INSERT INTO meds_for_surgery (surgery_id,med) VALUES (627,'Phosphorus');
INSERT INTO surgery (id,date,patient_id,doctor_id) VALUES (628,'2019-12-03',272,595);
INSERT INTO meds_for_surgery (surgery_id,med) VALUES (628,'Phenobarbital');
INSERT INTO surgery (id,date,patient_id,doctor_id) VALUES (629,'2019-11-27',198,806);
INSERT INTO meds_for_surgery (surgery_id,med) VALUES (629,'Emicizumab');
INSERT INTO surgery (id,date,patient_id,doctor_id) VALUES (630,'2019-12-15',605,512);
INSERT INTO meds_for_surgery (surgery_id,med) VALUES (630,'Interferon');
INSERT INTO surgery (id,date,patient_id,doctor_id) VALUES (631,'2019-11-28',311,933);
INSERT INTO meds_for_surgery (surgery_id,med) VALUES (631,'Melphalan');
INSERT INTO surgery (id,date,patient_id,doctor_id) VALUES (632,'2019-12-14',46,973);
INSERT INTO meds_for_surgery (surgery_id,med) VALUES (632,'Vinblastine');
INSERT INTO surgery (id,date,patient_id,doctor_id) VALUES (633,'2019-12-13',139,50);
INSERT INTO meds_for_surgery (surgery_id,med) VALUES (633,'Sirolimus');
INSERT INTO surgery (id,date,patient_id,doctor_id) VALUES (634,'2019-11-27',687,964);
INSERT INTO meds_for_surgery (surgery_id,med) VALUES (634,'Gefitinib');
INSERT INTO surgery (id,date,patient_id,doctor_id) VALUES (635,'2019-12-15',871,284);
INSERT INTO meds_for_surgery (surgery_id,med) VALUES (635,'Tobramycin');
INSERT INTO surgery (id,date,patient_id,doctor_id) VALUES (636,'2019-11-28',840,284);
INSERT INTO meds_for_surgery (surgery_id,med) VALUES (636,'Melphalan');
INSERT INTO surgery (id,date,patient_id,doctor_id) VALUES (637,'2019-12-24',134,338);
INSERT INTO meds_for_surgery (surgery_id,med) VALUES (637,'Enoxaparin');
INSERT INTO surgery (id,date,patient_id,doctor_id) VALUES (638,'2019-12-16',373,579);
INSERT INTO meds_for_surgery (surgery_id,med) VALUES (638,'Enoxaparin');
INSERT INTO surgery (id,date,patient_id,doctor_id) VALUES (639,'2019-12-02',68,683);
INSERT INTO meds_for_surgery (surgery_id,med) VALUES (639,'Cisplatin');
INSERT INTO surgery (id,date,patient_id,doctor_id) VALUES (640,'2019-12-07',247,341);
INSERT INTO meds_for_surgery (surgery_id,med) VALUES (640,'Cisplatin');
INSERT INTO surgery (id,date,patient_id,doctor_id) VALUES (641,'2019-12-02',359,652);
INSERT INTO meds_for_surgery (surgery_id,med) VALUES (641,'Hydrocodone');
INSERT INTO surgery (id,date,patient_id,doctor_id) VALUES (642,'2019-12-06',328,372);
INSERT INTO meds_for_surgery (surgery_id,med) VALUES (642,'Dopamine');
INSERT INTO surgery (id,date,patient_id,doctor_id) VALUES (643,'2019-12-24',486,301);
INSERT INTO meds_for_surgery (surgery_id,med) VALUES (643,'Etoposide');
INSERT INTO surgery (id,date,patient_id,doctor_id) VALUES (644,'2019-11-21',311,259);
INSERT INTO meds_for_surgery (surgery_id,med) VALUES (644,'Etravirine');
INSERT INTO surgery (id,date,patient_id,doctor_id) VALUES (645,'2019-12-05',852,894);
INSERT INTO meds_for_surgery (surgery_id,med) VALUES (645,'Clindamycin');
INSERT INTO surgery (id,date,patient_id,doctor_id) VALUES (646,'2019-11-25',326,372);
INSERT INTO meds_for_surgery (surgery_id,med) VALUES (646,'Asparaginase');
INSERT INTO surgery (id,date,patient_id,doctor_id) VALUES (647,'2019-12-14',118,259);
INSERT INTO meds_for_surgery (surgery_id,med) VALUES (647,'Trimethoprim');
INSERT INTO surgery (id,date,patient_id,doctor_id) VALUES (648,'2019-12-17',130,968);
INSERT INTO meds_for_surgery (surgery_id,med) VALUES (648,'Vancomycin');
INSERT INTO surgery (id,date,patient_id,doctor_id) VALUES (649,'2019-12-08',195,305);
INSERT INTO meds_for_surgery (surgery_id,med) VALUES (649,'Ifosfamide');
INSERT INTO surgery (id,date,patient_id,doctor_id) VALUES (650,'2019-11-20',454,417);
INSERT INTO meds_for_surgery (surgery_id,med) VALUES (650,'Tacrolimus');
INSERT INTO surgery (id,date,patient_id,doctor_id) VALUES (651,'2019-11-28',352,973);
INSERT INTO meds_for_surgery (surgery_id,med) VALUES (651,'Etonogestrel');
INSERT INTO surgery (id,date,patient_id,doctor_id) VALUES (652,'2019-11-27',36,784);
INSERT INTO meds_for_surgery (surgery_id,med) VALUES (652,'Fluconazole');
INSERT INTO surgery (id,date,patient_id,doctor_id) VALUES (653,'2019-11-24',482,964);
INSERT INTO meds_for_surgery (surgery_id,med) VALUES (653,'Neuromuscular');
INSERT INTO surgery (id,date,patient_id,doctor_id) VALUES (654,'2019-12-19',773,620);
INSERT INTO meds_for_surgery (surgery_id,med) VALUES (654,'Vancomycin');
INSERT INTO surgery (id,date,patient_id,doctor_id) VALUES (655,'2019-11-23',190,437);
INSERT INTO meds_for_surgery (surgery_id,med) VALUES (655,'Dactinomycin');
INSERT INTO surgery (id,date,patient_id,doctor_id) VALUES (656,'2019-12-06',932,440);
INSERT INTO meds_for_surgery (surgery_id,med) VALUES (656,'GM-CSF');
INSERT INTO surgery (id,date,patient_id,doctor_id) VALUES (657,'2019-12-04',270,62);
INSERT INTO meds_for_surgery (surgery_id,med) VALUES (657,'Dronabinol');
INSERT INTO surgery (id,date,patient_id,doctor_id) VALUES (658,'2019-12-18',320,284);
INSERT INTO meds_for_surgery (surgery_id,med) VALUES (658,'Rivaroxaban');
INSERT INTO surgery (id,date,patient_id,doctor_id) VALUES (659,'2019-11-27',963,599);
INSERT INTO meds_for_surgery (surgery_id,med) VALUES (659,'Enoxaparin');
INSERT INTO surgery (id,date,patient_id,doctor_id) VALUES (660,'2019-12-24',984,332);
INSERT INTO meds_for_surgery (surgery_id,med) VALUES (660,'Lamivudine');
INSERT INTO surgery (id,date,patient_id,doctor_id) VALUES (661,'2019-12-10',664,903);
INSERT INTO meds_for_surgery (surgery_id,med) VALUES (661,'Emicizumab');
INSERT INTO surgery (id,date,patient_id,doctor_id) VALUES (662,'2019-11-29',739,622);
INSERT INTO meds_for_surgery (surgery_id,med) VALUES (662,'Emtricitabine');
INSERT INTO surgery (id,date,patient_id,doctor_id) VALUES (663,'2019-12-15',802,770);
INSERT INTO meds_for_surgery (surgery_id,med) VALUES (663,'Thioguanine');
INSERT INTO surgery (id,date,patient_id,doctor_id) VALUES (664,'2019-11-28',299,313);
INSERT INTO meds_for_surgery (surgery_id,med) VALUES (664,'Vancomycin');
INSERT INTO surgery (id,date,patient_id,doctor_id) VALUES (665,'2019-12-02',634,11);
INSERT INTO meds_for_surgery (surgery_id,med) VALUES (665,'Dexamethasone');
INSERT INTO surgery (id,date,patient_id,doctor_id) VALUES (666,'2019-12-11',252,62);
INSERT INTO meds_for_surgery (surgery_id,med) VALUES (666,'Aprepitant');
INSERT INTO surgery (id,date,patient_id,doctor_id) VALUES (667,'2019-12-01',348,448);
INSERT INTO meds_for_surgery (surgery_id,med) VALUES (667,'Tacrolimus');
INSERT INTO surgery (id,date,patient_id,doctor_id) VALUES (668,'2019-12-07',644,135);
INSERT INTO meds_for_surgery (surgery_id,med) VALUES (668,'Itraconazole');
INSERT INTO surgery (id,date,patient_id,doctor_id) VALUES (669,'2019-12-10',446,699);
INSERT INTO meds_for_surgery (surgery_id,med) VALUES (669,'Warfarin');
INSERT INTO surgery (id,date,patient_id,doctor_id) VALUES (670,'2019-11-29',661,448);
INSERT INTO meds_for_surgery (surgery_id,med) VALUES (670,'Baclofen');
INSERT INTO surgery (id,date,patient_id,doctor_id) VALUES (671,'2019-12-13',175,745);
INSERT INTO meds_for_surgery (surgery_id,med) VALUES (671,'Sunitinib');
INSERT INTO surgery (id,date,patient_id,doctor_id) VALUES (672,'2019-12-05',184,721);
INSERT INTO meds_for_surgery (surgery_id,med) VALUES (672,'Erythropoietin');
INSERT INTO surgery (id,date,patient_id,doctor_id) VALUES (673,'2019-11-22',454,746);
INSERT INTO meds_for_surgery (surgery_id,med) VALUES (673,'Nevirapine');
INSERT INTO surgery (id,date,patient_id,doctor_id) VALUES (674,'2019-11-20',676,968);
INSERT INTO meds_for_surgery (surgery_id,med) VALUES (674,'Etoposide');
INSERT INTO surgery (id,date,patient_id,doctor_id) VALUES (675,'2019-12-15',175,193);
INSERT INTO meds_for_surgery (surgery_id,med) VALUES (675,'Cidofovir');
INSERT INTO surgery (id,date,patient_id,doctor_id) VALUES (676,'2019-12-05',252,545);
INSERT INTO meds_for_surgery (surgery_id,med) VALUES (676,'Etoposide');
INSERT INTO surgery (id,date,patient_id,doctor_id) VALUES (677,'2019-12-04',220,800);
INSERT INTO meds_for_surgery (surgery_id,med) VALUES (677,'Crizotinib');
INSERT INTO surgery (id,date,patient_id,doctor_id) VALUES (678,'2019-11-27',296,3);
INSERT INTO meds_for_surgery (surgery_id,med) VALUES (678,'Lorazepam');
INSERT INTO surgery (id,date,patient_id,doctor_id) VALUES (679,'2019-11-28',134,836);
INSERT INTO meds_for_surgery (surgery_id,med) VALUES (679,'Imatinib');
INSERT INTO surgery (id,date,patient_id,doctor_id) VALUES (680,'2019-12-03',270,539);
INSERT INTO meds_for_surgery (surgery_id,med) VALUES (680,'Sunitinib');
INSERT INTO surgery (id,date,patient_id,doctor_id) VALUES (681,'2019-12-21',460,126);
INSERT INTO meds_for_surgery (surgery_id,med) VALUES (681,'Interleukin');
INSERT INTO surgery (id,date,patient_id,doctor_id) VALUES (682,'2019-12-03',687,933);
INSERT INTO meds_for_surgery (surgery_id,med) VALUES (682,'Cladribine');
INSERT INTO surgery (id,date,patient_id,doctor_id) VALUES (683,'2019-11-26',773,930);
INSERT INTO meds_for_surgery (surgery_id,med) VALUES (683,'Erythropoietin');
INSERT INTO surgery (id,date,patient_id,doctor_id) VALUES (684,'2019-12-13',659,389);
INSERT INTO meds_for_surgery (surgery_id,med) VALUES (684,'Cidofovir');
INSERT INTO surgery (id,date,patient_id,doctor_id) VALUES (685,'2019-11-30',589,417);
INSERT INTO meds_for_surgery (surgery_id,med) VALUES (685,'Erythromycin');
INSERT INTO surgery (id,date,patient_id,doctor_id) VALUES (686,'2019-12-19',927,100);
INSERT INTO meds_for_surgery (surgery_id,med) VALUES (686,'Gabapentin');
INSERT INTO surgery (id,date,patient_id,doctor_id) VALUES (687,'2019-12-12',118,683);
INSERT INTO meds_for_surgery (surgery_id,med) VALUES (687,'Raltegravir');
INSERT INTO surgery (id,date,patient_id,doctor_id) VALUES (688,'2019-11-21',767,936);
INSERT INTO meds_for_surgery (surgery_id,med) VALUES (688,'Thiotepa');
INSERT INTO surgery (id,date,patient_id,doctor_id) VALUES (689,'2019-12-16',855,933);
INSERT INTO meds_for_surgery (surgery_id,med) VALUES (689,'Atenolol');
INSERT INTO surgery (id,date,patient_id,doctor_id) VALUES (690,'2019-11-22',369,702);
INSERT INTO meds_for_surgery (surgery_id,med) VALUES (690,'Oxycodone');
INSERT INTO surgery (id,date,patient_id,doctor_id) VALUES (691,'2019-11-30',481,363);
INSERT INTO meds_for_surgery (surgery_id,med) VALUES (691,'Rilpivirine');
INSERT INTO surgery (id,date,patient_id,doctor_id) VALUES (692,'2019-12-07',71,533);
INSERT INTO meds_for_surgery (surgery_id,med) VALUES (692,'Mechlorethamine');
INSERT INTO surgery (id,date,patient_id,doctor_id) VALUES (693,'2019-12-18',391,8);
INSERT INTO meds_for_surgery (surgery_id,med) VALUES (693,'Emicizumab');
INSERT INTO surgery (id,date,patient_id,doctor_id) VALUES (694,'2019-11-28',94,554);
INSERT INTO meds_for_surgery (surgery_id,med) VALUES (694,'Mycophenolate');
INSERT INTO surgery (id,date,patient_id,doctor_id) VALUES (695,'2019-12-18',453,915);
INSERT INTO meds_for_surgery (surgery_id,med) VALUES (695,'Ifosfamide');
INSERT INTO surgery (id,date,patient_id,doctor_id) VALUES (696,'2019-11-24',664,745);
INSERT INTO meds_for_surgery (surgery_id,med) VALUES (696,'Lamivudine');
INSERT INTO surgery (id,date,patient_id,doctor_id) VALUES (697,'2019-11-21',252,702);
INSERT INTO meds_for_surgery (surgery_id,med) VALUES (697,'Granisetron');
INSERT INTO surgery (id,date,patient_id,doctor_id) VALUES (698,'2019-12-15',184,351);
INSERT INTO meds_for_surgery (surgery_id,med) VALUES (698,'Dornase alfa');
INSERT INTO surgery (id,date,patient_id,doctor_id) VALUES (699,'2019-12-09',558,930);
INSERT INTO meds_for_surgery (surgery_id,med) VALUES (699,'GM-CSF');
INSERT INTO surgery (id,date,patient_id,doctor_id) VALUES (700,'2019-11-25',663,699);
INSERT INTO meds_for_surgery (surgery_id,med) VALUES (700,'Methylphenidate');
INSERT INTO surgery (id,date,patient_id,doctor_id) VALUES (701,'2019-12-16',890,440);
INSERT INTO meds_for_surgery (surgery_id,med) VALUES (701,'Lomustine');
INSERT INTO surgery (id,date,patient_id,doctor_id) VALUES (702,'2019-11-21',483,338);
INSERT INTO meds_for_surgery (surgery_id,med) VALUES (702,'Darunavir');
INSERT INTO surgery (id,date,patient_id,doctor_id) VALUES (703,'2019-11-29',195,935);
INSERT INTO meds_for_surgery (surgery_id,med) VALUES (703,'Crizotinib');
INSERT INTO surgery (id,date,patient_id,doctor_id) VALUES (704,'2019-11-21',687,595);
INSERT INTO meds_for_surgery (surgery_id,med) VALUES (704,'Cladribine');
INSERT INTO surgery (id,date,patient_id,doctor_id) VALUES (705,'2019-12-11',334,397);
INSERT INTO meds_for_surgery (surgery_id,med) VALUES (705,'Fluconazole');
INSERT INTO surgery (id,date,patient_id,doctor_id) VALUES (706,'2019-11-28',682,578);
INSERT INTO meds_for_surgery (surgery_id,med) VALUES (706,'Bosentan');
INSERT INTO surgery (id,date,patient_id,doctor_id) VALUES (707,'2019-12-09',959,515);
INSERT INTO meds_for_surgery (surgery_id,med) VALUES (707,'Trimethoprim');
INSERT INTO surgery (id,date,patient_id,doctor_id) VALUES (708,'2019-11-29',220,515);
INSERT INTO meds_for_surgery (surgery_id,med) VALUES (708,'Ketoconazole');
INSERT INTO surgery (id,date,patient_id,doctor_id) VALUES (709,'2019-12-19',36,652);
INSERT INTO meds_for_surgery (surgery_id,med) VALUES (709,'Rasburicase');
INSERT INTO surgery (id,date,patient_id,doctor_id) VALUES (710,'2019-12-21',220,399);
INSERT INTO meds_for_surgery (surgery_id,med) VALUES (710,'Amoxicillin');
INSERT INTO surgery (id,date,patient_id,doctor_id) VALUES (711,'2019-11-21',249,399);
INSERT INTO meds_for_surgery (surgery_id,med) VALUES (711,'Hydrocodone');
INSERT INTO surgery (id,date,patient_id,doctor_id) VALUES (712,'2019-12-03',443,934);
INSERT INTO meds_for_surgery (surgery_id,med) VALUES (712,'Heparin');
INSERT INTO surgery (id,date,patient_id,doctor_id) VALUES (713,'2019-11-24',567,738);
INSERT INTO meds_for_surgery (surgery_id,med) VALUES (713,'Cefuroxime');
INSERT INTO surgery (id,date,patient_id,doctor_id) VALUES (714,'2019-12-10',75,621);
INSERT INTO meds_for_surgery (surgery_id,med) VALUES (714,'Efavirenz');
INSERT INTO surgery (id,date,patient_id,doctor_id) VALUES (715,'2019-12-22',815,341);
INSERT INTO meds_for_surgery (surgery_id,med) VALUES (715,'Meropenem');
INSERT INTO surgery (id,date,patient_id,doctor_id) VALUES (716,'2019-12-24',51,389);
INSERT INTO meds_for_surgery (surgery_id,med) VALUES (716,'Acyclovir');
INSERT INTO surgery (id,date,patient_id,doctor_id) VALUES (717,'2019-12-07',213,787);
INSERT INTO meds_for_surgery (surgery_id,med) VALUES (717,'Tobramycin');
INSERT INTO surgery (id,date,patient_id,doctor_id) VALUES (718,'2019-11-24',514,533);
INSERT INTO meds_for_surgery (surgery_id,med) VALUES (718,'Magnesium');
INSERT INTO surgery (id,date,patient_id,doctor_id) VALUES (719,'2019-12-16',826,375);
INSERT INTO meds_for_surgery (surgery_id,med) VALUES (719,'Interleukin');
INSERT INTO surgery (id,date,patient_id,doctor_id) VALUES (720,'2019-12-19',322,385);
INSERT INTO meds_for_surgery (surgery_id,med) VALUES (720,'Sirolimus');
INSERT INTO surgery (id,date,patient_id,doctor_id) VALUES (721,'2019-12-24',51,128);
INSERT INTO meds_for_surgery (surgery_id,med) VALUES (721,'Omeprazole');
INSERT INTO surgery (id,date,patient_id,doctor_id) VALUES (722,'2019-12-24',214,896);
INSERT INTO meds_for_surgery (surgery_id,med) VALUES (722,'Vorinostat');
INSERT INTO surgery (id,date,patient_id,doctor_id) VALUES (723,'2019-12-03',685,836);
INSERT INTO meds_for_surgery (surgery_id,med) VALUES (723,'Bortezomib');
INSERT INTO surgery (id,date,patient_id,doctor_id) VALUES (724,'2019-11-23',890,896);
INSERT INTO meds_for_surgery (surgery_id,med) VALUES (724,'Paclitaxel');
INSERT INTO surgery (id,date,patient_id,doctor_id) VALUES (725,'2019-12-17',747,680);
INSERT INTO meds_for_surgery (surgery_id,med) VALUES (725,'Desmopressin');
INSERT INTO surgery (id,date,patient_id,doctor_id) VALUES (726,'2019-12-22',647,846);
INSERT INTO meds_for_surgery (surgery_id,med) VALUES (726,'Probenecid');
INSERT INTO surgery (id,date,patient_id,doctor_id) VALUES (727,'2019-12-10',13,414);
INSERT INTO meds_for_surgery (surgery_id,med) VALUES (727,'Azithromycin');
INSERT INTO surgery (id,date,patient_id,doctor_id) VALUES (728,'2019-11-21',314,448);
INSERT INTO meds_for_surgery (surgery_id,med) VALUES (728,'Elvitegravir');
INSERT INTO surgery (id,date,patient_id,doctor_id) VALUES (729,'2019-12-14',663,341);
INSERT INTO meds_for_surgery (surgery_id,med) VALUES (729,'Elvitegravir');
INSERT INTO surgery (id,date,patient_id,doctor_id) VALUES (730,'2019-11-27',300,533);
INSERT INTO meds_for_surgery (surgery_id,med) VALUES (730,'Linezolid');
INSERT INTO surgery (id,date,patient_id,doctor_id) VALUES (731,'2019-11-29',215,512);
INSERT INTO meds_for_surgery (surgery_id,med) VALUES (731,'Potassium');
INSERT INTO surgery (id,date,patient_id,doctor_id) VALUES (732,'2019-11-21',826,170);
INSERT INTO meds_for_surgery (surgery_id,med) VALUES (732,'Propoxyphene');
INSERT INTO surgery (id,date,patient_id,doctor_id) VALUES (733,'2019-11-23',157,280);
INSERT INTO meds_for_surgery (surgery_id,med) VALUES (733,'Pegfilgrastim');
INSERT INTO surgery (id,date,patient_id,doctor_id) VALUES (734,'2019-12-22',103,745);
INSERT INTO meds_for_surgery (surgery_id,med) VALUES (734,'Amifostine');
INSERT INTO surgery (id,date,patient_id,doctor_id) VALUES (735,'2019-11-29',717,881);
INSERT INTO meds_for_surgery (surgery_id,med) VALUES (735,'Famciclovir');
INSERT INTO surgery (id,date,patient_id,doctor_id) VALUES (736,'2019-12-16',133,532);
INSERT INTO meds_for_surgery (surgery_id,med) VALUES (736,'Crizotinib');
INSERT INTO surgery (id,date,patient_id,doctor_id) VALUES (737,'2019-12-15',391,15);
INSERT INTO meds_for_surgery (surgery_id,med) VALUES (737,'L-glutamine');
INSERT INTO surgery (id,date,patient_id,doctor_id) VALUES (738,'2019-12-12',201,933);
INSERT INTO meds_for_surgery (surgery_id,med) VALUES (738,'Enoxaparin');
INSERT INTO surgery (id,date,patient_id,doctor_id) VALUES (739,'2019-12-13',855,988);
INSERT INTO meds_for_surgery (surgery_id,med) VALUES (739,'Bleomycin');
INSERT INTO surgery (id,date,patient_id,doctor_id) VALUES (740,'2019-12-22',641,504);
INSERT INTO meds_for_surgery (surgery_id,med) VALUES (740,'Warfarin');
INSERT INTO surgery (id,date,patient_id,doctor_id) VALUES (741,'2019-11-29',206,375);
INSERT INTO meds_for_surgery (surgery_id,med) VALUES (741,'Dacarbazine');
INSERT INTO surgery (id,date,patient_id,doctor_id) VALUES (742,'2019-11-30',182,338);
INSERT INTO meds_for_surgery (surgery_id,med) VALUES (742,'Busulfan');
INSERT INTO surgery (id,date,patient_id,doctor_id) VALUES (743,'2019-12-19',661,464);
INSERT INTO meds_for_surgery (surgery_id,med) VALUES (743,'Cephalexin');
INSERT INTO surgery (id,date,patient_id,doctor_id) VALUES (744,'2019-12-05',505,966);
INSERT INTO meds_for_surgery (surgery_id,med) VALUES (744,'Trimethoprim');
INSERT INTO surgery (id,date,patient_id,doctor_id) VALUES (745,'2019-12-09',118,599);
INSERT INTO meds_for_surgery (surgery_id,med) VALUES (745,'Aminocaproic Acid');
INSERT INTO surgery (id,date,patient_id,doctor_id) VALUES (746,'2019-12-14',717,15);
INSERT INTO meds_for_surgery (surgery_id,med) VALUES (746,'Phenytoin');
INSERT INTO surgery (id,date,patient_id,doctor_id) VALUES (747,'2019-12-02',169,783);
INSERT INTO meds_for_surgery (surgery_id,med) VALUES (747,'Gabapentin');
INSERT INTO surgery (id,date,patient_id,doctor_id) VALUES (748,'2019-11-27',959,694);
INSERT INTO meds_for_surgery (surgery_id,med) VALUES (748,'Meropenem');
INSERT INTO surgery (id,date,patient_id,doctor_id) VALUES (749,'2019-12-03',39,1000);
INSERT INTO meds_for_surgery (surgery_id,med) VALUES (749,'Lamivudine');
INSERT INTO surgery (id,date,patient_id,doctor_id) VALUES (750,'2019-11-27',339,935);
INSERT INTO meds_for_surgery (surgery_id,med) VALUES (750,'Foscarnet');
INSERT INTO surgery (id,date,patient_id,doctor_id) VALUES (751,'2019-12-15',206,800);
INSERT INTO meds_for_surgery (surgery_id,med) VALUES (751,'Levothyroxine');
INSERT INTO surgery (id,date,patient_id,doctor_id) VALUES (752,'2019-12-06',272,3);
INSERT INTO meds_for_surgery (surgery_id,med) VALUES (752,'Hydralazine');
INSERT INTO surgery (id,date,patient_id,doctor_id) VALUES (753,'2019-11-27',339,992);
INSERT INTO meds_for_surgery (surgery_id,med) VALUES (753,'Lamivudine');
INSERT INTO surgery (id,date,patient_id,doctor_id) VALUES (754,'2019-12-22',743,390);
INSERT INTO meds_for_surgery (surgery_id,med) VALUES (754,'Morphine');
INSERT INTO surgery (id,date,patient_id,doctor_id) VALUES (755,'2019-12-21',589,8);
INSERT INTO meds_for_surgery (surgery_id,med) VALUES (755,'Isotretinoin');
INSERT INTO surgery (id,date,patient_id,doctor_id) VALUES (756,'2019-11-30',357,515);
INSERT INTO meds_for_surgery (surgery_id,med) VALUES (756,'Imatinib');
INSERT INTO surgery (id,date,patient_id,doctor_id) VALUES (757,'2019-12-22',754,825);
INSERT INTO meds_for_surgery (surgery_id,med) VALUES (757,'Posaconazole');
INSERT INTO surgery (id,date,patient_id,doctor_id) VALUES (758,'2019-12-10',169,222);
INSERT INTO meds_for_surgery (surgery_id,med) VALUES (758,'Nelarabine');
INSERT INTO surgery (id,date,patient_id,doctor_id) VALUES (759,'2019-12-07',826,508);
INSERT INTO meds_for_surgery (surgery_id,med) VALUES (759,'Teniposide');
INSERT INTO surgery (id,date,patient_id,doctor_id) VALUES (760,'2019-12-17',290,991);
INSERT INTO meds_for_surgery (surgery_id,med) VALUES (760,'Ceftazidime');
INSERT INTO surgery (id,date,patient_id,doctor_id) VALUES (761,'2019-12-14',666,375);
INSERT INTO meds_for_surgery (surgery_id,med) VALUES (761,'Dacarbazine');
INSERT INTO surgery (id,date,patient_id,doctor_id) VALUES (762,'2019-11-24',469,471);
INSERT INTO meds_for_surgery (surgery_id,med) VALUES (762,'Enalapril');
INSERT INTO surgery (id,date,patient_id,doctor_id) VALUES (763,'2019-11-20',352,784);
INSERT INTO meds_for_surgery (surgery_id,med) VALUES (763,'Mercaptopurine');
INSERT INTO surgery (id,date,patient_id,doctor_id) VALUES (764,'2019-12-14',852,8);
INSERT INTO meds_for_surgery (surgery_id,med) VALUES (764,'Celecoxib');
INSERT INTO surgery (id,date,patient_id,doctor_id) VALUES (765,'2019-12-14',505,769);
INSERT INTO meds_for_surgery (surgery_id,med) VALUES (765,'Clarithromycin');
INSERT INTO surgery (id,date,patient_id,doctor_id) VALUES (766,'2019-12-20',239,512);
INSERT INTO meds_for_surgery (surgery_id,med) VALUES (766,'Thiotepa');
INSERT INTO surgery (id,date,patient_id,doctor_id) VALUES (767,'2019-12-04',920,680);
INSERT INTO meds_for_surgery (surgery_id,med) VALUES (767,'Sirolimus');
INSERT INTO surgery (id,date,patient_id,doctor_id) VALUES (768,'2019-12-09',855,542);
INSERT INTO meds_for_surgery (surgery_id,med) VALUES (768,'Tenofovir');
INSERT INTO surgery (id,date,patient_id,doctor_id) VALUES (769,'2019-11-21',474,432);
INSERT INTO meds_for_surgery (surgery_id,med) VALUES (769,'Baclofen');
INSERT INTO surgery (id,date,patient_id,doctor_id) VALUES (770,'2019-11-21',754,305);
INSERT INTO meds_for_surgery (surgery_id,med) VALUES (770,'Procarbazine');
INSERT INTO surgery (id,date,patient_id,doctor_id) VALUES (771,'2019-12-18',584,399);
INSERT INTO meds_for_surgery (surgery_id,med) VALUES (771,'Vincristine');
INSERT INTO surgery (id,date,patient_id,doctor_id) VALUES (772,'2019-12-19',322,632);
INSERT INTO meds_for_surgery (surgery_id,med) VALUES (772,'Ketoconazole');
INSERT INTO surgery (id,date,patient_id,doctor_id) VALUES (773,'2019-11-25',453,351);
INSERT INTO meds_for_surgery (surgery_id,med) VALUES (773,'Mercaptopurine');
INSERT INTO surgery (id,date,patient_id,doctor_id) VALUES (774,'2019-12-14',567,228);
INSERT INTO meds_for_surgery (surgery_id,med) VALUES (774,'Magnesium');
INSERT INTO surgery (id,date,patient_id,doctor_id) VALUES (775,'2019-12-24',411,126);
INSERT INTO meds_for_surgery (surgery_id,med) VALUES (775,'Tobramycin');
INSERT INTO surgery (id,date,patient_id,doctor_id) VALUES (776,'2019-12-19',481,440);
INSERT INTO meds_for_surgery (surgery_id,med) VALUES (776,'Amitriptyline');
INSERT INTO surgery (id,date,patient_id,doctor_id) VALUES (777,'2019-12-18',320,806);
INSERT INTO meds_for_surgery (surgery_id,med) VALUES (777,'Clarithromycin');
INSERT INTO surgery (id,date,patient_id,doctor_id) VALUES (778,'2019-11-24',486,857);
INSERT INTO meds_for_surgery (surgery_id,med) VALUES (778,'Phenobarbital');
INSERT INTO surgery (id,date,patient_id,doctor_id) VALUES (779,'2019-12-17',175,915);
INSERT INTO meds_for_surgery (surgery_id,med) VALUES (779,'Mesna');
INSERT INTO surgery (id,date,patient_id,doctor_id) VALUES (780,'2019-12-12',92,451);
INSERT INTO meds_for_surgery (surgery_id,med) VALUES (780,'Dexamethasone');
INSERT INTO surgery (id,date,patient_id,doctor_id) VALUES (781,'2019-11-27',169,390);
INSERT INTO meds_for_surgery (surgery_id,med) VALUES (781,'Imipenem');
INSERT INTO surgery (id,date,patient_id,doctor_id) VALUES (782,'2019-12-08',892,894);
INSERT INTO meds_for_surgery (surgery_id,med) VALUES (782,'Valproic acid');
INSERT INTO surgery (id,date,patient_id,doctor_id) VALUES (783,'2019-12-19',917,491);
INSERT INTO meds_for_surgery (surgery_id,med) VALUES (783,'Meropenem');
INSERT INTO surgery (id,date,patient_id,doctor_id) VALUES (784,'2019-11-21',483,382);
INSERT INTO meds_for_surgery (surgery_id,med) VALUES (784,'G-CSF');
INSERT INTO surgery (id,date,patient_id,doctor_id) VALUES (785,'2019-11-30',177,544);
INSERT INTO meds_for_surgery (surgery_id,med) VALUES (785,'Furosemide');
INSERT INTO surgery (id,date,patient_id,doctor_id) VALUES (786,'2019-12-06',959,448);
INSERT INTO meds_for_surgery (surgery_id,med) VALUES (786,'Tenofovir');
INSERT INTO surgery (id,date,patient_id,doctor_id) VALUES (787,'2019-12-24',424,936);
INSERT INTO meds_for_surgery (surgery_id,med) VALUES (787,'Carboplatin');
INSERT INTO surgery (id,date,patient_id,doctor_id) VALUES (788,'2019-12-12',454,495);
INSERT INTO meds_for_surgery (surgery_id,med) VALUES (788,'Lorazepam');
INSERT INTO surgery (id,date,patient_id,doctor_id) VALUES (789,'2019-12-18',94,992);
INSERT INTO meds_for_surgery (surgery_id,med) VALUES (789,'Fludarabine');
INSERT INTO surgery (id,date,patient_id,doctor_id) VALUES (790,'2019-11-22',272,936);
INSERT INTO meds_for_surgery (surgery_id,med) VALUES (790,'Carmustine');
INSERT INTO surgery (id,date,patient_id,doctor_id) VALUES (791,'2019-12-18',272,11);
INSERT INTO meds_for_surgery (surgery_id,med) VALUES (791,'Hydralazine');
INSERT INTO surgery (id,date,patient_id,doctor_id) VALUES (792,'2019-12-06',322,508);
INSERT INTO meds_for_surgery (surgery_id,med) VALUES (792,'Dasatinib');
INSERT INTO surgery (id,date,patient_id,doctor_id) VALUES (793,'2019-11-26',760,512);
INSERT INTO meds_for_surgery (surgery_id,med) VALUES (793,'Famciclovir');
INSERT INTO surgery (id,date,patient_id,doctor_id) VALUES (794,'2019-11-20',249,800);
INSERT INTO meds_for_surgery (surgery_id,med) VALUES (794,'Norepinephrine');
INSERT INTO surgery (id,date,patient_id,doctor_id) VALUES (795,'2019-12-20',605,894);
INSERT INTO meds_for_surgery (surgery_id,med) VALUES (795,'Cyproheptadine');
INSERT INTO surgery (id,date,patient_id,doctor_id) VALUES (796,'2019-12-12',572,694);
INSERT INTO meds_for_surgery (surgery_id,med) VALUES (796,'Gemtuzumab');
INSERT INTO surgery (id,date,patient_id,doctor_id) VALUES (797,'2019-12-07',767,632);
INSERT INTO meds_for_surgery (surgery_id,med) VALUES (797,'Hydrocodone');
INSERT INTO surgery (id,date,patient_id,doctor_id) VALUES (798,'2019-11-27',177,12);
INSERT INTO meds_for_surgery (surgery_id,med) VALUES (798,'Gefitinib');
INSERT INTO surgery (id,date,patient_id,doctor_id) VALUES (799,'2019-12-19',296,964);
INSERT INTO meds_for_surgery (surgery_id,med) VALUES (799,'Ifosfamide');
INSERT INTO surgery (id,date,patient_id,doctor_id) VALUES (800,'2019-11-27',617,988);
INSERT INTO meds_for_surgery (surgery_id,med) VALUES (800,'Dopamine');
INSERT INTO surgery (id,date,patient_id,doctor_id) VALUES (801,'2019-12-02',952,417);
INSERT INTO meds_for_surgery (surgery_id,med) VALUES (801,'Cyproheptadine');
INSERT INTO surgery (id,date,patient_id,doctor_id) VALUES (802,'2019-12-12',892,595);
INSERT INTO meds_for_surgery (surgery_id,med) VALUES (802,'Doxorubicin');
INSERT INTO surgery (id,date,patient_id,doctor_id) VALUES (803,'2019-12-14',118,578);
INSERT INTO meds_for_surgery (surgery_id,med) VALUES (803,'Thioguanine');
INSERT INTO surgery (id,date,patient_id,doctor_id) VALUES (804,'2019-12-14',269,544);
INSERT INTO meds_for_surgery (surgery_id,med) VALUES (804,'Mechlorethamine');
INSERT INTO surgery (id,date,patient_id,doctor_id) VALUES (805,'2019-11-21',19,746);
INSERT INTO meds_for_surgery (surgery_id,med) VALUES (805,'Lopinavir');
INSERT INTO surgery (id,date,patient_id,doctor_id) VALUES (806,'2019-12-04',945,915);
INSERT INTO meds_for_surgery (surgery_id,med) VALUES (806,'Clofarabine');
INSERT INTO surgery (id,date,patient_id,doctor_id) VALUES (807,'2019-11-24',369,284);
INSERT INTO meds_for_surgery (surgery_id,med) VALUES (807,'Cefaclor');
INSERT INTO surgery (id,date,patient_id,doctor_id) VALUES (808,'2019-12-21',655,565);
INSERT INTO meds_for_surgery (surgery_id,med) VALUES (808,'Bosentan');
INSERT INTO surgery (id,date,patient_id,doctor_id) VALUES (809,'2019-12-05',514,414);
INSERT INTO meds_for_surgery (surgery_id,med) VALUES (809,'Efavirenz');
INSERT INTO surgery (id,date,patient_id,doctor_id) VALUES (810,'2019-12-04',343,259);
INSERT INTO meds_for_surgery (surgery_id,med) VALUES (810,'Linezolid');
INSERT INTO surgery (id,date,patient_id,doctor_id) VALUES (811,'2019-12-06',411,512);
INSERT INTO meds_for_surgery (surgery_id,med) VALUES (811,'Ketoconazole');
INSERT INTO surgery (id,date,patient_id,doctor_id) VALUES (812,'2019-12-22',747,498);
INSERT INTO meds_for_surgery (surgery_id,med) VALUES (812,'Foscarnet');
INSERT INTO surgery (id,date,patient_id,doctor_id) VALUES (813,'2019-11-29',665,517);
INSERT INTO meds_for_surgery (surgery_id,med) VALUES (813,'Bosentan');
INSERT INTO surgery (id,date,patient_id,doctor_id) VALUES (814,'2019-12-15',210,933);
INSERT INTO meds_for_surgery (surgery_id,med) VALUES (814,'Gefitinib');
INSERT INTO surgery (id,date,patient_id,doctor_id) VALUES (815,'2019-11-29',73,451);
INSERT INTO meds_for_surgery (surgery_id,med) VALUES (815,'Amoxicillin');
INSERT INTO surgery (id,date,patient_id,doctor_id) VALUES (816,'2019-11-30',916,599);
INSERT INTO meds_for_surgery (surgery_id,med) VALUES (816,'Lomustine');
INSERT INTO surgery (id,date,patient_id,doctor_id) VALUES (817,'2019-12-11',617,464);
INSERT INTO meds_for_surgery (surgery_id,med) VALUES (817,'Didanosine');
INSERT INTO surgery (id,date,patient_id,doctor_id) VALUES (818,'2019-11-29',195,100);
INSERT INTO meds_for_surgery (surgery_id,med) VALUES (818,'Acyclovir');
INSERT INTO surgery (id,date,patient_id,doctor_id) VALUES (819,'2019-11-25',589,351);
INSERT INTO meds_for_surgery (surgery_id,med) VALUES (819,'Voriconazole');
INSERT INTO surgery (id,date,patient_id,doctor_id) VALUES (820,'2019-11-28',570,542);
INSERT INTO meds_for_surgery (surgery_id,med) VALUES (820,'Carbamazepine');
INSERT INTO surgery (id,date,patient_id,doctor_id) VALUES (821,'2019-11-29',391,341);
INSERT INTO meds_for_surgery (surgery_id,med) VALUES (821,'Topotecan');
INSERT INTO surgery (id,date,patient_id,doctor_id) VALUES (822,'2019-12-13',791,532);
INSERT INTO meds_for_surgery (surgery_id,med) VALUES (822,'Fluorouracil');
INSERT INTO surgery (id,date,patient_id,doctor_id) VALUES (823,'2019-12-06',476,181);
INSERT INTO meds_for_surgery (surgery_id,med) VALUES (823,'Gabapentin');
INSERT INTO surgery (id,date,patient_id,doctor_id) VALUES (824,'2019-11-23',476,504);
INSERT INTO meds_for_surgery (surgery_id,med) VALUES (824,'Granisetron');
INSERT INTO surgery (id,date,patient_id,doctor_id) VALUES (825,'2019-12-09',929,694);
INSERT INTO meds_for_surgery (surgery_id,med) VALUES (825,'Erythropoietin');
INSERT INTO surgery (id,date,patient_id,doctor_id) VALUES (826,'2019-11-23',221,232);
INSERT INTO meds_for_surgery (surgery_id,med) VALUES (826,'Hydralazine');
INSERT INTO surgery (id,date,patient_id,doctor_id) VALUES (827,'2019-12-09',871,228);
INSERT INTO meds_for_surgery (surgery_id,med) VALUES (827,'Ganciclovir');
INSERT INTO surgery (id,date,patient_id,doctor_id) VALUES (828,'2019-12-10',945,292);
INSERT INTO meds_for_surgery (surgery_id,med) VALUES (828,'Erlotinib');
INSERT INTO surgery (id,date,patient_id,doctor_id) VALUES (829,'2019-11-21',685,517);
INSERT INTO meds_for_surgery (surgery_id,med) VALUES (829,'Cefuroxime');
INSERT INTO surgery (id,date,patient_id,doctor_id) VALUES (830,'2019-12-17',455,990);
INSERT INTO meds_for_surgery (surgery_id,med) VALUES (830,'Tretinoin');
INSERT INTO surgery (id,date,patient_id,doctor_id) VALUES (831,'2019-12-08',921,164);
INSERT INTO meds_for_surgery (surgery_id,med) VALUES (831,'Fluconazole');
INSERT INTO surgery (id,date,patient_id,doctor_id) VALUES (832,'2019-11-26',206,126);
INSERT INTO meds_for_surgery (surgery_id,med) VALUES (832,'Nelarabine');
INSERT INTO surgery (id,date,patient_id,doctor_id) VALUES (833,'2019-11-23',496,746);
INSERT INTO meds_for_surgery (surgery_id,med) VALUES (833,'Procarbazine');
INSERT INTO surgery (id,date,patient_id,doctor_id) VALUES (834,'2019-12-01',754,545);
INSERT INTO meds_for_surgery (surgery_id,med) VALUES (834,'Ceftazidime');
INSERT INTO surgery (id,date,patient_id,doctor_id) VALUES (835,'2019-11-24',248,500);
INSERT INTO meds_for_surgery (surgery_id,med) VALUES (835,'Levothyroxine');
INSERT INTO surgery (id,date,patient_id,doctor_id) VALUES (836,'2019-12-05',130,565);
INSERT INTO meds_for_surgery (surgery_id,med) VALUES (836,'Nevirapine');
INSERT INTO surgery (id,date,patient_id,doctor_id) VALUES (837,'2019-12-02',348,437);
INSERT INTO meds_for_surgery (surgery_id,med) VALUES (837,'Micafungin');
INSERT INTO surgery (id,date,patient_id,doctor_id) VALUES (838,'2019-12-20',314,12);
INSERT INTO meds_for_surgery (surgery_id,med) VALUES (838,'Carboplatin');
INSERT INTO surgery (id,date,patient_id,doctor_id) VALUES (839,'2019-11-26',182,3);
INSERT INTO meds_for_surgery (surgery_id,med) VALUES (839,'Cyclobenzaprine');
INSERT INTO surgery (id,date,patient_id,doctor_id) VALUES (840,'2019-12-01',898,992);
INSERT INTO meds_for_surgery (surgery_id,med) VALUES (840,'Foscarnet');
INSERT INTO surgery (id,date,patient_id,doctor_id) VALUES (841,'2019-12-03',334,857);
INSERT INTO meds_for_surgery (surgery_id,med) VALUES (841,'Omeprazole');
INSERT INTO surgery (id,date,patient_id,doctor_id) VALUES (842,'2019-12-03',815,540);
INSERT INTO meds_for_surgery (surgery_id,med) VALUES (842,'Cefepime');
INSERT INTO surgery (id,date,patient_id,doctor_id) VALUES (843,'2019-12-24',505,448);
INSERT INTO meds_for_surgery (surgery_id,med) VALUES (843,'Eltrombopag');
INSERT INTO surgery (id,date,patient_id,doctor_id) VALUES (844,'2019-11-21',949,782);
INSERT INTO meds_for_surgery (surgery_id,med) VALUES (844,'Raltegravir');
INSERT INTO surgery (id,date,patient_id,doctor_id) VALUES (845,'2019-12-09',272,295);
INSERT INTO meds_for_surgery (surgery_id,med) VALUES (845,'Alendronate');
INSERT INTO surgery (id,date,patient_id,doctor_id) VALUES (846,'2019-12-02',983,385);
INSERT INTO meds_for_surgery (surgery_id,med) VALUES (846,'Valproic acid');
INSERT INTO surgery (id,date,patient_id,doctor_id) VALUES (847,'2019-12-08',311,652);
INSERT INTO meds_for_surgery (surgery_id,med) VALUES (847,'Methylphenidate');
INSERT INTO surgery (id,date,patient_id,doctor_id) VALUES (848,'2019-12-10',920,540);
INSERT INTO meds_for_surgery (surgery_id,med) VALUES (848,'GM-CSF');
INSERT INTO surgery (id,date,patient_id,doctor_id) VALUES (849,'2019-11-25',608,331);
INSERT INTO meds_for_surgery (surgery_id,med) VALUES (849,'Vorinostat');
INSERT INTO surgery (id,date,patient_id,doctor_id) VALUES (850,'2019-11-27',478,782);
INSERT INTO meds_for_surgery (surgery_id,med) VALUES (850,'Pemetrexed');
INSERT INTO surgery (id,date,patient_id,doctor_id) VALUES (851,'2019-12-07',314,222);
INSERT INTO meds_for_surgery (surgery_id,med) VALUES (851,'Darunavir');
INSERT INTO surgery (id,date,patient_id,doctor_id) VALUES (852,'2019-11-26',322,292);
INSERT INTO meds_for_surgery (surgery_id,med) VALUES (852,'Gabapentin');
INSERT INTO surgery (id,date,patient_id,doctor_id) VALUES (853,'2019-11-24',411,331);
INSERT INTO meds_for_surgery (surgery_id,med) VALUES (853,'Nelfinavir');
INSERT INTO surgery (id,date,patient_id,doctor_id) VALUES (854,'2019-12-07',859,583);
INSERT INTO meds_for_surgery (surgery_id,med) VALUES (854,'Bleomycin');
INSERT INTO surgery (id,date,patient_id,doctor_id) VALUES (855,'2019-11-22',695,100);
INSERT INTO meds_for_surgery (surgery_id,med) VALUES (855,'Hydrocodone');
INSERT INTO surgery (id,date,patient_id,doctor_id) VALUES (856,'2019-12-16',151,565);
INSERT INTO meds_for_surgery (surgery_id,med) VALUES (856,'Thiotepa');
INSERT INTO surgery (id,date,patient_id,doctor_id) VALUES (857,'2019-11-22',454,539);
INSERT INTO meds_for_surgery (surgery_id,med) VALUES (857,'Alemtuzumab');
INSERT INTO surgery (id,date,patient_id,doctor_id) VALUES (858,'2019-11-28',983,532);
INSERT INTO meds_for_surgery (surgery_id,med) VALUES (858,'Paclitaxel');
INSERT INTO surgery (id,date,patient_id,doctor_id) VALUES (859,'2019-12-11',328,372);
INSERT INTO meds_for_surgery (surgery_id,med) VALUES (859,'Topotecan');
INSERT INTO surgery (id,date,patient_id,doctor_id) VALUES (860,'2019-12-14',151,935);
INSERT INTO meds_for_surgery (surgery_id,med) VALUES (860,'Nevirapine');
INSERT INTO surgery (id,date,patient_id,doctor_id) VALUES (861,'2019-12-05',815,491);
INSERT INTO meds_for_surgery (surgery_id,med) VALUES (861,'Cidofovir');
INSERT INTO surgery (id,date,patient_id,doctor_id) VALUES (862,'2019-12-20',239,745);
INSERT INTO meds_for_surgery (surgery_id,med) VALUES (862,'Carmustine');
INSERT INTO surgery (id,date,patient_id,doctor_id) VALUES (863,'2019-12-11',184,918);
INSERT INTO meds_for_surgery (surgery_id,med) VALUES (863,'Pentamidine');
INSERT INTO surgery (id,date,patient_id,doctor_id) VALUES (864,'2019-11-24',460,821);
INSERT INTO meds_for_surgery (surgery_id,med) VALUES (864,'Micafungin');
INSERT INTO surgery (id,date,patient_id,doctor_id) VALUES (865,'2019-12-13',916,925);
INSERT INTO meds_for_surgery (surgery_id,med) VALUES (865,'Tretinoin');
INSERT INTO surgery (id,date,patient_id,doctor_id) VALUES (866,'2019-12-13',239,875);
INSERT INTO meds_for_surgery (surgery_id,med) VALUES (866,'Voriconazole');
INSERT INTO surgery (id,date,patient_id,doctor_id) VALUES (867,'2019-11-25',505,702);
INSERT INTO meds_for_surgery (surgery_id,med) VALUES (867,'Ondansetron');
INSERT INTO surgery (id,date,patient_id,doctor_id) VALUES (868,'2019-11-21',221,680);
INSERT INTO meds_for_surgery (surgery_id,med) VALUES (868,'Etoposide');
INSERT INTO surgery (id,date,patient_id,doctor_id) VALUES (869,'2019-11-23',478,702);
INSERT INTO meds_for_surgery (surgery_id,med) VALUES (869,'Dacarbazine');
INSERT INTO surgery (id,date,patient_id,doctor_id) VALUES (870,'2019-12-10',661,680);
INSERT INTO meds_for_surgery (surgery_id,med) VALUES (870,'Vorinostat');
INSERT INTO surgery (id,date,patient_id,doctor_id) VALUES (871,'2019-12-12',182,164);
INSERT INTO meds_for_surgery (surgery_id,med) VALUES (871,'Melphalan');
INSERT INTO surgery (id,date,patient_id,doctor_id) VALUES (872,'2019-12-20',698,677);
INSERT INTO meds_for_surgery (surgery_id,med) VALUES (872,'Rasburicase');
INSERT INTO surgery (id,date,patient_id,doctor_id) VALUES (873,'2019-12-13',453,135);
INSERT INTO meds_for_surgery (surgery_id,med) VALUES (873,'Amoxicillin');
INSERT INTO surgery (id,date,patient_id,doctor_id) VALUES (874,'2019-11-29',210,101);
INSERT INTO meds_for_surgery (surgery_id,med) VALUES (874,'Ceftazidime');
INSERT INTO surgery (id,date,patient_id,doctor_id) VALUES (875,'2019-11-20',773,662);
INSERT INTO meds_for_surgery (surgery_id,med) VALUES (875,'Erythromycin');
INSERT INTO surgery (id,date,patient_id,doctor_id) VALUES (876,'2019-11-29',320,936);
INSERT INTO meds_for_surgery (surgery_id,med) VALUES (876,'Hydrocodone');
INSERT INTO surgery (id,date,patient_id,doctor_id) VALUES (877,'2019-11-24',481,964);
INSERT INTO meds_for_surgery (surgery_id,med) VALUES (877,'Cefuroxime');
INSERT INTO surgery (id,date,patient_id,doctor_id) VALUES (878,'2019-12-05',890,15);
INSERT INTO meds_for_surgery (surgery_id,med) VALUES (878,'Bleomycin');
INSERT INTO surgery (id,date,patient_id,doctor_id) VALUES (879,'2019-12-20',299,12);
INSERT INTO meds_for_surgery (surgery_id,med) VALUES (879,'Lorazepam');
INSERT INTO surgery (id,date,patient_id,doctor_id) VALUES (880,'2019-12-06',184,599);
INSERT INTO meds_for_surgery (surgery_id,med) VALUES (880,'Gabapentin');
INSERT INTO surgery (id,date,patient_id,doctor_id) VALUES (881,'2019-11-30',44,625);
INSERT INTO meds_for_surgery (surgery_id,med) VALUES (881,'Emicizumab');
INSERT INTO surgery (id,date,patient_id,doctor_id) VALUES (882,'2019-12-16',169,738);
INSERT INTO meds_for_surgery (surgery_id,med) VALUES (882,'Cyclosporine');
INSERT INTO surgery (id,date,patient_id,doctor_id) VALUES (883,'2019-11-26',855,181);
INSERT INTO meds_for_surgery (surgery_id,med) VALUES (883,'Fludarabine');
INSERT INTO surgery (id,date,patient_id,doctor_id) VALUES (884,'2019-11-29',214,934);
INSERT INTO meds_for_surgery (surgery_id,med) VALUES (884,'Valproic acid');
INSERT INTO surgery (id,date,patient_id,doctor_id) VALUES (885,'2019-12-09',634,390);
INSERT INTO meds_for_surgery (surgery_id,med) VALUES (885,'Celecoxib');
INSERT INTO surgery (id,date,patient_id,doctor_id) VALUES (886,'2019-12-04',890,390);
INSERT INTO meds_for_surgery (surgery_id,med) VALUES (886,'Enalapril');
INSERT INTO surgery (id,date,patient_id,doctor_id) VALUES (887,'2019-11-21',424,448);
INSERT INTO meds_for_surgery (surgery_id,med) VALUES (887,'Trimethoprim');
INSERT INTO surgery (id,date,patient_id,doctor_id) VALUES (888,'2019-11-26',45,683);
INSERT INTO meds_for_surgery (surgery_id,med) VALUES (888,'Modafinil');
INSERT INTO surgery (id,date,patient_id,doctor_id) VALUES (889,'2019-12-01',226,382);
INSERT INTO meds_for_surgery (surgery_id,med) VALUES (889,'G-CSF');
INSERT INTO surgery (id,date,patient_id,doctor_id) VALUES (890,'2019-12-22',39,800);
INSERT INTO meds_for_surgery (surgery_id,med) VALUES (890,'Cisplatin');
INSERT INTO surgery (id,date,patient_id,doctor_id) VALUES (891,'2019-12-15',76,992);
INSERT INTO meds_for_surgery (surgery_id,med) VALUES (891,'Ifosfamide');
INSERT INTO surgery (id,date,patient_id,doctor_id) VALUES (892,'2019-11-22',859,988);
INSERT INTO meds_for_surgery (surgery_id,med) VALUES (892,'Dexamethasone');
INSERT INTO surgery (id,date,patient_id,doctor_id) VALUES (893,'2019-12-07',927,745);
INSERT INTO meds_for_surgery (surgery_id,med) VALUES (893,'Sugammadex');
INSERT INTO surgery (id,date,patient_id,doctor_id) VALUES (894,'2019-12-24',840,787);
INSERT INTO meds_for_surgery (surgery_id,med) VALUES (894,'Ondansetron');
INSERT INTO surgery (id,date,patient_id,doctor_id) VALUES (895,'2019-11-27',589,533);
INSERT INTO meds_for_surgery (surgery_id,med) VALUES (895,'Cytarabine');
INSERT INTO surgery (id,date,patient_id,doctor_id) VALUES (896,'2019-12-06',682,620);
INSERT INTO meds_for_surgery (surgery_id,med) VALUES (896,'Prednisone');
INSERT INTO surgery (id,date,patient_id,doctor_id) VALUES (897,'2019-12-05',270,500);
INSERT INTO meds_for_surgery (surgery_id,med) VALUES (897,'Didanosine');
INSERT INTO surgery (id,date,patient_id,doctor_id) VALUES (898,'2019-12-20',570,319);
INSERT INTO meds_for_surgery (surgery_id,med) VALUES (898,'Sirolimus');
INSERT INTO surgery (id,date,patient_id,doctor_id) VALUES (899,'2019-11-20',443,622);
INSERT INTO meds_for_surgery (surgery_id,med) VALUES (899,'Morphine');
INSERT INTO surgery (id,date,patient_id,doctor_id) VALUES (900,'2019-11-24',553,232);
INSERT INTO meds_for_surgery (surgery_id,med) VALUES (900,'Micafungin');
INSERT INTO surgery (id,date,patient_id,doctor_id) VALUES (901,'2019-12-17',739,313);
INSERT INTO meds_for_surgery (surgery_id,med) VALUES (901,'Ritonavir');
INSERT INTO surgery (id,date,patient_id,doctor_id) VALUES (902,'2019-12-19',169,599);
INSERT INTO meds_for_surgery (surgery_id,med) VALUES (902,'Rasburicase');
INSERT INTO surgery (id,date,patient_id,doctor_id) VALUES (903,'2019-11-21',826,825);
INSERT INTO meds_for_surgery (surgery_id,med) VALUES (903,'Dacarbazine');
INSERT INTO surgery (id,date,patient_id,doctor_id) VALUES (904,'2019-12-19',63,495);
INSERT INTO meds_for_surgery (surgery_id,med) VALUES (904,'Lamivudine');
INSERT INTO surgery (id,date,patient_id,doctor_id) VALUES (905,'2019-12-04',220,353);
INSERT INTO meds_for_surgery (surgery_id,med) VALUES (905,'Deferasirox');
INSERT INTO surgery (id,date,patient_id,doctor_id) VALUES (906,'2019-12-15',659,770);
INSERT INTO meds_for_surgery (surgery_id,med) VALUES (906,'Cyclophosphamide');
INSERT INTO surgery (id,date,patient_id,doctor_id) VALUES (907,'2019-11-25',130,128);
INSERT INTO meds_for_surgery (surgery_id,med) VALUES (907,'Probenecid');
INSERT INTO surgery (id,date,patient_id,doctor_id) VALUES (908,'2019-12-08',357,565);
INSERT INTO meds_for_surgery (surgery_id,med) VALUES (908,'Mesna');
INSERT INTO surgery (id,date,patient_id,doctor_id) VALUES (909,'2019-12-16',270,745);
INSERT INTO meds_for_surgery (surgery_id,med) VALUES (909,'Nelarabine');
INSERT INTO surgery (id,date,patient_id,doctor_id) VALUES (910,'2019-12-10',146,280);
INSERT INTO meds_for_surgery (surgery_id,med) VALUES (910,'Furosemide');
INSERT INTO surgery (id,date,patient_id,doctor_id) VALUES (911,'2019-12-17',735,437);
INSERT INTO meds_for_surgery (surgery_id,med) VALUES (911,'Dexamethasone');
INSERT INTO surgery (id,date,patient_id,doctor_id) VALUES (912,'2019-12-01',855,332);
INSERT INTO meds_for_surgery (surgery_id,med) VALUES (912,'Elvitegravir');
INSERT INTO surgery (id,date,patient_id,doctor_id) VALUES (913,'2019-11-25',698,652);
INSERT INTO meds_for_surgery (surgery_id,med) VALUES (913,'Desmopressin');
INSERT INTO surgery (id,date,patient_id,doctor_id) VALUES (914,'2019-11-29',972,595);
INSERT INTO meds_for_surgery (surgery_id,med) VALUES (914,'Itraconazole');
INSERT INTO surgery (id,date,patient_id,doctor_id) VALUES (915,'2019-12-16',469,578);
INSERT INTO meds_for_surgery (surgery_id,med) VALUES (915,'Leucovorin');
INSERT INTO surgery (id,date,patient_id,doctor_id) VALUES (916,'2019-12-18',641,224);
INSERT INTO meds_for_surgery (surgery_id,med) VALUES (916,'Interleukin');
INSERT INTO surgery (id,date,patient_id,doctor_id) VALUES (917,'2019-12-16',139,440);
INSERT INTO meds_for_surgery (surgery_id,med) VALUES (917,'Leucovorin');
INSERT INTO surgery (id,date,patient_id,doctor_id) VALUES (918,'2019-12-12',584,894);
INSERT INTO meds_for_surgery (surgery_id,med) VALUES (918,'Vorinostat');
INSERT INTO surgery (id,date,patient_id,doctor_id) VALUES (919,'2019-12-10',217,702);
INSERT INTO meds_for_surgery (surgery_id,med) VALUES (919,'Thioguanine');
INSERT INTO surgery (id,date,patient_id,doctor_id) VALUES (920,'2019-11-29',647,598);
INSERT INTO meds_for_surgery (surgery_id,med) VALUES (920,'Thioguanine');
INSERT INTO surgery (id,date,patient_id,doctor_id) VALUES (921,'2019-12-05',118,372);
INSERT INTO meds_for_surgery (surgery_id,med) VALUES (921,'Megestrol acetate');
INSERT INTO surgery (id,date,patient_id,doctor_id) VALUES (922,'2019-11-22',514,915);
INSERT INTO meds_for_surgery (surgery_id,med) VALUES (922,'Magnesium');
INSERT INTO surgery (id,date,patient_id,doctor_id) VALUES (923,'2019-12-18',311,614);
INSERT INTO meds_for_surgery (surgery_id,med) VALUES (923,'Morphine');
INSERT INTO surgery (id,date,patient_id,doctor_id) VALUES (924,'2019-12-13',304,875);
INSERT INTO meds_for_surgery (surgery_id,med) VALUES (924,'Valproic acid');
INSERT INTO surgery (id,date,patient_id,doctor_id) VALUES (925,'2019-11-21',34,746);
INSERT INTO meds_for_surgery (surgery_id,med) VALUES (925,'Norepinephrine');
INSERT INTO surgery (id,date,patient_id,doctor_id) VALUES (926,'2019-12-04',51,770);
INSERT INTO meds_for_surgery (surgery_id,med) VALUES (926,'Cefixime');
INSERT INTO surgery (id,date,patient_id,doctor_id) VALUES (927,'2019-12-19',553,437);
INSERT INTO meds_for_surgery (surgery_id,med) VALUES (927,'GM-CSF');
INSERT INTO surgery (id,date,patient_id,doctor_id) VALUES (928,'2019-12-20',664,338);
INSERT INTO meds_for_surgery (surgery_id,med) VALUES (928,'Amifostine');
INSERT INTO surgery (id,date,patient_id,doctor_id) VALUES (929,'2019-12-01',963,881);
INSERT INTO meds_for_surgery (surgery_id,med) VALUES (929,'Ritonavir');
INSERT INTO surgery (id,date,patient_id,doctor_id) VALUES (930,'2019-12-08',60,66);
INSERT INTO meds_for_surgery (surgery_id,med) VALUES (930,'Alemtuzumab');
INSERT INTO surgery (id,date,patient_id,doctor_id) VALUES (931,'2019-11-26',19,170);
INSERT INTO meds_for_surgery (surgery_id,med) VALUES (931,'Captopril');
INSERT INTO surgery (id,date,patient_id,doctor_id) VALUES (932,'2019-11-21',71,575);
INSERT INTO meds_for_surgery (surgery_id,med) VALUES (932,'Baclofen');
INSERT INTO surgery (id,date,patient_id,doctor_id) VALUES (933,'2019-11-28',685,363);
INSERT INTO meds_for_surgery (surgery_id,med) VALUES (933,'Bortezomib');
INSERT INTO surgery (id,date,patient_id,doctor_id) VALUES (934,'2019-11-24',885,595);
INSERT INTO meds_for_surgery (surgery_id,med) VALUES (934,'Leucovorin');
INSERT INTO surgery (id,date,patient_id,doctor_id) VALUES (935,'2019-12-01',326,363);
INSERT INTO meds_for_surgery (surgery_id,med) VALUES (935,'Phosphorus');
INSERT INTO surgery (id,date,patient_id,doctor_id) VALUES (936,'2019-12-10',634,694);
INSERT INTO meds_for_surgery (surgery_id,med) VALUES (936,'Fluconazole');
INSERT INTO surgery (id,date,patient_id,doctor_id) VALUES (937,'2019-12-10',270,66);
INSERT INTO meds_for_surgery (surgery_id,med) VALUES (937,'Meloxicam');
INSERT INTO surgery (id,date,patient_id,doctor_id) VALUES (938,'2019-11-25',213,783);
INSERT INTO meds_for_surgery (surgery_id,med) VALUES (938,'Lorazepam');
INSERT INTO surgery (id,date,patient_id,doctor_id) VALUES (939,'2019-12-14',60,930);
INSERT INTO meds_for_surgery (surgery_id,med) VALUES (939,'Cyclophosphamide');
INSERT INTO surgery (id,date,patient_id,doctor_id) VALUES (940,'2019-12-08',252,583);
INSERT INTO meds_for_surgery (surgery_id,med) VALUES (940,'Dobutamine');
INSERT INTO surgery (id,date,patient_id,doctor_id) VALUES (941,'2019-11-28',71,464);
INSERT INTO meds_for_surgery (surgery_id,med) VALUES (941,'Enalapril');
INSERT INTO surgery (id,date,patient_id,doctor_id) VALUES (942,'2019-12-01',206,280);
INSERT INTO meds_for_surgery (surgery_id,med) VALUES (942,'Cladribine');
INSERT INTO surgery (id,date,patient_id,doctor_id) VALUES (943,'2019-11-23',478,244);
INSERT INTO meds_for_surgery (surgery_id,med) VALUES (943,'Fludarabine');
INSERT INTO surgery (id,date,patient_id,doctor_id) VALUES (944,'2019-11-20',570,491);
INSERT INTO meds_for_surgery (surgery_id,med) VALUES (944,'Ifosfamide');
INSERT INTO surgery (id,date,patient_id,doctor_id) VALUES (945,'2019-12-05',174,356);
INSERT INTO meds_for_surgery (surgery_id,med) VALUES (945,'Darunavir');
INSERT INTO surgery (id,date,patient_id,doctor_id) VALUES (946,'2019-12-22',717,372);
INSERT INTO meds_for_surgery (surgery_id,med) VALUES (946,'Granisetron');
INSERT INTO surgery (id,date,patient_id,doctor_id) VALUES (947,'2019-12-06',134,295);
INSERT INTO meds_for_surgery (surgery_id,med) VALUES (947,'Oxycodone');
INSERT INTO surgery (id,date,patient_id,doctor_id) VALUES (948,'2019-11-23',767,332);
INSERT INTO meds_for_surgery (surgery_id,med) VALUES (948,'Allopurinol');
INSERT INTO surgery (id,date,patient_id,doctor_id) VALUES (949,'2019-12-02',392,783);
INSERT INTO meds_for_surgery (surgery_id,med) VALUES (949,'Amoxicillin');
INSERT INTO surgery (id,date,patient_id,doctor_id) VALUES (950,'2019-12-07',754,259);
INSERT INTO meds_for_surgery (surgery_id,med) VALUES (950,'Cefaclor');
INSERT INTO surgery (id,date,patient_id,doctor_id) VALUES (951,'2019-12-19',570,332);
INSERT INTO meds_for_surgery (surgery_id,med) VALUES (951,'Pegfilgrastim');
INSERT INTO surgery (id,date,patient_id,doctor_id) VALUES (952,'2019-11-29',486,770);
INSERT INTO meds_for_surgery (surgery_id,med) VALUES (952,'Promethazine');
INSERT INTO surgery (id,date,patient_id,doctor_id) VALUES (953,'2019-11-29',391,259);
INSERT INTO meds_for_surgery (surgery_id,med) VALUES (953,'Etonogestrel');
INSERT INTO surgery (id,date,patient_id,doctor_id) VALUES (954,'2019-12-15',173,934);
INSERT INTO meds_for_surgery (surgery_id,med) VALUES (954,'Foscarnet');
INSERT INTO surgery (id,date,patient_id,doctor_id) VALUES (955,'2019-11-24',713,875);
INSERT INTO meds_for_surgery (surgery_id,med) VALUES (955,'Dobutamine');
INSERT INTO surgery (id,date,patient_id,doctor_id) VALUES (956,'2019-11-26',139,988);
INSERT INTO meds_for_surgery (surgery_id,med) VALUES (956,'Mercaptopurine');
INSERT INTO surgery (id,date,patient_id,doctor_id) VALUES (957,'2019-12-13',182,662);
INSERT INTO meds_for_surgery (surgery_id,med) VALUES (957,'Lopinavir');
INSERT INTO surgery (id,date,patient_id,doctor_id) VALUES (958,'2019-12-22',482,341);
INSERT INTO meds_for_surgery (surgery_id,med) VALUES (958,'G-CSF');
INSERT INTO surgery (id,date,patient_id,doctor_id) VALUES (959,'2019-11-27',213,821);
INSERT INTO meds_for_surgery (surgery_id,med) VALUES (959,'Zidovudine');
INSERT INTO surgery (id,date,patient_id,doctor_id) VALUES (960,'2019-11-23',209,11);
INSERT INTO meds_for_surgery (surgery_id,med) VALUES (960,'Cyclobenzaprine');
INSERT INTO surgery (id,date,patient_id,doctor_id) VALUES (961,'2019-12-15',747,437);
INSERT INTO meds_for_surgery (surgery_id,med) VALUES (961,'Dapsone');
INSERT INTO surgery (id,date,patient_id,doctor_id) VALUES (962,'2019-11-27',71,353);
INSERT INTO meds_for_surgery (surgery_id,med) VALUES (962,'PEGaspargase');
INSERT INTO surgery (id,date,patient_id,doctor_id) VALUES (963,'2019-11-23',815,515);
INSERT INTO meds_for_surgery (surgery_id,med) VALUES (963,'Daunorubicin');
INSERT INTO surgery (id,date,patient_id,doctor_id) VALUES (964,'2019-11-27',112,769);
INSERT INTO meds_for_surgery (surgery_id,med) VALUES (964,'Tenofovir');
INSERT INTO surgery (id,date,patient_id,doctor_id) VALUES (965,'2019-12-20',213,181);
INSERT INTO meds_for_surgery (surgery_id,med) VALUES (965,'Carbamazepine');
INSERT INTO surgery (id,date,patient_id,doctor_id) VALUES (966,'2019-12-21',92,363);
INSERT INTO meds_for_surgery (surgery_id,med) VALUES (966,'Sugammadex');
INSERT INTO surgery (id,date,patient_id,doctor_id) VALUES (967,'2019-12-24',572,301);
INSERT INTO meds_for_surgery (surgery_id,med) VALUES (967,'Clobazam');
INSERT INTO surgery (id,date,patient_id,doctor_id) VALUES (968,'2019-12-20',392,500);
INSERT INTO meds_for_surgery (surgery_id,med) VALUES (968,'Phenytoin');
INSERT INTO surgery (id,date,patient_id,doctor_id) VALUES (969,'2019-12-12',524,295);
INSERT INTO meds_for_surgery (surgery_id,med) VALUES (969,'Sorafenib');
INSERT INTO surgery (id,date,patient_id,doctor_id) VALUES (970,'2019-12-20',983,313);
INSERT INTO meds_for_surgery (surgery_id,med) VALUES (970,'Methotrexate');
INSERT INTO surgery (id,date,patient_id,doctor_id) VALUES (971,'2019-12-02',989,372);
INSERT INTO meds_for_surgery (surgery_id,med) VALUES (971,'Rasburicase');
INSERT INTO surgery (id,date,patient_id,doctor_id) VALUES (972,'2019-12-09',698,973);
INSERT INTO meds_for_surgery (surgery_id,med) VALUES (972,'Stavudine');
INSERT INTO surgery (id,date,patient_id,doctor_id) VALUES (973,'2019-12-15',553,652);
INSERT INTO meds_for_surgery (surgery_id,med) VALUES (973,'Stavudine');
INSERT INTO surgery (id,date,patient_id,doctor_id) VALUES (974,'2019-11-27',474,331);
INSERT INTO meds_for_surgery (surgery_id,med) VALUES (974,'Gemcitabine');
INSERT INTO surgery (id,date,patient_id,doctor_id) VALUES (975,'2019-12-15',13,280);
INSERT INTO meds_for_surgery (surgery_id,med) VALUES (975,'Asparaginase');
INSERT INTO surgery (id,date,patient_id,doctor_id) VALUES (976,'2019-12-02',310,319);
INSERT INTO meds_for_surgery (surgery_id,med) VALUES (976,'GM-CSF');
INSERT INTO surgery (id,date,patient_id,doctor_id) VALUES (977,'2019-12-24',147,437);
INSERT INTO meds_for_surgery (surgery_id,med) VALUES (977,'Ranitidine');
INSERT INTO surgery (id,date,patient_id,doctor_id) VALUES (978,'2019-11-28',898,15);
INSERT INTO meds_for_surgery (surgery_id,med) VALUES (978,'Hydrocortisone');
INSERT INTO surgery (id,date,patient_id,doctor_id) VALUES (979,'2019-12-18',917,491);
INSERT INTO meds_for_surgery (surgery_id,med) VALUES (979,'Omeprazole');
INSERT INTO surgery (id,date,patient_id,doctor_id) VALUES (980,'2019-11-29',664,15);
INSERT INTO meds_for_surgery (surgery_id,med) VALUES (980,'Dopamine');
INSERT INTO surgery (id,date,patient_id,doctor_id) VALUES (981,'2019-12-08',972,341);
INSERT INTO meds_for_surgery (surgery_id,med) VALUES (981,'Bosentan');
INSERT INTO surgery (id,date,patient_id,doctor_id) VALUES (982,'2019-12-09',334,331);
INSERT INTO meds_for_surgery (surgery_id,med) VALUES (982,'Methylphenidate');
INSERT INTO surgery (id,date,patient_id,doctor_id) VALUES (983,'2019-12-12',952,565);
INSERT INTO meds_for_surgery (surgery_id,med) VALUES (983,'Posaconazole');
INSERT INTO surgery (id,date,patient_id,doctor_id) VALUES (984,'2019-12-22',605,15);
INSERT INTO meds_for_surgery (surgery_id,med) VALUES (984,'Didanosine');
INSERT INTO surgery (id,date,patient_id,doctor_id) VALUES (985,'2019-11-29',665,702);
INSERT INTO meds_for_surgery (surgery_id,med) VALUES (985,'Bortezomib');
INSERT INTO surgery (id,date,patient_id,doctor_id) VALUES (986,'2019-11-30',665,925);
INSERT INTO meds_for_surgery (surgery_id,med) VALUES (986,'Irinotecan');
INSERT INTO surgery (id,date,patient_id,doctor_id) VALUES (987,'2019-12-01',98,437);
INSERT INTO meds_for_surgery (surgery_id,med) VALUES (987,'PEGaspargase');
INSERT INTO surgery (id,date,patient_id,doctor_id) VALUES (988,'2019-12-23',773,836);
INSERT INTO meds_for_surgery (surgery_id,med) VALUES (988,'Carbamazepine');
INSERT INTO surgery (id,date,patient_id,doctor_id) VALUES (989,'2019-12-23',690,554);
INSERT INTO meds_for_surgery (surgery_id,med) VALUES (989,'PEGaspargase');
INSERT INTO surgery (id,date,patient_id,doctor_id) VALUES (990,'2019-11-22',735,693);
INSERT INTO meds_for_surgery (surgery_id,med) VALUES (990,'Atazanavir');
INSERT INTO surgery (id,date,patient_id,doctor_id) VALUES (991,'2019-12-18',190,62);
INSERT INTO meds_for_surgery (surgery_id,med) VALUES (991,'Foscarnet');
INSERT INTO surgery (id,date,patient_id,doctor_id) VALUES (992,'2019-11-27',739,164);
INSERT INTO meds_for_surgery (surgery_id,med) VALUES (992,'Methylphenidate');
INSERT INTO surgery (id,date,patient_id,doctor_id) VALUES (993,'2019-12-11',454,491);
INSERT INTO meds_for_surgery (surgery_id,med) VALUES (993,'Zidovudine');
INSERT INTO surgery (id,date,patient_id,doctor_id) VALUES (994,'2019-12-20',608,992);
INSERT INTO meds_for_surgery (surgery_id,med) VALUES (994,'Penicillin');
INSERT INTO surgery (id,date,patient_id,doctor_id) VALUES (995,'2019-12-04',917,738);
INSERT INTO meds_for_surgery (surgery_id,med) VALUES (995,'Modafinil');
INSERT INTO surgery (id,date,patient_id,doctor_id) VALUES (996,'2019-11-23',892,973);
INSERT INTO meds_for_surgery (surgery_id,med) VALUES (996,'L-glutamine');
INSERT INTO surgery (id,date,patient_id,doctor_id) VALUES (997,'2019-12-24',334,15);
INSERT INTO meds_for_surgery (surgery_id,med) VALUES (997,'Methadone');
INSERT INTO surgery (id,date,patient_id,doctor_id) VALUES (998,'2019-12-18',514,363);
INSERT INTO meds_for_surgery (surgery_id,med) VALUES (998,'Vinblastine');
INSERT INTO surgery (id,date,patient_id,doctor_id) VALUES (999,'2019-12-01',767,62);
INSERT INTO meds_for_surgery (surgery_id,med) VALUES (999,'Vincristine');
INSERT INTO surgery (id,date,patient_id,doctor_id) VALUES (1000,'2019-11-20',605,375);
INSERT INTO meds_for_surgery (surgery_id,med) VALUES (1000,'Dornase alfa');
INSERT INTO surgery (id,date,patient_id,doctor_id) VALUES (1001,'2019-12-08',300,389);
INSERT INTO meds_for_surgery (surgery_id,med) VALUES (1001,'Propoxyphene');
INSERT INTO surgery (id,date,patient_id,doctor_id) VALUES (1002,'2019-11-23',695,341);
INSERT INTO meds_for_surgery (surgery_id,med) VALUES (1002,'Amoxicillin');
INSERT INTO surgery (id,date,patient_id,doctor_id) VALUES (1003,'2019-12-06',144,769);
INSERT INTO meds_for_surgery (surgery_id,med) VALUES (1003,'Diclofenac');
INSERT INTO surgery (id,date,patient_id,doctor_id) VALUES (1004,'2019-12-17',98,341);
INSERT INTO meds_for_surgery (surgery_id,med) VALUES (1004,'Rilpivirine');
INSERT INTO surgery (id,date,patient_id,doctor_id) VALUES (1005,'2019-12-04',328,738);
INSERT INTO meds_for_surgery (surgery_id,med) VALUES (1005,'Pegfilgrastim');
INSERT INTO surgery (id,date,patient_id,doctor_id) VALUES (1006,'2019-12-11',326,851);
INSERT INTO meds_for_surgery (surgery_id,med) VALUES (1006,'Levothyroxine');
INSERT INTO surgery (id,date,patient_id,doctor_id) VALUES (1007,'2019-11-23',215,101);
INSERT INTO meds_for_surgery (surgery_id,med) VALUES (1007,'Stavudine');
INSERT INTO surgery (id,date,patient_id,doctor_id) VALUES (1008,'2019-12-16',300,228);
INSERT INTO meds_for_surgery (surgery_id,med) VALUES (1008,'Saquinavir');
INSERT INTO surgery (id,date,patient_id,doctor_id) VALUES (1009,'2019-11-20',605,382);
INSERT INTO meds_for_surgery (surgery_id,med) VALUES (1009,'Temozolomide');
INSERT INTO surgery (id,date,patient_id,doctor_id) VALUES (1010,'2019-11-30',359,512);
INSERT INTO meds_for_surgery (surgery_id,med) VALUES (1010,'Amikacin');
INSERT INTO surgery (id,date,patient_id,doctor_id) VALUES (1011,'2019-12-01',300,512);
INSERT INTO meds_for_surgery (surgery_id,med) VALUES (1011,'Erythromycin');
INSERT INTO surgery (id,date,patient_id,doctor_id) VALUES (1012,'2019-12-14',300,699);
INSERT INTO meds_for_surgery (surgery_id,med) VALUES (1012,'Mercaptopurine');
INSERT INTO surgery (id,date,patient_id,doctor_id) VALUES (1013,'2019-12-06',314,126);
INSERT INTO meds_for_surgery (surgery_id,med) VALUES (1013,'Heparin');
INSERT INTO surgery (id,date,patient_id,doctor_id) VALUES (1014,'2019-12-24',917,614);
INSERT INTO meds_for_surgery (surgery_id,med) VALUES (1014,'Labetalol');
INSERT INTO surgery (id,date,patient_id,doctor_id) VALUES (1015,'2019-12-13',570,495);
INSERT INTO meds_for_surgery (surgery_id,med) VALUES (1015,'Codeine');
INSERT INTO surgery (id,date,patient_id,doctor_id) VALUES (1016,'2019-12-18',39,414);
INSERT INTO meds_for_surgery (surgery_id,med) VALUES (1016,'Phenytoin');
INSERT INTO surgery (id,date,patient_id,doctor_id) VALUES (1017,'2019-12-17',840,390);
INSERT INTO meds_for_surgery (surgery_id,med) VALUES (1017,'Neuromuscular');
INSERT INTO surgery (id,date,patient_id,doctor_id) VALUES (1018,'2019-12-18',174,417);
INSERT INTO meds_for_surgery (surgery_id,med) VALUES (1018,'Dapsone');
INSERT INTO surgery (id,date,patient_id,doctor_id) VALUES (1019,'2019-11-22',249,936);
INSERT INTO meds_for_surgery (surgery_id,med) VALUES (1019,'Nelarabine');
INSERT INTO surgery (id,date,patient_id,doctor_id) VALUES (1020,'2019-12-03',213,517);
INSERT INTO meds_for_surgery (surgery_id,med) VALUES (1020,'Amikacin');
INSERT INTO surgery (id,date,patient_id,doctor_id) VALUES (1021,'2019-12-14',815,544);
INSERT INTO meds_for_surgery (surgery_id,med) VALUES (1021,'Vincristine');
INSERT INTO surgery (id,date,patient_id,doctor_id) VALUES (1022,'2019-12-18',19,464);
INSERT INTO meds_for_surgery (surgery_id,med) VALUES (1022,'Morphine');
INSERT INTO surgery (id,date,patient_id,doctor_id) VALUES (1023,'2019-11-26',299,295);
INSERT INTO meds_for_surgery (surgery_id,med) VALUES (1023,'Etravirine');
INSERT INTO surgery (id,date,patient_id,doctor_id) VALUES (1024,'2019-12-06',76,464);
INSERT INTO meds_for_surgery (surgery_id,med) VALUES (1024,'Cyclosporine');
INSERT INTO surgery (id,date,patient_id,doctor_id) VALUES (1025,'2019-12-13',373,15);
INSERT INTO meds_for_surgery (surgery_id,med) VALUES (1025,'Mercaptopurine');
INSERT INTO surgery (id,date,patient_id,doctor_id) VALUES (1026,'2019-12-04',455,3);
INSERT INTO meds_for_surgery (surgery_id,med) VALUES (1026,'Dapsone');
INSERT INTO surgery (id,date,patient_id,doctor_id) VALUES (1027,'2019-12-17',159,341);
INSERT INTO meds_for_surgery (surgery_id,med) VALUES (1027,'Erythromycin');
INSERT INTO surgery (id,date,patient_id,doctor_id) VALUES (1028,'2019-12-14',663,680);
INSERT INTO meds_for_surgery (surgery_id,med) VALUES (1028,'Neuromuscular');
INSERT INTO surgery (id,date,patient_id,doctor_id) VALUES (1029,'2019-11-20',605,694);
INSERT INTO meds_for_surgery (surgery_id,med) VALUES (1029,'Efavirenz');
INSERT INTO surgery (id,date,patient_id,doctor_id) VALUES (1030,'2019-12-06',514,662);
INSERT INTO meds_for_surgery (surgery_id,med) VALUES (1030,'Interleukin');
INSERT INTO surgery (id,date,patient_id,doctor_id) VALUES (1031,'2019-12-01',443,8);
INSERT INTO meds_for_surgery (surgery_id,med) VALUES (1031,'Dopamine');
INSERT INTO surgery (id,date,patient_id,doctor_id) VALUES (1032,'2019-12-01',478,881);
INSERT INTO meds_for_surgery (surgery_id,med) VALUES (1032,'Valproic acid');
INSERT INTO surgery (id,date,patient_id,doctor_id) VALUES (1033,'2019-12-22',206,498);
INSERT INTO meds_for_surgery (surgery_id,med) VALUES (1033,'Cephalexin');
INSERT INTO surgery (id,date,patient_id,doctor_id) VALUES (1034,'2019-11-25',310,964);
INSERT INTO meds_for_surgery (surgery_id,med) VALUES (1034,'Phosphorus');
INSERT INTO surgery (id,date,patient_id,doctor_id) VALUES (1035,'2019-11-23',392,351);
INSERT INTO meds_for_surgery (surgery_id,med) VALUES (1035,'Bosentan');
INSERT INTO surgery (id,date,patient_id,doctor_id) VALUES (1036,'2019-12-04',133,259);
INSERT INTO meds_for_surgery (surgery_id,med) VALUES (1036,'Abacavir');
INSERT INTO surgery (id,date,patient_id,doctor_id) VALUES (1037,'2019-11-24',687,301);
INSERT INTO meds_for_surgery (surgery_id,med) VALUES (1037,'Didanosine');
INSERT INTO surgery (id,date,patient_id,doctor_id) VALUES (1038,'2019-12-03',44,875);
INSERT INTO meds_for_surgery (surgery_id,med) VALUES (1038,'Phenytoin');
INSERT INTO surgery (id,date,patient_id,doctor_id) VALUES (1039,'2019-12-22',587,554);
INSERT INTO meds_for_surgery (surgery_id,med) VALUES (1039,'Gefitinib');
INSERT INTO surgery (id,date,patient_id,doctor_id) VALUES (1040,'2019-12-14',146,1000);
INSERT INTO meds_for_surgery (surgery_id,med) VALUES (1040,'Gefitinib');
INSERT INTO surgery (id,date,patient_id,doctor_id) VALUES (1041,'2019-12-11',159,508);
INSERT INTO meds_for_surgery (surgery_id,med) VALUES (1041,'Immune');
INSERT INTO surgery (id,date,patient_id,doctor_id) VALUES (1042,'2019-12-01',676,170);
INSERT INTO meds_for_surgery (surgery_id,med) VALUES (1042,'Lamivudine');
INSERT INTO surgery (id,date,patient_id,doctor_id) VALUES (1043,'2019-12-10',685,295);
INSERT INTO meds_for_surgery (surgery_id,med) VALUES (1043,'Cyclophosphamide');
INSERT INTO surgery (id,date,patient_id,doctor_id) VALUES (1044,'2019-11-30',322,875);
INSERT INTO meds_for_surgery (surgery_id,med) VALUES (1044,'Meropenem');
INSERT INTO surgery (id,date,patient_id,doctor_id) VALUES (1045,'2019-12-04',505,417);
INSERT INTO meds_for_surgery (surgery_id,med) VALUES (1045,'Trimethoprim');
INSERT INTO surgery (id,date,patient_id,doctor_id) VALUES (1046,'2019-12-03',869,62);
INSERT INTO meds_for_surgery (surgery_id,med) VALUES (1046,'Tacrolimus');
INSERT INTO surgery (id,date,patient_id,doctor_id) VALUES (1047,'2019-11-22',311,988);
INSERT INTO meds_for_surgery (surgery_id,med) VALUES (1047,'Levothyroxine');
INSERT INTO surgery (id,date,patient_id,doctor_id) VALUES (1048,'2019-12-18',240,680);
INSERT INTO meds_for_surgery (surgery_id,med) VALUES (1048,'Irinotecan');
INSERT INTO surgery (id,date,patient_id,doctor_id) VALUES (1049,'2019-11-28',664,576);
INSERT INTO meds_for_surgery (surgery_id,med) VALUES (1049,'Clobazam');
INSERT INTO surgery (id,date,patient_id,doctor_id) VALUES (1050,'2019-12-11',655,207);
INSERT INTO meds_for_surgery (surgery_id,med) VALUES (1050,'Sunitinib');
INSERT INTO surgery (id,date,patient_id,doctor_id) VALUES (1051,'2019-11-20',443,621);
INSERT INTO meds_for_surgery (surgery_id,med) VALUES (1051,'Captopril');
INSERT INTO surgery (id,date,patient_id,doctor_id) VALUES (1052,'2019-12-22',929,382);
INSERT INTO meds_for_surgery (surgery_id,med) VALUES (1052,'Voriconazole');
INSERT INTO surgery (id,date,patient_id,doctor_id) VALUES (1053,'2019-12-08',927,702);
INSERT INTO meds_for_surgery (surgery_id,med) VALUES (1053,'Vincristine');
INSERT INTO surgery (id,date,patient_id,doctor_id) VALUES (1054,'2019-12-08',118,222);
INSERT INTO meds_for_surgery (surgery_id,med) VALUES (1054,'Methotrexate');
INSERT INTO surgery (id,date,patient_id,doctor_id) VALUES (1055,'2019-12-04',840,702);
INSERT INTO meds_for_surgery (surgery_id,med) VALUES (1055,'Abacavir');
INSERT INTO surgery (id,date,patient_id,doctor_id) VALUES (1056,'2019-12-16',655,232);
INSERT INTO meds_for_surgery (surgery_id,med) VALUES (1056,'Maraviroc');
INSERT INTO surgery (id,date,patient_id,doctor_id) VALUES (1057,'2019-11-22',661,702);
INSERT INTO meds_for_surgery (surgery_id,med) VALUES (1057,'Promethazine');
INSERT INTO surgery (id,date,patient_id,doctor_id) VALUES (1058,'2019-12-14',647,694);
INSERT INTO meds_for_surgery (surgery_id,med) VALUES (1058,'Cyproheptadine');
INSERT INTO surgery (id,date,patient_id,doctor_id) VALUES (1059,'2019-11-28',735,224);
INSERT INTO meds_for_surgery (surgery_id,med) VALUES (1059,'Amlodipine');
INSERT INTO surgery (id,date,patient_id,doctor_id) VALUES (1060,'2019-12-14',328,259);
INSERT INTO meds_for_surgery (surgery_id,med) VALUES (1060,'Mycophenolate');
INSERT INTO surgery (id,date,patient_id,doctor_id) VALUES (1061,'2019-12-01',13,305);
INSERT INTO meds_for_surgery (surgery_id,med) VALUES (1061,'Hydromorphone');
INSERT INTO surgery (id,date,patient_id,doctor_id) VALUES (1062,'2019-11-25',237,787);
INSERT INTO meds_for_surgery (surgery_id,med) VALUES (1062,'Dobutamine');
INSERT INTO surgery (id,date,patient_id,doctor_id) VALUES (1063,'2019-12-07',424,301);
INSERT INTO meds_for_surgery (surgery_id,med) VALUES (1063,'Tacrolimus');
INSERT INTO surgery (id,date,patient_id,doctor_id) VALUES (1064,'2019-11-21',206,284);
INSERT INTO meds_for_surgery (surgery_id,med) VALUES (1064,'Aminocaproic Acid');
INSERT INTO surgery (id,date,patient_id,doctor_id) VALUES (1065,'2019-11-24',584,683);
INSERT INTO meds_for_surgery (surgery_id,med) VALUES (1065,'Labetalol');
INSERT INTO surgery (id,date,patient_id,doctor_id) VALUES (1066,'2019-11-27',859,448);
INSERT INTO meds_for_surgery (surgery_id,med) VALUES (1066,'G-CSF');
INSERT INTO surgery (id,date,patient_id,doctor_id) VALUES (1067,'2019-12-24',823,259);
INSERT INTO meds_for_surgery (surgery_id,med) VALUES (1067,'Amlodipine');
INSERT INTO surgery (id,date,patient_id,doctor_id) VALUES (1068,'2019-12-22',175,399);
INSERT INTO meds_for_surgery (surgery_id,med) VALUES (1068,'Bleomycin');
INSERT INTO surgery (id,date,patient_id,doctor_id) VALUES (1069,'2019-12-12',760,338);
INSERT INTO meds_for_surgery (surgery_id,med) VALUES (1069,'Gemcitabine');
INSERT INTO surgery (id,date,patient_id,doctor_id) VALUES (1070,'2019-12-10',139,301);
INSERT INTO meds_for_surgery (surgery_id,med) VALUES (1070,'Isotretinoin');
INSERT INTO surgery (id,date,patient_id,doctor_id) VALUES (1071,'2019-12-12',567,782);
INSERT INTO meds_for_surgery (surgery_id,med) VALUES (1071,'Meropenem');
INSERT INTO surgery (id,date,patient_id,doctor_id) VALUES (1072,'2019-12-01',743,851);
INSERT INTO meds_for_surgery (surgery_id,med) VALUES (1072,'Mercaptopurine');
INSERT INTO surgery (id,date,patient_id,doctor_id) VALUES (1073,'2019-11-24',871,319);
INSERT INTO meds_for_surgery (surgery_id,med) VALUES (1073,'Cefixime');
INSERT INTO surgery (id,date,patient_id,doctor_id) VALUES (1074,'2019-12-20',130,542);
INSERT INTO meds_for_surgery (surgery_id,med) VALUES (1074,'Atovaquone');
INSERT INTO surgery (id,date,patient_id,doctor_id) VALUES (1075,'2019-12-23',469,319);
INSERT INTO meds_for_surgery (surgery_id,med) VALUES (1075,'Phosphorus');
INSERT INTO surgery (id,date,patient_id,doctor_id) VALUES (1076,'2019-11-25',754,126);
INSERT INTO meds_for_surgery (surgery_id,med) VALUES (1076,'Etravirine');
INSERT INTO surgery (id,date,patient_id,doctor_id) VALUES (1077,'2019-12-10',664,351);
INSERT INTO meds_for_surgery (surgery_id,med) VALUES (1077,'Mercaptopurine');
INSERT INTO surgery (id,date,patient_id,doctor_id) VALUES (1078,'2019-12-03',661,128);
INSERT INTO meds_for_surgery (surgery_id,med) VALUES (1078,'Isotretinoin');
INSERT INTO surgery (id,date,patient_id,doctor_id) VALUES (1079,'2019-12-17',322,66);
INSERT INTO meds_for_surgery (surgery_id,med) VALUES (1079,'Doxorubicin');
INSERT INTO surgery (id,date,patient_id,doctor_id) VALUES (1080,'2019-11-23',373,292);
INSERT INTO meds_for_surgery (surgery_id,med) VALUES (1080,'Crizotinib');
INSERT INTO surgery (id,date,patient_id,doctor_id) VALUES (1081,'2019-11-26',49,259);
INSERT INTO meds_for_surgery (surgery_id,med) VALUES (1081,'Efavirenz');
INSERT INTO surgery (id,date,patient_id,doctor_id) VALUES (1082,'2019-12-09',146,232);
INSERT INTO meds_for_surgery (surgery_id,med) VALUES (1082,'Valproic acid');
INSERT INTO surgery (id,date,patient_id,doctor_id) VALUES (1083,'2019-12-07',94,973);
INSERT INTO meds_for_surgery (surgery_id,med) VALUES (1083,'Hydroxyurea');
INSERT INTO surgery (id,date,patient_id,doctor_id) VALUES (1084,'2019-11-28',262,544);
INSERT INTO meds_for_surgery (surgery_id,med) VALUES (1084,'Thioguanine');
INSERT INTO surgery (id,date,patient_id,doctor_id) VALUES (1085,'2019-12-18',647,621);
INSERT INTO meds_for_surgery (surgery_id,med) VALUES (1085,'Immune');
INSERT INTO surgery (id,date,patient_id,doctor_id) VALUES (1086,'2019-12-18',184,440);
INSERT INTO meds_for_surgery (surgery_id,med) VALUES (1086,'Irinotecan');
INSERT INTO surgery (id,date,patient_id,doctor_id) VALUES (1087,'2019-12-03',169,504);
INSERT INTO meds_for_surgery (surgery_id,med) VALUES (1087,'Rituximab');
INSERT INTO surgery (id,date,patient_id,doctor_id) VALUES (1088,'2019-12-01',44,693);
INSERT INTO meds_for_surgery (surgery_id,med) VALUES (1088,'Propoxyphene');
INSERT INTO surgery (id,date,patient_id,doctor_id) VALUES (1089,'2019-12-13',424,224);
INSERT INTO meds_for_surgery (surgery_id,med) VALUES (1089,'Modafinil');
INSERT INTO surgery (id,date,patient_id,doctor_id) VALUES (1090,'2019-12-17',941,625);
INSERT INTO meds_for_surgery (surgery_id,med) VALUES (1090,'Captopril');
INSERT INTO surgery (id,date,patient_id,doctor_id) VALUES (1091,'2019-12-12',627,440);
INSERT INTO meds_for_surgery (surgery_id,med) VALUES (1091,'Etonogestrel');
INSERT INTO surgery (id,date,patient_id,doctor_id) VALUES (1092,'2019-11-27',103,387);
INSERT INTO meds_for_surgery (surgery_id,med) VALUES (1092,'Eltrombopag');
INSERT INTO surgery (id,date,patient_id,doctor_id) VALUES (1093,'2019-12-15',262,181);
INSERT INTO meds_for_surgery (surgery_id,med) VALUES (1093,'Carboplatin');
INSERT INTO surgery (id,date,patient_id,doctor_id) VALUES (1094,'2019-11-29',214,504);
INSERT INTO meds_for_surgery (surgery_id,med) VALUES (1094,'Cytarabine');
INSERT INTO surgery (id,date,patient_id,doctor_id) VALUES (1095,'2019-12-06',767,284);
INSERT INTO meds_for_surgery (surgery_id,med) VALUES (1095,'Gefitinib');
INSERT INTO surgery (id,date,patient_id,doctor_id) VALUES (1096,'2019-11-27',343,578);
INSERT INTO meds_for_surgery (surgery_id,med) VALUES (1096,'Atovaquone');
INSERT INTO surgery (id,date,patient_id,doctor_id) VALUES (1097,'2019-11-30',735,1000);
INSERT INTO meds_for_surgery (surgery_id,med) VALUES (1097,'Dornase alfa');
INSERT INTO surgery (id,date,patient_id,doctor_id) VALUES (1098,'2019-11-24',391,599);
INSERT INTO meds_for_surgery (surgery_id,med) VALUES (1098,'Fluorouracil');
INSERT INTO surgery (id,date,patient_id,doctor_id) VALUES (1099,'2019-12-16',454,222);
INSERT INTO meds_for_surgery (surgery_id,med) VALUES (1099,'Cladribine');
INSERT INTO surgery (id,date,patient_id,doctor_id) VALUES (1100,'2019-12-12',469,181);
INSERT INTO meds_for_surgery (surgery_id,med) VALUES (1100,'Magnesium');
INSERT INTO surgery (id,date,patient_id,doctor_id) VALUES (1101,'2019-12-14',810,471);
INSERT INTO meds_for_surgery (surgery_id,med) VALUES (1101,'Clarithromycin');
INSERT INTO surgery (id,date,patient_id,doctor_id) VALUES (1102,'2019-11-26',481,351);
INSERT INTO meds_for_surgery (surgery_id,med) VALUES (1102,'Hydralazine');
INSERT INTO surgery (id,date,patient_id,doctor_id) VALUES (1103,'2019-11-30',476,301);
INSERT INTO meds_for_surgery (surgery_id,med) VALUES (1103,'Pegfilgrastim');
INSERT INTO surgery (id,date,patient_id,doctor_id) VALUES (1104,'2019-12-06',314,12);
INSERT INTO meds_for_surgery (surgery_id,med) VALUES (1104,'Vancomycin');
INSERT INTO surgery (id,date,patient_id,doctor_id) VALUES (1105,'2019-11-29',169,207);
INSERT INTO meds_for_surgery (surgery_id,med) VALUES (1105,'Valproic acid');
INSERT INTO surgery (id,date,patient_id,doctor_id) VALUES (1106,'2019-11-23',130,224);
INSERT INTO meds_for_surgery (surgery_id,med) VALUES (1106,'Atovaquone');
INSERT INTO surgery (id,date,patient_id,doctor_id) VALUES (1107,'2019-11-24',608,545);
INSERT INTO meds_for_surgery (surgery_id,med) VALUES (1107,'Enalapril');
INSERT INTO surgery (id,date,patient_id,doctor_id) VALUES (1108,'2019-11-27',60,875);
INSERT INTO meds_for_surgery (surgery_id,med) VALUES (1108,'Maraviroc');
INSERT INTO surgery (id,date,patient_id,doctor_id) VALUES (1109,'2019-12-24',262,540);
INSERT INTO meds_for_surgery (surgery_id,med) VALUES (1109,'Ganciclovir');
INSERT INTO surgery (id,date,patient_id,doctor_id) VALUES (1110,'2019-11-23',237,313);
INSERT INTO meds_for_surgery (surgery_id,med) VALUES (1110,'Dopamine');
INSERT INTO surgery (id,date,patient_id,doctor_id) VALUES (1111,'2019-12-03',514,100);
INSERT INTO meds_for_surgery (surgery_id,med) VALUES (1111,'L-glutamine');
INSERT INTO surgery (id,date,patient_id,doctor_id) VALUES (1112,'2019-12-08',262,966);
INSERT INTO meds_for_surgery (surgery_id,med) VALUES (1112,'Baclofen');
INSERT INTO surgery (id,date,patient_id,doctor_id) VALUES (1113,'2019-12-04',840,363);
INSERT INTO meds_for_surgery (surgery_id,med) VALUES (1113,'Melphalan');
INSERT INTO surgery (id,date,patient_id,doctor_id) VALUES (1114,'2019-11-22',311,625);
INSERT INTO meds_for_surgery (surgery_id,med) VALUES (1114,'Allopurinol');
INSERT INTO surgery (id,date,patient_id,doctor_id) VALUES (1115,'2019-12-07',75,683);
INSERT INTO meds_for_surgery (surgery_id,med) VALUES (1115,'Cisplatin');
INSERT INTO surgery (id,date,patient_id,doctor_id) VALUES (1116,'2019-11-24',220,385);
INSERT INTO meds_for_surgery (surgery_id,med) VALUES (1116,'Carbamazepine');
INSERT INTO surgery (id,date,patient_id,doctor_id) VALUES (1117,'2019-12-01',634,371);
INSERT INTO meds_for_surgery (surgery_id,med) VALUES (1117,'Isotretinoin');
INSERT INTO surgery (id,date,patient_id,doctor_id) VALUES (1118,'2019-12-19',144,517);
INSERT INTO meds_for_surgery (surgery_id,med) VALUES (1118,'Rivaroxaban');
INSERT INTO surgery (id,date,patient_id,doctor_id) VALUES (1119,'2019-12-01',98,356);
INSERT INTO meds_for_surgery (surgery_id,med) VALUES (1119,'Ceftazidime');
INSERT INTO surgery (id,date,patient_id,doctor_id) VALUES (1120,'2019-11-28',190,451);
INSERT INTO meds_for_surgery (surgery_id,med) VALUES (1120,'Rasburicase');
INSERT INTO surgery (id,date,patient_id,doctor_id) VALUES (1121,'2019-11-21',173,632);
INSERT INTO meds_for_surgery (surgery_id,med) VALUES (1121,'Saquinavir');
INSERT INTO surgery (id,date,patient_id,doctor_id) VALUES (1122,'2019-12-18',747,351);
INSERT INTO meds_for_surgery (surgery_id,med) VALUES (1122,'Dronabinol');
INSERT INTO surgery (id,date,patient_id,doctor_id) VALUES (1123,'2019-12-08',605,284);
INSERT INTO meds_for_surgery (surgery_id,med) VALUES (1123,'Hydroxyurea');
INSERT INTO surgery (id,date,patient_id,doctor_id) VALUES (1124,'2019-12-11',650,504);
INSERT INTO meds_for_surgery (surgery_id,med) VALUES (1124,'Isotretinoin');
INSERT INTO surgery (id,date,patient_id,doctor_id) VALUES (1125,'2019-12-15',159,699);
INSERT INTO meds_for_surgery (surgery_id,med) VALUES (1125,'Isotretinoin');
INSERT INTO surgery (id,date,patient_id,doctor_id) VALUES (1126,'2019-11-22',112,915);
INSERT INTO meds_for_surgery (surgery_id,med) VALUES (1126,'Clobazam');
INSERT INTO surgery (id,date,patient_id,doctor_id) VALUES (1127,'2019-11-20',44,745);
INSERT INTO meds_for_surgery (surgery_id,med) VALUES (1127,'Mercaptopurine');
INSERT INTO surgery (id,date,patient_id,doctor_id) VALUES (1128,'2019-12-05',589,614);
INSERT INTO meds_for_surgery (surgery_id,med) VALUES (1128,'Tobramycin');
INSERT INTO surgery (id,date,patient_id,doctor_id) VALUES (1129,'2019-12-24',460,353);
INSERT INTO meds_for_surgery (surgery_id,med) VALUES (1129,'Meperidine');
INSERT INTO surgery (id,date,patient_id,doctor_id) VALUES (1130,'2019-12-15',159,935);
INSERT INTO meds_for_surgery (surgery_id,med) VALUES (1130,'Lamivudine');
INSERT INTO surgery (id,date,patient_id,doctor_id) VALUES (1131,'2019-12-03',252,504);
INSERT INTO meds_for_surgery (surgery_id,med) VALUES (1131,'Phenytoin');
INSERT INTO surgery (id,date,patient_id,doctor_id) VALUES (1132,'2019-11-25',666,783);
INSERT INTO meds_for_surgery (surgery_id,med) VALUES (1132,'Carboplatin');
INSERT INTO surgery (id,date,patient_id,doctor_id) VALUES (1133,'2019-12-20',989,625);
INSERT INTO meds_for_surgery (surgery_id,med) VALUES (1133,'Pegfilgrastim');
INSERT INTO surgery (id,date,patient_id,doctor_id) VALUES (1134,'2019-12-03',320,301);
INSERT INTO meds_for_surgery (surgery_id,med) VALUES (1134,'Warfarin');
INSERT INTO surgery (id,date,patient_id,doctor_id) VALUES (1135,'2019-12-19',589,991);
INSERT INTO meds_for_surgery (surgery_id,med) VALUES (1135,'Baclofen');
INSERT INTO surgery (id,date,patient_id,doctor_id) VALUES (1136,'2019-12-20',643,614);
INSERT INTO meds_for_surgery (surgery_id,med) VALUES (1136,'Rituximab');
INSERT INTO surgery (id,date,patient_id,doctor_id) VALUES (1137,'2019-11-23',369,512);
INSERT INTO meds_for_surgery (surgery_id,med) VALUES (1137,'Penicillin');
INSERT INTO surgery (id,date,patient_id,doctor_id) VALUES (1138,'2019-11-23',481,565);
INSERT INTO meds_for_surgery (surgery_id,med) VALUES (1138,'Bosentan');
INSERT INTO surgery (id,date,patient_id,doctor_id) VALUES (1139,'2019-12-03',270,680);
INSERT INTO meds_for_surgery (surgery_id,med) VALUES (1139,'Phosphorus');
INSERT INTO surgery (id,date,patient_id,doctor_id) VALUES (1140,'2019-12-06',39,699);
INSERT INTO meds_for_surgery (surgery_id,med) VALUES (1140,'Hydroxyurea');
INSERT INTO surgery (id,date,patient_id,doctor_id) VALUES (1141,'2019-11-20',169,222);
INSERT INTO meds_for_surgery (surgery_id,med) VALUES (1141,'Megestrol acetate');
INSERT INTO surgery (id,date,patient_id,doctor_id) VALUES (1142,'2019-12-12',89,930);
INSERT INTO meds_for_surgery (surgery_id,med) VALUES (1142,'Mitoxantrone');
INSERT INTO surgery (id,date,patient_id,doctor_id) VALUES (1143,'2019-12-08',446,331);
INSERT INTO meds_for_surgery (surgery_id,med) VALUES (1143,'Sorafenib');
INSERT INTO surgery (id,date,patient_id,doctor_id) VALUES (1144,'2019-12-08',357,930);
INSERT INTO meds_for_surgery (surgery_id,med) VALUES (1144,'Immune');
INSERT INTO surgery (id,date,patient_id,doctor_id) VALUES (1145,'2019-12-15',217,491);
INSERT INTO meds_for_surgery (surgery_id,med) VALUES (1145,'Ranitidine');
INSERT INTO surgery (id,date,patient_id,doctor_id) VALUES (1146,'2019-12-07',172,363);
INSERT INTO meds_for_surgery (surgery_id,med) VALUES (1146,'Gabapentin');
INSERT INTO surgery (id,date,patient_id,doctor_id) VALUES (1147,'2019-12-20',859,821);
INSERT INTO meds_for_surgery (surgery_id,med) VALUES (1147,'Dactinomycin');
INSERT INTO surgery (id,date,patient_id,doctor_id) VALUES (1148,'2019-11-22',713,135);
INSERT INTO meds_for_surgery (surgery_id,med) VALUES (1148,'Clofarabine');
INSERT INTO surgery (id,date,patient_id,doctor_id) VALUES (1149,'2019-12-08',553,578);
INSERT INTO meds_for_surgery (surgery_id,med) VALUES (1149,'Warfarin');
INSERT INTO surgery (id,date,patient_id,doctor_id) VALUES (1150,'2019-12-03',627,280);
INSERT INTO meds_for_surgery (surgery_id,med) VALUES (1150,'Hydrocortisone');
INSERT INTO surgery (id,date,patient_id,doctor_id) VALUES (1151,'2019-11-30',802,207);
INSERT INTO meds_for_surgery (surgery_id,med) VALUES (1151,'Megestrol acetate');
INSERT INTO surgery (id,date,patient_id,doctor_id) VALUES (1152,'2019-12-04',761,399);
INSERT INTO meds_for_surgery (surgery_id,med) VALUES (1152,'Temozolomide');
INSERT INTO surgery (id,date,patient_id,doctor_id) VALUES (1153,'2019-11-29',478,181);
INSERT INTO meds_for_surgery (surgery_id,med) VALUES (1153,'Ritonavir');
INSERT INTO surgery (id,date,patient_id,doctor_id) VALUES (1154,'2019-12-16',221,991);
INSERT INTO meds_for_surgery (surgery_id,med) VALUES (1154,'Cisplatin');
INSERT INTO surgery (id,date,patient_id,doctor_id) VALUES (1155,'2019-12-20',802,292);
INSERT INTO meds_for_surgery (surgery_id,med) VALUES (1155,'Nelarabine');
INSERT INTO surgery (id,date,patient_id,doctor_id) VALUES (1156,'2019-12-23',304,284);
INSERT INTO meds_for_surgery (surgery_id,med) VALUES (1156,'Neuromuscular');
INSERT INTO surgery (id,date,patient_id,doctor_id) VALUES (1157,'2019-12-14',687,413);
INSERT INTO meds_for_surgery (surgery_id,med) VALUES (1157,'Bortezomib');
INSERT INTO surgery (id,date,patient_id,doctor_id) VALUES (1158,'2019-11-28',855,988);
INSERT INTO meds_for_surgery (surgery_id,med) VALUES (1158,'Fluconazole');
INSERT INTO surgery (id,date,patient_id,doctor_id) VALUES (1159,'2019-11-20',687,126);
INSERT INTO meds_for_surgery (surgery_id,med) VALUES (1159,'Irinotecan');
INSERT INTO surgery (id,date,patient_id,doctor_id) VALUES (1160,'2019-12-24',262,554);
INSERT INTO meds_for_surgery (surgery_id,med) VALUES (1160,'Clofarabine');
INSERT INTO surgery (id,date,patient_id,doctor_id) VALUES (1161,'2019-12-21',892,399);
INSERT INTO meds_for_surgery (surgery_id,med) VALUES (1161,'Hydralazine');
INSERT INTO surgery (id,date,patient_id,doctor_id) VALUES (1162,'2019-12-20',151,228);
INSERT INTO meds_for_surgery (surgery_id,med) VALUES (1162,'Aprepitant');
INSERT INTO surgery (id,date,patient_id,doctor_id) VALUES (1163,'2019-11-26',983,448);
INSERT INTO meds_for_surgery (surgery_id,med) VALUES (1163,'Dornase alfa');
INSERT INTO surgery (id,date,patient_id,doctor_id) VALUES (1164,'2019-12-04',963,652);
INSERT INTO meds_for_surgery (surgery_id,med) VALUES (1164,'Nelfinavir');
INSERT INTO surgery (id,date,patient_id,doctor_id) VALUES (1165,'2019-12-10',221,578);
INSERT INTO meds_for_surgery (surgery_id,med) VALUES (1165,'Cyproheptadine');
INSERT INTO surgery (id,date,patient_id,doctor_id) VALUES (1166,'2019-12-08',747,784);
INSERT INTO meds_for_surgery (surgery_id,med) VALUES (1166,'Stavudine');
INSERT INTO surgery (id,date,patient_id,doctor_id) VALUES (1167,'2019-12-12',989,305);
INSERT INTO meds_for_surgery (surgery_id,med) VALUES (1167,'Isotretinoin');
INSERT INTO surgery (id,date,patient_id,doctor_id) VALUES (1168,'2019-11-25',739,662);
INSERT INTO meds_for_surgery (surgery_id,med) VALUES (1168,'Mitoxantrone');
INSERT INTO surgery (id,date,patient_id,doctor_id) VALUES (1169,'2019-12-03',290,500);
INSERT INTO meds_for_surgery (surgery_id,med) VALUES (1169,'Fludarabine');
INSERT INTO surgery (id,date,patient_id,doctor_id) VALUES (1170,'2019-11-25',482,851);
INSERT INTO meds_for_surgery (surgery_id,med) VALUES (1170,'Mycophenolate');
INSERT INTO surgery (id,date,patient_id,doctor_id) VALUES (1171,'2019-12-16',226,770);
INSERT INTO meds_for_surgery (surgery_id,med) VALUES (1171,'Procarbazine');
INSERT INTO surgery (id,date,patient_id,doctor_id) VALUES (1172,'2019-12-20',71,683);
INSERT INTO meds_for_surgery (surgery_id,med) VALUES (1172,'Morphine');
INSERT INTO surgery (id,date,patient_id,doctor_id) VALUES (1173,'2019-12-04',810,363);
INSERT INTO meds_for_surgery (surgery_id,med) VALUES (1173,'Oxycodone');
INSERT INTO surgery (id,date,patient_id,doctor_id) VALUES (1174,'2019-12-08',201,787);
INSERT INTO meds_for_surgery (surgery_id,med) VALUES (1174,'Hydroxyurea');
INSERT INTO surgery (id,date,patient_id,doctor_id) VALUES (1175,'2019-12-02',478,295);
INSERT INTO meds_for_surgery (surgery_id,med) VALUES (1175,'Lomustine');
INSERT INTO surgery (id,date,patient_id,doctor_id) VALUES (1176,'2019-11-28',920,207);
INSERT INTO meds_for_surgery (surgery_id,med) VALUES (1176,'Hydrocortisone');
INSERT INTO surgery (id,date,patient_id,doctor_id) VALUES (1177,'2019-12-05',617,471);
INSERT INTO meds_for_surgery (surgery_id,med) VALUES (1177,'Ceftazidime');
INSERT INTO surgery (id,date,patient_id,doctor_id) VALUES (1178,'2019-12-15',885,128);
INSERT INTO meds_for_surgery (surgery_id,med) VALUES (1178,'Valproic acid');
INSERT INTO surgery (id,date,patient_id,doctor_id) VALUES (1179,'2019-12-02',446,417);
INSERT INTO meds_for_surgery (surgery_id,med) VALUES (1179,'Oxycodone');
INSERT INTO surgery (id,date,patient_id,doctor_id) VALUES (1180,'2019-12-08',130,933);
INSERT INTO meds_for_surgery (surgery_id,med) VALUES (1180,'GM-CSF');
INSERT INTO surgery (id,date,patient_id,doctor_id) VALUES (1181,'2019-11-23',296,224);
INSERT INTO meds_for_surgery (surgery_id,med) VALUES (1181,'Cyclophosphamide');
INSERT INTO surgery (id,date,patient_id,doctor_id) VALUES (1182,'2019-11-24',49,973);
INSERT INTO meds_for_surgery (surgery_id,med) VALUES (1182,'Fluconazole');
INSERT INTO surgery (id,date,patient_id,doctor_id) VALUES (1183,'2019-12-23',215,500);
INSERT INTO meds_for_surgery (surgery_id,med) VALUES (1183,'L-glutamine');
INSERT INTO surgery (id,date,patient_id,doctor_id) VALUES (1184,'2019-12-10',357,575);
INSERT INTO meds_for_surgery (surgery_id,med) VALUES (1184,'Procarbazine');
INSERT INTO surgery (id,date,patient_id,doctor_id) VALUES (1185,'2019-11-27',605,500);
INSERT INTO meds_for_surgery (surgery_id,med) VALUES (1185,'Cyclobenzaprine');
INSERT INTO surgery (id,date,patient_id,doctor_id) VALUES (1186,'2019-12-06',147,800);
INSERT INTO meds_for_surgery (surgery_id,med) VALUES (1186,'Topotecan');
INSERT INTO surgery (id,date,patient_id,doctor_id) VALUES (1187,'2019-12-22',605,599);
INSERT INTO meds_for_surgery (surgery_id,med) VALUES (1187,'Cefepime');
INSERT INTO surgery (id,date,patient_id,doctor_id) VALUES (1188,'2019-12-07',34,338);
INSERT INTO meds_for_surgery (surgery_id,med) VALUES (1188,'Promethazine');
INSERT INTO surgery (id,date,patient_id,doctor_id) VALUES (1189,'2019-12-13',334,925);
INSERT INTO meds_for_surgery (surgery_id,med) VALUES (1189,'Potassium');
INSERT INTO surgery (id,date,patient_id,doctor_id) VALUES (1190,'2019-12-11',213,745);
INSERT INTO meds_for_surgery (surgery_id,med) VALUES (1190,'Carbamazepine');
INSERT INTO surgery (id,date,patient_id,doctor_id) VALUES (1191,'2019-12-16',328,533);
INSERT INTO meds_for_surgery (surgery_id,med) VALUES (1191,'Ganciclovir');
INSERT INTO surgery (id,date,patient_id,doctor_id) VALUES (1192,'2019-12-24',643,935);
INSERT INTO meds_for_surgery (surgery_id,med) VALUES (1192,'Nevirapine');
INSERT INTO surgery (id,date,patient_id,doctor_id) VALUES (1193,'2019-11-23',290,414);
INSERT INTO meds_for_surgery (surgery_id,med) VALUES (1193,'Ritonavir');
INSERT INTO surgery (id,date,patient_id,doctor_id) VALUES (1194,'2019-12-01',300,988);
INSERT INTO meds_for_surgery (surgery_id,med) VALUES (1194,'Mitoxantrone');
INSERT INTO surgery (id,date,patient_id,doctor_id) VALUES (1195,'2019-11-20',13,783);
INSERT INTO meds_for_surgery (surgery_id,med) VALUES (1195,'Phosphorus');
INSERT INTO surgery (id,date,patient_id,doctor_id) VALUES (1196,'2019-12-22',73,746);
INSERT INTO meds_for_surgery (surgery_id,med) VALUES (1196,'Trimethoprim');
INSERT INTO surgery (id,date,patient_id,doctor_id) VALUES (1197,'2019-12-20',68,903);
INSERT INTO meds_for_surgery (surgery_id,med) VALUES (1197,'Bosentan');
INSERT INTO surgery (id,date,patient_id,doctor_id) VALUES (1198,'2019-11-30',310,491);
INSERT INTO meds_for_surgery (surgery_id,med) VALUES (1198,'Gabapentin');
INSERT INTO surgery (id,date,patient_id,doctor_id) VALUES (1199,'2019-12-03',326,620);
INSERT INTO meds_for_surgery (surgery_id,med) VALUES (1199,'Temozolomide');
INSERT INTO surgery (id,date,patient_id,doctor_id) VALUES (1200,'2019-11-24',343,614);
INSERT INTO meds_for_surgery (surgery_id,med) VALUES (1200,'Clofarabine');
INSERT INTO surgery (id,date,patient_id,doctor_id) VALUES (1201,'2019-12-11',949,414);
INSERT INTO meds_for_surgery (surgery_id,med) VALUES (1201,'Megestrol acetate');
INSERT INTO surgery (id,date,patient_id,doctor_id) VALUES (1202,'2019-11-27',296,539);
INSERT INTO meds_for_surgery (surgery_id,med) VALUES (1202,'Dactinomycin');
INSERT INTO surgery (id,date,patient_id,doctor_id) VALUES (1203,'2019-12-24',252,787);
INSERT INTO meds_for_surgery (surgery_id,med) VALUES (1203,'GM-CSF');
INSERT INTO surgery (id,date,patient_id,doctor_id) VALUES (1204,'2019-11-20',45,1000);
INSERT INTO meds_for_surgery (surgery_id,med) VALUES (1204,'Morphine');
INSERT INTO surgery (id,date,patient_id,doctor_id) VALUES (1205,'2019-12-16',146,662);
INSERT INTO meds_for_surgery (surgery_id,med) VALUES (1205,'Alendronate');
INSERT INTO surgery (id,date,patient_id,doctor_id) VALUES (1206,'2019-12-23',659,413);
INSERT INTO meds_for_surgery (surgery_id,med) VALUES (1206,'Aminocaproic Acid');
INSERT INTO surgery (id,date,patient_id,doctor_id) VALUES (1207,'2019-12-15',443,517);
INSERT INTO meds_for_surgery (surgery_id,med) VALUES (1207,'Tenofovir');
INSERT INTO surgery (id,date,patient_id,doctor_id) VALUES (1208,'2019-12-14',46,787);
INSERT INTO meds_for_surgery (surgery_id,med) VALUES (1208,'Levothyroxine');
INSERT INTO surgery (id,date,patient_id,doctor_id) VALUES (1209,'2019-11-24',392,432);
INSERT INTO meds_for_surgery (surgery_id,med) VALUES (1209,'Lomustine');
INSERT INTO surgery (id,date,patient_id,doctor_id) VALUES (1210,'2019-12-17',572,933);
INSERT INTO meds_for_surgery (surgery_id,med) VALUES (1210,'Micafungin');
INSERT INTO surgery (id,date,patient_id,doctor_id) VALUES (1211,'2019-12-13',134,305);
INSERT INTO meds_for_surgery (surgery_id,med) VALUES (1211,'Magnesium');
INSERT INTO surgery (id,date,patient_id,doctor_id) VALUES (1212,'2019-12-22',315,372);
INSERT INTO meds_for_surgery (surgery_id,med) VALUES (1212,'Nelfinavir');
INSERT INTO surgery (id,date,patient_id,doctor_id) VALUES (1213,'2019-12-03',984,988);
INSERT INTO meds_for_surgery (surgery_id,med) VALUES (1213,'Hydroxyurea');
INSERT INTO surgery (id,date,patient_id,doctor_id) VALUES (1214,'2019-11-22',299,3);
INSERT INTO meds_for_surgery (surgery_id,med) VALUES (1214,'Dinutuximab');
INSERT INTO surgery (id,date,patient_id,doctor_id) VALUES (1215,'2019-12-21',661,896);
INSERT INTO meds_for_surgery (surgery_id,med) VALUES (1215,'Clobazam');
INSERT INTO surgery (id,date,patient_id,doctor_id) VALUES (1216,'2019-12-24',641,3);
INSERT INTO meds_for_surgery (surgery_id,med) VALUES (1216,'Carboplatin');
INSERT INTO surgery (id,date,patient_id,doctor_id) VALUES (1217,'2019-12-09',34,578);
INSERT INTO meds_for_surgery (surgery_id,med) VALUES (1217,'Leucovorin');
INSERT INTO surgery (id,date,patient_id,doctor_id) VALUES (1218,'2019-12-09',310,662);
INSERT INTO meds_for_surgery (surgery_id,med) VALUES (1218,'Sucralfate');
INSERT INTO surgery (id,date,patient_id,doctor_id) VALUES (1219,'2019-12-11',916,769);
INSERT INTO meds_for_surgery (surgery_id,med) VALUES (1219,'Cyclophosphamide');
INSERT INTO surgery (id,date,patient_id,doctor_id) VALUES (1220,'2019-11-22',690,746);
INSERT INTO meds_for_surgery (surgery_id,med) VALUES (1220,'Dactinomycin');
INSERT INTO surgery (id,date,patient_id,doctor_id) VALUES (1221,'2019-11-27',469,702);
INSERT INTO meds_for_surgery (surgery_id,med) VALUES (1221,'Linezolid');
INSERT INTO surgery (id,date,patient_id,doctor_id) VALUES (1222,'2019-12-14',237,933);
INSERT INTO meds_for_surgery (surgery_id,med) VALUES (1222,'Rasburicase');
INSERT INTO surgery (id,date,patient_id,doctor_id) VALUES (1223,'2019-11-22',570,508);
INSERT INTO meds_for_surgery (surgery_id,med) VALUES (1223,'Sucralfate');
INSERT INTO surgery (id,date,patient_id,doctor_id) VALUES (1224,'2019-11-23',849,371);
INSERT INTO meds_for_surgery (surgery_id,med) VALUES (1224,'Dronabinol');
INSERT INTO surgery (id,date,patient_id,doctor_id) VALUES (1225,'2019-12-24',182,578);
INSERT INTO meds_for_surgery (surgery_id,med) VALUES (1225,'Cephalexin');
INSERT INTO surgery (id,date,patient_id,doctor_id) VALUES (1226,'2019-12-24',299,8);
INSERT INTO meds_for_surgery (surgery_id,med) VALUES (1226,'Emicizumab');
INSERT INTO surgery (id,date,patient_id,doctor_id) VALUES (1227,'2019-11-29',871,915);
INSERT INTO meds_for_surgery (surgery_id,med) VALUES (1227,'Gemcitabine');
INSERT INTO surgery (id,date,patient_id,doctor_id) VALUES (1228,'2019-12-16',411,683);
INSERT INTO meds_for_surgery (surgery_id,med) VALUES (1228,'Promethazine');
INSERT INTO surgery (id,date,patient_id,doctor_id) VALUES (1229,'2019-12-11',201,575);
INSERT INTO meds_for_surgery (surgery_id,med) VALUES (1229,'Erlotinib');
INSERT INTO surgery (id,date,patient_id,doctor_id) VALUES (1230,'2019-11-22',952,565);
INSERT INTO meds_for_surgery (surgery_id,med) VALUES (1230,'Mechlorethamine');
INSERT INTO surgery (id,date,patient_id,doctor_id) VALUES (1231,'2019-12-15',112,973);
INSERT INTO meds_for_surgery (surgery_id,med) VALUES (1231,'Hydrocodone');
INSERT INTO surgery (id,date,patient_id,doctor_id) VALUES (1232,'2019-12-04',339,836);
INSERT INTO meds_for_surgery (surgery_id,med) VALUES (1232,'Emicizumab');
INSERT INTO surgery (id,date,patient_id,doctor_id) VALUES (1233,'2019-12-06',761,694);
INSERT INTO meds_for_surgery (surgery_id,med) VALUES (1233,'Muromonab');
INSERT INTO surgery (id,date,patient_id,doctor_id) VALUES (1234,'2019-12-19',869,738);
INSERT INTO meds_for_surgery (surgery_id,med) VALUES (1234,'Erythromycin');
INSERT INTO surgery (id,date,patient_id,doctor_id) VALUES (1235,'2019-12-08',855,432);
INSERT INTO meds_for_surgery (surgery_id,med) VALUES (1235,'Enoxaparin');
INSERT INTO surgery (id,date,patient_id,doctor_id) VALUES (1236,'2019-12-04',483,280);
INSERT INTO meds_for_surgery (surgery_id,med) VALUES (1236,'Elvitegravir');
INSERT INTO surgery (id,date,patient_id,doctor_id) VALUES (1237,'2019-12-15',218,800);
INSERT INTO meds_for_surgery (surgery_id,med) VALUES (1237,'Megestrol acetate');
INSERT INTO surgery (id,date,patient_id,doctor_id) VALUES (1238,'2019-11-29',240,693);
INSERT INTO meds_for_surgery (surgery_id,med) VALUES (1238,'Tacrolimus');
INSERT INTO surgery (id,date,patient_id,doctor_id) VALUES (1239,'2019-12-05',103,193);
INSERT INTO meds_for_surgery (surgery_id,med) VALUES (1239,'Asparaginase');
INSERT INTO surgery (id,date,patient_id,doctor_id) VALUES (1240,'2019-12-03',446,1000);
INSERT INTO meds_for_surgery (surgery_id,med) VALUES (1240,'Paclitaxel');
INSERT INTO surgery (id,date,patient_id,doctor_id) VALUES (1241,'2019-12-22',572,207);
INSERT INTO meds_for_surgery (surgery_id,med) VALUES (1241,'Phosphorus');
INSERT INTO surgery (id,date,patient_id,doctor_id) VALUES (1242,'2019-11-25',643,338);
INSERT INTO meds_for_surgery (surgery_id,med) VALUES (1242,'Granisetron');
INSERT INTO surgery (id,date,patient_id,doctor_id) VALUES (1243,'2019-12-07',63,936);
INSERT INTO meds_for_surgery (surgery_id,med) VALUES (1243,'Isotretinoin');
INSERT INTO surgery (id,date,patient_id,doctor_id) VALUES (1244,'2019-11-20',859,356);
INSERT INTO meds_for_surgery (surgery_id,med) VALUES (1244,'Bortezomib');
INSERT INTO surgery (id,date,patient_id,doctor_id) VALUES (1245,'2019-12-13',478,515);
INSERT INTO meds_for_surgery (surgery_id,med) VALUES (1245,'Atovaquone');
INSERT INTO surgery (id,date,patient_id,doctor_id) VALUES (1246,'2019-11-29',328,721);
INSERT INTO meds_for_surgery (surgery_id,med) VALUES (1246,'Procarbazine');
INSERT INTO surgery (id,date,patient_id,doctor_id) VALUES (1247,'2019-12-06',647,565);
INSERT INTO meds_for_surgery (surgery_id,med) VALUES (1247,'Fluorouracil');
INSERT INTO surgery (id,date,patient_id,doctor_id) VALUES (1248,'2019-11-21',947,784);
INSERT INTO meds_for_surgery (surgery_id,med) VALUES (1248,'Lamivudine');
INSERT INTO surgery (id,date,patient_id,doctor_id) VALUES (1249,'2019-12-22',178,770);
INSERT INTO meds_for_surgery (surgery_id,med) VALUES (1249,'Doxorubicin');
INSERT INTO surgery (id,date,patient_id,doctor_id) VALUES (1250,'2019-11-27',760,331);
INSERT INTO meds_for_surgery (surgery_id,med) VALUES (1250,'Cefixime');
INSERT INTO surgery (id,date,patient_id,doctor_id) VALUES (1251,'2019-12-18',869,170);
INSERT INTO meds_for_surgery (surgery_id,med) VALUES (1251,'Cyclosporine');
INSERT INTO surgery (id,date,patient_id,doctor_id) VALUES (1252,'2019-12-08',717,228);
INSERT INTO meds_for_surgery (surgery_id,med) VALUES (1252,'PEGaspargase');
INSERT INTO surgery (id,date,patient_id,doctor_id) VALUES (1253,'2019-12-23',481,652);
INSERT INTO meds_for_surgery (surgery_id,med) VALUES (1253,'Mesna');
INSERT INTO surgery (id,date,patient_id,doctor_id) VALUES (1254,'2019-12-11',339,699);
INSERT INTO meds_for_surgery (surgery_id,med) VALUES (1254,'Vinblastine');
INSERT INTO surgery (id,date,patient_id,doctor_id) VALUES (1255,'2019-11-24',210,100);
INSERT INTO meds_for_surgery (surgery_id,med) VALUES (1255,'Dasatinib');
INSERT INTO surgery (id,date,patient_id,doctor_id) VALUES (1256,'2019-12-17',247,784);
INSERT INTO meds_for_surgery (surgery_id,med) VALUES (1256,'Gemcitabine');
INSERT INTO surgery (id,date,patient_id,doctor_id) VALUES (1257,'2019-12-16',19,448);
INSERT INTO meds_for_surgery (surgery_id,med) VALUES (1257,'Ceftazidime');
INSERT INTO surgery (id,date,patient_id,doctor_id) VALUES (1258,'2019-12-21',663,599);
INSERT INTO meds_for_surgery (surgery_id,med) VALUES (1258,'Tacrolimus');
INSERT INTO surgery (id,date,patient_id,doctor_id) VALUES (1259,'2019-12-21',139,440);
INSERT INTO meds_for_surgery (surgery_id,med) VALUES (1259,'Tobramycin');
INSERT INTO surgery (id,date,patient_id,doctor_id) VALUES (1260,'2019-11-26',424,896);
INSERT INTO meds_for_surgery (surgery_id,med) VALUES (1260,'Captopril');
INSERT INTO surgery (id,date,patient_id,doctor_id) VALUES (1261,'2019-12-05',920,875);
INSERT INTO meds_for_surgery (surgery_id,med) VALUES (1261,'Gemcitabine');
INSERT INTO surgery (id,date,patient_id,doctor_id) VALUES (1262,'2019-11-25',859,652);
INSERT INTO meds_for_surgery (surgery_id,med) VALUES (1262,'Tretinoin');
INSERT INTO surgery (id,date,patient_id,doctor_id) VALUES (1263,'2019-12-15',567,857);
INSERT INTO meds_for_surgery (surgery_id,med) VALUES (1263,'Mesna');
INSERT INTO surgery (id,date,patient_id,doctor_id) VALUES (1264,'2019-11-21',446,399);
INSERT INTO meds_for_surgery (surgery_id,med) VALUES (1264,'Dacarbazine');
INSERT INTO surgery (id,date,patient_id,doctor_id) VALUES (1265,'2019-12-08',103,363);
INSERT INTO meds_for_surgery (surgery_id,med) VALUES (1265,'Omeprazole');
INSERT INTO surgery (id,date,patient_id,doctor_id) VALUES (1266,'2019-11-22',46,968);
INSERT INTO meds_for_surgery (surgery_id,med) VALUES (1266,'Oxycodone');
INSERT INTO surgery (id,date,patient_id,doctor_id) VALUES (1267,'2019-12-21',890,693);
INSERT INTO meds_for_surgery (surgery_id,med) VALUES (1267,'Gabapentin');
INSERT INTO surgery (id,date,patient_id,doctor_id) VALUES (1268,'2019-12-17',237,925);
INSERT INTO meds_for_surgery (surgery_id,med) VALUES (1268,'Lomustine');
INSERT INTO surgery (id,date,patient_id,doctor_id) VALUES (1269,'2019-12-11',13,500);
INSERT INTO meds_for_surgery (surgery_id,med) VALUES (1269,'Mesna');
INSERT INTO surgery (id,date,patient_id,doctor_id) VALUES (1270,'2019-11-27',659,539);
INSERT INTO meds_for_surgery (surgery_id,med) VALUES (1270,'Magnesium');
INSERT INTO surgery (id,date,patient_id,doctor_id) VALUES (1271,'2019-12-02',334,128);
INSERT INTO meds_for_surgery (surgery_id,med) VALUES (1271,'Emicizumab');
INSERT INTO surgery (id,date,patient_id,doctor_id) VALUES (1272,'2019-11-23',496,11);
INSERT INTO meds_for_surgery (surgery_id,med) VALUES (1272,'Baclofen');
INSERT INTO surgery (id,date,patient_id,doctor_id) VALUES (1273,'2019-11-26',596,973);
INSERT INTO meds_for_surgery (surgery_id,med) VALUES (1273,'Temozolomide');
INSERT INTO surgery (id,date,patient_id,doctor_id) VALUES (1274,'2019-12-12',496,319);
INSERT INTO meds_for_surgery (surgery_id,med) VALUES (1274,'Tobramycin');
INSERT INTO surgery (id,date,patient_id,doctor_id) VALUES (1275,'2019-12-17',236,918);
INSERT INTO meds_for_surgery (surgery_id,med) VALUES (1275,'G-CSF');
INSERT INTO surgery (id,date,patient_id,doctor_id) VALUES (1276,'2019-12-01',524,918);
INSERT INTO meds_for_surgery (surgery_id,med) VALUES (1276,'GM-CSF');
INSERT INTO surgery (id,date,patient_id,doctor_id) VALUES (1277,'2019-11-27',45,385);
INSERT INTO meds_for_surgery (surgery_id,med) VALUES (1277,'Amlodipine');
INSERT INTO surgery (id,date,patient_id,doctor_id) VALUES (1278,'2019-12-03',214,991);
INSERT INTO meds_for_surgery (surgery_id,med) VALUES (1278,'Sirolimus');
INSERT INTO surgery (id,date,patient_id,doctor_id) VALUES (1279,'2019-11-25',690,389);
INSERT INTO meds_for_surgery (surgery_id,med) VALUES (1279,'Nelfinavir');
INSERT INTO surgery (id,date,patient_id,doctor_id) VALUES (1280,'2019-12-23',859,363);
INSERT INTO meds_for_surgery (surgery_id,med) VALUES (1280,'Magnesium');
INSERT INTO surgery (id,date,patient_id,doctor_id) VALUES (1281,'2019-12-17',177,544);
INSERT INTO meds_for_surgery (surgery_id,med) VALUES (1281,'Nevirapine');
INSERT INTO surgery (id,date,patient_id,doctor_id) VALUES (1282,'2019-12-19',252,292);
INSERT INTO meds_for_surgery (surgery_id,med) VALUES (1282,'Busulfan');
INSERT INTO surgery (id,date,patient_id,doctor_id) VALUES (1283,'2019-12-08',226,12);
INSERT INTO meds_for_surgery (surgery_id,med) VALUES (1283,'Heparin');
INSERT INTO surgery (id,date,patient_id,doctor_id) VALUES (1284,'2019-11-22',209,783);
INSERT INTO meds_for_surgery (surgery_id,med) VALUES (1284,'Ifosfamide');
INSERT INTO surgery (id,date,patient_id,doctor_id) VALUES (1285,'2019-11-22',869,508);
INSERT INTO meds_for_surgery (surgery_id,med) VALUES (1285,'Potassium');
INSERT INTO surgery (id,date,patient_id,doctor_id) VALUES (1286,'2019-12-12',262,699);
INSERT INTO meds_for_surgery (surgery_id,med) VALUES (1286,'Rasburicase');
INSERT INTO surgery (id,date,patient_id,doctor_id) VALUES (1287,'2019-12-02',252,244);
INSERT INTO meds_for_surgery (surgery_id,med) VALUES (1287,'Codeine');
INSERT INTO surgery (id,date,patient_id,doctor_id) VALUES (1288,'2019-11-28',217,413);
INSERT INTO meds_for_surgery (surgery_id,med) VALUES (1288,'Cefepime');
INSERT INTO surgery (id,date,patient_id,doctor_id) VALUES (1289,'2019-12-22',296,595);
INSERT INTO meds_for_surgery (surgery_id,med) VALUES (1289,'Dobutamine');
INSERT INTO surgery (id,date,patient_id,doctor_id) VALUES (1290,'2019-12-13',717,851);
INSERT INTO meds_for_surgery (surgery_id,med) VALUES (1290,'Melphalan');
INSERT INTO surgery (id,date,patient_id,doctor_id) VALUES (1291,'2019-12-09',339,389);
INSERT INTO meds_for_surgery (surgery_id,med) VALUES (1291,'Pemetrexed');
INSERT INTO surgery (id,date,patient_id,doctor_id) VALUES (1292,'2019-12-02',659,694);
INSERT INTO meds_for_surgery (surgery_id,med) VALUES (1292,'Cefixime');
INSERT INTO surgery (id,date,patient_id,doctor_id) VALUES (1293,'2019-12-07',130,128);
INSERT INTO meds_for_surgery (surgery_id,med) VALUES (1293,'Rasburicase');
INSERT INTO surgery (id,date,patient_id,doctor_id) VALUES (1294,'2019-12-08',334,3);
INSERT INTO meds_for_surgery (surgery_id,med) VALUES (1294,'Aprepitant');
INSERT INTO surgery (id,date,patient_id,doctor_id) VALUES (1295,'2019-12-08',68,782);
INSERT INTO meds_for_surgery (surgery_id,med) VALUES (1295,'Cephalexin');
INSERT INTO surgery (id,date,patient_id,doctor_id) VALUES (1296,'2019-12-03',388,495);
INSERT INTO meds_for_surgery (surgery_id,med) VALUES (1296,'Gemcitabine');
INSERT INTO surgery (id,date,patient_id,doctor_id) VALUES (1297,'2019-11-24',133,353);
INSERT INTO meds_for_surgery (surgery_id,med) VALUES (1297,'Codeine');
INSERT INTO surgery (id,date,patient_id,doctor_id) VALUES (1298,'2019-11-25',44,964);
INSERT INTO meds_for_surgery (surgery_id,med) VALUES (1298,'Emtricitabine');
INSERT INTO surgery (id,date,patient_id,doctor_id) VALUES (1299,'2019-11-25',190,338);
INSERT INTO meds_for_surgery (surgery_id,med) VALUES (1299,'Cytarabine');
INSERT INTO surgery (id,date,patient_id,doctor_id) VALUES (1300,'2019-12-01',348,680);
INSERT INTO meds_for_surgery (surgery_id,med) VALUES (1300,'Allopurinol');
INSERT INTO surgery (id,date,patient_id,doctor_id) VALUES (1301,'2019-12-12',92,836);
INSERT INTO meds_for_surgery (surgery_id,med) VALUES (1301,'Voriconazole');
INSERT INTO surgery (id,date,patient_id,doctor_id) VALUES (1302,'2019-11-21',184,622);
INSERT INTO meds_for_surgery (surgery_id,med) VALUES (1302,'Trimethoprim');
INSERT INTO surgery (id,date,patient_id,doctor_id) VALUES (1303,'2019-12-24',252,12);
INSERT INTO meds_for_surgery (surgery_id,med) VALUES (1303,'Cladribine');
INSERT INTO surgery (id,date,patient_id,doctor_id) VALUES (1304,'2019-12-14',226,15);
INSERT INTO meds_for_surgery (surgery_id,med) VALUES (1304,'Micafungin');
INSERT INTO surgery (id,date,patient_id,doctor_id) VALUES (1305,'2019-12-14',103,620);
INSERT INTO meds_for_surgery (surgery_id,med) VALUES (1305,'Asparaginase');
INSERT INTO surgery (id,date,patient_id,doctor_id) VALUES (1306,'2019-12-07',871,181);
INSERT INTO meds_for_surgery (surgery_id,med) VALUES (1306,'Daunorubicin');
INSERT INTO surgery (id,date,patient_id,doctor_id) VALUES (1307,'2019-11-27',44,964);
INSERT INTO meds_for_surgery (surgery_id,med) VALUES (1307,'Furosemide');
INSERT INTO surgery (id,date,patient_id,doctor_id) VALUES (1308,'2019-12-04',206,390);
INSERT INTO meds_for_surgery (surgery_id,med) VALUES (1308,'Amikacin');
INSERT INTO surgery (id,date,patient_id,doctor_id) VALUES (1309,'2019-12-16',343,307);
INSERT INTO meds_for_surgery (surgery_id,med) VALUES (1309,'Mesna');
INSERT INTO surgery (id,date,patient_id,doctor_id) VALUES (1310,'2019-12-07',262,515);
INSERT INTO meds_for_surgery (surgery_id,med) VALUES (1310,'Amitriptyline');
INSERT INTO surgery (id,date,patient_id,doctor_id) VALUES (1311,'2019-12-04',608,933);
INSERT INTO meds_for_surgery (surgery_id,med) VALUES (1311,'Cefixime');
INSERT INTO surgery (id,date,patient_id,doctor_id) VALUES (1312,'2019-12-11',717,533);
INSERT INTO meds_for_surgery (surgery_id,med) VALUES (1312,'Celecoxib');
INSERT INTO surgery (id,date,patient_id,doctor_id) VALUES (1313,'2019-12-03',661,448);
INSERT INTO meds_for_surgery (surgery_id,med) VALUES (1313,'Dexamethasone');
INSERT INTO surgery (id,date,patient_id,doctor_id) VALUES (1314,'2019-12-11',717,915);
INSERT INTO meds_for_surgery (surgery_id,med) VALUES (1314,'Pegfilgrastim');
INSERT INTO surgery (id,date,patient_id,doctor_id) VALUES (1315,'2019-11-29',941,787);
INSERT INTO meds_for_surgery (surgery_id,med) VALUES (1315,'Nelfinavir');
INSERT INTO surgery (id,date,patient_id,doctor_id) VALUES (1316,'2019-11-22',315,545);
INSERT INTO meds_for_surgery (surgery_id,med) VALUES (1316,'Cefepime');
INSERT INTO surgery (id,date,patient_id,doctor_id) VALUES (1317,'2019-12-09',496,387);
INSERT INTO meds_for_surgery (surgery_id,med) VALUES (1317,'Mitoxantrone');
INSERT INTO surgery (id,date,patient_id,doctor_id) VALUES (1318,'2019-11-29',221,677);
INSERT INTO meds_for_surgery (surgery_id,med) VALUES (1318,'Atovaquone');
INSERT INTO surgery (id,date,patient_id,doctor_id) VALUES (1319,'2019-12-07',195,614);
INSERT INTO meds_for_surgery (surgery_id,med) VALUES (1319,'Thiotepa');
INSERT INTO surgery (id,date,patient_id,doctor_id) VALUES (1320,'2019-12-20',175,721);
INSERT INTO meds_for_surgery (surgery_id,med) VALUES (1320,'Oxycodone');
INSERT INTO surgery (id,date,patient_id,doctor_id) VALUES (1321,'2019-12-23',859,101);
INSERT INTO meds_for_surgery (surgery_id,med) VALUES (1321,'Posaconazole');
INSERT INTO surgery (id,date,patient_id,doctor_id) VALUES (1322,'2019-12-10',963,292);
INSERT INTO meds_for_surgery (surgery_id,med) VALUES (1322,'Topotecan');
INSERT INTO surgery (id,date,patient_id,doctor_id) VALUES (1323,'2019-12-01',215,62);
INSERT INTO meds_for_surgery (surgery_id,med) VALUES (1323,'Dopamine');
INSERT INTO surgery (id,date,patient_id,doctor_id) VALUES (1324,'2019-12-10',195,301);
INSERT INTO meds_for_surgery (surgery_id,med) VALUES (1324,'Zidovudine');
INSERT INTO surgery (id,date,patient_id,doctor_id) VALUES (1325,'2019-12-03',118,508);
INSERT INTO meds_for_surgery (surgery_id,med) VALUES (1325,'Nelarabine');
INSERT INTO surgery (id,date,patient_id,doctor_id) VALUES (1326,'2019-12-18',871,307);
INSERT INTO meds_for_surgery (surgery_id,med) VALUES (1326,'Linezolid');
INSERT INTO surgery (id,date,patient_id,doctor_id) VALUES (1327,'2019-12-16',169,532);
INSERT INTO meds_for_surgery (surgery_id,med) VALUES (1327,'Hydrocodone');
INSERT INTO surgery (id,date,patient_id,doctor_id) VALUES (1328,'2019-12-01',917,565);
INSERT INTO meds_for_surgery (surgery_id,med) VALUES (1328,'Baclofen');
INSERT INTO surgery (id,date,patient_id,doctor_id) VALUES (1329,'2019-12-24',931,382);
INSERT INTO meds_for_surgery (surgery_id,med) VALUES (1329,'Hydrocortisone');
INSERT INTO surgery (id,date,patient_id,doctor_id) VALUES (1330,'2019-11-29',687,62);
INSERT INTO meds_for_surgery (surgery_id,med) VALUES (1330,'Lamivudine');
INSERT INTO surgery (id,date,patient_id,doctor_id) VALUES (1331,'2019-12-12',486,341);
INSERT INTO meds_for_surgery (surgery_id,med) VALUES (1331,'Alendronate');
INSERT INTO surgery (id,date,patient_id,doctor_id) VALUES (1332,'2019-12-01',34,936);
INSERT INTO meds_for_surgery (surgery_id,med) VALUES (1332,'Cisplatin');
INSERT INTO surgery (id,date,patient_id,doctor_id) VALUES (1333,'2019-11-25',310,784);
INSERT INTO meds_for_surgery (surgery_id,med) VALUES (1333,'Celecoxib');
INSERT INTO surgery (id,date,patient_id,doctor_id) VALUES (1334,'2019-11-30',482,915);
INSERT INTO meds_for_surgery (surgery_id,med) VALUES (1334,'Elvitegravir');
INSERT INTO surgery (id,date,patient_id,doctor_id) VALUES (1335,'2019-11-25',60,746);
INSERT INTO meds_for_surgery (surgery_id,med) VALUES (1335,'Erythromycin');
INSERT INTO surgery (id,date,patient_id,doctor_id) VALUES (1336,'2019-11-24',478,935);
INSERT INTO meds_for_surgery (surgery_id,med) VALUES (1336,'Desmopressin');
INSERT INTO surgery (id,date,patient_id,doctor_id) VALUES (1337,'2019-12-11',39,244);
INSERT INTO meds_for_surgery (surgery_id,med) VALUES (1337,'Interleukin');
INSERT INTO surgery (id,date,patient_id,doctor_id) VALUES (1338,'2019-11-27',92,800);
INSERT INTO meds_for_surgery (surgery_id,med) VALUES (1338,'Lomustine');
INSERT INTO surgery (id,date,patient_id,doctor_id) VALUES (1339,'2019-12-11',369,539);
INSERT INTO meds_for_surgery (surgery_id,med) VALUES (1339,'Meropenem');
INSERT INTO surgery (id,date,patient_id,doctor_id) VALUES (1340,'2019-12-18',644,440);
INSERT INTO meds_for_surgery (surgery_id,med) VALUES (1340,'Busulfan');
INSERT INTO surgery (id,date,patient_id,doctor_id) VALUES (1341,'2019-11-27',411,372);
INSERT INTO meds_for_surgery (surgery_id,med) VALUES (1341,'Dobutamine');
INSERT INTO surgery (id,date,patient_id,doctor_id) VALUES (1342,'2019-11-24',89,432);
INSERT INTO meds_for_surgery (surgery_id,med) VALUES (1342,'Sugammadex');
INSERT INTO surgery (id,date,patient_id,doctor_id) VALUES (1343,'2019-11-25',311,128);
INSERT INTO meds_for_surgery (surgery_id,med) VALUES (1343,'Cefuroxime');
INSERT INTO surgery (id,date,patient_id,doctor_id) VALUES (1344,'2019-12-05',151,532);
INSERT INTO meds_for_surgery (surgery_id,med) VALUES (1344,'Ceftazidime');
INSERT INTO surgery (id,date,patient_id,doctor_id) VALUES (1345,'2019-12-17',773,532);
INSERT INTO meds_for_surgery (surgery_id,med) VALUES (1345,'Dactinomycin');
INSERT INTO surgery (id,date,patient_id,doctor_id) VALUES (1346,'2019-12-04',890,825);
INSERT INTO meds_for_surgery (surgery_id,med) VALUES (1346,'Vincristine');
INSERT INTO surgery (id,date,patient_id,doctor_id) VALUES (1347,'2019-12-01',314,500);
INSERT INTO meds_for_surgery (surgery_id,med) VALUES (1347,'Cephalexin');
INSERT INTO surgery (id,date,patient_id,doctor_id) VALUES (1348,'2019-11-20',469,934);
INSERT INTO meds_for_surgery (surgery_id,med) VALUES (1348,'Ceftazidime');
INSERT INTO surgery (id,date,patient_id,doctor_id) VALUES (1349,'2019-12-06',460,769);
INSERT INTO meds_for_surgery (surgery_id,med) VALUES (1349,'Ondansetron');
INSERT INTO surgery (id,date,patient_id,doctor_id) VALUES (1350,'2019-12-01',175,351);
INSERT INTO meds_for_surgery (surgery_id,med) VALUES (1350,'Mitotane');
INSERT INTO surgery (id,date,patient_id,doctor_id) VALUES (1351,'2019-11-29',761,968);
INSERT INTO meds_for_surgery (surgery_id,med) VALUES (1351,'Hydrocortisone');
INSERT INTO surgery (id,date,patient_id,doctor_id) VALUES (1352,'2019-11-22',931,295);
INSERT INTO meds_for_surgery (surgery_id,med) VALUES (1352,'Cefepime');
INSERT INTO surgery (id,date,patient_id,doctor_id) VALUES (1353,'2019-12-15',474,341);
INSERT INTO meds_for_surgery (surgery_id,med) VALUES (1353,'Procarbazine');
INSERT INTO surgery (id,date,patient_id,doctor_id) VALUES (1354,'2019-12-12',240,100);
INSERT INTO meds_for_surgery (surgery_id,med) VALUES (1354,'Meloxicam');
INSERT INTO surgery (id,date,patient_id,doctor_id) VALUES (1355,'2019-11-29',392,846);
INSERT INTO meds_for_surgery (surgery_id,med) VALUES (1355,'Pegfilgrastim');
INSERT INTO surgery (id,date,patient_id,doctor_id) VALUES (1356,'2019-11-21',226,372);
INSERT INTO meds_for_surgery (surgery_id,med) VALUES (1356,'Doxorubicin');
INSERT INTO surgery (id,date,patient_id,doctor_id) VALUES (1357,'2019-12-20',486,413);
INSERT INTO meds_for_surgery (surgery_id,med) VALUES (1357,'Mycophenolate');
INSERT INTO surgery (id,date,patient_id,doctor_id) VALUES (1358,'2019-11-21',391,448);
INSERT INTO meds_for_surgery (surgery_id,med) VALUES (1358,'Sorafenib');
INSERT INTO surgery (id,date,patient_id,doctor_id) VALUES (1359,'2019-12-22',655,846);
INSERT INTO meds_for_surgery (surgery_id,med) VALUES (1359,'Ceftazidime');
INSERT INTO surgery (id,date,patient_id,doctor_id) VALUES (1360,'2019-12-14',469,652);
INSERT INTO meds_for_surgery (surgery_id,med) VALUES (1360,'Gemcitabine');
INSERT INTO surgery (id,date,patient_id,doctor_id) VALUES (1361,'2019-11-22',927,821);
INSERT INTO meds_for_surgery (surgery_id,med) VALUES (1361,'Norepinephrine');
INSERT INTO surgery (id,date,patient_id,doctor_id) VALUES (1362,'2019-12-23',659,207);
INSERT INTO meds_for_surgery (surgery_id,med) VALUES (1362,'Dacarbazine');
INSERT INTO surgery (id,date,patient_id,doctor_id) VALUES (1363,'2019-11-29',767,3);
INSERT INTO meds_for_surgery (surgery_id,med) VALUES (1363,'Nelarabine');
INSERT INTO surgery (id,date,patient_id,doctor_id) VALUES (1364,'2019-12-24',840,683);
INSERT INTO meds_for_surgery (surgery_id,med) VALUES (1364,'Saquinavir');
INSERT INTO surgery (id,date,patient_id,doctor_id) VALUES (1365,'2019-12-23',48,517);
INSERT INTO meds_for_surgery (surgery_id,med) VALUES (1365,'Vorinostat');
INSERT INTO surgery (id,date,patient_id,doctor_id) VALUES (1366,'2019-12-04',486,930);
INSERT INTO meds_for_surgery (surgery_id,med) VALUES (1366,'Mitoxantrone');
INSERT INTO surgery (id,date,patient_id,doctor_id) VALUES (1367,'2019-12-14',823,313);
INSERT INTO meds_for_surgery (surgery_id,med) VALUES (1367,'Oxycodone');
INSERT INTO surgery (id,date,patient_id,doctor_id) VALUES (1368,'2019-11-24',39,991);
INSERT INTO meds_for_surgery (surgery_id,med) VALUES (1368,'Linezolid');
INSERT INTO surgery (id,date,patient_id,doctor_id) VALUES (1369,'2019-12-20',666,451);
INSERT INTO meds_for_surgery (surgery_id,med) VALUES (1369,'Cyclobenzaprine');
INSERT INTO surgery (id,date,patient_id,doctor_id) VALUES (1370,'2019-12-15',589,341);
INSERT INTO meds_for_surgery (surgery_id,med) VALUES (1370,'Heparin');
INSERT INTO surgery (id,date,patient_id,doctor_id) VALUES (1371,'2019-11-25',206,193);
INSERT INTO meds_for_surgery (surgery_id,med) VALUES (1371,'Pegfilgrastim');
INSERT INTO surgery (id,date,patient_id,doctor_id) VALUES (1372,'2019-12-03',616,857);
INSERT INTO meds_for_surgery (surgery_id,med) VALUES (1372,'Potassium');
INSERT INTO surgery (id,date,patient_id,doctor_id) VALUES (1373,'2019-11-28',221,495);
INSERT INTO meds_for_surgery (surgery_id,med) VALUES (1373,'Elvitegravir');
INSERT INTO surgery (id,date,patient_id,doctor_id) VALUES (1374,'2019-12-19',916,575);
INSERT INTO meds_for_surgery (surgery_id,med) VALUES (1374,'Tretinoin');
INSERT INTO surgery (id,date,patient_id,doctor_id) VALUES (1375,'2019-11-20',19,375);
INSERT INTO meds_for_surgery (surgery_id,med) VALUES (1375,'Alendronate');
INSERT INTO surgery (id,date,patient_id,doctor_id) VALUES (1376,'2019-12-19',213,677);
INSERT INTO meds_for_surgery (surgery_id,med) VALUES (1376,'Hydralazine');
INSERT INTO surgery (id,date,patient_id,doctor_id) VALUES (1377,'2019-11-26',247,126);
INSERT INTO meds_for_surgery (surgery_id,med) VALUES (1377,'Warfarin');
INSERT INTO surgery (id,date,patient_id,doctor_id) VALUES (1378,'2019-11-28',174,554);
INSERT INTO meds_for_surgery (surgery_id,med) VALUES (1378,'Mesna');
INSERT INTO surgery (id,date,patient_id,doctor_id) VALUES (1379,'2019-11-23',213,632);
INSERT INTO meds_for_surgery (surgery_id,med) VALUES (1379,'Carmustine');
INSERT INTO surgery (id,date,patient_id,doctor_id) VALUES (1380,'2019-12-01',767,632);
INSERT INTO meds_for_surgery (surgery_id,med) VALUES (1380,'Teniposide');
INSERT INTO surgery (id,date,patient_id,doctor_id) VALUES (1381,'2019-12-24',41,193);
INSERT INTO meds_for_surgery (surgery_id,med) VALUES (1381,'Nelarabine');
INSERT INTO surgery (id,date,patient_id,doctor_id) VALUES (1382,'2019-11-20',73,925);
INSERT INTO meds_for_surgery (surgery_id,med) VALUES (1382,'Amlodipine');
INSERT INTO surgery (id,date,patient_id,doctor_id) VALUES (1383,'2019-12-04',177,598);
INSERT INTO meds_for_surgery (surgery_id,med) VALUES (1383,'Atenolol');
INSERT INTO surgery (id,date,patient_id,doctor_id) VALUES (1384,'2019-12-14',146,15);
INSERT INTO meds_for_surgery (surgery_id,med) VALUES (1384,'Ifosfamide');
INSERT INTO surgery (id,date,patient_id,doctor_id) VALUES (1385,'2019-12-04',754,599);
INSERT INTO meds_for_surgery (surgery_id,med) VALUES (1385,'Busulfan');
INSERT INTO surgery (id,date,patient_id,doctor_id) VALUES (1386,'2019-12-02',290,517);
INSERT INTO meds_for_surgery (surgery_id,med) VALUES (1386,'Tenofovir');
INSERT INTO surgery (id,date,patient_id,doctor_id) VALUES (1387,'2019-11-21',558,66);
INSERT INTO meds_for_surgery (surgery_id,med) VALUES (1387,'Sunitinib');
INSERT INTO surgery (id,date,patient_id,doctor_id) VALUES (1388,'2019-12-02',481,385);
INSERT INTO meds_for_surgery (surgery_id,med) VALUES (1388,'Nelfinavir');
INSERT INTO surgery (id,date,patient_id,doctor_id) VALUES (1389,'2019-12-18',892,259);
INSERT INTO meds_for_surgery (surgery_id,med) VALUES (1389,'Dacarbazine');
INSERT INTO surgery (id,date,patient_id,doctor_id) VALUES (1390,'2019-11-25',300,990);
INSERT INTO meds_for_surgery (surgery_id,med) VALUES (1390,'Mesna');
INSERT INTO surgery (id,date,patient_id,doctor_id) VALUES (1391,'2019-11-25',48,930);
INSERT INTO meds_for_surgery (surgery_id,med) VALUES (1391,'Cefaclor');
INSERT INTO surgery (id,date,patient_id,doctor_id) VALUES (1392,'2019-11-27',469,498);
INSERT INTO meds_for_surgery (surgery_id,med) VALUES (1392,'Imatinib');
INSERT INTO surgery (id,date,patient_id,doctor_id) VALUES (1393,'2019-12-13',634,540);
INSERT INTO meds_for_surgery (surgery_id,med) VALUES (1393,'Ranitidine');
INSERT INTO surgery (id,date,patient_id,doctor_id) VALUES (1394,'2019-11-26',299,614);
INSERT INTO meds_for_surgery (surgery_id,med) VALUES (1394,'Interferon');
INSERT INTO surgery (id,date,patient_id,doctor_id) VALUES (1395,'2019-11-25',182,284);
INSERT INTO meds_for_surgery (surgery_id,med) VALUES (1395,'Mitotane');
INSERT INTO surgery (id,date,patient_id,doctor_id) VALUES (1396,'2019-11-22',201,579);
INSERT INTO meds_for_surgery (surgery_id,med) VALUES (1396,'Morphine');
INSERT INTO surgery (id,date,patient_id,doctor_id) VALUES (1397,'2019-12-23',885,413);
INSERT INTO meds_for_surgery (surgery_id,med) VALUES (1397,'Erythromycin');
INSERT INTO surgery (id,date,patient_id,doctor_id) VALUES (1398,'2019-12-23',455,193);
INSERT INTO meds_for_surgery (surgery_id,med) VALUES (1398,'Thiotepa');
INSERT INTO surgery (id,date,patient_id,doctor_id) VALUES (1399,'2019-12-03',139,331);
INSERT INTO meds_for_surgery (surgery_id,med) VALUES (1399,'Cidofovir');
INSERT INTO surgery (id,date,patient_id,doctor_id) VALUES (1400,'2019-12-23',299,232);
INSERT INTO meds_for_surgery (surgery_id,med) VALUES (1400,'Trimethoprim');
INSERT INTO surgery (id,date,patient_id,doctor_id) VALUES (1401,'2019-12-09',483,432);
INSERT INTO meds_for_surgery (surgery_id,med) VALUES (1401,'Deferasirox');
INSERT INTO surgery (id,date,patient_id,doctor_id) VALUES (1402,'2019-12-15',75,836);
INSERT INTO meds_for_surgery (surgery_id,med) VALUES (1402,'Imipenem');
INSERT INTO surgery (id,date,patient_id,doctor_id) VALUES (1403,'2019-12-07',213,399);
INSERT INTO meds_for_surgery (surgery_id,med) VALUES (1403,'Dinutuximab');
INSERT INTO surgery (id,date,patient_id,doctor_id) VALUES (1404,'2019-12-04',68,925);
INSERT INTO meds_for_surgery (surgery_id,med) VALUES (1404,'Enalapril');
INSERT INTO surgery (id,date,patient_id,doctor_id) VALUES (1405,'2019-11-27',643,448);
INSERT INTO meds_for_surgery (surgery_id,med) VALUES (1405,'Amoxicillin');
INSERT INTO surgery (id,date,patient_id,doctor_id) VALUES (1406,'2019-11-22',177,821);
INSERT INTO meds_for_surgery (surgery_id,med) VALUES (1406,'Gemcitabine');
INSERT INTO surgery (id,date,patient_id,doctor_id) VALUES (1407,'2019-12-06',173,934);
INSERT INTO meds_for_surgery (surgery_id,med) VALUES (1407,'Penicillin');
INSERT INTO surgery (id,date,patient_id,doctor_id) VALUES (1408,'2019-11-29',661,783);
INSERT INTO meds_for_surgery (surgery_id,med) VALUES (1408,'Foscarnet');
INSERT INTO surgery (id,date,patient_id,doctor_id) VALUES (1409,'2019-11-25',75,319);
INSERT INTO meds_for_surgery (surgery_id,med) VALUES (1409,'Mycophenolate');
INSERT INTO surgery (id,date,patient_id,doctor_id) VALUES (1410,'2019-11-21',252,207);
INSERT INTO meds_for_surgery (surgery_id,med) VALUES (1410,'Bosentan');
INSERT INTO surgery (id,date,patient_id,doctor_id) VALUES (1411,'2019-12-02',474,599);
INSERT INTO meds_for_surgery (surgery_id,med) VALUES (1411,'Methadone');
INSERT INTO surgery (id,date,patient_id,doctor_id) VALUES (1412,'2019-12-03',226,683);
INSERT INTO meds_for_surgery (surgery_id,med) VALUES (1412,'Hydrocortisone');
INSERT INTO surgery (id,date,patient_id,doctor_id) VALUES (1413,'2019-11-21',357,244);
INSERT INTO meds_for_surgery (surgery_id,med) VALUES (1413,'Dexamethasone');
INSERT INTO surgery (id,date,patient_id,doctor_id) VALUES (1414,'2019-11-24',482,836);
INSERT INTO meds_for_surgery (surgery_id,med) VALUES (1414,'Topotecan');
INSERT INTO surgery (id,date,patient_id,doctor_id) VALUES (1415,'2019-12-03',932,918);
INSERT INTO meds_for_surgery (surgery_id,med) VALUES (1415,'Rituximab');
INSERT INTO surgery (id,date,patient_id,doctor_id) VALUES (1416,'2019-11-21',217,632);
INSERT INTO meds_for_surgery (surgery_id,med) VALUES (1416,'Methadone');
INSERT INTO surgery (id,date,patient_id,doctor_id) VALUES (1417,'2019-11-29',269,621);
INSERT INTO meds_for_surgery (surgery_id,med) VALUES (1417,'Lomustine');
INSERT INTO surgery (id,date,patient_id,doctor_id) VALUES (1418,'2019-12-19',815,385);
INSERT INTO meds_for_surgery (surgery_id,med) VALUES (1418,'Irinotecan');
INSERT INTO surgery (id,date,patient_id,doctor_id) VALUES (1419,'2019-12-22',572,338);
INSERT INTO meds_for_surgery (surgery_id,med) VALUES (1419,'L-glutamine');
INSERT INTO surgery (id,date,patient_id,doctor_id) VALUES (1420,'2019-11-24',34,372);
INSERT INTO meds_for_surgery (surgery_id,med) VALUES (1420,'Cyproheptadine');
INSERT INTO surgery (id,date,patient_id,doctor_id) VALUES (1421,'2019-12-15',743,222);
INSERT INTO meds_for_surgery (surgery_id,med) VALUES (1421,'Nelfinavir');
INSERT INTO surgery (id,date,patient_id,doctor_id) VALUES (1422,'2019-11-26',139,319);
INSERT INTO meds_for_surgery (surgery_id,med) VALUES (1422,'Pemetrexed');
INSERT INTO surgery (id,date,patient_id,doctor_id) VALUES (1423,'2019-12-15',917,599);
INSERT INTO meds_for_surgery (surgery_id,med) VALUES (1423,'Cyclobenzaprine');
INSERT INTO surgery (id,date,patient_id,doctor_id) VALUES (1424,'2019-12-15',920,512);
INSERT INTO meds_for_surgery (surgery_id,med) VALUES (1424,'GM-CSF');
INSERT INTO surgery (id,date,patient_id,doctor_id) VALUES (1425,'2019-12-17',476,857);
INSERT INTO meds_for_surgery (surgery_id,med) VALUES (1425,'Dopamine');
INSERT INTO surgery (id,date,patient_id,doctor_id) VALUES (1426,'2019-12-08',373,903);
INSERT INTO meds_for_surgery (surgery_id,med) VALUES (1426,'Teniposide');
INSERT INTO surgery (id,date,patient_id,doctor_id) VALUES (1427,'2019-12-02',239,988);
INSERT INTO meds_for_surgery (surgery_id,med) VALUES (1427,'Pemetrexed');
INSERT INTO surgery (id,date,patient_id,doctor_id) VALUES (1428,'2019-11-24',41,875);
INSERT INTO meds_for_surgery (surgery_id,med) VALUES (1428,'Paclitaxel');
INSERT INTO surgery (id,date,patient_id,doctor_id) VALUES (1429,'2019-12-18',553,135);
INSERT INTO meds_for_surgery (surgery_id,med) VALUES (1429,'Cephalexin');
INSERT INTO surgery (id,date,patient_id,doctor_id) VALUES (1430,'2019-12-17',663,101);
INSERT INTO meds_for_surgery (surgery_id,med) VALUES (1430,'Temozolomide');
INSERT INTO surgery (id,date,patient_id,doctor_id) VALUES (1431,'2019-11-22',496,3);
INSERT INTO meds_for_surgery (surgery_id,med) VALUES (1431,'Phenobarbital');
INSERT INTO surgery (id,date,patient_id,doctor_id) VALUES (1432,'2019-12-10',226,232);
INSERT INTO meds_for_surgery (surgery_id,med) VALUES (1432,'Tenofovir');
INSERT INTO surgery (id,date,patient_id,doctor_id) VALUES (1433,'2019-11-26',791,881);
INSERT INTO meds_for_surgery (surgery_id,med) VALUES (1433,'Crizotinib');
INSERT INTO surgery (id,date,patient_id,doctor_id) VALUES (1434,'2019-12-09',89,244);
INSERT INTO meds_for_surgery (surgery_id,med) VALUES (1434,'Labetalol');
INSERT INTO surgery (id,date,patient_id,doctor_id) VALUES (1435,'2019-12-23',249,625);
INSERT INTO meds_for_surgery (surgery_id,med) VALUES (1435,'Cidofovir');
INSERT INTO surgery (id,date,patient_id,doctor_id) VALUES (1436,'2019-11-26',773,934);
INSERT INTO meds_for_surgery (surgery_id,med) VALUES (1436,'Meloxicam');
INSERT INTO surgery (id,date,patient_id,doctor_id) VALUES (1437,'2019-12-05',760,875);
INSERT INTO meds_for_surgery (surgery_id,med) VALUES (1437,'Dronabinol');
INSERT INTO surgery (id,date,patient_id,doctor_id) VALUES (1438,'2019-12-14',71,782);
INSERT INTO meds_for_surgery (surgery_id,med) VALUES (1438,'Erythropoietin');
INSERT INTO surgery (id,date,patient_id,doctor_id) VALUES (1439,'2019-11-21',945,382);
INSERT INTO meds_for_surgery (surgery_id,med) VALUES (1439,'Atovaquone');
INSERT INTO surgery (id,date,patient_id,doctor_id) VALUES (1440,'2019-12-20',151,988);
INSERT INTO meds_for_surgery (surgery_id,med) VALUES (1440,'Eltrombopag');
INSERT INTO surgery (id,date,patient_id,doctor_id) VALUES (1441,'2019-12-01',339,532);
INSERT INTO meds_for_surgery (surgery_id,med) VALUES (1441,'Cefuroxime');
INSERT INTO surgery (id,date,patient_id,doctor_id) VALUES (1442,'2019-11-21',198,11);
INSERT INTO meds_for_surgery (surgery_id,med) VALUES (1442,'Voriconazole');
INSERT INTO surgery (id,date,patient_id,doctor_id) VALUES (1443,'2019-11-28',299,620);
INSERT INTO meds_for_surgery (surgery_id,med) VALUES (1443,'Hydrocodone');
INSERT INTO surgery (id,date,patient_id,doctor_id) VALUES (1444,'2019-12-12',98,896);
INSERT INTO meds_for_surgery (surgery_id,med) VALUES (1444,'Calcium');
INSERT INTO surgery (id,date,patient_id,doctor_id) VALUES (1445,'2019-12-22',92,800);
INSERT INTO meds_for_surgery (surgery_id,med) VALUES (1445,'Posaconazole');
INSERT INTO surgery (id,date,patient_id,doctor_id) VALUES (1446,'2019-11-30',773,990);
INSERT INTO meds_for_surgery (surgery_id,med) VALUES (1446,'Melphalan');
INSERT INTO surgery (id,date,patient_id,doctor_id) VALUES (1447,'2019-11-26',373,413);
INSERT INTO meds_for_surgery (surgery_id,med) VALUES (1447,'Phosphorus');
INSERT INTO surgery (id,date,patient_id,doctor_id) VALUES (1448,'2019-12-02',949,934);
INSERT INTO meds_for_surgery (surgery_id,med) VALUES (1448,'Phenytoin');
INSERT INTO surgery (id,date,patient_id,doctor_id) VALUES (1449,'2019-11-25',815,414);
INSERT INTO meds_for_surgery (surgery_id,med) VALUES (1449,'Dasatinib');
INSERT INTO surgery (id,date,patient_id,doctor_id) VALUES (1450,'2019-11-26',735,498);
INSERT INTO meds_for_surgery (surgery_id,med) VALUES (1450,'Levothyroxine');
INSERT INTO surgery (id,date,patient_id,doctor_id) VALUES (1451,'2019-12-07',159,372);
INSERT INTO meds_for_surgery (surgery_id,med) VALUES (1451,'Sirolimus');
INSERT INTO surgery (id,date,patient_id,doctor_id) VALUES (1452,'2019-12-02',659,915);
INSERT INTO meds_for_surgery (surgery_id,med) VALUES (1452,'Thiotepa');
INSERT INTO surgery (id,date,patient_id,doctor_id) VALUES (1453,'2019-11-24',41,292);
INSERT INTO meds_for_surgery (surgery_id,med) VALUES (1453,'Foscarnet');
INSERT INTO surgery (id,date,patient_id,doctor_id) VALUES (1454,'2019-12-11',146,875);
INSERT INTO meds_for_surgery (surgery_id,med) VALUES (1454,'Bortezomib');
INSERT INTO surgery (id,date,patient_id,doctor_id) VALUES (1455,'2019-12-17',94,128);
INSERT INTO meds_for_surgery (surgery_id,med) VALUES (1455,'Hydrocodone');
INSERT INTO surgery (id,date,patient_id,doctor_id) VALUES (1456,'2019-12-01',236,15);
INSERT INTO meds_for_surgery (surgery_id,med) VALUES (1456,'Nevirapine');
INSERT INTO surgery (id,date,patient_id,doctor_id) VALUES (1457,'2019-12-09',206,935);
INSERT INTO meds_for_surgery (surgery_id,med) VALUES (1457,'Ifosfamide');
INSERT INTO surgery (id,date,patient_id,doctor_id) VALUES (1458,'2019-12-14',885,417);
INSERT INTO meds_for_surgery (surgery_id,med) VALUES (1458,'Cefixime');
INSERT INTO surgery (id,date,patient_id,doctor_id) VALUES (1459,'2019-11-25',831,554);
INSERT INTO meds_for_surgery (surgery_id,med) VALUES (1459,'Diclofenac');
INSERT INTO surgery (id,date,patient_id,doctor_id) VALUES (1460,'2019-12-04',481,875);
INSERT INTO meds_for_surgery (surgery_id,med) VALUES (1460,'Linezolid');
INSERT INTO surgery (id,date,patient_id,doctor_id) VALUES (1461,'2019-12-24',314,313);
INSERT INTO meds_for_surgery (surgery_id,med) VALUES (1461,'Bosentan');
INSERT INTO surgery (id,date,patient_id,doctor_id) VALUES (1462,'2019-12-19',767,934);
INSERT INTO meds_for_surgery (surgery_id,med) VALUES (1462,'Promethazine');
INSERT INTO surgery (id,date,patient_id,doctor_id) VALUES (1463,'2019-11-25',357,471);
INSERT INTO meds_for_surgery (surgery_id,med) VALUES (1463,'Mitoxantrone');
INSERT INTO surgery (id,date,patient_id,doctor_id) VALUES (1464,'2019-11-25',221,512);
INSERT INTO meds_for_surgery (surgery_id,med) VALUES (1464,'Efavirenz');
INSERT INTO surgery (id,date,patient_id,doctor_id) VALUES (1465,'2019-11-26',41,683);
INSERT INTO meds_for_surgery (surgery_id,med) VALUES (1465,'Bleomycin');
INSERT INTO surgery (id,date,patient_id,doctor_id) VALUES (1466,'2019-12-09',373,356);
INSERT INTO meds_for_surgery (surgery_id,med) VALUES (1466,'Lomustine');
INSERT INTO surgery (id,date,patient_id,doctor_id) VALUES (1467,'2019-12-19',247,363);
INSERT INTO meds_for_surgery (surgery_id,med) VALUES (1467,'Lorazepam');
INSERT INTO surgery (id,date,patient_id,doctor_id) VALUES (1468,'2019-12-16',898,894);
INSERT INTO meds_for_surgery (surgery_id,med) VALUES (1468,'Dacarbazine');
INSERT INTO surgery (id,date,patient_id,doctor_id) VALUES (1469,'2019-11-26',36,498);
INSERT INTO meds_for_surgery (surgery_id,med) VALUES (1469,'Trimethoprim');
INSERT INTO surgery (id,date,patient_id,doctor_id) VALUES (1470,'2019-12-15',184,857);
INSERT INTO meds_for_surgery (surgery_id,med) VALUES (1470,'Gemcitabine');
INSERT INTO surgery (id,date,patient_id,doctor_id) VALUES (1471,'2019-12-16',411,620);
INSERT INTO meds_for_surgery (surgery_id,med) VALUES (1471,'Vinblastine');
INSERT INTO surgery (id,date,patient_id,doctor_id) VALUES (1472,'2019-11-24',172,930);
INSERT INTO meds_for_surgery (surgery_id,med) VALUES (1472,'Penicillin');
INSERT INTO surgery (id,date,patient_id,doctor_id) VALUES (1473,'2019-12-04',713,491);
INSERT INTO meds_for_surgery (surgery_id,med) VALUES (1473,'Saquinavir');
INSERT INTO surgery (id,date,patient_id,doctor_id) VALUES (1474,'2019-12-01',172,8);
INSERT INTO meds_for_surgery (surgery_id,med) VALUES (1474,'Cyclobenzaprine');
INSERT INTO surgery (id,date,patient_id,doctor_id) VALUES (1475,'2019-11-25',687,738);
INSERT INTO meds_for_surgery (surgery_id,med) VALUES (1475,'Sirolimus');
INSERT INTO surgery (id,date,patient_id,doctor_id) VALUES (1476,'2019-12-07',343,495);
INSERT INTO meds_for_surgery (surgery_id,med) VALUES (1476,'Amoxicillin');
INSERT INTO surgery (id,date,patient_id,doctor_id) VALUES (1477,'2019-12-18',558,694);
INSERT INTO meds_for_surgery (surgery_id,med) VALUES (1477,'Vinblastine');
INSERT INTO surgery (id,date,patient_id,doctor_id) VALUES (1478,'2019-12-16',182,787);
INSERT INTO meds_for_surgery (surgery_id,med) VALUES (1478,'Cyclophosphamide');
INSERT INTO surgery (id,date,patient_id,doctor_id) VALUES (1479,'2019-11-23',947,746);
INSERT INTO meds_for_surgery (surgery_id,med) VALUES (1479,'Rilpivirine');
INSERT INTO surgery (id,date,patient_id,doctor_id) VALUES (1480,'2019-12-12',553,933);
INSERT INTO meds_for_surgery (surgery_id,med) VALUES (1480,'Heparin');
INSERT INTO surgery (id,date,patient_id,doctor_id) VALUES (1481,'2019-12-09',48,542);
INSERT INTO meds_for_surgery (surgery_id,med) VALUES (1481,'Carbamazepine');
INSERT INTO surgery (id,date,patient_id,doctor_id) VALUES (1482,'2019-12-11',754,413);
INSERT INTO meds_for_surgery (surgery_id,med) VALUES (1482,'Propoxyphene');
INSERT INTO surgery (id,date,patient_id,doctor_id) VALUES (1483,'2019-11-29',659,836);
INSERT INTO meds_for_surgery (surgery_id,med) VALUES (1483,'Probenecid');
INSERT INTO surgery (id,date,patient_id,doctor_id) VALUES (1484,'2019-12-21',272,126);
INSERT INTO meds_for_surgery (surgery_id,med) VALUES (1484,'Emtricitabine');
INSERT INTO surgery (id,date,patient_id,doctor_id) VALUES (1485,'2019-12-03',300,857);
INSERT INTO meds_for_surgery (surgery_id,med) VALUES (1485,'Heparin');
INSERT INTO surgery (id,date,patient_id,doctor_id) VALUES (1486,'2019-11-23',239,224);
INSERT INTO meds_for_surgery (surgery_id,med) VALUES (1486,'Vorinostat');
INSERT INTO surgery (id,date,patient_id,doctor_id) VALUES (1487,'2019-11-22',270,622);
INSERT INTO meds_for_surgery (surgery_id,med) VALUES (1487,'Trimethoprim');
INSERT INTO surgery (id,date,patient_id,doctor_id) VALUES (1488,'2019-12-20',666,135);
INSERT INTO meds_for_surgery (surgery_id,med) VALUES (1488,'Doxorubicin');
INSERT INTO surgery (id,date,patient_id,doctor_id) VALUES (1489,'2019-12-23',343,769);
INSERT INTO meds_for_surgery (surgery_id,med) VALUES (1489,'Dopamine');
INSERT INTO surgery (id,date,patient_id,doctor_id) VALUES (1490,'2019-12-03',567,595);
INSERT INTO meds_for_surgery (surgery_id,med) VALUES (1490,'Phenobarbital');
INSERT INTO surgery (id,date,patient_id,doctor_id) VALUES (1491,'2019-12-14',359,353);
INSERT INTO meds_for_surgery (surgery_id,med) VALUES (1491,'Methotrexate');
INSERT INTO surgery (id,date,patient_id,doctor_id) VALUES (1492,'2019-12-07',453,353);
INSERT INTO meds_for_surgery (surgery_id,med) VALUES (1492,'Granisetron');
INSERT INTO surgery (id,date,patient_id,doctor_id) VALUES (1493,'2019-11-22',871,825);
INSERT INTO meds_for_surgery (surgery_id,med) VALUES (1493,'Thioguanine');
INSERT INTO surgery (id,date,patient_id,doctor_id) VALUES (1494,'2019-12-16',917,851);
INSERT INTO meds_for_surgery (surgery_id,med) VALUES (1494,'Cefaclor');
INSERT INTO surgery (id,date,patient_id,doctor_id) VALUES (1495,'2019-12-24',661,806);
INSERT INTO meds_for_surgery (surgery_id,med) VALUES (1495,'Phenobarbital');
INSERT INTO surgery (id,date,patient_id,doctor_id) VALUES (1496,'2019-11-20',560,471);
INSERT INTO meds_for_surgery (surgery_id,med) VALUES (1496,'Cephalexin');
INSERT INTO surgery (id,date,patient_id,doctor_id) VALUES (1497,'2019-12-14',296,783);
INSERT INTO meds_for_surgery (surgery_id,med) VALUES (1497,'Erythropoietin');
INSERT INTO surgery (id,date,patient_id,doctor_id) VALUES (1498,'2019-12-05',972,782);
INSERT INTO meds_for_surgery (surgery_id,med) VALUES (1498,'Baclofen');
INSERT INTO surgery (id,date,patient_id,doctor_id) VALUES (1499,'2019-11-23',855,504);
INSERT INTO meds_for_surgery (surgery_id,med) VALUES (1499,'Busulfan');
INSERT INTO surgery (id,date,patient_id,doctor_id) VALUES (1500,'2019-11-26',174,857);
INSERT INTO meds_for_surgery (surgery_id,med) VALUES (1500,'Methylphenidate');
INSERT INTO surgery (id,date,patient_id,doctor_id) VALUES (1501,'2019-12-11',174,896);
INSERT INTO meds_for_surgery (surgery_id,med) VALUES (1501,'PEGaspargase');
INSERT INTO surgery (id,date,patient_id,doctor_id) VALUES (1502,'2019-11-20',920,875);
INSERT INTO meds_for_surgery (surgery_id,med) VALUES (1502,'Modafinil');
INSERT INTO surgery (id,date,patient_id,doctor_id) VALUES (1503,'2019-12-13',617,677);
INSERT INTO meds_for_surgery (surgery_id,med) VALUES (1503,'Clobazam');
INSERT INTO surgery (id,date,patient_id,doctor_id) VALUES (1504,'2019-12-17',690,746);
INSERT INTO meds_for_surgery (surgery_id,med) VALUES (1504,'Trimethoprim');
INSERT INTO surgery (id,date,patient_id,doctor_id) VALUES (1505,'2019-12-08',46,207);
INSERT INTO meds_for_surgery (surgery_id,med) VALUES (1505,'Nelarabine');
INSERT INTO surgery (id,date,patient_id,doctor_id) VALUES (1506,'2019-12-17',36,100);
INSERT INTO meds_for_surgery (surgery_id,med) VALUES (1506,'Heparin');
INSERT INTO surgery (id,date,patient_id,doctor_id) VALUES (1507,'2019-11-28',178,417);
INSERT INTO meds_for_surgery (surgery_id,med) VALUES (1507,'Dexamethasone');
INSERT INTO surgery (id,date,patient_id,doctor_id) VALUES (1508,'2019-11-24',608,988);
INSERT INTO meds_for_surgery (surgery_id,med) VALUES (1508,'Busulfan');
INSERT INTO surgery (id,date,patient_id,doctor_id) VALUES (1509,'2019-11-26',416,353);
INSERT INTO meds_for_surgery (surgery_id,med) VALUES (1509,'Cephalexin');
INSERT INTO surgery (id,date,patient_id,doctor_id) VALUES (1510,'2019-11-30',446,515);
INSERT INTO meds_for_surgery (surgery_id,med) VALUES (1510,'Dronabinol');
INSERT INTO surgery (id,date,patient_id,doctor_id) VALUES (1511,'2019-11-29',754,539);
INSERT INTO meds_for_surgery (surgery_id,med) VALUES (1511,'Vancomycin');
INSERT INTO surgery (id,date,patient_id,doctor_id) VALUES (1512,'2019-12-07',103,620);
INSERT INTO meds_for_surgery (surgery_id,med) VALUES (1512,'Aprepitant');
INSERT INTO surgery (id,date,patient_id,doctor_id) VALUES (1513,'2019-12-16',941,992);
INSERT INTO meds_for_surgery (surgery_id,med) VALUES (1513,'Erythromycin');
INSERT INTO surgery (id,date,patient_id,doctor_id) VALUES (1514,'2019-12-12',869,614);
INSERT INTO meds_for_surgery (surgery_id,med) VALUES (1514,'Immune');
INSERT INTO surgery (id,date,patient_id,doctor_id) VALUES (1515,'2019-12-23',927,721);
INSERT INTO meds_for_surgery (surgery_id,med) VALUES (1515,'Sugammadex');
INSERT INTO surgery (id,date,patient_id,doctor_id) VALUES (1516,'2019-12-02',984,385);
INSERT INTO meds_for_surgery (surgery_id,med) VALUES (1516,'Phenobarbital');
INSERT INTO surgery (id,date,patient_id,doctor_id) VALUES (1517,'2019-11-28',587,128);
INSERT INTO meds_for_surgery (surgery_id,med) VALUES (1517,'Darunavir');
INSERT INTO surgery (id,date,patient_id,doctor_id) VALUES (1518,'2019-12-08',215,390);
INSERT INTO meds_for_surgery (surgery_id,med) VALUES (1518,'Nevirapine');
INSERT INTO surgery (id,date,patient_id,doctor_id) VALUES (1519,'2019-12-16',587,498);
INSERT INTO meds_for_surgery (surgery_id,med) VALUES (1519,'Heparin');
INSERT INTO surgery (id,date,patient_id,doctor_id) VALUES (1520,'2019-11-24',210,806);
INSERT INTO meds_for_surgery (surgery_id,med) VALUES (1520,'Cyclobenzaprine');
INSERT INTO surgery (id,date,patient_id,doctor_id) VALUES (1521,'2019-12-19',959,565);
INSERT INTO meds_for_surgery (surgery_id,med) VALUES (1521,'Asparaginase');
INSERT INTO surgery (id,date,patient_id,doctor_id) VALUES (1522,'2019-11-27',920,451);
INSERT INTO meds_for_surgery (surgery_id,med) VALUES (1522,'Promethazine');
INSERT INTO surgery (id,date,patient_id,doctor_id) VALUES (1523,'2019-11-25',920,934);
INSERT INTO meds_for_surgery (surgery_id,med) VALUES (1523,'Promethazine');
INSERT INTO surgery (id,date,patient_id,doctor_id) VALUES (1524,'2019-11-23',226,620);
INSERT INTO meds_for_surgery (surgery_id,med) VALUES (1524,'Dapsone');
INSERT INTO surgery (id,date,patient_id,doctor_id) VALUES (1525,'2019-11-23',553,504);
INSERT INTO meds_for_surgery (surgery_id,med) VALUES (1525,'Saquinavir');
INSERT INTO surgery (id,date,patient_id,doctor_id) VALUES (1526,'2019-12-11',151,100);
INSERT INTO meds_for_surgery (surgery_id,med) VALUES (1526,'Celecoxib');
INSERT INTO surgery (id,date,patient_id,doctor_id) VALUES (1527,'2019-11-22',665,846);
INSERT INTO meds_for_surgery (surgery_id,med) VALUES (1527,'Mechlorethamine');
INSERT INTO surgery (id,date,patient_id,doctor_id) VALUES (1528,'2019-12-11',352,170);
INSERT INTO meds_for_surgery (surgery_id,med) VALUES (1528,'Carmustine');
INSERT INTO surgery (id,date,patient_id,doctor_id) VALUES (1529,'2019-12-09',754,579);
INSERT INTO meds_for_surgery (surgery_id,med) VALUES (1529,'Methylphenidate');
INSERT INTO surgery (id,date,patient_id,doctor_id) VALUES (1530,'2019-12-09',369,894);
INSERT INTO meds_for_surgery (surgery_id,med) VALUES (1530,'Dasatinib');
INSERT INTO surgery (id,date,patient_id,doctor_id) VALUES (1531,'2019-12-15',826,11);
INSERT INTO meds_for_surgery (surgery_id,med) VALUES (1531,'Acyclovir');
INSERT INTO surgery (id,date,patient_id,doctor_id) VALUES (1532,'2019-12-09',209,881);
INSERT INTO meds_for_surgery (surgery_id,med) VALUES (1532,'Amikacin');
INSERT INTO surgery (id,date,patient_id,doctor_id) VALUES (1533,'2019-12-07',553,313);
INSERT INTO meds_for_surgery (surgery_id,med) VALUES (1533,'Daunorubicin');
INSERT INTO surgery (id,date,patient_id,doctor_id) VALUES (1534,'2019-12-09',659,224);
INSERT INTO meds_for_surgery (surgery_id,med) VALUES (1534,'Dobutamine');
INSERT INTO surgery (id,date,patient_id,doctor_id) VALUES (1535,'2019-11-23',810,414);
INSERT INTO meds_for_surgery (surgery_id,med) VALUES (1535,'Neuromuscular');
INSERT INTO surgery (id,date,patient_id,doctor_id) VALUES (1536,'2019-12-08',890,595);
INSERT INTO meds_for_surgery (surgery_id,med) VALUES (1536,'Potassium');
INSERT INTO surgery (id,date,patient_id,doctor_id) VALUES (1537,'2019-11-20',474,181);
INSERT INTO meds_for_surgery (surgery_id,med) VALUES (1537,'Raltegravir');
INSERT INTO surgery (id,date,patient_id,doctor_id) VALUES (1538,'2019-12-12',34,284);
INSERT INTO meds_for_surgery (surgery_id,med) VALUES (1538,'Phenytoin');
INSERT INTO surgery (id,date,patient_id,doctor_id) VALUES (1539,'2019-12-23',945,851);
INSERT INTO meds_for_surgery (surgery_id,med) VALUES (1539,'GM-CSF');
INSERT INTO surgery (id,date,patient_id,doctor_id) VALUES (1540,'2019-12-07',339,512);
INSERT INTO meds_for_surgery (surgery_id,med) VALUES (1540,'Sugammadex');
INSERT INTO surgery (id,date,patient_id,doctor_id) VALUES (1541,'2019-12-05',773,915);
INSERT INTO meds_for_surgery (surgery_id,med) VALUES (1541,'Abacavir');
INSERT INTO surgery (id,date,patient_id,doctor_id) VALUES (1542,'2019-11-28',453,385);
INSERT INTO meds_for_surgery (surgery_id,med) VALUES (1542,'Heparin');
INSERT INTO surgery (id,date,patient_id,doctor_id) VALUES (1543,'2019-11-25',478,991);
INSERT INTO meds_for_surgery (surgery_id,med) VALUES (1543,'Heparin');
INSERT INTO surgery (id,date,patient_id,doctor_id) VALUES (1544,'2019-12-20',717,8);
INSERT INTO meds_for_surgery (surgery_id,med) VALUES (1544,'Darunavir');
INSERT INTO surgery (id,date,patient_id,doctor_id) VALUES (1545,'2019-12-04',41,539);
INSERT INTO meds_for_surgery (surgery_id,med) VALUES (1545,'Zidovudine');
INSERT INTO surgery (id,date,patient_id,doctor_id) VALUES (1546,'2019-12-10',627,857);
INSERT INTO meds_for_surgery (surgery_id,med) VALUES (1546,'Methotrexate');
INSERT INTO surgery (id,date,patient_id,doctor_id) VALUES (1547,'2019-12-14',898,935);
INSERT INTO meds_for_surgery (surgery_id,med) VALUES (1547,'Dinutuximab');
INSERT INTO surgery (id,date,patient_id,doctor_id) VALUES (1548,'2019-12-07',201,170);
INSERT INTO meds_for_surgery (surgery_id,med) VALUES (1548,'Levothyroxine');
INSERT INTO surgery (id,date,patient_id,doctor_id) VALUES (1549,'2019-12-08',892,508);
INSERT INTO meds_for_surgery (surgery_id,med) VALUES (1549,'Diclofenac');
INSERT INTO surgery (id,date,patient_id,doctor_id) VALUES (1550,'2019-12-06',898,621);
INSERT INTO meds_for_surgery (surgery_id,med) VALUES (1550,'Daunorubicin');
INSERT INTO surgery (id,date,patient_id,doctor_id) VALUES (1551,'2019-12-18',352,915);
INSERT INTO meds_for_surgery (surgery_id,med) VALUES (1551,'Foscarnet');
INSERT INTO surgery (id,date,patient_id,doctor_id) VALUES (1552,'2019-12-10',664,232);
INSERT INTO meds_for_surgery (surgery_id,med) VALUES (1552,'Posaconazole');
INSERT INTO surgery (id,date,patient_id,doctor_id) VALUES (1553,'2019-11-26',68,280);
INSERT INTO meds_for_surgery (surgery_id,med) VALUES (1553,'Ganciclovir');
INSERT INTO surgery (id,date,patient_id,doctor_id) VALUES (1554,'2019-12-03',48,224);
INSERT INTO meds_for_surgery (surgery_id,med) VALUES (1554,'Meropenem');
INSERT INTO surgery (id,date,patient_id,doctor_id) VALUES (1555,'2019-12-13',175,341);
INSERT INTO meds_for_surgery (surgery_id,med) VALUES (1555,'Ceftazidime');
INSERT INTO surgery (id,date,patient_id,doctor_id) VALUES (1556,'2019-11-22',682,232);
INSERT INTO meds_for_surgery (surgery_id,med) VALUES (1556,'PEGaspargase');
INSERT INTO surgery (id,date,patient_id,doctor_id) VALUES (1557,'2019-12-23',852,881);
INSERT INTO meds_for_surgery (surgery_id,med) VALUES (1557,'Doxorubicin');
INSERT INTO surgery (id,date,patient_id,doctor_id) VALUES (1558,'2019-11-23',483,821);
INSERT INTO meds_for_surgery (surgery_id,med) VALUES (1558,'Mitoxantrone');
INSERT INTO surgery (id,date,patient_id,doctor_id) VALUES (1559,'2019-12-18',469,512);
INSERT INTO meds_for_surgery (surgery_id,med) VALUES (1559,'Acyclovir');
INSERT INTO surgery (id,date,patient_id,doctor_id) VALUES (1560,'2019-12-14',584,925);
INSERT INTO meds_for_surgery (surgery_id,med) VALUES (1560,'Alendronate');
INSERT INTO surgery (id,date,patient_id,doctor_id) VALUES (1561,'2019-11-25',650,614);
INSERT INTO meds_for_surgery (surgery_id,med) VALUES (1561,'Magnesium');
INSERT INTO surgery (id,date,patient_id,doctor_id) VALUES (1562,'2019-12-02',921,806);
INSERT INTO meds_for_surgery (surgery_id,med) VALUES (1562,'Lomustine');
INSERT INTO surgery (id,date,patient_id,doctor_id) VALUES (1563,'2019-12-08',663,621);
INSERT INTO meds_for_surgery (surgery_id,med) VALUES (1563,'Hydromorphone');
INSERT INTO surgery (id,date,patient_id,doctor_id) VALUES (1564,'2019-12-14',627,399);
INSERT INTO meds_for_surgery (surgery_id,med) VALUES (1564,'Paclitaxel');
INSERT INTO surgery (id,date,patient_id,doctor_id) VALUES (1565,'2019-12-19',617,1000);
INSERT INTO meds_for_surgery (surgery_id,med) VALUES (1565,'Isotretinoin');
INSERT INTO surgery (id,date,patient_id,doctor_id) VALUES (1566,'2019-12-15',239,504);
INSERT INTO meds_for_surgery (surgery_id,med) VALUES (1566,'Irinotecan');
INSERT INTO surgery (id,date,patient_id,doctor_id) VALUES (1567,'2019-11-28',627,800);
INSERT INTO meds_for_surgery (surgery_id,med) VALUES (1567,'Hydroxyurea');
INSERT INTO surgery (id,date,patient_id,doctor_id) VALUES (1568,'2019-12-21',634,389);
INSERT INTO meds_for_surgery (surgery_id,med) VALUES (1568,'Phenobarbital');
INSERT INTO surgery (id,date,patient_id,doctor_id) VALUES (1569,'2019-12-23',446,677);
INSERT INTO meds_for_surgery (surgery_id,med) VALUES (1569,'Methotrexate');
INSERT INTO surgery (id,date,patient_id,doctor_id) VALUES (1570,'2019-11-21',215,554);
INSERT INTO meds_for_surgery (surgery_id,med) VALUES (1570,'Isotretinoin');
INSERT INTO surgery (id,date,patient_id,doctor_id) VALUES (1571,'2019-12-07',754,595);
INSERT INTO meds_for_surgery (surgery_id,med) VALUES (1571,'Ritonavir');
INSERT INTO surgery (id,date,patient_id,doctor_id) VALUES (1572,'2019-12-01',685,632);
INSERT INTO meds_for_surgery (surgery_id,med) VALUES (1572,'Maraviroc');
INSERT INTO surgery (id,date,patient_id,doctor_id) VALUES (1573,'2019-12-23',73,770);
INSERT INTO meds_for_surgery (surgery_id,med) VALUES (1573,'Ondansetron');
INSERT INTO surgery (id,date,patient_id,doctor_id) VALUES (1574,'2019-11-29',103,515);
INSERT INTO meds_for_surgery (surgery_id,med) VALUES (1574,'Modafinil');
INSERT INTO surgery (id,date,patient_id,doctor_id) VALUES (1575,'2019-11-23',45,988);
INSERT INTO meds_for_surgery (surgery_id,med) VALUES (1575,'Furosemide');
INSERT INTO surgery (id,date,patient_id,doctor_id) VALUES (1576,'2019-11-20',392,782);
INSERT INTO meds_for_surgery (surgery_id,med) VALUES (1576,'Irinotecan');
INSERT INTO surgery (id,date,patient_id,doctor_id) VALUES (1577,'2019-11-25',963,915);
INSERT INTO meds_for_surgery (surgery_id,med) VALUES (1577,'Enoxaparin');
INSERT INTO surgery (id,date,patient_id,doctor_id) VALUES (1578,'2019-11-21',647,414);
INSERT INTO meds_for_surgery (surgery_id,med) VALUES (1578,'Atenolol');
INSERT INTO surgery (id,date,patient_id,doctor_id) VALUES (1579,'2019-11-29',44,896);
INSERT INTO meds_for_surgery (surgery_id,med) VALUES (1579,'Gemcitabine');
INSERT INTO surgery (id,date,patient_id,doctor_id) VALUES (1580,'2019-12-01',315,903);
INSERT INTO meds_for_surgery (surgery_id,med) VALUES (1580,'Granisetron');
INSERT INTO surgery (id,date,patient_id,doctor_id) VALUES (1581,'2019-12-21',343,207);
INSERT INTO meds_for_surgery (surgery_id,med) VALUES (1581,'Efavirenz');
INSERT INTO surgery (id,date,patient_id,doctor_id) VALUES (1582,'2019-12-11',482,3);
INSERT INTO meds_for_surgery (surgery_id,med) VALUES (1582,'Megestrol acetate');
INSERT INTO surgery (id,date,patient_id,doctor_id) VALUES (1583,'2019-12-03',348,517);
INSERT INTO meds_for_surgery (surgery_id,med) VALUES (1583,'Clobazam');
INSERT INTO surgery (id,date,patient_id,doctor_id) VALUES (1584,'2019-12-24',455,244);
INSERT INTO meds_for_surgery (surgery_id,med) VALUES (1584,'Busulfan');
INSERT INTO surgery (id,date,patient_id,doctor_id) VALUES (1585,'2019-12-12',19,625);
INSERT INTO meds_for_surgery (surgery_id,med) VALUES (1585,'Rituximab');
INSERT INTO surgery (id,date,patient_id,doctor_id) VALUES (1586,'2019-12-11',373,397);
INSERT INTO meds_for_surgery (surgery_id,med) VALUES (1586,'Captopril');
INSERT INTO surgery (id,date,patient_id,doctor_id) VALUES (1587,'2019-12-04',941,351);
INSERT INTO meds_for_surgery (surgery_id,med) VALUES (1587,'Methadone');
INSERT INTO surgery (id,date,patient_id,doctor_id) VALUES (1588,'2019-12-08',929,313);
INSERT INTO meds_for_surgery (surgery_id,med) VALUES (1588,'Propoxyphene');
INSERT INTO surgery (id,date,patient_id,doctor_id) VALUES (1589,'2019-12-23',215,295);
INSERT INTO meds_for_surgery (surgery_id,med) VALUES (1589,'Raltegravir');
INSERT INTO surgery (id,date,patient_id,doctor_id) VALUES (1590,'2019-11-27',103,598);
INSERT INTO meds_for_surgery (surgery_id,med) VALUES (1590,'Zidovudine');
INSERT INTO surgery (id,date,patient_id,doctor_id) VALUES (1591,'2019-12-09',760,295);
INSERT INTO meds_for_surgery (surgery_id,med) VALUES (1591,'Dornase alfa');
INSERT INTO surgery (id,date,patient_id,doctor_id) VALUES (1592,'2019-11-26',664,614);
INSERT INTO meds_for_surgery (surgery_id,med) VALUES (1592,'Gabapentin');
INSERT INTO surgery (id,date,patient_id,doctor_id) VALUES (1593,'2019-12-13',892,800);
INSERT INTO meds_for_surgery (surgery_id,med) VALUES (1593,'Emicizumab');
INSERT INTO surgery (id,date,patient_id,doctor_id) VALUES (1594,'2019-11-25',352,280);
INSERT INTO meds_for_surgery (surgery_id,med) VALUES (1594,'Famciclovir');
INSERT INTO surgery (id,date,patient_id,doctor_id) VALUES (1595,'2019-12-15',663,232);
INSERT INTO meds_for_surgery (surgery_id,med) VALUES (1595,'Mechlorethamine');
INSERT INTO surgery (id,date,patient_id,doctor_id) VALUES (1596,'2019-11-25',460,821);
INSERT INTO meds_for_surgery (surgery_id,med) VALUES (1596,'Melphalan');
INSERT INTO surgery (id,date,patient_id,doctor_id) VALUES (1597,'2019-12-08',239,598);
INSERT INTO meds_for_surgery (surgery_id,med) VALUES (1597,'Interferon');
INSERT INTO surgery (id,date,patient_id,doctor_id) VALUES (1598,'2019-11-24',815,575);
INSERT INTO meds_for_surgery (surgery_id,med) VALUES (1598,'Mechlorethamine');
INSERT INTO surgery (id,date,patient_id,doctor_id) VALUES (1599,'2019-11-27',41,1000);
INSERT INTO meds_for_surgery (surgery_id,med) VALUES (1599,'Carbamazepine');
INSERT INTO surgery (id,date,patient_id,doctor_id) VALUES (1600,'2019-12-13',98,930);
INSERT INTO meds_for_surgery (surgery_id,med) VALUES (1600,'Aprepitant');
INSERT INTO surgery (id,date,patient_id,doctor_id) VALUES (1601,'2019-11-25',650,495);
INSERT INTO meds_for_surgery (surgery_id,med) VALUES (1601,'Calcium');
INSERT INTO surgery (id,date,patient_id,doctor_id) VALUES (1602,'2019-11-24',572,554);
INSERT INTO meds_for_surgery (surgery_id,med) VALUES (1602,'Cefixime');
INSERT INTO surgery (id,date,patient_id,doctor_id) VALUES (1603,'2019-12-11',949,800);
INSERT INTO meds_for_surgery (surgery_id,med) VALUES (1603,'Dobutamine');
INSERT INTO surgery (id,date,patient_id,doctor_id) VALUES (1604,'2019-12-05',685,632);
INSERT INTO meds_for_surgery (surgery_id,med) VALUES (1604,'Oxycodone');
INSERT INTO surgery (id,date,patient_id,doctor_id) VALUES (1605,'2019-12-08',6,417);
INSERT INTO meds_for_surgery (surgery_id,med) VALUES (1605,'Lamivudine');
INSERT INTO surgery (id,date,patient_id,doctor_id) VALUES (1606,'2019-12-19',334,301);
INSERT INTO meds_for_surgery (surgery_id,med) VALUES (1606,'Propoxyphene');
INSERT INTO surgery (id,date,patient_id,doctor_id) VALUES (1607,'2019-12-06',39,991);
INSERT INTO meds_for_surgery (surgery_id,med) VALUES (1607,'GM-CSF');
INSERT INTO surgery (id,date,patient_id,doctor_id) VALUES (1608,'2019-12-03',605,305);
INSERT INTO meds_for_surgery (surgery_id,med) VALUES (1608,'Probenecid');
INSERT INTO surgery (id,date,patient_id,doctor_id) VALUES (1609,'2019-12-09',558,575);
INSERT INTO meds_for_surgery (surgery_id,med) VALUES (1609,'Hydromorphone');
INSERT INTO surgery (id,date,patient_id,doctor_id) VALUES (1610,'2019-12-22',505,702);
INSERT INTO meds_for_surgery (surgery_id,med) VALUES (1610,'PEGaspargase');
INSERT INTO surgery (id,date,patient_id,doctor_id) VALUES (1611,'2019-12-16',328,471);
INSERT INTO meds_for_surgery (surgery_id,med) VALUES (1611,'Aminocaproic Acid');
INSERT INTO surgery (id,date,patient_id,doctor_id) VALUES (1612,'2019-11-27',927,621);
INSERT INTO meds_for_surgery (surgery_id,med) VALUES (1612,'Cephalexin');
INSERT INTO surgery (id,date,patient_id,doctor_id) VALUES (1613,'2019-12-06',201,515);
INSERT INTO meds_for_surgery (surgery_id,med) VALUES (1613,'Clindamycin');
INSERT INTO surgery (id,date,patient_id,doctor_id) VALUES (1614,'2019-11-20',6,62);
INSERT INTO meds_for_surgery (surgery_id,med) VALUES (1614,'Levothyroxine');
INSERT INTO surgery (id,date,patient_id,doctor_id) VALUES (1615,'2019-12-24',952,307);
INSERT INTO meds_for_surgery (surgery_id,med) VALUES (1615,'Vinblastine');
INSERT INTO surgery (id,date,patient_id,doctor_id) VALUES (1616,'2019-11-25',215,857);
INSERT INTO meds_for_surgery (surgery_id,med) VALUES (1616,'Dronabinol');
INSERT INTO surgery (id,date,patient_id,doctor_id) VALUES (1617,'2019-11-28',572,683);
INSERT INTO meds_for_surgery (surgery_id,med) VALUES (1617,'Elvitegravir');
INSERT INTO surgery (id,date,patient_id,doctor_id) VALUES (1618,'2019-11-21',920,363);
INSERT INTO meds_for_surgery (surgery_id,med) VALUES (1618,'Ketoconazole');
INSERT INTO surgery (id,date,patient_id,doctor_id) VALUES (1619,'2019-11-27',589,363);
INSERT INTO meds_for_surgery (surgery_id,med) VALUES (1619,'Rituximab');
INSERT INTO surgery (id,date,patient_id,doctor_id) VALUES (1620,'2019-12-07',665,990);
INSERT INTO meds_for_surgery (surgery_id,med) VALUES (1620,'Ketoconazole');
INSERT INTO surgery (id,date,patient_id,doctor_id) VALUES (1621,'2019-12-09',209,787);
INSERT INTO meds_for_surgery (surgery_id,med) VALUES (1621,'Hydralazine');
INSERT INTO surgery (id,date,patient_id,doctor_id) VALUES (1622,'2019-12-14',220,746);
INSERT INTO meds_for_surgery (surgery_id,med) VALUES (1622,'Granisetron');
INSERT INTO surgery (id,date,patient_id,doctor_id) VALUES (1623,'2019-11-27',391,934);
INSERT INTO meds_for_surgery (surgery_id,med) VALUES (1623,'Posaconazole');
INSERT INTO surgery (id,date,patient_id,doctor_id) VALUES (1624,'2019-11-24',650,579);
INSERT INTO meds_for_surgery (surgery_id,med) VALUES (1624,'Promethazine');
INSERT INTO surgery (id,date,patient_id,doctor_id) VALUES (1625,'2019-12-21',989,305);
INSERT INTO meds_for_surgery (surgery_id,med) VALUES (1625,'Topotecan');
INSERT INTO surgery (id,date,patient_id,doctor_id) VALUES (1626,'2019-11-28',482,292);
INSERT INTO meds_for_surgery (surgery_id,med) VALUES (1626,'Aminocaproic Acid');
INSERT INTO surgery (id,date,patient_id,doctor_id) VALUES (1627,'2019-12-20',369,787);
INSERT INTO meds_for_surgery (surgery_id,med) VALUES (1627,'Furosemide');
INSERT INTO surgery (id,date,patient_id,doctor_id) VALUES (1628,'2019-12-10',460,620);
INSERT INTO meds_for_surgery (surgery_id,med) VALUES (1628,'Rasburicase');
INSERT INTO surgery (id,date,patient_id,doctor_id) VALUES (1629,'2019-11-30',310,11);
INSERT INTO meds_for_surgery (surgery_id,med) VALUES (1629,'Lorazepam');
INSERT INTO surgery (id,date,patient_id,doctor_id) VALUES (1630,'2019-12-07',676,414);
INSERT INTO meds_for_surgery (surgery_id,med) VALUES (1630,'Vinblastine');
INSERT INTO surgery (id,date,patient_id,doctor_id) VALUES (1631,'2019-12-11',664,784);
INSERT INTO meds_for_surgery (surgery_id,med) VALUES (1631,'Prednisone');
INSERT INTO surgery (id,date,patient_id,doctor_id) VALUES (1632,'2019-12-05',369,389);
INSERT INTO meds_for_surgery (surgery_id,med) VALUES (1632,'Aminocaproic Acid');
INSERT INTO surgery (id,date,patient_id,doctor_id) VALUES (1633,'2019-11-30',446,504);
INSERT INTO meds_for_surgery (surgery_id,med) VALUES (1633,'Gefitinib');
INSERT INTO surgery (id,date,patient_id,doctor_id) VALUES (1634,'2019-12-14',941,583);
INSERT INTO meds_for_surgery (surgery_id,med) VALUES (1634,'Cyproheptadine');
INSERT INTO surgery (id,date,patient_id,doctor_id) VALUES (1635,'2019-12-20',916,578);
INSERT INTO meds_for_surgery (surgery_id,med) VALUES (1635,'Rilpivirine');
INSERT INTO surgery (id,date,patient_id,doctor_id) VALUES (1636,'2019-12-08',666,539);
INSERT INTO meds_for_surgery (surgery_id,med) VALUES (1636,'Aprepitant');
INSERT INTO surgery (id,date,patient_id,doctor_id) VALUES (1637,'2019-12-11',320,936);
INSERT INTO meds_for_surgery (surgery_id,med) VALUES (1637,'Cytarabine');
INSERT INTO surgery (id,date,patient_id,doctor_id) VALUES (1638,'2019-12-06',558,800);
INSERT INTO meds_for_surgery (surgery_id,med) VALUES (1638,'Ruxolitinib');
INSERT INTO surgery (id,date,patient_id,doctor_id) VALUES (1639,'2019-11-27',761,284);
INSERT INTO meds_for_surgery (surgery_id,med) VALUES (1639,'Ketoconazole');
INSERT INTO surgery (id,date,patient_id,doctor_id) VALUES (1640,'2019-12-20',584,545);
INSERT INTO meds_for_surgery (surgery_id,med) VALUES (1640,'Etonogestrel');
INSERT INTO surgery (id,date,patient_id,doctor_id) VALUES (1641,'2019-12-15',195,432);
INSERT INTO meds_for_surgery (surgery_id,med) VALUES (1641,'Penicillin');
INSERT INTO surgery (id,date,patient_id,doctor_id) VALUES (1642,'2019-12-21',524,595);
INSERT INTO meds_for_surgery (surgery_id,med) VALUES (1642,'Pemetrexed');
INSERT INTO surgery (id,date,patient_id,doctor_id) VALUES (1643,'2019-12-07',717,62);
INSERT INTO meds_for_surgery (surgery_id,med) VALUES (1643,'Atovaquone');
INSERT INTO surgery (id,date,patient_id,doctor_id) VALUES (1644,'2019-12-20',767,50);
INSERT INTO meds_for_surgery (surgery_id,med) VALUES (1644,'Etravirine');
INSERT INTO surgery (id,date,patient_id,doctor_id) VALUES (1645,'2019-12-23',322,683);
INSERT INTO meds_for_surgery (surgery_id,med) VALUES (1645,'Aminocaproic Acid');
INSERT INTO surgery (id,date,patient_id,doctor_id) VALUES (1646,'2019-11-22',315,1000);
INSERT INTO meds_for_surgery (surgery_id,med) VALUES (1646,'Dasatinib');
INSERT INTO surgery (id,date,patient_id,doctor_id) VALUES (1647,'2019-12-16',767,770);
INSERT INTO meds_for_surgery (surgery_id,med) VALUES (1647,'Topotecan');
INSERT INTO surgery (id,date,patient_id,doctor_id) VALUES (1648,'2019-12-17',917,301);
INSERT INTO meds_for_surgery (surgery_id,med) VALUES (1648,'Etoposide');
INSERT INTO surgery (id,date,patient_id,doctor_id) VALUES (1649,'2019-12-14',304,50);
INSERT INTO meds_for_surgery (surgery_id,med) VALUES (1649,'Tobramycin');
INSERT INTO surgery (id,date,patient_id,doctor_id) VALUES (1650,'2019-11-26',159,540);
INSERT INTO meds_for_surgery (surgery_id,med) VALUES (1650,'Erythropoietin');
INSERT INTO surgery (id,date,patient_id,doctor_id) VALUES (1651,'2019-11-25',157,784);
INSERT INTO meds_for_surgery (surgery_id,med) VALUES (1651,'Granisetron');
INSERT INTO surgery (id,date,patient_id,doctor_id) VALUES (1652,'2019-12-04',921,232);
INSERT INTO meds_for_surgery (surgery_id,med) VALUES (1652,'Sugammadex');
INSERT INTO surgery (id,date,patient_id,doctor_id) VALUES (1653,'2019-11-20',810,677);
INSERT INTO meds_for_surgery (surgery_id,med) VALUES (1653,'Sirolimus');
INSERT INTO surgery (id,date,patient_id,doctor_id) VALUES (1654,'2019-12-01',767,375);
INSERT INTO meds_for_surgery (surgery_id,med) VALUES (1654,'Darunavir');
INSERT INTO surgery (id,date,patient_id,doctor_id) VALUES (1655,'2019-12-23',237,207);
INSERT INTO meds_for_surgery (surgery_id,med) VALUES (1655,'Acyclovir');
INSERT INTO surgery (id,date,patient_id,doctor_id) VALUES (1656,'2019-12-04',411,784);
INSERT INTO meds_for_surgery (surgery_id,med) VALUES (1656,'Clarithromycin');
INSERT INTO surgery (id,date,patient_id,doctor_id) VALUES (1657,'2019-12-15',283,135);
INSERT INTO meds_for_surgery (surgery_id,med) VALUES (1657,'Warfarin');
INSERT INTO surgery (id,date,patient_id,doctor_id) VALUES (1658,'2019-12-24',44,504);
INSERT INTO meds_for_surgery (surgery_id,med) VALUES (1658,'Interleukin');
INSERT INTO surgery (id,date,patient_id,doctor_id) VALUES (1659,'2019-12-18',890,372);
INSERT INTO meds_for_surgery (surgery_id,med) VALUES (1659,'Rasburicase');
INSERT INTO surgery (id,date,patient_id,doctor_id) VALUES (1660,'2019-12-21',217,539);
INSERT INTO meds_for_surgery (surgery_id,med) VALUES (1660,'Crizotinib');
INSERT INTO surgery (id,date,patient_id,doctor_id) VALUES (1661,'2019-11-20',195,875);
INSERT INTO meds_for_surgery (surgery_id,med) VALUES (1661,'Mechlorethamine');
INSERT INTO surgery (id,date,patient_id,doctor_id) VALUES (1662,'2019-11-25',482,745);
INSERT INTO meds_for_surgery (surgery_id,med) VALUES (1662,'Erlotinib');
INSERT INTO surgery (id,date,patient_id,doctor_id) VALUES (1663,'2019-12-24',424,683);
INSERT INTO meds_for_surgery (surgery_id,med) VALUES (1663,'Interleukin');
INSERT INTO surgery (id,date,patient_id,doctor_id) VALUES (1664,'2019-11-27',476,50);
INSERT INTO meds_for_surgery (surgery_id,med) VALUES (1664,'Probenecid');
INSERT INTO surgery (id,date,patient_id,doctor_id) VALUES (1665,'2019-12-20',773,787);
INSERT INTO meds_for_surgery (surgery_id,med) VALUES (1665,'Elvitegravir');
INSERT INTO surgery (id,date,patient_id,doctor_id) VALUES (1666,'2019-11-27',270,464);
INSERT INTO meds_for_surgery (surgery_id,med) VALUES (1666,'Calcium');
INSERT INTO surgery (id,date,patient_id,doctor_id) VALUES (1667,'2019-12-18',48,787);
INSERT INTO meds_for_surgery (surgery_id,med) VALUES (1667,'Carmustine');
INSERT INTO surgery (id,date,patient_id,doctor_id) VALUES (1668,'2019-12-03',446,464);
INSERT INTO meds_for_surgery (surgery_id,med) VALUES (1668,'Clindamycin');
INSERT INTO surgery (id,date,patient_id,doctor_id) VALUES (1669,'2019-11-26',190,515);
INSERT INTO meds_for_surgery (surgery_id,med) VALUES (1669,'Doxorubicin');
INSERT INTO surgery (id,date,patient_id,doctor_id) VALUES (1670,'2019-12-23',51,836);
INSERT INTO meds_for_surgery (surgery_id,med) VALUES (1670,'Fluconazole');
INSERT INTO surgery (id,date,patient_id,doctor_id) VALUES (1671,'2019-11-24',169,925);
INSERT INTO meds_for_surgery (surgery_id,med) VALUES (1671,'Tretinoin');
INSERT INTO surgery (id,date,patient_id,doctor_id) VALUES (1672,'2019-11-24',553,228);
INSERT INTO meds_for_surgery (surgery_id,med) VALUES (1672,'Mesna');
INSERT INTO surgery (id,date,patient_id,doctor_id) VALUES (1673,'2019-11-22',424,440);
INSERT INTO meds_for_surgery (surgery_id,med) VALUES (1673,'Nelfinavir');
INSERT INTO surgery (id,date,patient_id,doctor_id) VALUES (1674,'2019-12-05',49,881);
INSERT INTO meds_for_surgery (surgery_id,med) VALUES (1674,'Cefuroxime');
INSERT INTO surgery (id,date,patient_id,doctor_id) VALUES (1675,'2019-11-30',411,413);
INSERT INTO meds_for_surgery (surgery_id,med) VALUES (1675,'Pemetrexed');
INSERT INTO surgery (id,date,patient_id,doctor_id) VALUES (1676,'2019-12-24',48,508);
INSERT INTO meds_for_surgery (surgery_id,med) VALUES (1676,'Diclofenac');
INSERT INTO surgery (id,date,patient_id,doctor_id) VALUES (1677,'2019-12-23',553,491);
INSERT INTO meds_for_surgery (surgery_id,med) VALUES (1677,'Cisplatin');
INSERT INTO surgery (id,date,patient_id,doctor_id) VALUES (1678,'2019-12-01',773,621);
INSERT INTO meds_for_surgery (surgery_id,med) VALUES (1678,'Sirolimus');
INSERT INTO surgery (id,date,patient_id,doctor_id) VALUES (1679,'2019-11-26',239,542);
INSERT INTO meds_for_surgery (surgery_id,med) VALUES (1679,'Lopinavir');
INSERT INTO surgery (id,date,patient_id,doctor_id) VALUES (1680,'2019-11-26',248,397);
INSERT INTO meds_for_surgery (surgery_id,med) VALUES (1680,'Megestrol acetate');
INSERT INTO surgery (id,date,patient_id,doctor_id) VALUES (1681,'2019-11-26',45,389);
INSERT INTO meds_for_surgery (surgery_id,med) VALUES (1681,'Lomustine');
INSERT INTO surgery (id,date,patient_id,doctor_id) VALUES (1682,'2019-12-13',892,331);
INSERT INTO meds_for_surgery (surgery_id,med) VALUES (1682,'Pemetrexed');
INSERT INTO surgery (id,date,patient_id,doctor_id) VALUES (1683,'2019-12-03',249,576);
INSERT INTO meds_for_surgery (surgery_id,med) VALUES (1683,'Furosemide');
INSERT INTO surgery (id,date,patient_id,doctor_id) VALUES (1684,'2019-12-08',92,292);
INSERT INTO meds_for_surgery (surgery_id,med) VALUES (1684,'Erythropoietin');
INSERT INTO surgery (id,date,patient_id,doctor_id) VALUES (1685,'2019-12-04',496,100);
INSERT INTO meds_for_surgery (surgery_id,med) VALUES (1685,'Sorafenib');
INSERT INTO surgery (id,date,patient_id,doctor_id) VALUES (1686,'2019-12-16',13,662);
INSERT INTO meds_for_surgery (surgery_id,med) VALUES (1686,'Dexamethasone');
INSERT INTO surgery (id,date,patient_id,doctor_id) VALUES (1687,'2019-12-02',665,517);
INSERT INTO meds_for_surgery (surgery_id,med) VALUES (1687,'Tobramycin');
INSERT INTO surgery (id,date,patient_id,doctor_id) VALUES (1688,'2019-12-11',478,578);
INSERT INTO meds_for_surgery (surgery_id,med) VALUES (1688,'Leucovorin');
INSERT INTO surgery (id,date,patient_id,doctor_id) VALUES (1689,'2019-12-11',972,471);
INSERT INTO meds_for_surgery (surgery_id,med) VALUES (1689,'Crizotinib');
INSERT INTO surgery (id,date,patient_id,doctor_id) VALUES (1690,'2019-12-14',49,371);
INSERT INTO meds_for_surgery (surgery_id,med) VALUES (1690,'Zidovudine');
INSERT INTO surgery (id,date,patient_id,doctor_id) VALUES (1691,'2019-12-10',172,440);
INSERT INTO meds_for_surgery (surgery_id,med) VALUES (1691,'Imipenem');
INSERT INTO surgery (id,date,patient_id,doctor_id) VALUES (1692,'2019-11-23',226,622);
INSERT INTO meds_for_surgery (surgery_id,med) VALUES (1692,'Rasburicase');
INSERT INTO surgery (id,date,patient_id,doctor_id) VALUES (1693,'2019-12-12',826,918);
INSERT INTO meds_for_surgery (surgery_id,med) VALUES (1693,'Cephalexin');
INSERT INTO surgery (id,date,patient_id,doctor_id) VALUES (1694,'2019-11-20',496,181);
INSERT INTO meds_for_surgery (surgery_id,med) VALUES (1694,'Asparaginase');
INSERT INTO surgery (id,date,patient_id,doctor_id) VALUES (1695,'2019-12-05',46,382);
INSERT INTO meds_for_surgery (surgery_id,med) VALUES (1695,'GM-CSF');
INSERT INTO surgery (id,date,patient_id,doctor_id) VALUES (1696,'2019-12-20',486,66);
INSERT INTO meds_for_surgery (surgery_id,med) VALUES (1696,'Teniposide');
INSERT INTO surgery (id,date,patient_id,doctor_id) VALUES (1697,'2019-11-28',139,925);
INSERT INTO meds_for_surgery (surgery_id,med) VALUES (1697,'Alendronate');
INSERT INTO surgery (id,date,patient_id,doctor_id) VALUES (1698,'2019-12-17',46,933);
INSERT INTO meds_for_surgery (surgery_id,med) VALUES (1698,'Bleomycin');
INSERT INTO surgery (id,date,patient_id,doctor_id) VALUES (1699,'2019-11-30',739,387);
INSERT INTO meds_for_surgery (surgery_id,med) VALUES (1699,'Promethazine');
INSERT INTO surgery (id,date,patient_id,doctor_id) VALUES (1700,'2019-12-09',524,371);
INSERT INTO meds_for_surgery (surgery_id,med) VALUES (1700,'Fludarabine');
INSERT INTO surgery (id,date,patient_id,doctor_id) VALUES (1701,'2019-12-10',206,232);
INSERT INTO meds_for_surgery (surgery_id,med) VALUES (1701,'Posaconazole');
INSERT INTO surgery (id,date,patient_id,doctor_id) VALUES (1702,'2019-11-21',315,583);
INSERT INTO meds_for_surgery (surgery_id,med) VALUES (1702,'Carbamazepine');
INSERT INTO surgery (id,date,patient_id,doctor_id) VALUES (1703,'2019-12-12',195,783);
INSERT INTO meds_for_surgery (surgery_id,med) VALUES (1703,'Foscarnet');
INSERT INTO surgery (id,date,patient_id,doctor_id) VALUES (1704,'2019-11-22',687,825);
INSERT INTO meds_for_surgery (surgery_id,med) VALUES (1704,'Paclitaxel');
INSERT INTO surgery (id,date,patient_id,doctor_id) VALUES (1705,'2019-12-05',855,387);
INSERT INTO meds_for_surgery (surgery_id,med) VALUES (1705,'Cefaclor');
INSERT INTO surgery (id,date,patient_id,doctor_id) VALUES (1706,'2019-12-11',627,565);
INSERT INTO meds_for_surgery (surgery_id,med) VALUES (1706,'Deferasirox');
INSERT INTO surgery (id,date,patient_id,doctor_id) VALUES (1707,'2019-12-16',322,702);
INSERT INTO meds_for_surgery (surgery_id,med) VALUES (1707,'Foscarnet');
INSERT INTO surgery (id,date,patient_id,doctor_id) VALUES (1708,'2019-11-21',89,565);
INSERT INTO meds_for_surgery (surgery_id,med) VALUES (1708,'Irinotecan');
INSERT INTO surgery (id,date,patient_id,doctor_id) VALUES (1709,'2019-12-01',929,575);
INSERT INTO meds_for_surgery (surgery_id,med) VALUES (1709,'Meropenem');
INSERT INTO surgery (id,date,patient_id,doctor_id) VALUES (1710,'2019-11-27',682,448);
INSERT INTO meds_for_surgery (surgery_id,med) VALUES (1710,'Sucralfate');
INSERT INTO surgery (id,date,patient_id,doctor_id) VALUES (1711,'2019-12-06',560,193);
INSERT INTO meds_for_surgery (surgery_id,med) VALUES (1711,'Penicillin');
INSERT INTO surgery (id,date,patient_id,doctor_id) VALUES (1712,'2019-12-12',885,305);
INSERT INTO meds_for_surgery (surgery_id,med) VALUES (1712,'Methadone');
INSERT INTO surgery (id,date,patient_id,doctor_id) VALUES (1713,'2019-11-23',920,936);
INSERT INTO meds_for_surgery (surgery_id,med) VALUES (1713,'Dexamethasone');
INSERT INTO surgery (id,date,patient_id,doctor_id) VALUES (1714,'2019-12-10',343,973);
INSERT INTO meds_for_surgery (surgery_id,med) VALUES (1714,'Ruxolitinib');
INSERT INTO surgery (id,date,patient_id,doctor_id) VALUES (1715,'2019-12-03',159,375);
INSERT INTO meds_for_surgery (surgery_id,med) VALUES (1715,'Muromonab');
INSERT INTO surgery (id,date,patient_id,doctor_id) VALUES (1716,'2019-12-13',754,545);
INSERT INTO meds_for_surgery (surgery_id,med) VALUES (1716,'Aminocaproic Acid');
INSERT INTO surgery (id,date,patient_id,doctor_id) VALUES (1717,'2019-11-22',560,307);
INSERT INTO meds_for_surgery (surgery_id,med) VALUES (1717,'Fludarabine');
INSERT INTO surgery (id,date,patient_id,doctor_id) VALUES (1718,'2019-11-20',249,787);
INSERT INTO meds_for_surgery (surgery_id,med) VALUES (1718,'Imipenem');
INSERT INTO surgery (id,date,patient_id,doctor_id) VALUES (1719,'2019-11-28',177,694);
INSERT INTO meds_for_surgery (surgery_id,med) VALUES (1719,'Hydrocodone');
INSERT INTO surgery (id,date,patient_id,doctor_id) VALUES (1720,'2019-12-22',41,224);
INSERT INTO meds_for_surgery (surgery_id,med) VALUES (1720,'Hydrocortisone');
INSERT INTO surgery (id,date,patient_id,doctor_id) VALUES (1721,'2019-11-29',226,683);
INSERT INTO meds_for_surgery (surgery_id,med) VALUES (1721,'Micafungin');
INSERT INTO surgery (id,date,patient_id,doctor_id) VALUES (1722,'2019-11-27',747,702);
INSERT INTO meds_for_surgery (surgery_id,med) VALUES (1722,'Darunavir');
INSERT INTO surgery (id,date,patient_id,doctor_id) VALUES (1723,'2019-11-29',392,353);
INSERT INTO meds_for_surgery (surgery_id,med) VALUES (1723,'Isotretinoin');
INSERT INTO surgery (id,date,patient_id,doctor_id) VALUES (1724,'2019-12-10',310,991);
INSERT INTO meds_for_surgery (surgery_id,med) VALUES (1724,'Enoxaparin');
INSERT INTO surgery (id,date,patient_id,doctor_id) VALUES (1725,'2019-11-29',73,62);
INSERT INTO meds_for_surgery (surgery_id,med) VALUES (1725,'Norepinephrine');
INSERT INTO surgery (id,date,patient_id,doctor_id) VALUES (1726,'2019-11-27',262,8);
INSERT INTO meds_for_surgery (surgery_id,med) VALUES (1726,'Erythromycin');
INSERT INTO surgery (id,date,patient_id,doctor_id) VALUES (1727,'2019-12-09',855,595);
INSERT INTO meds_for_surgery (surgery_id,med) VALUES (1727,'Etoposide');
INSERT INTO surgery (id,date,patient_id,doctor_id) VALUES (1728,'2019-12-13',348,545);
INSERT INTO meds_for_surgery (surgery_id,med) VALUES (1728,'Cytarabine');
INSERT INTO surgery (id,date,patient_id,doctor_id) VALUES (1729,'2019-12-23',983,544);
INSERT INTO meds_for_surgery (surgery_id,med) VALUES (1729,'Hydrocortisone');
INSERT INTO surgery (id,date,patient_id,doctor_id) VALUES (1730,'2019-11-26',133,292);
INSERT INTO meds_for_surgery (surgery_id,med) VALUES (1730,'Hydralazine');
INSERT INTO surgery (id,date,patient_id,doctor_id) VALUES (1731,'2019-12-14',71,806);
INSERT INTO meds_for_surgery (surgery_id,med) VALUES (1731,'Vinblastine');
INSERT INTO surgery (id,date,patient_id,doctor_id) VALUES (1732,'2019-12-07',481,135);
INSERT INTO meds_for_surgery (surgery_id,med) VALUES (1732,'Promethazine');
INSERT INTO surgery (id,date,patient_id,doctor_id) VALUES (1733,'2019-12-14',739,565);
INSERT INTO meds_for_surgery (surgery_id,med) VALUES (1733,'Topotecan');
INSERT INTO surgery (id,date,patient_id,doctor_id) VALUES (1734,'2019-11-22',146,746);
INSERT INTO meds_for_surgery (surgery_id,med) VALUES (1734,'Deferasirox');
INSERT INTO surgery (id,date,patient_id,doctor_id) VALUES (1735,'2019-12-22',304,372);
INSERT INTO meds_for_surgery (surgery_id,med) VALUES (1735,'Meloxicam');
INSERT INTO surgery (id,date,patient_id,doctor_id) VALUES (1736,'2019-12-16',130,440);
INSERT INTO meds_for_surgery (surgery_id,med) VALUES (1736,'Cephalexin');
INSERT INTO surgery (id,date,patient_id,doctor_id) VALUES (1737,'2019-12-06',685,181);
INSERT INTO meds_for_surgery (surgery_id,med) VALUES (1737,'Fluconazole');
INSERT INTO surgery (id,date,patient_id,doctor_id) VALUES (1738,'2019-12-10',213,372);
INSERT INTO meds_for_surgery (surgery_id,med) VALUES (1738,'Methylphenidate');
INSERT INTO surgery (id,date,patient_id,doctor_id) VALUES (1739,'2019-11-28',959,181);
INSERT INTO meds_for_surgery (surgery_id,med) VALUES (1739,'Calcium');
INSERT INTO surgery (id,date,patient_id,doctor_id) VALUES (1740,'2019-11-29',373,770);
INSERT INTO meds_for_surgery (surgery_id,med) VALUES (1740,'Procarbazine');
INSERT INTO surgery (id,date,patient_id,doctor_id) VALUES (1741,'2019-11-29',663,295);
INSERT INTO meds_for_surgery (surgery_id,med) VALUES (1741,'Warfarin');
INSERT INTO surgery (id,date,patient_id,doctor_id) VALUES (1742,'2019-12-13',605,968);
INSERT INTO meds_for_surgery (surgery_id,med) VALUES (1742,'Prednisone');
INSERT INTO surgery (id,date,patient_id,doctor_id) VALUES (1743,'2019-12-14',760,491);
INSERT INTO meds_for_surgery (surgery_id,med) VALUES (1743,'Clofarabine');
INSERT INTO surgery (id,date,patient_id,doctor_id) VALUES (1744,'2019-11-20',754,440);
INSERT INTO meds_for_surgery (surgery_id,med) VALUES (1744,'Alemtuzumab');
INSERT INTO surgery (id,date,patient_id,doctor_id) VALUES (1745,'2019-12-20',252,575);
INSERT INTO meds_for_surgery (surgery_id,med) VALUES (1745,'Alemtuzumab');
INSERT INTO surgery (id,date,patient_id,doctor_id) VALUES (1746,'2019-12-14',608,544);
INSERT INTO meds_for_surgery (surgery_id,med) VALUES (1746,'Cefuroxime');
INSERT INTO surgery (id,date,patient_id,doctor_id) VALUES (1747,'2019-12-02',747,517);
INSERT INTO meds_for_surgery (surgery_id,med) VALUES (1747,'Baclofen');
INSERT INTO surgery (id,date,patient_id,doctor_id) VALUES (1748,'2019-11-23',916,846);
INSERT INTO meds_for_surgery (surgery_id,med) VALUES (1748,'Ritonavir');
INSERT INTO surgery (id,date,patient_id,doctor_id) VALUES (1749,'2019-12-03',44,621);
INSERT INTO meds_for_surgery (surgery_id,med) VALUES (1749,'Sunitinib');
INSERT INTO surgery (id,date,patient_id,doctor_id) VALUES (1750,'2019-12-08',587,614);
INSERT INTO meds_for_surgery (surgery_id,med) VALUES (1750,'Etonogestrel');
INSERT INTO surgery (id,date,patient_id,doctor_id) VALUES (1751,'2019-11-28',617,702);
INSERT INTO meds_for_surgery (surgery_id,med) VALUES (1751,'Linezolid');
INSERT INTO surgery (id,date,patient_id,doctor_id) VALUES (1752,'2019-11-21',6,620);
INSERT INTO meds_for_surgery (surgery_id,med) VALUES (1752,'Immune');
INSERT INTO surgery (id,date,patient_id,doctor_id) VALUES (1753,'2019-11-28',747,222);
INSERT INTO meds_for_surgery (surgery_id,med) VALUES (1753,'Mesna');
INSERT INTO surgery (id,date,patient_id,doctor_id) VALUES (1754,'2019-11-24',605,599);
INSERT INTO meds_for_surgery (surgery_id,med) VALUES (1754,'Cyclobenzaprine');
INSERT INTO surgery (id,date,patient_id,doctor_id) VALUES (1755,'2019-11-28',217,836);
INSERT INTO meds_for_surgery (surgery_id,med) VALUES (1755,'L-glutamine');
INSERT INTO surgery (id,date,patient_id,doctor_id) VALUES (1756,'2019-12-22',641,351);
INSERT INTO meds_for_surgery (surgery_id,med) VALUES (1756,'Morphine');
INSERT INTO surgery (id,date,patient_id,doctor_id) VALUES (1757,'2019-12-06',984,680);
INSERT INTO meds_for_surgery (surgery_id,med) VALUES (1757,'Tenofovir');
INSERT INTO surgery (id,date,patient_id,doctor_id) VALUES (1758,'2019-11-29',505,662);
INSERT INTO meds_for_surgery (surgery_id,med) VALUES (1758,'Atenolol');
INSERT INTO surgery (id,date,patient_id,doctor_id) VALUES (1759,'2019-12-15',262,825);
INSERT INTO meds_for_surgery (surgery_id,med) VALUES (1759,'Cefaclor');
INSERT INTO surgery (id,date,patient_id,doctor_id) VALUES (1760,'2019-12-08',92,533);
INSERT INTO meds_for_surgery (surgery_id,med) VALUES (1760,'Immune');
INSERT INTO surgery (id,date,patient_id,doctor_id) VALUES (1761,'2019-12-21',221,341);
INSERT INTO meds_for_surgery (surgery_id,med) VALUES (1761,'Bleomycin');
INSERT INTO surgery (id,date,patient_id,doctor_id) VALUES (1762,'2019-11-28',634,821);
INSERT INTO meds_for_surgery (surgery_id,med) VALUES (1762,'Sugammadex');
INSERT INTO surgery (id,date,patient_id,doctor_id) VALUES (1763,'2019-12-20',916,918);
INSERT INTO meds_for_surgery (surgery_id,med) VALUES (1763,'Hydralazine');
INSERT INTO surgery (id,date,patient_id,doctor_id) VALUES (1764,'2019-12-24',589,683);
INSERT INTO meds_for_surgery (surgery_id,med) VALUES (1764,'Azithromycin');
INSERT INTO surgery (id,date,patient_id,doctor_id) VALUES (1765,'2019-12-21',103,181);
INSERT INTO meds_for_surgery (surgery_id,med) VALUES (1765,'Cefaclor');
INSERT INTO surgery (id,date,patient_id,doctor_id) VALUES (1766,'2019-12-19',572,599);
INSERT INTO meds_for_surgery (surgery_id,med) VALUES (1766,'Metronidazole');
INSERT INTO surgery (id,date,patient_id,doctor_id) VALUES (1767,'2019-12-02',133,652);
INSERT INTO meds_for_surgery (surgery_id,med) VALUES (1767,'Cephalexin');
INSERT INTO surgery (id,date,patient_id,doctor_id) VALUES (1768,'2019-11-21',424,351);
INSERT INTO meds_for_surgery (surgery_id,med) VALUES (1768,'GM-CSF');
INSERT INTO surgery (id,date,patient_id,doctor_id) VALUES (1769,'2019-12-02',476,784);
INSERT INTO meds_for_surgery (surgery_id,med) VALUES (1769,'Ruxolitinib');
INSERT INTO surgery (id,date,patient_id,doctor_id) VALUES (1770,'2019-12-22',892,846);
INSERT INTO meds_for_surgery (surgery_id,med) VALUES (1770,'Stavudine');
INSERT INTO surgery (id,date,patient_id,doctor_id) VALUES (1771,'2019-12-22',320,101);
INSERT INTO meds_for_surgery (surgery_id,med) VALUES (1771,'Dacarbazine');
INSERT INTO surgery (id,date,patient_id,doctor_id) VALUES (1772,'2019-12-23',929,50);
INSERT INTO meds_for_surgery (surgery_id,med) VALUES (1772,'Thioguanine');
INSERT INTO surgery (id,date,patient_id,doctor_id) VALUES (1773,'2019-12-11',424,783);
INSERT INTO meds_for_surgery (surgery_id,med) VALUES (1773,'Meperidine');
INSERT INTO surgery (id,date,patient_id,doctor_id) VALUES (1774,'2019-12-06',617,437);
INSERT INTO meds_for_surgery (surgery_id,med) VALUES (1774,'Lamivudine');
INSERT INTO surgery (id,date,patient_id,doctor_id) VALUES (1775,'2019-12-06',483,918);
INSERT INTO meds_for_surgery (surgery_id,med) VALUES (1775,'Doxorubicin');
INSERT INTO surgery (id,date,patient_id,doctor_id) VALUES (1776,'2019-12-09',89,11);
INSERT INTO meds_for_surgery (surgery_id,med) VALUES (1776,'Didanosine');
INSERT INTO surgery (id,date,patient_id,doctor_id) VALUES (1777,'2019-12-06',311,934);
INSERT INTO meds_for_surgery (surgery_id,med) VALUES (1777,'Norepinephrine');
INSERT INTO surgery (id,date,patient_id,doctor_id) VALUES (1778,'2019-11-26',151,964);
INSERT INTO meds_for_surgery (surgery_id,med) VALUES (1778,'Clofarabine');
INSERT INTO surgery (id,date,patient_id,doctor_id) VALUES (1779,'2019-12-11',178,170);
INSERT INTO meds_for_surgery (surgery_id,med) VALUES (1779,'Cefixime');
INSERT INTO surgery (id,date,patient_id,doctor_id) VALUES (1780,'2019-11-29',63,126);
INSERT INTO meds_for_surgery (surgery_id,med) VALUES (1780,'Cyclosporine');
INSERT INTO surgery (id,date,patient_id,doctor_id) VALUES (1781,'2019-12-13',505,512);
INSERT INTO meds_for_surgery (surgery_id,med) VALUES (1781,'Thiotepa');
INSERT INTO surgery (id,date,patient_id,doctor_id) VALUES (1782,'2019-11-29',334,295);
INSERT INTO meds_for_surgery (surgery_id,med) VALUES (1782,'Carbamazepine');
INSERT INTO surgery (id,date,patient_id,doctor_id) VALUES (1783,'2019-11-29',949,126);
INSERT INTO meds_for_surgery (surgery_id,med) VALUES (1783,'Norepinephrine');
INSERT INTO surgery (id,date,patient_id,doctor_id) VALUES (1784,'2019-12-22',476,903);
INSERT INTO meds_for_surgery (surgery_id,med) VALUES (1784,'Cefaclor');
INSERT INTO surgery (id,date,patient_id,doctor_id) VALUES (1785,'2019-12-11',747,504);
INSERT INTO meds_for_surgery (surgery_id,med) VALUES (1785,'Mesna');
INSERT INTO surgery (id,date,patient_id,doctor_id) VALUES (1786,'2019-11-20',118,101);
INSERT INTO meds_for_surgery (surgery_id,med) VALUES (1786,'Methylphenidate');
INSERT INTO surgery (id,date,patient_id,doctor_id) VALUES (1787,'2019-12-15',34,769);
INSERT INTO meds_for_surgery (surgery_id,med) VALUES (1787,'Sorafenib');
INSERT INTO surgery (id,date,patient_id,doctor_id) VALUES (1788,'2019-11-21',454,128);
INSERT INTO meds_for_surgery (surgery_id,med) VALUES (1788,'Etravirine');
INSERT INTO surgery (id,date,patient_id,doctor_id) VALUES (1789,'2019-12-05',560,857);
INSERT INTO meds_for_surgery (surgery_id,med) VALUES (1789,'Melphalan');
INSERT INTO surgery (id,date,patient_id,doctor_id) VALUES (1790,'2019-11-24',840,351);
INSERT INTO meds_for_surgery (surgery_id,med) VALUES (1790,'Mitotane');
INSERT INTO surgery (id,date,patient_id,doctor_id) VALUES (1791,'2019-12-15',182,224);
INSERT INTO meds_for_surgery (surgery_id,med) VALUES (1791,'Labetalol');
INSERT INTO surgery (id,date,patient_id,doctor_id) VALUES (1792,'2019-12-24',747,621);
INSERT INTO meds_for_surgery (surgery_id,med) VALUES (1792,'Atovaquone');
INSERT INTO surgery (id,date,patient_id,doctor_id) VALUES (1793,'2019-12-06',334,579);
INSERT INTO meds_for_surgery (surgery_id,med) VALUES (1793,'Atenolol');
INSERT INTO surgery (id,date,patient_id,doctor_id) VALUES (1794,'2019-12-16',890,622);
INSERT INTO meds_for_surgery (surgery_id,med) VALUES (1794,'Mechlorethamine');
INSERT INTO surgery (id,date,patient_id,doctor_id) VALUES (1795,'2019-12-08',226,721);
INSERT INTO meds_for_surgery (surgery_id,med) VALUES (1795,'Warfarin');
INSERT INTO surgery (id,date,patient_id,doctor_id) VALUES (1796,'2019-12-04',322,598);
INSERT INTO meds_for_surgery (surgery_id,med) VALUES (1796,'Dasatinib');
INSERT INTO surgery (id,date,patient_id,doctor_id) VALUES (1797,'2019-12-20',326,280);
INSERT INTO meds_for_surgery (surgery_id,med) VALUES (1797,'Clofarabine');
INSERT INTO surgery (id,date,patient_id,doctor_id) VALUES (1798,'2019-12-02',296,100);
INSERT INTO meds_for_surgery (surgery_id,med) VALUES (1798,'Phenytoin');
INSERT INTO surgery (id,date,patient_id,doctor_id) VALUES (1799,'2019-12-16',239,991);
INSERT INTO meds_for_surgery (surgery_id,med) VALUES (1799,'Imipenem');
INSERT INTO surgery (id,date,patient_id,doctor_id) VALUES (1800,'2019-11-28',304,625);
INSERT INTO meds_for_surgery (surgery_id,med) VALUES (1800,'Imatinib');
INSERT INTO surgery (id,date,patient_id,doctor_id) VALUES (1801,'2019-12-20',659,437);
INSERT INTO meds_for_surgery (surgery_id,med) VALUES (1801,'Vinblastine');
INSERT INTO surgery (id,date,patient_id,doctor_id) VALUES (1802,'2019-11-22',320,193);
INSERT INTO meds_for_surgery (surgery_id,med) VALUES (1802,'Muromonab');
INSERT INTO surgery (id,date,patient_id,doctor_id) VALUES (1803,'2019-12-01',664,622);
INSERT INTO meds_for_surgery (surgery_id,med) VALUES (1803,'Posaconazole');
INSERT INTO surgery (id,date,patient_id,doctor_id) VALUES (1804,'2019-11-27',959,992);
INSERT INTO meds_for_surgery (surgery_id,med) VALUES (1804,'Leucovorin');
INSERT INTO surgery (id,date,patient_id,doctor_id) VALUES (1805,'2019-11-30',553,301);
INSERT INTO meds_for_surgery (surgery_id,med) VALUES (1805,'Doxorubicin');
INSERT INTO surgery (id,date,patient_id,doctor_id) VALUES (1806,'2019-12-03',73,540);
INSERT INTO meds_for_surgery (surgery_id,med) VALUES (1806,'Penicillin');
INSERT INTO surgery (id,date,patient_id,doctor_id) VALUES (1807,'2019-11-28',831,62);
INSERT INTO meds_for_surgery (surgery_id,med) VALUES (1807,'PEGaspargase');
INSERT INTO surgery (id,date,patient_id,doctor_id) VALUES (1808,'2019-12-19',505,783);
INSERT INTO meds_for_surgery (surgery_id,med) VALUES (1808,'Ifosfamide');
INSERT INTO surgery (id,date,patient_id,doctor_id) VALUES (1809,'2019-12-05',972,259);
INSERT INTO meds_for_surgery (surgery_id,med) VALUES (1809,'Probenecid');
INSERT INTO surgery (id,date,patient_id,doctor_id) VALUES (1810,'2019-11-24',840,259);
INSERT INTO meds_for_surgery (surgery_id,med) VALUES (1810,'G-CSF');
INSERT INTO surgery (id,date,patient_id,doctor_id) VALUES (1811,'2019-11-30',172,417);
INSERT INTO meds_for_surgery (surgery_id,med) VALUES (1811,'Captopril');
INSERT INTO surgery (id,date,patient_id,doctor_id) VALUES (1812,'2019-12-03',739,295);
INSERT INTO meds_for_surgery (surgery_id,med) VALUES (1812,'Meperidine');
INSERT INTO surgery (id,date,patient_id,doctor_id) VALUES (1813,'2019-12-13',959,1000);
INSERT INTO meds_for_surgery (surgery_id,med) VALUES (1813,'Azithromycin');
INSERT INTO surgery (id,date,patient_id,doctor_id) VALUES (1814,'2019-12-21',760,903);
INSERT INTO meds_for_surgery (surgery_id,med) VALUES (1814,'Tenofovir');
INSERT INTO surgery (id,date,patient_id,doctor_id) VALUES (1815,'2019-12-23',983,244);
INSERT INTO meds_for_surgery (surgery_id,med) VALUES (1815,'Fluorouracil');
INSERT INTO surgery (id,date,patient_id,doctor_id) VALUES (1816,'2019-12-23',947,632);
INSERT INTO meds_for_surgery (surgery_id,med) VALUES (1816,'Dapsone');
INSERT INTO surgery (id,date,patient_id,doctor_id) VALUES (1817,'2019-11-23',320,662);
INSERT INTO meds_for_surgery (surgery_id,med) VALUES (1817,'Hydromorphone');
INSERT INTO surgery (id,date,patient_id,doctor_id) VALUES (1818,'2019-12-14',735,598);
INSERT INTO meds_for_surgery (surgery_id,med) VALUES (1818,'Irinotecan');
INSERT INTO surgery (id,date,patient_id,doctor_id) VALUES (1819,'2019-11-28',695,399);
INSERT INTO meds_for_surgery (surgery_id,med) VALUES (1819,'Raltegravir');
INSERT INTO surgery (id,date,patient_id,doctor_id) VALUES (1820,'2019-11-27',898,66);
INSERT INTO meds_for_surgery (surgery_id,med) VALUES (1820,'Imipenem');
INSERT INTO surgery (id,date,patient_id,doctor_id) VALUES (1821,'2019-11-27',75,3);
INSERT INTO meds_for_surgery (surgery_id,med) VALUES (1821,'Ondansetron');
INSERT INTO surgery (id,date,patient_id,doctor_id) VALUES (1822,'2019-12-16',391,745);
INSERT INTO meds_for_surgery (surgery_id,med) VALUES (1822,'Cisplatin');
INSERT INTO surgery (id,date,patient_id,doctor_id) VALUES (1823,'2019-11-20',352,599);
INSERT INTO meds_for_surgery (surgery_id,med) VALUES (1823,'Methylphenidate');
INSERT INTO surgery (id,date,patient_id,doctor_id) VALUES (1824,'2019-12-24',949,539);
INSERT INTO meds_for_surgery (surgery_id,med) VALUES (1824,'Granisetron');
INSERT INTO surgery (id,date,patient_id,doctor_id) VALUES (1825,'2019-11-21',505,614);
INSERT INTO meds_for_surgery (surgery_id,med) VALUES (1825,'Rilpivirine');
INSERT INTO surgery (id,date,patient_id,doctor_id) VALUES (1826,'2019-12-11',560,504);
INSERT INTO meds_for_surgery (surgery_id,med) VALUES (1826,'Thiotepa');
INSERT INTO surgery (id,date,patient_id,doctor_id) VALUES (1827,'2019-12-17',68,881);
INSERT INTO meds_for_surgery (surgery_id,med) VALUES (1827,'Zidovudine');
INSERT INTO surgery (id,date,patient_id,doctor_id) VALUES (1828,'2019-12-06',76,363);
INSERT INTO meds_for_surgery (surgery_id,med) VALUES (1828,'Nevirapine');
INSERT INTO surgery (id,date,patient_id,doctor_id) VALUES (1829,'2019-12-09',505,881);
INSERT INTO meds_for_surgery (surgery_id,med) VALUES (1829,'Amikacin');
INSERT INTO surgery (id,date,patient_id,doctor_id) VALUES (1830,'2019-12-06',269,471);
INSERT INTO meds_for_surgery (surgery_id,med) VALUES (1830,'Immune');
INSERT INTO surgery (id,date,patient_id,doctor_id) VALUES (1831,'2019-11-24',147,968);
INSERT INTO meds_for_surgery (surgery_id,med) VALUES (1831,'Sorafenib');
INSERT INTO surgery (id,date,patient_id,doctor_id) VALUES (1832,'2019-12-19',133,363);
INSERT INTO meds_for_surgery (surgery_id,med) VALUES (1832,'Cyclophosphamide');
INSERT INTO surgery (id,date,patient_id,doctor_id) VALUES (1833,'2019-12-01',644,973);
INSERT INTO meds_for_surgery (surgery_id,med) VALUES (1833,'Eltrombopag');
INSERT INTO surgery (id,date,patient_id,doctor_id) VALUES (1834,'2019-12-10',921,621);
INSERT INTO meds_for_surgery (surgery_id,med) VALUES (1834,'Sugammadex');
INSERT INTO surgery (id,date,patient_id,doctor_id) VALUES (1835,'2019-12-01',311,332);
INSERT INTO meds_for_surgery (surgery_id,med) VALUES (1835,'Emtricitabine');
INSERT INTO surgery (id,date,patient_id,doctor_id) VALUES (1836,'2019-12-13',172,632);
INSERT INTO meds_for_surgery (surgery_id,med) VALUES (1836,'Mercaptopurine');
INSERT INTO surgery (id,date,patient_id,doctor_id) VALUES (1837,'2019-12-14',6,782);
INSERT INTO meds_for_surgery (surgery_id,med) VALUES (1837,'Ritonavir');
INSERT INTO surgery (id,date,patient_id,doctor_id) VALUES (1838,'2019-11-25',984,915);
INSERT INTO meds_for_surgery (surgery_id,med) VALUES (1838,'Topotecan');
INSERT INTO surgery (id,date,patient_id,doctor_id) VALUES (1839,'2019-12-13',304,783);
INSERT INTO meds_for_surgery (surgery_id,med) VALUES (1839,'Dexamethasone');
INSERT INTO surgery (id,date,patient_id,doctor_id) VALUES (1840,'2019-11-25',348,621);
INSERT INTO meds_for_surgery (surgery_id,med) VALUES (1840,'Vancomycin');
INSERT INTO surgery (id,date,patient_id,doctor_id) VALUES (1841,'2019-12-15',41,12);
INSERT INTO meds_for_surgery (surgery_id,med) VALUES (1841,'Amlodipine');
INSERT INTO surgery (id,date,patient_id,doctor_id) VALUES (1842,'2019-12-12',334,371);
INSERT INTO meds_for_surgery (surgery_id,med) VALUES (1842,'Warfarin');
INSERT INTO surgery (id,date,patient_id,doctor_id) VALUES (1843,'2019-12-07',482,440);
INSERT INTO meds_for_surgery (surgery_id,med) VALUES (1843,'Dacarbazine');
INSERT INTO surgery (id,date,patient_id,doctor_id) VALUES (1844,'2019-12-08',172,181);
INSERT INTO meds_for_surgery (surgery_id,med) VALUES (1844,'Furosemide');
INSERT INTO surgery (id,date,patient_id,doctor_id) VALUES (1845,'2019-11-22',373,385);
INSERT INTO meds_for_surgery (surgery_id,med) VALUES (1845,'Pentamidine');
INSERT INTO surgery (id,date,patient_id,doctor_id) VALUES (1846,'2019-12-14',51,614);
INSERT INTO meds_for_surgery (surgery_id,med) VALUES (1846,'Dactinomycin');
INSERT INTO surgery (id,date,patient_id,doctor_id) VALUES (1847,'2019-11-22',269,935);
INSERT INTO meds_for_surgery (surgery_id,med) VALUES (1847,'Lorazepam');
INSERT INTO surgery (id,date,patient_id,doctor_id) VALUES (1848,'2019-12-16',761,622);
INSERT INTO meds_for_surgery (surgery_id,med) VALUES (1848,'Vancomycin');
INSERT INTO surgery (id,date,patient_id,doctor_id) VALUES (1849,'2019-12-19',133,846);
INSERT INTO meds_for_surgery (surgery_id,med) VALUES (1849,'Norepinephrine');
INSERT INTO surgery (id,date,patient_id,doctor_id) VALUES (1850,'2019-12-06',840,677);
INSERT INTO meds_for_surgery (surgery_id,med) VALUES (1850,'Elvitegravir');
INSERT INTO surgery (id,date,patient_id,doctor_id) VALUES (1851,'2019-11-21',963,128);
INSERT INTO meds_for_surgery (surgery_id,med) VALUES (1851,'Sirolimus');
INSERT INTO surgery (id,date,patient_id,doctor_id) VALUES (1852,'2019-12-16',63,313);
INSERT INTO meds_for_surgery (surgery_id,med) VALUES (1852,'Penicillin');
INSERT INTO surgery (id,date,patient_id,doctor_id) VALUES (1853,'2019-12-14',247,390);
INSERT INTO meds_for_surgery (surgery_id,med) VALUES (1853,'Acyclovir');
INSERT INTO surgery (id,date,patient_id,doctor_id) VALUES (1854,'2019-12-15',947,621);
INSERT INTO meds_for_surgery (surgery_id,med) VALUES (1854,'Amikacin');
INSERT INTO surgery (id,date,patient_id,doctor_id) VALUES (1855,'2019-11-26',767,331);
INSERT INTO meds_for_surgery (surgery_id,med) VALUES (1855,'Mitotane');
INSERT INTO surgery (id,date,patient_id,doctor_id) VALUES (1856,'2019-12-11',290,825);
INSERT INTO meds_for_surgery (surgery_id,med) VALUES (1856,'Tacrolimus');
INSERT INTO surgery (id,date,patient_id,doctor_id) VALUES (1857,'2019-11-20',802,540);
INSERT INTO meds_for_surgery (surgery_id,med) VALUES (1857,'Foscarnet');
INSERT INTO surgery (id,date,patient_id,doctor_id) VALUES (1858,'2019-12-04',19,622);
INSERT INTO meds_for_surgery (surgery_id,med) VALUES (1858,'Muromonab');
INSERT INTO surgery (id,date,patient_id,doctor_id) VALUES (1859,'2019-12-09',739,721);
INSERT INTO meds_for_surgery (surgery_id,med) VALUES (1859,'Elvitegravir');
INSERT INTO surgery (id,date,patient_id,doctor_id) VALUES (1860,'2019-12-08',195,545);
INSERT INTO meds_for_surgery (surgery_id,med) VALUES (1860,'Probenecid');
INSERT INTO surgery (id,date,patient_id,doctor_id) VALUES (1861,'2019-12-02',641,135);
INSERT INTO meds_for_surgery (surgery_id,med) VALUES (1861,'Desmopressin');
INSERT INTO surgery (id,date,patient_id,doctor_id) VALUES (1862,'2019-12-07',175,390);
INSERT INTO meds_for_surgery (surgery_id,med) VALUES (1862,'Emtricitabine');
INSERT INTO surgery (id,date,patient_id,doctor_id) VALUES (1863,'2019-11-21',859,903);
INSERT INTO meds_for_surgery (surgery_id,med) VALUES (1863,'Amifostine');
INSERT INTO surgery (id,date,patient_id,doctor_id) VALUES (1864,'2019-12-23',311,389);
INSERT INTO meds_for_surgery (surgery_id,med) VALUES (1864,'Dapsone');
INSERT INTO surgery (id,date,patient_id,doctor_id) VALUES (1865,'2019-11-22',49,313);
INSERT INTO meds_for_surgery (surgery_id,med) VALUES (1865,'Maraviroc');
INSERT INTO surgery (id,date,patient_id,doctor_id) VALUES (1866,'2019-12-06',290,836);
INSERT INTO meds_for_surgery (surgery_id,med) VALUES (1866,'Carmustine');
INSERT INTO surgery (id,date,patient_id,doctor_id) VALUES (1867,'2019-12-07',634,787);
INSERT INTO meds_for_surgery (surgery_id,med) VALUES (1867,'Interleukin');
INSERT INTO surgery (id,date,patient_id,doctor_id) VALUES (1868,'2019-11-22',174,652);
INSERT INTO meds_for_surgery (surgery_id,med) VALUES (1868,'Morphine');
INSERT INTO surgery (id,date,patient_id,doctor_id) VALUES (1869,'2019-12-20',296,387);
INSERT INTO meds_for_surgery (surgery_id,med) VALUES (1869,'Tretinoin');
INSERT INTO surgery (id,date,patient_id,doctor_id) VALUES (1870,'2019-12-07',608,135);
INSERT INTO meds_for_surgery (surgery_id,med) VALUES (1870,'Procarbazine');
INSERT INTO surgery (id,date,patient_id,doctor_id) VALUES (1871,'2019-12-01',173,576);
INSERT INTO meds_for_surgery (surgery_id,med) VALUES (1871,'Pegfilgrastim');
INSERT INTO surgery (id,date,patient_id,doctor_id) VALUES (1872,'2019-12-01',75,930);
INSERT INTO meds_for_surgery (surgery_id,med) VALUES (1872,'Methotrexate');
INSERT INTO surgery (id,date,patient_id,doctor_id) VALUES (1873,'2019-11-21',478,632);
INSERT INTO meds_for_surgery (surgery_id,med) VALUES (1873,'Prednisone');
INSERT INTO surgery (id,date,patient_id,doctor_id) VALUES (1874,'2019-12-02',411,614);
INSERT INTO meds_for_surgery (surgery_id,med) VALUES (1874,'Atenolol');
INSERT INTO surgery (id,date,patient_id,doctor_id) VALUES (1875,'2019-12-14',570,575);
INSERT INTO meds_for_surgery (surgery_id,med) VALUES (1875,'Cidofovir');
INSERT INTO surgery (id,date,patient_id,doctor_id) VALUES (1876,'2019-12-08',424,471);
INSERT INTO meds_for_surgery (surgery_id,med) VALUES (1876,'Captopril');
INSERT INTO surgery (id,date,patient_id,doctor_id) VALUES (1877,'2019-12-16',239,389);
INSERT INTO meds_for_surgery (surgery_id,med) VALUES (1877,'Ifosfamide');
INSERT INTO surgery (id,date,patient_id,doctor_id) VALUES (1878,'2019-11-20',314,66);
INSERT INTO meds_for_surgery (surgery_id,med) VALUES (1878,'Micafungin');
INSERT INTO surgery (id,date,patient_id,doctor_id) VALUES (1879,'2019-12-08',173,232);
INSERT INTO meds_for_surgery (surgery_id,med) VALUES (1879,'Itraconazole');
INSERT INTO surgery (id,date,patient_id,doctor_id) VALUES (1880,'2019-12-09',343,539);
INSERT INTO meds_for_surgery (surgery_id,med) VALUES (1880,'Dopamine');
INSERT INTO surgery (id,date,patient_id,doctor_id) VALUES (1881,'2019-12-06',283,387);
INSERT INTO meds_for_surgery (surgery_id,med) VALUES (1881,'Clindamycin');
INSERT INTO surgery (id,date,patient_id,doctor_id) VALUES (1882,'2019-11-30',416,504);
INSERT INTO meds_for_surgery (surgery_id,med) VALUES (1882,'Didanosine');
INSERT INTO surgery (id,date,patient_id,doctor_id) VALUES (1883,'2019-12-07',890,595);
INSERT INTO meds_for_surgery (surgery_id,med) VALUES (1883,'Cyclophosphamide');
INSERT INTO surgery (id,date,patient_id,doctor_id) VALUES (1884,'2019-12-14',892,595);
INSERT INTO meds_for_surgery (surgery_id,med) VALUES (1884,'Lopinavir');
INSERT INTO surgery (id,date,patient_id,doctor_id) VALUES (1885,'2019-12-11',174,295);
INSERT INTO meds_for_surgery (surgery_id,med) VALUES (1885,'L-glutamine');
INSERT INTO surgery (id,date,patient_id,doctor_id) VALUES (1886,'2019-12-19',48,544);
INSERT INTO meds_for_surgery (surgery_id,med) VALUES (1886,'GM-CSF');
INSERT INTO surgery (id,date,patient_id,doctor_id) VALUES (1887,'2019-12-20',949,800);
INSERT INTO meds_for_surgery (surgery_id,med) VALUES (1887,'Interferon');
INSERT INTO surgery (id,date,patient_id,doctor_id) VALUES (1888,'2019-12-13',754,903);
INSERT INTO meds_for_surgery (surgery_id,med) VALUES (1888,'Didanosine');
INSERT INTO surgery (id,date,patient_id,doctor_id) VALUES (1889,'2019-11-26',13,746);
INSERT INTO meds_for_surgery (surgery_id,med) VALUES (1889,'Norepinephrine');
INSERT INTO surgery (id,date,patient_id,doctor_id) VALUES (1890,'2019-12-15',49,934);
INSERT INTO meds_for_surgery (surgery_id,med) VALUES (1890,'Melphalan');
INSERT INTO surgery (id,date,patient_id,doctor_id) VALUES (1891,'2019-12-18',339,533);
INSERT INTO meds_for_surgery (surgery_id,med) VALUES (1891,'Ondansetron');
INSERT INTO surgery (id,date,patient_id,doctor_id) VALUES (1892,'2019-12-04',334,903);
INSERT INTO meds_for_surgery (surgery_id,med) VALUES (1892,'Megestrol acetate');
INSERT INTO surgery (id,date,patient_id,doctor_id) VALUES (1893,'2019-12-17',133,851);
INSERT INTO meds_for_surgery (surgery_id,med) VALUES (1893,'Propoxyphene');
INSERT INTO surgery (id,date,patient_id,doctor_id) VALUES (1894,'2019-12-08',240,693);
INSERT INTO meds_for_surgery (surgery_id,med) VALUES (1894,'Pegfilgrastim');
INSERT INTO surgery (id,date,patient_id,doctor_id) VALUES (1895,'2019-11-26',311,331);
INSERT INTO meds_for_surgery (surgery_id,med) VALUES (1895,'Nelarabine');
INSERT INTO surgery (id,date,patient_id,doctor_id) VALUES (1896,'2019-12-21',315,806);
INSERT INTO meds_for_surgery (surgery_id,med) VALUES (1896,'Allopurinol');
INSERT INTO surgery (id,date,patient_id,doctor_id) VALUES (1897,'2019-11-21',665,540);
INSERT INTO meds_for_surgery (surgery_id,med) VALUES (1897,'Atovaquone');
INSERT INTO surgery (id,date,patient_id,doctor_id) VALUES (1898,'2019-12-07',134,598);
INSERT INTO meds_for_surgery (surgery_id,med) VALUES (1898,'Maraviroc');
INSERT INTO surgery (id,date,patient_id,doctor_id) VALUES (1899,'2019-12-24',496,662);
INSERT INTO meds_for_surgery (surgery_id,med) VALUES (1899,'Efavirenz');
INSERT INTO surgery (id,date,patient_id,doctor_id) VALUES (1900,'2019-11-25',218,440);
INSERT INTO meds_for_surgery (surgery_id,med) VALUES (1900,'Dapsone');
INSERT INTO surgery (id,date,patient_id,doctor_id) VALUES (1901,'2019-12-01',476,305);
INSERT INTO meds_for_surgery (surgery_id,med) VALUES (1901,'Erythromycin');
INSERT INTO surgery (id,date,patient_id,doctor_id) VALUES (1902,'2019-12-19',560,363);
INSERT INTO meds_for_surgery (surgery_id,med) VALUES (1902,'Cefepime');
INSERT INTO surgery (id,date,patient_id,doctor_id) VALUES (1903,'2019-12-05',735,372);
INSERT INTO meds_for_surgery (surgery_id,med) VALUES (1903,'Tacrolimus');
INSERT INTO surgery (id,date,patient_id,doctor_id) VALUES (1904,'2019-12-17',892,313);
INSERT INTO meds_for_surgery (surgery_id,med) VALUES (1904,'Lamivudine');
INSERT INTO surgery (id,date,patient_id,doctor_id) VALUES (1905,'2019-12-19',209,100);
INSERT INTO meds_for_surgery (surgery_id,med) VALUES (1905,'Modafinil');
INSERT INTO surgery (id,date,patient_id,doctor_id) VALUES (1906,'2019-12-19',236,517);
INSERT INTO meds_for_surgery (surgery_id,med) VALUES (1906,'Posaconazole');
INSERT INTO surgery (id,date,patient_id,doctor_id) VALUES (1907,'2019-12-23',46,417);
INSERT INTO meds_for_surgery (surgery_id,med) VALUES (1907,'Bortezomib');
INSERT INTO surgery (id,date,patient_id,doctor_id) VALUES (1908,'2019-12-08',572,491);
INSERT INTO meds_for_surgery (surgery_id,med) VALUES (1908,'Procarbazine');
INSERT INTO surgery (id,date,patient_id,doctor_id) VALUES (1909,'2019-12-12',252,224);
INSERT INTO meds_for_surgery (surgery_id,med) VALUES (1909,'PEGaspargase');
INSERT INTO surgery (id,date,patient_id,doctor_id) VALUES (1910,'2019-12-11',514,988);
INSERT INTO meds_for_surgery (surgery_id,med) VALUES (1910,'Dinutuximab');
INSERT INTO surgery (id,date,patient_id,doctor_id) VALUES (1911,'2019-11-29',68,973);
INSERT INTO meds_for_surgery (surgery_id,med) VALUES (1911,'Levothyroxine');
INSERT INTO surgery (id,date,patient_id,doctor_id) VALUES (1912,'2019-12-21',849,925);
INSERT INTO meds_for_surgery (surgery_id,med) VALUES (1912,'Cyproheptadine');
INSERT INTO surgery (id,date,patient_id,doctor_id) VALUES (1913,'2019-12-03',676,448);
INSERT INTO meds_for_surgery (surgery_id,med) VALUES (1913,'Cefuroxime');
INSERT INTO surgery (id,date,patient_id,doctor_id) VALUES (1914,'2019-11-28',272,545);
INSERT INTO meds_for_surgery (surgery_id,med) VALUES (1914,'Nelarabine');
INSERT INTO surgery (id,date,patient_id,doctor_id) VALUES (1915,'2019-12-23',558,413);
INSERT INTO meds_for_surgery (surgery_id,med) VALUES (1915,'Labetalol');
INSERT INTO surgery (id,date,patient_id,doctor_id) VALUES (1916,'2019-11-27',71,565);
INSERT INTO meds_for_surgery (surgery_id,med) VALUES (1916,'Enalapril');
INSERT INTO surgery (id,date,patient_id,doctor_id) VALUES (1917,'2019-11-22',643,504);
INSERT INTO meds_for_surgery (surgery_id,med) VALUES (1917,'Immune');
INSERT INTO surgery (id,date,patient_id,doctor_id) VALUES (1918,'2019-12-15',474,295);
INSERT INTO meds_for_surgery (surgery_id,med) VALUES (1918,'Abacavir');
INSERT INTO surgery (id,date,patient_id,doctor_id) VALUES (1919,'2019-11-22',272,11);
INSERT INTO meds_for_surgery (surgery_id,med) VALUES (1919,'Vorinostat');
INSERT INTO surgery (id,date,patient_id,doctor_id) VALUES (1920,'2019-12-21',972,504);
INSERT INTO meds_for_surgery (surgery_id,med) VALUES (1920,'Procarbazine');
INSERT INTO surgery (id,date,patient_id,doctor_id) VALUES (1921,'2019-12-16',941,544);
INSERT INTO meds_for_surgery (surgery_id,med) VALUES (1921,'Imatinib');
INSERT INTO surgery (id,date,patient_id,doctor_id) VALUES (1922,'2019-12-12',209,11);
INSERT INTO meds_for_surgery (surgery_id,med) VALUES (1922,'Saquinavir');
INSERT INTO surgery (id,date,patient_id,doctor_id) VALUES (1923,'2019-12-01',416,508);
INSERT INTO meds_for_surgery (surgery_id,med) VALUES (1923,'Clobazam');
INSERT INTO surgery (id,date,patient_id,doctor_id) VALUES (1924,'2019-12-22',989,881);
INSERT INTO meds_for_surgery (surgery_id,med) VALUES (1924,'Dacarbazine');
INSERT INTO surgery (id,date,patient_id,doctor_id) VALUES (1925,'2019-12-10',103,495);
INSERT INTO meds_for_surgery (surgery_id,med) VALUES (1925,'Meloxicam');
INSERT INTO surgery (id,date,patient_id,doctor_id) VALUES (1926,'2019-11-20',984,440);
INSERT INTO meds_for_surgery (surgery_id,med) VALUES (1926,'Voriconazole');
INSERT INTO surgery (id,date,patient_id,doctor_id) VALUES (1927,'2019-11-21',685,382);
INSERT INTO meds_for_surgery (surgery_id,med) VALUES (1927,'Interleukin');
INSERT INTO surgery (id,date,patient_id,doctor_id) VALUES (1928,'2019-12-14',743,101);
INSERT INTO meds_for_surgery (surgery_id,med) VALUES (1928,'Dacarbazine');
INSERT INTO surgery (id,date,patient_id,doctor_id) VALUES (1929,'2019-11-21',343,126);
INSERT INTO meds_for_surgery (surgery_id,med) VALUES (1929,'Methotrexate');
INSERT INTO surgery (id,date,patient_id,doctor_id) VALUES (1930,'2019-12-19',605,784);
INSERT INTO meds_for_surgery (surgery_id,med) VALUES (1930,'Lamivudine');
INSERT INTO surgery (id,date,patient_id,doctor_id) VALUES (1931,'2019-11-24',45,846);
INSERT INTO meds_for_surgery (surgery_id,med) VALUES (1931,'Teniposide');
INSERT INTO surgery (id,date,patient_id,doctor_id) VALUES (1932,'2019-11-28',49,292);
INSERT INTO meds_for_surgery (surgery_id,med) VALUES (1932,'Propoxyphene');
INSERT INTO surgery (id,date,patient_id,doctor_id) VALUES (1933,'2019-12-01',60,351);
INSERT INTO meds_for_surgery (surgery_id,med) VALUES (1933,'Cladribine');
INSERT INTO surgery (id,date,patient_id,doctor_id) VALUES (1934,'2019-11-30',469,851);
INSERT INTO meds_for_surgery (surgery_id,med) VALUES (1934,'Phosphorus');
INSERT INTO surgery (id,date,patient_id,doctor_id) VALUES (1935,'2019-12-21',210,915);
INSERT INTO meds_for_surgery (surgery_id,med) VALUES (1935,'Voriconazole');
INSERT INTO surgery (id,date,patient_id,doctor_id) VALUES (1936,'2019-12-19',299,991);
INSERT INTO meds_for_surgery (surgery_id,med) VALUES (1936,'Hydralazine');
INSERT INTO surgery (id,date,patient_id,doctor_id) VALUES (1937,'2019-11-21',869,389);
INSERT INTO meds_for_surgery (surgery_id,med) VALUES (1937,'Fludarabine');
INSERT INTO surgery (id,date,patient_id,doctor_id) VALUES (1938,'2019-11-27',44,836);
INSERT INTO meds_for_surgery (surgery_id,med) VALUES (1938,'Potassium');
INSERT INTO surgery (id,date,patient_id,doctor_id) VALUES (1939,'2019-11-25',647,936);
INSERT INTO meds_for_surgery (surgery_id,med) VALUES (1939,'Didanosine');
INSERT INTO surgery (id,date,patient_id,doctor_id) VALUES (1940,'2019-11-23',849,50);
INSERT INTO meds_for_surgery (surgery_id,med) VALUES (1940,'Cephalexin');
INSERT INTO surgery (id,date,patient_id,doctor_id) VALUES (1941,'2019-12-14',134,295);
INSERT INTO meds_for_surgery (surgery_id,med) VALUES (1941,'Tretinoin');
INSERT INTO surgery (id,date,patient_id,doctor_id) VALUES (1942,'2019-11-28',296,542);
INSERT INTO meds_for_surgery (surgery_id,med) VALUES (1942,'Methotrexate');
INSERT INTO surgery (id,date,patient_id,doctor_id) VALUES (1943,'2019-11-24',560,66);
INSERT INTO meds_for_surgery (surgery_id,med) VALUES (1943,'Dopamine');
INSERT INTO surgery (id,date,patient_id,doctor_id) VALUES (1944,'2019-12-22',424,181);
INSERT INTO meds_for_surgery (surgery_id,med) VALUES (1944,'Mechlorethamine');
INSERT INTO surgery (id,date,patient_id,doctor_id) VALUES (1945,'2019-12-20',198,382);
INSERT INTO meds_for_surgery (surgery_id,med) VALUES (1945,'Lamivudine');
INSERT INTO surgery (id,date,patient_id,doctor_id) VALUES (1946,'2019-12-17',983,846);
INSERT INTO meds_for_surgery (surgery_id,med) VALUES (1946,'Hydralazine');
INSERT INTO surgery (id,date,patient_id,doctor_id) VALUES (1947,'2019-11-21',984,332);
INSERT INTO meds_for_surgery (surgery_id,med) VALUES (1947,'Muromonab');
INSERT INTO surgery (id,date,patient_id,doctor_id) VALUES (1948,'2019-12-02',270,471);
INSERT INTO meds_for_surgery (surgery_id,med) VALUES (1948,'Erlotinib');
INSERT INTO surgery (id,date,patient_id,doctor_id) VALUES (1949,'2019-12-14',469,933);
INSERT INTO meds_for_surgery (surgery_id,med) VALUES (1949,'Melphalan');
INSERT INTO surgery (id,date,patient_id,doctor_id) VALUES (1950,'2019-12-10',172,464);
INSERT INTO meds_for_surgery (surgery_id,med) VALUES (1950,'Rivaroxaban');
INSERT INTO surgery (id,date,patient_id,doctor_id) VALUES (1951,'2019-12-04',73,576);
INSERT INTO meds_for_surgery (surgery_id,med) VALUES (1951,'Phenobarbital');
INSERT INTO surgery (id,date,patient_id,doctor_id) VALUES (1952,'2019-12-06',476,397);
INSERT INTO meds_for_surgery (surgery_id,med) VALUES (1952,'Cidofovir');
INSERT INTO surgery (id,date,patient_id,doctor_id) VALUES (1953,'2019-11-30',483,515);
INSERT INTO meds_for_surgery (surgery_id,med) VALUES (1953,'Norepinephrine');
INSERT INTO surgery (id,date,patient_id,doctor_id) VALUES (1954,'2019-12-05',558,966);
INSERT INTO meds_for_surgery (surgery_id,med) VALUES (1954,'Acyclovir');
INSERT INTO surgery (id,date,patient_id,doctor_id) VALUES (1955,'2019-11-22',871,11);
INSERT INTO meds_for_surgery (surgery_id,med) VALUES (1955,'Mitotane');
INSERT INTO surgery (id,date,patient_id,doctor_id) VALUES (1956,'2019-12-01',949,583);
INSERT INTO meds_for_surgery (surgery_id,med) VALUES (1956,'Atazanavir');
INSERT INTO surgery (id,date,patient_id,doctor_id) VALUES (1957,'2019-12-03',634,746);
INSERT INTO meds_for_surgery (surgery_id,med) VALUES (1957,'Cisplatin');
INSERT INTO surgery (id,date,patient_id,doctor_id) VALUES (1958,'2019-11-29',476,915);
INSERT INTO meds_for_surgery (surgery_id,med) VALUES (1958,'Deferasirox');
INSERT INTO surgery (id,date,patient_id,doctor_id) VALUES (1959,'2019-11-21',157,228);
INSERT INTO meds_for_surgery (surgery_id,med) VALUES (1959,'Hydromorphone');
INSERT INTO surgery (id,date,patient_id,doctor_id) VALUES (1960,'2019-11-30',247,319);
INSERT INTO meds_for_surgery (surgery_id,med) VALUES (1960,'Tobramycin');
INSERT INTO surgery (id,date,patient_id,doctor_id) VALUES (1961,'2019-12-07',240,683);
INSERT INTO meds_for_surgery (surgery_id,med) VALUES (1961,'Morphine');
INSERT INTO surgery (id,date,patient_id,doctor_id) VALUES (1962,'2019-11-25',357,851);
INSERT INTO meds_for_surgery (surgery_id,med) VALUES (1962,'Vorinostat');
INSERT INTO surgery (id,date,patient_id,doctor_id) VALUES (1963,'2019-12-13',659,783);
INSERT INTO meds_for_surgery (surgery_id,med) VALUES (1963,'Ruxolitinib');
INSERT INTO surgery (id,date,patient_id,doctor_id) VALUES (1964,'2019-12-02',802,301);
INSERT INTO meds_for_surgery (surgery_id,med) VALUES (1964,'Dobutamine');
INSERT INTO surgery (id,date,patient_id,doctor_id) VALUES (1965,'2019-12-23',147,66);
INSERT INTO meds_for_surgery (surgery_id,med) VALUES (1965,'Carbamazepine');
INSERT INTO surgery (id,date,patient_id,doctor_id) VALUES (1966,'2019-12-04',60,515);
INSERT INTO meds_for_surgery (surgery_id,med) VALUES (1966,'Oxycodone');
INSERT INTO surgery (id,date,patient_id,doctor_id) VALUES (1967,'2019-12-11',443,448);
INSERT INTO meds_for_surgery (surgery_id,med) VALUES (1967,'Methadone');
INSERT INTO surgery (id,date,patient_id,doctor_id) VALUES (1968,'2019-12-19',947,693);
INSERT INTO meds_for_surgery (surgery_id,med) VALUES (1968,'Foscarnet');
INSERT INTO surgery (id,date,patient_id,doctor_id) VALUES (1969,'2019-12-21',322,632);
INSERT INTO meds_for_surgery (surgery_id,med) VALUES (1969,'Vincristine');
INSERT INTO surgery (id,date,patient_id,doctor_id) VALUES (1970,'2019-12-21',76,783);
INSERT INTO meds_for_surgery (surgery_id,med) VALUES (1970,'Sirolimus');
INSERT INTO surgery (id,date,patient_id,doctor_id) VALUES (1971,'2019-11-21',416,539);
INSERT INTO meds_for_surgery (surgery_id,med) VALUES (1971,'Clobazam');
INSERT INTO surgery (id,date,patient_id,doctor_id) VALUES (1972,'2019-12-18',927,934);
INSERT INTO meds_for_surgery (surgery_id,med) VALUES (1972,'Etoposide');
INSERT INTO surgery (id,date,patient_id,doctor_id) VALUES (1973,'2019-12-14',300,50);
INSERT INTO meds_for_surgery (surgery_id,med) VALUES (1973,'Hydromorphone');
INSERT INTO surgery (id,date,patient_id,doctor_id) VALUES (1974,'2019-12-04',947,508);
INSERT INTO meds_for_surgery (surgery_id,med) VALUES (1974,'Rasburicase');
INSERT INTO surgery (id,date,patient_id,doctor_id) VALUES (1975,'2019-11-23',320,371);
INSERT INTO meds_for_surgery (surgery_id,med) VALUES (1975,'Paclitaxel');
INSERT INTO surgery (id,date,patient_id,doctor_id) VALUES (1976,'2019-12-24',647,738);
INSERT INTO meds_for_surgery (surgery_id,med) VALUES (1976,'Busulfan');
INSERT INTO surgery (id,date,patient_id,doctor_id) VALUES (1977,'2019-12-05',921,576);
INSERT INTO meds_for_surgery (surgery_id,med) VALUES (1977,'Magnesium');
INSERT INTO surgery (id,date,patient_id,doctor_id) VALUES (1978,'2019-11-24',157,280);
INSERT INTO meds_for_surgery (surgery_id,med) VALUES (1978,'Thiotepa');
INSERT INTO surgery (id,date,patient_id,doctor_id) VALUES (1979,'2019-12-07',735,625);
INSERT INTO meds_for_surgery (surgery_id,med) VALUES (1979,'Cyclosporine');
INSERT INTO surgery (id,date,patient_id,doctor_id) VALUES (1980,'2019-12-15',352,554);
INSERT INTO meds_for_surgery (surgery_id,med) VALUES (1980,'Lomustine');
INSERT INTO surgery (id,date,patient_id,doctor_id) VALUES (1981,'2019-12-10',369,988);
INSERT INTO meds_for_surgery (surgery_id,med) VALUES (1981,'Imipenem');
INSERT INTO surgery (id,date,patient_id,doctor_id) VALUES (1982,'2019-12-01',71,598);
INSERT INTO meds_for_surgery (surgery_id,med) VALUES (1982,'Magnesium');
INSERT INTO surgery (id,date,patient_id,doctor_id) VALUES (1983,'2019-12-02',478,498);
INSERT INTO meds_for_surgery (surgery_id,med) VALUES (1983,'Tobramycin');
INSERT INTO surgery (id,date,patient_id,doctor_id) VALUES (1984,'2019-11-24',949,508);
INSERT INTO meds_for_surgery (surgery_id,med) VALUES (1984,'Atovaquone');
INSERT INTO surgery (id,date,patient_id,doctor_id) VALUES (1985,'2019-11-25',369,3);
INSERT INTO meds_for_surgery (surgery_id,med) VALUES (1985,'Clarithromycin');
INSERT INTO surgery (id,date,patient_id,doctor_id) VALUES (1986,'2019-12-06',334,694);
INSERT INTO meds_for_surgery (surgery_id,med) VALUES (1986,'Foscarnet');
INSERT INTO surgery (id,date,patient_id,doctor_id) VALUES (1987,'2019-11-20',826,331);
INSERT INTO meds_for_surgery (surgery_id,med) VALUES (1987,'Darunavir');
INSERT INTO surgery (id,date,patient_id,doctor_id) VALUES (1988,'2019-11-30',296,787);
INSERT INTO meds_for_surgery (surgery_id,med) VALUES (1988,'Atenolol');
INSERT INTO surgery (id,date,patient_id,doctor_id) VALUES (1989,'2019-12-02',201,964);
INSERT INTO meds_for_surgery (surgery_id,med) VALUES (1989,'Saquinavir');
INSERT INTO surgery (id,date,patient_id,doctor_id) VALUES (1990,'2019-12-16',151,517);
INSERT INTO meds_for_surgery (surgery_id,med) VALUES (1990,'Vorinostat');
INSERT INTO surgery (id,date,patient_id,doctor_id) VALUES (1991,'2019-12-14',173,992);
INSERT INTO meds_for_surgery (surgery_id,med) VALUES (1991,'Mitotane');
INSERT INTO surgery (id,date,patient_id,doctor_id) VALUES (1992,'2019-11-24',717,440);
INSERT INTO meds_for_surgery (surgery_id,med) VALUES (1992,'Cytarabine');
INSERT INTO surgery (id,date,patient_id,doctor_id) VALUES (1993,'2019-12-03',184,836);
INSERT INTO meds_for_surgery (surgery_id,med) VALUES (1993,'Isotretinoin');
INSERT INTO surgery (id,date,patient_id,doctor_id) VALUES (1994,'2019-12-05',272,539);
INSERT INTO meds_for_surgery (surgery_id,med) VALUES (1994,'Gemtuzumab');
INSERT INTO surgery (id,date,patient_id,doctor_id) VALUES (1995,'2019-12-15',247,389);
INSERT INTO meds_for_surgery (surgery_id,med) VALUES (1995,'Dinutuximab');
INSERT INTO surgery (id,date,patient_id,doctor_id) VALUES (1996,'2019-11-20',885,622);
INSERT INTO meds_for_surgery (surgery_id,med) VALUES (1996,'Atovaquone');
INSERT INTO surgery (id,date,patient_id,doctor_id) VALUES (1997,'2019-11-29',177,319);
INSERT INTO meds_for_surgery (surgery_id,med) VALUES (1997,'Alemtuzumab');
INSERT INTO surgery (id,date,patient_id,doctor_id) VALUES (1998,'2019-12-24',570,207);
INSERT INTO meds_for_surgery (surgery_id,med) VALUES (1998,'Alemtuzumab');
INSERT INTO surgery (id,date,patient_id,doctor_id) VALUES (1999,'2019-12-12',927,533);
INSERT INTO meds_for_surgery (surgery_id,med) VALUES (1999,'Ketoconazole');
INSERT INTO surgery (id,date,patient_id,doctor_id) VALUES (2000,'2019-11-28',972,389);
INSERT INTO meds_for_surgery (surgery_id,med) VALUES (2000,'Tacrolimus');
INSERT INTO surgery (id,date,patient_id,doctor_id) VALUES (2001,'2019-12-01',666,471);
INSERT INTO meds_for_surgery (surgery_id,med) VALUES (2001,'Alendronate');
INSERT INTO surgery (id,date,patient_id,doctor_id) VALUES (2002,'2019-12-20',269,292);
INSERT INTO meds_for_surgery (surgery_id,med) VALUES (2002,'Cefaclor');
INSERT INTO surgery (id,date,patient_id,doctor_id) VALUES (2003,'2019-11-30',190,683);
INSERT INTO meds_for_surgery (surgery_id,med) VALUES (2003,'Phosphorus');
INSERT INTO surgery (id,date,patient_id,doctor_id) VALUES (2004,'2019-11-29',36,313);
INSERT INTO meds_for_surgery (surgery_id,med) VALUES (2004,'Teniposide');
INSERT INTO surgery (id,date,patient_id,doctor_id) VALUES (2005,'2019-11-25',791,164);
INSERT INTO meds_for_surgery (surgery_id,med) VALUES (2005,'Ganciclovir');
INSERT INTO surgery (id,date,patient_id,doctor_id) VALUES (2006,'2019-12-08',871,224);
INSERT INTO meds_for_surgery (surgery_id,med) VALUES (2006,'Paclitaxel');
INSERT INTO surgery (id,date,patient_id,doctor_id) VALUES (2007,'2019-12-16',921,579);
INSERT INTO meds_for_surgery (surgery_id,med) VALUES (2007,'Labetalol');
INSERT INTO surgery (id,date,patient_id,doctor_id) VALUES (2008,'2019-12-12',823,540);
INSERT INTO meds_for_surgery (surgery_id,med) VALUES (2008,'PEGaspargase');
INSERT INTO surgery (id,date,patient_id,doctor_id) VALUES (2009,'2019-11-27',871,417);
INSERT INTO meds_for_surgery (surgery_id,med) VALUES (2009,'Mercaptopurine');
INSERT INTO surgery (id,date,patient_id,doctor_id) VALUES (2010,'2019-12-21',68,338);
INSERT INTO meds_for_surgery (surgery_id,med) VALUES (2010,'Hydrocodone');
INSERT INTO surgery (id,date,patient_id,doctor_id) VALUES (2011,'2019-11-29',553,371);
INSERT INTO meds_for_surgery (surgery_id,med) VALUES (2011,'Amoxicillin');
INSERT INTO surgery (id,date,patient_id,doctor_id) VALUES (2012,'2019-11-28',514,933);
INSERT INTO meds_for_surgery (surgery_id,med) VALUES (2012,'Cefixime');
INSERT INTO surgery (id,date,patient_id,doctor_id) VALUES (2013,'2019-12-22',68,413);
INSERT INTO meds_for_surgery (surgery_id,med) VALUES (2013,'Sirolimus');
INSERT INTO surgery (id,date,patient_id,doctor_id) VALUES (2014,'2019-11-30',60,292);
INSERT INTO meds_for_surgery (surgery_id,med) VALUES (2014,'Cladribine');
INSERT INTO surgery (id,date,patient_id,doctor_id) VALUES (2015,'2019-11-30',983,11);
INSERT INTO meds_for_surgery (surgery_id,med) VALUES (2015,'Micafungin');
INSERT INTO surgery (id,date,patient_id,doctor_id) VALUES (2016,'2019-12-06',178,964);
INSERT INTO meds_for_surgery (surgery_id,med) VALUES (2016,'Mitotane');
INSERT INTO surgery (id,date,patient_id,doctor_id) VALUES (2017,'2019-11-22',391,495);
INSERT INTO meds_for_surgery (surgery_id,med) VALUES (2017,'Heparin');
INSERT INTO surgery (id,date,patient_id,doctor_id) VALUES (2018,'2019-12-09',584,930);
INSERT INTO meds_for_surgery (surgery_id,med) VALUES (2018,'Atazanavir');
INSERT INTO surgery (id,date,patient_id,doctor_id) VALUES (2019,'2019-12-06',182,933);
INSERT INTO meds_for_surgery (surgery_id,med) VALUES (2019,'Muromonab');
INSERT INTO surgery (id,date,patient_id,doctor_id) VALUES (2020,'2019-12-16',373,738);
INSERT INTO meds_for_surgery (surgery_id,med) VALUES (2020,'Megestrol acetate');
INSERT INTO surgery (id,date,patient_id,doctor_id) VALUES (2021,'2019-12-01',391,787);
INSERT INTO meds_for_surgery (surgery_id,med) VALUES (2021,'Rituximab');
INSERT INTO surgery (id,date,patient_id,doctor_id) VALUES (2022,'2019-12-23',496,437);
INSERT INTO meds_for_surgery (surgery_id,med) VALUES (2022,'Dactinomycin');
INSERT INTO surgery (id,date,patient_id,doctor_id) VALUES (2023,'2019-12-04',945,508);
INSERT INTO meds_for_surgery (surgery_id,med) VALUES (2023,'Ondansetron');
INSERT INTO surgery (id,date,patient_id,doctor_id) VALUES (2024,'2019-12-21',178,699);
INSERT INTO meds_for_surgery (surgery_id,med) VALUES (2024,'Pegfilgrastim');
INSERT INTO surgery (id,date,patient_id,doctor_id) VALUES (2025,'2019-12-07',416,413);
INSERT INTO meds_for_surgery (surgery_id,med) VALUES (2025,'Alendronate');
INSERT INTO surgery (id,date,patient_id,doctor_id) VALUES (2026,'2019-12-16',698,332);
INSERT INTO meds_for_surgery (surgery_id,med) VALUES (2026,'Labetalol');
INSERT INTO surgery (id,date,patient_id,doctor_id) VALUES (2027,'2019-12-24',572,933);
INSERT INTO meds_for_surgery (surgery_id,med) VALUES (2027,'Allopurinol');
INSERT INTO surgery (id,date,patient_id,doctor_id) VALUES (2028,'2019-11-26',68,126);
INSERT INTO meds_for_surgery (surgery_id,med) VALUES (2028,'Nelarabine');
INSERT INTO surgery (id,date,patient_id,doctor_id) VALUES (2029,'2019-12-17',357,414);
INSERT INTO meds_for_surgery (surgery_id,med) VALUES (2029,'Itraconazole');
INSERT INTO surgery (id,date,patient_id,doctor_id) VALUES (2030,'2019-11-25',664,301);
INSERT INTO meds_for_surgery (surgery_id,med) VALUES (2030,'Saquinavir');
INSERT INTO surgery (id,date,patient_id,doctor_id) VALUES (2031,'2019-12-10',201,12);
INSERT INTO meds_for_surgery (surgery_id,med) VALUES (2031,'Didanosine');
INSERT INTO surgery (id,date,patient_id,doctor_id) VALUES (2032,'2019-12-03',34,583);
INSERT INTO meds_for_surgery (surgery_id,med) VALUES (2032,'Immune');
INSERT INTO surgery (id,date,patient_id,doctor_id) VALUES (2033,'2019-12-08',214,540);
INSERT INTO meds_for_surgery (surgery_id,med) VALUES (2033,'Mechlorethamine');
INSERT INTO surgery (id,date,patient_id,doctor_id) VALUES (2034,'2019-11-26',898,338);
INSERT INTO meds_for_surgery (surgery_id,med) VALUES (2034,'Doxorubicin');
INSERT INTO surgery (id,date,patient_id,doctor_id) VALUES (2035,'2019-12-15',476,579);
INSERT INTO meds_for_surgery (surgery_id,med) VALUES (2035,'Carbamazepine');
INSERT INTO surgery (id,date,patient_id,doctor_id) VALUES (2036,'2019-11-29',890,782);
INSERT INTO meds_for_surgery (surgery_id,med) VALUES (2036,'Mesna');
INSERT INTO surgery (id,date,patient_id,doctor_id) VALUES (2037,'2019-11-24',754,896);
INSERT INTO meds_for_surgery (surgery_id,med) VALUES (2037,'Fluconazole');
INSERT INTO surgery (id,date,patient_id,doctor_id) VALUES (2038,'2019-11-24',213,126);
INSERT INTO meds_for_surgery (surgery_id,med) VALUES (2038,'Ruxolitinib');
INSERT INTO surgery (id,date,patient_id,doctor_id) VALUES (2039,'2019-12-04',852,575);
INSERT INTO meds_for_surgery (surgery_id,med) VALUES (2039,'Zidovudine');
INSERT INTO surgery (id,date,patient_id,doctor_id) VALUES (2040,'2019-11-23',249,363);
INSERT INTO meds_for_surgery (surgery_id,med) VALUES (2040,'Norepinephrine');
INSERT INTO surgery (id,date,patient_id,doctor_id) VALUES (2041,'2019-12-21',917,545);
INSERT INTO meds_for_surgery (surgery_id,med) VALUES (2041,'Amifostine');
INSERT INTO surgery (id,date,patient_id,doctor_id) VALUES (2042,'2019-12-01',659,992);
INSERT INTO meds_for_surgery (surgery_id,med) VALUES (2042,'Mesna');
INSERT INTO surgery (id,date,patient_id,doctor_id) VALUES (2043,'2019-12-04',713,295);
INSERT INTO meds_for_surgery (surgery_id,med) VALUES (2043,'Acyclovir');
INSERT INTO surgery (id,date,patient_id,doctor_id) VALUES (2044,'2019-12-21',217,988);
INSERT INTO meds_for_surgery (surgery_id,med) VALUES (2044,'L-glutamine');
INSERT INTO surgery (id,date,patient_id,doctor_id) VALUES (2045,'2019-12-02',236,371);
INSERT INTO meds_for_surgery (surgery_id,med) VALUES (2045,'Ritonavir');
INSERT INTO surgery (id,date,patient_id,doctor_id) VALUES (2046,'2019-12-19',655,331);
INSERT INTO meds_for_surgery (surgery_id,med) VALUES (2046,'Interferon');
INSERT INTO surgery (id,date,patient_id,doctor_id) VALUES (2047,'2019-12-19',240,966);
INSERT INTO meds_for_surgery (surgery_id,med) VALUES (2047,'Ruxolitinib');
INSERT INTO surgery (id,date,patient_id,doctor_id) VALUES (2048,'2019-12-14',761,575);
INSERT INTO meds_for_surgery (surgery_id,med) VALUES (2048,'Doxorubicin');
INSERT INTO surgery (id,date,patient_id,doctor_id) VALUES (2049,'2019-12-15',130,632);
INSERT INTO meds_for_surgery (surgery_id,med) VALUES (2049,'Enalapril');
INSERT INTO surgery (id,date,patient_id,doctor_id) VALUES (2050,'2019-12-20',617,539);
INSERT INTO meds_for_surgery (surgery_id,med) VALUES (2050,'Rivaroxaban');
INSERT INTO surgery (id,date,patient_id,doctor_id) VALUES (2051,'2019-11-27',134,332);
INSERT INTO meds_for_surgery (surgery_id,med) VALUES (2051,'Enalapril');
INSERT INTO surgery (id,date,patient_id,doctor_id) VALUES (2052,'2019-12-06',71,332);
INSERT INTO meds_for_surgery (surgery_id,med) VALUES (2052,'Nelfinavir');
INSERT INTO surgery (id,date,patient_id,doctor_id) VALUES (2053,'2019-12-09',478,787);
INSERT INTO meds_for_surgery (surgery_id,med) VALUES (2053,'Mechlorethamine');
INSERT INTO surgery (id,date,patient_id,doctor_id) VALUES (2054,'2019-12-17',98,414);
INSERT INTO meds_for_surgery (surgery_id,med) VALUES (2054,'Daunorubicin');
INSERT INTO surgery (id,date,patient_id,doctor_id) VALUES (2055,'2019-12-13',713,448);
INSERT INTO meds_for_surgery (surgery_id,med) VALUES (2055,'Dopamine');
INSERT INTO surgery (id,date,patient_id,doctor_id) VALUES (2056,'2019-11-28',112,495);
INSERT INTO meds_for_surgery (surgery_id,med) VALUES (2056,'Tobramycin');
INSERT INTO surgery (id,date,patient_id,doctor_id) VALUES (2057,'2019-12-09',947,11);
INSERT INTO meds_for_surgery (surgery_id,med) VALUES (2057,'Bleomycin');
INSERT INTO surgery (id,date,patient_id,doctor_id) VALUES (2058,'2019-12-02',213,170);
INSERT INTO meds_for_surgery (surgery_id,med) VALUES (2058,'Etravirine');
INSERT INTO surgery (id,date,patient_id,doctor_id) VALUES (2059,'2019-11-20',773,677);
INSERT INTO meds_for_surgery (surgery_id,med) VALUES (2059,'Bortezomib');
INSERT INTO surgery (id,date,patient_id,doctor_id) VALUES (2060,'2019-12-03',41,495);
INSERT INTO meds_for_surgery (surgery_id,med) VALUES (2060,'Dinutuximab');
INSERT INTO surgery (id,date,patient_id,doctor_id) VALUES (2061,'2019-12-02',352,652);
INSERT INTO meds_for_surgery (surgery_id,med) VALUES (2061,'Phosphorus');
INSERT INTO surgery (id,date,patient_id,doctor_id) VALUES (2062,'2019-11-23',146,244);
INSERT INTO meds_for_surgery (surgery_id,med) VALUES (2062,'Labetalol');
INSERT INTO surgery (id,date,patient_id,doctor_id) VALUES (2063,'2019-12-04',328,925);
INSERT INTO meds_for_surgery (surgery_id,med) VALUES (2063,'Abacavir');
INSERT INTO surgery (id,date,patient_id,doctor_id) VALUES (2064,'2019-12-05',739,432);
INSERT INTO meds_for_surgery (surgery_id,med) VALUES (2064,'Methotrexate');
INSERT INTO surgery (id,date,patient_id,doctor_id) VALUES (2065,'2019-12-23',213,846);
INSERT INTO meds_for_surgery (surgery_id,med) VALUES (2065,'Ritonavir');
INSERT INTO surgery (id,date,patient_id,doctor_id) VALUES (2066,'2019-11-30',416,181);
INSERT INTO meds_for_surgery (surgery_id,med) VALUES (2066,'Irinotecan');
INSERT INTO surgery (id,date,patient_id,doctor_id) VALUES (2067,'2019-11-26',34,595);
INSERT INTO meds_for_surgery (surgery_id,med) VALUES (2067,'Heparin');
INSERT INTO surgery (id,date,patient_id,doctor_id) VALUES (2068,'2019-12-12',190,936);
INSERT INTO meds_for_surgery (surgery_id,med) VALUES (2068,'Imatinib');
INSERT INTO surgery (id,date,patient_id,doctor_id) VALUES (2069,'2019-12-08',641,694);
INSERT INTO meds_for_surgery (surgery_id,med) VALUES (2069,'Imatinib');
INSERT INTO surgery (id,date,patient_id,doctor_id) VALUES (2070,'2019-11-22',174,575);
INSERT INTO meds_for_surgery (surgery_id,med) VALUES (2070,'Erythromycin');
INSERT INTO surgery (id,date,patient_id,doctor_id) VALUES (2071,'2019-12-20',290,207);
INSERT INTO meds_for_surgery (surgery_id,med) VALUES (2071,'Enoxaparin');
INSERT INTO surgery (id,date,patient_id,doctor_id) VALUES (2072,'2019-11-22',320,918);
INSERT INTO meds_for_surgery (surgery_id,med) VALUES (2072,'Dexamethasone');
INSERT INTO surgery (id,date,patient_id,doctor_id) VALUES (2073,'2019-11-25',647,966);
INSERT INTO meds_for_surgery (surgery_id,med) VALUES (2073,'Immune');
INSERT INTO surgery (id,date,patient_id,doctor_id) VALUES (2074,'2019-12-03',173,576);
INSERT INTO meds_for_surgery (surgery_id,med) VALUES (2074,'Tacrolimus');
INSERT INTO surgery (id,date,patient_id,doctor_id) VALUES (2075,'2019-12-05',644,471);
INSERT INTO meds_for_surgery (surgery_id,med) VALUES (2075,'Rivaroxaban');
INSERT INTO surgery (id,date,patient_id,doctor_id) VALUES (2076,'2019-11-29',567,738);
INSERT INTO meds_for_surgery (surgery_id,med) VALUES (2076,'Hydrocortisone');
INSERT INTO surgery (id,date,patient_id,doctor_id) VALUES (2077,'2019-12-13',690,992);
INSERT INTO meds_for_surgery (surgery_id,med) VALUES (2077,'Sugammadex');
INSERT INTO surgery (id,date,patient_id,doctor_id) VALUES (2078,'2019-11-21',664,517);
INSERT INTO meds_for_surgery (surgery_id,med) VALUES (2078,'Vorinostat');
INSERT INTO surgery (id,date,patient_id,doctor_id) VALUES (2079,'2019-12-13',315,632);
INSERT INTO meds_for_surgery (surgery_id,med) VALUES (2079,'Desmopressin');
INSERT INTO surgery (id,date,patient_id,doctor_id) VALUES (2080,'2019-12-10',735,934);
INSERT INTO meds_for_surgery (surgery_id,med) VALUES (2080,'Amikacin');
INSERT INTO surgery (id,date,patient_id,doctor_id) VALUES (2081,'2019-12-11',13,363);
INSERT INTO meds_for_surgery (surgery_id,med) VALUES (2081,'Lomustine');
INSERT INTO surgery (id,date,patient_id,doctor_id) VALUES (2082,'2019-11-22',952,399);
INSERT INTO meds_for_surgery (surgery_id,med) VALUES (2082,'Ifosfamide');
INSERT INTO surgery (id,date,patient_id,doctor_id) VALUES (2083,'2019-12-02',871,800);
INSERT INTO meds_for_surgery (surgery_id,med) VALUES (2083,'Voriconazole');
INSERT INTO surgery (id,date,patient_id,doctor_id) VALUES (2084,'2019-11-28',916,662);
INSERT INTO meds_for_surgery (surgery_id,med) VALUES (2084,'Ranitidine');
INSERT INTO surgery (id,date,patient_id,doctor_id) VALUES (2085,'2019-12-02',94,500);
INSERT INTO meds_for_surgery (surgery_id,med) VALUES (2085,'Cyclosporine');
INSERT INTO surgery (id,date,patient_id,doctor_id) VALUES (2086,'2019-12-24',112,825);
INSERT INTO meds_for_surgery (surgery_id,med) VALUES (2086,'Metronidazole');
INSERT INTO surgery (id,date,patient_id,doctor_id) VALUES (2087,'2019-12-12',747,319);
INSERT INTO meds_for_surgery (surgery_id,med) VALUES (2087,'Asparaginase');
INSERT INTO surgery (id,date,patient_id,doctor_id) VALUES (2088,'2019-12-17',169,170);
INSERT INTO meds_for_surgery (surgery_id,med) VALUES (2088,'Cefaclor');
INSERT INTO surgery (id,date,patient_id,doctor_id) VALUES (2089,'2019-11-27',589,575);
INSERT INTO meds_for_surgery (surgery_id,med) VALUES (2089,'Sunitinib');
INSERT INTO surgery (id,date,patient_id,doctor_id) VALUES (2090,'2019-12-15',898,504);
INSERT INTO meds_for_surgery (surgery_id,med) VALUES (2090,'Phenytoin');
INSERT INTO surgery (id,date,patient_id,doctor_id) VALUES (2091,'2019-11-24',92,448);
INSERT INTO meds_for_surgery (surgery_id,med) VALUES (2091,'Dasatinib');
INSERT INTO surgery (id,date,patient_id,doctor_id) VALUES (2092,'2019-12-19',157,399);
INSERT INTO meds_for_surgery (surgery_id,med) VALUES (2092,'Enoxaparin');
INSERT INTO surgery (id,date,patient_id,doctor_id) VALUES (2093,'2019-12-05',296,228);
INSERT INTO meds_for_surgery (surgery_id,med) VALUES (2093,'Pegfilgrastim');
INSERT INTO surgery (id,date,patient_id,doctor_id) VALUES (2094,'2019-12-11',713,417);
INSERT INTO meds_for_surgery (surgery_id,med) VALUES (2094,'Methotrexate');
INSERT INTO surgery (id,date,patient_id,doctor_id) VALUES (2095,'2019-12-19',605,575);
INSERT INTO meds_for_surgery (surgery_id,med) VALUES (2095,'Enoxaparin');
INSERT INTO surgery (id,date,patient_id,doctor_id) VALUES (2096,'2019-12-18',36,448);
INSERT INTO meds_for_surgery (surgery_id,med) VALUES (2096,'Imipenem');
INSERT INTO surgery (id,date,patient_id,doctor_id) VALUES (2097,'2019-11-26',133,193);
INSERT INTO meds_for_surgery (surgery_id,med) VALUES (2097,'Foscarnet');
INSERT INTO surgery (id,date,patient_id,doctor_id) VALUES (2098,'2019-11-28',627,800);
INSERT INTO meds_for_surgery (surgery_id,med) VALUES (2098,'Raltegravir');
INSERT INTO surgery (id,date,patient_id,doctor_id) VALUES (2099,'2019-11-25',71,583);
INSERT INTO meds_for_surgery (surgery_id,med) VALUES (2099,'PEGaspargase');
INSERT INTO surgery (id,date,patient_id,doctor_id) VALUES (2100,'2019-12-18',916,319);
INSERT INTO meds_for_surgery (surgery_id,med) VALUES (2100,'Carboplatin');
INSERT INTO surgery (id,date,patient_id,doctor_id) VALUES (2101,'2019-11-22',898,12);
INSERT INTO meds_for_surgery (surgery_id,med) VALUES (2101,'Cyproheptadine');
INSERT INTO surgery (id,date,patient_id,doctor_id) VALUES (2102,'2019-12-08',959,356);
INSERT INTO meds_for_surgery (surgery_id,med) VALUES (2102,'Captopril');
INSERT INTO surgery (id,date,patient_id,doctor_id) VALUES (2103,'2019-11-27',496,332);
INSERT INTO meds_for_surgery (surgery_id,med) VALUES (2103,'Hydroxyurea');
INSERT INTO surgery (id,date,patient_id,doctor_id) VALUES (2104,'2019-12-14',984,307);
INSERT INTO meds_for_surgery (surgery_id,med) VALUES (2104,'Deferasirox');
INSERT INTO surgery (id,date,patient_id,doctor_id) VALUES (2105,'2019-12-01',46,721);
INSERT INTO meds_for_surgery (surgery_id,med) VALUES (2105,'Promethazine');
INSERT INTO surgery (id,date,patient_id,doctor_id) VALUES (2106,'2019-12-13',89,170);
INSERT INTO meds_for_surgery (surgery_id,med) VALUES (2106,'Mechlorethamine');
INSERT INTO surgery (id,date,patient_id,doctor_id) VALUES (2107,'2019-12-23',972,784);
INSERT INTO meds_for_surgery (surgery_id,med) VALUES (2107,'Vinblastine');
INSERT INTO surgery (id,date,patient_id,doctor_id) VALUES (2108,'2019-11-21',34,280);
INSERT INTO meds_for_surgery (surgery_id,med) VALUES (2108,'GM-CSF');
INSERT INTO surgery (id,date,patient_id,doctor_id) VALUES (2109,'2019-12-13',920,280);
INSERT INTO meds_for_surgery (surgery_id,med) VALUES (2109,'Abacavir');
INSERT INTO surgery (id,date,patient_id,doctor_id) VALUES (2110,'2019-11-22',314,382);
INSERT INTO meds_for_surgery (surgery_id,med) VALUES (2110,'Nevirapine');
INSERT INTO surgery (id,date,patient_id,doctor_id) VALUES (2111,'2019-11-22',587,925);
INSERT INTO meds_for_surgery (surgery_id,med) VALUES (2111,'Topotecan');
INSERT INTO surgery (id,date,patient_id,doctor_id) VALUES (2112,'2019-11-22',560,935);
INSERT INTO meds_for_surgery (surgery_id,med) VALUES (2112,'Irinotecan');
INSERT INTO surgery (id,date,patient_id,doctor_id) VALUES (2113,'2019-12-01',761,991);
INSERT INTO meds_for_surgery (surgery_id,med) VALUES (2113,'Interferon');
INSERT INTO surgery (id,date,patient_id,doctor_id) VALUES (2114,'2019-12-08',322,598);
INSERT INTO meds_for_surgery (surgery_id,med) VALUES (2114,'Metronidazole');
INSERT INTO surgery (id,date,patient_id,doctor_id) VALUES (2115,'2019-12-12',184,738);
INSERT INTO meds_for_surgery (surgery_id,med) VALUES (2115,'Ifosfamide');
INSERT INTO surgery (id,date,patient_id,doctor_id) VALUES (2116,'2019-11-30',690,934);
INSERT INTO meds_for_surgery (surgery_id,med) VALUES (2116,'Meperidine');
INSERT INTO surgery (id,date,patient_id,doctor_id) VALUES (2117,'2019-12-15',326,62);
INSERT INTO meds_for_surgery (surgery_id,med) VALUES (2117,'Trimethoprim');
INSERT INTO surgery (id,date,patient_id,doctor_id) VALUES (2118,'2019-12-14',869,307);
INSERT INTO meds_for_surgery (surgery_id,med) VALUES (2118,'Dornase alfa');
INSERT INTO surgery (id,date,patient_id,doctor_id) VALUES (2119,'2019-11-20',634,491);
INSERT INTO meds_for_surgery (surgery_id,med) VALUES (2119,'Irinotecan');
INSERT INTO surgery (id,date,patient_id,doctor_id) VALUES (2120,'2019-11-20',39,100);
INSERT INTO meds_for_surgery (surgery_id,med) VALUES (2120,'Mitotane');
INSERT INTO surgery (id,date,patient_id,doctor_id) VALUES (2121,'2019-12-22',941,540);
INSERT INTO meds_for_surgery (surgery_id,med) VALUES (2121,'Carboplatin');
INSERT INTO surgery (id,date,patient_id,doctor_id) VALUES (2122,'2019-12-21',322,193);
INSERT INTO meds_for_surgery (surgery_id,med) VALUES (2122,'Elvitegravir');
INSERT INTO surgery (id,date,patient_id,doctor_id) VALUES (2123,'2019-12-21',869,126);
INSERT INTO meds_for_surgery (surgery_id,med) VALUES (2123,'Hydrocortisone');
INSERT INTO surgery (id,date,patient_id,doctor_id) VALUES (2124,'2019-11-29',570,599);
INSERT INTO meds_for_surgery (surgery_id,med) VALUES (2124,'Vinblastine');
INSERT INTO surgery (id,date,patient_id,doctor_id) VALUES (2125,'2019-12-20',478,15);
INSERT INTO meds_for_surgery (surgery_id,med) VALUES (2125,'Cefuroxime');
INSERT INTO surgery (id,date,patient_id,doctor_id) VALUES (2126,'2019-11-25',687,973);
INSERT INTO meds_for_surgery (surgery_id,med) VALUES (2126,'Alemtuzumab');
INSERT INTO surgery (id,date,patient_id,doctor_id) VALUES (2127,'2019-12-05',94,338);
INSERT INTO meds_for_surgery (surgery_id,med) VALUES (2127,'Lorazepam');
INSERT INTO surgery (id,date,patient_id,doctor_id) VALUES (2128,'2019-11-22',826,903);
INSERT INTO meds_for_surgery (surgery_id,med) VALUES (2128,'Doxorubicin');
INSERT INTO surgery (id,date,patient_id,doctor_id) VALUES (2129,'2019-12-07',112,353);
INSERT INTO meds_for_surgery (surgery_id,med) VALUES (2129,'Dobutamine');
INSERT INTO surgery (id,date,patient_id,doctor_id) VALUES (2130,'2019-12-11',941,930);
INSERT INTO meds_for_surgery (surgery_id,med) VALUES (2130,'Isotretinoin');
INSERT INTO surgery (id,date,patient_id,doctor_id) VALUES (2131,'2019-12-18',34,598);
INSERT INTO meds_for_surgery (surgery_id,med) VALUES (2131,'Mercaptopurine');
INSERT INTO surgery (id,date,patient_id,doctor_id) VALUES (2132,'2019-12-13',596,693);
INSERT INTO meds_for_surgery (surgery_id,med) VALUES (2132,'Hydroxyurea');
INSERT INTO surgery (id,date,patient_id,doctor_id) VALUES (2133,'2019-12-16',890,683);
INSERT INTO meds_for_surgery (surgery_id,med) VALUES (2133,'PEGaspargase');
INSERT INTO surgery (id,date,patient_id,doctor_id) VALUES (2134,'2019-12-17',739,448);
INSERT INTO meds_for_surgery (surgery_id,med) VALUES (2134,'Mercaptopurine');
INSERT INTO surgery (id,date,patient_id,doctor_id) VALUES (2135,'2019-12-22',747,821);
INSERT INTO meds_for_surgery (surgery_id,med) VALUES (2135,'Mechlorethamine');
INSERT INTO surgery (id,date,patient_id,doctor_id) VALUES (2136,'2019-12-18',932,100);
INSERT INTO meds_for_surgery (surgery_id,med) VALUES (2136,'Azithromycin');
INSERT INTO surgery (id,date,patient_id,doctor_id) VALUES (2137,'2019-12-17',159,170);
INSERT INTO meds_for_surgery (surgery_id,med) VALUES (2137,'Azithromycin');
INSERT INTO surgery (id,date,patient_id,doctor_id) VALUES (2138,'2019-11-23',218,313);
INSERT INTO meds_for_surgery (surgery_id,med) VALUES (2138,'Lamivudine');
INSERT INTO surgery (id,date,patient_id,doctor_id) VALUES (2139,'2019-12-06',300,680);
INSERT INTO meds_for_surgery (surgery_id,med) VALUES (2139,'Ketoconazole');
INSERT INTO surgery (id,date,patient_id,doctor_id) VALUES (2140,'2019-12-06',486,440);
INSERT INTO meds_for_surgery (surgery_id,med) VALUES (2140,'Daunorubicin');
INSERT INTO surgery (id,date,patient_id,doctor_id) VALUES (2141,'2019-12-01',664,11);
INSERT INTO meds_for_surgery (surgery_id,med) VALUES (2141,'Erythromycin');
INSERT INTO surgery (id,date,patient_id,doctor_id) VALUES (2142,'2019-12-24',63,622);
INSERT INTO meds_for_surgery (surgery_id,med) VALUES (2142,'Lopinavir');
INSERT INTO surgery (id,date,patient_id,doctor_id) VALUES (2143,'2019-12-20',802,292);
INSERT INTO meds_for_surgery (surgery_id,med) VALUES (2143,'Amlodipine');
INSERT INTO surgery (id,date,patient_id,doctor_id) VALUES (2144,'2019-11-24',46,62);
INSERT INTO meds_for_surgery (surgery_id,med) VALUES (2144,'Nelfinavir');
INSERT INTO surgery (id,date,patient_id,doctor_id) VALUES (2145,'2019-11-24',182,363);
INSERT INTO meds_for_surgery (surgery_id,med) VALUES (2145,'Etonogestrel');
INSERT INTO surgery (id,date,patient_id,doctor_id) VALUES (2146,'2019-12-15',892,228);
INSERT INTO meds_for_surgery (surgery_id,med) VALUES (2146,'Erythropoietin');
INSERT INTO surgery (id,date,patient_id,doctor_id) VALUES (2147,'2019-11-23',391,222);
INSERT INTO meds_for_surgery (surgery_id,med) VALUES (2147,'Neuromuscular');
INSERT INTO surgery (id,date,patient_id,doctor_id) VALUES (2148,'2019-12-01',687,382);
INSERT INTO meds_for_surgery (surgery_id,med) VALUES (2148,'Azithromycin');
INSERT INTO surgery (id,date,patient_id,doctor_id) VALUES (2149,'2019-11-20',869,991);
INSERT INTO meds_for_surgery (surgery_id,med) VALUES (2149,'Pemetrexed');
INSERT INTO surgery (id,date,patient_id,doctor_id) VALUES (2150,'2019-12-20',898,565);
INSERT INTO meds_for_surgery (surgery_id,med) VALUES (2150,'Aminocaproic Acid');
INSERT INTO surgery (id,date,patient_id,doctor_id) VALUES (2151,'2019-11-27',39,595);
INSERT INTO meds_for_surgery (surgery_id,med) VALUES (2151,'Dopamine');
INSERT INTO surgery (id,date,patient_id,doctor_id) VALUES (2152,'2019-11-20',482,11);
INSERT INTO meds_for_surgery (surgery_id,med) VALUES (2152,'Sunitinib');
INSERT INTO surgery (id,date,patient_id,doctor_id) VALUES (2153,'2019-12-12',859,621);
INSERT INTO meds_for_surgery (surgery_id,med) VALUES (2153,'Crizotinib');
INSERT INTO surgery (id,date,patient_id,doctor_id) VALUES (2154,'2019-12-16',849,825);
INSERT INTO meds_for_surgery (surgery_id,med) VALUES (2154,'Atovaquone');
INSERT INTO surgery (id,date,patient_id,doctor_id) VALUES (2155,'2019-12-10',989,918);
INSERT INTO meds_for_surgery (surgery_id,med) VALUES (2155,'Interferon');
INSERT INTO surgery (id,date,patient_id,doctor_id) VALUES (2156,'2019-12-21',51,933);
INSERT INTO meds_for_surgery (surgery_id,med) VALUES (2156,'Irinotecan');
INSERT INTO surgery (id,date,patient_id,doctor_id) VALUES (2157,'2019-12-15',92,464);
INSERT INTO meds_for_surgery (surgery_id,med) VALUES (2157,'Morphine');
INSERT INTO surgery (id,date,patient_id,doctor_id) VALUES (2158,'2019-11-25',6,770);
INSERT INTO meds_for_surgery (surgery_id,med) VALUES (2158,'Allopurinol');
INSERT INTO surgery (id,date,patient_id,doctor_id) VALUES (2159,'2019-11-23',103,284);
INSERT INTO meds_for_surgery (surgery_id,med) VALUES (2159,'Rituximab');
INSERT INTO surgery (id,date,patient_id,doctor_id) VALUES (2160,'2019-12-20',791,770);
INSERT INTO meds_for_surgery (surgery_id,med) VALUES (2160,'Cladribine');
INSERT INTO surgery (id,date,patient_id,doctor_id) VALUES (2161,'2019-12-14',916,769);
INSERT INTO meds_for_surgery (surgery_id,med) VALUES (2161,'Potassium');
INSERT INTO surgery (id,date,patient_id,doctor_id) VALUES (2162,'2019-11-24',892,677);
INSERT INTO meds_for_surgery (surgery_id,med) VALUES (2162,'Micafungin');
INSERT INTO surgery (id,date,patient_id,doctor_id) VALUES (2163,'2019-12-13',929,894);
INSERT INTO meds_for_surgery (surgery_id,med) VALUES (2163,'Foscarnet');
INSERT INTO surgery (id,date,patient_id,doctor_id) VALUES (2164,'2019-12-11',739,3);
INSERT INTO meds_for_surgery (surgery_id,med) VALUES (2164,'Carmustine');
INSERT INTO surgery (id,date,patient_id,doctor_id) VALUES (2165,'2019-11-23',687,782);
INSERT INTO meds_for_surgery (surgery_id,med) VALUES (2165,'Dacarbazine');
INSERT INTO surgery (id,date,patient_id,doctor_id) VALUES (2166,'2019-11-20',218,351);
INSERT INTO meds_for_surgery (surgery_id,med) VALUES (2166,'Thiotepa');
INSERT INTO surgery (id,date,patient_id,doctor_id) VALUES (2167,'2019-12-19',300,440);
INSERT INTO meds_for_surgery (surgery_id,med) VALUES (2167,'Lorazepam');
INSERT INTO surgery (id,date,patient_id,doctor_id) VALUES (2168,'2019-12-08',252,3);
INSERT INTO meds_for_surgery (surgery_id,med) VALUES (2168,'Elvitegravir');
INSERT INTO surgery (id,date,patient_id,doctor_id) VALUES (2169,'2019-12-10',68,579);
INSERT INTO meds_for_surgery (surgery_id,med) VALUES (2169,'Maraviroc');
INSERT INTO surgery (id,date,patient_id,doctor_id) VALUES (2170,'2019-12-07',641,500);
INSERT INTO meds_for_surgery (surgery_id,med) VALUES (2170,'Cisplatin');
INSERT INTO surgery (id,date,patient_id,doctor_id) VALUES (2171,'2019-12-22',315,565);
INSERT INTO meds_for_surgery (surgery_id,med) VALUES (2171,'Emicizumab');
INSERT INTO surgery (id,date,patient_id,doctor_id) VALUES (2172,'2019-11-26',831,382);
INSERT INTO meds_for_surgery (surgery_id,med) VALUES (2172,'Clofarabine');
INSERT INTO surgery (id,date,patient_id,doctor_id) VALUES (2173,'2019-12-05',713,857);
INSERT INTO meds_for_surgery (surgery_id,med) VALUES (2173,'Mitoxantrone');
INSERT INTO surgery (id,date,patient_id,doctor_id) VALUES (2174,'2019-12-02',664,933);
INSERT INTO meds_for_surgery (surgery_id,med) VALUES (2174,'Dornase alfa');
INSERT INTO surgery (id,date,patient_id,doctor_id) VALUES (2175,'2019-11-22',443,565);
INSERT INTO meds_for_surgery (surgery_id,med) VALUES (2175,'Vorinostat');
INSERT INTO surgery (id,date,patient_id,doctor_id) VALUES (2176,'2019-11-25',482,662);
INSERT INTO meds_for_surgery (surgery_id,med) VALUES (2176,'PEGaspargase');
INSERT INTO surgery (id,date,patient_id,doctor_id) VALUES (2177,'2019-11-25',226,782);
INSERT INTO meds_for_surgery (surgery_id,med) VALUES (2177,'Elvitegravir');
INSERT INTO surgery (id,date,patient_id,doctor_id) VALUES (2178,'2019-12-24',134,806);
INSERT INTO meds_for_surgery (surgery_id,med) VALUES (2178,'Vinblastine');
INSERT INTO surgery (id,date,patient_id,doctor_id) VALUES (2179,'2019-12-01',898,575);
INSERT INTO meds_for_surgery (surgery_id,med) VALUES (2179,'Temozolomide');
INSERT INTO surgery (id,date,patient_id,doctor_id) VALUES (2180,'2019-12-06',198,50);
INSERT INTO meds_for_surgery (surgery_id,med) VALUES (2180,'Zidovudine');
INSERT INTO surgery (id,date,patient_id,doctor_id) VALUES (2181,'2019-12-10',661,532);
INSERT INTO meds_for_surgery (surgery_id,med) VALUES (2181,'Cyclophosphamide');
INSERT INTO surgery (id,date,patient_id,doctor_id) VALUES (2182,'2019-12-12',348,662);
INSERT INTO meds_for_surgery (surgery_id,med) VALUES (2182,'Hydralazine');
INSERT INTO surgery (id,date,patient_id,doctor_id) VALUES (2183,'2019-11-22',290,495);
INSERT INTO meds_for_surgery (surgery_id,med) VALUES (2183,'Sirolimus');
INSERT INTO surgery (id,date,patient_id,doctor_id) VALUES (2184,'2019-12-02',690,677);
INSERT INTO meds_for_surgery (surgery_id,med) VALUES (2184,'Dopamine');
INSERT INTO surgery (id,date,patient_id,doctor_id) VALUES (2185,'2019-12-15',348,387);
INSERT INTO meds_for_surgery (surgery_id,med) VALUES (2185,'Clofarabine');
INSERT INTO surgery (id,date,patient_id,doctor_id) VALUES (2186,'2019-11-21',572,579);
INSERT INTO meds_for_surgery (surgery_id,med) VALUES (2186,'Lorazepam');
INSERT INTO surgery (id,date,patient_id,doctor_id) VALUES (2187,'2019-12-12',98,800);
INSERT INTO meds_for_surgery (surgery_id,med) VALUES (2187,'Megestrol acetate');
INSERT INTO surgery (id,date,patient_id,doctor_id) VALUES (2188,'2019-12-02',51,432);
INSERT INTO meds_for_surgery (surgery_id,med) VALUES (2188,'Mesna');
INSERT INTO surgery (id,date,patient_id,doctor_id) VALUES (2189,'2019-11-30',735,126);
INSERT INTO meds_for_surgery (surgery_id,med) VALUES (2189,'Ifosfamide');
INSERT INTO surgery (id,date,patient_id,doctor_id) VALUES (2190,'2019-12-20',60,935);
INSERT INTO meds_for_surgery (surgery_id,med) VALUES (2190,'Hydrocortisone');
INSERT INTO surgery (id,date,patient_id,doctor_id) VALUES (2191,'2019-12-20',339,545);
INSERT INTO meds_for_surgery (surgery_id,med) VALUES (2191,'Raltegravir');
INSERT INTO surgery (id,date,patient_id,doctor_id) VALUES (2192,'2019-12-06',177,498);
INSERT INTO meds_for_surgery (surgery_id,med) VALUES (2192,'Elvitegravir');
INSERT INTO surgery (id,date,patient_id,doctor_id) VALUES (2193,'2019-11-29',311,224);
INSERT INTO meds_for_surgery (surgery_id,med) VALUES (2193,'Vinblastine');
INSERT INTO surgery (id,date,patient_id,doctor_id) VALUES (2194,'2019-12-04',627,313);
INSERT INTO meds_for_surgery (surgery_id,med) VALUES (2194,'Aminocaproic Acid');
INSERT INTO surgery (id,date,patient_id,doctor_id) VALUES (2195,'2019-12-01',647,936);
INSERT INTO meds_for_surgery (surgery_id,med) VALUES (2195,'Sorafenib');
INSERT INTO surgery (id,date,patient_id,doctor_id) VALUES (2196,'2019-11-25',584,385);
INSERT INTO meds_for_surgery (surgery_id,med) VALUES (2196,'Ifosfamide');
INSERT INTO surgery (id,date,patient_id,doctor_id) VALUES (2197,'2019-12-14',48,385);
INSERT INTO meds_for_surgery (surgery_id,med) VALUES (2197,'Immune');
INSERT INTO surgery (id,date,patient_id,doctor_id) VALUES (2198,'2019-12-04',616,857);
INSERT INTO meds_for_surgery (surgery_id,med) VALUES (2198,'Dobutamine');
INSERT INTO surgery (id,date,patient_id,doctor_id) VALUES (2199,'2019-12-21',49,284);
INSERT INTO meds_for_surgery (surgery_id,med) VALUES (2199,'Raltegravir');
INSERT INTO surgery (id,date,patient_id,doctor_id) VALUES (2200,'2019-11-28',695,341);
INSERT INTO meds_for_surgery (surgery_id,med) VALUES (2200,'Phosphorus');
INSERT INTO surgery (id,date,patient_id,doctor_id) VALUES (2201,'2019-12-13',514,770);
INSERT INTO meds_for_surgery (surgery_id,med) VALUES (2201,'Atovaquone');
INSERT INTO surgery (id,date,patient_id,doctor_id) VALUES (2202,'2019-12-14',71,341);
INSERT INTO meds_for_surgery (surgery_id,med) VALUES (2202,'Tretinoin');
INSERT INTO surgery (id,date,patient_id,doctor_id) VALUES (2203,'2019-12-12',959,576);
INSERT INTO meds_for_surgery (surgery_id,med) VALUES (2203,'Promethazine');
INSERT INTO surgery (id,date,patient_id,doctor_id) VALUES (2204,'2019-12-09',972,390);
INSERT INTO meds_for_surgery (surgery_id,med) VALUES (2204,'Mitotane');
INSERT INTO surgery (id,date,patient_id,doctor_id) VALUES (2205,'2019-12-10',221,387);
INSERT INTO meds_for_surgery (surgery_id,med) VALUES (2205,'Etoposide');
INSERT INTO surgery (id,date,patient_id,doctor_id) VALUES (2206,'2019-11-28',416,495);
INSERT INTO meds_for_surgery (surgery_id,med) VALUES (2206,'Phenytoin');
INSERT INTO surgery (id,date,patient_id,doctor_id) VALUES (2207,'2019-12-17',328,532);
INSERT INTO meds_for_surgery (surgery_id,med) VALUES (2207,'Gefitinib');
INSERT INTO surgery (id,date,patient_id,doctor_id) VALUES (2208,'2019-11-22',698,399);
INSERT INTO meds_for_surgery (surgery_id,med) VALUES (2208,'Maraviroc');
INSERT INTO surgery (id,date,patient_id,doctor_id) VALUES (2209,'2019-11-21',810,782);
INSERT INTO meds_for_surgery (surgery_id,med) VALUES (2209,'Erythropoietin');
INSERT INTO surgery (id,date,patient_id,doctor_id) VALUES (2210,'2019-12-07',589,542);
INSERT INTO meds_for_surgery (surgery_id,med) VALUES (2210,'Didanosine');
INSERT INTO surgery (id,date,patient_id,doctor_id) VALUES (2211,'2019-12-09',213,382);
INSERT INTO meds_for_surgery (surgery_id,med) VALUES (2211,'Pentamidine');
INSERT INTO surgery (id,date,patient_id,doctor_id) VALUES (2212,'2019-12-16',269,504);
INSERT INTO meds_for_surgery (surgery_id,med) VALUES (2212,'Meperidine');
INSERT INTO surgery (id,date,patient_id,doctor_id) VALUES (2213,'2019-11-25',44,683);
INSERT INTO meds_for_surgery (surgery_id,med) VALUES (2213,'Azithromycin');
INSERT INTO surgery (id,date,patient_id,doctor_id) VALUES (2214,'2019-12-01',949,101);
INSERT INTO meds_for_surgery (surgery_id,med) VALUES (2214,'Gemtuzumab');
INSERT INTO surgery (id,date,patient_id,doctor_id) VALUES (2215,'2019-11-25',237,770);
INSERT INTO meds_for_surgery (surgery_id,med) VALUES (2215,'Rivaroxaban');
INSERT INTO surgery (id,date,patient_id,doctor_id) VALUES (2216,'2019-12-08',524,598);
INSERT INTO meds_for_surgery (surgery_id,med) VALUES (2216,'Rivaroxaban');
INSERT INTO surgery (id,date,patient_id,doctor_id) VALUES (2217,'2019-11-21',173,332);
INSERT INTO meds_for_surgery (surgery_id,med) VALUES (2217,'Ceftazidime');
INSERT INTO surgery (id,date,patient_id,doctor_id) VALUES (2218,'2019-12-14',695,540);
INSERT INTO meds_for_surgery (surgery_id,med) VALUES (2218,'Tretinoin');
INSERT INTO surgery (id,date,patient_id,doctor_id) VALUES (2219,'2019-11-29',460,825);
INSERT INTO meds_for_surgery (surgery_id,med) VALUES (2219,'Posaconazole');
INSERT INTO surgery (id,date,patient_id,doctor_id) VALUES (2220,'2019-12-09',455,301);
INSERT INTO meds_for_surgery (surgery_id,med) VALUES (2220,'Saquinavir');
INSERT INTO surgery (id,date,patient_id,doctor_id) VALUES (2221,'2019-12-14',296,825);
INSERT INTO meds_for_surgery (surgery_id,med) VALUES (2221,'Omeprazole');
INSERT INTO surgery (id,date,patient_id,doctor_id) VALUES (2222,'2019-12-11',326,164);
INSERT INTO meds_for_surgery (surgery_id,med) VALUES (2222,'Ondansetron');
INSERT INTO surgery (id,date,patient_id,doctor_id) VALUES (2223,'2019-12-04',682,680);
INSERT INTO meds_for_surgery (surgery_id,med) VALUES (2223,'Teniposide');
INSERT INTO surgery (id,date,patient_id,doctor_id) VALUES (2224,'2019-12-18',920,935);
INSERT INTO meds_for_surgery (surgery_id,med) VALUES (2224,'Cephalexin');
INSERT INTO surgery (id,date,patient_id,doctor_id) VALUES (2225,'2019-12-14',810,135);
INSERT INTO meds_for_surgery (surgery_id,med) VALUES (2225,'Mercaptopurine');
INSERT INTO surgery (id,date,patient_id,doctor_id) VALUES (2226,'2019-12-08',359,800);
INSERT INTO meds_for_surgery (surgery_id,med) VALUES (2226,'Deferasirox');
INSERT INTO surgery (id,date,patient_id,doctor_id) VALUES (2227,'2019-12-15',130,614);
INSERT INTO meds_for_surgery (surgery_id,med) VALUES (2227,'Probenecid');
INSERT INTO surgery (id,date,patient_id,doctor_id) VALUES (2228,'2019-11-21',584,544);
INSERT INTO meds_for_surgery (surgery_id,med) VALUES (2228,'Elvitegravir');
INSERT INTO surgery (id,date,patient_id,doctor_id) VALUES (2229,'2019-12-23',469,770);
INSERT INTO meds_for_surgery (surgery_id,med) VALUES (2229,'Irinotecan');
INSERT INTO surgery (id,date,patient_id,doctor_id) VALUES (2230,'2019-11-26',218,495);
INSERT INTO meds_for_surgery (surgery_id,med) VALUES (2230,'Cefuroxime');
INSERT INTO surgery (id,date,patient_id,doctor_id) VALUES (2231,'2019-12-10',916,284);
INSERT INTO meds_for_surgery (surgery_id,med) VALUES (2231,'Carboplatin');
INSERT INTO surgery (id,date,patient_id,doctor_id) VALUES (2232,'2019-12-24',169,517);
INSERT INTO meds_for_surgery (surgery_id,med) VALUES (2232,'Vorinostat');
INSERT INTO surgery (id,date,patient_id,doctor_id) VALUES (2233,'2019-12-02',60,8);
INSERT INTO meds_for_surgery (surgery_id,med) VALUES (2233,'Zidovudine');
INSERT INTO surgery (id,date,patient_id,doctor_id) VALUES (2234,'2019-12-08',206,783);
INSERT INTO meds_for_surgery (surgery_id,med) VALUES (2234,'Cyclobenzaprine');
INSERT INTO surgery (id,date,patient_id,doctor_id) VALUES (2235,'2019-12-06',157,244);
INSERT INTO meds_for_surgery (surgery_id,med) VALUES (2235,'Cefepime');
INSERT INTO surgery (id,date,patient_id,doctor_id) VALUES (2236,'2019-12-24',963,800);
INSERT INTO meds_for_surgery (surgery_id,med) VALUES (2236,'Rituximab');
INSERT INTO surgery (id,date,patient_id,doctor_id) VALUES (2237,'2019-12-21',641,301);
INSERT INTO meds_for_surgery (surgery_id,med) VALUES (2237,'Phosphorus');
INSERT INTO surgery (id,date,patient_id,doctor_id) VALUES (2238,'2019-12-05',505,498);
INSERT INTO meds_for_surgery (surgery_id,med) VALUES (2238,'Nelfinavir');
INSERT INTO surgery (id,date,patient_id,doctor_id) VALUES (2239,'2019-12-09',455,988);
INSERT INTO meds_for_surgery (surgery_id,med) VALUES (2239,'Imatinib');
INSERT INTO surgery (id,date,patient_id,doctor_id) VALUES (2240,'2019-12-24',290,836);
INSERT INTO meds_for_surgery (surgery_id,med) VALUES (2240,'Emicizumab');
INSERT INTO surgery (id,date,patient_id,doctor_id) VALUES (2241,'2019-11-21',826,532);
INSERT INTO meds_for_surgery (surgery_id,med) VALUES (2241,'Modafinil');
INSERT INTO surgery (id,date,patient_id,doctor_id) VALUES (2242,'2019-12-03',655,471);
INSERT INTO meds_for_surgery (surgery_id,med) VALUES (2242,'PEGaspargase');
INSERT INTO surgery (id,date,patient_id,doctor_id) VALUES (2243,'2019-12-11',130,164);
INSERT INTO meds_for_surgery (surgery_id,med) VALUES (2243,'Topotecan');
INSERT INTO surgery (id,date,patient_id,doctor_id) VALUES (2244,'2019-11-23',665,363);
INSERT INTO meds_for_surgery (surgery_id,med) VALUES (2244,'Procarbazine');
INSERT INTO surgery (id,date,patient_id,doctor_id) VALUES (2245,'2019-11-24',892,825);
INSERT INTO meds_for_surgery (surgery_id,med) VALUES (2245,'Furosemide');
INSERT INTO surgery (id,date,patient_id,doctor_id) VALUES (2246,'2019-12-12',643,576);
INSERT INTO meds_for_surgery (surgery_id,med) VALUES (2246,'Ranitidine');
INSERT INTO surgery (id,date,patient_id,doctor_id) VALUES (2247,'2019-12-03',665,783);
INSERT INTO meds_for_surgery (surgery_id,med) VALUES (2247,'Carmustine');
INSERT INTO surgery (id,date,patient_id,doctor_id) VALUES (2248,'2019-12-23',478,652);
INSERT INTO meds_for_surgery (surgery_id,med) VALUES (2248,'Melphalan');
INSERT INTO surgery (id,date,patient_id,doctor_id) VALUES (2249,'2019-12-19',920,338);
INSERT INTO meds_for_surgery (surgery_id,med) VALUES (2249,'Interferon');
INSERT INTO surgery (id,date,patient_id,doctor_id) VALUES (2250,'2019-11-28',247,620);
INSERT INTO meds_for_surgery (surgery_id,med) VALUES (2250,'Carmustine');
INSERT INTO surgery (id,date,patient_id,doctor_id) VALUES (2251,'2019-12-15',659,614);
INSERT INTO meds_for_surgery (surgery_id,med) VALUES (2251,'Meropenem');
INSERT INTO surgery (id,date,patient_id,doctor_id) VALUES (2252,'2019-11-29',984,464);
INSERT INTO meds_for_surgery (surgery_id,med) VALUES (2252,'Captopril');
INSERT INTO surgery (id,date,patient_id,doctor_id) VALUES (2253,'2019-12-14',855,990);
INSERT INTO meds_for_surgery (surgery_id,med) VALUES (2253,'Doxorubicin');
INSERT INTO surgery (id,date,patient_id,doctor_id) VALUES (2254,'2019-12-18',157,930);
INSERT INTO meds_for_surgery (surgery_id,med) VALUES (2254,'Calcium');
INSERT INTO surgery (id,date,patient_id,doctor_id) VALUES (2255,'2019-12-20',641,745);
INSERT INTO meds_for_surgery (surgery_id,med) VALUES (2255,'Potassium');
INSERT INTO surgery (id,date,patient_id,doctor_id) VALUES (2256,'2019-12-12',871,836);
INSERT INTO meds_for_surgery (surgery_id,med) VALUES (2256,'Imipenem');
INSERT INTO surgery (id,date,patient_id,doctor_id) VALUES (2257,'2019-12-04',641,554);
INSERT INTO meds_for_surgery (surgery_id,med) VALUES (2257,'Sucralfate');
INSERT INTO surgery (id,date,patient_id,doctor_id) VALUES (2258,'2019-12-23',524,680);
INSERT INTO meds_for_surgery (surgery_id,med) VALUES (2258,'Ranitidine');
INSERT INTO surgery (id,date,patient_id,doctor_id) VALUES (2259,'2019-12-12',931,301);
INSERT INTO meds_for_surgery (surgery_id,med) VALUES (2259,'Pemetrexed');
INSERT INTO surgery (id,date,patient_id,doctor_id) VALUES (2260,'2019-11-20',823,964);
INSERT INTO meds_for_surgery (surgery_id,med) VALUES (2260,'Immune');
INSERT INTO surgery (id,date,patient_id,doctor_id) VALUES (2261,'2019-12-06',589,307);
INSERT INTO meds_for_surgery (surgery_id,med) VALUES (2261,'Etonogestrel');
INSERT INTO surgery (id,date,patient_id,doctor_id) VALUES (2262,'2019-11-29',553,432);
INSERT INTO meds_for_surgery (surgery_id,med) VALUES (2262,'Mesna');
INSERT INTO surgery (id,date,patient_id,doctor_id) VALUES (2263,'2019-11-29',112,464);
INSERT INTO meds_for_surgery (surgery_id,med) VALUES (2263,'Codeine');
INSERT INTO surgery (id,date,patient_id,doctor_id) VALUES (2264,'2019-11-22',455,746);
INSERT INTO meds_for_surgery (surgery_id,med) VALUES (2264,'Allopurinol');
INSERT INTO surgery (id,date,patient_id,doctor_id) VALUES (2265,'2019-12-22',685,413);
INSERT INTO meds_for_surgery (surgery_id,med) VALUES (2265,'Alendronate');
INSERT INTO surgery (id,date,patient_id,doctor_id) VALUES (2266,'2019-12-04',682,440);
INSERT INTO meds_for_surgery (surgery_id,med) VALUES (2266,'Amoxicillin');
INSERT INTO surgery (id,date,patient_id,doctor_id) VALUES (2267,'2019-12-18',892,783);
INSERT INTO meds_for_surgery (surgery_id,med) VALUES (2267,'Efavirenz');
INSERT INTO surgery (id,date,patient_id,doctor_id) VALUES (2268,'2019-11-22',478,193);
INSERT INTO meds_for_surgery (surgery_id,med) VALUES (2268,'Erlotinib');
INSERT INTO surgery (id,date,patient_id,doctor_id) VALUES (2269,'2019-12-23',98,375);
INSERT INTO meds_for_surgery (surgery_id,med) VALUES (2269,'Cefixime');
INSERT INTO surgery (id,date,patient_id,doctor_id) VALUES (2270,'2019-12-03',75,332);
INSERT INTO meds_for_surgery (surgery_id,med) VALUES (2270,'Cladribine');
INSERT INTO surgery (id,date,patient_id,doctor_id) VALUES (2271,'2019-12-18',869,232);
INSERT INTO meds_for_surgery (surgery_id,med) VALUES (2271,'Amikacin');
INSERT INTO surgery (id,date,patient_id,doctor_id) VALUES (2272,'2019-11-20',505,8);
INSERT INTO meds_for_surgery (surgery_id,med) VALUES (2272,'Stavudine');
INSERT INTO surgery (id,date,patient_id,doctor_id) VALUES (2273,'2019-12-06',133,540);
INSERT INTO meds_for_surgery (surgery_id,med) VALUES (2273,'Ifosfamide');
INSERT INTO surgery (id,date,patient_id,doctor_id) VALUES (2274,'2019-11-27',210,702);
INSERT INTO meds_for_surgery (surgery_id,med) VALUES (2274,'Enalapril');
INSERT INTO surgery (id,date,patient_id,doctor_id) VALUES (2275,'2019-11-25',34,1000);
INSERT INTO meds_for_surgery (surgery_id,med) VALUES (2275,'Methotrexate');
INSERT INTO surgery (id,date,patient_id,doctor_id) VALUES (2276,'2019-12-09',659,12);
INSERT INTO meds_for_surgery (surgery_id,med) VALUES (2276,'Imipenem');
INSERT INTO surgery (id,date,patient_id,doctor_id) VALUES (2277,'2019-12-08',310,565);
INSERT INTO meds_for_surgery (surgery_id,med) VALUES (2277,'Clobazam');
INSERT INTO surgery (id,date,patient_id,doctor_id) VALUES (2278,'2019-11-27',791,875);
INSERT INTO meds_for_surgery (surgery_id,med) VALUES (2278,'Isotretinoin');
INSERT INTO surgery (id,date,patient_id,doctor_id) VALUES (2279,'2019-12-11',823,301);
INSERT INTO meds_for_surgery (surgery_id,med) VALUES (2279,'Potassium');
INSERT INTO surgery (id,date,patient_id,doctor_id) VALUES (2280,'2019-11-21',63,614);
INSERT INTO meds_for_surgery (surgery_id,med) VALUES (2280,'Calcium');
INSERT INTO surgery (id,date,patient_id,doctor_id) VALUES (2281,'2019-11-29',169,222);
INSERT INTO meds_for_surgery (surgery_id,med) VALUES (2281,'Dronabinol');
INSERT INTO surgery (id,date,patient_id,doctor_id) VALUES (2282,'2019-12-16',13,413);
INSERT INTO meds_for_surgery (surgery_id,med) VALUES (2282,'Mesna');
INSERT INTO surgery (id,date,patient_id,doctor_id) VALUES (2283,'2019-12-10',682,988);
INSERT INTO meds_for_surgery (surgery_id,med) VALUES (2283,'Potassium');
INSERT INTO surgery (id,date,patient_id,doctor_id) VALUES (2284,'2019-12-21',852,382);
INSERT INTO meds_for_surgery (surgery_id,med) VALUES (2284,'Rivaroxaban');
INSERT INTO surgery (id,date,patient_id,doctor_id) VALUES (2285,'2019-11-29',560,232);
INSERT INTO meds_for_surgery (surgery_id,med) VALUES (2285,'Methotrexate');
INSERT INTO surgery (id,date,patient_id,doctor_id) VALUES (2286,'2019-12-17',130,542);
INSERT INTO meds_for_surgery (surgery_id,med) VALUES (2286,'Lorazepam');
INSERT INTO surgery (id,date,patient_id,doctor_id) VALUES (2287,'2019-12-12',71,12);
INSERT INTO meds_for_surgery (surgery_id,med) VALUES (2287,'Voriconazole');
INSERT INTO surgery (id,date,patient_id,doctor_id) VALUES (2288,'2019-11-28',272,432);
INSERT INTO meds_for_surgery (surgery_id,med) VALUES (2288,'Heparin');
INSERT INTO surgery (id,date,patient_id,doctor_id) VALUES (2289,'2019-12-19',608,284);
INSERT INTO meds_for_surgery (surgery_id,med) VALUES (2289,'Mercaptopurine');
INSERT INTO surgery (id,date,patient_id,doctor_id) VALUES (2290,'2019-11-22',885,259);
INSERT INTO meds_for_surgery (surgery_id,med) VALUES (2290,'Levothyroxine');
INSERT INTO surgery (id,date,patient_id,doctor_id) VALUES (2291,'2019-12-13',617,990);
INSERT INTO meds_for_surgery (surgery_id,med) VALUES (2291,'Posaconazole');
INSERT INTO surgery (id,date,patient_id,doctor_id) VALUES (2292,'2019-12-10',478,1000);
INSERT INTO meds_for_surgery (surgery_id,med) VALUES (2292,'Mechlorethamine');
INSERT INTO surgery (id,date,patient_id,doctor_id) VALUES (2293,'2019-11-28',217,464);
INSERT INTO meds_for_surgery (surgery_id,med) VALUES (2293,'Fluconazole');
INSERT INTO surgery (id,date,patient_id,doctor_id) VALUES (2294,'2019-11-21',643,504);
INSERT INTO meds_for_surgery (surgery_id,med) VALUES (2294,'Teniposide');
INSERT INTO surgery (id,date,patient_id,doctor_id) VALUES (2295,'2019-12-07',177,565);
INSERT INTO meds_for_surgery (surgery_id,med) VALUES (2295,'Dasatinib');
INSERT INTO surgery (id,date,patient_id,doctor_id) VALUES (2296,'2019-11-30',616,800);
INSERT INTO meds_for_surgery (surgery_id,med) VALUES (2296,'Magnesium');
INSERT INTO surgery (id,date,patient_id,doctor_id) VALUES (2297,'2019-12-20',476,164);
INSERT INTO meds_for_surgery (surgery_id,med) VALUES (2297,'Teniposide');
INSERT INTO surgery (id,date,patient_id,doctor_id) VALUES (2298,'2019-12-24',198,787);
INSERT INTO meds_for_surgery (surgery_id,med) VALUES (2298,'Mitoxantrone');
INSERT INTO surgery (id,date,patient_id,doctor_id) VALUES (2299,'2019-12-06',885,399);
INSERT INTO meds_for_surgery (surgery_id,med) VALUES (2299,'Saquinavir');
INSERT INTO surgery (id,date,patient_id,doctor_id) VALUES (2300,'2019-12-19',469,66);
INSERT INTO meds_for_surgery (surgery_id,med) VALUES (2300,'Etravirine');
INSERT INTO surgery (id,date,patient_id,doctor_id) VALUES (2301,'2019-12-02',182,930);
INSERT INTO meds_for_surgery (surgery_id,med) VALUES (2301,'Metronidazole');
INSERT INTO surgery (id,date,patient_id,doctor_id) VALUES (2302,'2019-12-14',920,222);
INSERT INTO meds_for_surgery (surgery_id,med) VALUES (2302,'Tenofovir');
INSERT INTO surgery (id,date,patient_id,doctor_id) VALUES (2303,'2019-12-01',761,280);
INSERT INTO meds_for_surgery (surgery_id,med) VALUES (2303,'Celecoxib');
INSERT INTO surgery (id,date,patient_id,doctor_id) VALUES (2304,'2019-12-08',735,579);
INSERT INTO meds_for_surgery (surgery_id,med) VALUES (2304,'Diclofenac');
INSERT INTO surgery (id,date,patient_id,doctor_id) VALUES (2305,'2019-11-21',320,417);
INSERT INTO meds_for_surgery (surgery_id,med) VALUES (2305,'Dacarbazine');
INSERT INTO surgery (id,date,patient_id,doctor_id) VALUES (2306,'2019-12-21',735,545);
INSERT INTO meds_for_surgery (surgery_id,med) VALUES (2306,'Hydroxyurea');
INSERT INTO surgery (id,date,patient_id,doctor_id) VALUES (2307,'2019-12-24',299,782);
INSERT INTO meds_for_surgery (surgery_id,med) VALUES (2307,'Probenecid');
INSERT INTO surgery (id,date,patient_id,doctor_id) VALUES (2308,'2019-12-01',650,545);
INSERT INTO meds_for_surgery (surgery_id,med) VALUES (2308,'Mechlorethamine');
INSERT INTO surgery (id,date,patient_id,doctor_id) VALUES (2309,'2019-12-12',676,331);
INSERT INTO meds_for_surgery (surgery_id,med) VALUES (2309,'Desmopressin');
INSERT INTO surgery (id,date,patient_id,doctor_id) VALUES (2310,'2019-11-26',48,353);
INSERT INTO meds_for_surgery (surgery_id,med) VALUES (2310,'Azithromycin');
INSERT INTO surgery (id,date,patient_id,doctor_id) VALUES (2311,'2019-12-05',949,599);
INSERT INTO meds_for_surgery (surgery_id,med) VALUES (2311,'Atazanavir');
INSERT INTO surgery (id,date,patient_id,doctor_id) VALUES (2312,'2019-12-03',314,652);
INSERT INTO meds_for_surgery (surgery_id,med) VALUES (2312,'Sugammadex');
INSERT INTO surgery (id,date,patient_id,doctor_id) VALUES (2313,'2019-12-23',315,784);
INSERT INTO meds_for_surgery (surgery_id,med) VALUES (2313,'Mechlorethamine');
INSERT INTO surgery (id,date,patient_id,doctor_id) VALUES (2314,'2019-12-22',178,632);
INSERT INTO meds_for_surgery (surgery_id,med) VALUES (2314,'Meperidine');
INSERT INTO surgery (id,date,patient_id,doctor_id) VALUES (2315,'2019-12-21',357,988);
INSERT INTO meds_for_surgery (surgery_id,med) VALUES (2315,'Nevirapine');
INSERT INTO surgery (id,date,patient_id,doctor_id) VALUES (2316,'2019-12-24',73,471);
INSERT INTO meds_for_surgery (surgery_id,med) VALUES (2316,'Hydromorphone');
INSERT INTO surgery (id,date,patient_id,doctor_id) VALUES (2317,'2019-12-19',51,3);
INSERT INTO meds_for_surgery (surgery_id,med) VALUES (2317,'Stavudine');
INSERT INTO surgery (id,date,patient_id,doctor_id) VALUES (2318,'2019-12-17',698,896);
INSERT INTO meds_for_surgery (surgery_id,med) VALUES (2318,'Phenobarbital');
INSERT INTO surgery (id,date,patient_id,doctor_id) VALUES (2319,'2019-12-15',139,770);
INSERT INTO meds_for_surgery (surgery_id,med) VALUES (2319,'G-CSF');
INSERT INTO surgery (id,date,patient_id,doctor_id) VALUES (2320,'2019-12-17',315,968);
INSERT INTO meds_for_surgery (surgery_id,med) VALUES (2320,'Clindamycin');
INSERT INTO surgery (id,date,patient_id,doctor_id) VALUES (2321,'2019-12-01',810,598);
INSERT INTO meds_for_surgery (surgery_id,med) VALUES (2321,'Hydrocodone');
INSERT INTO surgery (id,date,patient_id,doctor_id) VALUES (2322,'2019-12-07',159,305);
INSERT INTO meds_for_surgery (surgery_id,med) VALUES (2322,'Cefuroxime');
INSERT INTO surgery (id,date,patient_id,doctor_id) VALUES (2323,'2019-11-23',311,259);
INSERT INTO meds_for_surgery (surgery_id,med) VALUES (2323,'Acyclovir');
INSERT INTO surgery (id,date,patient_id,doctor_id) VALUES (2324,'2019-12-17',754,579);
INSERT INTO meds_for_surgery (surgery_id,med) VALUES (2324,'Efavirenz');
INSERT INTO surgery (id,date,patient_id,doctor_id) VALUES (2325,'2019-11-27',391,825);
INSERT INTO meds_for_surgery (surgery_id,med) VALUES (2325,'Vinblastine');
INSERT INTO surgery (id,date,patient_id,doctor_id) VALUES (2326,'2019-12-05',655,62);
INSERT INTO meds_for_surgery (surgery_id,med) VALUES (2326,'Labetalol');
INSERT INTO surgery (id,date,patient_id,doctor_id) VALUES (2327,'2019-11-20',36,896);
INSERT INTO meds_for_surgery (surgery_id,med) VALUES (2327,'Mitotane');
INSERT INTO surgery (id,date,patient_id,doctor_id) VALUES (2328,'2019-11-23',855,936);
INSERT INTO meds_for_surgery (surgery_id,med) VALUES (2328,'G-CSF');
INSERT INTO surgery (id,date,patient_id,doctor_id) VALUES (2329,'2019-12-12',157,925);
INSERT INTO meds_for_surgery (surgery_id,med) VALUES (2329,'Ondansetron');
INSERT INTO surgery (id,date,patient_id,doctor_id) VALUES (2330,'2019-12-09',446,966);
INSERT INTO meds_for_surgery (surgery_id,med) VALUES (2330,'Amitriptyline');
INSERT INTO surgery (id,date,patient_id,doctor_id) VALUES (2331,'2019-11-25',44,491);
INSERT INTO meds_for_surgery (surgery_id,med) VALUES (2331,'Gemcitabine');
INSERT INTO surgery (id,date,patient_id,doctor_id) VALUES (2332,'2019-12-20',823,964);
INSERT INTO meds_for_surgery (surgery_id,med) VALUES (2332,'Dronabinol');
INSERT INTO surgery (id,date,patient_id,doctor_id) VALUES (2333,'2019-11-20',299,583);
INSERT INTO meds_for_surgery (surgery_id,med) VALUES (2333,'Emtricitabine');
INSERT INTO surgery (id,date,patient_id,doctor_id) VALUES (2334,'2019-11-21',391,15);
INSERT INTO meds_for_surgery (surgery_id,med) VALUES (2334,'Leucovorin');
INSERT INTO surgery (id,date,patient_id,doctor_id) VALUES (2335,'2019-12-05',476,471);
INSERT INTO meds_for_surgery (surgery_id,med) VALUES (2335,'Dornase alfa');
INSERT INTO surgery (id,date,patient_id,doctor_id) VALUES (2336,'2019-12-16',388,135);
INSERT INTO meds_for_surgery (surgery_id,med) VALUES (2336,'Amifostine');
INSERT INTO surgery (id,date,patient_id,doctor_id) VALUES (2337,'2019-12-10',45,702);
INSERT INTO meds_for_surgery (surgery_id,med) VALUES (2337,'Clofarabine');
INSERT INTO surgery (id,date,patient_id,doctor_id) VALUES (2338,'2019-12-07',343,464);
INSERT INTO meds_for_surgery (surgery_id,med) VALUES (2338,'Vorinostat');
INSERT INTO surgery (id,date,patient_id,doctor_id) VALUES (2339,'2019-12-05',567,825);
INSERT INTO meds_for_surgery (surgery_id,med) VALUES (2339,'Cyclobenzaprine');
INSERT INTO surgery (id,date,patient_id,doctor_id) VALUES (2340,'2019-11-20',45,437);
INSERT INTO meds_for_surgery (surgery_id,med) VALUES (2340,'Captopril');
INSERT INTO surgery (id,date,patient_id,doctor_id) VALUES (2341,'2019-12-13',482,851);
INSERT INTO meds_for_surgery (surgery_id,med) VALUES (2341,'Deferasirox');
INSERT INTO surgery (id,date,patient_id,doctor_id) VALUES (2342,'2019-12-08',424,825);
INSERT INTO meds_for_surgery (surgery_id,med) VALUES (2342,'Itraconazole');
INSERT INTO surgery (id,date,patient_id,doctor_id) VALUES (2343,'2019-12-12',608,305);
INSERT INTO meds_for_surgery (surgery_id,med) VALUES (2343,'Clobazam');
INSERT INTO surgery (id,date,patient_id,doctor_id) VALUES (2344,'2019-12-13',311,554);
INSERT INTO meds_for_surgery (surgery_id,med) VALUES (2344,'Ritonavir');
INSERT INTO surgery (id,date,patient_id,doctor_id) VALUES (2345,'2019-12-08',269,745);
INSERT INTO meds_for_surgery (surgery_id,med) VALUES (2345,'Warfarin');
INSERT INTO surgery (id,date,patient_id,doctor_id) VALUES (2346,'2019-11-29',773,992);
INSERT INTO meds_for_surgery (surgery_id,med) VALUES (2346,'Heparin');
INSERT INTO surgery (id,date,patient_id,doctor_id) VALUES (2347,'2019-12-10',144,259);
INSERT INTO meds_for_surgery (surgery_id,med) VALUES (2347,'Melphalan');
INSERT INTO surgery (id,date,patient_id,doctor_id) VALUES (2348,'2019-12-24',570,915);
INSERT INTO meds_for_surgery (surgery_id,med) VALUES (2348,'Busulfan');
INSERT INTO surgery (id,date,patient_id,doctor_id) VALUES (2349,'2019-12-24',823,990);
INSERT INTO meds_for_surgery (surgery_id,med) VALUES (2349,'Itraconazole');
INSERT INTO surgery (id,date,patient_id,doctor_id) VALUES (2350,'2019-12-07',51,934);
INSERT INTO meds_for_surgery (surgery_id,med) VALUES (2350,'Sunitinib');
INSERT INTO surgery (id,date,patient_id,doctor_id) VALUES (2351,'2019-12-19',339,11);
INSERT INTO meds_for_surgery (surgery_id,med) VALUES (2351,'Asparaginase');
INSERT INTO surgery (id,date,patient_id,doctor_id) VALUES (2352,'2019-12-08',296,662);
INSERT INTO meds_for_surgery (surgery_id,med) VALUES (2352,'Morphine');
INSERT INTO surgery (id,date,patient_id,doctor_id) VALUES (2353,'2019-12-03',130,495);
INSERT INTO meds_for_surgery (surgery_id,med) VALUES (2353,'Promethazine');
INSERT INTO surgery (id,date,patient_id,doctor_id) VALUES (2354,'2019-12-09',460,694);
INSERT INTO meds_for_surgery (surgery_id,med) VALUES (2354,'Modafinil');
INSERT INTO surgery (id,date,patient_id,doctor_id) VALUES (2355,'2019-12-03',221,440);
INSERT INTO meds_for_surgery (surgery_id,med) VALUES (2355,'Dornase alfa');
INSERT INTO surgery (id,date,patient_id,doctor_id) VALUES (2356,'2019-12-06',898,565);
INSERT INTO meds_for_surgery (surgery_id,med) VALUES (2356,'Darunavir');
INSERT INTO surgery (id,date,patient_id,doctor_id) VALUES (2357,'2019-11-28',41,284);
INSERT INTO meds_for_surgery (surgery_id,med) VALUES (2357,'Dobutamine');
INSERT INTO surgery (id,date,patient_id,doctor_id) VALUES (2358,'2019-12-18',869,783);
INSERT INTO meds_for_surgery (surgery_id,med) VALUES (2358,'Rilpivirine');
INSERT INTO surgery (id,date,patient_id,doctor_id) VALUES (2359,'2019-12-09',655,228);
INSERT INTO meds_for_surgery (surgery_id,med) VALUES (2359,'Lopinavir');
INSERT INTO surgery (id,date,patient_id,doctor_id) VALUES (2360,'2019-11-21',201,614);
INSERT INTO meds_for_surgery (surgery_id,med) VALUES (2360,'Carmustine');
INSERT INTO surgery (id,date,patient_id,doctor_id) VALUES (2361,'2019-12-23',634,936);
INSERT INTO meds_for_surgery (surgery_id,med) VALUES (2361,'Hydrocodone');
INSERT INTO surgery (id,date,patient_id,doctor_id) VALUES (2362,'2019-11-30',320,515);
INSERT INTO meds_for_surgery (surgery_id,med) VALUES (2362,'Crizotinib');
INSERT INTO surgery (id,date,patient_id,doctor_id) VALUES (2363,'2019-12-11',941,3);
INSERT INTO meds_for_surgery (surgery_id,med) VALUES (2363,'Furosemide');
INSERT INTO surgery (id,date,patient_id,doctor_id) VALUES (2364,'2019-12-07',666,332);
INSERT INTO meds_for_surgery (surgery_id,med) VALUES (2364,'Probenecid');
INSERT INTO surgery (id,date,patient_id,doctor_id) VALUES (2365,'2019-12-01',249,284);
INSERT INTO meds_for_surgery (surgery_id,med) VALUES (2365,'Phenobarbital');
INSERT INTO surgery (id,date,patient_id,doctor_id) VALUES (2366,'2019-12-12',476,515);
INSERT INTO meds_for_surgery (surgery_id,med) VALUES (2366,'Penicillin');
INSERT INTO surgery (id,date,patient_id,doctor_id) VALUES (2367,'2019-12-17',690,677);
INSERT INTO meds_for_surgery (surgery_id,med) VALUES (2367,'Saquinavir');
INSERT INTO surgery (id,date,patient_id,doctor_id) VALUES (2368,'2019-12-11',290,875);
INSERT INTO meds_for_surgery (surgery_id,med) VALUES (2368,'Codeine');
INSERT INTO surgery (id,date,patient_id,doctor_id) VALUES (2369,'2019-11-26',262,857);
INSERT INTO meds_for_surgery (surgery_id,med) VALUES (2369,'Calcium');
INSERT INTO surgery (id,date,patient_id,doctor_id) VALUES (2370,'2019-11-27',339,207);
INSERT INTO meds_for_surgery (surgery_id,med) VALUES (2370,'Lorazepam');
INSERT INTO surgery (id,date,patient_id,doctor_id) VALUES (2371,'2019-12-04',210,331);
INSERT INTO meds_for_surgery (surgery_id,med) VALUES (2371,'Hydroxyurea');
INSERT INTO surgery (id,date,patient_id,doctor_id) VALUES (2372,'2019-12-10',474,12);
INSERT INTO meds_for_surgery (surgery_id,med) VALUES (2372,'Thioguanine');
INSERT INTO surgery (id,date,patient_id,doctor_id) VALUES (2373,'2019-12-02',45,968);
INSERT INTO meds_for_surgery (surgery_id,med) VALUES (2373,'Dexamethasone');
INSERT INTO surgery (id,date,patient_id,doctor_id) VALUES (2374,'2019-12-10',661,451);
INSERT INTO meds_for_surgery (surgery_id,med) VALUES (2374,'Abacavir');
INSERT INTO surgery (id,date,patient_id,doctor_id) VALUES (2375,'2019-12-19',177,821);
INSERT INTO meds_for_surgery (surgery_id,med) VALUES (2375,'Pegfilgrastim');
INSERT INTO surgery (id,date,patient_id,doctor_id) VALUES (2376,'2019-12-18',747,332);
INSERT INTO meds_for_surgery (surgery_id,med) VALUES (2376,'L-glutamine');
INSERT INTO surgery (id,date,patient_id,doctor_id) VALUES (2377,'2019-12-13',68,390);
INSERT INTO meds_for_surgery (surgery_id,med) VALUES (2377,'Melphalan');
INSERT INTO surgery (id,date,patient_id,doctor_id) VALUES (2378,'2019-12-02',290,745);
INSERT INTO meds_for_surgery (surgery_id,med) VALUES (2378,'Erythromycin');
INSERT INTO surgery (id,date,patient_id,doctor_id) VALUES (2379,'2019-12-13',314,382);
INSERT INTO meds_for_surgery (surgery_id,med) VALUES (2379,'Acyclovir');
INSERT INTO surgery (id,date,patient_id,doctor_id) VALUES (2380,'2019-11-25',676,542);
INSERT INTO meds_for_surgery (surgery_id,med) VALUES (2380,'Immune');
INSERT INTO surgery (id,date,patient_id,doctor_id) VALUES (2381,'2019-11-25',859,375);
INSERT INTO meds_for_surgery (surgery_id,med) VALUES (2381,'Sorafenib');
INSERT INTO surgery (id,date,patient_id,doctor_id) VALUES (2382,'2019-12-22',608,397);
INSERT INTO meds_for_surgery (surgery_id,med) VALUES (2382,'Cisplatin');
INSERT INTO surgery (id,date,patient_id,doctor_id) VALUES (2383,'2019-12-09',6,934);
INSERT INTO meds_for_surgery (surgery_id,med) VALUES (2383,'Gemcitabine');
INSERT INTO surgery (id,date,patient_id,doctor_id) VALUES (2384,'2019-12-12',322,930);
INSERT INTO meds_for_surgery (surgery_id,med) VALUES (2384,'Rituximab');
INSERT INTO surgery (id,date,patient_id,doctor_id) VALUES (2385,'2019-12-04',959,973);
INSERT INTO meds_for_surgery (surgery_id,med) VALUES (2385,'Darunavir');
INSERT INTO surgery (id,date,patient_id,doctor_id) VALUES (2386,'2019-11-28',587,413);
INSERT INTO meds_for_surgery (surgery_id,med) VALUES (2386,'Etoposide');
INSERT INTO surgery (id,date,patient_id,doctor_id) VALUES (2387,'2019-12-09',617,992);
INSERT INTO meds_for_surgery (surgery_id,med) VALUES (2387,'Tobramycin');
INSERT INTO surgery (id,date,patient_id,doctor_id) VALUES (2388,'2019-12-24',290,542);
INSERT INTO meds_for_surgery (surgery_id,med) VALUES (2388,'Levothyroxine');
INSERT INTO surgery (id,date,patient_id,doctor_id) VALUES (2389,'2019-12-02',198,595);
INSERT INTO meds_for_surgery (surgery_id,med) VALUES (2389,'Norepinephrine');
INSERT INTO surgery (id,date,patient_id,doctor_id) VALUES (2390,'2019-12-09',210,992);
INSERT INTO meds_for_surgery (surgery_id,med) VALUES (2390,'Megestrol acetate');
INSERT INTO surgery (id,date,patient_id,doctor_id) VALUES (2391,'2019-11-23',304,544);
INSERT INTO meds_for_surgery (surgery_id,med) VALUES (2391,'Clofarabine');
INSERT INTO surgery (id,date,patient_id,doctor_id) VALUES (2392,'2019-12-05',616,599);
INSERT INTO meds_for_surgery (surgery_id,med) VALUES (2392,'Phenytoin');
INSERT INTO surgery (id,date,patient_id,doctor_id) VALUES (2393,'2019-12-12',98,991);
INSERT INTO meds_for_surgery (surgery_id,med) VALUES (2393,'Fludarabine');
INSERT INTO surgery (id,date,patient_id,doctor_id) VALUES (2394,'2019-12-16',236,440);
INSERT INTO meds_for_surgery (surgery_id,med) VALUES (2394,'Teniposide');
INSERT INTO surgery (id,date,patient_id,doctor_id) VALUES (2395,'2019-12-20',666,508);
INSERT INTO meds_for_surgery (surgery_id,med) VALUES (2395,'Rivaroxaban');
INSERT INTO surgery (id,date,patient_id,doctor_id) VALUES (2396,'2019-12-22',39,305);
INSERT INTO meds_for_surgery (surgery_id,med) VALUES (2396,'Lomustine');
INSERT INTO surgery (id,date,patient_id,doctor_id) VALUES (2397,'2019-11-25',206,614);
INSERT INTO meds_for_surgery (surgery_id,med) VALUES (2397,'G-CSF');
INSERT INTO surgery (id,date,patient_id,doctor_id) VALUES (2398,'2019-12-10',290,371);
INSERT INTO meds_for_surgery (surgery_id,med) VALUES (2398,'Atenolol');
INSERT INTO surgery (id,date,patient_id,doctor_id) VALUES (2399,'2019-11-28',269,783);
INSERT INTO meds_for_surgery (surgery_id,med) VALUES (2399,'Hydrocodone');
INSERT INTO surgery (id,date,patient_id,doctor_id) VALUES (2400,'2019-11-25',634,632);
INSERT INTO meds_for_surgery (surgery_id,med) VALUES (2400,'Trimethoprim');
INSERT INTO surgery (id,date,patient_id,doctor_id) VALUES (2401,'2019-11-29',310,372);
INSERT INTO meds_for_surgery (surgery_id,med) VALUES (2401,'Hydrocodone');
INSERT INTO surgery (id,date,patient_id,doctor_id) VALUES (2402,'2019-11-20',443,565);
INSERT INTO meds_for_surgery (surgery_id,med) VALUES (2402,'Thioguanine');
INSERT INTO surgery (id,date,patient_id,doctor_id) VALUES (2403,'2019-11-27',743,338);
INSERT INTO meds_for_surgery (surgery_id,med) VALUES (2403,'Cefuroxime');
INSERT INTO surgery (id,date,patient_id,doctor_id) VALUES (2404,'2019-11-28',416,680);
INSERT INTO meds_for_surgery (surgery_id,med) VALUES (2404,'Lopinavir');
INSERT INTO surgery (id,date,patient_id,doctor_id) VALUES (2405,'2019-11-21',647,301);
INSERT INTO meds_for_surgery (surgery_id,med) VALUES (2405,'Ruxolitinib');
INSERT INTO surgery (id,date,patient_id,doctor_id) VALUES (2406,'2019-12-06',605,988);
INSERT INTO meds_for_surgery (surgery_id,med) VALUES (2406,'Immune');
INSERT INTO surgery (id,date,patient_id,doctor_id) VALUES (2407,'2019-12-04',322,575);
INSERT INTO meds_for_surgery (surgery_id,med) VALUES (2407,'Temozolomide');
INSERT INTO surgery (id,date,patient_id,doctor_id) VALUES (2408,'2019-12-09',643,554);
INSERT INTO meds_for_surgery (surgery_id,med) VALUES (2408,'Enoxaparin');
INSERT INTO surgery (id,date,patient_id,doctor_id) VALUES (2409,'2019-12-24',959,738);
INSERT INTO meds_for_surgery (surgery_id,med) VALUES (2409,'Eltrombopag');
INSERT INTO surgery (id,date,patient_id,doctor_id) VALUES (2410,'2019-11-25',945,745);
INSERT INTO meds_for_surgery (surgery_id,med) VALUES (2410,'Sunitinib');
INSERT INTO surgery (id,date,patient_id,doctor_id) VALUES (2411,'2019-11-24',972,576);
INSERT INTO meds_for_surgery (surgery_id,med) VALUES (2411,'Sirolimus');
INSERT INTO surgery (id,date,patient_id,doctor_id) VALUES (2412,'2019-12-22',560,295);
INSERT INTO meds_for_surgery (surgery_id,med) VALUES (2412,'Cefaclor');
INSERT INTO surgery (id,date,patient_id,doctor_id) VALUES (2413,'2019-12-13',949,440);
INSERT INTO meds_for_surgery (surgery_id,med) VALUES (2413,'Tretinoin');
INSERT INTO surgery (id,date,patient_id,doctor_id) VALUES (2414,'2019-12-19',94,313);
INSERT INTO meds_for_surgery (surgery_id,med) VALUES (2414,'Ranitidine');
INSERT INTO surgery (id,date,patient_id,doctor_id) VALUES (2415,'2019-12-09',217,222);
INSERT INTO meds_for_surgery (surgery_id,med) VALUES (2415,'Carbamazepine');
INSERT INTO surgery (id,date,patient_id,doctor_id) VALUES (2416,'2019-11-28',663,787);
INSERT INTO meds_for_surgery (surgery_id,med) VALUES (2416,'Metronidazole');
INSERT INTO surgery (id,date,patient_id,doctor_id) VALUES (2417,'2019-12-23',885,966);
INSERT INTO meds_for_surgery (surgery_id,med) VALUES (2417,'Captopril');
INSERT INTO surgery (id,date,patient_id,doctor_id) VALUES (2418,'2019-12-05',217,746);
INSERT INTO meds_for_surgery (surgery_id,med) VALUES (2418,'Teniposide');
INSERT INTO surgery (id,date,patient_id,doctor_id) VALUES (2419,'2019-11-25',713,966);
INSERT INTO meds_for_surgery (surgery_id,med) VALUES (2419,'Mitoxantrone');
INSERT INTO surgery (id,date,patient_id,doctor_id) VALUES (2420,'2019-12-03',572,579);
INSERT INTO meds_for_surgery (surgery_id,med) VALUES (2420,'Clofarabine');
INSERT INTO surgery (id,date,patient_id,doctor_id) VALUES (2421,'2019-11-26',747,632);
INSERT INTO meds_for_surgery (surgery_id,med) VALUES (2421,'Dacarbazine');
INSERT INTO surgery (id,date,patient_id,doctor_id) VALUES (2422,'2019-12-02',898,544);
INSERT INTO meds_for_surgery (surgery_id,med) VALUES (2422,'Cyclobenzaprine');
INSERT INTO surgery (id,date,patient_id,doctor_id) VALUES (2423,'2019-12-22',446,295);
INSERT INTO meds_for_surgery (surgery_id,med) VALUES (2423,'Vincristine');
INSERT INTO surgery (id,date,patient_id,doctor_id) VALUES (2424,'2019-12-20',103,662);
INSERT INTO meds_for_surgery (surgery_id,med) VALUES (2424,'Trimethoprim');
INSERT INTO surgery (id,date,patient_id,doctor_id) VALUES (2425,'2019-12-09',650,542);
INSERT INTO meds_for_surgery (surgery_id,med) VALUES (2425,'Mercaptopurine');
INSERT INTO surgery (id,date,patient_id,doctor_id) VALUES (2426,'2019-11-23',237,964);
INSERT INTO meds_for_surgery (surgery_id,med) VALUES (2426,'Interleukin');
INSERT INTO surgery (id,date,patient_id,doctor_id) VALUES (2427,'2019-11-22',650,126);
INSERT INTO meds_for_surgery (surgery_id,med) VALUES (2427,'Allopurinol');
INSERT INTO surgery (id,date,patient_id,doctor_id) VALUES (2428,'2019-12-05',220,680);
INSERT INTO meds_for_surgery (surgery_id,med) VALUES (2428,'Fludarabine');
INSERT INTO surgery (id,date,patient_id,doctor_id) VALUES (2429,'2019-12-13',983,332);
INSERT INTO meds_for_surgery (surgery_id,med) VALUES (2429,'Didanosine');
INSERT INTO surgery (id,date,patient_id,doctor_id) VALUES (2430,'2019-12-21',605,170);
INSERT INTO meds_for_surgery (surgery_id,med) VALUES (2430,'Dacarbazine');
INSERT INTO surgery (id,date,patient_id,doctor_id) VALUES (2431,'2019-12-15',290,806);
INSERT INTO meds_for_surgery (surgery_id,med) VALUES (2431,'Eltrombopag');
INSERT INTO surgery (id,date,patient_id,doctor_id) VALUES (2432,'2019-12-07',892,680);
INSERT INTO meds_for_surgery (surgery_id,med) VALUES (2432,'Nelarabine');
INSERT INTO surgery (id,date,patient_id,doctor_id) VALUES (2433,'2019-12-18',112,351);
INSERT INTO meds_for_surgery (surgery_id,med) VALUES (2433,'Dobutamine');
INSERT INTO surgery (id,date,patient_id,doctor_id) VALUES (2434,'2019-12-20',840,925);
INSERT INTO meds_for_surgery (surgery_id,med) VALUES (2434,'Levothyroxine');
INSERT INTO surgery (id,date,patient_id,doctor_id) VALUES (2435,'2019-12-23',146,437);
INSERT INTO meds_for_surgery (surgery_id,med) VALUES (2435,'Atovaquone');
INSERT INTO surgery (id,date,patient_id,doctor_id) VALUES (2436,'2019-12-20',19,244);
INSERT INTO meds_for_surgery (surgery_id,med) VALUES (2436,'Procarbazine');
INSERT INTO surgery (id,date,patient_id,doctor_id) VALUES (2437,'2019-12-08',482,702);
INSERT INTO meds_for_surgery (surgery_id,med) VALUES (2437,'Metronidazole');
INSERT INTO surgery (id,date,patient_id,doctor_id) VALUES (2438,'2019-12-16',687,301);
INSERT INTO meds_for_surgery (surgery_id,med) VALUES (2438,'Morphine');
INSERT INTO surgery (id,date,patient_id,doctor_id) VALUES (2439,'2019-12-03',118,222);
INSERT INTO meds_for_surgery (surgery_id,med) VALUES (2439,'GM-CSF');
INSERT INTO surgery (id,date,patient_id,doctor_id) VALUES (2440,'2019-11-24',13,193);
INSERT INTO meds_for_surgery (surgery_id,med) VALUES (2440,'Propoxyphene');
INSERT INTO surgery (id,date,patient_id,doctor_id) VALUES (2441,'2019-12-07',650,533);
INSERT INTO meds_for_surgery (surgery_id,med) VALUES (2441,'Posaconazole');
INSERT INTO surgery (id,date,patient_id,doctor_id) VALUES (2442,'2019-12-10',314,341);
INSERT INTO meds_for_surgery (surgery_id,med) VALUES (2442,'Heparin');
INSERT INTO surgery (id,date,patient_id,doctor_id) VALUES (2443,'2019-11-28',103,683);
INSERT INTO meds_for_surgery (surgery_id,med) VALUES (2443,'Saquinavir');
INSERT INTO surgery (id,date,patient_id,doctor_id) VALUES (2444,'2019-12-04',826,280);
INSERT INTO meds_for_surgery (surgery_id,med) VALUES (2444,'Dapsone');
INSERT INTO surgery (id,date,patient_id,doctor_id) VALUES (2445,'2019-12-13',695,846);
INSERT INTO meds_for_surgery (surgery_id,med) VALUES (2445,'Leucovorin');
INSERT INTO surgery (id,date,patient_id,doctor_id) VALUES (2446,'2019-12-21',130,280);
INSERT INTO meds_for_surgery (surgery_id,med) VALUES (2446,'Eltrombopag');
INSERT INTO surgery (id,date,patient_id,doctor_id) VALUES (2447,'2019-12-17',695,677);
INSERT INTO meds_for_surgery (surgery_id,med) VALUES (2447,'Bosentan');
INSERT INTO surgery (id,date,patient_id,doctor_id) VALUES (2448,'2019-12-24',558,375);
INSERT INTO meds_for_surgery (surgery_id,med) VALUES (2448,'Tobramycin');
INSERT INTO surgery (id,date,patient_id,doctor_id) VALUES (2449,'2019-11-29',478,515);
INSERT INTO meds_for_surgery (surgery_id,med) VALUES (2449,'Gefitinib');
INSERT INTO surgery (id,date,patient_id,doctor_id) VALUES (2450,'2019-11-30',713,437);
INSERT INTO meds_for_surgery (surgery_id,med) VALUES (2450,'Paclitaxel');
INSERT INTO surgery (id,date,patient_id,doctor_id) VALUES (2451,'2019-11-23',685,292);
INSERT INTO meds_for_surgery (surgery_id,med) VALUES (2451,'Dobutamine');
INSERT INTO surgery (id,date,patient_id,doctor_id) VALUES (2452,'2019-12-06',195,437);
INSERT INTO meds_for_surgery (surgery_id,med) VALUES (2452,'Enalapril');
INSERT INTO surgery (id,date,patient_id,doctor_id) VALUES (2453,'2019-12-11',391,448);
INSERT INTO meds_for_surgery (surgery_id,med) VALUES (2453,'Tacrolimus');
INSERT INTO surgery (id,date,patient_id,doctor_id) VALUES (2454,'2019-12-08',567,769);
INSERT INTO meds_for_surgery (surgery_id,med) VALUES (2454,'Hydrocodone');
INSERT INTO surgery (id,date,patient_id,doctor_id) VALUES (2455,'2019-12-04',182,991);
INSERT INTO meds_for_surgery (surgery_id,med) VALUES (2455,'Morphine');
INSERT INTO surgery (id,date,patient_id,doctor_id) VALUES (2456,'2019-12-11',36,699);
INSERT INTO meds_for_surgery (surgery_id,med) VALUES (2456,'GM-CSF');
INSERT INTO surgery (id,date,patient_id,doctor_id) VALUES (2457,'2019-11-22',608,515);
INSERT INTO meds_for_surgery (surgery_id,med) VALUES (2457,'Itraconazole');
INSERT INTO surgery (id,date,patient_id,doctor_id) VALUES (2458,'2019-11-20',48,181);
INSERT INTO meds_for_surgery (surgery_id,med) VALUES (2458,'Emtricitabine');
INSERT INTO surgery (id,date,patient_id,doctor_id) VALUES (2459,'2019-12-01',587,783);
INSERT INTO meds_for_surgery (surgery_id,med) VALUES (2459,'Immune');
INSERT INTO surgery (id,date,patient_id,doctor_id) VALUES (2460,'2019-12-17',214,495);
INSERT INTO meds_for_surgery (surgery_id,med) VALUES (2460,'Tretinoin');
INSERT INTO surgery (id,date,patient_id,doctor_id) VALUES (2461,'2019-12-18',411,677);
INSERT INTO meds_for_surgery (surgery_id,med) VALUES (2461,'Tacrolimus');
INSERT INTO surgery (id,date,patient_id,doctor_id) VALUES (2462,'2019-12-11',917,542);
INSERT INTO meds_for_surgery (surgery_id,med) VALUES (2462,'Erythropoietin');
INSERT INTO surgery (id,date,patient_id,doctor_id) VALUES (2463,'2019-12-06',634,598);
INSERT INTO meds_for_surgery (surgery_id,med) VALUES (2463,'Lopinavir');
INSERT INTO surgery (id,date,patient_id,doctor_id) VALUES (2464,'2019-11-27',184,936);
INSERT INTO meds_for_surgery (surgery_id,med) VALUES (2464,'Erlotinib');
INSERT INTO surgery (id,date,patient_id,doctor_id) VALUES (2465,'2019-12-02',655,100);
INSERT INTO meds_for_surgery (surgery_id,med) VALUES (2465,'Carbamazepine');
INSERT INTO surgery (id,date,patient_id,doctor_id) VALUES (2466,'2019-12-05',810,621);
INSERT INTO meds_for_surgery (surgery_id,med) VALUES (2466,'Dasatinib');
INSERT INTO surgery (id,date,patient_id,doctor_id) VALUES (2467,'2019-12-08',616,925);
INSERT INTO meds_for_surgery (surgery_id,med) VALUES (2467,'Procarbazine');
INSERT INTO surgery (id,date,patient_id,doctor_id) VALUES (2468,'2019-12-24',237,836);
INSERT INTO meds_for_surgery (surgery_id,med) VALUES (2468,'Thiotepa');
INSERT INTO surgery (id,date,patient_id,doctor_id) VALUES (2469,'2019-11-25',210,745);
INSERT INTO meds_for_surgery (surgery_id,med) VALUES (2469,'Foscarnet');
INSERT INTO surgery (id,date,patient_id,doctor_id) VALUES (2470,'2019-12-02',89,821);
INSERT INTO meds_for_surgery (surgery_id,med) VALUES (2470,'Imipenem');
INSERT INTO surgery (id,date,patient_id,doctor_id) VALUES (2471,'2019-12-18',75,973);
INSERT INTO meds_for_surgery (surgery_id,med) VALUES (2471,'Probenecid');
INSERT INTO surgery (id,date,patient_id,doctor_id) VALUES (2472,'2019-11-24',392,15);
INSERT INTO meds_for_surgery (surgery_id,med) VALUES (2472,'Etravirine');
INSERT INTO surgery (id,date,patient_id,doctor_id) VALUES (2473,'2019-12-02',478,471);
INSERT INTO meds_for_surgery (surgery_id,med) VALUES (2473,'Tretinoin');
INSERT INTO surgery (id,date,patient_id,doctor_id) VALUES (2474,'2019-12-17',920,307);
INSERT INTO meds_for_surgery (surgery_id,med) VALUES (2474,'Meperidine');
INSERT INTO surgery (id,date,patient_id,doctor_id) VALUES (2475,'2019-12-22',949,770);
INSERT INTO meds_for_surgery (surgery_id,med) VALUES (2475,'Methotrexate');
INSERT INTO surgery (id,date,patient_id,doctor_id) VALUES (2476,'2019-12-18',890,903);
INSERT INTO meds_for_surgery (surgery_id,med) VALUES (2476,'Rasburicase');
INSERT INTO surgery (id,date,patient_id,doctor_id) VALUES (2477,'2019-12-01',596,598);
INSERT INTO meds_for_surgery (surgery_id,med) VALUES (2477,'Hydrocortisone');
INSERT INTO surgery (id,date,patient_id,doctor_id) VALUES (2478,'2019-12-23',663,936);
INSERT INTO meds_for_surgery (surgery_id,med) VALUES (2478,'Methotrexate');
INSERT INTO surgery (id,date,patient_id,doctor_id) VALUES (2479,'2019-11-22',767,244);
INSERT INTO meds_for_surgery (surgery_id,med) VALUES (2479,'Diclofenac');
INSERT INTO surgery (id,date,patient_id,doctor_id) VALUES (2480,'2019-12-08',655,575);
INSERT INTO meds_for_surgery (surgery_id,med) VALUES (2480,'Carbamazepine');
INSERT INTO surgery (id,date,patient_id,doctor_id) VALUES (2481,'2019-12-21',735,448);
INSERT INTO meds_for_surgery (surgery_id,med) VALUES (2481,'Cladribine');
INSERT INTO surgery (id,date,patient_id,doctor_id) VALUES (2482,'2019-11-21',214,875);
INSERT INTO meds_for_surgery (surgery_id,med) VALUES (2482,'Codeine');
INSERT INTO surgery (id,date,patient_id,doctor_id) VALUES (2483,'2019-12-05',76,319);
INSERT INTO meds_for_surgery (surgery_id,med) VALUES (2483,'Daunorubicin');
INSERT INTO surgery (id,date,patient_id,doctor_id) VALUES (2484,'2019-11-27',952,990);
INSERT INTO meds_for_surgery (surgery_id,med) VALUES (2484,'Muromonab');
INSERT INTO surgery (id,date,patient_id,doctor_id) VALUES (2485,'2019-12-11',92,784);
INSERT INTO meds_for_surgery (surgery_id,med) VALUES (2485,'Prednisone');
INSERT INTO surgery (id,date,patient_id,doctor_id) VALUES (2486,'2019-12-06',272,332);
INSERT INTO meds_for_surgery (surgery_id,med) VALUES (2486,'Crizotinib');
INSERT INTO surgery (id,date,patient_id,doctor_id) VALUES (2487,'2019-12-02',215,512);
INSERT INTO meds_for_surgery (surgery_id,med) VALUES (2487,'Acyclovir');
INSERT INTO surgery (id,date,patient_id,doctor_id) VALUES (2488,'2019-12-09',19,385);
INSERT INTO meds_for_surgery (surgery_id,med) VALUES (2488,'Procarbazine');
INSERT INTO surgery (id,date,patient_id,doctor_id) VALUES (2489,'2019-12-11',201,857);
INSERT INTO meds_for_surgery (surgery_id,med) VALUES (2489,'Clofarabine');
INSERT INTO surgery (id,date,patient_id,doctor_id) VALUES (2490,'2019-12-07',482,770);
INSERT INTO meds_for_surgery (surgery_id,med) VALUES (2490,'Ondansetron');
INSERT INTO surgery (id,date,patient_id,doctor_id) VALUES (2491,'2019-12-22',352,307);
INSERT INTO meds_for_surgery (surgery_id,med) VALUES (2491,'Darunavir');
INSERT INTO surgery (id,date,patient_id,doctor_id) VALUES (2492,'2019-12-07',945,894);
INSERT INTO meds_for_surgery (surgery_id,med) VALUES (2492,'Elvitegravir');
INSERT INTO surgery (id,date,patient_id,doctor_id) VALUES (2493,'2019-12-18',39,930);
INSERT INTO meds_for_surgery (surgery_id,med) VALUES (2493,'Topotecan');
INSERT INTO surgery (id,date,patient_id,doctor_id) VALUES (2494,'2019-11-23',34,301);
INSERT INTO meds_for_surgery (surgery_id,med) VALUES (2494,'Amitriptyline');
INSERT INTO surgery (id,date,patient_id,doctor_id) VALUES (2495,'2019-12-23',476,307);
INSERT INTO meds_for_surgery (surgery_id,med) VALUES (2495,'Emtricitabine');
INSERT INTO surgery (id,date,patient_id,doctor_id) VALUES (2496,'2019-12-22',215,280);
INSERT INTO meds_for_surgery (surgery_id,med) VALUES (2496,'Muromonab');
INSERT INTO surgery (id,date,patient_id,doctor_id) VALUES (2497,'2019-12-15',634,50);
INSERT INTO meds_for_surgery (surgery_id,med) VALUES (2497,'Foscarnet');
INSERT INTO surgery (id,date,patient_id,doctor_id) VALUES (2498,'2019-11-21',215,579);
INSERT INTO meds_for_surgery (surgery_id,med) VALUES (2498,'Dexamethasone');
INSERT INTO surgery (id,date,patient_id,doctor_id) VALUES (2499,'2019-11-24',134,170);
INSERT INTO meds_for_surgery (surgery_id,med) VALUES (2499,'Celecoxib');
INSERT INTO surgery (id,date,patient_id,doctor_id) VALUES (2500,'2019-12-05',831,990);
INSERT INTO meds_for_surgery (surgery_id,med) VALUES (2500,'Dornase alfa');
INSERT INTO surgery (id,date,patient_id,doctor_id) VALUES (2501,'2019-11-20',51,925);
INSERT INTO meds_for_surgery (surgery_id,med) VALUES (2501,'Norepinephrine');
INSERT INTO surgery (id,date,patient_id,doctor_id) VALUES (2502,'2019-11-24',454,554);
INSERT INTO meds_for_surgery (surgery_id,med) VALUES (2502,'Magnesium');
INSERT INTO surgery (id,date,patient_id,doctor_id) VALUES (2503,'2019-11-26',134,181);
INSERT INTO meds_for_surgery (surgery_id,med) VALUES (2503,'Didanosine');
INSERT INTO surgery (id,date,patient_id,doctor_id) VALUES (2504,'2019-12-04',859,491);
INSERT INTO meds_for_surgery (surgery_id,med) VALUES (2504,'Emtricitabine');
INSERT INTO surgery (id,date,patient_id,doctor_id) VALUES (2505,'2019-11-29',130,539);
INSERT INTO meds_for_surgery (surgery_id,med) VALUES (2505,'Stavudine');
INSERT INTO surgery (id,date,patient_id,doctor_id) VALUES (2506,'2019-12-09',643,451);
INSERT INTO meds_for_surgery (surgery_id,med) VALUES (2506,'Mycophenolate');
INSERT INTO surgery (id,date,patient_id,doctor_id) VALUES (2507,'2019-12-08',665,915);
INSERT INTO meds_for_surgery (surgery_id,med) VALUES (2507,'Methotrexate');
INSERT INTO surgery (id,date,patient_id,doctor_id) VALUES (2508,'2019-12-01',391,933);
INSERT INTO meds_for_surgery (surgery_id,med) VALUES (2508,'Doxorubicin');
INSERT INTO surgery (id,date,patient_id,doctor_id) VALUES (2509,'2019-12-19',71,222);
INSERT INTO meds_for_surgery (surgery_id,med) VALUES (2509,'Desmopressin');
INSERT INTO surgery (id,date,patient_id,doctor_id) VALUES (2510,'2019-11-27',643,565);
INSERT INTO meds_for_surgery (surgery_id,med) VALUES (2510,'Etoposide');
INSERT INTO surgery (id,date,patient_id,doctor_id) VALUES (2511,'2019-11-23',339,579);
INSERT INTO meds_for_surgery (surgery_id,med) VALUES (2511,'Mercaptopurine');
INSERT INTO surgery (id,date,patient_id,doctor_id) VALUES (2512,'2019-11-30',682,851);
INSERT INTO meds_for_surgery (surgery_id,med) VALUES (2512,'Dacarbazine');
INSERT INTO surgery (id,date,patient_id,doctor_id) VALUES (2513,'2019-12-08',34,662);
INSERT INTO meds_for_surgery (surgery_id,med) VALUES (2513,'Aminocaproic Acid');
INSERT INTO surgery (id,date,patient_id,doctor_id) VALUES (2514,'2019-12-19',177,417);
INSERT INTO meds_for_surgery (surgery_id,med) VALUES (2514,'Carmustine');
INSERT INTO surgery (id,date,patient_id,doctor_id) VALUES (2515,'2019-12-12',334,375);
INSERT INTO meds_for_surgery (surgery_id,med) VALUES (2515,'Trimethoprim');
INSERT INTO surgery (id,date,patient_id,doctor_id) VALUES (2516,'2019-11-27',584,11);
INSERT INTO meds_for_surgery (surgery_id,med) VALUES (2516,'Clarithromycin');
INSERT INTO surgery (id,date,patient_id,doctor_id) VALUES (2517,'2019-12-11',743,338);
INSERT INTO meds_for_surgery (surgery_id,med) VALUES (2517,'Sucralfate');
INSERT INTO surgery (id,date,patient_id,doctor_id) VALUES (2518,'2019-12-02',411,745);
INSERT INTO meds_for_surgery (surgery_id,med) VALUES (2518,'Prednisone');
INSERT INTO surgery (id,date,patient_id,doctor_id) VALUES (2519,'2019-11-20',144,800);
INSERT INTO meds_for_surgery (surgery_id,med) VALUES (2519,'Thioguanine');
INSERT INTO surgery (id,date,patient_id,doctor_id) VALUES (2520,'2019-12-12',454,515);
INSERT INTO meds_for_surgery (surgery_id,med) VALUES (2520,'Rituximab');
INSERT INTO surgery (id,date,patient_id,doctor_id) VALUES (2521,'2019-12-02',320,783);
INSERT INTO meds_for_surgery (surgery_id,med) VALUES (2521,'Granisetron');
INSERT INTO surgery (id,date,patient_id,doctor_id) VALUES (2522,'2019-12-06',482,936);
INSERT INTO meds_for_surgery (surgery_id,med) VALUES (2522,'Imipenem');
INSERT INTO surgery (id,date,patient_id,doctor_id) VALUES (2523,'2019-12-04',443,683);
INSERT INTO meds_for_surgery (surgery_id,med) VALUES (2523,'Aprepitant');
INSERT INTO surgery (id,date,patient_id,doctor_id) VALUES (2524,'2019-12-20',584,491);
INSERT INTO meds_for_surgery (surgery_id,med) VALUES (2524,'Temozolomide');
INSERT INTO surgery (id,date,patient_id,doctor_id) VALUES (2525,'2019-12-16',567,896);
INSERT INTO meds_for_surgery (surgery_id,med) VALUES (2525,'Erythropoietin');
INSERT INTO surgery (id,date,patient_id,doctor_id) VALUES (2526,'2019-12-19',810,896);
INSERT INTO meds_for_surgery (surgery_id,med) VALUES (2526,'Meloxicam');
INSERT INTO surgery (id,date,patient_id,doctor_id) VALUES (2527,'2019-12-06',810,307);
INSERT INTO meds_for_surgery (surgery_id,med) VALUES (2527,'Dopamine');
INSERT INTO surgery (id,date,patient_id,doctor_id) VALUES (2528,'2019-12-08',198,301);
INSERT INTO meds_for_surgery (surgery_id,med) VALUES (2528,'Raltegravir');
INSERT INTO surgery (id,date,patient_id,doctor_id) VALUES (2529,'2019-12-07',210,399);
INSERT INTO meds_for_surgery (surgery_id,med) VALUES (2529,'Isotretinoin');
INSERT INTO surgery (id,date,patient_id,doctor_id) VALUES (2530,'2019-12-06',175,964);
INSERT INTO meds_for_surgery (surgery_id,med) VALUES (2530,'G-CSF');
INSERT INTO surgery (id,date,patient_id,doctor_id) VALUES (2531,'2019-12-02',483,846);
INSERT INTO meds_for_surgery (surgery_id,med) VALUES (2531,'Cefaclor');
INSERT INTO surgery (id,date,patient_id,doctor_id) VALUES (2532,'2019-11-20',482,353);
INSERT INTO meds_for_surgery (surgery_id,med) VALUES (2532,'Imipenem');
INSERT INTO surgery (id,date,patient_id,doctor_id) VALUES (2533,'2019-12-13',773,232);
INSERT INTO meds_for_surgery (surgery_id,med) VALUES (2533,'Erythromycin');
INSERT INTO surgery (id,date,patient_id,doctor_id) VALUES (2534,'2019-11-28',315,8);
INSERT INTO meds_for_surgery (surgery_id,med) VALUES (2534,'Cefaclor');
INSERT INTO surgery (id,date,patient_id,doctor_id) VALUES (2535,'2019-12-11',98,128);
INSERT INTO meds_for_surgery (surgery_id,med) VALUES (2535,'Acyclovir');
INSERT INTO surgery (id,date,patient_id,doctor_id) VALUES (2536,'2019-12-16',643,338);
INSERT INTO meds_for_surgery (surgery_id,med) VALUES (2536,'Azithromycin');
INSERT INTO surgery (id,date,patient_id,doctor_id) VALUES (2537,'2019-12-02',634,332);
INSERT INTO meds_for_surgery (surgery_id,med) VALUES (2537,'Topotecan');
INSERT INTO surgery (id,date,patient_id,doctor_id) VALUES (2538,'2019-12-20',247,50);
INSERT INTO meds_for_surgery (surgery_id,med) VALUES (2538,'Procarbazine');
INSERT INTO surgery (id,date,patient_id,doctor_id) VALUES (2539,'2019-12-24',177,313);
INSERT INTO meds_for_surgery (surgery_id,med) VALUES (2539,'Pemetrexed');
INSERT INTO surgery (id,date,patient_id,doctor_id) VALUES (2540,'2019-12-14',815,620);
INSERT INTO meds_for_surgery (surgery_id,med) VALUES (2540,'Atazanavir');
INSERT INTO surgery (id,date,patient_id,doctor_id) VALUES (2541,'2019-11-21',941,284);
INSERT INTO meds_for_surgery (surgery_id,med) VALUES (2541,'Atovaquone');
INSERT INTO surgery (id,date,patient_id,doctor_id) VALUES (2542,'2019-12-12',92,783);
INSERT INTO meds_for_surgery (surgery_id,med) VALUES (2542,'Imatinib');
INSERT INTO surgery (id,date,patient_id,doctor_id) VALUES (2543,'2019-12-15',262,542);
INSERT INTO meds_for_surgery (surgery_id,med) VALUES (2543,'Linezolid');
INSERT INTO surgery (id,date,patient_id,doctor_id) VALUES (2544,'2019-11-30',19,821);
INSERT INTO meds_for_surgery (surgery_id,med) VALUES (2544,'Sugammadex');
INSERT INTO surgery (id,date,patient_id,doctor_id) VALUES (2545,'2019-12-16',236,500);
INSERT INTO meds_for_surgery (surgery_id,med) VALUES (2545,'Phosphorus');
INSERT INTO surgery (id,date,patient_id,doctor_id) VALUES (2546,'2019-12-05',869,193);
INSERT INTO meds_for_surgery (surgery_id,med) VALUES (2546,'Granisetron');
INSERT INTO surgery (id,date,patient_id,doctor_id) VALUES (2547,'2019-12-05',761,990);
INSERT INTO meds_for_surgery (surgery_id,med) VALUES (2547,'Cyclosporine');
INSERT INTO surgery (id,date,patient_id,doctor_id) VALUES (2548,'2019-11-21',666,385);
INSERT INTO meds_for_surgery (surgery_id,med) VALUES (2548,'Cephalexin');
INSERT INTO surgery (id,date,patient_id,doctor_id) VALUES (2549,'2019-11-30',304,280);
INSERT INTO meds_for_surgery (surgery_id,med) VALUES (2549,'Cyclosporine');
INSERT INTO surgery (id,date,patient_id,doctor_id) VALUES (2550,'2019-12-03',201,542);
INSERT INTO meds_for_surgery (surgery_id,med) VALUES (2550,'Sorafenib');
INSERT INTO surgery (id,date,patient_id,doctor_id) VALUES (2551,'2019-12-11',496,836);
INSERT INTO meds_for_surgery (surgery_id,med) VALUES (2551,'Rivaroxaban');
INSERT INTO surgery (id,date,patient_id,doctor_id) VALUES (2552,'2019-11-24',210,745);
INSERT INTO meds_for_surgery (surgery_id,med) VALUES (2552,'Dasatinib');
INSERT INTO surgery (id,date,patient_id,doctor_id) VALUES (2553,'2019-11-26',659,232);
INSERT INTO meds_for_surgery (surgery_id,med) VALUES (2553,'Emtricitabine');
INSERT INTO surgery (id,date,patient_id,doctor_id) VALUES (2554,'2019-11-22',315,332);
INSERT INTO meds_for_surgery (surgery_id,med) VALUES (2554,'Darunavir');
INSERT INTO surgery (id,date,patient_id,doctor_id) VALUES (2555,'2019-12-20',659,440);
INSERT INTO meds_for_surgery (surgery_id,med) VALUES (2555,'Doxorubicin');
INSERT INTO surgery (id,date,patient_id,doctor_id) VALUES (2556,'2019-12-21',664,356);
INSERT INTO meds_for_surgery (surgery_id,med) VALUES (2556,'Methylphenidate');
INSERT INTO surgery (id,date,patient_id,doctor_id) VALUES (2557,'2019-12-20',6,387);
INSERT INTO meds_for_surgery (surgery_id,med) VALUES (2557,'Hydrocortisone');
INSERT INTO surgery (id,date,patient_id,doctor_id) VALUES (2558,'2019-11-30',560,319);
INSERT INTO meds_for_surgery (surgery_id,med) VALUES (2558,'Topotecan');
INSERT INTO surgery (id,date,patient_id,doctor_id) VALUES (2559,'2019-11-29',172,915);
INSERT INTO meds_for_surgery (surgery_id,med) VALUES (2559,'Hydralazine');
INSERT INTO surgery (id,date,patient_id,doctor_id) VALUES (2560,'2019-12-16',98,825);
INSERT INTO meds_for_surgery (surgery_id,med) VALUES (2560,'Maraviroc');
INSERT INTO surgery (id,date,patient_id,doctor_id) VALUES (2561,'2019-12-01',641,504);
INSERT INTO meds_for_surgery (surgery_id,med) VALUES (2561,'Gefitinib');
INSERT INTO surgery (id,date,patient_id,doctor_id) VALUES (2562,'2019-11-28',46,11);
INSERT INTO meds_for_surgery (surgery_id,med) VALUES (2562,'Amoxicillin');
INSERT INTO surgery (id,date,patient_id,doctor_id) VALUES (2563,'2019-12-03',927,821);
INSERT INTO meds_for_surgery (surgery_id,med) VALUES (2563,'Dobutamine');
INSERT INTO surgery (id,date,patient_id,doctor_id) VALUES (2564,'2019-12-19',682,702);
INSERT INTO meds_for_surgery (surgery_id,med) VALUES (2564,'Omeprazole');
INSERT INTO surgery (id,date,patient_id,doctor_id) VALUES (2565,'2019-11-30',51,544);
INSERT INTO meds_for_surgery (surgery_id,med) VALUES (2565,'Sorafenib');
INSERT INTO surgery (id,date,patient_id,doctor_id) VALUES (2566,'2019-12-13',174,565);
INSERT INTO meds_for_surgery (surgery_id,med) VALUES (2566,'Elvitegravir');
INSERT INTO surgery (id,date,patient_id,doctor_id) VALUES (2567,'2019-12-23',859,228);
INSERT INTO meds_for_surgery (surgery_id,med) VALUES (2567,'Vincristine');
INSERT INTO surgery (id,date,patient_id,doctor_id) VALUES (2568,'2019-12-21',151,515);
INSERT INTO meds_for_surgery (surgery_id,med) VALUES (2568,'Promethazine');
INSERT INTO surgery (id,date,patient_id,doctor_id) VALUES (2569,'2019-12-03',98,545);
INSERT INTO meds_for_surgery (surgery_id,med) VALUES (2569,'Norepinephrine');
INSERT INTO surgery (id,date,patient_id,doctor_id) VALUES (2570,'2019-12-15',989,693);
INSERT INTO meds_for_surgery (surgery_id,med) VALUES (2570,'Pegfilgrastim');
INSERT INTO surgery (id,date,patient_id,doctor_id) VALUES (2571,'2019-12-05',972,464);
INSERT INTO meds_for_surgery (surgery_id,med) VALUES (2571,'Modafinil');
INSERT INTO surgery (id,date,patient_id,doctor_id) VALUES (2572,'2019-11-23',133,894);
INSERT INTO meds_for_surgery (surgery_id,med) VALUES (2572,'Fludarabine');
INSERT INTO surgery (id,date,patient_id,doctor_id) VALUES (2573,'2019-12-22',391,319);
INSERT INTO meds_for_surgery (surgery_id,med) VALUES (2573,'Hydromorphone');
INSERT INTO surgery (id,date,patient_id,doctor_id) VALUES (2574,'2019-12-02',221,319);
INSERT INTO meds_for_surgery (surgery_id,med) VALUES (2574,'G-CSF');
INSERT INTO surgery (id,date,patient_id,doctor_id) VALUES (2575,'2019-12-04',972,432);
INSERT INTO meds_for_surgery (surgery_id,med) VALUES (2575,'Gemtuzumab');
INSERT INTO surgery (id,date,patient_id,doctor_id) VALUES (2576,'2019-12-16',932,338);
INSERT INTO meds_for_surgery (surgery_id,med) VALUES (2576,'Megestrol acetate');
INSERT INTO surgery (id,date,patient_id,doctor_id) VALUES (2577,'2019-11-28',791,544);
INSERT INTO meds_for_surgery (surgery_id,med) VALUES (2577,'Etravirine');
INSERT INTO surgery (id,date,patient_id,doctor_id) VALUES (2578,'2019-11-26',94,382);
INSERT INTO meds_for_surgery (surgery_id,med) VALUES (2578,'Codeine');
INSERT INTO surgery (id,date,patient_id,doctor_id) VALUES (2579,'2019-12-03',310,332);
INSERT INTO meds_for_surgery (surgery_id,med) VALUES (2579,'Aminocaproic Acid');
INSERT INTO surgery (id,date,patient_id,doctor_id) VALUES (2580,'2019-11-22',139,614);
INSERT INTO meds_for_surgery (surgery_id,med) VALUES (2580,'Azithromycin');
INSERT INTO surgery (id,date,patient_id,doctor_id) VALUES (2581,'2019-12-06',118,385);
INSERT INTO meds_for_surgery (surgery_id,med) VALUES (2581,'Interferon');
INSERT INTO surgery (id,date,patient_id,doctor_id) VALUES (2582,'2019-11-27',608,857);
INSERT INTO meds_for_surgery (surgery_id,med) VALUES (2582,'Imatinib');
INSERT INTO surgery (id,date,patient_id,doctor_id) VALUES (2583,'2019-12-18',36,769);
INSERT INTO meds_for_surgery (surgery_id,med) VALUES (2583,'Promethazine');
INSERT INTO surgery (id,date,patient_id,doctor_id) VALUES (2584,'2019-12-09',177,128);
INSERT INTO meds_for_surgery (surgery_id,med) VALUES (2584,'Efavirenz');
INSERT INTO surgery (id,date,patient_id,doctor_id) VALUES (2585,'2019-12-12',916,625);
INSERT INTO meds_for_surgery (surgery_id,med) VALUES (2585,'Immune');
INSERT INTO surgery (id,date,patient_id,doctor_id) VALUES (2586,'2019-12-13',761,351);
INSERT INTO meds_for_surgery (surgery_id,med) VALUES (2586,'Atovaquone');
INSERT INTO surgery (id,date,patient_id,doctor_id) VALUES (2587,'2019-12-21',73,414);
INSERT INTO meds_for_surgery (surgery_id,med) VALUES (2587,'Phosphorus');
INSERT INTO surgery (id,date,patient_id,doctor_id) VALUES (2588,'2019-11-20',272,579);
INSERT INTO meds_for_surgery (surgery_id,med) VALUES (2588,'Tacrolimus');
INSERT INTO surgery (id,date,patient_id,doctor_id) VALUES (2589,'2019-12-16',46,783);
INSERT INTO meds_for_surgery (surgery_id,med) VALUES (2589,'Methadone');
INSERT INTO surgery (id,date,patient_id,doctor_id) VALUES (2590,'2019-12-14',474,620);
INSERT INTO meds_for_surgery (surgery_id,med) VALUES (2590,'Clindamycin');
INSERT INTO surgery (id,date,patient_id,doctor_id) VALUES (2591,'2019-11-26',496,576);
INSERT INTO meds_for_surgery (surgery_id,med) VALUES (2591,'Fluconazole');
INSERT INTO surgery (id,date,patient_id,doctor_id) VALUES (2592,'2019-12-16',269,578);
INSERT INTO meds_for_surgery (surgery_id,med) VALUES (2592,'Propoxyphene');
INSERT INTO surgery (id,date,patient_id,doctor_id) VALUES (2593,'2019-12-03',558,15);
INSERT INTO meds_for_surgery (surgery_id,med) VALUES (2593,'Ifosfamide');
INSERT INTO surgery (id,date,patient_id,doctor_id) VALUES (2594,'2019-11-29',802,662);
INSERT INTO meds_for_surgery (surgery_id,med) VALUES (2594,'Rasburicase');
INSERT INTO surgery (id,date,patient_id,doctor_id) VALUES (2595,'2019-12-15',34,933);
INSERT INTO meds_for_surgery (surgery_id,med) VALUES (2595,'Gemtuzumab');
INSERT INTO surgery (id,date,patient_id,doctor_id) VALUES (2596,'2019-12-24',352,973);
INSERT INTO meds_for_surgery (surgery_id,med) VALUES (2596,'Dapsone');
INSERT INTO surgery (id,date,patient_id,doctor_id) VALUES (2597,'2019-11-29',60,532);
INSERT INTO meds_for_surgery (surgery_id,med) VALUES (2597,'Vincristine');
INSERT INTO surgery (id,date,patient_id,doctor_id) VALUES (2598,'2019-11-27',921,338);
INSERT INTO meds_for_surgery (surgery_id,med) VALUES (2598,'Aminocaproic Acid');
INSERT INTO surgery (id,date,patient_id,doctor_id) VALUES (2599,'2019-12-18',663,903);
INSERT INTO meds_for_surgery (surgery_id,med) VALUES (2599,'Clindamycin');
INSERT INTO surgery (id,date,patient_id,doctor_id) VALUES (2600,'2019-12-02',641,515);
INSERT INTO meds_for_surgery (surgery_id,med) VALUES (2600,'Lomustine');
INSERT INTO surgery (id,date,patient_id,doctor_id) VALUES (2601,'2019-12-20',13,244);
INSERT INTO meds_for_surgery (surgery_id,med) VALUES (2601,'Sirolimus');
INSERT INTO surgery (id,date,patient_id,doctor_id) VALUES (2602,'2019-12-20',44,806);
INSERT INTO meds_for_surgery (surgery_id,med) VALUES (2602,'Modafinil');
INSERT INTO surgery (id,date,patient_id,doctor_id) VALUES (2603,'2019-11-20',634,933);
INSERT INTO meds_for_surgery (surgery_id,med) VALUES (2603,'Rasburicase');
INSERT INTO surgery (id,date,patient_id,doctor_id) VALUES (2604,'2019-12-10',217,50);
INSERT INTO meds_for_surgery (surgery_id,med) VALUES (2604,'Fludarabine');
INSERT INTO surgery (id,date,patient_id,doctor_id) VALUES (2605,'2019-12-21',343,578);
INSERT INTO meds_for_surgery (surgery_id,med) VALUES (2605,'Phenobarbital');
INSERT INTO surgery (id,date,patient_id,doctor_id) VALUES (2606,'2019-11-22',921,875);
INSERT INTO meds_for_surgery (surgery_id,med) VALUES (2606,'Emicizumab');
INSERT INTO surgery (id,date,patient_id,doctor_id) VALUES (2607,'2019-12-23',206,371);
INSERT INTO meds_for_surgery (surgery_id,med) VALUES (2607,'Voriconazole');
INSERT INTO surgery (id,date,patient_id,doctor_id) VALUES (2608,'2019-12-08',454,544);
INSERT INTO meds_for_surgery (surgery_id,med) VALUES (2608,'Carboplatin');
INSERT INTO surgery (id,date,patient_id,doctor_id) VALUES (2609,'2019-11-21',34,292);
INSERT INTO meds_for_surgery (surgery_id,med) VALUES (2609,'Erlotinib');
INSERT INTO surgery (id,date,patient_id,doctor_id) VALUES (2610,'2019-11-23',859,292);
INSERT INTO meds_for_surgery (surgery_id,med) VALUES (2610,'L-glutamine');
INSERT INTO surgery (id,date,patient_id,doctor_id) VALUES (2611,'2019-12-09',44,338);
INSERT INTO meds_for_surgery (surgery_id,med) VALUES (2611,'Methotrexate');
INSERT INTO surgery (id,date,patient_id,doctor_id) VALUES (2612,'2019-11-24',478,224);
INSERT INTO meds_for_surgery (surgery_id,med) VALUES (2612,'Alemtuzumab');
INSERT INTO surgery (id,date,patient_id,doctor_id) VALUES (2613,'2019-12-06',221,533);
INSERT INTO meds_for_surgery (surgery_id,med) VALUES (2613,'Cefixime');
INSERT INTO surgery (id,date,patient_id,doctor_id) VALUES (2614,'2019-11-21',570,193);
INSERT INTO meds_for_surgery (surgery_id,med) VALUES (2614,'Tenofovir');
INSERT INTO surgery (id,date,patient_id,doctor_id) VALUES (2615,'2019-12-01',41,964);
INSERT INTO meds_for_surgery (surgery_id,med) VALUES (2615,'G-CSF');
INSERT INTO surgery (id,date,patient_id,doctor_id) VALUES (2616,'2019-12-07',685,579);
INSERT INTO meds_for_surgery (surgery_id,med) VALUES (2616,'Atenolol');
INSERT INTO surgery (id,date,patient_id,doctor_id) VALUES (2617,'2019-11-24',587,464);
INSERT INTO meds_for_surgery (surgery_id,med) VALUES (2617,'Diclofenac');
INSERT INTO surgery (id,date,patient_id,doctor_id) VALUES (2618,'2019-11-23',921,389);
INSERT INTO meds_for_surgery (surgery_id,med) VALUES (2618,'Linezolid');
INSERT INTO surgery (id,date,patient_id,doctor_id) VALUES (2619,'2019-12-09',572,806);
INSERT INTO meds_for_surgery (surgery_id,med) VALUES (2619,'Nelfinavir');
INSERT INTO surgery (id,date,patient_id,doctor_id) VALUES (2620,'2019-11-24',558,224);
INSERT INTO meds_for_surgery (surgery_id,med) VALUES (2620,'Raltegravir');
INSERT INTO surgery (id,date,patient_id,doctor_id) VALUES (2621,'2019-12-20',921,846);
INSERT INTO meds_for_surgery (surgery_id,med) VALUES (2621,'Topotecan');
INSERT INTO surgery (id,date,patient_id,doctor_id) VALUES (2622,'2019-12-06',177,437);
INSERT INTO meds_for_surgery (surgery_id,med) VALUES (2622,'Deferasirox');
INSERT INTO surgery (id,date,patient_id,doctor_id) VALUES (2623,'2019-12-02',567,575);
INSERT INTO meds_for_surgery (surgery_id,med) VALUES (2623,'Dronabinol');
INSERT INTO surgery (id,date,patient_id,doctor_id) VALUES (2624,'2019-12-13',98,292);
INSERT INTO meds_for_surgery (surgery_id,med) VALUES (2624,'Diclofenac');
INSERT INTO surgery (id,date,patient_id,doctor_id) VALUES (2625,'2019-12-06',567,414);
INSERT INTO meds_for_surgery (surgery_id,med) VALUES (2625,'Diclofenac');
INSERT INTO surgery (id,date,patient_id,doctor_id) VALUES (2626,'2019-12-15',41,389);
INSERT INTO meds_for_surgery (surgery_id,med) VALUES (2626,'Temozolomide');
INSERT INTO surgery (id,date,patient_id,doctor_id) VALUES (2627,'2019-12-02',650,745);
INSERT INTO meds_for_surgery (surgery_id,med) VALUES (2627,'Enoxaparin');
INSERT INTO surgery (id,date,patient_id,doctor_id) VALUES (2628,'2019-11-27',296,632);
INSERT INTO meds_for_surgery (surgery_id,med) VALUES (2628,'Thioguanine');
INSERT INTO surgery (id,date,patient_id,doctor_id) VALUES (2629,'2019-12-03',760,545);
INSERT INTO meds_for_surgery (surgery_id,med) VALUES (2629,'L-glutamine');
INSERT INTO surgery (id,date,patient_id,doctor_id) VALUES (2630,'2019-12-20',339,930);
INSERT INTO meds_for_surgery (surgery_id,med) VALUES (2630,'Dobutamine');
INSERT INTO surgery (id,date,patient_id,doctor_id) VALUES (2631,'2019-11-24',75,437);
INSERT INTO meds_for_surgery (surgery_id,med) VALUES (2631,'Lorazepam');
INSERT INTO surgery (id,date,patient_id,doctor_id) VALUES (2632,'2019-12-10',505,232);
INSERT INTO meds_for_surgery (surgery_id,med) VALUES (2632,'Carboplatin');
INSERT INTO surgery (id,date,patient_id,doctor_id) VALUES (2633,'2019-12-04',359,50);
INSERT INTO meds_for_surgery (surgery_id,med) VALUES (2633,'Temozolomide');
INSERT INTO surgery (id,date,patient_id,doctor_id) VALUES (2634,'2019-11-25',482,62);
INSERT INTO meds_for_surgery (surgery_id,med) VALUES (2634,'Irinotecan');
INSERT INTO surgery (id,date,patient_id,doctor_id) VALUES (2635,'2019-11-21',89,896);
INSERT INTO meds_for_surgery (surgery_id,med) VALUES (2635,'Mesna');
INSERT INTO surgery (id,date,patient_id,doctor_id) VALUES (2636,'2019-12-17',249,244);
INSERT INTO meds_for_surgery (surgery_id,med) VALUES (2636,'Paclitaxel');
INSERT INTO surgery (id,date,patient_id,doctor_id) VALUES (2637,'2019-12-11',469,746);
INSERT INTO meds_for_surgery (surgery_id,med) VALUES (2637,'Carbamazepine');
INSERT INTO surgery (id,date,patient_id,doctor_id) VALUES (2638,'2019-12-14',201,356);
INSERT INTO meds_for_surgery (surgery_id,med) VALUES (2638,'Cyclophosphamide');
INSERT INTO surgery (id,date,patient_id,doctor_id) VALUES (2639,'2019-12-02',453,599);
INSERT INTO meds_for_surgery (surgery_id,med) VALUES (2639,'Celecoxib');
INSERT INTO surgery (id,date,patient_id,doctor_id) VALUES (2640,'2019-12-13',560,232);
INSERT INTO meds_for_surgery (surgery_id,med) VALUES (2640,'Acyclovir');
INSERT INTO surgery (id,date,patient_id,doctor_id) VALUES (2641,'2019-11-21',627,440);
INSERT INTO meds_for_surgery (surgery_id,med) VALUES (2641,'Prednisone');
INSERT INTO surgery (id,date,patient_id,doctor_id) VALUES (2642,'2019-12-09',315,504);
INSERT INTO meds_for_surgery (surgery_id,med) VALUES (2642,'Megestrol acetate');
INSERT INTO surgery (id,date,patient_id,doctor_id) VALUES (2643,'2019-11-29',871,693);
INSERT INTO meds_for_surgery (surgery_id,med) VALUES (2643,'Zidovudine');
INSERT INTO surgery (id,date,patient_id,doctor_id) VALUES (2644,'2019-11-20',890,451);
INSERT INTO meds_for_surgery (surgery_id,med) VALUES (2644,'Leucovorin');
INSERT INTO surgery (id,date,patient_id,doctor_id) VALUES (2645,'2019-12-22',983,575);
INSERT INTO meds_for_surgery (surgery_id,med) VALUES (2645,'Cyproheptadine');
INSERT INTO surgery (id,date,patient_id,doctor_id) VALUES (2646,'2019-12-06',486,851);
INSERT INTO meds_for_surgery (surgery_id,med) VALUES (2646,'PEGaspargase');
INSERT INTO surgery (id,date,patient_id,doctor_id) VALUES (2647,'2019-12-18',810,126);
INSERT INTO meds_for_surgery (surgery_id,med) VALUES (2647,'Maraviroc');
INSERT INTO surgery (id,date,patient_id,doctor_id) VALUES (2648,'2019-11-21',647,341);
INSERT INTO meds_for_surgery (surgery_id,med) VALUES (2648,'Melphalan');
INSERT INTO surgery (id,date,patient_id,doctor_id) VALUES (2649,'2019-12-11',641,101);
INSERT INTO meds_for_surgery (surgery_id,med) VALUES (2649,'Baclofen');
INSERT INTO surgery (id,date,patient_id,doctor_id) VALUES (2650,'2019-12-22',89,575);
INSERT INTO meds_for_surgery (surgery_id,med) VALUES (2650,'Meropenem');
INSERT INTO surgery (id,date,patient_id,doctor_id) VALUES (2651,'2019-11-22',39,988);
INSERT INTO meds_for_surgery (surgery_id,med) VALUES (2651,'Tretinoin');
INSERT INTO surgery (id,date,patient_id,doctor_id) VALUES (2652,'2019-11-29',89,846);
INSERT INTO meds_for_surgery (surgery_id,med) VALUES (2652,'Enoxaparin');
INSERT INTO surgery (id,date,patient_id,doctor_id) VALUES (2653,'2019-12-17',983,371);
INSERT INTO meds_for_surgery (surgery_id,med) VALUES (2653,'Phosphorus');
INSERT INTO surgery (id,date,patient_id,doctor_id) VALUES (2654,'2019-11-23',41,575);
INSERT INTO meds_for_surgery (surgery_id,med) VALUES (2654,'Codeine');
INSERT INTO surgery (id,date,patient_id,doctor_id) VALUES (2655,'2019-12-16',605,693);
INSERT INTO meds_for_surgery (surgery_id,med) VALUES (2655,'Temozolomide');
INSERT INTO surgery (id,date,patient_id,doctor_id) VALUES (2656,'2019-12-14',469,301);
INSERT INTO meds_for_surgery (surgery_id,med) VALUES (2656,'Desmopressin');
INSERT INTO surgery (id,date,patient_id,doctor_id) VALUES (2657,'2019-11-28',823,3);
INSERT INTO meds_for_surgery (surgery_id,med) VALUES (2657,'Carboplatin');
INSERT INTO surgery (id,date,patient_id,doctor_id) VALUES (2658,'2019-12-06',147,338);
INSERT INTO meds_for_surgery (surgery_id,med) VALUES (2658,'Carmustine');
INSERT INTO surgery (id,date,patient_id,doctor_id) VALUES (2659,'2019-12-04',237,699);
INSERT INTO meds_for_surgery (surgery_id,med) VALUES (2659,'Gemcitabine');
INSERT INTO surgery (id,date,patient_id,doctor_id) VALUES (2660,'2019-12-12',739,399);
INSERT INTO meds_for_surgery (surgery_id,med) VALUES (2660,'Carboplatin');
INSERT INTO surgery (id,date,patient_id,doctor_id) VALUES (2661,'2019-12-05',983,578);
INSERT INTO meds_for_surgery (surgery_id,med) VALUES (2661,'Sorafenib');
INSERT INTO surgery (id,date,patient_id,doctor_id) VALUES (2662,'2019-12-05',159,170);
INSERT INTO meds_for_surgery (surgery_id,med) VALUES (2662,'Nevirapine');
INSERT INTO surgery (id,date,patient_id,doctor_id) VALUES (2663,'2019-11-23',666,738);
INSERT INTO meds_for_surgery (surgery_id,med) VALUES (2663,'Tobramycin');
INSERT INTO surgery (id,date,patient_id,doctor_id) VALUES (2664,'2019-12-18',890,448);
INSERT INTO meds_for_surgery (surgery_id,med) VALUES (2664,'Meloxicam');
INSERT INTO surgery (id,date,patient_id,doctor_id) VALUES (2665,'2019-12-03',236,545);
INSERT INTO meds_for_surgery (surgery_id,med) VALUES (2665,'Hydrocortisone');
INSERT INTO surgery (id,date,patient_id,doctor_id) VALUES (2666,'2019-12-16',570,746);
INSERT INTO meds_for_surgery (surgery_id,med) VALUES (2666,'Topotecan');
INSERT INTO surgery (id,date,patient_id,doctor_id) VALUES (2667,'2019-12-07',270,896);
INSERT INTO meds_for_surgery (surgery_id,med) VALUES (2667,'Mycophenolate');
INSERT INTO surgery (id,date,patient_id,doctor_id) VALUES (2668,'2019-11-23',826,991);
INSERT INTO meds_for_surgery (surgery_id,med) VALUES (2668,'Cyclosporine');
INSERT INTO surgery (id,date,patient_id,doctor_id) VALUES (2669,'2019-11-30',339,769);
INSERT INTO meds_for_surgery (surgery_id,med) VALUES (2669,'Hydroxyurea');
INSERT INTO surgery (id,date,patient_id,doctor_id) VALUES (2670,'2019-12-10',169,875);
INSERT INTO meds_for_surgery (surgery_id,med) VALUES (2670,'Erythropoietin');
INSERT INTO surgery (id,date,patient_id,doctor_id) VALUES (2671,'2019-12-13',357,575);
INSERT INTO meds_for_surgery (surgery_id,med) VALUES (2671,'Sugammadex');
INSERT INTO surgery (id,date,patient_id,doctor_id) VALUES (2672,'2019-12-04',917,12);
INSERT INTO meds_for_surgery (surgery_id,med) VALUES (2672,'Gemtuzumab');
INSERT INTO surgery (id,date,patient_id,doctor_id) VALUES (2673,'2019-11-20',717,787);
INSERT INTO meds_for_surgery (surgery_id,med) VALUES (2673,'Tretinoin');
INSERT INTO surgery (id,date,patient_id,doctor_id) VALUES (2674,'2019-11-24',147,579);
INSERT INTO meds_for_surgery (surgery_id,med) VALUES (2674,'Famciclovir');
INSERT INTO surgery (id,date,patient_id,doctor_id) VALUES (2675,'2019-12-06',663,770);
INSERT INTO meds_for_surgery (surgery_id,med) VALUES (2675,'Cyproheptadine');
INSERT INTO surgery (id,date,patient_id,doctor_id) VALUES (2676,'2019-12-24',524,332);
INSERT INTO meds_for_surgery (surgery_id,med) VALUES (2676,'Calcium');
INSERT INTO surgery (id,date,patient_id,doctor_id) VALUES (2677,'2019-11-24',195,437);
INSERT INTO meds_for_surgery (surgery_id,med) VALUES (2677,'Amoxicillin');
INSERT INTO surgery (id,date,patient_id,doctor_id) VALUES (2678,'2019-12-04',320,338);
INSERT INTO meds_for_surgery (surgery_id,med) VALUES (2678,'Deferasirox');
INSERT INTO surgery (id,date,patient_id,doctor_id) VALUES (2679,'2019-12-02',36,440);
INSERT INTO meds_for_surgery (surgery_id,med) VALUES (2679,'Zidovudine');
INSERT INTO surgery (id,date,patient_id,doctor_id) VALUES (2680,'2019-12-06',348,244);
INSERT INTO meds_for_surgery (surgery_id,med) VALUES (2680,'Dobutamine');
INSERT INTO surgery (id,date,patient_id,doctor_id) VALUES (2681,'2019-12-19',144,517);
INSERT INTO meds_for_surgery (surgery_id,med) VALUES (2681,'Propoxyphene');
INSERT INTO surgery (id,date,patient_id,doctor_id) VALUES (2682,'2019-12-10',215,933);
INSERT INTO meds_for_surgery (surgery_id,med) VALUES (2682,'Cephalexin');
INSERT INTO surgery (id,date,patient_id,doctor_id) VALUES (2683,'2019-12-15',739,126);
INSERT INTO meds_for_surgery (surgery_id,med) VALUES (2683,'Cefepime');
INSERT INTO surgery (id,date,patient_id,doctor_id) VALUES (2684,'2019-12-05',505,565);
INSERT INTO meds_for_surgery (surgery_id,med) VALUES (2684,'Ondansetron');
INSERT INTO surgery (id,date,patient_id,doctor_id) VALUES (2685,'2019-12-03',416,579);
INSERT INTO meds_for_surgery (surgery_id,med) VALUES (2685,'Methylphenidate');
INSERT INTO surgery (id,date,patient_id,doctor_id) VALUES (2686,'2019-11-21',453,437);
INSERT INTO meds_for_surgery (surgery_id,med) VALUES (2686,'Penicillin');
INSERT INTO surgery (id,date,patient_id,doctor_id) VALUES (2687,'2019-12-08',676,968);
INSERT INTO meds_for_surgery (surgery_id,med) VALUES (2687,'PEGaspargase');
INSERT INTO surgery (id,date,patient_id,doctor_id) VALUES (2688,'2019-11-30',252,101);
INSERT INTO meds_for_surgery (surgery_id,med) VALUES (2688,'Propoxyphene');
INSERT INTO surgery (id,date,patient_id,doctor_id) VALUES (2689,'2019-11-24',859,930);
INSERT INTO meds_for_surgery (surgery_id,med) VALUES (2689,'Methotrexate');
INSERT INTO surgery (id,date,patient_id,doctor_id) VALUES (2690,'2019-12-24',735,575);
INSERT INTO meds_for_surgery (surgery_id,med) VALUES (2690,'Bortezomib');
INSERT INTO surgery (id,date,patient_id,doctor_id) VALUES (2691,'2019-12-06',236,721);
INSERT INTO meds_for_surgery (surgery_id,med) VALUES (2691,'Etravirine');
INSERT INTO surgery (id,date,patient_id,doctor_id) VALUES (2692,'2019-11-21',963,313);
INSERT INTO meds_for_surgery (surgery_id,med) VALUES (2692,'Maraviroc');
INSERT INTO surgery (id,date,patient_id,doctor_id) VALUES (2693,'2019-12-02',214,934);
INSERT INTO meds_for_surgery (surgery_id,med) VALUES (2693,'Dasatinib');
INSERT INTO surgery (id,date,patient_id,doctor_id) VALUES (2694,'2019-12-20',476,934);
INSERT INTO meds_for_surgery (surgery_id,med) VALUES (2694,'Desmopressin');
INSERT INTO surgery (id,date,patient_id,doctor_id) VALUES (2695,'2019-12-17',252,598);
INSERT INTO meds_for_surgery (surgery_id,med) VALUES (2695,'Methylphenidate');
INSERT INTO surgery (id,date,patient_id,doctor_id) VALUES (2696,'2019-11-20',717,471);
INSERT INTO meds_for_surgery (surgery_id,med) VALUES (2696,'Allopurinol');
INSERT INTO surgery (id,date,patient_id,doctor_id) VALUES (2697,'2019-11-28',446,800);
INSERT INTO meds_for_surgery (surgery_id,med) VALUES (2697,'Ranitidine');
INSERT INTO surgery (id,date,patient_id,doctor_id) VALUES (2698,'2019-11-26',627,413);
INSERT INTO meds_for_surgery (surgery_id,med) VALUES (2698,'Stavudine');
INSERT INTO surgery (id,date,patient_id,doctor_id) VALUES (2699,'2019-11-24',644,539);
INSERT INTO meds_for_surgery (surgery_id,med) VALUES (2699,'Isotretinoin');
INSERT INTO surgery (id,date,patient_id,doctor_id) VALUES (2700,'2019-12-22',220,62);
INSERT INTO meds_for_surgery (surgery_id,med) VALUES (2700,'Modafinil');
INSERT INTO surgery (id,date,patient_id,doctor_id) VALUES (2701,'2019-12-14',791,244);
INSERT INTO meds_for_surgery (surgery_id,med) VALUES (2701,'Hydralazine');
INSERT INTO surgery (id,date,patient_id,doctor_id) VALUES (2702,'2019-11-29',182,683);
INSERT INTO meds_for_surgery (surgery_id,med) VALUES (2702,'Trimethoprim');
INSERT INTO surgery (id,date,patient_id,doctor_id) VALUES (2703,'2019-12-01',584,683);
INSERT INTO meds_for_surgery (surgery_id,med) VALUES (2703,'Mitoxantrone');
INSERT INTO surgery (id,date,patient_id,doctor_id) VALUES (2704,'2019-12-03',314,988);
INSERT INTO meds_for_surgery (surgery_id,med) VALUES (2704,'Pentamidine');
INSERT INTO surgery (id,date,patient_id,doctor_id) VALUES (2705,'2019-11-29',352,738);
INSERT INTO meds_for_surgery (surgery_id,med) VALUES (2705,'Enalapril');
INSERT INTO surgery (id,date,patient_id,doctor_id) VALUES (2706,'2019-12-06',665,821);
INSERT INTO meds_for_surgery (surgery_id,med) VALUES (2706,'Cyclophosphamide');
INSERT INTO surgery (id,date,patient_id,doctor_id) VALUES (2707,'2019-12-06',453,341);
INSERT INTO meds_for_surgery (surgery_id,med) VALUES (2707,'Cefuroxime');
INSERT INTO surgery (id,date,patient_id,doctor_id) VALUES (2708,'2019-12-13',589,539);
INSERT INTO meds_for_surgery (surgery_id,med) VALUES (2708,'Sugammadex');
INSERT INTO surgery (id,date,patient_id,doctor_id) VALUES (2709,'2019-11-26',73,935);
INSERT INTO meds_for_surgery (surgery_id,med) VALUES (2709,'Irinotecan');
INSERT INTO surgery (id,date,patient_id,doctor_id) VALUES (2710,'2019-11-22',130,578);
INSERT INTO meds_for_surgery (surgery_id,med) VALUES (2710,'Dronabinol');
INSERT INTO surgery (id,date,patient_id,doctor_id) VALUES (2711,'2019-12-06',226,769);
INSERT INTO meds_for_surgery (surgery_id,med) VALUES (2711,'Abacavir');
INSERT INTO surgery (id,date,patient_id,doctor_id) VALUES (2712,'2019-12-07',921,783);
INSERT INTO meds_for_surgery (surgery_id,med) VALUES (2712,'Omeprazole');
INSERT INTO surgery (id,date,patient_id,doctor_id) VALUES (2713,'2019-12-13',388,622);
INSERT INTO meds_for_surgery (surgery_id,med) VALUES (2713,'Cephalexin');
INSERT INTO surgery (id,date,patient_id,doctor_id) VALUES (2714,'2019-12-10',486,545);
INSERT INTO meds_for_surgery (surgery_id,med) VALUES (2714,'Enalapril');
INSERT INTO surgery (id,date,patient_id,doctor_id) VALUES (2715,'2019-12-09',44,991);
INSERT INTO meds_for_surgery (surgery_id,med) VALUES (2715,'Captopril');
INSERT INTO surgery (id,date,patient_id,doctor_id) VALUES (2716,'2019-12-18',685,784);
INSERT INTO meds_for_surgery (surgery_id,med) VALUES (2716,'PEGaspargase');
INSERT INTO surgery (id,date,patient_id,doctor_id) VALUES (2717,'2019-11-24',892,800);
INSERT INTO meds_for_surgery (surgery_id,med) VALUES (2717,'Efavirenz');
INSERT INTO surgery (id,date,patient_id,doctor_id) VALUES (2718,'2019-11-30',343,540);
INSERT INTO meds_for_surgery (surgery_id,med) VALUES (2718,'Methadone');
INSERT INTO surgery (id,date,patient_id,doctor_id) VALUES (2719,'2019-12-02',328,769);
INSERT INTO meds_for_surgery (surgery_id,med) VALUES (2719,'Interleukin');
INSERT INTO surgery (id,date,patient_id,doctor_id) VALUES (2720,'2019-11-23',71,338);
INSERT INTO meds_for_surgery (surgery_id,med) VALUES (2720,'Temozolomide');
INSERT INTO surgery (id,date,patient_id,doctor_id) VALUES (2721,'2019-12-23',139,517);
INSERT INTO meds_for_surgery (surgery_id,med) VALUES (2721,'Ceftazidime');
INSERT INTO surgery (id,date,patient_id,doctor_id) VALUES (2722,'2019-11-22',157,925);
INSERT INTO meds_for_surgery (surgery_id,med) VALUES (2722,'Cidofovir');
INSERT INTO surgery (id,date,patient_id,doctor_id) VALUES (2723,'2019-11-21',157,875);
INSERT INTO meds_for_surgery (surgery_id,med) VALUES (2723,'Hydromorphone');
INSERT INTO surgery (id,date,patient_id,doctor_id) VALUES (2724,'2019-12-01',664,622);
INSERT INTO meds_for_surgery (surgery_id,med) VALUES (2724,'Cisplatin');
INSERT INTO surgery (id,date,patient_id,doctor_id) VALUES (2725,'2019-11-22',296,677);
INSERT INTO meds_for_surgery (surgery_id,med) VALUES (2725,'Omeprazole');
INSERT INTO surgery (id,date,patient_id,doctor_id) VALUES (2726,'2019-11-20',476,244);
INSERT INTO meds_for_surgery (surgery_id,med) VALUES (2726,'Vancomycin');
INSERT INTO surgery (id,date,patient_id,doctor_id) VALUES (2727,'2019-12-11',666,181);
INSERT INTO meds_for_surgery (surgery_id,med) VALUES (2727,'Pegfilgrastim');
INSERT INTO surgery (id,date,patient_id,doctor_id) VALUES (2728,'2019-12-13',322,575);
INSERT INTO meds_for_surgery (surgery_id,med) VALUES (2728,'Nevirapine');
INSERT INTO surgery (id,date,patient_id,doctor_id) VALUES (2729,'2019-12-19',322,991);
INSERT INTO meds_for_surgery (surgery_id,med) VALUES (2729,'Paclitaxel');
INSERT INTO surgery (id,date,patient_id,doctor_id) VALUES (2730,'2019-12-03',482,542);
INSERT INTO meds_for_surgery (surgery_id,med) VALUES (2730,'Ifosfamide');
INSERT INTO surgery (id,date,patient_id,doctor_id) VALUES (2731,'2019-12-24',920,625);
INSERT INTO meds_for_surgery (surgery_id,med) VALUES (2731,'Atovaquone');
INSERT INTO surgery (id,date,patient_id,doctor_id) VALUES (2732,'2019-12-13',514,693);
INSERT INTO meds_for_surgery (surgery_id,med) VALUES (2732,'Oxycodone');
INSERT INTO surgery (id,date,patient_id,doctor_id) VALUES (2733,'2019-12-01',6,857);
INSERT INTO meds_for_surgery (surgery_id,med) VALUES (2733,'Amitriptyline');
INSERT INTO surgery (id,date,patient_id,doctor_id) VALUES (2734,'2019-12-05',48,857);
INSERT INTO meds_for_surgery (surgery_id,med) VALUES (2734,'Bleomycin');
INSERT INTO surgery (id,date,patient_id,doctor_id) VALUES (2735,'2019-12-04',49,508);
INSERT INTO meds_for_surgery (surgery_id,med) VALUES (2735,'Gemcitabine');
INSERT INTO surgery (id,date,patient_id,doctor_id) VALUES (2736,'2019-11-20',214,966);
INSERT INTO meds_for_surgery (surgery_id,med) VALUES (2736,'Pemetrexed');
INSERT INTO surgery (id,date,patient_id,doctor_id) VALUES (2737,'2019-11-24',51,540);
INSERT INTO meds_for_surgery (surgery_id,med) VALUES (2737,'Methotrexate');
INSERT INTO surgery (id,date,patient_id,doctor_id) VALUES (2738,'2019-11-29',249,583);
INSERT INTO meds_for_surgery (surgery_id,med) VALUES (2738,'Lorazepam');
INSERT INTO surgery (id,date,patient_id,doctor_id) VALUES (2739,'2019-12-13',698,62);
INSERT INTO meds_for_surgery (surgery_id,med) VALUES (2739,'Melphalan');
INSERT INTO surgery (id,date,patient_id,doctor_id) VALUES (2740,'2019-12-09',469,968);
INSERT INTO meds_for_surgery (surgery_id,med) VALUES (2740,'Modafinil');
INSERT INTO surgery (id,date,patient_id,doctor_id) VALUES (2741,'2019-12-22',666,875);
INSERT INTO meds_for_surgery (surgery_id,med) VALUES (2741,'Melphalan');
INSERT INTO surgery (id,date,patient_id,doctor_id) VALUES (2742,'2019-11-27',685,375);
INSERT INTO meds_for_surgery (surgery_id,med) VALUES (2742,'Amlodipine');
INSERT INTO surgery (id,date,patient_id,doctor_id) VALUES (2743,'2019-12-17',210,181);
INSERT INTO meds_for_surgery (surgery_id,med) VALUES (2743,'Cyproheptadine');
INSERT INTO surgery (id,date,patient_id,doctor_id) VALUES (2744,'2019-12-19',348,495);
INSERT INTO meds_for_surgery (surgery_id,med) VALUES (2744,'Cyclophosphamide');
INSERT INTO surgery (id,date,patient_id,doctor_id) VALUES (2745,'2019-11-30',240,800);
INSERT INTO meds_for_surgery (surgery_id,med) VALUES (2745,'Didanosine');
INSERT INTO surgery (id,date,patient_id,doctor_id) VALUES (2746,'2019-11-27',869,375);
INSERT INTO meds_for_surgery (surgery_id,med) VALUES (2746,'Dopamine');
INSERT INTO surgery (id,date,patient_id,doctor_id) VALUES (2747,'2019-12-23',852,935);
INSERT INTO meds_for_surgery (surgery_id,med) VALUES (2747,'Amoxicillin');
INSERT INTO surgery (id,date,patient_id,doctor_id) VALUES (2748,'2019-12-04',687,292);
INSERT INTO meds_for_surgery (surgery_id,med) VALUES (2748,'GM-CSF');
INSERT INTO surgery (id,date,patient_id,doctor_id) VALUES (2749,'2019-12-02',815,620);
INSERT INTO meds_for_surgery (surgery_id,med) VALUES (2749,'Dacarbazine');
INSERT INTO surgery (id,date,patient_id,doctor_id) VALUES (2750,'2019-12-12',885,259);
INSERT INTO meds_for_surgery (surgery_id,med) VALUES (2750,'Vorinostat');
INSERT INTO surgery (id,date,patient_id,doctor_id) VALUES (2751,'2019-12-08',810,491);
INSERT INTO meds_for_surgery (surgery_id,med) VALUES (2751,'Raltegravir');
INSERT INTO surgery (id,date,patient_id,doctor_id) VALUES (2752,'2019-12-13',892,964);
INSERT INTO meds_for_surgery (surgery_id,med) VALUES (2752,'Bleomycin');
INSERT INTO surgery (id,date,patient_id,doctor_id) VALUES (2753,'2019-12-20',647,495);
INSERT INTO meds_for_surgery (surgery_id,med) VALUES (2753,'Dactinomycin');
INSERT INTO surgery (id,date,patient_id,doctor_id) VALUES (2754,'2019-12-19',269,280);
INSERT INTO meds_for_surgery (surgery_id,med) VALUES (2754,'Cefixime');
INSERT INTO surgery (id,date,patient_id,doctor_id) VALUES (2755,'2019-11-30',182,3);
INSERT INTO meds_for_surgery (surgery_id,med) VALUES (2755,'Dapsone');
INSERT INTO surgery (id,date,patient_id,doctor_id) VALUES (2756,'2019-12-06',240,284);
INSERT INTO meds_for_surgery (surgery_id,med) VALUES (2756,'Rasburicase');
INSERT INTO surgery (id,date,patient_id,doctor_id) VALUES (2757,'2019-12-06',220,915);
INSERT INTO meds_for_surgery (surgery_id,med) VALUES (2757,'Methadone');
INSERT INTO surgery (id,date,patient_id,doctor_id) VALUES (2758,'2019-11-27',220,101);
INSERT INTO meds_for_surgery (surgery_id,med) VALUES (2758,'Penicillin');
INSERT INTO surgery (id,date,patient_id,doctor_id) VALUES (2759,'2019-12-07',665,280);
INSERT INTO meds_for_surgery (surgery_id,med) VALUES (2759,'Imipenem');
INSERT INTO surgery (id,date,patient_id,doctor_id) VALUES (2760,'2019-12-05',214,495);
INSERT INTO meds_for_surgery (surgery_id,med) VALUES (2760,'Carboplatin');
INSERT INTO surgery (id,date,patient_id,doctor_id) VALUES (2761,'2019-12-13',454,782);
INSERT INTO meds_for_surgery (surgery_id,med) VALUES (2761,'Granisetron');
INSERT INTO surgery (id,date,patient_id,doctor_id) VALUES (2762,'2019-12-22',810,894);
INSERT INTO meds_for_surgery (surgery_id,med) VALUES (2762,'Micafungin');
INSERT INTO surgery (id,date,patient_id,doctor_id) VALUES (2763,'2019-12-09',172,881);
INSERT INTO meds_for_surgery (surgery_id,med) VALUES (2763,'Cyproheptadine');
INSERT INTO surgery (id,date,patient_id,doctor_id) VALUES (2764,'2019-12-20',983,295);
INSERT INTO meds_for_surgery (surgery_id,med) VALUES (2764,'Darunavir');
INSERT INTO surgery (id,date,patient_id,doctor_id) VALUES (2765,'2019-11-29',118,575);
INSERT INTO meds_for_surgery (surgery_id,med) VALUES (2765,'Didanosine');
INSERT INTO surgery (id,date,patient_id,doctor_id) VALUES (2766,'2019-12-16',852,259);
INSERT INTO meds_for_surgery (surgery_id,med) VALUES (2766,'Lamivudine');
INSERT INTO surgery (id,date,patient_id,doctor_id) VALUES (2767,'2019-11-30',118,532);
INSERT INTO meds_for_surgery (surgery_id,med) VALUES (2767,'Pegfilgrastim');
INSERT INTO surgery (id,date,patient_id,doctor_id) VALUES (2768,'2019-11-26',558,896);
INSERT INTO meds_for_surgery (surgery_id,med) VALUES (2768,'Crizotinib');
INSERT INTO surgery (id,date,patient_id,doctor_id) VALUES (2769,'2019-12-23',666,500);
INSERT INTO meds_for_surgery (surgery_id,med) VALUES (2769,'Stavudine');
INSERT INTO surgery (id,date,patient_id,doctor_id) VALUES (2770,'2019-12-11',617,341);
INSERT INTO meds_for_surgery (surgery_id,med) VALUES (2770,'Dacarbazine');
INSERT INTO surgery (id,date,patient_id,doctor_id) VALUES (2771,'2019-12-14',627,694);
INSERT INTO meds_for_surgery (surgery_id,med) VALUES (2771,'Mycophenolate');
INSERT INTO surgery (id,date,patient_id,doctor_id) VALUES (2772,'2019-12-16',269,399);
INSERT INTO meds_for_surgery (surgery_id,med) VALUES (2772,'Mercaptopurine');
INSERT INTO surgery (id,date,patient_id,doctor_id) VALUES (2773,'2019-12-15',916,694);
INSERT INTO meds_for_surgery (surgery_id,med) VALUES (2773,'Melphalan');
INSERT INTO surgery (id,date,patient_id,doctor_id) VALUES (2774,'2019-11-30',68,576);
INSERT INTO meds_for_surgery (surgery_id,med) VALUES (2774,'Dopamine');
INSERT INTO surgery (id,date,patient_id,doctor_id) VALUES (2775,'2019-12-02',103,894);
INSERT INTO meds_for_surgery (surgery_id,med) VALUES (2775,'Carbamazepine');
INSERT INTO surgery (id,date,patient_id,doctor_id) VALUES (2776,'2019-12-11',39,164);
INSERT INTO meds_for_surgery (surgery_id,med) VALUES (2776,'Cisplatin');
INSERT INTO surgery (id,date,patient_id,doctor_id) VALUES (2777,'2019-12-18',743,385);
INSERT INTO meds_for_surgery (surgery_id,med) VALUES (2777,'Amifostine');
INSERT INTO surgery (id,date,patient_id,doctor_id) VALUES (2778,'2019-12-15',855,491);
INSERT INTO meds_for_surgery (surgery_id,med) VALUES (2778,'Pentamidine');
INSERT INTO surgery (id,date,patient_id,doctor_id) VALUES (2779,'2019-12-09',713,903);
INSERT INTO meds_for_surgery (surgery_id,med) VALUES (2779,'Calcium');
INSERT INTO surgery (id,date,patient_id,doctor_id) VALUES (2780,'2019-11-24',68,966);
INSERT INTO meds_for_surgery (surgery_id,med) VALUES (2780,'Zidovudine');
INSERT INTO surgery (id,date,patient_id,doctor_id) VALUES (2781,'2019-12-11',218,385);
INSERT INTO meds_for_surgery (surgery_id,med) VALUES (2781,'Baclofen');
INSERT INTO surgery (id,date,patient_id,doctor_id) VALUES (2782,'2019-12-17',424,1000);
INSERT INTO meds_for_surgery (surgery_id,med) VALUES (2782,'Propoxyphene');
INSERT INTO surgery (id,date,patient_id,doctor_id) VALUES (2783,'2019-11-30',195,992);
INSERT INTO meds_for_surgery (surgery_id,med) VALUES (2783,'Cladribine');
INSERT INTO surgery (id,date,patient_id,doctor_id) VALUES (2784,'2019-12-03',553,224);
INSERT INTO meds_for_surgery (surgery_id,med) VALUES (2784,'Amoxicillin');
INSERT INTO surgery (id,date,patient_id,doctor_id) VALUES (2785,'2019-12-23',41,491);
INSERT INTO meds_for_surgery (surgery_id,med) VALUES (2785,'PEGaspargase');
INSERT INTO surgery (id,date,patient_id,doctor_id) VALUES (2786,'2019-12-23',644,875);
INSERT INTO meds_for_surgery (surgery_id,med) VALUES (2786,'Melphalan');
INSERT INTO surgery (id,date,patient_id,doctor_id) VALUES (2787,'2019-12-23',898,126);
INSERT INTO meds_for_surgery (surgery_id,med) VALUES (2787,'Neuromuscular');
INSERT INTO surgery (id,date,patient_id,doctor_id) VALUES (2788,'2019-12-20',201,371);
INSERT INTO meds_for_surgery (surgery_id,med) VALUES (2788,'Sirolimus');
INSERT INTO surgery (id,date,patient_id,doctor_id) VALUES (2789,'2019-12-13',553,389);
INSERT INTO meds_for_surgery (surgery_id,med) VALUES (2789,'Dornase alfa');
INSERT INTO surgery (id,date,patient_id,doctor_id) VALUES (2790,'2019-11-27',831,414);
INSERT INTO meds_for_surgery (surgery_id,med) VALUES (2790,'Lorazepam');
INSERT INTO surgery (id,date,patient_id,doctor_id) VALUES (2791,'2019-11-20',717,966);
INSERT INTO meds_for_surgery (surgery_id,med) VALUES (2791,'Carboplatin');
INSERT INTO surgery (id,date,patient_id,doctor_id) VALUES (2792,'2019-12-05',300,440);
INSERT INTO meds_for_surgery (surgery_id,med) VALUES (2792,'Bosentan');
INSERT INTO surgery (id,date,patient_id,doctor_id) VALUES (2793,'2019-11-25',348,164);
INSERT INTO meds_for_surgery (surgery_id,med) VALUES (2793,'Erythromycin');
INSERT INTO surgery (id,date,patient_id,doctor_id) VALUES (2794,'2019-11-20',760,694);
INSERT INTO meds_for_surgery (surgery_id,med) VALUES (2794,'Sugammadex');
INSERT INTO surgery (id,date,patient_id,doctor_id) VALUES (2795,'2019-12-10',159,399);
INSERT INTO meds_for_surgery (surgery_id,med) VALUES (2795,'Mitotane');
INSERT INTO surgery (id,date,patient_id,doctor_id) VALUES (2796,'2019-11-25',373,693);
INSERT INTO meds_for_surgery (surgery_id,med) VALUES (2796,'Gefitinib');
INSERT INTO surgery (id,date,patient_id,doctor_id) VALUES (2797,'2019-12-16',989,825);
INSERT INTO meds_for_surgery (surgery_id,med) VALUES (2797,'Atazanavir');
INSERT INTO surgery (id,date,patient_id,doctor_id) VALUES (2798,'2019-11-21',157,545);
INSERT INTO meds_for_surgery (surgery_id,med) VALUES (2798,'Cladribine');
INSERT INTO surgery (id,date,patient_id,doctor_id) VALUES (2799,'2019-12-04',46,694);
INSERT INTO meds_for_surgery (surgery_id,med) VALUES (2799,'Erlotinib');
INSERT INTO surgery (id,date,patient_id,doctor_id) VALUES (2800,'2019-12-18',921,918);
INSERT INTO meds_for_surgery (surgery_id,med) VALUES (2800,'Dobutamine');
INSERT INTO surgery (id,date,patient_id,doctor_id) VALUES (2801,'2019-11-26',269,353);
INSERT INTO meds_for_surgery (surgery_id,med) VALUES (2801,'Rituximab');
INSERT INTO surgery (id,date,patient_id,doctor_id) VALUES (2802,'2019-11-27',296,625);
INSERT INTO meds_for_surgery (surgery_id,med) VALUES (2802,'Aminocaproic Acid');
INSERT INTO surgery (id,date,patient_id,doctor_id) VALUES (2803,'2019-12-19',339,881);
INSERT INTO meds_for_surgery (surgery_id,med) VALUES (2803,'Etoposide');
INSERT INTO surgery (id,date,patient_id,doctor_id) VALUES (2804,'2019-12-03',647,414);
INSERT INTO meds_for_surgery (surgery_id,med) VALUES (2804,'Daunorubicin');
INSERT INTO surgery (id,date,patient_id,doctor_id) VALUES (2805,'2019-11-28',172,385);
INSERT INTO meds_for_surgery (surgery_id,med) VALUES (2805,'Vancomycin');
INSERT INTO surgery (id,date,patient_id,doctor_id) VALUES (2806,'2019-11-28',236,222);
INSERT INTO meds_for_surgery (surgery_id,med) VALUES (2806,'Fludarabine');
INSERT INTO surgery (id,date,patient_id,doctor_id) VALUES (2807,'2019-11-28',269,821);
INSERT INTO meds_for_surgery (surgery_id,med) VALUES (2807,'Bortezomib');
INSERT INTO surgery (id,date,patient_id,doctor_id) VALUES (2808,'2019-12-18',927,575);
INSERT INTO meds_for_surgery (surgery_id,med) VALUES (2808,'Bortezomib');
INSERT INTO surgery (id,date,patient_id,doctor_id) VALUES (2809,'2019-11-27',921,936);
INSERT INTO meds_for_surgery (surgery_id,med) VALUES (2809,'Thiotepa');
INSERT INTO surgery (id,date,patient_id,doctor_id) VALUES (2810,'2019-11-30',855,66);
INSERT INTO meds_for_surgery (surgery_id,med) VALUES (2810,'Aminocaproic Acid');
INSERT INTO surgery (id,date,patient_id,doctor_id) VALUES (2811,'2019-12-17',416,50);
INSERT INTO meds_for_surgery (surgery_id,med) VALUES (2811,'Cidofovir');
INSERT INTO surgery (id,date,patient_id,doctor_id) VALUES (2812,'2019-12-14',659,432);
INSERT INTO meds_for_surgery (surgery_id,med) VALUES (2812,'Rituximab');
INSERT INTO surgery (id,date,patient_id,doctor_id) VALUES (2813,'2019-12-15',300,222);
INSERT INTO meds_for_surgery (surgery_id,med) VALUES (2813,'Etravirine');
INSERT INTO surgery (id,date,patient_id,doctor_id) VALUES (2814,'2019-12-12',201,693);
INSERT INTO meds_for_surgery (surgery_id,med) VALUES (2814,'Etoposide');
INSERT INTO surgery (id,date,patient_id,doctor_id) VALUES (2815,'2019-11-28',320,101);
INSERT INTO meds_for_surgery (surgery_id,med) VALUES (2815,'Topotecan');
INSERT INTO surgery (id,date,patient_id,doctor_id) VALUES (2816,'2019-12-19',627,12);
INSERT INTO meds_for_surgery (surgery_id,med) VALUES (2816,'Amlodipine');
INSERT INTO surgery (id,date,patient_id,doctor_id) VALUES (2817,'2019-12-06',685,508);
INSERT INTO meds_for_surgery (surgery_id,med) VALUES (2817,'Linezolid');
INSERT INTO surgery (id,date,patient_id,doctor_id) VALUES (2818,'2019-12-19',220,721);
INSERT INTO meds_for_surgery (surgery_id,med) VALUES (2818,'Fluorouracil');
INSERT INTO surgery (id,date,patient_id,doctor_id) VALUES (2819,'2019-12-04',963,224);
INSERT INTO meds_for_surgery (surgery_id,med) VALUES (2819,'Eltrombopag');
INSERT INTO surgery (id,date,patient_id,doctor_id) VALUES (2820,'2019-12-22',75,702);
INSERT INTO meds_for_surgery (surgery_id,med) VALUES (2820,'Meperidine');
INSERT INTO surgery (id,date,patient_id,doctor_id) VALUES (2821,'2019-11-26',172,164);
INSERT INTO meds_for_surgery (surgery_id,med) VALUES (2821,'Linezolid');
INSERT INTO surgery (id,date,patient_id,doctor_id) VALUES (2822,'2019-11-26',98,935);
INSERT INTO meds_for_surgery (surgery_id,med) VALUES (2822,'Cytarabine');
INSERT INTO surgery (id,date,patient_id,doctor_id) VALUES (2823,'2019-12-20',695,338);
INSERT INTO meds_for_surgery (surgery_id,med) VALUES (2823,'Linezolid');
INSERT INTO surgery (id,date,patient_id,doctor_id) VALUES (2824,'2019-11-26',634,193);
INSERT INTO meds_for_surgery (surgery_id,med) VALUES (2824,'Interferon');
INSERT INTO surgery (id,date,patient_id,doctor_id) VALUES (2825,'2019-11-27',826,595);
INSERT INTO meds_for_surgery (surgery_id,med) VALUES (2825,'Rasburicase');
INSERT INTO surgery (id,date,patient_id,doctor_id) VALUES (2826,'2019-12-19',41,680);
INSERT INTO meds_for_surgery (surgery_id,med) VALUES (2826,'Mesna');
INSERT INTO surgery (id,date,patient_id,doctor_id) VALUES (2827,'2019-11-27',159,851);
INSERT INTO meds_for_surgery (surgery_id,med) VALUES (2827,'Dornase alfa');
INSERT INTO surgery (id,date,patient_id,doctor_id) VALUES (2828,'2019-11-20',269,903);
INSERT INTO meds_for_surgery (surgery_id,med) VALUES (2828,'Valproic acid');
INSERT INTO surgery (id,date,patient_id,doctor_id) VALUES (2829,'2019-12-20',198,769);
INSERT INTO meds_for_surgery (surgery_id,med) VALUES (2829,'Potassium');
INSERT INTO surgery (id,date,patient_id,doctor_id) VALUES (2830,'2019-12-09',474,331);
INSERT INTO meds_for_surgery (surgery_id,med) VALUES (2830,'Morphine');
INSERT INTO surgery (id,date,patient_id,doctor_id) VALUES (2831,'2019-11-25',454,228);
INSERT INTO meds_for_surgery (surgery_id,med) VALUES (2831,'Teniposide');
INSERT INTO surgery (id,date,patient_id,doctor_id) VALUES (2832,'2019-11-27',443,851);
INSERT INTO meds_for_surgery (surgery_id,med) VALUES (2832,'Foscarnet');
INSERT INTO surgery (id,date,patient_id,doctor_id) VALUES (2833,'2019-12-18',6,973);
INSERT INTO meds_for_surgery (surgery_id,med) VALUES (2833,'Levothyroxine');
INSERT INTO surgery (id,date,patient_id,doctor_id) VALUES (2834,'2019-12-13',272,930);
INSERT INTO meds_for_surgery (surgery_id,med) VALUES (2834,'Procarbazine');
INSERT INTO surgery (id,date,patient_id,doctor_id) VALUES (2835,'2019-11-24',687,382);
INSERT INTO meds_for_surgery (surgery_id,med) VALUES (2835,'L-glutamine');
INSERT INTO surgery (id,date,patient_id,doctor_id) VALUES (2836,'2019-11-23',455,539);
INSERT INTO meds_for_surgery (surgery_id,med) VALUES (2836,'Dopamine');
INSERT INTO surgery (id,date,patient_id,doctor_id) VALUES (2837,'2019-12-05',343,677);
INSERT INTO meds_for_surgery (surgery_id,med) VALUES (2837,'Oxycodone');
INSERT INTO surgery (id,date,patient_id,doctor_id) VALUES (2838,'2019-12-22',849,224);
INSERT INTO meds_for_surgery (surgery_id,med) VALUES (2838,'Furosemide');
INSERT INTO surgery (id,date,patient_id,doctor_id) VALUES (2839,'2019-11-28',198,598);
INSERT INTO meds_for_surgery (surgery_id,med) VALUES (2839,'Mercaptopurine');
INSERT INTO surgery (id,date,patient_id,doctor_id) VALUES (2840,'2019-12-09',304,992);
INSERT INTO meds_for_surgery (surgery_id,med) VALUES (2840,'Didanosine');
INSERT INTO surgery (id,date,patient_id,doctor_id) VALUES (2841,'2019-12-07',570,471);
INSERT INTO meds_for_surgery (surgery_id,med) VALUES (2841,'Megestrol acetate');
INSERT INTO surgery (id,date,patient_id,doctor_id) VALUES (2842,'2019-11-22',869,301);
INSERT INTO meds_for_surgery (surgery_id,med) VALUES (2842,'Thioguanine');
INSERT INTO surgery (id,date,patient_id,doctor_id) VALUES (2843,'2019-11-20',270,100);
INSERT INTO meds_for_surgery (surgery_id,med) VALUES (2843,'Ganciclovir');
INSERT INTO surgery (id,date,patient_id,doctor_id) VALUES (2844,'2019-11-30',89,331);
INSERT INTO meds_for_surgery (surgery_id,med) VALUES (2844,'Hydromorphone');
INSERT INTO surgery (id,date,patient_id,doctor_id) VALUES (2845,'2019-12-10',75,363);
INSERT INTO meds_for_surgery (surgery_id,med) VALUES (2845,'Warfarin');
INSERT INTO surgery (id,date,patient_id,doctor_id) VALUES (2846,'2019-12-04',481,448);
INSERT INTO meds_for_surgery (surgery_id,med) VALUES (2846,'Ceftazidime');
INSERT INTO surgery (id,date,patient_id,doctor_id) VALUES (2847,'2019-11-29',567,12);
INSERT INTO meds_for_surgery (surgery_id,med) VALUES (2847,'GM-CSF');
INSERT INTO surgery (id,date,patient_id,doctor_id) VALUES (2848,'2019-12-03',664,894);
INSERT INTO meds_for_surgery (surgery_id,med) VALUES (2848,'Sorafenib');
INSERT INTO surgery (id,date,patient_id,doctor_id) VALUES (2849,'2019-11-29',760,894);
INSERT INTO meds_for_surgery (surgery_id,med) VALUES (2849,'Emtricitabine');
INSERT INTO surgery (id,date,patient_id,doctor_id) VALUES (2850,'2019-12-19',616,440);
INSERT INTO meds_for_surgery (surgery_id,med) VALUES (2850,'Temozolomide');
INSERT INTO surgery (id,date,patient_id,doctor_id) VALUES (2851,'2019-12-04',664,491);
INSERT INTO meds_for_surgery (surgery_id,med) VALUES (2851,'Cefepime');
INSERT INTO surgery (id,date,patient_id,doctor_id) VALUES (2852,'2019-12-08',859,542);
INSERT INTO meds_for_surgery (surgery_id,med) VALUES (2852,'Phosphorus');
INSERT INTO surgery (id,date,patient_id,doctor_id) VALUES (2853,'2019-12-24',849,375);
INSERT INTO meds_for_surgery (surgery_id,med) VALUES (2853,'Methylphenidate');
INSERT INTO surgery (id,date,patient_id,doctor_id) VALUES (2854,'2019-12-16',217,595);
INSERT INTO meds_for_surgery (surgery_id,med) VALUES (2854,'Fluorouracil');
INSERT INTO surgery (id,date,patient_id,doctor_id) VALUES (2855,'2019-12-19',840,782);
INSERT INTO meds_for_surgery (surgery_id,med) VALUES (2855,'Tobramycin');
INSERT INTO surgery (id,date,patient_id,doctor_id) VALUES (2856,'2019-12-16',45,968);
INSERT INTO meds_for_surgery (surgery_id,med) VALUES (2856,'Enalapril');
INSERT INTO surgery (id,date,patient_id,doctor_id) VALUES (2857,'2019-12-04',144,353);
INSERT INTO meds_for_surgery (surgery_id,med) VALUES (2857,'Thioguanine');
INSERT INTO surgery (id,date,patient_id,doctor_id) VALUES (2858,'2019-11-29',209,532);
INSERT INTO meds_for_surgery (surgery_id,med) VALUES (2858,'Etonogestrel');
INSERT INTO surgery (id,date,patient_id,doctor_id) VALUES (2859,'2019-12-03',687,62);
INSERT INTO meds_for_surgery (surgery_id,med) VALUES (2859,'Zidovudine');
INSERT INTO surgery (id,date,patient_id,doctor_id) VALUES (2860,'2019-12-07',226,495);
INSERT INTO meds_for_surgery (surgery_id,med) VALUES (2860,'Didanosine');
INSERT INTO surgery (id,date,patient_id,doctor_id) VALUES (2861,'2019-11-21',627,770);
INSERT INTO meds_for_surgery (surgery_id,med) VALUES (2861,'Warfarin');
INSERT INTO surgery (id,date,patient_id,doctor_id) VALUES (2862,'2019-11-30',852,599);
INSERT INTO meds_for_surgery (surgery_id,med) VALUES (2862,'Asparaginase');
INSERT INTO surgery (id,date,patient_id,doctor_id) VALUES (2863,'2019-12-24',952,222);
INSERT INTO meds_for_surgery (surgery_id,med) VALUES (2863,'Dronabinol');
INSERT INTO surgery (id,date,patient_id,doctor_id) VALUES (2864,'2019-12-21',237,966);
INSERT INTO meds_for_surgery (surgery_id,med) VALUES (2864,'Enalapril');
INSERT INTO surgery (id,date,patient_id,doctor_id) VALUES (2865,'2019-12-10',172,990);
INSERT INTO meds_for_surgery (surgery_id,med) VALUES (2865,'Efavirenz');
INSERT INTO surgery (id,date,patient_id,doctor_id) VALUES (2866,'2019-11-26',567,702);
INSERT INTO meds_for_surgery (surgery_id,med) VALUES (2866,'Fludarabine');
INSERT INTO surgery (id,date,patient_id,doctor_id) VALUES (2867,'2019-12-24',339,800);
INSERT INTO meds_for_surgery (surgery_id,med) VALUES (2867,'Amitriptyline');
INSERT INTO surgery (id,date,patient_id,doctor_id) VALUES (2868,'2019-12-05',348,353);
INSERT INTO meds_for_surgery (surgery_id,med) VALUES (2868,'Omeprazole');
INSERT INTO surgery (id,date,patient_id,doctor_id) VALUES (2869,'2019-12-12',685,875);
INSERT INTO meds_for_surgery (surgery_id,med) VALUES (2869,'Cladribine');
INSERT INTO surgery (id,date,patient_id,doctor_id) VALUES (2870,'2019-12-05',343,652);
INSERT INTO meds_for_surgery (surgery_id,med) VALUES (2870,'Rivaroxaban');
INSERT INTO surgery (id,date,patient_id,doctor_id) VALUES (2871,'2019-12-22',859,382);
INSERT INTO meds_for_surgery (surgery_id,med) VALUES (2871,'Gemtuzumab');
INSERT INTO surgery (id,date,patient_id,doctor_id) VALUES (2872,'2019-11-22',616,126);
INSERT INTO meds_for_surgery (surgery_id,med) VALUES (2872,'Mitotane');
INSERT INTO surgery (id,date,patient_id,doctor_id) VALUES (2873,'2019-12-08',388,228);
INSERT INTO meds_for_surgery (surgery_id,med) VALUES (2873,'Muromonab');
INSERT INTO surgery (id,date,patient_id,doctor_id) VALUES (2874,'2019-11-23',300,784);
INSERT INTO meds_for_surgery (surgery_id,med) VALUES (2874,'Paclitaxel');
INSERT INTO surgery (id,date,patient_id,doctor_id) VALUES (2875,'2019-11-23',139,934);
INSERT INTO meds_for_surgery (surgery_id,med) VALUES (2875,'Ondansetron');
INSERT INTO surgery (id,date,patient_id,doctor_id) VALUES (2876,'2019-11-29',823,448);
INSERT INTO meds_for_surgery (surgery_id,med) VALUES (2876,'Labetalol');
INSERT INTO surgery (id,date,patient_id,doctor_id) VALUES (2877,'2019-12-12',314,784);
INSERT INTO meds_for_surgery (surgery_id,med) VALUES (2877,'Cyclosporine');
INSERT INTO surgery (id,date,patient_id,doctor_id) VALUES (2878,'2019-12-03',272,62);
INSERT INTO meds_for_surgery (surgery_id,med) VALUES (2878,'Cefixime');
INSERT INTO surgery (id,date,patient_id,doctor_id) VALUES (2879,'2019-12-19',209,992);
INSERT INTO meds_for_surgery (surgery_id,med) VALUES (2879,'Daunorubicin');
INSERT INTO surgery (id,date,patient_id,doctor_id) VALUES (2880,'2019-11-20',643,599);
INSERT INTO meds_for_surgery (surgery_id,med) VALUES (2880,'Paclitaxel');
INSERT INTO surgery (id,date,patient_id,doctor_id) VALUES (2881,'2019-12-13',682,800);
INSERT INTO meds_for_surgery (surgery_id,med) VALUES (2881,'Efavirenz');
INSERT INTO surgery (id,date,patient_id,doctor_id) VALUES (2882,'2019-11-24',469,881);
INSERT INTO meds_for_surgery (surgery_id,med) VALUES (2882,'Imipenem');
INSERT INTO surgery (id,date,patient_id,doctor_id) VALUES (2883,'2019-11-29',206,683);
INSERT INTO meds_for_surgery (surgery_id,med) VALUES (2883,'Propoxyphene');
INSERT INTO surgery (id,date,patient_id,doctor_id) VALUES (2884,'2019-12-05',682,413);
INSERT INTO meds_for_surgery (surgery_id,med) VALUES (2884,'Busulfan');
INSERT INTO surgery (id,date,patient_id,doctor_id) VALUES (2885,'2019-11-28',68,632);
INSERT INTO meds_for_surgery (surgery_id,med) VALUES (2885,'Vorinostat');
INSERT INTO surgery (id,date,patient_id,doctor_id) VALUES (2886,'2019-11-23',133,935);
INSERT INTO meds_for_surgery (surgery_id,med) VALUES (2886,'Mitotane');
INSERT INTO surgery (id,date,patient_id,doctor_id) VALUES (2887,'2019-12-18',63,578);
INSERT INTO meds_for_surgery (surgery_id,med) VALUES (2887,'Carmustine');
INSERT INTO surgery (id,date,patient_id,doctor_id) VALUES (2888,'2019-11-24',236,363);
INSERT INTO meds_for_surgery (surgery_id,med) VALUES (2888,'Ritonavir');
INSERT INTO surgery (id,date,patient_id,doctor_id) VALUES (2889,'2019-12-14',687,935);
INSERT INTO meds_for_surgery (surgery_id,med) VALUES (2889,'Ceftazidime');
INSERT INTO surgery (id,date,patient_id,doctor_id) VALUES (2890,'2019-12-13',300,508);
INSERT INTO meds_for_surgery (surgery_id,med) VALUES (2890,'Heparin');
INSERT INTO surgery (id,date,patient_id,doctor_id) VALUES (2891,'2019-12-17',483,968);
INSERT INTO meds_for_surgery (surgery_id,med) VALUES (2891,'Trimethoprim');
INSERT INTO surgery (id,date,patient_id,doctor_id) VALUES (2892,'2019-12-12',713,363);
INSERT INTO meds_for_surgery (surgery_id,med) VALUES (2892,'Dronabinol');
INSERT INTO surgery (id,date,patient_id,doctor_id) VALUES (2893,'2019-12-04',476,8);
INSERT INTO meds_for_surgery (surgery_id,med) VALUES (2893,'Dobutamine');
INSERT INTO surgery (id,date,patient_id,doctor_id) VALUES (2894,'2019-12-06',214,964);
INSERT INTO meds_for_surgery (surgery_id,med) VALUES (2894,'Ceftazidime');
INSERT INTO surgery (id,date,patient_id,doctor_id) VALUES (2895,'2019-12-07',474,621);
INSERT INTO meds_for_surgery (surgery_id,med) VALUES (2895,'Methadone');
INSERT INTO surgery (id,date,patient_id,doctor_id) VALUES (2896,'2019-12-09',41,746);
INSERT INTO meds_for_surgery (surgery_id,med) VALUES (2896,'Doxorubicin');
INSERT INTO surgery (id,date,patient_id,doctor_id) VALUES (2897,'2019-12-09',248,3);
INSERT INTO meds_for_surgery (surgery_id,med) VALUES (2897,'Erythropoietin');
INSERT INTO surgery (id,date,patient_id,doctor_id) VALUES (2898,'2019-11-22',735,471);
INSERT INTO meds_for_surgery (surgery_id,med) VALUES (2898,'Cyclobenzaprine');
INSERT INTO surgery (id,date,patient_id,doctor_id) VALUES (2899,'2019-11-21',567,181);
INSERT INTO meds_for_surgery (surgery_id,med) VALUES (2899,'Sucralfate');
INSERT INTO surgery (id,date,patient_id,doctor_id) VALUES (2900,'2019-12-15',665,101);
INSERT INTO meds_for_surgery (surgery_id,med) VALUES (2900,'Hydromorphone');
INSERT INTO surgery (id,date,patient_id,doctor_id) VALUES (2901,'2019-12-20',300,935);
INSERT INTO meds_for_surgery (surgery_id,med) VALUES (2901,'Lomustine');
INSERT INTO surgery (id,date,patient_id,doctor_id) VALUES (2902,'2019-12-20',75,353);
INSERT INTO meds_for_surgery (surgery_id,med) VALUES (2902,'Dobutamine');
INSERT INTO surgery (id,date,patient_id,doctor_id) VALUES (2903,'2019-11-22',596,544);
INSERT INTO meds_for_surgery (surgery_id,med) VALUES (2903,'Mitoxantrone');
INSERT INTO surgery (id,date,patient_id,doctor_id) VALUES (2904,'2019-12-09',823,800);
INSERT INTO meds_for_surgery (surgery_id,med) VALUES (2904,'Methotrexate');
INSERT INTO surgery (id,date,patient_id,doctor_id) VALUES (2905,'2019-12-24',567,699);
INSERT INTO meds_for_surgery (surgery_id,med) VALUES (2905,'GM-CSF');
INSERT INTO surgery (id,date,patient_id,doctor_id) VALUES (2906,'2019-12-04',840,918);
INSERT INTO meds_for_surgery (surgery_id,med) VALUES (2906,'Topotecan');
INSERT INTO surgery (id,date,patient_id,doctor_id) VALUES (2907,'2019-12-13',34,677);
INSERT INTO meds_for_surgery (surgery_id,med) VALUES (2907,'Doxorubicin');
INSERT INTO surgery (id,date,patient_id,doctor_id) VALUES (2908,'2019-12-23',885,933);
INSERT INTO meds_for_surgery (surgery_id,med) VALUES (2908,'Zidovudine');
INSERT INTO surgery (id,date,patient_id,doctor_id) VALUES (2909,'2019-12-14',322,857);
INSERT INTO meds_for_surgery (surgery_id,med) VALUES (2909,'Clofarabine');
INSERT INTO surgery (id,date,patient_id,doctor_id) VALUES (2910,'2019-11-24',608,699);
INSERT INTO meds_for_surgery (surgery_id,med) VALUES (2910,'Mitoxantrone');
INSERT INTO surgery (id,date,patient_id,doctor_id) VALUES (2911,'2019-12-24',690,770);
INSERT INTO meds_for_surgery (surgery_id,med) VALUES (2911,'Metronidazole');
INSERT INTO surgery (id,date,patient_id,doctor_id) VALUES (2912,'2019-11-27',871,389);
INSERT INTO meds_for_surgery (surgery_id,med) VALUES (2912,'Trimethoprim');
INSERT INTO surgery (id,date,patient_id,doctor_id) VALUES (2913,'2019-11-28',823,693);
INSERT INTO meds_for_surgery (surgery_id,med) VALUES (2913,'Ruxolitinib');
INSERT INTO surgery (id,date,patient_id,doctor_id) VALUES (2914,'2019-12-12',92,8);
INSERT INTO meds_for_surgery (surgery_id,med) VALUES (2914,'Erythropoietin');
INSERT INTO surgery (id,date,patient_id,doctor_id) VALUES (2915,'2019-12-10',831,181);
INSERT INTO meds_for_surgery (surgery_id,med) VALUES (2915,'Cladribine');
INSERT INTO surgery (id,date,patient_id,doctor_id) VALUES (2916,'2019-11-23',859,11);
INSERT INTO meds_for_surgery (surgery_id,med) VALUES (2916,'Carmustine');
INSERT INTO surgery (id,date,patient_id,doctor_id) VALUES (2917,'2019-11-28',587,495);
INSERT INTO meds_for_surgery (surgery_id,med) VALUES (2917,'Tacrolimus');
INSERT INTO surgery (id,date,patient_id,doctor_id) VALUES (2918,'2019-12-13',262,934);
INSERT INTO meds_for_surgery (surgery_id,med) VALUES (2918,'Leucovorin');
INSERT INTO surgery (id,date,patient_id,doctor_id) VALUES (2919,'2019-12-13',952,331);
INSERT INTO meds_for_surgery (surgery_id,med) VALUES (2919,'Dactinomycin');
INSERT INTO surgery (id,date,patient_id,doctor_id) VALUES (2920,'2019-12-01',218,500);
INSERT INTO meds_for_surgery (surgery_id,med) VALUES (2920,'Rilpivirine');
INSERT INTO surgery (id,date,patient_id,doctor_id) VALUES (2921,'2019-12-03',963,693);
INSERT INTO meds_for_surgery (surgery_id,med) VALUES (2921,'Dexamethasone');
INSERT INTO surgery (id,date,patient_id,doctor_id) VALUES (2922,'2019-11-27',369,313);
INSERT INTO meds_for_surgery (surgery_id,med) VALUES (2922,'Cyclophosphamide');
INSERT INTO surgery (id,date,patient_id,doctor_id) VALUES (2923,'2019-12-16',71,15);
INSERT INTO meds_for_surgery (surgery_id,med) VALUES (2923,'Muromonab');
INSERT INTO surgery (id,date,patient_id,doctor_id) VALUES (2924,'2019-12-07',184,699);
INSERT INTO meds_for_surgery (surgery_id,med) VALUES (2924,'Carmustine');
INSERT INTO surgery (id,date,patient_id,doctor_id) VALUES (2925,'2019-11-28',357,372);
INSERT INTO meds_for_surgery (surgery_id,med) VALUES (2925,'Stavudine');
INSERT INTO surgery (id,date,patient_id,doctor_id) VALUES (2926,'2019-11-28',871,135);
INSERT INTO meds_for_surgery (surgery_id,med) VALUES (2926,'Cisplatin');
INSERT INTO surgery (id,date,patient_id,doctor_id) VALUES (2927,'2019-12-04',391,702);
INSERT INTO meds_for_surgery (surgery_id,med) VALUES (2927,'Nelfinavir');
INSERT INTO surgery (id,date,patient_id,doctor_id) VALUES (2928,'2019-12-11',972,193);
INSERT INTO meds_for_surgery (surgery_id,med) VALUES (2928,'Atazanavir');
INSERT INTO surgery (id,date,patient_id,doctor_id) VALUES (2929,'2019-12-13',240,936);
INSERT INTO meds_for_surgery (surgery_id,med) VALUES (2929,'Norepinephrine');
INSERT INTO surgery (id,date,patient_id,doctor_id) VALUES (2930,'2019-12-21',840,437);
INSERT INTO meds_for_surgery (surgery_id,med) VALUES (2930,'Lopinavir');
INSERT INTO surgery (id,date,patient_id,doctor_id) VALUES (2931,'2019-12-01',213,964);
INSERT INTO meds_for_surgery (surgery_id,med) VALUES (2931,'Mitoxantrone');
INSERT INTO surgery (id,date,patient_id,doctor_id) VALUES (2932,'2019-11-25',71,8);
INSERT INTO meds_for_surgery (surgery_id,med) VALUES (2932,'Vancomycin');
INSERT INTO surgery (id,date,patient_id,doctor_id) VALUES (2933,'2019-11-26',49,620);
INSERT INTO meds_for_surgery (surgery_id,med) VALUES (2933,'Darunavir');
INSERT INTO surgery (id,date,patient_id,doctor_id) VALUES (2934,'2019-11-24',339,851);
INSERT INTO meds_for_surgery (surgery_id,med) VALUES (2934,'Paclitaxel');
INSERT INTO surgery (id,date,patient_id,doctor_id) VALUES (2935,'2019-11-21',455,540);
INSERT INTO meds_for_surgery (surgery_id,med) VALUES (2935,'Clarithromycin');
INSERT INTO surgery (id,date,patient_id,doctor_id) VALUES (2936,'2019-11-21',151,836);
INSERT INTO meds_for_surgery (surgery_id,med) VALUES (2936,'Morphine');
INSERT INTO surgery (id,date,patient_id,doctor_id) VALUES (2937,'2019-11-26',947,966);
INSERT INTO meds_for_surgery (surgery_id,med) VALUES (2937,'Rituximab');
INSERT INTO surgery (id,date,patient_id,doctor_id) VALUES (2938,'2019-12-20',226,579);
INSERT INTO meds_for_surgery (surgery_id,med) VALUES (2938,'Itraconazole');
INSERT INTO surgery (id,date,patient_id,doctor_id) VALUES (2939,'2019-12-20',920,280);
INSERT INTO meds_for_surgery (surgery_id,med) VALUES (2939,'Crizotinib');
INSERT INTO surgery (id,date,patient_id,doctor_id) VALUES (2940,'2019-11-24',676,451);
INSERT INTO meds_for_surgery (surgery_id,med) VALUES (2940,'Efavirenz');
INSERT INTO surgery (id,date,patient_id,doctor_id) VALUES (2941,'2019-11-22',690,448);
INSERT INTO meds_for_surgery (surgery_id,med) VALUES (2941,'Ketoconazole');
INSERT INTO surgery (id,date,patient_id,doctor_id) VALUES (2942,'2019-12-01',249,533);
INSERT INTO meds_for_surgery (surgery_id,med) VALUES (2942,'Mycophenolate');
INSERT INTO surgery (id,date,patient_id,doctor_id) VALUES (2943,'2019-12-05',682,500);
INSERT INTO meds_for_surgery (surgery_id,med) VALUES (2943,'Amifostine');
INSERT INTO surgery (id,date,patient_id,doctor_id) VALUES (2944,'2019-11-29',283,224);
INSERT INTO meds_for_surgery (surgery_id,med) VALUES (2944,'Amitriptyline');
INSERT INTO surgery (id,date,patient_id,doctor_id) VALUES (2945,'2019-11-29',587,280);
INSERT INTO meds_for_surgery (surgery_id,med) VALUES (2945,'Sunitinib');
INSERT INTO surgery (id,date,patient_id,doctor_id) VALUES (2946,'2019-12-10',713,783);
INSERT INTO meds_for_surgery (surgery_id,med) VALUES (2946,'Lorazepam');
INSERT INTO surgery (id,date,patient_id,doctor_id) VALUES (2947,'2019-11-27',661,50);
INSERT INTO meds_for_surgery (surgery_id,med) VALUES (2947,'Erlotinib');
INSERT INTO surgery (id,date,patient_id,doctor_id) VALUES (2948,'2019-11-22',941,583);
INSERT INTO meds_for_surgery (surgery_id,med) VALUES (2948,'Amitriptyline');
INSERT INTO surgery (id,date,patient_id,doctor_id) VALUES (2949,'2019-12-08',747,181);
INSERT INTO meds_for_surgery (surgery_id,med) VALUES (2949,'Fludarabine');
INSERT INTO surgery (id,date,patient_id,doctor_id) VALUES (2950,'2019-12-09',269,375);
INSERT INTO meds_for_surgery (surgery_id,med) VALUES (2950,'Itraconazole');
INSERT INTO surgery (id,date,patient_id,doctor_id) VALUES (2951,'2019-12-09',249,598);
INSERT INTO meds_for_surgery (surgery_id,med) VALUES (2951,'Meropenem');
INSERT INTO surgery (id,date,patient_id,doctor_id) VALUES (2952,'2019-12-05',424,372);
INSERT INTO meds_for_surgery (surgery_id,med) VALUES (2952,'Itraconazole');
INSERT INTO surgery (id,date,patient_id,doctor_id) VALUES (2953,'2019-12-24',664,806);
INSERT INTO meds_for_surgery (surgery_id,med) VALUES (2953,'Carbamazepine');
INSERT INTO surgery (id,date,patient_id,doctor_id) VALUES (2954,'2019-12-21',60,783);
INSERT INTO meds_for_surgery (surgery_id,med) VALUES (2954,'Meloxicam');
INSERT INTO surgery (id,date,patient_id,doctor_id) VALUES (2955,'2019-12-10',269,382);
INSERT INTO meds_for_surgery (surgery_id,med) VALUES (2955,'Sorafenib');
INSERT INTO surgery (id,date,patient_id,doctor_id) VALUES (2956,'2019-12-13',247,3);
INSERT INTO meds_for_surgery (surgery_id,med) VALUES (2956,'Hydroxyurea');
INSERT INTO surgery (id,date,patient_id,doctor_id) VALUES (2957,'2019-11-27',481,825);
INSERT INTO meds_for_surgery (surgery_id,med) VALUES (2957,'Mycophenolate');
INSERT INTO surgery (id,date,patient_id,doctor_id) VALUES (2958,'2019-11-27',94,451);
INSERT INTO meds_for_surgery (surgery_id,med) VALUES (2958,'Cefaclor');
INSERT INTO surgery (id,date,patient_id,doctor_id) VALUES (2959,'2019-11-28',952,515);
INSERT INTO meds_for_surgery (surgery_id,med) VALUES (2959,'Meperidine');
INSERT INTO surgery (id,date,patient_id,doctor_id) VALUES (2960,'2019-12-23',959,533);
INSERT INTO meds_for_surgery (surgery_id,med) VALUES (2960,'Nelfinavir');
INSERT INTO surgery (id,date,patient_id,doctor_id) VALUES (2961,'2019-11-21',357,193);
INSERT INTO meds_for_surgery (surgery_id,med) VALUES (2961,'Dronabinol');
INSERT INTO surgery (id,date,patient_id,doctor_id) VALUES (2962,'2019-12-02',664,846);
INSERT INTO meds_for_surgery (surgery_id,med) VALUES (2962,'Vorinostat');
INSERT INTO surgery (id,date,patient_id,doctor_id) VALUES (2963,'2019-12-19',130,721);
INSERT INTO meds_for_surgery (surgery_id,med) VALUES (2963,'Fludarabine');
INSERT INTO surgery (id,date,patient_id,doctor_id) VALUES (2964,'2019-12-12',41,11);
INSERT INTO meds_for_surgery (surgery_id,med) VALUES (2964,'GM-CSF');
INSERT INTO surgery (id,date,patient_id,doctor_id) VALUES (2965,'2019-11-20',214,683);
INSERT INTO meds_for_surgery (surgery_id,med) VALUES (2965,'Potassium');
INSERT INTO surgery (id,date,patient_id,doctor_id) VALUES (2966,'2019-12-10',570,903);
INSERT INTO meds_for_surgery (surgery_id,med) VALUES (2966,'Erlotinib');
INSERT INTO surgery (id,date,patient_id,doctor_id) VALUES (2967,'2019-12-05',665,620);
INSERT INTO meds_for_surgery (surgery_id,med) VALUES (2967,'Didanosine');
INSERT INTO surgery (id,date,patient_id,doctor_id) VALUES (2968,'2019-12-23',443,305);
INSERT INTO meds_for_surgery (surgery_id,med) VALUES (2968,'Cefaclor');
INSERT INTO surgery (id,date,patient_id,doctor_id) VALUES (2969,'2019-12-23',743,387);
INSERT INTO meds_for_surgery (surgery_id,med) VALUES (2969,'Sucralfate');
INSERT INTO surgery (id,date,patient_id,doctor_id) VALUES (2970,'2019-11-22',496,699);
INSERT INTO meds_for_surgery (surgery_id,med) VALUES (2970,'Methotrexate');
INSERT INTO surgery (id,date,patient_id,doctor_id) VALUES (2971,'2019-12-20',840,498);
INSERT INTO meds_for_surgery (surgery_id,med) VALUES (2971,'Sunitinib');
INSERT INTO surgery (id,date,patient_id,doctor_id) VALUES (2972,'2019-12-04',146,769);
INSERT INTO meds_for_surgery (surgery_id,med) VALUES (2972,'Elvitegravir');
INSERT INTO surgery (id,date,patient_id,doctor_id) VALUES (2973,'2019-12-19',665,693);
INSERT INTO meds_for_surgery (surgery_id,med) VALUES (2973,'Bortezomib');
INSERT INTO surgery (id,date,patient_id,doctor_id) VALUES (2974,'2019-12-09',920,62);
INSERT INTO meds_for_surgery (surgery_id,med) VALUES (2974,'Levothyroxine');
INSERT INTO surgery (id,date,patient_id,doctor_id) VALUES (2975,'2019-12-10',963,207);
INSERT INTO meds_for_surgery (surgery_id,med) VALUES (2975,'Emtricitabine');
INSERT INTO surgery (id,date,patient_id,doctor_id) VALUES (2976,'2019-12-09',130,576);
INSERT INTO meds_for_surgery (surgery_id,med) VALUES (2976,'Atovaquone');
INSERT INTO surgery (id,date,patient_id,doctor_id) VALUES (2977,'2019-12-08',220,990);
INSERT INTO meds_for_surgery (surgery_id,med) VALUES (2977,'Erythromycin');
INSERT INTO surgery (id,date,patient_id,doctor_id) VALUES (2978,'2019-12-10',685,284);
INSERT INTO meds_for_surgery (surgery_id,med) VALUES (2978,'Tenofovir');
INSERT INTO surgery (id,date,patient_id,doctor_id) VALUES (2979,'2019-12-12',416,579);
INSERT INTO meds_for_surgery (surgery_id,med) VALUES (2979,'Sirolimus');
INSERT INTO surgery (id,date,patient_id,doctor_id) VALUES (2980,'2019-11-21',661,934);
INSERT INTO meds_for_surgery (surgery_id,med) VALUES (2980,'Maraviroc');
INSERT INTO surgery (id,date,patient_id,doctor_id) VALUES (2981,'2019-12-23',240,933);
INSERT INTO meds_for_surgery (surgery_id,med) VALUES (2981,'Mesna');
INSERT INTO surgery (id,date,patient_id,doctor_id) VALUES (2982,'2019-12-12',823,532);
INSERT INTO meds_for_surgery (surgery_id,med) VALUES (2982,'Asparaginase');
INSERT INTO surgery (id,date,patient_id,doctor_id) VALUES (2983,'2019-12-22',927,699);
INSERT INTO meds_for_surgery (surgery_id,med) VALUES (2983,'Oxycodone');
INSERT INTO surgery (id,date,patient_id,doctor_id) VALUES (2984,'2019-12-05',810,533);
INSERT INTO meds_for_surgery (surgery_id,med) VALUES (2984,'Cyproheptadine');
INSERT INTO surgery (id,date,patient_id,doctor_id) VALUES (2985,'2019-12-09',826,471);
INSERT INTO meds_for_surgery (surgery_id,med) VALUES (2985,'Leucovorin');
INSERT INTO surgery (id,date,patient_id,doctor_id) VALUES (2986,'2019-12-05',73,515);
INSERT INTO meds_for_surgery (surgery_id,med) VALUES (2986,'Amoxicillin');
INSERT INTO surgery (id,date,patient_id,doctor_id) VALUES (2987,'2019-12-10',147,464);
INSERT INTO meds_for_surgery (surgery_id,med) VALUES (2987,'Carbamazepine');
INSERT INTO surgery (id,date,patient_id,doctor_id) VALUES (2988,'2019-11-30',524,699);
INSERT INTO meds_for_surgery (surgery_id,med) VALUES (2988,'Gemtuzumab');
INSERT INTO surgery (id,date,patient_id,doctor_id) VALUES (2989,'2019-12-08',989,224);
INSERT INTO meds_for_surgery (surgery_id,med) VALUES (2989,'Pemetrexed');
INSERT INTO surgery (id,date,patient_id,doctor_id) VALUES (2990,'2019-12-03',659,621);
INSERT INTO meds_for_surgery (surgery_id,med) VALUES (2990,'L-glutamine');
INSERT INTO surgery (id,date,patient_id,doctor_id) VALUES (2991,'2019-11-26',560,622);
INSERT INTO meds_for_surgery (surgery_id,med) VALUES (2991,'Phosphorus');
INSERT INTO surgery (id,date,patient_id,doctor_id) VALUES (2992,'2019-11-29',392,351);
INSERT INTO meds_for_surgery (surgery_id,med) VALUES (2992,'Cyclobenzaprine');
INSERT INTO surgery (id,date,patient_id,doctor_id) VALUES (2993,'2019-11-23',605,313);
INSERT INTO meds_for_surgery (surgery_id,med) VALUES (2993,'Maraviroc');
INSERT INTO surgery (id,date,patient_id,doctor_id) VALUES (2994,'2019-11-21',885,851);
INSERT INTO meds_for_surgery (surgery_id,med) VALUES (2994,'Fludarabine');
INSERT INTO surgery (id,date,patient_id,doctor_id) VALUES (2995,'2019-12-14',989,539);
INSERT INTO meds_for_surgery (surgery_id,med) VALUES (2995,'Rilpivirine');
INSERT INTO surgery (id,date,patient_id,doctor_id) VALUES (2996,'2019-11-28',685,417);
INSERT INTO meds_for_surgery (surgery_id,med) VALUES (2996,'Bleomycin');
INSERT INTO surgery (id,date,patient_id,doctor_id) VALUES (2997,'2019-11-22',13,806);
INSERT INTO meds_for_surgery (surgery_id,med) VALUES (2997,'Hydroxyurea');
INSERT INTO surgery (id,date,patient_id,doctor_id) VALUES (2998,'2019-12-17',392,135);
INSERT INTO meds_for_surgery (surgery_id,med) VALUES (2998,'Fludarabine');
INSERT INTO surgery (id,date,patient_id,doctor_id) VALUES (2999,'2019-12-02',19,390);
INSERT INTO meds_for_surgery (surgery_id,med) VALUES (2999,'Erythromycin');
INSERT INTO surgery (id,date,patient_id,doctor_id) VALUES (3000,'2019-11-25',773,578);
INSERT INTO meds_for_surgery (surgery_id,med) VALUES (3000,'Ifosfamide');