
INSERT INTO medicine (name,amount) VALUES ('GM-CSF',55);
INSERT INTO request_med (date,med,amount,requester) VALUES ('2019-11-26','GM-CSF',1,485);
INSERT INTO patient_allergies (patient_id,preparate) VALUES (6,'GM-CSF');
INSERT INTO medicine (name,amount) VALUES ('Atazanavir',31);
INSERT INTO medicine (name,amount) VALUES ('Trimethoprim',37);
INSERT INTO request_med (date,med,amount,requester) VALUES ('2019-11-22','Trimethoprim',7,96);
INSERT INTO patient_allergies (patient_id,preparate) VALUES (341,'Trimethoprim');
INSERT INTO medicine (name,amount) VALUES ('Mesna',47);
INSERT INTO request_med (date,med,amount,requester) VALUES ('2019-12-13','Mesna',9,227);
INSERT INTO patient_allergies (patient_id,preparate) VALUES (57,'Mesna');
INSERT INTO medicine (name,amount) VALUES ('Carmustine',6);
INSERT INTO medicine (name,amount) VALUES ('Tobramycin',36);
INSERT INTO request_med (date,med,amount,requester) VALUES ('2019-12-13','Tobramycin',3,88);
INSERT INTO patient_allergies (patient_id,preparate) VALUES (370,'Tobramycin');
INSERT INTO medicine (name,amount) VALUES ('Leucovorin',31);
INSERT INTO medicine (name,amount) VALUES ('Cisplatin',90);
INSERT INTO medicine (name,amount) VALUES ('Azithromycin',53);
INSERT INTO medicine (name,amount) VALUES ('Etravirine',58);
INSERT INTO request_med (date,med,amount,requester) VALUES ('2019-11-19','Etravirine',1,227);
INSERT INTO patient_allergies (patient_id,preparate) VALUES (264,'Etravirine');
INSERT INTO medicine (name,amount) VALUES ('Propoxyphene',30);
INSERT INTO medicine (name,amount) VALUES ('Posaconazole',70);
INSERT INTO medicine (name,amount) VALUES ('Captopril',70);
INSERT INTO request_med (date,med,amount,requester) VALUES ('2019-12-17','Captopril',3,193);
INSERT INTO patient_allergies (patient_id,preparate) VALUES (164,'Captopril');
INSERT INTO medicine (name,amount) VALUES ('Baclofen',21);
INSERT INTO medicine (name,amount) VALUES ('Rivaroxaban',98);
INSERT INTO request_med (date,med,amount,requester) VALUES ('2019-12-16','Rivaroxaban',5,91);
INSERT INTO patient_allergies (patient_id,preparate) VALUES (89,'Rivaroxaban');
INSERT INTO medicine (name,amount) VALUES ('Lopinavir',42);
INSERT INTO request_med (date,med,amount,requester) VALUES ('2019-11-24','Lopinavir',7,205);
INSERT INTO patient_allergies (patient_id,preparate) VALUES (322,'Lopinavir');
INSERT INTO medicine (name,amount) VALUES ('Dacarbazine',51);
INSERT INTO request_med (date,med,amount,requester) VALUES ('2019-12-19','Dacarbazine',6,112);
INSERT INTO patient_allergies (patient_id,preparate) VALUES (343,'Dacarbazine');
INSERT INTO medicine (name,amount) VALUES ('Zidovudine',100);
INSERT INTO request_med (date,med,amount,requester) VALUES ('2019-12-05','Zidovudine',6,424);
INSERT INTO patient_allergies (patient_id,preparate) VALUES (471,'Zidovudine');
INSERT INTO medicine (name,amount) VALUES ('Levothyroxine',99);
INSERT INTO medicine (name,amount) VALUES ('Ganciclovir',9);
INSERT INTO request_med (date,med,amount,requester) VALUES ('2019-11-30','Ganciclovir',5,79);
INSERT INTO patient_allergies (patient_id,preparate) VALUES (199,'Ganciclovir');
INSERT INTO medicine (name,amount) VALUES ('Modafinil',72);
INSERT INTO request_med (date,med,amount,requester) VALUES ('2019-12-06','Modafinil',9,381);
INSERT INTO patient_allergies (patient_id,preparate) VALUES (411,'Modafinil');
INSERT INTO medicine (name,amount) VALUES ('Acyclovir',81);
INSERT INTO request_med (date,med,amount,requester) VALUES ('2019-12-15','Acyclovir',7,45);
INSERT INTO patient_allergies (patient_id,preparate) VALUES (174,'Acyclovir');
INSERT INTO medicine (name,amount) VALUES ('Nelfinavir',97);
INSERT INTO medicine (name,amount) VALUES ('Dasatinib',94);
INSERT INTO medicine (name,amount) VALUES ('Promethazine',57);
INSERT INTO medicine (name,amount) VALUES ('Megestrol acetate',4);
INSERT INTO medicine (name,amount) VALUES ('Gemtuzumab',41);
INSERT INTO request_med (date,med,amount,requester) VALUES ('2019-12-19','Gemtuzumab',5,14);
INSERT INTO patient_allergies (patient_id,preparate) VALUES (122,'Gemtuzumab');
INSERT INTO medicine (name,amount) VALUES ('Carbamazepine',70);
INSERT INTO medicine (name,amount) VALUES ('Efavirenz',7);
INSERT INTO medicine (name,amount) VALUES ('L-glutamine',90);
INSERT INTO medicine (name,amount) VALUES ('Famciclovir',39);
INSERT INTO medicine (name,amount) VALUES ('Aminocaproic Acid',46);
INSERT INTO request_med (date,med,amount,requester) VALUES ('2019-12-04','Aminocaproic Acid',9,469);
INSERT INTO patient_allergies (patient_id,preparate) VALUES (498,'Aminocaproic Acid');
INSERT INTO medicine (name,amount) VALUES ('Gemcitabine',78);
INSERT INTO request_med (date,med,amount,requester) VALUES ('2019-11-25','Gemcitabine',3,260);
INSERT INTO patient_allergies (patient_id,preparate) VALUES (271,'Gemcitabine');
INSERT INTO medicine (name,amount) VALUES ('Neuromuscular',2);
INSERT INTO request_med (date,med,amount,requester) VALUES ('2019-11-20','Neuromuscular',3,121);
INSERT INTO patient_allergies (patient_id,preparate) VALUES (287,'Neuromuscular');
INSERT INTO medicine (name,amount) VALUES ('Amifostine',12);
INSERT INTO medicine (name,amount) VALUES ('Dactinomycin',31);
INSERT INTO medicine (name,amount) VALUES ('Calcium',82);
INSERT INTO request_med (date,med,amount,requester) VALUES ('2019-11-19','Calcium',2,355);
INSERT INTO patient_allergies (patient_id,preparate) VALUES (376,'Calcium');
INSERT INTO medicine (name,amount) VALUES ('Methadone',58);
INSERT INTO request_med (date,med,amount,requester) VALUES ('2019-12-22','Methadone',2,4);
INSERT INTO patient_allergies (patient_id,preparate) VALUES (255,'Methadone');
INSERT INTO medicine (name,amount) VALUES ('Clarithromycin',85);
INSERT INTO request_med (date,med,amount,requester) VALUES ('2019-11-22','Clarithromycin',2,160);
INSERT INTO patient_allergies (patient_id,preparate) VALUES (378,'Clarithromycin');
INSERT INTO medicine (name,amount) VALUES ('Clindamycin',35);
INSERT INTO medicine (name,amount) VALUES ('Dapsone',8);
INSERT INTO request_med (date,med,amount,requester) VALUES ('2019-11-28','Dapsone',3,193);
INSERT INTO patient_allergies (patient_id,preparate) VALUES (154,'Dapsone');
INSERT INTO medicine (name,amount) VALUES ('Labetalol',99);
INSERT INTO request_med (date,med,amount,requester) VALUES ('2019-11-26','Labetalol',10,483);
INSERT INTO patient_allergies (patient_id,preparate) VALUES (71,'Labetalol');
INSERT INTO medicine (name,amount) VALUES ('Cidofovir',10);
INSERT INTO request_med (date,med,amount,requester) VALUES ('2019-12-22','Cidofovir',2,94);
INSERT INTO patient_allergies (patient_id,preparate) VALUES (89,'Cidofovir');
INSERT INTO medicine (name,amount) VALUES ('Potassium',88);
INSERT INTO medicine (name,amount) VALUES ('Dexamethasone',66);
INSERT INTO medicine (name,amount) VALUES ('Dornase alfa',60);
INSERT INTO request_med (date,med,amount,requester) VALUES ('2019-11-22','Dornase alfa',8,2);
INSERT INTO patient_allergies (patient_id,preparate) VALUES (442,'Dornase alfa');
INSERT INTO medicine (name,amount) VALUES ('Foscarnet',26);
INSERT INTO medicine (name,amount) VALUES ('Asparaginase',74);
INSERT INTO request_med (date,med,amount,requester) VALUES ('2019-12-13','Asparaginase',5,374);
INSERT INTO patient_allergies (patient_id,preparate) VALUES (251,'Asparaginase');
INSERT INTO medicine (name,amount) VALUES ('Hydrocortisone',39);
INSERT INTO request_med (date,med,amount,requester) VALUES ('2019-11-21','Hydrocortisone',5,194);
INSERT INTO patient_allergies (patient_id,preparate) VALUES (271,'Hydrocortisone');
INSERT INTO medicine (name,amount) VALUES ('Irinotecan',84);
INSERT INTO request_med (date,med,amount,requester) VALUES ('2019-12-12','Irinotecan',7,477);
INSERT INTO patient_allergies (patient_id,preparate) VALUES (288,'Irinotecan');
INSERT INTO medicine (name,amount) VALUES ('Teniposide',59);
INSERT INTO medicine (name,amount) VALUES ('Emicizumab',21);
INSERT INTO medicine (name,amount) VALUES ('Thiotepa',23);
INSERT INTO medicine (name,amount) VALUES ('Erlotinib',3);
INSERT INTO request_med (date,med,amount,requester) VALUES ('2019-12-14','Erlotinib',10,257);
INSERT INTO patient_allergies (patient_id,preparate) VALUES (174,'Erlotinib');
INSERT INTO medicine (name,amount) VALUES ('Oxycodone',17);
INSERT INTO medicine (name,amount) VALUES ('Sirolimus',41);
INSERT INTO medicine (name,amount) VALUES ('Clofarabine',72);
INSERT INTO request_med (date,med,amount,requester) VALUES ('2019-12-16','Clofarabine',4,3);
INSERT INTO patient_allergies (patient_id,preparate) VALUES (6,'Clofarabine');
INSERT INTO medicine (name,amount) VALUES ('Mycophenolate',98);
INSERT INTO request_med (date,med,amount,requester) VALUES ('2019-11-19','Mycophenolate',1,212);
INSERT INTO patient_allergies (patient_id,preparate) VALUES (487,'Mycophenolate');
INSERT INTO medicine (name,amount) VALUES ('Enoxaparin',2);
INSERT INTO medicine (name,amount) VALUES ('Procarbazine',99);
INSERT INTO medicine (name,amount) VALUES ('Amlodipine',79);
INSERT INTO request_med (date,med,amount,requester) VALUES ('2019-11-20','Amlodipine',7,304);
INSERT INTO patient_allergies (patient_id,preparate) VALUES (478,'Amlodipine');
INSERT INTO medicine (name,amount) VALUES ('Meropenem',52);
INSERT INTO medicine (name,amount) VALUES ('Ifosfamide',67);
INSERT INTO request_med (date,med,amount,requester) VALUES ('2019-11-20','Ifosfamide',7,215);
INSERT INTO patient_allergies (patient_id,preparate) VALUES (89,'Ifosfamide');
INSERT INTO medicine (name,amount) VALUES ('Gefitinib',4);
INSERT INTO medicine (name,amount) VALUES ('Granisetron',98);
INSERT INTO medicine (name,amount) VALUES ('Amitriptyline',76);
INSERT INTO medicine (name,amount) VALUES ('Itraconazole',5);
INSERT INTO medicine (name,amount) VALUES ('Doxorubicin',99);
INSERT INTO request_med (date,med,amount,requester) VALUES ('2019-12-11','Doxorubicin',6,180);
INSERT INTO patient_allergies (patient_id,preparate) VALUES (188,'Doxorubicin');
INSERT INTO medicine (name,amount) VALUES ('Atenolol',67);
INSERT INTO medicine (name,amount) VALUES ('Heparin',37);
INSERT INTO medicine (name,amount) VALUES ('Micafungin',27);
INSERT INTO medicine (name,amount) VALUES ('Hydromorphone',57);
INSERT INTO request_med (date,med,amount,requester) VALUES ('2019-11-26','Hydromorphone',8,428);
INSERT INTO patient_allergies (patient_id,preparate) VALUES (6,'Hydromorphone');
INSERT INTO medicine (name,amount) VALUES ('Stavudine',19);
INSERT INTO request_med (date,med,amount,requester) VALUES ('2019-12-06','Stavudine',4,107);
INSERT INTO patient_allergies (patient_id,preparate) VALUES (10,'Stavudine');
INSERT INTO medicine (name,amount) VALUES ('Morphine',28);
INSERT INTO medicine (name,amount) VALUES ('Fluorouracil',45);
INSERT INTO request_med (date,med,amount,requester) VALUES ('2019-12-19','Fluorouracil',9,246);
INSERT INTO patient_allergies (patient_id,preparate) VALUES (71,'Fluorouracil');
INSERT INTO medicine (name,amount) VALUES ('Dobutamine',24);
INSERT INTO request_med (date,med,amount,requester) VALUES ('2019-11-22','Dobutamine',9,265);
INSERT INTO patient_allergies (patient_id,preparate) VALUES (161,'Dobutamine');
INSERT INTO medicine (name,amount) VALUES ('Temozolomide',37);
INSERT INTO medicine (name,amount) VALUES ('Linezolid',76);
INSERT INTO request_med (date,med,amount,requester) VALUES ('2019-12-09','Linezolid',4,464);
INSERT INTO patient_allergies (patient_id,preparate) VALUES (41,'Linezolid');
INSERT INTO medicine (name,amount) VALUES ('Methotrexate',9);
INSERT INTO medicine (name,amount) VALUES ('Vinblastine',99);
INSERT INTO request_med (date,med,amount,requester) VALUES ('2019-12-21','Vinblastine',5,240);
INSERT INTO patient_allergies (patient_id,preparate) VALUES (401,'Vinblastine');
INSERT INTO medicine (name,amount) VALUES ('Allopurinol',64);
INSERT INTO medicine (name,amount) VALUES ('Dopamine',39);
INSERT INTO request_med (date,med,amount,requester) VALUES ('2019-11-26','Dopamine',5,47);
INSERT INTO patient_allergies (patient_id,preparate) VALUES (376,'Dopamine');
INSERT INTO medicine (name,amount) VALUES ('Amikacin',89);
INSERT INTO request_med (date,med,amount,requester) VALUES ('2019-12-07','Amikacin',1,131);
INSERT INTO patient_allergies (patient_id,preparate) VALUES (288,'Amikacin');
INSERT INTO medicine (name,amount) VALUES ('Penicillin',10);
INSERT INTO request_med (date,med,amount,requester) VALUES ('2019-12-15','Penicillin',4,203);
INSERT INTO patient_allergies (patient_id,preparate) VALUES (258,'Penicillin');
INSERT INTO medicine (name,amount) VALUES ('Daunorubicin',82);
INSERT INTO request_med (date,med,amount,requester) VALUES ('2019-12-06','Daunorubicin',2,333);
INSERT INTO patient_allergies (patient_id,preparate) VALUES (382,'Daunorubicin');
INSERT INTO medicine (name,amount) VALUES ('Thioguanine',90);
INSERT INTO medicine (name,amount) VALUES ('Vorinostat',91);
INSERT INTO medicine (name,amount) VALUES ('Rilpivirine',24);
INSERT INTO medicine (name,amount) VALUES ('Furosemide',38);
INSERT INTO request_med (date,med,amount,requester) VALUES ('2019-12-09','Furosemide',1,222);
INSERT INTO patient_allergies (patient_id,preparate) VALUES (210,'Furosemide');
INSERT INTO medicine (name,amount) VALUES ('Didanosine',41);
INSERT INTO medicine (name,amount) VALUES ('Phenytoin',61);
INSERT INTO medicine (name,amount) VALUES ('Celecoxib',68);
INSERT INTO request_med (date,med,amount,requester) VALUES ('2019-12-14','Celecoxib',10,336);
INSERT INTO patient_allergies (patient_id,preparate) VALUES (468,'Celecoxib');
INSERT INTO medicine (name,amount) VALUES ('Methylphenidate',79);
INSERT INTO medicine (name,amount) VALUES ('Fludarabine',92);
INSERT INTO medicine (name,amount) VALUES ('Desmopressin',9);
INSERT INTO request_med (date,med,amount,requester) VALUES ('2019-12-11','Desmopressin',1,224);
INSERT INTO patient_allergies (patient_id,preparate) VALUES (97,'Desmopressin');
INSERT INTO medicine (name,amount) VALUES ('Meloxicam',42);
INSERT INTO request_med (date,med,amount,requester) VALUES ('2019-12-16','Meloxicam',9,349);
INSERT INTO patient_allergies (patient_id,preparate) VALUES (99,'Meloxicam');
INSERT INTO medicine (name,amount) VALUES ('Clobazam',49);
INSERT INTO request_med (date,med,amount,requester) VALUES ('2019-11-19','Clobazam',4,126);
INSERT INTO patient_allergies (patient_id,preparate) VALUES (415,'Clobazam');
INSERT INTO medicine (name,amount) VALUES ('Ranitidine',23);
INSERT INTO medicine (name,amount) VALUES ('Mechlorethamine',63);
INSERT INTO medicine (name,amount) VALUES ('Gabapentin',54);
INSERT INTO request_med (date,med,amount,requester) VALUES ('2019-12-01','Gabapentin',5,438);
INSERT INTO patient_allergies (patient_id,preparate) VALUES (436,'Gabapentin');
INSERT INTO surgery (id,date,patient_id,doctor_id) VALUES (1,'2019-12-18',385,224);
INSERT INTO meds_for_surgery (surgery_id,med) VALUES (1,'Fluorouracil');
INSERT INTO surgery (id,date,patient_id,doctor_id) VALUES (2,'2019-12-23',370,17);
INSERT INTO meds_for_surgery (surgery_id,med) VALUES (2,'Amifostine');
INSERT INTO surgery (id,date,patient_id,doctor_id) VALUES (3,'2019-12-08',344,121);
INSERT INTO meds_for_surgery (surgery_id,med) VALUES (3,'Teniposide');
INSERT INTO surgery (id,date,patient_id,doctor_id) VALUES (4,'2019-11-23',214,234);
INSERT INTO meds_for_surgery (surgery_id,med) VALUES (4,'Thiotepa');
INSERT INTO surgery (id,date,patient_id,doctor_id) VALUES (5,'2019-11-23',178,200);
INSERT INTO meds_for_surgery (surgery_id,med) VALUES (5,'Dasatinib');
INSERT INTO surgery (id,date,patient_id,doctor_id) VALUES (6,'2019-12-22',122,337);
INSERT INTO meds_for_surgery (surgery_id,med) VALUES (6,'Furosemide');
INSERT INTO surgery (id,date,patient_id,doctor_id) VALUES (7,'2019-12-14',302,124);
INSERT INTO meds_for_surgery (surgery_id,med) VALUES (7,'Atazanavir');
INSERT INTO surgery (id,date,patient_id,doctor_id) VALUES (8,'2019-12-07',498,124);
INSERT INTO meds_for_surgery (surgery_id,med) VALUES (8,'Stavudine');
INSERT INTO surgery (id,date,patient_id,doctor_id) VALUES (9,'2019-12-19',378,407);
INSERT INTO meds_for_surgery (surgery_id,med) VALUES (9,'Famciclovir');
INSERT INTO surgery (id,date,patient_id,doctor_id) VALUES (10,'2019-12-18',178,463);
INSERT INTO meds_for_surgery (surgery_id,med) VALUES (10,'Clofarabine');
INSERT INTO surgery (id,date,patient_id,doctor_id) VALUES (11,'2019-11-20',154,93);
INSERT INTO meds_for_surgery (surgery_id,med) VALUES (11,'Amitriptyline');
INSERT INTO surgery (id,date,patient_id,doctor_id) VALUES (12,'2019-11-21',359,17);
INSERT INTO meds_for_surgery (surgery_id,med) VALUES (12,'Asparaginase');
INSERT INTO surgery (id,date,patient_id,doctor_id) VALUES (13,'2019-12-19',108,121);
INSERT INTO meds_for_surgery (surgery_id,med) VALUES (13,'Penicillin');
INSERT INTO surgery (id,date,patient_id,doctor_id) VALUES (14,'2019-11-28',211,459);
INSERT INTO meds_for_surgery (surgery_id,med) VALUES (14,'Teniposide');
INSERT INTO surgery (id,date,patient_id,doctor_id) VALUES (15,'2019-12-19',276,224);
INSERT INTO meds_for_surgery (surgery_id,med) VALUES (15,'Dobutamine');
INSERT INTO surgery (id,date,patient_id,doctor_id) VALUES (16,'2019-12-15',382,44);
INSERT INTO meds_for_surgery (surgery_id,med) VALUES (16,'Mycophenolate');
INSERT INTO surgery (id,date,patient_id,doctor_id) VALUES (17,'2019-11-21',10,186);
INSERT INTO meds_for_surgery (surgery_id,med) VALUES (17,'Dacarbazine');
INSERT INTO surgery (id,date,patient_id,doctor_id) VALUES (18,'2019-12-18',97,481);
INSERT INTO meds_for_surgery (surgery_id,med) VALUES (18,'Dexamethasone');
INSERT INTO surgery (id,date,patient_id,doctor_id) VALUES (19,'2019-12-21',259,462);
INSERT INTO meds_for_surgery (surgery_id,med) VALUES (19,'Atazanavir');
INSERT INTO surgery (id,date,patient_id,doctor_id) VALUES (20,'2019-12-10',254,338);
INSERT INTO meds_for_surgery (surgery_id,med) VALUES (20,'Rilpivirine');
INSERT INTO surgery (id,date,patient_id,doctor_id) VALUES (21,'2019-12-12',174,406);
INSERT INTO meds_for_surgery (surgery_id,med) VALUES (21,'Promethazine');
INSERT INTO surgery (id,date,patient_id,doctor_id) VALUES (22,'2019-11-24',251,82);
INSERT INTO meds_for_surgery (surgery_id,med) VALUES (22,'Azithromycin');
INSERT INTO surgery (id,date,patient_id,doctor_id) VALUES (23,'2019-12-16',411,395);
INSERT INTO meds_for_surgery (surgery_id,med) VALUES (23,'Clindamycin');
INSERT INTO surgery (id,date,patient_id,doctor_id) VALUES (24,'2019-12-18',271,200);
INSERT INTO meds_for_surgery (surgery_id,med) VALUES (24,'Irinotecan');
INSERT INTO surgery (id,date,patient_id,doctor_id) VALUES (25,'2019-12-23',16,82);
INSERT INTO meds_for_surgery (surgery_id,med) VALUES (25,'Amitriptyline');
INSERT INTO surgery (id,date,patient_id,doctor_id) VALUES (26,'2019-11-21',105,459);
INSERT INTO meds_for_surgery (surgery_id,med) VALUES (26,'Rilpivirine');
INSERT INTO surgery (id,date,patient_id,doctor_id) VALUES (27,'2019-12-18',152,39);
INSERT INTO meds_for_surgery (surgery_id,med) VALUES (27,'Meropenem');
INSERT INTO surgery (id,date,patient_id,doctor_id) VALUES (28,'2019-12-23',491,463);
INSERT INTO meds_for_surgery (surgery_id,med) VALUES (28,'Potassium');
INSERT INTO surgery (id,date,patient_id,doctor_id) VALUES (29,'2019-12-02',302,186);
INSERT INTO meds_for_surgery (surgery_id,med) VALUES (29,'Amikacin');
INSERT INTO surgery (id,date,patient_id,doctor_id) VALUES (30,'2019-11-26',122,186);
INSERT INTO meds_for_surgery (surgery_id,med) VALUES (30,'Gefitinib');
INSERT INTO surgery (id,date,patient_id,doctor_id) VALUES (31,'2019-12-04',318,295);
INSERT INTO meds_for_surgery (surgery_id,med) VALUES (31,'Rivaroxaban');
INSERT INTO surgery (id,date,patient_id,doctor_id) VALUES (32,'2019-12-17',471,272);
INSERT INTO meds_for_surgery (surgery_id,med) VALUES (32,'Fluorouracil');
INSERT INTO surgery (id,date,patient_id,doctor_id) VALUES (33,'2019-12-03',108,206);
INSERT INTO meds_for_surgery (surgery_id,med) VALUES (33,'Cidofovir');
INSERT INTO surgery (id,date,patient_id,doctor_id) VALUES (34,'2019-12-12',6,198);
INSERT INTO meds_for_surgery (surgery_id,med) VALUES (34,'Heparin');
INSERT INTO surgery (id,date,patient_id,doctor_id) VALUES (35,'2019-12-16',66,173);
INSERT INTO meds_for_surgery (surgery_id,med) VALUES (35,'Efavirenz');
INSERT INTO surgery (id,date,patient_id,doctor_id) VALUES (36,'2019-12-22',60,349);
INSERT INTO meds_for_surgery (surgery_id,med) VALUES (36,'Gemcitabine');
INSERT INTO surgery (id,date,patient_id,doctor_id) VALUES (37,'2019-11-25',385,462);
INSERT INTO meds_for_surgery (surgery_id,med) VALUES (37,'Posaconazole');
INSERT INTO surgery (id,date,patient_id,doctor_id) VALUES (38,'2019-12-11',382,257);
INSERT INTO meds_for_surgery (surgery_id,med) VALUES (38,'Carmustine');
INSERT INTO surgery (id,date,patient_id,doctor_id) VALUES (39,'2019-12-08',41,82);
INSERT INTO meds_for_surgery (surgery_id,med) VALUES (39,'Phenytoin');
INSERT INTO surgery (id,date,patient_id,doctor_id) VALUES (40,'2019-12-22',472,144);
INSERT INTO meds_for_surgery (surgery_id,med) VALUES (40,'Foscarnet');