
INSERT INTO medicine (name,amount) VALUES ('Cefepime',47);
INSERT INTO medicine (name,amount) VALUES ('Efavirenz',89);
INSERT INTO request_med (date,med,amount,requester) VALUES ('2019-12-04','Efavirenz',6,17);
INSERT INTO patient_allergies (patient_id,preparate) VALUES (299,'Efavirenz');
INSERT INTO medicine (name,amount) VALUES ('Cladribine',100);
INSERT INTO request_med (date,med,amount,requester) VALUES ('2019-11-29','Cladribine',6,282);
INSERT INTO patient_allergies (patient_id,preparate) VALUES (161,'Cladribine');
INSERT INTO medicine (name,amount) VALUES ('Dinutuximab',20);
INSERT INTO medicine (name,amount) VALUES ('Thioguanine',34);
INSERT INTO request_med (date,med,amount,requester) VALUES ('2019-11-23','Thioguanine',2,265);
INSERT INTO patient_allergies (patient_id,preparate) VALUES (489,'Thioguanine');
INSERT INTO medicine (name,amount) VALUES ('Cephalexin',0);
INSERT INTO request_med (date,med,amount,requester) VALUES ('2019-12-26','Cephalexin',4,46);
INSERT INTO patient_allergies (patient_id,preparate) VALUES (182,'Cephalexin');
INSERT INTO medicine (name,amount) VALUES ('Dopamine',75);
INSERT INTO request_med (date,med,amount,requester) VALUES ('2019-11-28','Dopamine',1,121);
INSERT INTO patient_allergies (patient_id,preparate) VALUES (498,'Dopamine');
INSERT INTO medicine (name,amount) VALUES ('Fluorouracil',51);
INSERT INTO request_med (date,med,amount,requester) VALUES ('2019-12-25','Fluorouracil',10,245);
INSERT INTO patient_allergies (patient_id,preparate) VALUES (32,'Fluorouracil');
INSERT INTO medicine (name,amount) VALUES ('Calcium',41);
INSERT INTO medicine (name,amount) VALUES ('Amifostine',76);
INSERT INTO medicine (name,amount) VALUES ('Etoposide',12);
INSERT INTO medicine (name,amount) VALUES ('Melphalan',34);
INSERT INTO medicine (name,amount) VALUES ('Methadone',68);
INSERT INTO request_med (date,med,amount,requester) VALUES ('2019-12-23','Methadone',5,369);
INSERT INTO patient_allergies (patient_id,preparate) VALUES (283,'Methadone');
INSERT INTO medicine (name,amount) VALUES ('Phenobarbital',27);
INSERT INTO request_med (date,med,amount,requester) VALUES ('2019-12-24','Phenobarbital',3,189);
INSERT INTO patient_allergies (patient_id,preparate) VALUES (478,'Phenobarbital');
INSERT INTO medicine (name,amount) VALUES ('Magnesium',84);
INSERT INTO request_med (date,med,amount,requester) VALUES ('2019-12-02','Magnesium',1,303);
INSERT INTO patient_allergies (patient_id,preparate) VALUES (404,'Magnesium');
INSERT INTO medicine (name,amount) VALUES ('L-glutamine',70);
INSERT INTO medicine (name,amount) VALUES ('Asparaginase',26);
INSERT INTO request_med (date,med,amount,requester) VALUES ('2019-12-13','Asparaginase',4,253);
INSERT INTO patient_allergies (patient_id,preparate) VALUES (88,'Asparaginase');
INSERT INTO medicine (name,amount) VALUES ('Diclofenac',70);
INSERT INTO request_med (date,med,amount,requester) VALUES ('2019-12-21','Diclofenac',10,256);
INSERT INTO patient_allergies (patient_id,preparate) VALUES (61,'Diclofenac');
INSERT INTO medicine (name,amount) VALUES ('Enoxaparin',35);
INSERT INTO medicine (name,amount) VALUES ('Rituximab',35);
INSERT INTO request_med (date,med,amount,requester) VALUES ('2019-12-08','Rituximab',9,178);
INSERT INTO patient_allergies (patient_id,preparate) VALUES (168,'Rituximab');
INSERT INTO medicine (name,amount) VALUES ('Pegfilgrastim',21);
INSERT INTO medicine (name,amount) VALUES ('Phenytoin',59);
INSERT INTO request_med (date,med,amount,requester) VALUES ('2019-11-25','Phenytoin',9,398);
INSERT INTO patient_allergies (patient_id,preparate) VALUES (299,'Phenytoin');
INSERT INTO medicine (name,amount) VALUES ('Ifosfamide',20);
INSERT INTO request_med (date,med,amount,requester) VALUES ('2019-12-06','Ifosfamide',6,98);
INSERT INTO patient_allergies (patient_id,preparate) VALUES (432,'Ifosfamide');
INSERT INTO medicine (name,amount) VALUES ('Dapsone',23);
INSERT INTO medicine (name,amount) VALUES ('Sucralfate',29);
INSERT INTO request_med (date,med,amount,requester) VALUES ('2019-11-26','Sucralfate',7,277);
INSERT INTO patient_allergies (patient_id,preparate) VALUES (61,'Sucralfate');
INSERT INTO medicine (name,amount) VALUES ('Atazanavir',54);
INSERT INTO medicine (name,amount) VALUES ('Neuromuscular',4);
INSERT INTO request_med (date,med,amount,requester) VALUES ('2019-12-18','Neuromuscular',7,252);
INSERT INTO patient_allergies (patient_id,preparate) VALUES (429,'Neuromuscular');
INSERT INTO medicine (name,amount) VALUES ('Sugammadex',22);
INSERT INTO medicine (name,amount) VALUES ('Imipenem',83);
INSERT INTO request_med (date,med,amount,requester) VALUES ('2019-12-10','Imipenem',3,18);
INSERT INTO patient_allergies (patient_id,preparate) VALUES (346,'Imipenem');
INSERT INTO medicine (name,amount) VALUES ('Stavudine',51);
INSERT INTO medicine (name,amount) VALUES ('Lorazepam',80);
INSERT INTO medicine (name,amount) VALUES ('Gabapentin',92);
INSERT INTO medicine (name,amount) VALUES ('Cisplatin',49);
INSERT INTO medicine (name,amount) VALUES ('Azithromycin',52);
INSERT INTO request_med (date,med,amount,requester) VALUES ('2019-11-30','Azithromycin',1,258);
INSERT INTO patient_allergies (patient_id,preparate) VALUES (111,'Azithromycin');
INSERT INTO medicine (name,amount) VALUES ('Gemcitabine',61);
INSERT INTO medicine (name,amount) VALUES ('Ruxolitinib',91);
INSERT INTO request_med (date,med,amount,requester) VALUES ('2019-11-29','Ruxolitinib',4,190);
INSERT INTO patient_allergies (patient_id,preparate) VALUES (21,'Ruxolitinib');
INSERT INTO medicine (name,amount) VALUES ('Topotecan',1);
INSERT INTO request_med (date,med,amount,requester) VALUES ('2019-12-08','Topotecan',3,23);
INSERT INTO patient_allergies (patient_id,preparate) VALUES (283,'Topotecan');
INSERT INTO medicine (name,amount) VALUES ('Fluconazole',92);
INSERT INTO request_med (date,med,amount,requester) VALUES ('2019-11-24','Fluconazole',10,261);
INSERT INTO patient_allergies (patient_id,preparate) VALUES (260,'Fluconazole');
INSERT INTO medicine (name,amount) VALUES ('Rilpivirine',63);
INSERT INTO medicine (name,amount) VALUES ('Bortezomib',4);
INSERT INTO request_med (date,med,amount,requester) VALUES ('2019-11-28','Bortezomib',6,179);
INSERT INTO patient_allergies (patient_id,preparate) VALUES (346,'Bortezomib');
INSERT INTO medicine (name,amount) VALUES ('Granisetron',6);
INSERT INTO medicine (name,amount) VALUES ('Nevirapine',70);
INSERT INTO request_med (date,med,amount,requester) VALUES ('2019-12-08','Nevirapine',8,219);
INSERT INTO patient_allergies (patient_id,preparate) VALUES (290,'Nevirapine');
INSERT INTO medicine (name,amount) VALUES ('Hydromorphone',61);
INSERT INTO medicine (name,amount) VALUES ('Captopril',65);
INSERT INTO request_med (date,med,amount,requester) VALUES ('2019-12-12','Captopril',3,318);
INSERT INTO patient_allergies (patient_id,preparate) VALUES (87,'Captopril');
INSERT INTO medicine (name,amount) VALUES ('Saquinavir',31);
INSERT INTO request_med (date,med,amount,requester) VALUES ('2019-11-30','Saquinavir',8,300);
INSERT INTO patient_allergies (patient_id,preparate) VALUES (387,'Saquinavir');
INSERT INTO medicine (name,amount) VALUES ('Cyclobenzaprine',58);
INSERT INTO request_med (date,med,amount,requester) VALUES ('2019-11-26','Cyclobenzaprine',1,57);
INSERT INTO patient_allergies (patient_id,preparate) VALUES (296,'Cyclobenzaprine');
INSERT INTO medicine (name,amount) VALUES ('Rasburicase',53);
INSERT INTO request_med (date,med,amount,requester) VALUES ('2019-11-24','Rasburicase',4,189);
INSERT INTO patient_allergies (patient_id,preparate) VALUES (248,'Rasburicase');
INSERT INTO medicine (name,amount) VALUES ('Meloxicam',97);
INSERT INTO medicine (name,amount) VALUES ('Cytarabine',11);
INSERT INTO request_med (date,med,amount,requester) VALUES ('2019-11-29','Cytarabine',7,352);
INSERT INTO patient_allergies (patient_id,preparate) VALUES (471,'Cytarabine');
INSERT INTO medicine (name,amount) VALUES ('Vorinostat',93);
INSERT INTO request_med (date,med,amount,requester) VALUES ('2019-11-30','Vorinostat',5,438);
INSERT INTO patient_allergies (patient_id,preparate) VALUES (248,'Vorinostat');
INSERT INTO medicine (name,amount) VALUES ('Erythropoietin',35);
INSERT INTO medicine (name,amount) VALUES ('Emtricitabine',88);
INSERT INTO request_med (date,med,amount,requester) VALUES ('2019-12-09','Emtricitabine',2,219);
INSERT INTO patient_allergies (patient_id,preparate) VALUES (5,'Emtricitabine');
INSERT INTO medicine (name,amount) VALUES ('Maraviroc',31);
INSERT INTO medicine (name,amount) VALUES ('Carbamazepine',5);
INSERT INTO medicine (name,amount) VALUES ('GM-CSF',54);
INSERT INTO medicine (name,amount) VALUES ('Mitotane',74);
INSERT INTO request_med (date,med,amount,requester) VALUES ('2019-12-03','Mitotane',7,424);
INSERT INTO patient_allergies (patient_id,preparate) VALUES (343,'Mitotane');
INSERT INTO medicine (name,amount) VALUES ('Meperidine',43);
INSERT INTO request_med (date,med,amount,requester) VALUES ('2019-12-06','Meperidine',3,247);
INSERT INTO patient_allergies (patient_id,preparate) VALUES (485,'Meperidine');
INSERT INTO medicine (name,amount) VALUES ('Methylphenidate',61);
INSERT INTO request_med (date,med,amount,requester) VALUES ('2019-11-23','Methylphenidate',2,487);
INSERT INTO patient_allergies (patient_id,preparate) VALUES (389,'Methylphenidate');
INSERT INTO medicine (name,amount) VALUES ('Muromonab',30);
INSERT INTO medicine (name,amount) VALUES ('Oxycodone',90);
INSERT INTO medicine (name,amount) VALUES ('Enalapril',90);
INSERT INTO request_med (date,med,amount,requester) VALUES ('2019-11-27','Enalapril',7,247);
INSERT INTO patient_allergies (patient_id,preparate) VALUES (246,'Enalapril');
INSERT INTO medicine (name,amount) VALUES ('Eltrombopag',61);
INSERT INTO medicine (name,amount) VALUES ('Etravirine',61);
INSERT INTO medicine (name,amount) VALUES ('Atenolol',36);
INSERT INTO medicine (name,amount) VALUES ('Alemtuzumab',0);
INSERT INTO request_med (date,med,amount,requester) VALUES ('2019-11-23','Alemtuzumab',1,284);
INSERT INTO patient_allergies (patient_id,preparate) VALUES (432,'Alemtuzumab');
INSERT INTO medicine (name,amount) VALUES ('Daunorubicin',87);
INSERT INTO request_med (date,med,amount,requester) VALUES ('2019-11-29','Daunorubicin',1,195);
INSERT INTO patient_allergies (patient_id,preparate) VALUES (117,'Daunorubicin');
INSERT INTO medicine (name,amount) VALUES ('G-CSF',47);
INSERT INTO medicine (name,amount) VALUES ('Ritonavir',26);
INSERT INTO medicine (name,amount) VALUES ('Carmustine',80);
INSERT INTO medicine (name,amount) VALUES ('Mercaptopurine',66);
INSERT INTO request_med (date,med,amount,requester) VALUES ('2019-12-08','Mercaptopurine',9,500);
INSERT INTO patient_allergies (patient_id,preparate) VALUES (177,'Mercaptopurine');
INSERT INTO medicine (name,amount) VALUES ('Amoxicillin',54);
INSERT INTO request_med (date,med,amount,requester) VALUES ('2019-12-11','Amoxicillin',2,407);
INSERT INTO patient_allergies (patient_id,preparate) VALUES (100,'Amoxicillin');
INSERT INTO medicine (name,amount) VALUES ('Raltegravir',0);
INSERT INTO request_med (date,med,amount,requester) VALUES ('2019-12-05','Raltegravir',5,135);
INSERT INTO patient_allergies (patient_id,preparate) VALUES (278,'Raltegravir');
INSERT INTO medicine (name,amount) VALUES ('Immune',43);
INSERT INTO request_med (date,med,amount,requester) VALUES ('2019-12-02','Immune',5,364);
INSERT INTO patient_allergies (patient_id,preparate) VALUES (157,'Immune');
INSERT INTO medicine (name,amount) VALUES ('Allopurinol',18);
INSERT INTO medicine (name,amount) VALUES ('Deferasirox',14);
INSERT INTO request_med (date,med,amount,requester) VALUES ('2019-12-11','Deferasirox',7,129);
INSERT INTO patient_allergies (patient_id,preparate) VALUES (246,'Deferasirox');
INSERT INTO medicine (name,amount) VALUES ('Sorafenib',9);
INSERT INTO request_med (date,med,amount,requester) VALUES ('2019-11-27','Sorafenib',5,52);
INSERT INTO patient_allergies (patient_id,preparate) VALUES (283,'Sorafenib');
INSERT INTO medicine (name,amount) VALUES ('Vincristine',59);
INSERT INTO medicine (name,amount) VALUES ('Abacavir',84);
INSERT INTO request_med (date,med,amount,requester) VALUES ('2019-12-13','Abacavir',10,20);
INSERT INTO patient_allergies (patient_id,preparate) VALUES (496,'Abacavir');
INSERT INTO medicine (name,amount) VALUES ('Metronidazole',92);
INSERT INTO request_med (date,med,amount,requester) VALUES ('2019-12-09','Metronidazole',1,192);
INSERT INTO patient_allergies (patient_id,preparate) VALUES (8,'Metronidazole');
INSERT INTO medicine (name,amount) VALUES ('Interleukin',52);
INSERT INTO request_med (date,med,amount,requester) VALUES ('2019-12-20','Interleukin',7,340);
INSERT INTO patient_allergies (patient_id,preparate) VALUES (111,'Interleukin');
INSERT INTO medicine (name,amount) VALUES ('Cyclosporine',58);
INSERT INTO request_med (date,med,amount,requester) VALUES ('2019-11-26','Cyclosporine',4,291);
INSERT INTO patient_allergies (patient_id,preparate) VALUES (150,'Cyclosporine');
INSERT INTO medicine (name,amount) VALUES ('Sirolimus',55);
INSERT INTO request_med (date,med,amount,requester) VALUES ('2019-12-13','Sirolimus',7,473);
INSERT INTO patient_allergies (patient_id,preparate) VALUES (278,'Sirolimus');
INSERT INTO medicine (name,amount) VALUES ('Tretinoin',30);
INSERT INTO medicine (name,amount) VALUES ('Tobramycin',99);
INSERT INTO medicine (name,amount) VALUES ('Vinblastine',46);
INSERT INTO medicine (name,amount) VALUES ('Carboplatin',30);
INSERT INTO medicine (name,amount) VALUES ('Dasatinib',1);
INSERT INTO medicine (name,amount) VALUES ('Tacrolimus',37);
INSERT INTO medicine (name,amount) VALUES ('Trimethoprim',48);
INSERT INTO request_med (date,med,amount,requester) VALUES ('2019-11-27','Trimethoprim',6,273);
INSERT INTO patient_allergies (patient_id,preparate) VALUES (255,'Trimethoprim');
INSERT INTO medicine (name,amount) VALUES ('Propoxyphene',47);
INSERT INTO medicine (name,amount) VALUES ('Interferon',100);
INSERT INTO request_med (date,med,amount,requester) VALUES ('2019-12-24','Interferon',6,474);
INSERT INTO patient_allergies (patient_id,preparate) VALUES (111,'Interferon');
INSERT INTO medicine (name,amount) VALUES ('Ranitidine',43);
INSERT INTO medicine (name,amount) VALUES ('Lopinavir',26);
INSERT INTO request_med (date,med,amount,requester) VALUES ('2019-11-27','Lopinavir',2,137);
INSERT INTO patient_allergies (patient_id,preparate) VALUES (415,'Lopinavir');
INSERT INTO medicine (name,amount) VALUES ('Atovaquone',74);
INSERT INTO request_med (date,med,amount,requester) VALUES ('2019-12-10','Atovaquone',9,22);
INSERT INTO patient_allergies (patient_id,preparate) VALUES (397,'Atovaquone');
INSERT INTO medicine (name,amount) VALUES ('Isotretinoin',78);
INSERT INTO request_med (date,med,amount,requester) VALUES ('2019-12-10','Isotretinoin',2,216);
INSERT INTO patient_allergies (patient_id,preparate) VALUES (177,'Isotretinoin');
INSERT INTO medicine (name,amount) VALUES ('Codeine',82);
INSERT INTO medicine (name,amount) VALUES ('Imatinib',26);
INSERT INTO medicine (name,amount) VALUES ('Alendronate',3);
INSERT INTO request_med (date,med,amount,requester) VALUES ('2019-11-26','Alendronate',10,351);
INSERT INTO patient_allergies (patient_id,preparate) VALUES (117,'Alendronate');
INSERT INTO medicine (name,amount) VALUES ('Cefaclor',30);
INSERT INTO medicine (name,amount) VALUES ('Bosentan',43);
INSERT INTO medicine (name,amount) VALUES ('Ketoconazole',11);
INSERT INTO request_med (date,med,amount,requester) VALUES ('2019-12-27','Ketoconazole',7,23);
INSERT INTO patient_allergies (patient_id,preparate) VALUES (32,'Ketoconazole');
INSERT INTO medicine (name,amount) VALUES ('Warfarin',65);
INSERT INTO medicine (name,amount) VALUES ('Morphine',44);
INSERT INTO medicine (name,amount) VALUES ('Erythromycin',92);
INSERT INTO medicine (name,amount) VALUES ('Nelfinavir',0);
INSERT INTO medicine (name,amount) VALUES ('Desmopressin',30);
INSERT INTO medicine (name,amount) VALUES ('Paclitaxel',88);
INSERT INTO request_med (date,med,amount,requester) VALUES ('2019-12-15','Paclitaxel',8,298);
INSERT INTO patient_allergies (patient_id,preparate) VALUES (485,'Paclitaxel');
INSERT INTO medicine (name,amount) VALUES ('Hydralazine',21);
INSERT INTO request_med (date,med,amount,requester) VALUES ('2019-12-07','Hydralazine',4,141);
INSERT INTO patient_allergies (patient_id,preparate) VALUES (76,'Hydralazine');
INSERT INTO medicine (name,amount) VALUES ('Pemetrexed',79);
INSERT INTO medicine (name,amount) VALUES ('Dronabinol',31);
INSERT INTO request_med (date,med,amount,requester) VALUES ('2019-12-21','Dronabinol',4,497);
INSERT INTO patient_allergies (patient_id,preparate) VALUES (430,'Dronabinol');
INSERT INTO medicine (name,amount) VALUES ('Gemtuzumab',89);
INSERT INTO medicine (name,amount) VALUES ('Dornase alfa',20);
INSERT INTO medicine (name,amount) VALUES ('Aprepitant',95);
INSERT INTO medicine (name,amount) VALUES ('Hydrocortisone',6);
INSERT INTO medicine (name,amount) VALUES ('Voriconazole',84);
INSERT INTO request_med (date,med,amount,requester) VALUES ('2019-12-14','Voriconazole',10,166);
INSERT INTO patient_allergies (patient_id,preparate) VALUES (387,'Voriconazole');
INSERT INTO medicine (name,amount) VALUES ('Gefitinib',88);
INSERT INTO request_med (date,med,amount,requester) VALUES ('2019-12-24','Gefitinib',7,500);
INSERT INTO patient_allergies (patient_id,preparate) VALUES (485,'Gefitinib');
INSERT INTO medicine (name,amount) VALUES ('Procarbazine',50);
INSERT INTO request_med (date,med,amount,requester) VALUES ('2019-11-24','Procarbazine',5,121);
INSERT INTO patient_allergies (patient_id,preparate) VALUES (142,'Procarbazine');
INSERT INTO medicine (name,amount) VALUES ('Mycophenolate',90);
INSERT INTO request_med (date,med,amount,requester) VALUES ('2019-12-11','Mycophenolate',1,422);
INSERT INTO patient_allergies (patient_id,preparate) VALUES (444,'Mycophenolate');
INSERT INTO medicine (name,amount) VALUES ('Phosphorus',96);
INSERT INTO request_med (date,med,amount,requester) VALUES ('2019-12-23','Phosphorus',8,295);
INSERT INTO patient_allergies (patient_id,preparate) VALUES (432,'Phosphorus');
INSERT INTO medicine (name,amount) VALUES ('Dactinomycin',70);
INSERT INTO request_med (date,med,amount,requester) VALUES ('2019-12-12','Dactinomycin',8,27);
INSERT INTO patient_allergies (patient_id,preparate) VALUES (430,'Dactinomycin');
INSERT INTO medicine (name,amount) VALUES ('Methotrexate',26);
INSERT INTO medicine (name,amount) VALUES ('Leucovorin',26);
INSERT INTO request_med (date,med,amount,requester) VALUES ('2019-12-08','Leucovorin',7,379);
INSERT INTO patient_allergies (patient_id,preparate) VALUES (458,'Leucovorin');
INSERT INTO medicine (name,amount) VALUES ('Darunavir',77);
INSERT INTO medicine (name,amount) VALUES ('Probenecid',69);
INSERT INTO medicine (name,amount) VALUES ('PEGaspargase',3);
INSERT INTO medicine (name,amount) VALUES ('Busulfan',78);
INSERT INTO request_med (date,med,amount,requester) VALUES ('2019-12-27','Busulfan',7,341);
INSERT INTO patient_allergies (patient_id,preparate) VALUES (37,'Busulfan');
INSERT INTO medicine (name,amount) VALUES ('Temozolomide',39);
INSERT INTO request_med (date,med,amount,requester) VALUES ('2019-12-11','Temozolomide',10,201);
INSERT INTO patient_allergies (patient_id,preparate) VALUES (61,'Temozolomide');
INSERT INTO medicine (name,amount) VALUES ('Dobutamine',52);
INSERT INTO medicine (name,amount) VALUES ('Pentamidine',44);
INSERT INTO request_med (date,med,amount,requester) VALUES ('2019-11-30','Pentamidine',1,78);
INSERT INTO patient_allergies (patient_id,preparate) VALUES (432,'Pentamidine');
INSERT INTO medicine (name,amount) VALUES ('Teniposide',15);
INSERT INTO request_med (date,med,amount,requester) VALUES ('2019-12-27','Teniposide',3,407);
INSERT INTO patient_allergies (patient_id,preparate) VALUES (343,'Teniposide');
INSERT INTO medicine (name,amount) VALUES ('Celecoxib',14);
INSERT INTO medicine (name,amount) VALUES ('Amitriptyline',5);
INSERT INTO medicine (name,amount) VALUES ('Cidofovir',70);
INSERT INTO medicine (name,amount) VALUES ('Amlodipine',9);
INSERT INTO request_med (date,med,amount,requester) VALUES ('2019-12-05','Amlodipine',5,228);
INSERT INTO patient_allergies (patient_id,preparate) VALUES (161,'Amlodipine');
INSERT INTO medicine (name,amount) VALUES ('Irinotecan',85);
INSERT INTO request_med (date,med,amount,requester) VALUES ('2019-11-30','Irinotecan',4,247);
INSERT INTO patient_allergies (patient_id,preparate) VALUES (255,'Irinotecan');
INSERT INTO medicine (name,amount) VALUES ('Emicizumab',28);
INSERT INTO request_med (date,med,amount,requester) VALUES ('2019-11-24','Emicizumab',2,144);
INSERT INTO patient_allergies (patient_id,preparate) VALUES (177,'Emicizumab');
INSERT INTO medicine (name,amount) VALUES ('Mitoxantrone',43);
INSERT INTO medicine (name,amount) VALUES ('Erlotinib',98);
INSERT INTO medicine (name,amount) VALUES ('Doxorubicin',47);
INSERT INTO request_med (date,med,amount,requester) VALUES ('2019-12-19','Doxorubicin',1,9);
INSERT INTO patient_allergies (patient_id,preparate) VALUES (246,'Doxorubicin');
INSERT INTO medicine (name,amount) VALUES ('Didanosine',70);
INSERT INTO request_med (date,med,amount,requester) VALUES ('2019-12-06','Didanosine',2,492);
INSERT INTO patient_allergies (patient_id,preparate) VALUES (21,'Didanosine');
INSERT INTO medicine (name,amount) VALUES ('Ondansetron',8);
INSERT INTO medicine (name,amount) VALUES ('Clofarabine',5);
INSERT INTO request_med (date,med,amount,requester) VALUES ('2019-12-09','Clofarabine',3,309);
INSERT INTO patient_allergies (patient_id,preparate) VALUES (246,'Clofarabine');
INSERT INTO medicine (name,amount) VALUES ('Levothyroxine',49);
INSERT INTO medicine (name,amount) VALUES ('Potassium',20);
INSERT INTO medicine (name,amount) VALUES ('Furosemide',81);
INSERT INTO request_med (date,med,amount,requester) VALUES ('2019-11-23','Furosemide',5,276);
INSERT INTO patient_allergies (patient_id,preparate) VALUES (404,'Furosemide');
INSERT INTO medicine (name,amount) VALUES ('Prednisone',72);
INSERT INTO medicine (name,amount) VALUES ('Bleomycin',53);
INSERT INTO medicine (name,amount) VALUES ('Labetalol',84);
INSERT INTO medicine (name,amount) VALUES ('Foscarnet',41);
INSERT INTO medicine (name,amount) VALUES ('Dexamethasone',53);
INSERT INTO medicine (name,amount) VALUES ('Tenofovir',80);
INSERT INTO request_med (date,med,amount,requester) VALUES ('2019-12-05','Tenofovir',3,195);
INSERT INTO patient_allergies (patient_id,preparate) VALUES (283,'Tenofovir');
INSERT INTO medicine (name,amount) VALUES ('Clindamycin',76);
INSERT INTO request_med (date,med,amount,requester) VALUES ('2019-12-23','Clindamycin',1,154);
INSERT INTO patient_allergies (patient_id,preparate) VALUES (241,'Clindamycin');
INSERT INTO medicine (name,amount) VALUES ('Norepinephrine',76);
INSERT INTO request_med (date,med,amount,requester) VALUES ('2019-12-02','Norepinephrine',10,35);
INSERT INTO patient_allergies (patient_id,preparate) VALUES (385,'Norepinephrine');
INSERT INTO medicine (name,amount) VALUES ('Micafungin',4);
INSERT INTO medicine (name,amount) VALUES ('Thiotepa',76);
INSERT INTO medicine (name,amount) VALUES ('Promethazine',40);
INSERT INTO request_med (date,med,amount,requester) VALUES ('2019-11-26','Promethazine',2,77);
INSERT INTO patient_allergies (patient_id,preparate) VALUES (168,'Promethazine');
INSERT INTO medicine (name,amount) VALUES ('Omeprazole',16);
INSERT INTO request_med (date,med,amount,requester) VALUES ('2019-12-27','Omeprazole',8,320);
INSERT INTO patient_allergies (patient_id,preparate) VALUES (37,'Omeprazole');
INSERT INTO medicine (name,amount) VALUES ('Crizotinib',33);
INSERT INTO request_med (date,med,amount,requester) VALUES ('2019-12-14','Crizotinib',8,390);
INSERT INTO patient_allergies (patient_id,preparate) VALUES (426,'Crizotinib');
INSERT INTO medicine (name,amount) VALUES ('Aminocaproic Acid',52);
INSERT INTO request_med (date,med,amount,requester) VALUES ('2019-12-05','Aminocaproic Acid',9,311);
INSERT INTO patient_allergies (patient_id,preparate) VALUES (109,'Aminocaproic Acid');
INSERT INTO medicine (name,amount) VALUES ('Cefuroxime',47);
INSERT INTO request_med (date,med,amount,requester) VALUES ('2019-12-04','Cefuroxime',4,249);
INSERT INTO patient_allergies (patient_id,preparate) VALUES (426,'Cefuroxime');
INSERT INTO medicine (name,amount) VALUES ('Valproic acid',83);
INSERT INTO medicine (name,amount) VALUES ('Itraconazole',9);
INSERT INTO medicine (name,amount) VALUES ('Cefixime',28);
INSERT INTO request_med (date,med,amount,requester) VALUES ('2019-12-21','Cefixime',3,228);
INSERT INTO patient_allergies (patient_id,preparate) VALUES (471,'Cefixime');
INSERT INTO medicine (name,amount) VALUES ('Fludarabine',93);
INSERT INTO medicine (name,amount) VALUES ('Linezolid',16);
INSERT INTO request_med (date,med,amount,requester) VALUES ('2019-12-20','Linezolid',8,53);
INSERT INTO patient_allergies (patient_id,preparate) VALUES (385,'Linezolid');
INSERT INTO medicine (name,amount) VALUES ('Modafinil',55);
INSERT INTO request_med (date,med,amount,requester) VALUES ('2019-11-30','Modafinil',5,239);
INSERT INTO patient_allergies (patient_id,preparate) VALUES (150,'Modafinil');
INSERT INTO medicine (name,amount) VALUES ('Meropenem',92);
INSERT INTO request_med (date,med,amount,requester) VALUES ('2019-11-24','Meropenem',6,357);
INSERT INTO patient_allergies (patient_id,preparate) VALUES (385,'Meropenem');
INSERT INTO medicine (name,amount) VALUES ('Mesna',72);
INSERT INTO medicine (name,amount) VALUES ('Mechlorethamine',62);
INSERT INTO medicine (name,amount) VALUES ('Cyproheptadine',34);
INSERT INTO request_med (date,med,amount,requester) VALUES ('2019-12-14','Cyproheptadine',4,274);
INSERT INTO patient_allergies (patient_id,preparate) VALUES (182,'Cyproheptadine');
INSERT INTO medicine (name,amount) VALUES ('Clobazam',33);
INSERT INTO medicine (name,amount) VALUES ('Ganciclovir',49);
INSERT INTO request_med (date,med,amount,requester) VALUES ('2019-12-24','Ganciclovir',5,411);
INSERT INTO patient_allergies (patient_id,preparate) VALUES (7,'Ganciclovir');
INSERT INTO medicine (name,amount) VALUES ('Hydroxyurea',15);
INSERT INTO request_med (date,med,amount,requester) VALUES ('2019-12-25','Hydroxyurea',2,258);
INSERT INTO patient_allergies (patient_id,preparate) VALUES (7,'Hydroxyurea');
INSERT INTO medicine (name,amount) VALUES ('Zidovudine',40);
INSERT INTO request_med (date,med,amount,requester) VALUES ('2019-12-09','Zidovudine',3,486);
INSERT INTO patient_allergies (patient_id,preparate) VALUES (240,'Zidovudine');
INSERT INTO medicine (name,amount) VALUES ('Penicillin',81);
INSERT INTO medicine (name,amount) VALUES ('Acyclovir',82);
INSERT INTO request_med (date,med,amount,requester) VALUES ('2019-11-29','Acyclovir',2,279);
INSERT INTO patient_allergies (patient_id,preparate) VALUES (499,'Acyclovir');
INSERT INTO medicine (name,amount) VALUES ('Rivaroxaban',23);
INSERT INTO request_med (date,med,amount,requester) VALUES ('2019-12-04','Rivaroxaban',1,262);
INSERT INTO patient_allergies (patient_id,preparate) VALUES (304,'Rivaroxaban');
INSERT INTO medicine (name,amount) VALUES ('Heparin',77);
INSERT INTO medicine (name,amount) VALUES ('Baclofen',22);
INSERT INTO medicine (name,amount) VALUES ('Dacarbazine',52);
INSERT INTO medicine (name,amount) VALUES ('Etonogestrel',24);
INSERT INTO medicine (name,amount) VALUES ('Hydrocodone',65);
INSERT INTO medicine (name,amount) VALUES ('Vancomycin',96);
INSERT INTO request_med (date,med,amount,requester) VALUES ('2019-12-07','Vancomycin',10,216);
INSERT INTO patient_allergies (patient_id,preparate) VALUES (87,'Vancomycin');
INSERT INTO medicine (name,amount) VALUES ('Nelarabine',50);
INSERT INTO request_med (date,med,amount,requester) VALUES ('2019-11-28','Nelarabine',3,340);
INSERT INTO patient_allergies (patient_id,preparate) VALUES (220,'Nelarabine');
INSERT INTO medicine (name,amount) VALUES ('Lomustine',7);
INSERT INTO medicine (name,amount) VALUES ('Posaconazole',87);
INSERT INTO request_med (date,med,amount,requester) VALUES ('2019-12-16','Posaconazole',9,364);
INSERT INTO patient_allergies (patient_id,preparate) VALUES (142,'Posaconazole');
INSERT INTO medicine (name,amount) VALUES ('Cyclophosphamide',92);
INSERT INTO request_med (date,med,amount,requester) VALUES ('2019-12-16','Cyclophosphamide',5,228);
INSERT INTO patient_allergies (patient_id,preparate) VALUES (5,'Cyclophosphamide');
INSERT INTO medicine (name,amount) VALUES ('Famciclovir',19);
INSERT INTO medicine (name,amount) VALUES ('Ceftazidime',47);
INSERT INTO request_med (date,med,amount,requester) VALUES ('2019-11-25','Ceftazidime',3,106);
INSERT INTO patient_allergies (patient_id,preparate) VALUES (489,'Ceftazidime');
INSERT INTO medicine (name,amount) VALUES ('Sunitinib',70);
INSERT INTO medicine (name,amount) VALUES ('Megestrol acetate',45);
INSERT INTO medicine (name,amount) VALUES ('Clarithromycin',10);
INSERT INTO medicine (name,amount) VALUES ('Amikacin',7);
INSERT INTO request_med (date,med,amount,requester) VALUES ('2019-12-14','Amikacin',2,4);
INSERT INTO patient_allergies (patient_id,preparate) VALUES (415,'Amikacin');
INSERT INTO medicine (name,amount) VALUES ('Lamivudine',75);
INSERT INTO medicine (name,amount) VALUES ('Elvitegravir',13);
INSERT INTO surgery (id,date,patient_id,doctor_id) VALUES (1,'2019-12-03',451,57);
INSERT INTO meds_for_surgery (surgery_id,med) VALUES (1,'Crizotinib');
INSERT INTO surgery (id,date,patient_id,doctor_id) VALUES (2,'2019-12-08',32,436);
INSERT INTO meds_for_surgery (surgery_id,med) VALUES (2,'Levothyroxine');
INSERT INTO surgery (id,date,patient_id,doctor_id) VALUES (3,'2019-12-18',39,273);
INSERT INTO meds_for_surgery (surgery_id,med) VALUES (3,'Phenobarbital');
INSERT INTO surgery (id,date,patient_id,doctor_id) VALUES (4,'2019-11-23',182,268);
INSERT INTO meds_for_surgery (surgery_id,med) VALUES (4,'Cidofovir');
INSERT INTO surgery (id,date,patient_id,doctor_id) VALUES (5,'2019-12-04',399,78);
INSERT INTO meds_for_surgery (surgery_id,med) VALUES (5,'Imipenem');
INSERT INTO surgery (id,date,patient_id,doctor_id) VALUES (6,'2019-11-24',498,392);
INSERT INTO meds_for_surgery (surgery_id,med) VALUES (6,'Carbamazepine');
INSERT INTO surgery (id,date,patient_id,doctor_id) VALUES (7,'2019-12-15',248,388);
INSERT INTO meds_for_surgery (surgery_id,med) VALUES (7,'Alendronate');
INSERT INTO surgery (id,date,patient_id,doctor_id) VALUES (8,'2019-12-20',161,126);
INSERT INTO meds_for_surgery (surgery_id,med) VALUES (8,'Linezolid');
INSERT INTO surgery (id,date,patient_id,doctor_id) VALUES (9,'2019-12-18',21,136);
INSERT INTO meds_for_surgery (surgery_id,med) VALUES (9,'Dapsone');
INSERT INTO surgery (id,date,patient_id,doctor_id) VALUES (10,'2019-12-22',304,447);
INSERT INTO meds_for_surgery (surgery_id,med) VALUES (10,'Enoxaparin');
INSERT INTO surgery (id,date,patient_id,doctor_id) VALUES (11,'2019-12-20',354,467);
INSERT INTO meds_for_surgery (surgery_id,med) VALUES (11,'Cytarabine');
INSERT INTO surgery (id,date,patient_id,doctor_id) VALUES (12,'2019-12-23',489,17);
INSERT INTO meds_for_surgery (surgery_id,med) VALUES (12,'Atenolol');
INSERT INTO surgery (id,date,patient_id,doctor_id) VALUES (13,'2019-12-09',354,347);
INSERT INTO meds_for_surgery (surgery_id,med) VALUES (13,'Amlodipine');
INSERT INTO surgery (id,date,patient_id,doctor_id) VALUES (14,'2019-12-18',150,355);
INSERT INTO meds_for_surgery (surgery_id,med) VALUES (14,'Isotretinoin');
INSERT INTO surgery (id,date,patient_id,doctor_id) VALUES (15,'2019-12-02',177,186);
INSERT INTO meds_for_surgery (surgery_id,med) VALUES (15,'Lomustine');
INSERT INTO surgery (id,date,patient_id,doctor_id) VALUES (16,'2019-12-17',399,171);
INSERT INTO meds_for_surgery (surgery_id,med) VALUES (16,'Sirolimus');
INSERT INTO surgery (id,date,patient_id,doctor_id) VALUES (17,'2019-12-17',471,47);
INSERT INTO meds_for_surgery (surgery_id,med) VALUES (17,'Imipenem');
INSERT INTO surgery (id,date,patient_id,doctor_id) VALUES (18,'2019-12-18',223,126);
INSERT INTO meds_for_surgery (surgery_id,med) VALUES (18,'Hydroxyurea');
INSERT INTO surgery (id,date,patient_id,doctor_id) VALUES (19,'2019-12-06',93,74);
INSERT INTO meds_for_surgery (surgery_id,med) VALUES (19,'Sunitinib');
INSERT INTO surgery (id,date,patient_id,doctor_id) VALUES (20,'2019-11-28',488,355);
INSERT INTO meds_for_surgery (surgery_id,med) VALUES (20,'Nelfinavir');
INSERT INTO surgery (id,date,patient_id,doctor_id) VALUES (21,'2019-12-12',451,358);
INSERT INTO meds_for_surgery (surgery_id,med) VALUES (21,'Vinblastine');
INSERT INTO surgery (id,date,patient_id,doctor_id) VALUES (22,'2019-12-10',330,312);
INSERT INTO meds_for_surgery (surgery_id,med) VALUES (22,'Posaconazole');
INSERT INTO surgery (id,date,patient_id,doctor_id) VALUES (23,'2019-12-05',399,323);
INSERT INTO meds_for_surgery (surgery_id,med) VALUES (23,'Clarithromycin');
INSERT INTO surgery (id,date,patient_id,doctor_id) VALUES (24,'2019-12-20',346,152);
INSERT INTO meds_for_surgery (surgery_id,med) VALUES (24,'Mercaptopurine');
INSERT INTO surgery (id,date,patient_id,doctor_id) VALUES (25,'2019-12-18',94,250);
INSERT INTO meds_for_surgery (surgery_id,med) VALUES (25,'Cephalexin');
INSERT INTO surgery (id,date,patient_id,doctor_id) VALUES (26,'2019-11-27',119,323);
INSERT INTO meds_for_surgery (surgery_id,med) VALUES (26,'Carboplatin');
INSERT INTO surgery (id,date,patient_id,doctor_id) VALUES (27,'2019-12-06',343,18);
INSERT INTO meds_for_surgery (surgery_id,med) VALUES (27,'Bortezomib');
INSERT INTO surgery (id,date,patient_id,doctor_id) VALUES (28,'2019-12-07',483,436);
INSERT INTO meds_for_surgery (surgery_id,med) VALUES (28,'Megestrol acetate');
INSERT INTO surgery (id,date,patient_id,doctor_id) VALUES (29,'2019-12-26',156,40);
INSERT INTO meds_for_surgery (surgery_id,med) VALUES (29,'Vorinostat');
INSERT INTO surgery (id,date,patient_id,doctor_id) VALUES (30,'2019-12-05',287,41);
INSERT INTO meds_for_surgery (surgery_id,med) VALUES (30,'Morphine');
INSERT INTO surgery (id,date,patient_id,doctor_id) VALUES (31,'2019-12-24',58,17);
INSERT INTO meds_for_surgery (surgery_id,med) VALUES (31,'Carbamazepine');
INSERT INTO surgery (id,date,patient_id,doctor_id) VALUES (32,'2019-12-05',248,325);
INSERT INTO meds_for_surgery (surgery_id,med) VALUES (32,'Norepinephrine');
INSERT INTO surgery (id,date,patient_id,doctor_id) VALUES (33,'2019-12-24',37,288);
INSERT INTO meds_for_surgery (surgery_id,med) VALUES (33,'Meperidine');
INSERT INTO surgery (id,date,patient_id,doctor_id) VALUES (34,'2019-12-15',142,47);
INSERT INTO meds_for_surgery (surgery_id,med) VALUES (34,'Cefaclor');
INSERT INTO surgery (id,date,patient_id,doctor_id) VALUES (35,'2019-12-07',498,173);
INSERT INTO meds_for_surgery (surgery_id,med) VALUES (35,'Didanosine');
INSERT INTO surgery (id,date,patient_id,doctor_id) VALUES (36,'2019-12-04',238,250);
INSERT INTO meds_for_surgery (surgery_id,med) VALUES (36,'Fludarabine');
INSERT INTO surgery (id,date,patient_id,doctor_id) VALUES (37,'2019-12-06',498,229);
INSERT INTO meds_for_surgery (surgery_id,med) VALUES (37,'Daunorubicin');
INSERT INTO surgery (id,date,patient_id,doctor_id) VALUES (38,'2019-12-15',88,379);
INSERT INTO meds_for_surgery (surgery_id,med) VALUES (38,'Topotecan');
INSERT INTO surgery (id,date,patient_id,doctor_id) VALUES (39,'2019-12-06',240,294);
INSERT INTO meds_for_surgery (surgery_id,med) VALUES (39,'Prednisone');
INSERT INTO surgery (id,date,patient_id,doctor_id) VALUES (40,'2019-12-06',397,80);
INSERT INTO meds_for_surgery (surgery_id,med) VALUES (40,'Asparaginase');
INSERT INTO surgery (id,date,patient_id,doctor_id) VALUES (41,'2019-12-13',488,250);
INSERT INTO meds_for_surgery (surgery_id,med) VALUES (41,'Probenecid');
INSERT INTO surgery (id,date,patient_id,doctor_id) VALUES (42,'2019-12-06',415,199);
INSERT INTO meds_for_surgery (surgery_id,med) VALUES (42,'Nevirapine');
INSERT INTO surgery (id,date,patient_id,doctor_id) VALUES (43,'2019-12-08',109,439);
INSERT INTO meds_for_surgery (surgery_id,med) VALUES (43,'Potassium');
INSERT INTO surgery (id,date,patient_id,doctor_id) VALUES (44,'2019-12-10',21,262);
INSERT INTO meds_for_surgery (surgery_id,med) VALUES (44,'Pegfilgrastim');
INSERT INTO surgery (id,date,patient_id,doctor_id) VALUES (45,'2019-12-13',488,314);
INSERT INTO meds_for_surgery (surgery_id,med) VALUES (45,'Fludarabine');
INSERT INTO surgery (id,date,patient_id,doctor_id) VALUES (46,'2019-11-27',489,366);
INSERT INTO meds_for_surgery (surgery_id,med) VALUES (46,'Fluconazole');
INSERT INTO surgery (id,date,patient_id,doctor_id) VALUES (47,'2019-12-21',227,66);
INSERT INTO meds_for_surgery (surgery_id,med) VALUES (47,'Crizotinib');
INSERT INTO surgery (id,date,patient_id,doctor_id) VALUES (48,'2019-11-25',60,9);
INSERT INTO meds_for_surgery (surgery_id,med) VALUES (48,'Tenofovir');
INSERT INTO surgery (id,date,patient_id,doctor_id) VALUES (49,'2019-12-09',287,472);
INSERT INTO meds_for_surgery (surgery_id,med) VALUES (49,'Lomustine');
INSERT INTO surgery (id,date,patient_id,doctor_id) VALUES (50,'2019-12-08',429,370);
INSERT INTO meds_for_surgery (surgery_id,med) VALUES (50,'Penicillin');
INSERT INTO surgery (id,date,patient_id,doctor_id) VALUES (51,'2019-12-22',5,136);
INSERT INTO meds_for_surgery (surgery_id,med) VALUES (51,'Lopinavir');
INSERT INTO surgery (id,date,patient_id,doctor_id) VALUES (52,'2019-12-12',130,348);
INSERT INTO meds_for_surgery (surgery_id,med) VALUES (52,'Tobramycin');
INSERT INTO surgery (id,date,patient_id,doctor_id) VALUES (53,'2019-12-24',174,370);
INSERT INTO meds_for_surgery (surgery_id,med) VALUES (53,'Desmopressin');
INSERT INTO surgery (id,date,patient_id,doctor_id) VALUES (54,'2019-12-12',475,479);
INSERT INTO meds_for_surgery (surgery_id,med) VALUES (54,'Enoxaparin');
INSERT INTO surgery (id,date,patient_id,doctor_id) VALUES (55,'2019-12-12',451,358);
INSERT INTO meds_for_surgery (surgery_id,med) VALUES (55,'Cephalexin');
INSERT INTO surgery (id,date,patient_id,doctor_id) VALUES (56,'2019-11-28',269,229);
INSERT INTO meds_for_surgery (surgery_id,med) VALUES (56,'Ceftazidime');
INSERT INTO surgery (id,date,patient_id,doctor_id) VALUES (57,'2019-12-09',343,4);
INSERT INTO meds_for_surgery (surgery_id,med) VALUES (57,'Atovaquone');
INSERT INTO surgery (id,date,patient_id,doctor_id) VALUES (58,'2019-12-08',399,171);
INSERT INTO meds_for_surgery (surgery_id,med) VALUES (58,'Atovaquone');
INSERT INTO surgery (id,date,patient_id,doctor_id) VALUES (59,'2019-11-29',430,173);
INSERT INTO meds_for_surgery (surgery_id,med) VALUES (59,'Penicillin');
INSERT INTO surgery (id,date,patient_id,doctor_id) VALUES (60,'2019-11-29',430,433);
INSERT INTO meds_for_surgery (surgery_id,med) VALUES (60,'Imipenem');
INSERT INTO surgery (id,date,patient_id,doctor_id) VALUES (61,'2019-12-11',8,388);
INSERT INTO meds_for_surgery (surgery_id,med) VALUES (61,'Neuromuscular');
INSERT INTO surgery (id,date,patient_id,doctor_id) VALUES (62,'2019-12-01',339,288);
INSERT INTO meds_for_surgery (surgery_id,med) VALUES (62,'Ketoconazole');
INSERT INTO surgery (id,date,patient_id,doctor_id) VALUES (63,'2019-12-22',119,152);
INSERT INTO meds_for_surgery (surgery_id,med) VALUES (63,'Megestrol acetate');
INSERT INTO surgery (id,date,patient_id,doctor_id) VALUES (64,'2019-12-15',346,171);
INSERT INTO meds_for_surgery (surgery_id,med) VALUES (64,'Dapsone');
INSERT INTO surgery (id,date,patient_id,doctor_id) VALUES (65,'2019-11-30',208,103);
INSERT INTO meds_for_surgery (surgery_id,med) VALUES (65,'Teniposide');
INSERT INTO surgery (id,date,patient_id,doctor_id) VALUES (66,'2019-11-23',76,442);
INSERT INTO meds_for_surgery (surgery_id,med) VALUES (66,'Isotretinoin');
INSERT INTO surgery (id,date,patient_id,doctor_id) VALUES (67,'2019-12-07',93,215);
INSERT INTO meds_for_surgery (surgery_id,med) VALUES (67,'Rasburicase');
INSERT INTO surgery (id,date,patient_id,doctor_id) VALUES (68,'2019-12-09',93,126);
INSERT INTO meds_for_surgery (surgery_id,med) VALUES (68,'Tobramycin');
INSERT INTO surgery (id,date,patient_id,doctor_id) VALUES (69,'2019-12-05',488,273);
INSERT INTO meds_for_surgery (surgery_id,med) VALUES (69,'Isotretinoin');
INSERT INTO surgery (id,date,patient_id,doctor_id) VALUES (70,'2019-12-15',499,392);
INSERT INTO meds_for_surgery (surgery_id,med) VALUES (70,'Dronabinol');
INSERT INTO surgery (id,date,patient_id,doctor_id) VALUES (71,'2019-12-01',444,232);
INSERT INTO meds_for_surgery (surgery_id,med) VALUES (71,'Levothyroxine');
INSERT INTO surgery (id,date,patient_id,doctor_id) VALUES (72,'2019-12-01',76,405);
INSERT INTO meds_for_surgery (surgery_id,med) VALUES (72,'Darunavir');
INSERT INTO surgery (id,date,patient_id,doctor_id) VALUES (73,'2019-12-08',7,433);
INSERT INTO meds_for_surgery (surgery_id,med) VALUES (73,'Codeine');
INSERT INTO surgery (id,date,patient_id,doctor_id) VALUES (74,'2019-12-06',76,66);
INSERT INTO meds_for_surgery (surgery_id,med) VALUES (74,'Baclofen');
INSERT INTO surgery (id,date,patient_id,doctor_id) VALUES (75,'2019-12-22',227,273);
INSERT INTO meds_for_surgery (surgery_id,med) VALUES (75,'Modafinil');
INSERT INTO surgery (id,date,patient_id,doctor_id) VALUES (76,'2019-12-14',451,405);
INSERT INTO meds_for_surgery (surgery_id,med) VALUES (76,'Heparin');
INSERT INTO surgery (id,date,patient_id,doctor_id) VALUES (77,'2019-12-09',496,347);
INSERT INTO meds_for_surgery (surgery_id,med) VALUES (77,'Carmustine');
INSERT INTO surgery (id,date,patient_id,doctor_id) VALUES (78,'2019-11-24',458,171);
INSERT INTO meds_for_surgery (surgery_id,med) VALUES (78,'Norepinephrine');
INSERT INTO surgery (id,date,patient_id,doctor_id) VALUES (79,'2019-12-02',39,199);
INSERT INTO meds_for_surgery (surgery_id,med) VALUES (79,'Enalapril');
INSERT INTO surgery (id,date,patient_id,doctor_id) VALUES (80,'2019-11-25',150,309);
INSERT INTO meds_for_surgery (surgery_id,med) VALUES (80,'Thioguanine');
INSERT INTO surgery (id,date,patient_id,doctor_id) VALUES (81,'2019-12-17',498,388);
INSERT INTO meds_for_surgery (surgery_id,med) VALUES (81,'Teniposide');
INSERT INTO surgery (id,date,patient_id,doctor_id) VALUES (82,'2019-11-23',384,401);
INSERT INTO meds_for_surgery (surgery_id,med) VALUES (82,'Isotretinoin');
INSERT INTO surgery (id,date,patient_id,doctor_id) VALUES (83,'2019-12-12',100,312);
INSERT INTO meds_for_surgery (surgery_id,med) VALUES (83,'Oxycodone');
INSERT INTO surgery (id,date,patient_id,doctor_id) VALUES (84,'2019-11-27',287,80);
INSERT INTO meds_for_surgery (surgery_id,med) VALUES (84,'Etonogestrel');
INSERT INTO surgery (id,date,patient_id,doctor_id) VALUES (85,'2019-12-22',371,285);
INSERT INTO meds_for_surgery (surgery_id,med) VALUES (85,'Clofarabine');
INSERT INTO surgery (id,date,patient_id,doctor_id) VALUES (86,'2019-12-16',485,355);
INSERT INTO meds_for_surgery (surgery_id,med) VALUES (86,'Etoposide');
INSERT INTO surgery (id,date,patient_id,doctor_id) VALUES (87,'2019-12-09',283,144);
INSERT INTO meds_for_surgery (surgery_id,med) VALUES (87,'Oxycodone');
INSERT INTO surgery (id,date,patient_id,doctor_id) VALUES (88,'2019-12-12',150,439);
INSERT INTO meds_for_surgery (surgery_id,med) VALUES (88,'Tacrolimus');
INSERT INTO surgery (id,date,patient_id,doctor_id) VALUES (89,'2019-11-30',483,479);
INSERT INTO meds_for_surgery (surgery_id,med) VALUES (89,'Phenobarbital');
INSERT INTO surgery (id,date,patient_id,doctor_id) VALUES (90,'2019-12-01',255,17);
INSERT INTO meds_for_surgery (surgery_id,med) VALUES (90,'Temozolomide');
INSERT INTO surgery (id,date,patient_id,doctor_id) VALUES (91,'2019-12-24',304,197);
INSERT INTO meds_for_surgery (surgery_id,med) VALUES (91,'Tacrolimus');
INSERT INTO surgery (id,date,patient_id,doctor_id) VALUES (92,'2019-11-30',241,358);
INSERT INTO meds_for_surgery (surgery_id,med) VALUES (92,'Labetalol');
INSERT INTO surgery (id,date,patient_id,doctor_id) VALUES (93,'2019-11-24',371,78);
INSERT INTO meds_for_surgery (surgery_id,med) VALUES (93,'Sucralfate');
INSERT INTO surgery (id,date,patient_id,doctor_id) VALUES (94,'2019-12-16',7,232);
INSERT INTO meds_for_surgery (surgery_id,med) VALUES (94,'Dasatinib');
INSERT INTO surgery (id,date,patient_id,doctor_id) VALUES (95,'2019-12-20',354,219);
INSERT INTO meds_for_surgery (surgery_id,med) VALUES (95,'Asparaginase');
INSERT INTO surgery (id,date,patient_id,doctor_id) VALUES (96,'2019-12-17',119,4);
INSERT INTO meds_for_surgery (surgery_id,med) VALUES (96,'Atenolol');
INSERT INTO surgery (id,date,patient_id,doctor_id) VALUES (97,'2019-11-25',111,268);
INSERT INTO meds_for_surgery (surgery_id,med) VALUES (97,'Phenobarbital');
INSERT INTO surgery (id,date,patient_id,doctor_id) VALUES (98,'2019-12-27',483,252);
INSERT INTO meds_for_surgery (surgery_id,med) VALUES (98,'Acyclovir');
INSERT INTO surgery (id,date,patient_id,doctor_id) VALUES (99,'2019-11-24',93,433);
INSERT INTO meds_for_surgery (surgery_id,med) VALUES (99,'Rivaroxaban');
INSERT INTO surgery (id,date,patient_id,doctor_id) VALUES (100,'2019-12-09',161,273);
INSERT INTO meds_for_surgery (surgery_id,med) VALUES (100,'Meloxicam');
INSERT INTO surgery (id,date,patient_id,doctor_id) VALUES (101,'2019-11-30',94,186);
INSERT INTO meds_for_surgery (surgery_id,med) VALUES (101,'Bortezomib');
INSERT INTO surgery (id,date,patient_id,doctor_id) VALUES (102,'2019-12-13',109,97);
INSERT INTO meds_for_surgery (surgery_id,med) VALUES (102,'Daunorubicin');
INSERT INTO surgery (id,date,patient_id,doctor_id) VALUES (103,'2019-12-05',371,467);
INSERT INTO meds_for_surgery (surgery_id,med) VALUES (103,'Pentamidine');
INSERT INTO surgery (id,date,patient_id,doctor_id) VALUES (104,'2019-12-04',130,391);
INSERT INTO meds_for_surgery (surgery_id,med) VALUES (104,'Erythromycin');
INSERT INTO surgery (id,date,patient_id,doctor_id) VALUES (105,'2019-11-27',240,310);
INSERT INTO meds_for_surgery (surgery_id,med) VALUES (105,'Sucralfate');
INSERT INTO surgery (id,date,patient_id,doctor_id) VALUES (106,'2019-11-28',117,479);
INSERT INTO meds_for_surgery (surgery_id,med) VALUES (106,'Eltrombopag');
INSERT INTO surgery (id,date,patient_id,doctor_id) VALUES (107,'2019-12-04',87,294);
INSERT INTO meds_for_surgery (surgery_id,med) VALUES (107,'Methotrexate');
INSERT INTO surgery (id,date,patient_id,doctor_id) VALUES (108,'2019-12-24',397,232);
INSERT INTO meds_for_surgery (surgery_id,med) VALUES (108,'PEGaspargase');
INSERT INTO surgery (id,date,patient_id,doctor_id) VALUES (109,'2019-12-04',255,469);
INSERT INTO meds_for_surgery (surgery_id,med) VALUES (109,'Cidofovir');
INSERT INTO surgery (id,date,patient_id,doctor_id) VALUES (110,'2019-11-27',404,149);
INSERT INTO meds_for_surgery (surgery_id,med) VALUES (110,'Rasburicase');
INSERT INTO surgery (id,date,patient_id,doctor_id) VALUES (111,'2019-12-11',240,355);
INSERT INTO meds_for_surgery (surgery_id,med) VALUES (111,'Cyclophosphamide');
INSERT INTO surgery (id,date,patient_id,doctor_id) VALUES (112,'2019-11-27',217,40);
INSERT INTO meds_for_surgery (surgery_id,med) VALUES (112,'Cefepime');
INSERT INTO surgery (id,date,patient_id,doctor_id) VALUES (113,'2019-12-27',289,442);
INSERT INTO meds_for_surgery (surgery_id,med) VALUES (113,'Trimethoprim');
INSERT INTO surgery (id,date,patient_id,doctor_id) VALUES (114,'2019-11-28',296,263);
INSERT INTO meds_for_surgery (surgery_id,med) VALUES (114,'Hydrocortisone');
INSERT INTO surgery (id,date,patient_id,doctor_id) VALUES (115,'2019-12-15',462,348);
INSERT INTO meds_for_surgery (surgery_id,med) VALUES (115,'Cyclobenzaprine');
INSERT INTO surgery (id,date,patient_id,doctor_id) VALUES (116,'2019-11-25',87,126);
INSERT INTO meds_for_surgery (surgery_id,med) VALUES (116,'Voriconazole');
INSERT INTO surgery (id,date,patient_id,doctor_id) VALUES (117,'2019-12-05',94,294);
INSERT INTO meds_for_surgery (surgery_id,med) VALUES (117,'Dacarbazine');
INSERT INTO surgery (id,date,patient_id,doctor_id) VALUES (118,'2019-11-27',430,388);
INSERT INTO meds_for_surgery (surgery_id,med) VALUES (118,'Rilpivirine');
INSERT INTO surgery (id,date,patient_id,doctor_id) VALUES (119,'2019-12-16',296,388);
INSERT INTO meds_for_surgery (surgery_id,med) VALUES (119,'Amikacin');
INSERT INTO surgery (id,date,patient_id,doctor_id) VALUES (120,'2019-12-06',385,273);
INSERT INTO meds_for_surgery (surgery_id,med) VALUES (120,'Tobramycin');
INSERT INTO surgery (id,date,patient_id,doctor_id) VALUES (121,'2019-12-23',61,439);
INSERT INTO meds_for_surgery (surgery_id,med) VALUES (121,'Cefixime');
INSERT INTO surgery (id,date,patient_id,doctor_id) VALUES (122,'2019-12-08',220,78);
INSERT INTO meds_for_surgery (surgery_id,med) VALUES (122,'Emtricitabine');
INSERT INTO surgery (id,date,patient_id,doctor_id) VALUES (123,'2019-12-17',458,40);
INSERT INTO meds_for_surgery (surgery_id,med) VALUES (123,'Nelfinavir');
INSERT INTO surgery (id,date,patient_id,doctor_id) VALUES (124,'2019-12-18',289,474);
INSERT INTO meds_for_surgery (surgery_id,med) VALUES (124,'Procarbazine');
INSERT INTO surgery (id,date,patient_id,doctor_id) VALUES (125,'2019-12-22',109,439);
INSERT INTO meds_for_surgery (surgery_id,med) VALUES (125,'Penicillin');
INSERT INTO surgery (id,date,patient_id,doctor_id) VALUES (126,'2019-12-13',58,54);
INSERT INTO meds_for_surgery (surgery_id,med) VALUES (126,'Nelfinavir');
INSERT INTO surgery (id,date,patient_id,doctor_id) VALUES (127,'2019-12-13',58,332);
INSERT INTO meds_for_surgery (surgery_id,med) VALUES (127,'Lorazepam');
INSERT INTO surgery (id,date,patient_id,doctor_id) VALUES (128,'2019-12-05',25,215);
INSERT INTO meds_for_surgery (surgery_id,med) VALUES (128,'Megestrol acetate');
INSERT INTO surgery (id,date,patient_id,doctor_id) VALUES (129,'2019-12-05',485,285);
INSERT INTO meds_for_surgery (surgery_id,med) VALUES (129,'Doxorubicin');
INSERT INTO surgery (id,date,patient_id,doctor_id) VALUES (130,'2019-12-23',223,433);
INSERT INTO meds_for_surgery (surgery_id,med) VALUES (130,'Didanosine');
INSERT INTO surgery (id,date,patient_id,doctor_id) VALUES (131,'2019-12-19',260,288);
INSERT INTO meds_for_surgery (surgery_id,med) VALUES (131,'Cyclosporine');
INSERT INTO surgery (id,date,patient_id,doctor_id) VALUES (132,'2019-12-16',432,120);
INSERT INTO meds_for_surgery (surgery_id,med) VALUES (132,'Gefitinib');
INSERT INTO surgery (id,date,patient_id,doctor_id) VALUES (133,'2019-12-14',7,379);
INSERT INTO meds_for_surgery (surgery_id,med) VALUES (133,'Lopinavir');
INSERT INTO surgery (id,date,patient_id,doctor_id) VALUES (134,'2019-12-21',110,405);
INSERT INTO meds_for_surgery (surgery_id,med) VALUES (134,'Cyclosporine');
INSERT INTO surgery (id,date,patient_id,doctor_id) VALUES (135,'2019-12-12',283,144);
INSERT INTO meds_for_surgery (surgery_id,med) VALUES (135,'Atazanavir');
INSERT INTO surgery (id,date,patient_id,doctor_id) VALUES (136,'2019-12-19',475,262);
INSERT INTO meds_for_surgery (surgery_id,med) VALUES (136,'Ranitidine');
INSERT INTO surgery (id,date,patient_id,doctor_id) VALUES (137,'2019-11-29',384,268);
INSERT INTO meds_for_surgery (surgery_id,med) VALUES (137,'Heparin');
INSERT INTO surgery (id,date,patient_id,doctor_id) VALUES (138,'2019-12-10',177,9);
INSERT INTO meds_for_surgery (surgery_id,med) VALUES (138,'Mercaptopurine');
INSERT INTO surgery (id,date,patient_id,doctor_id) VALUES (139,'2019-11-24',269,285);
INSERT INTO meds_for_surgery (surgery_id,med) VALUES (139,'GM-CSF');
INSERT INTO surgery (id,date,patient_id,doctor_id) VALUES (140,'2019-12-10',117,442);
INSERT INTO meds_for_surgery (surgery_id,med) VALUES (140,'Dactinomycin');
INSERT INTO surgery (id,date,patient_id,doctor_id) VALUES (141,'2019-11-29',208,325);
INSERT INTO meds_for_surgery (surgery_id,med) VALUES (141,'L-glutamine');
INSERT INTO surgery (id,date,patient_id,doctor_id) VALUES (142,'2019-11-27',287,40);
INSERT INTO meds_for_surgery (surgery_id,med) VALUES (142,'Daunorubicin');
INSERT INTO surgery (id,date,patient_id,doctor_id) VALUES (143,'2019-11-28',304,333);
INSERT INTO meds_for_surgery (surgery_id,med) VALUES (143,'Dornase alfa');
INSERT INTO surgery (id,date,patient_id,doctor_id) VALUES (144,'2019-12-08',339,210);
INSERT INTO meds_for_surgery (surgery_id,med) VALUES (144,'Mechlorethamine');
INSERT INTO surgery (id,date,patient_id,doctor_id) VALUES (145,'2019-12-22',304,62);
INSERT INTO meds_for_surgery (surgery_id,med) VALUES (145,'Lopinavir');
INSERT INTO surgery (id,date,patient_id,doctor_id) VALUES (146,'2019-11-24',94,219);
INSERT INTO meds_for_surgery (surgery_id,med) VALUES (146,'Promethazine');
INSERT INTO surgery (id,date,patient_id,doctor_id) VALUES (147,'2019-12-17',384,392);
INSERT INTO meds_for_surgery (surgery_id,med) VALUES (147,'Teniposide');
INSERT INTO surgery (id,date,patient_id,doctor_id) VALUES (148,'2019-11-28',478,54);
INSERT INTO meds_for_surgery (surgery_id,med) VALUES (148,'Dronabinol');
INSERT INTO surgery (id,date,patient_id,doctor_id) VALUES (149,'2019-12-18',491,126);
INSERT INTO meds_for_surgery (surgery_id,med) VALUES (149,'Rituximab');
INSERT INTO surgery (id,date,patient_id,doctor_id) VALUES (150,'2019-12-13',119,103);
INSERT INTO meds_for_surgery (surgery_id,med) VALUES (150,'Vinblastine');
INSERT INTO surgery (id,date,patient_id,doctor_id) VALUES (151,'2019-12-08',157,199);
INSERT INTO meds_for_surgery (surgery_id,med) VALUES (151,'Ifosfamide');
INSERT INTO surgery (id,date,patient_id,doctor_id) VALUES (152,'2019-11-26',217,126);
INSERT INTO meds_for_surgery (surgery_id,med) VALUES (152,'Propoxyphene');
INSERT INTO surgery (id,date,patient_id,doctor_id) VALUES (153,'2019-12-14',289,314);
INSERT INTO meds_for_surgery (surgery_id,med) VALUES (153,'Irinotecan');
INSERT INTO surgery (id,date,patient_id,doctor_id) VALUES (154,'2019-12-15',330,54);
INSERT INTO meds_for_surgery (surgery_id,med) VALUES (154,'Meperidine');
INSERT INTO surgery (id,date,patient_id,doctor_id) VALUES (155,'2019-12-09',37,250);
INSERT INTO meds_for_surgery (surgery_id,med) VALUES (155,'Propoxyphene');
INSERT INTO surgery (id,date,patient_id,doctor_id) VALUES (156,'2019-11-30',39,379);
INSERT INTO meds_for_surgery (surgery_id,med) VALUES (156,'Ganciclovir');
INSERT INTO surgery (id,date,patient_id,doctor_id) VALUES (157,'2019-12-19',246,219);
INSERT INTO meds_for_surgery (surgery_id,med) VALUES (157,'Oxycodone');
INSERT INTO surgery (id,date,patient_id,doctor_id) VALUES (158,'2019-12-26',130,178);
INSERT INTO meds_for_surgery (surgery_id,med) VALUES (158,'Micafungin');
INSERT INTO surgery (id,date,patient_id,doctor_id) VALUES (159,'2019-12-13',117,347);
INSERT INTO meds_for_surgery (surgery_id,med) VALUES (159,'Lorazepam');
INSERT INTO surgery (id,date,patient_id,doctor_id) VALUES (160,'2019-12-22',374,54);
INSERT INTO meds_for_surgery (surgery_id,med) VALUES (160,'Gemtuzumab');
INSERT INTO surgery (id,date,patient_id,doctor_id) VALUES (161,'2019-12-23',339,120);
INSERT INTO meds_for_surgery (surgery_id,med) VALUES (161,'Codeine');
INSERT INTO surgery (id,date,patient_id,doctor_id) VALUES (162,'2019-12-15',174,492);
INSERT INTO meds_for_surgery (surgery_id,med) VALUES (162,'Nelfinavir');
INSERT INTO surgery (id,date,patient_id,doctor_id) VALUES (163,'2019-11-28',32,41);
INSERT INTO meds_for_surgery (surgery_id,med) VALUES (163,'Captopril');
INSERT INTO surgery (id,date,patient_id,doctor_id) VALUES (164,'2019-12-01',278,57);
INSERT INTO meds_for_surgery (surgery_id,med) VALUES (164,'Aminocaproic Acid');
INSERT INTO surgery (id,date,patient_id,doctor_id) VALUES (165,'2019-11-29',220,370);
INSERT INTO meds_for_surgery (surgery_id,med) VALUES (165,'Atenolol');
INSERT INTO surgery (id,date,patient_id,doctor_id) VALUES (166,'2019-11-26',32,294);
INSERT INTO meds_for_surgery (surgery_id,med) VALUES (166,'Hydroxyurea');
INSERT INTO surgery (id,date,patient_id,doctor_id) VALUES (167,'2019-11-23',399,392);
INSERT INTO meds_for_surgery (surgery_id,med) VALUES (167,'Mitotane');
INSERT INTO surgery (id,date,patient_id,doctor_id) VALUES (168,'2019-12-10',444,467);
INSERT INTO meds_for_surgery (surgery_id,med) VALUES (168,'Erlotinib');
INSERT INTO surgery (id,date,patient_id,doctor_id) VALUES (169,'2019-12-22',92,115);
INSERT INTO meds_for_surgery (surgery_id,med) VALUES (169,'Clarithromycin');
INSERT INTO surgery (id,date,patient_id,doctor_id) VALUES (170,'2019-11-28',404,252);
INSERT INTO meds_for_surgery (surgery_id,med) VALUES (170,'Cefepime');
INSERT INTO surgery (id,date,patient_id,doctor_id) VALUES (171,'2019-12-02',385,323);
INSERT INTO meds_for_surgery (surgery_id,med) VALUES (171,'Codeine');
INSERT INTO surgery (id,date,patient_id,doctor_id) VALUES (172,'2019-12-15',175,355);
INSERT INTO meds_for_surgery (surgery_id,med) VALUES (172,'Raltegravir');
INSERT INTO surgery (id,date,patient_id,doctor_id) VALUES (173,'2019-12-20',260,358);
INSERT INTO meds_for_surgery (surgery_id,med) VALUES (173,'Thiotepa');
INSERT INTO surgery (id,date,patient_id,doctor_id) VALUES (174,'2019-12-06',157,310);
INSERT INTO meds_for_surgery (surgery_id,med) VALUES (174,'Levothyroxine');
INSERT INTO surgery (id,date,patient_id,doctor_id) VALUES (175,'2019-12-26',142,62);
INSERT INTO meds_for_surgery (surgery_id,med) VALUES (175,'Desmopressin');
INSERT INTO surgery (id,date,patient_id,doctor_id) VALUES (176,'2019-12-02',174,268);
INSERT INTO meds_for_surgery (surgery_id,med) VALUES (176,'Maraviroc');
INSERT INTO surgery (id,date,patient_id,doctor_id) VALUES (177,'2019-12-04',255,355);
INSERT INTO meds_for_surgery (surgery_id,med) VALUES (177,'Etravirine');
INSERT INTO surgery (id,date,patient_id,doctor_id) VALUES (178,'2019-11-30',278,215);
INSERT INTO meds_for_surgery (surgery_id,med) VALUES (178,'Thioguanine');
INSERT INTO surgery (id,date,patient_id,doctor_id) VALUES (179,'2019-12-04',429,219);
INSERT INTO meds_for_surgery (surgery_id,med) VALUES (179,'Clarithromycin');
INSERT INTO surgery (id,date,patient_id,doctor_id) VALUES (180,'2019-12-02',488,173);
INSERT INTO meds_for_surgery (surgery_id,med) VALUES (180,'G-CSF');
INSERT INTO surgery (id,date,patient_id,doctor_id) VALUES (181,'2019-12-17',283,197);
INSERT INTO meds_for_surgery (surgery_id,med) VALUES (181,'Cladribine');
INSERT INTO surgery (id,date,patient_id,doctor_id) VALUES (182,'2019-12-16',248,492);
INSERT INTO meds_for_surgery (surgery_id,med) VALUES (182,'Topotecan');
INSERT INTO surgery (id,date,patient_id,doctor_id) VALUES (183,'2019-12-12',414,186);
INSERT INTO meds_for_surgery (surgery_id,med) VALUES (183,'Muromonab');
INSERT INTO surgery (id,date,patient_id,doctor_id) VALUES (184,'2019-12-03',174,401);
INSERT INTO meds_for_surgery (surgery_id,med) VALUES (184,'PEGaspargase');
INSERT INTO surgery (id,date,patient_id,doctor_id) VALUES (185,'2019-12-06',110,74);
INSERT INTO meds_for_surgery (surgery_id,med) VALUES (185,'Desmopressin');
INSERT INTO surgery (id,date,patient_id,doctor_id) VALUES (186,'2019-11-30',471,358);
INSERT INTO meds_for_surgery (surgery_id,med) VALUES (186,'Clarithromycin');
INSERT INTO surgery (id,date,patient_id,doctor_id) VALUES (187,'2019-11-25',246,355);
INSERT INTO meds_for_surgery (surgery_id,med) VALUES (187,'Didanosine');
INSERT INTO surgery (id,date,patient_id,doctor_id) VALUES (188,'2019-12-11',451,115);
INSERT INTO meds_for_surgery (surgery_id,med) VALUES (188,'Ketoconazole');
INSERT INTO surgery (id,date,patient_id,doctor_id) VALUES (189,'2019-12-13',489,9);
INSERT INTO meds_for_surgery (surgery_id,med) VALUES (189,'Phosphorus');
INSERT INTO surgery (id,date,patient_id,doctor_id) VALUES (190,'2019-12-03',177,171);
INSERT INTO meds_for_surgery (surgery_id,med) VALUES (190,'Meloxicam');
INSERT INTO surgery (id,date,patient_id,doctor_id) VALUES (191,'2019-12-21',458,355);
INSERT INTO meds_for_surgery (surgery_id,med) VALUES (191,'Mitoxantrone');
INSERT INTO surgery (id,date,patient_id,doctor_id) VALUES (192,'2019-12-08',458,492);
INSERT INTO meds_for_surgery (surgery_id,med) VALUES (192,'Pentamidine');
INSERT INTO surgery (id,date,patient_id,doctor_id) VALUES (193,'2019-12-21',360,273);
INSERT INTO meds_for_surgery (surgery_id,med) VALUES (193,'Meloxicam');
INSERT INTO surgery (id,date,patient_id,doctor_id) VALUES (194,'2019-12-03',58,314);
INSERT INTO meds_for_surgery (surgery_id,med) VALUES (194,'Hydrocortisone');
INSERT INTO surgery (id,date,patient_id,doctor_id) VALUES (195,'2019-12-03',296,433);
INSERT INTO meds_for_surgery (surgery_id,med) VALUES (195,'Leucovorin');
INSERT INTO surgery (id,date,patient_id,doctor_id) VALUES (196,'2019-12-27',88,492);
INSERT INTO meds_for_surgery (surgery_id,med) VALUES (196,'PEGaspargase');
INSERT INTO surgery (id,date,patient_id,doctor_id) VALUES (197,'2019-12-04',432,229);
INSERT INTO meds_for_surgery (surgery_id,med) VALUES (197,'Cefaclor');
INSERT INTO surgery (id,date,patient_id,doctor_id) VALUES (198,'2019-12-02',223,472);
INSERT INTO meds_for_surgery (surgery_id,med) VALUES (198,'Atazanavir');
INSERT INTO surgery (id,date,patient_id,doctor_id) VALUES (199,'2019-12-01',413,74);
INSERT INTO meds_for_surgery (surgery_id,med) VALUES (199,'Clofarabine');
INSERT INTO surgery (id,date,patient_id,doctor_id) VALUES (200,'2019-12-04',489,347);
INSERT INTO meds_for_surgery (surgery_id,med) VALUES (200,'Codeine');
INSERT INTO surgery (id,date,patient_id,doctor_id) VALUES (201,'2019-12-20',32,136);
INSERT INTO meds_for_surgery (surgery_id,med) VALUES (201,'Allopurinol');
INSERT INTO surgery (id,date,patient_id,doctor_id) VALUES (202,'2019-11-25',87,447);
INSERT INTO meds_for_surgery (surgery_id,med) VALUES (202,'Alendronate');
INSERT INTO surgery (id,date,patient_id,doctor_id) VALUES (203,'2019-12-04',93,310);
INSERT INTO meds_for_surgery (surgery_id,med) VALUES (203,'Foscarnet');
INSERT INTO surgery (id,date,patient_id,doctor_id) VALUES (204,'2019-12-19',489,333);
INSERT INTO meds_for_surgery (surgery_id,med) VALUES (204,'Topotecan');
INSERT INTO surgery (id,date,patient_id,doctor_id) VALUES (205,'2019-12-03',389,312);
INSERT INTO meds_for_surgery (surgery_id,med) VALUES (205,'Immune');
INSERT INTO surgery (id,date,patient_id,doctor_id) VALUES (206,'2019-12-19',5,442);
INSERT INTO meds_for_surgery (surgery_id,med) VALUES (206,'Atovaquone');
INSERT INTO surgery (id,date,patient_id,doctor_id) VALUES (207,'2019-12-05',457,405);
INSERT INTO meds_for_surgery (surgery_id,med) VALUES (207,'Cefixime');
INSERT INTO surgery (id,date,patient_id,doctor_id) VALUES (208,'2019-12-13',157,392);
INSERT INTO meds_for_surgery (surgery_id,med) VALUES (208,'Clindamycin');
INSERT INTO surgery (id,date,patient_id,doctor_id) VALUES (209,'2019-12-26',371,492);
INSERT INTO meds_for_surgery (surgery_id,med) VALUES (209,'Stavudine');
INSERT INTO surgery (id,date,patient_id,doctor_id) VALUES (210,'2019-11-26',499,66);
INSERT INTO meds_for_surgery (surgery_id,med) VALUES (210,'Bleomycin');
INSERT INTO surgery (id,date,patient_id,doctor_id) VALUES (211,'2019-12-20',496,439);
INSERT INTO meds_for_surgery (surgery_id,med) VALUES (211,'Mechlorethamine');
INSERT INTO surgery (id,date,patient_id,doctor_id) VALUES (212,'2019-12-11',37,438);
INSERT INTO meds_for_surgery (surgery_id,med) VALUES (212,'Saquinavir');
INSERT INTO surgery (id,date,patient_id,doctor_id) VALUES (213,'2019-12-26',414,178);
INSERT INTO meds_for_surgery (surgery_id,med) VALUES (213,'Etravirine');
INSERT INTO surgery (id,date,patient_id,doctor_id) VALUES (214,'2019-11-28',94,173);
INSERT INTO meds_for_surgery (surgery_id,med) VALUES (214,'Probenecid');
INSERT INTO surgery (id,date,patient_id,doctor_id) VALUES (215,'2019-12-12',458,97);
INSERT INTO meds_for_surgery (surgery_id,med) VALUES (215,'Muromonab');
INSERT INTO surgery (id,date,patient_id,doctor_id) VALUES (216,'2019-12-06',346,78);
INSERT INTO meds_for_surgery (surgery_id,med) VALUES (216,'Oxycodone');
INSERT INTO surgery (id,date,patient_id,doctor_id) VALUES (217,'2019-12-09',7,252);
INSERT INTO meds_for_surgery (surgery_id,med) VALUES (217,'Probenecid');
INSERT INTO surgery (id,date,patient_id,doctor_id) VALUES (218,'2019-12-06',444,219);
INSERT INTO meds_for_surgery (surgery_id,med) VALUES (218,'Leucovorin');
INSERT INTO surgery (id,date,patient_id,doctor_id) VALUES (219,'2019-12-05',478,252);
INSERT INTO meds_for_surgery (surgery_id,med) VALUES (219,'Rituximab');
INSERT INTO surgery (id,date,patient_id,doctor_id) VALUES (220,'2019-12-11',451,447);
INSERT INTO meds_for_surgery (surgery_id,med) VALUES (220,'Carmustine');
INSERT INTO surgery (id,date,patient_id,doctor_id) VALUES (221,'2019-12-16',289,348);
INSERT INTO meds_for_surgery (surgery_id,med) VALUES (221,'Tacrolimus');
INSERT INTO surgery (id,date,patient_id,doctor_id) VALUES (222,'2019-12-15',339,474);
INSERT INTO meds_for_surgery (surgery_id,med) VALUES (222,'Fluconazole');
INSERT INTO surgery (id,date,patient_id,doctor_id) VALUES (223,'2019-12-22',429,433);
INSERT INTO meds_for_surgery (surgery_id,med) VALUES (223,'Saquinavir');
INSERT INTO surgery (id,date,patient_id,doctor_id) VALUES (224,'2019-11-23',172,392);
INSERT INTO meds_for_surgery (surgery_id,med) VALUES (224,'Tacrolimus');
INSERT INTO surgery (id,date,patient_id,doctor_id) VALUES (225,'2019-12-19',354,57);
INSERT INTO meds_for_surgery (surgery_id,med) VALUES (225,'Paclitaxel');
INSERT INTO surgery (id,date,patient_id,doctor_id) VALUES (226,'2019-12-17',304,263);
INSERT INTO meds_for_surgery (surgery_id,med) VALUES (226,'Sunitinib');
INSERT INTO surgery (id,date,patient_id,doctor_id) VALUES (227,'2019-12-22',168,229);
INSERT INTO meds_for_surgery (surgery_id,med) VALUES (227,'Erythropoietin');
INSERT INTO surgery (id,date,patient_id,doctor_id) VALUES (228,'2019-12-06',241,215);
INSERT INTO meds_for_surgery (surgery_id,med) VALUES (228,'Zidovudine');
INSERT INTO surgery (id,date,patient_id,doctor_id) VALUES (229,'2019-12-02',7,392);
INSERT INTO meds_for_surgery (surgery_id,med) VALUES (229,'Cefepime');
INSERT INTO surgery (id,date,patient_id,doctor_id) VALUES (230,'2019-12-13',93,492);
INSERT INTO meds_for_surgery (surgery_id,med) VALUES (230,'Erythropoietin');
INSERT INTO surgery (id,date,patient_id,doctor_id) VALUES (231,'2019-12-11',21,391);
INSERT INTO meds_for_surgery (surgery_id,med) VALUES (231,'Azithromycin');
INSERT INTO surgery (id,date,patient_id,doctor_id) VALUES (232,'2019-11-27',475,57);
INSERT INTO meds_for_surgery (surgery_id,med) VALUES (232,'Lopinavir');
INSERT INTO surgery (id,date,patient_id,doctor_id) VALUES (233,'2019-12-19',339,314);
INSERT INTO meds_for_surgery (surgery_id,med) VALUES (233,'Cidofovir');
INSERT INTO surgery (id,date,patient_id,doctor_id) VALUES (234,'2019-12-09',371,173);
INSERT INTO meds_for_surgery (surgery_id,med) VALUES (234,'Amikacin');
INSERT INTO surgery (id,date,patient_id,doctor_id) VALUES (235,'2019-12-15',174,370);
INSERT INTO meds_for_surgery (surgery_id,med) VALUES (235,'Amitriptyline');
INSERT INTO surgery (id,date,patient_id,doctor_id) VALUES (236,'2019-12-26',491,47);
INSERT INTO meds_for_surgery (surgery_id,med) VALUES (236,'Gefitinib');
INSERT INTO surgery (id,date,patient_id,doctor_id) VALUES (237,'2019-12-19',415,479);
INSERT INTO meds_for_surgery (surgery_id,med) VALUES (237,'Interleukin');
INSERT INTO surgery (id,date,patient_id,doctor_id) VALUES (238,'2019-12-01',37,366);
INSERT INTO meds_for_surgery (surgery_id,med) VALUES (238,'Dobutamine');
INSERT INTO surgery (id,date,patient_id,doctor_id) VALUES (239,'2019-12-17',458,144);
INSERT INTO meds_for_surgery (surgery_id,med) VALUES (239,'Ifosfamide');
INSERT INTO surgery (id,date,patient_id,doctor_id) VALUES (240,'2019-12-08',491,285);
INSERT INTO meds_for_surgery (surgery_id,med) VALUES (240,'Sunitinib');
INSERT INTO surgery (id,date,patient_id,doctor_id) VALUES (241,'2019-11-27',278,252);
INSERT INTO meds_for_surgery (surgery_id,med) VALUES (241,'Rivaroxaban');
INSERT INTO surgery (id,date,patient_id,doctor_id) VALUES (242,'2019-12-08',290,332);
INSERT INTO meds_for_surgery (surgery_id,med) VALUES (242,'Meperidine');
INSERT INTO surgery (id,date,patient_id,doctor_id) VALUES (243,'2019-11-29',264,186);
INSERT INTO meds_for_surgery (surgery_id,med) VALUES (243,'Ganciclovir');
INSERT INTO surgery (id,date,patient_id,doctor_id) VALUES (244,'2019-11-24',384,469);
INSERT INTO meds_for_surgery (surgery_id,med) VALUES (244,'Erythropoietin');
INSERT INTO surgery (id,date,patient_id,doctor_id) VALUES (245,'2019-12-19',142,439);
INSERT INTO meds_for_surgery (surgery_id,med) VALUES (245,'Granisetron');
INSERT INTO surgery (id,date,patient_id,doctor_id) VALUES (246,'2019-12-17',76,232);
INSERT INTO meds_for_surgery (surgery_id,med) VALUES (246,'Levothyroxine');
INSERT INTO surgery (id,date,patient_id,doctor_id) VALUES (247,'2019-11-24',498,391);
INSERT INTO meds_for_surgery (surgery_id,med) VALUES (247,'Dexamethasone');
INSERT INTO surgery (id,date,patient_id,doctor_id) VALUES (248,'2019-11-30',142,120);
INSERT INTO meds_for_surgery (surgery_id,med) VALUES (248,'Tenofovir');
INSERT INTO surgery (id,date,patient_id,doctor_id) VALUES (249,'2019-12-07',483,333);
INSERT INTO meds_for_surgery (surgery_id,med) VALUES (249,'Cyclobenzaprine');
INSERT INTO surgery (id,date,patient_id,doctor_id) VALUES (250,'2019-11-25',240,66);
INSERT INTO meds_for_surgery (surgery_id,med) VALUES (250,'Mitotane');
INSERT INTO surgery (id,date,patient_id,doctor_id) VALUES (251,'2019-12-22',58,210);
INSERT INTO meds_for_surgery (surgery_id,med) VALUES (251,'Interferon');
INSERT INTO surgery (id,date,patient_id,doctor_id) VALUES (252,'2019-12-08',430,447);
INSERT INTO meds_for_surgery (surgery_id,med) VALUES (252,'Cyclobenzaprine');
INSERT INTO surgery (id,date,patient_id,doctor_id) VALUES (253,'2019-12-01',92,229);
INSERT INTO meds_for_surgery (surgery_id,med) VALUES (253,'Fluconazole');
INSERT INTO surgery (id,date,patient_id,doctor_id) VALUES (254,'2019-12-10',7,47);
INSERT INTO meds_for_surgery (surgery_id,med) VALUES (254,'Elvitegravir');
INSERT INTO surgery (id,date,patient_id,doctor_id) VALUES (255,'2019-12-21',374,285);
INSERT INTO meds_for_surgery (surgery_id,med) VALUES (255,'Promethazine');
INSERT INTO surgery (id,date,patient_id,doctor_id) VALUES (256,'2019-12-22',208,219);
INSERT INTO meds_for_surgery (surgery_id,med) VALUES (256,'Clofarabine');
INSERT INTO surgery (id,date,patient_id,doctor_id) VALUES (257,'2019-12-07',404,210);
INSERT INTO meds_for_surgery (surgery_id,med) VALUES (257,'Ritonavir');
INSERT INTO surgery (id,date,patient_id,doctor_id) VALUES (258,'2019-11-26',462,358);
INSERT INTO meds_for_surgery (surgery_id,med) VALUES (258,'Lopinavir');
INSERT INTO surgery (id,date,patient_id,doctor_id) VALUES (259,'2019-12-10',60,474);
INSERT INTO meds_for_surgery (surgery_id,med) VALUES (259,'Hydralazine');
INSERT INTO surgery (id,date,patient_id,doctor_id) VALUES (260,'2019-12-25',385,78);
INSERT INTO meds_for_surgery (surgery_id,med) VALUES (260,'Interleukin');
INSERT INTO surgery (id,date,patient_id,doctor_id) VALUES (261,'2019-11-23',346,54);
INSERT INTO meds_for_surgery (surgery_id,med) VALUES (261,'Mycophenolate');
INSERT INTO surgery (id,date,patient_id,doctor_id) VALUES (262,'2019-12-14',92,439);
INSERT INTO meds_for_surgery (surgery_id,med) VALUES (262,'Clarithromycin');
INSERT INTO surgery (id,date,patient_id,doctor_id) VALUES (263,'2019-12-10',248,120);
INSERT INTO meds_for_surgery (surgery_id,med) VALUES (263,'Rilpivirine');
INSERT INTO surgery (id,date,patient_id,doctor_id) VALUES (264,'2019-12-14',76,492);
INSERT INTO meds_for_surgery (surgery_id,med) VALUES (264,'Megestrol acetate');
INSERT INTO surgery (id,date,patient_id,doctor_id) VALUES (265,'2019-11-25',111,115);
INSERT INTO meds_for_surgery (surgery_id,med) VALUES (265,'Desmopressin');
INSERT INTO surgery (id,date,patient_id,doctor_id) VALUES (266,'2019-12-15',371,347);
INSERT INTO meds_for_surgery (surgery_id,med) VALUES (266,'Hydroxyurea');
INSERT INTO surgery (id,date,patient_id,doctor_id) VALUES (267,'2019-12-27',32,171);
INSERT INTO meds_for_surgery (surgery_id,med) VALUES (267,'Fludarabine');
INSERT INTO surgery (id,date,patient_id,doctor_id) VALUES (268,'2019-12-14',223,4);
INSERT INTO meds_for_surgery (surgery_id,med) VALUES (268,'Etonogestrel');
INSERT INTO surgery (id,date,patient_id,doctor_id) VALUES (269,'2019-12-12',21,215);
INSERT INTO meds_for_surgery (surgery_id,med) VALUES (269,'Dasatinib');
INSERT INTO surgery (id,date,patient_id,doctor_id) VALUES (270,'2019-11-27',414,40);
INSERT INTO meds_for_surgery (surgery_id,med) VALUES (270,'Celecoxib');
INSERT INTO surgery (id,date,patient_id,doctor_id) VALUES (271,'2019-12-17',404,325);
INSERT INTO meds_for_surgery (surgery_id,med) VALUES (271,'Oxycodone');
INSERT INTO surgery (id,date,patient_id,doctor_id) VALUES (272,'2019-12-08',223,285);
INSERT INTO meds_for_surgery (surgery_id,med) VALUES (272,'Etravirine');
INSERT INTO surgery (id,date,patient_id,doctor_id) VALUES (273,'2019-12-24',248,358);
INSERT INTO meds_for_surgery (surgery_id,med) VALUES (273,'Cisplatin');
INSERT INTO surgery (id,date,patient_id,doctor_id) VALUES (274,'2019-11-24',498,472);
INSERT INTO meds_for_surgery (surgery_id,med) VALUES (274,'Tacrolimus');
INSERT INTO surgery (id,date,patient_id,doctor_id) VALUES (275,'2019-12-02',289,405);
INSERT INTO meds_for_surgery (surgery_id,med) VALUES (275,'Erythropoietin');
INSERT INTO surgery (id,date,patient_id,doctor_id) VALUES (276,'2019-12-22',156,152);
INSERT INTO meds_for_surgery (surgery_id,med) VALUES (276,'Topotecan');
INSERT INTO surgery (id,date,patient_id,doctor_id) VALUES (277,'2019-12-18',371,401);
INSERT INTO meds_for_surgery (surgery_id,med) VALUES (277,'Morphine');
INSERT INTO surgery (id,date,patient_id,doctor_id) VALUES (278,'2019-12-24',100,47);
INSERT INTO meds_for_surgery (surgery_id,med) VALUES (278,'Trimethoprim');
INSERT INTO surgery (id,date,patient_id,doctor_id) VALUES (279,'2019-11-26',458,273);
INSERT INTO meds_for_surgery (surgery_id,med) VALUES (279,'Cisplatin');
INSERT INTO surgery (id,date,patient_id,doctor_id) VALUES (280,'2019-12-21',387,186);
INSERT INTO meds_for_surgery (surgery_id,med) VALUES (280,'Diclofenac');
INSERT INTO surgery (id,date,patient_id,doctor_id) VALUES (281,'2019-11-25',426,405);
INSERT INTO meds_for_surgery (surgery_id,med) VALUES (281,'Warfarin');
INSERT INTO surgery (id,date,patient_id,doctor_id) VALUES (282,'2019-11-26',290,436);
INSERT INTO meds_for_surgery (surgery_id,med) VALUES (282,'Micafungin');
INSERT INTO surgery (id,date,patient_id,doctor_id) VALUES (283,'2019-11-24',60,285);
INSERT INTO meds_for_surgery (surgery_id,med) VALUES (283,'Dasatinib');
INSERT INTO surgery (id,date,patient_id,doctor_id) VALUES (284,'2019-12-26',119,41);
INSERT INTO meds_for_surgery (surgery_id,med) VALUES (284,'Ritonavir');
INSERT INTO surgery (id,date,patient_id,doctor_id) VALUES (285,'2019-12-07',157,325);
INSERT INTO meds_for_surgery (surgery_id,med) VALUES (285,'Gefitinib');
INSERT INTO surgery (id,date,patient_id,doctor_id) VALUES (286,'2019-12-05',432,309);
INSERT INTO meds_for_surgery (surgery_id,med) VALUES (286,'Cyclosporine');
INSERT INTO surgery (id,date,patient_id,doctor_id) VALUES (287,'2019-12-19',130,325);
INSERT INTO meds_for_surgery (surgery_id,med) VALUES (287,'Etoposide');
INSERT INTO surgery (id,date,patient_id,doctor_id) VALUES (288,'2019-11-29',330,152);
INSERT INTO meds_for_surgery (surgery_id,med) VALUES (288,'Posaconazole');
INSERT INTO surgery (id,date,patient_id,doctor_id) VALUES (289,'2019-12-01',264,273);
INSERT INTO meds_for_surgery (surgery_id,med) VALUES (289,'Dapsone');
INSERT INTO surgery (id,date,patient_id,doctor_id) VALUES (290,'2019-12-02',330,199);
INSERT INTO meds_for_surgery (surgery_id,med) VALUES (290,'Amoxicillin');
INSERT INTO surgery (id,date,patient_id,doctor_id) VALUES (291,'2019-12-26',296,355);
INSERT INTO meds_for_surgery (surgery_id,med) VALUES (291,'Ruxolitinib');
INSERT INTO surgery (id,date,patient_id,doctor_id) VALUES (292,'2019-12-05',111,358);
INSERT INTO meds_for_surgery (surgery_id,med) VALUES (292,'Amikacin');
INSERT INTO surgery (id,date,patient_id,doctor_id) VALUES (293,'2019-12-01',172,149);
INSERT INTO meds_for_surgery (surgery_id,med) VALUES (293,'PEGaspargase');
INSERT INTO surgery (id,date,patient_id,doctor_id) VALUES (294,'2019-12-02',111,358);
INSERT INTO meds_for_surgery (surgery_id,med) VALUES (294,'Cladribine');
INSERT INTO surgery (id,date,patient_id,doctor_id) VALUES (295,'2019-12-12',429,262);
INSERT INTO meds_for_surgery (surgery_id,med) VALUES (295,'Levothyroxine');
INSERT INTO surgery (id,date,patient_id,doctor_id) VALUES (296,'2019-11-23',223,186);
INSERT INTO meds_for_surgery (surgery_id,med) VALUES (296,'Carboplatin');
INSERT INTO surgery (id,date,patient_id,doctor_id) VALUES (297,'2019-11-29',290,252);
INSERT INTO meds_for_surgery (surgery_id,med) VALUES (297,'Clarithromycin');
INSERT INTO surgery (id,date,patient_id,doctor_id) VALUES (298,'2019-12-24',498,186);
INSERT INTO meds_for_surgery (surgery_id,med) VALUES (298,'Propoxyphene');
INSERT INTO surgery (id,date,patient_id,doctor_id) VALUES (299,'2019-12-01',413,268);
INSERT INTO meds_for_surgery (surgery_id,med) VALUES (299,'Busulfan');
INSERT INTO surgery (id,date,patient_id,doctor_id) VALUES (300,'2019-12-05',471,366);
INSERT INTO meds_for_surgery (surgery_id,med) VALUES (300,'Omeprazole');
INSERT INTO surgery (id,date,patient_id,doctor_id) VALUES (301,'2019-12-18',327,263);
INSERT INTO meds_for_surgery (surgery_id,med) VALUES (301,'Fluorouracil');
INSERT INTO surgery (id,date,patient_id,doctor_id) VALUES (302,'2019-11-24',150,325);
INSERT INTO meds_for_surgery (surgery_id,med) VALUES (302,'Meperidine');
INSERT INTO surgery (id,date,patient_id,doctor_id) VALUES (303,'2019-11-24',457,4);
INSERT INTO meds_for_surgery (surgery_id,med) VALUES (303,'Tenofovir');
INSERT INTO surgery (id,date,patient_id,doctor_id) VALUES (304,'2019-11-27',240,388);
INSERT INTO meds_for_surgery (surgery_id,med) VALUES (304,'GM-CSF');
INSERT INTO surgery (id,date,patient_id,doctor_id) VALUES (305,'2019-12-18',88,47);
INSERT INTO meds_for_surgery (surgery_id,med) VALUES (305,'Atazanavir');
INSERT INTO surgery (id,date,patient_id,doctor_id) VALUES (306,'2019-12-01',92,355);
INSERT INTO meds_for_surgery (surgery_id,med) VALUES (306,'Alemtuzumab');
INSERT INTO surgery (id,date,patient_id,doctor_id) VALUES (307,'2019-12-12',471,97);
INSERT INTO meds_for_surgery (surgery_id,med) VALUES (307,'L-glutamine');
INSERT INTO surgery (id,date,patient_id,doctor_id) VALUES (308,'2019-12-08',354,391);
INSERT INTO meds_for_surgery (surgery_id,med) VALUES (308,'Granisetron');
INSERT INTO surgery (id,date,patient_id,doctor_id) VALUES (309,'2019-12-13',499,152);
INSERT INTO meds_for_surgery (surgery_id,med) VALUES (309,'Lomustine');
INSERT INTO surgery (id,date,patient_id,doctor_id) VALUES (310,'2019-12-09',264,78);
INSERT INTO meds_for_surgery (surgery_id,med) VALUES (310,'Muromonab');
INSERT INTO surgery (id,date,patient_id,doctor_id) VALUES (311,'2019-12-03',458,294);
INSERT INTO meds_for_surgery (surgery_id,med) VALUES (311,'Cyclophosphamide');
INSERT INTO surgery (id,date,patient_id,doctor_id) VALUES (312,'2019-12-15',7,4);
INSERT INTO meds_for_surgery (surgery_id,med) VALUES (312,'Muromonab');
INSERT INTO surgery (id,date,patient_id,doctor_id) VALUES (313,'2019-11-30',172,438);
INSERT INTO meds_for_surgery (surgery_id,med) VALUES (313,'Vincristine');
INSERT INTO surgery (id,date,patient_id,doctor_id) VALUES (314,'2019-11-27',475,54);
INSERT INTO meds_for_surgery (surgery_id,med) VALUES (314,'Aminocaproic Acid');
INSERT INTO surgery (id,date,patient_id,doctor_id) VALUES (315,'2019-12-23',457,173);
INSERT INTO meds_for_surgery (surgery_id,med) VALUES (315,'Potassium');
INSERT INTO surgery (id,date,patient_id,doctor_id) VALUES (316,'2019-12-19',92,288);
INSERT INTO meds_for_surgery (surgery_id,med) VALUES (316,'Sunitinib');
INSERT INTO surgery (id,date,patient_id,doctor_id) VALUES (317,'2019-12-03',7,97);
INSERT INTO meds_for_surgery (surgery_id,med) VALUES (317,'Emtricitabine');
INSERT INTO surgery (id,date,patient_id,doctor_id) VALUES (318,'2019-12-24',296,17);
INSERT INTO meds_for_surgery (surgery_id,med) VALUES (318,'Cyproheptadine');
INSERT INTO surgery (id,date,patient_id,doctor_id) VALUES (319,'2019-12-19',471,263);
INSERT INTO meds_for_surgery (surgery_id,med) VALUES (319,'Atenolol');
INSERT INTO surgery (id,date,patient_id,doctor_id) VALUES (320,'2019-12-02',220,405);
INSERT INTO meds_for_surgery (surgery_id,med) VALUES (320,'Cytarabine');
INSERT INTO surgery (id,date,patient_id,doctor_id) VALUES (321,'2019-12-12',371,215);
INSERT INTO meds_for_surgery (surgery_id,med) VALUES (321,'Famciclovir');
INSERT INTO surgery (id,date,patient_id,doctor_id) VALUES (322,'2019-11-23',227,138);
INSERT INTO meds_for_surgery (surgery_id,med) VALUES (322,'Trimethoprim');
INSERT INTO surgery (id,date,patient_id,doctor_id) VALUES (323,'2019-12-07',429,439);
INSERT INTO meds_for_surgery (surgery_id,med) VALUES (323,'Micafungin');
INSERT INTO surgery (id,date,patient_id,doctor_id) VALUES (324,'2019-12-08',175,210);
INSERT INTO meds_for_surgery (surgery_id,med) VALUES (324,'Carboplatin');
INSERT INTO surgery (id,date,patient_id,doctor_id) VALUES (325,'2019-12-18',168,348);
INSERT INTO meds_for_surgery (surgery_id,med) VALUES (325,'Ganciclovir');
INSERT INTO surgery (id,date,patient_id,doctor_id) VALUES (326,'2019-12-02',109,171);
INSERT INTO meds_for_surgery (surgery_id,med) VALUES (326,'Posaconazole');
INSERT INTO surgery (id,date,patient_id,doctor_id) VALUES (327,'2019-11-29',142,126);
INSERT INTO meds_for_surgery (surgery_id,med) VALUES (327,'Sugammadex');
INSERT INTO surgery (id,date,patient_id,doctor_id) VALUES (328,'2019-12-05',426,103);
INSERT INTO meds_for_surgery (surgery_id,med) VALUES (328,'Modafinil');
INSERT INTO surgery (id,date,patient_id,doctor_id) VALUES (329,'2019-12-20',475,442);
INSERT INTO meds_for_surgery (surgery_id,med) VALUES (329,'Nelarabine');
INSERT INTO surgery (id,date,patient_id,doctor_id) VALUES (330,'2019-12-08',496,268);
INSERT INTO meds_for_surgery (surgery_id,med) VALUES (330,'Calcium');
INSERT INTO surgery (id,date,patient_id,doctor_id) VALUES (331,'2019-11-27',374,9);
INSERT INTO meds_for_surgery (surgery_id,med) VALUES (331,'Carboplatin');
INSERT INTO surgery (id,date,patient_id,doctor_id) VALUES (332,'2019-12-21',168,355);
INSERT INTO meds_for_surgery (surgery_id,med) VALUES (332,'Nelfinavir');
INSERT INTO surgery (id,date,patient_id,doctor_id) VALUES (333,'2019-12-13',304,436);
INSERT INTO meds_for_surgery (surgery_id,med) VALUES (333,'Darunavir');
INSERT INTO surgery (id,date,patient_id,doctor_id) VALUES (334,'2019-12-09',429,433);
INSERT INTO meds_for_surgery (surgery_id,med) VALUES (334,'Desmopressin');
INSERT INTO surgery (id,date,patient_id,doctor_id) VALUES (335,'2019-12-15',260,152);
INSERT INTO meds_for_surgery (surgery_id,med) VALUES (335,'Vorinostat');
INSERT INTO surgery (id,date,patient_id,doctor_id) VALUES (336,'2019-11-30',290,17);
INSERT INTO meds_for_surgery (surgery_id,med) VALUES (336,'Famciclovir');
INSERT INTO surgery (id,date,patient_id,doctor_id) VALUES (337,'2019-12-16',94,347);
INSERT INTO meds_for_surgery (surgery_id,med) VALUES (337,'Immune');
INSERT INTO surgery (id,date,patient_id,doctor_id) VALUES (338,'2019-11-23',397,41);
INSERT INTO meds_for_surgery (surgery_id,med) VALUES (338,'Tretinoin');
INSERT INTO surgery (id,date,patient_id,doctor_id) VALUES (339,'2019-12-14',248,439);
INSERT INTO meds_for_surgery (surgery_id,med) VALUES (339,'Imipenem');
INSERT INTO surgery (id,date,patient_id,doctor_id) VALUES (340,'2019-12-21',471,310);
INSERT INTO meds_for_surgery (surgery_id,med) VALUES (340,'Magnesium');
INSERT INTO surgery (id,date,patient_id,doctor_id) VALUES (341,'2019-11-23',5,325);
INSERT INTO meds_for_surgery (surgery_id,med) VALUES (341,'Oxycodone');
INSERT INTO surgery (id,date,patient_id,doctor_id) VALUES (342,'2019-11-25',385,405);
INSERT INTO meds_for_surgery (surgery_id,med) VALUES (342,'Thioguanine');
INSERT INTO surgery (id,date,patient_id,doctor_id) VALUES (343,'2019-12-16',489,358);
INSERT INTO meds_for_surgery (surgery_id,med) VALUES (343,'Posaconazole');
INSERT INTO surgery (id,date,patient_id,doctor_id) VALUES (344,'2019-11-24',462,347);
INSERT INTO meds_for_surgery (surgery_id,med) VALUES (344,'Emtricitabine');
INSERT INTO surgery (id,date,patient_id,doctor_id) VALUES (345,'2019-11-25',346,379);
INSERT INTO meds_for_surgery (surgery_id,med) VALUES (345,'Vinblastine');
INSERT INTO surgery (id,date,patient_id,doctor_id) VALUES (346,'2019-12-25',264,469);
INSERT INTO meds_for_surgery (surgery_id,med) VALUES (346,'Isotretinoin');
INSERT INTO surgery (id,date,patient_id,doctor_id) VALUES (347,'2019-12-21',238,492);
INSERT INTO meds_for_surgery (surgery_id,med) VALUES (347,'Ruxolitinib');
INSERT INTO surgery (id,date,patient_id,doctor_id) VALUES (348,'2019-12-25',404,152);
INSERT INTO meds_for_surgery (surgery_id,med) VALUES (348,'Codeine');
INSERT INTO surgery (id,date,patient_id,doctor_id) VALUES (349,'2019-12-20',255,97);
INSERT INTO meds_for_surgery (surgery_id,med) VALUES (349,'Ritonavir');
INSERT INTO surgery (id,date,patient_id,doctor_id) VALUES (350,'2019-12-12',432,219);
INSERT INTO meds_for_surgery (surgery_id,med) VALUES (350,'Probenecid');
INSERT INTO surgery (id,date,patient_id,doctor_id) VALUES (351,'2019-11-23',458,332);
INSERT INTO meds_for_surgery (surgery_id,med) VALUES (351,'Dopamine');
INSERT INTO surgery (id,date,patient_id,doctor_id) VALUES (352,'2019-12-17',432,358);
INSERT INTO meds_for_surgery (surgery_id,med) VALUES (352,'Tacrolimus');
INSERT INTO surgery (id,date,patient_id,doctor_id) VALUES (353,'2019-12-21',371,391);
INSERT INTO meds_for_surgery (surgery_id,med) VALUES (353,'Erythropoietin');
INSERT INTO surgery (id,date,patient_id,doctor_id) VALUES (354,'2019-12-19',444,62);
INSERT INTO meds_for_surgery (surgery_id,med) VALUES (354,'Promethazine');
INSERT INTO surgery (id,date,patient_id,doctor_id) VALUES (355,'2019-12-21',432,366);
INSERT INTO meds_for_surgery (surgery_id,med) VALUES (355,'Celecoxib');
INSERT INTO surgery (id,date,patient_id,doctor_id) VALUES (356,'2019-11-30',177,252);
INSERT INTO meds_for_surgery (surgery_id,med) VALUES (356,'Clofarabine');
INSERT INTO surgery (id,date,patient_id,doctor_id) VALUES (357,'2019-12-23',174,97);
INSERT INTO meds_for_surgery (surgery_id,med) VALUES (357,'Modafinil');
INSERT INTO surgery (id,date,patient_id,doctor_id) VALUES (358,'2019-12-06',94,120);
INSERT INTO meds_for_surgery (surgery_id,med) VALUES (358,'Saquinavir');
INSERT INTO surgery (id,date,patient_id,doctor_id) VALUES (359,'2019-11-24',255,80);
INSERT INTO meds_for_surgery (surgery_id,med) VALUES (359,'Dacarbazine');
INSERT INTO surgery (id,date,patient_id,doctor_id) VALUES (360,'2019-12-05',117,332);
INSERT INTO meds_for_surgery (surgery_id,med) VALUES (360,'Cyproheptadine');
INSERT INTO surgery (id,date,patient_id,doctor_id) VALUES (361,'2019-12-26',238,78);
INSERT INTO meds_for_surgery (surgery_id,med) VALUES (361,'Atazanavir');
INSERT INTO surgery (id,date,patient_id,doctor_id) VALUES (362,'2019-11-25',462,332);
INSERT INTO meds_for_surgery (surgery_id,med) VALUES (362,'Tretinoin');
INSERT INTO surgery (id,date,patient_id,doctor_id) VALUES (363,'2019-12-03',414,309);
INSERT INTO meds_for_surgery (surgery_id,med) VALUES (363,'Atazanavir');
INSERT INTO surgery (id,date,patient_id,doctor_id) VALUES (364,'2019-12-12',130,333);
INSERT INTO meds_for_surgery (surgery_id,med) VALUES (364,'Propoxyphene');
INSERT INTO surgery (id,date,patient_id,doctor_id) VALUES (365,'2019-11-29',177,78);
INSERT INTO meds_for_surgery (surgery_id,med) VALUES (365,'Erythropoietin');
INSERT INTO surgery (id,date,patient_id,doctor_id) VALUES (366,'2019-12-24',385,9);
INSERT INTO meds_for_surgery (surgery_id,med) VALUES (366,'Probenecid');
INSERT INTO surgery (id,date,patient_id,doctor_id) VALUES (367,'2019-12-12',387,74);
INSERT INTO meds_for_surgery (surgery_id,med) VALUES (367,'Aprepitant');
INSERT INTO surgery (id,date,patient_id,doctor_id) VALUES (368,'2019-11-26',330,4);
INSERT INTO meds_for_surgery (surgery_id,med) VALUES (368,'Dronabinol');
INSERT INTO surgery (id,date,patient_id,doctor_id) VALUES (369,'2019-12-04',415,323);
INSERT INTO meds_for_surgery (surgery_id,med) VALUES (369,'Metronidazole');
INSERT INTO surgery (id,date,patient_id,doctor_id) VALUES (370,'2019-12-15',283,9);
INSERT INTO meds_for_surgery (surgery_id,med) VALUES (370,'Enalapril');
INSERT INTO surgery (id,date,patient_id,doctor_id) VALUES (371,'2019-12-13',157,332);
INSERT INTO meds_for_surgery (surgery_id,med) VALUES (371,'Vinblastine');
INSERT INTO surgery (id,date,patient_id,doctor_id) VALUES (372,'2019-12-22',156,355);
INSERT INTO meds_for_surgery (surgery_id,med) VALUES (372,'Darunavir');
INSERT INTO surgery (id,date,patient_id,doctor_id) VALUES (373,'2019-12-18',88,312);
INSERT INTO meds_for_surgery (surgery_id,med) VALUES (373,'Potassium');
INSERT INTO surgery (id,date,patient_id,doctor_id) VALUES (374,'2019-12-20',283,348);
INSERT INTO meds_for_surgery (surgery_id,med) VALUES (374,'Penicillin');
INSERT INTO surgery (id,date,patient_id,doctor_id) VALUES (375,'2019-12-18',483,405);
INSERT INTO meds_for_surgery (surgery_id,med) VALUES (375,'Topotecan');
INSERT INTO surgery (id,date,patient_id,doctor_id) VALUES (376,'2019-11-28',451,4);
INSERT INTO meds_for_surgery (surgery_id,med) VALUES (376,'Abacavir');
INSERT INTO surgery (id,date,patient_id,doctor_id) VALUES (377,'2019-12-16',339,173);
INSERT INTO meds_for_surgery (surgery_id,med) VALUES (377,'Furosemide');
INSERT INTO surgery (id,date,patient_id,doctor_id) VALUES (378,'2019-11-30',399,4);
INSERT INTO meds_for_surgery (surgery_id,med) VALUES (378,'Cefepime');
INSERT INTO surgery (id,date,patient_id,doctor_id) VALUES (379,'2019-12-14',156,173);
INSERT INTO meds_for_surgery (surgery_id,med) VALUES (379,'Emtricitabine');
INSERT INTO surgery (id,date,patient_id,doctor_id) VALUES (380,'2019-12-07',485,54);
INSERT INTO meds_for_surgery (surgery_id,med) VALUES (380,'Pegfilgrastim');
INSERT INTO surgery (id,date,patient_id,doctor_id) VALUES (381,'2019-12-07',109,472);
INSERT INTO meds_for_surgery (surgery_id,med) VALUES (381,'Ranitidine');
INSERT INTO surgery (id,date,patient_id,doctor_id) VALUES (382,'2019-12-02',32,447);
INSERT INTO meds_for_surgery (surgery_id,med) VALUES (382,'Tretinoin');
INSERT INTO surgery (id,date,patient_id,doctor_id) VALUES (383,'2019-12-02',161,268);
INSERT INTO meds_for_surgery (surgery_id,med) VALUES (383,'Raltegravir');
INSERT INTO surgery (id,date,patient_id,doctor_id) VALUES (384,'2019-12-07',278,47);
INSERT INTO meds_for_surgery (surgery_id,med) VALUES (384,'Vancomycin');
INSERT INTO surgery (id,date,patient_id,doctor_id) VALUES (385,'2019-12-17',429,126);
INSERT INTO meds_for_surgery (surgery_id,med) VALUES (385,'Gemcitabine');
INSERT INTO surgery (id,date,patient_id,doctor_id) VALUES (386,'2019-11-23',94,332);
INSERT INTO meds_for_surgery (surgery_id,med) VALUES (386,'Tobramycin');
INSERT INTO surgery (id,date,patient_id,doctor_id) VALUES (387,'2019-11-26',240,294);
INSERT INTO meds_for_surgery (surgery_id,med) VALUES (387,'Vancomycin');
INSERT INTO surgery (id,date,patient_id,doctor_id) VALUES (388,'2019-12-08',21,405);
INSERT INTO meds_for_surgery (surgery_id,med) VALUES (388,'Cefaclor');
INSERT INTO surgery (id,date,patient_id,doctor_id) VALUES (389,'2019-12-13',93,333);
INSERT INTO meds_for_surgery (surgery_id,med) VALUES (389,'Heparin');
INSERT INTO surgery (id,date,patient_id,doctor_id) VALUES (390,'2019-12-22',223,136);
INSERT INTO meds_for_surgery (surgery_id,med) VALUES (390,'Eltrombopag');
INSERT INTO surgery (id,date,patient_id,doctor_id) VALUES (391,'2019-11-23',7,438);
INSERT INTO meds_for_surgery (surgery_id,med) VALUES (391,'Probenecid');
INSERT INTO surgery (id,date,patient_id,doctor_id) VALUES (392,'2019-12-25',7,229);
INSERT INTO meds_for_surgery (surgery_id,med) VALUES (392,'Tobramycin');
INSERT INTO surgery (id,date,patient_id,doctor_id) VALUES (393,'2019-12-16',255,138);
INSERT INTO meds_for_surgery (surgery_id,med) VALUES (393,'Carboplatin');
INSERT INTO surgery (id,date,patient_id,doctor_id) VALUES (394,'2019-12-20',60,439);
INSERT INTO meds_for_surgery (surgery_id,med) VALUES (394,'Azithromycin');
INSERT INTO surgery (id,date,patient_id,doctor_id) VALUES (395,'2019-12-25',227,325);
INSERT INTO meds_for_surgery (surgery_id,med) VALUES (395,'Didanosine');
INSERT INTO surgery (id,date,patient_id,doctor_id) VALUES (396,'2019-11-24',278,347);
INSERT INTO meds_for_surgery (surgery_id,med) VALUES (396,'Irinotecan');
INSERT INTO surgery (id,date,patient_id,doctor_id) VALUES (397,'2019-12-17',60,103);
INSERT INTO meds_for_surgery (surgery_id,med) VALUES (397,'Aprepitant');
INSERT INTO surgery (id,date,patient_id,doctor_id) VALUES (398,'2019-12-07',426,479);
INSERT INTO meds_for_surgery (surgery_id,med) VALUES (398,'Meperidine');
INSERT INTO surgery (id,date,patient_id,doctor_id) VALUES (399,'2019-12-13',260,405);
INSERT INTO meds_for_surgery (surgery_id,med) VALUES (399,'Mitoxantrone');
INSERT INTO surgery (id,date,patient_id,doctor_id) VALUES (400,'2019-11-27',499,138);
INSERT INTO meds_for_surgery (surgery_id,med) VALUES (400,'Mercaptopurine');
INSERT INTO surgery (id,date,patient_id,doctor_id) VALUES (401,'2019-12-10',304,314);
INSERT INTO meds_for_surgery (surgery_id,med) VALUES (401,'Gemtuzumab');
INSERT INTO surgery (id,date,patient_id,doctor_id) VALUES (402,'2019-11-28',111,120);
INSERT INTO meds_for_surgery (surgery_id,med) VALUES (402,'Atovaquone');
INSERT INTO surgery (id,date,patient_id,doctor_id) VALUES (403,'2019-12-04',478,4);
INSERT INTO meds_for_surgery (surgery_id,med) VALUES (403,'Sucralfate');
INSERT INTO surgery (id,date,patient_id,doctor_id) VALUES (404,'2019-11-28',100,120);
INSERT INTO meds_for_surgery (surgery_id,med) VALUES (404,'Vinblastine');
INSERT INTO surgery (id,date,patient_id,doctor_id) VALUES (405,'2019-12-23',100,379);
INSERT INTO meds_for_surgery (surgery_id,med) VALUES (405,'Tretinoin');
INSERT INTO surgery (id,date,patient_id,doctor_id) VALUES (406,'2019-12-21',100,325);
INSERT INTO meds_for_surgery (surgery_id,med) VALUES (406,'Etoposide');
INSERT INTO surgery (id,date,patient_id,doctor_id) VALUES (407,'2019-11-25',269,325);
INSERT INTO meds_for_surgery (surgery_id,med) VALUES (407,'Paclitaxel');
INSERT INTO surgery (id,date,patient_id,doctor_id) VALUES (408,'2019-12-03',485,401);
INSERT INTO meds_for_surgery (surgery_id,med) VALUES (408,'Sugammadex');
INSERT INTO surgery (id,date,patient_id,doctor_id) VALUES (409,'2019-11-26',384,288);
INSERT INTO meds_for_surgery (surgery_id,med) VALUES (409,'Busulfan');
INSERT INTO surgery (id,date,patient_id,doctor_id) VALUES (410,'2019-12-18',21,120);
INSERT INTO meds_for_surgery (surgery_id,med) VALUES (410,'Norepinephrine');
INSERT INTO surgery (id,date,patient_id,doctor_id) VALUES (411,'2019-11-30',60,347);
INSERT INTO meds_for_surgery (surgery_id,med) VALUES (411,'Clindamycin');
INSERT INTO surgery (id,date,patient_id,doctor_id) VALUES (412,'2019-12-10',241,41);
INSERT INTO meds_for_surgery (surgery_id,med) VALUES (412,'Pemetrexed');
INSERT INTO surgery (id,date,patient_id,doctor_id) VALUES (413,'2019-11-29',76,474);
INSERT INTO meds_for_surgery (surgery_id,med) VALUES (413,'Etravirine');
INSERT INTO surgery (id,date,patient_id,doctor_id) VALUES (414,'2019-12-17',488,11);
INSERT INTO meds_for_surgery (surgery_id,med) VALUES (414,'Gemcitabine');
INSERT INTO surgery (id,date,patient_id,doctor_id) VALUES (415,'2019-12-09',161,263);
INSERT INTO meds_for_surgery (surgery_id,med) VALUES (415,'Allopurinol');
INSERT INTO surgery (id,date,patient_id,doctor_id) VALUES (416,'2019-11-30',330,262);
INSERT INTO meds_for_surgery (surgery_id,med) VALUES (416,'Fluconazole');
INSERT INTO surgery (id,date,patient_id,doctor_id) VALUES (417,'2019-11-26',498,366);
INSERT INTO meds_for_surgery (surgery_id,med) VALUES (417,'Eltrombopag');
INSERT INTO surgery (id,date,patient_id,doctor_id) VALUES (418,'2019-12-17',37,229);
INSERT INTO meds_for_surgery (surgery_id,med) VALUES (418,'Prednisone');
INSERT INTO surgery (id,date,patient_id,doctor_id) VALUES (419,'2019-12-11',488,436);
INSERT INTO meds_for_surgery (surgery_id,med) VALUES (419,'Atenolol');
INSERT INTO surgery (id,date,patient_id,doctor_id) VALUES (420,'2019-12-21',94,11);
INSERT INTO meds_for_surgery (surgery_id,med) VALUES (420,'Vancomycin');
INSERT INTO surgery (id,date,patient_id,doctor_id) VALUES (421,'2019-11-26',172,74);
INSERT INTO meds_for_surgery (surgery_id,med) VALUES (421,'Pemetrexed');
INSERT INTO surgery (id,date,patient_id,doctor_id) VALUES (422,'2019-12-21',264,492);
INSERT INTO meds_for_surgery (surgery_id,med) VALUES (422,'Etonogestrel');
INSERT INTO surgery (id,date,patient_id,doctor_id) VALUES (423,'2019-12-15',387,333);
INSERT INTO meds_for_surgery (surgery_id,med) VALUES (423,'Valproic acid');
INSERT INTO surgery (id,date,patient_id,doctor_id) VALUES (424,'2019-11-27',413,312);
INSERT INTO meds_for_surgery (surgery_id,med) VALUES (424,'Cyproheptadine');
INSERT INTO surgery (id,date,patient_id,doctor_id) VALUES (425,'2019-12-19',172,250);
INSERT INTO meds_for_surgery (surgery_id,med) VALUES (425,'Sorafenib');
INSERT INTO surgery (id,date,patient_id,doctor_id) VALUES (426,'2019-11-25',414,252);
INSERT INTO meds_for_surgery (surgery_id,med) VALUES (426,'Probenecid');
INSERT INTO surgery (id,date,patient_id,doctor_id) VALUES (427,'2019-11-23',150,149);
INSERT INTO meds_for_surgery (surgery_id,med) VALUES (427,'Rilpivirine');
INSERT INTO surgery (id,date,patient_id,doctor_id) VALUES (428,'2019-12-18',354,436);
INSERT INTO meds_for_surgery (surgery_id,med) VALUES (428,'Mercaptopurine');
INSERT INTO surgery (id,date,patient_id,doctor_id) VALUES (429,'2019-11-29',7,263);
INSERT INTO meds_for_surgery (surgery_id,med) VALUES (429,'Linezolid');
INSERT INTO surgery (id,date,patient_id,doctor_id) VALUES (430,'2019-12-01',360,388);
INSERT INTO meds_for_surgery (surgery_id,med) VALUES (430,'Meperidine');
INSERT INTO surgery (id,date,patient_id,doctor_id) VALUES (431,'2019-11-24',278,480);
INSERT INTO meds_for_surgery (surgery_id,med) VALUES (431,'Levothyroxine');
INSERT INTO surgery (id,date,patient_id,doctor_id) VALUES (432,'2019-12-17',287,115);
INSERT INTO meds_for_surgery (surgery_id,med) VALUES (432,'Amoxicillin');
INSERT INTO surgery (id,date,patient_id,doctor_id) VALUES (433,'2019-12-27',299,358);
INSERT INTO meds_for_surgery (surgery_id,med) VALUES (433,'Lopinavir');
INSERT INTO surgery (id,date,patient_id,doctor_id) VALUES (434,'2019-11-27',238,268);
INSERT INTO meds_for_surgery (surgery_id,med) VALUES (434,'Hydroxyurea');
INSERT INTO surgery (id,date,patient_id,doctor_id) VALUES (435,'2019-12-22',462,210);
INSERT INTO meds_for_surgery (surgery_id,med) VALUES (435,'Muromonab');
INSERT INTO surgery (id,date,patient_id,doctor_id) VALUES (436,'2019-12-20',496,252);
INSERT INTO meds_for_surgery (surgery_id,med) VALUES (436,'Irinotecan');
INSERT INTO surgery (id,date,patient_id,doctor_id) VALUES (437,'2019-11-29',241,40);
INSERT INTO meds_for_surgery (surgery_id,med) VALUES (437,'Clindamycin');
INSERT INTO surgery (id,date,patient_id,doctor_id) VALUES (438,'2019-12-14',471,97);
INSERT INTO meds_for_surgery (surgery_id,med) VALUES (438,'Eltrombopag');
INSERT INTO surgery (id,date,patient_id,doctor_id) VALUES (439,'2019-12-22',255,294);
INSERT INTO meds_for_surgery (surgery_id,med) VALUES (439,'Sirolimus');
INSERT INTO surgery (id,date,patient_id,doctor_id) VALUES (440,'2019-12-12',339,285);
INSERT INTO meds_for_surgery (surgery_id,med) VALUES (440,'Vinblastine');
INSERT INTO surgery (id,date,patient_id,doctor_id) VALUES (441,'2019-12-15',385,310);
INSERT INTO meds_for_surgery (surgery_id,med) VALUES (441,'Gemtuzumab');
INSERT INTO surgery (id,date,patient_id,doctor_id) VALUES (442,'2019-11-24',462,288);
INSERT INTO meds_for_surgery (surgery_id,med) VALUES (442,'Sirolimus');
INSERT INTO surgery (id,date,patient_id,doctor_id) VALUES (443,'2019-12-15',346,252);
INSERT INTO meds_for_surgery (surgery_id,med) VALUES (443,'Cefaclor');
INSERT INTO surgery (id,date,patient_id,doctor_id) VALUES (444,'2019-12-02',156,268);
INSERT INTO meds_for_surgery (surgery_id,med) VALUES (444,'Clindamycin');
INSERT INTO surgery (id,date,patient_id,doctor_id) VALUES (445,'2019-12-26',374,436);
INSERT INTO meds_for_surgery (surgery_id,med) VALUES (445,'Dopamine');
INSERT INTO surgery (id,date,patient_id,doctor_id) VALUES (446,'2019-12-24',223,57);
INSERT INTO meds_for_surgery (surgery_id,med) VALUES (446,'Dobutamine');
INSERT INTO surgery (id,date,patient_id,doctor_id) VALUES (447,'2019-12-01',389,18);
INSERT INTO meds_for_surgery (surgery_id,med) VALUES (447,'Amikacin');
INSERT INTO surgery (id,date,patient_id,doctor_id) VALUES (448,'2019-12-07',389,47);
INSERT INTO meds_for_surgery (surgery_id,med) VALUES (448,'L-glutamine');
INSERT INTO surgery (id,date,patient_id,doctor_id) VALUES (449,'2019-12-02',374,288);
INSERT INTO meds_for_surgery (surgery_id,med) VALUES (449,'Thiotepa');
INSERT INTO surgery (id,date,patient_id,doctor_id) VALUES (450,'2019-12-06',161,152);
INSERT INTO meds_for_surgery (surgery_id,med) VALUES (450,'Calcium');
INSERT INTO surgery (id,date,patient_id,doctor_id) VALUES (451,'2019-12-15',37,392);
INSERT INTO meds_for_surgery (surgery_id,med) VALUES (451,'Trimethoprim');
INSERT INTO surgery (id,date,patient_id,doctor_id) VALUES (452,'2019-12-15',327,469);
INSERT INTO meds_for_surgery (surgery_id,med) VALUES (452,'Ondansetron');
INSERT INTO surgery (id,date,patient_id,doctor_id) VALUES (453,'2019-12-25',471,229);
INSERT INTO meds_for_surgery (surgery_id,med) VALUES (453,'Bortezomib');
INSERT INTO surgery (id,date,patient_id,doctor_id) VALUES (454,'2019-11-28',175,366);
INSERT INTO meds_for_surgery (surgery_id,med) VALUES (454,'Megestrol acetate');
INSERT INTO surgery (id,date,patient_id,doctor_id) VALUES (455,'2019-11-25',290,41);
INSERT INTO meds_for_surgery (surgery_id,med) VALUES (455,'Interferon');
INSERT INTO surgery (id,date,patient_id,doctor_id) VALUES (456,'2019-12-18',255,347);
INSERT INTO meds_for_surgery (surgery_id,med) VALUES (456,'Thiotepa');
INSERT INTO surgery (id,date,patient_id,doctor_id) VALUES (457,'2019-12-11',413,479);
INSERT INTO meds_for_surgery (surgery_id,med) VALUES (457,'Ketoconazole');
INSERT INTO surgery (id,date,patient_id,doctor_id) VALUES (458,'2019-12-25',299,370);
INSERT INTO meds_for_surgery (surgery_id,med) VALUES (458,'Celecoxib');
INSERT INTO surgery (id,date,patient_id,doctor_id) VALUES (459,'2019-12-02',457,215);
INSERT INTO meds_for_surgery (surgery_id,med) VALUES (459,'Methotrexate');
INSERT INTO surgery (id,date,patient_id,doctor_id) VALUES (460,'2019-12-25',269,178);
INSERT INTO meds_for_surgery (surgery_id,med) VALUES (460,'Cyproheptadine');
INSERT INTO surgery (id,date,patient_id,doctor_id) VALUES (461,'2019-12-21',260,347);
INSERT INTO meds_for_surgery (surgery_id,med) VALUES (461,'Cyclobenzaprine');
INSERT INTO surgery (id,date,patient_id,doctor_id) VALUES (462,'2019-11-30',483,401);
INSERT INTO meds_for_surgery (surgery_id,med) VALUES (462,'Omeprazole');
INSERT INTO surgery (id,date,patient_id,doctor_id) VALUES (463,'2019-12-06',94,74);
INSERT INTO meds_for_surgery (surgery_id,med) VALUES (463,'Celecoxib');
INSERT INTO surgery (id,date,patient_id,doctor_id) VALUES (464,'2019-12-14',471,438);
INSERT INTO meds_for_surgery (surgery_id,med) VALUES (464,'Emtricitabine');
INSERT INTO surgery (id,date,patient_id,doctor_id) VALUES (465,'2019-12-16',289,85);
INSERT INTO meds_for_surgery (surgery_id,med) VALUES (465,'Bleomycin');
INSERT INTO surgery (id,date,patient_id,doctor_id) VALUES (466,'2019-12-01',389,199);
INSERT INTO meds_for_surgery (surgery_id,med) VALUES (466,'Dronabinol');
INSERT INTO surgery (id,date,patient_id,doctor_id) VALUES (467,'2019-11-28',458,120);
INSERT INTO meds_for_surgery (surgery_id,med) VALUES (467,'Cisplatin');
INSERT INTO surgery (id,date,patient_id,doctor_id) VALUES (468,'2019-12-20',389,333);
INSERT INTO meds_for_surgery (surgery_id,med) VALUES (468,'Mechlorethamine');
INSERT INTO surgery (id,date,patient_id,doctor_id) VALUES (469,'2019-11-28',426,173);
INSERT INTO meds_for_surgery (surgery_id,med) VALUES (469,'Interleukin');
INSERT INTO surgery (id,date,patient_id,doctor_id) VALUES (470,'2019-12-24',414,309);
INSERT INTO meds_for_surgery (surgery_id,med) VALUES (470,'Mitoxantrone');
INSERT INTO surgery (id,date,patient_id,doctor_id) VALUES (471,'2019-12-23',491,263);
INSERT INTO meds_for_surgery (surgery_id,med) VALUES (471,'Magnesium');
INSERT INTO surgery (id,date,patient_id,doctor_id) VALUES (472,'2019-12-15',246,47);
INSERT INTO meds_for_surgery (surgery_id,med) VALUES (472,'Teniposide');
INSERT INTO surgery (id,date,patient_id,doctor_id) VALUES (473,'2019-12-25',177,433);
INSERT INTO meds_for_surgery (surgery_id,med) VALUES (473,'Eltrombopag');
INSERT INTO surgery (id,date,patient_id,doctor_id) VALUES (474,'2019-12-02',94,474);
INSERT INTO meds_for_surgery (surgery_id,med) VALUES (474,'Fluconazole');
INSERT INTO surgery (id,date,patient_id,doctor_id) VALUES (475,'2019-12-16',240,17);
INSERT INTO meds_for_surgery (surgery_id,med) VALUES (475,'Ranitidine');
INSERT INTO surgery (id,date,patient_id,doctor_id) VALUES (476,'2019-12-09',304,433);
INSERT INTO meds_for_surgery (surgery_id,med) VALUES (476,'Tenofovir');
INSERT INTO surgery (id,date,patient_id,doctor_id) VALUES (477,'2019-12-18',429,186);
INSERT INTO meds_for_surgery (surgery_id,med) VALUES (477,'Nelfinavir');
INSERT INTO surgery (id,date,patient_id,doctor_id) VALUES (478,'2019-12-09',109,288);
INSERT INTO meds_for_surgery (surgery_id,med) VALUES (478,'Potassium');
INSERT INTO surgery (id,date,patient_id,doctor_id) VALUES (479,'2019-12-20',384,199);
INSERT INTO meds_for_surgery (surgery_id,med) VALUES (479,'Cyclophosphamide');
INSERT INTO surgery (id,date,patient_id,doctor_id) VALUES (480,'2019-12-19',489,144);
INSERT INTO meds_for_surgery (surgery_id,med) VALUES (480,'Gemcitabine');
INSERT INTO surgery (id,date,patient_id,doctor_id) VALUES (481,'2019-12-04',172,41);
INSERT INTO meds_for_surgery (surgery_id,med) VALUES (481,'Carboplatin');
INSERT INTO surgery (id,date,patient_id,doctor_id) VALUES (482,'2019-12-07',296,4);
INSERT INTO meds_for_surgery (surgery_id,med) VALUES (482,'Ondansetron');
INSERT INTO surgery (id,date,patient_id,doctor_id) VALUES (483,'2019-12-07',21,323);
INSERT INTO meds_for_surgery (surgery_id,med) VALUES (483,'Paclitaxel');
INSERT INTO surgery (id,date,patient_id,doctor_id) VALUES (484,'2019-12-14',130,439);
INSERT INTO meds_for_surgery (surgery_id,med) VALUES (484,'Teniposide');
INSERT INTO surgery (id,date,patient_id,doctor_id) VALUES (485,'2019-12-12',248,436);
INSERT INTO meds_for_surgery (surgery_id,med) VALUES (485,'Rivaroxaban');
INSERT INTO surgery (id,date,patient_id,doctor_id) VALUES (486,'2019-12-17',92,18);
INSERT INTO meds_for_surgery (surgery_id,med) VALUES (486,'Azithromycin');
INSERT INTO surgery (id,date,patient_id,doctor_id) VALUES (487,'2019-12-20',7,325);
INSERT INTO meds_for_surgery (surgery_id,med) VALUES (487,'Cefuroxime');
INSERT INTO surgery (id,date,patient_id,doctor_id) VALUES (488,'2019-12-23',37,268);
INSERT INTO meds_for_surgery (surgery_id,med) VALUES (488,'Neuromuscular');
INSERT INTO surgery (id,date,patient_id,doctor_id) VALUES (489,'2019-12-09',7,18);
INSERT INTO meds_for_surgery (surgery_id,med) VALUES (489,'Hydralazine');
INSERT INTO surgery (id,date,patient_id,doctor_id) VALUES (490,'2019-12-11',304,474);
INSERT INTO meds_for_surgery (surgery_id,med) VALUES (490,'Crizotinib');
INSERT INTO surgery (id,date,patient_id,doctor_id) VALUES (491,'2019-12-23',457,492);
INSERT INTO meds_for_surgery (surgery_id,med) VALUES (491,'Abacavir');
INSERT INTO surgery (id,date,patient_id,doctor_id) VALUES (492,'2019-12-11',278,379);
INSERT INTO meds_for_surgery (surgery_id,med) VALUES (492,'Ondansetron');
INSERT INTO surgery (id,date,patient_id,doctor_id) VALUES (493,'2019-12-03',444,152);
INSERT INTO meds_for_surgery (surgery_id,med) VALUES (493,'Daunorubicin');
INSERT INTO surgery (id,date,patient_id,doctor_id) VALUES (494,'2019-12-27',150,447);
INSERT INTO meds_for_surgery (surgery_id,med) VALUES (494,'Vinblastine');
INSERT INTO surgery (id,date,patient_id,doctor_id) VALUES (495,'2019-12-22',5,310);
INSERT INTO meds_for_surgery (surgery_id,med) VALUES (495,'Temozolomide');
INSERT INTO surgery (id,date,patient_id,doctor_id) VALUES (496,'2019-11-29',499,252);
INSERT INTO meds_for_surgery (surgery_id,med) VALUES (496,'Amikacin');
INSERT INTO surgery (id,date,patient_id,doctor_id) VALUES (497,'2019-12-16',164,250);
INSERT INTO meds_for_surgery (surgery_id,med) VALUES (497,'Alemtuzumab');
INSERT INTO surgery (id,date,patient_id,doctor_id) VALUES (498,'2019-11-24',117,479);
INSERT INTO meds_for_surgery (surgery_id,med) VALUES (498,'Cytarabine');
INSERT INTO surgery (id,date,patient_id,doctor_id) VALUES (499,'2019-12-14',156,323);
INSERT INTO meds_for_surgery (surgery_id,med) VALUES (499,'Hydroxyurea');
INSERT INTO surgery (id,date,patient_id,doctor_id) VALUES (500,'2019-11-30',384,229);
INSERT INTO meds_for_surgery (surgery_id,med) VALUES (500,'Promethazine');
INSERT INTO surgery (id,date,patient_id,doctor_id) VALUES (501,'2019-12-01',287,273);
INSERT INTO meds_for_surgery (surgery_id,med) VALUES (501,'Celecoxib');
INSERT INTO surgery (id,date,patient_id,doctor_id) VALUES (502,'2019-12-19',395,310);
INSERT INTO meds_for_surgery (surgery_id,med) VALUES (502,'Levothyroxine');
INSERT INTO surgery (id,date,patient_id,doctor_id) VALUES (503,'2019-12-17',458,120);
INSERT INTO meds_for_surgery (surgery_id,med) VALUES (503,'Sunitinib');
INSERT INTO surgery (id,date,patient_id,doctor_id) VALUES (504,'2019-12-05',287,355);
INSERT INTO meds_for_surgery (surgery_id,med) VALUES (504,'Linezolid');
INSERT INTO surgery (id,date,patient_id,doctor_id) VALUES (505,'2019-12-20',496,40);
INSERT INTO meds_for_surgery (surgery_id,med) VALUES (505,'Ritonavir');
INSERT INTO surgery (id,date,patient_id,doctor_id) VALUES (506,'2019-11-26',39,41);
INSERT INTO meds_for_surgery (surgery_id,med) VALUES (506,'Amlodipine');
INSERT INTO surgery (id,date,patient_id,doctor_id) VALUES (507,'2019-12-04',496,178);
INSERT INTO meds_for_surgery (surgery_id,med) VALUES (507,'Valproic acid');
INSERT INTO surgery (id,date,patient_id,doctor_id) VALUES (508,'2019-12-13',371,210);
INSERT INTO meds_for_surgery (surgery_id,med) VALUES (508,'Itraconazole');
INSERT INTO surgery (id,date,patient_id,doctor_id) VALUES (509,'2019-12-04',240,467);
INSERT INTO meds_for_surgery (surgery_id,med) VALUES (509,'Atazanavir');
INSERT INTO surgery (id,date,patient_id,doctor_id) VALUES (510,'2019-11-28',241,138);
INSERT INTO meds_for_surgery (surgery_id,med) VALUES (510,'Nelfinavir');
INSERT INTO surgery (id,date,patient_id,doctor_id) VALUES (511,'2019-12-15',374,229);
INSERT INTO meds_for_surgery (surgery_id,med) VALUES (511,'Captopril');
INSERT INTO surgery (id,date,patient_id,doctor_id) VALUES (512,'2019-12-07',32,366);
INSERT INTO meds_for_surgery (surgery_id,med) VALUES (512,'Linezolid');
INSERT INTO surgery (id,date,patient_id,doctor_id) VALUES (513,'2019-12-18',360,273);
INSERT INTO meds_for_surgery (surgery_id,med) VALUES (513,'Muromonab');
INSERT INTO surgery (id,date,patient_id,doctor_id) VALUES (514,'2019-12-06',371,285);
INSERT INTO meds_for_surgery (surgery_id,med) VALUES (514,'Cyclophosphamide');
INSERT INTO surgery (id,date,patient_id,doctor_id) VALUES (515,'2019-12-15',111,4);
INSERT INTO meds_for_surgery (surgery_id,med) VALUES (515,'Cytarabine');
INSERT INTO surgery (id,date,patient_id,doctor_id) VALUES (516,'2019-12-12',37,358);
INSERT INTO meds_for_surgery (surgery_id,med) VALUES (516,'Warfarin');
INSERT INTO surgery (id,date,patient_id,doctor_id) VALUES (517,'2019-12-09',37,263);
INSERT INTO meds_for_surgery (surgery_id,med) VALUES (517,'Ritonavir');
INSERT INTO surgery (id,date,patient_id,doctor_id) VALUES (518,'2019-12-23',25,103);
INSERT INTO meds_for_surgery (surgery_id,med) VALUES (518,'Penicillin');
INSERT INTO surgery (id,date,patient_id,doctor_id) VALUES (519,'2019-12-26',110,78);
INSERT INTO meds_for_surgery (surgery_id,med) VALUES (519,'Celecoxib');
INSERT INTO surgery (id,date,patient_id,doctor_id) VALUES (520,'2019-12-09',451,62);
INSERT INTO meds_for_surgery (surgery_id,med) VALUES (520,'Gemcitabine');
INSERT INTO surgery (id,date,patient_id,doctor_id) VALUES (521,'2019-12-18',395,136);
INSERT INTO meds_for_surgery (surgery_id,med) VALUES (521,'Clarithromycin');
INSERT INTO surgery (id,date,patient_id,doctor_id) VALUES (522,'2019-12-14',142,219);
INSERT INTO meds_for_surgery (surgery_id,med) VALUES (522,'Topotecan');
INSERT INTO surgery (id,date,patient_id,doctor_id) VALUES (523,'2019-12-01',164,436);
INSERT INTO meds_for_surgery (surgery_id,med) VALUES (523,'Methadone');
INSERT INTO surgery (id,date,patient_id,doctor_id) VALUES (524,'2019-11-23',404,229);
INSERT INTO meds_for_surgery (surgery_id,med) VALUES (524,'Erythromycin');
INSERT INTO surgery (id,date,patient_id,doctor_id) VALUES (525,'2019-12-15',346,469);
INSERT INTO meds_for_surgery (surgery_id,med) VALUES (525,'Nelarabine');
INSERT INTO surgery (id,date,patient_id,doctor_id) VALUES (526,'2019-11-29',404,332);
INSERT INTO meds_for_surgery (surgery_id,med) VALUES (526,'Rilpivirine');
INSERT INTO surgery (id,date,patient_id,doctor_id) VALUES (527,'2019-12-18',248,78);
INSERT INTO meds_for_surgery (surgery_id,med) VALUES (527,'Dobutamine');
INSERT INTO surgery (id,date,patient_id,doctor_id) VALUES (528,'2019-12-04',32,388);
INSERT INTO meds_for_surgery (surgery_id,med) VALUES (528,'Didanosine');
INSERT INTO surgery (id,date,patient_id,doctor_id) VALUES (529,'2019-11-24',260,215);
INSERT INTO meds_for_surgery (surgery_id,med) VALUES (529,'Mitotane');
INSERT INTO surgery (id,date,patient_id,doctor_id) VALUES (530,'2019-11-27',227,149);
INSERT INTO meds_for_surgery (surgery_id,med) VALUES (530,'Levothyroxine');
INSERT INTO surgery (id,date,patient_id,doctor_id) VALUES (531,'2019-11-25',93,355);
INSERT INTO meds_for_surgery (surgery_id,med) VALUES (531,'Pemetrexed');
INSERT INTO surgery (id,date,patient_id,doctor_id) VALUES (532,'2019-11-25',498,252);
INSERT INTO meds_for_surgery (surgery_id,med) VALUES (532,'Codeine');
INSERT INTO surgery (id,date,patient_id,doctor_id) VALUES (533,'2019-12-15',458,126);
INSERT INTO meds_for_surgery (surgery_id,med) VALUES (533,'PEGaspargase');
INSERT INTO surgery (id,date,patient_id,doctor_id) VALUES (534,'2019-12-13',343,401);
INSERT INTO meds_for_surgery (surgery_id,med) VALUES (534,'Cyclobenzaprine');
INSERT INTO surgery (id,date,patient_id,doctor_id) VALUES (535,'2019-12-27',414,348);
INSERT INTO meds_for_surgery (surgery_id,med) VALUES (535,'Cytarabine');
INSERT INTO surgery (id,date,patient_id,doctor_id) VALUES (536,'2019-12-23',489,171);
INSERT INTO meds_for_surgery (surgery_id,med) VALUES (536,'Emicizumab');
INSERT INTO surgery (id,date,patient_id,doctor_id) VALUES (537,'2019-12-15',37,18);
INSERT INTO meds_for_surgery (surgery_id,med) VALUES (537,'Phosphorus');
INSERT INTO surgery (id,date,patient_id,doctor_id) VALUES (538,'2019-12-04',130,405);
INSERT INTO meds_for_surgery (surgery_id,med) VALUES (538,'Ifosfamide');
INSERT INTO surgery (id,date,patient_id,doctor_id) VALUES (539,'2019-12-15',248,215);
INSERT INTO meds_for_surgery (surgery_id,med) VALUES (539,'Mycophenolate');
INSERT INTO surgery (id,date,patient_id,doctor_id) VALUES (540,'2019-12-09',491,348);
INSERT INTO meds_for_surgery (surgery_id,med) VALUES (540,'Rivaroxaban');
INSERT INTO surgery (id,date,patient_id,doctor_id) VALUES (541,'2019-12-11',389,252);
INSERT INTO meds_for_surgery (surgery_id,med) VALUES (541,'Aminocaproic Acid');
INSERT INTO surgery (id,date,patient_id,doctor_id) VALUES (542,'2019-12-21',475,210);
INSERT INTO meds_for_surgery (surgery_id,med) VALUES (542,'Amifostine');
INSERT INTO surgery (id,date,patient_id,doctor_id) VALUES (543,'2019-12-17',94,314);
INSERT INTO meds_for_surgery (surgery_id,med) VALUES (543,'Cisplatin');
INSERT INTO surgery (id,date,patient_id,doctor_id) VALUES (544,'2019-12-23',119,332);
INSERT INTO meds_for_surgery (surgery_id,med) VALUES (544,'Hydroxyurea');
INSERT INTO surgery (id,date,patient_id,doctor_id) VALUES (545,'2019-11-28',109,288);
INSERT INTO meds_for_surgery (surgery_id,med) VALUES (545,'Cefepime');
INSERT INTO surgery (id,date,patient_id,doctor_id) VALUES (546,'2019-11-23',287,85);
INSERT INTO meds_for_surgery (surgery_id,med) VALUES (546,'Saquinavir');
INSERT INTO surgery (id,date,patient_id,doctor_id) VALUES (547,'2019-11-23',58,325);
INSERT INTO meds_for_surgery (surgery_id,med) VALUES (547,'Alendronate');
INSERT INTO surgery (id,date,patient_id,doctor_id) VALUES (548,'2019-12-26',327,18);
INSERT INTO meds_for_surgery (surgery_id,med) VALUES (548,'Hydroxyurea');
INSERT INTO surgery (id,date,patient_id,doctor_id) VALUES (549,'2019-12-27',429,152);
INSERT INTO meds_for_surgery (surgery_id,med) VALUES (549,'Linezolid');
INSERT INTO surgery (id,date,patient_id,doctor_id) VALUES (550,'2019-11-27',485,333);
INSERT INTO meds_for_surgery (surgery_id,med) VALUES (550,'Allopurinol');
INSERT INTO surgery (id,date,patient_id,doctor_id) VALUES (551,'2019-12-18',240,273);
INSERT INTO meds_for_surgery (surgery_id,med) VALUES (551,'Foscarnet');
INSERT INTO surgery (id,date,patient_id,doctor_id) VALUES (552,'2019-12-03',426,186);
INSERT INTO meds_for_surgery (surgery_id,med) VALUES (552,'Enoxaparin');
INSERT INTO surgery (id,date,patient_id,doctor_id) VALUES (553,'2019-12-04',246,388);
INSERT INTO meds_for_surgery (surgery_id,med) VALUES (553,'Carbamazepine');
INSERT INTO surgery (id,date,patient_id,doctor_id) VALUES (554,'2019-12-13',471,115);
INSERT INTO meds_for_surgery (surgery_id,med) VALUES (554,'Thiotepa');
INSERT INTO surgery (id,date,patient_id,doctor_id) VALUES (555,'2019-12-20',471,115);
INSERT INTO meds_for_surgery (surgery_id,med) VALUES (555,'Vincristine');
INSERT INTO surgery (id,date,patient_id,doctor_id) VALUES (556,'2019-12-12',94,54);
INSERT INTO meds_for_surgery (surgery_id,med) VALUES (556,'Cyproheptadine');
INSERT INTO surgery (id,date,patient_id,doctor_id) VALUES (557,'2019-12-26',37,152);
INSERT INTO meds_for_surgery (surgery_id,med) VALUES (557,'Hydralazine');
INSERT INTO surgery (id,date,patient_id,doctor_id) VALUES (558,'2019-12-09',475,120);
INSERT INTO meds_for_surgery (surgery_id,med) VALUES (558,'Imatinib');
INSERT INTO surgery (id,date,patient_id,doctor_id) VALUES (559,'2019-12-25',174,262);
INSERT INTO meds_for_surgery (surgery_id,med) VALUES (559,'Tobramycin');
INSERT INTO surgery (id,date,patient_id,doctor_id) VALUES (560,'2019-12-21',8,262);
INSERT INTO meds_for_surgery (surgery_id,med) VALUES (560,'Amitriptyline');
INSERT INTO surgery (id,date,patient_id,doctor_id) VALUES (561,'2019-12-16',182,472);
INSERT INTO meds_for_surgery (surgery_id,med) VALUES (561,'Cladribine');
INSERT INTO surgery (id,date,patient_id,doctor_id) VALUES (562,'2019-12-08',283,9);
INSERT INTO meds_for_surgery (surgery_id,med) VALUES (562,'Cyclophosphamide');
INSERT INTO surgery (id,date,patient_id,doctor_id) VALUES (563,'2019-12-17',93,469);
INSERT INTO meds_for_surgery (surgery_id,med) VALUES (563,'Sorafenib');
INSERT INTO surgery (id,date,patient_id,doctor_id) VALUES (564,'2019-12-24',475,392);
INSERT INTO meds_for_surgery (surgery_id,med) VALUES (564,'Cisplatin');
INSERT INTO surgery (id,date,patient_id,doctor_id) VALUES (565,'2019-12-24',269,178);
INSERT INTO meds_for_surgery (surgery_id,med) VALUES (565,'Captopril');
INSERT INTO surgery (id,date,patient_id,doctor_id) VALUES (566,'2019-11-30',389,433);
INSERT INTO meds_for_surgery (surgery_id,med) VALUES (566,'Nevirapine');
INSERT INTO surgery (id,date,patient_id,doctor_id) VALUES (567,'2019-12-23',177,80);
INSERT INTO meds_for_surgery (surgery_id,med) VALUES (567,'Irinotecan');
INSERT INTO surgery (id,date,patient_id,doctor_id) VALUES (568,'2019-11-25',304,333);
INSERT INTO meds_for_surgery (surgery_id,med) VALUES (568,'Irinotecan');
INSERT INTO surgery (id,date,patient_id,doctor_id) VALUES (569,'2019-12-15',374,173);
INSERT INTO meds_for_surgery (surgery_id,med) VALUES (569,'Desmopressin');
INSERT INTO surgery (id,date,patient_id,doctor_id) VALUES (570,'2019-12-22',339,391);
INSERT INTO meds_for_surgery (surgery_id,med) VALUES (570,'Hydromorphone');
INSERT INTO surgery (id,date,patient_id,doctor_id) VALUES (571,'2019-12-06',413,294);
INSERT INTO meds_for_surgery (surgery_id,med) VALUES (571,'Diclofenac');
INSERT INTO surgery (id,date,patient_id,doctor_id) VALUES (572,'2019-12-23',177,288);
INSERT INTO meds_for_surgery (surgery_id,med) VALUES (572,'Famciclovir');
INSERT INTO surgery (id,date,patient_id,doctor_id) VALUES (573,'2019-12-01',88,309);
INSERT INTO meds_for_surgery (surgery_id,med) VALUES (573,'Dapsone');
INSERT INTO surgery (id,date,patient_id,doctor_id) VALUES (574,'2019-12-12',346,447);
INSERT INTO meds_for_surgery (surgery_id,med) VALUES (574,'Elvitegravir');
INSERT INTO surgery (id,date,patient_id,doctor_id) VALUES (575,'2019-12-19',175,40);
INSERT INTO meds_for_surgery (surgery_id,med) VALUES (575,'Hydralazine');
INSERT INTO surgery (id,date,patient_id,doctor_id) VALUES (576,'2019-11-27',343,492);
INSERT INTO meds_for_surgery (surgery_id,med) VALUES (576,'Lopinavir');
INSERT INTO surgery (id,date,patient_id,doctor_id) VALUES (577,'2019-12-09',451,41);
INSERT INTO meds_for_surgery (surgery_id,med) VALUES (577,'Dexamethasone');
INSERT INTO surgery (id,date,patient_id,doctor_id) VALUES (578,'2019-12-11',156,348);
INSERT INTO meds_for_surgery (surgery_id,med) VALUES (578,'Raltegravir');
INSERT INTO surgery (id,date,patient_id,doctor_id) VALUES (579,'2019-12-24',208,17);
INSERT INTO meds_for_surgery (surgery_id,med) VALUES (579,'Amifostine');
INSERT INTO surgery (id,date,patient_id,doctor_id) VALUES (580,'2019-12-13',217,252);
INSERT INTO meds_for_surgery (surgery_id,med) VALUES (580,'Darunavir');
INSERT INTO surgery (id,date,patient_id,doctor_id) VALUES (581,'2019-12-21',100,447);
INSERT INTO meds_for_surgery (surgery_id,med) VALUES (581,'Gemcitabine');
INSERT INTO surgery (id,date,patient_id,doctor_id) VALUES (582,'2019-12-27',327,103);
INSERT INTO meds_for_surgery (surgery_id,med) VALUES (582,'Acyclovir');
INSERT INTO surgery (id,date,patient_id,doctor_id) VALUES (583,'2019-11-28',32,9);
INSERT INTO meds_for_surgery (surgery_id,med) VALUES (583,'Cefixime');
INSERT INTO surgery (id,date,patient_id,doctor_id) VALUES (584,'2019-12-25',371,252);
INSERT INTO meds_for_surgery (surgery_id,med) VALUES (584,'Norepinephrine');
INSERT INTO surgery (id,date,patient_id,doctor_id) VALUES (585,'2019-12-20',404,126);
INSERT INTO meds_for_surgery (surgery_id,med) VALUES (585,'Warfarin');
INSERT INTO surgery (id,date,patient_id,doctor_id) VALUES (586,'2019-11-27',37,103);
INSERT INTO meds_for_surgery (surgery_id,med) VALUES (586,'Methylphenidate');
INSERT INTO surgery (id,date,patient_id,doctor_id) VALUES (587,'2019-12-25',156,186);
INSERT INTO meds_for_surgery (surgery_id,med) VALUES (587,'Heparin');
INSERT INTO surgery (id,date,patient_id,doctor_id) VALUES (588,'2019-12-23',457,268);
INSERT INTO meds_for_surgery (surgery_id,med) VALUES (588,'Hydrocortisone');
INSERT INTO surgery (id,date,patient_id,doctor_id) VALUES (589,'2019-12-07',37,197);
INSERT INTO meds_for_surgery (surgery_id,med) VALUES (589,'Alemtuzumab');
INSERT INTO surgery (id,date,patient_id,doctor_id) VALUES (590,'2019-12-15',220,17);
INSERT INTO meds_for_surgery (surgery_id,med) VALUES (590,'Aminocaproic Acid');
INSERT INTO surgery (id,date,patient_id,doctor_id) VALUES (591,'2019-12-08',88,366);
INSERT INTO meds_for_surgery (surgery_id,med) VALUES (591,'Ranitidine');
INSERT INTO surgery (id,date,patient_id,doctor_id) VALUES (592,'2019-12-13',142,479);
INSERT INTO meds_for_surgery (surgery_id,med) VALUES (592,'Erythromycin');
INSERT INTO surgery (id,date,patient_id,doctor_id) VALUES (593,'2019-12-12',255,358);
INSERT INTO meds_for_surgery (surgery_id,med) VALUES (593,'Atovaquone');
INSERT INTO surgery (id,date,patient_id,doctor_id) VALUES (594,'2019-12-03',395,355);
INSERT INTO meds_for_surgery (surgery_id,med) VALUES (594,'Amitriptyline');
INSERT INTO surgery (id,date,patient_id,doctor_id) VALUES (595,'2019-12-09',385,442);
INSERT INTO meds_for_surgery (surgery_id,med) VALUES (595,'Nevirapine');
INSERT INTO surgery (id,date,patient_id,doctor_id) VALUES (596,'2019-11-28',92,17);
INSERT INTO meds_for_surgery (surgery_id,med) VALUES (596,'Heparin');
INSERT INTO surgery (id,date,patient_id,doctor_id) VALUES (597,'2019-12-02',248,115);
INSERT INTO meds_for_surgery (surgery_id,med) VALUES (597,'Isotretinoin');
INSERT INTO surgery (id,date,patient_id,doctor_id) VALUES (598,'2019-12-19',374,469);
INSERT INTO meds_for_surgery (surgery_id,med) VALUES (598,'Hydroxyurea');
INSERT INTO surgery (id,date,patient_id,doctor_id) VALUES (599,'2019-11-30',25,47);
INSERT INTO meds_for_surgery (surgery_id,med) VALUES (599,'Warfarin');
INSERT INTO surgery (id,date,patient_id,doctor_id) VALUES (600,'2019-12-16',296,447);
INSERT INTO meds_for_surgery (surgery_id,med) VALUES (600,'Rituximab');
INSERT INTO surgery (id,date,patient_id,doctor_id) VALUES (601,'2019-12-06',426,178);
INSERT INTO meds_for_surgery (surgery_id,med) VALUES (601,'Phenobarbital');
INSERT INTO surgery (id,date,patient_id,doctor_id) VALUES (602,'2019-12-24',248,41);
INSERT INTO meds_for_surgery (surgery_id,med) VALUES (602,'Imatinib');
INSERT INTO surgery (id,date,patient_id,doctor_id) VALUES (603,'2019-11-30',93,358);
INSERT INTO meds_for_surgery (surgery_id,med) VALUES (603,'Linezolid');
INSERT INTO surgery (id,date,patient_id,doctor_id) VALUES (604,'2019-11-26',8,232);
INSERT INTO meds_for_surgery (surgery_id,med) VALUES (604,'Doxorubicin');
INSERT INTO surgery (id,date,patient_id,doctor_id) VALUES (605,'2019-12-24',264,40);
INSERT INTO meds_for_surgery (surgery_id,med) VALUES (605,'Daunorubicin');
INSERT INTO surgery (id,date,patient_id,doctor_id) VALUES (606,'2019-12-13',87,323);
INSERT INTO meds_for_surgery (surgery_id,med) VALUES (606,'Eltrombopag');
INSERT INTO surgery (id,date,patient_id,doctor_id) VALUES (607,'2019-11-27',157,285);
INSERT INTO meds_for_surgery (surgery_id,med) VALUES (607,'Mechlorethamine');
INSERT INTO surgery (id,date,patient_id,doctor_id) VALUES (608,'2019-12-22',117,18);
INSERT INTO meds_for_surgery (surgery_id,med) VALUES (608,'Propoxyphene');
INSERT INTO surgery (id,date,patient_id,doctor_id) VALUES (609,'2019-12-03',346,17);
INSERT INTO meds_for_surgery (surgery_id,med) VALUES (609,'Imipenem');
INSERT INTO surgery (id,date,patient_id,doctor_id) VALUES (610,'2019-11-30',182,152);
INSERT INTO meds_for_surgery (surgery_id,med) VALUES (610,'Phenobarbital');
INSERT INTO surgery (id,date,patient_id,doctor_id) VALUES (611,'2019-12-02',182,474);
INSERT INTO meds_for_surgery (surgery_id,med) VALUES (611,'Cyproheptadine');
INSERT INTO surgery (id,date,patient_id,doctor_id) VALUES (612,'2019-12-09',238,66);
INSERT INTO meds_for_surgery (surgery_id,med) VALUES (612,'Tacrolimus');
INSERT INTO surgery (id,date,patient_id,doctor_id) VALUES (613,'2019-12-15',483,347);
INSERT INTO meds_for_surgery (surgery_id,med) VALUES (613,'Zidovudine');
INSERT INTO surgery (id,date,patient_id,doctor_id) VALUES (614,'2019-12-08',278,472);
INSERT INTO meds_for_surgery (surgery_id,med) VALUES (614,'Linezolid');
INSERT INTO surgery (id,date,patient_id,doctor_id) VALUES (615,'2019-11-29',451,379);
INSERT INTO meds_for_surgery (surgery_id,med) VALUES (615,'Cyclosporine');
INSERT INTO surgery (id,date,patient_id,doctor_id) VALUES (616,'2019-12-24',119,391);
INSERT INTO meds_for_surgery (surgery_id,med) VALUES (616,'Promethazine');
INSERT INTO surgery (id,date,patient_id,doctor_id) VALUES (617,'2019-12-15',462,219);
INSERT INTO meds_for_surgery (surgery_id,med) VALUES (617,'GM-CSF');
INSERT INTO surgery (id,date,patient_id,doctor_id) VALUES (618,'2019-11-26',414,62);
INSERT INTO meds_for_surgery (surgery_id,med) VALUES (618,'Dasatinib');
INSERT INTO surgery (id,date,patient_id,doctor_id) VALUES (619,'2019-12-02',458,263);
INSERT INTO meds_for_surgery (surgery_id,med) VALUES (619,'Celecoxib');
INSERT INTO surgery (id,date,patient_id,doctor_id) VALUES (620,'2019-12-12',496,392);
INSERT INTO meds_for_surgery (surgery_id,med) VALUES (620,'Immune');
INSERT INTO surgery (id,date,patient_id,doctor_id) VALUES (621,'2019-12-07',457,379);
INSERT INTO meds_for_surgery (surgery_id,med) VALUES (621,'Cefuroxime');
INSERT INTO surgery (id,date,patient_id,doctor_id) VALUES (622,'2019-12-04',8,4);
INSERT INTO meds_for_surgery (surgery_id,med) VALUES (622,'Amifostine');
INSERT INTO surgery (id,date,patient_id,doctor_id) VALUES (623,'2019-11-23',496,11);
INSERT INTO meds_for_surgery (surgery_id,med) VALUES (623,'Imatinib');
INSERT INTO surgery (id,date,patient_id,doctor_id) VALUES (624,'2019-12-24',457,479);
INSERT INTO meds_for_surgery (surgery_id,med) VALUES (624,'Amoxicillin');
INSERT INTO surgery (id,date,patient_id,doctor_id) VALUES (625,'2019-12-10',177,438);
INSERT INTO meds_for_surgery (surgery_id,med) VALUES (625,'Baclofen');
INSERT INTO surgery (id,date,patient_id,doctor_id) VALUES (626,'2019-12-26',385,370);
INSERT INTO meds_for_surgery (surgery_id,med) VALUES (626,'Emicizumab');
INSERT INTO surgery (id,date,patient_id,doctor_id) VALUES (627,'2019-12-18',346,323);
INSERT INTO meds_for_surgery (surgery_id,med) VALUES (627,'Azithromycin');
INSERT INTO surgery (id,date,patient_id,doctor_id) VALUES (628,'2019-12-24',385,401);
INSERT INTO meds_for_surgery (surgery_id,med) VALUES (628,'Sunitinib');
INSERT INTO surgery (id,date,patient_id,doctor_id) VALUES (629,'2019-12-25',117,469);
INSERT INTO meds_for_surgery (surgery_id,med) VALUES (629,'Zidovudine');
INSERT INTO surgery (id,date,patient_id,doctor_id) VALUES (630,'2019-12-15',269,469);
INSERT INTO meds_for_surgery (surgery_id,med) VALUES (630,'Topotecan');
INSERT INTO surgery (id,date,patient_id,doctor_id) VALUES (631,'2019-12-09',354,252);
INSERT INTO meds_for_surgery (surgery_id,med) VALUES (631,'Alendronate');
INSERT INTO surgery (id,date,patient_id,doctor_id) VALUES (632,'2019-12-16',119,347);
INSERT INTO meds_for_surgery (surgery_id,med) VALUES (632,'Atovaquone');
INSERT INTO surgery (id,date,patient_id,doctor_id) VALUES (633,'2019-11-25',384,252);
INSERT INTO meds_for_surgery (surgery_id,med) VALUES (633,'Imipenem');
INSERT INTO surgery (id,date,patient_id,doctor_id) VALUES (634,'2019-12-01',5,474);
INSERT INTO meds_for_surgery (surgery_id,med) VALUES (634,'Prednisone');
INSERT INTO surgery (id,date,patient_id,doctor_id) VALUES (635,'2019-12-21',485,115);
INSERT INTO meds_for_surgery (surgery_id,med) VALUES (635,'Meloxicam');
INSERT INTO surgery (id,date,patient_id,doctor_id) VALUES (636,'2019-12-27',397,469);
INSERT INTO meds_for_surgery (surgery_id,med) VALUES (636,'Melphalan');
INSERT INTO surgery (id,date,patient_id,doctor_id) VALUES (637,'2019-12-21',150,438);
INSERT INTO meds_for_surgery (surgery_id,med) VALUES (637,'Mercaptopurine');
INSERT INTO surgery (id,date,patient_id,doctor_id) VALUES (638,'2019-12-14',161,325);
INSERT INTO meds_for_surgery (surgery_id,med) VALUES (638,'Lamivudine');
INSERT INTO surgery (id,date,patient_id,doctor_id) VALUES (639,'2019-12-12',238,54);
INSERT INTO meds_for_surgery (surgery_id,med) VALUES (639,'Lorazepam');
INSERT INTO surgery (id,date,patient_id,doctor_id) VALUES (640,'2019-12-24',227,312);
INSERT INTO meds_for_surgery (surgery_id,med) VALUES (640,'Sirolimus');
INSERT INTO surgery (id,date,patient_id,doctor_id) VALUES (641,'2019-12-14',119,392);
INSERT INTO meds_for_surgery (surgery_id,med) VALUES (641,'Prednisone');
INSERT INTO surgery (id,date,patient_id,doctor_id) VALUES (642,'2019-11-28',32,348);
INSERT INTO meds_for_surgery (surgery_id,med) VALUES (642,'Tobramycin');
INSERT INTO surgery (id,date,patient_id,doctor_id) VALUES (643,'2019-12-20',208,332);
INSERT INTO meds_for_surgery (surgery_id,med) VALUES (643,'Meperidine');
INSERT INTO surgery (id,date,patient_id,doctor_id) VALUES (644,'2019-11-23',208,310);
INSERT INTO meds_for_surgery (surgery_id,med) VALUES (644,'Fluconazole');
INSERT INTO surgery (id,date,patient_id,doctor_id) VALUES (645,'2019-12-24',240,136);
INSERT INTO meds_for_surgery (surgery_id,med) VALUES (645,'Thioguanine');
INSERT INTO surgery (id,date,patient_id,doctor_id) VALUES (646,'2019-12-27',32,474);
INSERT INTO meds_for_surgery (surgery_id,med) VALUES (646,'Celecoxib');
INSERT INTO surgery (id,date,patient_id,doctor_id) VALUES (647,'2019-12-04',21,66);
INSERT INTO meds_for_surgery (surgery_id,med) VALUES (647,'Fluorouracil');
INSERT INTO surgery (id,date,patient_id,doctor_id) VALUES (648,'2019-12-23',246,370);
INSERT INTO meds_for_surgery (surgery_id,med) VALUES (648,'Promethazine');
INSERT INTO surgery (id,date,patient_id,doctor_id) VALUES (649,'2019-12-21',384,120);
INSERT INTO meds_for_surgery (surgery_id,med) VALUES (649,'Interleukin');
INSERT INTO surgery (id,date,patient_id,doctor_id) VALUES (650,'2019-12-15',227,144);
INSERT INTO meds_for_surgery (surgery_id,med) VALUES (650,'Emtricitabine');
INSERT INTO surgery (id,date,patient_id,doctor_id) VALUES (651,'2019-12-25',161,391);
INSERT INTO meds_for_surgery (surgery_id,med) VALUES (651,'Magnesium');
INSERT INTO surgery (id,date,patient_id,doctor_id) VALUES (652,'2019-12-12',175,57);
INSERT INTO meds_for_surgery (surgery_id,med) VALUES (652,'Allopurinol');
INSERT INTO surgery (id,date,patient_id,doctor_id) VALUES (653,'2019-12-07',164,370);
INSERT INTO meds_for_surgery (surgery_id,med) VALUES (653,'Bleomycin');
INSERT INTO surgery (id,date,patient_id,doctor_id) VALUES (654,'2019-12-12',343,285);
INSERT INTO meds_for_surgery (surgery_id,med) VALUES (654,'Sorafenib');
INSERT INTO surgery (id,date,patient_id,doctor_id) VALUES (655,'2019-11-27',462,199);
INSERT INTO meds_for_surgery (surgery_id,med) VALUES (655,'Rilpivirine');
INSERT INTO surgery (id,date,patient_id,doctor_id) VALUES (656,'2019-12-12',7,85);
INSERT INTO meds_for_surgery (surgery_id,med) VALUES (656,'Irinotecan');
INSERT INTO surgery (id,date,patient_id,doctor_id) VALUES (657,'2019-12-19',304,355);
INSERT INTO meds_for_surgery (surgery_id,med) VALUES (657,'Lorazepam');
INSERT INTO surgery (id,date,patient_id,doctor_id) VALUES (658,'2019-12-18',327,80);
INSERT INTO meds_for_surgery (surgery_id,med) VALUES (658,'Gefitinib');
INSERT INTO surgery (id,date,patient_id,doctor_id) VALUES (659,'2019-11-24',157,115);
INSERT INTO meds_for_surgery (surgery_id,med) VALUES (659,'Irinotecan');
INSERT INTO surgery (id,date,patient_id,doctor_id) VALUES (660,'2019-12-22',330,405);
INSERT INTO meds_for_surgery (surgery_id,med) VALUES (660,'Calcium');
INSERT INTO surgery (id,date,patient_id,doctor_id) VALUES (661,'2019-12-15',429,262);
INSERT INTO meds_for_surgery (surgery_id,med) VALUES (661,'Neuromuscular');
INSERT INTO surgery (id,date,patient_id,doctor_id) VALUES (662,'2019-11-29',164,294);
INSERT INTO meds_for_surgery (surgery_id,med) VALUES (662,'Linezolid');
INSERT INTO surgery (id,date,patient_id,doctor_id) VALUES (663,'2019-12-02',76,325);
INSERT INTO meds_for_surgery (surgery_id,med) VALUES (663,'Dactinomycin');
INSERT INTO surgery (id,date,patient_id,doctor_id) VALUES (664,'2019-12-11',39,355);
INSERT INTO meds_for_surgery (surgery_id,med) VALUES (664,'Mercaptopurine');
INSERT INTO surgery (id,date,patient_id,doctor_id) VALUES (665,'2019-12-20',157,9);
INSERT INTO meds_for_surgery (surgery_id,med) VALUES (665,'Dopamine');
INSERT INTO surgery (id,date,patient_id,doctor_id) VALUES (666,'2019-12-14',296,186);
INSERT INTO meds_for_surgery (surgery_id,med) VALUES (666,'Crizotinib');
INSERT INTO surgery (id,date,patient_id,doctor_id) VALUES (667,'2019-12-24',444,401);
INSERT INTO meds_for_surgery (surgery_id,med) VALUES (667,'Thioguanine');
INSERT INTO surgery (id,date,patient_id,doctor_id) VALUES (668,'2019-12-18',164,149);
INSERT INTO meds_for_surgery (surgery_id,med) VALUES (668,'Nelarabine');
INSERT INTO surgery (id,date,patient_id,doctor_id) VALUES (669,'2019-12-27',462,467);
INSERT INTO meds_for_surgery (surgery_id,med) VALUES (669,'Phosphorus');
INSERT INTO surgery (id,date,patient_id,doctor_id) VALUES (670,'2019-12-23',58,85);
INSERT INTO meds_for_surgery (surgery_id,med) VALUES (670,'Ranitidine');
INSERT INTO surgery (id,date,patient_id,doctor_id) VALUES (671,'2019-12-25',174,436);
INSERT INTO meds_for_surgery (surgery_id,med) VALUES (671,'Phenytoin');
INSERT INTO surgery (id,date,patient_id,doctor_id) VALUES (672,'2019-12-18',415,219);
INSERT INTO meds_for_surgery (surgery_id,med) VALUES (672,'Lamivudine');
INSERT INTO surgery (id,date,patient_id,doctor_id) VALUES (673,'2019-12-10',339,379);
INSERT INTO meds_for_surgery (surgery_id,med) VALUES (673,'Dinutuximab');
INSERT INTO surgery (id,date,patient_id,doctor_id) VALUES (674,'2019-12-12',177,355);
INSERT INTO meds_for_surgery (surgery_id,med) VALUES (674,'Carboplatin');
INSERT INTO surgery (id,date,patient_id,doctor_id) VALUES (675,'2019-12-01',485,47);
INSERT INTO meds_for_surgery (surgery_id,med) VALUES (675,'Carbamazepine');
INSERT INTO surgery (id,date,patient_id,doctor_id) VALUES (676,'2019-12-18',119,492);
INSERT INTO meds_for_surgery (surgery_id,med) VALUES (676,'Rilpivirine');
INSERT INTO surgery (id,date,patient_id,doctor_id) VALUES (677,'2019-12-10',488,229);
INSERT INTO meds_for_surgery (surgery_id,med) VALUES (677,'L-glutamine');
INSERT INTO surgery (id,date,patient_id,doctor_id) VALUES (678,'2019-12-05',483,74);
INSERT INTO meds_for_surgery (surgery_id,med) VALUES (678,'Mesna');
INSERT INTO surgery (id,date,patient_id,doctor_id) VALUES (679,'2019-12-09',177,149);
INSERT INTO meds_for_surgery (surgery_id,med) VALUES (679,'Asparaginase');
INSERT INTO surgery (id,date,patient_id,doctor_id) VALUES (680,'2019-12-24',488,9);
INSERT INTO meds_for_surgery (surgery_id,med) VALUES (680,'Vorinostat');
INSERT INTO surgery (id,date,patient_id,doctor_id) VALUES (681,'2019-12-27',174,366);
INSERT INTO meds_for_surgery (surgery_id,med) VALUES (681,'Elvitegravir');
INSERT INTO surgery (id,date,patient_id,doctor_id) VALUES (682,'2019-12-10',92,288);
INSERT INTO meds_for_surgery (surgery_id,med) VALUES (682,'Ceftazidime');
INSERT INTO surgery (id,date,patient_id,doctor_id) VALUES (683,'2019-11-30',182,480);
INSERT INTO meds_for_surgery (surgery_id,med) VALUES (683,'Potassium');
INSERT INTO surgery (id,date,patient_id,doctor_id) VALUES (684,'2019-12-24',426,66);
INSERT INTO meds_for_surgery (surgery_id,med) VALUES (684,'Etoposide');
INSERT INTO surgery (id,date,patient_id,doctor_id) VALUES (685,'2019-12-07',130,219);
INSERT INTO meds_for_surgery (surgery_id,med) VALUES (685,'Ruxolitinib');
INSERT INTO surgery (id,date,patient_id,doctor_id) VALUES (686,'2019-12-11',76,171);
INSERT INTO meds_for_surgery (surgery_id,med) VALUES (686,'Cladribine');
INSERT INTO surgery (id,date,patient_id,doctor_id) VALUES (687,'2019-12-20',161,210);
INSERT INTO meds_for_surgery (surgery_id,med) VALUES (687,'Mitoxantrone');
INSERT INTO surgery (id,date,patient_id,doctor_id) VALUES (688,'2019-12-14',100,405);
INSERT INTO meds_for_surgery (surgery_id,med) VALUES (688,'Megestrol acetate');
INSERT INTO surgery (id,date,patient_id,doctor_id) VALUES (689,'2019-12-24',426,433);
INSERT INTO meds_for_surgery (surgery_id,med) VALUES (689,'Erythromycin');
INSERT INTO surgery (id,date,patient_id,doctor_id) VALUES (690,'2019-12-05',110,152);
INSERT INTO meds_for_surgery (surgery_id,med) VALUES (690,'Atenolol');
INSERT INTO surgery (id,date,patient_id,doctor_id) VALUES (691,'2019-12-13',415,199);
INSERT INTO meds_for_surgery (surgery_id,med) VALUES (691,'Acyclovir');
INSERT INTO surgery (id,date,patient_id,doctor_id) VALUES (692,'2019-12-13',489,232);
INSERT INTO meds_for_surgery (surgery_id,med) VALUES (692,'G-CSF');
INSERT INTO surgery (id,date,patient_id,doctor_id) VALUES (693,'2019-12-25',76,436);
INSERT INTO meds_for_surgery (surgery_id,med) VALUES (693,'Granisetron');
INSERT INTO surgery (id,date,patient_id,doctor_id) VALUES (694,'2019-12-26',255,85);
INSERT INTO meds_for_surgery (surgery_id,med) VALUES (694,'Emicizumab');
INSERT INTO surgery (id,date,patient_id,doctor_id) VALUES (695,'2019-12-01',395,273);
INSERT INTO meds_for_surgery (surgery_id,med) VALUES (695,'Bortezomib');
INSERT INTO surgery (id,date,patient_id,doctor_id) VALUES (696,'2019-12-15',413,85);
INSERT INTO meds_for_surgery (surgery_id,med) VALUES (696,'Etoposide');
INSERT INTO surgery (id,date,patient_id,doctor_id) VALUES (697,'2019-11-28',304,480);
INSERT INTO meds_for_surgery (surgery_id,med) VALUES (697,'Warfarin');
INSERT INTO surgery (id,date,patient_id,doctor_id) VALUES (698,'2019-12-05',287,62);
INSERT INTO meds_for_surgery (surgery_id,med) VALUES (698,'Hydralazine');
INSERT INTO surgery (id,date,patient_id,doctor_id) VALUES (699,'2019-11-28',343,186);
INSERT INTO meds_for_surgery (surgery_id,med) VALUES (699,'Eltrombopag');
INSERT INTO surgery (id,date,patient_id,doctor_id) VALUES (700,'2019-12-19',429,66);
INSERT INTO meds_for_surgery (surgery_id,med) VALUES (700,'Potassium');
INSERT INTO surgery (id,date,patient_id,doctor_id) VALUES (701,'2019-12-07',430,323);
INSERT INTO meds_for_surgery (surgery_id,med) VALUES (701,'Doxorubicin');
INSERT INTO surgery (id,date,patient_id,doctor_id) VALUES (702,'2019-12-16',260,85);
INSERT INTO meds_for_surgery (surgery_id,med) VALUES (702,'Erythromycin');
INSERT INTO surgery (id,date,patient_id,doctor_id) VALUES (703,'2019-12-18',478,312);
INSERT INTO meds_for_surgery (surgery_id,med) VALUES (703,'Rivaroxaban');
INSERT INTO surgery (id,date,patient_id,doctor_id) VALUES (704,'2019-12-07',156,47);
INSERT INTO meds_for_surgery (surgery_id,med) VALUES (704,'Isotretinoin');
INSERT INTO surgery (id,date,patient_id,doctor_id) VALUES (705,'2019-12-18',299,120);
INSERT INTO meds_for_surgery (surgery_id,med) VALUES (705,'Dapsone');
INSERT INTO surgery (id,date,patient_id,doctor_id) VALUES (706,'2019-11-23',488,392);
INSERT INTO meds_for_surgery (surgery_id,med) VALUES (706,'Cefixime');
INSERT INTO surgery (id,date,patient_id,doctor_id) VALUES (707,'2019-12-06',499,17);
INSERT INTO meds_for_surgery (surgery_id,med) VALUES (707,'Mitoxantrone');
INSERT INTO surgery (id,date,patient_id,doctor_id) VALUES (708,'2019-11-23',223,333);
INSERT INTO meds_for_surgery (surgery_id,med) VALUES (708,'Hydrocodone');
INSERT INTO surgery (id,date,patient_id,doctor_id) VALUES (709,'2019-12-22',414,252);
INSERT INTO meds_for_surgery (surgery_id,med) VALUES (709,'Bleomycin');
INSERT INTO surgery (id,date,patient_id,doctor_id) VALUES (710,'2019-11-24',25,57);
INSERT INTO meds_for_surgery (surgery_id,med) VALUES (710,'Cyclosporine');
INSERT INTO surgery (id,date,patient_id,doctor_id) VALUES (711,'2019-11-25',60,40);
INSERT INTO meds_for_surgery (surgery_id,med) VALUES (711,'Erythropoietin');
INSERT INTO surgery (id,date,patient_id,doctor_id) VALUES (712,'2019-12-26',496,333);
INSERT INTO meds_for_surgery (surgery_id,med) VALUES (712,'Aprepitant');
INSERT INTO surgery (id,date,patient_id,doctor_id) VALUES (713,'2019-12-23',208,442);
INSERT INTO meds_for_surgery (surgery_id,med) VALUES (713,'Diclofenac');
INSERT INTO surgery (id,date,patient_id,doctor_id) VALUES (714,'2019-12-14',483,199);
INSERT INTO meds_for_surgery (surgery_id,med) VALUES (714,'Promethazine');
INSERT INTO surgery (id,date,patient_id,doctor_id) VALUES (715,'2019-12-14',413,197);
INSERT INTO meds_for_surgery (surgery_id,med) VALUES (715,'Rilpivirine');
INSERT INTO surgery (id,date,patient_id,doctor_id) VALUES (716,'2019-12-24',327,294);
INSERT INTO meds_for_surgery (surgery_id,med) VALUES (716,'Cefixime');
INSERT INTO surgery (id,date,patient_id,doctor_id) VALUES (717,'2019-11-23',399,333);
INSERT INTO meds_for_surgery (surgery_id,med) VALUES (717,'Dornase alfa');
INSERT INTO surgery (id,date,patient_id,doctor_id) VALUES (718,'2019-12-19',156,433);
INSERT INTO meds_for_surgery (surgery_id,med) VALUES (718,'Tretinoin');
INSERT INTO surgery (id,date,patient_id,doctor_id) VALUES (719,'2019-12-21',94,54);
INSERT INTO meds_for_surgery (surgery_id,med) VALUES (719,'Dobutamine');
INSERT INTO surgery (id,date,patient_id,doctor_id) VALUES (720,'2019-11-26',385,405);
INSERT INTO meds_for_surgery (surgery_id,med) VALUES (720,'Vinblastine');
INSERT INTO surgery (id,date,patient_id,doctor_id) VALUES (721,'2019-12-02',432,115);
INSERT INTO meds_for_surgery (surgery_id,med) VALUES (721,'Cladribine');
INSERT INTO surgery (id,date,patient_id,doctor_id) VALUES (722,'2019-12-12',489,332);
INSERT INTO meds_for_surgery (surgery_id,med) VALUES (722,'Thiotepa');
INSERT INTO surgery (id,date,patient_id,doctor_id) VALUES (723,'2019-11-27',25,438);
INSERT INTO meds_for_surgery (surgery_id,med) VALUES (723,'Cefuroxime');
INSERT INTO surgery (id,date,patient_id,doctor_id) VALUES (724,'2019-12-07',304,268);
INSERT INTO meds_for_surgery (surgery_id,med) VALUES (724,'Ranitidine');
INSERT INTO surgery (id,date,patient_id,doctor_id) VALUES (725,'2019-11-27',290,199);
INSERT INTO meds_for_surgery (surgery_id,med) VALUES (725,'Erlotinib');
INSERT INTO surgery (id,date,patient_id,doctor_id) VALUES (726,'2019-12-26',227,273);
INSERT INTO meds_for_surgery (surgery_id,med) VALUES (726,'Enalapril');
INSERT INTO surgery (id,date,patient_id,doctor_id) VALUES (727,'2019-12-07',93,285);
INSERT INTO meds_for_surgery (surgery_id,med) VALUES (727,'Cladribine');
INSERT INTO surgery (id,date,patient_id,doctor_id) VALUES (728,'2019-11-25',269,47);
INSERT INTO meds_for_surgery (surgery_id,med) VALUES (728,'Captopril');
INSERT INTO surgery (id,date,patient_id,doctor_id) VALUES (729,'2019-12-23',429,479);
INSERT INTO meds_for_surgery (surgery_id,med) VALUES (729,'Phenytoin');
INSERT INTO surgery (id,date,patient_id,doctor_id) VALUES (730,'2019-12-09',8,80);
INSERT INTO meds_for_surgery (surgery_id,med) VALUES (730,'Levothyroxine');
INSERT INTO surgery (id,date,patient_id,doctor_id) VALUES (731,'2019-12-03',208,136);
INSERT INTO meds_for_surgery (surgery_id,med) VALUES (731,'Bleomycin');
INSERT INTO surgery (id,date,patient_id,doctor_id) VALUES (732,'2019-12-25',488,309);
INSERT INTO meds_for_surgery (surgery_id,med) VALUES (732,'Thioguanine');
INSERT INTO surgery (id,date,patient_id,doctor_id) VALUES (733,'2019-12-19',296,288);
INSERT INTO meds_for_surgery (surgery_id,med) VALUES (733,'Acyclovir');
INSERT INTO surgery (id,date,patient_id,doctor_id) VALUES (734,'2019-12-06',283,80);
INSERT INTO meds_for_surgery (surgery_id,med) VALUES (734,'PEGaspargase');
INSERT INTO surgery (id,date,patient_id,doctor_id) VALUES (735,'2019-12-27',164,17);
INSERT INTO meds_for_surgery (surgery_id,med) VALUES (735,'Deferasirox');
INSERT INTO surgery (id,date,patient_id,doctor_id) VALUES (736,'2019-11-30',94,62);
INSERT INTO meds_for_surgery (surgery_id,med) VALUES (736,'Warfarin');
INSERT INTO surgery (id,date,patient_id,doctor_id) VALUES (737,'2019-12-27',346,332);
INSERT INTO meds_for_surgery (surgery_id,med) VALUES (737,'Promethazine');
INSERT INTO surgery (id,date,patient_id,doctor_id) VALUES (738,'2019-12-26',94,54);
INSERT INTO meds_for_surgery (surgery_id,med) VALUES (738,'Irinotecan');
INSERT INTO surgery (id,date,patient_id,doctor_id) VALUES (739,'2019-11-29',248,288);
INSERT INTO meds_for_surgery (surgery_id,med) VALUES (739,'Saquinavir');
INSERT INTO surgery (id,date,patient_id,doctor_id) VALUES (740,'2019-11-24',346,268);
INSERT INTO meds_for_surgery (surgery_id,med) VALUES (740,'Rasburicase');
INSERT INTO surgery (id,date,patient_id,doctor_id) VALUES (741,'2019-12-02',168,41);
INSERT INTO meds_for_surgery (surgery_id,med) VALUES (741,'Isotretinoin');
INSERT INTO surgery (id,date,patient_id,doctor_id) VALUES (742,'2019-12-06',343,85);
INSERT INTO meds_for_surgery (surgery_id,med) VALUES (742,'Muromonab');
INSERT INTO surgery (id,date,patient_id,doctor_id) VALUES (743,'2019-12-26',299,358);
INSERT INTO meds_for_surgery (surgery_id,med) VALUES (743,'Dactinomycin');
INSERT INTO surgery (id,date,patient_id,doctor_id) VALUES (744,'2019-12-11',7,439);
INSERT INTO meds_for_surgery (surgery_id,med) VALUES (744,'Mercaptopurine');
INSERT INTO surgery (id,date,patient_id,doctor_id) VALUES (745,'2019-12-03',343,433);
INSERT INTO meds_for_surgery (surgery_id,med) VALUES (745,'Hydrocortisone');
INSERT INTO surgery (id,date,patient_id,doctor_id) VALUES (746,'2019-12-03',5,136);
INSERT INTO meds_for_surgery (surgery_id,med) VALUES (746,'Acyclovir');
INSERT INTO surgery (id,date,patient_id,doctor_id) VALUES (747,'2019-12-13',483,85);
INSERT INTO meds_for_surgery (surgery_id,med) VALUES (747,'Magnesium');
INSERT INTO surgery (id,date,patient_id,doctor_id) VALUES (748,'2019-12-11',415,232);
INSERT INTO meds_for_surgery (surgery_id,med) VALUES (748,'Carboplatin');
INSERT INTO surgery (id,date,patient_id,doctor_id) VALUES (749,'2019-12-02',471,78);
INSERT INTO meds_for_surgery (surgery_id,med) VALUES (749,'Linezolid');
INSERT INTO surgery (id,date,patient_id,doctor_id) VALUES (750,'2019-12-25',39,66);
INSERT INTO meds_for_surgery (surgery_id,med) VALUES (750,'Mechlorethamine');
INSERT INTO surgery (id,date,patient_id,doctor_id) VALUES (751,'2019-11-28',475,294);
INSERT INTO meds_for_surgery (surgery_id,med) VALUES (751,'Darunavir');
INSERT INTO surgery (id,date,patient_id,doctor_id) VALUES (752,'2019-12-06',87,136);
INSERT INTO meds_for_surgery (surgery_id,med) VALUES (752,'Busulfan');
INSERT INTO surgery (id,date,patient_id,doctor_id) VALUES (753,'2019-12-14',220,312);
INSERT INTO meds_for_surgery (surgery_id,med) VALUES (753,'Mitotane');
INSERT INTO surgery (id,date,patient_id,doctor_id) VALUES (754,'2019-11-25',182,312);
INSERT INTO meds_for_surgery (surgery_id,med) VALUES (754,'Sugammadex');
INSERT INTO surgery (id,date,patient_id,doctor_id) VALUES (755,'2019-12-11',483,355);
INSERT INTO meds_for_surgery (surgery_id,med) VALUES (755,'Calcium');
INSERT INTO surgery (id,date,patient_id,doctor_id) VALUES (756,'2019-12-27',240,54);
INSERT INTO meds_for_surgery (surgery_id,med) VALUES (756,'Gefitinib');
INSERT INTO surgery (id,date,patient_id,doctor_id) VALUES (757,'2019-12-12',8,178);
INSERT INTO meds_for_surgery (surgery_id,med) VALUES (757,'Promethazine');
INSERT INTO surgery (id,date,patient_id,doctor_id) VALUES (758,'2019-12-15',182,469);
INSERT INTO meds_for_surgery (surgery_id,med) VALUES (758,'Bleomycin');
INSERT INTO surgery (id,date,patient_id,doctor_id) VALUES (759,'2019-12-24',485,439);
INSERT INTO meds_for_surgery (surgery_id,med) VALUES (759,'Dobutamine');
INSERT INTO surgery (id,date,patient_id,doctor_id) VALUES (760,'2019-12-26',430,210);
INSERT INTO meds_for_surgery (surgery_id,med) VALUES (760,'Nelfinavir');
INSERT INTO surgery (id,date,patient_id,doctor_id) VALUES (761,'2019-11-28',414,370);
INSERT INTO meds_for_surgery (surgery_id,med) VALUES (761,'Cyclosporine');
INSERT INTO surgery (id,date,patient_id,doctor_id) VALUES (762,'2019-12-12',457,138);
INSERT INTO meds_for_surgery (surgery_id,med) VALUES (762,'Tenofovir');
INSERT INTO surgery (id,date,patient_id,doctor_id) VALUES (763,'2019-12-11',76,442);
INSERT INTO meds_for_surgery (surgery_id,med) VALUES (763,'Levothyroxine');
INSERT INTO surgery (id,date,patient_id,doctor_id) VALUES (764,'2019-11-26',269,54);
INSERT INTO meds_for_surgery (surgery_id,med) VALUES (764,'Carmustine');
INSERT INTO surgery (id,date,patient_id,doctor_id) VALUES (765,'2019-12-14',177,197);
INSERT INTO meds_for_surgery (surgery_id,med) VALUES (765,'Methylphenidate');
INSERT INTO surgery (id,date,patient_id,doctor_id) VALUES (766,'2019-12-10',58,250);
INSERT INTO meds_for_surgery (surgery_id,med) VALUES (766,'Thiotepa');
INSERT INTO surgery (id,date,patient_id,doctor_id) VALUES (767,'2019-12-06',304,472);
INSERT INTO meds_for_surgery (surgery_id,med) VALUES (767,'Norepinephrine');
INSERT INTO surgery (id,date,patient_id,doctor_id) VALUES (768,'2019-11-28',248,347);
INSERT INTO meds_for_surgery (surgery_id,med) VALUES (768,'Cyclophosphamide');
INSERT INTO surgery (id,date,patient_id,doctor_id) VALUES (769,'2019-12-06',241,120);
INSERT INTO meds_for_surgery (surgery_id,med) VALUES (769,'Mesna');
INSERT INTO surgery (id,date,patient_id,doctor_id) VALUES (770,'2019-12-04',175,469);
INSERT INTO meds_for_surgery (surgery_id,med) VALUES (770,'Alemtuzumab');
INSERT INTO surgery (id,date,patient_id,doctor_id) VALUES (771,'2019-12-06',339,136);
INSERT INTO meds_for_surgery (surgery_id,med) VALUES (771,'Meperidine');
INSERT INTO surgery (id,date,patient_id,doctor_id) VALUES (772,'2019-12-06',217,4);
INSERT INTO meds_for_surgery (surgery_id,med) VALUES (772,'Penicillin');
INSERT INTO surgery (id,date,patient_id,doctor_id) VALUES (773,'2019-12-09',117,80);
INSERT INTO meds_for_surgery (surgery_id,med) VALUES (773,'Ceftazidime');
INSERT INTO surgery (id,date,patient_id,doctor_id) VALUES (774,'2019-12-01',164,262);
INSERT INTO meds_for_surgery (surgery_id,med) VALUES (774,'Carmustine');
INSERT INTO surgery (id,date,patient_id,doctor_id) VALUES (775,'2019-11-24',330,469);
INSERT INTO meds_for_surgery (surgery_id,med) VALUES (775,'Enalapril');
INSERT INTO surgery (id,date,patient_id,doctor_id) VALUES (776,'2019-12-15',150,391);
INSERT INTO meds_for_surgery (surgery_id,med) VALUES (776,'Darunavir');
INSERT INTO surgery (id,date,patient_id,doctor_id) VALUES (777,'2019-11-29',462,288);
INSERT INTO meds_for_surgery (surgery_id,med) VALUES (777,'Raltegravir');
INSERT INTO surgery (id,date,patient_id,doctor_id) VALUES (778,'2019-11-24',32,312);
INSERT INTO meds_for_surgery (surgery_id,med) VALUES (778,'Ruxolitinib');
INSERT INTO surgery (id,date,patient_id,doctor_id) VALUES (779,'2019-11-27',100,40);
INSERT INTO meds_for_surgery (surgery_id,med) VALUES (779,'Etonogestrel');
INSERT INTO surgery (id,date,patient_id,doctor_id) VALUES (780,'2019-12-22',182,263);
INSERT INTO meds_for_surgery (surgery_id,med) VALUES (780,'Bortezomib');
INSERT INTO surgery (id,date,patient_id,doctor_id) VALUES (781,'2019-12-20',491,17);
INSERT INTO meds_for_surgery (surgery_id,med) VALUES (781,'Ceftazidime');
INSERT INTO surgery (id,date,patient_id,doctor_id) VALUES (782,'2019-12-02',444,62);
INSERT INTO meds_for_surgery (surgery_id,med) VALUES (782,'Probenecid');
INSERT INTO surgery (id,date,patient_id,doctor_id) VALUES (783,'2019-11-25',488,333);
INSERT INTO meds_for_surgery (surgery_id,med) VALUES (783,'Lorazepam');
INSERT INTO surgery (id,date,patient_id,doctor_id) VALUES (784,'2019-12-02',462,433);
INSERT INTO meds_for_surgery (surgery_id,med) VALUES (784,'L-glutamine');
INSERT INTO surgery (id,date,patient_id,doctor_id) VALUES (785,'2019-11-24',432,78);
INSERT INTO meds_for_surgery (surgery_id,med) VALUES (785,'Procarbazine');
INSERT INTO surgery (id,date,patient_id,doctor_id) VALUES (786,'2019-12-21',260,263);
INSERT INTO meds_for_surgery (surgery_id,med) VALUES (786,'Meperidine');
INSERT INTO surgery (id,date,patient_id,doctor_id) VALUES (787,'2019-12-26',60,97);
INSERT INTO meds_for_surgery (surgery_id,med) VALUES (787,'Mycophenolate');
INSERT INTO surgery (id,date,patient_id,doctor_id) VALUES (788,'2019-12-20',142,358);
INSERT INTO meds_for_surgery (surgery_id,med) VALUES (788,'Topotecan');
INSERT INTO surgery (id,date,patient_id,doctor_id) VALUES (789,'2019-12-26',290,436);
INSERT INTO meds_for_surgery (surgery_id,med) VALUES (789,'Voriconazole');
INSERT INTO surgery (id,date,patient_id,doctor_id) VALUES (790,'2019-11-25',491,312);
INSERT INTO meds_for_surgery (surgery_id,med) VALUES (790,'Enalapril');
INSERT INTO surgery (id,date,patient_id,doctor_id) VALUES (791,'2019-12-22',223,171);
INSERT INTO meds_for_surgery (surgery_id,med) VALUES (791,'Cefuroxime');
INSERT INTO surgery (id,date,patient_id,doctor_id) VALUES (792,'2019-12-02',498,391);
INSERT INTO meds_for_surgery (surgery_id,med) VALUES (792,'Temozolomide');
INSERT INTO surgery (id,date,patient_id,doctor_id) VALUES (793,'2019-11-26',238,370);
INSERT INTO meds_for_surgery (surgery_id,med) VALUES (793,'Cladribine');
INSERT INTO surgery (id,date,patient_id,doctor_id) VALUES (794,'2019-12-13',389,11);
INSERT INTO meds_for_surgery (surgery_id,med) VALUES (794,'Codeine');
INSERT INTO surgery (id,date,patient_id,doctor_id) VALUES (795,'2019-12-01',117,173);
INSERT INTO meds_for_surgery (surgery_id,med) VALUES (795,'Rasburicase');
INSERT INTO surgery (id,date,patient_id,doctor_id) VALUES (796,'2019-11-25',94,347);
INSERT INTO meds_for_surgery (surgery_id,med) VALUES (796,'Norepinephrine');
INSERT INTO surgery (id,date,patient_id,doctor_id) VALUES (797,'2019-12-24',395,310);
INSERT INTO meds_for_surgery (surgery_id,med) VALUES (797,'Gabapentin');
INSERT INTO surgery (id,date,patient_id,doctor_id) VALUES (798,'2019-12-02',387,294);
INSERT INTO meds_for_surgery (surgery_id,med) VALUES (798,'Thioguanine');
INSERT INTO surgery (id,date,patient_id,doctor_id) VALUES (799,'2019-12-09',182,310);
INSERT INTO meds_for_surgery (surgery_id,med) VALUES (799,'Ceftazidime');
INSERT INTO surgery (id,date,patient_id,doctor_id) VALUES (800,'2019-11-23',246,472);
INSERT INTO meds_for_surgery (surgery_id,med) VALUES (800,'Celecoxib');
INSERT INTO surgery (id,date,patient_id,doctor_id) VALUES (801,'2019-12-25',240,229);
INSERT INTO meds_for_surgery (surgery_id,med) VALUES (801,'Erythromycin');
INSERT INTO surgery (id,date,patient_id,doctor_id) VALUES (802,'2019-12-16',304,348);
INSERT INTO meds_for_surgery (surgery_id,med) VALUES (802,'Deferasirox');
INSERT INTO surgery (id,date,patient_id,doctor_id) VALUES (803,'2019-11-30',217,85);
INSERT INTO meds_for_surgery (surgery_id,med) VALUES (803,'Ruxolitinib');
INSERT INTO surgery (id,date,patient_id,doctor_id) VALUES (804,'2019-12-03',269,285);
INSERT INTO meds_for_surgery (surgery_id,med) VALUES (804,'Etravirine');
INSERT INTO surgery (id,date,patient_id,doctor_id) VALUES (805,'2019-12-23',217,379);
INSERT INTO meds_for_surgery (surgery_id,med) VALUES (805,'Dacarbazine');
INSERT INTO surgery (id,date,patient_id,doctor_id) VALUES (806,'2019-12-19',182,262);
INSERT INTO meds_for_surgery (surgery_id,med) VALUES (806,'Imipenem');
INSERT INTO surgery (id,date,patient_id,doctor_id) VALUES (807,'2019-12-12',360,469);
INSERT INTO meds_for_surgery (surgery_id,med) VALUES (807,'Amifostine');
INSERT INTO surgery (id,date,patient_id,doctor_id) VALUES (808,'2019-12-20',458,312);
INSERT INTO meds_for_surgery (surgery_id,med) VALUES (808,'Fluconazole');
INSERT INTO surgery (id,date,patient_id,doctor_id) VALUES (809,'2019-12-02',87,178);
INSERT INTO meds_for_surgery (surgery_id,med) VALUES (809,'Labetalol');
INSERT INTO surgery (id,date,patient_id,doctor_id) VALUES (810,'2019-12-16',290,401);
INSERT INTO meds_for_surgery (surgery_id,med) VALUES (810,'Amitriptyline');
INSERT INTO surgery (id,date,patient_id,doctor_id) VALUES (811,'2019-12-23',483,120);
INSERT INTO meds_for_surgery (surgery_id,med) VALUES (811,'Lopinavir');
INSERT INTO surgery (id,date,patient_id,doctor_id) VALUES (812,'2019-11-23',58,41);
INSERT INTO meds_for_surgery (surgery_id,med) VALUES (812,'Allopurinol');
INSERT INTO surgery (id,date,patient_id,doctor_id) VALUES (813,'2019-11-30',457,115);
INSERT INTO meds_for_surgery (surgery_id,med) VALUES (813,'Elvitegravir');
INSERT INTO surgery (id,date,patient_id,doctor_id) VALUES (814,'2019-12-02',8,47);
INSERT INTO meds_for_surgery (surgery_id,med) VALUES (814,'Mesna');
INSERT INTO surgery (id,date,patient_id,doctor_id) VALUES (815,'2019-12-15',157,136);
INSERT INTO meds_for_surgery (surgery_id,med) VALUES (815,'Calcium');
INSERT INTO surgery (id,date,patient_id,doctor_id) VALUES (816,'2019-12-03',61,347);
INSERT INTO meds_for_surgery (surgery_id,med) VALUES (816,'Dapsone');
INSERT INTO surgery (id,date,patient_id,doctor_id) VALUES (817,'2019-12-08',371,433);
INSERT INTO meds_for_surgery (surgery_id,med) VALUES (817,'Tobramycin');
INSERT INTO surgery (id,date,patient_id,doctor_id) VALUES (818,'2019-12-25',217,268);
INSERT INTO meds_for_surgery (surgery_id,med) VALUES (818,'Vancomycin');
INSERT INTO surgery (id,date,patient_id,doctor_id) VALUES (819,'2019-11-25',150,433);
INSERT INTO meds_for_surgery (surgery_id,med) VALUES (819,'Carbamazepine');
INSERT INTO surgery (id,date,patient_id,doctor_id) VALUES (820,'2019-12-12',415,62);
INSERT INTO meds_for_surgery (surgery_id,med) VALUES (820,'Procarbazine');
INSERT INTO surgery (id,date,patient_id,doctor_id) VALUES (821,'2019-12-02',227,310);
INSERT INTO meds_for_surgery (surgery_id,med) VALUES (821,'Mitoxantrone');
INSERT INTO surgery (id,date,patient_id,doctor_id) VALUES (822,'2019-12-09',451,348);
INSERT INTO meds_for_surgery (surgery_id,med) VALUES (822,'Amifostine');
INSERT INTO surgery (id,date,patient_id,doctor_id) VALUES (823,'2019-12-07',414,442);
INSERT INTO meds_for_surgery (surgery_id,med) VALUES (823,'Hydrocodone');
INSERT INTO surgery (id,date,patient_id,doctor_id) VALUES (824,'2019-12-14',432,438);
INSERT INTO meds_for_surgery (surgery_id,med) VALUES (824,'Isotretinoin');
INSERT INTO surgery (id,date,patient_id,doctor_id) VALUES (825,'2019-12-20',39,85);
INSERT INTO meds_for_surgery (surgery_id,med) VALUES (825,'Mercaptopurine');
INSERT INTO surgery (id,date,patient_id,doctor_id) VALUES (826,'2019-11-25',426,447);
INSERT INTO meds_for_surgery (surgery_id,med) VALUES (826,'Abacavir');
INSERT INTO surgery (id,date,patient_id,doctor_id) VALUES (827,'2019-11-26',395,358);
INSERT INTO meds_for_surgery (surgery_id,med) VALUES (827,'Megestrol acetate');
INSERT INTO surgery (id,date,patient_id,doctor_id) VALUES (828,'2019-12-08',182,391);
INSERT INTO meds_for_surgery (surgery_id,med) VALUES (828,'Etoposide');
INSERT INTO surgery (id,date,patient_id,doctor_id) VALUES (829,'2019-12-20',413,323);
INSERT INTO meds_for_surgery (surgery_id,med) VALUES (829,'Lopinavir');
INSERT INTO surgery (id,date,patient_id,doctor_id) VALUES (830,'2019-12-07',426,78);
INSERT INTO meds_for_surgery (surgery_id,med) VALUES (830,'Mesna');
INSERT INTO surgery (id,date,patient_id,doctor_id) VALUES (831,'2019-12-26',395,438);
INSERT INTO meds_for_surgery (surgery_id,med) VALUES (831,'Dasatinib');
INSERT INTO surgery (id,date,patient_id,doctor_id) VALUES (832,'2019-11-26',371,469);
INSERT INTO meds_for_surgery (surgery_id,med) VALUES (832,'Enoxaparin');
INSERT INTO surgery (id,date,patient_id,doctor_id) VALUES (833,'2019-12-08',478,263);
INSERT INTO meds_for_surgery (surgery_id,med) VALUES (833,'Cephalexin');
INSERT INTO surgery (id,date,patient_id,doctor_id) VALUES (834,'2019-12-11',177,40);
INSERT INTO meds_for_surgery (surgery_id,med) VALUES (834,'Tretinoin');
INSERT INTO surgery (id,date,patient_id,doctor_id) VALUES (835,'2019-12-26',296,62);
INSERT INTO meds_for_surgery (surgery_id,med) VALUES (835,'Tretinoin');
INSERT INTO surgery (id,date,patient_id,doctor_id) VALUES (836,'2019-12-09',172,379);
INSERT INTO meds_for_surgery (surgery_id,med) VALUES (836,'Thiotepa');
INSERT INTO surgery (id,date,patient_id,doctor_id) VALUES (837,'2019-12-12',330,252);
INSERT INTO meds_for_surgery (surgery_id,med) VALUES (837,'Hydromorphone');
INSERT INTO surgery (id,date,patient_id,doctor_id) VALUES (838,'2019-12-14',76,314);
INSERT INTO meds_for_surgery (surgery_id,med) VALUES (838,'Ruxolitinib');
INSERT INTO surgery (id,date,patient_id,doctor_id) VALUES (839,'2019-12-04',430,149);
INSERT INTO meds_for_surgery (surgery_id,med) VALUES (839,'Raltegravir');
INSERT INTO surgery (id,date,patient_id,doctor_id) VALUES (840,'2019-11-30',354,273);
INSERT INTO meds_for_surgery (surgery_id,med) VALUES (840,'G-CSF');
INSERT INTO surgery (id,date,patient_id,doctor_id) VALUES (841,'2019-12-24',387,358);
INSERT INTO meds_for_surgery (surgery_id,med) VALUES (841,'Cyclophosphamide');
INSERT INTO surgery (id,date,patient_id,doctor_id) VALUES (842,'2019-12-24',330,492);
INSERT INTO meds_for_surgery (surgery_id,med) VALUES (842,'Hydroxyurea');
INSERT INTO surgery (id,date,patient_id,doctor_id) VALUES (843,'2019-12-01',430,229);
INSERT INTO meds_for_surgery (surgery_id,med) VALUES (843,'Raltegravir');
INSERT INTO surgery (id,date,patient_id,doctor_id) VALUES (844,'2019-12-11',109,85);
INSERT INTO meds_for_surgery (surgery_id,med) VALUES (844,'L-glutamine');
INSERT INTO surgery (id,date,patient_id,doctor_id) VALUES (845,'2019-12-14',150,492);
INSERT INTO meds_for_surgery (surgery_id,med) VALUES (845,'Paclitaxel');
INSERT INTO surgery (id,date,patient_id,doctor_id) VALUES (846,'2019-12-12',87,472);
INSERT INTO meds_for_surgery (surgery_id,med) VALUES (846,'Heparin');
INSERT INTO surgery (id,date,patient_id,doctor_id) VALUES (847,'2019-12-15',346,78);
INSERT INTO meds_for_surgery (surgery_id,med) VALUES (847,'Atenolol');
INSERT INTO surgery (id,date,patient_id,doctor_id) VALUES (848,'2019-12-14',255,152);
INSERT INTO meds_for_surgery (surgery_id,med) VALUES (848,'Ganciclovir');
INSERT INTO surgery (id,date,patient_id,doctor_id) VALUES (849,'2019-12-19',150,66);
INSERT INTO meds_for_surgery (surgery_id,med) VALUES (849,'Cisplatin');
INSERT INTO surgery (id,date,patient_id,doctor_id) VALUES (850,'2019-12-02',299,149);
INSERT INTO meds_for_surgery (surgery_id,med) VALUES (850,'Bleomycin');
INSERT INTO surgery (id,date,patient_id,doctor_id) VALUES (851,'2019-12-19',499,186);
INSERT INTO meds_for_surgery (surgery_id,med) VALUES (851,'Raltegravir');
INSERT INTO surgery (id,date,patient_id,doctor_id) VALUES (852,'2019-12-20',399,138);
INSERT INTO meds_for_surgery (surgery_id,med) VALUES (852,'Doxorubicin');
INSERT INTO surgery (id,date,patient_id,doctor_id) VALUES (853,'2019-11-27',60,391);
INSERT INTO meds_for_surgery (surgery_id,med) VALUES (853,'Famciclovir');
INSERT INTO surgery (id,date,patient_id,doctor_id) VALUES (854,'2019-12-12',457,479);
INSERT INTO meds_for_surgery (surgery_id,med) VALUES (854,'Dexamethasone');
INSERT INTO surgery (id,date,patient_id,doctor_id) VALUES (855,'2019-11-25',119,178);
INSERT INTO meds_for_surgery (surgery_id,med) VALUES (855,'Dinutuximab');
INSERT INTO surgery (id,date,patient_id,doctor_id) VALUES (856,'2019-12-04',241,97);
INSERT INTO meds_for_surgery (surgery_id,med) VALUES (856,'Teniposide');
INSERT INTO surgery (id,date,patient_id,doctor_id) VALUES (857,'2019-12-19',397,62);
INSERT INTO meds_for_surgery (surgery_id,med) VALUES (857,'Dasatinib');
INSERT INTO surgery (id,date,patient_id,doctor_id) VALUES (858,'2019-12-27',142,469);
INSERT INTO meds_for_surgery (surgery_id,med) VALUES (858,'Hydromorphone');
INSERT INTO surgery (id,date,patient_id,doctor_id) VALUES (859,'2019-12-27',429,18);
INSERT INTO meds_for_surgery (surgery_id,med) VALUES (859,'Penicillin');
INSERT INTO surgery (id,date,patient_id,doctor_id) VALUES (860,'2019-12-01',330,115);
INSERT INTO meds_for_surgery (surgery_id,med) VALUES (860,'Interferon');
INSERT INTO surgery (id,date,patient_id,doctor_id) VALUES (861,'2019-11-28',430,250);
INSERT INTO meds_for_surgery (surgery_id,med) VALUES (861,'Voriconazole');
INSERT INTO surgery (id,date,patient_id,doctor_id) VALUES (862,'2019-12-22',260,47);
INSERT INTO meds_for_surgery (surgery_id,med) VALUES (862,'Enoxaparin');
INSERT INTO surgery (id,date,patient_id,doctor_id) VALUES (863,'2019-12-27',387,288);
INSERT INTO meds_for_surgery (surgery_id,med) VALUES (863,'Prednisone');
INSERT INTO surgery (id,date,patient_id,doctor_id) VALUES (864,'2019-12-06',330,66);
INSERT INTO meds_for_surgery (surgery_id,med) VALUES (864,'Tretinoin');
INSERT INTO surgery (id,date,patient_id,doctor_id) VALUES (865,'2019-11-30',304,480);
INSERT INTO meds_for_surgery (surgery_id,med) VALUES (865,'Metronidazole');
INSERT INTO surgery (id,date,patient_id,doctor_id) VALUES (866,'2019-12-24',117,314);
INSERT INTO meds_for_surgery (surgery_id,med) VALUES (866,'Phenobarbital');
INSERT INTO surgery (id,date,patient_id,doctor_id) VALUES (867,'2019-12-09',283,294);
INSERT INTO meds_for_surgery (surgery_id,med) VALUES (867,'Raltegravir');
INSERT INTO surgery (id,date,patient_id,doctor_id) VALUES (868,'2019-12-13',432,263);
INSERT INTO meds_for_surgery (surgery_id,med) VALUES (868,'Dopamine');
INSERT INTO surgery (id,date,patient_id,doctor_id) VALUES (869,'2019-12-06',164,54);
INSERT INTO meds_for_surgery (surgery_id,med) VALUES (869,'Tretinoin');
INSERT INTO surgery (id,date,patient_id,doctor_id) VALUES (870,'2019-12-05',343,138);
INSERT INTO meds_for_surgery (surgery_id,med) VALUES (870,'Immune');
INSERT INTO surgery (id,date,patient_id,doctor_id) VALUES (871,'2019-12-21',119,379);
INSERT INTO meds_for_surgery (surgery_id,med) VALUES (871,'Hydroxyurea');
INSERT INTO surgery (id,date,patient_id,doctor_id) VALUES (872,'2019-12-04',395,348);
INSERT INTO meds_for_surgery (surgery_id,med) VALUES (872,'Micafungin');
INSERT INTO surgery (id,date,patient_id,doctor_id) VALUES (873,'2019-11-23',444,447);
INSERT INTO meds_for_surgery (surgery_id,med) VALUES (873,'Clindamycin');
INSERT INTO surgery (id,date,patient_id,doctor_id) VALUES (874,'2019-12-12',119,392);
INSERT INTO meds_for_surgery (surgery_id,med) VALUES (874,'Crizotinib');
INSERT INTO surgery (id,date,patient_id,doctor_id) VALUES (875,'2019-12-27',489,358);
INSERT INTO meds_for_surgery (surgery_id,med) VALUES (875,'Clobazam');
INSERT INTO surgery (id,date,patient_id,doctor_id) VALUES (876,'2019-12-09',415,333);
INSERT INTO meds_for_surgery (surgery_id,med) VALUES (876,'Erythropoietin');
INSERT INTO surgery (id,date,patient_id,doctor_id) VALUES (877,'2019-12-16',327,219);
INSERT INTO meds_for_surgery (surgery_id,med) VALUES (877,'Irinotecan');
INSERT INTO surgery (id,date,patient_id,doctor_id) VALUES (878,'2019-11-26',248,252);
INSERT INTO meds_for_surgery (surgery_id,med) VALUES (878,'Sugammadex');
INSERT INTO surgery (id,date,patient_id,doctor_id) VALUES (879,'2019-12-01',488,312);
INSERT INTO meds_for_surgery (surgery_id,med) VALUES (879,'Elvitegravir');
INSERT INTO surgery (id,date,patient_id,doctor_id) VALUES (880,'2019-12-21',395,442);
INSERT INTO meds_for_surgery (surgery_id,med) VALUES (880,'Clobazam');
INSERT INTO surgery (id,date,patient_id,doctor_id) VALUES (881,'2019-12-21',413,310);
INSERT INTO meds_for_surgery (surgery_id,med) VALUES (881,'Rivaroxaban');
INSERT INTO surgery (id,date,patient_id,doctor_id) VALUES (882,'2019-12-04',150,314);
INSERT INTO meds_for_surgery (surgery_id,med) VALUES (882,'Phenobarbital');
INSERT INTO surgery (id,date,patient_id,doctor_id) VALUES (883,'2019-12-23',264,186);
INSERT INTO meds_for_surgery (surgery_id,med) VALUES (883,'Zidovudine');
INSERT INTO surgery (id,date,patient_id,doctor_id) VALUES (884,'2019-12-03',415,469);
INSERT INTO meds_for_surgery (surgery_id,med) VALUES (884,'Clarithromycin');
INSERT INTO surgery (id,date,patient_id,doctor_id) VALUES (885,'2019-12-06',227,273);
INSERT INTO meds_for_surgery (surgery_id,med) VALUES (885,'Micafungin');
INSERT INTO surgery (id,date,patient_id,doctor_id) VALUES (886,'2019-11-30',290,215);
INSERT INTO meds_for_surgery (surgery_id,med) VALUES (886,'Tacrolimus');
INSERT INTO surgery (id,date,patient_id,doctor_id) VALUES (887,'2019-11-27',371,40);
INSERT INTO meds_for_surgery (surgery_id,med) VALUES (887,'Crizotinib');
INSERT INTO surgery (id,date,patient_id,doctor_id) VALUES (888,'2019-12-01',451,469);
INSERT INTO meds_for_surgery (surgery_id,med) VALUES (888,'Pemetrexed');
INSERT INTO surgery (id,date,patient_id,doctor_id) VALUES (889,'2019-12-23',25,332);
INSERT INTO meds_for_surgery (surgery_id,med) VALUES (889,'Ranitidine');
INSERT INTO surgery (id,date,patient_id,doctor_id) VALUES (890,'2019-12-20',397,17);
INSERT INTO meds_for_surgery (surgery_id,med) VALUES (890,'Cefixime');
INSERT INTO surgery (id,date,patient_id,doctor_id) VALUES (891,'2019-12-07',304,332);
INSERT INTO meds_for_surgery (surgery_id,med) VALUES (891,'Deferasirox');
INSERT INTO surgery (id,date,patient_id,doctor_id) VALUES (892,'2019-12-24',227,333);
INSERT INTO meds_for_surgery (surgery_id,med) VALUES (892,'Amikacin');
INSERT INTO surgery (id,date,patient_id,doctor_id) VALUES (893,'2019-12-21',499,173);
INSERT INTO meds_for_surgery (surgery_id,med) VALUES (893,'Amifostine');
INSERT INTO surgery (id,date,patient_id,doctor_id) VALUES (894,'2019-12-19',471,62);
INSERT INTO meds_for_surgery (surgery_id,med) VALUES (894,'Dactinomycin');
INSERT INTO surgery (id,date,patient_id,doctor_id) VALUES (895,'2019-12-15',475,436);
INSERT INTO meds_for_surgery (surgery_id,med) VALUES (895,'Imatinib');
INSERT INTO surgery (id,date,patient_id,doctor_id) VALUES (896,'2019-12-15',488,273);
INSERT INTO meds_for_surgery (surgery_id,med) VALUES (896,'Etonogestrel');
INSERT INTO surgery (id,date,patient_id,doctor_id) VALUES (897,'2019-12-09',283,358);
INSERT INTO meds_for_surgery (surgery_id,med) VALUES (897,'Mycophenolate');
INSERT INTO surgery (id,date,patient_id,doctor_id) VALUES (898,'2019-12-11',177,229);
INSERT INTO meds_for_surgery (surgery_id,med) VALUES (898,'Valproic acid');
INSERT INTO surgery (id,date,patient_id,doctor_id) VALUES (899,'2019-11-29',346,17);
INSERT INTO meds_for_surgery (surgery_id,med) VALUES (899,'Ritonavir');
INSERT INTO surgery (id,date,patient_id,doctor_id) VALUES (900,'2019-11-29',223,229);
INSERT INTO meds_for_surgery (surgery_id,med) VALUES (900,'Nevirapine');
INSERT INTO surgery (id,date,patient_id,doctor_id) VALUES (901,'2019-11-27',157,370);
INSERT INTO meds_for_surgery (surgery_id,med) VALUES (901,'Dobutamine');
INSERT INTO surgery (id,date,patient_id,doctor_id) VALUES (902,'2019-12-09',25,355);
INSERT INTO meds_for_surgery (surgery_id,med) VALUES (902,'Baclofen');
INSERT INTO surgery (id,date,patient_id,doctor_id) VALUES (903,'2019-12-01',429,66);
INSERT INTO meds_for_surgery (surgery_id,med) VALUES (903,'Posaconazole');
INSERT INTO surgery (id,date,patient_id,doctor_id) VALUES (904,'2019-12-01',444,115);
INSERT INTO meds_for_surgery (surgery_id,med) VALUES (904,'Meperidine');
INSERT INTO surgery (id,date,patient_id,doctor_id) VALUES (905,'2019-12-18',177,149);
INSERT INTO meds_for_surgery (surgery_id,med) VALUES (905,'Alendronate');
INSERT INTO surgery (id,date,patient_id,doctor_id) VALUES (906,'2019-11-30',168,115);
INSERT INTO meds_for_surgery (surgery_id,med) VALUES (906,'Prednisone');
INSERT INTO surgery (id,date,patient_id,doctor_id) VALUES (907,'2019-11-26',39,62);
INSERT INTO meds_for_surgery (surgery_id,med) VALUES (907,'Ceftazidime');
INSERT INTO surgery (id,date,patient_id,doctor_id) VALUES (908,'2019-12-09',109,115);
INSERT INTO meds_for_surgery (surgery_id,med) VALUES (908,'Melphalan');
INSERT INTO surgery (id,date,patient_id,doctor_id) VALUES (909,'2019-12-01',87,438);
INSERT INTO meds_for_surgery (surgery_id,med) VALUES (909,'Amoxicillin');
INSERT INTO surgery (id,date,patient_id,doctor_id) VALUES (910,'2019-12-06',413,210);
INSERT INTO meds_for_surgery (surgery_id,med) VALUES (910,'Rituximab');
INSERT INTO surgery (id,date,patient_id,doctor_id) VALUES (911,'2019-12-25',374,54);
INSERT INTO meds_for_surgery (surgery_id,med) VALUES (911,'Daunorubicin');
INSERT INTO surgery (id,date,patient_id,doctor_id) VALUES (912,'2019-12-23',111,366);
INSERT INTO meds_for_surgery (surgery_id,med) VALUES (912,'Enalapril');
INSERT INTO surgery (id,date,patient_id,doctor_id) VALUES (913,'2019-12-16',451,74);
INSERT INTO meds_for_surgery (surgery_id,med) VALUES (913,'Rilpivirine');
INSERT INTO surgery (id,date,patient_id,doctor_id) VALUES (914,'2019-12-26',220,388);
INSERT INTO meds_for_surgery (surgery_id,med) VALUES (914,'Oxycodone');
INSERT INTO surgery (id,date,patient_id,doctor_id) VALUES (915,'2019-12-09',94,438);
INSERT INTO meds_for_surgery (surgery_id,med) VALUES (915,'Emtricitabine');
INSERT INTO surgery (id,date,patient_id,doctor_id) VALUES (916,'2019-12-03',240,66);
INSERT INTO meds_for_surgery (surgery_id,med) VALUES (916,'Dobutamine');
INSERT INTO surgery (id,date,patient_id,doctor_id) VALUES (917,'2019-12-27',88,479);
INSERT INTO meds_for_surgery (surgery_id,med) VALUES (917,'Propoxyphene');
INSERT INTO surgery (id,date,patient_id,doctor_id) VALUES (918,'2019-12-19',88,97);
INSERT INTO meds_for_surgery (surgery_id,med) VALUES (918,'Sugammadex');
INSERT INTO surgery (id,date,patient_id,doctor_id) VALUES (919,'2019-11-23',371,199);
INSERT INTO meds_for_surgery (surgery_id,med) VALUES (919,'Penicillin');
INSERT INTO surgery (id,date,patient_id,doctor_id) VALUES (920,'2019-12-11',58,103);
INSERT INTO meds_for_surgery (surgery_id,med) VALUES (920,'Cisplatin');
INSERT INTO surgery (id,date,patient_id,doctor_id) VALUES (921,'2019-12-03',413,268);
INSERT INTO meds_for_surgery (surgery_id,med) VALUES (921,'Prednisone');
INSERT INTO surgery (id,date,patient_id,doctor_id) VALUES (922,'2019-12-16',111,442);
INSERT INTO meds_for_surgery (surgery_id,med) VALUES (922,'Atovaquone');
INSERT INTO surgery (id,date,patient_id,doctor_id) VALUES (923,'2019-11-28',462,62);
INSERT INTO meds_for_surgery (surgery_id,med) VALUES (923,'Nelfinavir');
INSERT INTO surgery (id,date,patient_id,doctor_id) VALUES (924,'2019-11-24',429,348);
INSERT INTO meds_for_surgery (surgery_id,med) VALUES (924,'Teniposide');
INSERT INTO surgery (id,date,patient_id,doctor_id) VALUES (925,'2019-12-11',109,97);
INSERT INTO meds_for_surgery (surgery_id,med) VALUES (925,'Fluconazole');
INSERT INTO surgery (id,date,patient_id,doctor_id) VALUES (926,'2019-12-14',499,288);
INSERT INTO meds_for_surgery (surgery_id,med) VALUES (926,'Deferasirox');
INSERT INTO surgery (id,date,patient_id,doctor_id) VALUES (927,'2019-12-19',182,136);
INSERT INTO meds_for_surgery (surgery_id,med) VALUES (927,'Methadone');
INSERT INTO surgery (id,date,patient_id,doctor_id) VALUES (928,'2019-12-12',299,173);
INSERT INTO meds_for_surgery (surgery_id,med) VALUES (928,'Atovaquone');
INSERT INTO surgery (id,date,patient_id,doctor_id) VALUES (929,'2019-11-30',255,285);
INSERT INTO meds_for_surgery (surgery_id,med) VALUES (929,'Ruxolitinib');
INSERT INTO surgery (id,date,patient_id,doctor_id) VALUES (930,'2019-12-04',5,252);
INSERT INTO meds_for_surgery (surgery_id,med) VALUES (930,'Bleomycin');
INSERT INTO surgery (id,date,patient_id,doctor_id) VALUES (931,'2019-12-22',304,136);
INSERT INTO meds_for_surgery (surgery_id,med) VALUES (931,'Rituximab');
INSERT INTO surgery (id,date,patient_id,doctor_id) VALUES (932,'2019-11-29',430,273);
INSERT INTO meds_for_surgery (surgery_id,med) VALUES (932,'Ketoconazole');
INSERT INTO surgery (id,date,patient_id,doctor_id) VALUES (933,'2019-11-29',457,97);
INSERT INTO meds_for_surgery (surgery_id,med) VALUES (933,'Erlotinib');
INSERT INTO surgery (id,date,patient_id,doctor_id) VALUES (934,'2019-11-26',457,442);
INSERT INTO meds_for_surgery (surgery_id,med) VALUES (934,'Zidovudine');
INSERT INTO surgery (id,date,patient_id,doctor_id) VALUES (935,'2019-12-09',164,54);
INSERT INTO meds_for_surgery (surgery_id,med) VALUES (935,'Methadone');
INSERT INTO surgery (id,date,patient_id,doctor_id) VALUES (936,'2019-12-24',488,144);
INSERT INTO meds_for_surgery (surgery_id,med) VALUES (936,'Dasatinib');
INSERT INTO surgery (id,date,patient_id,doctor_id) VALUES (937,'2019-12-03',156,47);
INSERT INTO meds_for_surgery (surgery_id,med) VALUES (937,'Amitriptyline');
INSERT INTO surgery (id,date,patient_id,doctor_id) VALUES (938,'2019-12-25',299,152);
INSERT INTO meds_for_surgery (surgery_id,med) VALUES (938,'Pentamidine');
INSERT INTO surgery (id,date,patient_id,doctor_id) VALUES (939,'2019-12-20',76,199);
INSERT INTO meds_for_surgery (surgery_id,med) VALUES (939,'Fluorouracil');
INSERT INTO surgery (id,date,patient_id,doctor_id) VALUES (940,'2019-12-16',93,85);
INSERT INTO meds_for_surgery (surgery_id,med) VALUES (940,'Cephalexin');
INSERT INTO surgery (id,date,patient_id,doctor_id) VALUES (941,'2019-12-01',283,18);
INSERT INTO meds_for_surgery (surgery_id,med) VALUES (941,'Erythropoietin');
INSERT INTO surgery (id,date,patient_id,doctor_id) VALUES (942,'2019-11-27',88,40);
INSERT INTO meds_for_surgery (surgery_id,med) VALUES (942,'Methylphenidate');
INSERT INTO surgery (id,date,patient_id,doctor_id) VALUES (943,'2019-12-03',496,17);
INSERT INTO meds_for_surgery (surgery_id,med) VALUES (943,'Meperidine');
INSERT INTO surgery (id,date,patient_id,doctor_id) VALUES (944,'2019-12-05',457,197);
INSERT INTO meds_for_surgery (surgery_id,med) VALUES (944,'Cisplatin');
INSERT INTO surgery (id,date,patient_id,doctor_id) VALUES (945,'2019-12-24',172,173);
INSERT INTO meds_for_surgery (surgery_id,med) VALUES (945,'Dobutamine');
INSERT INTO surgery (id,date,patient_id,doctor_id) VALUES (946,'2019-11-25',458,152);
INSERT INTO meds_for_surgery (surgery_id,med) VALUES (946,'Enoxaparin');
INSERT INTO surgery (id,date,patient_id,doctor_id) VALUES (947,'2019-11-29',39,210);
INSERT INTO meds_for_surgery (surgery_id,med) VALUES (947,'Posaconazole');
INSERT INTO surgery (id,date,patient_id,doctor_id) VALUES (948,'2019-12-06',395,115);
INSERT INTO meds_for_surgery (surgery_id,med) VALUES (948,'Gefitinib');
INSERT INTO surgery (id,date,patient_id,doctor_id) VALUES (949,'2019-12-25',451,310);
INSERT INTO meds_for_surgery (surgery_id,med) VALUES (949,'Dacarbazine');
INSERT INTO surgery (id,date,patient_id,doctor_id) VALUES (950,'2019-11-26',432,492);
INSERT INTO meds_for_surgery (surgery_id,med) VALUES (950,'Carmustine');
INSERT INTO surgery (id,date,patient_id,doctor_id) VALUES (951,'2019-12-11',88,288);
INSERT INTO meds_for_surgery (surgery_id,med) VALUES (951,'Ritonavir');
INSERT INTO surgery (id,date,patient_id,doctor_id) VALUES (952,'2019-12-08',478,199);
INSERT INTO meds_for_surgery (surgery_id,med) VALUES (952,'Heparin');
INSERT INTO surgery (id,date,patient_id,doctor_id) VALUES (953,'2019-12-05',414,173);
INSERT INTO meds_for_surgery (surgery_id,med) VALUES (953,'Enoxaparin');
INSERT INTO surgery (id,date,patient_id,doctor_id) VALUES (954,'2019-12-27',94,391);
INSERT INTO meds_for_surgery (surgery_id,med) VALUES (954,'Efavirenz');
INSERT INTO surgery (id,date,patient_id,doctor_id) VALUES (955,'2019-12-10',25,391);
INSERT INTO meds_for_surgery (surgery_id,med) VALUES (955,'Acyclovir');
INSERT INTO surgery (id,date,patient_id,doctor_id) VALUES (956,'2019-12-08',404,229);
INSERT INTO meds_for_surgery (surgery_id,med) VALUES (956,'Deferasirox');
INSERT INTO surgery (id,date,patient_id,doctor_id) VALUES (957,'2019-12-09',499,136);
INSERT INTO meds_for_surgery (surgery_id,med) VALUES (957,'Promethazine');
INSERT INTO surgery (id,date,patient_id,doctor_id) VALUES (958,'2019-12-18',496,391);
INSERT INTO meds_for_surgery (surgery_id,med) VALUES (958,'Heparin');
INSERT INTO surgery (id,date,patient_id,doctor_id) VALUES (959,'2019-12-20',339,436);
INSERT INTO meds_for_surgery (surgery_id,med) VALUES (959,'Metronidazole');
INSERT INTO surgery (id,date,patient_id,doctor_id) VALUES (960,'2019-12-09',168,152);
INSERT INTO meds_for_surgery (surgery_id,med) VALUES (960,'Vancomycin');
INSERT INTO surgery (id,date,patient_id,doctor_id) VALUES (961,'2019-12-13',327,199);
INSERT INTO meds_for_surgery (surgery_id,med) VALUES (961,'Valproic acid');
INSERT INTO surgery (id,date,patient_id,doctor_id) VALUES (962,'2019-12-20',260,439);
INSERT INTO meds_for_surgery (surgery_id,med) VALUES (962,'Tenofovir');
INSERT INTO surgery (id,date,patient_id,doctor_id) VALUES (963,'2019-12-24',175,312);
INSERT INTO meds_for_surgery (surgery_id,med) VALUES (963,'Meloxicam');
INSERT INTO surgery (id,date,patient_id,doctor_id) VALUES (964,'2019-12-08',360,171);
INSERT INTO meds_for_surgery (surgery_id,med) VALUES (964,'Enalapril');
INSERT INTO surgery (id,date,patient_id,doctor_id) VALUES (965,'2019-12-01',430,480);
INSERT INTO meds_for_surgery (surgery_id,med) VALUES (965,'Labetalol');
INSERT INTO surgery (id,date,patient_id,doctor_id) VALUES (966,'2019-11-28',343,323);
INSERT INTO meds_for_surgery (surgery_id,med) VALUES (966,'Bortezomib');
INSERT INTO surgery (id,date,patient_id,doctor_id) VALUES (967,'2019-11-27',385,469);
INSERT INTO meds_for_surgery (surgery_id,med) VALUES (967,'Carbamazepine');
INSERT INTO surgery (id,date,patient_id,doctor_id) VALUES (968,'2019-11-29',346,178);
INSERT INTO meds_for_surgery (surgery_id,med) VALUES (968,'Rivaroxaban');
INSERT INTO surgery (id,date,patient_id,doctor_id) VALUES (969,'2019-12-20',240,197);
INSERT INTO meds_for_surgery (surgery_id,med) VALUES (969,'Mechlorethamine');
INSERT INTO surgery (id,date,patient_id,doctor_id) VALUES (970,'2019-11-28',208,57);
INSERT INTO meds_for_surgery (surgery_id,med) VALUES (970,'Metronidazole');
INSERT INTO surgery (id,date,patient_id,doctor_id) VALUES (971,'2019-12-27',248,355);
INSERT INTO meds_for_surgery (surgery_id,med) VALUES (971,'Aminocaproic Acid');
INSERT INTO surgery (id,date,patient_id,doctor_id) VALUES (972,'2019-12-03',109,474);
INSERT INTO meds_for_surgery (surgery_id,med) VALUES (972,'Imatinib');
INSERT INTO surgery (id,date,patient_id,doctor_id) VALUES (973,'2019-12-05',346,479);
INSERT INTO meds_for_surgery (surgery_id,med) VALUES (973,'Erythropoietin');
INSERT INTO surgery (id,date,patient_id,doctor_id) VALUES (974,'2019-12-22',119,492);
INSERT INTO meds_for_surgery (surgery_id,med) VALUES (974,'Eltrombopag');
INSERT INTO surgery (id,date,patient_id,doctor_id) VALUES (975,'2019-12-15',371,439);
INSERT INTO meds_for_surgery (surgery_id,med) VALUES (975,'Penicillin');
INSERT INTO surgery (id,date,patient_id,doctor_id) VALUES (976,'2019-11-30',208,97);
INSERT INTO meds_for_surgery (surgery_id,med) VALUES (976,'Ritonavir');
INSERT INTO surgery (id,date,patient_id,doctor_id) VALUES (977,'2019-12-18',93,136);
INSERT INTO meds_for_surgery (surgery_id,med) VALUES (977,'Ifosfamide');
INSERT INTO surgery (id,date,patient_id,doctor_id) VALUES (978,'2019-11-27',168,332);
INSERT INTO meds_for_surgery (surgery_id,med) VALUES (978,'Allopurinol');
INSERT INTO surgery (id,date,patient_id,doctor_id) VALUES (979,'2019-12-08',283,442);
INSERT INTO meds_for_surgery (surgery_id,med) VALUES (979,'Irinotecan');
INSERT INTO surgery (id,date,patient_id,doctor_id) VALUES (980,'2019-12-10',157,392);
INSERT INTO meds_for_surgery (surgery_id,med) VALUES (980,'Carboplatin');
INSERT INTO surgery (id,date,patient_id,doctor_id) VALUES (981,'2019-12-06',330,467);
INSERT INTO meds_for_surgery (surgery_id,med) VALUES (981,'Posaconazole');
INSERT INTO surgery (id,date,patient_id,doctor_id) VALUES (982,'2019-12-16',260,379);
INSERT INTO meds_for_surgery (surgery_id,med) VALUES (982,'Bosentan');
INSERT INTO surgery (id,date,patient_id,doctor_id) VALUES (983,'2019-12-27',156,250);
INSERT INTO meds_for_surgery (surgery_id,med) VALUES (983,'Erythromycin');
INSERT INTO surgery (id,date,patient_id,doctor_id) VALUES (984,'2019-12-08',360,219);
INSERT INTO meds_for_surgery (surgery_id,med) VALUES (984,'Pemetrexed');
INSERT INTO surgery (id,date,patient_id,doctor_id) VALUES (985,'2019-12-21',25,78);
INSERT INTO meds_for_surgery (surgery_id,med) VALUES (985,'Labetalol');
INSERT INTO surgery (id,date,patient_id,doctor_id) VALUES (986,'2019-11-28',397,215);
INSERT INTO meds_for_surgery (surgery_id,med) VALUES (986,'Cyclophosphamide');
INSERT INTO surgery (id,date,patient_id,doctor_id) VALUES (987,'2019-12-12',161,347);
INSERT INTO meds_for_surgery (surgery_id,med) VALUES (987,'Tobramycin');
INSERT INTO surgery (id,date,patient_id,doctor_id) VALUES (988,'2019-12-01',100,120);
INSERT INTO meds_for_surgery (surgery_id,med) VALUES (988,'Clarithromycin');
INSERT INTO surgery (id,date,patient_id,doctor_id) VALUES (989,'2019-12-25',92,388);
INSERT INTO meds_for_surgery (surgery_id,med) VALUES (989,'Hydralazine');
INSERT INTO surgery (id,date,patient_id,doctor_id) VALUES (990,'2019-11-29',246,199);
INSERT INTO meds_for_surgery (surgery_id,med) VALUES (990,'Etonogestrel');
INSERT INTO surgery (id,date,patient_id,doctor_id) VALUES (991,'2019-12-13',415,370);
INSERT INTO meds_for_surgery (surgery_id,med) VALUES (991,'Meperidine');
INSERT INTO surgery (id,date,patient_id,doctor_id) VALUES (992,'2019-12-27',223,17);
INSERT INTO meds_for_surgery (surgery_id,med) VALUES (992,'Atovaquone');
INSERT INTO surgery (id,date,patient_id,doctor_id) VALUES (993,'2019-12-17',488,401);
INSERT INTO meds_for_surgery (surgery_id,med) VALUES (993,'Clofarabine');
INSERT INTO surgery (id,date,patient_id,doctor_id) VALUES (994,'2019-11-24',458,391);
INSERT INTO meds_for_surgery (surgery_id,med) VALUES (994,'Interferon');
INSERT INTO surgery (id,date,patient_id,doctor_id) VALUES (995,'2019-12-15',371,262);
INSERT INTO meds_for_surgery (surgery_id,med) VALUES (995,'Cephalexin');
INSERT INTO surgery (id,date,patient_id,doctor_id) VALUES (996,'2019-11-26',177,388);
INSERT INTO meds_for_surgery (surgery_id,med) VALUES (996,'Cyproheptadine');
INSERT INTO surgery (id,date,patient_id,doctor_id) VALUES (997,'2019-12-22',177,250);
INSERT INTO meds_for_surgery (surgery_id,med) VALUES (997,'Oxycodone');
INSERT INTO surgery (id,date,patient_id,doctor_id) VALUES (998,'2019-11-29',432,138);
INSERT INTO meds_for_surgery (surgery_id,med) VALUES (998,'Rivaroxaban');
INSERT INTO surgery (id,date,patient_id,doctor_id) VALUES (999,'2019-11-28',346,366);
INSERT INTO meds_for_surgery (surgery_id,med) VALUES (999,'Sucralfate');
INSERT INTO surgery (id,date,patient_id,doctor_id) VALUES (1000,'2019-12-03',304,268);
INSERT INTO meds_for_surgery (surgery_id,med) VALUES (1000,'Elvitegravir');
INSERT INTO surgery (id,date,patient_id,doctor_id) VALUES (1001,'2019-12-04',371,467);
INSERT INTO meds_for_surgery (surgery_id,med) VALUES (1001,'Amitriptyline');
INSERT INTO surgery (id,date,patient_id,doctor_id) VALUES (1002,'2019-12-25',220,325);
INSERT INTO meds_for_surgery (surgery_id,med) VALUES (1002,'Mechlorethamine');
INSERT INTO surgery (id,date,patient_id,doctor_id) VALUES (1003,'2019-12-15',430,18);
INSERT INTO meds_for_surgery (surgery_id,med) VALUES (1003,'Meperidine');
INSERT INTO surgery (id,date,patient_id,doctor_id) VALUES (1004,'2019-12-01',175,263);
INSERT INTO meds_for_surgery (surgery_id,med) VALUES (1004,'Pemetrexed');
INSERT INTO surgery (id,date,patient_id,doctor_id) VALUES (1005,'2019-11-25',87,4);
INSERT INTO meds_for_surgery (surgery_id,med) VALUES (1005,'Elvitegravir');
INSERT INTO surgery (id,date,patient_id,doctor_id) VALUES (1006,'2019-12-19',60,80);
INSERT INTO meds_for_surgery (surgery_id,med) VALUES (1006,'Etravirine');
INSERT INTO surgery (id,date,patient_id,doctor_id) VALUES (1007,'2019-12-06',289,348);
INSERT INTO meds_for_surgery (surgery_id,med) VALUES (1007,'Crizotinib');
INSERT INTO surgery (id,date,patient_id,doctor_id) VALUES (1008,'2019-11-26',208,74);
INSERT INTO meds_for_surgery (surgery_id,med) VALUES (1008,'Sucralfate');
INSERT INTO surgery (id,date,patient_id,doctor_id) VALUES (1009,'2019-12-17',25,309);
INSERT INTO meds_for_surgery (surgery_id,med) VALUES (1009,'Gemtuzumab');
INSERT INTO surgery (id,date,patient_id,doctor_id) VALUES (1010,'2019-12-24',60,263);
INSERT INTO meds_for_surgery (surgery_id,med) VALUES (1010,'Carboplatin');
INSERT INTO surgery (id,date,patient_id,doctor_id) VALUES (1011,'2019-12-14',471,447);
INSERT INTO meds_for_surgery (surgery_id,med) VALUES (1011,'Busulfan');
INSERT INTO surgery (id,date,patient_id,doctor_id) VALUES (1012,'2019-12-16',182,294);
INSERT INTO meds_for_surgery (surgery_id,med) VALUES (1012,'Calcium');
INSERT INTO surgery (id,date,patient_id,doctor_id) VALUES (1013,'2019-12-08',289,210);
INSERT INTO meds_for_surgery (surgery_id,med) VALUES (1013,'Saquinavir');
INSERT INTO surgery (id,date,patient_id,doctor_id) VALUES (1014,'2019-12-17',397,310);
INSERT INTO meds_for_surgery (surgery_id,med) VALUES (1014,'GM-CSF');
INSERT INTO surgery (id,date,patient_id,doctor_id) VALUES (1015,'2019-12-01',499,469);
INSERT INTO meds_for_surgery (surgery_id,med) VALUES (1015,'Probenecid');
INSERT INTO surgery (id,date,patient_id,doctor_id) VALUES (1016,'2019-12-18',119,126);
INSERT INTO meds_for_surgery (surgery_id,med) VALUES (1016,'Atenolol');
INSERT INTO surgery (id,date,patient_id,doctor_id) VALUES (1017,'2019-12-13',172,85);
INSERT INTO meds_for_surgery (surgery_id,med) VALUES (1017,'Thiotepa');
INSERT INTO surgery (id,date,patient_id,doctor_id) VALUES (1018,'2019-12-09',119,332);
INSERT INTO meds_for_surgery (surgery_id,med) VALUES (1018,'Ritonavir');
INSERT INTO surgery (id,date,patient_id,doctor_id) VALUES (1019,'2019-12-21',498,332);
INSERT INTO meds_for_surgery (surgery_id,med) VALUES (1019,'Zidovudine');
INSERT INTO surgery (id,date,patient_id,doctor_id) VALUES (1020,'2019-12-09',339,115);
INSERT INTO meds_for_surgery (surgery_id,med) VALUES (1020,'Lorazepam');
INSERT INTO surgery (id,date,patient_id,doctor_id) VALUES (1021,'2019-11-27',485,144);
INSERT INTO meds_for_surgery (surgery_id,med) VALUES (1021,'Aprepitant');
INSERT INTO surgery (id,date,patient_id,doctor_id) VALUES (1022,'2019-11-28',240,332);
INSERT INTO meds_for_surgery (surgery_id,med) VALUES (1022,'Acyclovir');
INSERT INTO surgery (id,date,patient_id,doctor_id) VALUES (1023,'2019-11-30',168,120);
INSERT INTO meds_for_surgery (surgery_id,med) VALUES (1023,'Sucralfate');
INSERT INTO surgery (id,date,patient_id,doctor_id) VALUES (1024,'2019-11-24',7,178);
INSERT INTO meds_for_surgery (surgery_id,med) VALUES (1024,'Methotrexate');
INSERT INTO surgery (id,date,patient_id,doctor_id) VALUES (1025,'2019-12-02',156,348);
INSERT INTO meds_for_surgery (surgery_id,med) VALUES (1025,'Thioguanine');
INSERT INTO surgery (id,date,patient_id,doctor_id) VALUES (1026,'2019-11-26',88,312);
INSERT INTO meds_for_surgery (surgery_id,med) VALUES (1026,'Meloxicam');
INSERT INTO surgery (id,date,patient_id,doctor_id) VALUES (1027,'2019-12-18',444,250);
INSERT INTO meds_for_surgery (surgery_id,med) VALUES (1027,'Fluconazole');
INSERT INTO surgery (id,date,patient_id,doctor_id) VALUES (1028,'2019-12-12',227,333);
INSERT INTO meds_for_surgery (surgery_id,med) VALUES (1028,'Hydroxyurea');
INSERT INTO surgery (id,date,patient_id,doctor_id) VALUES (1029,'2019-12-21',299,144);
INSERT INTO meds_for_surgery (surgery_id,med) VALUES (1029,'Desmopressin');
INSERT INTO surgery (id,date,patient_id,doctor_id) VALUES (1030,'2019-12-09',397,325);
INSERT INTO meds_for_surgery (surgery_id,med) VALUES (1030,'Calcium');
INSERT INTO surgery (id,date,patient_id,doctor_id) VALUES (1031,'2019-11-23',389,97);
INSERT INTO meds_for_surgery (surgery_id,med) VALUES (1031,'Desmopressin');
INSERT INTO surgery (id,date,patient_id,doctor_id) VALUES (1032,'2019-11-28',354,199);
INSERT INTO meds_for_surgery (surgery_id,med) VALUES (1032,'Methotrexate');
INSERT INTO surgery (id,date,patient_id,doctor_id) VALUES (1033,'2019-12-01',296,250);
INSERT INTO meds_for_surgery (surgery_id,med) VALUES (1033,'Hydrocortisone');
INSERT INTO surgery (id,date,patient_id,doctor_id) VALUES (1034,'2019-12-25',499,229);
INSERT INTO meds_for_surgery (surgery_id,med) VALUES (1034,'Isotretinoin');
INSERT INTO surgery (id,date,patient_id,doctor_id) VALUES (1035,'2019-12-02',88,492);
INSERT INTO meds_for_surgery (surgery_id,med) VALUES (1035,'Atovaquone');
INSERT INTO surgery (id,date,patient_id,doctor_id) VALUES (1036,'2019-11-29',119,388);
INSERT INTO meds_for_surgery (surgery_id,med) VALUES (1036,'Doxorubicin');
INSERT INTO surgery (id,date,patient_id,doctor_id) VALUES (1037,'2019-11-26',451,469);
INSERT INTO meds_for_surgery (surgery_id,med) VALUES (1037,'Propoxyphene');
INSERT INTO surgery (id,date,patient_id,doctor_id) VALUES (1038,'2019-12-27',483,273);
INSERT INTO meds_for_surgery (surgery_id,med) VALUES (1038,'Rasburicase');
INSERT INTO surgery (id,date,patient_id,doctor_id) VALUES (1039,'2019-11-25',94,120);
INSERT INTO meds_for_surgery (surgery_id,med) VALUES (1039,'Ritonavir');
INSERT INTO surgery (id,date,patient_id,doctor_id) VALUES (1040,'2019-12-11',346,355);
INSERT INTO meds_for_surgery (surgery_id,med) VALUES (1040,'Diclofenac');
INSERT INTO surgery (id,date,patient_id,doctor_id) VALUES (1041,'2019-11-27',217,347);
INSERT INTO meds_for_surgery (surgery_id,med) VALUES (1041,'Tobramycin');
INSERT INTO surgery (id,date,patient_id,doctor_id) VALUES (1042,'2019-12-14',269,17);
INSERT INTO meds_for_surgery (surgery_id,med) VALUES (1042,'Meropenem');
INSERT INTO surgery (id,date,patient_id,doctor_id) VALUES (1043,'2019-11-26',164,74);
INSERT INTO meds_for_surgery (surgery_id,med) VALUES (1043,'Phosphorus');
INSERT INTO surgery (id,date,patient_id,doctor_id) VALUES (1044,'2019-11-23',182,474);
INSERT INTO meds_for_surgery (surgery_id,med) VALUES (1044,'Dapsone');
INSERT INTO surgery (id,date,patient_id,doctor_id) VALUES (1045,'2019-12-06',109,171);
INSERT INTO meds_for_surgery (surgery_id,med) VALUES (1045,'Mitoxantrone');
INSERT INTO surgery (id,date,patient_id,doctor_id) VALUES (1046,'2019-12-15',119,178);
INSERT INTO meds_for_surgery (surgery_id,med) VALUES (1046,'Trimethoprim');
INSERT INTO surgery (id,date,patient_id,doctor_id) VALUES (1047,'2019-11-24',130,103);
INSERT INTO meds_for_surgery (surgery_id,med) VALUES (1047,'Sugammadex');
INSERT INTO surgery (id,date,patient_id,doctor_id) VALUES (1048,'2019-12-05',39,294);
INSERT INTO meds_for_surgery (surgery_id,med) VALUES (1048,'Raltegravir');
INSERT INTO surgery (id,date,patient_id,doctor_id) VALUES (1049,'2019-11-28',483,314);
INSERT INTO meds_for_surgery (surgery_id,med) VALUES (1049,'Famciclovir');
INSERT INTO surgery (id,date,patient_id,doctor_id) VALUES (1050,'2019-12-13',430,370);
INSERT INTO meds_for_surgery (surgery_id,med) VALUES (1050,'Thiotepa');
INSERT INTO surgery (id,date,patient_id,doctor_id) VALUES (1051,'2019-12-15',238,310);
INSERT INTO meds_for_surgery (surgery_id,med) VALUES (1051,'Bosentan');
INSERT INTO surgery (id,date,patient_id,doctor_id) VALUES (1052,'2019-11-25',290,310);
INSERT INTO meds_for_surgery (surgery_id,med) VALUES (1052,'Atenolol');
INSERT INTO surgery (id,date,patient_id,doctor_id) VALUES (1053,'2019-11-24',119,263);
INSERT INTO meds_for_surgery (surgery_id,med) VALUES (1053,'Carmustine');
INSERT INTO surgery (id,date,patient_id,doctor_id) VALUES (1054,'2019-12-10',458,366);
INSERT INTO meds_for_surgery (surgery_id,med) VALUES (1054,'Teniposide');
INSERT INTO surgery (id,date,patient_id,doctor_id) VALUES (1055,'2019-12-06',360,442);
INSERT INTO meds_for_surgery (surgery_id,med) VALUES (1055,'Cefuroxime');
INSERT INTO surgery (id,date,patient_id,doctor_id) VALUES (1056,'2019-12-17',387,439);
INSERT INTO meds_for_surgery (surgery_id,med) VALUES (1056,'Tenofovir');
INSERT INTO surgery (id,date,patient_id,doctor_id) VALUES (1057,'2019-12-12',5,138);
INSERT INTO meds_for_surgery (surgery_id,med) VALUES (1057,'Busulfan');
INSERT INTO surgery (id,date,patient_id,doctor_id) VALUES (1058,'2019-11-24',478,229);
INSERT INTO meds_for_surgery (surgery_id,med) VALUES (1058,'Tacrolimus');
INSERT INTO surgery (id,date,patient_id,doctor_id) VALUES (1059,'2019-12-20',156,80);
INSERT INTO meds_for_surgery (surgery_id,med) VALUES (1059,'Gefitinib');
INSERT INTO surgery (id,date,patient_id,doctor_id) VALUES (1060,'2019-12-25',164,442);
INSERT INTO meds_for_surgery (surgery_id,med) VALUES (1060,'Posaconazole');
INSERT INTO surgery (id,date,patient_id,doctor_id) VALUES (1061,'2019-11-25',496,171);
INSERT INTO meds_for_surgery (surgery_id,med) VALUES (1061,'Cefaclor');
INSERT INTO surgery (id,date,patient_id,doctor_id) VALUES (1062,'2019-12-08',217,74);
INSERT INTO meds_for_surgery (surgery_id,med) VALUES (1062,'Hydroxyurea');
INSERT INTO surgery (id,date,patient_id,doctor_id) VALUES (1063,'2019-12-08',399,347);
INSERT INTO meds_for_surgery (surgery_id,med) VALUES (1063,'Vincristine');
INSERT INTO surgery (id,date,patient_id,doctor_id) VALUES (1064,'2019-12-16',483,232);
INSERT INTO meds_for_surgery (surgery_id,med) VALUES (1064,'Cidofovir');
INSERT INTO surgery (id,date,patient_id,doctor_id) VALUES (1065,'2019-11-30',395,358);
INSERT INTO meds_for_surgery (surgery_id,med) VALUES (1065,'Prednisone');
INSERT INTO surgery (id,date,patient_id,doctor_id) VALUES (1066,'2019-12-21',458,262);
INSERT INTO meds_for_surgery (surgery_id,med) VALUES (1066,'L-glutamine');
INSERT INTO surgery (id,date,patient_id,doctor_id) VALUES (1067,'2019-12-26',227,78);
INSERT INTO meds_for_surgery (surgery_id,med) VALUES (1067,'Rasburicase');
INSERT INTO surgery (id,date,patient_id,doctor_id) VALUES (1068,'2019-12-23',395,250);
INSERT INTO meds_for_surgery (surgery_id,med) VALUES (1068,'Eltrombopag');
INSERT INTO surgery (id,date,patient_id,doctor_id) VALUES (1069,'2019-12-14',354,263);
INSERT INTO meds_for_surgery (surgery_id,med) VALUES (1069,'Asparaginase');
INSERT INTO surgery (id,date,patient_id,doctor_id) VALUES (1070,'2019-12-12',92,469);
INSERT INTO meds_for_surgery (surgery_id,med) VALUES (1070,'Cyclobenzaprine');
INSERT INTO surgery (id,date,patient_id,doctor_id) VALUES (1071,'2019-12-02',21,447);
INSERT INTO meds_for_surgery (surgery_id,med) VALUES (1071,'Raltegravir');
INSERT INTO surgery (id,date,patient_id,doctor_id) VALUES (1072,'2019-11-30',264,126);
INSERT INTO meds_for_surgery (surgery_id,med) VALUES (1072,'Cefixime');
INSERT INTO surgery (id,date,patient_id,doctor_id) VALUES (1073,'2019-12-11',354,215);
INSERT INTO meds_for_surgery (surgery_id,med) VALUES (1073,'Asparaginase');
INSERT INTO surgery (id,date,patient_id,doctor_id) VALUES (1074,'2019-12-23',491,62);
INSERT INTO meds_for_surgery (surgery_id,med) VALUES (1074,'Neuromuscular');
INSERT INTO surgery (id,date,patient_id,doctor_id) VALUES (1075,'2019-12-15',290,11);
INSERT INTO meds_for_surgery (surgery_id,med) VALUES (1075,'Enoxaparin');
INSERT INTO surgery (id,date,patient_id,doctor_id) VALUES (1076,'2019-12-16',93,379);
INSERT INTO meds_for_surgery (surgery_id,med) VALUES (1076,'Didanosine');
INSERT INTO surgery (id,date,patient_id,doctor_id) VALUES (1077,'2019-11-28',117,85);
INSERT INTO meds_for_surgery (surgery_id,med) VALUES (1077,'Erlotinib');
INSERT INTO surgery (id,date,patient_id,doctor_id) VALUES (1078,'2019-11-28',87,173);
INSERT INTO meds_for_surgery (surgery_id,med) VALUES (1078,'Procarbazine');
INSERT INTO surgery (id,date,patient_id,doctor_id) VALUES (1079,'2019-12-05',432,355);
INSERT INTO meds_for_surgery (surgery_id,med) VALUES (1079,'Famciclovir');
INSERT INTO surgery (id,date,patient_id,doctor_id) VALUES (1080,'2019-12-16',260,323);
INSERT INTO meds_for_surgery (surgery_id,med) VALUES (1080,'Ritonavir');
INSERT INTO surgery (id,date,patient_id,doctor_id) VALUES (1081,'2019-12-15',142,47);
INSERT INTO meds_for_surgery (surgery_id,med) VALUES (1081,'Imipenem');
INSERT INTO surgery (id,date,patient_id,doctor_id) VALUES (1082,'2019-12-10',175,447);
INSERT INTO meds_for_surgery (surgery_id,med) VALUES (1082,'Enalapril');
INSERT INTO surgery (id,date,patient_id,doctor_id) VALUES (1083,'2019-12-06',92,438);
INSERT INTO meds_for_surgery (surgery_id,med) VALUES (1083,'Cyclobenzaprine');
INSERT INTO surgery (id,date,patient_id,doctor_id) VALUES (1084,'2019-12-10',161,219);
INSERT INTO meds_for_surgery (surgery_id,med) VALUES (1084,'Calcium');
INSERT INTO surgery (id,date,patient_id,doctor_id) VALUES (1085,'2019-12-01',387,78);
INSERT INTO meds_for_surgery (surgery_id,med) VALUES (1085,'Micafungin');
INSERT INTO surgery (id,date,patient_id,doctor_id) VALUES (1086,'2019-11-24',304,120);
INSERT INTO meds_for_surgery (surgery_id,med) VALUES (1086,'Procarbazine');
INSERT INTO surgery (id,date,patient_id,doctor_id) VALUES (1087,'2019-12-05',426,392);
INSERT INTO meds_for_surgery (surgery_id,med) VALUES (1087,'Neuromuscular');
INSERT INTO surgery (id,date,patient_id,doctor_id) VALUES (1088,'2019-12-16',498,433);
INSERT INTO meds_for_surgery (surgery_id,med) VALUES (1088,'Ranitidine');
INSERT INTO surgery (id,date,patient_id,doctor_id) VALUES (1089,'2019-12-10',354,348);
INSERT INTO meds_for_surgery (surgery_id,med) VALUES (1089,'Labetalol');
INSERT INTO surgery (id,date,patient_id,doctor_id) VALUES (1090,'2019-12-07',37,173);
INSERT INTO meds_for_surgery (surgery_id,med) VALUES (1090,'Isotretinoin');
INSERT INTO surgery (id,date,patient_id,doctor_id) VALUES (1091,'2019-11-24',404,347);
INSERT INTO meds_for_surgery (surgery_id,med) VALUES (1091,'Meropenem');
INSERT INTO surgery (id,date,patient_id,doctor_id) VALUES (1092,'2019-11-30',413,479);
INSERT INTO meds_for_surgery (surgery_id,med) VALUES (1092,'Dasatinib');
INSERT INTO surgery (id,date,patient_id,doctor_id) VALUES (1093,'2019-12-02',58,348);
INSERT INTO meds_for_surgery (surgery_id,med) VALUES (1093,'Doxorubicin');
INSERT INTO surgery (id,date,patient_id,doctor_id) VALUES (1094,'2019-11-24',7,11);
INSERT INTO meds_for_surgery (surgery_id,med) VALUES (1094,'Furosemide');
INSERT INTO surgery (id,date,patient_id,doctor_id) VALUES (1095,'2019-12-14',8,11);
INSERT INTO meds_for_surgery (surgery_id,med) VALUES (1095,'Cefaclor');
INSERT INTO surgery (id,date,patient_id,doctor_id) VALUES (1096,'2019-12-12',21,17);
INSERT INTO meds_for_surgery (surgery_id,med) VALUES (1096,'Valproic acid');
INSERT INTO surgery (id,date,patient_id,doctor_id) VALUES (1097,'2019-12-05',387,78);
INSERT INTO meds_for_surgery (surgery_id,med) VALUES (1097,'Ranitidine');
INSERT INTO surgery (id,date,patient_id,doctor_id) VALUES (1098,'2019-12-21',385,358);
INSERT INTO meds_for_surgery (surgery_id,med) VALUES (1098,'Paclitaxel');
INSERT INTO surgery (id,date,patient_id,doctor_id) VALUES (1099,'2019-12-09',5,54);
INSERT INTO meds_for_surgery (surgery_id,med) VALUES (1099,'Etravirine');
INSERT INTO surgery (id,date,patient_id,doctor_id) VALUES (1100,'2019-12-16',58,325);
INSERT INTO meds_for_surgery (surgery_id,med) VALUES (1100,'Ganciclovir');
INSERT INTO surgery (id,date,patient_id,doctor_id) VALUES (1101,'2019-11-24',238,115);
INSERT INTO meds_for_surgery (surgery_id,med) VALUES (1101,'Lorazepam');
INSERT INTO surgery (id,date,patient_id,doctor_id) VALUES (1102,'2019-12-18',164,215);
INSERT INTO meds_for_surgery (surgery_id,med) VALUES (1102,'Atazanavir');
INSERT INTO surgery (id,date,patient_id,doctor_id) VALUES (1103,'2019-11-27',5,11);
INSERT INTO meds_for_surgery (surgery_id,med) VALUES (1103,'Foscarnet');
INSERT INTO surgery (id,date,patient_id,doctor_id) VALUES (1104,'2019-12-15',451,136);
INSERT INTO meds_for_surgery (surgery_id,med) VALUES (1104,'Nelfinavir');
INSERT INTO surgery (id,date,patient_id,doctor_id) VALUES (1105,'2019-12-14',458,333);
INSERT INTO meds_for_surgery (surgery_id,med) VALUES (1105,'Cefuroxime');
INSERT INTO surgery (id,date,patient_id,doctor_id) VALUES (1106,'2019-12-10',287,97);
INSERT INTO meds_for_surgery (surgery_id,med) VALUES (1106,'Sunitinib');
INSERT INTO surgery (id,date,patient_id,doctor_id) VALUES (1107,'2019-12-24',290,433);
INSERT INTO meds_for_surgery (surgery_id,med) VALUES (1107,'Immune');
INSERT INTO surgery (id,date,patient_id,doctor_id) VALUES (1108,'2019-12-03',278,103);
INSERT INTO meds_for_surgery (surgery_id,med) VALUES (1108,'Darunavir');
INSERT INTO surgery (id,date,patient_id,doctor_id) VALUES (1109,'2019-12-06',93,120);
INSERT INTO meds_for_surgery (surgery_id,med) VALUES (1109,'Crizotinib');
INSERT INTO surgery (id,date,patient_id,doctor_id) VALUES (1110,'2019-12-17',61,355);
INSERT INTO meds_for_surgery (surgery_id,med) VALUES (1110,'Cefaclor');
INSERT INTO surgery (id,date,patient_id,doctor_id) VALUES (1111,'2019-12-04',395,273);
INSERT INTO meds_for_surgery (surgery_id,med) VALUES (1111,'Calcium');
INSERT INTO surgery (id,date,patient_id,doctor_id) VALUES (1112,'2019-11-23',430,11);
INSERT INTO meds_for_surgery (surgery_id,med) VALUES (1112,'Amoxicillin');
INSERT INTO surgery (id,date,patient_id,doctor_id) VALUES (1113,'2019-12-13',168,333);
INSERT INTO meds_for_surgery (surgery_id,med) VALUES (1113,'Ritonavir');
INSERT INTO surgery (id,date,patient_id,doctor_id) VALUES (1114,'2019-12-14',175,312);
INSERT INTO meds_for_surgery (surgery_id,med) VALUES (1114,'Cidofovir');
INSERT INTO surgery (id,date,patient_id,doctor_id) VALUES (1115,'2019-12-23',37,268);
INSERT INTO meds_for_surgery (surgery_id,med) VALUES (1115,'Clindamycin');
INSERT INTO surgery (id,date,patient_id,doctor_id) VALUES (1116,'2019-12-07',130,447);
INSERT INTO meds_for_surgery (surgery_id,med) VALUES (1116,'Thioguanine');
INSERT INTO surgery (id,date,patient_id,doctor_id) VALUES (1117,'2019-12-17',172,469);
INSERT INTO meds_for_surgery (surgery_id,med) VALUES (1117,'Captopril');
INSERT INTO surgery (id,date,patient_id,doctor_id) VALUES (1118,'2019-12-26',488,144);
INSERT INTO meds_for_surgery (surgery_id,med) VALUES (1118,'Etoposide');
INSERT INTO surgery (id,date,patient_id,doctor_id) VALUES (1119,'2019-12-11',61,219);
INSERT INTO meds_for_surgery (surgery_id,med) VALUES (1119,'Tenofovir');
INSERT INTO surgery (id,date,patient_id,doctor_id) VALUES (1120,'2019-12-06',117,262);
INSERT INTO meds_for_surgery (surgery_id,med) VALUES (1120,'Warfarin');
INSERT INTO surgery (id,date,patient_id,doctor_id) VALUES (1121,'2019-12-17',255,268);
INSERT INTO meds_for_surgery (surgery_id,med) VALUES (1121,'Amifostine');
INSERT INTO surgery (id,date,patient_id,doctor_id) VALUES (1122,'2019-12-16',60,186);
INSERT INTO meds_for_surgery (surgery_id,med) VALUES (1122,'Pentamidine');
INSERT INTO surgery (id,date,patient_id,doctor_id) VALUES (1123,'2019-11-26',61,219);
INSERT INTO meds_for_surgery (surgery_id,med) VALUES (1123,'Mycophenolate');
INSERT INTO surgery (id,date,patient_id,doctor_id) VALUES (1124,'2019-12-18',384,294);
INSERT INTO meds_for_surgery (surgery_id,med) VALUES (1124,'Levothyroxine');
INSERT INTO surgery (id,date,patient_id,doctor_id) VALUES (1125,'2019-11-29',175,178);
INSERT INTO meds_for_surgery (surgery_id,med) VALUES (1125,'Cidofovir');
INSERT INTO surgery (id,date,patient_id,doctor_id) VALUES (1126,'2019-12-17',283,288);
INSERT INTO meds_for_surgery (surgery_id,med) VALUES (1126,'Isotretinoin');
INSERT INTO surgery (id,date,patient_id,doctor_id) VALUES (1127,'2019-12-12',5,480);
INSERT INTO meds_for_surgery (surgery_id,med) VALUES (1127,'Erythropoietin');
INSERT INTO surgery (id,date,patient_id,doctor_id) VALUES (1128,'2019-12-19',384,80);
INSERT INTO meds_for_surgery (surgery_id,med) VALUES (1128,'Teniposide');
INSERT INTO surgery (id,date,patient_id,doctor_id) VALUES (1129,'2019-12-16',25,355);
INSERT INTO meds_for_surgery (surgery_id,med) VALUES (1129,'Captopril');
INSERT INTO surgery (id,date,patient_id,doctor_id) VALUES (1130,'2019-12-02',39,210);
INSERT INTO meds_for_surgery (surgery_id,med) VALUES (1130,'Ranitidine');
INSERT INTO surgery (id,date,patient_id,doctor_id) VALUES (1131,'2019-11-25',384,472);
INSERT INTO meds_for_surgery (surgery_id,med) VALUES (1131,'Valproic acid');
INSERT INTO surgery (id,date,patient_id,doctor_id) VALUES (1132,'2019-12-13',304,115);
INSERT INTO meds_for_surgery (surgery_id,med) VALUES (1132,'L-glutamine');
INSERT INTO surgery (id,date,patient_id,doctor_id) VALUES (1133,'2019-11-26',269,312);
INSERT INTO meds_for_surgery (surgery_id,med) VALUES (1133,'Cefepime');
INSERT INTO surgery (id,date,patient_id,doctor_id) VALUES (1134,'2019-12-19',150,120);
INSERT INTO meds_for_surgery (surgery_id,med) VALUES (1134,'Vancomycin');
INSERT INTO surgery (id,date,patient_id,doctor_id) VALUES (1135,'2019-12-11',426,439);
INSERT INTO meds_for_surgery (surgery_id,med) VALUES (1135,'Carmustine');
INSERT INTO surgery (id,date,patient_id,doctor_id) VALUES (1136,'2019-12-17',255,17);
INSERT INTO meds_for_surgery (surgery_id,med) VALUES (1136,'Cidofovir');
INSERT INTO surgery (id,date,patient_id,doctor_id) VALUES (1137,'2019-12-15',483,332);
INSERT INTO meds_for_surgery (surgery_id,med) VALUES (1137,'Bosentan');
INSERT INTO surgery (id,date,patient_id,doctor_id) VALUES (1138,'2019-12-14',61,401);
INSERT INTO meds_for_surgery (surgery_id,med) VALUES (1138,'Sugammadex');
INSERT INTO surgery (id,date,patient_id,doctor_id) VALUES (1139,'2019-12-24',241,4);
INSERT INTO meds_for_surgery (surgery_id,med) VALUES (1139,'Maraviroc');
INSERT INTO surgery (id,date,patient_id,doctor_id) VALUES (1140,'2019-12-01',339,47);
INSERT INTO meds_for_surgery (surgery_id,med) VALUES (1140,'Pentamidine');
INSERT INTO surgery (id,date,patient_id,doctor_id) VALUES (1141,'2019-12-02',172,57);
INSERT INTO meds_for_surgery (surgery_id,med) VALUES (1141,'Sirolimus');
INSERT INTO surgery (id,date,patient_id,doctor_id) VALUES (1142,'2019-11-29',339,347);
INSERT INTO meds_for_surgery (surgery_id,med) VALUES (1142,'Omeprazole');
INSERT INTO surgery (id,date,patient_id,doctor_id) VALUES (1143,'2019-12-16',172,439);
INSERT INTO meds_for_surgery (surgery_id,med) VALUES (1143,'Interferon');
INSERT INTO surgery (id,date,patient_id,doctor_id) VALUES (1144,'2019-11-26',39,492);
INSERT INTO meds_for_surgery (surgery_id,med) VALUES (1144,'Procarbazine');
INSERT INTO surgery (id,date,patient_id,doctor_id) VALUES (1145,'2019-11-30',283,171);
INSERT INTO meds_for_surgery (surgery_id,med) VALUES (1145,'Gemcitabine');
INSERT INTO surgery (id,date,patient_id,doctor_id) VALUES (1146,'2019-12-10',413,17);
INSERT INTO meds_for_surgery (surgery_id,med) VALUES (1146,'Omeprazole');
INSERT INTO surgery (id,date,patient_id,doctor_id) VALUES (1147,'2019-12-25',264,285);
INSERT INTO meds_for_surgery (surgery_id,med) VALUES (1147,'Norepinephrine');
INSERT INTO surgery (id,date,patient_id,doctor_id) VALUES (1148,'2019-12-07',246,149);
INSERT INTO meds_for_surgery (surgery_id,med) VALUES (1148,'Pemetrexed');
INSERT INTO surgery (id,date,patient_id,doctor_id) VALUES (1149,'2019-12-09',485,332);
INSERT INTO meds_for_surgery (surgery_id,med) VALUES (1149,'Rivaroxaban');
INSERT INTO surgery (id,date,patient_id,doctor_id) VALUES (1150,'2019-12-12',389,447);
INSERT INTO meds_for_surgery (surgery_id,med) VALUES (1150,'Dinutuximab');
INSERT INTO surgery (id,date,patient_id,doctor_id) VALUES (1151,'2019-12-20',387,474);
INSERT INTO meds_for_surgery (surgery_id,med) VALUES (1151,'Clofarabine');
INSERT INTO surgery (id,date,patient_id,doctor_id) VALUES (1152,'2019-12-18',404,388);
INSERT INTO meds_for_surgery (surgery_id,med) VALUES (1152,'Dopamine');
INSERT INTO surgery (id,date,patient_id,doctor_id) VALUES (1153,'2019-12-04',76,366);
INSERT INTO meds_for_surgery (surgery_id,med) VALUES (1153,'Mechlorethamine');
INSERT INTO surgery (id,date,patient_id,doctor_id) VALUES (1154,'2019-12-03',241,392);
INSERT INTO meds_for_surgery (surgery_id,med) VALUES (1154,'Dornase alfa');
INSERT INTO surgery (id,date,patient_id,doctor_id) VALUES (1155,'2019-12-24',238,388);
INSERT INTO meds_for_surgery (surgery_id,med) VALUES (1155,'Maraviroc');
INSERT INTO surgery (id,date,patient_id,doctor_id) VALUES (1156,'2019-12-16',208,115);
INSERT INTO meds_for_surgery (surgery_id,med) VALUES (1156,'Alendronate');
INSERT INTO surgery (id,date,patient_id,doctor_id) VALUES (1157,'2019-11-29',343,62);
INSERT INTO meds_for_surgery (surgery_id,med) VALUES (1157,'Amitriptyline');
INSERT INTO surgery (id,date,patient_id,doctor_id) VALUES (1158,'2019-12-10',413,314);
INSERT INTO meds_for_surgery (surgery_id,med) VALUES (1158,'Furosemide');
INSERT INTO surgery (id,date,patient_id,doctor_id) VALUES (1159,'2019-12-02',150,268);
INSERT INTO meds_for_surgery (surgery_id,med) VALUES (1159,'Enalapril');
INSERT INTO surgery (id,date,patient_id,doctor_id) VALUES (1160,'2019-12-06',175,250);
INSERT INTO meds_for_surgery (surgery_id,med) VALUES (1160,'Dacarbazine');
INSERT INTO surgery (id,date,patient_id,doctor_id) VALUES (1161,'2019-12-11',458,310);
INSERT INTO meds_for_surgery (surgery_id,med) VALUES (1161,'Amifostine');
INSERT INTO surgery (id,date,patient_id,doctor_id) VALUES (1162,'2019-12-17',255,325);
INSERT INTO meds_for_surgery (surgery_id,med) VALUES (1162,'Calcium');
INSERT INTO surgery (id,date,patient_id,doctor_id) VALUES (1163,'2019-12-03',255,17);
INSERT INTO meds_for_surgery (surgery_id,med) VALUES (1163,'Pentamidine');
INSERT INTO surgery (id,date,patient_id,doctor_id) VALUES (1164,'2019-11-28',475,433);
INSERT INTO meds_for_surgery (surgery_id,med) VALUES (1164,'Allopurinol');
INSERT INTO surgery (id,date,patient_id,doctor_id) VALUES (1165,'2019-12-26',371,273);
INSERT INTO meds_for_surgery (surgery_id,med) VALUES (1165,'Abacavir');
INSERT INTO surgery (id,date,patient_id,doctor_id) VALUES (1166,'2019-11-30',92,57);
INSERT INTO meds_for_surgery (surgery_id,med) VALUES (1166,'Phenobarbital');
INSERT INTO surgery (id,date,patient_id,doctor_id) VALUES (1167,'2019-12-15',168,447);
INSERT INTO meds_for_surgery (surgery_id,med) VALUES (1167,'Probenecid');
INSERT INTO surgery (id,date,patient_id,doctor_id) VALUES (1168,'2019-12-20',339,262);
INSERT INTO meds_for_surgery (surgery_id,med) VALUES (1168,'Amikacin');
INSERT INTO surgery (id,date,patient_id,doctor_id) VALUES (1169,'2019-12-26',287,136);
INSERT INTO meds_for_surgery (surgery_id,med) VALUES (1169,'Mitotane');
INSERT INTO surgery (id,date,patient_id,doctor_id) VALUES (1170,'2019-12-03',156,47);
INSERT INTO meds_for_surgery (surgery_id,med) VALUES (1170,'Desmopressin');
INSERT INTO surgery (id,date,patient_id,doctor_id) VALUES (1171,'2019-11-24',415,250);
INSERT INTO meds_for_surgery (surgery_id,med) VALUES (1171,'Elvitegravir');
INSERT INTO surgery (id,date,patient_id,doctor_id) VALUES (1172,'2019-12-20',483,97);
INSERT INTO meds_for_surgery (surgery_id,med) VALUES (1172,'Phosphorus');
INSERT INTO surgery (id,date,patient_id,doctor_id) VALUES (1173,'2019-11-27',462,62);
INSERT INTO meds_for_surgery (surgery_id,med) VALUES (1173,'Dapsone');
INSERT INTO surgery (id,date,patient_id,doctor_id) VALUES (1174,'2019-12-26',32,103);
INSERT INTO meds_for_surgery (surgery_id,med) VALUES (1174,'Granisetron');
INSERT INTO surgery (id,date,patient_id,doctor_id) VALUES (1175,'2019-12-13',287,252);
INSERT INTO meds_for_surgery (surgery_id,med) VALUES (1175,'Magnesium');
INSERT INTO surgery (id,date,patient_id,doctor_id) VALUES (1176,'2019-11-26',25,40);
INSERT INTO meds_for_surgery (surgery_id,med) VALUES (1176,'Nelarabine');
INSERT INTO surgery (id,date,patient_id,doctor_id) VALUES (1177,'2019-12-15',371,314);
INSERT INTO meds_for_surgery (surgery_id,med) VALUES (1177,'Cephalexin');
INSERT INTO surgery (id,date,patient_id,doctor_id) VALUES (1178,'2019-12-04',290,103);
INSERT INTO meds_for_surgery (surgery_id,med) VALUES (1178,'Diclofenac');
INSERT INTO surgery (id,date,patient_id,doctor_id) VALUES (1179,'2019-11-27',248,4);
INSERT INTO meds_for_surgery (surgery_id,med) VALUES (1179,'Levothyroxine');
INSERT INTO surgery (id,date,patient_id,doctor_id) VALUES (1180,'2019-12-15',283,314);
INSERT INTO meds_for_surgery (surgery_id,med) VALUES (1180,'Rasburicase');
INSERT INTO surgery (id,date,patient_id,doctor_id) VALUES (1181,'2019-12-06',110,126);
INSERT INTO meds_for_surgery (surgery_id,med) VALUES (1181,'Mesna');
INSERT INTO surgery (id,date,patient_id,doctor_id) VALUES (1182,'2019-12-27',255,85);
INSERT INTO meds_for_surgery (surgery_id,med) VALUES (1182,'G-CSF');
INSERT INTO surgery (id,date,patient_id,doctor_id) VALUES (1183,'2019-12-05',354,171);
INSERT INTO meds_for_surgery (surgery_id,med) VALUES (1183,'Dopamine');
INSERT INTO surgery (id,date,patient_id,doctor_id) VALUES (1184,'2019-12-23',25,467);
INSERT INTO meds_for_surgery (surgery_id,med) VALUES (1184,'Pemetrexed');
INSERT INTO surgery (id,date,patient_id,doctor_id) VALUES (1185,'2019-12-21',415,285);
INSERT INTO meds_for_surgery (surgery_id,med) VALUES (1185,'Dobutamine');
INSERT INTO surgery (id,date,patient_id,doctor_id) VALUES (1186,'2019-12-26',58,41);
INSERT INTO meds_for_surgery (surgery_id,med) VALUES (1186,'Morphine');
INSERT INTO surgery (id,date,patient_id,doctor_id) VALUES (1187,'2019-11-29',430,323);
INSERT INTO meds_for_surgery (surgery_id,med) VALUES (1187,'Norepinephrine');
INSERT INTO surgery (id,date,patient_id,doctor_id) VALUES (1188,'2019-11-26',241,447);
INSERT INTO meds_for_surgery (surgery_id,med) VALUES (1188,'Lopinavir');
INSERT INTO surgery (id,date,patient_id,doctor_id) VALUES (1189,'2019-12-21',157,171);
INSERT INTO meds_for_surgery (surgery_id,med) VALUES (1189,'Sirolimus');
INSERT INTO surgery (id,date,patient_id,doctor_id) VALUES (1190,'2019-12-18',432,480);
INSERT INTO meds_for_surgery (surgery_id,med) VALUES (1190,'Melphalan');
INSERT INTO surgery (id,date,patient_id,doctor_id) VALUES (1191,'2019-11-26',429,438);
INSERT INTO meds_for_surgery (surgery_id,med) VALUES (1191,'Clarithromycin');
INSERT INTO surgery (id,date,patient_id,doctor_id) VALUES (1192,'2019-12-01',395,219);
INSERT INTO meds_for_surgery (surgery_id,med) VALUES (1192,'Omeprazole');
INSERT INTO surgery (id,date,patient_id,doctor_id) VALUES (1193,'2019-11-28',92,347);
INSERT INTO meds_for_surgery (surgery_id,med) VALUES (1193,'Methadone');
INSERT INTO surgery (id,date,patient_id,doctor_id) VALUES (1194,'2019-11-24',260,273);
INSERT INTO meds_for_surgery (surgery_id,med) VALUES (1194,'Voriconazole');
INSERT INTO surgery (id,date,patient_id,doctor_id) VALUES (1195,'2019-12-13',21,348);
INSERT INTO meds_for_surgery (surgery_id,med) VALUES (1195,'Busulfan');
INSERT INTO surgery (id,date,patient_id,doctor_id) VALUES (1196,'2019-12-07',60,40);
INSERT INTO meds_for_surgery (surgery_id,med) VALUES (1196,'Topotecan');
INSERT INTO surgery (id,date,patient_id,doctor_id) VALUES (1197,'2019-12-17',157,229);
INSERT INTO meds_for_surgery (surgery_id,med) VALUES (1197,'Propoxyphene');
INSERT INTO surgery (id,date,patient_id,doctor_id) VALUES (1198,'2019-12-02',475,215);
INSERT INTO meds_for_surgery (surgery_id,med) VALUES (1198,'Mesna');
INSERT INTO surgery (id,date,patient_id,doctor_id) VALUES (1199,'2019-12-23',389,442);
INSERT INTO meds_for_surgery (surgery_id,med) VALUES (1199,'Erlotinib');
INSERT INTO surgery (id,date,patient_id,doctor_id) VALUES (1200,'2019-12-06',94,178);
INSERT INTO meds_for_surgery (surgery_id,med) VALUES (1200,'Bosentan');
INSERT INTO surgery (id,date,patient_id,doctor_id) VALUES (1201,'2019-12-04',289,355);
INSERT INTO meds_for_surgery (surgery_id,med) VALUES (1201,'Nevirapine');
INSERT INTO surgery (id,date,patient_id,doctor_id) VALUES (1202,'2019-11-23',458,144);
INSERT INTO meds_for_surgery (surgery_id,med) VALUES (1202,'Rivaroxaban');
INSERT INTO surgery (id,date,patient_id,doctor_id) VALUES (1203,'2019-12-06',339,433);
INSERT INTO meds_for_surgery (surgery_id,med) VALUES (1203,'Promethazine');
INSERT INTO surgery (id,date,patient_id,doctor_id) VALUES (1204,'2019-12-22',87,9);
INSERT INTO meds_for_surgery (surgery_id,med) VALUES (1204,'Raltegravir');
INSERT INTO surgery (id,date,patient_id,doctor_id) VALUES (1205,'2019-11-29',109,85);
INSERT INTO meds_for_surgery (surgery_id,med) VALUES (1205,'G-CSF');
INSERT INTO surgery (id,date,patient_id,doctor_id) VALUES (1206,'2019-12-13',414,66);
INSERT INTO meds_for_surgery (surgery_id,med) VALUES (1206,'Erythromycin');
INSERT INTO surgery (id,date,patient_id,doctor_id) VALUES (1207,'2019-12-07',110,9);
INSERT INTO meds_for_surgery (surgery_id,med) VALUES (1207,'Rivaroxaban');
INSERT INTO surgery (id,date,patient_id,doctor_id) VALUES (1208,'2019-12-26',157,136);
INSERT INTO meds_for_surgery (surgery_id,med) VALUES (1208,'Vancomycin');
INSERT INTO surgery (id,date,patient_id,doctor_id) VALUES (1209,'2019-12-16',8,474);
INSERT INTO meds_for_surgery (surgery_id,med) VALUES (1209,'Tenofovir');
INSERT INTO surgery (id,date,patient_id,doctor_id) VALUES (1210,'2019-12-18',414,149);
INSERT INTO meds_for_surgery (surgery_id,med) VALUES (1210,'Ketoconazole');
INSERT INTO surgery (id,date,patient_id,doctor_id) VALUES (1211,'2019-12-11',483,288);
INSERT INTO meds_for_surgery (surgery_id,med) VALUES (1211,'Emtricitabine');
INSERT INTO surgery (id,date,patient_id,doctor_id) VALUES (1212,'2019-11-24',260,144);
INSERT INTO meds_for_surgery (surgery_id,med) VALUES (1212,'Neuromuscular');
INSERT INTO surgery (id,date,patient_id,doctor_id) VALUES (1213,'2019-12-14',499,347);
INSERT INTO meds_for_surgery (surgery_id,med) VALUES (1213,'Nelfinavir');
INSERT INTO surgery (id,date,patient_id,doctor_id) VALUES (1214,'2019-12-03',32,144);
INSERT INTO meds_for_surgery (surgery_id,med) VALUES (1214,'Atovaquone');
INSERT INTO surgery (id,date,patient_id,doctor_id) VALUES (1215,'2019-11-26',61,215);
INSERT INTO meds_for_surgery (surgery_id,med) VALUES (1215,'Tenofovir');
INSERT INTO surgery (id,date,patient_id,doctor_id) VALUES (1216,'2019-12-25',5,40);
INSERT INTO meds_for_surgery (surgery_id,med) VALUES (1216,'Mitoxantrone');
INSERT INTO surgery (id,date,patient_id,doctor_id) VALUES (1217,'2019-12-14',429,149);
INSERT INTO meds_for_surgery (surgery_id,med) VALUES (1217,'Raltegravir');
INSERT INTO surgery (id,date,patient_id,doctor_id) VALUES (1218,'2019-12-19',498,358);
INSERT INTO meds_for_surgery (surgery_id,med) VALUES (1218,'Amlodipine');
INSERT INTO surgery (id,date,patient_id,doctor_id) VALUES (1219,'2019-11-29',58,480);
INSERT INTO meds_for_surgery (surgery_id,med) VALUES (1219,'Clindamycin');
INSERT INTO surgery (id,date,patient_id,doctor_id) VALUES (1220,'2019-12-20',227,120);
INSERT INTO meds_for_surgery (surgery_id,med) VALUES (1220,'Raltegravir');
INSERT INTO surgery (id,date,patient_id,doctor_id) VALUES (1221,'2019-12-02',117,370);
INSERT INTO meds_for_surgery (surgery_id,med) VALUES (1221,'Amoxicillin');
INSERT INTO surgery (id,date,patient_id,doctor_id) VALUES (1222,'2019-11-30',8,332);
INSERT INTO meds_for_surgery (surgery_id,med) VALUES (1222,'Granisetron');
INSERT INTO surgery (id,date,patient_id,doctor_id) VALUES (1223,'2019-11-25',478,173);
INSERT INTO meds_for_surgery (surgery_id,med) VALUES (1223,'Baclofen');
INSERT INTO surgery (id,date,patient_id,doctor_id) VALUES (1224,'2019-12-05',93,348);
INSERT INTO meds_for_surgery (surgery_id,med) VALUES (1224,'Alemtuzumab');
INSERT INTO surgery (id,date,patient_id,doctor_id) VALUES (1225,'2019-12-10',296,57);
INSERT INTO meds_for_surgery (surgery_id,med) VALUES (1225,'Abacavir');
INSERT INTO surgery (id,date,patient_id,doctor_id) VALUES (1226,'2019-12-08',142,66);
INSERT INTO meds_for_surgery (surgery_id,med) VALUES (1226,'Thiotepa');
INSERT INTO surgery (id,date,patient_id,doctor_id) VALUES (1227,'2019-12-07',227,332);
INSERT INTO meds_for_surgery (surgery_id,med) VALUES (1227,'Doxorubicin');
INSERT INTO surgery (id,date,patient_id,doctor_id) VALUES (1228,'2019-12-01',385,11);
INSERT INTO meds_for_surgery (surgery_id,med) VALUES (1228,'Methotrexate');
INSERT INTO surgery (id,date,patient_id,doctor_id) VALUES (1229,'2019-12-24',426,474);
INSERT INTO meds_for_surgery (surgery_id,med) VALUES (1229,'Atazanavir');
INSERT INTO surgery (id,date,patient_id,doctor_id) VALUES (1230,'2019-12-14',491,178);
INSERT INTO meds_for_surgery (surgery_id,med) VALUES (1230,'Imatinib');
INSERT INTO surgery (id,date,patient_id,doctor_id) VALUES (1231,'2019-12-26',457,479);
INSERT INTO meds_for_surgery (surgery_id,med) VALUES (1231,'Phenytoin');
INSERT INTO surgery (id,date,patient_id,doctor_id) VALUES (1232,'2019-12-06',343,480);
INSERT INTO meds_for_surgery (surgery_id,med) VALUES (1232,'Deferasirox');
INSERT INTO surgery (id,date,patient_id,doctor_id) VALUES (1233,'2019-12-03',39,80);
INSERT INTO meds_for_surgery (surgery_id,med) VALUES (1233,'Saquinavir');
INSERT INTO surgery (id,date,patient_id,doctor_id) VALUES (1234,'2019-12-09',220,263);
INSERT INTO meds_for_surgery (surgery_id,med) VALUES (1234,'Ondansetron');
INSERT INTO surgery (id,date,patient_id,doctor_id) VALUES (1235,'2019-12-14',182,310);
INSERT INTO meds_for_surgery (surgery_id,med) VALUES (1235,'Mycophenolate');
INSERT INTO surgery (id,date,patient_id,doctor_id) VALUES (1236,'2019-12-04',296,312);
INSERT INTO meds_for_surgery (surgery_id,med) VALUES (1236,'Dasatinib');
INSERT INTO surgery (id,date,patient_id,doctor_id) VALUES (1237,'2019-12-26',39,379);
INSERT INTO meds_for_surgery (surgery_id,med) VALUES (1237,'Lopinavir');
INSERT INTO surgery (id,date,patient_id,doctor_id) VALUES (1238,'2019-12-14',227,263);
INSERT INTO meds_for_surgery (surgery_id,med) VALUES (1238,'Cephalexin');
INSERT INTO surgery (id,date,patient_id,doctor_id) VALUES (1239,'2019-12-18',227,47);
INSERT INTO meds_for_surgery (surgery_id,med) VALUES (1239,'Interferon');
INSERT INTO surgery (id,date,patient_id,doctor_id) VALUES (1240,'2019-12-18',182,120);
INSERT INTO meds_for_surgery (surgery_id,med) VALUES (1240,'Irinotecan');
INSERT INTO surgery (id,date,patient_id,doctor_id) VALUES (1241,'2019-12-22',168,438);
INSERT INTO meds_for_surgery (surgery_id,med) VALUES (1241,'Gemcitabine');
INSERT INTO surgery (id,date,patient_id,doctor_id) VALUES (1242,'2019-12-21',5,347);
INSERT INTO meds_for_surgery (surgery_id,med) VALUES (1242,'Famciclovir');
INSERT INTO surgery (id,date,patient_id,doctor_id) VALUES (1243,'2019-11-28',60,85);
INSERT INTO meds_for_surgery (surgery_id,med) VALUES (1243,'Emicizumab');
INSERT INTO surgery (id,date,patient_id,doctor_id) VALUES (1244,'2019-12-24',404,355);
INSERT INTO meds_for_surgery (surgery_id,med) VALUES (1244,'Emtricitabine');
INSERT INTO surgery (id,date,patient_id,doctor_id) VALUES (1245,'2019-11-28',432,263);
INSERT INTO meds_for_surgery (surgery_id,med) VALUES (1245,'Diclofenac');
INSERT INTO surgery (id,date,patient_id,doctor_id) VALUES (1246,'2019-11-29',432,332);
INSERT INTO meds_for_surgery (surgery_id,med) VALUES (1246,'Dactinomycin');
INSERT INTO surgery (id,date,patient_id,doctor_id) VALUES (1247,'2019-12-06',130,325);
INSERT INTO meds_for_surgery (surgery_id,med) VALUES (1247,'Teniposide');
INSERT INTO surgery (id,date,patient_id,doctor_id) VALUES (1248,'2019-12-02',208,57);
INSERT INTO meds_for_surgery (surgery_id,med) VALUES (1248,'Amifostine');
INSERT INTO surgery (id,date,patient_id,doctor_id) VALUES (1249,'2019-11-24',499,54);
INSERT INTO meds_for_surgery (surgery_id,med) VALUES (1249,'Muromonab');
INSERT INTO surgery (id,date,patient_id,doctor_id) VALUES (1250,'2019-12-13',499,392);
INSERT INTO meds_for_surgery (surgery_id,med) VALUES (1250,'Atenolol');
INSERT INTO surgery (id,date,patient_id,doctor_id) VALUES (1251,'2019-12-27',485,447);
INSERT INTO meds_for_surgery (surgery_id,med) VALUES (1251,'Granisetron');
INSERT INTO surgery (id,date,patient_id,doctor_id) VALUES (1252,'2019-11-25',304,57);
INSERT INTO meds_for_surgery (surgery_id,med) VALUES (1252,'Sunitinib');
INSERT INTO surgery (id,date,patient_id,doctor_id) VALUES (1253,'2019-12-16',39,405);
INSERT INTO meds_for_surgery (surgery_id,med) VALUES (1253,'L-glutamine');
INSERT INTO surgery (id,date,patient_id,doctor_id) VALUES (1254,'2019-12-17',339,309);
INSERT INTO meds_for_surgery (surgery_id,med) VALUES (1254,'Hydrocortisone');
INSERT INTO surgery (id,date,patient_id,doctor_id) VALUES (1255,'2019-12-20',458,438);
INSERT INTO meds_for_surgery (surgery_id,med) VALUES (1255,'Maraviroc');
INSERT INTO surgery (id,date,patient_id,doctor_id) VALUES (1256,'2019-12-11',217,492);
INSERT INTO meds_for_surgery (surgery_id,med) VALUES (1256,'Fludarabine');
INSERT INTO surgery (id,date,patient_id,doctor_id) VALUES (1257,'2019-12-02',156,57);
INSERT INTO meds_for_surgery (surgery_id,med) VALUES (1257,'Micafungin');
INSERT INTO surgery (id,date,patient_id,doctor_id) VALUES (1258,'2019-11-30',60,479);
INSERT INTO meds_for_surgery (surgery_id,med) VALUES (1258,'Bleomycin');
INSERT INTO surgery (id,date,patient_id,doctor_id) VALUES (1259,'2019-12-02',161,152);
INSERT INTO meds_for_surgery (surgery_id,med) VALUES (1259,'Emicizumab');
INSERT INTO surgery (id,date,patient_id,doctor_id) VALUES (1260,'2019-12-05',269,171);
INSERT INTO meds_for_surgery (surgery_id,med) VALUES (1260,'Imatinib');
INSERT INTO surgery (id,date,patient_id,doctor_id) VALUES (1261,'2019-12-17',478,4);
INSERT INTO meds_for_surgery (surgery_id,med) VALUES (1261,'Baclofen');
INSERT INTO surgery (id,date,patient_id,doctor_id) VALUES (1262,'2019-12-13',404,333);
INSERT INTO meds_for_surgery (surgery_id,med) VALUES (1262,'Dopamine');
INSERT INTO surgery (id,date,patient_id,doctor_id) VALUES (1263,'2019-12-23',384,332);
INSERT INTO meds_for_surgery (surgery_id,med) VALUES (1263,'Propoxyphene');
INSERT INTO surgery (id,date,patient_id,doctor_id) VALUES (1264,'2019-11-28',117,144);
INSERT INTO meds_for_surgery (surgery_id,med) VALUES (1264,'Dobutamine');
INSERT INTO surgery (id,date,patient_id,doctor_id) VALUES (1265,'2019-12-23',395,136);
INSERT INTO meds_for_surgery (surgery_id,med) VALUES (1265,'Methadone');
INSERT INTO surgery (id,date,patient_id,doctor_id) VALUES (1266,'2019-12-05',208,433);
INSERT INTO meds_for_surgery (surgery_id,med) VALUES (1266,'Clindamycin');
INSERT INTO surgery (id,date,patient_id,doctor_id) VALUES (1267,'2019-12-27',283,103);
INSERT INTO meds_for_surgery (surgery_id,med) VALUES (1267,'Codeine');
INSERT INTO surgery (id,date,patient_id,doctor_id) VALUES (1268,'2019-12-08',399,392);
INSERT INTO meds_for_surgery (surgery_id,med) VALUES (1268,'Cladribine');
INSERT INTO surgery (id,date,patient_id,doctor_id) VALUES (1269,'2019-12-10',58,9);
INSERT INTO meds_for_surgery (surgery_id,med) VALUES (1269,'Ketoconazole');
INSERT INTO surgery (id,date,patient_id,doctor_id) VALUES (1270,'2019-12-14',37,492);
INSERT INTO meds_for_surgery (surgery_id,med) VALUES (1270,'Topotecan');
INSERT INTO surgery (id,date,patient_id,doctor_id) VALUES (1271,'2019-12-11',76,379);
INSERT INTO meds_for_surgery (surgery_id,med) VALUES (1271,'Labetalol');
INSERT INTO surgery (id,date,patient_id,doctor_id) VALUES (1272,'2019-12-27',164,197);
INSERT INTO meds_for_surgery (surgery_id,med) VALUES (1272,'Carmustine');
INSERT INTO surgery (id,date,patient_id,doctor_id) VALUES (1273,'2019-12-21',109,57);
INSERT INTO meds_for_surgery (surgery_id,med) VALUES (1273,'Magnesium');
INSERT INTO surgery (id,date,patient_id,doctor_id) VALUES (1274,'2019-12-02',119,126);
INSERT INTO meds_for_surgery (surgery_id,med) VALUES (1274,'Clindamycin');
INSERT INTO surgery (id,date,patient_id,doctor_id) VALUES (1275,'2019-12-19',93,9);
INSERT INTO meds_for_surgery (surgery_id,med) VALUES (1275,'Rituximab');
INSERT INTO surgery (id,date,patient_id,doctor_id) VALUES (1276,'2019-12-02',32,439);
INSERT INTO meds_for_surgery (surgery_id,med) VALUES (1276,'Crizotinib');
INSERT INTO surgery (id,date,patient_id,doctor_id) VALUES (1277,'2019-12-19',343,85);
INSERT INTO meds_for_surgery (surgery_id,med) VALUES (1277,'Sirolimus');
INSERT INTO surgery (id,date,patient_id,doctor_id) VALUES (1278,'2019-11-28',94,173);
INSERT INTO meds_for_surgery (surgery_id,med) VALUES (1278,'Cyclophosphamide');
INSERT INTO surgery (id,date,patient_id,doctor_id) VALUES (1279,'2019-12-04',227,474);
INSERT INTO meds_for_surgery (surgery_id,med) VALUES (1279,'Allopurinol');
INSERT INTO surgery (id,date,patient_id,doctor_id) VALUES (1280,'2019-12-24',385,11);
INSERT INTO meds_for_surgery (surgery_id,med) VALUES (1280,'Cephalexin');
INSERT INTO surgery (id,date,patient_id,doctor_id) VALUES (1281,'2019-11-28',240,171);
INSERT INTO meds_for_surgery (surgery_id,med) VALUES (1281,'Allopurinol');
INSERT INTO surgery (id,date,patient_id,doctor_id) VALUES (1282,'2019-12-04',374,229);
INSERT INTO meds_for_surgery (surgery_id,med) VALUES (1282,'Doxorubicin');
INSERT INTO surgery (id,date,patient_id,doctor_id) VALUES (1283,'2019-12-09',498,173);
INSERT INTO meds_for_surgery (surgery_id,med) VALUES (1283,'Dacarbazine');
INSERT INTO surgery (id,date,patient_id,doctor_id) VALUES (1284,'2019-12-15',119,433);
INSERT INTO meds_for_surgery (surgery_id,med) VALUES (1284,'Deferasirox');
INSERT INTO surgery (id,date,patient_id,doctor_id) VALUES (1285,'2019-12-24',496,47);
INSERT INTO meds_for_surgery (surgery_id,med) VALUES (1285,'Thiotepa');
INSERT INTO surgery (id,date,patient_id,doctor_id) VALUES (1286,'2019-12-13',498,333);
INSERT INTO meds_for_surgery (surgery_id,med) VALUES (1286,'GM-CSF');
INSERT INTO surgery (id,date,patient_id,doctor_id) VALUES (1287,'2019-12-21',399,309);
INSERT INTO meds_for_surgery (surgery_id,med) VALUES (1287,'Penicillin');
INSERT INTO surgery (id,date,patient_id,doctor_id) VALUES (1288,'2019-12-13',339,17);
INSERT INTO meds_for_surgery (surgery_id,med) VALUES (1288,'Cyclosporine');
INSERT INTO surgery (id,date,patient_id,doctor_id) VALUES (1289,'2019-12-26',498,54);
INSERT INTO meds_for_surgery (surgery_id,med) VALUES (1289,'Leucovorin');
INSERT INTO surgery (id,date,patient_id,doctor_id) VALUES (1290,'2019-12-02',260,171);
INSERT INTO meds_for_surgery (surgery_id,med) VALUES (1290,'Cyclosporine');
INSERT INTO surgery (id,date,patient_id,doctor_id) VALUES (1291,'2019-12-06',299,229);
INSERT INTO meds_for_surgery (surgery_id,med) VALUES (1291,'Ondansetron');
INSERT INTO surgery (id,date,patient_id,doctor_id) VALUES (1292,'2019-12-01',260,347);
INSERT INTO meds_for_surgery (surgery_id,med) VALUES (1292,'Tacrolimus');
INSERT INTO surgery (id,date,patient_id,doctor_id) VALUES (1293,'2019-12-25',21,392);
INSERT INTO meds_for_surgery (surgery_id,med) VALUES (1293,'Abacavir');
INSERT INTO surgery (id,date,patient_id,doctor_id) VALUES (1294,'2019-12-11',489,229);
INSERT INTO meds_for_surgery (surgery_id,med) VALUES (1294,'Cefepime');
INSERT INTO surgery (id,date,patient_id,doctor_id) VALUES (1295,'2019-12-20',92,309);
INSERT INTO meds_for_surgery (surgery_id,med) VALUES (1295,'Irinotecan');
INSERT INTO surgery (id,date,patient_id,doctor_id) VALUES (1296,'2019-12-08',414,436);
INSERT INTO meds_for_surgery (surgery_id,med) VALUES (1296,'Mycophenolate');
INSERT INTO surgery (id,date,patient_id,doctor_id) VALUES (1297,'2019-12-17',157,433);
INSERT INTO meds_for_surgery (surgery_id,med) VALUES (1297,'Lomustine');
INSERT INTO surgery (id,date,patient_id,doctor_id) VALUES (1298,'2019-11-29',255,186);
INSERT INTO meds_for_surgery (surgery_id,med) VALUES (1298,'Rilpivirine');
INSERT INTO surgery (id,date,patient_id,doctor_id) VALUES (1299,'2019-12-17',87,178);
INSERT INTO meds_for_surgery (surgery_id,med) VALUES (1299,'Mitotane');
INSERT INTO surgery (id,date,patient_id,doctor_id) VALUES (1300,'2019-12-24',255,149);
INSERT INTO meds_for_surgery (surgery_id,med) VALUES (1300,'Micafungin');
INSERT INTO surgery (id,date,patient_id,doctor_id) VALUES (1301,'2019-12-11',94,136);
INSERT INTO meds_for_surgery (surgery_id,med) VALUES (1301,'Levothyroxine');
INSERT INTO surgery (id,date,patient_id,doctor_id) VALUES (1302,'2019-11-27',478,171);
INSERT INTO meds_for_surgery (surgery_id,med) VALUES (1302,'Cidofovir');
INSERT INTO surgery (id,date,patient_id,doctor_id) VALUES (1303,'2019-12-03',499,210);
INSERT INTO meds_for_surgery (surgery_id,med) VALUES (1303,'Zidovudine');
INSERT INTO surgery (id,date,patient_id,doctor_id) VALUES (1304,'2019-11-29',399,405);
INSERT INTO meds_for_surgery (surgery_id,med) VALUES (1304,'Penicillin');
INSERT INTO surgery (id,date,patient_id,doctor_id) VALUES (1305,'2019-11-29',156,474);
INSERT INTO meds_for_surgery (surgery_id,med) VALUES (1305,'Imipenem');
INSERT INTO surgery (id,date,patient_id,doctor_id) VALUES (1306,'2019-11-29',346,405);
INSERT INTO meds_for_surgery (surgery_id,med) VALUES (1306,'Lamivudine');
INSERT INTO surgery (id,date,patient_id,doctor_id) VALUES (1307,'2019-11-27',60,467);
INSERT INTO meds_for_surgery (surgery_id,med) VALUES (1307,'G-CSF');
INSERT INTO surgery (id,date,patient_id,doctor_id) VALUES (1308,'2019-12-03',384,405);
INSERT INTO meds_for_surgery (surgery_id,med) VALUES (1308,'Cyproheptadine');
INSERT INTO surgery (id,date,patient_id,doctor_id) VALUES (1309,'2019-12-24',496,436);
INSERT INTO meds_for_surgery (surgery_id,med) VALUES (1309,'Tobramycin');
INSERT INTO surgery (id,date,patient_id,doctor_id) VALUES (1310,'2019-12-24',278,392);
INSERT INTO meds_for_surgery (surgery_id,med) VALUES (1310,'Captopril');
INSERT INTO surgery (id,date,patient_id,doctor_id) VALUES (1311,'2019-12-11',496,115);
INSERT INTO meds_for_surgery (surgery_id,med) VALUES (1311,'Emtricitabine');
INSERT INTO surgery (id,date,patient_id,doctor_id) VALUES (1312,'2019-12-04',299,392);
INSERT INTO meds_for_surgery (surgery_id,med) VALUES (1312,'Rivaroxaban');
INSERT INTO surgery (id,date,patient_id,doctor_id) VALUES (1313,'2019-12-02',426,80);
INSERT INTO meds_for_surgery (surgery_id,med) VALUES (1313,'Mycophenolate');
INSERT INTO surgery (id,date,patient_id,doctor_id) VALUES (1314,'2019-12-01',415,103);
INSERT INTO meds_for_surgery (surgery_id,med) VALUES (1314,'Ranitidine');
INSERT INTO surgery (id,date,patient_id,doctor_id) VALUES (1315,'2019-12-20',387,294);
INSERT INTO meds_for_surgery (surgery_id,med) VALUES (1315,'Eltrombopag');
INSERT INTO surgery (id,date,patient_id,doctor_id) VALUES (1316,'2019-12-23',290,144);
INSERT INTO meds_for_surgery (surgery_id,med) VALUES (1316,'Celecoxib');
INSERT INTO surgery (id,date,patient_id,doctor_id) VALUES (1317,'2019-11-29',61,171);
INSERT INTO meds_for_surgery (surgery_id,med) VALUES (1317,'Cefixime');
INSERT INTO surgery (id,date,patient_id,doctor_id) VALUES (1318,'2019-12-13',174,197);
INSERT INTO meds_for_surgery (surgery_id,med) VALUES (1318,'Lorazepam');
INSERT INTO surgery (id,date,patient_id,doctor_id) VALUES (1319,'2019-12-11',109,149);
INSERT INTO meds_for_surgery (surgery_id,med) VALUES (1319,'Deferasirox');
INSERT INTO surgery (id,date,patient_id,doctor_id) VALUES (1320,'2019-12-27',94,115);
INSERT INTO meds_for_surgery (surgery_id,med) VALUES (1320,'Potassium');
INSERT INTO surgery (id,date,patient_id,doctor_id) VALUES (1321,'2019-12-02',343,54);
INSERT INTO meds_for_surgery (surgery_id,med) VALUES (1321,'Cefaclor');
INSERT INTO surgery (id,date,patient_id,doctor_id) VALUES (1322,'2019-12-04',488,57);
INSERT INTO meds_for_surgery (surgery_id,med) VALUES (1322,'Methadone');
INSERT INTO surgery (id,date,patient_id,doctor_id) VALUES (1323,'2019-12-16',156,480);
INSERT INTO meds_for_surgery (surgery_id,med) VALUES (1323,'Nevirapine');
INSERT INTO surgery (id,date,patient_id,doctor_id) VALUES (1324,'2019-11-30',142,294);
INSERT INTO meds_for_surgery (surgery_id,med) VALUES (1324,'Bosentan');
INSERT INTO surgery (id,date,patient_id,doctor_id) VALUES (1325,'2019-11-30',111,314);
INSERT INTO meds_for_surgery (surgery_id,med) VALUES (1325,'Rituximab');
INSERT INTO surgery (id,date,patient_id,doctor_id) VALUES (1326,'2019-11-23',458,474);
INSERT INTO meds_for_surgery (surgery_id,med) VALUES (1326,'Warfarin');
INSERT INTO surgery (id,date,patient_id,doctor_id) VALUES (1327,'2019-12-15',339,474);
INSERT INTO meds_for_surgery (surgery_id,med) VALUES (1327,'Voriconazole');
INSERT INTO surgery (id,date,patient_id,doctor_id) VALUES (1328,'2019-12-25',177,74);
INSERT INTO meds_for_surgery (surgery_id,med) VALUES (1328,'Celecoxib');
INSERT INTO surgery (id,date,patient_id,doctor_id) VALUES (1329,'2019-12-21',296,439);
INSERT INTO meds_for_surgery (surgery_id,med) VALUES (1329,'Erlotinib');
INSERT INTO surgery (id,date,patient_id,doctor_id) VALUES (1330,'2019-12-01',208,74);
INSERT INTO meds_for_surgery (surgery_id,med) VALUES (1330,'Bortezomib');
INSERT INTO surgery (id,date,patient_id,doctor_id) VALUES (1331,'2019-12-22',426,355);
INSERT INTO meds_for_surgery (surgery_id,med) VALUES (1331,'Atazanavir');
INSERT INTO surgery (id,date,patient_id,doctor_id) VALUES (1332,'2019-12-24',119,78);
INSERT INTO meds_for_surgery (surgery_id,med) VALUES (1332,'Cyclosporine');
INSERT INTO surgery (id,date,patient_id,doctor_id) VALUES (1333,'2019-12-03',175,310);
INSERT INTO meds_for_surgery (surgery_id,med) VALUES (1333,'Efavirenz');
INSERT INTO surgery (id,date,patient_id,doctor_id) VALUES (1334,'2019-12-01',130,171);
INSERT INTO meds_for_surgery (surgery_id,med) VALUES (1334,'Aminocaproic Acid');
INSERT INTO surgery (id,date,patient_id,doctor_id) VALUES (1335,'2019-12-19',238,173);
INSERT INTO meds_for_surgery (surgery_id,med) VALUES (1335,'Mitoxantrone');
INSERT INTO surgery (id,date,patient_id,doctor_id) VALUES (1336,'2019-11-23',458,229);
INSERT INTO meds_for_surgery (surgery_id,med) VALUES (1336,'Trimethoprim');
INSERT INTO surgery (id,date,patient_id,doctor_id) VALUES (1337,'2019-12-20',499,442);
INSERT INTO meds_for_surgery (surgery_id,med) VALUES (1337,'Meloxicam');
INSERT INTO surgery (id,date,patient_id,doctor_id) VALUES (1338,'2019-12-06',264,268);
INSERT INTO meds_for_surgery (surgery_id,med) VALUES (1338,'Famciclovir');
INSERT INTO surgery (id,date,patient_id,doctor_id) VALUES (1339,'2019-12-03',223,210);
INSERT INTO meds_for_surgery (surgery_id,med) VALUES (1339,'Hydralazine');
INSERT INTO surgery (id,date,patient_id,doctor_id) VALUES (1340,'2019-12-14',58,40);
INSERT INTO meds_for_surgery (surgery_id,med) VALUES (1340,'Tacrolimus');
INSERT INTO surgery (id,date,patient_id,doctor_id) VALUES (1341,'2019-12-09',182,74);
INSERT INTO meds_for_surgery (surgery_id,med) VALUES (1341,'Dexamethasone');
INSERT INTO surgery (id,date,patient_id,doctor_id) VALUES (1342,'2019-11-27',287,66);
INSERT INTO meds_for_surgery (surgery_id,med) VALUES (1342,'Codeine');
INSERT INTO surgery (id,date,patient_id,doctor_id) VALUES (1343,'2019-12-02',374,57);
INSERT INTO meds_for_surgery (surgery_id,med) VALUES (1343,'Sirolimus');
INSERT INTO surgery (id,date,patient_id,doctor_id) VALUES (1344,'2019-12-23',343,78);
INSERT INTO meds_for_surgery (surgery_id,med) VALUES (1344,'Erythromycin');
INSERT INTO surgery (id,date,patient_id,doctor_id) VALUES (1345,'2019-12-12',61,97);
INSERT INTO meds_for_surgery (surgery_id,med) VALUES (1345,'Acyclovir');
INSERT INTO surgery (id,date,patient_id,doctor_id) VALUES (1346,'2019-12-09',61,312);
INSERT INTO meds_for_surgery (surgery_id,med) VALUES (1346,'Muromonab');
INSERT INTO surgery (id,date,patient_id,doctor_id) VALUES (1347,'2019-12-21',489,348);
INSERT INTO meds_for_surgery (surgery_id,med) VALUES (1347,'Foscarnet');
INSERT INTO surgery (id,date,patient_id,doctor_id) VALUES (1348,'2019-12-17',255,18);
INSERT INTO meds_for_surgery (surgery_id,med) VALUES (1348,'Hydrocodone');
INSERT INTO surgery (id,date,patient_id,doctor_id) VALUES (1349,'2019-11-25',475,262);
INSERT INTO meds_for_surgery (surgery_id,med) VALUES (1349,'Enoxaparin');
INSERT INTO surgery (id,date,patient_id,doctor_id) VALUES (1350,'2019-12-23',343,263);
INSERT INTO meds_for_surgery (surgery_id,med) VALUES (1350,'Famciclovir');
INSERT INTO surgery (id,date,patient_id,doctor_id) VALUES (1351,'2019-12-14',255,149);
INSERT INTO meds_for_surgery (surgery_id,med) VALUES (1351,'Neuromuscular');
INSERT INTO surgery (id,date,patient_id,doctor_id) VALUES (1352,'2019-11-25',374,442);
INSERT INTO meds_for_surgery (surgery_id,med) VALUES (1352,'Cefixime');
INSERT INTO surgery (id,date,patient_id,doctor_id) VALUES (1353,'2019-11-23',177,273);
INSERT INTO meds_for_surgery (surgery_id,med) VALUES (1353,'Erythromycin');
INSERT INTO surgery (id,date,patient_id,doctor_id) VALUES (1354,'2019-11-23',397,392);
INSERT INTO meds_for_surgery (surgery_id,med) VALUES (1354,'Dapsone');
INSERT INTO surgery (id,date,patient_id,doctor_id) VALUES (1355,'2019-11-28',354,472);
INSERT INTO meds_for_surgery (surgery_id,med) VALUES (1355,'Erythropoietin');
INSERT INTO surgery (id,date,patient_id,doctor_id) VALUES (1356,'2019-11-30',327,370);
INSERT INTO meds_for_surgery (surgery_id,med) VALUES (1356,'Amitriptyline');
INSERT INTO surgery (id,date,patient_id,doctor_id) VALUES (1357,'2019-12-14',395,447);
INSERT INTO meds_for_surgery (surgery_id,med) VALUES (1357,'Eltrombopag');
INSERT INTO surgery (id,date,patient_id,doctor_id) VALUES (1358,'2019-12-08',399,314);
INSERT INTO meds_for_surgery (surgery_id,med) VALUES (1358,'Gemtuzumab');
INSERT INTO surgery (id,date,patient_id,doctor_id) VALUES (1359,'2019-12-16',175,40);
INSERT INTO meds_for_surgery (surgery_id,med) VALUES (1359,'Deferasirox');
INSERT INTO surgery (id,date,patient_id,doctor_id) VALUES (1360,'2019-11-26',93,66);
INSERT INTO meds_for_surgery (surgery_id,med) VALUES (1360,'Darunavir');
INSERT INTO surgery (id,date,patient_id,doctor_id) VALUES (1361,'2019-12-27',94,469);
INSERT INTO meds_for_surgery (surgery_id,med) VALUES (1361,'Thiotepa');
INSERT INTO surgery (id,date,patient_id,doctor_id) VALUES (1362,'2019-11-25',327,273);
INSERT INTO meds_for_surgery (surgery_id,med) VALUES (1362,'PEGaspargase');
INSERT INTO surgery (id,date,patient_id,doctor_id) VALUES (1363,'2019-12-26',498,262);
INSERT INTO meds_for_surgery (surgery_id,med) VALUES (1363,'Labetalol');
INSERT INTO surgery (id,date,patient_id,doctor_id) VALUES (1364,'2019-12-24',240,232);
INSERT INTO meds_for_surgery (surgery_id,med) VALUES (1364,'Calcium');
INSERT INTO surgery (id,date,patient_id,doctor_id) VALUES (1365,'2019-12-18',483,469);
INSERT INTO meds_for_surgery (surgery_id,med) VALUES (1365,'Micafungin');
INSERT INTO surgery (id,date,patient_id,doctor_id) VALUES (1366,'2019-11-28',227,178);
INSERT INTO meds_for_surgery (surgery_id,med) VALUES (1366,'Muromonab');
INSERT INTO surgery (id,date,patient_id,doctor_id) VALUES (1367,'2019-12-02',426,310);
INSERT INTO meds_for_surgery (surgery_id,med) VALUES (1367,'Amikacin');
INSERT INTO surgery (id,date,patient_id,doctor_id) VALUES (1368,'2019-12-22',88,273);
INSERT INTO meds_for_surgery (surgery_id,med) VALUES (1368,'Tenofovir');
INSERT INTO surgery (id,date,patient_id,doctor_id) VALUES (1369,'2019-12-18',61,391);
INSERT INTO meds_for_surgery (surgery_id,med) VALUES (1369,'Aprepitant');
INSERT INTO surgery (id,date,patient_id,doctor_id) VALUES (1370,'2019-12-21',432,4);
INSERT INTO meds_for_surgery (surgery_id,med) VALUES (1370,'Enalapril');
INSERT INTO surgery (id,date,patient_id,doctor_id) VALUES (1371,'2019-11-29',87,348);
INSERT INTO meds_for_surgery (surgery_id,med) VALUES (1371,'Penicillin');
INSERT INTO surgery (id,date,patient_id,doctor_id) VALUES (1372,'2019-12-20',413,199);
INSERT INTO meds_for_surgery (surgery_id,med) VALUES (1372,'Megestrol acetate');
INSERT INTO surgery (id,date,patient_id,doctor_id) VALUES (1373,'2019-11-23',389,11);
INSERT INTO meds_for_surgery (surgery_id,med) VALUES (1373,'Emtricitabine');
INSERT INTO surgery (id,date,patient_id,doctor_id) VALUES (1374,'2019-11-26',117,474);
INSERT INTO meds_for_surgery (surgery_id,med) VALUES (1374,'Deferasirox');
INSERT INTO surgery (id,date,patient_id,doctor_id) VALUES (1375,'2019-11-29',498,197);
INSERT INTO meds_for_surgery (surgery_id,med) VALUES (1375,'Tacrolimus');
INSERT INTO surgery (id,date,patient_id,doctor_id) VALUES (1376,'2019-12-09',61,47);
INSERT INTO meds_for_surgery (surgery_id,med) VALUES (1376,'Enoxaparin');
INSERT INTO surgery (id,date,patient_id,doctor_id) VALUES (1377,'2019-12-12',491,186);
INSERT INTO meds_for_surgery (surgery_id,med) VALUES (1377,'Famciclovir');
INSERT INTO surgery (id,date,patient_id,doctor_id) VALUES (1378,'2019-12-04',389,103);
INSERT INTO meds_for_surgery (surgery_id,med) VALUES (1378,'Nelarabine');
INSERT INTO surgery (id,date,patient_id,doctor_id) VALUES (1379,'2019-12-12',174,442);
INSERT INTO meds_for_surgery (surgery_id,med) VALUES (1379,'Amoxicillin');
INSERT INTO surgery (id,date,patient_id,doctor_id) VALUES (1380,'2019-12-01',88,4);
INSERT INTO meds_for_surgery (surgery_id,med) VALUES (1380,'Hydrocodone');
INSERT INTO surgery (id,date,patient_id,doctor_id) VALUES (1381,'2019-11-29',290,479);
INSERT INTO meds_for_surgery (surgery_id,med) VALUES (1381,'Azithromycin');
INSERT INTO surgery (id,date,patient_id,doctor_id) VALUES (1382,'2019-11-24',287,348);
INSERT INTO meds_for_surgery (surgery_id,med) VALUES (1382,'Linezolid');
INSERT INTO surgery (id,date,patient_id,doctor_id) VALUES (1383,'2019-12-14',413,66);
INSERT INTO meds_for_surgery (surgery_id,med) VALUES (1383,'Calcium');
INSERT INTO surgery (id,date,patient_id,doctor_id) VALUES (1384,'2019-12-26',371,171);
INSERT INTO meds_for_surgery (surgery_id,med) VALUES (1384,'Gabapentin');
INSERT INTO surgery (id,date,patient_id,doctor_id) VALUES (1385,'2019-12-22',287,9);
INSERT INTO meds_for_surgery (surgery_id,med) VALUES (1385,'Immune');
INSERT INTO surgery (id,date,patient_id,doctor_id) VALUES (1386,'2019-12-02',174,392);
INSERT INTO meds_for_surgery (surgery_id,med) VALUES (1386,'Dopamine');
INSERT INTO surgery (id,date,patient_id,doctor_id) VALUES (1387,'2019-12-24',339,54);
INSERT INTO meds_for_surgery (surgery_id,med) VALUES (1387,'Sorafenib');
INSERT INTO surgery (id,date,patient_id,doctor_id) VALUES (1388,'2019-12-25',8,347);
INSERT INTO meds_for_surgery (surgery_id,med) VALUES (1388,'Cefepime');
INSERT INTO surgery (id,date,patient_id,doctor_id) VALUES (1389,'2019-12-21',32,474);
INSERT INTO meds_for_surgery (surgery_id,med) VALUES (1389,'Lamivudine');
INSERT INTO surgery (id,date,patient_id,doctor_id) VALUES (1390,'2019-12-23',430,312);
INSERT INTO meds_for_surgery (surgery_id,med) VALUES (1390,'Oxycodone');
INSERT INTO surgery (id,date,patient_id,doctor_id) VALUES (1391,'2019-12-19',150,178);
INSERT INTO meds_for_surgery (surgery_id,med) VALUES (1391,'Cytarabine');
INSERT INTO surgery (id,date,patient_id,doctor_id) VALUES (1392,'2019-11-24',25,288);
INSERT INTO meds_for_surgery (surgery_id,med) VALUES (1392,'Voriconazole');
INSERT INTO surgery (id,date,patient_id,doctor_id) VALUES (1393,'2019-12-16',444,474);
INSERT INTO meds_for_surgery (surgery_id,med) VALUES (1393,'Celecoxib');
INSERT INTO surgery (id,date,patient_id,doctor_id) VALUES (1394,'2019-12-21',360,17);
INSERT INTO meds_for_surgery (surgery_id,med) VALUES (1394,'Heparin');
INSERT INTO surgery (id,date,patient_id,doctor_id) VALUES (1395,'2019-11-27',483,391);
INSERT INTO meds_for_surgery (surgery_id,med) VALUES (1395,'Busulfan');
INSERT INTO surgery (id,date,patient_id,doctor_id) VALUES (1396,'2019-12-20',92,149);
INSERT INTO meds_for_surgery (surgery_id,med) VALUES (1396,'Amitriptyline');
INSERT INTO surgery (id,date,patient_id,doctor_id) VALUES (1397,'2019-11-28',168,439);
INSERT INTO meds_for_surgery (surgery_id,med) VALUES (1397,'Meloxicam');
INSERT INTO surgery (id,date,patient_id,doctor_id) VALUES (1398,'2019-12-12',444,392);
INSERT INTO meds_for_surgery (surgery_id,med) VALUES (1398,'Sorafenib');
INSERT INTO surgery (id,date,patient_id,doctor_id) VALUES (1399,'2019-12-05',76,370);
INSERT INTO meds_for_surgery (surgery_id,med) VALUES (1399,'Melphalan');
INSERT INTO surgery (id,date,patient_id,doctor_id) VALUES (1400,'2019-11-28',161,469);
INSERT INTO meds_for_surgery (surgery_id,med) VALUES (1400,'Magnesium');
INSERT INTO surgery (id,date,patient_id,doctor_id) VALUES (1401,'2019-12-09',399,54);
INSERT INTO meds_for_surgery (surgery_id,med) VALUES (1401,'Imatinib');
INSERT INTO surgery (id,date,patient_id,doctor_id) VALUES (1402,'2019-12-06',389,268);
INSERT INTO meds_for_surgery (surgery_id,med) VALUES (1402,'Atenolol');
INSERT INTO surgery (id,date,patient_id,doctor_id) VALUES (1403,'2019-12-25',217,136);
INSERT INTO meds_for_surgery (surgery_id,med) VALUES (1403,'Alemtuzumab');
INSERT INTO surgery (id,date,patient_id,doctor_id) VALUES (1404,'2019-11-30',415,442);
INSERT INTO meds_for_surgery (surgery_id,med) VALUES (1404,'Mercaptopurine');
INSERT INTO surgery (id,date,patient_id,doctor_id) VALUES (1405,'2019-12-27',37,41);
INSERT INTO meds_for_surgery (surgery_id,med) VALUES (1405,'Methylphenidate');
INSERT INTO surgery (id,date,patient_id,doctor_id) VALUES (1406,'2019-11-26',429,347);
INSERT INTO meds_for_surgery (surgery_id,med) VALUES (1406,'Asparaginase');
INSERT INTO surgery (id,date,patient_id,doctor_id) VALUES (1407,'2019-12-07',76,392);
INSERT INTO meds_for_surgery (surgery_id,med) VALUES (1407,'Clofarabine');
INSERT INTO surgery (id,date,patient_id,doctor_id) VALUES (1408,'2019-12-22',429,103);
INSERT INTO meds_for_surgery (surgery_id,med) VALUES (1408,'Carbamazepine');
INSERT INTO surgery (id,date,patient_id,doctor_id) VALUES (1409,'2019-12-18',397,436);
INSERT INTO meds_for_surgery (surgery_id,med) VALUES (1409,'Gemcitabine');
INSERT INTO surgery (id,date,patient_id,doctor_id) VALUES (1410,'2019-11-25',330,103);
INSERT INTO meds_for_surgery (surgery_id,med) VALUES (1410,'Elvitegravir');
INSERT INTO surgery (id,date,patient_id,doctor_id) VALUES (1411,'2019-12-06',389,492);
INSERT INTO meds_for_surgery (surgery_id,med) VALUES (1411,'Meloxicam');
INSERT INTO surgery (id,date,patient_id,doctor_id) VALUES (1412,'2019-12-18',385,401);
INSERT INTO meds_for_surgery (surgery_id,med) VALUES (1412,'Furosemide');
INSERT INTO surgery (id,date,patient_id,doctor_id) VALUES (1413,'2019-11-23',475,262);
INSERT INTO meds_for_surgery (surgery_id,med) VALUES (1413,'Emtricitabine');
INSERT INTO surgery (id,date,patient_id,doctor_id) VALUES (1414,'2019-12-17',327,126);
INSERT INTO meds_for_surgery (surgery_id,med) VALUES (1414,'Efavirenz');
INSERT INTO surgery (id,date,patient_id,doctor_id) VALUES (1415,'2019-11-28',37,103);
INSERT INTO meds_for_surgery (surgery_id,med) VALUES (1415,'Dasatinib');
INSERT INTO surgery (id,date,patient_id,doctor_id) VALUES (1416,'2019-12-26',223,232);
INSERT INTO meds_for_surgery (surgery_id,med) VALUES (1416,'Mitoxantrone');
INSERT INTO surgery (id,date,patient_id,doctor_id) VALUES (1417,'2019-12-10',39,74);
INSERT INTO meds_for_surgery (surgery_id,med) VALUES (1417,'Cyclobenzaprine');
INSERT INTO surgery (id,date,patient_id,doctor_id) VALUES (1418,'2019-12-24',248,57);
INSERT INTO meds_for_surgery (surgery_id,med) VALUES (1418,'Pemetrexed');
INSERT INTO surgery (id,date,patient_id,doctor_id) VALUES (1419,'2019-12-24',175,152);
INSERT INTO meds_for_surgery (surgery_id,med) VALUES (1419,'Metronidazole');
INSERT INTO surgery (id,date,patient_id,doctor_id) VALUES (1420,'2019-12-27',426,391);
INSERT INTO meds_for_surgery (surgery_id,med) VALUES (1420,'Clarithromycin');
INSERT INTO surgery (id,date,patient_id,doctor_id) VALUES (1421,'2019-12-12',172,136);
INSERT INTO meds_for_surgery (surgery_id,med) VALUES (1421,'Tenofovir');
INSERT INTO surgery (id,date,patient_id,doctor_id) VALUES (1422,'2019-11-25',354,366);
INSERT INTO meds_for_surgery (surgery_id,med) VALUES (1422,'Diclofenac');
INSERT INTO surgery (id,date,patient_id,doctor_id) VALUES (1423,'2019-12-10',240,74);
INSERT INTO meds_for_surgery (surgery_id,med) VALUES (1423,'Clarithromycin');
INSERT INTO surgery (id,date,patient_id,doctor_id) VALUES (1424,'2019-11-26',92,178);
INSERT INTO meds_for_surgery (surgery_id,med) VALUES (1424,'Fludarabine');
INSERT INTO surgery (id,date,patient_id,doctor_id) VALUES (1425,'2019-12-07',241,178);
INSERT INTO meds_for_surgery (surgery_id,med) VALUES (1425,'Ifosfamide');
INSERT INTO surgery (id,date,patient_id,doctor_id) VALUES (1426,'2019-12-10',161,4);
INSERT INTO meds_for_surgery (surgery_id,med) VALUES (1426,'Desmopressin');
INSERT INTO surgery (id,date,patient_id,doctor_id) VALUES (1427,'2019-12-23',182,199);
INSERT INTO meds_for_surgery (surgery_id,med) VALUES (1427,'Lopinavir');
INSERT INTO surgery (id,date,patient_id,doctor_id) VALUES (1428,'2019-12-04',283,472);
INSERT INTO meds_for_surgery (surgery_id,med) VALUES (1428,'Lorazepam');
INSERT INTO surgery (id,date,patient_id,doctor_id) VALUES (1429,'2019-12-04',296,479);
INSERT INTO meds_for_surgery (surgery_id,med) VALUES (1429,'Cytarabine');
INSERT INTO surgery (id,date,patient_id,doctor_id) VALUES (1430,'2019-12-09',397,391);
INSERT INTO meds_for_surgery (surgery_id,med) VALUES (1430,'Etoposide');
INSERT INTO surgery (id,date,patient_id,doctor_id) VALUES (1431,'2019-12-18',399,388);
INSERT INTO meds_for_surgery (surgery_id,med) VALUES (1431,'L-glutamine');
INSERT INTO surgery (id,date,patient_id,doctor_id) VALUES (1432,'2019-12-26',119,199);
INSERT INTO meds_for_surgery (surgery_id,med) VALUES (1432,'Interleukin');
INSERT INTO surgery (id,date,patient_id,doctor_id) VALUES (1433,'2019-11-28',25,288);
INSERT INTO meds_for_surgery (surgery_id,med) VALUES (1433,'Methadone');
INSERT INTO surgery (id,date,patient_id,doctor_id) VALUES (1434,'2019-12-10',354,40);
INSERT INTO meds_for_surgery (surgery_id,med) VALUES (1434,'Deferasirox');
INSERT INTO surgery (id,date,patient_id,doctor_id) VALUES (1435,'2019-12-01',117,4);
INSERT INTO meds_for_surgery (surgery_id,med) VALUES (1435,'Sucralfate');
INSERT INTO surgery (id,date,patient_id,doctor_id) VALUES (1436,'2019-12-02',175,438);
INSERT INTO meds_for_surgery (surgery_id,med) VALUES (1436,'Vincristine');
INSERT INTO surgery (id,date,patient_id,doctor_id) VALUES (1437,'2019-12-08',354,80);
INSERT INTO meds_for_surgery (surgery_id,med) VALUES (1437,'Elvitegravir');
INSERT INTO surgery (id,date,patient_id,doctor_id) VALUES (1438,'2019-11-28',32,388);
INSERT INTO meds_for_surgery (surgery_id,med) VALUES (1438,'Ritonavir');
INSERT INTO surgery (id,date,patient_id,doctor_id) VALUES (1439,'2019-12-06',92,40);
INSERT INTO meds_for_surgery (surgery_id,med) VALUES (1439,'Gemcitabine');
INSERT INTO surgery (id,date,patient_id,doctor_id) VALUES (1440,'2019-12-27',385,312);
INSERT INTO meds_for_surgery (surgery_id,med) VALUES (1440,'Codeine');
INSERT INTO surgery (id,date,patient_id,doctor_id) VALUES (1441,'2019-12-12',7,442);
INSERT INTO meds_for_surgery (surgery_id,med) VALUES (1441,'Mitoxantrone');
INSERT INTO surgery (id,date,patient_id,doctor_id) VALUES (1442,'2019-11-27',426,347);
INSERT INTO meds_for_surgery (surgery_id,med) VALUES (1442,'Clarithromycin');
INSERT INTO surgery (id,date,patient_id,doctor_id) VALUES (1443,'2019-12-07',88,401);
INSERT INTO meds_for_surgery (surgery_id,med) VALUES (1443,'Gefitinib');
INSERT INTO surgery (id,date,patient_id,doctor_id) VALUES (1444,'2019-11-29',414,447);
INSERT INTO meds_for_surgery (surgery_id,med) VALUES (1444,'Cladribine');
INSERT INTO surgery (id,date,patient_id,doctor_id) VALUES (1445,'2019-12-18',371,467);
INSERT INTO meds_for_surgery (surgery_id,med) VALUES (1445,'Vincristine');
INSERT INTO surgery (id,date,patient_id,doctor_id) VALUES (1446,'2019-12-19',414,379);
INSERT INTO meds_for_surgery (surgery_id,med) VALUES (1446,'Crizotinib');
INSERT INTO surgery (id,date,patient_id,doctor_id) VALUES (1447,'2019-11-30',339,97);
INSERT INTO meds_for_surgery (surgery_id,med) VALUES (1447,'Probenecid');
INSERT INTO surgery (id,date,patient_id,doctor_id) VALUES (1448,'2019-12-23',223,47);
INSERT INTO meds_for_surgery (surgery_id,med) VALUES (1448,'Ritonavir');
INSERT INTO surgery (id,date,patient_id,doctor_id) VALUES (1449,'2019-12-18',255,210);
INSERT INTO meds_for_surgery (surgery_id,med) VALUES (1449,'Zidovudine');
INSERT INTO surgery (id,date,patient_id,doctor_id) VALUES (1450,'2019-12-24',111,229);
INSERT INTO meds_for_surgery (surgery_id,med) VALUES (1450,'Morphine');
INSERT INTO surgery (id,date,patient_id,doctor_id) VALUES (1451,'2019-12-01',444,285);
INSERT INTO meds_for_surgery (surgery_id,med) VALUES (1451,'Darunavir');
INSERT INTO surgery (id,date,patient_id,doctor_id) VALUES (1452,'2019-12-02',88,11);
INSERT INTO meds_for_surgery (surgery_id,med) VALUES (1452,'Acyclovir');
INSERT INTO surgery (id,date,patient_id,doctor_id) VALUES (1453,'2019-12-14',498,103);
INSERT INTO meds_for_surgery (surgery_id,med) VALUES (1453,'Stavudine');
INSERT INTO surgery (id,date,patient_id,doctor_id) VALUES (1454,'2019-12-08',60,210);
INSERT INTO meds_for_surgery (surgery_id,med) VALUES (1454,'Clofarabine');
INSERT INTO surgery (id,date,patient_id,doctor_id) VALUES (1455,'2019-12-25',58,294);
INSERT INTO meds_for_surgery (surgery_id,med) VALUES (1455,'Clobazam');
INSERT INTO surgery (id,date,patient_id,doctor_id) VALUES (1456,'2019-12-14',489,9);
INSERT INTO meds_for_surgery (surgery_id,med) VALUES (1456,'Stavudine');
INSERT INTO surgery (id,date,patient_id,doctor_id) VALUES (1457,'2019-12-04',110,474);
INSERT INTO meds_for_surgery (surgery_id,med) VALUES (1457,'Temozolomide');
INSERT INTO surgery (id,date,patient_id,doctor_id) VALUES (1458,'2019-12-21',496,467);
INSERT INTO meds_for_surgery (surgery_id,med) VALUES (1458,'Linezolid');
INSERT INTO surgery (id,date,patient_id,doctor_id) VALUES (1459,'2019-12-23',264,472);
INSERT INTO meds_for_surgery (surgery_id,med) VALUES (1459,'Prednisone');
INSERT INTO surgery (id,date,patient_id,doctor_id) VALUES (1460,'2019-12-13',485,229);
INSERT INTO meds_for_surgery (surgery_id,med) VALUES (1460,'Paclitaxel');
INSERT INTO surgery (id,date,patient_id,doctor_id) VALUES (1461,'2019-12-10',432,41);
INSERT INTO meds_for_surgery (surgery_id,med) VALUES (1461,'Raltegravir');
INSERT INTO surgery (id,date,patient_id,doctor_id) VALUES (1462,'2019-12-06',299,314);
INSERT INTO meds_for_surgery (surgery_id,med) VALUES (1462,'Captopril');
INSERT INTO surgery (id,date,patient_id,doctor_id) VALUES (1463,'2019-12-09',93,323);
INSERT INTO meds_for_surgery (surgery_id,med) VALUES (1463,'Phosphorus');
INSERT INTO surgery (id,date,patient_id,doctor_id) VALUES (1464,'2019-12-18',429,47);
INSERT INTO meds_for_surgery (surgery_id,med) VALUES (1464,'Mycophenolate');
INSERT INTO surgery (id,date,patient_id,doctor_id) VALUES (1465,'2019-12-06',87,149);
INSERT INTO meds_for_surgery (surgery_id,med) VALUES (1465,'Clindamycin');
INSERT INTO surgery (id,date,patient_id,doctor_id) VALUES (1466,'2019-12-06',290,285);
INSERT INTO meds_for_surgery (surgery_id,med) VALUES (1466,'Phenobarbital');
INSERT INTO surgery (id,date,patient_id,doctor_id) VALUES (1467,'2019-12-09',488,4);
INSERT INTO meds_for_surgery (surgery_id,med) VALUES (1467,'Hydralazine');
INSERT INTO surgery (id,date,patient_id,doctor_id) VALUES (1468,'2019-12-10',25,210);
INSERT INTO meds_for_surgery (surgery_id,med) VALUES (1468,'Diclofenac');
INSERT INTO surgery (id,date,patient_id,doctor_id) VALUES (1469,'2019-12-20',287,294);
INSERT INTO meds_for_surgery (surgery_id,med) VALUES (1469,'Pegfilgrastim');
INSERT INTO surgery (id,date,patient_id,doctor_id) VALUES (1470,'2019-11-29',248,442);
INSERT INTO meds_for_surgery (surgery_id,med) VALUES (1470,'Tenofovir');
INSERT INTO surgery (id,date,patient_id,doctor_id) VALUES (1471,'2019-12-09',278,232);
INSERT INTO meds_for_surgery (surgery_id,med) VALUES (1471,'Vinblastine');
INSERT INTO surgery (id,date,patient_id,doctor_id) VALUES (1472,'2019-12-27',429,252);
INSERT INTO meds_for_surgery (surgery_id,med) VALUES (1472,'Dornase alfa');
INSERT INTO surgery (id,date,patient_id,doctor_id) VALUES (1473,'2019-12-21',404,144);
INSERT INTO meds_for_surgery (surgery_id,med) VALUES (1473,'Sunitinib');
INSERT INTO surgery (id,date,patient_id,doctor_id) VALUES (1474,'2019-12-07',25,41);
INSERT INTO meds_for_surgery (surgery_id,med) VALUES (1474,'Phenobarbital');
INSERT INTO surgery (id,date,patient_id,doctor_id) VALUES (1475,'2019-12-11',496,288);
INSERT INTO meds_for_surgery (surgery_id,med) VALUES (1475,'Vancomycin');
INSERT INTO surgery (id,date,patient_id,doctor_id) VALUES (1476,'2019-12-26',227,66);
INSERT INTO meds_for_surgery (surgery_id,med) VALUES (1476,'Potassium');
INSERT INTO surgery (id,date,patient_id,doctor_id) VALUES (1477,'2019-11-25',88,310);
INSERT INTO meds_for_surgery (surgery_id,med) VALUES (1477,'Mechlorethamine');
INSERT INTO surgery (id,date,patient_id,doctor_id) VALUES (1478,'2019-12-25',269,47);
INSERT INTO meds_for_surgery (surgery_id,med) VALUES (1478,'Modafinil');
INSERT INTO surgery (id,date,patient_id,doctor_id) VALUES (1479,'2019-11-23',498,252);
INSERT INTO meds_for_surgery (surgery_id,med) VALUES (1479,'Interferon');
INSERT INTO surgery (id,date,patient_id,doctor_id) VALUES (1480,'2019-12-08',100,4);
INSERT INTO meds_for_surgery (surgery_id,med) VALUES (1480,'Mechlorethamine');
INSERT INTO surgery (id,date,patient_id,doctor_id) VALUES (1481,'2019-12-08',100,232);
INSERT INTO meds_for_surgery (surgery_id,med) VALUES (1481,'Thioguanine');
INSERT INTO surgery (id,date,patient_id,doctor_id) VALUES (1482,'2019-11-25',37,370);
INSERT INTO meds_for_surgery (surgery_id,med) VALUES (1482,'Etonogestrel');
INSERT INTO surgery (id,date,patient_id,doctor_id) VALUES (1483,'2019-12-02',227,370);
INSERT INTO meds_for_surgery (surgery_id,med) VALUES (1483,'Hydrocortisone');
INSERT INTO surgery (id,date,patient_id,doctor_id) VALUES (1484,'2019-12-10',415,103);
INSERT INTO meds_for_surgery (surgery_id,med) VALUES (1484,'Mercaptopurine');
INSERT INTO surgery (id,date,patient_id,doctor_id) VALUES (1485,'2019-12-24',415,41);
INSERT INTO meds_for_surgery (surgery_id,med) VALUES (1485,'Nelarabine');
INSERT INTO surgery (id,date,patient_id,doctor_id) VALUES (1486,'2019-12-11',290,312);
INSERT INTO meds_for_surgery (surgery_id,med) VALUES (1486,'Irinotecan');
INSERT INTO surgery (id,date,patient_id,doctor_id) VALUES (1487,'2019-12-12',150,210);
INSERT INTO meds_for_surgery (surgery_id,med) VALUES (1487,'Atazanavir');
INSERT INTO surgery (id,date,patient_id,doctor_id) VALUES (1488,'2019-11-28',491,80);
INSERT INTO meds_for_surgery (surgery_id,med) VALUES (1488,'Bosentan');
INSERT INTO surgery (id,date,patient_id,doctor_id) VALUES (1489,'2019-11-28',110,479);
INSERT INTO meds_for_surgery (surgery_id,med) VALUES (1489,'Micafungin');
INSERT INTO surgery (id,date,patient_id,doctor_id) VALUES (1490,'2019-12-05',339,229);
INSERT INTO meds_for_surgery (surgery_id,med) VALUES (1490,'Mesna');
INSERT INTO surgery (id,date,patient_id,doctor_id) VALUES (1491,'2019-12-24',498,144);
INSERT INTO meds_for_surgery (surgery_id,med) VALUES (1491,'Gefitinib');
INSERT INTO surgery (id,date,patient_id,doctor_id) VALUES (1492,'2019-11-29',227,54);
INSERT INTO meds_for_surgery (surgery_id,med) VALUES (1492,'Sorafenib');
INSERT INTO surgery (id,date,patient_id,doctor_id) VALUES (1493,'2019-11-24',164,442);
INSERT INTO meds_for_surgery (surgery_id,med) VALUES (1493,'Thioguanine');
INSERT INTO surgery (id,date,patient_id,doctor_id) VALUES (1494,'2019-12-20',119,388);
INSERT INTO meds_for_surgery (surgery_id,med) VALUES (1494,'Bortezomib');
INSERT INTO surgery (id,date,patient_id,doctor_id) VALUES (1495,'2019-11-23',168,252);
INSERT INTO meds_for_surgery (surgery_id,med) VALUES (1495,'Erythromycin');
INSERT INTO surgery (id,date,patient_id,doctor_id) VALUES (1496,'2019-12-25',278,78);
INSERT INTO meds_for_surgery (surgery_id,med) VALUES (1496,'Paclitaxel');
INSERT INTO surgery (id,date,patient_id,doctor_id) VALUES (1497,'2019-12-18',399,144);
INSERT INTO meds_for_surgery (surgery_id,med) VALUES (1497,'Megestrol acetate');
INSERT INTO surgery (id,date,patient_id,doctor_id) VALUES (1498,'2019-12-02',58,54);
INSERT INTO meds_for_surgery (surgery_id,med) VALUES (1498,'Hydrocortisone');
INSERT INTO surgery (id,date,patient_id,doctor_id) VALUES (1499,'2019-12-06',499,74);
INSERT INTO meds_for_surgery (surgery_id,med) VALUES (1499,'Emtricitabine');
INSERT INTO surgery (id,date,patient_id,doctor_id) VALUES (1500,'2019-12-26',175,9);
INSERT INTO meds_for_surgery (surgery_id,med) VALUES (1500,'Asparaginase');
INSERT INTO surgery (id,date,patient_id,doctor_id) VALUES (1501,'2019-12-10',156,173);
INSERT INTO meds_for_surgery (surgery_id,med) VALUES (1501,'Erlotinib');
INSERT INTO surgery (id,date,patient_id,doctor_id) VALUES (1502,'2019-12-14',177,171);
INSERT INTO meds_for_surgery (surgery_id,med) VALUES (1502,'Bleomycin');
INSERT INTO surgery (id,date,patient_id,doctor_id) VALUES (1503,'2019-12-16',92,467);
INSERT INTO meds_for_surgery (surgery_id,med) VALUES (1503,'Cephalexin');
INSERT INTO surgery (id,date,patient_id,doctor_id) VALUES (1504,'2019-12-05',240,136);
INSERT INTO meds_for_surgery (surgery_id,med) VALUES (1504,'Teniposide');
INSERT INTO surgery (id,date,patient_id,doctor_id) VALUES (1505,'2019-12-03',415,273);
INSERT INTO meds_for_surgery (surgery_id,med) VALUES (1505,'Nevirapine');
INSERT INTO surgery (id,date,patient_id,doctor_id) VALUES (1506,'2019-12-21',299,447);
INSERT INTO meds_for_surgery (surgery_id,med) VALUES (1506,'Furosemide');
INSERT INTO surgery (id,date,patient_id,doctor_id) VALUES (1507,'2019-12-23',415,325);
INSERT INTO meds_for_surgery (surgery_id,med) VALUES (1507,'Clofarabine');
INSERT INTO surgery (id,date,patient_id,doctor_id) VALUES (1508,'2019-12-09',397,9);
INSERT INTO meds_for_surgery (surgery_id,med) VALUES (1508,'Mesna');
INSERT INTO surgery (id,date,patient_id,doctor_id) VALUES (1509,'2019-12-10',327,325);
INSERT INTO meds_for_surgery (surgery_id,med) VALUES (1509,'Metronidazole');
INSERT INTO surgery (id,date,patient_id,doctor_id) VALUES (1510,'2019-12-05',330,171);
INSERT INTO meds_for_surgery (surgery_id,med) VALUES (1510,'Dornase alfa');
INSERT INTO surgery (id,date,patient_id,doctor_id) VALUES (1511,'2019-12-16',488,171);
INSERT INTO meds_for_surgery (surgery_id,med) VALUES (1511,'Tacrolimus');
INSERT INTO surgery (id,date,patient_id,doctor_id) VALUES (1512,'2019-12-16',58,18);
INSERT INTO meds_for_surgery (surgery_id,med) VALUES (1512,'Cefaclor');
INSERT INTO surgery (id,date,patient_id,doctor_id) VALUES (1513,'2019-12-25',296,262);
INSERT INTO meds_for_surgery (surgery_id,med) VALUES (1513,'Lopinavir');
INSERT INTO surgery (id,date,patient_id,doctor_id) VALUES (1514,'2019-11-25',330,197);
INSERT INTO meds_for_surgery (surgery_id,med) VALUES (1514,'Zidovudine');
INSERT INTO surgery (id,date,patient_id,doctor_id) VALUES (1515,'2019-12-25',39,474);
INSERT INTO meds_for_surgery (surgery_id,med) VALUES (1515,'Celecoxib');
INSERT INTO surgery (id,date,patient_id,doctor_id) VALUES (1516,'2019-11-30',491,433);
INSERT INTO meds_for_surgery (surgery_id,med) VALUES (1516,'Nelarabine');
INSERT INTO surgery (id,date,patient_id,doctor_id) VALUES (1517,'2019-12-05',88,57);
INSERT INTO meds_for_surgery (surgery_id,med) VALUES (1517,'Interleukin');
INSERT INTO surgery (id,date,patient_id,doctor_id) VALUES (1518,'2019-12-05',296,232);
INSERT INTO meds_for_surgery (surgery_id,med) VALUES (1518,'Phenobarbital');
INSERT INTO surgery (id,date,patient_id,doctor_id) VALUES (1519,'2019-12-07',156,479);
INSERT INTO meds_for_surgery (surgery_id,med) VALUES (1519,'Rituximab');
INSERT INTO surgery (id,date,patient_id,doctor_id) VALUES (1520,'2019-12-12',384,309);
INSERT INTO meds_for_surgery (surgery_id,med) VALUES (1520,'Dacarbazine');
INSERT INTO surgery (id,date,patient_id,doctor_id) VALUES (1521,'2019-11-28',150,171);
INSERT INTO meds_for_surgery (surgery_id,med) VALUES (1521,'Cisplatin');
INSERT INTO surgery (id,date,patient_id,doctor_id) VALUES (1522,'2019-12-26',485,41);
INSERT INTO meds_for_surgery (surgery_id,med) VALUES (1522,'Hydroxyurea');
INSERT INTO surgery (id,date,patient_id,doctor_id) VALUES (1523,'2019-12-26',269,492);
INSERT INTO meds_for_surgery (surgery_id,med) VALUES (1523,'Gabapentin');
INSERT INTO surgery (id,date,patient_id,doctor_id) VALUES (1524,'2019-11-30',111,310);
INSERT INTO meds_for_surgery (surgery_id,med) VALUES (1524,'Asparaginase');
INSERT INTO surgery (id,date,patient_id,doctor_id) VALUES (1525,'2019-11-28',100,144);
INSERT INTO meds_for_surgery (surgery_id,med) VALUES (1525,'Azithromycin');
INSERT INTO surgery (id,date,patient_id,doctor_id) VALUES (1526,'2019-12-02',119,288);
INSERT INTO meds_for_surgery (surgery_id,med) VALUES (1526,'Hydrocodone');
INSERT INTO surgery (id,date,patient_id,doctor_id) VALUES (1527,'2019-12-11',426,480);
INSERT INTO meds_for_surgery (surgery_id,med) VALUES (1527,'Cyclosporine');
INSERT INTO surgery (id,date,patient_id,doctor_id) VALUES (1528,'2019-11-23',39,355);
INSERT INTO meds_for_surgery (surgery_id,med) VALUES (1528,'Ruxolitinib');
INSERT INTO surgery (id,date,patient_id,doctor_id) VALUES (1529,'2019-12-09',142,250);
INSERT INTO meds_for_surgery (surgery_id,med) VALUES (1529,'Methotrexate');
INSERT INTO surgery (id,date,patient_id,doctor_id) VALUES (1530,'2019-12-04',346,438);
INSERT INTO meds_for_surgery (surgery_id,med) VALUES (1530,'Bortezomib');
INSERT INTO surgery (id,date,patient_id,doctor_id) VALUES (1531,'2019-12-08',489,120);
INSERT INTO meds_for_surgery (surgery_id,med) VALUES (1531,'Cytarabine');
INSERT INTO surgery (id,date,patient_id,doctor_id) VALUES (1532,'2019-12-23',260,469);
INSERT INTO meds_for_surgery (surgery_id,med) VALUES (1532,'Melphalan');
INSERT INTO surgery (id,date,patient_id,doctor_id) VALUES (1533,'2019-12-09',387,472);
INSERT INTO meds_for_surgery (surgery_id,med) VALUES (1533,'Erythromycin');
INSERT INTO surgery (id,date,patient_id,doctor_id) VALUES (1534,'2019-12-15',87,348);
INSERT INTO meds_for_surgery (surgery_id,med) VALUES (1534,'Saquinavir');
INSERT INTO surgery (id,date,patient_id,doctor_id) VALUES (1535,'2019-12-02',5,120);
INSERT INTO meds_for_surgery (surgery_id,med) VALUES (1535,'Aminocaproic Acid');
INSERT INTO surgery (id,date,patient_id,doctor_id) VALUES (1536,'2019-12-03',296,40);
INSERT INTO meds_for_surgery (surgery_id,med) VALUES (1536,'Fludarabine');
INSERT INTO surgery (id,date,patient_id,doctor_id) VALUES (1537,'2019-12-10',343,438);
INSERT INTO meds_for_surgery (surgery_id,med) VALUES (1537,'Thioguanine');
INSERT INTO surgery (id,date,patient_id,doctor_id) VALUES (1538,'2019-12-10',223,250);
INSERT INTO meds_for_surgery (surgery_id,med) VALUES (1538,'Phosphorus');
INSERT INTO surgery (id,date,patient_id,doctor_id) VALUES (1539,'2019-12-06',354,472);
INSERT INTO meds_for_surgery (surgery_id,med) VALUES (1539,'Lomustine');
INSERT INTO surgery (id,date,patient_id,doctor_id) VALUES (1540,'2019-12-08',269,144);
INSERT INTO meds_for_surgery (surgery_id,med) VALUES (1540,'Captopril');
INSERT INTO surgery (id,date,patient_id,doctor_id) VALUES (1541,'2019-12-12',8,405);
INSERT INTO meds_for_surgery (surgery_id,med) VALUES (1541,'Ondansetron');
INSERT INTO surgery (id,date,patient_id,doctor_id) VALUES (1542,'2019-12-26',248,309);
INSERT INTO meds_for_surgery (surgery_id,med) VALUES (1542,'Dapsone');
INSERT INTO surgery (id,date,patient_id,doctor_id) VALUES (1543,'2019-12-08',223,479);
INSERT INTO meds_for_surgery (surgery_id,med) VALUES (1543,'Cephalexin');
INSERT INTO surgery (id,date,patient_id,doctor_id) VALUES (1544,'2019-12-20',489,312);
INSERT INTO meds_for_surgery (surgery_id,med) VALUES (1544,'Dobutamine');
INSERT INTO surgery (id,date,patient_id,doctor_id) VALUES (1545,'2019-12-10',110,173);
INSERT INTO meds_for_surgery (surgery_id,med) VALUES (1545,'Amikacin');
INSERT INTO surgery (id,date,patient_id,doctor_id) VALUES (1546,'2019-12-26',238,294);
INSERT INTO meds_for_surgery (surgery_id,med) VALUES (1546,'Vancomycin');
INSERT INTO surgery (id,date,patient_id,doctor_id) VALUES (1547,'2019-12-11',88,379);
INSERT INTO meds_for_surgery (surgery_id,med) VALUES (1547,'Procarbazine');
INSERT INTO surgery (id,date,patient_id,doctor_id) VALUES (1548,'2019-12-27',109,469);
INSERT INTO meds_for_surgery (surgery_id,med) VALUES (1548,'Mesna');
INSERT INTO surgery (id,date,patient_id,doctor_id) VALUES (1549,'2019-12-26',458,355);
INSERT INTO meds_for_surgery (surgery_id,med) VALUES (1549,'Cyclobenzaprine');
INSERT INTO surgery (id,date,patient_id,doctor_id) VALUES (1550,'2019-12-10',175,144);
INSERT INTO meds_for_surgery (surgery_id,med) VALUES (1550,'Micafungin');
INSERT INTO surgery (id,date,patient_id,doctor_id) VALUES (1551,'2019-11-29',39,312);
INSERT INTO meds_for_surgery (surgery_id,med) VALUES (1551,'Mesna');
INSERT INTO surgery (id,date,patient_id,doctor_id) VALUES (1552,'2019-11-27',360,78);
INSERT INTO meds_for_surgery (surgery_id,med) VALUES (1552,'Hydrocodone');
INSERT INTO surgery (id,date,patient_id,doctor_id) VALUES (1553,'2019-12-12',389,312);
INSERT INTO meds_for_surgery (surgery_id,med) VALUES (1553,'Bortezomib');
INSERT INTO surgery (id,date,patient_id,doctor_id) VALUES (1554,'2019-11-23',451,85);
INSERT INTO meds_for_surgery (surgery_id,med) VALUES (1554,'Atenolol');
INSERT INTO surgery (id,date,patient_id,doctor_id) VALUES (1555,'2019-12-11',415,115);
INSERT INTO meds_for_surgery (surgery_id,med) VALUES (1555,'Dactinomycin');
INSERT INTO surgery (id,date,patient_id,doctor_id) VALUES (1556,'2019-12-10',32,66);
INSERT INTO meds_for_surgery (surgery_id,med) VALUES (1556,'Pegfilgrastim');
INSERT INTO surgery (id,date,patient_id,doctor_id) VALUES (1557,'2019-11-27',109,314);
INSERT INTO meds_for_surgery (surgery_id,med) VALUES (1557,'Diclofenac');
INSERT INTO surgery (id,date,patient_id,doctor_id) VALUES (1558,'2019-12-21',61,263);
INSERT INTO meds_for_surgery (surgery_id,med) VALUES (1558,'Fluconazole');
INSERT INTO surgery (id,date,patient_id,doctor_id) VALUES (1559,'2019-12-19',227,325);
INSERT INTO meds_for_surgery (surgery_id,med) VALUES (1559,'Posaconazole');
INSERT INTO surgery (id,date,patient_id,doctor_id) VALUES (1560,'2019-12-09',429,115);
INSERT INTO meds_for_surgery (surgery_id,med) VALUES (1560,'Topotecan');
INSERT INTO surgery (id,date,patient_id,doctor_id) VALUES (1561,'2019-12-06',93,288);
INSERT INTO meds_for_surgery (surgery_id,med) VALUES (1561,'G-CSF');
INSERT INTO surgery (id,date,patient_id,doctor_id) VALUES (1562,'2019-12-11',413,178);
INSERT INTO meds_for_surgery (surgery_id,med) VALUES (1562,'Pentamidine');
INSERT INTO surgery (id,date,patient_id,doctor_id) VALUES (1563,'2019-12-16',93,348);
INSERT INTO meds_for_surgery (surgery_id,med) VALUES (1563,'Warfarin');
INSERT INTO surgery (id,date,patient_id,doctor_id) VALUES (1564,'2019-12-23',117,262);
INSERT INTO meds_for_surgery (surgery_id,med) VALUES (1564,'Amlodipine');
INSERT INTO surgery (id,date,patient_id,doctor_id) VALUES (1565,'2019-11-25',426,149);
INSERT INTO meds_for_surgery (surgery_id,med) VALUES (1565,'Ruxolitinib');
INSERT INTO surgery (id,date,patient_id,doctor_id) VALUES (1566,'2019-12-01',241,438);
INSERT INTO meds_for_surgery (surgery_id,med) VALUES (1566,'Deferasirox');
INSERT INTO surgery (id,date,patient_id,doctor_id) VALUES (1567,'2019-12-27',156,309);
INSERT INTO meds_for_surgery (surgery_id,med) VALUES (1567,'Warfarin');
INSERT INTO surgery (id,date,patient_id,doctor_id) VALUES (1568,'2019-12-19',255,210);
INSERT INTO meds_for_surgery (surgery_id,med) VALUES (1568,'Megestrol acetate');
INSERT INTO surgery (id,date,patient_id,doctor_id) VALUES (1569,'2019-12-16',177,479);
INSERT INTO meds_for_surgery (surgery_id,med) VALUES (1569,'Saquinavir');
INSERT INTO surgery (id,date,patient_id,doctor_id) VALUES (1570,'2019-11-29',387,126);
INSERT INTO meds_for_surgery (surgery_id,med) VALUES (1570,'Mechlorethamine');
INSERT INTO surgery (id,date,patient_id,doctor_id) VALUES (1571,'2019-12-27',346,392);
INSERT INTO meds_for_surgery (surgery_id,med) VALUES (1571,'Tobramycin');
INSERT INTO surgery (id,date,patient_id,doctor_id) VALUES (1572,'2019-12-12',389,4);
INSERT INTO meds_for_surgery (surgery_id,med) VALUES (1572,'Famciclovir');
INSERT INTO surgery (id,date,patient_id,doctor_id) VALUES (1573,'2019-12-09',299,358);
INSERT INTO meds_for_surgery (surgery_id,med) VALUES (1573,'Lomustine');
INSERT INTO surgery (id,date,patient_id,doctor_id) VALUES (1574,'2019-12-05',462,47);
INSERT INTO meds_for_surgery (surgery_id,med) VALUES (1574,'Meropenem');
INSERT INTO surgery (id,date,patient_id,doctor_id) VALUES (1575,'2019-12-02',471,467);
INSERT INTO meds_for_surgery (surgery_id,med) VALUES (1575,'Maraviroc');
INSERT INTO surgery (id,date,patient_id,doctor_id) VALUES (1576,'2019-11-27',287,74);
INSERT INTO meds_for_surgery (surgery_id,med) VALUES (1576,'Neuromuscular');
INSERT INTO surgery (id,date,patient_id,doctor_id) VALUES (1577,'2019-12-21',290,78);
INSERT INTO meds_for_surgery (surgery_id,med) VALUES (1577,'Cefixime');
INSERT INTO surgery (id,date,patient_id,doctor_id) VALUES (1578,'2019-11-25',61,347);
INSERT INTO meds_for_surgery (surgery_id,med) VALUES (1578,'Heparin');
INSERT INTO surgery (id,date,patient_id,doctor_id) VALUES (1579,'2019-12-14',142,149);
INSERT INTO meds_for_surgery (surgery_id,med) VALUES (1579,'Carbamazepine');
INSERT INTO surgery (id,date,patient_id,doctor_id) VALUES (1580,'2019-11-29',58,370);
INSERT INTO meds_for_surgery (surgery_id,med) VALUES (1580,'Phosphorus');
INSERT INTO surgery (id,date,patient_id,doctor_id) VALUES (1581,'2019-12-19',304,215);
INSERT INTO meds_for_surgery (surgery_id,med) VALUES (1581,'Desmopressin');
INSERT INTO surgery (id,date,patient_id,doctor_id) VALUES (1582,'2019-12-02',287,467);
INSERT INTO meds_for_surgery (surgery_id,med) VALUES (1582,'Probenecid');
INSERT INTO surgery (id,date,patient_id,doctor_id) VALUES (1583,'2019-12-27',485,348);
INSERT INTO meds_for_surgery (surgery_id,med) VALUES (1583,'Fluconazole');
INSERT INTO surgery (id,date,patient_id,doctor_id) VALUES (1584,'2019-12-05',395,273);
INSERT INTO meds_for_surgery (surgery_id,med) VALUES (1584,'G-CSF');
INSERT INTO surgery (id,date,patient_id,doctor_id) VALUES (1585,'2019-12-07',58,74);
INSERT INTO meds_for_surgery (surgery_id,med) VALUES (1585,'Magnesium');
INSERT INTO surgery (id,date,patient_id,doctor_id) VALUES (1586,'2019-11-25',246,392);
INSERT INTO meds_for_surgery (surgery_id,med) VALUES (1586,'Darunavir');
INSERT INTO surgery (id,date,patient_id,doctor_id) VALUES (1587,'2019-12-11',76,479);
INSERT INTO meds_for_surgery (surgery_id,med) VALUES (1587,'Vorinostat');
INSERT INTO surgery (id,date,patient_id,doctor_id) VALUES (1588,'2019-12-12',7,294);
INSERT INTO meds_for_surgery (surgery_id,med) VALUES (1588,'Dronabinol');
INSERT INTO surgery (id,date,patient_id,doctor_id) VALUES (1589,'2019-11-28',227,439);
INSERT INTO meds_for_surgery (surgery_id,med) VALUES (1589,'Magnesium');
INSERT INTO surgery (id,date,patient_id,doctor_id) VALUES (1590,'2019-12-14',371,138);
INSERT INTO meds_for_surgery (surgery_id,med) VALUES (1590,'Meloxicam');
INSERT INTO surgery (id,date,patient_id,doctor_id) VALUES (1591,'2019-12-23',432,41);
INSERT INTO meds_for_surgery (surgery_id,med) VALUES (1591,'Micafungin');
INSERT INTO surgery (id,date,patient_id,doctor_id) VALUES (1592,'2019-12-27',227,355);
INSERT INTO meds_for_surgery (surgery_id,med) VALUES (1592,'Irinotecan');
INSERT INTO surgery (id,date,patient_id,doctor_id) VALUES (1593,'2019-12-27',346,144);
INSERT INTO meds_for_surgery (surgery_id,med) VALUES (1593,'PEGaspargase');
INSERT INTO surgery (id,date,patient_id,doctor_id) VALUES (1594,'2019-12-15',227,80);
INSERT INTO meds_for_surgery (surgery_id,med) VALUES (1594,'Atovaquone');
INSERT INTO surgery (id,date,patient_id,doctor_id) VALUES (1595,'2019-12-05',330,348);
INSERT INTO meds_for_surgery (surgery_id,med) VALUES (1595,'Sucralfate');
INSERT INTO surgery (id,date,patient_id,doctor_id) VALUES (1596,'2019-12-17',488,120);
INSERT INTO meds_for_surgery (surgery_id,med) VALUES (1596,'Topotecan');
INSERT INTO surgery (id,date,patient_id,doctor_id) VALUES (1597,'2019-12-19',117,323);
INSERT INTO meds_for_surgery (surgery_id,med) VALUES (1597,'Etonogestrel');
INSERT INTO surgery (id,date,patient_id,doctor_id) VALUES (1598,'2019-12-14',87,47);
INSERT INTO meds_for_surgery (surgery_id,med) VALUES (1598,'Maraviroc');
INSERT INTO surgery (id,date,patient_id,doctor_id) VALUES (1599,'2019-12-07',109,358);
INSERT INTO meds_for_surgery (surgery_id,med) VALUES (1599,'Magnesium');
INSERT INTO surgery (id,date,patient_id,doctor_id) VALUES (1600,'2019-12-22',483,312);
INSERT INTO meds_for_surgery (surgery_id,med) VALUES (1600,'Diclofenac');
INSERT INTO surgery (id,date,patient_id,doctor_id) VALUES (1601,'2019-12-15',404,347);
INSERT INTO meds_for_surgery (surgery_id,med) VALUES (1601,'Carbamazepine');
INSERT INTO surgery (id,date,patient_id,doctor_id) VALUES (1602,'2019-12-10',172,405);
INSERT INTO meds_for_surgery (surgery_id,med) VALUES (1602,'Enalapril');
INSERT INTO surgery (id,date,patient_id,doctor_id) VALUES (1603,'2019-12-24',399,355);
INSERT INTO meds_for_surgery (surgery_id,med) VALUES (1603,'Pentamidine');
INSERT INTO surgery (id,date,patient_id,doctor_id) VALUES (1604,'2019-11-25',430,17);
INSERT INTO meds_for_surgery (surgery_id,med) VALUES (1604,'Furosemide');
INSERT INTO surgery (id,date,patient_id,doctor_id) VALUES (1605,'2019-11-27',238,250);
INSERT INTO meds_for_surgery (surgery_id,med) VALUES (1605,'Lorazepam');
INSERT INTO surgery (id,date,patient_id,doctor_id) VALUES (1606,'2019-12-17',384,215);
INSERT INTO meds_for_surgery (surgery_id,med) VALUES (1606,'Asparaginase');
INSERT INTO surgery (id,date,patient_id,doctor_id) VALUES (1607,'2019-11-25',283,436);
INSERT INTO meds_for_surgery (surgery_id,med) VALUES (1607,'Thioguanine');
INSERT INTO surgery (id,date,patient_id,doctor_id) VALUES (1608,'2019-12-07',5,57);
INSERT INTO meds_for_surgery (surgery_id,med) VALUES (1608,'Phosphorus');
INSERT INTO surgery (id,date,patient_id,doctor_id) VALUES (1609,'2019-11-28',248,62);
INSERT INTO meds_for_surgery (surgery_id,med) VALUES (1609,'Fluorouracil');
INSERT INTO surgery (id,date,patient_id,doctor_id) VALUES (1610,'2019-12-22',491,288);
INSERT INTO meds_for_surgery (surgery_id,med) VALUES (1610,'Alemtuzumab');
INSERT INTO surgery (id,date,patient_id,doctor_id) VALUES (1611,'2019-12-23',360,210);
INSERT INTO meds_for_surgery (surgery_id,med) VALUES (1611,'Rivaroxaban');
INSERT INTO surgery (id,date,patient_id,doctor_id) VALUES (1612,'2019-12-02',240,474);
INSERT INTO meds_for_surgery (surgery_id,med) VALUES (1612,'Foscarnet');
INSERT INTO surgery (id,date,patient_id,doctor_id) VALUES (1613,'2019-12-16',161,229);
INSERT INTO meds_for_surgery (surgery_id,med) VALUES (1613,'Saquinavir');
INSERT INTO surgery (id,date,patient_id,doctor_id) VALUES (1614,'2019-12-11',142,263);
INSERT INTO meds_for_surgery (surgery_id,med) VALUES (1614,'Elvitegravir');
INSERT INTO surgery (id,date,patient_id,doctor_id) VALUES (1615,'2019-12-09',172,439);
INSERT INTO meds_for_surgery (surgery_id,med) VALUES (1615,'Lomustine');
INSERT INTO surgery (id,date,patient_id,doctor_id) VALUES (1616,'2019-12-10',39,66);
INSERT INTO meds_for_surgery (surgery_id,med) VALUES (1616,'Dobutamine');
INSERT INTO surgery (id,date,patient_id,doctor_id) VALUES (1617,'2019-12-10',21,467);
INSERT INTO meds_for_surgery (surgery_id,med) VALUES (1617,'Atovaquone');
INSERT INTO surgery (id,date,patient_id,doctor_id) VALUES (1618,'2019-12-06',499,370);
INSERT INTO meds_for_surgery (surgery_id,med) VALUES (1618,'Carboplatin');
INSERT INTO surgery (id,date,patient_id,doctor_id) VALUES (1619,'2019-12-15',217,442);
INSERT INTO meds_for_surgery (surgery_id,med) VALUES (1619,'Procarbazine');
INSERT INTO surgery (id,date,patient_id,doctor_id) VALUES (1620,'2019-12-24',414,310);
INSERT INTO meds_for_surgery (surgery_id,med) VALUES (1620,'Penicillin');
INSERT INTO surgery (id,date,patient_id,doctor_id) VALUES (1621,'2019-11-23',92,120);
INSERT INTO meds_for_surgery (surgery_id,med) VALUES (1621,'Teniposide');
INSERT INTO surgery (id,date,patient_id,doctor_id) VALUES (1622,'2019-12-13',496,325);
INSERT INTO meds_for_surgery (surgery_id,med) VALUES (1622,'Temozolomide');
INSERT INTO surgery (id,date,patient_id,doctor_id) VALUES (1623,'2019-12-08',182,314);
INSERT INTO meds_for_surgery (surgery_id,med) VALUES (1623,'Cefepime');
INSERT INTO surgery (id,date,patient_id,doctor_id) VALUES (1624,'2019-11-29',499,333);
INSERT INTO meds_for_surgery (surgery_id,med) VALUES (1624,'Deferasirox');
INSERT INTO surgery (id,date,patient_id,doctor_id) VALUES (1625,'2019-12-10',339,467);
INSERT INTO meds_for_surgery (surgery_id,med) VALUES (1625,'Levothyroxine');
INSERT INTO surgery (id,date,patient_id,doctor_id) VALUES (1626,'2019-11-29',451,479);
INSERT INTO meds_for_surgery (surgery_id,med) VALUES (1626,'Metronidazole');
INSERT INTO surgery (id,date,patient_id,doctor_id) VALUES (1627,'2019-12-09',471,467);
INSERT INTO meds_for_surgery (surgery_id,med) VALUES (1627,'Meperidine');
INSERT INTO surgery (id,date,patient_id,doctor_id) VALUES (1628,'2019-12-12',241,263);
INSERT INTO meds_for_surgery (surgery_id,med) VALUES (1628,'Mitoxantrone');
INSERT INTO surgery (id,date,patient_id,doctor_id) VALUES (1629,'2019-12-08',8,178);
INSERT INTO meds_for_surgery (surgery_id,med) VALUES (1629,'Dobutamine');
INSERT INTO surgery (id,date,patient_id,doctor_id) VALUES (1630,'2019-12-05',415,388);
INSERT INTO meds_for_surgery (surgery_id,med) VALUES (1630,'Rasburicase');
INSERT INTO surgery (id,date,patient_id,doctor_id) VALUES (1631,'2019-12-15',157,405);
INSERT INTO meds_for_surgery (surgery_id,med) VALUES (1631,'Diclofenac');
INSERT INTO surgery (id,date,patient_id,doctor_id) VALUES (1632,'2019-11-23',5,358);
INSERT INTO meds_for_surgery (surgery_id,med) VALUES (1632,'Carmustine');
INSERT INTO surgery (id,date,patient_id,doctor_id) VALUES (1633,'2019-12-18',283,262);
INSERT INTO meds_for_surgery (surgery_id,med) VALUES (1633,'Pegfilgrastim');
INSERT INTO surgery (id,date,patient_id,doctor_id) VALUES (1634,'2019-11-25',172,467);
INSERT INTO meds_for_surgery (surgery_id,med) VALUES (1634,'Nelarabine');
INSERT INTO surgery (id,date,patient_id,doctor_id) VALUES (1635,'2019-11-30',444,66);
INSERT INTO meds_for_surgery (surgery_id,med) VALUES (1635,'Dapsone');
INSERT INTO surgery (id,date,patient_id,doctor_id) VALUES (1636,'2019-12-17',327,197);
INSERT INTO meds_for_surgery (surgery_id,med) VALUES (1636,'Efavirenz');
INSERT INTO surgery (id,date,patient_id,doctor_id) VALUES (1637,'2019-12-02',142,433);
INSERT INTO meds_for_surgery (surgery_id,med) VALUES (1637,'Azithromycin');
INSERT INTO surgery (id,date,patient_id,doctor_id) VALUES (1638,'2019-12-21',415,438);
INSERT INTO meds_for_surgery (surgery_id,med) VALUES (1638,'Warfarin');
INSERT INTO surgery (id,date,patient_id,doctor_id) VALUES (1639,'2019-11-25',488,480);
INSERT INTO meds_for_surgery (surgery_id,med) VALUES (1639,'G-CSF');
INSERT INTO surgery (id,date,patient_id,doctor_id) VALUES (1640,'2019-12-16',413,332);
INSERT INTO meds_for_surgery (surgery_id,med) VALUES (1640,'Morphine');
INSERT INTO surgery (id,date,patient_id,doctor_id) VALUES (1641,'2019-11-24',21,40);
INSERT INTO meds_for_surgery (surgery_id,med) VALUES (1641,'Granisetron');
INSERT INTO surgery (id,date,patient_id,doctor_id) VALUES (1642,'2019-12-06',360,199);
INSERT INTO meds_for_surgery (surgery_id,med) VALUES (1642,'Nelfinavir');
INSERT INTO surgery (id,date,patient_id,doctor_id) VALUES (1643,'2019-12-04',87,479);
INSERT INTO meds_for_surgery (surgery_id,med) VALUES (1643,'Busulfan');
INSERT INTO surgery (id,date,patient_id,doctor_id) VALUES (1644,'2019-12-13',227,467);
INSERT INTO meds_for_surgery (surgery_id,med) VALUES (1644,'Linezolid');
INSERT INTO surgery (id,date,patient_id,doctor_id) VALUES (1645,'2019-12-12',100,199);
INSERT INTO meds_for_surgery (surgery_id,med) VALUES (1645,'Methylphenidate');
INSERT INTO surgery (id,date,patient_id,doctor_id) VALUES (1646,'2019-12-20',208,436);
INSERT INTO meds_for_surgery (surgery_id,med) VALUES (1646,'PEGaspargase');
INSERT INTO surgery (id,date,patient_id,doctor_id) VALUES (1647,'2019-12-26',287,197);
INSERT INTO meds_for_surgery (surgery_id,med) VALUES (1647,'Imatinib');
INSERT INTO surgery (id,date,patient_id,doctor_id) VALUES (1648,'2019-12-07',374,323);
INSERT INTO meds_for_surgery (surgery_id,med) VALUES (1648,'Ranitidine');
INSERT INTO surgery (id,date,patient_id,doctor_id) VALUES (1649,'2019-12-14',5,120);
INSERT INTO meds_for_surgery (surgery_id,med) VALUES (1649,'Cytarabine');
INSERT INTO surgery (id,date,patient_id,doctor_id) VALUES (1650,'2019-11-23',327,74);
INSERT INTO meds_for_surgery (surgery_id,med) VALUES (1650,'Hydromorphone');
INSERT INTO surgery (id,date,patient_id,doctor_id) VALUES (1651,'2019-12-13',217,62);
INSERT INTO meds_for_surgery (surgery_id,med) VALUES (1651,'Raltegravir');
INSERT INTO surgery (id,date,patient_id,doctor_id) VALUES (1652,'2019-12-02',430,492);
INSERT INTO meds_for_surgery (surgery_id,med) VALUES (1652,'G-CSF');
INSERT INTO surgery (id,date,patient_id,doctor_id) VALUES (1653,'2019-11-28',360,358);
INSERT INTO meds_for_surgery (surgery_id,med) VALUES (1653,'Ketoconazole');
INSERT INTO surgery (id,date,patient_id,doctor_id) VALUES (1654,'2019-12-03',296,325);
INSERT INTO meds_for_surgery (surgery_id,med) VALUES (1654,'Vorinostat');
INSERT INTO surgery (id,date,patient_id,doctor_id) VALUES (1655,'2019-12-04',397,469);
INSERT INTO meds_for_surgery (surgery_id,med) VALUES (1655,'Dactinomycin');
INSERT INTO surgery (id,date,patient_id,doctor_id) VALUES (1656,'2019-12-02',289,469);
INSERT INTO meds_for_surgery (surgery_id,med) VALUES (1656,'Doxorubicin');
INSERT INTO surgery (id,date,patient_id,doctor_id) VALUES (1657,'2019-12-06',289,310);
INSERT INTO meds_for_surgery (surgery_id,med) VALUES (1657,'Methotrexate');
INSERT INTO surgery (id,date,patient_id,doctor_id) VALUES (1658,'2019-12-07',156,97);
INSERT INTO meds_for_surgery (surgery_id,med) VALUES (1658,'Ketoconazole');
INSERT INTO surgery (id,date,patient_id,doctor_id) VALUES (1659,'2019-12-05',269,250);
INSERT INTO meds_for_surgery (surgery_id,med) VALUES (1659,'Didanosine');
INSERT INTO surgery (id,date,patient_id,doctor_id) VALUES (1660,'2019-12-15',489,438);
INSERT INTO meds_for_surgery (surgery_id,med) VALUES (1660,'Phenobarbital');
INSERT INTO surgery (id,date,patient_id,doctor_id) VALUES (1661,'2019-12-16',164,229);
INSERT INTO meds_for_surgery (surgery_id,med) VALUES (1661,'Dasatinib');
INSERT INTO surgery (id,date,patient_id,doctor_id) VALUES (1662,'2019-11-27',7,436);
INSERT INTO meds_for_surgery (surgery_id,med) VALUES (1662,'Ruxolitinib');
INSERT INTO surgery (id,date,patient_id,doctor_id) VALUES (1663,'2019-12-02',117,263);
INSERT INTO meds_for_surgery (surgery_id,med) VALUES (1663,'Modafinil');
INSERT INTO surgery (id,date,patient_id,doctor_id) VALUES (1664,'2019-11-30',432,370);
INSERT INTO meds_for_surgery (surgery_id,med) VALUES (1664,'Megestrol acetate');
INSERT INTO surgery (id,date,patient_id,doctor_id) VALUES (1665,'2019-12-11',175,472);
INSERT INTO meds_for_surgery (surgery_id,med) VALUES (1665,'Maraviroc');
INSERT INTO surgery (id,date,patient_id,doctor_id) VALUES (1666,'2019-12-01',177,11);
INSERT INTO meds_for_surgery (surgery_id,med) VALUES (1666,'Cisplatin');
INSERT INTO surgery (id,date,patient_id,doctor_id) VALUES (1667,'2019-12-20',111,40);
INSERT INTO meds_for_surgery (surgery_id,med) VALUES (1667,'Cefaclor');
INSERT INTO surgery (id,date,patient_id,doctor_id) VALUES (1668,'2019-12-06',415,199);
INSERT INTO meds_for_surgery (surgery_id,med) VALUES (1668,'Interferon');
INSERT INTO surgery (id,date,patient_id,doctor_id) VALUES (1669,'2019-12-25',21,80);
INSERT INTO meds_for_surgery (surgery_id,med) VALUES (1669,'Modafinil');
INSERT INTO surgery (id,date,patient_id,doctor_id) VALUES (1670,'2019-12-17',339,332);
INSERT INTO meds_for_surgery (surgery_id,med) VALUES (1670,'Promethazine');
INSERT INTO surgery (id,date,patient_id,doctor_id) VALUES (1671,'2019-11-29',217,41);
INSERT INTO meds_for_surgery (surgery_id,med) VALUES (1671,'Sirolimus');
INSERT INTO surgery (id,date,patient_id,doctor_id) VALUES (1672,'2019-11-29',414,40);
INSERT INTO meds_for_surgery (surgery_id,med) VALUES (1672,'Heparin');
INSERT INTO surgery (id,date,patient_id,doctor_id) VALUES (1673,'2019-12-09',21,40);
INSERT INTO meds_for_surgery (surgery_id,med) VALUES (1673,'Clarithromycin');
INSERT INTO surgery (id,date,patient_id,doctor_id) VALUES (1674,'2019-12-12',397,492);
INSERT INTO meds_for_surgery (surgery_id,med) VALUES (1674,'Labetalol');
INSERT INTO surgery (id,date,patient_id,doctor_id) VALUES (1675,'2019-12-18',161,47);
INSERT INTO meds_for_surgery (surgery_id,med) VALUES (1675,'Magnesium');
INSERT INTO surgery (id,date,patient_id,doctor_id) VALUES (1676,'2019-12-02',117,18);
INSERT INTO meds_for_surgery (surgery_id,med) VALUES (1676,'Valproic acid');
INSERT INTO surgery (id,date,patient_id,doctor_id) VALUES (1677,'2019-12-27',346,252);
INSERT INTO meds_for_surgery (surgery_id,med) VALUES (1677,'Darunavir');
INSERT INTO surgery (id,date,patient_id,doctor_id) VALUES (1678,'2019-12-23',462,492);
INSERT INTO meds_for_surgery (surgery_id,med) VALUES (1678,'Bosentan');
INSERT INTO surgery (id,date,patient_id,doctor_id) VALUES (1679,'2019-11-23',94,391);
INSERT INTO meds_for_surgery (surgery_id,med) VALUES (1679,'Cyclobenzaprine');
INSERT INTO surgery (id,date,patient_id,doctor_id) VALUES (1680,'2019-12-02',485,4);
INSERT INTO meds_for_surgery (surgery_id,med) VALUES (1680,'Meperidine');
INSERT INTO surgery (id,date,patient_id,doctor_id) VALUES (1681,'2019-12-22',241,479);
INSERT INTO meds_for_surgery (surgery_id,med) VALUES (1681,'Interferon');
INSERT INTO surgery (id,date,patient_id,doctor_id) VALUES (1682,'2019-12-09',177,285);
INSERT INTO meds_for_surgery (surgery_id,med) VALUES (1682,'Vorinostat');
INSERT INTO surgery (id,date,patient_id,doctor_id) VALUES (1683,'2019-12-23',5,309);
INSERT INTO meds_for_surgery (surgery_id,med) VALUES (1683,'Darunavir');
INSERT INTO surgery (id,date,patient_id,doctor_id) VALUES (1684,'2019-11-29',238,467);
INSERT INTO meds_for_surgery (surgery_id,med) VALUES (1684,'Efavirenz');
INSERT INTO surgery (id,date,patient_id,doctor_id) VALUES (1685,'2019-12-14',248,197);
INSERT INTO meds_for_surgery (surgery_id,med) VALUES (1685,'Didanosine');
INSERT INTO surgery (id,date,patient_id,doctor_id) VALUES (1686,'2019-12-03',346,262);
INSERT INTO meds_for_surgery (surgery_id,med) VALUES (1686,'Baclofen');
INSERT INTO surgery (id,date,patient_id,doctor_id) VALUES (1687,'2019-12-19',241,370);
INSERT INTO meds_for_surgery (surgery_id,med) VALUES (1687,'Probenecid');
INSERT INTO surgery (id,date,patient_id,doctor_id) VALUES (1688,'2019-12-23',157,173);
INSERT INTO meds_for_surgery (surgery_id,med) VALUES (1688,'Isotretinoin');
INSERT INTO surgery (id,date,patient_id,doctor_id) VALUES (1689,'2019-12-18',25,268);
INSERT INTO meds_for_surgery (surgery_id,med) VALUES (1689,'Imipenem');
INSERT INTO surgery (id,date,patient_id,doctor_id) VALUES (1690,'2019-12-15',387,442);
INSERT INTO meds_for_surgery (surgery_id,med) VALUES (1690,'Muromonab');
INSERT INTO surgery (id,date,patient_id,doctor_id) VALUES (1691,'2019-11-29',374,332);
INSERT INTO meds_for_surgery (surgery_id,med) VALUES (1691,'Eltrombopag');
INSERT INTO surgery (id,date,patient_id,doctor_id) VALUES (1692,'2019-12-14',156,78);
INSERT INTO meds_for_surgery (surgery_id,med) VALUES (1692,'Saquinavir');
INSERT INTO surgery (id,date,patient_id,doctor_id) VALUES (1693,'2019-12-09',389,250);
INSERT INTO meds_for_surgery (surgery_id,med) VALUES (1693,'Mesna');
INSERT INTO surgery (id,date,patient_id,doctor_id) VALUES (1694,'2019-12-18',290,436);
INSERT INTO meds_for_surgery (surgery_id,med) VALUES (1694,'Phosphorus');
INSERT INTO surgery (id,date,patient_id,doctor_id) VALUES (1695,'2019-12-25',498,285);
INSERT INTO meds_for_surgery (surgery_id,med) VALUES (1695,'Aminocaproic Acid');
INSERT INTO surgery (id,date,patient_id,doctor_id) VALUES (1696,'2019-12-07',87,136);
INSERT INTO meds_for_surgery (surgery_id,med) VALUES (1696,'Gabapentin');
INSERT INTO surgery (id,date,patient_id,doctor_id) VALUES (1697,'2019-11-28',238,41);
INSERT INTO meds_for_surgery (surgery_id,med) VALUES (1697,'Azithromycin');
INSERT INTO surgery (id,date,patient_id,doctor_id) VALUES (1698,'2019-12-04',260,144);
INSERT INTO meds_for_surgery (surgery_id,med) VALUES (1698,'Tretinoin');
INSERT INTO surgery (id,date,patient_id,doctor_id) VALUES (1699,'2019-12-22',483,379);
INSERT INTO meds_for_surgery (surgery_id,med) VALUES (1699,'Potassium');
INSERT INTO surgery (id,date,patient_id,doctor_id) VALUES (1700,'2019-12-13',488,252);
INSERT INTO meds_for_surgery (surgery_id,med) VALUES (1700,'Rivaroxaban');
INSERT INTO surgery (id,date,patient_id,doctor_id) VALUES (1701,'2019-12-18',264,229);
INSERT INTO meds_for_surgery (surgery_id,med) VALUES (1701,'Captopril');
INSERT INTO surgery (id,date,patient_id,doctor_id) VALUES (1702,'2019-12-01',168,152);
INSERT INTO meds_for_surgery (surgery_id,med) VALUES (1702,'Penicillin');
INSERT INTO surgery (id,date,patient_id,doctor_id) VALUES (1703,'2019-12-27',327,252);
INSERT INTO meds_for_surgery (surgery_id,med) VALUES (1703,'Hydralazine');
INSERT INTO surgery (id,date,patient_id,doctor_id) VALUES (1704,'2019-12-11',37,136);
INSERT INTO meds_for_surgery (surgery_id,med) VALUES (1704,'Clindamycin');
INSERT INTO surgery (id,date,patient_id,doctor_id) VALUES (1705,'2019-11-25',299,199);
INSERT INTO meds_for_surgery (surgery_id,med) VALUES (1705,'Teniposide');
INSERT INTO surgery (id,date,patient_id,doctor_id) VALUES (1706,'2019-12-23',21,439);
INSERT INTO meds_for_surgery (surgery_id,med) VALUES (1706,'Cefuroxime');
INSERT INTO surgery (id,date,patient_id,doctor_id) VALUES (1707,'2019-12-20',88,480);
INSERT INTO meds_for_surgery (surgery_id,med) VALUES (1707,'Meropenem');
INSERT INTO surgery (id,date,patient_id,doctor_id) VALUES (1708,'2019-11-25',330,355);
INSERT INTO meds_for_surgery (surgery_id,med) VALUES (1708,'Vancomycin');
INSERT INTO surgery (id,date,patient_id,doctor_id) VALUES (1709,'2019-12-02',397,310);
INSERT INTO meds_for_surgery (surgery_id,med) VALUES (1709,'Dexamethasone');
INSERT INTO surgery (id,date,patient_id,doctor_id) VALUES (1710,'2019-12-16',260,333);
INSERT INTO meds_for_surgery (surgery_id,med) VALUES (1710,'Aprepitant');
INSERT INTO surgery (id,date,patient_id,doctor_id) VALUES (1711,'2019-12-06',462,136);
INSERT INTO meds_for_surgery (surgery_id,med) VALUES (1711,'Interferon');
INSERT INTO surgery (id,date,patient_id,doctor_id) VALUES (1712,'2019-11-23',92,152);
INSERT INTO meds_for_surgery (surgery_id,med) VALUES (1712,'Darunavir');
INSERT INTO surgery (id,date,patient_id,doctor_id) VALUES (1713,'2019-11-28',491,215);
INSERT INTO meds_for_surgery (surgery_id,med) VALUES (1713,'Nevirapine');
INSERT INTO surgery (id,date,patient_id,doctor_id) VALUES (1714,'2019-12-27',182,197);
INSERT INTO meds_for_surgery (surgery_id,med) VALUES (1714,'Nelfinavir');
INSERT INTO surgery (id,date,patient_id,doctor_id) VALUES (1715,'2019-12-25',220,178);
INSERT INTO meds_for_surgery (surgery_id,med) VALUES (1715,'Bleomycin');
INSERT INTO surgery (id,date,patient_id,doctor_id) VALUES (1716,'2019-12-10',255,474);
INSERT INTO meds_for_surgery (surgery_id,med) VALUES (1716,'Maraviroc');
INSERT INTO surgery (id,date,patient_id,doctor_id) VALUES (1717,'2019-11-30',432,436);
INSERT INTO meds_for_surgery (surgery_id,med) VALUES (1717,'Mesna');
INSERT INTO surgery (id,date,patient_id,doctor_id) VALUES (1718,'2019-11-26',395,78);
INSERT INTO meds_for_surgery (surgery_id,med) VALUES (1718,'Cefepime');
INSERT INTO surgery (id,date,patient_id,doctor_id) VALUES (1719,'2019-12-27',498,472);
INSERT INTO meds_for_surgery (surgery_id,med) VALUES (1719,'Dobutamine');
INSERT INTO surgery (id,date,patient_id,doctor_id) VALUES (1720,'2019-12-17',387,347);
INSERT INTO meds_for_surgery (surgery_id,med) VALUES (1720,'Gemtuzumab');
INSERT INTO surgery (id,date,patient_id,doctor_id) VALUES (1721,'2019-12-18',339,186);
INSERT INTO meds_for_surgery (surgery_id,med) VALUES (1721,'Tacrolimus');
INSERT INTO surgery (id,date,patient_id,doctor_id) VALUES (1722,'2019-12-01',248,273);
INSERT INTO meds_for_surgery (surgery_id,med) VALUES (1722,'Captopril');
INSERT INTO surgery (id,date,patient_id,doctor_id) VALUES (1723,'2019-12-17',432,54);
INSERT INTO meds_for_surgery (surgery_id,med) VALUES (1723,'Omeprazole');
INSERT INTO surgery (id,date,patient_id,doctor_id) VALUES (1724,'2019-12-26',100,173);
INSERT INTO meds_for_surgery (surgery_id,med) VALUES (1724,'Hydrocortisone');
INSERT INTO surgery (id,date,patient_id,doctor_id) VALUES (1725,'2019-12-27',156,467);
INSERT INTO meds_for_surgery (surgery_id,med) VALUES (1725,'Cefixime');
INSERT INTO surgery (id,date,patient_id,doctor_id) VALUES (1726,'2019-12-24',491,78);
INSERT INTO meds_for_surgery (surgery_id,med) VALUES (1726,'Etoposide');
INSERT INTO surgery (id,date,patient_id,doctor_id) VALUES (1727,'2019-11-25',283,436);
INSERT INTO meds_for_surgery (surgery_id,med) VALUES (1727,'Dasatinib');
INSERT INTO surgery (id,date,patient_id,doctor_id) VALUES (1728,'2019-12-20',220,74);
INSERT INTO meds_for_surgery (surgery_id,med) VALUES (1728,'Gabapentin');
INSERT INTO surgery (id,date,patient_id,doctor_id) VALUES (1729,'2019-12-13',327,210);
INSERT INTO meds_for_surgery (surgery_id,med) VALUES (1729,'Elvitegravir');
INSERT INTO surgery (id,date,patient_id,doctor_id) VALUES (1730,'2019-12-09',330,323);
INSERT INTO meds_for_surgery (surgery_id,med) VALUES (1730,'Hydrocodone');
INSERT INTO surgery (id,date,patient_id,doctor_id) VALUES (1731,'2019-12-20',223,149);
INSERT INTO meds_for_surgery (surgery_id,med) VALUES (1731,'Dacarbazine');
INSERT INTO surgery (id,date,patient_id,doctor_id) VALUES (1732,'2019-12-21',457,366);
INSERT INTO meds_for_surgery (surgery_id,med) VALUES (1732,'Tacrolimus');
INSERT INTO surgery (id,date,patient_id,doctor_id) VALUES (1733,'2019-12-24',92,294);
INSERT INTO meds_for_surgery (surgery_id,med) VALUES (1733,'Nevirapine');
INSERT INTO surgery (id,date,patient_id,doctor_id) VALUES (1734,'2019-12-26',499,126);
INSERT INTO meds_for_surgery (surgery_id,med) VALUES (1734,'Megestrol acetate');
INSERT INTO surgery (id,date,patient_id,doctor_id) VALUES (1735,'2019-12-08',414,262);
INSERT INTO meds_for_surgery (surgery_id,med) VALUES (1735,'Rilpivirine');
INSERT INTO surgery (id,date,patient_id,doctor_id) VALUES (1736,'2019-12-02',399,62);
INSERT INTO meds_for_surgery (surgery_id,med) VALUES (1736,'Pegfilgrastim');
INSERT INTO surgery (id,date,patient_id,doctor_id) VALUES (1737,'2019-12-11',117,57);
INSERT INTO meds_for_surgery (surgery_id,med) VALUES (1737,'Darunavir');
INSERT INTO surgery (id,date,patient_id,doctor_id) VALUES (1738,'2019-12-07',327,62);
INSERT INTO meds_for_surgery (surgery_id,med) VALUES (1738,'Dactinomycin');
INSERT INTO surgery (id,date,patient_id,doctor_id) VALUES (1739,'2019-12-08',164,323);
INSERT INTO meds_for_surgery (surgery_id,med) VALUES (1739,'Cladribine');
INSERT INTO surgery (id,date,patient_id,doctor_id) VALUES (1740,'2019-12-26',109,252);
INSERT INTO meds_for_surgery (surgery_id,med) VALUES (1740,'Topotecan');
INSERT INTO surgery (id,date,patient_id,doctor_id) VALUES (1741,'2019-11-25',110,115);
INSERT INTO meds_for_surgery (surgery_id,med) VALUES (1741,'Interleukin');
INSERT INTO surgery (id,date,patient_id,doctor_id) VALUES (1742,'2019-12-26',289,262);
INSERT INTO meds_for_surgery (surgery_id,med) VALUES (1742,'Hydralazine');
INSERT INTO surgery (id,date,patient_id,doctor_id) VALUES (1743,'2019-11-25',414,97);
INSERT INTO meds_for_surgery (surgery_id,med) VALUES (1743,'Propoxyphene');
INSERT INTO surgery (id,date,patient_id,doctor_id) VALUES (1744,'2019-12-14',76,250);
INSERT INTO meds_for_surgery (surgery_id,med) VALUES (1744,'Ceftazidime');
INSERT INTO surgery (id,date,patient_id,doctor_id) VALUES (1745,'2019-12-19',61,355);
INSERT INTO meds_for_surgery (surgery_id,med) VALUES (1745,'Zidovudine');
INSERT INTO surgery (id,date,patient_id,doctor_id) VALUES (1746,'2019-11-27',182,215);
INSERT INTO meds_for_surgery (surgery_id,med) VALUES (1746,'Imipenem');
INSERT INTO surgery (id,date,patient_id,doctor_id) VALUES (1747,'2019-12-13',60,54);
INSERT INTO meds_for_surgery (surgery_id,med) VALUES (1747,'Codeine');
INSERT INTO surgery (id,date,patient_id,doctor_id) VALUES (1748,'2019-12-10',330,9);
INSERT INTO meds_for_surgery (surgery_id,med) VALUES (1748,'Isotretinoin');
INSERT INTO surgery (id,date,patient_id,doctor_id) VALUES (1749,'2019-12-07',415,66);
INSERT INTO meds_for_surgery (surgery_id,med) VALUES (1749,'Hydrocortisone');
INSERT INTO surgery (id,date,patient_id,doctor_id) VALUES (1750,'2019-12-22',241,136);
INSERT INTO meds_for_surgery (surgery_id,med) VALUES (1750,'Carboplatin');
INSERT INTO surgery (id,date,patient_id,doctor_id) VALUES (1751,'2019-12-11',354,467);
INSERT INTO meds_for_surgery (surgery_id,med) VALUES (1751,'Leucovorin');
INSERT INTO surgery (id,date,patient_id,doctor_id) VALUES (1752,'2019-12-26',182,54);
INSERT INTO meds_for_surgery (surgery_id,med) VALUES (1752,'Cyproheptadine');
INSERT INTO surgery (id,date,patient_id,doctor_id) VALUES (1753,'2019-12-15',111,126);
INSERT INTO meds_for_surgery (surgery_id,med) VALUES (1753,'Saquinavir');
INSERT INTO surgery (id,date,patient_id,doctor_id) VALUES (1754,'2019-12-22',485,325);
INSERT INTO meds_for_surgery (surgery_id,med) VALUES (1754,'Temozolomide');
INSERT INTO surgery (id,date,patient_id,doctor_id) VALUES (1755,'2019-11-23',354,480);
INSERT INTO meds_for_surgery (surgery_id,med) VALUES (1755,'Probenecid');
INSERT INTO surgery (id,date,patient_id,doctor_id) VALUES (1756,'2019-12-03',483,199);
INSERT INTO meds_for_surgery (surgery_id,med) VALUES (1756,'Alemtuzumab');
INSERT INTO surgery (id,date,patient_id,doctor_id) VALUES (1757,'2019-12-05',161,4);
INSERT INTO meds_for_surgery (surgery_id,med) VALUES (1757,'Asparaginase');
INSERT INTO surgery (id,date,patient_id,doctor_id) VALUES (1758,'2019-12-08',130,391);
INSERT INTO meds_for_surgery (surgery_id,med) VALUES (1758,'Carmustine');
INSERT INTO surgery (id,date,patient_id,doctor_id) VALUES (1759,'2019-12-14',430,54);
INSERT INTO meds_for_surgery (surgery_id,med) VALUES (1759,'Etravirine');
INSERT INTO surgery (id,date,patient_id,doctor_id) VALUES (1760,'2019-12-23',296,57);
INSERT INTO meds_for_surgery (surgery_id,med) VALUES (1760,'Clarithromycin');
INSERT INTO surgery (id,date,patient_id,doctor_id) VALUES (1761,'2019-12-12',7,474);
INSERT INTO meds_for_surgery (surgery_id,med) VALUES (1761,'Erythromycin');
INSERT INTO surgery (id,date,patient_id,doctor_id) VALUES (1762,'2019-12-16',87,310);
INSERT INTO meds_for_surgery (surgery_id,med) VALUES (1762,'Itraconazole');
INSERT INTO surgery (id,date,patient_id,doctor_id) VALUES (1763,'2019-12-14',117,262);
INSERT INTO meds_for_surgery (surgery_id,med) VALUES (1763,'Immune');
INSERT INTO surgery (id,date,patient_id,doctor_id) VALUES (1764,'2019-12-04',76,62);
INSERT INTO meds_for_surgery (surgery_id,med) VALUES (1764,'Enoxaparin');
INSERT INTO surgery (id,date,patient_id,doctor_id) VALUES (1765,'2019-11-23',150,17);
INSERT INTO meds_for_surgery (surgery_id,med) VALUES (1765,'Thiotepa');
INSERT INTO surgery (id,date,patient_id,doctor_id) VALUES (1766,'2019-11-30',264,120);
INSERT INTO meds_for_surgery (surgery_id,med) VALUES (1766,'Dexamethasone');
INSERT INTO surgery (id,date,patient_id,doctor_id) VALUES (1767,'2019-12-09',296,85);
INSERT INTO meds_for_surgery (surgery_id,med) VALUES (1767,'Immune');
INSERT INTO surgery (id,date,patient_id,doctor_id) VALUES (1768,'2019-12-01',444,74);
INSERT INTO meds_for_surgery (surgery_id,med) VALUES (1768,'Dopamine');
INSERT INTO surgery (id,date,patient_id,doctor_id) VALUES (1769,'2019-11-30',58,388);
INSERT INTO meds_for_surgery (surgery_id,med) VALUES (1769,'Famciclovir');
INSERT INTO surgery (id,date,patient_id,doctor_id) VALUES (1770,'2019-12-01',260,379);
INSERT INTO meds_for_surgery (surgery_id,med) VALUES (1770,'Potassium');
INSERT INTO surgery (id,date,patient_id,doctor_id) VALUES (1771,'2019-12-24',39,138);
INSERT INTO meds_for_surgery (surgery_id,med) VALUES (1771,'L-glutamine');
INSERT INTO surgery (id,date,patient_id,doctor_id) VALUES (1772,'2019-12-12',491,171);
INSERT INTO meds_for_surgery (surgery_id,med) VALUES (1772,'Diclofenac');
INSERT INTO surgery (id,date,patient_id,doctor_id) VALUES (1773,'2019-12-14',238,479);
INSERT INTO meds_for_surgery (surgery_id,med) VALUES (1773,'Tobramycin');
INSERT INTO surgery (id,date,patient_id,doctor_id) VALUES (1774,'2019-12-05',248,199);
INSERT INTO meds_for_surgery (surgery_id,med) VALUES (1774,'Leucovorin');
INSERT INTO surgery (id,date,patient_id,doctor_id) VALUES (1775,'2019-12-19',100,314);
INSERT INTO meds_for_surgery (surgery_id,med) VALUES (1775,'Hydroxyurea');
INSERT INTO surgery (id,date,patient_id,doctor_id) VALUES (1776,'2019-12-14',371,57);
INSERT INTO meds_for_surgery (surgery_id,med) VALUES (1776,'Methotrexate');
INSERT INTO surgery (id,date,patient_id,doctor_id) VALUES (1777,'2019-12-08',475,229);
INSERT INTO meds_for_surgery (surgery_id,med) VALUES (1777,'Cyclophosphamide');
INSERT INTO surgery (id,date,patient_id,doctor_id) VALUES (1778,'2019-11-30',164,405);
INSERT INTO meds_for_surgery (surgery_id,med) VALUES (1778,'Famciclovir');
INSERT INTO surgery (id,date,patient_id,doctor_id) VALUES (1779,'2019-12-03',217,18);
INSERT INTO meds_for_surgery (surgery_id,med) VALUES (1779,'PEGaspargase');
INSERT INTO surgery (id,date,patient_id,doctor_id) VALUES (1780,'2019-12-23',475,17);
INSERT INTO meds_for_surgery (surgery_id,med) VALUES (1780,'Mycophenolate');
INSERT INTO surgery (id,date,patient_id,doctor_id) VALUES (1781,'2019-12-09',399,252);
INSERT INTO meds_for_surgery (surgery_id,med) VALUES (1781,'Propoxyphene');
INSERT INTO surgery (id,date,patient_id,doctor_id) VALUES (1782,'2019-12-06',248,309);
INSERT INTO meds_for_surgery (surgery_id,med) VALUES (1782,'Dobutamine');
INSERT INTO surgery (id,date,patient_id,doctor_id) VALUES (1783,'2019-12-25',156,210);
INSERT INTO meds_for_surgery (surgery_id,med) VALUES (1783,'Etonogestrel');
INSERT INTO surgery (id,date,patient_id,doctor_id) VALUES (1784,'2019-11-24',156,78);
INSERT INTO meds_for_surgery (surgery_id,med) VALUES (1784,'Phenytoin');
INSERT INTO surgery (id,date,patient_id,doctor_id) VALUES (1785,'2019-12-09',413,388);
INSERT INTO meds_for_surgery (surgery_id,med) VALUES (1785,'Lamivudine');
INSERT INTO surgery (id,date,patient_id,doctor_id) VALUES (1786,'2019-11-26',174,273);
INSERT INTO meds_for_surgery (surgery_id,med) VALUES (1786,'Etonogestrel');
INSERT INTO surgery (id,date,patient_id,doctor_id) VALUES (1787,'2019-12-11',37,332);
INSERT INTO meds_for_surgery (surgery_id,med) VALUES (1787,'Clobazam');
INSERT INTO surgery (id,date,patient_id,doctor_id) VALUES (1788,'2019-12-07',488,391);
INSERT INTO meds_for_surgery (surgery_id,med) VALUES (1788,'Trimethoprim');
INSERT INTO surgery (id,date,patient_id,doctor_id) VALUES (1789,'2019-12-09',208,9);
INSERT INTO meds_for_surgery (surgery_id,med) VALUES (1789,'Promethazine');
INSERT INTO surgery (id,date,patient_id,doctor_id) VALUES (1790,'2019-11-30',389,366);
INSERT INTO meds_for_surgery (surgery_id,med) VALUES (1790,'Dornase alfa');
INSERT INTO surgery (id,date,patient_id,doctor_id) VALUES (1791,'2019-11-25',432,391);
INSERT INTO meds_for_surgery (surgery_id,med) VALUES (1791,'Meperidine');
INSERT INTO surgery (id,date,patient_id,doctor_id) VALUES (1792,'2019-12-08',76,40);
INSERT INTO meds_for_surgery (surgery_id,med) VALUES (1792,'Ritonavir');
INSERT INTO surgery (id,date,patient_id,doctor_id) VALUES (1793,'2019-12-19',172,11);
INSERT INTO meds_for_surgery (surgery_id,med) VALUES (1793,'Sunitinib');
INSERT INTO surgery (id,date,patient_id,doctor_id) VALUES (1794,'2019-12-20',94,310);
INSERT INTO meds_for_surgery (surgery_id,med) VALUES (1794,'Erythropoietin');
INSERT INTO surgery (id,date,patient_id,doctor_id) VALUES (1795,'2019-12-13',130,479);
INSERT INTO meds_for_surgery (surgery_id,med) VALUES (1795,'Dacarbazine');
INSERT INTO surgery (id,date,patient_id,doctor_id) VALUES (1796,'2019-12-22',354,480);
INSERT INTO meds_for_surgery (surgery_id,med) VALUES (1796,'Atenolol');
INSERT INTO surgery (id,date,patient_id,doctor_id) VALUES (1797,'2019-12-05',429,57);
INSERT INTO meds_for_surgery (surgery_id,med) VALUES (1797,'Fluconazole');
INSERT INTO surgery (id,date,patient_id,doctor_id) VALUES (1798,'2019-11-29',387,41);
INSERT INTO meds_for_surgery (surgery_id,med) VALUES (1798,'Cefepime');
INSERT INTO surgery (id,date,patient_id,doctor_id) VALUES (1799,'2019-12-13',385,9);
INSERT INTO meds_for_surgery (surgery_id,med) VALUES (1799,'Methylphenidate');
INSERT INTO surgery (id,date,patient_id,doctor_id) VALUES (1800,'2019-12-07',499,197);
INSERT INTO meds_for_surgery (surgery_id,med) VALUES (1800,'Imipenem');
INSERT INTO surgery (id,date,patient_id,doctor_id) VALUES (1801,'2019-12-16',37,57);
INSERT INTO meds_for_surgery (surgery_id,med) VALUES (1801,'Procarbazine');
INSERT INTO surgery (id,date,patient_id,doctor_id) VALUES (1802,'2019-11-23',175,210);
INSERT INTO meds_for_surgery (surgery_id,med) VALUES (1802,'Amifostine');
INSERT INTO surgery (id,date,patient_id,doctor_id) VALUES (1803,'2019-12-23',177,309);
INSERT INTO meds_for_surgery (surgery_id,med) VALUES (1803,'Amikacin');
INSERT INTO surgery (id,date,patient_id,doctor_id) VALUES (1804,'2019-11-26',343,178);
INSERT INTO meds_for_surgery (surgery_id,med) VALUES (1804,'Cefuroxime');
INSERT INTO surgery (id,date,patient_id,doctor_id) VALUES (1805,'2019-12-26',489,401);
INSERT INTO meds_for_surgery (surgery_id,med) VALUES (1805,'Desmopressin');
INSERT INTO surgery (id,date,patient_id,doctor_id) VALUES (1806,'2019-12-18',182,197);
INSERT INTO meds_for_surgery (surgery_id,med) VALUES (1806,'Hydromorphone');
INSERT INTO surgery (id,date,patient_id,doctor_id) VALUES (1807,'2019-11-26',290,78);
INSERT INTO meds_for_surgery (surgery_id,med) VALUES (1807,'Daunorubicin');
INSERT INTO surgery (id,date,patient_id,doctor_id) VALUES (1808,'2019-12-20',241,442);
INSERT INTO meds_for_surgery (surgery_id,med) VALUES (1808,'Cyclophosphamide');
INSERT INTO surgery (id,date,patient_id,doctor_id) VALUES (1809,'2019-12-12',5,210);
INSERT INTO meds_for_surgery (surgery_id,med) VALUES (1809,'Meloxicam');
INSERT INTO surgery (id,date,patient_id,doctor_id) VALUES (1810,'2019-11-23',93,391);
INSERT INTO meds_for_surgery (surgery_id,med) VALUES (1810,'Potassium');
INSERT INTO surgery (id,date,patient_id,doctor_id) VALUES (1811,'2019-12-12',360,472);
INSERT INTO meds_for_surgery (surgery_id,med) VALUES (1811,'Penicillin');
INSERT INTO surgery (id,date,patient_id,doctor_id) VALUES (1812,'2019-12-23',483,379);
INSERT INTO meds_for_surgery (surgery_id,med) VALUES (1812,'Labetalol');
INSERT INTO surgery (id,date,patient_id,doctor_id) VALUES (1813,'2019-12-05',174,40);
INSERT INTO meds_for_surgery (surgery_id,med) VALUES (1813,'Rasburicase');
INSERT INTO surgery (id,date,patient_id,doctor_id) VALUES (1814,'2019-11-24',5,47);
INSERT INTO meds_for_surgery (surgery_id,med) VALUES (1814,'Dacarbazine');
INSERT INTO surgery (id,date,patient_id,doctor_id) VALUES (1815,'2019-12-18',413,41);
INSERT INTO meds_for_surgery (surgery_id,med) VALUES (1815,'Teniposide');
INSERT INTO surgery (id,date,patient_id,doctor_id) VALUES (1816,'2019-11-29',164,186);
INSERT INTO meds_for_surgery (surgery_id,med) VALUES (1816,'Cefaclor');
INSERT INTO surgery (id,date,patient_id,doctor_id) VALUES (1817,'2019-12-27',432,66);
INSERT INTO meds_for_surgery (surgery_id,med) VALUES (1817,'Posaconazole');
INSERT INTO surgery (id,date,patient_id,doctor_id) VALUES (1818,'2019-11-27',304,439);
INSERT INTO meds_for_surgery (surgery_id,med) VALUES (1818,'Mechlorethamine');
INSERT INTO surgery (id,date,patient_id,doctor_id) VALUES (1819,'2019-12-27',119,232);
INSERT INTO meds_for_surgery (surgery_id,med) VALUES (1819,'Ondansetron');
INSERT INTO surgery (id,date,patient_id,doctor_id) VALUES (1820,'2019-11-25',426,115);
INSERT INTO meds_for_surgery (surgery_id,med) VALUES (1820,'Nelfinavir');
INSERT INTO surgery (id,date,patient_id,doctor_id) VALUES (1821,'2019-12-10',240,479);
INSERT INTO meds_for_surgery (surgery_id,med) VALUES (1821,'Clobazam');
INSERT INTO surgery (id,date,patient_id,doctor_id) VALUES (1822,'2019-12-19',371,115);
INSERT INTO meds_for_surgery (surgery_id,med) VALUES (1822,'Amlodipine');
INSERT INTO surgery (id,date,patient_id,doctor_id) VALUES (1823,'2019-12-17',248,347);
INSERT INTO meds_for_surgery (surgery_id,med) VALUES (1823,'Vinblastine');
INSERT INTO surgery (id,date,patient_id,doctor_id) VALUES (1824,'2019-11-25',389,479);
INSERT INTO meds_for_surgery (surgery_id,med) VALUES (1824,'Modafinil');
INSERT INTO surgery (id,date,patient_id,doctor_id) VALUES (1825,'2019-11-26',404,358);
INSERT INTO meds_for_surgery (surgery_id,med) VALUES (1825,'Nelfinavir');
INSERT INTO surgery (id,date,patient_id,doctor_id) VALUES (1826,'2019-12-13',354,171);
INSERT INTO meds_for_surgery (surgery_id,med) VALUES (1826,'Ranitidine');
INSERT INTO surgery (id,date,patient_id,doctor_id) VALUES (1827,'2019-11-23',240,263);
INSERT INTO meds_for_surgery (surgery_id,med) VALUES (1827,'Elvitegravir');
INSERT INTO surgery (id,date,patient_id,doctor_id) VALUES (1828,'2019-12-14',227,229);
INSERT INTO meds_for_surgery (surgery_id,med) VALUES (1828,'Baclofen');
INSERT INTO surgery (id,date,patient_id,doctor_id) VALUES (1829,'2019-11-23',130,325);
INSERT INTO meds_for_surgery (surgery_id,med) VALUES (1829,'Doxorubicin');
INSERT INTO surgery (id,date,patient_id,doctor_id) VALUES (1830,'2019-12-19',289,252);
INSERT INTO meds_for_surgery (surgery_id,med) VALUES (1830,'Hydromorphone');
INSERT INTO surgery (id,date,patient_id,doctor_id) VALUES (1831,'2019-11-29',471,149);
INSERT INTO meds_for_surgery (surgery_id,med) VALUES (1831,'Efavirenz');
INSERT INTO surgery (id,date,patient_id,doctor_id) VALUES (1832,'2019-11-25',240,474);
INSERT INTO meds_for_surgery (surgery_id,med) VALUES (1832,'Ruxolitinib');
INSERT INTO surgery (id,date,patient_id,doctor_id) VALUES (1833,'2019-12-02',339,47);
INSERT INTO meds_for_surgery (surgery_id,med) VALUES (1833,'Fluconazole');
INSERT INTO surgery (id,date,patient_id,doctor_id) VALUES (1834,'2019-12-11',255,273);
INSERT INTO meds_for_surgery (surgery_id,med) VALUES (1834,'Doxorubicin');
INSERT INTO surgery (id,date,patient_id,doctor_id) VALUES (1835,'2019-12-09',172,447);
INSERT INTO meds_for_surgery (surgery_id,med) VALUES (1835,'Elvitegravir');
INSERT INTO surgery (id,date,patient_id,doctor_id) VALUES (1836,'2019-12-18',119,215);
INSERT INTO meds_for_surgery (surgery_id,med) VALUES (1836,'Norepinephrine');
INSERT INTO surgery (id,date,patient_id,doctor_id) VALUES (1837,'2019-12-25',389,74);
INSERT INTO meds_for_surgery (surgery_id,med) VALUES (1837,'Itraconazole');
INSERT INTO surgery (id,date,patient_id,doctor_id) VALUES (1838,'2019-12-12',374,78);
INSERT INTO meds_for_surgery (surgery_id,med) VALUES (1838,'Dacarbazine');
INSERT INTO surgery (id,date,patient_id,doctor_id) VALUES (1839,'2019-12-07',100,391);
INSERT INTO meds_for_surgery (surgery_id,med) VALUES (1839,'Ruxolitinib');
INSERT INTO surgery (id,date,patient_id,doctor_id) VALUES (1840,'2019-12-03',168,323);
INSERT INTO meds_for_surgery (surgery_id,med) VALUES (1840,'Clobazam');
INSERT INTO surgery (id,date,patient_id,doctor_id) VALUES (1841,'2019-12-25',397,252);
INSERT INTO meds_for_surgery (surgery_id,med) VALUES (1841,'Lopinavir');
INSERT INTO surgery (id,date,patient_id,doctor_id) VALUES (1842,'2019-11-25',177,85);
INSERT INTO meds_for_surgery (surgery_id,med) VALUES (1842,'Interferon');
INSERT INTO surgery (id,date,patient_id,doctor_id) VALUES (1843,'2019-11-30',475,439);
INSERT INTO meds_for_surgery (surgery_id,med) VALUES (1843,'Nelfinavir');
INSERT INTO surgery (id,date,patient_id,doctor_id) VALUES (1844,'2019-12-15',339,171);
INSERT INTO meds_for_surgery (surgery_id,med) VALUES (1844,'Vinblastine');
INSERT INTO surgery (id,date,patient_id,doctor_id) VALUES (1845,'2019-12-09',177,54);
INSERT INTO meds_for_surgery (surgery_id,med) VALUES (1845,'Megestrol acetate');
INSERT INTO surgery (id,date,patient_id,doctor_id) VALUES (1846,'2019-12-25',327,252);
INSERT INTO meds_for_surgery (surgery_id,med) VALUES (1846,'Cyclophosphamide');
INSERT INTO surgery (id,date,patient_id,doctor_id) VALUES (1847,'2019-12-09',483,273);
INSERT INTO meds_for_surgery (surgery_id,med) VALUES (1847,'Gemcitabine');
INSERT INTO surgery (id,date,patient_id,doctor_id) VALUES (1848,'2019-12-13',385,136);
INSERT INTO meds_for_surgery (surgery_id,med) VALUES (1848,'Thiotepa');
INSERT INTO surgery (id,date,patient_id,doctor_id) VALUES (1849,'2019-12-27',241,9);
INSERT INTO meds_for_surgery (surgery_id,med) VALUES (1849,'Azithromycin');
INSERT INTO surgery (id,date,patient_id,doctor_id) VALUES (1850,'2019-12-02',87,262);
INSERT INTO meds_for_surgery (surgery_id,med) VALUES (1850,'Foscarnet');
INSERT INTO surgery (id,date,patient_id,doctor_id) VALUES (1851,'2019-12-02',109,103);
INSERT INTO meds_for_surgery (surgery_id,med) VALUES (1851,'Aprepitant');
INSERT INTO surgery (id,date,patient_id,doctor_id) VALUES (1852,'2019-12-09',374,47);
INSERT INTO meds_for_surgery (surgery_id,med) VALUES (1852,'Lomustine');
INSERT INTO surgery (id,date,patient_id,doctor_id) VALUES (1853,'2019-12-08',88,323);
INSERT INTO meds_for_surgery (surgery_id,med) VALUES (1853,'Lomustine');
INSERT INTO surgery (id,date,patient_id,doctor_id) VALUES (1854,'2019-12-24',168,433);
INSERT INTO meds_for_surgery (surgery_id,med) VALUES (1854,'Imipenem');
INSERT INTO surgery (id,date,patient_id,doctor_id) VALUES (1855,'2019-12-20',429,472);
INSERT INTO meds_for_surgery (surgery_id,med) VALUES (1855,'Tretinoin');
INSERT INTO surgery (id,date,patient_id,doctor_id) VALUES (1856,'2019-12-25',299,4);
INSERT INTO meds_for_surgery (surgery_id,med) VALUES (1856,'Labetalol');
INSERT INTO surgery (id,date,patient_id,doctor_id) VALUES (1857,'2019-12-22',88,4);
INSERT INTO meds_for_surgery (surgery_id,med) VALUES (1857,'Rasburicase');
INSERT INTO surgery (id,date,patient_id,doctor_id) VALUES (1858,'2019-12-27',457,288);
INSERT INTO meds_for_surgery (surgery_id,med) VALUES (1858,'Clofarabine');
INSERT INTO surgery (id,date,patient_id,doctor_id) VALUES (1859,'2019-12-05',330,474);
INSERT INTO meds_for_surgery (surgery_id,med) VALUES (1859,'Cyclophosphamide');
INSERT INTO surgery (id,date,patient_id,doctor_id) VALUES (1860,'2019-12-09',164,229);
INSERT INTO meds_for_surgery (surgery_id,med) VALUES (1860,'Desmopressin');
INSERT INTO surgery (id,date,patient_id,doctor_id) VALUES (1861,'2019-12-21',87,232);
INSERT INTO meds_for_surgery (surgery_id,med) VALUES (1861,'Rasburicase');
INSERT INTO surgery (id,date,patient_id,doctor_id) VALUES (1862,'2019-12-18',457,57);
INSERT INTO meds_for_surgery (surgery_id,med) VALUES (1862,'Hydrocodone');
INSERT INTO surgery (id,date,patient_id,doctor_id) VALUES (1863,'2019-12-15',457,310);
INSERT INTO meds_for_surgery (surgery_id,med) VALUES (1863,'Azithromycin');
INSERT INTO surgery (id,date,patient_id,doctor_id) VALUES (1864,'2019-12-05',241,4);
INSERT INTO meds_for_surgery (surgery_id,med) VALUES (1864,'Dornase alfa');
INSERT INTO surgery (id,date,patient_id,doctor_id) VALUES (1865,'2019-12-16',489,285);
INSERT INTO meds_for_surgery (surgery_id,med) VALUES (1865,'Bosentan');
INSERT INTO surgery (id,date,patient_id,doctor_id) VALUES (1866,'2019-12-10',485,370);
INSERT INTO meds_for_surgery (surgery_id,med) VALUES (1866,'Magnesium');
INSERT INTO surgery (id,date,patient_id,doctor_id) VALUES (1867,'2019-12-19',117,78);
INSERT INTO meds_for_surgery (surgery_id,med) VALUES (1867,'Baclofen');
INSERT INTO surgery (id,date,patient_id,doctor_id) VALUES (1868,'2019-12-18',76,152);
INSERT INTO meds_for_surgery (surgery_id,med) VALUES (1868,'Ifosfamide');
INSERT INTO surgery (id,date,patient_id,doctor_id) VALUES (1869,'2019-12-20',217,210);
INSERT INTO meds_for_surgery (surgery_id,med) VALUES (1869,'Lamivudine');
INSERT INTO surgery (id,date,patient_id,doctor_id) VALUES (1870,'2019-11-30',60,391);
INSERT INTO meds_for_surgery (surgery_id,med) VALUES (1870,'Temozolomide');
INSERT INTO surgery (id,date,patient_id,doctor_id) VALUES (1871,'2019-11-25',475,219);
INSERT INTO meds_for_surgery (surgery_id,med) VALUES (1871,'Emicizumab');
INSERT INTO surgery (id,date,patient_id,doctor_id) VALUES (1872,'2019-12-08',150,80);
INSERT INTO meds_for_surgery (surgery_id,med) VALUES (1872,'Interleukin');
INSERT INTO surgery (id,date,patient_id,doctor_id) VALUES (1873,'2019-12-21',208,439);
INSERT INTO meds_for_surgery (surgery_id,med) VALUES (1873,'Elvitegravir');
INSERT INTO surgery (id,date,patient_id,doctor_id) VALUES (1874,'2019-12-11',240,467);
INSERT INTO meds_for_surgery (surgery_id,med) VALUES (1874,'Gabapentin');
INSERT INTO surgery (id,date,patient_id,doctor_id) VALUES (1875,'2019-12-24',246,309);
INSERT INTO meds_for_surgery (surgery_id,med) VALUES (1875,'Tenofovir');
INSERT INTO surgery (id,date,patient_id,doctor_id) VALUES (1876,'2019-12-20',5,285);
INSERT INTO meds_for_surgery (surgery_id,med) VALUES (1876,'Saquinavir');
INSERT INTO surgery (id,date,patient_id,doctor_id) VALUES (1877,'2019-12-03',489,80);
INSERT INTO meds_for_surgery (surgery_id,med) VALUES (1877,'Ketoconazole');
INSERT INTO surgery (id,date,patient_id,doctor_id) VALUES (1878,'2019-12-16',150,85);
INSERT INTO meds_for_surgery (surgery_id,med) VALUES (1878,'Aprepitant');
INSERT INTO surgery (id,date,patient_id,doctor_id) VALUES (1879,'2019-11-27',100,325);
INSERT INTO meds_for_surgery (surgery_id,med) VALUES (1879,'Cyclosporine');
INSERT INTO surgery (id,date,patient_id,doctor_id) VALUES (1880,'2019-11-23',109,433);
INSERT INTO meds_for_surgery (surgery_id,med) VALUES (1880,'Norepinephrine');
INSERT INTO surgery (id,date,patient_id,doctor_id) VALUES (1881,'2019-12-23',109,171);
INSERT INTO meds_for_surgery (surgery_id,med) VALUES (1881,'Emtricitabine');
INSERT INTO surgery (id,date,patient_id,doctor_id) VALUES (1882,'2019-12-21',339,126);
INSERT INTO meds_for_surgery (surgery_id,med) VALUES (1882,'Warfarin');
INSERT INTO surgery (id,date,patient_id,doctor_id) VALUES (1883,'2019-11-25',240,62);
INSERT INTO meds_for_surgery (surgery_id,med) VALUES (1883,'Fluorouracil');
INSERT INTO surgery (id,date,patient_id,doctor_id) VALUES (1884,'2019-12-25',217,47);
INSERT INTO meds_for_surgery (surgery_id,med) VALUES (1884,'Cefuroxime');
INSERT INTO surgery (id,date,patient_id,doctor_id) VALUES (1885,'2019-12-15',327,186);
INSERT INTO meds_for_surgery (surgery_id,med) VALUES (1885,'L-glutamine');
INSERT INTO surgery (id,date,patient_id,doctor_id) VALUES (1886,'2019-12-09',374,40);
INSERT INTO meds_for_surgery (surgery_id,med) VALUES (1886,'Cefuroxime');
INSERT INTO surgery (id,date,patient_id,doctor_id) VALUES (1887,'2019-11-30',87,85);
INSERT INTO meds_for_surgery (surgery_id,med) VALUES (1887,'Carbamazepine');
INSERT INTO surgery (id,date,patient_id,doctor_id) VALUES (1888,'2019-12-24',491,439);
INSERT INTO meds_for_surgery (surgery_id,med) VALUES (1888,'Hydromorphone');
INSERT INTO surgery (id,date,patient_id,doctor_id) VALUES (1889,'2019-12-24',343,433);
INSERT INTO meds_for_surgery (surgery_id,med) VALUES (1889,'Cyclosporine');
INSERT INTO surgery (id,date,patient_id,doctor_id) VALUES (1890,'2019-12-01',289,11);
INSERT INTO meds_for_surgery (surgery_id,med) VALUES (1890,'Emicizumab');
INSERT INTO surgery (id,date,patient_id,doctor_id) VALUES (1891,'2019-12-09',150,173);
INSERT INTO meds_for_surgery (surgery_id,med) VALUES (1891,'Erythromycin');
INSERT INTO surgery (id,date,patient_id,doctor_id) VALUES (1892,'2019-11-25',471,186);
INSERT INTO meds_for_surgery (surgery_id,med) VALUES (1892,'Cyclobenzaprine');
INSERT INTO surgery (id,date,patient_id,doctor_id) VALUES (1893,'2019-12-08',208,18);
INSERT INTO meds_for_surgery (surgery_id,med) VALUES (1893,'Allopurinol');
INSERT INTO surgery (id,date,patient_id,doctor_id) VALUES (1894,'2019-12-13',87,115);
INSERT INTO meds_for_surgery (surgery_id,med) VALUES (1894,'Atazanavir');
INSERT INTO surgery (id,date,patient_id,doctor_id) VALUES (1895,'2019-11-23',157,136);
INSERT INTO meds_for_surgery (surgery_id,med) VALUES (1895,'Hydromorphone');
INSERT INTO surgery (id,date,patient_id,doctor_id) VALUES (1896,'2019-12-02',458,391);
INSERT INTO meds_for_surgery (surgery_id,med) VALUES (1896,'GM-CSF');
INSERT INTO surgery (id,date,patient_id,doctor_id) VALUES (1897,'2019-11-30',94,333);
INSERT INTO meds_for_surgery (surgery_id,med) VALUES (1897,'Penicillin');
INSERT INTO surgery (id,date,patient_id,doctor_id) VALUES (1898,'2019-12-09',25,312);
INSERT INTO meds_for_surgery (surgery_id,med) VALUES (1898,'Cefaclor');
INSERT INTO surgery (id,date,patient_id,doctor_id) VALUES (1899,'2019-12-08',327,388);
INSERT INTO meds_for_surgery (surgery_id,med) VALUES (1899,'Linezolid');
INSERT INTO surgery (id,date,patient_id,doctor_id) VALUES (1900,'2019-12-04',8,405);
INSERT INTO meds_for_surgery (surgery_id,med) VALUES (1900,'Posaconazole');
INSERT INTO surgery (id,date,patient_id,doctor_id) VALUES (1901,'2019-12-08',387,347);
INSERT INTO meds_for_surgery (surgery_id,med) VALUES (1901,'Thiotepa');
INSERT INTO surgery (id,date,patient_id,doctor_id) VALUES (1902,'2019-12-04',88,149);
INSERT INTO meds_for_surgery (surgery_id,med) VALUES (1902,'Vinblastine');
INSERT INTO surgery (id,date,patient_id,doctor_id) VALUES (1903,'2019-12-05',384,314);
INSERT INTO meds_for_surgery (surgery_id,med) VALUES (1903,'Etonogestrel');
INSERT INTO surgery (id,date,patient_id,doctor_id) VALUES (1904,'2019-12-23',246,11);
INSERT INTO meds_for_surgery (surgery_id,med) VALUES (1904,'Hydromorphone');
INSERT INTO surgery (id,date,patient_id,doctor_id) VALUES (1905,'2019-12-27',304,215);
INSERT INTO meds_for_surgery (surgery_id,med) VALUES (1905,'Erythropoietin');
INSERT INTO surgery (id,date,patient_id,doctor_id) VALUES (1906,'2019-12-09',475,447);
INSERT INTO meds_for_surgery (surgery_id,med) VALUES (1906,'Busulfan');
INSERT INTO surgery (id,date,patient_id,doctor_id) VALUES (1907,'2019-12-12',374,405);
INSERT INTO meds_for_surgery (surgery_id,med) VALUES (1907,'Cisplatin');
INSERT INTO surgery (id,date,patient_id,doctor_id) VALUES (1908,'2019-12-18',488,479);
INSERT INTO meds_for_surgery (surgery_id,med) VALUES (1908,'Methadone');
INSERT INTO surgery (id,date,patient_id,doctor_id) VALUES (1909,'2019-12-06',260,391);
INSERT INTO meds_for_surgery (surgery_id,med) VALUES (1909,'Dacarbazine');
INSERT INTO surgery (id,date,patient_id,doctor_id) VALUES (1910,'2019-12-25',395,366);
INSERT INTO meds_for_surgery (surgery_id,med) VALUES (1910,'Potassium');
INSERT INTO surgery (id,date,patient_id,doctor_id) VALUES (1911,'2019-12-18',92,366);
INSERT INTO meds_for_surgery (surgery_id,med) VALUES (1911,'Clobazam');
INSERT INTO surgery (id,date,patient_id,doctor_id) VALUES (1912,'2019-12-13',161,480);
INSERT INTO meds_for_surgery (surgery_id,med) VALUES (1912,'Erythropoietin');
INSERT INTO surgery (id,date,patient_id,doctor_id) VALUES (1913,'2019-11-25',327,74);
INSERT INTO meds_for_surgery (surgery_id,med) VALUES (1913,'Erlotinib');
INSERT INTO surgery (id,date,patient_id,doctor_id) VALUES (1914,'2019-12-25',21,173);
INSERT INTO meds_for_surgery (surgery_id,med) VALUES (1914,'Paclitaxel');
INSERT INTO surgery (id,date,patient_id,doctor_id) VALUES (1915,'2019-12-21',483,467);
INSERT INTO meds_for_surgery (surgery_id,med) VALUES (1915,'Cefixime');
INSERT INTO surgery (id,date,patient_id,doctor_id) VALUES (1916,'2019-11-25',21,262);
INSERT INTO meds_for_surgery (surgery_id,med) VALUES (1916,'Enalapril');
INSERT INTO surgery (id,date,patient_id,doctor_id) VALUES (1917,'2019-12-27',426,433);
INSERT INTO meds_for_surgery (surgery_id,med) VALUES (1917,'Vancomycin');
INSERT INTO surgery (id,date,patient_id,doctor_id) VALUES (1918,'2019-12-15',287,126);
INSERT INTO meds_for_surgery (surgery_id,med) VALUES (1918,'Phenobarbital');
INSERT INTO surgery (id,date,patient_id,doctor_id) VALUES (1919,'2019-12-08',164,178);
INSERT INTO meds_for_surgery (surgery_id,med) VALUES (1919,'Hydroxyurea');
INSERT INTO surgery (id,date,patient_id,doctor_id) VALUES (1920,'2019-12-19',172,332);
INSERT INTO meds_for_surgery (surgery_id,med) VALUES (1920,'Raltegravir');
INSERT INTO surgery (id,date,patient_id,doctor_id) VALUES (1921,'2019-12-18',269,370);
INSERT INTO meds_for_surgery (surgery_id,med) VALUES (1921,'Raltegravir');
INSERT INTO surgery (id,date,patient_id,doctor_id) VALUES (1922,'2019-12-23',58,348);
INSERT INTO meds_for_surgery (surgery_id,med) VALUES (1922,'Topotecan');
INSERT INTO surgery (id,date,patient_id,doctor_id) VALUES (1923,'2019-12-13',413,173);
INSERT INTO meds_for_surgery (surgery_id,med) VALUES (1923,'Sucralfate');
INSERT INTO surgery (id,date,patient_id,doctor_id) VALUES (1924,'2019-12-08',164,355);
INSERT INTO meds_for_surgery (surgery_id,med) VALUES (1924,'Etoposide');
INSERT INTO surgery (id,date,patient_id,doctor_id) VALUES (1925,'2019-12-17',119,405);
INSERT INTO meds_for_surgery (surgery_id,med) VALUES (1925,'Methadone');
INSERT INTO surgery (id,date,patient_id,doctor_id) VALUES (1926,'2019-12-13',130,467);
INSERT INTO meds_for_surgery (surgery_id,med) VALUES (1926,'Propoxyphene');
INSERT INTO surgery (id,date,patient_id,doctor_id) VALUES (1927,'2019-12-08',255,309);
INSERT INTO meds_for_surgery (surgery_id,med) VALUES (1927,'Ondansetron');
INSERT INTO surgery (id,date,patient_id,doctor_id) VALUES (1928,'2019-11-27',457,219);
INSERT INTO meds_for_surgery (surgery_id,med) VALUES (1928,'Cisplatin');
INSERT INTO surgery (id,date,patient_id,doctor_id) VALUES (1929,'2019-12-17',429,210);
INSERT INTO meds_for_surgery (surgery_id,med) VALUES (1929,'Pemetrexed');
INSERT INTO surgery (id,date,patient_id,doctor_id) VALUES (1930,'2019-12-27',430,80);
INSERT INTO meds_for_surgery (surgery_id,med) VALUES (1930,'Meropenem');
INSERT INTO surgery (id,date,patient_id,doctor_id) VALUES (1931,'2019-12-04',404,479);
INSERT INTO meds_for_surgery (surgery_id,med) VALUES (1931,'Alemtuzumab');
INSERT INTO surgery (id,date,patient_id,doctor_id) VALUES (1932,'2019-12-15',399,469);
INSERT INTO meds_for_surgery (surgery_id,med) VALUES (1932,'Meropenem');
INSERT INTO surgery (id,date,patient_id,doctor_id) VALUES (1933,'2019-12-11',110,433);
INSERT INTO meds_for_surgery (surgery_id,med) VALUES (1933,'Rasburicase');
INSERT INTO surgery (id,date,patient_id,doctor_id) VALUES (1934,'2019-11-27',374,18);
INSERT INTO meds_for_surgery (surgery_id,med) VALUES (1934,'Nelarabine');
INSERT INTO surgery (id,date,patient_id,doctor_id) VALUES (1935,'2019-12-07',389,347);
INSERT INTO meds_for_surgery (surgery_id,med) VALUES (1935,'Methadone');
INSERT INTO surgery (id,date,patient_id,doctor_id) VALUES (1936,'2019-12-08',93,405);
INSERT INTO meds_for_surgery (surgery_id,med) VALUES (1936,'Prednisone');
INSERT INTO surgery (id,date,patient_id,doctor_id) VALUES (1937,'2019-12-03',491,178);
INSERT INTO meds_for_surgery (surgery_id,med) VALUES (1937,'Dactinomycin');
INSERT INTO surgery (id,date,patient_id,doctor_id) VALUES (1938,'2019-12-04',227,474);
INSERT INTO meds_for_surgery (surgery_id,med) VALUES (1938,'Baclofen');
INSERT INTO surgery (id,date,patient_id,doctor_id) VALUES (1939,'2019-11-26',346,439);
INSERT INTO meds_for_surgery (surgery_id,med) VALUES (1939,'Hydromorphone');
INSERT INTO surgery (id,date,patient_id,doctor_id) VALUES (1940,'2019-12-13',172,379);
INSERT INTO meds_for_surgery (surgery_id,med) VALUES (1940,'Cephalexin');
INSERT INTO surgery (id,date,patient_id,doctor_id) VALUES (1941,'2019-12-26',240,262);
INSERT INTO meds_for_surgery (surgery_id,med) VALUES (1941,'Alemtuzumab');
INSERT INTO surgery (id,date,patient_id,doctor_id) VALUES (1942,'2019-12-10',343,115);
INSERT INTO meds_for_surgery (surgery_id,med) VALUES (1942,'Cefixime');
INSERT INTO surgery (id,date,patient_id,doctor_id) VALUES (1943,'2019-12-01',177,294);
INSERT INTO meds_for_surgery (surgery_id,med) VALUES (1943,'Meloxicam');
INSERT INTO surgery (id,date,patient_id,doctor_id) VALUES (1944,'2019-12-19',238,358);
INSERT INTO meds_for_surgery (surgery_id,med) VALUES (1944,'Itraconazole');
INSERT INTO surgery (id,date,patient_id,doctor_id) VALUES (1945,'2019-12-06',430,178);
INSERT INTO meds_for_surgery (surgery_id,med) VALUES (1945,'Melphalan');
INSERT INTO surgery (id,date,patient_id,doctor_id) VALUES (1946,'2019-12-22',330,4);
INSERT INTO meds_for_surgery (surgery_id,med) VALUES (1946,'Interferon');
INSERT INTO surgery (id,date,patient_id,doctor_id) VALUES (1947,'2019-11-25',489,54);
INSERT INTO meds_for_surgery (surgery_id,med) VALUES (1947,'Modafinil');
INSERT INTO surgery (id,date,patient_id,doctor_id) VALUES (1948,'2019-12-05',92,366);
INSERT INTO meds_for_surgery (surgery_id,med) VALUES (1948,'Atenolol');
INSERT INTO surgery (id,date,patient_id,doctor_id) VALUES (1949,'2019-12-06',238,442);
INSERT INTO meds_for_surgery (surgery_id,med) VALUES (1949,'Fluconazole');
INSERT INTO surgery (id,date,patient_id,doctor_id) VALUES (1950,'2019-12-04',498,480);
INSERT INTO meds_for_surgery (surgery_id,med) VALUES (1950,'Mechlorethamine');
INSERT INTO surgery (id,date,patient_id,doctor_id) VALUES (1951,'2019-12-15',485,17);
INSERT INTO meds_for_surgery (surgery_id,med) VALUES (1951,'Cidofovir');
INSERT INTO surgery (id,date,patient_id,doctor_id) VALUES (1952,'2019-11-26',246,186);
INSERT INTO meds_for_surgery (surgery_id,med) VALUES (1952,'Leucovorin');
INSERT INTO surgery (id,date,patient_id,doctor_id) VALUES (1953,'2019-12-24',87,4);
INSERT INTO meds_for_surgery (surgery_id,med) VALUES (1953,'Deferasirox');
INSERT INTO surgery (id,date,patient_id,doctor_id) VALUES (1954,'2019-12-04',174,366);
INSERT INTO meds_for_surgery (surgery_id,med) VALUES (1954,'Fluconazole');
INSERT INTO surgery (id,date,patient_id,doctor_id) VALUES (1955,'2019-11-29',60,285);
INSERT INTO meds_for_surgery (surgery_id,med) VALUES (1955,'Cefuroxime');
INSERT INTO surgery (id,date,patient_id,doctor_id) VALUES (1956,'2019-12-23',413,467);
INSERT INTO meds_for_surgery (surgery_id,med) VALUES (1956,'Diclofenac');
INSERT INTO surgery (id,date,patient_id,doctor_id) VALUES (1957,'2019-12-17',227,325);
INSERT INTO meds_for_surgery (surgery_id,med) VALUES (1957,'Phenytoin');
INSERT INTO surgery (id,date,patient_id,doctor_id) VALUES (1958,'2019-12-25',414,366);
INSERT INTO meds_for_surgery (surgery_id,med) VALUES (1958,'Leucovorin');
INSERT INTO surgery (id,date,patient_id,doctor_id) VALUES (1959,'2019-12-21',360,438);
INSERT INTO meds_for_surgery (surgery_id,med) VALUES (1959,'Zidovudine');
INSERT INTO surgery (id,date,patient_id,doctor_id) VALUES (1960,'2019-12-22',240,438);
INSERT INTO meds_for_surgery (surgery_id,med) VALUES (1960,'Celecoxib');
INSERT INTO surgery (id,date,patient_id,doctor_id) VALUES (1961,'2019-12-23',287,436);
INSERT INTO meds_for_surgery (surgery_id,med) VALUES (1961,'Rasburicase');
INSERT INTO surgery (id,date,patient_id,doctor_id) VALUES (1962,'2019-12-21',457,120);
INSERT INTO meds_for_surgery (surgery_id,med) VALUES (1962,'Desmopressin');
INSERT INTO surgery (id,date,patient_id,doctor_id) VALUES (1963,'2019-12-19',397,469);
INSERT INTO meds_for_surgery (surgery_id,med) VALUES (1963,'Lopinavir');
INSERT INTO surgery (id,date,patient_id,doctor_id) VALUES (1964,'2019-12-12',426,358);
INSERT INTO meds_for_surgery (surgery_id,med) VALUES (1964,'Famciclovir');
INSERT INTO surgery (id,date,patient_id,doctor_id) VALUES (1965,'2019-11-25',60,57);
INSERT INTO meds_for_surgery (surgery_id,med) VALUES (1965,'Cephalexin');
INSERT INTO surgery (id,date,patient_id,doctor_id) VALUES (1966,'2019-11-24',227,263);
INSERT INTO meds_for_surgery (surgery_id,med) VALUES (1966,'Raltegravir');
INSERT INTO surgery (id,date,patient_id,doctor_id) VALUES (1967,'2019-12-14',499,309);
INSERT INTO meds_for_surgery (surgery_id,med) VALUES (1967,'Immune');
INSERT INTO surgery (id,date,patient_id,doctor_id) VALUES (1968,'2019-12-08',287,54);
INSERT INTO meds_for_surgery (surgery_id,med) VALUES (1968,'Cyproheptadine');
INSERT INTO surgery (id,date,patient_id,doctor_id) VALUES (1969,'2019-11-30',354,263);
INSERT INTO meds_for_surgery (surgery_id,med) VALUES (1969,'Omeprazole');
INSERT INTO surgery (id,date,patient_id,doctor_id) VALUES (1970,'2019-11-25',290,85);
INSERT INTO meds_for_surgery (surgery_id,med) VALUES (1970,'Lomustine');
INSERT INTO surgery (id,date,patient_id,doctor_id) VALUES (1971,'2019-11-30',208,126);
INSERT INTO meds_for_surgery (surgery_id,med) VALUES (1971,'Nevirapine');
INSERT INTO surgery (id,date,patient_id,doctor_id) VALUES (1972,'2019-11-23',246,186);
INSERT INTO meds_for_surgery (surgery_id,med) VALUES (1972,'Furosemide');
INSERT INTO surgery (id,date,patient_id,doctor_id) VALUES (1973,'2019-12-11',172,294);
INSERT INTO meds_for_surgery (surgery_id,med) VALUES (1973,'Sugammadex');
INSERT INTO surgery (id,date,patient_id,doctor_id) VALUES (1974,'2019-12-03',92,442);
INSERT INTO meds_for_surgery (surgery_id,med) VALUES (1974,'Lopinavir');
INSERT INTO surgery (id,date,patient_id,doctor_id) VALUES (1975,'2019-12-26',387,62);
INSERT INTO meds_for_surgery (surgery_id,med) VALUES (1975,'Pegfilgrastim');
INSERT INTO surgery (id,date,patient_id,doctor_id) VALUES (1976,'2019-11-27',387,149);
INSERT INTO meds_for_surgery (surgery_id,med) VALUES (1976,'Bleomycin');
INSERT INTO surgery (id,date,patient_id,doctor_id) VALUES (1977,'2019-12-17',168,391);
INSERT INTO meds_for_surgery (surgery_id,med) VALUES (1977,'Carboplatin');
INSERT INTO surgery (id,date,patient_id,doctor_id) VALUES (1978,'2019-12-18',110,442);
INSERT INTO meds_for_surgery (surgery_id,med) VALUES (1978,'Celecoxib');
INSERT INTO surgery (id,date,patient_id,doctor_id) VALUES (1979,'2019-12-15',248,268);
INSERT INTO meds_for_surgery (surgery_id,med) VALUES (1979,'Hydroxyurea');
INSERT INTO surgery (id,date,patient_id,doctor_id) VALUES (1980,'2019-12-21',475,358);
INSERT INTO meds_for_surgery (surgery_id,med) VALUES (1980,'Dinutuximab');
INSERT INTO surgery (id,date,patient_id,doctor_id) VALUES (1981,'2019-11-28',88,285);
INSERT INTO meds_for_surgery (surgery_id,med) VALUES (1981,'Muromonab');
INSERT INTO surgery (id,date,patient_id,doctor_id) VALUES (1982,'2019-12-27',339,472);
INSERT INTO meds_for_surgery (surgery_id,med) VALUES (1982,'Pentamidine');
INSERT INTO surgery (id,date,patient_id,doctor_id) VALUES (1983,'2019-12-08',414,199);
INSERT INTO meds_for_surgery (surgery_id,med) VALUES (1983,'Saquinavir');
INSERT INTO surgery (id,date,patient_id,doctor_id) VALUES (1984,'2019-12-18',278,325);
INSERT INTO meds_for_surgery (surgery_id,med) VALUES (1984,'Dexamethasone');
INSERT INTO surgery (id,date,patient_id,doctor_id) VALUES (1985,'2019-12-13',499,288);
INSERT INTO meds_for_surgery (surgery_id,med) VALUES (1985,'Erythropoietin');
INSERT INTO surgery (id,date,patient_id,doctor_id) VALUES (1986,'2019-11-25',25,186);
INSERT INTO meds_for_surgery (surgery_id,med) VALUES (1986,'Dexamethasone');
INSERT INTO surgery (id,date,patient_id,doctor_id) VALUES (1987,'2019-12-27',387,219);
INSERT INTO meds_for_surgery (surgery_id,med) VALUES (1987,'Cefepime');
INSERT INTO surgery (id,date,patient_id,doctor_id) VALUES (1988,'2019-12-18',248,312);
INSERT INTO meds_for_surgery (surgery_id,med) VALUES (1988,'L-glutamine');
INSERT INTO surgery (id,date,patient_id,doctor_id) VALUES (1989,'2019-11-23',283,312);
INSERT INTO meds_for_surgery (surgery_id,med) VALUES (1989,'Cefepime');
INSERT INTO surgery (id,date,patient_id,doctor_id) VALUES (1990,'2019-12-03',208,433);
INSERT INTO meds_for_surgery (surgery_id,med) VALUES (1990,'Sucralfate');
INSERT INTO surgery (id,date,patient_id,doctor_id) VALUES (1991,'2019-11-24',491,480);
INSERT INTO meds_for_surgery (surgery_id,med) VALUES (1991,'Teniposide');
INSERT INTO surgery (id,date,patient_id,doctor_id) VALUES (1992,'2019-12-11',462,103);
INSERT INTO meds_for_surgery (surgery_id,med) VALUES (1992,'Foscarnet');
INSERT INTO surgery (id,date,patient_id,doctor_id) VALUES (1993,'2019-12-27',397,391);
INSERT INTO meds_for_surgery (surgery_id,med) VALUES (1993,'Sunitinib');
INSERT INTO surgery (id,date,patient_id,doctor_id) VALUES (1994,'2019-11-23',283,11);
INSERT INTO meds_for_surgery (surgery_id,med) VALUES (1994,'Interferon');
INSERT INTO surgery (id,date,patient_id,doctor_id) VALUES (1995,'2019-12-20',182,355);
INSERT INTO meds_for_surgery (surgery_id,med) VALUES (1995,'Isotretinoin');
INSERT INTO surgery (id,date,patient_id,doctor_id) VALUES (1996,'2019-12-03',485,332);
INSERT INTO meds_for_surgery (surgery_id,med) VALUES (1996,'Nelarabine');
INSERT INTO surgery (id,date,patient_id,doctor_id) VALUES (1997,'2019-12-23',39,358);
INSERT INTO meds_for_surgery (surgery_id,med) VALUES (1997,'Calcium');
INSERT INTO surgery (id,date,patient_id,doctor_id) VALUES (1998,'2019-12-13',389,273);
INSERT INTO meds_for_surgery (surgery_id,med) VALUES (1998,'Muromonab');
INSERT INTO surgery (id,date,patient_id,doctor_id) VALUES (1999,'2019-12-24',384,173);
INSERT INTO meds_for_surgery (surgery_id,med) VALUES (1999,'Dronabinol');
INSERT INTO surgery (id,date,patient_id,doctor_id) VALUES (2000,'2019-11-24',110,332);
INSERT INTO meds_for_surgery (surgery_id,med) VALUES (2000,'Aprepitant');
INSERT INTO surgery (id,date,patient_id,doctor_id) VALUES (2001,'2019-12-26',471,41);
INSERT INTO meds_for_surgery (surgery_id,med) VALUES (2001,'Tretinoin');
INSERT INTO surgery (id,date,patient_id,doctor_id) VALUES (2002,'2019-12-09',371,144);
INSERT INTO meds_for_surgery (surgery_id,med) VALUES (2002,'Ketoconazole');
INSERT INTO surgery (id,date,patient_id,doctor_id) VALUES (2003,'2019-11-29',458,355);
INSERT INTO meds_for_surgery (surgery_id,med) VALUES (2003,'Erythropoietin');
INSERT INTO surgery (id,date,patient_id,doctor_id) VALUES (2004,'2019-12-23',58,355);
INSERT INTO meds_for_surgery (surgery_id,med) VALUES (2004,'Dapsone');
INSERT INTO surgery (id,date,patient_id,doctor_id) VALUES (2005,'2019-12-24',8,57);
INSERT INTO meds_for_surgery (surgery_id,med) VALUES (2005,'Vinblastine');
INSERT INTO surgery (id,date,patient_id,doctor_id) VALUES (2006,'2019-11-26',111,388);
INSERT INTO meds_for_surgery (surgery_id,med) VALUES (2006,'Penicillin');
INSERT INTO surgery (id,date,patient_id,doctor_id) VALUES (2007,'2019-12-11',61,97);
INSERT INTO meds_for_surgery (surgery_id,med) VALUES (2007,'Codeine');
INSERT INTO surgery (id,date,patient_id,doctor_id) VALUES (2008,'2019-12-10',269,467);
INSERT INTO meds_for_surgery (surgery_id,med) VALUES (2008,'L-glutamine');
INSERT INTO surgery (id,date,patient_id,doctor_id) VALUES (2009,'2019-11-29',87,4);
INSERT INTO meds_for_surgery (surgery_id,med) VALUES (2009,'Leucovorin');
INSERT INTO surgery (id,date,patient_id,doctor_id) VALUES (2010,'2019-12-27',223,199);
INSERT INTO meds_for_surgery (surgery_id,med) VALUES (2010,'Sunitinib');
INSERT INTO surgery (id,date,patient_id,doctor_id) VALUES (2011,'2019-11-27',414,273);
INSERT INTO meds_for_surgery (surgery_id,med) VALUES (2011,'Heparin');
INSERT INTO surgery (id,date,patient_id,doctor_id) VALUES (2012,'2019-12-16',130,438);
INSERT INTO meds_for_surgery (surgery_id,med) VALUES (2012,'Trimethoprim');
INSERT INTO surgery (id,date,patient_id,doctor_id) VALUES (2013,'2019-12-12',168,149);
INSERT INTO meds_for_surgery (surgery_id,med) VALUES (2013,'Lamivudine');
INSERT INTO surgery (id,date,patient_id,doctor_id) VALUES (2014,'2019-12-03',414,197);
INSERT INTO meds_for_surgery (surgery_id,med) VALUES (2014,'Imatinib');
INSERT INTO surgery (id,date,patient_id,doctor_id) VALUES (2015,'2019-12-22',92,78);
INSERT INTO meds_for_surgery (surgery_id,med) VALUES (2015,'Topotecan');
INSERT INTO surgery (id,date,patient_id,doctor_id) VALUES (2016,'2019-12-15',32,358);
INSERT INTO meds_for_surgery (surgery_id,med) VALUES (2016,'Amoxicillin');
INSERT INTO surgery (id,date,patient_id,doctor_id) VALUES (2017,'2019-11-24',496,199);
INSERT INTO meds_for_surgery (surgery_id,med) VALUES (2017,'Aprepitant');
INSERT INTO surgery (id,date,patient_id,doctor_id) VALUES (2018,'2019-12-09',389,210);
INSERT INTO meds_for_surgery (surgery_id,med) VALUES (2018,'Abacavir');
INSERT INTO surgery (id,date,patient_id,doctor_id) VALUES (2019,'2019-12-15',485,250);
INSERT INTO meds_for_surgery (surgery_id,med) VALUES (2019,'Cidofovir');
INSERT INTO surgery (id,date,patient_id,doctor_id) VALUES (2020,'2019-12-23',430,252);
INSERT INTO meds_for_surgery (surgery_id,med) VALUES (2020,'Sucralfate');
INSERT INTO surgery (id,date,patient_id,doctor_id) VALUES (2021,'2019-12-05',360,186);
INSERT INTO meds_for_surgery (surgery_id,med) VALUES (2021,'Alemtuzumab');
INSERT INTO surgery (id,date,patient_id,doctor_id) VALUES (2022,'2019-12-19',387,66);
INSERT INTO meds_for_surgery (surgery_id,med) VALUES (2022,'Interleukin');
INSERT INTO surgery (id,date,patient_id,doctor_id) VALUES (2023,'2019-12-07',174,370);
INSERT INTO meds_for_surgery (surgery_id,med) VALUES (2023,'Fludarabine');
INSERT INTO surgery (id,date,patient_id,doctor_id) VALUES (2024,'2019-12-27',39,273);
INSERT INTO meds_for_surgery (surgery_id,med) VALUES (2024,'Amoxicillin');
INSERT INTO surgery (id,date,patient_id,doctor_id) VALUES (2025,'2019-12-20',238,41);
INSERT INTO meds_for_surgery (surgery_id,med) VALUES (2025,'Saquinavir');
INSERT INTO surgery (id,date,patient_id,doctor_id) VALUES (2026,'2019-12-22',339,366);
INSERT INTO meds_for_surgery (surgery_id,med) VALUES (2026,'Dasatinib');
INSERT INTO surgery (id,date,patient_id,doctor_id) VALUES (2027,'2019-11-23',227,197);
INSERT INTO meds_for_surgery (surgery_id,med) VALUES (2027,'Interferon');
INSERT INTO surgery (id,date,patient_id,doctor_id) VALUES (2028,'2019-12-14',354,388);
INSERT INTO meds_for_surgery (surgery_id,med) VALUES (2028,'Amitriptyline');
INSERT INTO surgery (id,date,patient_id,doctor_id) VALUES (2029,'2019-12-05',430,199);
INSERT INTO meds_for_surgery (surgery_id,med) VALUES (2029,'Meperidine');
INSERT INTO surgery (id,date,patient_id,doctor_id) VALUES (2030,'2019-12-24',220,62);
INSERT INTO meds_for_surgery (surgery_id,med) VALUES (2030,'Amifostine');
INSERT INTO surgery (id,date,patient_id,doctor_id) VALUES (2031,'2019-12-01',264,152);
INSERT INTO meds_for_surgery (surgery_id,med) VALUES (2031,'Tretinoin');
INSERT INTO surgery (id,date,patient_id,doctor_id) VALUES (2032,'2019-12-02',462,348);
INSERT INTO meds_for_surgery (surgery_id,med) VALUES (2032,'Micafungin');
INSERT INTO surgery (id,date,patient_id,doctor_id) VALUES (2033,'2019-12-13',426,149);
INSERT INTO meds_for_surgery (surgery_id,med) VALUES (2033,'Elvitegravir');
INSERT INTO surgery (id,date,patient_id,doctor_id) VALUES (2034,'2019-12-17',327,178);
INSERT INTO meds_for_surgery (surgery_id,med) VALUES (2034,'Propoxyphene');
INSERT INTO surgery (id,date,patient_id,doctor_id) VALUES (2035,'2019-12-14',109,17);
INSERT INTO meds_for_surgery (surgery_id,med) VALUES (2035,'Paclitaxel');
INSERT INTO surgery (id,date,patient_id,doctor_id) VALUES (2036,'2019-12-13',110,126);
INSERT INTO meds_for_surgery (surgery_id,med) VALUES (2036,'Dasatinib');
INSERT INTO surgery (id,date,patient_id,doctor_id) VALUES (2037,'2019-12-09',220,78);
INSERT INTO meds_for_surgery (surgery_id,med) VALUES (2037,'Lorazepam');
INSERT INTO surgery (id,date,patient_id,doctor_id) VALUES (2038,'2019-12-12',111,4);
INSERT INTO meds_for_surgery (surgery_id,med) VALUES (2038,'Crizotinib');
INSERT INTO surgery (id,date,patient_id,doctor_id) VALUES (2039,'2019-12-13',371,85);
INSERT INTO meds_for_surgery (surgery_id,med) VALUES (2039,'Cytarabine');
INSERT INTO surgery (id,date,patient_id,doctor_id) VALUES (2040,'2019-11-27',21,54);
INSERT INTO meds_for_surgery (surgery_id,med) VALUES (2040,'Morphine');
INSERT INTO surgery (id,date,patient_id,doctor_id) VALUES (2041,'2019-12-17',371,391);
INSERT INTO meds_for_surgery (surgery_id,med) VALUES (2041,'Mycophenolate');
INSERT INTO surgery (id,date,patient_id,doctor_id) VALUES (2042,'2019-12-08',156,152);
INSERT INTO meds_for_surgery (surgery_id,med) VALUES (2042,'Thioguanine');
INSERT INTO surgery (id,date,patient_id,doctor_id) VALUES (2043,'2019-12-26',499,229);
INSERT INTO meds_for_surgery (surgery_id,med) VALUES (2043,'Melphalan');
INSERT INTO surgery (id,date,patient_id,doctor_id) VALUES (2044,'2019-11-29',491,310);
INSERT INTO meds_for_surgery (surgery_id,med) VALUES (2044,'Azithromycin');
INSERT INTO surgery (id,date,patient_id,doctor_id) VALUES (2045,'2019-12-26',451,11);
INSERT INTO meds_for_surgery (surgery_id,med) VALUES (2045,'Thiotepa');
INSERT INTO surgery (id,date,patient_id,doctor_id) VALUES (2046,'2019-12-17',404,439);
INSERT INTO meds_for_surgery (surgery_id,med) VALUES (2046,'Codeine');
INSERT INTO surgery (id,date,patient_id,doctor_id) VALUES (2047,'2019-12-23',429,268);
INSERT INTO meds_for_surgery (surgery_id,med) VALUES (2047,'Dapsone');
INSERT INTO surgery (id,date,patient_id,doctor_id) VALUES (2048,'2019-12-27',111,66);
INSERT INTO meds_for_surgery (surgery_id,med) VALUES (2048,'Cidofovir');
INSERT INTO surgery (id,date,patient_id,doctor_id) VALUES (2049,'2019-12-03',182,392);
INSERT INTO meds_for_surgery (surgery_id,med) VALUES (2049,'Carbamazepine');
INSERT INTO surgery (id,date,patient_id,doctor_id) VALUES (2050,'2019-12-12',110,355);
INSERT INTO meds_for_surgery (surgery_id,med) VALUES (2050,'Crizotinib');
INSERT INTO surgery (id,date,patient_id,doctor_id) VALUES (2051,'2019-12-01',304,433);
INSERT INTO meds_for_surgery (surgery_id,med) VALUES (2051,'Gefitinib');
INSERT INTO surgery (id,date,patient_id,doctor_id) VALUES (2052,'2019-12-13',157,62);
INSERT INTO meds_for_surgery (surgery_id,med) VALUES (2052,'Methadone');
INSERT INTO surgery (id,date,patient_id,doctor_id) VALUES (2053,'2019-12-05',430,115);
INSERT INTO meds_for_surgery (surgery_id,med) VALUES (2053,'Asparaginase');
INSERT INTO surgery (id,date,patient_id,doctor_id) VALUES (2054,'2019-11-28',39,314);
INSERT INTO meds_for_surgery (surgery_id,med) VALUES (2054,'Eltrombopag');
INSERT INTO surgery (id,date,patient_id,doctor_id) VALUES (2055,'2019-12-10',87,312);
INSERT INTO meds_for_surgery (surgery_id,med) VALUES (2055,'Ganciclovir');
INSERT INTO surgery (id,date,patient_id,doctor_id) VALUES (2056,'2019-12-02',343,480);
INSERT INTO meds_for_surgery (surgery_id,med) VALUES (2056,'Saquinavir');
INSERT INTO surgery (id,date,patient_id,doctor_id) VALUES (2057,'2019-12-07',478,401);
INSERT INTO meds_for_surgery (surgery_id,med) VALUES (2057,'Hydromorphone');
INSERT INTO surgery (id,date,patient_id,doctor_id) VALUES (2058,'2019-12-19',444,178);
INSERT INTO meds_for_surgery (surgery_id,med) VALUES (2058,'Cytarabine');
INSERT INTO surgery (id,date,patient_id,doctor_id) VALUES (2059,'2019-12-27',429,333);
INSERT INTO meds_for_surgery (surgery_id,med) VALUES (2059,'G-CSF');
INSERT INTO surgery (id,date,patient_id,doctor_id) VALUES (2060,'2019-11-28',371,78);
INSERT INTO meds_for_surgery (surgery_id,med) VALUES (2060,'Crizotinib');
INSERT INTO surgery (id,date,patient_id,doctor_id) VALUES (2061,'2019-12-16',415,152);
INSERT INTO meds_for_surgery (surgery_id,med) VALUES (2061,'Phenytoin');
INSERT INTO surgery (id,date,patient_id,doctor_id) VALUES (2062,'2019-12-04',496,57);
INSERT INTO meds_for_surgery (surgery_id,med) VALUES (2062,'Dopamine');
INSERT INTO surgery (id,date,patient_id,doctor_id) VALUES (2063,'2019-12-01',88,370);
INSERT INTO meds_for_surgery (surgery_id,med) VALUES (2063,'Posaconazole');
INSERT INTO surgery (id,date,patient_id,doctor_id) VALUES (2064,'2019-12-03',429,325);
INSERT INTO meds_for_surgery (surgery_id,med) VALUES (2064,'Ranitidine');
INSERT INTO surgery (id,date,patient_id,doctor_id) VALUES (2065,'2019-12-13',462,219);
INSERT INTO meds_for_surgery (surgery_id,med) VALUES (2065,'Tacrolimus');
INSERT INTO surgery (id,date,patient_id,doctor_id) VALUES (2066,'2019-12-03',220,358);
INSERT INTO meds_for_surgery (surgery_id,med) VALUES (2066,'Dexamethasone');
INSERT INTO surgery (id,date,patient_id,doctor_id) VALUES (2067,'2019-12-05',444,173);
INSERT INTO meds_for_surgery (surgery_id,med) VALUES (2067,'Dexamethasone');
INSERT INTO surgery (id,date,patient_id,doctor_id) VALUES (2068,'2019-11-23',414,474);
INSERT INTO meds_for_surgery (surgery_id,med) VALUES (2068,'Mitoxantrone');
INSERT INTO surgery (id,date,patient_id,doctor_id) VALUES (2069,'2019-12-13',327,442);
INSERT INTO meds_for_surgery (surgery_id,med) VALUES (2069,'Promethazine');
INSERT INTO surgery (id,date,patient_id,doctor_id) VALUES (2070,'2019-12-08',111,347);
INSERT INTO meds_for_surgery (surgery_id,med) VALUES (2070,'Allopurinol');
INSERT INTO surgery (id,date,patient_id,doctor_id) VALUES (2071,'2019-12-03',330,262);
INSERT INTO meds_for_surgery (surgery_id,med) VALUES (2071,'Hydralazine');
INSERT INTO surgery (id,date,patient_id,doctor_id) VALUES (2072,'2019-12-01',289,199);
INSERT INTO meds_for_surgery (surgery_id,med) VALUES (2072,'Dasatinib');
INSERT INTO surgery (id,date,patient_id,doctor_id) VALUES (2073,'2019-12-20',60,438);
INSERT INTO meds_for_surgery (surgery_id,med) VALUES (2073,'Thiotepa');
INSERT INTO surgery (id,date,patient_id,doctor_id) VALUES (2074,'2019-12-27',142,57);
INSERT INTO meds_for_surgery (surgery_id,med) VALUES (2074,'Dobutamine');
INSERT INTO surgery (id,date,patient_id,doctor_id) VALUES (2075,'2019-11-29',415,199);
INSERT INTO meds_for_surgery (surgery_id,med) VALUES (2075,'Megestrol acetate');
INSERT INTO surgery (id,date,patient_id,doctor_id) VALUES (2076,'2019-12-13',260,401);
INSERT INTO meds_for_surgery (surgery_id,med) VALUES (2076,'Cyclosporine');
INSERT INTO surgery (id,date,patient_id,doctor_id) VALUES (2077,'2019-12-01',346,439);
INSERT INTO meds_for_surgery (surgery_id,med) VALUES (2077,'Aprepitant');
INSERT INTO surgery (id,date,patient_id,doctor_id) VALUES (2078,'2019-11-24',385,325);
INSERT INTO meds_for_surgery (surgery_id,med) VALUES (2078,'Carbamazepine');
INSERT INTO surgery (id,date,patient_id,doctor_id) VALUES (2079,'2019-11-24',88,370);
INSERT INTO meds_for_surgery (surgery_id,med) VALUES (2079,'Amikacin');
INSERT INTO surgery (id,date,patient_id,doctor_id) VALUES (2080,'2019-12-02',94,405);
INSERT INTO meds_for_surgery (surgery_id,med) VALUES (2080,'Vancomycin');
INSERT INTO surgery (id,date,patient_id,doctor_id) VALUES (2081,'2019-12-20',498,310);
INSERT INTO meds_for_surgery (surgery_id,med) VALUES (2081,'Hydrocodone');
INSERT INTO surgery (id,date,patient_id,doctor_id) VALUES (2082,'2019-12-20',491,126);
INSERT INTO meds_for_surgery (surgery_id,med) VALUES (2082,'Micafungin');
INSERT INTO surgery (id,date,patient_id,doctor_id) VALUES (2083,'2019-12-02',483,252);
INSERT INTO meds_for_surgery (surgery_id,med) VALUES (2083,'Etonogestrel');
INSERT INTO surgery (id,date,patient_id,doctor_id) VALUES (2084,'2019-12-19',339,332);
INSERT INTO meds_for_surgery (surgery_id,med) VALUES (2084,'Tenofovir');
INSERT INTO surgery (id,date,patient_id,doctor_id) VALUES (2085,'2019-12-23',25,40);
INSERT INTO meds_for_surgery (surgery_id,med) VALUES (2085,'Acyclovir');
INSERT INTO surgery (id,date,patient_id,doctor_id) VALUES (2086,'2019-12-17',220,479);
INSERT INTO meds_for_surgery (surgery_id,med) VALUES (2086,'Valproic acid');
INSERT INTO surgery (id,date,patient_id,doctor_id) VALUES (2087,'2019-12-22',227,138);
INSERT INTO meds_for_surgery (surgery_id,med) VALUES (2087,'Deferasirox');
INSERT INTO surgery (id,date,patient_id,doctor_id) VALUES (2088,'2019-12-25',458,294);
INSERT INTO meds_for_surgery (surgery_id,med) VALUES (2088,'Clarithromycin');
INSERT INTO surgery (id,date,patient_id,doctor_id) VALUES (2089,'2019-12-05',475,103);
INSERT INTO meds_for_surgery (surgery_id,med) VALUES (2089,'Dactinomycin');
INSERT INTO surgery (id,date,patient_id,doctor_id) VALUES (2090,'2019-11-30',462,370);
INSERT INTO meds_for_surgery (surgery_id,med) VALUES (2090,'Alemtuzumab');
INSERT INTO surgery (id,date,patient_id,doctor_id) VALUES (2091,'2019-12-27',371,171);
INSERT INTO meds_for_surgery (surgery_id,med) VALUES (2091,'Amoxicillin');
INSERT INTO surgery (id,date,patient_id,doctor_id) VALUES (2092,'2019-12-05',142,401);
INSERT INTO meds_for_surgery (surgery_id,med) VALUES (2092,'Lamivudine');
INSERT INTO surgery (id,date,patient_id,doctor_id) VALUES (2093,'2019-12-11',389,85);
INSERT INTO meds_for_surgery (surgery_id,med) VALUES (2093,'Pegfilgrastim');
INSERT INTO surgery (id,date,patient_id,doctor_id) VALUES (2094,'2019-11-24',93,57);
INSERT INTO meds_for_surgery (surgery_id,med) VALUES (2094,'Erythromycin');
INSERT INTO surgery (id,date,patient_id,doctor_id) VALUES (2095,'2019-12-13',491,438);
INSERT INTO meds_for_surgery (surgery_id,med) VALUES (2095,'Amoxicillin');
INSERT INTO surgery (id,date,patient_id,doctor_id) VALUES (2096,'2019-12-09',432,252);
INSERT INTO meds_for_surgery (surgery_id,med) VALUES (2096,'Methotrexate');
INSERT INTO surgery (id,date,patient_id,doctor_id) VALUES (2097,'2019-12-24',498,171);
INSERT INTO meds_for_surgery (surgery_id,med) VALUES (2097,'Prednisone');
INSERT INTO surgery (id,date,patient_id,doctor_id) VALUES (2098,'2019-11-25',60,74);
INSERT INTO meds_for_surgery (surgery_id,med) VALUES (2098,'Tobramycin');
INSERT INTO surgery (id,date,patient_id,doctor_id) VALUES (2099,'2019-12-11',339,442);
INSERT INTO meds_for_surgery (surgery_id,med) VALUES (2099,'Vorinostat');
INSERT INTO surgery (id,date,patient_id,doctor_id) VALUES (2100,'2019-12-21',269,78);
INSERT INTO meds_for_surgery (surgery_id,med) VALUES (2100,'Gemtuzumab');
INSERT INTO surgery (id,date,patient_id,doctor_id) VALUES (2101,'2019-12-08',330,268);
INSERT INTO meds_for_surgery (surgery_id,med) VALUES (2101,'Morphine');
INSERT INTO surgery (id,date,patient_id,doctor_id) VALUES (2102,'2019-11-30',7,4);
INSERT INTO meds_for_surgery (surgery_id,med) VALUES (2102,'Muromonab');
INSERT INTO surgery (id,date,patient_id,doctor_id) VALUES (2103,'2019-11-30',404,80);
INSERT INTO meds_for_surgery (surgery_id,med) VALUES (2103,'Trimethoprim');
INSERT INTO surgery (id,date,patient_id,doctor_id) VALUES (2104,'2019-12-23',227,391);
INSERT INTO meds_for_surgery (surgery_id,med) VALUES (2104,'Vorinostat');
INSERT INTO surgery (id,date,patient_id,doctor_id) VALUES (2105,'2019-12-18',100,401);
INSERT INTO meds_for_surgery (surgery_id,med) VALUES (2105,'Enalapril');
INSERT INTO surgery (id,date,patient_id,doctor_id) VALUES (2106,'2019-12-11',119,40);
INSERT INTO meds_for_surgery (surgery_id,med) VALUES (2106,'Granisetron');
INSERT INTO surgery (id,date,patient_id,doctor_id) VALUES (2107,'2019-12-20',93,229);
INSERT INTO meds_for_surgery (surgery_id,med) VALUES (2107,'Isotretinoin');
INSERT INTO surgery (id,date,patient_id,doctor_id) VALUES (2108,'2019-12-09',360,268);
INSERT INTO meds_for_surgery (surgery_id,med) VALUES (2108,'Hydroxyurea');
INSERT INTO surgery (id,date,patient_id,doctor_id) VALUES (2109,'2019-12-04',130,173);
INSERT INTO meds_for_surgery (surgery_id,med) VALUES (2109,'Amikacin');
INSERT INTO surgery (id,date,patient_id,doctor_id) VALUES (2110,'2019-12-27',174,474);
INSERT INTO meds_for_surgery (surgery_id,med) VALUES (2110,'Prednisone');
INSERT INTO surgery (id,date,patient_id,doctor_id) VALUES (2111,'2019-12-24',7,115);
INSERT INTO meds_for_surgery (surgery_id,med) VALUES (2111,'Warfarin');
INSERT INTO surgery (id,date,patient_id,doctor_id) VALUES (2112,'2019-11-27',39,366);
INSERT INTO meds_for_surgery (surgery_id,med) VALUES (2112,'Abacavir');
INSERT INTO surgery (id,date,patient_id,doctor_id) VALUES (2113,'2019-12-01',172,310);
INSERT INTO meds_for_surgery (surgery_id,med) VALUES (2113,'Bortezomib');
INSERT INTO surgery (id,date,patient_id,doctor_id) VALUES (2114,'2019-12-12',499,144);
INSERT INTO meds_for_surgery (surgery_id,med) VALUES (2114,'Norepinephrine');
INSERT INTO surgery (id,date,patient_id,doctor_id) VALUES (2115,'2019-11-25',290,348);
INSERT INTO meds_for_surgery (surgery_id,med) VALUES (2115,'Bleomycin');
INSERT INTO surgery (id,date,patient_id,doctor_id) VALUES (2116,'2019-12-14',241,366);
INSERT INTO meds_for_surgery (surgery_id,med) VALUES (2116,'Erlotinib');
INSERT INTO surgery (id,date,patient_id,doctor_id) VALUES (2117,'2019-12-21',119,436);
INSERT INTO meds_for_surgery (surgery_id,med) VALUES (2117,'Daunorubicin');
INSERT INTO surgery (id,date,patient_id,doctor_id) VALUES (2118,'2019-12-18',296,47);
INSERT INTO meds_for_surgery (surgery_id,med) VALUES (2118,'Erlotinib');
INSERT INTO surgery (id,date,patient_id,doctor_id) VALUES (2119,'2019-12-01',260,215);
INSERT INTO meds_for_surgery (surgery_id,med) VALUES (2119,'Carbamazepine');
INSERT INTO surgery (id,date,patient_id,doctor_id) VALUES (2120,'2019-12-11',330,144);
INSERT INTO meds_for_surgery (surgery_id,med) VALUES (2120,'Deferasirox');
INSERT INTO surgery (id,date,patient_id,doctor_id) VALUES (2121,'2019-12-12',174,252);
INSERT INTO meds_for_surgery (surgery_id,med) VALUES (2121,'Sorafenib');
INSERT INTO surgery (id,date,patient_id,doctor_id) VALUES (2122,'2019-12-24',478,469);
INSERT INTO meds_for_surgery (surgery_id,med) VALUES (2122,'Aprepitant');
INSERT INTO surgery (id,date,patient_id,doctor_id) VALUES (2123,'2019-12-20',94,474);
INSERT INTO meds_for_surgery (surgery_id,med) VALUES (2123,'Gefitinib');
INSERT INTO surgery (id,date,patient_id,doctor_id) VALUES (2124,'2019-12-09',346,323);
INSERT INTO meds_for_surgery (surgery_id,med) VALUES (2124,'Voriconazole');
INSERT INTO surgery (id,date,patient_id,doctor_id) VALUES (2125,'2019-12-19',488,18);
INSERT INTO meds_for_surgery (surgery_id,med) VALUES (2125,'Eltrombopag');
INSERT INTO surgery (id,date,patient_id,doctor_id) VALUES (2126,'2019-12-11',413,439);
INSERT INTO meds_for_surgery (surgery_id,med) VALUES (2126,'Atazanavir');
INSERT INTO surgery (id,date,patient_id,doctor_id) VALUES (2127,'2019-11-27',238,323);
INSERT INTO meds_for_surgery (surgery_id,med) VALUES (2127,'Penicillin');
INSERT INTO surgery (id,date,patient_id,doctor_id) VALUES (2128,'2019-12-20',327,85);
INSERT INTO meds_for_surgery (surgery_id,med) VALUES (2128,'Etravirine');
INSERT INTO surgery (id,date,patient_id,doctor_id) VALUES (2129,'2019-12-09',260,469);
INSERT INTO meds_for_surgery (surgery_id,med) VALUES (2129,'Sorafenib');
INSERT INTO surgery (id,date,patient_id,doctor_id) VALUES (2130,'2019-12-02',21,54);
INSERT INTO meds_for_surgery (surgery_id,med) VALUES (2130,'Heparin');
INSERT INTO surgery (id,date,patient_id,doctor_id) VALUES (2131,'2019-12-10',485,250);
INSERT INTO meds_for_surgery (surgery_id,med) VALUES (2131,'Carmustine');
INSERT INTO surgery (id,date,patient_id,doctor_id) VALUES (2132,'2019-12-01',354,388);
INSERT INTO meds_for_surgery (surgery_id,med) VALUES (2132,'Mitoxantrone');
INSERT INTO surgery (id,date,patient_id,doctor_id) VALUES (2133,'2019-12-05',360,358);
INSERT INTO meds_for_surgery (surgery_id,med) VALUES (2133,'Etonogestrel');
INSERT INTO surgery (id,date,patient_id,doctor_id) VALUES (2134,'2019-12-17',119,379);
INSERT INTO meds_for_surgery (surgery_id,med) VALUES (2134,'Etonogestrel');
INSERT INTO surgery (id,date,patient_id,doctor_id) VALUES (2135,'2019-12-02',283,474);
INSERT INTO meds_for_surgery (surgery_id,med) VALUES (2135,'Modafinil');
INSERT INTO surgery (id,date,patient_id,doctor_id) VALUES (2136,'2019-12-22',174,479);
INSERT INTO meds_for_surgery (surgery_id,med) VALUES (2136,'Methotrexate');
INSERT INTO surgery (id,date,patient_id,doctor_id) VALUES (2137,'2019-12-18',161,78);
INSERT INTO meds_for_surgery (surgery_id,med) VALUES (2137,'Clobazam');
INSERT INTO surgery (id,date,patient_id,doctor_id) VALUES (2138,'2019-11-26',182,312);
INSERT INTO meds_for_surgery (surgery_id,med) VALUES (2138,'Cyclophosphamide');
INSERT INTO surgery (id,date,patient_id,doctor_id) VALUES (2139,'2019-12-03',208,78);
INSERT INTO meds_for_surgery (surgery_id,med) VALUES (2139,'Imipenem');
INSERT INTO surgery (id,date,patient_id,doctor_id) VALUES (2140,'2019-12-20',330,40);
INSERT INTO meds_for_surgery (surgery_id,med) VALUES (2140,'Atovaquone');
INSERT INTO surgery (id,date,patient_id,doctor_id) VALUES (2141,'2019-12-09',397,438);
INSERT INTO meds_for_surgery (surgery_id,med) VALUES (2141,'Hydroxyurea');
INSERT INTO surgery (id,date,patient_id,doctor_id) VALUES (2142,'2019-11-25',61,152);
INSERT INTO meds_for_surgery (surgery_id,med) VALUES (2142,'Dexamethasone');
INSERT INTO surgery (id,date,patient_id,doctor_id) VALUES (2143,'2019-12-14',278,173);
INSERT INTO meds_for_surgery (surgery_id,med) VALUES (2143,'Nelarabine');
INSERT INTO surgery (id,date,patient_id,doctor_id) VALUES (2144,'2019-12-25',374,66);
INSERT INTO meds_for_surgery (surgery_id,med) VALUES (2144,'Topotecan');
INSERT INTO surgery (id,date,patient_id,doctor_id) VALUES (2145,'2019-11-29',399,469);
INSERT INTO meds_for_surgery (surgery_id,med) VALUES (2145,'Melphalan');
INSERT INTO surgery (id,date,patient_id,doctor_id) VALUES (2146,'2019-12-22',304,348);
INSERT INTO meds_for_surgery (surgery_id,med) VALUES (2146,'Raltegravir');
INSERT INTO surgery (id,date,patient_id,doctor_id) VALUES (2147,'2019-12-25',371,492);
INSERT INTO meds_for_surgery (surgery_id,med) VALUES (2147,'Dexamethasone');
INSERT INTO surgery (id,date,patient_id,doctor_id) VALUES (2148,'2019-12-03',414,178);
INSERT INTO meds_for_surgery (surgery_id,med) VALUES (2148,'Linezolid');
INSERT INTO surgery (id,date,patient_id,doctor_id) VALUES (2149,'2019-12-23',299,310);
INSERT INTO meds_for_surgery (surgery_id,med) VALUES (2149,'Immune');
INSERT INTO surgery (id,date,patient_id,doctor_id) VALUES (2150,'2019-12-05',87,333);
INSERT INTO meds_for_surgery (surgery_id,med) VALUES (2150,'Tacrolimus');
INSERT INTO surgery (id,date,patient_id,doctor_id) VALUES (2151,'2019-12-23',157,439);
INSERT INTO meds_for_surgery (surgery_id,med) VALUES (2151,'Posaconazole');
INSERT INTO surgery (id,date,patient_id,doctor_id) VALUES (2152,'2019-12-11',384,474);
INSERT INTO meds_for_surgery (surgery_id,med) VALUES (2152,'Dexamethasone');
INSERT INTO surgery (id,date,patient_id,doctor_id) VALUES (2153,'2019-12-26',475,392);
INSERT INTO meds_for_surgery (surgery_id,med) VALUES (2153,'G-CSF');
INSERT INTO surgery (id,date,patient_id,doctor_id) VALUES (2154,'2019-12-02',339,332);
INSERT INTO meds_for_surgery (surgery_id,med) VALUES (2154,'Hydrocodone');
INSERT INTO surgery (id,date,patient_id,doctor_id) VALUES (2155,'2019-11-24',374,262);
INSERT INTO meds_for_surgery (surgery_id,med) VALUES (2155,'Mitotane');
INSERT INTO surgery (id,date,patient_id,doctor_id) VALUES (2156,'2019-12-15',150,325);
INSERT INTO meds_for_surgery (surgery_id,med) VALUES (2156,'Cefuroxime');
INSERT INTO surgery (id,date,patient_id,doctor_id) VALUES (2157,'2019-12-07',156,66);
INSERT INTO meds_for_surgery (surgery_id,med) VALUES (2157,'Neuromuscular');
INSERT INTO surgery (id,date,patient_id,doctor_id) VALUES (2158,'2019-11-29',397,355);
INSERT INTO meds_for_surgery (surgery_id,med) VALUES (2158,'Cefixime');
INSERT INTO surgery (id,date,patient_id,doctor_id) VALUES (2159,'2019-12-04',496,41);
INSERT INTO meds_for_surgery (surgery_id,med) VALUES (2159,'G-CSF');
INSERT INTO surgery (id,date,patient_id,doctor_id) VALUES (2160,'2019-12-07',142,120);
INSERT INTO meds_for_surgery (surgery_id,med) VALUES (2160,'Clarithromycin');
INSERT INTO surgery (id,date,patient_id,doctor_id) VALUES (2161,'2019-11-29',360,74);
INSERT INTO meds_for_surgery (surgery_id,med) VALUES (2161,'Dexamethasone');
INSERT INTO surgery (id,date,patient_id,doctor_id) VALUES (2162,'2019-12-22',8,310);
INSERT INTO meds_for_surgery (surgery_id,med) VALUES (2162,'Alemtuzumab');
INSERT INTO surgery (id,date,patient_id,doctor_id) VALUES (2163,'2019-12-01',58,391);
INSERT INTO meds_for_surgery (surgery_id,med) VALUES (2163,'Megestrol acetate');
INSERT INTO surgery (id,date,patient_id,doctor_id) VALUES (2164,'2019-12-25',61,97);
INSERT INTO meds_for_surgery (surgery_id,med) VALUES (2164,'Etravirine');
INSERT INTO surgery (id,date,patient_id,doctor_id) VALUES (2165,'2019-12-15',399,388);
INSERT INTO meds_for_surgery (surgery_id,med) VALUES (2165,'Mitoxantrone');
INSERT INTO surgery (id,date,patient_id,doctor_id) VALUES (2166,'2019-12-07',217,57);
INSERT INTO meds_for_surgery (surgery_id,med) VALUES (2166,'Sugammadex');
INSERT INTO surgery (id,date,patient_id,doctor_id) VALUES (2167,'2019-12-11',415,263);
INSERT INTO meds_for_surgery (surgery_id,med) VALUES (2167,'Mitoxantrone');
INSERT INTO surgery (id,date,patient_id,doctor_id) VALUES (2168,'2019-12-10',360,197);
INSERT INTO meds_for_surgery (surgery_id,med) VALUES (2168,'Promethazine');
INSERT INTO surgery (id,date,patient_id,doctor_id) VALUES (2169,'2019-12-10',177,80);
INSERT INTO meds_for_surgery (surgery_id,med) VALUES (2169,'Dasatinib');
INSERT INTO surgery (id,date,patient_id,doctor_id) VALUES (2170,'2019-12-11',227,310);
INSERT INTO meds_for_surgery (surgery_id,med) VALUES (2170,'Busulfan');
INSERT INTO surgery (id,date,patient_id,doctor_id) VALUES (2171,'2019-12-12',483,210);
INSERT INTO meds_for_surgery (surgery_id,med) VALUES (2171,'Temozolomide');
INSERT INTO surgery (id,date,patient_id,doctor_id) VALUES (2172,'2019-12-10',374,309);
INSERT INTO meds_for_surgery (surgery_id,med) VALUES (2172,'Sorafenib');
INSERT INTO surgery (id,date,patient_id,doctor_id) VALUES (2173,'2019-12-22',389,332);
INSERT INTO meds_for_surgery (surgery_id,med) VALUES (2173,'Mitoxantrone');
INSERT INTO surgery (id,date,patient_id,doctor_id) VALUES (2174,'2019-12-13',21,17);
INSERT INTO meds_for_surgery (surgery_id,med) VALUES (2174,'Tobramycin');
INSERT INTO surgery (id,date,patient_id,doctor_id) VALUES (2175,'2019-12-21',208,219);
INSERT INTO meds_for_surgery (surgery_id,med) VALUES (2175,'Zidovudine');
INSERT INTO surgery (id,date,patient_id,doctor_id) VALUES (2176,'2019-12-16',496,263);
INSERT INTO meds_for_surgery (surgery_id,med) VALUES (2176,'Mesna');
INSERT INTO surgery (id,date,patient_id,doctor_id) VALUES (2177,'2019-11-30',374,392);
INSERT INTO meds_for_surgery (surgery_id,med) VALUES (2177,'Leucovorin');
INSERT INTO surgery (id,date,patient_id,doctor_id) VALUES (2178,'2019-12-24',413,78);
INSERT INTO meds_for_surgery (surgery_id,med) VALUES (2178,'Morphine');
INSERT INTO surgery (id,date,patient_id,doctor_id) VALUES (2179,'2019-12-22',246,250);
INSERT INTO meds_for_surgery (surgery_id,med) VALUES (2179,'Calcium');
INSERT INTO surgery (id,date,patient_id,doctor_id) VALUES (2180,'2019-12-21',354,355);
INSERT INTO meds_for_surgery (surgery_id,med) VALUES (2180,'Immune');
INSERT INTO surgery (id,date,patient_id,doctor_id) VALUES (2181,'2019-11-25',399,210);
INSERT INTO meds_for_surgery (surgery_id,med) VALUES (2181,'Hydromorphone');
INSERT INTO surgery (id,date,patient_id,doctor_id) VALUES (2182,'2019-11-25',384,120);
INSERT INTO meds_for_surgery (surgery_id,med) VALUES (2182,'Asparaginase');
INSERT INTO surgery (id,date,patient_id,doctor_id) VALUES (2183,'2019-11-26',92,80);
INSERT INTO meds_for_surgery (surgery_id,med) VALUES (2183,'Cephalexin');
INSERT INTO surgery (id,date,patient_id,doctor_id) VALUES (2184,'2019-12-22',299,294);
INSERT INTO meds_for_surgery (surgery_id,med) VALUES (2184,'Maraviroc');
INSERT INTO surgery (id,date,patient_id,doctor_id) VALUES (2185,'2019-12-09',92,273);
INSERT INTO meds_for_surgery (surgery_id,med) VALUES (2185,'Cisplatin');
INSERT INTO surgery (id,date,patient_id,doctor_id) VALUES (2186,'2019-12-23',223,210);
INSERT INTO meds_for_surgery (surgery_id,med) VALUES (2186,'Ifosfamide');
INSERT INTO surgery (id,date,patient_id,doctor_id) VALUES (2187,'2019-12-12',475,325);
INSERT INTO meds_for_surgery (surgery_id,med) VALUES (2187,'Gefitinib');
INSERT INTO surgery (id,date,patient_id,doctor_id) VALUES (2188,'2019-12-02',25,152);
INSERT INTO meds_for_surgery (surgery_id,med) VALUES (2188,'Raltegravir');
INSERT INTO surgery (id,date,patient_id,doctor_id) VALUES (2189,'2019-12-11',339,85);
INSERT INTO meds_for_surgery (surgery_id,med) VALUES (2189,'Raltegravir');
INSERT INTO surgery (id,date,patient_id,doctor_id) VALUES (2190,'2019-11-24',444,171);
INSERT INTO meds_for_surgery (surgery_id,med) VALUES (2190,'Etravirine');
INSERT INTO surgery (id,date,patient_id,doctor_id) VALUES (2191,'2019-12-21',172,11);
INSERT INTO meds_for_surgery (surgery_id,med) VALUES (2191,'Famciclovir');
INSERT INTO surgery (id,date,patient_id,doctor_id) VALUES (2192,'2019-12-04',172,66);
INSERT INTO meds_for_surgery (surgery_id,med) VALUES (2192,'Lamivudine');
INSERT INTO surgery (id,date,patient_id,doctor_id) VALUES (2193,'2019-11-29',175,314);
INSERT INTO meds_for_surgery (surgery_id,med) VALUES (2193,'Mitotane');
INSERT INTO surgery (id,date,patient_id,doctor_id) VALUES (2194,'2019-12-06',387,136);
INSERT INTO meds_for_surgery (surgery_id,med) VALUES (2194,'Cephalexin');
INSERT INTO surgery (id,date,patient_id,doctor_id) VALUES (2195,'2019-12-14',119,66);
INSERT INTO meds_for_surgery (surgery_id,med) VALUES (2195,'Amikacin');
INSERT INTO surgery (id,date,patient_id,doctor_id) VALUES (2196,'2019-12-02',227,103);
INSERT INTO meds_for_surgery (surgery_id,med) VALUES (2196,'Amoxicillin');
INSERT INTO surgery (id,date,patient_id,doctor_id) VALUES (2197,'2019-11-26',150,126);
INSERT INTO meds_for_surgery (surgery_id,med) VALUES (2197,'Magnesium');
INSERT INTO surgery (id,date,patient_id,doctor_id) VALUES (2198,'2019-12-09',264,366);
INSERT INTO meds_for_surgery (surgery_id,med) VALUES (2198,'Alendronate');
INSERT INTO surgery (id,date,patient_id,doctor_id) VALUES (2199,'2019-12-03',471,285);
INSERT INTO meds_for_surgery (surgery_id,med) VALUES (2199,'Etoposide');
INSERT INTO surgery (id,date,patient_id,doctor_id) VALUES (2200,'2019-12-24',499,263);
INSERT INTO meds_for_surgery (surgery_id,med) VALUES (2200,'Doxorubicin');
INSERT INTO surgery (id,date,patient_id,doctor_id) VALUES (2201,'2019-12-26',8,358);
INSERT INTO meds_for_surgery (surgery_id,med) VALUES (2201,'Potassium');
INSERT INTO surgery (id,date,patient_id,doctor_id) VALUES (2202,'2019-11-24',269,263);
INSERT INTO meds_for_surgery (surgery_id,med) VALUES (2202,'Methotrexate');
INSERT INTO surgery (id,date,patient_id,doctor_id) VALUES (2203,'2019-11-28',88,370);
INSERT INTO meds_for_surgery (surgery_id,med) VALUES (2203,'Pemetrexed');
INSERT INTO surgery (id,date,patient_id,doctor_id) VALUES (2204,'2019-12-09',471,232);
INSERT INTO meds_for_surgery (surgery_id,med) VALUES (2204,'Cephalexin');
INSERT INTO surgery (id,date,patient_id,doctor_id) VALUES (2205,'2019-12-13',227,370);
INSERT INTO meds_for_surgery (surgery_id,med) VALUES (2205,'Thioguanine');
INSERT INTO surgery (id,date,patient_id,doctor_id) VALUES (2206,'2019-11-27',175,436);
INSERT INTO meds_for_surgery (surgery_id,med) VALUES (2206,'Pegfilgrastim');
INSERT INTO surgery (id,date,patient_id,doctor_id) VALUES (2207,'2019-12-06',397,348);
INSERT INTO meds_for_surgery (surgery_id,med) VALUES (2207,'Neuromuscular');
INSERT INTO surgery (id,date,patient_id,doctor_id) VALUES (2208,'2019-11-29',283,103);
INSERT INTO meds_for_surgery (surgery_id,med) VALUES (2208,'Diclofenac');
INSERT INTO surgery (id,date,patient_id,doctor_id) VALUES (2209,'2019-12-24',119,40);
INSERT INTO meds_for_surgery (surgery_id,med) VALUES (2209,'Crizotinib');
INSERT INTO surgery (id,date,patient_id,doctor_id) VALUES (2210,'2019-12-09',88,492);
INSERT INTO meds_for_surgery (surgery_id,med) VALUES (2210,'Lamivudine');
INSERT INTO surgery (id,date,patient_id,doctor_id) VALUES (2211,'2019-11-24',404,171);
INSERT INTO meds_for_surgery (surgery_id,med) VALUES (2211,'Asparaginase');
INSERT INTO surgery (id,date,patient_id,doctor_id) VALUES (2212,'2019-12-19',354,232);
INSERT INTO meds_for_surgery (surgery_id,med) VALUES (2212,'Thiotepa');
INSERT INTO surgery (id,date,patient_id,doctor_id) VALUES (2213,'2019-12-15',296,57);
INSERT INTO meds_for_surgery (surgery_id,med) VALUES (2213,'Morphine');
INSERT INTO surgery (id,date,patient_id,doctor_id) VALUES (2214,'2019-12-26',360,219);
INSERT INTO meds_for_surgery (surgery_id,med) VALUES (2214,'Carbamazepine');
INSERT INTO surgery (id,date,patient_id,doctor_id) VALUES (2215,'2019-12-25',100,229);
INSERT INTO meds_for_surgery (surgery_id,med) VALUES (2215,'Dinutuximab');
INSERT INTO surgery (id,date,patient_id,doctor_id) VALUES (2216,'2019-12-03',404,138);
INSERT INTO meds_for_surgery (surgery_id,med) VALUES (2216,'Tacrolimus');
INSERT INTO surgery (id,date,patient_id,doctor_id) VALUES (2217,'2019-11-26',157,285);
INSERT INTO meds_for_surgery (surgery_id,med) VALUES (2217,'Carmustine');
INSERT INTO surgery (id,date,patient_id,doctor_id) VALUES (2218,'2019-12-18',346,120);
INSERT INTO meds_for_surgery (surgery_id,med) VALUES (2218,'Azithromycin');
INSERT INTO surgery (id,date,patient_id,doctor_id) VALUES (2219,'2019-12-05',248,263);
INSERT INTO meds_for_surgery (surgery_id,med) VALUES (2219,'Carboplatin');
INSERT INTO surgery (id,date,patient_id,doctor_id) VALUES (2220,'2019-12-24',413,173);
INSERT INTO meds_for_surgery (surgery_id,med) VALUES (2220,'Interleukin');
INSERT INTO surgery (id,date,patient_id,doctor_id) VALUES (2221,'2019-11-29',240,263);
INSERT INTO meds_for_surgery (surgery_id,med) VALUES (2221,'Cyproheptadine');
INSERT INTO surgery (id,date,patient_id,doctor_id) VALUES (2222,'2019-12-25',87,332);
INSERT INTO meds_for_surgery (surgery_id,med) VALUES (2222,'Tenofovir');
INSERT INTO surgery (id,date,patient_id,doctor_id) VALUES (2223,'2019-11-29',227,232);
INSERT INTO meds_for_surgery (surgery_id,med) VALUES (2223,'Amitriptyline');
INSERT INTO surgery (id,date,patient_id,doctor_id) VALUES (2224,'2019-12-09',432,85);
INSERT INTO meds_for_surgery (surgery_id,med) VALUES (2224,'Pegfilgrastim');
INSERT INTO surgery (id,date,patient_id,doctor_id) VALUES (2225,'2019-12-18',39,467);
INSERT INTO meds_for_surgery (surgery_id,med) VALUES (2225,'Hydroxyurea');
INSERT INTO surgery (id,date,patient_id,doctor_id) VALUES (2226,'2019-12-20',117,149);
INSERT INTO meds_for_surgery (surgery_id,med) VALUES (2226,'Lorazepam');
INSERT INTO surgery (id,date,patient_id,doctor_id) VALUES (2227,'2019-11-29',330,294);
INSERT INTO meds_for_surgery (surgery_id,med) VALUES (2227,'Allopurinol');
INSERT INTO surgery (id,date,patient_id,doctor_id) VALUES (2228,'2019-12-06',475,97);
INSERT INTO meds_for_surgery (surgery_id,med) VALUES (2228,'Elvitegravir');
INSERT INTO surgery (id,date,patient_id,doctor_id) VALUES (2229,'2019-12-21',444,479);
INSERT INTO meds_for_surgery (surgery_id,med) VALUES (2229,'Ifosfamide');
INSERT INTO surgery (id,date,patient_id,doctor_id) VALUES (2230,'2019-11-23',175,47);
INSERT INTO meds_for_surgery (surgery_id,med) VALUES (2230,'Lomustine');
INSERT INTO surgery (id,date,patient_id,doctor_id) VALUES (2231,'2019-12-17',172,474);
INSERT INTO meds_for_surgery (surgery_id,med) VALUES (2231,'Interleukin');
INSERT INTO surgery (id,date,patient_id,doctor_id) VALUES (2232,'2019-12-16',432,18);
INSERT INTO meds_for_surgery (surgery_id,med) VALUES (2232,'Amikacin');
INSERT INTO surgery (id,date,patient_id,doctor_id) VALUES (2233,'2019-12-03',360,358);
INSERT INTO meds_for_surgery (surgery_id,med) VALUES (2233,'Dopamine');
INSERT INTO surgery (id,date,patient_id,doctor_id) VALUES (2234,'2019-12-20',483,436);
INSERT INTO meds_for_surgery (surgery_id,med) VALUES (2234,'Mitoxantrone');
INSERT INTO surgery (id,date,patient_id,doctor_id) VALUES (2235,'2019-12-17',488,80);
INSERT INTO meds_for_surgery (surgery_id,med) VALUES (2235,'Dopamine');
INSERT INTO surgery (id,date,patient_id,doctor_id) VALUES (2236,'2019-12-25',296,358);
INSERT INTO meds_for_surgery (surgery_id,med) VALUES (2236,'Hydromorphone');
INSERT INTO surgery (id,date,patient_id,doctor_id) VALUES (2237,'2019-12-15',246,467);
INSERT INTO meds_for_surgery (surgery_id,med) VALUES (2237,'Hydrocodone');
INSERT INTO surgery (id,date,patient_id,doctor_id) VALUES (2238,'2019-11-27',60,469);
INSERT INTO meds_for_surgery (surgery_id,med) VALUES (2238,'Fluorouracil');
INSERT INTO surgery (id,date,patient_id,doctor_id) VALUES (2239,'2019-11-25',264,314);
INSERT INTO meds_for_surgery (surgery_id,med) VALUES (2239,'Desmopressin');
INSERT INTO surgery (id,date,patient_id,doctor_id) VALUES (2240,'2019-12-01',478,11);
INSERT INTO meds_for_surgery (surgery_id,med) VALUES (2240,'Voriconazole');
INSERT INTO surgery (id,date,patient_id,doctor_id) VALUES (2241,'2019-11-25',384,62);
INSERT INTO meds_for_surgery (surgery_id,med) VALUES (2241,'Mycophenolate');
INSERT INTO surgery (id,date,patient_id,doctor_id) VALUES (2242,'2019-11-27',483,268);
INSERT INTO meds_for_surgery (surgery_id,med) VALUES (2242,'Metronidazole');
INSERT INTO surgery (id,date,patient_id,doctor_id) VALUES (2243,'2019-12-10',339,262);
INSERT INTO meds_for_surgery (surgery_id,med) VALUES (2243,'Hydroxyurea');
INSERT INTO surgery (id,date,patient_id,doctor_id) VALUES (2244,'2019-12-01',283,325);
INSERT INTO meds_for_surgery (surgery_id,med) VALUES (2244,'Interleukin');
INSERT INTO surgery (id,date,patient_id,doctor_id) VALUES (2245,'2019-11-28',389,149);
INSERT INTO meds_for_surgery (surgery_id,med) VALUES (2245,'Penicillin');
INSERT INTO surgery (id,date,patient_id,doctor_id) VALUES (2246,'2019-12-10',240,171);
INSERT INTO meds_for_surgery (surgery_id,med) VALUES (2246,'Hydromorphone');
INSERT INTO surgery (id,date,patient_id,doctor_id) VALUES (2247,'2019-12-16',8,74);
INSERT INTO meds_for_surgery (surgery_id,med) VALUES (2247,'Labetalol');
INSERT INTO surgery (id,date,patient_id,doctor_id) VALUES (2248,'2019-12-21',109,285);
INSERT INTO meds_for_surgery (surgery_id,med) VALUES (2248,'Itraconazole');
INSERT INTO surgery (id,date,patient_id,doctor_id) VALUES (2249,'2019-11-29',330,474);
INSERT INTO meds_for_surgery (surgery_id,med) VALUES (2249,'Methadone');
INSERT INTO surgery (id,date,patient_id,doctor_id) VALUES (2250,'2019-12-14',240,273);
INSERT INTO meds_for_surgery (surgery_id,med) VALUES (2250,'Dexamethasone');
INSERT INTO surgery (id,date,patient_id,doctor_id) VALUES (2251,'2019-12-12',283,149);
INSERT INTO meds_for_surgery (surgery_id,med) VALUES (2251,'Ceftazidime');
INSERT INTO surgery (id,date,patient_id,doctor_id) VALUES (2252,'2019-11-26',238,229);
INSERT INTO meds_for_surgery (surgery_id,med) VALUES (2252,'Imatinib');
INSERT INTO surgery (id,date,patient_id,doctor_id) VALUES (2253,'2019-11-30',387,210);
INSERT INTO meds_for_surgery (surgery_id,med) VALUES (2253,'Promethazine');
INSERT INTO surgery (id,date,patient_id,doctor_id) VALUES (2254,'2019-12-21',76,333);
INSERT INTO meds_for_surgery (surgery_id,med) VALUES (2254,'Etoposide');
INSERT INTO surgery (id,date,patient_id,doctor_id) VALUES (2255,'2019-12-19',384,11);
INSERT INTO meds_for_surgery (surgery_id,med) VALUES (2255,'Vancomycin');
INSERT INTO surgery (id,date,patient_id,doctor_id) VALUES (2256,'2019-11-30',248,136);
INSERT INTO meds_for_surgery (surgery_id,med) VALUES (2256,'Ranitidine');
INSERT INTO surgery (id,date,patient_id,doctor_id) VALUES (2257,'2019-12-23',109,391);
INSERT INTO meds_for_surgery (surgery_id,med) VALUES (2257,'Cidofovir');
INSERT INTO surgery (id,date,patient_id,doctor_id) VALUES (2258,'2019-12-22',415,18);
INSERT INTO meds_for_surgery (surgery_id,med) VALUES (2258,'G-CSF');
INSERT INTO surgery (id,date,patient_id,doctor_id) VALUES (2259,'2019-11-27',241,312);
INSERT INTO meds_for_surgery (surgery_id,med) VALUES (2259,'Cladribine');
INSERT INTO surgery (id,date,patient_id,doctor_id) VALUES (2260,'2019-11-24',61,138);
INSERT INTO meds_for_surgery (surgery_id,med) VALUES (2260,'Lomustine');
INSERT INTO surgery (id,date,patient_id,doctor_id) VALUES (2261,'2019-11-29',343,472);
INSERT INTO meds_for_surgery (surgery_id,med) VALUES (2261,'Azithromycin');
INSERT INTO surgery (id,date,patient_id,doctor_id) VALUES (2262,'2019-11-26',451,469);
INSERT INTO meds_for_surgery (surgery_id,med) VALUES (2262,'Daunorubicin');
INSERT INTO surgery (id,date,patient_id,doctor_id) VALUES (2263,'2019-12-24',360,229);
INSERT INTO meds_for_surgery (surgery_id,med) VALUES (2263,'Emicizumab');
INSERT INTO surgery (id,date,patient_id,doctor_id) VALUES (2264,'2019-11-24',290,355);
INSERT INTO meds_for_surgery (surgery_id,med) VALUES (2264,'GM-CSF');
INSERT INTO surgery (id,date,patient_id,doctor_id) VALUES (2265,'2019-11-23',238,379);
INSERT INTO meds_for_surgery (surgery_id,med) VALUES (2265,'Mitoxantrone');
INSERT INTO surgery (id,date,patient_id,doctor_id) VALUES (2266,'2019-12-24',164,126);
INSERT INTO meds_for_surgery (surgery_id,med) VALUES (2266,'Darunavir');
INSERT INTO surgery (id,date,patient_id,doctor_id) VALUES (2267,'2019-12-24',117,474);
INSERT INTO meds_for_surgery (surgery_id,med) VALUES (2267,'Gabapentin');
INSERT INTO surgery (id,date,patient_id,doctor_id) VALUES (2268,'2019-12-22',432,273);
INSERT INTO meds_for_surgery (surgery_id,med) VALUES (2268,'Rilpivirine');
INSERT INTO surgery (id,date,patient_id,doctor_id) VALUES (2269,'2019-11-28',432,268);
INSERT INTO meds_for_surgery (surgery_id,med) VALUES (2269,'Didanosine');
INSERT INTO surgery (id,date,patient_id,doctor_id) VALUES (2270,'2019-12-17',283,136);
INSERT INTO meds_for_surgery (surgery_id,med) VALUES (2270,'PEGaspargase');
INSERT INTO surgery (id,date,patient_id,doctor_id) VALUES (2271,'2019-12-13',92,467);
INSERT INTO meds_for_surgery (surgery_id,med) VALUES (2271,'Thiotepa');
INSERT INTO surgery (id,date,patient_id,doctor_id) VALUES (2272,'2019-12-10',58,120);
INSERT INTO meds_for_surgery (surgery_id,med) VALUES (2272,'Dacarbazine');
INSERT INTO surgery (id,date,patient_id,doctor_id) VALUES (2273,'2019-12-19',304,474);
INSERT INTO meds_for_surgery (surgery_id,med) VALUES (2273,'Celecoxib');
INSERT INTO surgery (id,date,patient_id,doctor_id) VALUES (2274,'2019-11-24',109,433);
INSERT INTO meds_for_surgery (surgery_id,med) VALUES (2274,'Metronidazole');
INSERT INTO surgery (id,date,patient_id,doctor_id) VALUES (2275,'2019-12-25',255,438);
INSERT INTO meds_for_surgery (surgery_id,med) VALUES (2275,'Erythropoietin');
INSERT INTO surgery (id,date,patient_id,doctor_id) VALUES (2276,'2019-12-27',287,312);
INSERT INTO meds_for_surgery (surgery_id,med) VALUES (2276,'Dobutamine');
INSERT INTO surgery (id,date,patient_id,doctor_id) VALUES (2277,'2019-12-25',485,405);
INSERT INTO meds_for_surgery (surgery_id,med) VALUES (2277,'Cytarabine');
INSERT INTO surgery (id,date,patient_id,doctor_id) VALUES (2278,'2019-12-07',296,215);
INSERT INTO meds_for_surgery (surgery_id,med) VALUES (2278,'Enalapril');
INSERT INTO surgery (id,date,patient_id,doctor_id) VALUES (2279,'2019-12-15',384,438);
INSERT INTO meds_for_surgery (surgery_id,med) VALUES (2279,'Mitotane');
INSERT INTO surgery (id,date,patient_id,doctor_id) VALUES (2280,'2019-12-09',264,355);
INSERT INTO meds_for_surgery (surgery_id,med) VALUES (2280,'Itraconazole');
INSERT INTO surgery (id,date,patient_id,doctor_id) VALUES (2281,'2019-12-04',415,262);
INSERT INTO meds_for_surgery (surgery_id,med) VALUES (2281,'Cisplatin');
INSERT INTO surgery (id,date,patient_id,doctor_id) VALUES (2282,'2019-12-25',491,54);
INSERT INTO meds_for_surgery (surgery_id,med) VALUES (2282,'Clindamycin');
INSERT INTO surgery (id,date,patient_id,doctor_id) VALUES (2283,'2019-12-06',208,9);
INSERT INTO meds_for_surgery (surgery_id,med) VALUES (2283,'Pentamidine');
INSERT INTO surgery (id,date,patient_id,doctor_id) VALUES (2284,'2019-11-28',208,171);
INSERT INTO meds_for_surgery (surgery_id,med) VALUES (2284,'Lorazepam');
INSERT INTO surgery (id,date,patient_id,doctor_id) VALUES (2285,'2019-12-21',343,120);
INSERT INTO meds_for_surgery (surgery_id,med) VALUES (2285,'Mercaptopurine');
INSERT INTO surgery (id,date,patient_id,doctor_id) VALUES (2286,'2019-12-09',488,391);
INSERT INTO meds_for_surgery (surgery_id,med) VALUES (2286,'Interferon');
INSERT INTO surgery (id,date,patient_id,doctor_id) VALUES (2287,'2019-11-23',177,309);
INSERT INTO meds_for_surgery (surgery_id,med) VALUES (2287,'Ruxolitinib');
INSERT INTO surgery (id,date,patient_id,doctor_id) VALUES (2288,'2019-12-09',491,438);
INSERT INTO meds_for_surgery (surgery_id,med) VALUES (2288,'Amitriptyline');
INSERT INTO surgery (id,date,patient_id,doctor_id) VALUES (2289,'2019-11-25',269,18);
INSERT INTO meds_for_surgery (surgery_id,med) VALUES (2289,'Etravirine');
INSERT INTO surgery (id,date,patient_id,doctor_id) VALUES (2290,'2019-11-24',93,144);
INSERT INTO meds_for_surgery (surgery_id,med) VALUES (2290,'Potassium');
INSERT INTO surgery (id,date,patient_id,doctor_id) VALUES (2291,'2019-12-09',60,379);
INSERT INTO meds_for_surgery (surgery_id,med) VALUES (2291,'GM-CSF');
INSERT INTO surgery (id,date,patient_id,doctor_id) VALUES (2292,'2019-12-25',21,469);
INSERT INTO meds_for_surgery (surgery_id,med) VALUES (2292,'Tretinoin');
INSERT INTO surgery (id,date,patient_id,doctor_id) VALUES (2293,'2019-12-11',223,447);
INSERT INTO meds_for_surgery (surgery_id,med) VALUES (2293,'Paclitaxel');
INSERT INTO surgery (id,date,patient_id,doctor_id) VALUES (2294,'2019-12-21',491,126);
INSERT INTO meds_for_surgery (surgery_id,med) VALUES (2294,'Gabapentin');
INSERT INTO surgery (id,date,patient_id,doctor_id) VALUES (2295,'2019-12-25',5,401);
INSERT INTO meds_for_surgery (surgery_id,med) VALUES (2295,'Sugammadex');
INSERT INTO surgery (id,date,patient_id,doctor_id) VALUES (2296,'2019-11-30',360,120);
INSERT INTO meds_for_surgery (surgery_id,med) VALUES (2296,'Bosentan');
INSERT INTO surgery (id,date,patient_id,doctor_id) VALUES (2297,'2019-12-15',60,348);
INSERT INTO meds_for_surgery (surgery_id,med) VALUES (2297,'Mesna');
INSERT INTO surgery (id,date,patient_id,doctor_id) VALUES (2298,'2019-12-21',37,323);
INSERT INTO meds_for_surgery (surgery_id,med) VALUES (2298,'Irinotecan');
INSERT INTO surgery (id,date,patient_id,doctor_id) VALUES (2299,'2019-12-04',119,186);
INSERT INTO meds_for_surgery (surgery_id,med) VALUES (2299,'GM-CSF');
INSERT INTO surgery (id,date,patient_id,doctor_id) VALUES (2300,'2019-12-11',94,333);
INSERT INTO meds_for_surgery (surgery_id,med) VALUES (2300,'Diclofenac');
INSERT INTO surgery (id,date,patient_id,doctor_id) VALUES (2301,'2019-12-15',25,370);
INSERT INTO meds_for_surgery (surgery_id,med) VALUES (2301,'Captopril');
INSERT INTO surgery (id,date,patient_id,doctor_id) VALUES (2302,'2019-12-14',478,294);
INSERT INTO meds_for_surgery (surgery_id,med) VALUES (2302,'Fluconazole');
INSERT INTO surgery (id,date,patient_id,doctor_id) VALUES (2303,'2019-12-13',150,433);
INSERT INTO meds_for_surgery (surgery_id,med) VALUES (2303,'Clindamycin');
INSERT INTO surgery (id,date,patient_id,doctor_id) VALUES (2304,'2019-12-01',25,447);
INSERT INTO meds_for_surgery (surgery_id,med) VALUES (2304,'Amikacin');
INSERT INTO surgery (id,date,patient_id,doctor_id) VALUES (2305,'2019-12-01',175,325);
INSERT INTO meds_for_surgery (surgery_id,med) VALUES (2305,'Acyclovir');
INSERT INTO surgery (id,date,patient_id,doctor_id) VALUES (2306,'2019-12-26',260,355);
INSERT INTO meds_for_surgery (surgery_id,med) VALUES (2306,'L-glutamine');
INSERT INTO surgery (id,date,patient_id,doctor_id) VALUES (2307,'2019-12-04',429,144);
INSERT INTO meds_for_surgery (surgery_id,med) VALUES (2307,'Amlodipine');
INSERT INTO surgery (id,date,patient_id,doctor_id) VALUES (2308,'2019-12-22',255,273);
INSERT INTO meds_for_surgery (surgery_id,med) VALUES (2308,'Amoxicillin');
INSERT INTO surgery (id,date,patient_id,doctor_id) VALUES (2309,'2019-12-15',142,85);
INSERT INTO meds_for_surgery (surgery_id,med) VALUES (2309,'L-glutamine');
INSERT INTO surgery (id,date,patient_id,doctor_id) VALUES (2310,'2019-12-03',485,54);
INSERT INTO meds_for_surgery (surgery_id,med) VALUES (2310,'Mitotane');
INSERT INTO surgery (id,date,patient_id,doctor_id) VALUES (2311,'2019-11-24',240,4);
INSERT INTO meds_for_surgery (surgery_id,med) VALUES (2311,'Famciclovir');
INSERT INTO surgery (id,date,patient_id,doctor_id) VALUES (2312,'2019-11-30',478,388);
INSERT INTO meds_for_surgery (surgery_id,med) VALUES (2312,'Dronabinol');
INSERT INTO surgery (id,date,patient_id,doctor_id) VALUES (2313,'2019-11-27',371,78);
INSERT INTO meds_for_surgery (surgery_id,med) VALUES (2313,'Nelfinavir');
INSERT INTO surgery (id,date,patient_id,doctor_id) VALUES (2314,'2019-12-10',269,467);
INSERT INTO meds_for_surgery (surgery_id,med) VALUES (2314,'Immune');
INSERT INTO surgery (id,date,patient_id,doctor_id) VALUES (2315,'2019-12-27',264,197);
INSERT INTO meds_for_surgery (surgery_id,med) VALUES (2315,'Metronidazole');
INSERT INTO surgery (id,date,patient_id,doctor_id) VALUES (2316,'2019-12-07',7,355);
INSERT INTO meds_for_surgery (surgery_id,med) VALUES (2316,'Amoxicillin');
INSERT INTO surgery (id,date,patient_id,doctor_id) VALUES (2317,'2019-12-19',119,138);
INSERT INTO meds_for_surgery (surgery_id,med) VALUES (2317,'Amitriptyline');
INSERT INTO surgery (id,date,patient_id,doctor_id) VALUES (2318,'2019-12-19',157,436);
INSERT INTO meds_for_surgery (surgery_id,med) VALUES (2318,'Fluorouracil');
INSERT INTO surgery (id,date,patient_id,doctor_id) VALUES (2319,'2019-12-09',426,173);
INSERT INTO meds_for_surgery (surgery_id,med) VALUES (2319,'Meperidine');
INSERT INTO surgery (id,date,patient_id,doctor_id) VALUES (2320,'2019-12-04',223,144);
INSERT INTO meds_for_surgery (surgery_id,med) VALUES (2320,'Erythropoietin');
INSERT INTO surgery (id,date,patient_id,doctor_id) VALUES (2321,'2019-12-14',5,66);
INSERT INTO meds_for_surgery (surgery_id,med) VALUES (2321,'Temozolomide');
INSERT INTO surgery (id,date,patient_id,doctor_id) VALUES (2322,'2019-11-28',223,492);
INSERT INTO meds_for_surgery (surgery_id,med) VALUES (2322,'Zidovudine');
INSERT INTO surgery (id,date,patient_id,doctor_id) VALUES (2323,'2019-12-11',458,262);
INSERT INTO meds_for_surgery (surgery_id,med) VALUES (2323,'Gabapentin');
INSERT INTO surgery (id,date,patient_id,doctor_id) VALUES (2324,'2019-12-23',111,186);
INSERT INTO meds_for_surgery (surgery_id,med) VALUES (2324,'Norepinephrine');
INSERT INTO surgery (id,date,patient_id,doctor_id) VALUES (2325,'2019-12-05',413,199);
INSERT INTO meds_for_surgery (surgery_id,med) VALUES (2325,'Fluconazole');
INSERT INTO surgery (id,date,patient_id,doctor_id) VALUES (2326,'2019-12-27',499,332);
INSERT INTO meds_for_surgery (surgery_id,med) VALUES (2326,'Gefitinib');
INSERT INTO surgery (id,date,patient_id,doctor_id) VALUES (2327,'2019-12-04',385,103);
INSERT INTO meds_for_surgery (surgery_id,med) VALUES (2327,'Morphine');
INSERT INTO surgery (id,date,patient_id,doctor_id) VALUES (2328,'2019-12-06',269,391);
INSERT INTO meds_for_surgery (surgery_id,med) VALUES (2328,'Calcium');
INSERT INTO surgery (id,date,patient_id,doctor_id) VALUES (2329,'2019-11-28',343,85);
INSERT INTO meds_for_surgery (surgery_id,med) VALUES (2329,'Bosentan');
INSERT INTO surgery (id,date,patient_id,doctor_id) VALUES (2330,'2019-11-30',498,120);
INSERT INTO meds_for_surgery (surgery_id,med) VALUES (2330,'Itraconazole');
INSERT INTO surgery (id,date,patient_id,doctor_id) VALUES (2331,'2019-11-29',93,74);
INSERT INTO meds_for_surgery (surgery_id,med) VALUES (2331,'Hydrocodone');
INSERT INTO surgery (id,date,patient_id,doctor_id) VALUES (2332,'2019-12-17',485,149);
INSERT INTO meds_for_surgery (surgery_id,med) VALUES (2332,'Meropenem');
INSERT INTO surgery (id,date,patient_id,doctor_id) VALUES (2333,'2019-12-15',217,285);
INSERT INTO meds_for_surgery (surgery_id,med) VALUES (2333,'Ceftazidime');
INSERT INTO surgery (id,date,patient_id,doctor_id) VALUES (2334,'2019-12-09',299,438);
INSERT INTO meds_for_surgery (surgery_id,med) VALUES (2334,'Neuromuscular');
INSERT INTO surgery (id,date,patient_id,doctor_id) VALUES (2335,'2019-12-02',37,199);
INSERT INTO meds_for_surgery (surgery_id,med) VALUES (2335,'Captopril');
INSERT INTO surgery (id,date,patient_id,doctor_id) VALUES (2336,'2019-11-30',248,405);
INSERT INTO meds_for_surgery (surgery_id,med) VALUES (2336,'Phenobarbital');
INSERT INTO surgery (id,date,patient_id,doctor_id) VALUES (2337,'2019-12-16',174,294);
INSERT INTO meds_for_surgery (surgery_id,med) VALUES (2337,'Clofarabine');
INSERT INTO surgery (id,date,patient_id,doctor_id) VALUES (2338,'2019-11-30',76,447);
INSERT INTO meds_for_surgery (surgery_id,med) VALUES (2338,'Cyproheptadine');
INSERT INTO surgery (id,date,patient_id,doctor_id) VALUES (2339,'2019-12-06',304,144);
INSERT INTO meds_for_surgery (surgery_id,med) VALUES (2339,'Cladribine');
INSERT INTO surgery (id,date,patient_id,doctor_id) VALUES (2340,'2019-12-10',87,480);
INSERT INTO meds_for_surgery (surgery_id,med) VALUES (2340,'PEGaspargase');
INSERT INTO surgery (id,date,patient_id,doctor_id) VALUES (2341,'2019-12-09',94,47);
INSERT INTO meds_for_surgery (surgery_id,med) VALUES (2341,'Ketoconazole');
INSERT INTO surgery (id,date,patient_id,doctor_id) VALUES (2342,'2019-12-10',346,126);
INSERT INTO meds_for_surgery (surgery_id,med) VALUES (2342,'Efavirenz');
INSERT INTO surgery (id,date,patient_id,doctor_id) VALUES (2343,'2019-11-29',374,250);
INSERT INTO meds_for_surgery (surgery_id,med) VALUES (2343,'Oxycodone');
INSERT INTO surgery (id,date,patient_id,doctor_id) VALUES (2344,'2019-11-23',161,323);
INSERT INTO meds_for_surgery (surgery_id,med) VALUES (2344,'Interferon');
INSERT INTO surgery (id,date,patient_id,doctor_id) VALUES (2345,'2019-12-05',76,474);
INSERT INTO meds_for_surgery (surgery_id,med) VALUES (2345,'Tenofovir');
INSERT INTO surgery (id,date,patient_id,doctor_id) VALUES (2346,'2019-12-11',208,138);
INSERT INTO meds_for_surgery (surgery_id,med) VALUES (2346,'Doxorubicin');
INSERT INTO surgery (id,date,patient_id,doctor_id) VALUES (2347,'2019-12-01',343,74);
INSERT INTO meds_for_surgery (surgery_id,med) VALUES (2347,'Paclitaxel');
INSERT INTO surgery (id,date,patient_id,doctor_id) VALUES (2348,'2019-12-08',283,173);
INSERT INTO meds_for_surgery (surgery_id,med) VALUES (2348,'G-CSF');
INSERT INTO surgery (id,date,patient_id,doctor_id) VALUES (2349,'2019-12-03',290,66);
INSERT INTO meds_for_surgery (surgery_id,med) VALUES (2349,'Carbamazepine');
INSERT INTO surgery (id,date,patient_id,doctor_id) VALUES (2350,'2019-12-07',111,197);
INSERT INTO meds_for_surgery (surgery_id,med) VALUES (2350,'Furosemide');
INSERT INTO surgery (id,date,patient_id,doctor_id) VALUES (2351,'2019-12-07',360,472);
INSERT INTO meds_for_surgery (surgery_id,med) VALUES (2351,'Promethazine');
INSERT INTO surgery (id,date,patient_id,doctor_id) VALUES (2352,'2019-12-25',395,186);
INSERT INTO meds_for_surgery (surgery_id,med) VALUES (2352,'Procarbazine');
INSERT INTO surgery (id,date,patient_id,doctor_id) VALUES (2353,'2019-11-23',32,379);
INSERT INTO meds_for_surgery (surgery_id,med) VALUES (2353,'Bosentan');
INSERT INTO surgery (id,date,patient_id,doctor_id) VALUES (2354,'2019-12-11',287,120);
INSERT INTO meds_for_surgery (surgery_id,med) VALUES (2354,'Phosphorus');
INSERT INTO surgery (id,date,patient_id,doctor_id) VALUES (2355,'2019-12-22',488,472);
INSERT INTO meds_for_surgery (surgery_id,med) VALUES (2355,'Clobazam');
INSERT INTO surgery (id,date,patient_id,doctor_id) VALUES (2356,'2019-12-18',457,138);
INSERT INTO meds_for_surgery (surgery_id,med) VALUES (2356,'Dacarbazine');
INSERT INTO surgery (id,date,patient_id,doctor_id) VALUES (2357,'2019-12-21',389,138);
INSERT INTO meds_for_surgery (surgery_id,med) VALUES (2357,'Zidovudine');
INSERT INTO surgery (id,date,patient_id,doctor_id) VALUES (2358,'2019-12-13',371,178);
INSERT INTO meds_for_surgery (surgery_id,med) VALUES (2358,'Cefixime');
INSERT INTO surgery (id,date,patient_id,doctor_id) VALUES (2359,'2019-12-02',157,171);
INSERT INTO meds_for_surgery (surgery_id,med) VALUES (2359,'Alendronate');
INSERT INTO surgery (id,date,patient_id,doctor_id) VALUES (2360,'2019-11-28',330,358);
INSERT INTO meds_for_surgery (surgery_id,med) VALUES (2360,'Irinotecan');
INSERT INTO surgery (id,date,patient_id,doctor_id) VALUES (2361,'2019-12-21',414,232);
INSERT INTO meds_for_surgery (surgery_id,med) VALUES (2361,'Irinotecan');
INSERT INTO surgery (id,date,patient_id,doctor_id) VALUES (2362,'2019-12-09',94,197);
INSERT INTO meds_for_surgery (surgery_id,med) VALUES (2362,'Clarithromycin');
INSERT INTO surgery (id,date,patient_id,doctor_id) VALUES (2363,'2019-12-25',92,405);
INSERT INTO meds_for_surgery (surgery_id,med) VALUES (2363,'Temozolomide');
INSERT INTO surgery (id,date,patient_id,doctor_id) VALUES (2364,'2019-11-25',260,78);
INSERT INTO meds_for_surgery (surgery_id,med) VALUES (2364,'Cyclobenzaprine');
INSERT INTO surgery (id,date,patient_id,doctor_id) VALUES (2365,'2019-12-02',227,215);
INSERT INTO meds_for_surgery (surgery_id,med) VALUES (2365,'Linezolid');
INSERT INTO surgery (id,date,patient_id,doctor_id) VALUES (2366,'2019-12-04',451,388);
INSERT INTO meds_for_surgery (surgery_id,med) VALUES (2366,'Amoxicillin');
INSERT INTO surgery (id,date,patient_id,doctor_id) VALUES (2367,'2019-11-27',220,288);
INSERT INTO meds_for_surgery (surgery_id,med) VALUES (2367,'Ceftazidime');
INSERT INTO surgery (id,date,patient_id,doctor_id) VALUES (2368,'2019-11-25',164,469);
INSERT INTO meds_for_surgery (surgery_id,med) VALUES (2368,'Doxorubicin');
INSERT INTO surgery (id,date,patient_id,doctor_id) VALUES (2369,'2019-12-27',264,401);
INSERT INTO meds_for_surgery (surgery_id,med) VALUES (2369,'Dactinomycin');
INSERT INTO surgery (id,date,patient_id,doctor_id) VALUES (2370,'2019-11-26',110,355);
INSERT INTO meds_for_surgery (surgery_id,med) VALUES (2370,'Posaconazole');
INSERT INTO surgery (id,date,patient_id,doctor_id) VALUES (2371,'2019-12-03',387,250);
INSERT INTO meds_for_surgery (surgery_id,med) VALUES (2371,'Trimethoprim');
INSERT INTO surgery (id,date,patient_id,doctor_id) VALUES (2372,'2019-12-06',385,309);
INSERT INTO meds_for_surgery (surgery_id,med) VALUES (2372,'Lorazepam');
INSERT INTO surgery (id,date,patient_id,doctor_id) VALUES (2373,'2019-12-11',164,219);
INSERT INTO meds_for_surgery (surgery_id,med) VALUES (2373,'Topotecan');
INSERT INTO surgery (id,date,patient_id,doctor_id) VALUES (2374,'2019-12-26',289,66);
INSERT INTO meds_for_surgery (surgery_id,med) VALUES (2374,'Methadone');
INSERT INTO surgery (id,date,patient_id,doctor_id) VALUES (2375,'2019-12-18',220,436);
INSERT INTO meds_for_surgery (surgery_id,med) VALUES (2375,'Sucralfate');
INSERT INTO surgery (id,date,patient_id,doctor_id) VALUES (2376,'2019-12-04',371,144);
INSERT INTO meds_for_surgery (surgery_id,med) VALUES (2376,'Zidovudine');
INSERT INTO surgery (id,date,patient_id,doctor_id) VALUES (2377,'2019-12-23',5,392);
INSERT INTO meds_for_surgery (surgery_id,med) VALUES (2377,'Diclofenac');
INSERT INTO surgery (id,date,patient_id,doctor_id) VALUES (2378,'2019-11-30',100,474);
INSERT INTO meds_for_surgery (surgery_id,med) VALUES (2378,'Maraviroc');
INSERT INTO surgery (id,date,patient_id,doctor_id) VALUES (2379,'2019-12-20',217,262);
INSERT INTO meds_for_surgery (surgery_id,med) VALUES (2379,'Eltrombopag');
INSERT INTO surgery (id,date,patient_id,doctor_id) VALUES (2380,'2019-12-05',87,136);
INSERT INTO meds_for_surgery (surgery_id,med) VALUES (2380,'Foscarnet');
INSERT INTO surgery (id,date,patient_id,doctor_id) VALUES (2381,'2019-12-04',287,252);
INSERT INTO meds_for_surgery (surgery_id,med) VALUES (2381,'Valproic acid');
INSERT INTO surgery (id,date,patient_id,doctor_id) VALUES (2382,'2019-12-07',478,447);
INSERT INTO meds_for_surgery (surgery_id,med) VALUES (2382,'Heparin');
INSERT INTO surgery (id,date,patient_id,doctor_id) VALUES (2383,'2019-11-24',360,262);
INSERT INTO meds_for_surgery (surgery_id,med) VALUES (2383,'Tenofovir');
INSERT INTO surgery (id,date,patient_id,doctor_id) VALUES (2384,'2019-12-20',290,18);
INSERT INTO meds_for_surgery (surgery_id,med) VALUES (2384,'Emicizumab');
INSERT INTO surgery (id,date,patient_id,doctor_id) VALUES (2385,'2019-11-24',248,173);
INSERT INTO meds_for_surgery (surgery_id,med) VALUES (2385,'Oxycodone');
INSERT INTO surgery (id,date,patient_id,doctor_id) VALUES (2386,'2019-12-18',485,78);
INSERT INTO meds_for_surgery (surgery_id,med) VALUES (2386,'PEGaspargase');
INSERT INTO surgery (id,date,patient_id,doctor_id) VALUES (2387,'2019-12-09',7,103);
INSERT INTO meds_for_surgery (surgery_id,med) VALUES (2387,'Amlodipine');
INSERT INTO surgery (id,date,patient_id,doctor_id) VALUES (2388,'2019-11-25',444,250);
INSERT INTO meds_for_surgery (surgery_id,med) VALUES (2388,'Warfarin');
INSERT INTO surgery (id,date,patient_id,doctor_id) VALUES (2389,'2019-12-14',488,229);
INSERT INTO meds_for_surgery (surgery_id,med) VALUES (2389,'Penicillin');
INSERT INTO surgery (id,date,patient_id,doctor_id) VALUES (2390,'2019-12-20',142,54);
INSERT INTO meds_for_surgery (surgery_id,med) VALUES (2390,'Cyclobenzaprine');
INSERT INTO surgery (id,date,patient_id,doctor_id) VALUES (2391,'2019-12-05',223,78);
INSERT INTO meds_for_surgery (surgery_id,med) VALUES (2391,'Dobutamine');
INSERT INTO surgery (id,date,patient_id,doctor_id) VALUES (2392,'2019-11-30',489,126);
INSERT INTO meds_for_surgery (surgery_id,med) VALUES (2392,'Interleukin');
INSERT INTO surgery (id,date,patient_id,doctor_id) VALUES (2393,'2019-12-24',304,215);
INSERT INTO meds_for_surgery (surgery_id,med) VALUES (2393,'Melphalan');
INSERT INTO surgery (id,date,patient_id,doctor_id) VALUES (2394,'2019-12-04',385,333);
INSERT INTO meds_for_surgery (surgery_id,med) VALUES (2394,'Carboplatin');
INSERT INTO surgery (id,date,patient_id,doctor_id) VALUES (2395,'2019-12-05',156,144);
INSERT INTO meds_for_surgery (surgery_id,med) VALUES (2395,'Warfarin');
INSERT INTO surgery (id,date,patient_id,doctor_id) VALUES (2396,'2019-12-23',478,436);
INSERT INTO meds_for_surgery (surgery_id,med) VALUES (2396,'Ranitidine');
INSERT INTO surgery (id,date,patient_id,doctor_id) VALUES (2397,'2019-12-04',399,11);
INSERT INTO meds_for_surgery (surgery_id,med) VALUES (2397,'Ruxolitinib');
INSERT INTO surgery (id,date,patient_id,doctor_id) VALUES (2398,'2019-11-24',246,333);
INSERT INTO meds_for_surgery (surgery_id,med) VALUES (2398,'Rivaroxaban');
INSERT INTO surgery (id,date,patient_id,doctor_id) VALUES (2399,'2019-12-05',458,149);
INSERT INTO meds_for_surgery (surgery_id,med) VALUES (2399,'Vinblastine');
INSERT INTO surgery (id,date,patient_id,doctor_id) VALUES (2400,'2019-12-11',238,232);
INSERT INTO meds_for_surgery (surgery_id,med) VALUES (2400,'Pentamidine');
INSERT INTO surgery (id,date,patient_id,doctor_id) VALUES (2401,'2019-12-07',429,149);
INSERT INTO meds_for_surgery (surgery_id,med) VALUES (2401,'Thioguanine');
INSERT INTO surgery (id,date,patient_id,doctor_id) VALUES (2402,'2019-11-25',164,294);
INSERT INTO meds_for_surgery (surgery_id,med) VALUES (2402,'Gemcitabine');
INSERT INTO surgery (id,date,patient_id,doctor_id) VALUES (2403,'2019-11-28',255,474);
INSERT INTO meds_for_surgery (surgery_id,med) VALUES (2403,'Metronidazole');
INSERT INTO surgery (id,date,patient_id,doctor_id) VALUES (2404,'2019-11-27',289,66);
INSERT INTO meds_for_surgery (surgery_id,med) VALUES (2404,'Cladribine');
INSERT INTO surgery (id,date,patient_id,doctor_id) VALUES (2405,'2019-12-15',343,4);
INSERT INTO meds_for_surgery (surgery_id,med) VALUES (2405,'Atovaquone');
INSERT INTO surgery (id,date,patient_id,doctor_id) VALUES (2406,'2019-12-03',471,472);
INSERT INTO meds_for_surgery (surgery_id,med) VALUES (2406,'Didanosine');
INSERT INTO surgery (id,date,patient_id,doctor_id) VALUES (2407,'2019-12-18',208,285);
INSERT INTO meds_for_surgery (surgery_id,med) VALUES (2407,'Atenolol');
INSERT INTO surgery (id,date,patient_id,doctor_id) VALUES (2408,'2019-12-02',471,215);
INSERT INTO meds_for_surgery (surgery_id,med) VALUES (2408,'Tretinoin');
INSERT INTO surgery (id,date,patient_id,doctor_id) VALUES (2409,'2019-12-21',110,54);
INSERT INTO meds_for_surgery (surgery_id,med) VALUES (2409,'Imatinib');
INSERT INTO surgery (id,date,patient_id,doctor_id) VALUES (2410,'2019-11-27',343,171);
INSERT INTO meds_for_surgery (surgery_id,med) VALUES (2410,'Dasatinib');
INSERT INTO surgery (id,date,patient_id,doctor_id) VALUES (2411,'2019-12-04',164,97);
INSERT INTO meds_for_surgery (surgery_id,med) VALUES (2411,'Hydralazine');
INSERT INTO surgery (id,date,patient_id,doctor_id) VALUES (2412,'2019-12-05',117,285);
INSERT INTO meds_for_surgery (surgery_id,med) VALUES (2412,'Hydrocortisone');
INSERT INTO surgery (id,date,patient_id,doctor_id) VALUES (2413,'2019-12-14',432,325);
INSERT INTO meds_for_surgery (surgery_id,med) VALUES (2413,'Ifosfamide');
INSERT INTO surgery (id,date,patient_id,doctor_id) VALUES (2414,'2019-12-26',168,66);
INSERT INTO meds_for_surgery (surgery_id,med) VALUES (2414,'Cyclosporine');
INSERT INTO surgery (id,date,patient_id,doctor_id) VALUES (2415,'2019-12-24',395,210);
INSERT INTO meds_for_surgery (surgery_id,med) VALUES (2415,'Doxorubicin');
INSERT INTO surgery (id,date,patient_id,doctor_id) VALUES (2416,'2019-11-24',117,9);
INSERT INTO meds_for_surgery (surgery_id,med) VALUES (2416,'Meropenem');
INSERT INTO surgery (id,date,patient_id,doctor_id) VALUES (2417,'2019-12-24',119,447);
INSERT INTO meds_for_surgery (surgery_id,med) VALUES (2417,'Azithromycin');
INSERT INTO surgery (id,date,patient_id,doctor_id) VALUES (2418,'2019-12-15',290,401);
INSERT INTO meds_for_surgery (surgery_id,med) VALUES (2418,'Ifosfamide');
INSERT INTO surgery (id,date,patient_id,doctor_id) VALUES (2419,'2019-12-08',93,492);
INSERT INTO meds_for_surgery (surgery_id,med) VALUES (2419,'Atenolol');
INSERT INTO surgery (id,date,patient_id,doctor_id) VALUES (2420,'2019-12-09',161,18);
INSERT INTO meds_for_surgery (surgery_id,med) VALUES (2420,'L-glutamine');
INSERT INTO surgery (id,date,patient_id,doctor_id) VALUES (2421,'2019-11-25',283,252);
INSERT INTO meds_for_surgery (surgery_id,med) VALUES (2421,'Hydralazine');
INSERT INTO surgery (id,date,patient_id,doctor_id) VALUES (2422,'2019-12-22',164,229);
INSERT INTO meds_for_surgery (surgery_id,med) VALUES (2422,'Potassium');
INSERT INTO surgery (id,date,patient_id,doctor_id) VALUES (2423,'2019-11-25',360,138);
INSERT INTO meds_for_surgery (surgery_id,med) VALUES (2423,'Alemtuzumab');
INSERT INTO surgery (id,date,patient_id,doctor_id) VALUES (2424,'2019-12-21',93,323);
INSERT INTO meds_for_surgery (surgery_id,med) VALUES (2424,'Hydrocodone');
INSERT INTO surgery (id,date,patient_id,doctor_id) VALUES (2425,'2019-12-09',444,178);
INSERT INTO meds_for_surgery (surgery_id,med) VALUES (2425,'Gemtuzumab');
INSERT INTO surgery (id,date,patient_id,doctor_id) VALUES (2426,'2019-11-27',384,433);
INSERT INTO meds_for_surgery (surgery_id,med) VALUES (2426,'Desmopressin');
INSERT INTO surgery (id,date,patient_id,doctor_id) VALUES (2427,'2019-12-16',93,40);
INSERT INTO meds_for_surgery (surgery_id,med) VALUES (2427,'Propoxyphene');
INSERT INTO surgery (id,date,patient_id,doctor_id) VALUES (2428,'2019-11-25',374,479);
INSERT INTO meds_for_surgery (surgery_id,med) VALUES (2428,'L-glutamine');
INSERT INTO surgery (id,date,patient_id,doctor_id) VALUES (2429,'2019-12-09',60,138);
INSERT INTO meds_for_surgery (surgery_id,med) VALUES (2429,'Modafinil');
INSERT INTO surgery (id,date,patient_id,doctor_id) VALUES (2430,'2019-11-27',283,312);
INSERT INTO meds_for_surgery (surgery_id,med) VALUES (2430,'Meropenem');
INSERT INTO surgery (id,date,patient_id,doctor_id) VALUES (2431,'2019-12-04',241,309);
INSERT INTO meds_for_surgery (surgery_id,med) VALUES (2431,'Foscarnet');
INSERT INTO surgery (id,date,patient_id,doctor_id) VALUES (2432,'2019-12-05',330,472);
INSERT INTO meds_for_surgery (surgery_id,med) VALUES (2432,'Cefixime');
INSERT INTO surgery (id,date,patient_id,doctor_id) VALUES (2433,'2019-11-26',458,447);
INSERT INTO meds_for_surgery (surgery_id,med) VALUES (2433,'Methylphenidate');
INSERT INTO surgery (id,date,patient_id,doctor_id) VALUES (2434,'2019-12-22',399,325);
INSERT INTO meds_for_surgery (surgery_id,med) VALUES (2434,'Clarithromycin');
INSERT INTO surgery (id,date,patient_id,doctor_id) VALUES (2435,'2019-11-24',100,312);
INSERT INTO meds_for_surgery (surgery_id,med) VALUES (2435,'Voriconazole');
INSERT INTO surgery (id,date,patient_id,doctor_id) VALUES (2436,'2019-11-27',289,171);
INSERT INTO meds_for_surgery (surgery_id,med) VALUES (2436,'Meropenem');
INSERT INTO surgery (id,date,patient_id,doctor_id) VALUES (2437,'2019-12-12',290,348);
INSERT INTO meds_for_surgery (surgery_id,med) VALUES (2437,'Cyclosporine');
INSERT INTO surgery (id,date,patient_id,doctor_id) VALUES (2438,'2019-12-02',248,492);
INSERT INTO meds_for_surgery (surgery_id,med) VALUES (2438,'Mycophenolate');
INSERT INTO surgery (id,date,patient_id,doctor_id) VALUES (2439,'2019-12-27',208,178);
INSERT INTO meds_for_surgery (surgery_id,med) VALUES (2439,'Dexamethasone');
INSERT INTO surgery (id,date,patient_id,doctor_id) VALUES (2440,'2019-11-27',399,469);
INSERT INTO meds_for_surgery (surgery_id,med) VALUES (2440,'Furosemide');
INSERT INTO surgery (id,date,patient_id,doctor_id) VALUES (2441,'2019-12-20',182,18);
INSERT INTO meds_for_surgery (surgery_id,med) VALUES (2441,'Hydrocortisone');
INSERT INTO surgery (id,date,patient_id,doctor_id) VALUES (2442,'2019-12-12',21,199);
INSERT INTO meds_for_surgery (surgery_id,med) VALUES (2442,'Tacrolimus');
INSERT INTO surgery (id,date,patient_id,doctor_id) VALUES (2443,'2019-12-13',21,262);
INSERT INTO meds_for_surgery (surgery_id,med) VALUES (2443,'Itraconazole');
INSERT INTO surgery (id,date,patient_id,doctor_id) VALUES (2444,'2019-12-02',117,136);
INSERT INTO meds_for_surgery (surgery_id,med) VALUES (2444,'Clobazam');
INSERT INTO surgery (id,date,patient_id,doctor_id) VALUES (2445,'2019-12-07',58,138);
INSERT INTO meds_for_surgery (surgery_id,med) VALUES (2445,'Clobazam');
INSERT INTO surgery (id,date,patient_id,doctor_id) VALUES (2446,'2019-12-02',182,436);
INSERT INTO meds_for_surgery (surgery_id,med) VALUES (2446,'Didanosine');
INSERT INTO surgery (id,date,patient_id,doctor_id) VALUES (2447,'2019-12-18',223,273);
INSERT INTO meds_for_surgery (surgery_id,med) VALUES (2447,'Carmustine');
INSERT INTO surgery (id,date,patient_id,doctor_id) VALUES (2448,'2019-12-06',240,492);
INSERT INTO meds_for_surgery (surgery_id,med) VALUES (2448,'Probenecid');
INSERT INTO surgery (id,date,patient_id,doctor_id) VALUES (2449,'2019-12-04',414,288);
INSERT INTO meds_for_surgery (surgery_id,med) VALUES (2449,'Zidovudine');
INSERT INTO surgery (id,date,patient_id,doctor_id) VALUES (2450,'2019-11-27',330,136);
INSERT INTO meds_for_surgery (surgery_id,med) VALUES (2450,'Furosemide');
INSERT INTO surgery (id,date,patient_id,doctor_id) VALUES (2451,'2019-12-04',109,294);
INSERT INTO meds_for_surgery (surgery_id,med) VALUES (2451,'Stavudine');
INSERT INTO surgery (id,date,patient_id,doctor_id) VALUES (2452,'2019-12-01',430,379);
INSERT INTO meds_for_surgery (surgery_id,med) VALUES (2452,'Hydrocodone');
INSERT INTO surgery (id,date,patient_id,doctor_id) VALUES (2453,'2019-12-17',395,480);
INSERT INTO meds_for_surgery (surgery_id,med) VALUES (2453,'Procarbazine');
INSERT INTO surgery (id,date,patient_id,doctor_id) VALUES (2454,'2019-12-15',5,333);
INSERT INTO meds_for_surgery (surgery_id,med) VALUES (2454,'Mycophenolate');
INSERT INTO surgery (id,date,patient_id,doctor_id) VALUES (2455,'2019-11-26',395,57);
INSERT INTO meds_for_surgery (surgery_id,med) VALUES (2455,'Hydroxyurea');
INSERT INTO surgery (id,date,patient_id,doctor_id) VALUES (2456,'2019-12-22',462,215);
INSERT INTO meds_for_surgery (surgery_id,med) VALUES (2456,'Atenolol');
INSERT INTO surgery (id,date,patient_id,doctor_id) VALUES (2457,'2019-11-28',119,447);
INSERT INTO meds_for_surgery (surgery_id,med) VALUES (2457,'Phenobarbital');
INSERT INTO surgery (id,date,patient_id,doctor_id) VALUES (2458,'2019-12-25',414,332);
INSERT INTO meds_for_surgery (surgery_id,med) VALUES (2458,'Enalapril');
INSERT INTO surgery (id,date,patient_id,doctor_id) VALUES (2459,'2019-11-27',426,288);
INSERT INTO meds_for_surgery (surgery_id,med) VALUES (2459,'Topotecan');
INSERT INTO surgery (id,date,patient_id,doctor_id) VALUES (2460,'2019-12-20',444,347);
INSERT INTO meds_for_surgery (surgery_id,med) VALUES (2460,'Tenofovir');
INSERT INTO surgery (id,date,patient_id,doctor_id) VALUES (2461,'2019-12-09',248,438);
INSERT INTO meds_for_surgery (surgery_id,med) VALUES (2461,'Paclitaxel');
INSERT INTO surgery (id,date,patient_id,doctor_id) VALUES (2462,'2019-12-03',290,4);
INSERT INTO meds_for_surgery (surgery_id,med) VALUES (2462,'Enalapril');
INSERT INTO surgery (id,date,patient_id,doctor_id) VALUES (2463,'2019-12-21',8,347);
INSERT INTO meds_for_surgery (surgery_id,med) VALUES (2463,'Linezolid');
INSERT INTO surgery (id,date,patient_id,doctor_id) VALUES (2464,'2019-12-25',432,103);
INSERT INTO meds_for_surgery (surgery_id,med) VALUES (2464,'Clofarabine');
INSERT INTO surgery (id,date,patient_id,doctor_id) VALUES (2465,'2019-11-25',451,149);
INSERT INTO meds_for_surgery (surgery_id,med) VALUES (2465,'Melphalan');
INSERT INTO surgery (id,date,patient_id,doctor_id) VALUES (2466,'2019-12-18',343,41);
INSERT INTO meds_for_surgery (surgery_id,med) VALUES (2466,'Azithromycin');
INSERT INTO surgery (id,date,patient_id,doctor_id) VALUES (2467,'2019-12-02',227,358);
INSERT INTO meds_for_surgery (surgery_id,med) VALUES (2467,'Darunavir');
INSERT INTO surgery (id,date,patient_id,doctor_id) VALUES (2468,'2019-12-05',354,62);
INSERT INTO meds_for_surgery (surgery_id,med) VALUES (2468,'Cyclobenzaprine');
INSERT INTO surgery (id,date,patient_id,doctor_id) VALUES (2469,'2019-12-03',496,4);
INSERT INTO meds_for_surgery (surgery_id,med) VALUES (2469,'Mercaptopurine');
INSERT INTO surgery (id,date,patient_id,doctor_id) VALUES (2470,'2019-12-11',327,379);
INSERT INTO meds_for_surgery (surgery_id,med) VALUES (2470,'Pemetrexed');
INSERT INTO surgery (id,date,patient_id,doctor_id) VALUES (2471,'2019-11-27',168,40);
INSERT INTO meds_for_surgery (surgery_id,med) VALUES (2471,'Phenobarbital');
INSERT INTO surgery (id,date,patient_id,doctor_id) VALUES (2472,'2019-12-26',61,309);
INSERT INTO meds_for_surgery (surgery_id,med) VALUES (2472,'Neuromuscular');
INSERT INTO surgery (id,date,patient_id,doctor_id) VALUES (2473,'2019-12-25',327,479);
INSERT INTO meds_for_surgery (surgery_id,med) VALUES (2473,'Cefuroxime');
INSERT INTO surgery (id,date,patient_id,doctor_id) VALUES (2474,'2019-12-22',458,433);
INSERT INTO meds_for_surgery (surgery_id,med) VALUES (2474,'Aminocaproic Acid');
INSERT INTO surgery (id,date,patient_id,doctor_id) VALUES (2475,'2019-11-25',119,18);
INSERT INTO meds_for_surgery (surgery_id,med) VALUES (2475,'Dactinomycin');
INSERT INTO surgery (id,date,patient_id,doctor_id) VALUES (2476,'2019-12-15',100,433);
INSERT INTO meds_for_surgery (surgery_id,med) VALUES (2476,'Cyclosporine');
INSERT INTO surgery (id,date,patient_id,doctor_id) VALUES (2477,'2019-12-20',371,447);
INSERT INTO meds_for_surgery (surgery_id,med) VALUES (2477,'Rituximab');
INSERT INTO surgery (id,date,patient_id,doctor_id) VALUES (2478,'2019-12-07',304,126);
INSERT INTO meds_for_surgery (surgery_id,med) VALUES (2478,'Dacarbazine');
INSERT INTO surgery (id,date,patient_id,doctor_id) VALUES (2479,'2019-11-26',260,138);
INSERT INTO meds_for_surgery (surgery_id,med) VALUES (2479,'Acyclovir');
INSERT INTO surgery (id,date,patient_id,doctor_id) VALUES (2480,'2019-12-22',485,197);
INSERT INTO meds_for_surgery (surgery_id,med) VALUES (2480,'Codeine');
INSERT INTO surgery (id,date,patient_id,doctor_id) VALUES (2481,'2019-11-30',110,312);
INSERT INTO meds_for_surgery (surgery_id,med) VALUES (2481,'Thioguanine');
INSERT INTO surgery (id,date,patient_id,doctor_id) VALUES (2482,'2019-12-18',488,126);
INSERT INTO meds_for_surgery (surgery_id,med) VALUES (2482,'Sugammadex');
INSERT INTO surgery (id,date,patient_id,doctor_id) VALUES (2483,'2019-12-07',58,47);
INSERT INTO meds_for_surgery (surgery_id,med) VALUES (2483,'Calcium');
INSERT INTO surgery (id,date,patient_id,doctor_id) VALUES (2484,'2019-12-03',429,333);
INSERT INTO meds_for_surgery (surgery_id,med) VALUES (2484,'PEGaspargase');
INSERT INTO surgery (id,date,patient_id,doctor_id) VALUES (2485,'2019-12-23',289,309);
INSERT INTO meds_for_surgery (surgery_id,med) VALUES (2485,'Emtricitabine');
INSERT INTO surgery (id,date,patient_id,doctor_id) VALUES (2486,'2019-12-14',61,57);
INSERT INTO meds_for_surgery (surgery_id,med) VALUES (2486,'Procarbazine');
INSERT INTO surgery (id,date,patient_id,doctor_id) VALUES (2487,'2019-11-28',304,314);
INSERT INTO meds_for_surgery (surgery_id,med) VALUES (2487,'Mycophenolate');
INSERT INTO surgery (id,date,patient_id,doctor_id) VALUES (2488,'2019-11-29',264,66);
INSERT INTO meds_for_surgery (surgery_id,med) VALUES (2488,'Granisetron');
INSERT INTO surgery (id,date,patient_id,doctor_id) VALUES (2489,'2019-12-17',32,11);
INSERT INTO meds_for_surgery (surgery_id,med) VALUES (2489,'Fluorouracil');
INSERT INTO surgery (id,date,patient_id,doctor_id) VALUES (2490,'2019-12-18',432,41);
INSERT INTO meds_for_surgery (surgery_id,med) VALUES (2490,'Heparin');
INSERT INTO surgery (id,date,patient_id,doctor_id) VALUES (2491,'2019-12-24',110,54);
INSERT INTO meds_for_surgery (surgery_id,med) VALUES (2491,'Sorafenib');
INSERT INTO surgery (id,date,patient_id,doctor_id) VALUES (2492,'2019-12-07',304,47);
INSERT INTO meds_for_surgery (surgery_id,med) VALUES (2492,'GM-CSF');
INSERT INTO surgery (id,date,patient_id,doctor_id) VALUES (2493,'2019-12-25',429,355);
INSERT INTO meds_for_surgery (surgery_id,med) VALUES (2493,'Magnesium');
INSERT INTO surgery (id,date,patient_id,doctor_id) VALUES (2494,'2019-12-01',150,347);
INSERT INTO meds_for_surgery (surgery_id,med) VALUES (2494,'Allopurinol');
INSERT INTO surgery (id,date,patient_id,doctor_id) VALUES (2495,'2019-11-27',343,178);
INSERT INTO meds_for_surgery (surgery_id,med) VALUES (2495,'Tacrolimus');
INSERT INTO surgery (id,date,patient_id,doctor_id) VALUES (2496,'2019-12-09',296,229);
INSERT INTO meds_for_surgery (surgery_id,med) VALUES (2496,'Gemcitabine');
INSERT INTO surgery (id,date,patient_id,doctor_id) VALUES (2497,'2019-12-07',117,366);
INSERT INTO meds_for_surgery (surgery_id,med) VALUES (2497,'Irinotecan');
INSERT INTO surgery (id,date,patient_id,doctor_id) VALUES (2498,'2019-12-17',25,103);
INSERT INTO meds_for_surgery (surgery_id,med) VALUES (2498,'Lomustine');
INSERT INTO surgery (id,date,patient_id,doctor_id) VALUES (2499,'2019-12-25',130,472);
INSERT INTO meds_for_surgery (surgery_id,med) VALUES (2499,'Gefitinib');
INSERT INTO surgery (id,date,patient_id,doctor_id) VALUES (2500,'2019-11-29',220,144);
INSERT INTO meds_for_surgery (surgery_id,med) VALUES (2500,'Voriconazole');
INSERT INTO surgery (id,date,patient_id,doctor_id) VALUES (2501,'2019-11-24',238,11);
INSERT INTO meds_for_surgery (surgery_id,med) VALUES (2501,'Celecoxib');
INSERT INTO surgery (id,date,patient_id,doctor_id) VALUES (2502,'2019-12-12',8,136);
INSERT INTO meds_for_surgery (surgery_id,med) VALUES (2502,'Warfarin');
INSERT INTO surgery (id,date,patient_id,doctor_id) VALUES (2503,'2019-12-09',395,273);
INSERT INTO meds_for_surgery (surgery_id,med) VALUES (2503,'Melphalan');
INSERT INTO surgery (id,date,patient_id,doctor_id) VALUES (2504,'2019-11-29',339,294);
INSERT INTO meds_for_surgery (surgery_id,med) VALUES (2504,'Cefaclor');
INSERT INTO surgery (id,date,patient_id,doctor_id) VALUES (2505,'2019-11-28',5,149);
INSERT INTO meds_for_surgery (surgery_id,med) VALUES (2505,'Elvitegravir');
INSERT INTO surgery (id,date,patient_id,doctor_id) VALUES (2506,'2019-12-02',404,40);
INSERT INTO meds_for_surgery (surgery_id,med) VALUES (2506,'Acyclovir');
INSERT INTO surgery (id,date,patient_id,doctor_id) VALUES (2507,'2019-12-22',488,479);
INSERT INTO meds_for_surgery (surgery_id,med) VALUES (2507,'Foscarnet');
INSERT INTO surgery (id,date,patient_id,doctor_id) VALUES (2508,'2019-11-30',389,480);
INSERT INTO meds_for_surgery (surgery_id,med) VALUES (2508,'Zidovudine');
INSERT INTO surgery (id,date,patient_id,doctor_id) VALUES (2509,'2019-11-24',246,439);
INSERT INTO meds_for_surgery (surgery_id,med) VALUES (2509,'Heparin');
INSERT INTO surgery (id,date,patient_id,doctor_id) VALUES (2510,'2019-12-08',76,401);
INSERT INTO meds_for_surgery (surgery_id,med) VALUES (2510,'Tobramycin');
INSERT INTO surgery (id,date,patient_id,doctor_id) VALUES (2511,'2019-11-29',130,11);
INSERT INTO meds_for_surgery (surgery_id,med) VALUES (2511,'Rasburicase');
INSERT INTO surgery (id,date,patient_id,doctor_id) VALUES (2512,'2019-12-27',462,405);
INSERT INTO meds_for_surgery (surgery_id,med) VALUES (2512,'Bosentan');
INSERT INTO surgery (id,date,patient_id,doctor_id) VALUES (2513,'2019-12-26',240,47);
INSERT INTO meds_for_surgery (surgery_id,med) VALUES (2513,'Immune');
INSERT INTO surgery (id,date,patient_id,doctor_id) VALUES (2514,'2019-11-23',451,439);
INSERT INTO meds_for_surgery (surgery_id,med) VALUES (2514,'G-CSF');
INSERT INTO surgery (id,date,patient_id,doctor_id) VALUES (2515,'2019-11-25',395,268);
INSERT INTO meds_for_surgery (surgery_id,med) VALUES (2515,'Voriconazole');
INSERT INTO surgery (id,date,patient_id,doctor_id) VALUES (2516,'2019-12-27',217,332);
INSERT INTO meds_for_surgery (surgery_id,med) VALUES (2516,'Aprepitant');
INSERT INTO surgery (id,date,patient_id,doctor_id) VALUES (2517,'2019-12-19',130,442);
INSERT INTO meds_for_surgery (surgery_id,med) VALUES (2517,'Levothyroxine');
INSERT INTO surgery (id,date,patient_id,doctor_id) VALUES (2518,'2019-12-14',164,436);
INSERT INTO meds_for_surgery (surgery_id,med) VALUES (2518,'Ketoconazole');
INSERT INTO surgery (id,date,patient_id,doctor_id) VALUES (2519,'2019-11-30',100,126);
INSERT INTO meds_for_surgery (surgery_id,med) VALUES (2519,'Crizotinib');
INSERT INTO surgery (id,date,patient_id,doctor_id) VALUES (2520,'2019-12-02',175,138);
INSERT INTO meds_for_surgery (surgery_id,med) VALUES (2520,'Pegfilgrastim');
INSERT INTO surgery (id,date,patient_id,doctor_id) VALUES (2521,'2019-12-05',100,4);
INSERT INTO meds_for_surgery (surgery_id,med) VALUES (2521,'Promethazine');
INSERT INTO surgery (id,date,patient_id,doctor_id) VALUES (2522,'2019-12-21',32,388);
INSERT INTO meds_for_surgery (surgery_id,med) VALUES (2522,'Gemtuzumab');
INSERT INTO surgery (id,date,patient_id,doctor_id) VALUES (2523,'2019-12-20',478,54);
INSERT INTO meds_for_surgery (surgery_id,med) VALUES (2523,'Leucovorin');
INSERT INTO surgery (id,date,patient_id,doctor_id) VALUES (2524,'2019-12-06',299,40);
INSERT INTO meds_for_surgery (surgery_id,med) VALUES (2524,'Etravirine');
INSERT INTO surgery (id,date,patient_id,doctor_id) VALUES (2525,'2019-11-28',415,405);
INSERT INTO meds_for_surgery (surgery_id,med) VALUES (2525,'Linezolid');
INSERT INTO surgery (id,date,patient_id,doctor_id) VALUES (2526,'2019-12-03',429,355);
INSERT INTO meds_for_surgery (surgery_id,med) VALUES (2526,'Enoxaparin');
INSERT INTO surgery (id,date,patient_id,doctor_id) VALUES (2527,'2019-12-04',87,405);
INSERT INTO meds_for_surgery (surgery_id,med) VALUES (2527,'Darunavir');
INSERT INTO surgery (id,date,patient_id,doctor_id) VALUES (2528,'2019-11-23',117,323);
INSERT INTO meds_for_surgery (surgery_id,med) VALUES (2528,'Ceftazidime');
INSERT INTO surgery (id,date,patient_id,doctor_id) VALUES (2529,'2019-12-20',430,215);
INSERT INTO meds_for_surgery (surgery_id,med) VALUES (2529,'Furosemide');
INSERT INTO surgery (id,date,patient_id,doctor_id) VALUES (2530,'2019-12-26',217,229);
INSERT INTO meds_for_surgery (surgery_id,med) VALUES (2530,'Saquinavir');
INSERT INTO surgery (id,date,patient_id,doctor_id) VALUES (2531,'2019-12-22',240,229);
INSERT INTO meds_for_surgery (surgery_id,med) VALUES (2531,'Ceftazidime');
INSERT INTO surgery (id,date,patient_id,doctor_id) VALUES (2532,'2019-12-05',389,379);
INSERT INTO meds_for_surgery (surgery_id,med) VALUES (2532,'Tobramycin');
INSERT INTO surgery (id,date,patient_id,doctor_id) VALUES (2533,'2019-12-06',462,355);
INSERT INTO meds_for_surgery (surgery_id,med) VALUES (2533,'Aminocaproic Acid');
INSERT INTO surgery (id,date,patient_id,doctor_id) VALUES (2534,'2019-12-13',304,126);
INSERT INTO meds_for_surgery (surgery_id,med) VALUES (2534,'Codeine');
INSERT INTO surgery (id,date,patient_id,doctor_id) VALUES (2535,'2019-11-26',483,17);
INSERT INTO meds_for_surgery (surgery_id,med) VALUES (2535,'Calcium');
INSERT INTO surgery (id,date,patient_id,doctor_id) VALUES (2536,'2019-12-19',360,97);
INSERT INTO meds_for_surgery (surgery_id,med) VALUES (2536,'Methadone');
INSERT INTO surgery (id,date,patient_id,doctor_id) VALUES (2537,'2019-11-24',111,332);
INSERT INTO meds_for_surgery (surgery_id,med) VALUES (2537,'Cefixime');
INSERT INTO surgery (id,date,patient_id,doctor_id) VALUES (2538,'2019-12-08',223,480);
INSERT INTO meds_for_surgery (surgery_id,med) VALUES (2538,'Hydralazine');
INSERT INTO surgery (id,date,patient_id,doctor_id) VALUES (2539,'2019-12-01',304,492);
INSERT INTO meds_for_surgery (surgery_id,med) VALUES (2539,'Methadone');
INSERT INTO surgery (id,date,patient_id,doctor_id) VALUES (2540,'2019-12-21',248,215);
INSERT INTO meds_for_surgery (surgery_id,med) VALUES (2540,'Pentamidine');
INSERT INTO surgery (id,date,patient_id,doctor_id) VALUES (2541,'2019-12-26',142,11);
INSERT INTO meds_for_surgery (surgery_id,med) VALUES (2541,'Etoposide');
INSERT INTO surgery (id,date,patient_id,doctor_id) VALUES (2542,'2019-12-17',240,436);
INSERT INTO meds_for_surgery (surgery_id,med) VALUES (2542,'Nevirapine');
INSERT INTO surgery (id,date,patient_id,doctor_id) VALUES (2543,'2019-12-10',395,18);
INSERT INTO meds_for_surgery (surgery_id,med) VALUES (2543,'Ifosfamide');
INSERT INTO surgery (id,date,patient_id,doctor_id) VALUES (2544,'2019-11-30',182,210);
INSERT INTO meds_for_surgery (surgery_id,med) VALUES (2544,'Meloxicam');
INSERT INTO surgery (id,date,patient_id,doctor_id) VALUES (2545,'2019-11-30',387,54);
INSERT INTO meds_for_surgery (surgery_id,med) VALUES (2545,'Meperidine');
INSERT INTO surgery (id,date,patient_id,doctor_id) VALUES (2546,'2019-12-14',385,370);
INSERT INTO meds_for_surgery (surgery_id,med) VALUES (2546,'Procarbazine');
INSERT INTO surgery (id,date,patient_id,doctor_id) VALUES (2547,'2019-12-04',389,438);
INSERT INTO meds_for_surgery (surgery_id,med) VALUES (2547,'Emicizumab');
INSERT INTO surgery (id,date,patient_id,doctor_id) VALUES (2548,'2019-12-21',429,347);
INSERT INTO meds_for_surgery (surgery_id,med) VALUES (2548,'Phosphorus');
INSERT INTO surgery (id,date,patient_id,doctor_id) VALUES (2549,'2019-11-23',238,294);
INSERT INTO meds_for_surgery (surgery_id,med) VALUES (2549,'Vinblastine');
INSERT INTO surgery (id,date,patient_id,doctor_id) VALUES (2550,'2019-12-20',227,85);
INSERT INTO meds_for_surgery (surgery_id,med) VALUES (2550,'Thioguanine');
INSERT INTO surgery (id,date,patient_id,doctor_id) VALUES (2551,'2019-12-22',290,40);
INSERT INTO meds_for_surgery (surgery_id,med) VALUES (2551,'Topotecan');
INSERT INTO surgery (id,date,patient_id,doctor_id) VALUES (2552,'2019-12-21',330,152);
INSERT INTO meds_for_surgery (surgery_id,med) VALUES (2552,'Dopamine');
INSERT INTO surgery (id,date,patient_id,doctor_id) VALUES (2553,'2019-12-15',489,438);
INSERT INTO meds_for_surgery (surgery_id,med) VALUES (2553,'Omeprazole');
INSERT INTO surgery (id,date,patient_id,doctor_id) VALUES (2554,'2019-12-22',220,379);
INSERT INTO meds_for_surgery (surgery_id,med) VALUES (2554,'Sugammadex');
INSERT INTO surgery (id,date,patient_id,doctor_id) VALUES (2555,'2019-11-27',260,355);
INSERT INTO meds_for_surgery (surgery_id,med) VALUES (2555,'Hydrocodone');
INSERT INTO surgery (id,date,patient_id,doctor_id) VALUES (2556,'2019-12-22',94,149);
INSERT INTO meds_for_surgery (surgery_id,med) VALUES (2556,'Didanosine');
INSERT INTO surgery (id,date,patient_id,doctor_id) VALUES (2557,'2019-12-22',174,115);
INSERT INTO meds_for_surgery (surgery_id,med) VALUES (2557,'Tobramycin');
INSERT INTO surgery (id,date,patient_id,doctor_id) VALUES (2558,'2019-12-25',327,210);
INSERT INTO meds_for_surgery (surgery_id,med) VALUES (2558,'Thiotepa');
INSERT INTO surgery (id,date,patient_id,doctor_id) VALUES (2559,'2019-12-02',478,250);
INSERT INTO meds_for_surgery (surgery_id,med) VALUES (2559,'Dactinomycin');
INSERT INTO surgery (id,date,patient_id,doctor_id) VALUES (2560,'2019-11-24',387,479);
INSERT INTO meds_for_surgery (surgery_id,med) VALUES (2560,'Asparaginase');
INSERT INTO surgery (id,date,patient_id,doctor_id) VALUES (2561,'2019-12-07',174,472);
INSERT INTO meds_for_surgery (surgery_id,med) VALUES (2561,'Raltegravir');
INSERT INTO surgery (id,date,patient_id,doctor_id) VALUES (2562,'2019-12-24',462,215);
INSERT INTO meds_for_surgery (surgery_id,med) VALUES (2562,'Ondansetron');
INSERT INTO surgery (id,date,patient_id,doctor_id) VALUES (2563,'2019-11-24',94,388);
INSERT INTO meds_for_surgery (surgery_id,med) VALUES (2563,'Fludarabine');
INSERT INTO surgery (id,date,patient_id,doctor_id) VALUES (2564,'2019-11-30',289,447);
INSERT INTO meds_for_surgery (surgery_id,med) VALUES (2564,'Procarbazine');
INSERT INTO surgery (id,date,patient_id,doctor_id) VALUES (2565,'2019-12-15',168,115);
INSERT INTO meds_for_surgery (surgery_id,med) VALUES (2565,'Meperidine');
INSERT INTO surgery (id,date,patient_id,doctor_id) VALUES (2566,'2019-12-11',389,11);
INSERT INTO meds_for_surgery (surgery_id,med) VALUES (2566,'Crizotinib');
INSERT INTO surgery (id,date,patient_id,doctor_id) VALUES (2567,'2019-12-12',415,392);
INSERT INTO meds_for_surgery (surgery_id,med) VALUES (2567,'Deferasirox');
INSERT INTO surgery (id,date,patient_id,doctor_id) VALUES (2568,'2019-11-23',387,186);
INSERT INTO meds_for_surgery (surgery_id,med) VALUES (2568,'Clarithromycin');
INSERT INTO surgery (id,date,patient_id,doctor_id) VALUES (2569,'2019-11-30',223,439);
INSERT INTO meds_for_surgery (surgery_id,med) VALUES (2569,'Voriconazole');
INSERT INTO surgery (id,date,patient_id,doctor_id) VALUES (2570,'2019-12-14',483,97);
INSERT INTO meds_for_surgery (surgery_id,med) VALUES (2570,'Labetalol');
INSERT INTO surgery (id,date,patient_id,doctor_id) VALUES (2571,'2019-12-10',32,348);
INSERT INTO meds_for_surgery (surgery_id,med) VALUES (2571,'Cefuroxime');
INSERT INTO surgery (id,date,patient_id,doctor_id) VALUES (2572,'2019-11-24',241,78);
INSERT INTO meds_for_surgery (surgery_id,med) VALUES (2572,'Bosentan');
INSERT INTO surgery (id,date,patient_id,doctor_id) VALUES (2573,'2019-11-29',260,250);
INSERT INTO meds_for_surgery (surgery_id,med) VALUES (2573,'Ifosfamide');
INSERT INTO surgery (id,date,patient_id,doctor_id) VALUES (2574,'2019-11-27',37,152);
INSERT INTO meds_for_surgery (surgery_id,med) VALUES (2574,'Megestrol acetate');
INSERT INTO surgery (id,date,patient_id,doctor_id) VALUES (2575,'2019-12-09',37,273);
INSERT INTO meds_for_surgery (surgery_id,med) VALUES (2575,'PEGaspargase');
INSERT INTO surgery (id,date,patient_id,doctor_id) VALUES (2576,'2019-12-13',283,268);
INSERT INTO meds_for_surgery (surgery_id,med) VALUES (2576,'Enoxaparin');
INSERT INTO surgery (id,date,patient_id,doctor_id) VALUES (2577,'2019-11-27',238,333);
INSERT INTO meds_for_surgery (surgery_id,med) VALUES (2577,'Atenolol');
INSERT INTO surgery (id,date,patient_id,doctor_id) VALUES (2578,'2019-11-24',94,314);
INSERT INTO meds_for_surgery (surgery_id,med) VALUES (2578,'Cephalexin');
INSERT INTO surgery (id,date,patient_id,doctor_id) VALUES (2579,'2019-12-20',371,447);
INSERT INTO meds_for_surgery (surgery_id,med) VALUES (2579,'Cytarabine');
INSERT INTO surgery (id,date,patient_id,doctor_id) VALUES (2580,'2019-11-29',157,62);
INSERT INTO meds_for_surgery (surgery_id,med) VALUES (2580,'Nelarabine');
INSERT INTO surgery (id,date,patient_id,doctor_id) VALUES (2581,'2019-11-29',87,312);
INSERT INTO meds_for_surgery (surgery_id,med) VALUES (2581,'Clarithromycin');
INSERT INTO surgery (id,date,patient_id,doctor_id) VALUES (2582,'2019-12-23',111,492);
INSERT INTO meds_for_surgery (surgery_id,med) VALUES (2582,'Deferasirox');
INSERT INTO surgery (id,date,patient_id,doctor_id) VALUES (2583,'2019-11-23',223,332);
INSERT INTO meds_for_surgery (surgery_id,med) VALUES (2583,'Stavudine');
INSERT INTO surgery (id,date,patient_id,doctor_id) VALUES (2584,'2019-11-24',88,62);
INSERT INTO meds_for_surgery (surgery_id,med) VALUES (2584,'Efavirenz');
INSERT INTO surgery (id,date,patient_id,doctor_id) VALUES (2585,'2019-11-25',290,115);
INSERT INTO meds_for_surgery (surgery_id,med) VALUES (2585,'Interleukin');
INSERT INTO surgery (id,date,patient_id,doctor_id) VALUES (2586,'2019-12-17',296,219);
INSERT INTO meds_for_surgery (surgery_id,med) VALUES (2586,'Enoxaparin');
INSERT INTO surgery (id,date,patient_id,doctor_id) VALUES (2587,'2019-12-10',182,370);
INSERT INTO meds_for_surgery (surgery_id,med) VALUES (2587,'Megestrol acetate');
INSERT INTO surgery (id,date,patient_id,doctor_id) VALUES (2588,'2019-11-23',360,479);
INSERT INTO meds_for_surgery (surgery_id,med) VALUES (2588,'Alemtuzumab');
INSERT INTO surgery (id,date,patient_id,doctor_id) VALUES (2589,'2019-12-03',289,252);
INSERT INTO meds_for_surgery (surgery_id,med) VALUES (2589,'Tacrolimus');
INSERT INTO surgery (id,date,patient_id,doctor_id) VALUES (2590,'2019-12-22',61,126);
INSERT INTO meds_for_surgery (surgery_id,med) VALUES (2590,'Meloxicam');
INSERT INTO surgery (id,date,patient_id,doctor_id) VALUES (2591,'2019-11-28',451,149);
INSERT INTO meds_for_surgery (surgery_id,med) VALUES (2591,'Phenobarbital');
INSERT INTO surgery (id,date,patient_id,doctor_id) VALUES (2592,'2019-11-23',278,401);
INSERT INTO meds_for_surgery (surgery_id,med) VALUES (2592,'Dacarbazine');
INSERT INTO surgery (id,date,patient_id,doctor_id) VALUES (2593,'2019-12-17',327,173);
INSERT INTO meds_for_surgery (surgery_id,med) VALUES (2593,'Potassium');
INSERT INTO surgery (id,date,patient_id,doctor_id) VALUES (2594,'2019-12-01',150,439);
INSERT INTO meds_for_surgery (surgery_id,med) VALUES (2594,'Erythromycin');
INSERT INTO surgery (id,date,patient_id,doctor_id) VALUES (2595,'2019-12-01',100,388);
INSERT INTO meds_for_surgery (surgery_id,med) VALUES (2595,'Eltrombopag');
INSERT INTO surgery (id,date,patient_id,doctor_id) VALUES (2596,'2019-12-27',346,314);
INSERT INTO meds_for_surgery (surgery_id,med) VALUES (2596,'Mitoxantrone');
INSERT INTO surgery (id,date,patient_id,doctor_id) VALUES (2597,'2019-12-10',457,54);
INSERT INTO meds_for_surgery (surgery_id,med) VALUES (2597,'Trimethoprim');
INSERT INTO surgery (id,date,patient_id,doctor_id) VALUES (2598,'2019-12-10',304,285);
INSERT INTO meds_for_surgery (surgery_id,med) VALUES (2598,'Captopril');
INSERT INTO surgery (id,date,patient_id,doctor_id) VALUES (2599,'2019-12-16',94,439);
INSERT INTO meds_for_surgery (surgery_id,med) VALUES (2599,'Methadone');
INSERT INTO surgery (id,date,patient_id,doctor_id) VALUES (2600,'2019-12-03',327,17);
INSERT INTO meds_for_surgery (surgery_id,med) VALUES (2600,'Diclofenac');
INSERT INTO surgery (id,date,patient_id,doctor_id) VALUES (2601,'2019-12-11',88,74);
INSERT INTO meds_for_surgery (surgery_id,med) VALUES (2601,'GM-CSF');
INSERT INTO surgery (id,date,patient_id,doctor_id) VALUES (2602,'2019-12-17',238,215);
INSERT INTO meds_for_surgery (surgery_id,med) VALUES (2602,'Metronidazole');
INSERT INTO surgery (id,date,patient_id,doctor_id) VALUES (2603,'2019-11-25',240,80);
INSERT INTO meds_for_surgery (surgery_id,med) VALUES (2603,'Etonogestrel');
INSERT INTO surgery (id,date,patient_id,doctor_id) VALUES (2604,'2019-12-09',269,97);
INSERT INTO meds_for_surgery (surgery_id,med) VALUES (2604,'Eltrombopag');
INSERT INTO surgery (id,date,patient_id,doctor_id) VALUES (2605,'2019-12-01',327,57);
INSERT INTO meds_for_surgery (surgery_id,med) VALUES (2605,'Dasatinib');
INSERT INTO surgery (id,date,patient_id,doctor_id) VALUES (2606,'2019-12-04',426,103);
INSERT INTO meds_for_surgery (surgery_id,med) VALUES (2606,'Mycophenolate');
INSERT INTO surgery (id,date,patient_id,doctor_id) VALUES (2607,'2019-11-26',389,4);
INSERT INTO meds_for_surgery (surgery_id,med) VALUES (2607,'Etonogestrel');
INSERT INTO surgery (id,date,patient_id,doctor_id) VALUES (2608,'2019-12-02',220,9);
INSERT INTO meds_for_surgery (surgery_id,med) VALUES (2608,'Amoxicillin');
INSERT INTO surgery (id,date,patient_id,doctor_id) VALUES (2609,'2019-12-07',360,62);
INSERT INTO meds_for_surgery (surgery_id,med) VALUES (2609,'G-CSF');
INSERT INTO surgery (id,date,patient_id,doctor_id) VALUES (2610,'2019-12-04',87,472);
INSERT INTO meds_for_surgery (surgery_id,med) VALUES (2610,'Ganciclovir');
INSERT INTO surgery (id,date,patient_id,doctor_id) VALUES (2611,'2019-12-08',172,309);
INSERT INTO meds_for_surgery (surgery_id,med) VALUES (2611,'Modafinil');
INSERT INTO surgery (id,date,patient_id,doctor_id) VALUES (2612,'2019-12-22',426,97);
INSERT INTO meds_for_surgery (surgery_id,med) VALUES (2612,'Penicillin');
INSERT INTO surgery (id,date,patient_id,doctor_id) VALUES (2613,'2019-11-30',156,391);
INSERT INTO meds_for_surgery (surgery_id,med) VALUES (2613,'Aminocaproic Acid');
INSERT INTO surgery (id,date,patient_id,doctor_id) VALUES (2614,'2019-12-24',327,78);
INSERT INTO meds_for_surgery (surgery_id,med) VALUES (2614,'Ketoconazole');
INSERT INTO surgery (id,date,patient_id,doctor_id) VALUES (2615,'2019-11-25',182,74);
INSERT INTO meds_for_surgery (surgery_id,med) VALUES (2615,'Gefitinib');
INSERT INTO surgery (id,date,patient_id,doctor_id) VALUES (2616,'2019-12-05',432,115);
INSERT INTO meds_for_surgery (surgery_id,med) VALUES (2616,'Lorazepam');
INSERT INTO surgery (id,date,patient_id,doctor_id) VALUES (2617,'2019-12-09',387,310);
INSERT INTO meds_for_surgery (surgery_id,med) VALUES (2617,'Famciclovir');
INSERT INTO surgery (id,date,patient_id,doctor_id) VALUES (2618,'2019-12-20',478,309);
INSERT INTO meds_for_surgery (surgery_id,med) VALUES (2618,'Darunavir');
INSERT INTO surgery (id,date,patient_id,doctor_id) VALUES (2619,'2019-11-26',175,388);
INSERT INTO meds_for_surgery (surgery_id,med) VALUES (2619,'Daunorubicin');
INSERT INTO surgery (id,date,patient_id,doctor_id) VALUES (2620,'2019-11-27',37,103);
INSERT INTO meds_for_surgery (surgery_id,med) VALUES (2620,'Crizotinib');
INSERT INTO surgery (id,date,patient_id,doctor_id) VALUES (2621,'2019-12-06',360,347);
INSERT INTO meds_for_surgery (surgery_id,med) VALUES (2621,'Cyproheptadine');
INSERT INTO surgery (id,date,patient_id,doctor_id) VALUES (2622,'2019-11-23',37,355);
INSERT INTO meds_for_surgery (surgery_id,med) VALUES (2622,'GM-CSF');
INSERT INTO surgery (id,date,patient_id,doctor_id) VALUES (2623,'2019-12-07',471,273);
INSERT INTO meds_for_surgery (surgery_id,med) VALUES (2623,'Ranitidine');
INSERT INTO surgery (id,date,patient_id,doctor_id) VALUES (2624,'2019-12-04',61,323);
INSERT INTO meds_for_surgery (surgery_id,med) VALUES (2624,'Thioguanine');
INSERT INTO surgery (id,date,patient_id,doctor_id) VALUES (2625,'2019-12-18',488,358);
INSERT INTO meds_for_surgery (surgery_id,med) VALUES (2625,'Dronabinol');
INSERT INTO surgery (id,date,patient_id,doctor_id) VALUES (2626,'2019-12-11',498,9);
INSERT INTO meds_for_surgery (surgery_id,med) VALUES (2626,'Rituximab');
INSERT INTO surgery (id,date,patient_id,doctor_id) VALUES (2627,'2019-12-14',119,370);
INSERT INTO meds_for_surgery (surgery_id,med) VALUES (2627,'Rivaroxaban');
INSERT INTO surgery (id,date,patient_id,doctor_id) VALUES (2628,'2019-12-18',339,314);
INSERT INTO meds_for_surgery (surgery_id,med) VALUES (2628,'Gefitinib');
INSERT INTO surgery (id,date,patient_id,doctor_id) VALUES (2629,'2019-12-03',278,314);
INSERT INTO meds_for_surgery (surgery_id,med) VALUES (2629,'Imipenem');
INSERT INTO surgery (id,date,patient_id,doctor_id) VALUES (2630,'2019-12-18',290,370);
INSERT INTO meds_for_surgery (surgery_id,med) VALUES (2630,'Norepinephrine');
INSERT INTO surgery (id,date,patient_id,doctor_id) VALUES (2631,'2019-12-11',304,433);
INSERT INTO meds_for_surgery (surgery_id,med) VALUES (2631,'Omeprazole');
INSERT INTO surgery (id,date,patient_id,doctor_id) VALUES (2632,'2019-12-26',172,115);
INSERT INTO meds_for_surgery (surgery_id,med) VALUES (2632,'Amifostine');
INSERT INTO surgery (id,date,patient_id,doctor_id) VALUES (2633,'2019-11-29',39,467);
INSERT INTO meds_for_surgery (surgery_id,med) VALUES (2633,'Acyclovir');
INSERT INTO surgery (id,date,patient_id,doctor_id) VALUES (2634,'2019-11-23',415,314);
INSERT INTO meds_for_surgery (surgery_id,med) VALUES (2634,'Methylphenidate');
INSERT INTO surgery (id,date,patient_id,doctor_id) VALUES (2635,'2019-12-26',92,252);
INSERT INTO meds_for_surgery (surgery_id,med) VALUES (2635,'Phosphorus');
INSERT INTO surgery (id,date,patient_id,doctor_id) VALUES (2636,'2019-11-23',168,492);
INSERT INTO meds_for_surgery (surgery_id,med) VALUES (2636,'Hydromorphone');
INSERT INTO surgery (id,date,patient_id,doctor_id) VALUES (2637,'2019-12-03',241,439);
INSERT INTO meds_for_surgery (surgery_id,med) VALUES (2637,'Lamivudine');
INSERT INTO surgery (id,date,patient_id,doctor_id) VALUES (2638,'2019-12-25',223,439);
INSERT INTO meds_for_surgery (surgery_id,med) VALUES (2638,'L-glutamine');
INSERT INTO surgery (id,date,patient_id,doctor_id) VALUES (2639,'2019-12-05',430,391);
INSERT INTO meds_for_surgery (surgery_id,med) VALUES (2639,'Thioguanine');
INSERT INTO surgery (id,date,patient_id,doctor_id) VALUES (2640,'2019-12-03',397,186);
INSERT INTO meds_for_surgery (surgery_id,med) VALUES (2640,'Dasatinib');
INSERT INTO surgery (id,date,patient_id,doctor_id) VALUES (2641,'2019-12-22',238,232);
INSERT INTO meds_for_surgery (surgery_id,med) VALUES (2641,'Cyclobenzaprine');
INSERT INTO surgery (id,date,patient_id,doctor_id) VALUES (2642,'2019-12-25',289,4);
INSERT INTO meds_for_surgery (surgery_id,med) VALUES (2642,'Emtricitabine');
INSERT INTO surgery (id,date,patient_id,doctor_id) VALUES (2643,'2019-12-26',93,294);
INSERT INTO meds_for_surgery (surgery_id,med) VALUES (2643,'Cisplatin');
INSERT INTO surgery (id,date,patient_id,doctor_id) VALUES (2644,'2019-12-21',8,186);
INSERT INTO meds_for_surgery (surgery_id,med) VALUES (2644,'Clofarabine');
INSERT INTO surgery (id,date,patient_id,doctor_id) VALUES (2645,'2019-12-24',413,436);
INSERT INTO meds_for_surgery (surgery_id,med) VALUES (2645,'Meperidine');
INSERT INTO surgery (id,date,patient_id,doctor_id) VALUES (2646,'2019-12-13',21,439);
INSERT INTO meds_for_surgery (surgery_id,med) VALUES (2646,'Paclitaxel');
INSERT INTO surgery (id,date,patient_id,doctor_id) VALUES (2647,'2019-11-26',100,358);
INSERT INTO meds_for_surgery (surgery_id,med) VALUES (2647,'Clarithromycin');
INSERT INTO surgery (id,date,patient_id,doctor_id) VALUES (2648,'2019-12-04',7,229);
INSERT INTO meds_for_surgery (surgery_id,med) VALUES (2648,'Zidovudine');
INSERT INTO surgery (id,date,patient_id,doctor_id) VALUES (2649,'2019-11-29',5,312);
INSERT INTO meds_for_surgery (surgery_id,med) VALUES (2649,'Dronabinol');
INSERT INTO surgery (id,date,patient_id,doctor_id) VALUES (2650,'2019-12-05',110,171);
INSERT INTO meds_for_surgery (surgery_id,med) VALUES (2650,'Trimethoprim');
INSERT INTO surgery (id,date,patient_id,doctor_id) VALUES (2651,'2019-12-11',119,54);
INSERT INTO meds_for_surgery (surgery_id,med) VALUES (2651,'Allopurinol');
INSERT INTO surgery (id,date,patient_id,doctor_id) VALUES (2652,'2019-11-27',220,469);
INSERT INTO meds_for_surgery (surgery_id,med) VALUES (2652,'Ruxolitinib');
INSERT INTO surgery (id,date,patient_id,doctor_id) VALUES (2653,'2019-12-08',119,309);
INSERT INTO meds_for_surgery (surgery_id,med) VALUES (2653,'Metronidazole');
INSERT INTO surgery (id,date,patient_id,doctor_id) VALUES (2654,'2019-12-03',499,4);
INSERT INTO meds_for_surgery (surgery_id,med) VALUES (2654,'Cephalexin');
INSERT INTO surgery (id,date,patient_id,doctor_id) VALUES (2655,'2019-12-24',426,210);
INSERT INTO meds_for_surgery (surgery_id,med) VALUES (2655,'Didanosine');
INSERT INTO surgery (id,date,patient_id,doctor_id) VALUES (2656,'2019-12-24',451,325);
INSERT INTO meds_for_surgery (surgery_id,med) VALUES (2656,'Lorazepam');
INSERT INTO surgery (id,date,patient_id,doctor_id) VALUES (2657,'2019-12-27',462,467);
INSERT INTO meds_for_surgery (surgery_id,med) VALUES (2657,'Nelarabine');
INSERT INTO surgery (id,date,patient_id,doctor_id) VALUES (2658,'2019-11-29',426,120);
INSERT INTO meds_for_surgery (surgery_id,med) VALUES (2658,'Thiotepa');
INSERT INTO surgery (id,date,patient_id,doctor_id) VALUES (2659,'2019-11-23',354,479);
INSERT INTO meds_for_surgery (surgery_id,med) VALUES (2659,'Zidovudine');
INSERT INTO surgery (id,date,patient_id,doctor_id) VALUES (2660,'2019-12-05',290,392);
INSERT INTO meds_for_surgery (surgery_id,med) VALUES (2660,'Bosentan');
INSERT INTO surgery (id,date,patient_id,doctor_id) VALUES (2661,'2019-11-26',404,66);
INSERT INTO meds_for_surgery (surgery_id,med) VALUES (2661,'Alendronate');
INSERT INTO surgery (id,date,patient_id,doctor_id) VALUES (2662,'2019-11-25',426,173);
INSERT INTO meds_for_surgery (surgery_id,med) VALUES (2662,'Enalapril');
INSERT INTO surgery (id,date,patient_id,doctor_id) VALUES (2663,'2019-11-23',360,74);
INSERT INTO meds_for_surgery (surgery_id,med) VALUES (2663,'Labetalol');
INSERT INTO surgery (id,date,patient_id,doctor_id) VALUES (2664,'2019-11-24',130,309);
INSERT INTO meds_for_surgery (surgery_id,med) VALUES (2664,'Amlodipine');
INSERT INTO surgery (id,date,patient_id,doctor_id) VALUES (2665,'2019-11-30',444,138);
INSERT INTO meds_for_surgery (surgery_id,med) VALUES (2665,'Cefaclor');
INSERT INTO surgery (id,date,patient_id,doctor_id) VALUES (2666,'2019-11-28',488,229);
INSERT INTO meds_for_surgery (surgery_id,med) VALUES (2666,'Hydralazine');
INSERT INTO surgery (id,date,patient_id,doctor_id) VALUES (2667,'2019-11-23',130,229);
INSERT INTO meds_for_surgery (surgery_id,med) VALUES (2667,'Maraviroc');
INSERT INTO surgery (id,date,patient_id,doctor_id) VALUES (2668,'2019-11-27',246,152);
INSERT INTO meds_for_surgery (surgery_id,med) VALUES (2668,'Amifostine');
INSERT INTO surgery (id,date,patient_id,doctor_id) VALUES (2669,'2019-12-27',161,54);
INSERT INTO meds_for_surgery (surgery_id,med) VALUES (2669,'Phenobarbital');
INSERT INTO surgery (id,date,patient_id,doctor_id) VALUES (2670,'2019-12-20',462,250);
INSERT INTO meds_for_surgery (surgery_id,med) VALUES (2670,'Fludarabine');
INSERT INTO surgery (id,date,patient_id,doctor_id) VALUES (2671,'2019-12-27',488,285);
INSERT INTO meds_for_surgery (surgery_id,med) VALUES (2671,'Etoposide');
INSERT INTO surgery (id,date,patient_id,doctor_id) VALUES (2672,'2019-12-17',389,210);
INSERT INTO meds_for_surgery (surgery_id,med) VALUES (2672,'Lomustine');
INSERT INTO surgery (id,date,patient_id,doctor_id) VALUES (2673,'2019-11-25',88,9);
INSERT INTO meds_for_surgery (surgery_id,med) VALUES (2673,'Amlodipine');
INSERT INTO surgery (id,date,patient_id,doctor_id) VALUES (2674,'2019-12-10',39,144);
INSERT INTO meds_for_surgery (surgery_id,med) VALUES (2674,'Clofarabine');
INSERT INTO surgery (id,date,patient_id,doctor_id) VALUES (2675,'2019-12-09',346,309);
INSERT INTO meds_for_surgery (surgery_id,med) VALUES (2675,'Sugammadex');
INSERT INTO surgery (id,date,patient_id,doctor_id) VALUES (2676,'2019-12-04',93,186);
INSERT INTO meds_for_surgery (surgery_id,med) VALUES (2676,'Daunorubicin');
INSERT INTO surgery (id,date,patient_id,doctor_id) VALUES (2677,'2019-12-27',157,144);
INSERT INTO meds_for_surgery (surgery_id,med) VALUES (2677,'Erythromycin');
INSERT INTO surgery (id,date,patient_id,doctor_id) VALUES (2678,'2019-12-23',174,401);
INSERT INTO meds_for_surgery (surgery_id,med) VALUES (2678,'Itraconazole');
INSERT INTO surgery (id,date,patient_id,doctor_id) VALUES (2679,'2019-11-27',498,80);
INSERT INTO meds_for_surgery (surgery_id,med) VALUES (2679,'Prednisone');
INSERT INTO surgery (id,date,patient_id,doctor_id) VALUES (2680,'2019-12-07',8,17);
INSERT INTO meds_for_surgery (surgery_id,med) VALUES (2680,'Ranitidine');
INSERT INTO surgery (id,date,patient_id,doctor_id) VALUES (2681,'2019-12-15',389,310);
INSERT INTO meds_for_surgery (surgery_id,med) VALUES (2681,'Magnesium');
INSERT INTO surgery (id,date,patient_id,doctor_id) VALUES (2682,'2019-12-26',7,391);
INSERT INTO meds_for_surgery (surgery_id,med) VALUES (2682,'Rivaroxaban');
INSERT INTO surgery (id,date,patient_id,doctor_id) VALUES (2683,'2019-12-03',384,263);
INSERT INTO meds_for_surgery (surgery_id,med) VALUES (2683,'Labetalol');
INSERT INTO surgery (id,date,patient_id,doctor_id) VALUES (2684,'2019-12-18',100,215);
INSERT INTO meds_for_surgery (surgery_id,med) VALUES (2684,'Rivaroxaban');
INSERT INTO surgery (id,date,patient_id,doctor_id) VALUES (2685,'2019-12-26',100,85);
INSERT INTO meds_for_surgery (surgery_id,med) VALUES (2685,'Cefepime');
INSERT INTO surgery (id,date,patient_id,doctor_id) VALUES (2686,'2019-12-06',60,309);
INSERT INTO meds_for_surgery (surgery_id,med) VALUES (2686,'Azithromycin');
INSERT INTO surgery (id,date,patient_id,doctor_id) VALUES (2687,'2019-11-26',384,252);
INSERT INTO meds_for_surgery (surgery_id,med) VALUES (2687,'Didanosine');
INSERT INTO surgery (id,date,patient_id,doctor_id) VALUES (2688,'2019-12-02',157,379);
INSERT INTO meds_for_surgery (surgery_id,med) VALUES (2688,'Mitoxantrone');
INSERT INTO surgery (id,date,patient_id,doctor_id) VALUES (2689,'2019-12-09',150,472);
INSERT INTO meds_for_surgery (surgery_id,med) VALUES (2689,'Magnesium');
INSERT INTO surgery (id,date,patient_id,doctor_id) VALUES (2690,'2019-11-30',76,215);
INSERT INTO meds_for_surgery (surgery_id,med) VALUES (2690,'Imipenem');
INSERT INTO surgery (id,date,patient_id,doctor_id) VALUES (2691,'2019-12-04',485,178);
INSERT INTO meds_for_surgery (surgery_id,med) VALUES (2691,'Amikacin');
INSERT INTO surgery (id,date,patient_id,doctor_id) VALUES (2692,'2019-12-06',389,9);
INSERT INTO meds_for_surgery (surgery_id,med) VALUES (2692,'Phosphorus');
INSERT INTO surgery (id,date,patient_id,doctor_id) VALUES (2693,'2019-11-29',389,436);
INSERT INTO meds_for_surgery (surgery_id,med) VALUES (2693,'Gabapentin');
INSERT INTO surgery (id,date,patient_id,doctor_id) VALUES (2694,'2019-12-04',174,171);
INSERT INTO meds_for_surgery (surgery_id,med) VALUES (2694,'Cyproheptadine');
INSERT INTO surgery (id,date,patient_id,doctor_id) VALUES (2695,'2019-11-28',157,433);
INSERT INTO meds_for_surgery (surgery_id,med) VALUES (2695,'Norepinephrine');
INSERT INTO surgery (id,date,patient_id,doctor_id) VALUES (2696,'2019-11-23',287,9);
INSERT INTO meds_for_surgery (surgery_id,med) VALUES (2696,'Vinblastine');
INSERT INTO surgery (id,date,patient_id,doctor_id) VALUES (2697,'2019-11-24',255,379);
INSERT INTO meds_for_surgery (surgery_id,med) VALUES (2697,'Vinblastine');
INSERT INTO surgery (id,date,patient_id,doctor_id) VALUES (2698,'2019-12-03',289,442);
INSERT INTO meds_for_surgery (surgery_id,med) VALUES (2698,'Emtricitabine');
INSERT INTO surgery (id,date,patient_id,doctor_id) VALUES (2699,'2019-12-24',458,66);
INSERT INTO meds_for_surgery (surgery_id,med) VALUES (2699,'Trimethoprim');
INSERT INTO surgery (id,date,patient_id,doctor_id) VALUES (2700,'2019-12-16',269,11);
INSERT INTO meds_for_surgery (surgery_id,med) VALUES (2700,'Megestrol acetate');
INSERT INTO surgery (id,date,patient_id,doctor_id) VALUES (2701,'2019-12-05',413,447);
INSERT INTO meds_for_surgery (surgery_id,med) VALUES (2701,'Lamivudine');
INSERT INTO surgery (id,date,patient_id,doctor_id) VALUES (2702,'2019-11-27',283,144);
INSERT INTO meds_for_surgery (surgery_id,med) VALUES (2702,'Ranitidine');
INSERT INTO surgery (id,date,patient_id,doctor_id) VALUES (2703,'2019-12-12',296,447);
INSERT INTO meds_for_surgery (surgery_id,med) VALUES (2703,'Hydromorphone');
INSERT INTO surgery (id,date,patient_id,doctor_id) VALUES (2704,'2019-11-24',58,388);
INSERT INTO meds_for_surgery (surgery_id,med) VALUES (2704,'Cyclobenzaprine');
INSERT INTO surgery (id,date,patient_id,doctor_id) VALUES (2705,'2019-12-18',384,492);
INSERT INTO meds_for_surgery (surgery_id,med) VALUES (2705,'Levothyroxine');
INSERT INTO surgery (id,date,patient_id,doctor_id) VALUES (2706,'2019-11-27',87,199);
INSERT INTO meds_for_surgery (surgery_id,med) VALUES (2706,'Famciclovir');
INSERT INTO surgery (id,date,patient_id,doctor_id) VALUES (2707,'2019-11-23',177,152);
INSERT INTO meds_for_surgery (surgery_id,med) VALUES (2707,'Cefaclor');
INSERT INTO surgery (id,date,patient_id,doctor_id) VALUES (2708,'2019-12-09',483,197);
INSERT INTO meds_for_surgery (surgery_id,med) VALUES (2708,'Interleukin');
INSERT INTO surgery (id,date,patient_id,doctor_id) VALUES (2709,'2019-12-09',264,325);
INSERT INTO meds_for_surgery (surgery_id,med) VALUES (2709,'Methylphenidate');
INSERT INTO surgery (id,date,patient_id,doctor_id) VALUES (2710,'2019-11-30',7,18);
INSERT INTO meds_for_surgery (surgery_id,med) VALUES (2710,'Trimethoprim');
INSERT INTO surgery (id,date,patient_id,doctor_id) VALUES (2711,'2019-12-23',217,40);
INSERT INTO meds_for_surgery (surgery_id,med) VALUES (2711,'Gemcitabine');
INSERT INTO surgery (id,date,patient_id,doctor_id) VALUES (2712,'2019-12-04',87,9);
INSERT INTO meds_for_surgery (surgery_id,med) VALUES (2712,'Gemcitabine');
INSERT INTO surgery (id,date,patient_id,doctor_id) VALUES (2713,'2019-12-06',246,136);
INSERT INTO meds_for_surgery (surgery_id,med) VALUES (2713,'Tretinoin');
INSERT INTO surgery (id,date,patient_id,doctor_id) VALUES (2714,'2019-12-16',462,250);
INSERT INTO meds_for_surgery (surgery_id,med) VALUES (2714,'Cyclosporine');
INSERT INTO surgery (id,date,patient_id,doctor_id) VALUES (2715,'2019-11-27',330,197);
INSERT INTO meds_for_surgery (surgery_id,med) VALUES (2715,'Leucovorin');
INSERT INTO surgery (id,date,patient_id,doctor_id) VALUES (2716,'2019-12-04',384,447);
INSERT INTO meds_for_surgery (surgery_id,med) VALUES (2716,'Tobramycin');
INSERT INTO surgery (id,date,patient_id,doctor_id) VALUES (2717,'2019-12-17',156,136);
INSERT INTO meds_for_surgery (surgery_id,med) VALUES (2717,'Norepinephrine');
INSERT INTO surgery (id,date,patient_id,doctor_id) VALUES (2718,'2019-12-09',255,54);
INSERT INTO meds_for_surgery (surgery_id,med) VALUES (2718,'Cidofovir');
INSERT INTO surgery (id,date,patient_id,doctor_id) VALUES (2719,'2019-12-25',87,285);
INSERT INTO meds_for_surgery (surgery_id,med) VALUES (2719,'Methadone');
INSERT INTO surgery (id,date,patient_id,doctor_id) VALUES (2720,'2019-12-18',413,57);
INSERT INTO meds_for_surgery (surgery_id,med) VALUES (2720,'Phenobarbital');
INSERT INTO surgery (id,date,patient_id,doctor_id) VALUES (2721,'2019-12-07',414,480);
INSERT INTO meds_for_surgery (surgery_id,med) VALUES (2721,'Lomustine');
INSERT INTO surgery (id,date,patient_id,doctor_id) VALUES (2722,'2019-11-30',100,78);
INSERT INTO meds_for_surgery (surgery_id,med) VALUES (2722,'Ritonavir');
INSERT INTO surgery (id,date,patient_id,doctor_id) VALUES (2723,'2019-11-27',109,262);
INSERT INTO meds_for_surgery (surgery_id,med) VALUES (2723,'Linezolid');
INSERT INTO surgery (id,date,patient_id,doctor_id) VALUES (2724,'2019-12-07',92,232);
INSERT INTO meds_for_surgery (surgery_id,med) VALUES (2724,'Megestrol acetate');
INSERT INTO surgery (id,date,patient_id,doctor_id) VALUES (2725,'2019-12-23',220,62);
INSERT INTO meds_for_surgery (surgery_id,med) VALUES (2725,'Eltrombopag');
INSERT INTO surgery (id,date,patient_id,doctor_id) VALUES (2726,'2019-12-05',404,120);
INSERT INTO meds_for_surgery (surgery_id,med) VALUES (2726,'Muromonab');
INSERT INTO surgery (id,date,patient_id,doctor_id) VALUES (2727,'2019-12-10',223,11);
INSERT INTO meds_for_surgery (surgery_id,med) VALUES (2727,'Saquinavir');
INSERT INTO surgery (id,date,patient_id,doctor_id) VALUES (2728,'2019-12-11',264,263);
INSERT INTO meds_for_surgery (surgery_id,med) VALUES (2728,'Oxycodone');
INSERT INTO surgery (id,date,patient_id,doctor_id) VALUES (2729,'2019-12-12',458,294);
INSERT INTO meds_for_surgery (surgery_id,med) VALUES (2729,'Desmopressin');
INSERT INTO surgery (id,date,patient_id,doctor_id) VALUES (2730,'2019-12-10',260,325);
INSERT INTO meds_for_surgery (surgery_id,med) VALUES (2730,'Mercaptopurine');
INSERT INTO surgery (id,date,patient_id,doctor_id) VALUES (2731,'2019-12-23',5,115);
INSERT INTO meds_for_surgery (surgery_id,med) VALUES (2731,'G-CSF');
INSERT INTO surgery (id,date,patient_id,doctor_id) VALUES (2732,'2019-12-13',385,18);
INSERT INTO meds_for_surgery (surgery_id,med) VALUES (2732,'Didanosine');
INSERT INTO surgery (id,date,patient_id,doctor_id) VALUES (2733,'2019-12-26',429,120);
INSERT INTO meds_for_surgery (surgery_id,med) VALUES (2733,'Cefixime');
INSERT INTO surgery (id,date,patient_id,doctor_id) VALUES (2734,'2019-11-29',499,144);
INSERT INTO meds_for_surgery (surgery_id,med) VALUES (2734,'Linezolid');
INSERT INTO surgery (id,date,patient_id,doctor_id) VALUES (2735,'2019-12-17',289,268);
INSERT INTO meds_for_surgery (surgery_id,med) VALUES (2735,'Emtricitabine');
INSERT INTO surgery (id,date,patient_id,doctor_id) VALUES (2736,'2019-12-21',374,263);
INSERT INTO meds_for_surgery (surgery_id,med) VALUES (2736,'Methotrexate');
INSERT INTO surgery (id,date,patient_id,doctor_id) VALUES (2737,'2019-11-26',246,41);
INSERT INTO meds_for_surgery (surgery_id,med) VALUES (2737,'Penicillin');
INSERT INTO surgery (id,date,patient_id,doctor_id) VALUES (2738,'2019-11-26',150,197);
INSERT INTO meds_for_surgery (surgery_id,med) VALUES (2738,'Lopinavir');
INSERT INTO surgery (id,date,patient_id,doctor_id) VALUES (2739,'2019-12-16',360,405);
INSERT INTO meds_for_surgery (surgery_id,med) VALUES (2739,'Phenytoin');
INSERT INTO surgery (id,date,patient_id,doctor_id) VALUES (2740,'2019-12-24',483,447);
INSERT INTO meds_for_surgery (surgery_id,med) VALUES (2740,'Emicizumab');
INSERT INTO surgery (id,date,patient_id,doctor_id) VALUES (2741,'2019-11-26',389,310);
INSERT INTO meds_for_surgery (surgery_id,med) VALUES (2741,'Bleomycin');
INSERT INTO surgery (id,date,patient_id,doctor_id) VALUES (2742,'2019-11-26',220,439);
INSERT INTO meds_for_surgery (surgery_id,med) VALUES (2742,'Erythromycin');
INSERT INTO surgery (id,date,patient_id,doctor_id) VALUES (2743,'2019-12-23',111,186);
INSERT INTO meds_for_surgery (surgery_id,med) VALUES (2743,'Bleomycin');
INSERT INTO surgery (id,date,patient_id,doctor_id) VALUES (2744,'2019-12-21',451,262);
INSERT INTO meds_for_surgery (surgery_id,med) VALUES (2744,'Interferon');
INSERT INTO surgery (id,date,patient_id,doctor_id) VALUES (2745,'2019-12-16',109,392);
INSERT INTO meds_for_surgery (surgery_id,med) VALUES (2745,'Lamivudine');
INSERT INTO surgery (id,date,patient_id,doctor_id) VALUES (2746,'2019-12-22',278,126);
INSERT INTO meds_for_surgery (surgery_id,med) VALUES (2746,'Enoxaparin');
INSERT INTO surgery (id,date,patient_id,doctor_id) VALUES (2747,'2019-11-30',156,294);
INSERT INTO meds_for_surgery (surgery_id,med) VALUES (2747,'Dacarbazine');
INSERT INTO surgery (id,date,patient_id,doctor_id) VALUES (2748,'2019-12-13',290,439);
INSERT INTO meds_for_surgery (surgery_id,med) VALUES (2748,'Promethazine');
INSERT INTO surgery (id,date,patient_id,doctor_id) VALUES (2749,'2019-12-01',150,252);
INSERT INTO meds_for_surgery (surgery_id,med) VALUES (2749,'Eltrombopag');
INSERT INTO surgery (id,date,patient_id,doctor_id) VALUES (2750,'2019-12-09',110,405);
INSERT INTO meds_for_surgery (surgery_id,med) VALUES (2750,'Doxorubicin');
INSERT INTO surgery (id,date,patient_id,doctor_id) VALUES (2751,'2019-12-09',174,171);
INSERT INTO meds_for_surgery (surgery_id,med) VALUES (2751,'Stavudine');
INSERT INTO surgery (id,date,patient_id,doctor_id) VALUES (2752,'2019-11-23',246,40);
INSERT INTO meds_for_surgery (surgery_id,med) VALUES (2752,'Vancomycin');
INSERT INTO surgery (id,date,patient_id,doctor_id) VALUES (2753,'2019-11-29',304,310);
INSERT INTO meds_for_surgery (surgery_id,med) VALUES (2753,'Linezolid');
INSERT INTO surgery (id,date,patient_id,doctor_id) VALUES (2754,'2019-11-29',174,309);
INSERT INTO meds_for_surgery (surgery_id,med) VALUES (2754,'Leucovorin');
INSERT INTO surgery (id,date,patient_id,doctor_id) VALUES (2755,'2019-11-26',32,391);
INSERT INTO meds_for_surgery (surgery_id,med) VALUES (2755,'Mechlorethamine');
INSERT INTO surgery (id,date,patient_id,doctor_id) VALUES (2756,'2019-11-23',488,250);
INSERT INTO meds_for_surgery (surgery_id,med) VALUES (2756,'Gemcitabine');
INSERT INTO surgery (id,date,patient_id,doctor_id) VALUES (2757,'2019-11-24',220,144);
INSERT INTO meds_for_surgery (surgery_id,med) VALUES (2757,'Imipenem');
INSERT INTO surgery (id,date,patient_id,doctor_id) VALUES (2758,'2019-11-30',399,467);
INSERT INTO meds_for_surgery (surgery_id,med) VALUES (2758,'Meropenem');
INSERT INTO surgery (id,date,patient_id,doctor_id) VALUES (2759,'2019-12-05',109,333);
INSERT INTO meds_for_surgery (surgery_id,med) VALUES (2759,'Thioguanine');
INSERT INTO surgery (id,date,patient_id,doctor_id) VALUES (2760,'2019-12-08',385,9);
INSERT INTO meds_for_surgery (surgery_id,med) VALUES (2760,'Tenofovir');
INSERT INTO surgery (id,date,patient_id,doctor_id) VALUES (2761,'2019-12-27',354,333);
INSERT INTO meds_for_surgery (surgery_id,med) VALUES (2761,'Didanosine');
INSERT INTO surgery (id,date,patient_id,doctor_id) VALUES (2762,'2019-11-23',117,215);
INSERT INTO meds_for_surgery (surgery_id,med) VALUES (2762,'Alemtuzumab');
INSERT INTO surgery (id,date,patient_id,doctor_id) VALUES (2763,'2019-11-25',458,40);
INSERT INTO meds_for_surgery (surgery_id,med) VALUES (2763,'Phosphorus');
INSERT INTO surgery (id,date,patient_id,doctor_id) VALUES (2764,'2019-11-27',426,197);
INSERT INTO meds_for_surgery (surgery_id,med) VALUES (2764,'Meloxicam');
INSERT INTO surgery (id,date,patient_id,doctor_id) VALUES (2765,'2019-12-27',269,197);
INSERT INTO meds_for_surgery (surgery_id,med) VALUES (2765,'Isotretinoin');
INSERT INTO surgery (id,date,patient_id,doctor_id) VALUES (2766,'2019-12-24',241,438);
INSERT INTO meds_for_surgery (surgery_id,med) VALUES (2766,'Lorazepam');
INSERT INTO surgery (id,date,patient_id,doctor_id) VALUES (2767,'2019-12-03',168,433);
INSERT INTO meds_for_surgery (surgery_id,med) VALUES (2767,'Mesna');
INSERT INTO surgery (id,date,patient_id,doctor_id) VALUES (2768,'2019-12-19',7,439);
INSERT INTO meds_for_surgery (surgery_id,med) VALUES (2768,'Phosphorus');
INSERT INTO surgery (id,date,patient_id,doctor_id) VALUES (2769,'2019-11-30',7,54);
INSERT INTO meds_for_surgery (surgery_id,med) VALUES (2769,'Dacarbazine');
INSERT INTO surgery (id,date,patient_id,doctor_id) VALUES (2770,'2019-11-23',174,4);
INSERT INTO meds_for_surgery (surgery_id,med) VALUES (2770,'Rasburicase');
INSERT INTO surgery (id,date,patient_id,doctor_id) VALUES (2771,'2019-12-13',182,405);
INSERT INTO meds_for_surgery (surgery_id,med) VALUES (2771,'Gemcitabine');
INSERT INTO surgery (id,date,patient_id,doctor_id) VALUES (2772,'2019-12-07',354,333);
INSERT INTO meds_for_surgery (surgery_id,med) VALUES (2772,'Dornase alfa');
INSERT INTO surgery (id,date,patient_id,doctor_id) VALUES (2773,'2019-12-05',413,391);
INSERT INTO meds_for_surgery (surgery_id,med) VALUES (2773,'Pentamidine');
INSERT INTO surgery (id,date,patient_id,doctor_id) VALUES (2774,'2019-11-26',87,323);
INSERT INTO meds_for_surgery (surgery_id,med) VALUES (2774,'Modafinil');
INSERT INTO surgery (id,date,patient_id,doctor_id) VALUES (2775,'2019-11-27',296,262);
INSERT INTO meds_for_surgery (surgery_id,med) VALUES (2775,'Rivaroxaban');
INSERT INTO surgery (id,date,patient_id,doctor_id) VALUES (2776,'2019-12-22',414,479);
INSERT INTO meds_for_surgery (surgery_id,med) VALUES (2776,'Oxycodone');
INSERT INTO surgery (id,date,patient_id,doctor_id) VALUES (2777,'2019-12-25',177,268);
INSERT INTO meds_for_surgery (surgery_id,med) VALUES (2777,'Erlotinib');
INSERT INTO surgery (id,date,patient_id,doctor_id) VALUES (2778,'2019-11-24',289,358);
INSERT INTO meds_for_surgery (surgery_id,med) VALUES (2778,'Alendronate');
INSERT INTO surgery (id,date,patient_id,doctor_id) VALUES (2779,'2019-12-03',426,263);
INSERT INTO meds_for_surgery (surgery_id,med) VALUES (2779,'Granisetron');
INSERT INTO surgery (id,date,patient_id,doctor_id) VALUES (2780,'2019-12-08',290,18);
INSERT INTO meds_for_surgery (surgery_id,med) VALUES (2780,'Clofarabine');
INSERT INTO surgery (id,date,patient_id,doctor_id) VALUES (2781,'2019-11-30',451,438);
INSERT INTO meds_for_surgery (surgery_id,med) VALUES (2781,'Melphalan');
INSERT INTO surgery (id,date,patient_id,doctor_id) VALUES (2782,'2019-12-12',182,379);
INSERT INTO meds_for_surgery (surgery_id,med) VALUES (2782,'Sunitinib');
INSERT INTO surgery (id,date,patient_id,doctor_id) VALUES (2783,'2019-12-10',360,57);
INSERT INTO meds_for_surgery (surgery_id,med) VALUES (2783,'Carboplatin');
INSERT INTO surgery (id,date,patient_id,doctor_id) VALUES (2784,'2019-12-01',385,171);
INSERT INTO meds_for_surgery (surgery_id,med) VALUES (2784,'Lomustine');
INSERT INTO surgery (id,date,patient_id,doctor_id) VALUES (2785,'2019-12-22',475,219);
INSERT INTO meds_for_surgery (surgery_id,med) VALUES (2785,'Dinutuximab');
INSERT INTO surgery (id,date,patient_id,doctor_id) VALUES (2786,'2019-12-09',498,355);
INSERT INTO meds_for_surgery (surgery_id,med) VALUES (2786,'Amikacin');
INSERT INTO surgery (id,date,patient_id,doctor_id) VALUES (2787,'2019-12-24',478,138);
INSERT INTO meds_for_surgery (surgery_id,med) VALUES (2787,'GM-CSF');
INSERT INTO surgery (id,date,patient_id,doctor_id) VALUES (2788,'2019-12-13',156,472);
INSERT INTO meds_for_surgery (surgery_id,med) VALUES (2788,'Dasatinib');
INSERT INTO surgery (id,date,patient_id,doctor_id) VALUES (2789,'2019-11-27',415,152);
INSERT INTO meds_for_surgery (surgery_id,med) VALUES (2789,'Vorinostat');
INSERT INTO surgery (id,date,patient_id,doctor_id) VALUES (2790,'2019-12-27',260,479);
INSERT INTO meds_for_surgery (surgery_id,med) VALUES (2790,'Pegfilgrastim');
INSERT INTO surgery (id,date,patient_id,doctor_id) VALUES (2791,'2019-12-26',485,314);
INSERT INTO meds_for_surgery (surgery_id,med) VALUES (2791,'Etonogestrel');
INSERT INTO surgery (id,date,patient_id,doctor_id) VALUES (2792,'2019-12-03',430,439);
INSERT INTO meds_for_surgery (surgery_id,med) VALUES (2792,'Meropenem');
INSERT INTO surgery (id,date,patient_id,doctor_id) VALUES (2793,'2019-11-26',483,392);
INSERT INTO meds_for_surgery (surgery_id,med) VALUES (2793,'Acyclovir');
INSERT INTO surgery (id,date,patient_id,doctor_id) VALUES (2794,'2019-12-03',60,149);
INSERT INTO meds_for_surgery (surgery_id,med) VALUES (2794,'Fludarabine');
INSERT INTO surgery (id,date,patient_id,doctor_id) VALUES (2795,'2019-12-27',330,41);
INSERT INTO meds_for_surgery (surgery_id,med) VALUES (2795,'Alendronate');
INSERT INTO surgery (id,date,patient_id,doctor_id) VALUES (2796,'2019-11-24',499,436);
INSERT INTO meds_for_surgery (surgery_id,med) VALUES (2796,'Nevirapine');
INSERT INTO surgery (id,date,patient_id,doctor_id) VALUES (2797,'2019-12-09',491,492);
INSERT INTO meds_for_surgery (surgery_id,med) VALUES (2797,'Cyclophosphamide');
INSERT INTO surgery (id,date,patient_id,doctor_id) VALUES (2798,'2019-12-17',327,405);
INSERT INTO meds_for_surgery (surgery_id,med) VALUES (2798,'PEGaspargase');
INSERT INTO surgery (id,date,patient_id,doctor_id) VALUES (2799,'2019-12-26',264,348);
INSERT INTO meds_for_surgery (surgery_id,med) VALUES (2799,'Imatinib');
INSERT INTO surgery (id,date,patient_id,doctor_id) VALUES (2800,'2019-12-24',384,149);
INSERT INTO meds_for_surgery (surgery_id,med) VALUES (2800,'Enoxaparin');
INSERT INTO surgery (id,date,patient_id,doctor_id) VALUES (2801,'2019-12-16',7,126);
INSERT INTO meds_for_surgery (surgery_id,med) VALUES (2801,'Teniposide');
INSERT INTO surgery (id,date,patient_id,doctor_id) VALUES (2802,'2019-12-20',371,262);
INSERT INTO meds_for_surgery (surgery_id,med) VALUES (2802,'Zidovudine');
INSERT INTO surgery (id,date,patient_id,doctor_id) VALUES (2803,'2019-12-25',432,4);
INSERT INTO meds_for_surgery (surgery_id,med) VALUES (2803,'Erlotinib');
INSERT INTO surgery (id,date,patient_id,doctor_id) VALUES (2804,'2019-12-10',429,347);
INSERT INTO meds_for_surgery (surgery_id,med) VALUES (2804,'Clarithromycin');
INSERT INTO surgery (id,date,patient_id,doctor_id) VALUES (2805,'2019-12-09',25,314);
INSERT INTO meds_for_surgery (surgery_id,med) VALUES (2805,'Vancomycin');
INSERT INTO surgery (id,date,patient_id,doctor_id) VALUES (2806,'2019-12-15',432,17);
INSERT INTO meds_for_surgery (surgery_id,med) VALUES (2806,'Amoxicillin');
INSERT INTO surgery (id,date,patient_id,doctor_id) VALUES (2807,'2019-12-01',283,40);
INSERT INTO meds_for_surgery (surgery_id,med) VALUES (2807,'Meloxicam');
INSERT INTO surgery (id,date,patient_id,doctor_id) VALUES (2808,'2019-12-25',168,97);
INSERT INTO meds_for_surgery (surgery_id,med) VALUES (2808,'Megestrol acetate');
INSERT INTO surgery (id,date,patient_id,doctor_id) VALUES (2809,'2019-12-16',260,263);
INSERT INTO meds_for_surgery (surgery_id,med) VALUES (2809,'Thioguanine');
INSERT INTO surgery (id,date,patient_id,doctor_id) VALUES (2810,'2019-12-23',142,309);
INSERT INTO meds_for_surgery (surgery_id,med) VALUES (2810,'Fluconazole');
INSERT INTO surgery (id,date,patient_id,doctor_id) VALUES (2811,'2019-12-21',240,332);
INSERT INTO meds_for_surgery (surgery_id,med) VALUES (2811,'Vincristine');
INSERT INTO surgery (id,date,patient_id,doctor_id) VALUES (2812,'2019-12-14',182,273);
INSERT INTO meds_for_surgery (surgery_id,med) VALUES (2812,'GM-CSF');
INSERT INTO surgery (id,date,patient_id,doctor_id) VALUES (2813,'2019-11-30',471,474);
INSERT INTO meds_for_surgery (surgery_id,med) VALUES (2813,'Dronabinol');
INSERT INTO surgery (id,date,patient_id,doctor_id) VALUES (2814,'2019-12-04',238,138);
INSERT INTO meds_for_surgery (surgery_id,med) VALUES (2814,'Zidovudine');
INSERT INTO surgery (id,date,patient_id,doctor_id) VALUES (2815,'2019-12-11',182,294);
INSERT INTO meds_for_surgery (surgery_id,med) VALUES (2815,'Captopril');
INSERT INTO surgery (id,date,patient_id,doctor_id) VALUES (2816,'2019-12-10',175,85);
INSERT INTO meds_for_surgery (surgery_id,med) VALUES (2816,'Muromonab');
INSERT INTO surgery (id,date,patient_id,doctor_id) VALUES (2817,'2019-12-11',111,149);
INSERT INTO meds_for_surgery (surgery_id,med) VALUES (2817,'Clarithromycin');
INSERT INTO surgery (id,date,patient_id,doctor_id) VALUES (2818,'2019-12-20',458,294);
INSERT INTO meds_for_surgery (surgery_id,med) VALUES (2818,'Posaconazole');
INSERT INTO surgery (id,date,patient_id,doctor_id) VALUES (2819,'2019-11-25',110,442);
INSERT INTO meds_for_surgery (surgery_id,med) VALUES (2819,'Cyclosporine');
INSERT INTO surgery (id,date,patient_id,doctor_id) VALUES (2820,'2019-11-24',374,57);
INSERT INTO meds_for_surgery (surgery_id,med) VALUES (2820,'Hydromorphone');
INSERT INTO surgery (id,date,patient_id,doctor_id) VALUES (2821,'2019-11-26',7,347);
INSERT INTO meds_for_surgery (surgery_id,med) VALUES (2821,'Deferasirox');
INSERT INTO surgery (id,date,patient_id,doctor_id) VALUES (2822,'2019-12-14',458,479);
INSERT INTO meds_for_surgery (surgery_id,med) VALUES (2822,'Immune');
INSERT INTO surgery (id,date,patient_id,doctor_id) VALUES (2823,'2019-12-06',21,78);
INSERT INTO meds_for_surgery (surgery_id,med) VALUES (2823,'Cidofovir');
INSERT INTO surgery (id,date,patient_id,doctor_id) VALUES (2824,'2019-12-15',111,215);
INSERT INTO meds_for_surgery (surgery_id,med) VALUES (2824,'Lamivudine');
INSERT INTO surgery (id,date,patient_id,doctor_id) VALUES (2825,'2019-11-28',429,285);
INSERT INTO meds_for_surgery (surgery_id,med) VALUES (2825,'Posaconazole');
INSERT INTO surgery (id,date,patient_id,doctor_id) VALUES (2826,'2019-12-13',92,472);
INSERT INTO meds_for_surgery (surgery_id,med) VALUES (2826,'Aminocaproic Acid');
INSERT INTO surgery (id,date,patient_id,doctor_id) VALUES (2827,'2019-12-12',208,325);
INSERT INTO meds_for_surgery (surgery_id,med) VALUES (2827,'Nelfinavir');
INSERT INTO surgery (id,date,patient_id,doctor_id) VALUES (2828,'2019-11-30',92,11);
INSERT INTO meds_for_surgery (surgery_id,med) VALUES (2828,'Itraconazole');
INSERT INTO surgery (id,date,patient_id,doctor_id) VALUES (2829,'2019-12-03',339,268);
INSERT INTO meds_for_surgery (surgery_id,med) VALUES (2829,'Baclofen');
INSERT INTO surgery (id,date,patient_id,doctor_id) VALUES (2830,'2019-12-22',110,436);
INSERT INTO meds_for_surgery (surgery_id,med) VALUES (2830,'Crizotinib');
INSERT INTO surgery (id,date,patient_id,doctor_id) VALUES (2831,'2019-12-04',432,347);
INSERT INTO meds_for_surgery (surgery_id,med) VALUES (2831,'Nevirapine');
INSERT INTO surgery (id,date,patient_id,doctor_id) VALUES (2832,'2019-12-27',220,57);
INSERT INTO meds_for_surgery (surgery_id,med) VALUES (2832,'Dapsone');
INSERT INTO surgery (id,date,patient_id,doctor_id) VALUES (2833,'2019-12-01',290,85);
INSERT INTO meds_for_surgery (surgery_id,med) VALUES (2833,'Interferon');
INSERT INTO surgery (id,date,patient_id,doctor_id) VALUES (2834,'2019-12-14',462,17);
INSERT INTO meds_for_surgery (surgery_id,med) VALUES (2834,'Zidovudine');
INSERT INTO surgery (id,date,patient_id,doctor_id) VALUES (2835,'2019-12-24',414,57);
INSERT INTO meds_for_surgery (surgery_id,med) VALUES (2835,'Erlotinib');
INSERT INTO surgery (id,date,patient_id,doctor_id) VALUES (2836,'2019-12-18',399,85);
INSERT INTO meds_for_surgery (surgery_id,med) VALUES (2836,'Voriconazole');
INSERT INTO surgery (id,date,patient_id,doctor_id) VALUES (2837,'2019-12-08',248,401);
INSERT INTO meds_for_surgery (surgery_id,med) VALUES (2837,'Stavudine');
INSERT INTO surgery (id,date,patient_id,doctor_id) VALUES (2838,'2019-11-29',92,229);
INSERT INTO meds_for_surgery (surgery_id,med) VALUES (2838,'Cefepime');
INSERT INTO surgery (id,date,patient_id,doctor_id) VALUES (2839,'2019-12-18',354,325);
INSERT INTO meds_for_surgery (surgery_id,med) VALUES (2839,'Clindamycin');
INSERT INTO surgery (id,date,patient_id,doctor_id) VALUES (2840,'2019-11-26',248,263);
INSERT INTO meds_for_surgery (surgery_id,med) VALUES (2840,'Atovaquone');
INSERT INTO surgery (id,date,patient_id,doctor_id) VALUES (2841,'2019-12-01',182,120);
INSERT INTO meds_for_surgery (surgery_id,med) VALUES (2841,'Sunitinib');
INSERT INTO surgery (id,date,patient_id,doctor_id) VALUES (2842,'2019-11-25',430,210);
INSERT INTO meds_for_surgery (surgery_id,med) VALUES (2842,'Elvitegravir');
INSERT INTO surgery (id,date,patient_id,doctor_id) VALUES (2843,'2019-12-10',360,263);
INSERT INTO meds_for_surgery (surgery_id,med) VALUES (2843,'Thioguanine');
INSERT INTO surgery (id,date,patient_id,doctor_id) VALUES (2844,'2019-12-06',491,312);
INSERT INTO meds_for_surgery (surgery_id,med) VALUES (2844,'Nelfinavir');
INSERT INTO surgery (id,date,patient_id,doctor_id) VALUES (2845,'2019-12-01',7,388);
INSERT INTO meds_for_surgery (surgery_id,med) VALUES (2845,'Cefaclor');
INSERT INTO surgery (id,date,patient_id,doctor_id) VALUES (2846,'2019-11-30',475,433);
INSERT INTO meds_for_surgery (surgery_id,med) VALUES (2846,'Mitoxantrone');
INSERT INTO surgery (id,date,patient_id,doctor_id) VALUES (2847,'2019-11-28',471,138);
INSERT INTO meds_for_surgery (surgery_id,med) VALUES (2847,'Linezolid');
INSERT INTO surgery (id,date,patient_id,doctor_id) VALUES (2848,'2019-12-22',343,173);
INSERT INTO meds_for_surgery (surgery_id,med) VALUES (2848,'Labetalol');
INSERT INTO surgery (id,date,patient_id,doctor_id) VALUES (2849,'2019-12-06',289,325);
INSERT INTO meds_for_surgery (surgery_id,med) VALUES (2849,'Ifosfamide');
INSERT INTO surgery (id,date,patient_id,doctor_id) VALUES (2850,'2019-12-20',385,18);
INSERT INTO meds_for_surgery (surgery_id,med) VALUES (2850,'Cefuroxime');
INSERT INTO surgery (id,date,patient_id,doctor_id) VALUES (2851,'2019-12-22',260,479);
INSERT INTO meds_for_surgery (surgery_id,med) VALUES (2851,'Potassium');
INSERT INTO surgery (id,date,patient_id,doctor_id) VALUES (2852,'2019-12-16',220,355);
INSERT INTO meds_for_surgery (surgery_id,med) VALUES (2852,'Dapsone');
INSERT INTO surgery (id,date,patient_id,doctor_id) VALUES (2853,'2019-12-27',5,263);
INSERT INTO meds_for_surgery (surgery_id,med) VALUES (2853,'Vancomycin');
INSERT INTO surgery (id,date,patient_id,doctor_id) VALUES (2854,'2019-12-17',238,358);
INSERT INTO meds_for_surgery (surgery_id,med) VALUES (2854,'Pegfilgrastim');
INSERT INTO surgery (id,date,patient_id,doctor_id) VALUES (2855,'2019-11-26',299,273);
INSERT INTO meds_for_surgery (surgery_id,med) VALUES (2855,'Valproic acid');
INSERT INTO surgery (id,date,patient_id,doctor_id) VALUES (2856,'2019-12-02',25,392);
INSERT INTO meds_for_surgery (surgery_id,med) VALUES (2856,'Dornase alfa');
INSERT INTO surgery (id,date,patient_id,doctor_id) VALUES (2857,'2019-12-04',217,215);
INSERT INTO meds_for_surgery (surgery_id,med) VALUES (2857,'Amikacin');
INSERT INTO surgery (id,date,patient_id,doctor_id) VALUES (2858,'2019-12-16',499,309);
INSERT INTO meds_for_surgery (surgery_id,med) VALUES (2858,'Gemcitabine');
INSERT INTO surgery (id,date,patient_id,doctor_id) VALUES (2859,'2019-12-22',462,347);
INSERT INTO meds_for_surgery (surgery_id,med) VALUES (2859,'Ruxolitinib');
INSERT INTO surgery (id,date,patient_id,doctor_id) VALUES (2860,'2019-11-24',371,309);
INSERT INTO meds_for_surgery (surgery_id,med) VALUES (2860,'Daunorubicin');
INSERT INTO surgery (id,date,patient_id,doctor_id) VALUES (2861,'2019-11-30',430,41);
INSERT INTO meds_for_surgery (surgery_id,med) VALUES (2861,'Imatinib');
INSERT INTO surgery (id,date,patient_id,doctor_id) VALUES (2862,'2019-11-26',354,467);
INSERT INTO meds_for_surgery (surgery_id,med) VALUES (2862,'Levothyroxine');
INSERT INTO surgery (id,date,patient_id,doctor_id) VALUES (2863,'2019-12-16',119,469);
INSERT INTO meds_for_surgery (surgery_id,med) VALUES (2863,'Irinotecan');
INSERT INTO surgery (id,date,patient_id,doctor_id) VALUES (2864,'2019-11-24',100,442);
INSERT INTO meds_for_surgery (surgery_id,med) VALUES (2864,'Bortezomib');
INSERT INTO surgery (id,date,patient_id,doctor_id) VALUES (2865,'2019-12-08',227,149);
INSERT INTO meds_for_surgery (surgery_id,med) VALUES (2865,'Mercaptopurine');
INSERT INTO surgery (id,date,patient_id,doctor_id) VALUES (2866,'2019-12-08',415,332);
INSERT INTO meds_for_surgery (surgery_id,med) VALUES (2866,'Cyclobenzaprine');
INSERT INTO surgery (id,date,patient_id,doctor_id) VALUES (2867,'2019-12-16',217,310);
INSERT INTO meds_for_surgery (surgery_id,med) VALUES (2867,'Cefixime');
INSERT INTO surgery (id,date,patient_id,doctor_id) VALUES (2868,'2019-12-12',426,262);
INSERT INTO meds_for_surgery (surgery_id,med) VALUES (2868,'Hydrocortisone');
INSERT INTO surgery (id,date,patient_id,doctor_id) VALUES (2869,'2019-12-19',161,347);
INSERT INTO meds_for_surgery (surgery_id,med) VALUES (2869,'Efavirenz');
INSERT INTO surgery (id,date,patient_id,doctor_id) VALUES (2870,'2019-12-14',92,439);
INSERT INTO meds_for_surgery (surgery_id,med) VALUES (2870,'L-glutamine');
INSERT INTO surgery (id,date,patient_id,doctor_id) VALUES (2871,'2019-12-22',92,199);
INSERT INTO meds_for_surgery (surgery_id,med) VALUES (2871,'Morphine');
INSERT INTO surgery (id,date,patient_id,doctor_id) VALUES (2872,'2019-11-30',174,366);
INSERT INTO meds_for_surgery (surgery_id,med) VALUES (2872,'Imipenem');
INSERT INTO surgery (id,date,patient_id,doctor_id) VALUES (2873,'2019-11-29',289,78);
INSERT INTO meds_for_surgery (surgery_id,med) VALUES (2873,'Codeine');
INSERT INTO surgery (id,date,patient_id,doctor_id) VALUES (2874,'2019-12-01',444,309);
INSERT INTO meds_for_surgery (surgery_id,med) VALUES (2874,'Enalapril');
INSERT INTO surgery (id,date,patient_id,doctor_id) VALUES (2875,'2019-11-29',429,314);
INSERT INTO meds_for_surgery (surgery_id,med) VALUES (2875,'Captopril');
INSERT INTO surgery (id,date,patient_id,doctor_id) VALUES (2876,'2019-12-26',289,136);
INSERT INTO meds_for_surgery (surgery_id,med) VALUES (2876,'Clindamycin');
INSERT INTO surgery (id,date,patient_id,doctor_id) VALUES (2877,'2019-12-07',111,66);
INSERT INTO meds_for_surgery (surgery_id,med) VALUES (2877,'Atazanavir');
INSERT INTO surgery (id,date,patient_id,doctor_id) VALUES (2878,'2019-11-23',346,474);
INSERT INTO meds_for_surgery (surgery_id,med) VALUES (2878,'Melphalan');
INSERT INTO surgery (id,date,patient_id,doctor_id) VALUES (2879,'2019-12-16',220,252);
INSERT INTO meds_for_surgery (surgery_id,med) VALUES (2879,'Immune');
INSERT INTO surgery (id,date,patient_id,doctor_id) VALUES (2880,'2019-12-15',21,263);
INSERT INTO meds_for_surgery (surgery_id,med) VALUES (2880,'Amoxicillin');
INSERT INTO surgery (id,date,patient_id,doctor_id) VALUES (2881,'2019-12-22',157,126);
INSERT INTO meds_for_surgery (surgery_id,med) VALUES (2881,'Trimethoprim');
INSERT INTO surgery (id,date,patient_id,doctor_id) VALUES (2882,'2019-12-15',278,347);
INSERT INTO meds_for_surgery (surgery_id,med) VALUES (2882,'Magnesium');
INSERT INTO surgery (id,date,patient_id,doctor_id) VALUES (2883,'2019-12-02',164,66);
INSERT INTO meds_for_surgery (surgery_id,med) VALUES (2883,'Hydrocortisone');
INSERT INTO surgery (id,date,patient_id,doctor_id) VALUES (2884,'2019-12-14',164,66);
INSERT INTO meds_for_surgery (surgery_id,med) VALUES (2884,'Maraviroc');
INSERT INTO surgery (id,date,patient_id,doctor_id) VALUES (2885,'2019-12-21',415,479);
INSERT INTO meds_for_surgery (surgery_id,med) VALUES (2885,'Micafungin');
INSERT INTO surgery (id,date,patient_id,doctor_id) VALUES (2886,'2019-12-14',58,103);
INSERT INTO meds_for_surgery (surgery_id,med) VALUES (2886,'Famciclovir');
INSERT INTO surgery (id,date,patient_id,doctor_id) VALUES (2887,'2019-12-05',7,197);
INSERT INTO meds_for_surgery (surgery_id,med) VALUES (2887,'Phenobarbital');
INSERT INTO surgery (id,date,patient_id,doctor_id) VALUES (2888,'2019-12-05',387,171);
INSERT INTO meds_for_surgery (surgery_id,med) VALUES (2888,'Granisetron');
INSERT INTO surgery (id,date,patient_id,doctor_id) VALUES (2889,'2019-12-07',5,439);
INSERT INTO meds_for_surgery (surgery_id,med) VALUES (2889,'Famciclovir');
INSERT INTO surgery (id,date,patient_id,doctor_id) VALUES (2890,'2019-12-05',327,370);
INSERT INTO meds_for_surgery (surgery_id,med) VALUES (2890,'Etravirine');
INSERT INTO surgery (id,date,patient_id,doctor_id) VALUES (2891,'2019-12-21',60,312);
INSERT INTO meds_for_surgery (surgery_id,med) VALUES (2891,'Pegfilgrastim');
INSERT INTO surgery (id,date,patient_id,doctor_id) VALUES (2892,'2019-11-28',60,103);
INSERT INTO meds_for_surgery (surgery_id,med) VALUES (2892,'Captopril');
INSERT INTO surgery (id,date,patient_id,doctor_id) VALUES (2893,'2019-12-04',150,314);
INSERT INTO meds_for_surgery (surgery_id,med) VALUES (2893,'Irinotecan');
INSERT INTO surgery (id,date,patient_id,doctor_id) VALUES (2894,'2019-12-02',499,347);
INSERT INTO meds_for_surgery (surgery_id,med) VALUES (2894,'Diclofenac');
INSERT INTO surgery (id,date,patient_id,doctor_id) VALUES (2895,'2019-12-27',457,78);
INSERT INTO meds_for_surgery (surgery_id,med) VALUES (2895,'Etoposide');
INSERT INTO surgery (id,date,patient_id,doctor_id) VALUES (2896,'2019-12-22',227,347);
INSERT INTO meds_for_surgery (surgery_id,med) VALUES (2896,'Dexamethasone');
INSERT INTO surgery (id,date,patient_id,doctor_id) VALUES (2897,'2019-11-30',130,309);
INSERT INTO meds_for_surgery (surgery_id,med) VALUES (2897,'Levothyroxine');
INSERT INTO surgery (id,date,patient_id,doctor_id) VALUES (2898,'2019-12-11',8,54);
INSERT INTO meds_for_surgery (surgery_id,med) VALUES (2898,'Megestrol acetate');
INSERT INTO surgery (id,date,patient_id,doctor_id) VALUES (2899,'2019-11-26',255,17);
INSERT INTO meds_for_surgery (surgery_id,med) VALUES (2899,'Azithromycin');
INSERT INTO surgery (id,date,patient_id,doctor_id) VALUES (2900,'2019-11-27',94,178);
INSERT INTO meds_for_surgery (surgery_id,med) VALUES (2900,'Meropenem');
INSERT INTO surgery (id,date,patient_id,doctor_id) VALUES (2901,'2019-12-22',100,152);
INSERT INTO meds_for_surgery (surgery_id,med) VALUES (2901,'Desmopressin');
INSERT INTO surgery (id,date,patient_id,doctor_id) VALUES (2902,'2019-12-19',157,9);
INSERT INTO meds_for_surgery (surgery_id,med) VALUES (2902,'Hydrocodone');
INSERT INTO surgery (id,date,patient_id,doctor_id) VALUES (2903,'2019-12-15',175,467);
INSERT INTO meds_for_surgery (surgery_id,med) VALUES (2903,'Clofarabine');
INSERT INTO surgery (id,date,patient_id,doctor_id) VALUES (2904,'2019-12-01',360,285);
INSERT INTO meds_for_surgery (surgery_id,med) VALUES (2904,'Dopamine');
INSERT INTO surgery (id,date,patient_id,doctor_id) VALUES (2905,'2019-12-24',444,215);
INSERT INTO meds_for_surgery (surgery_id,med) VALUES (2905,'Tacrolimus');
INSERT INTO surgery (id,date,patient_id,doctor_id) VALUES (2906,'2019-12-24',415,171);
INSERT INTO meds_for_surgery (surgery_id,med) VALUES (2906,'Tenofovir');
INSERT INTO surgery (id,date,patient_id,doctor_id) VALUES (2907,'2019-12-22',130,405);
INSERT INTO meds_for_surgery (surgery_id,med) VALUES (2907,'Cidofovir');
INSERT INTO surgery (id,date,patient_id,doctor_id) VALUES (2908,'2019-11-27',491,136);
INSERT INTO meds_for_surgery (surgery_id,med) VALUES (2908,'Cladribine');
INSERT INTO surgery (id,date,patient_id,doctor_id) VALUES (2909,'2019-12-05',290,144);
INSERT INTO meds_for_surgery (surgery_id,med) VALUES (2909,'Bleomycin');
INSERT INTO surgery (id,date,patient_id,doctor_id) VALUES (2910,'2019-12-12',475,17);
INSERT INTO meds_for_surgery (surgery_id,med) VALUES (2910,'Isotretinoin');
INSERT INTO surgery (id,date,patient_id,doctor_id) VALUES (2911,'2019-12-17',220,472);
INSERT INTO meds_for_surgery (surgery_id,med) VALUES (2911,'Imatinib');
INSERT INTO surgery (id,date,patient_id,doctor_id) VALUES (2912,'2019-12-18',488,467);
INSERT INTO meds_for_surgery (surgery_id,med) VALUES (2912,'Hydromorphone');
INSERT INTO surgery (id,date,patient_id,doctor_id) VALUES (2913,'2019-12-15',354,492);
INSERT INTO meds_for_surgery (surgery_id,med) VALUES (2913,'Oxycodone');
INSERT INTO surgery (id,date,patient_id,doctor_id) VALUES (2914,'2019-11-29',94,199);
INSERT INTO meds_for_surgery (surgery_id,med) VALUES (2914,'Captopril');
INSERT INTO surgery (id,date,patient_id,doctor_id) VALUES (2915,'2019-12-19',475,401);
INSERT INTO meds_for_surgery (surgery_id,med) VALUES (2915,'Lopinavir');
INSERT INTO surgery (id,date,patient_id,doctor_id) VALUES (2916,'2019-11-24',458,252);
INSERT INTO meds_for_surgery (surgery_id,med) VALUES (2916,'Pemetrexed');
INSERT INTO surgery (id,date,patient_id,doctor_id) VALUES (2917,'2019-11-27',5,348);
INSERT INTO meds_for_surgery (surgery_id,med) VALUES (2917,'Zidovudine');
INSERT INTO surgery (id,date,patient_id,doctor_id) VALUES (2918,'2019-12-10',161,323);
INSERT INTO meds_for_surgery (surgery_id,med) VALUES (2918,'Leucovorin');
INSERT INTO surgery (id,date,patient_id,doctor_id) VALUES (2919,'2019-11-27',339,355);
INSERT INTO meds_for_surgery (surgery_id,med) VALUES (2919,'Cladribine');
INSERT INTO surgery (id,date,patient_id,doctor_id) VALUES (2920,'2019-12-07',496,18);
INSERT INTO meds_for_surgery (surgery_id,med) VALUES (2920,'Cephalexin');
INSERT INTO surgery (id,date,patient_id,doctor_id) VALUES (2921,'2019-11-27',432,391);
INSERT INTO meds_for_surgery (surgery_id,med) VALUES (2921,'Mitoxantrone');
INSERT INTO surgery (id,date,patient_id,doctor_id) VALUES (2922,'2019-11-28',374,120);
INSERT INTO meds_for_surgery (surgery_id,med) VALUES (2922,'Mitoxantrone');
INSERT INTO surgery (id,date,patient_id,doctor_id) VALUES (2923,'2019-12-26',5,186);
INSERT INTO meds_for_surgery (surgery_id,med) VALUES (2923,'Mechlorethamine');
INSERT INTO surgery (id,date,patient_id,doctor_id) VALUES (2924,'2019-12-10',354,447);
INSERT INTO meds_for_surgery (surgery_id,med) VALUES (2924,'Labetalol');
INSERT INTO surgery (id,date,patient_id,doctor_id) VALUES (2925,'2019-11-29',269,366);
INSERT INTO meds_for_surgery (surgery_id,med) VALUES (2925,'Teniposide');
INSERT INTO surgery (id,date,patient_id,doctor_id) VALUES (2926,'2019-12-17',177,288);
INSERT INTO meds_for_surgery (surgery_id,med) VALUES (2926,'Elvitegravir');
INSERT INTO surgery (id,date,patient_id,doctor_id) VALUES (2927,'2019-12-02',287,314);
INSERT INTO meds_for_surgery (surgery_id,med) VALUES (2927,'Carmustine');
INSERT INTO surgery (id,date,patient_id,doctor_id) VALUES (2928,'2019-12-11',327,370);
INSERT INTO meds_for_surgery (surgery_id,med) VALUES (2928,'Dexamethasone');
INSERT INTO surgery (id,date,patient_id,doctor_id) VALUES (2929,'2019-12-07',182,469);
INSERT INTO meds_for_surgery (surgery_id,med) VALUES (2929,'Tenofovir');
INSERT INTO surgery (id,date,patient_id,doctor_id) VALUES (2930,'2019-12-21',220,138);
INSERT INTO meds_for_surgery (surgery_id,med) VALUES (2930,'Etravirine');
INSERT INTO surgery (id,date,patient_id,doctor_id) VALUES (2931,'2019-11-24',451,97);
INSERT INTO meds_for_surgery (surgery_id,med) VALUES (2931,'Cephalexin');
INSERT INTO surgery (id,date,patient_id,doctor_id) VALUES (2932,'2019-12-10',223,152);
INSERT INTO meds_for_surgery (surgery_id,med) VALUES (2932,'Vinblastine');
INSERT INTO surgery (id,date,patient_id,doctor_id) VALUES (2933,'2019-12-24',88,392);
INSERT INTO meds_for_surgery (surgery_id,med) VALUES (2933,'Propoxyphene');
INSERT INTO surgery (id,date,patient_id,doctor_id) VALUES (2934,'2019-12-10',304,442);
INSERT INTO meds_for_surgery (surgery_id,med) VALUES (2934,'Sorafenib');
INSERT INTO surgery (id,date,patient_id,doctor_id) VALUES (2935,'2019-12-23',32,262);
INSERT INTO meds_for_surgery (surgery_id,med) VALUES (2935,'Alemtuzumab');
INSERT INTO surgery (id,date,patient_id,doctor_id) VALUES (2936,'2019-12-06',223,57);
INSERT INTO meds_for_surgery (surgery_id,med) VALUES (2936,'Clarithromycin');
INSERT INTO surgery (id,date,patient_id,doctor_id) VALUES (2937,'2019-12-02',458,472);
INSERT INTO meds_for_surgery (surgery_id,med) VALUES (2937,'Itraconazole');
INSERT INTO surgery (id,date,patient_id,doctor_id) VALUES (2938,'2019-12-06',39,312);
INSERT INTO meds_for_surgery (surgery_id,med) VALUES (2938,'Gemcitabine');
INSERT INTO surgery (id,date,patient_id,doctor_id) VALUES (2939,'2019-12-06',389,66);
INSERT INTO meds_for_surgery (surgery_id,med) VALUES (2939,'Cisplatin');
INSERT INTO surgery (id,date,patient_id,doctor_id) VALUES (2940,'2019-11-23',304,379);
INSERT INTO meds_for_surgery (surgery_id,med) VALUES (2940,'Aprepitant');
INSERT INTO surgery (id,date,patient_id,doctor_id) VALUES (2941,'2019-12-02',397,438);
INSERT INTO meds_for_surgery (surgery_id,med) VALUES (2941,'Melphalan');
INSERT INTO surgery (id,date,patient_id,doctor_id) VALUES (2942,'2019-12-14',223,138);
INSERT INTO meds_for_surgery (surgery_id,med) VALUES (2942,'Sorafenib');
INSERT INTO surgery (id,date,patient_id,doctor_id) VALUES (2943,'2019-12-15',93,18);
INSERT INTO meds_for_surgery (surgery_id,med) VALUES (2943,'Mercaptopurine');
INSERT INTO surgery (id,date,patient_id,doctor_id) VALUES (2944,'2019-12-15',432,433);
INSERT INTO meds_for_surgery (surgery_id,med) VALUES (2944,'Linezolid');
INSERT INTO surgery (id,date,patient_id,doctor_id) VALUES (2945,'2019-11-27',264,103);
INSERT INTO meds_for_surgery (surgery_id,med) VALUES (2945,'PEGaspargase');
INSERT INTO surgery (id,date,patient_id,doctor_id) VALUES (2946,'2019-11-25',241,401);
INSERT INTO meds_for_surgery (surgery_id,med) VALUES (2946,'Ketoconazole');
INSERT INTO surgery (id,date,patient_id,doctor_id) VALUES (2947,'2019-12-23',399,314);
INSERT INTO meds_for_surgery (surgery_id,med) VALUES (2947,'Etravirine');
INSERT INTO surgery (id,date,patient_id,doctor_id) VALUES (2948,'2019-12-12',387,9);
INSERT INTO meds_for_surgery (surgery_id,med) VALUES (2948,'Etonogestrel');
INSERT INTO surgery (id,date,patient_id,doctor_id) VALUES (2949,'2019-12-26',110,439);
INSERT INTO meds_for_surgery (surgery_id,med) VALUES (2949,'Dopamine');
INSERT INTO surgery (id,date,patient_id,doctor_id) VALUES (2950,'2019-12-11',413,66);
INSERT INTO meds_for_surgery (surgery_id,med) VALUES (2950,'Carmustine');
INSERT INTO surgery (id,date,patient_id,doctor_id) VALUES (2951,'2019-12-16',37,469);
INSERT INTO meds_for_surgery (surgery_id,med) VALUES (2951,'Sugammadex');
INSERT INTO surgery (id,date,patient_id,doctor_id) VALUES (2952,'2019-11-25',32,115);
INSERT INTO meds_for_surgery (surgery_id,med) VALUES (2952,'Lomustine');
INSERT INTO surgery (id,date,patient_id,doctor_id) VALUES (2953,'2019-12-03',175,262);
INSERT INTO meds_for_surgery (surgery_id,med) VALUES (2953,'Emicizumab');
INSERT INTO surgery (id,date,patient_id,doctor_id) VALUES (2954,'2019-12-25',109,309);
INSERT INTO meds_for_surgery (surgery_id,med) VALUES (2954,'Prednisone');
INSERT INTO surgery (id,date,patient_id,doctor_id) VALUES (2955,'2019-12-05',87,152);
INSERT INTO meds_for_surgery (surgery_id,med) VALUES (2955,'Vorinostat');
INSERT INTO surgery (id,date,patient_id,doctor_id) VALUES (2956,'2019-12-08',5,439);
INSERT INTO meds_for_surgery (surgery_id,med) VALUES (2956,'Teniposide');
INSERT INTO surgery (id,date,patient_id,doctor_id) VALUES (2957,'2019-12-19',458,215);
INSERT INTO meds_for_surgery (surgery_id,med) VALUES (2957,'Dactinomycin');
INSERT INTO surgery (id,date,patient_id,doctor_id) VALUES (2958,'2019-12-27',87,40);
INSERT INTO meds_for_surgery (surgery_id,med) VALUES (2958,'Emicizumab');
INSERT INTO surgery (id,date,patient_id,doctor_id) VALUES (2959,'2019-11-24',39,120);
INSERT INTO meds_for_surgery (surgery_id,med) VALUES (2959,'Abacavir');
INSERT INTO surgery (id,date,patient_id,doctor_id) VALUES (2960,'2019-12-24',499,252);
INSERT INTO meds_for_surgery (surgery_id,med) VALUES (2960,'Dapsone');
INSERT INTO surgery (id,date,patient_id,doctor_id) VALUES (2961,'2019-11-25',58,80);
INSERT INTO meds_for_surgery (surgery_id,med) VALUES (2961,'Hydroxyurea');
INSERT INTO surgery (id,date,patient_id,doctor_id) VALUES (2962,'2019-12-07',451,178);
INSERT INTO meds_for_surgery (surgery_id,med) VALUES (2962,'Fluorouracil');
INSERT INTO surgery (id,date,patient_id,doctor_id) VALUES (2963,'2019-12-16',489,173);
INSERT INTO meds_for_surgery (surgery_id,med) VALUES (2963,'Metronidazole');
INSERT INTO surgery (id,date,patient_id,doctor_id) VALUES (2964,'2019-12-15',399,268);
INSERT INTO meds_for_surgery (surgery_id,med) VALUES (2964,'Aprepitant');
INSERT INTO surgery (id,date,patient_id,doctor_id) VALUES (2965,'2019-11-28',88,333);
INSERT INTO meds_for_surgery (surgery_id,med) VALUES (2965,'Atenolol');
INSERT INTO surgery (id,date,patient_id,doctor_id) VALUES (2966,'2019-12-04',220,41);
INSERT INTO meds_for_surgery (surgery_id,med) VALUES (2966,'Tretinoin');
INSERT INTO surgery (id,date,patient_id,doctor_id) VALUES (2967,'2019-12-18',37,358);
INSERT INTO meds_for_surgery (surgery_id,med) VALUES (2967,'Pegfilgrastim');
INSERT INTO surgery (id,date,patient_id,doctor_id) VALUES (2968,'2019-12-20',238,40);
INSERT INTO meds_for_surgery (surgery_id,med) VALUES (2968,'Dasatinib');
INSERT INTO surgery (id,date,patient_id,doctor_id) VALUES (2969,'2019-12-26',175,136);
INSERT INTO meds_for_surgery (surgery_id,med) VALUES (2969,'Nevirapine');
INSERT INTO surgery (id,date,patient_id,doctor_id) VALUES (2970,'2019-12-07',117,115);
INSERT INTO meds_for_surgery (surgery_id,med) VALUES (2970,'Ifosfamide');
INSERT INTO surgery (id,date,patient_id,doctor_id) VALUES (2971,'2019-11-28',5,232);
INSERT INTO meds_for_surgery (surgery_id,med) VALUES (2971,'L-glutamine');
INSERT INTO surgery (id,date,patient_id,doctor_id) VALUES (2972,'2019-12-01',430,285);
INSERT INTO meds_for_surgery (surgery_id,med) VALUES (2972,'Clarithromycin');
INSERT INTO surgery (id,date,patient_id,doctor_id) VALUES (2973,'2019-12-18',354,379);
INSERT INTO meds_for_surgery (surgery_id,med) VALUES (2973,'Melphalan');
INSERT INTO surgery (id,date,patient_id,doctor_id) VALUES (2974,'2019-11-27',174,136);
INSERT INTO meds_for_surgery (surgery_id,med) VALUES (2974,'Oxycodone');
INSERT INTO surgery (id,date,patient_id,doctor_id) VALUES (2975,'2019-12-06',489,347);
INSERT INTO meds_for_surgery (surgery_id,med) VALUES (2975,'Metronidazole');
INSERT INTO surgery (id,date,patient_id,doctor_id) VALUES (2976,'2019-12-24',387,392);
INSERT INTO meds_for_surgery (surgery_id,med) VALUES (2976,'Atenolol');
INSERT INTO surgery (id,date,patient_id,doctor_id) VALUES (2977,'2019-12-09',117,358);
INSERT INTO meds_for_surgery (surgery_id,med) VALUES (2977,'Fluconazole');
INSERT INTO surgery (id,date,patient_id,doctor_id) VALUES (2978,'2019-12-16',227,186);
INSERT INTO meds_for_surgery (surgery_id,med) VALUES (2978,'Maraviroc');
INSERT INTO surgery (id,date,patient_id,doctor_id) VALUES (2979,'2019-12-19',142,294);
INSERT INTO meds_for_surgery (surgery_id,med) VALUES (2979,'Hydralazine');
INSERT INTO surgery (id,date,patient_id,doctor_id) VALUES (2980,'2019-11-25',387,252);
INSERT INTO meds_for_surgery (surgery_id,med) VALUES (2980,'Atazanavir');
INSERT INTO surgery (id,date,patient_id,doctor_id) VALUES (2981,'2019-12-03',240,215);
INSERT INTO meds_for_surgery (surgery_id,med) VALUES (2981,'Raltegravir');
INSERT INTO surgery (id,date,patient_id,doctor_id) VALUES (2982,'2019-12-12',100,197);
INSERT INTO meds_for_surgery (surgery_id,med) VALUES (2982,'Dasatinib');
INSERT INTO surgery (id,date,patient_id,doctor_id) VALUES (2983,'2019-11-26',444,186);
INSERT INTO meds_for_surgery (surgery_id,med) VALUES (2983,'Fludarabine');
INSERT INTO surgery (id,date,patient_id,doctor_id) VALUES (2984,'2019-11-30',94,294);
INSERT INTO meds_for_surgery (surgery_id,med) VALUES (2984,'Erythropoietin');
INSERT INTO surgery (id,date,patient_id,doctor_id) VALUES (2985,'2019-12-22',92,314);
INSERT INTO meds_for_surgery (surgery_id,med) VALUES (2985,'Atovaquone');
INSERT INTO surgery (id,date,patient_id,doctor_id) VALUES (2986,'2019-12-25',92,197);
INSERT INTO meds_for_surgery (surgery_id,med) VALUES (2986,'Celecoxib');
INSERT INTO surgery (id,date,patient_id,doctor_id) VALUES (2987,'2019-12-15',384,9);
INSERT INTO meds_for_surgery (surgery_id,med) VALUES (2987,'Alemtuzumab');
INSERT INTO surgery (id,date,patient_id,doctor_id) VALUES (2988,'2019-12-21',37,250);
INSERT INTO meds_for_surgery (surgery_id,med) VALUES (2988,'Valproic acid');
INSERT INTO surgery (id,date,patient_id,doctor_id) VALUES (2989,'2019-11-23',217,136);
INSERT INTO meds_for_surgery (surgery_id,med) VALUES (2989,'Phenobarbital');
INSERT INTO surgery (id,date,patient_id,doctor_id) VALUES (2990,'2019-12-22',174,438);
INSERT INTO meds_for_surgery (surgery_id,med) VALUES (2990,'Clobazam');
INSERT INTO surgery (id,date,patient_id,doctor_id) VALUES (2991,'2019-12-18',354,294);
INSERT INTO meds_for_surgery (surgery_id,med) VALUES (2991,'Topotecan');
INSERT INTO surgery (id,date,patient_id,doctor_id) VALUES (2992,'2019-11-24',174,480);
INSERT INTO meds_for_surgery (surgery_id,med) VALUES (2992,'Amikacin');
INSERT INTO surgery (id,date,patient_id,doctor_id) VALUES (2993,'2019-11-29',374,262);
INSERT INTO meds_for_surgery (surgery_id,med) VALUES (2993,'Mechlorethamine');
INSERT INTO surgery (id,date,patient_id,doctor_id) VALUES (2994,'2019-11-26',384,103);
INSERT INTO meds_for_surgery (surgery_id,med) VALUES (2994,'Mitotane');
INSERT INTO surgery (id,date,patient_id,doctor_id) VALUES (2995,'2019-12-07',399,80);
INSERT INTO meds_for_surgery (surgery_id,med) VALUES (2995,'Atazanavir');
INSERT INTO surgery (id,date,patient_id,doctor_id) VALUES (2996,'2019-11-27',462,325);
INSERT INTO meds_for_surgery (surgery_id,med) VALUES (2996,'Pentamidine');
INSERT INTO surgery (id,date,patient_id,doctor_id) VALUES (2997,'2019-11-26',264,229);
INSERT INTO meds_for_surgery (surgery_id,med) VALUES (2997,'Phenobarbital');
INSERT INTO surgery (id,date,patient_id,doctor_id) VALUES (2998,'2019-12-05',458,388);
INSERT INTO meds_for_surgery (surgery_id,med) VALUES (2998,'Doxorubicin');
INSERT INTO surgery (id,date,patient_id,doctor_id) VALUES (2999,'2019-11-27',278,447);
INSERT INTO meds_for_surgery (surgery_id,med) VALUES (2999,'Tretinoin');
INSERT INTO surgery (id,date,patient_id,doctor_id) VALUES (3000,'2019-12-13',389,442);
INSERT INTO meds_for_surgery (surgery_id,med) VALUES (3000,'Modafinil');