
INSERT INTO medicine (name,amount) VALUES ('Cephalexin',55);
INSERT INTO medicine (name,amount) VALUES ('Famciclovir',65);
INSERT INTO medicine (name,amount) VALUES ('Sunitinib',50);
INSERT INTO request_med (date,med,amount,requester) VALUES ('2019-12-10','Sunitinib',1,125);
INSERT INTO patient_allergies (patient_id,preparate) VALUES (161,'Sunitinib');
INSERT INTO medicine (name,amount) VALUES ('Trimethoprim',14);
INSERT INTO medicine (name,amount) VALUES ('Maraviroc',18);
INSERT INTO medicine (name,amount) VALUES ('Rivaroxaban',18);
INSERT INTO medicine (name,amount) VALUES ('Sirolimus',60);
INSERT INTO request_med (date,med,amount,requester) VALUES ('2019-12-12','Sirolimus',3,120);
INSERT INTO patient_allergies (patient_id,preparate) VALUES (386,'Sirolimus');
INSERT INTO medicine (name,amount) VALUES ('Abacavir',85);
INSERT INTO request_med (date,med,amount,requester) VALUES ('2019-12-14','Abacavir',2,246);
INSERT INTO patient_allergies (patient_id,preparate) VALUES (212,'Abacavir');
INSERT INTO medicine (name,amount) VALUES ('Asparaginase',12);
INSERT INTO request_med (date,med,amount,requester) VALUES ('2019-11-30','Asparaginase',4,81);
INSERT INTO patient_allergies (patient_id,preparate) VALUES (224,'Asparaginase');
INSERT INTO medicine (name,amount) VALUES ('Muromonab',71);
INSERT INTO medicine (name,amount) VALUES ('Linezolid',0);
INSERT INTO medicine (name,amount) VALUES ('Stavudine',73);
INSERT INTO request_med (date,med,amount,requester) VALUES ('2019-11-28','Stavudine',4,263);
INSERT INTO patient_allergies (patient_id,preparate) VALUES (109,'Stavudine');
INSERT INTO medicine (name,amount) VALUES ('Cisplatin',59);
INSERT INTO request_med (date,med,amount,requester) VALUES ('2019-12-06','Cisplatin',5,93);
INSERT INTO patient_allergies (patient_id,preparate) VALUES (336,'Cisplatin');
INSERT INTO medicine (name,amount) VALUES ('Atazanavir',32);
INSERT INTO medicine (name,amount) VALUES ('Leucovorin',46);
INSERT INTO request_med (date,med,amount,requester) VALUES ('2019-11-25','Leucovorin',10,255);
INSERT INTO patient_allergies (patient_id,preparate) VALUES (6,'Leucovorin');
INSERT INTO medicine (name,amount) VALUES ('Deferasirox',36);
INSERT INTO medicine (name,amount) VALUES ('Zidovudine',22);
INSERT INTO request_med (date,med,amount,requester) VALUES ('2019-12-22','Zidovudine',8,119);
INSERT INTO patient_allergies (patient_id,preparate) VALUES (220,'Zidovudine');
INSERT INTO medicine (name,amount) VALUES ('Methylphenidate',26);
INSERT INTO request_med (date,med,amount,requester) VALUES ('2019-11-26','Methylphenidate',6,350);
INSERT INTO patient_allergies (patient_id,preparate) VALUES (58,'Methylphenidate');
INSERT INTO medicine (name,amount) VALUES ('Temozolomide',92);
INSERT INTO medicine (name,amount) VALUES ('Amikacin',7);
INSERT INTO medicine (name,amount) VALUES ('Mitoxantrone',76);
INSERT INTO request_med (date,med,amount,requester) VALUES ('2019-12-21','Mitoxantrone',9,129);
INSERT INTO patient_allergies (patient_id,preparate) VALUES (447,'Mitoxantrone');
INSERT INTO medicine (name,amount) VALUES ('Diclofenac',72);
INSERT INTO medicine (name,amount) VALUES ('Vancomycin',28);
INSERT INTO medicine (name,amount) VALUES ('Captopril',77);
INSERT INTO request_med (date,med,amount,requester) VALUES ('2019-11-25','Captopril',3,370);
INSERT INTO patient_allergies (patient_id,preparate) VALUES (278,'Captopril');
INSERT INTO medicine (name,amount) VALUES ('Thioguanine',84);
INSERT INTO medicine (name,amount) VALUES ('Isotretinoin',8);
INSERT INTO request_med (date,med,amount,requester) VALUES ('2019-11-22','Isotretinoin',1,338);
INSERT INTO patient_allergies (patient_id,preparate) VALUES (102,'Isotretinoin');
INSERT INTO medicine (name,amount) VALUES ('Fludarabine',73);
INSERT INTO medicine (name,amount) VALUES ('Topotecan',12);
INSERT INTO medicine (name,amount) VALUES ('Posaconazole',82);
INSERT INTO medicine (name,amount) VALUES ('Erythromycin',75);
INSERT INTO request_med (date,med,amount,requester) VALUES ('2019-12-05','Erythromycin',5,333);
INSERT INTO patient_allergies (patient_id,preparate) VALUES (340,'Erythromycin');
INSERT INTO medicine (name,amount) VALUES ('Thiotepa',54);
INSERT INTO request_med (date,med,amount,requester) VALUES ('2019-12-07','Thiotepa',1,432);
INSERT INTO patient_allergies (patient_id,preparate) VALUES (79,'Thiotepa');
INSERT INTO medicine (name,amount) VALUES ('Meloxicam',53);
INSERT INTO medicine (name,amount) VALUES ('Ondansetron',2);
INSERT INTO request_med (date,med,amount,requester) VALUES ('2019-12-09','Ondansetron',3,370);
INSERT INTO patient_allergies (patient_id,preparate) VALUES (79,'Ondansetron');
INSERT INTO medicine (name,amount) VALUES ('Pemetrexed',99);
INSERT INTO medicine (name,amount) VALUES ('Cyproheptadine',24);
INSERT INTO request_med (date,med,amount,requester) VALUES ('2019-12-04','Cyproheptadine',2,306);
INSERT INTO patient_allergies (patient_id,preparate) VALUES (387,'Cyproheptadine');
INSERT INTO medicine (name,amount) VALUES ('Lomustine',22);
INSERT INTO request_med (date,med,amount,requester) VALUES ('2019-11-20','Lomustine',2,374);
INSERT INTO patient_allergies (patient_id,preparate) VALUES (166,'Lomustine');
INSERT INTO medicine (name,amount) VALUES ('Alendronate',16);
INSERT INTO medicine (name,amount) VALUES ('Interleukin',53);
INSERT INTO medicine (name,amount) VALUES ('Emicizumab',28);
INSERT INTO medicine (name,amount) VALUES ('Nelarabine',41);
INSERT INTO medicine (name,amount) VALUES ('Amifostine',46);
INSERT INTO medicine (name,amount) VALUES ('Efavirenz',77);
INSERT INTO request_med (date,med,amount,requester) VALUES ('2019-11-28','Efavirenz',10,48);
INSERT INTO patient_allergies (patient_id,preparate) VALUES (386,'Efavirenz');
INSERT INTO medicine (name,amount) VALUES ('Fluconazole',64);
INSERT INTO request_med (date,med,amount,requester) VALUES ('2019-12-09','Fluconazole',8,162);
INSERT INTO patient_allergies (patient_id,preparate) VALUES (224,'Fluconazole');
INSERT INTO medicine (name,amount) VALUES ('Etonogestrel',94);
INSERT INTO medicine (name,amount) VALUES ('Probenecid',94);
INSERT INTO request_med (date,med,amount,requester) VALUES ('2019-12-15','Probenecid',2,471);
INSERT INTO patient_allergies (patient_id,preparate) VALUES (456,'Probenecid');
INSERT INTO medicine (name,amount) VALUES ('Dobutamine',5);
INSERT INTO request_med (date,med,amount,requester) VALUES ('2019-11-24','Dobutamine',7,131);
INSERT INTO patient_allergies (patient_id,preparate) VALUES (195,'Dobutamine');
INSERT INTO medicine (name,amount) VALUES ('Clobazam',30);
INSERT INTO request_med (date,med,amount,requester) VALUES ('2019-12-04','Clobazam',9,294);
INSERT INTO patient_allergies (patient_id,preparate) VALUES (433,'Clobazam');
INSERT INTO medicine (name,amount) VALUES ('Elvitegravir',46);
INSERT INTO request_med (date,med,amount,requester) VALUES ('2019-12-09','Elvitegravir',1,35);
INSERT INTO patient_allergies (patient_id,preparate) VALUES (342,'Elvitegravir');
INSERT INTO medicine (name,amount) VALUES ('Dacarbazine',12);
INSERT INTO medicine (name,amount) VALUES ('Enalapril',3);
INSERT INTO request_med (date,med,amount,requester) VALUES ('2019-11-28','Enalapril',5,46);
INSERT INTO patient_allergies (patient_id,preparate) VALUES (320,'Enalapril');
INSERT INTO medicine (name,amount) VALUES ('Cyclophosphamide',66);
INSERT INTO medicine (name,amount) VALUES ('Bleomycin',39);
INSERT INTO medicine (name,amount) VALUES ('Hydrocodone',94);
INSERT INTO request_med (date,med,amount,requester) VALUES ('2019-12-18','Hydrocodone',2,85);
INSERT INTO patient_allergies (patient_id,preparate) VALUES (422,'Hydrocodone');
INSERT INTO medicine (name,amount) VALUES ('L-glutamine',99);
INSERT INTO medicine (name,amount) VALUES ('Celecoxib',14);
INSERT INTO request_med (date,med,amount,requester) VALUES ('2019-12-06','Celecoxib',6,119);
INSERT INTO patient_allergies (patient_id,preparate) VALUES (361,'Celecoxib');
INSERT INTO medicine (name,amount) VALUES ('Raltegravir',99);
INSERT INTO request_med (date,med,amount,requester) VALUES ('2019-12-09','Raltegravir',9,358);
INSERT INTO patient_allergies (patient_id,preparate) VALUES (408,'Raltegravir');
INSERT INTO medicine (name,amount) VALUES ('Neuromuscular',16);
INSERT INTO request_med (date,med,amount,requester) VALUES ('2019-12-06','Neuromuscular',3,259);
INSERT INTO patient_allergies (patient_id,preparate) VALUES (220,'Neuromuscular');
INSERT INTO medicine (name,amount) VALUES ('Omeprazole',33);
INSERT INTO request_med (date,med,amount,requester) VALUES ('2019-11-24','Omeprazole',7,497);
INSERT INTO patient_allergies (patient_id,preparate) VALUES (224,'Omeprazole');
INSERT INTO medicine (name,amount) VALUES ('Acyclovir',98);
INSERT INTO medicine (name,amount) VALUES ('Dexamethasone',81);
INSERT INTO medicine (name,amount) VALUES ('Atovaquone',46);
INSERT INTO medicine (name,amount) VALUES ('Methadone',21);
INSERT INTO request_med (date,med,amount,requester) VALUES ('2019-11-28','Methadone',5,201);
INSERT INTO patient_allergies (patient_id,preparate) VALUES (454,'Methadone');
INSERT INTO medicine (name,amount) VALUES ('Oxycodone',5);
INSERT INTO request_med (date,med,amount,requester) VALUES ('2019-12-06','Oxycodone',4,329);
INSERT INTO patient_allergies (patient_id,preparate) VALUES (313,'Oxycodone');
INSERT INTO medicine (name,amount) VALUES ('Paclitaxel',83);
INSERT INTO medicine (name,amount) VALUES ('Cyclobenzaprine',83);
INSERT INTO medicine (name,amount) VALUES ('Erythropoietin',29);
INSERT INTO medicine (name,amount) VALUES ('Didanosine',53);
INSERT INTO request_med (date,med,amount,requester) VALUES ('2019-12-14','Didanosine',10,259);
INSERT INTO patient_allergies (patient_id,preparate) VALUES (45,'Didanosine');
INSERT INTO medicine (name,amount) VALUES ('Lopinavir',95);
INSERT INTO medicine (name,amount) VALUES ('Magnesium',13);
INSERT INTO request_med (date,med,amount,requester) VALUES ('2019-12-04','Magnesium',5,120);
INSERT INTO patient_allergies (patient_id,preparate) VALUES (433,'Magnesium');
INSERT INTO medicine (name,amount) VALUES ('Enoxaparin',48);
INSERT INTO request_med (date,med,amount,requester) VALUES ('2019-12-02','Enoxaparin',6,305);
INSERT INTO patient_allergies (patient_id,preparate) VALUES (300,'Enoxaparin');
INSERT INTO medicine (name,amount) VALUES ('Cyclosporine',23);
INSERT INTO request_med (date,med,amount,requester) VALUES ('2019-12-23','Cyclosporine',9,476);
INSERT INTO patient_allergies (patient_id,preparate) VALUES (265,'Cyclosporine');
INSERT INTO medicine (name,amount) VALUES ('Amitriptyline',94);
INSERT INTO request_med (date,med,amount,requester) VALUES ('2019-12-05','Amitriptyline',2,225);
INSERT INTO patient_allergies (patient_id,preparate) VALUES (340,'Amitriptyline');
INSERT INTO medicine (name,amount) VALUES ('Fluorouracil',68);
INSERT INTO medicine (name,amount) VALUES ('Mycophenolate',7);
INSERT INTO request_med (date,med,amount,requester) VALUES ('2019-11-23','Mycophenolate',4,114);
INSERT INTO patient_allergies (patient_id,preparate) VALUES (467,'Mycophenolate');
INSERT INTO medicine (name,amount) VALUES ('Busulfan',4);
INSERT INTO medicine (name,amount) VALUES ('Prednisone',11);
INSERT INTO medicine (name,amount) VALUES ('Cefuroxime',2);
INSERT INTO medicine (name,amount) VALUES ('Furosemide',57);
INSERT INTO medicine (name,amount) VALUES ('Dornase alfa',7);
INSERT INTO request_med (date,med,amount,requester) VALUES ('2019-12-02','Dornase alfa',10,171);
INSERT INTO patient_allergies (patient_id,preparate) VALUES (23,'Dornase alfa');
INSERT INTO medicine (name,amount) VALUES ('Meropenem',68);
INSERT INTO request_med (date,med,amount,requester) VALUES ('2019-11-25','Meropenem',7,230);
INSERT INTO patient_allergies (patient_id,preparate) VALUES (102,'Meropenem');
INSERT INTO medicine (name,amount) VALUES ('Carmustine',94);
INSERT INTO request_med (date,med,amount,requester) VALUES ('2019-12-05','Carmustine',4,404);
INSERT INTO patient_allergies (patient_id,preparate) VALUES (167,'Carmustine');
INSERT INTO medicine (name,amount) VALUES ('Foscarnet',66);
INSERT INTO medicine (name,amount) VALUES ('Lamivudine',44);
INSERT INTO request_med (date,med,amount,requester) VALUES ('2019-12-17','Lamivudine',1,475);
INSERT INTO patient_allergies (patient_id,preparate) VALUES (467,'Lamivudine');
INSERT INTO medicine (name,amount) VALUES ('Norepinephrine',58);
INSERT INTO request_med (date,med,amount,requester) VALUES ('2019-11-29','Norepinephrine',6,461);
INSERT INTO patient_allergies (patient_id,preparate) VALUES (75,'Norepinephrine');
INSERT INTO medicine (name,amount) VALUES ('Etravirine',97);
INSERT INTO medicine (name,amount) VALUES ('Amoxicillin',75);
INSERT INTO medicine (name,amount) VALUES ('Phenytoin',2);
INSERT INTO request_med (date,med,amount,requester) VALUES ('2019-11-24','Phenytoin',4,29);
INSERT INTO patient_allergies (patient_id,preparate) VALUES (468,'Phenytoin');
INSERT INTO medicine (name,amount) VALUES ('Etoposide',2);
INSERT INTO request_med (date,med,amount,requester) VALUES ('2019-12-12','Etoposide',1,364);
INSERT INTO patient_allergies (patient_id,preparate) VALUES (353,'Etoposide');
INSERT INTO medicine (name,amount) VALUES ('Clindamycin',76);
INSERT INTO request_med (date,med,amount,requester) VALUES ('2019-11-24','Clindamycin',4,276);
INSERT INTO patient_allergies (patient_id,preparate) VALUES (203,'Clindamycin');
INSERT INTO medicine (name,amount) VALUES ('Mesna',80);
INSERT INTO request_med (date,med,amount,requester) VALUES ('2019-12-22','Mesna',5,5);
INSERT INTO patient_allergies (patient_id,preparate) VALUES (353,'Mesna');
INSERT INTO medicine (name,amount) VALUES ('Penicillin',79);
INSERT INTO request_med (date,med,amount,requester) VALUES ('2019-11-25','Penicillin',5,110);
INSERT INTO patient_allergies (patient_id,preparate) VALUES (265,'Penicillin');
INSERT INTO medicine (name,amount) VALUES ('Tretinoin',22);
INSERT INTO medicine (name,amount) VALUES ('Ruxolitinib',71);
INSERT INTO medicine (name,amount) VALUES ('Cidofovir',31);
INSERT INTO request_med (date,med,amount,requester) VALUES ('2019-12-07','Cidofovir',5,180);
INSERT INTO patient_allergies (patient_id,preparate) VALUES (23,'Cidofovir');
INSERT INTO medicine (name,amount) VALUES ('Vorinostat',72);
INSERT INTO request_med (date,med,amount,requester) VALUES ('2019-11-22','Vorinostat',9,130);
INSERT INTO patient_allergies (patient_id,preparate) VALUES (464,'Vorinostat');
INSERT INTO medicine (name,amount) VALUES ('Cefepime',85);
INSERT INTO medicine (name,amount) VALUES ('Gemcitabine',83);
INSERT INTO request_med (date,med,amount,requester) VALUES ('2019-11-23','Gemcitabine',3,12);
INSERT INTO patient_allergies (patient_id,preparate) VALUES (290,'Gemcitabine');
INSERT INTO medicine (name,amount) VALUES ('Potassium',63);
INSERT INTO request_med (date,med,amount,requester) VALUES ('2019-12-01','Potassium',6,343);
INSERT INTO patient_allergies (patient_id,preparate) VALUES (340,'Potassium');
INSERT INTO medicine (name,amount) VALUES ('Bosentan',15);
INSERT INTO medicine (name,amount) VALUES ('Vinblastine',43);
INSERT INTO surgery (id,date,patient_id,doctor_id) VALUES (1,'2019-11-24',195,337);
INSERT INTO meds_for_surgery (surgery_id,med) VALUES (1,'Mitoxantrone');
INSERT INTO surgery (id,date,patient_id,doctor_id) VALUES (2,'2019-11-22',313,435);
INSERT INTO meds_for_surgery (surgery_id,med) VALUES (2,'Enoxaparin');
INSERT INTO surgery (id,date,patient_id,doctor_id) VALUES (3,'2019-12-03',428,130);
INSERT INTO meds_for_surgery (surgery_id,med) VALUES (3,'Paclitaxel');
INSERT INTO surgery (id,date,patient_id,doctor_id) VALUES (4,'2019-12-07',23,9);
INSERT INTO meds_for_surgery (surgery_id,med) VALUES (4,'Leucovorin');
INSERT INTO surgery (id,date,patient_id,doctor_id) VALUES (5,'2019-11-29',133,412);
INSERT INTO meds_for_surgery (surgery_id,med) VALUES (5,'Etravirine');
INSERT INTO surgery (id,date,patient_id,doctor_id) VALUES (6,'2019-12-05',76,111);
INSERT INTO meds_for_surgery (surgery_id,med) VALUES (6,'Cyproheptadine');
INSERT INTO surgery (id,date,patient_id,doctor_id) VALUES (7,'2019-12-11',456,404);
INSERT INTO meds_for_surgery (surgery_id,med) VALUES (7,'Interleukin');
INSERT INTO surgery (id,date,patient_id,doctor_id) VALUES (8,'2019-12-23',101,439);
INSERT INTO meds_for_surgery (surgery_id,med) VALUES (8,'Enalapril');
INSERT INTO surgery (id,date,patient_id,doctor_id) VALUES (9,'2019-12-12',455,9);
INSERT INTO meds_for_surgery (surgery_id,med) VALUES (9,'Diclofenac');
INSERT INTO surgery (id,date,patient_id,doctor_id) VALUES (10,'2019-12-06',133,9);
INSERT INTO meds_for_surgery (surgery_id,med) VALUES (10,'Amikacin');
INSERT INTO surgery (id,date,patient_id,doctor_id) VALUES (11,'2019-11-20',190,147);
INSERT INTO meds_for_surgery (surgery_id,med) VALUES (11,'Lamivudine');
INSERT INTO surgery (id,date,patient_id,doctor_id) VALUES (12,'2019-12-21',339,435);
INSERT INTO meds_for_surgery (surgery_id,med) VALUES (12,'Deferasirox');
INSERT INTO surgery (id,date,patient_id,doctor_id) VALUES (13,'2019-12-20',3,52);
INSERT INTO meds_for_surgery (surgery_id,med) VALUES (13,'Vancomycin');
INSERT INTO surgery (id,date,patient_id,doctor_id) VALUES (14,'2019-11-22',456,115);
INSERT INTO meds_for_surgery (surgery_id,med) VALUES (14,'Temozolomide');
INSERT INTO surgery (id,date,patient_id,doctor_id) VALUES (15,'2019-11-22',415,74);
INSERT INTO meds_for_surgery (surgery_id,med) VALUES (15,'Dexamethasone');
INSERT INTO surgery (id,date,patient_id,doctor_id) VALUES (16,'2019-12-18',322,112);
INSERT INTO meds_for_surgery (surgery_id,med) VALUES (16,'Captopril');
INSERT INTO surgery (id,date,patient_id,doctor_id) VALUES (17,'2019-12-13',6,470);
INSERT INTO meds_for_surgery (surgery_id,med) VALUES (17,'Captopril');
INSERT INTO surgery (id,date,patient_id,doctor_id) VALUES (18,'2019-12-04',474,164);
INSERT INTO meds_for_surgery (surgery_id,med) VALUES (18,'Posaconazole');
INSERT INTO surgery (id,date,patient_id,doctor_id) VALUES (19,'2019-11-19',193,364);
INSERT INTO meds_for_surgery (surgery_id,med) VALUES (19,'Captopril');
INSERT INTO surgery (id,date,patient_id,doctor_id) VALUES (20,'2019-11-29',261,32);
INSERT INTO meds_for_surgery (surgery_id,med) VALUES (20,'Mycophenolate');
INSERT INTO surgery (id,date,patient_id,doctor_id) VALUES (21,'2019-12-07',229,352);
INSERT INTO meds_for_surgery (surgery_id,med) VALUES (21,'Paclitaxel');
INSERT INTO surgery (id,date,patient_id,doctor_id) VALUES (22,'2019-12-17',229,186);
INSERT INTO meds_for_surgery (surgery_id,med) VALUES (22,'Stavudine');
INSERT INTO surgery (id,date,patient_id,doctor_id) VALUES (23,'2019-11-28',495,423);
INSERT INTO meds_for_surgery (surgery_id,med) VALUES (23,'Thiotepa');
INSERT INTO surgery (id,date,patient_id,doctor_id) VALUES (24,'2019-11-19',193,411);
INSERT INTO meds_for_surgery (surgery_id,med) VALUES (24,'Paclitaxel');
INSERT INTO surgery (id,date,patient_id,doctor_id) VALUES (25,'2019-11-28',386,356);
INSERT INTO meds_for_surgery (surgery_id,med) VALUES (25,'Leucovorin');
INSERT INTO surgery (id,date,patient_id,doctor_id) VALUES (26,'2019-12-20',207,334);
INSERT INTO meds_for_surgery (surgery_id,med) VALUES (26,'Cyclobenzaprine');
INSERT INTO surgery (id,date,patient_id,doctor_id) VALUES (27,'2019-12-06',160,414);
INSERT INTO meds_for_surgery (surgery_id,med) VALUES (27,'Lomustine');
INSERT INTO surgery (id,date,patient_id,doctor_id) VALUES (28,'2019-11-29',199,303);
INSERT INTO meds_for_surgery (surgery_id,med) VALUES (28,'Furosemide');
INSERT INTO surgery (id,date,patient_id,doctor_id) VALUES (29,'2019-11-26',433,14);
INSERT INTO meds_for_surgery (surgery_id,med) VALUES (29,'Didanosine');
INSERT INTO surgery (id,date,patient_id,doctor_id) VALUES (30,'2019-12-12',226,80);
INSERT INTO meds_for_surgery (surgery_id,med) VALUES (30,'Asparaginase');
INSERT INTO surgery (id,date,patient_id,doctor_id) VALUES (31,'2019-12-03',8,93);
INSERT INTO meds_for_surgery (surgery_id,med) VALUES (31,'Furosemide');
INSERT INTO surgery (id,date,patient_id,doctor_id) VALUES (32,'2019-11-19',311,43);
INSERT INTO meds_for_surgery (surgery_id,med) VALUES (32,'Etoposide');
INSERT INTO surgery (id,date,patient_id,doctor_id) VALUES (33,'2019-12-10',65,84);
INSERT INTO meds_for_surgery (surgery_id,med) VALUES (33,'Etoposide');
INSERT INTO surgery (id,date,patient_id,doctor_id) VALUES (34,'2019-12-16',98,39);
INSERT INTO meds_for_surgery (surgery_id,med) VALUES (34,'Diclofenac');
INSERT INTO surgery (id,date,patient_id,doctor_id) VALUES (35,'2019-12-16',296,328);
INSERT INTO meds_for_surgery (surgery_id,med) VALUES (35,'Isotretinoin');
INSERT INTO surgery (id,date,patient_id,doctor_id) VALUES (36,'2019-12-12',378,404);
INSERT INTO meds_for_surgery (surgery_id,med) VALUES (36,'Rivaroxaban');
INSERT INTO surgery (id,date,patient_id,doctor_id) VALUES (37,'2019-11-19',342,82);
INSERT INTO meds_for_surgery (surgery_id,med) VALUES (37,'Mitoxantrone');
INSERT INTO surgery (id,date,patient_id,doctor_id) VALUES (38,'2019-12-05',193,334);
INSERT INTO meds_for_surgery (surgery_id,med) VALUES (38,'Emicizumab');
INSERT INTO surgery (id,date,patient_id,doctor_id) VALUES (39,'2019-12-01',117,250);
INSERT INTO meds_for_surgery (surgery_id,med) VALUES (39,'Cyclosporine');
INSERT INTO surgery (id,date,patient_id,doctor_id) VALUES (40,'2019-12-14',449,115);
INSERT INTO meds_for_surgery (surgery_id,med) VALUES (40,'Sunitinib');