
INSERT INTO medicine (name,amount) VALUES ('Interferon',56);
INSERT INTO medicine (name,amount) VALUES ('Captopril',100);
INSERT INTO request_med (date,med,amount,requester) VALUES ('2019-11-30','Captopril',3,19);
INSERT INTO patient_allergies (patient_id,preparate) VALUES (446,'Captopril');
INSERT INTO medicine (name,amount) VALUES ('Topotecan',23);
INSERT INTO request_med (date,med,amount,requester) VALUES ('2019-12-09','Topotecan',8,444);
INSERT INTO patient_allergies (patient_id,preparate) VALUES (206,'Topotecan');
INSERT INTO medicine (name,amount) VALUES ('Granisetron',5);
INSERT INTO medicine (name,amount) VALUES ('Dacarbazine',86);
INSERT INTO medicine (name,amount) VALUES ('Erythropoietin',34);
INSERT INTO request_med (date,med,amount,requester) VALUES ('2019-11-23','Erythropoietin',7,253);
INSERT INTO patient_allergies (patient_id,preparate) VALUES (105,'Erythropoietin');
INSERT INTO medicine (name,amount) VALUES ('Methadone',35);
INSERT INTO request_med (date,med,amount,requester) VALUES ('2019-12-02','Methadone',1,335);
INSERT INTO patient_allergies (patient_id,preparate) VALUES (389,'Methadone');
INSERT INTO medicine (name,amount) VALUES ('Temozolomide',0);
INSERT INTO medicine (name,amount) VALUES ('Cephalexin',1);
INSERT INTO request_med (date,med,amount,requester) VALUES ('2019-11-29','Cephalexin',3,180);
INSERT INTO patient_allergies (patient_id,preparate) VALUES (293,'Cephalexin');
INSERT INTO medicine (name,amount) VALUES ('Sugammadex',97);
INSERT INTO medicine (name,amount) VALUES ('Fluorouracil',81);
INSERT INTO medicine (name,amount) VALUES ('Etoposide',65);
INSERT INTO request_med (date,med,amount,requester) VALUES ('2019-12-04','Etoposide',3,93);
INSERT INTO patient_allergies (patient_id,preparate) VALUES (175,'Etoposide');
INSERT INTO medicine (name,amount) VALUES ('Tobramycin',0);
INSERT INTO request_med (date,med,amount,requester) VALUES ('2019-11-19','Tobramycin',3,374);
INSERT INTO patient_allergies (patient_id,preparate) VALUES (206,'Tobramycin');
INSERT INTO medicine (name,amount) VALUES ('Megestrol acetate',21);
INSERT INTO request_med (date,med,amount,requester) VALUES ('2019-12-12','Megestrol acetate',9,146);
INSERT INTO patient_allergies (patient_id,preparate) VALUES (133,'Megestrol acetate');
INSERT INTO medicine (name,amount) VALUES ('Promethazine',52);
INSERT INTO medicine (name,amount) VALUES ('Etonogestrel',95);
INSERT INTO medicine (name,amount) VALUES ('Emtricitabine',69);
INSERT INTO request_med (date,med,amount,requester) VALUES ('2019-11-28','Emtricitabine',4,68);
INSERT INTO patient_allergies (patient_id,preparate) VALUES (445,'Emtricitabine');
INSERT INTO medicine (name,amount) VALUES ('Phenytoin',7);
INSERT INTO medicine (name,amount) VALUES ('Bortezomib',85);
INSERT INTO medicine (name,amount) VALUES ('Carboplatin',93);
INSERT INTO request_med (date,med,amount,requester) VALUES ('2019-11-28','Carboplatin',4,330);
INSERT INTO patient_allergies (patient_id,preparate) VALUES (57,'Carboplatin');
INSERT INTO medicine (name,amount) VALUES ('Crizotinib',95);
INSERT INTO medicine (name,amount) VALUES ('Thioguanine',60);
INSERT INTO request_med (date,med,amount,requester) VALUES ('2019-12-03','Thioguanine',5,443);
INSERT INTO patient_allergies (patient_id,preparate) VALUES (494,'Thioguanine');
INSERT INTO medicine (name,amount) VALUES ('L-glutamine',70);
INSERT INTO request_med (date,med,amount,requester) VALUES ('2019-11-25','L-glutamine',4,215);
INSERT INTO patient_allergies (patient_id,preparate) VALUES (144,'L-glutamine');
INSERT INTO medicine (name,amount) VALUES ('Paclitaxel',73);
INSERT INTO medicine (name,amount) VALUES ('Doxorubicin',21);
INSERT INTO request_med (date,med,amount,requester) VALUES ('2019-12-11','Doxorubicin',6,131);
INSERT INTO patient_allergies (patient_id,preparate) VALUES (445,'Doxorubicin');
INSERT INTO medicine (name,amount) VALUES ('Pegfilgrastim',20);
INSERT INTO request_med (date,med,amount,requester) VALUES ('2019-11-25','Pegfilgrastim',6,300);
INSERT INTO patient_allergies (patient_id,preparate) VALUES (457,'Pegfilgrastim');
INSERT INTO medicine (name,amount) VALUES ('Ceftazidime',16);
INSERT INTO request_med (date,med,amount,requester) VALUES ('2019-12-03','Ceftazidime',1,20);
INSERT INTO patient_allergies (patient_id,preparate) VALUES (226,'Ceftazidime');
INSERT INTO medicine (name,amount) VALUES ('Dasatinib',54);
INSERT INTO medicine (name,amount) VALUES ('Amifostine',9);
INSERT INTO medicine (name,amount) VALUES ('Nelfinavir',50);
INSERT INTO request_med (date,med,amount,requester) VALUES ('2019-12-20','Nelfinavir',9,184);
INSERT INTO patient_allergies (patient_id,preparate) VALUES (313,'Nelfinavir');
INSERT INTO medicine (name,amount) VALUES ('Codeine',21);
INSERT INTO request_med (date,med,amount,requester) VALUES ('2019-12-19','Codeine',5,299);
INSERT INTO patient_allergies (patient_id,preparate) VALUES (100,'Codeine');
INSERT INTO medicine (name,amount) VALUES ('Cefaclor',43);
INSERT INTO request_med (date,med,amount,requester) VALUES ('2019-12-23','Cefaclor',8,82);
INSERT INTO patient_allergies (patient_id,preparate) VALUES (70,'Cefaclor');
INSERT INTO medicine (name,amount) VALUES ('Alendronate',14);
INSERT INTO request_med (date,med,amount,requester) VALUES ('2019-12-07','Alendronate',1,227);
INSERT INTO patient_allergies (patient_id,preparate) VALUES (366,'Alendronate');
INSERT INTO medicine (name,amount) VALUES ('Sorafenib',83);
INSERT INTO request_med (date,med,amount,requester) VALUES ('2019-12-18','Sorafenib',8,429);
INSERT INTO patient_allergies (patient_id,preparate) VALUES (81,'Sorafenib');
INSERT INTO medicine (name,amount) VALUES ('Cyclosporine',45);
INSERT INTO medicine (name,amount) VALUES ('Ketoconazole',68);
INSERT INTO medicine (name,amount) VALUES ('Fluconazole',49);
INSERT INTO medicine (name,amount) VALUES ('Valproic acid',67);
INSERT INTO request_med (date,med,amount,requester) VALUES ('2019-11-25','Valproic acid',7,259);
INSERT INTO patient_allergies (patient_id,preparate) VALUES (109,'Valproic acid');
INSERT INTO medicine (name,amount) VALUES ('Thiotepa',75);
INSERT INTO request_med (date,med,amount,requester) VALUES ('2019-12-19','Thiotepa',2,95);
INSERT INTO patient_allergies (patient_id,preparate) VALUES (206,'Thiotepa');
INSERT INTO medicine (name,amount) VALUES ('PEGaspargase',88);
INSERT INTO request_med (date,med,amount,requester) VALUES ('2019-12-09','PEGaspargase',7,257);
INSERT INTO patient_allergies (patient_id,preparate) VALUES (84,'PEGaspargase');
INSERT INTO medicine (name,amount) VALUES ('Vancomycin',20);
INSERT INTO request_med (date,med,amount,requester) VALUES ('2019-11-19','Vancomycin',4,296);
INSERT INTO patient_allergies (patient_id,preparate) VALUES (70,'Vancomycin');
INSERT INTO medicine (name,amount) VALUES ('Ganciclovir',33);
INSERT INTO request_med (date,med,amount,requester) VALUES ('2019-11-24','Ganciclovir',4,48);
INSERT INTO patient_allergies (patient_id,preparate) VALUES (83,'Ganciclovir');
INSERT INTO medicine (name,amount) VALUES ('Labetalol',23);
INSERT INTO medicine (name,amount) VALUES ('Mitotane',16);
INSERT INTO request_med (date,med,amount,requester) VALUES ('2019-12-02','Mitotane',2,390);
INSERT INTO patient_allergies (patient_id,preparate) VALUES (488,'Mitotane');
INSERT INTO medicine (name,amount) VALUES ('Daunorubicin',10);
INSERT INTO medicine (name,amount) VALUES ('Sirolimus',54);
INSERT INTO request_med (date,med,amount,requester) VALUES ('2019-12-09','Sirolimus',5,193);
INSERT INTO patient_allergies (patient_id,preparate) VALUES (151,'Sirolimus');
INSERT INTO medicine (name,amount) VALUES ('Nelarabine',23);
INSERT INTO request_med (date,med,amount,requester) VALUES ('2019-12-09','Nelarabine',5,486);
INSERT INTO patient_allergies (patient_id,preparate) VALUES (55,'Nelarabine');
INSERT INTO medicine (name,amount) VALUES ('Mechlorethamine',86);
INSERT INTO medicine (name,amount) VALUES ('Mercaptopurine',83);
INSERT INTO request_med (date,med,amount,requester) VALUES ('2019-11-19','Mercaptopurine',1,196);
INSERT INTO patient_allergies (patient_id,preparate) VALUES (85,'Mercaptopurine');
INSERT INTO medicine (name,amount) VALUES ('Dopamine',97);
INSERT INTO request_med (date,med,amount,requester) VALUES ('2019-12-09','Dopamine',8,221);
INSERT INTO patient_allergies (patient_id,preparate) VALUES (479,'Dopamine');
INSERT INTO medicine (name,amount) VALUES ('Imipenem',86);
INSERT INTO request_med (date,med,amount,requester) VALUES ('2019-12-12','Imipenem',10,302);
INSERT INTO patient_allergies (patient_id,preparate) VALUES (316,'Imipenem');
INSERT INTO medicine (name,amount) VALUES ('Heparin',35);
INSERT INTO request_med (date,med,amount,requester) VALUES ('2019-12-23','Heparin',5,466);
INSERT INTO patient_allergies (patient_id,preparate) VALUES (304,'Heparin');
INSERT INTO medicine (name,amount) VALUES ('Melphalan',46);
INSERT INTO request_med (date,med,amount,requester) VALUES ('2019-11-23','Melphalan',4,145);
INSERT INTO patient_allergies (patient_id,preparate) VALUES (239,'Melphalan');
INSERT INTO medicine (name,amount) VALUES ('Isotretinoin',1);
INSERT INTO medicine (name,amount) VALUES ('Irinotecan',28);
INSERT INTO request_med (date,med,amount,requester) VALUES ('2019-12-07','Irinotecan',8,443);
INSERT INTO patient_allergies (patient_id,preparate) VALUES (301,'Irinotecan');
INSERT INTO medicine (name,amount) VALUES ('Clindamycin',56);
INSERT INTO request_med (date,med,amount,requester) VALUES ('2019-11-26','Clindamycin',6,129);
INSERT INTO patient_allergies (patient_id,preparate) VALUES (65,'Clindamycin');
INSERT INTO medicine (name,amount) VALUES ('Meropenem',32);
INSERT INTO request_med (date,med,amount,requester) VALUES ('2019-12-18','Meropenem',1,463);
INSERT INTO patient_allergies (patient_id,preparate) VALUES (198,'Meropenem');
INSERT INTO medicine (name,amount) VALUES ('Bleomycin',94);
INSERT INTO medicine (name,amount) VALUES ('Saquinavir',46);
INSERT INTO medicine (name,amount) VALUES ('Aprepitant',19);
INSERT INTO request_med (date,med,amount,requester) VALUES ('2019-11-30','Aprepitant',8,223);
INSERT INTO patient_allergies (patient_id,preparate) VALUES (473,'Aprepitant');
INSERT INTO medicine (name,amount) VALUES ('Trimethoprim',57);
INSERT INTO medicine (name,amount) VALUES ('Ondansetron',31);
INSERT INTO request_med (date,med,amount,requester) VALUES ('2019-12-23','Ondansetron',6,458);
INSERT INTO patient_allergies (patient_id,preparate) VALUES (389,'Ondansetron');
INSERT INTO medicine (name,amount) VALUES ('Dronabinol',45);
INSERT INTO request_med (date,med,amount,requester) VALUES ('2019-11-30','Dronabinol',3,486);
INSERT INTO patient_allergies (patient_id,preparate) VALUES (70,'Dronabinol');
INSERT INTO medicine (name,amount) VALUES ('Sucralfate',10);
INSERT INTO medicine (name,amount) VALUES ('Atenolol',61);
INSERT INTO medicine (name,amount) VALUES ('Sunitinib',57);
INSERT INTO medicine (name,amount) VALUES ('Lomustine',24);
INSERT INTO request_med (date,med,amount,requester) VALUES ('2019-11-26','Lomustine',10,443);
INSERT INTO patient_allergies (patient_id,preparate) VALUES (60,'Lomustine');
INSERT INTO medicine (name,amount) VALUES ('Phosphorus',23);
INSERT INTO medicine (name,amount) VALUES ('Probenecid',20);
INSERT INTO request_med (date,med,amount,requester) VALUES ('2019-12-01','Probenecid',3,195);
INSERT INTO patient_allergies (patient_id,preparate) VALUES (43,'Probenecid');
INSERT INTO medicine (name,amount) VALUES ('Interleukin',82);
INSERT INTO medicine (name,amount) VALUES ('Imatinib',29);
INSERT INTO medicine (name,amount) VALUES ('Penicillin',14);
INSERT INTO medicine (name,amount) VALUES ('Mycophenolate',46);
INSERT INTO request_med (date,med,amount,requester) VALUES ('2019-12-09','Mycophenolate',9,199);
INSERT INTO patient_allergies (patient_id,preparate) VALUES (457,'Mycophenolate');
INSERT INTO medicine (name,amount) VALUES ('Efavirenz',27);
INSERT INTO request_med (date,med,amount,requester) VALUES ('2019-12-10','Efavirenz',8,422);
INSERT INTO patient_allergies (patient_id,preparate) VALUES (273,'Efavirenz');
INSERT INTO medicine (name,amount) VALUES ('Ruxolitinib',98);
INSERT INTO request_med (date,med,amount,requester) VALUES ('2019-11-21','Ruxolitinib',7,107);
INSERT INTO patient_allergies (patient_id,preparate) VALUES (452,'Ruxolitinib');
INSERT INTO medicine (name,amount) VALUES ('Dinutuximab',55);
INSERT INTO medicine (name,amount) VALUES ('Cyclobenzaprine',19);
INSERT INTO request_med (date,med,amount,requester) VALUES ('2019-12-16','Cyclobenzaprine',3,319);
INSERT INTO patient_allergies (patient_id,preparate) VALUES (272,'Cyclobenzaprine');
INSERT INTO medicine (name,amount) VALUES ('Erlotinib',29);
INSERT INTO request_med (date,med,amount,requester) VALUES ('2019-12-02','Erlotinib',9,178);
INSERT INTO patient_allergies (patient_id,preparate) VALUES (174,'Erlotinib');
INSERT INTO medicine (name,amount) VALUES ('Nevirapine',68);
INSERT INTO medicine (name,amount) VALUES ('Itraconazole',66);
INSERT INTO medicine (name,amount) VALUES ('Rivaroxaban',56);
INSERT INTO medicine (name,amount) VALUES ('Gemtuzumab',41);
INSERT INTO medicine (name,amount) VALUES ('Tacrolimus',11);
INSERT INTO medicine (name,amount) VALUES ('Posaconazole',71);
INSERT INTO medicine (name,amount) VALUES ('Carmustine',88);
INSERT INTO medicine (name,amount) VALUES ('Amitriptyline',9);
INSERT INTO request_med (date,med,amount,requester) VALUES ('2019-11-26','Amitriptyline',6,294);
INSERT INTO patient_allergies (patient_id,preparate) VALUES (88,'Amitriptyline');
INSERT INTO medicine (name,amount) VALUES ('Methylphenidate',43);
INSERT INTO medicine (name,amount) VALUES ('Vinblastine',52);
INSERT INTO medicine (name,amount) VALUES ('Rituximab',11);
INSERT INTO request_med (date,med,amount,requester) VALUES ('2019-11-30','Rituximab',6,331);
INSERT INTO patient_allergies (patient_id,preparate) VALUES (254,'Rituximab');
INSERT INTO medicine (name,amount) VALUES ('Gemcitabine',92);
INSERT INTO request_med (date,med,amount,requester) VALUES ('2019-12-12','Gemcitabine',2,260);
INSERT INTO patient_allergies (patient_id,preparate) VALUES (433,'Gemcitabine');
INSERT INTO medicine (name,amount) VALUES ('Zidovudine',75);
INSERT INTO request_med (date,med,amount,requester) VALUES ('2019-12-22','Zidovudine',4,79);
INSERT INTO patient_allergies (patient_id,preparate) VALUES (488,'Zidovudine');
INSERT INTO medicine (name,amount) VALUES ('Dapsone',15);
INSERT INTO request_med (date,med,amount,requester) VALUES ('2019-12-14','Dapsone',7,158);
INSERT INTO patient_allergies (patient_id,preparate) VALUES (169,'Dapsone');
INSERT INTO medicine (name,amount) VALUES ('Amlodipine',19);
INSERT INTO medicine (name,amount) VALUES ('Phenobarbital',66);
INSERT INTO request_med (date,med,amount,requester) VALUES ('2019-12-14','Phenobarbital',7,246);
INSERT INTO patient_allergies (patient_id,preparate) VALUES (105,'Phenobarbital');
INSERT INTO medicine (name,amount) VALUES ('Azithromycin',82);
INSERT INTO medicine (name,amount) VALUES ('Etravirine',84);
INSERT INTO request_med (date,med,amount,requester) VALUES ('2019-12-12','Etravirine',8,195);
INSERT INTO patient_allergies (patient_id,preparate) VALUES (34,'Etravirine');
INSERT INTO medicine (name,amount) VALUES ('Famciclovir',49);
INSERT INTO medicine (name,amount) VALUES ('Ritonavir',7);
INSERT INTO medicine (name,amount) VALUES ('Vincristine',91);
INSERT INTO medicine (name,amount) VALUES ('Pentamidine',54);
INSERT INTO surgery (id,date,patient_id,doctor_id) VALUES (1,'2019-12-11',490,292);
INSERT INTO meds_for_surgery (surgery_id,med) VALUES (1,'Efavirenz');
INSERT INTO surgery (id,date,patient_id,doctor_id) VALUES (2,'2019-12-22',316,367);
INSERT INTO meds_for_surgery (surgery_id,med) VALUES (2,'Etravirine');
INSERT INTO surgery (id,date,patient_id,doctor_id) VALUES (3,'2019-12-16',169,251);
INSERT INTO meds_for_surgery (surgery_id,med) VALUES (3,'Ceftazidime');
INSERT INTO surgery (id,date,patient_id,doctor_id) VALUES (4,'2019-12-08',226,318);
INSERT INTO meds_for_surgery (surgery_id,med) VALUES (4,'Dinutuximab');
INSERT INTO surgery (id,date,patient_id,doctor_id) VALUES (5,'2019-12-14',6,201);
INSERT INTO meds_for_surgery (surgery_id,med) VALUES (5,'Dacarbazine');
INSERT INTO surgery (id,date,patient_id,doctor_id) VALUES (6,'2019-11-25',174,320);
INSERT INTO meds_for_surgery (surgery_id,med) VALUES (6,'Interferon');
INSERT INTO surgery (id,date,patient_id,doctor_id) VALUES (7,'2019-11-26',493,406);
INSERT INTO meds_for_surgery (surgery_id,med) VALUES (7,'Irinotecan');
INSERT INTO surgery (id,date,patient_id,doctor_id) VALUES (8,'2019-11-29',92,110);
INSERT INTO meds_for_surgery (surgery_id,med) VALUES (8,'Rivaroxaban');
INSERT INTO surgery (id,date,patient_id,doctor_id) VALUES (9,'2019-12-01',160,82);
INSERT INTO meds_for_surgery (surgery_id,med) VALUES (9,'Daunorubicin');
INSERT INTO surgery (id,date,patient_id,doctor_id) VALUES (10,'2019-11-21',222,349);
INSERT INTO meds_for_surgery (surgery_id,med) VALUES (10,'Penicillin');
INSERT INTO surgery (id,date,patient_id,doctor_id) VALUES (11,'2019-12-15',57,159);
INSERT INTO meds_for_surgery (surgery_id,med) VALUES (11,'Phosphorus');
INSERT INTO surgery (id,date,patient_id,doctor_id) VALUES (12,'2019-11-29',212,201);
INSERT INTO meds_for_surgery (surgery_id,med) VALUES (12,'Fluconazole');
INSERT INTO surgery (id,date,patient_id,doctor_id) VALUES (13,'2019-11-19',452,262);
INSERT INTO meds_for_surgery (surgery_id,med) VALUES (13,'Bortezomib');
INSERT INTO surgery (id,date,patient_id,doctor_id) VALUES (14,'2019-11-23',273,434);
INSERT INTO meds_for_surgery (surgery_id,med) VALUES (14,'Dinutuximab');
INSERT INTO surgery (id,date,patient_id,doctor_id) VALUES (15,'2019-12-18',105,329);
INSERT INTO meds_for_surgery (surgery_id,med) VALUES (15,'Nelfinavir');
INSERT INTO surgery (id,date,patient_id,doctor_id) VALUES (16,'2019-12-21',155,202);
INSERT INTO meds_for_surgery (surgery_id,med) VALUES (16,'Trimethoprim');
INSERT INTO surgery (id,date,patient_id,doctor_id) VALUES (17,'2019-11-30',297,400);
INSERT INTO meds_for_surgery (surgery_id,med) VALUES (17,'Crizotinib');
INSERT INTO surgery (id,date,patient_id,doctor_id) VALUES (18,'2019-11-20',198,349);
INSERT INTO meds_for_surgery (surgery_id,med) VALUES (18,'Cyclobenzaprine');
INSERT INTO surgery (id,date,patient_id,doctor_id) VALUES (19,'2019-11-25',92,87);
INSERT INTO meds_for_surgery (surgery_id,med) VALUES (19,'Cyclobenzaprine');
INSERT INTO surgery (id,date,patient_id,doctor_id) VALUES (20,'2019-12-18',206,320);
INSERT INTO meds_for_surgery (surgery_id,med) VALUES (20,'Posaconazole');
INSERT INTO surgery (id,date,patient_id,doctor_id) VALUES (21,'2019-12-23',183,196);
INSERT INTO meds_for_surgery (surgery_id,med) VALUES (21,'Valproic acid');
INSERT INTO surgery (id,date,patient_id,doctor_id) VALUES (22,'2019-12-08',389,193);
INSERT INTO meds_for_surgery (surgery_id,med) VALUES (22,'Posaconazole');
INSERT INTO surgery (id,date,patient_id,doctor_id) VALUES (23,'2019-11-27',344,444);
INSERT INTO meds_for_surgery (surgery_id,med) VALUES (23,'Emtricitabine');
INSERT INTO surgery (id,date,patient_id,doctor_id) VALUES (24,'2019-12-08',449,136);
INSERT INTO meds_for_surgery (surgery_id,med) VALUES (24,'Cyclosporine');
INSERT INTO surgery (id,date,patient_id,doctor_id) VALUES (25,'2019-11-21',6,220);
INSERT INTO meds_for_surgery (surgery_id,med) VALUES (25,'Penicillin');
INSERT INTO surgery (id,date,patient_id,doctor_id) VALUES (26,'2019-12-19',452,82);
INSERT INTO meds_for_surgery (surgery_id,med) VALUES (26,'Tobramycin');
INSERT INTO surgery (id,date,patient_id,doctor_id) VALUES (27,'2019-11-20',26,139);
INSERT INTO meds_for_surgery (surgery_id,med) VALUES (27,'Phosphorus');
INSERT INTO surgery (id,date,patient_id,doctor_id) VALUES (28,'2019-12-01',15,396);
INSERT INTO meds_for_surgery (surgery_id,med) VALUES (28,'Temozolomide');
INSERT INTO surgery (id,date,patient_id,doctor_id) VALUES (29,'2019-11-24',89,64);
INSERT INTO meds_for_surgery (surgery_id,med) VALUES (29,'Interferon');
INSERT INTO surgery (id,date,patient_id,doctor_id) VALUES (30,'2019-12-15',446,277);
INSERT INTO meds_for_surgery (surgery_id,med) VALUES (30,'Penicillin');
INSERT INTO surgery (id,date,patient_id,doctor_id) VALUES (31,'2019-12-14',123,396);
INSERT INTO meds_for_surgery (surgery_id,med) VALUES (31,'Rituximab');
INSERT INTO surgery (id,date,patient_id,doctor_id) VALUES (32,'2019-12-09',105,401);
INSERT INTO meds_for_surgery (surgery_id,med) VALUES (32,'PEGaspargase');
INSERT INTO surgery (id,date,patient_id,doctor_id) VALUES (33,'2019-12-15',473,367);
INSERT INTO meds_for_surgery (surgery_id,med) VALUES (33,'Carmustine');
INSERT INTO surgery (id,date,patient_id,doctor_id) VALUES (34,'2019-12-22',315,328);
INSERT INTO meds_for_surgery (surgery_id,med) VALUES (34,'Thiotepa');
INSERT INTO surgery (id,date,patient_id,doctor_id) VALUES (35,'2019-11-20',365,367);
INSERT INTO meds_for_surgery (surgery_id,med) VALUES (35,'Gemcitabine');
INSERT INTO surgery (id,date,patient_id,doctor_id) VALUES (36,'2019-11-25',276,20);
INSERT INTO meds_for_surgery (surgery_id,med) VALUES (36,'Tacrolimus');
INSERT INTO surgery (id,date,patient_id,doctor_id) VALUES (37,'2019-12-02',65,331);
INSERT INTO meds_for_surgery (surgery_id,med) VALUES (37,'Interleukin');
INSERT INTO surgery (id,date,patient_id,doctor_id) VALUES (38,'2019-12-07',291,49);
INSERT INTO meds_for_surgery (surgery_id,med) VALUES (38,'Bortezomib');
INSERT INTO surgery (id,date,patient_id,doctor_id) VALUES (39,'2019-11-26',416,162);
INSERT INTO meds_for_surgery (surgery_id,med) VALUES (39,'Doxorubicin');
INSERT INTO surgery (id,date,patient_id,doctor_id) VALUES (40,'2019-12-04',297,110);
INSERT INTO meds_for_surgery (surgery_id,med) VALUES (40,'Pegfilgrastim');