
INSERT INTO person (id,first_name,second_name,email,user_login,user_password,sex,date_of_birth,age,permission_level) VALUES (1,'Jennifer','Foster','bestgeorge@hotmail.com','gabrielpetersen','BykURritM','F','1963-12-30',56,4);
INSERT INTO staff_member (id,employed_since,position,salary,room) VALUES (1,'2015-04-26','Head Doctor',100000,1);
INSERT INTO head_doctor (id,primary_speciality) VALUES (1,'Cardiologist');
INSERT INTO person (id,first_name,second_name,email,user_login,user_password,sex,date_of_birth,age,permission_level) VALUES (2,'Cynthia','Knight','williamsmark@gmail.com','jonesdavid','NhledDMRoJcHIi','F','1952-03-13',67,5);
INSERT INTO staff_member (id,employed_since,position,salary,room) VALUES (2,'2017-02-25','Head Nurse',80000,2);
INSERT INTO head_nurse (id,surgery_assistant) VALUES (2,B'1');
INSERT INTO person (id,first_name,second_name,email,user_login,user_password,sex,date_of_birth,age,permission_level) VALUES (3,'Jerry','Miles','myersangela@yahoo.com','rubenglenn','VEgGsLwtXToJ','M','1940-12-20',79,3);
INSERT INTO staff_member (id,employed_since,position,salary,room) VALUES (3,'2018-10-15','Nurse',25000,10);
INSERT INTO nurse (id,surgery_assistant,preferred_shifts,appointment_assistant,departement_id) VALUES (3,B'1','Day',B'1',8);
INSERT INTO person (id,first_name,second_name,email,user_login,user_password,sex,date_of_birth,age,permission_level) VALUES (4,'Dr.','Theodore','chapmanchristina@hotmail.com','jefferyleonard','bDVtXKDZLMEt','M','1998-12-13',21,4);
INSERT INTO staff_member (id,employed_since,position,salary,room) VALUES (4,'2018-04-29','Doctor',35000,24);
INSERT INTO doctor (id,speciality,emergency_hours,experience,departement_id) VALUES (4,'Nephrologist',B'0',8,1);
INSERT INTO person (id,first_name,second_name,email,user_login,user_password,sex,date_of_birth,age,permission_level) VALUES (5,'Lindsay','Bolton','jennifer70@gmail.com','kyle35','OupumEIDbhXsaRp','F','2019-07-25',0,5);
INSERT INTO patient (id) VALUES (5);
INSERT INTO patients_address (street,house,apartement) VALUES ('Raymond st.','55','7');
INSERT INTO medical_history (patient_id,date) VALUES (5,'2019-11-03');
INSERT INTO person (id,first_name,second_name,email,user_login,user_password,sex,date_of_birth,age,permission_level) VALUES (6,'Angela','Holmes','boonelisa@hotmail.com','vegabill','NlneeUPGfmdxWn','F','2008-10-14',11,5);
INSERT INTO staff_member (id,employed_since,position,salary,room) VALUES (6,'2013-11-05','Maintanence Worker',15000,57);
INSERT INTO maintanence_worker (id,employment_type,speciality) VALUES (6,'Part time','Machines');
INSERT INTO person (id,first_name,second_name,email,user_login,user_password,sex,date_of_birth,age,permission_level) VALUES (7,'Rebecca','Rodriguez','megan78@gmail.com','lindsay11','aeNZsoxZdiASTct','F','1992-11-02',27,2);
INSERT INTO patient (id) VALUES (7);
INSERT INTO patients_address (street,house,apartement) VALUES ('Douglas st.','36','2');
INSERT INTO medical_history (patient_id,date) VALUES (7,'2019-11-12');
INSERT INTO person (id,first_name,second_name,email,user_login,user_password,sex,date_of_birth,age,permission_level) VALUES (8,'Barry','Wu','melaniethornton@yahoo.com','lewisjennifer','WsqKwbij','M','1992-09-27',27,1);
INSERT INTO patient (id) VALUES (8);
INSERT INTO patients_address (street,house,apartement) VALUES ('Curtis st.','97','10');
INSERT INTO medical_history (patient_id,date) VALUES (8,'2019-11-15');
INSERT INTO person (id,first_name,second_name,email,user_login,user_password,sex,date_of_birth,age,permission_level) VALUES (9,'Stephen','Bender','philiprivera@gmail.com','murphykenneth','ivckRObRXlk','M','1975-12-07',44,3);
INSERT INTO staff_member (id,employed_since,position,salary,room) VALUES (9,'2018-11-17','Doctor',35000,28);
INSERT INTO doctor (id,speciality,emergency_hours,experience,departement_id,supervisor) VALUES (9,'Pathologist',B'0',4,3,4);
INSERT INTO person (id,first_name,second_name,email,user_login,user_password,sex,date_of_birth,age,permission_level) VALUES (10,'Pamela','Mann','rasmussengabrielle@gmail.com','weaverjames','gBxBNrLBgylcoeH','F','1930-04-24',89,4);
INSERT INTO staff_member (id,employed_since,position,salary,room) VALUES (10,'2016-12-05','Nurse',25000,4);
INSERT INTO nurse (id,surgery_assistant,preferred_shifts,appointment_assistant,departement_id) VALUES (10,B'0','Night',B'0',3);
INSERT INTO person (id,first_name,second_name,email,user_login,user_password,sex,date_of_birth,age,permission_level) VALUES (11,'Philip','Phelps','alan74@yahoo.com','brandon77','kFKDsHuWjxV','M','1931-02-03',88,2);
INSERT INTO staff_member (id,employed_since,position,salary,room) VALUES (11,'2011-01-28','Doctor',35000,12);
INSERT INTO doctor (id,speciality,emergency_hours,experience,departement_id,supervisor) VALUES (11,'Dermatologist',B'1',1,2,9);
INSERT INTO person (id,first_name,second_name,email,user_login,user_password,sex,date_of_birth,age,permission_level) VALUES (12,'Nicholas','Shaffer','rhall@hotmail.com','alexis80','aQjFayJhB','M','1971-01-01',48,4);
INSERT INTO staff_member (id,employed_since,position,salary,room) VALUES (12,'2013-01-22','Professor',35000,36);
INSERT INTO professor (id,research_topic,surgery_participation,departement_id) VALUES (12,'Rheumatologist',B'1',1);
INSERT INTO person (id,first_name,second_name,email,user_login,user_password,sex,date_of_birth,age,permission_level) VALUES (13,'Jessica','Thompson','smithlaura@hotmail.com','timothy87','shIFNqgNMmV','F','1961-03-22',58,2);
INSERT INTO staff_member (id,employed_since,position,salary,room) VALUES (13,'2010-08-01','Pharmasist',20000,70);
INSERT INTO pharmasist (id,education_level,research) VALUES (13,'Postgraduate',B'1');
INSERT INTO person (id,first_name,second_name,email,user_login,user_password,sex,date_of_birth,age,permission_level) VALUES (14,'Connor','Griffin','geraldevans@hotmail.com','schmidteric','suntCSjbGMu','M','2017-12-10',2,2);
INSERT INTO staff_member (id,employed_since,position,salary,room) VALUES (14,'2014-12-09','Maintanence Worker',15000,58);
INSERT INTO maintanence_worker (id,employment_type,speciality) VALUES (14,'Part time','Electricity');
INSERT INTO person (id,first_name,second_name,email,user_login,user_password,sex,date_of_birth,age,permission_level) VALUES (15,'Roger','Sanders','isparks@yahoo.com','jenkinslisa','qyXcIwwxJrGmXlK','M','1986-01-21',33,3);
INSERT INTO staff_member (id,employed_since,position,salary,room) VALUES (15,'2014-05-07','Professor',35000,32);
INSERT INTO professor (id,research_topic,surgery_participation,departement_id) VALUES (15,'Gastroenterologist',B'1',1);
INSERT INTO person (id,first_name,second_name,email,user_login,user_password,sex,date_of_birth,age,permission_level) VALUES (16,'David','Hopkins','salasheather@gmail.com','joshuahill','PBUhwwZhjCzIl','M','1922-02-05',97,4);
INSERT INTO staff_member (id,employed_since,position,salary,room) VALUES (16,'2010-01-26','Lab Technician',15000,44);
INSERT INTO lab_technician (id,education_level,departement_id) VALUES (16,'Magister',6);
INSERT INTO person (id,first_name,second_name,email,user_login,user_password,sex,date_of_birth,age,permission_level) VALUES (17,'Antonio','Young','wilcoxnathaniel@gmail.com','browncrystal','bsjMkNCXh','M','1917-10-10',102,2);
INSERT INTO staff_member (id,employed_since,position,salary,room) VALUES (17,'2015-04-23','Doctor',35000,11);
INSERT INTO doctor (id,speciality,emergency_hours,experience,departement_id,supervisor) VALUES (17,'Allergist',B'1',8,6,4);
INSERT INTO person (id,first_name,second_name,email,user_login,user_password,sex,date_of_birth,age,permission_level) VALUES (18,'Carl','Kennedy','hannah39@hotmail.com','stephaniebaker','sFpnljdugmhYhAf','M','1937-02-06',82,2);
INSERT INTO staff_member (id,employed_since,position,salary,room) VALUES (18,'2013-10-24','Doctor',35000,24);
INSERT INTO doctor (id,speciality,emergency_hours,experience,departement_id,supervisor) VALUES (18,'Rheumatologist',B'1',6,14,9);
INSERT INTO person (id,first_name,second_name,email,user_login,user_password,sex,date_of_birth,age,permission_level) VALUES (19,'John','Li','kelly63@hotmail.com','zwaters','tiClBrTZu','M','1928-03-27',91,3);
INSERT INTO staff_member (id,employed_since,position,salary,room) VALUES (19,'2011-10-03','Cook',15000,73);
INSERT INTO cook (id,experience) VALUES (19,10);
INSERT INTO person (id,first_name,second_name,email,user_login,user_password,sex,date_of_birth,age,permission_level) VALUES (20,'Richard','Garcia','natalieperez@gmail.com','rchavez','omTFaMwdt','M','1908-10-07',111,1);
INSERT INTO staff_member (id,employed_since,position,salary,room) VALUES (20,'2017-05-31','Professor',35000,38);
INSERT INTO professor (id,research_topic,surgery_participation,departement_id) VALUES (20,'Infectious Disease Specialist',B'1',12);
INSERT INTO person (id,first_name,second_name,email,user_login,user_password,sex,date_of_birth,age,permission_level) VALUES (21,'George','Fischer','stevensilva@yahoo.com','cameronclay','XCogyCSXnZ','M','2012-07-18',7,1);
INSERT INTO patient (id) VALUES (21);
INSERT INTO patients_address (street,house,apartement) VALUES ('Jennifer st.','89','1');
INSERT INTO medical_history (patient_id,date) VALUES (21,'2019-10-30');
INSERT INTO person (id,first_name,second_name,email,user_login,user_password,sex,date_of_birth,age,permission_level) VALUES (22,'Michael','Page','aguilardevin@hotmail.com','ashleyweaver','YLOcepa','M','1927-01-05',92,2);
INSERT INTO staff_member (id,employed_since,position,salary,room) VALUES (22,'2012-07-28','Nurse',25000,10);
INSERT INTO nurse (id,surgery_assistant,preferred_shifts,appointment_assistant,departement_id) VALUES (22,B'1','Day',B'0',11);
INSERT INTO person (id,first_name,second_name,email,user_login,user_password,sex,date_of_birth,age,permission_level) VALUES (23,'John','Ramos','andrew74@yahoo.com','smithgary','litvAyIqQkgbXtd','M','2002-10-28',17,2);
INSERT INTO staff_member (id,employed_since,position,salary,room) VALUES (23,'2011-10-10','Professor',35000,35);
INSERT INTO professor (id,research_topic,surgery_participation,departement_id) VALUES (23,'Rheumatologist',B'1',9);
INSERT INTO person (id,first_name,second_name,email,user_login,user_password,sex,date_of_birth,age,permission_level) VALUES (24,'Bonnie','Ho','ofranklin@hotmail.com','rmatthews','SDkWchnya','F','1985-08-15',34,4);
INSERT INTO staff_member (id,employed_since,position,salary,room) VALUES (24,'2010-10-15','Lab Technician',15000,46);
INSERT INTO lab_technician (id,education_level,departement_id) VALUES (24,'Bachelor',4);
INSERT INTO person (id,first_name,second_name,email,user_login,user_password,sex,date_of_birth,age,permission_level) VALUES (25,'Alan','Ochoa','ruizcharles@hotmail.com','msullivan','ucrwxdacK','M','1989-04-26',30,3);
INSERT INTO patient (id) VALUES (25);
INSERT INTO patients_address (street,house,apartement) VALUES ('Bernard st.','78','1');
INSERT INTO medical_history (patient_id,date) VALUES (25,'2019-10-26');
INSERT INTO person (id,first_name,second_name,email,user_login,user_password,sex,date_of_birth,age,permission_level) VALUES (26,'Annette','Jackson','michaelshaw@yahoo.com','fjohnson','ilAQcNGCok','F','1971-12-08',48,2);
INSERT INTO staff_member (id,employed_since,position,salary,room) VALUES (26,'2017-09-03','Lab Technician',15000,49);
INSERT INTO lab_technician (id,education_level,departement_id) VALUES (26,'Magister',7);
INSERT INTO person (id,first_name,second_name,email,user_login,user_password,sex,date_of_birth,age,permission_level) VALUES (27,'Katie','Rice','brandon58@hotmail.com','johnsonchristian','TOKjKLGcYPvb','F','2015-01-30',4,2);
INSERT INTO staff_member (id,employed_since,position,salary,room) VALUES (27,'2018-07-25','Nurse',25000,10);
INSERT INTO nurse (id,surgery_assistant,preferred_shifts,appointment_assistant,departement_id) VALUES (27,B'1','Day',B'0',7);
INSERT INTO person (id,first_name,second_name,email,user_login,user_password,sex,date_of_birth,age,permission_level) VALUES (28,'Amanda','Tanner','nicholas44@yahoo.com','sandra30','raLPfiAN','F','1904-09-15',115,5);
INSERT INTO staff_member (id,employed_since,position,salary,room) VALUES (28,'2011-09-03','Pharmasist',20000,70);
INSERT INTO pharmasist (id,education_level,research) VALUES (28,'Magister',B'0');
INSERT INTO person (id,first_name,second_name,email,user_login,user_password,sex,date_of_birth,age,permission_level) VALUES (29,'Robert','Khan','johnsonbrandi@gmail.com','dmcdonald','GqtNWkXmOIuOSpD','M','1938-09-17',81,2);
INSERT INTO staff_member (id,employed_since,position,salary,room) VALUES (29,'2019-07-13','Nurse',25000,9);
INSERT INTO nurse (id,surgery_assistant,preferred_shifts,appointment_assistant,departement_id) VALUES (29,B'1','Day',B'0',13);
INSERT INTO person (id,first_name,second_name,email,user_login,user_password,sex,date_of_birth,age,permission_level) VALUES (30,'Leslie','Hogan','sramirez@hotmail.com','thomas33','oYATeCeAqZCsj','F','1916-04-03',103,2);
INSERT INTO staff_member (id,employed_since,position,salary,room) VALUES (30,'2010-05-18','Priest',15000,78);
INSERT INTO priest (id,religion) VALUES (30,'Islam');
INSERT INTO person (id,first_name,second_name,email,user_login,user_password,sex,date_of_birth,age,permission_level) VALUES (31,'Theresa','Collins','lprince@yahoo.com','youngjeffrey','fojxiaZA','F','1939-02-03',80,1);
INSERT INTO staff_member (id,employed_since,position,salary,room) VALUES (31,'2010-05-01','Nurse',25000,7);
INSERT INTO nurse (id,surgery_assistant,preferred_shifts,appointment_assistant,departement_id) VALUES (31,B'1','Night',B'1',15);
INSERT INTO person (id,first_name,second_name,email,user_login,user_password,sex,date_of_birth,age,permission_level) VALUES (32,'Jessica','Smith','jenningstimothy@hotmail.com','wesleyjohnson','XFtVgqt','F','1913-01-08',106,2);
INSERT INTO patient (id) VALUES (32);
INSERT INTO patients_address (street,house,apartement) VALUES ('Anthony st.','14','9');
INSERT INTO medical_history (patient_id,date) VALUES (32,'2019-10-19');
INSERT INTO person (id,first_name,second_name,email,user_login,user_password,sex,date_of_birth,age,permission_level) VALUES (33,'Linda','Carlson','barrygross@hotmail.com','dawsonstephanie','PeZehiJfYlSMCm','F','1974-04-14',45,4);
INSERT INTO staff_member (id,employed_since,position,salary,room) VALUES (33,'2011-02-28','Cook',15000,73);
INSERT INTO cook (id,experience) VALUES (33,7);
INSERT INTO person (id,first_name,second_name,email,user_login,user_password,sex,date_of_birth,age,permission_level) VALUES (34,'Corey','Lyons','fphillips@yahoo.com','velazquezjustin','LBmlMVERVTI','M','2011-12-11',8,3);
INSERT INTO staff_member (id,employed_since,position,salary,room) VALUES (34,'2011-06-30','Nurse',25000,3);
INSERT INTO nurse (id,surgery_assistant,preferred_shifts,appointment_assistant,departement_id) VALUES (34,B'0','Day',B'0',4);
INSERT INTO person (id,first_name,second_name,email,user_login,user_password,sex,date_of_birth,age,permission_level) VALUES (35,'Michael','Ellis','jocelynjohns@hotmail.com','danieljoseph','GCqYfIDfJWze','M','1990-05-27',29,1);
INSERT INTO staff_member (id,employed_since,position,salary,room) VALUES (35,'2011-11-27','Reseptionist',15000,56);
INSERT INTO reseptionist (id) VALUES (35);
INSERT INTO languages_spoken (reseptionist_id,language) VALUES (35,'RussianPortuguesPortuguesEnglishArabicRussian');
INSERT INTO person (id,first_name,second_name,email,user_login,user_password,sex,date_of_birth,age,permission_level) VALUES (36,'Maureen','Sanders','leepatricia@gmail.com','hortonjonathan','hOTNxWFxNOXjmsV','F','1999-03-22',20,5);
INSERT INTO staff_member (id,employed_since,position,salary,room) VALUES (36,'2012-01-04','Priest',15000,78);
INSERT INTO priest (id,religion) VALUES (36,'Judaism');
INSERT INTO person (id,first_name,second_name,email,user_login,user_password,sex,date_of_birth,age,permission_level) VALUES (37,'Erica','Stephens','markbranch@yahoo.com','cenglish','USMfuVhzVTC','F','1925-11-01',94,5);
INSERT INTO patient (id) VALUES (37);
INSERT INTO patients_address (street,house,apartement) VALUES ('Julia st.','54','4');
INSERT INTO medical_history (patient_id,date) VALUES (37,'2019-11-17');
INSERT INTO person (id,first_name,second_name,email,user_login,user_password,sex,date_of_birth,age,permission_level) VALUES (38,'Ashley','Brooks','briannamorgan@yahoo.com','gibsonjennifer','AjtqDEikWEShZV','F','2005-01-27',14,2);
INSERT INTO staff_member (id,employed_since,position,salary,room) VALUES (38,'2018-06-07','Nurse',25000,6);
INSERT INTO nurse (id,surgery_assistant,preferred_shifts,appointment_assistant,departement_id) VALUES (38,B'1','Day',B'0',10);
INSERT INTO person (id,first_name,second_name,email,user_login,user_password,sex,date_of_birth,age,permission_level) VALUES (39,'Jacob','Davis','howardmarie@yahoo.com','joshuabaker','OPOaJmeKARWELzE','M','1945-01-05',74,5);
INSERT INTO patient (id) VALUES (39);
INSERT INTO patients_address (street,house,apartement) VALUES ('Levi st.','24','1');
INSERT INTO medical_history (patient_id,date) VALUES (39,'2019-11-07');
INSERT INTO person (id,first_name,second_name,email,user_login,user_password,sex,date_of_birth,age,permission_level) VALUES (40,'Christopher','Clay','hilldarrell@yahoo.com','daniellenorman','inJmdTU','M','1972-02-07',47,4);
INSERT INTO staff_member (id,employed_since,position,salary,room) VALUES (40,'2014-03-09','Doctor',35000,13);
INSERT INTO doctor (id,speciality,emergency_hours,experience,departement_id,supervisor) VALUES (40,'General Surgeon',B'1',10,10,4);
INSERT INTO person (id,first_name,second_name,email,user_login,user_password,sex,date_of_birth,age,permission_level) VALUES (41,'Sara','Massey','hardinghannah@gmail.com','joshua34','zjTkFhfyr','F','2006-10-26',13,5);
INSERT INTO staff_member (id,employed_since,position,salary,room) VALUES (41,'2014-03-29','Doctor',35000,13);
INSERT INTO doctor (id,speciality,emergency_hours,experience,departement_id,supervisor) VALUES (41,'Infectious Disease Specialist',B'0',3,5,18);
INSERT INTO person (id,first_name,second_name,email,user_login,user_password,sex,date_of_birth,age,permission_level) VALUES (42,'James','Neal','burchvanessa@yahoo.com','margaret41','RBPEfcdTdHjKNW','M','1976-09-19',43,3);
INSERT INTO staff_member (id,employed_since,position,salary,room) VALUES (42,'2011-06-11','Reseptionist',15000,56);
INSERT INTO reseptionist (id) VALUES (42);
INSERT INTO languages_spoken (reseptionist_id,language) VALUES (42,'ItalianItalianEnglishArabicItalian');
INSERT INTO person (id,first_name,second_name,email,user_login,user_password,sex,date_of_birth,age,permission_level) VALUES (43,'Reginald','Watkins','jeffreylong@gmail.com','gbecker','ZMbPGYnCZwZW','M','1991-12-14',28,5);
INSERT INTO staff_member (id,employed_since,position,salary,room) VALUES (43,'2018-11-05','Nurse',25000,5);
INSERT INTO nurse (id,surgery_assistant,preferred_shifts,appointment_assistant,departement_id) VALUES (43,B'0','Day',B'1',5);
INSERT INTO person (id,first_name,second_name,email,user_login,user_password,sex,date_of_birth,age,permission_level) VALUES (44,'Jared','Meadows','jasmine57@hotmail.com','jeffreybush','GhjEWVhj','M','1911-05-18',108,5);
INSERT INTO staff_member (id,employed_since,position,salary,room) VALUES (44,'2012-01-02','Professor',35000,31);
INSERT INTO professor (id,research_topic,surgery_participation,departement_id) VALUES (44,'Medical Geneticist',B'1',3);
INSERT INTO person (id,first_name,second_name,email,user_login,user_password,sex,date_of_birth,age,permission_level) VALUES (45,'Kristen','Moran','carrienunez@yahoo.com','bowerscharles','KYbCscuXue','F','1941-11-06',78,3);
INSERT INTO staff_member (id,employed_since,position,salary,room) VALUES (45,'2011-10-23','Reseptionist',15000,56);
INSERT INTO reseptionist (id) VALUES (45);
INSERT INTO languages_spoken (reseptionist_id,language) VALUES (45,'PortuguesRussianTatar');
INSERT INTO person (id,first_name,second_name,email,user_login,user_password,sex,date_of_birth,age,permission_level) VALUES (46,'Sarah','Campbell','sfry@yahoo.com','daviszachary','bfSWMnhsiTnfVOV','F','1972-08-18',47,1);
INSERT INTO staff_member (id,employed_since,position,salary,room) VALUES (46,'2015-11-04','IT Specialist',15000,75);
INSERT INTO IT_specialist (id,support_line) VALUES (46,B'1');
INSERT INTO person (id,first_name,second_name,email,user_login,user_password,sex,date_of_birth,age,permission_level) VALUES (47,'Kathy','Wright','obrienjason@hotmail.com','robincummings','nHnFCedgNDxHbj','F','1982-02-08',37,1);
INSERT INTO staff_member (id,employed_since,position,salary,room) VALUES (47,'2017-07-15','Doctor',35000,15);
INSERT INTO doctor (id,speciality,emergency_hours,experience,departement_id,supervisor) VALUES (47,'Preventive Medicine Specialist',B'1',7,4,4);
INSERT INTO person (id,first_name,second_name,email,user_login,user_password,sex,date_of_birth,age,permission_level) VALUES (48,'Timothy','Allen','sbright@hotmail.com','josephcobb','MbMGoBzb','M','1971-05-18',48,5);
INSERT INTO staff_member (id,employed_since,position,salary,room) VALUES (48,'2014-05-24','Lab Technician',15000,45);
INSERT INTO lab_technician (id,education_level,departement_id) VALUES (48,'Postgraduate',3);
INSERT INTO person (id,first_name,second_name,email,user_login,user_password,sex,date_of_birth,age,permission_level) VALUES (49,'Joshua','Parsons','kwalters@yahoo.com','robert06','rpFXogyDokavON','M','1937-11-10',82,1);
INSERT INTO staff_member (id,employed_since,position,salary,room) VALUES (49,'2014-03-29','Pharmasist',20000,69);
INSERT INTO pharmasist (id,education_level,research) VALUES (49,'Postgraduate',B'0');
INSERT INTO person (id,first_name,second_name,email,user_login,user_password,sex,date_of_birth,age,permission_level) VALUES (50,'Amy','Hutchinson','christinamays@hotmail.com','parsonspaul','vsChMYAUt','F','2002-11-12',17,3);
INSERT INTO staff_member (id,employed_since,position,salary,room) VALUES (50,'2010-10-28','Lab Technician',15000,42);
INSERT INTO lab_technician (id,education_level,departement_id) VALUES (50,'Magister',1);
INSERT INTO person (id,first_name,second_name,email,user_login,user_password,sex,date_of_birth,age,permission_level) VALUES (51,'Heather','Brown','kathryn49@gmail.com','catherine07','KZjhqfkpv','F','1998-04-14',21,1);
INSERT INTO staff_member (id,employed_since,position,salary,room) VALUES (51,'2011-09-20','Nurse',25000,3);
INSERT INTO nurse (id,surgery_assistant,preferred_shifts,appointment_assistant,departement_id) VALUES (51,B'1','Day',B'0',3);
INSERT INTO person (id,first_name,second_name,email,user_login,user_password,sex,date_of_birth,age,permission_level) VALUES (52,'Jesse','Davis','jilljackson@gmail.com','deborahstrong','HXKxsPfs','M','1964-04-19',55,5);
INSERT INTO staff_member (id,employed_since,position,salary,room) VALUES (52,'2012-11-26','Pharmasist',20000,69);
INSERT INTO pharmasist (id,education_level,research) VALUES (52,'PhD',B'1');
INSERT INTO person (id,first_name,second_name,email,user_login,user_password,sex,date_of_birth,age,permission_level) VALUES (53,'Lori','Garcia','christopherguzman@yahoo.com','gcurry','ELYRQJScoaUBFn','F','2002-11-06',17,4);
INSERT INTO staff_member (id,employed_since,position,salary,room) VALUES (53,'2011-12-14','Maintanence Worker',15000,60);
INSERT INTO maintanence_worker (id,employment_type,speciality) VALUES (53,'Full time','Furniture');
INSERT INTO person (id,first_name,second_name,email,user_login,user_password,sex,date_of_birth,age,permission_level) VALUES (54,'Kylie','Dennis','rnelson@hotmail.com','josephbrown','yrbVDkZ','F','2017-04-24',2,5);
INSERT INTO staff_member (id,employed_since,position,salary,room) VALUES (54,'2016-11-24','Doctor',35000,19);
INSERT INTO doctor (id,speciality,emergency_hours,experience,departement_id,supervisor) VALUES (54,'Emergency Medicine Specialist',B'1',6,15,4);
INSERT INTO person (id,first_name,second_name,email,user_login,user_password,sex,date_of_birth,age,permission_level) VALUES (55,'Mary','Carey','greenmelissa@hotmail.com','collinsthomas','DIFpstbhUfFAVFD','F','1934-07-22',85,2);
INSERT INTO staff_member (id,employed_since,position,salary,room) VALUES (55,'2014-10-18','Maintanence Worker',15000,60);
INSERT INTO maintanence_worker (id,employment_type,speciality) VALUES (55,'Full time','Furniture');
INSERT INTO person (id,first_name,second_name,email,user_login,user_password,sex,date_of_birth,age,permission_level) VALUES (56,'Jordan','Olsen','arussell@hotmail.com','angela46','QzrbMusPbCBM','M','2005-09-26',14,4);
INSERT INTO staff_member (id,employed_since,position,salary,room) VALUES (56,'2010-06-11','Pharmasist',20000,68);
INSERT INTO pharmasist (id,education_level,research) VALUES (56,'PhD',B'1');
INSERT INTO person (id,first_name,second_name,email,user_login,user_password,sex,date_of_birth,age,permission_level) VALUES (57,'Richard','Hayden','tracybrown@gmail.com','vmyers','cckJOtC','M','1912-05-24',107,1);
INSERT INTO staff_member (id,employed_since,position,salary,room) VALUES (57,'2012-03-22','Doctor',35000,29);
INSERT INTO doctor (id,speciality,emergency_hours,experience,departement_id,supervisor) VALUES (57,'Nephrologist',B'1',5,1,40);
INSERT INTO person (id,first_name,second_name,email,user_login,user_password,sex,date_of_birth,age,permission_level) VALUES (58,'Ann','Hayes','michelle62@yahoo.com','denisemiller','RjjPCbZmllReZ','F','1959-12-14',60,1);
INSERT INTO patient (id) VALUES (58);
INSERT INTO patients_address (street,house,apartement) VALUES ('Tina st.','46','1');
INSERT INTO medical_history (patient_id,date) VALUES (58,'2019-10-28');
INSERT INTO person (id,first_name,second_name,email,user_login,user_password,sex,date_of_birth,age,permission_level) VALUES (59,'Amanda','Rosales','tracywest@gmail.com','connor52','mcOcVHirkWSmb','F','2012-09-22',7,5);
INSERT INTO staff_member (id,employed_since,position,salary,room) VALUES (59,'2018-12-11','Nurse',25000,9);
INSERT INTO nurse (id,surgery_assistant,preferred_shifts,appointment_assistant,departement_id) VALUES (59,B'0','Night',B'1',12);
INSERT INTO person (id,first_name,second_name,email,user_login,user_password,sex,date_of_birth,age,permission_level) VALUES (60,'Mrs.','Amanda','oschneider@gmail.com','rhondabrown','FRHvZMRWKgcivKd','F','1945-04-21',74,3);
INSERT INTO patient (id) VALUES (60);
INSERT INTO patients_address (street,house,apartement) VALUES ('Donald st.','93','7');
INSERT INTO medical_history (patient_id,date) VALUES (60,'2019-10-28');
INSERT INTO person (id,first_name,second_name,email,user_login,user_password,sex,date_of_birth,age,permission_level) VALUES (61,'Michelle','Howell','kelseygrant@yahoo.com','scottfigueroa','ZiHVYkPRtIb','F','1952-03-24',67,5);
INSERT INTO patient (id) VALUES (61);
INSERT INTO patients_address (street,house,apartement) VALUES ('Timothy st.','82','3');
INSERT INTO medical_history (patient_id,date) VALUES (61,'2019-11-13');
INSERT INTO person (id,first_name,second_name,email,user_login,user_password,sex,date_of_birth,age,permission_level) VALUES (62,'Mary','Jones','lukekerr@gmail.com','vbrown','EmLQktwtSgCpHD','F','1915-04-05',104,3);
INSERT INTO staff_member (id,employed_since,position,salary,room) VALUES (62,'2016-02-04','Doctor',35000,17);
INSERT INTO doctor (id,speciality,emergency_hours,experience,departement_id,supervisor) VALUES (62,'Pathologist',B'1',9,12,4);
INSERT INTO person (id,first_name,second_name,email,user_login,user_password,sex,date_of_birth,age,permission_level) VALUES (63,'Lisa','Johnson','juliegarcia@gmail.com','jimmysmith','haOPdls','F','1973-05-07',46,2);
INSERT INTO staff_member (id,employed_since,position,salary,room) VALUES (63,'2015-11-19','Professor',35000,31);
INSERT INTO professor (id,research_topic,surgery_participation,departement_id) VALUES (63,'Pathologist',B'1',14);
INSERT INTO person (id,first_name,second_name,email,user_login,user_password,sex,date_of_birth,age,permission_level) VALUES (64,'Erica','Brooks','williamslisa@hotmail.com','vargasjulian','GUIJmiiV','F','1998-12-10',21,3);
INSERT INTO staff_member (id,employed_since,position,salary,room) VALUES (64,'2016-09-03','HR',30000,64);
INSERT INTO hr (id,selection_responsibility) VALUES (64,'Review');
INSERT INTO person (id,first_name,second_name,email,user_login,user_password,sex,date_of_birth,age,permission_level) VALUES (65,'Margaret','Sullivan','umorrison@yahoo.com','david39','bcKUOmsyI','F','1930-12-02',89,2);
INSERT INTO staff_member (id,employed_since,position,salary,room) VALUES (65,'2012-10-16','Professor',35000,31);
INSERT INTO professor (id,research_topic,surgery_participation,departement_id) VALUES (65,'Osteopath',B'0',3);
INSERT INTO person (id,first_name,second_name,email,user_login,user_password,sex,date_of_birth,age,permission_level) VALUES (66,'Susan','Schwartz','zcook@gmail.com','farmerandrea','TXNgDVOOajRWQkI','F','1918-03-31',101,3);
INSERT INTO staff_member (id,employed_since,position,salary,room) VALUES (66,'2017-09-10','Doctor',35000,28);
INSERT INTO doctor (id,speciality,emergency_hours,experience,departement_id,supervisor) VALUES (66,'Cardiologist',B'0',10,1,41);
INSERT INTO person (id,first_name,second_name,email,user_login,user_password,sex,date_of_birth,age,permission_level) VALUES (67,'Jason','Mercado','evan56@gmail.com','clarkjessica','GHPvIOe','M','1913-02-27',106,1);
INSERT INTO staff_member (id,employed_since,position,salary,room) VALUES (67,'2017-10-04','Pharmasist',20000,70);
INSERT INTO pharmasist (id,education_level,research) VALUES (67,'Postgraduate',B'1');
INSERT INTO person (id,first_name,second_name,email,user_login,user_password,sex,date_of_birth,age,permission_level) VALUES (68,'Tabitha','Conley','willisbenjamin@yahoo.com','grahamsara','cntEYlQdPH','F','1994-11-20',25,1);
INSERT INTO staff_member (id,employed_since,position,salary,room) VALUES (68,'2010-10-15','Professor',35000,31);
INSERT INTO professor (id,research_topic,surgery_participation,departement_id) VALUES (68,'Medicine Specialist',B'0',15);
INSERT INTO person (id,first_name,second_name,email,user_login,user_password,sex,date_of_birth,age,permission_level) VALUES (69,'Tonya','Spence','petersondebra@gmail.com','jthomas','uvUUEvPmvq','F','1905-09-02',114,1);
INSERT INTO staff_member (id,employed_since,position,salary,room) VALUES (69,'2016-08-02','Nurse',25000,7);
INSERT INTO nurse (id,surgery_assistant,preferred_shifts,appointment_assistant,departement_id) VALUES (69,B'0','Night',B'1',9);
INSERT INTO person (id,first_name,second_name,email,user_login,user_password,sex,date_of_birth,age,permission_level) VALUES (70,'Denise','Leon','aescobar@gmail.com','joshua47','uGdNCOpQQlTJJAD','F','1954-01-17',65,2);
INSERT INTO staff_member (id,employed_since,position,salary,room) VALUES (70,'2017-11-13','Maintanence Worker',15000,60);
INSERT INTO maintanence_worker (id,employment_type,speciality) VALUES (70,'Full time','Furniture');
INSERT INTO person (id,first_name,second_name,email,user_login,user_password,sex,date_of_birth,age,permission_level) VALUES (71,'Karen','Lucero','anthony48@hotmail.com','ljensen','uiupKhQhG','F','2003-08-22',16,2);
INSERT INTO staff_member (id,employed_since,position,salary,room) VALUES (71,'2015-12-02','IT Specialist',15000,74);
INSERT INTO IT_specialist (id,support_line) VALUES (71,B'1');
INSERT INTO person (id,first_name,second_name,email,user_login,user_password,sex,date_of_birth,age,permission_level) VALUES (72,'Vincent','Sanford','gordondaniel@hotmail.com','johnjenkins','yuzcbUru','M','1935-04-11',84,4);
INSERT INTO staff_member (id,employed_since,position,salary,room) VALUES (72,'2018-03-13','Professor',35000,33);
INSERT INTO professor (id,research_topic,surgery_participation,departement_id) VALUES (72,'Gastroenterologist',B'1',11);
INSERT INTO person (id,first_name,second_name,email,user_login,user_password,sex,date_of_birth,age,permission_level) VALUES (73,'Matthew','Rivera','kristine64@yahoo.com','fhodges','OEjCHFreOjVMn','M','1976-03-12',43,3);
INSERT INTO staff_member (id,employed_since,position,salary,room) VALUES (73,'2013-11-07','Nurse',25000,3);
INSERT INTO nurse (id,surgery_assistant,preferred_shifts,appointment_assistant,departement_id) VALUES (73,B'1','Day',B'1',15);
INSERT INTO person (id,first_name,second_name,email,user_login,user_password,sex,date_of_birth,age,permission_level) VALUES (74,'Joseph','Hernandez','patrickknox@gmail.com','foxedward','fWJflFUHuP','M','1941-09-03',78,5);
INSERT INTO staff_member (id,employed_since,position,salary,room) VALUES (74,'2015-02-01','Doctor',35000,22);
INSERT INTO doctor (id,speciality,emergency_hours,experience,departement_id,supervisor) VALUES (74,'Medical Geneticist',B'1',4,14,17);
INSERT INTO person (id,first_name,second_name,email,user_login,user_password,sex,date_of_birth,age,permission_level) VALUES (75,'Courtney','Velez','jamesolson@yahoo.com','marcus05','QzIkjaTqWYCT','F','2010-02-28',9,4);
INSERT INTO staff_member (id,employed_since,position,salary,room) VALUES (75,'2011-05-22','Cook',15000,72);
INSERT INTO cook (id,experience) VALUES (75,9);
INSERT INTO person (id,first_name,second_name,email,user_login,user_password,sex,date_of_birth,age,permission_level) VALUES (76,'Nathaniel','Webb','kathleen28@gmail.com','martincatherine','JZSaEhl','M','1965-11-25',54,2);
INSERT INTO patient (id) VALUES (76);
INSERT INTO patients_address (street,house,apartement) VALUES ('Matthew st.','88','5');
INSERT INTO medical_history (patient_id,date) VALUES (76,'2019-11-08');
INSERT INTO person (id,first_name,second_name,email,user_login,user_password,sex,date_of_birth,age,permission_level) VALUES (77,'Erin','Phillips','wlee@yahoo.com','xwilson','iTKjEKJWr','F','1927-10-26',92,3);
INSERT INTO staff_member (id,employed_since,position,salary,room) VALUES (77,'2018-04-25','Priest',15000,79);
INSERT INTO priest (id,religion) VALUES (77,'Christianity');
INSERT INTO person (id,first_name,second_name,email,user_login,user_password,sex,date_of_birth,age,permission_level) VALUES (78,'Katrina','Castillo','sally60@gmail.com','robert77','aqbUpJbikYsjeJ','F','1991-01-21',28,5);
INSERT INTO staff_member (id,employed_since,position,salary,room) VALUES (78,'2019-03-11','Doctor',35000,18);
INSERT INTO doctor (id,speciality,emergency_hours,experience,departement_id,supervisor) VALUES (78,'Urologist',B'0',10,9,4);
INSERT INTO person (id,first_name,second_name,email,user_login,user_password,sex,date_of_birth,age,permission_level) VALUES (79,'Cole','Hernandez','hinesemily@gmail.com','carterbrandon','JRDheKUDDio','M','2012-03-17',7,1);
INSERT INTO staff_member (id,employed_since,position,salary,room) VALUES (79,'2013-02-20','Nurse',25000,3);
INSERT INTO nurse (id,surgery_assistant,preferred_shifts,appointment_assistant,departement_id) VALUES (79,B'0','Day',B'1',15);
INSERT INTO person (id,first_name,second_name,email,user_login,user_password,sex,date_of_birth,age,permission_level) VALUES (80,'David','Wells','rcombs@hotmail.com','watsonbrandon','NKycPCRhbf','M','1978-07-13',41,3);
INSERT INTO staff_member (id,employed_since,position,salary,room) VALUES (80,'2015-05-10','Doctor',35000,12);
INSERT INTO doctor (id,speciality,emergency_hours,experience,departement_id,supervisor) VALUES (80,'Gastroenterologist',B'1',4,6,18);
INSERT INTO person (id,first_name,second_name,email,user_login,user_password,sex,date_of_birth,age,permission_level) VALUES (81,'Eric','Morton','andrewfisher@gmail.com','rojascrystal','eJCcDghrO','M','1973-04-07',46,5);
INSERT INTO staff_member (id,employed_since,position,salary,room) VALUES (81,'2010-03-12','Nurse',25000,10);
INSERT INTO nurse (id,surgery_assistant,preferred_shifts,appointment_assistant,departement_id) VALUES (81,B'1','Night',B'1',8);
INSERT INTO person (id,first_name,second_name,email,user_login,user_password,sex,date_of_birth,age,permission_level) VALUES (82,'Adam','Hill','ehiggins@gmail.com','powelljustin','fVFuwmTmkVRYK','M','1973-08-10',46,3);
INSERT INTO staff_member (id,employed_since,position,salary,room) VALUES (82,'2016-09-03','Nurse',25000,7);
INSERT INTO nurse (id,surgery_assistant,preferred_shifts,appointment_assistant,departement_id) VALUES (82,B'1','Day',B'1',7);
INSERT INTO person (id,first_name,second_name,email,user_login,user_password,sex,date_of_birth,age,permission_level) VALUES (83,'Mark','Mcintyre','heatherharrell@hotmail.com','kathynorman','lrazxZaRajk','M','1961-10-21',58,4);
INSERT INTO staff_member (id,employed_since,position,salary,room) VALUES (83,'2017-07-12','Nurse',25000,5);
INSERT INTO nurse (id,surgery_assistant,preferred_shifts,appointment_assistant,departement_id) VALUES (83,B'0','Day',B'0',13);
INSERT INTO person (id,first_name,second_name,email,user_login,user_password,sex,date_of_birth,age,permission_level) VALUES (84,'Brandon','Scott','shawbrian@hotmail.com','wadenorma','GzGwZtZZWJ','M','1993-08-14',26,5);
INSERT INTO staff_member (id,employed_since,position,salary,room) VALUES (84,'2018-11-21','Pharmasist',20000,69);
INSERT INTO pharmasist (id,education_level,research) VALUES (84,'Bachelor',B'0');
INSERT INTO person (id,first_name,second_name,email,user_login,user_password,sex,date_of_birth,age,permission_level) VALUES (85,'Monica','Zavala','nmurray@gmail.com','heatheralvarado','gTzFMUbMZvz','F','1990-03-30',29,4);
INSERT INTO staff_member (id,employed_since,position,salary,room) VALUES (85,'2016-04-18','Doctor',35000,25);
INSERT INTO doctor (id,speciality,emergency_hours,experience,departement_id,supervisor) VALUES (85,'Infectious Disease Specialist',B'1',7,3,80);
INSERT INTO person (id,first_name,second_name,email,user_login,user_password,sex,date_of_birth,age,permission_level) VALUES (86,'Dwayne','Johnson','ryanrobert@hotmail.com','michael41','KBJcQLAkft','M','1921-11-24',98,2);
INSERT INTO staff_member (id,employed_since,position,salary,room) VALUES (86,'2009-12-25','Maintanence Worker',15000,57);
INSERT INTO maintanence_worker (id,employment_type,speciality) VALUES (86,'Full time','Furniture');
INSERT INTO person (id,first_name,second_name,email,user_login,user_password,sex,date_of_birth,age,permission_level) VALUES (87,'Peggy','Medina','maxwellcastillo@yahoo.com','uthomas','jxHyaHb','F','1931-11-01',88,3);
INSERT INTO patient (id) VALUES (87);
INSERT INTO patients_address (street,house,apartement) VALUES ('Jennifer st.','79','5');
INSERT INTO medical_history (patient_id,date) VALUES (87,'2019-11-07');
INSERT INTO person (id,first_name,second_name,email,user_login,user_password,sex,date_of_birth,age,permission_level) VALUES (88,'Colleen','Li','reedphillip@yahoo.com','julie46','LVNhSaSEe','F','1940-06-12',79,3);
INSERT INTO patient (id) VALUES (88);
INSERT INTO patients_address (street,house,apartement) VALUES ('Troy st.','1','5');
INSERT INTO medical_history (patient_id,date) VALUES (88,'2019-10-21');
INSERT INTO person (id,first_name,second_name,email,user_login,user_password,sex,date_of_birth,age,permission_level) VALUES (89,'Joan','Jackson','ubridges@yahoo.com','christinasnyder','nELbhiXwoOawyS','F','1961-06-11',58,5);
INSERT INTO staff_member (id,employed_since,position,salary,room) VALUES (89,'2012-12-31','Cook',15000,72);
INSERT INTO cook (id,experience) VALUES (89,4);
INSERT INTO person (id,first_name,second_name,email,user_login,user_password,sex,date_of_birth,age,permission_level) VALUES (90,'Vincent','Gordon','yhowell@hotmail.com','jeff58','othYsmdXmnITkQb','M','1978-03-09',41,4);
INSERT INTO staff_member (id,employed_since,position,salary,room) VALUES (90,'2018-04-18','Professor',35000,38);
INSERT INTO professor (id,research_topic,surgery_participation,departement_id) VALUES (90,'Rheumatologist',B'1',6);
INSERT INTO person (id,first_name,second_name,email,user_login,user_password,sex,date_of_birth,age,permission_level) VALUES (91,'Shaun','Caldwell','julielopez@gmail.com','mark37','AicPPlgRG','M','1963-10-11',56,3);
INSERT INTO staff_member (id,employed_since,position,salary,room) VALUES (91,'2013-08-16','Nurse',25000,8);
INSERT INTO nurse (id,surgery_assistant,preferred_shifts,appointment_assistant,departement_id) VALUES (91,B'1','Night',B'0',4);
INSERT INTO person (id,first_name,second_name,email,user_login,user_password,sex,date_of_birth,age,permission_level) VALUES (92,'David','Williams','nelsonlori@hotmail.com','michellehobbs','DhfzAZAEdBfphj','M','1994-06-08',25,5);
INSERT INTO patient (id) VALUES (92);
INSERT INTO patients_address (street,house,apartement) VALUES ('Jimmy st.','74','9');
INSERT INTO medical_history (patient_id,date) VALUES (92,'2019-10-30');
INSERT INTO person (id,first_name,second_name,email,user_login,user_password,sex,date_of_birth,age,permission_level) VALUES (93,'Miss','Bianca','debbie14@gmail.com','iherrera','XDaCzsCDDTP','F','1941-01-23',78,4);
INSERT INTO patient (id) VALUES (93);
INSERT INTO patients_address (street,house,apartement) VALUES ('Phillip st.','70','8');
INSERT INTO medical_history (patient_id,date) VALUES (93,'2019-11-01');
INSERT INTO person (id,first_name,second_name,email,user_login,user_password,sex,date_of_birth,age,permission_level) VALUES (94,'Sean','Richardson','david63@yahoo.com','cruzabigail','JMGJzciHuwFZ','M','1913-02-09',106,5);
INSERT INTO patient (id) VALUES (94);
INSERT INTO patients_address (street,house,apartement) VALUES ('Miranda st.','74','10');
INSERT INTO medical_history (patient_id,date) VALUES (94,'2019-10-19');
INSERT INTO person (id,first_name,second_name,email,user_login,user_password,sex,date_of_birth,age,permission_level) VALUES (95,'Philip','Garcia','stacy63@gmail.com','peterszachary','znQJDaJAXNYOrSc','M','1919-02-18',100,2);
INSERT INTO staff_member (id,employed_since,position,salary,room) VALUES (95,'2015-06-18','Reseptionist',15000,56);
INSERT INTO reseptionist (id) VALUES (95);
INSERT INTO languages_spoken (reseptionist_id,language) VALUES (95,'Portugues');
INSERT INTO person (id,first_name,second_name,email,user_login,user_password,sex,date_of_birth,age,permission_level) VALUES (96,'Nicole','Gillespie','lindagillespie@gmail.com','awilliams','nTgWKRc','F','1986-01-22',33,5);
INSERT INTO staff_member (id,employed_since,position,salary,room) VALUES (96,'2018-11-29','Reseptionist',15000,56);
INSERT INTO reseptionist (id) VALUES (96);
INSERT INTO languages_spoken (reseptionist_id,language) VALUES (96,'RussianPortugues');
INSERT INTO person (id,first_name,second_name,email,user_login,user_password,sex,date_of_birth,age,permission_level) VALUES (97,'Lauren','Martin','robertallen@gmail.com','amy90','vNcXxkGJkvWN','F','2008-12-06',11,2);
INSERT INTO staff_member (id,employed_since,position,salary,room) VALUES (97,'2010-11-02','Doctor',35000,25);
INSERT INTO doctor (id,speciality,emergency_hours,experience,departement_id,supervisor) VALUES (97,'Internist',B'0',6,13,66);
INSERT INTO person (id,first_name,second_name,email,user_login,user_password,sex,date_of_birth,age,permission_level) VALUES (98,'Diane','Williams','laura53@gmail.com','craig04','bjaBOliH','F','1977-12-21',42,3);
INSERT INTO staff_member (id,employed_since,position,salary,room) VALUES (98,'2018-05-05','Lab Technician',15000,47);
INSERT INTO lab_technician (id,education_level,departement_id) VALUES (98,'Magister',7);
INSERT INTO person (id,first_name,second_name,email,user_login,user_password,sex,date_of_birth,age,permission_level) VALUES (99,'Paige','Thompson','victor81@gmail.com','kduffy','mABxnhspXI','F','1959-02-05',60,4);
INSERT INTO staff_member (id,employed_since,position,salary,room) VALUES (99,'2014-10-16','Cleaning Team Worker',10000,54);
INSERT INTO cleaning_team_worker (id,employment_type) VALUES (99,'Part time');
INSERT INTO person (id,first_name,second_name,email,user_login,user_password,sex,date_of_birth,age,permission_level) VALUES (100,'Kendra','Turner','paulclarke@hotmail.com','ljohnson','OwHeetxnHqbCJB','F','1980-12-26',39,4);
INSERT INTO patient (id) VALUES (100);
INSERT INTO patients_address (street,house,apartement) VALUES ('Raymond st.','99','2');
INSERT INTO medical_history (patient_id,date) VALUES (100,'2019-10-31');
INSERT INTO person (id,first_name,second_name,email,user_login,user_password,sex,date_of_birth,age,permission_level) VALUES (101,'Michelle','Simmons','smithdavid@gmail.com','jlong','YnfWMGpwJKtE','F','1949-12-20',70,1);
INSERT INTO staff_member (id,employed_since,position,salary,room) VALUES (101,'2016-05-30','Professor',35000,32);
INSERT INTO professor (id,research_topic,surgery_participation,departement_id) VALUES (101,'Hematologist',B'0',15);
INSERT INTO person (id,first_name,second_name,email,user_login,user_password,sex,date_of_birth,age,permission_level) VALUES (102,'Jeffrey','Shelton','robertsonkatherine@gmail.com','dbrown','YEAgVASJU','M','1959-03-04',60,4);
INSERT INTO staff_member (id,employed_since,position,salary,room) VALUES (102,'2019-09-09','IT Specialist',15000,74);
INSERT INTO IT_specialist (id,support_line) VALUES (102,B'0');
INSERT INTO person (id,first_name,second_name,email,user_login,user_password,sex,date_of_birth,age,permission_level) VALUES (103,'Matthew','Sandoval','mccarthyvanessa@yahoo.com','reynoldsemma','qRgurFG','M','1961-02-12',58,1);
INSERT INTO staff_member (id,employed_since,position,salary,room) VALUES (103,'2015-11-03','Doctor',35000,18);
INSERT INTO doctor (id,speciality,emergency_hours,experience,departement_id,supervisor) VALUES (103,'Dermatologist',B'1',2,2,66);
INSERT INTO person (id,first_name,second_name,email,user_login,user_password,sex,date_of_birth,age,permission_level) VALUES (104,'Dennis','Norris','woodcorey@hotmail.com','kimberly46','cuTDJku','M','1983-02-21',36,2);
INSERT INTO staff_member (id,employed_since,position,salary,room) VALUES (104,'2012-03-26','IT Specialist',15000,76);
INSERT INTO IT_specialist (id,support_line) VALUES (104,B'1');
INSERT INTO person (id,first_name,second_name,email,user_login,user_password,sex,date_of_birth,age,permission_level) VALUES (105,'Krista','Mitchell','hdrake@yahoo.com','derek47','yFBQrEEdtzjQt','F','1905-05-11',114,3);
INSERT INTO staff_member (id,employed_since,position,salary,room) VALUES (105,'2018-07-28','Nurse',25000,7);
INSERT INTO nurse (id,surgery_assistant,preferred_shifts,appointment_assistant,departement_id) VALUES (105,B'0','Night',B'1',1);
INSERT INTO person (id,first_name,second_name,email,user_login,user_password,sex,date_of_birth,age,permission_level) VALUES (106,'Susan','Gutierrez','johnsonanna@gmail.com','billychavez','TaziaHuHnyHCCm','F','1980-05-10',39,2);
INSERT INTO staff_member (id,employed_since,position,salary,room) VALUES (106,'2017-06-30','Reseptionist',15000,56);
INSERT INTO reseptionist (id) VALUES (106);
INSERT INTO languages_spoken (reseptionist_id,language) VALUES (106,'TatarArabicTatarEnglishTatarPortugues');
INSERT INTO person (id,first_name,second_name,email,user_login,user_password,sex,date_of_birth,age,permission_level) VALUES (107,'Leah','Hess','teresastephens@gmail.com','sdavis','MVPhAZzZLDHYAF','F','1965-07-04',54,2);
INSERT INTO staff_member (id,employed_since,position,salary,room) VALUES (107,'2010-01-06','Cleaning Team Worker',10000,53);
INSERT INTO cleaning_team_worker (id,employment_type) VALUES (107,'Full time');
INSERT INTO person (id,first_name,second_name,email,user_login,user_password,sex,date_of_birth,age,permission_level) VALUES (108,'Lynn','Guerrero','uhicks@yahoo.com','jennifergonzalez','LNXCBVwrGtowmid','F','2015-01-21',4,3);
INSERT INTO staff_member (id,employed_since,position,salary,room) VALUES (108,'2016-06-07','Professor',35000,38);
INSERT INTO professor (id,research_topic,surgery_participation,departement_id) VALUES (108,'Medical Geneticist',B'0',2);
INSERT INTO person (id,first_name,second_name,email,user_login,user_password,sex,date_of_birth,age,permission_level) VALUES (109,'Michael','Bennett','iberry@hotmail.com','willisanthony','LPyXGnV','M','1942-01-07',77,1);
INSERT INTO patient (id) VALUES (109);
INSERT INTO patients_address (street,house,apartement) VALUES ('Christian st.','63','9');
INSERT INTO medical_history (patient_id,date) VALUES (109,'2019-11-11');
INSERT INTO person (id,first_name,second_name,email,user_login,user_password,sex,date_of_birth,age,permission_level) VALUES (110,'Ronald','Sharp','baileyjoseph@hotmail.com','jacoblewis','uqsrcuVAwiMNBGF','M','1973-02-06',46,2);
INSERT INTO patient (id) VALUES (110);
INSERT INTO patients_address (street,house,apartement) VALUES ('Trevor st.','33','5');
INSERT INTO medical_history (patient_id,date) VALUES (110,'2019-10-24');
INSERT INTO person (id,first_name,second_name,email,user_login,user_password,sex,date_of_birth,age,permission_level) VALUES (111,'Rebekah','Jackson','salazarfrank@gmail.com','scottcampos','WeyTjKplpMUaVg','F','1924-04-12',95,4);
INSERT INTO patient (id) VALUES (111);
INSERT INTO patients_address (street,house,apartement) VALUES ('Virginia st.','3','4');
INSERT INTO medical_history (patient_id,date) VALUES (111,'2019-11-26');
INSERT INTO person (id,first_name,second_name,email,user_login,user_password,sex,date_of_birth,age,permission_level) VALUES (112,'Julie','Sims','tking@yahoo.com','caldwellshaun','oGhDrvGudS','F','1922-06-19',97,5);
INSERT INTO staff_member (id,employed_since,position,salary,room) VALUES (112,'2010-06-10','Nurse',25000,8);
INSERT INTO nurse (id,surgery_assistant,preferred_shifts,appointment_assistant,departement_id) VALUES (112,B'0','Day',B'0',2);
INSERT INTO person (id,first_name,second_name,email,user_login,user_password,sex,date_of_birth,age,permission_level) VALUES (113,'Meghan','Boyd','amberholmes@gmail.com','samanthataylor','EuYqbKjB','F','1985-09-02',34,5);
INSERT INTO staff_member (id,employed_since,position,salary,room) VALUES (113,'2013-01-27','Security Team Member',10000,61);
INSERT INTO security_team_member (id,shifts,physical_test_grade) VALUES (113,'Night','C');
INSERT INTO person (id,first_name,second_name,email,user_login,user_password,sex,date_of_birth,age,permission_level) VALUES (114,'Matthew','Allen','sloancathy@yahoo.com','tracimurray','OooxdeGFyXjz','M','1956-02-19',63,1);
INSERT INTO staff_member (id,employed_since,position,salary,room) VALUES (114,'2012-02-14','HR',30000,66);
INSERT INTO hr (id,selection_responsibility) VALUES (114,'Interview');
INSERT INTO person (id,first_name,second_name,email,user_login,user_password,sex,date_of_birth,age,permission_level) VALUES (115,'Ashley','Peterson','heidi09@yahoo.com','rcollins','olLtyRpRrEyBD','F','1977-11-27',42,1);
INSERT INTO staff_member (id,employed_since,position,salary,room) VALUES (115,'2012-03-02','Doctor',35000,16);
INSERT INTO doctor (id,speciality,emergency_hours,experience,departement_id,supervisor) VALUES (115,'Ophthalmologist',B'0',7,14,41);
INSERT INTO person (id,first_name,second_name,email,user_login,user_password,sex,date_of_birth,age,permission_level) VALUES (116,'James','Mclaughlin','mgriffin@hotmail.com','codylang','KgvoGuqhaNS','M','2005-12-21',14,3);
INSERT INTO staff_member (id,employed_since,position,salary,room) VALUES (116,'2014-04-11','Nurse',25000,7);
INSERT INTO nurse (id,surgery_assistant,preferred_shifts,appointment_assistant,departement_id) VALUES (116,B'0','Day',B'1',14);
INSERT INTO person (id,first_name,second_name,email,user_login,user_password,sex,date_of_birth,age,permission_level) VALUES (117,'Zachary','Wilson','lacey09@gmail.com','carneynicole','LjhcwGhweuohbP','M','1993-09-16',26,2);
INSERT INTO patient (id) VALUES (117);
INSERT INTO patients_address (street,house,apartement) VALUES ('Michael st.','32','7');
INSERT INTO medical_history (patient_id,date) VALUES (117,'2019-10-21');
INSERT INTO person (id,first_name,second_name,email,user_login,user_password,sex,date_of_birth,age,permission_level) VALUES (118,'John','Johnson','parkerlaura@yahoo.com','raymond27','DphzzbaQ','M','2015-09-29',4,1);
INSERT INTO staff_member (id,employed_since,position,salary,room) VALUES (118,'2014-07-15','Pharmasist',20000,70);
INSERT INTO pharmasist (id,education_level,research) VALUES (118,'PhD',B'1');
INSERT INTO person (id,first_name,second_name,email,user_login,user_password,sex,date_of_birth,age,permission_level) VALUES (119,'Tiffany','Gibson','rcampbell@yahoo.com','fernando35','NrfiAUxTRjy','F','1990-09-06',29,5);
INSERT INTO patient (id) VALUES (119);
INSERT INTO patients_address (street,house,apartement) VALUES ('Laura st.','9','2');
INSERT INTO medical_history (patient_id,date) VALUES (119,'2019-11-01');
INSERT INTO person (id,first_name,second_name,email,user_login,user_password,sex,date_of_birth,age,permission_level) VALUES (120,'William','Perez','nelsonlucas@yahoo.com','epetty','ZPoftXMLwVDvuCM','M','1984-11-28',35,2);
INSERT INTO staff_member (id,employed_since,position,salary,room) VALUES (120,'2019-11-05','Doctor',35000,29);
INSERT INTO doctor (id,speciality,emergency_hours,experience,departement_id,supervisor) VALUES (120,'Obstetrician and Gynecologist',B'0',1,3,97);
INSERT INTO person (id,first_name,second_name,email,user_login,user_password,sex,date_of_birth,age,permission_level) VALUES (121,'Rachel','Clarke','christine74@gmail.com','fhurst','DLPAUjAzjlkQkQm','F','2019-10-26',0,4);
INSERT INTO staff_member (id,employed_since,position,salary,room) VALUES (121,'2014-02-06','Cook',15000,71);
INSERT INTO cook (id,experience) VALUES (121,6);
INSERT INTO person (id,first_name,second_name,email,user_login,user_password,sex,date_of_birth,age,permission_level) VALUES (122,'Joshua','Howard','xortiz@yahoo.com','vmartinez','oMoYOtYlgI','M','2012-01-28',7,2);
INSERT INTO staff_member (id,employed_since,position,salary,room) VALUES (122,'2010-07-08','Nurse',25000,3);
INSERT INTO nurse (id,surgery_assistant,preferred_shifts,appointment_assistant,departement_id) VALUES (122,B'1','Day',B'1',14);
INSERT INTO person (id,first_name,second_name,email,user_login,user_password,sex,date_of_birth,age,permission_level) VALUES (123,'Virginia','Norman','kaitlin20@gmail.com','cparker','UnCnlRWqhq','F','1932-11-10',87,1);
INSERT INTO staff_member (id,employed_since,position,salary,room) VALUES (123,'2010-02-20','Professor',35000,38);
INSERT INTO professor (id,research_topic,surgery_participation,departement_id) VALUES (123,'Anesthesiologist',B'0',3);
INSERT INTO person (id,first_name,second_name,email,user_login,user_password,sex,date_of_birth,age,permission_level) VALUES (124,'Craig','Larsen','collinsalbert@hotmail.com','hallkeith','wvEteUFmhwL','M','1932-08-20',87,1);
INSERT INTO staff_member (id,employed_since,position,salary,room) VALUES (124,'2012-04-30','Nurse',25000,8);
INSERT INTO nurse (id,surgery_assistant,preferred_shifts,appointment_assistant,departement_id) VALUES (124,B'1','Night',B'1',9);
INSERT INTO person (id,first_name,second_name,email,user_login,user_password,sex,date_of_birth,age,permission_level) VALUES (125,'Alexandra','Chapman','dmejia@yahoo.com','jaredmunoz','SdYkStti','F','1972-11-19',47,2);
INSERT INTO staff_member (id,employed_since,position,salary,room) VALUES (125,'2018-10-01','Nurse',25000,3);
INSERT INTO nurse (id,surgery_assistant,preferred_shifts,appointment_assistant,departement_id) VALUES (125,B'1','Night',B'0',8);
INSERT INTO person (id,first_name,second_name,email,user_login,user_password,sex,date_of_birth,age,permission_level) VALUES (126,'Holly','Perkins','iewing@hotmail.com','david48','EWCHnxSnbCnzV','F','1944-02-14',75,5);
INSERT INTO staff_member (id,employed_since,position,salary,room) VALUES (126,'2010-10-12','Doctor',35000,19);
INSERT INTO doctor (id,speciality,emergency_hours,experience,departement_id,supervisor) VALUES (126,'Anesthesiologist',B'1',9,1,40);
INSERT INTO person (id,first_name,second_name,email,user_login,user_password,sex,date_of_birth,age,permission_level) VALUES (127,'Lisa','Smith','vthompson@yahoo.com','bclayton','CaPvPFgEJXsTYG','F','2009-01-06',10,3);
INSERT INTO staff_member (id,employed_since,position,salary,room) VALUES (127,'2017-10-21','Lab Technician',15000,45);
INSERT INTO lab_technician (id,education_level,departement_id) VALUES (127,'Bachelor',7);
INSERT INTO person (id,first_name,second_name,email,user_login,user_password,sex,date_of_birth,age,permission_level) VALUES (128,'Emma','Rocha','tannerweaver@yahoo.com','erin89','cKsjrthIRGihrO','F','1923-01-25',96,4);
INSERT INTO staff_member (id,employed_since,position,salary,room) VALUES (128,'2018-07-30','Professor',35000,35);
INSERT INTO professor (id,research_topic,surgery_participation,departement_id) VALUES (128,'Sports Medicine Specialist',B'0',14);
INSERT INTO person (id,first_name,second_name,email,user_login,user_password,sex,date_of_birth,age,permission_level) VALUES (129,'Terri','Morales','ashley66@hotmail.com','connor83','vzcEEgZReCGTos','F','1981-05-01',38,1);
INSERT INTO staff_member (id,employed_since,position,salary,room) VALUES (129,'2010-07-25','Maintanence Worker',15000,60);
INSERT INTO maintanence_worker (id,employment_type,speciality) VALUES (129,'Part time','Furniture');
INSERT INTO person (id,first_name,second_name,email,user_login,user_password,sex,date_of_birth,age,permission_level) VALUES (130,'Matthew','Holt','zjackson@hotmail.com','caitlindavis','HNqDzWckSJL','M','1930-10-23',89,4);
INSERT INTO patient (id) VALUES (130);
INSERT INTO patients_address (street,house,apartement) VALUES ('Paul st.','65','5');
INSERT INTO medical_history (patient_id,date) VALUES (130,'2019-11-01');
INSERT INTO person (id,first_name,second_name,email,user_login,user_password,sex,date_of_birth,age,permission_level) VALUES (131,'Mark','Bell','leeelizabeth@yahoo.com','morgancindy','cKVfVWP','M','1987-10-08',32,1);
INSERT INTO staff_member (id,employed_since,position,salary,room) VALUES (131,'2015-06-20','Nurse',25000,5);
INSERT INTO nurse (id,surgery_assistant,preferred_shifts,appointment_assistant,departement_id) VALUES (131,B'1','Night',B'1',8);
INSERT INTO person (id,first_name,second_name,email,user_login,user_password,sex,date_of_birth,age,permission_level) VALUES (132,'David','Gilbert','madisonandrews@gmail.com','iwest','pqhlXDePQX','M','1996-12-16',23,4);
INSERT INTO staff_member (id,employed_since,position,salary,room) VALUES (132,'2019-05-18','Pharmasist',20000,70);
INSERT INTO pharmasist (id,education_level,research) VALUES (132,'Postgraduate',B'0');
INSERT INTO person (id,first_name,second_name,email,user_login,user_password,sex,date_of_birth,age,permission_level) VALUES (133,'Lauren','Wiley','jeremygreer@hotmail.com','nicole75','uXZMMxfkFgzO','F','2012-11-05',7,2);
INSERT INTO staff_member (id,employed_since,position,salary,room) VALUES (133,'2012-09-17','Cleaning Team Worker',10000,54);
INSERT INTO cleaning_team_worker (id,employment_type) VALUES (133,'Part time');
INSERT INTO person (id,first_name,second_name,email,user_login,user_password,sex,date_of_birth,age,permission_level) VALUES (134,'Xavier','Hardin','williamspaul@hotmail.com','luceropaul','vuYkxkk','M','1960-11-17',59,4);
INSERT INTO staff_member (id,employed_since,position,salary,room) VALUES (134,'2011-10-24','Pharmasist',20000,69);
INSERT INTO pharmasist (id,education_level,research) VALUES (134,'Magister',B'0');
INSERT INTO person (id,first_name,second_name,email,user_login,user_password,sex,date_of_birth,age,permission_level) VALUES (135,'Steven','Nelson','andrew24@hotmail.com','rharris','SBNoixwPJnZ','M','1940-06-03',79,5);
INSERT INTO staff_member (id,employed_since,position,salary,room) VALUES (135,'2018-08-14','Pharmasist',20000,68);
INSERT INTO pharmasist (id,education_level,research) VALUES (135,'Bachelor',B'0');
INSERT INTO person (id,first_name,second_name,email,user_login,user_password,sex,date_of_birth,age,permission_level) VALUES (136,'Daniel','Conner','edwardramos@gmail.com','gbenjamin','XyUZyacG','M','1928-01-10',91,5);
INSERT INTO staff_member (id,employed_since,position,salary,room) VALUES (136,'2011-03-19','Doctor',35000,22);
INSERT INTO doctor (id,speciality,emergency_hours,experience,departement_id,supervisor) VALUES (136,'Critical Care Medicine Specialist',B'1',7,2,41);
INSERT INTO person (id,first_name,second_name,email,user_login,user_password,sex,date_of_birth,age,permission_level) VALUES (137,'Christy','Campbell','sarah12@gmail.com','ocisneros','quxgVQsDGUM','F','1983-09-15',36,5);
INSERT INTO staff_member (id,employed_since,position,salary,room) VALUES (137,'2010-08-16','Nurse',25000,8);
INSERT INTO nurse (id,surgery_assistant,preferred_shifts,appointment_assistant,departement_id) VALUES (137,B'0','Night',B'1',5);
INSERT INTO person (id,first_name,second_name,email,user_login,user_password,sex,date_of_birth,age,permission_level) VALUES (138,'William','Hansen','sheilaramirez@gmail.com','kenneth75','OYdFFsytPKbZ','M','1930-05-17',89,1);
INSERT INTO staff_member (id,employed_since,position,salary,room) VALUES (138,'2014-03-08','Doctor',35000,23);
INSERT INTO doctor (id,speciality,emergency_hours,experience,departement_id,supervisor) VALUES (138,'Osteopath',B'0',2,2,4);
INSERT INTO person (id,first_name,second_name,email,user_login,user_password,sex,date_of_birth,age,permission_level) VALUES (139,'Robert','Sullivan','klopez@gmail.com','nicole82','tTnjHfJjZU','M','1949-09-25',70,3);
INSERT INTO staff_member (id,employed_since,position,salary,room) VALUES (139,'2016-03-17','Cook',15000,71);
INSERT INTO cook (id,experience) VALUES (139,1);
INSERT INTO person (id,first_name,second_name,email,user_login,user_password,sex,date_of_birth,age,permission_level) VALUES (140,'Robert','Roach','smiller@gmail.com','pamela04','UAbVqQkfqu','M','2006-02-05',13,5);
INSERT INTO staff_member (id,employed_since,position,salary,room) VALUES (140,'2010-02-12','Professor',35000,35);
INSERT INTO professor (id,research_topic,surgery_participation,departement_id) VALUES (140,'Colon Surgeon',B'1',13);
INSERT INTO person (id,first_name,second_name,email,user_login,user_password,sex,date_of_birth,age,permission_level) VALUES (141,'Allison','Dillon','shawnmoore@yahoo.com','imiller','xyoLcBQ','F','1984-10-11',35,4);
INSERT INTO staff_member (id,employed_since,position,salary,room) VALUES (141,'2013-04-12','Nurse',25000,10);
INSERT INTO nurse (id,surgery_assistant,preferred_shifts,appointment_assistant,departement_id) VALUES (141,B'0','Night',B'0',7);
INSERT INTO person (id,first_name,second_name,email,user_login,user_password,sex,date_of_birth,age,permission_level) VALUES (142,'Dennis','Weeks','elaine62@yahoo.com','kclark','tEdhCwx','M','1913-02-14',106,2);
INSERT INTO patient (id) VALUES (142);
INSERT INTO patients_address (street,house,apartement) VALUES ('Christopher st.','60','3');
INSERT INTO medical_history (patient_id,date) VALUES (142,'2019-11-23');
INSERT INTO person (id,first_name,second_name,email,user_login,user_password,sex,date_of_birth,age,permission_level) VALUES (143,'Ashlee','Silva','tiffany26@gmail.com','grahamdean','sKBghwKTGhSpgpi','F','1974-04-18',45,3);
INSERT INTO staff_member (id,employed_since,position,salary,room) VALUES (143,'2013-03-28','Nurse',25000,10);
INSERT INTO nurse (id,surgery_assistant,preferred_shifts,appointment_assistant,departement_id) VALUES (143,B'1','Day',B'1',3);
INSERT INTO person (id,first_name,second_name,email,user_login,user_password,sex,date_of_birth,age,permission_level) VALUES (144,'David','Rogers','toddwilliams@gmail.com','garciamichael','xQRRpWSTinzERu','M','1989-12-19',30,3);
INSERT INTO staff_member (id,employed_since,position,salary,room) VALUES (144,'2018-11-30','Doctor',35000,22);
INSERT INTO doctor (id,speciality,emergency_hours,experience,departement_id,supervisor) VALUES (144,'General Surgeon',B'1',10,5,41);
INSERT INTO person (id,first_name,second_name,email,user_login,user_password,sex,date_of_birth,age,permission_level) VALUES (145,'Kaitlyn','Oliver','nshepard@hotmail.com','kcarpenter','CiezlFYfnUmc','F','1956-03-17',63,3);
INSERT INTO staff_member (id,employed_since,position,salary,room) VALUES (145,'2010-09-22','Professor',35000,37);
INSERT INTO professor (id,research_topic,surgery_participation,departement_id) VALUES (145,'Gastroenterologist',B'1',2);
INSERT INTO person (id,first_name,second_name,email,user_login,user_password,sex,date_of_birth,age,permission_level) VALUES (146,'Jo','Rasmussen','bhumphrey@hotmail.com','lbaker','qIPPEJuF','F','1920-08-05',99,3);
INSERT INTO staff_member (id,employed_since,position,salary,room) VALUES (146,'2016-01-10','Cleaning Team Worker',10000,55);
INSERT INTO cleaning_team_worker (id,employment_type) VALUES (146,'Part time');
INSERT INTO person (id,first_name,second_name,email,user_login,user_password,sex,date_of_birth,age,permission_level) VALUES (147,'Erica','Walker','brian94@yahoo.com','taylorcandice','nNuMUUlQ','F','1962-05-24',57,4);
INSERT INTO staff_member (id,employed_since,position,salary,room) VALUES (147,'2015-02-21','Nurse',25000,3);
INSERT INTO nurse (id,surgery_assistant,preferred_shifts,appointment_assistant,departement_id) VALUES (147,B'1','Day',B'1',7);
INSERT INTO person (id,first_name,second_name,email,user_login,user_password,sex,date_of_birth,age,permission_level) VALUES (148,'Patricia','Miller','griffinchelsey@hotmail.com','nicholas45','rlHSjAoVjMQWa','F','1966-04-03',53,1);
INSERT INTO staff_member (id,employed_since,position,salary,room) VALUES (148,'2015-08-23','IT Specialist',15000,77);
INSERT INTO IT_specialist (id,support_line) VALUES (148,B'1');
INSERT INTO person (id,first_name,second_name,email,user_login,user_password,sex,date_of_birth,age,permission_level) VALUES (149,'Tiffany','Mcdonald','sandrarusso@yahoo.com','grahamkristy','WYPWmVApQZ','F','2004-11-07',15,2);
INSERT INTO staff_member (id,employed_since,position,salary,room) VALUES (149,'2012-06-09','Doctor',35000,15);
INSERT INTO doctor (id,speciality,emergency_hours,experience,departement_id,supervisor) VALUES (149,'Internist',B'0',9,14,9);
INSERT INTO person (id,first_name,second_name,email,user_login,user_password,sex,date_of_birth,age,permission_level) VALUES (150,'Aaron','Leblanc','jeremywatson@hotmail.com','fconley','FlPOXxDPKsb','M','1942-04-24',77,1);
INSERT INTO patient (id) VALUES (150);
INSERT INTO patients_address (street,house,apartement) VALUES ('Michelle st.','7','5');
INSERT INTO medical_history (patient_id,date) VALUES (150,'2019-10-20');
INSERT INTO person (id,first_name,second_name,email,user_login,user_password,sex,date_of_birth,age,permission_level) VALUES (151,'Donald','Koch','whitecharlotte@yahoo.com','tanderson','nbMPCvcOYHyF','M','1953-01-05',66,3);
INSERT INTO staff_member (id,employed_since,position,salary,room) VALUES (151,'2014-08-01','Reseptionist',15000,56);
INSERT INTO reseptionist (id) VALUES (151);
INSERT INTO languages_spoken (reseptionist_id,language) VALUES (151,'ArabicTatarItalianTatarEnglishItalian');
INSERT INTO person (id,first_name,second_name,email,user_login,user_password,sex,date_of_birth,age,permission_level) VALUES (152,'Kimberly','Smith','bryanmaynard@hotmail.com','charlottefreeman','afJltwb','F','1998-10-06',21,1);
INSERT INTO staff_member (id,employed_since,position,salary,room) VALUES (152,'2016-11-01','Doctor',35000,21);
INSERT INTO doctor (id,speciality,emergency_hours,experience,departement_id,supervisor) VALUES (152,'Radiologist',B'1',6,3,144);
INSERT INTO person (id,first_name,second_name,email,user_login,user_password,sex,date_of_birth,age,permission_level) VALUES (153,'Denise','Allen','angelamorgan@hotmail.com','jblack','jktAQUdtMUNec','F','2003-01-03',16,5);
INSERT INTO staff_member (id,employed_since,position,salary,room) VALUES (153,'2017-03-16','Reseptionist',15000,56);
INSERT INTO reseptionist (id) VALUES (153);
INSERT INTO languages_spoken (reseptionist_id,language) VALUES (153,'Tatar');
INSERT INTO person (id,first_name,second_name,email,user_login,user_password,sex,date_of_birth,age,permission_level) VALUES (154,'Janet','Wilson','gmay@gmail.com','millssarah','fvoYUxuL','F','1995-10-13',24,2);
INSERT INTO staff_member (id,employed_since,position,salary,room) VALUES (154,'2013-01-08','Nurse',25000,6);
INSERT INTO nurse (id,surgery_assistant,preferred_shifts,appointment_assistant,departement_id) VALUES (154,B'0','Day',B'1',2);
INSERT INTO person (id,first_name,second_name,email,user_login,user_password,sex,date_of_birth,age,permission_level) VALUES (155,'Suzanne','Hopkins','morgan61@hotmail.com','christinaperez','mVznXTidhIIn','F','1924-03-11',95,4);
INSERT INTO staff_member (id,employed_since,position,salary,room) VALUES (155,'2018-07-30','Professor',35000,33);
INSERT INTO professor (id,research_topic,surgery_participation,departement_id) VALUES (155,'Nephrologist',B'0',11);
INSERT INTO person (id,first_name,second_name,email,user_login,user_password,sex,date_of_birth,age,permission_level) VALUES (156,'Carolyn','Newton','valdezeric@gmail.com','deleonchristopher','RRpsCNOcgWIr','F','2003-03-28',16,2);
INSERT INTO patient (id) VALUES (156);
INSERT INTO patients_address (street,house,apartement) VALUES ('Jessica st.','68','1');
INSERT INTO medical_history (patient_id,date) VALUES (156,'2019-11-08');
INSERT INTO person (id,first_name,second_name,email,user_login,user_password,sex,date_of_birth,age,permission_level) VALUES (157,'Jerome','Harris','anita76@yahoo.com','lisa70','EPirTfaAhuvz','M','1967-01-02',52,2);
INSERT INTO patient (id) VALUES (157);
INSERT INTO patients_address (street,house,apartement) VALUES ('Luis st.','31','6');
INSERT INTO medical_history (patient_id,date) VALUES (157,'2019-10-25');
INSERT INTO person (id,first_name,second_name,email,user_login,user_password,sex,date_of_birth,age,permission_level) VALUES (158,'Chad','Lawrence','chasepaul@hotmail.com','paulmisty','PKFLmvTBvEP','M','1957-10-25',62,5);
INSERT INTO staff_member (id,employed_since,position,salary,room) VALUES (158,'2018-05-18','HR',30000,65);
INSERT INTO hr (id,selection_responsibility) VALUES (158,'Interview');
INSERT INTO person (id,first_name,second_name,email,user_login,user_password,sex,date_of_birth,age,permission_level) VALUES (159,'Ruben','Vazquez','lsmith@hotmail.com','twhitaker','fHWrlwGuaZb','M','1929-01-09',90,5);
INSERT INTO staff_member (id,employed_since,position,salary,room) VALUES (159,'2015-04-03','Nurse',25000,4);
INSERT INTO nurse (id,surgery_assistant,preferred_shifts,appointment_assistant,departement_id) VALUES (159,B'0','Night',B'1',7);
INSERT INTO person (id,first_name,second_name,email,user_login,user_password,sex,date_of_birth,age,permission_level) VALUES (160,'Crystal','Gordon','williamdean@yahoo.com','eric84','CcKVgfj','F','1969-05-15',50,3);
INSERT INTO staff_member (id,employed_since,position,salary,room) VALUES (160,'2010-11-03','Nurse',25000,9);
INSERT INTO nurse (id,surgery_assistant,preferred_shifts,appointment_assistant,departement_id) VALUES (160,B'0','Night',B'0',7);
INSERT INTO person (id,first_name,second_name,email,user_login,user_password,sex,date_of_birth,age,permission_level) VALUES (161,'Laura','Ramirez','heather63@hotmail.com','alexandraprice','jQpDUavMQ','F','1929-10-03',90,4);
INSERT INTO patient (id) VALUES (161);
INSERT INTO patients_address (street,house,apartement) VALUES ('Valerie st.','44','1');
INSERT INTO medical_history (patient_id,date) VALUES (161,'2019-10-25');
INSERT INTO person (id,first_name,second_name,email,user_login,user_password,sex,date_of_birth,age,permission_level) VALUES (162,'John','Green','fhess@hotmail.com','yedwards','BmJKNHhf','M','1954-08-06',65,4);
INSERT INTO staff_member (id,employed_since,position,salary,room) VALUES (162,'2017-05-06','Lab Technician',15000,48);
INSERT INTO lab_technician (id,education_level,departement_id) VALUES (162,'Magister',16);
INSERT INTO person (id,first_name,second_name,email,user_login,user_password,sex,date_of_birth,age,permission_level) VALUES (163,'Danielle','Smith','deansalazar@hotmail.com','lopezluke','DiYigcAgQDVLQb','F','1996-11-21',23,4);
INSERT INTO staff_member (id,employed_since,position,salary,room) VALUES (163,'2014-12-31','Professor',35000,31);
INSERT INTO professor (id,research_topic,surgery_participation,departement_id) VALUES (163,'Hematologist',B'1',9);
INSERT INTO person (id,first_name,second_name,email,user_login,user_password,sex,date_of_birth,age,permission_level) VALUES (164,'Tina','Sullivan','mbradford@yahoo.com','markprice','rVsveEoyJpDcS','F','1948-04-13',71,3);
INSERT INTO patient (id) VALUES (164);
INSERT INTO patients_address (street,house,apartement) VALUES ('Michael st.','48','8');
INSERT INTO medical_history (patient_id,date) VALUES (164,'2019-10-23');
INSERT INTO person (id,first_name,second_name,email,user_login,user_password,sex,date_of_birth,age,permission_level) VALUES (165,'David','Ortiz','qbarnes@yahoo.com','shawcameron','CSwvoVrQATGNO','M','1940-09-21',79,1);
INSERT INTO staff_member (id,employed_since,position,salary,room) VALUES (165,'2016-01-25','Lab Technician',15000,50);
INSERT INTO lab_technician (id,education_level,departement_id) VALUES (165,'PhD',14);
INSERT INTO person (id,first_name,second_name,email,user_login,user_password,sex,date_of_birth,age,permission_level) VALUES (166,'Thomas','Kramer','burkeandre@gmail.com','mgordon','pntGLziGd','M','1979-09-14',40,5);
INSERT INTO staff_member (id,employed_since,position,salary,room) VALUES (166,'2010-04-08','Nurse',25000,10);
INSERT INTO nurse (id,surgery_assistant,preferred_shifts,appointment_assistant,departement_id) VALUES (166,B'0','Night',B'1',9);
INSERT INTO person (id,first_name,second_name,email,user_login,user_password,sex,date_of_birth,age,permission_level) VALUES (167,'Joshua','Thomas','williammcfarland@hotmail.com','patriciaespinoza','EAIGAUBXnwFh','M','1952-09-23',67,5);
INSERT INTO staff_member (id,employed_since,position,salary,room) VALUES (167,'2015-05-02','Reseptionist',15000,56);
INSERT INTO reseptionist (id) VALUES (167);
INSERT INTO languages_spoken (reseptionist_id,language) VALUES (167,'ArabicEnglishTatarRussianItalian');
INSERT INTO person (id,first_name,second_name,email,user_login,user_password,sex,date_of_birth,age,permission_level) VALUES (168,'Arthur','Armstrong','joshuawillis@yahoo.com','kyle04','BNfVsGNxFy','M','1932-09-30',87,3);
INSERT INTO patient (id) VALUES (168);
INSERT INTO patients_address (street,house,apartement) VALUES ('Shane st.','60','8');
INSERT INTO medical_history (patient_id,date) VALUES (168,'2019-11-02');
INSERT INTO person (id,first_name,second_name,email,user_login,user_password,sex,date_of_birth,age,permission_level) VALUES (169,'Jessica','Andrews','tdavis@yahoo.com','burnsdonald','ZkIjPetxHpIjWd','F','1918-10-03',101,1);
INSERT INTO staff_member (id,employed_since,position,salary,room) VALUES (169,'2019-08-14','Lab Technician',15000,46);
INSERT INTO lab_technician (id,education_level,departement_id) VALUES (169,'Postgraduate',1);
INSERT INTO person (id,first_name,second_name,email,user_login,user_password,sex,date_of_birth,age,permission_level) VALUES (170,'Stephanie','Baldwin','igillespie@gmail.com','christina91','YHJdmpMmp','F','2007-11-17',12,1);
INSERT INTO staff_member (id,employed_since,position,salary,room) VALUES (170,'2013-05-10','Nurse',25000,5);
INSERT INTO nurse (id,surgery_assistant,preferred_shifts,appointment_assistant,departement_id) VALUES (170,B'0','Day',B'1',16);
INSERT INTO person (id,first_name,second_name,email,user_login,user_password,sex,date_of_birth,age,permission_level) VALUES (171,'James','Mann','bellsierra@gmail.com','morantaylor','XtNMurwkbSQdn','M','1952-11-06',67,4);
INSERT INTO staff_member (id,employed_since,position,salary,room) VALUES (171,'2013-08-24','Doctor',35000,27);
INSERT INTO doctor (id,speciality,emergency_hours,experience,departement_id,supervisor) VALUES (171,'Plastic Surgeon',B'0',4,9,9);
INSERT INTO person (id,first_name,second_name,email,user_login,user_password,sex,date_of_birth,age,permission_level) VALUES (172,'Luis','Villegas','jerryhooper@hotmail.com','allenhess','FiMlBxUS','M','1916-01-02',103,4);
INSERT INTO patient (id) VALUES (172);
INSERT INTO patients_address (street,house,apartement) VALUES ('Perry st.','83','1');
INSERT INTO medical_history (patient_id,date) VALUES (172,'2019-11-18');
INSERT INTO person (id,first_name,second_name,email,user_login,user_password,sex,date_of_birth,age,permission_level) VALUES (173,'Richard','Burns','adamsjanet@gmail.com','thomasdean','vddginP','M','1981-03-19',38,1);
INSERT INTO staff_member (id,employed_since,position,salary,room) VALUES (173,'2013-02-15','Doctor',35000,24);
INSERT INTO doctor (id,speciality,emergency_hours,experience,departement_id,supervisor) VALUES (173,'Sports Medicine Specialist',B'0',4,15,103);
INSERT INTO person (id,first_name,second_name,email,user_login,user_password,sex,date_of_birth,age,permission_level) VALUES (174,'Omar','Watson','maria61@gmail.com','tcameron','CkQByYbRrv','M','1970-07-03',49,1);
INSERT INTO patient (id) VALUES (174);
INSERT INTO patients_address (street,house,apartement) VALUES ('Catherine st.','15','9');
INSERT INTO medical_history (patient_id,date) VALUES (174,'2019-10-19');
INSERT INTO person (id,first_name,second_name,email,user_login,user_password,sex,date_of_birth,age,permission_level) VALUES (175,'William','Powers','kmorris@hotmail.com','timothymartin','iuuFmiIOEnJmct','M','2007-07-05',12,4);
INSERT INTO patient (id) VALUES (175);
INSERT INTO patients_address (street,house,apartement) VALUES ('Christopher st.','68','10');
INSERT INTO medical_history (patient_id,date) VALUES (175,'2019-10-26');
INSERT INTO person (id,first_name,second_name,email,user_login,user_password,sex,date_of_birth,age,permission_level) VALUES (176,'Deanna','Glover','garciarichard@gmail.com','ffowler','kmChjQKlNammb','F','1941-12-12',78,1);
INSERT INTO staff_member (id,employed_since,position,salary,room) VALUES (176,'2017-10-31','Nurse',25000,7);
INSERT INTO nurse (id,surgery_assistant,preferred_shifts,appointment_assistant,departement_id) VALUES (176,B'1','Night',B'0',7);
INSERT INTO person (id,first_name,second_name,email,user_login,user_password,sex,date_of_birth,age,permission_level) VALUES (177,'Richard','Powell','joan07@gmail.com','nathan19','tqPqqEFZBpGyjD','M','1961-07-21',58,1);
INSERT INTO patient (id) VALUES (177);
INSERT INTO patients_address (street,house,apartement) VALUES ('Ryan st.','3','2');
INSERT INTO medical_history (patient_id,date) VALUES (177,'2019-11-19');
INSERT INTO person (id,first_name,second_name,email,user_login,user_password,sex,date_of_birth,age,permission_level) VALUES (178,'Jennifer','Pruitt','nbailey@hotmail.com','igarza','rzfCpbCcfnloh','F','1930-07-25',89,5);
INSERT INTO staff_member (id,employed_since,position,salary,room) VALUES (178,'2011-06-27','Doctor',35000,16);
INSERT INTO doctor (id,speciality,emergency_hours,experience,departement_id,supervisor) VALUES (178,'Plastic Surgeon',B'0',3,2,115);
INSERT INTO person (id,first_name,second_name,email,user_login,user_password,sex,date_of_birth,age,permission_level) VALUES (179,'Samantha','Boyer','andrea75@yahoo.com','mhodges','IzwuWhcRfMLFo','F','2013-12-20',6,5);
INSERT INTO staff_member (id,employed_since,position,salary,room) VALUES (179,'2014-09-21','Professor',35000,34);
INSERT INTO professor (id,research_topic,surgery_participation,departement_id) VALUES (179,'Osteopath',B'1',6);
INSERT INTO person (id,first_name,second_name,email,user_login,user_password,sex,date_of_birth,age,permission_level) VALUES (180,'Lisa','Michael','scott92@hotmail.com','christina71','HTMtzcu','F','1929-12-16',90,4);
INSERT INTO staff_member (id,employed_since,position,salary,room) VALUES (180,'2013-01-10','Security Team Member',10000,63);
INSERT INTO security_team_member (id,shifts,physical_test_grade) VALUES (180,'Day','C');
INSERT INTO person (id,first_name,second_name,email,user_login,user_password,sex,date_of_birth,age,permission_level) VALUES (181,'Bryan','Johnson','ijacobs@yahoo.com','frycynthia','qSsQVcNlFgDrj','M','2009-02-11',10,1);
INSERT INTO staff_member (id,employed_since,position,salary,room) VALUES (181,'2016-04-16','Professor',35000,34);
INSERT INTO professor (id,research_topic,surgery_participation,departement_id) VALUES (181,'Colon Surgeon',B'0',13);
INSERT INTO person (id,first_name,second_name,email,user_login,user_password,sex,date_of_birth,age,permission_level) VALUES (182,'Laura','Weaver','daniellegarza@yahoo.com','claudia20','avfaTkz','F','1950-03-20',69,3);
INSERT INTO patient (id) VALUES (182);
INSERT INTO patients_address (street,house,apartement) VALUES ('Rebecca st.','19','5');
INSERT INTO medical_history (patient_id,date) VALUES (182,'2019-11-25');
INSERT INTO person (id,first_name,second_name,email,user_login,user_password,sex,date_of_birth,age,permission_level) VALUES (183,'Jason','Brown','michaelpayne@yahoo.com','andreahanson','IHBUbvyl','M','1984-07-06',35,5);
INSERT INTO staff_member (id,employed_since,position,salary,room) VALUES (183,'2010-02-20','Lab Technician',15000,50);
INSERT INTO lab_technician (id,education_level,departement_id) VALUES (183,'Bachelor',14);
INSERT INTO person (id,first_name,second_name,email,user_login,user_password,sex,date_of_birth,age,permission_level) VALUES (184,'William','Graham','michael92@hotmail.com','dennis58','sYtedWKX','M','1910-02-20',109,3);
INSERT INTO staff_member (id,employed_since,position,salary,room) VALUES (184,'2014-10-30','Cook',15000,71);
INSERT INTO cook (id,experience) VALUES (184,8);
INSERT INTO person (id,first_name,second_name,email,user_login,user_password,sex,date_of_birth,age,permission_level) VALUES (185,'Christopher','Johnson','wanda24@yahoo.com','amy67','qSupWOEEVKIMD','M','1945-11-06',74,1);
INSERT INTO staff_member (id,employed_since,position,salary,room) VALUES (185,'2017-03-07','Lab Technician',15000,43);
INSERT INTO lab_technician (id,education_level,departement_id) VALUES (185,'Bachelor',2);
INSERT INTO person (id,first_name,second_name,email,user_login,user_password,sex,date_of_birth,age,permission_level) VALUES (186,'Veronica','Brown','judy19@yahoo.com','jasonsmith','yxDkcurkRIol','F','1971-09-04',48,4);
INSERT INTO staff_member (id,employed_since,position,salary,room) VALUES (186,'2015-05-28','Doctor',35000,25);
INSERT INTO doctor (id,speciality,emergency_hours,experience,departement_id,supervisor) VALUES (186,'Urologist',B'0',8,12,173);
INSERT INTO person (id,first_name,second_name,email,user_login,user_password,sex,date_of_birth,age,permission_level) VALUES (187,'Patricia','Lang','nsherman@hotmail.com','kennethjenkins','RMfuZDhxYAb','F','1937-04-16',82,2);
INSERT INTO staff_member (id,employed_since,position,salary,room) VALUES (187,'2013-05-22','Nurse',25000,10);
INSERT INTO nurse (id,surgery_assistant,preferred_shifts,appointment_assistant,departement_id) VALUES (187,B'0','Night',B'0',16);
INSERT INTO person (id,first_name,second_name,email,user_login,user_password,sex,date_of_birth,age,permission_level) VALUES (188,'Sherry','Mathews','housesteven@hotmail.com','uhunt','huPPLKcEAaOcVv','F','1908-03-10',111,5);
INSERT INTO staff_member (id,employed_since,position,salary,room) VALUES (188,'2015-03-22','Priest',15000,79);
INSERT INTO priest (id,religion) VALUES (188,'Christianity');
INSERT INTO person (id,first_name,second_name,email,user_login,user_password,sex,date_of_birth,age,permission_level) VALUES (189,'Elizabeth','Mccoy','lynndustin@yahoo.com','kevinjohnston','ycSKAwlVfmA','F','1986-12-20',33,5);
INSERT INTO staff_member (id,employed_since,position,salary,room) VALUES (189,'2012-02-28','HR',30000,65);
INSERT INTO hr (id,selection_responsibility) VALUES (189,'Review');
INSERT INTO person (id,first_name,second_name,email,user_login,user_password,sex,date_of_birth,age,permission_level) VALUES (190,'Albert','West','trevinojason@hotmail.com','christopher56','JxVaVUoTPzWKwjc','M','1991-11-24',28,5);
INSERT INTO staff_member (id,employed_since,position,salary,room) VALUES (190,'2014-07-16','Lab Technician',15000,42);
INSERT INTO lab_technician (id,education_level,departement_id) VALUES (190,'PhD',10);
INSERT INTO person (id,first_name,second_name,email,user_login,user_password,sex,date_of_birth,age,permission_level) VALUES (191,'Rachel','Gonzalez','johnsonnorma@hotmail.com','bullockdavid','NvYhLFManfrzki','F','1904-01-16',115,1);
INSERT INTO staff_member (id,employed_since,position,salary,room) VALUES (191,'2016-03-30','Pharmasist',20000,69);
INSERT INTO pharmasist (id,education_level,research) VALUES (191,'Postgraduate',B'1');
INSERT INTO person (id,first_name,second_name,email,user_login,user_password,sex,date_of_birth,age,permission_level) VALUES (192,'Matthew','Hayes','srobinson@gmail.com','gwendolyn94','HNbKwYdWIY','M','1967-10-24',52,3);
INSERT INTO staff_member (id,employed_since,position,salary,room) VALUES (192,'2016-07-08','Nurse',25000,6);
INSERT INTO nurse (id,surgery_assistant,preferred_shifts,appointment_assistant,departement_id) VALUES (192,B'0','Day',B'0',11);
INSERT INTO person (id,first_name,second_name,email,user_login,user_password,sex,date_of_birth,age,permission_level) VALUES (193,'Dustin','Duncan','austinrush@hotmail.com','reneebrown','DOaAnYrI','M','1960-05-26',59,1);
INSERT INTO staff_member (id,employed_since,position,salary,room) VALUES (193,'2010-07-21','Reseptionist',15000,56);
INSERT INTO reseptionist (id) VALUES (193);
INSERT INTO languages_spoken (reseptionist_id,language) VALUES (193,'RussianArabicEnglishArabicEnglish');
INSERT INTO person (id,first_name,second_name,email,user_login,user_password,sex,date_of_birth,age,permission_level) VALUES (194,'Cory','Wagner','vberry@gmail.com','rickyhunter','xSYKovs','M','1927-06-22',92,2);
INSERT INTO staff_member (id,employed_since,position,salary,room) VALUES (194,'2016-09-29','Priest',15000,80);
INSERT INTO priest (id,religion) VALUES (194,'Christianity');
INSERT INTO person (id,first_name,second_name,email,user_login,user_password,sex,date_of_birth,age,permission_level) VALUES (195,'John','Hughes','bryancarpenter@gmail.com','kwolfe','XAxCPdySs','M','1958-08-11',61,5);
INSERT INTO staff_member (id,employed_since,position,salary,room) VALUES (195,'2014-05-22','Cleaning Team Worker',10000,55);
INSERT INTO cleaning_team_worker (id,employment_type) VALUES (195,'Part time');
INSERT INTO person (id,first_name,second_name,email,user_login,user_password,sex,date_of_birth,age,permission_level) VALUES (196,'Shannon','Brown','wmeza@gmail.com','cassandra51','bjdHVHGgX','F','2018-12-02',1,5);
INSERT INTO staff_member (id,employed_since,position,salary,room) VALUES (196,'2019-02-19','Priest',15000,78);
INSERT INTO priest (id,religion) VALUES (196,'Islam');
INSERT INTO person (id,first_name,second_name,email,user_login,user_password,sex,date_of_birth,age,permission_level) VALUES (197,'Scott','Ramirez','phart@gmail.com','theresa69','FLBCYFW','M','2004-08-21',15,1);
INSERT INTO staff_member (id,employed_since,position,salary,room) VALUES (197,'2017-03-07','Doctor',35000,22);
INSERT INTO doctor (id,speciality,emergency_hours,experience,departement_id,supervisor) VALUES (197,'Podiatrist',B'0',2,15,186);
INSERT INTO person (id,first_name,second_name,email,user_login,user_password,sex,date_of_birth,age,permission_level) VALUES (198,'William','Roth','rachelgarcia@hotmail.com','sandradiaz','QDflECZZpp','M','1941-04-21',78,3);
INSERT INTO staff_member (id,employed_since,position,salary,room) VALUES (198,'2018-11-09','Professor',35000,38);
INSERT INTO professor (id,research_topic,surgery_participation,departement_id) VALUES (198,'General Surgeon',B'1',13);
INSERT INTO person (id,first_name,second_name,email,user_login,user_password,sex,date_of_birth,age,permission_level) VALUES (199,'Lisa','Bell','jmccormick@yahoo.com','kmorrow','aqEgOvpcGezJys','F','2019-03-18',0,4);
INSERT INTO staff_member (id,employed_since,position,salary,room) VALUES (199,'2016-06-24','Doctor',35000,30);
INSERT INTO doctor (id,speciality,emergency_hours,experience,departement_id,supervisor) VALUES (199,'Ophthalmologist',B'0',2,13,126);
INSERT INTO person (id,first_name,second_name,email,user_login,user_password,sex,date_of_birth,age,permission_level) VALUES (200,'Michael','Reyes','briannaadams@yahoo.com','cynthia60','jvuawGkdvfyuA','M','1967-08-17',52,4);
INSERT INTO staff_member (id,employed_since,position,salary,room) VALUES (200,'2009-12-16','Reseptionist',15000,56);
INSERT INTO reseptionist (id) VALUES (200);
INSERT INTO languages_spoken (reseptionist_id,language) VALUES (200,'EnglishPortugues');
INSERT INTO person (id,first_name,second_name,email,user_login,user_password,sex,date_of_birth,age,permission_level) VALUES (201,'Renee','Alexander','triciawhite@yahoo.com','kimberlywebb','yDdCkilmH','F','1943-09-05',76,3);
INSERT INTO staff_member (id,employed_since,position,salary,room) VALUES (201,'2015-04-16','HR',30000,65);
INSERT INTO hr (id,selection_responsibility) VALUES (201,'Interview');
INSERT INTO person (id,first_name,second_name,email,user_login,user_password,sex,date_of_birth,age,permission_level) VALUES (202,'Brenda','Gilbert','qcameron@gmail.com','qwang','ycwNfCrMiiQic','F','1989-12-21',30,1);
INSERT INTO staff_member (id,employed_since,position,salary,room) VALUES (202,'2014-06-03','Lab Technician',15000,41);
INSERT INTO lab_technician (id,education_level,departement_id) VALUES (202,'Bachelor',4);
INSERT INTO person (id,first_name,second_name,email,user_login,user_password,sex,date_of_birth,age,permission_level) VALUES (203,'Cynthia','Calhoun','pscott@gmail.com','joseph40','ZywaOMiTxAZh','F','1919-05-20',100,1);
INSERT INTO staff_member (id,employed_since,position,salary,room) VALUES (203,'2019-01-28','Maintanence Worker',15000,58);
INSERT INTO maintanence_worker (id,employment_type,speciality) VALUES (203,'Full time','Hardware');
INSERT INTO person (id,first_name,second_name,email,user_login,user_password,sex,date_of_birth,age,permission_level) VALUES (204,'Mary','Johnston','laurierodriguez@yahoo.com','fmorgan','lPrKNCaFuhrfo','F','1988-12-12',31,5);
INSERT INTO staff_member (id,employed_since,position,salary,room) VALUES (204,'2015-02-02','Cook',15000,73);
INSERT INTO cook (id,experience) VALUES (204,1);
INSERT INTO person (id,first_name,second_name,email,user_login,user_password,sex,date_of_birth,age,permission_level) VALUES (205,'Morgan','Hill','williamstracey@gmail.com','jonathan64','BgsqfyQT','F','1960-07-25',59,2);
INSERT INTO staff_member (id,employed_since,position,salary,room) VALUES (205,'2011-01-10','Nurse',25000,9);
INSERT INTO nurse (id,surgery_assistant,preferred_shifts,appointment_assistant,departement_id) VALUES (205,B'0','Night',B'0',15);
INSERT INTO person (id,first_name,second_name,email,user_login,user_password,sex,date_of_birth,age,permission_level) VALUES (206,'Rebecca','Howard','ywhite@gmail.com','aaron14','uVfELAUqlakglYr','F','1910-09-04',109,5);
INSERT INTO staff_member (id,employed_since,position,salary,room) VALUES (206,'2015-07-18','Professor',35000,35);
INSERT INTO professor (id,research_topic,surgery_participation,departement_id) VALUES (206,'Dermatologist',B'0',3);
INSERT INTO person (id,first_name,second_name,email,user_login,user_password,sex,date_of_birth,age,permission_level) VALUES (207,'Shannon','Edwards','troywells@yahoo.com','rodriguezmary','mQbynoQjN','F','1946-04-24',73,1);
INSERT INTO staff_member (id,employed_since,position,salary,room) VALUES (207,'2010-11-22','Professor',35000,37);
INSERT INTO professor (id,research_topic,surgery_participation,departement_id) VALUES (207,'Pediatrician',B'0',6);
INSERT INTO person (id,first_name,second_name,email,user_login,user_password,sex,date_of_birth,age,permission_level) VALUES (208,'Christopher','Potter','zgreer@gmail.com','tstewart','BWzKsIw','M','1910-08-01',109,4);
INSERT INTO patient (id) VALUES (208);
INSERT INTO patients_address (street,house,apartement) VALUES ('Michael st.','60','8');
INSERT INTO medical_history (patient_id,date) VALUES (208,'2019-11-20');
INSERT INTO person (id,first_name,second_name,email,user_login,user_password,sex,date_of_birth,age,permission_level) VALUES (209,'Antonio','Burns','michael64@yahoo.com','william33','mpGYozmX','M','1929-04-16',90,5);
INSERT INTO staff_member (id,employed_since,position,salary,room) VALUES (209,'2011-02-14','Cleaning Team Worker',10000,52);
INSERT INTO cleaning_team_worker (id,employment_type) VALUES (209,'Part time');
INSERT INTO person (id,first_name,second_name,email,user_login,user_password,sex,date_of_birth,age,permission_level) VALUES (210,'Sarah','Russell','janicemoore@hotmail.com','xlong','PDlXPMfVGwPFPS','F','1939-11-22',80,5);
INSERT INTO staff_member (id,employed_since,position,salary,room) VALUES (210,'2018-01-01','Doctor',35000,17);
INSERT INTO doctor (id,speciality,emergency_hours,experience,departement_id,supervisor) VALUES (210,'Dermatologist',B'1',7,1,136);
INSERT INTO person (id,first_name,second_name,email,user_login,user_password,sex,date_of_birth,age,permission_level) VALUES (211,'Alexander','Patel','lnichols@hotmail.com','lopezjoseph','lRJMYYL','M','2005-10-22',14,1);
INSERT INTO staff_member (id,employed_since,position,salary,room) VALUES (211,'2015-07-21','Professor',35000,36);
INSERT INTO professor (id,research_topic,surgery_participation,departement_id) VALUES (211,'Oncologist',B'0',16);
INSERT INTO person (id,first_name,second_name,email,user_login,user_password,sex,date_of_birth,age,permission_level) VALUES (212,'Summer','Aguilar','yvonne82@hotmail.com','xcruz','ijvTHRxv','F','1941-07-21',78,5);
INSERT INTO staff_member (id,employed_since,position,salary,room) VALUES (212,'2017-11-08','Professor',35000,36);
INSERT INTO professor (id,research_topic,surgery_participation,departement_id) VALUES (212,'Neurologist',B'1',7);
INSERT INTO person (id,first_name,second_name,email,user_login,user_password,sex,date_of_birth,age,permission_level) VALUES (213,'Wendy','Stewart','sherryblevins@hotmail.com','robin75','GOIPZVVsWFZjpF','F','1998-01-10',21,3);
INSERT INTO staff_member (id,employed_since,position,salary,room) VALUES (213,'2014-01-03','HR',30000,66);
INSERT INTO hr (id,selection_responsibility) VALUES (213,'Interview');
INSERT INTO person (id,first_name,second_name,email,user_login,user_password,sex,date_of_birth,age,permission_level) VALUES (214,'Mr.','Robert','stephen97@gmail.com','patricianguyen','teXDNyYzaGMvP','M','1907-04-27',112,1);
INSERT INTO staff_member (id,employed_since,position,salary,room) VALUES (214,'2010-08-11','Maintanence Worker',15000,59);
INSERT INTO maintanence_worker (id,employment_type,speciality) VALUES (214,'Full time','Machines');
INSERT INTO person (id,first_name,second_name,email,user_login,user_password,sex,date_of_birth,age,permission_level) VALUES (215,'Russell','Russell','harrisonluis@yahoo.com','lpeterson','VEtbNUGu','M','1937-04-15',82,4);
INSERT INTO staff_member (id,employed_since,position,salary,room) VALUES (215,'2013-04-15','Doctor',35000,13);
INSERT INTO doctor (id,speciality,emergency_hours,experience,departement_id,supervisor) VALUES (215,'Allergist',B'1',10,13,80);
INSERT INTO person (id,first_name,second_name,email,user_login,user_password,sex,date_of_birth,age,permission_level) VALUES (216,'Joseph','Mann','xmoore@yahoo.com','cooperchristina','safwcSOQiB','M','1912-01-05',107,1);
INSERT INTO staff_member (id,employed_since,position,salary,room) VALUES (216,'2010-09-26','IT Specialist',15000,74);
INSERT INTO IT_specialist (id,support_line) VALUES (216,B'0');
INSERT INTO person (id,first_name,second_name,email,user_login,user_password,sex,date_of_birth,age,permission_level) VALUES (217,'Aaron','Randolph','taylorcharles@gmail.com','kevinmeyers','GDfaIqrpXhw','M','1952-03-20',67,4);
INSERT INTO patient (id) VALUES (217);
INSERT INTO patients_address (street,house,apartement) VALUES ('Andrew st.','70','4');
INSERT INTO medical_history (patient_id,date) VALUES (217,'2019-10-28');
INSERT INTO person (id,first_name,second_name,email,user_login,user_password,sex,date_of_birth,age,permission_level) VALUES (218,'Wendy','Burgess','staceyprice@gmail.com','khunter','fTjqNYZNJb','F','1916-03-17',103,2);
INSERT INTO staff_member (id,employed_since,position,salary,room) VALUES (218,'2012-04-08','Nurse',25000,10);
INSERT INTO nurse (id,surgery_assistant,preferred_shifts,appointment_assistant,departement_id) VALUES (218,B'1','Night',B'0',4);
INSERT INTO person (id,first_name,second_name,email,user_login,user_password,sex,date_of_birth,age,permission_level) VALUES (219,'Dalton','Boyd','mhudson@yahoo.com','rodneywheeler','ICJSLMaLtUDL','M','1904-04-10',115,5);
INSERT INTO staff_member (id,employed_since,position,salary,room) VALUES (219,'2010-07-19','Doctor',35000,19);
INSERT INTO doctor (id,speciality,emergency_hours,experience,departement_id,supervisor) VALUES (219,'Geriatric Medicine Specialist',B'0',5,14,17);
INSERT INTO person (id,first_name,second_name,email,user_login,user_password,sex,date_of_birth,age,permission_level) VALUES (220,'Colton','Webster','travis78@yahoo.com','saracardenas','dJHrjlARcbFc','M','2001-07-05',18,5);
INSERT INTO patient (id) VALUES (220);
INSERT INTO patients_address (street,house,apartement) VALUES ('Christopher st.','15','9');
INSERT INTO medical_history (patient_id,date) VALUES (220,'2019-10-24');
INSERT INTO person (id,first_name,second_name,email,user_login,user_password,sex,date_of_birth,age,permission_level) VALUES (221,'Brian','Garner','alexandercox@gmail.com','juan14','jLDUiWf','M','1942-03-16',77,2);
INSERT INTO staff_member (id,employed_since,position,salary,room) VALUES (221,'2017-01-15','Cleaning Team Worker',10000,51);
INSERT INTO cleaning_team_worker (id,employment_type) VALUES (221,'Part time');
INSERT INTO person (id,first_name,second_name,email,user_login,user_password,sex,date_of_birth,age,permission_level) VALUES (222,'Joseph','Tyler','probinson@yahoo.com','cruzcourtney','ishTbOVESKYo','M','1922-04-15',97,3);
INSERT INTO staff_member (id,employed_since,position,salary,room) VALUES (222,'2016-04-02','IT Specialist',15000,76);
INSERT INTO IT_specialist (id,support_line) VALUES (222,B'0');
INSERT INTO person (id,first_name,second_name,email,user_login,user_password,sex,date_of_birth,age,permission_level) VALUES (223,'Melanie','Mack','vbeck@yahoo.com','dbrown','YkjZDxvbPJkZn','F','1957-07-15',62,2);
INSERT INTO patient (id) VALUES (223);
INSERT INTO patients_address (street,house,apartement) VALUES ('Deborah st.','89','7');
INSERT INTO medical_history (patient_id,date) VALUES (223,'2019-11-22');
INSERT INTO person (id,first_name,second_name,email,user_login,user_password,sex,date_of_birth,age,permission_level) VALUES (224,'Marissa','Hubbard','sherri73@gmail.com','laura56','dqmYSPIzp','F','2008-02-15',11,2);
INSERT INTO staff_member (id,employed_since,position,salary,room) VALUES (224,'2011-09-12','Priest',15000,79);
INSERT INTO priest (id,religion) VALUES (224,'Islam');
INSERT INTO person (id,first_name,second_name,email,user_login,user_password,sex,date_of_birth,age,permission_level) VALUES (225,'Scott','Rose','michaeladams@yahoo.com','phillipsshane','LxkDQGVhp','M','1926-01-31',93,5);
INSERT INTO staff_member (id,employed_since,position,salary,room) VALUES (225,'2013-02-03','Maintanence Worker',15000,58);
INSERT INTO maintanence_worker (id,employment_type,speciality) VALUES (225,'Part time','Hardware');
INSERT INTO person (id,first_name,second_name,email,user_login,user_password,sex,date_of_birth,age,permission_level) VALUES (226,'James','Farrell','ysmith@yahoo.com','hcastro','XJrYgfvSChBoioY','M','1914-05-12',105,2);
INSERT INTO staff_member (id,employed_since,position,salary,room) VALUES (226,'2015-12-24','Nurse',25000,6);
INSERT INTO nurse (id,surgery_assistant,preferred_shifts,appointment_assistant,departement_id) VALUES (226,B'1','Day',B'0',4);
INSERT INTO person (id,first_name,second_name,email,user_login,user_password,sex,date_of_birth,age,permission_level) VALUES (227,'Carly','Chapman','sberry@hotmail.com','steven80','BdjArtUc','F','1955-10-19',64,4);
INSERT INTO patient (id) VALUES (227);
INSERT INTO patients_address (street,house,apartement) VALUES ('Kathy st.','90','7');
INSERT INTO medical_history (patient_id,date) VALUES (227,'2019-11-20');
INSERT INTO person (id,first_name,second_name,email,user_login,user_password,sex,date_of_birth,age,permission_level) VALUES (228,'Connor','Hartman','michele52@yahoo.com','wallacetodd','rNZKNFY','M','1915-12-11',104,5);
INSERT INTO staff_member (id,employed_since,position,salary,room) VALUES (228,'2016-01-05','Lab Technician',15000,41);
INSERT INTO lab_technician (id,education_level,departement_id) VALUES (228,'Magister',8);
INSERT INTO person (id,first_name,second_name,email,user_login,user_password,sex,date_of_birth,age,permission_level) VALUES (229,'Rachel','Martinez','marcusedwards@hotmail.com','daltonmonica','rmlqPLcHGaq','F','1967-11-06',52,2);
INSERT INTO staff_member (id,employed_since,position,salary,room) VALUES (229,'2011-11-07','Doctor',35000,18);
INSERT INTO doctor (id,speciality,emergency_hours,experience,departement_id,supervisor) VALUES (229,'Pathologist',B'1',1,15,18);
INSERT INTO person (id,first_name,second_name,email,user_login,user_password,sex,date_of_birth,age,permission_level) VALUES (230,'Theresa','Powell','rlee@yahoo.com','swelch','YiZwXDJrKMJneaj','F','1906-07-16',113,5);
INSERT INTO staff_member (id,employed_since,position,salary,room) VALUES (230,'2017-01-07','Cleaning Team Worker',10000,53);
INSERT INTO cleaning_team_worker (id,employment_type) VALUES (230,'Full time');
INSERT INTO person (id,first_name,second_name,email,user_login,user_password,sex,date_of_birth,age,permission_level) VALUES (231,'Jeremy','Hurst','brenda98@hotmail.com','fullerrachel','lpldAghiBZzFdp','M','1961-02-25',58,1);
INSERT INTO staff_member (id,employed_since,position,salary,room) VALUES (231,'2018-09-18','Pharmasist',20000,69);
INSERT INTO pharmasist (id,education_level,research) VALUES (231,'Bachelor',B'0');
INSERT INTO person (id,first_name,second_name,email,user_login,user_password,sex,date_of_birth,age,permission_level) VALUES (232,'David','Mcconnell','fjohnson@hotmail.com','williamschmidt','NijzqQOWCwUJ','M','1907-08-01',112,3);
INSERT INTO staff_member (id,employed_since,position,salary,room) VALUES (232,'2011-09-05','Doctor',35000,12);
INSERT INTO doctor (id,speciality,emergency_hours,experience,departement_id,supervisor) VALUES (232,'Emergency Medicine Specialist',B'0',10,8,149);
INSERT INTO person (id,first_name,second_name,email,user_login,user_password,sex,date_of_birth,age,permission_level) VALUES (233,'Lori','Vega','kennedymichael@hotmail.com','sanderscathy','xovLyAEwTL','F','1903-12-05',116,3);
INSERT INTO staff_member (id,employed_since,position,salary,room) VALUES (233,'2015-06-15','IT Specialist',15000,75);
INSERT INTO IT_specialist (id,support_line) VALUES (233,B'0');
INSERT INTO person (id,first_name,second_name,email,user_login,user_password,sex,date_of_birth,age,permission_level) VALUES (234,'Cindy','Ware','yscott@gmail.com','sheena14','eZNlxBGiwBwCzb','F','1938-07-17',81,3);
INSERT INTO staff_member (id,employed_since,position,salary,room) VALUES (234,'2019-04-02','Lab Technician',15000,47);
INSERT INTO lab_technician (id,education_level,departement_id) VALUES (234,'Bachelor',15);
INSERT INTO person (id,first_name,second_name,email,user_login,user_password,sex,date_of_birth,age,permission_level) VALUES (235,'Connie','Olson','ecooke@gmail.com','josephsosa','VrJelNe','F','1904-03-26',115,2);
INSERT INTO staff_member (id,employed_since,position,salary,room) VALUES (235,'2012-06-03','Security Team Member',10000,62);
INSERT INTO security_team_member (id,shifts,physical_test_grade) VALUES (235,'Night','B');
INSERT INTO person (id,first_name,second_name,email,user_login,user_password,sex,date_of_birth,age,permission_level) VALUES (236,'Connor','Moore','zpeterson@yahoo.com','stephenmoreno','BkynLuybmmwC','M','1931-05-08',88,1);
INSERT INTO staff_member (id,employed_since,position,salary,room) VALUES (236,'2014-09-03','Security Team Member',10000,62);
INSERT INTO security_team_member (id,shifts,physical_test_grade) VALUES (236,'Day','D');
INSERT INTO person (id,first_name,second_name,email,user_login,user_password,sex,date_of_birth,age,permission_level) VALUES (237,'John','Leblanc','edward23@yahoo.com','sgreen','eeNoWgKxCYfZF','M','1906-06-30',113,3);
INSERT INTO staff_member (id,employed_since,position,salary,room) VALUES (237,'2010-03-25','Professor',35000,33);
INSERT INTO professor (id,research_topic,surgery_participation,departement_id) VALUES (237,'Infectious Disease Specialist',B'0',9);
INSERT INTO person (id,first_name,second_name,email,user_login,user_password,sex,date_of_birth,age,permission_level) VALUES (238,'Katherine','Gregory','paultran@yahoo.com','ogates','ckQLscISqkk','F','2017-05-06',2,2);
INSERT INTO patient (id) VALUES (238);
INSERT INTO patients_address (street,house,apartement) VALUES ('Anthony st.','8','2');
INSERT INTO medical_history (patient_id,date) VALUES (238,'2019-11-09');
INSERT INTO person (id,first_name,second_name,email,user_login,user_password,sex,date_of_birth,age,permission_level) VALUES (239,'Benjamin','Butler','johnpowers@gmail.com','brandon86','StfvgHdnov','M','2011-05-06',8,5);
INSERT INTO staff_member (id,employed_since,position,salary,room) VALUES (239,'2014-05-05','Cook',15000,72);
INSERT INTO cook (id,experience) VALUES (239,5);
INSERT INTO person (id,first_name,second_name,email,user_login,user_password,sex,date_of_birth,age,permission_level) VALUES (240,'Amanda','Hughes','stephanie61@yahoo.com','emmalynch','aqUxFecTkM','F','1926-01-02',93,4);
INSERT INTO patient (id) VALUES (240);
INSERT INTO patients_address (street,house,apartement) VALUES ('Dr. st.','44','8');
INSERT INTO medical_history (patient_id,date) VALUES (240,'2019-11-23');
INSERT INTO person (id,first_name,second_name,email,user_login,user_password,sex,date_of_birth,age,permission_level) VALUES (241,'Nicholas','Mccormick','josemartin@gmail.com','peterterry','bOomHdWyjxduvdF','M','2004-01-11',15,4);
INSERT INTO patient (id) VALUES (241);
INSERT INTO patients_address (street,house,apartement) VALUES ('Heidi st.','48','1');
INSERT INTO medical_history (patient_id,date) VALUES (241,'2019-11-16');
INSERT INTO person (id,first_name,second_name,email,user_login,user_password,sex,date_of_birth,age,permission_level) VALUES (242,'Travis','Riggs','heatherpearson@yahoo.com','olsonheather','WSTMFmNPLZCm','M','1998-01-20',21,2);
INSERT INTO staff_member (id,employed_since,position,salary,room) VALUES (242,'2016-03-12','Lab Technician',15000,49);
INSERT INTO lab_technician (id,education_level,departement_id) VALUES (242,'Bachelor',16);
INSERT INTO person (id,first_name,second_name,email,user_login,user_password,sex,date_of_birth,age,permission_level) VALUES (243,'Mr.','Brandon','kevin16@gmail.com','hammondangela','OLSHZgILWih','M','2005-02-01',14,5);
INSERT INTO staff_member (id,employed_since,position,salary,room) VALUES (243,'2011-04-23','HR',30000,65);
INSERT INTO hr (id,selection_responsibility) VALUES (243,'Interview');
INSERT INTO person (id,first_name,second_name,email,user_login,user_password,sex,date_of_birth,age,permission_level) VALUES (244,'Robert','Goodman','michaelpeters@yahoo.com','sandra30','YJZMAkXBcYl','M','2019-07-26',0,5);
INSERT INTO staff_member (id,employed_since,position,salary,room) VALUES (244,'2010-01-13','Reseptionist',15000,56);
INSERT INTO reseptionist (id) VALUES (244);
INSERT INTO languages_spoken (reseptionist_id,language) VALUES (244,'EnglishItalianTatar');
INSERT INTO person (id,first_name,second_name,email,user_login,user_password,sex,date_of_birth,age,permission_level) VALUES (245,'Tony','Flynn','anthonyhernandez@hotmail.com','rjones','HQGBkzZJUXB','M','1932-01-30',87,4);
INSERT INTO staff_member (id,employed_since,position,salary,room) VALUES (245,'2019-05-08','Lab Technician',15000,48);
INSERT INTO lab_technician (id,education_level,departement_id) VALUES (245,'Postgraduate',2);
INSERT INTO person (id,first_name,second_name,email,user_login,user_password,sex,date_of_birth,age,permission_level) VALUES (246,'Deanna','Rios','brenda71@hotmail.com','jstevens','zwBTfQhWWP','F','1979-05-19',40,1);
INSERT INTO patient (id) VALUES (246);
INSERT INTO patients_address (street,house,apartement) VALUES ('James st.','98','1');
INSERT INTO medical_history (patient_id,date) VALUES (246,'2019-11-19');
INSERT INTO person (id,first_name,second_name,email,user_login,user_password,sex,date_of_birth,age,permission_level) VALUES (247,'Erin','Fleming','nancy92@gmail.com','zfoster','vbYGWCr','F','1979-11-06',40,4);
INSERT INTO staff_member (id,employed_since,position,salary,room) VALUES (247,'2018-06-15','Nurse',25000,6);
INSERT INTO nurse (id,surgery_assistant,preferred_shifts,appointment_assistant,departement_id) VALUES (247,B'1','Day',B'0',15);
INSERT INTO person (id,first_name,second_name,email,user_login,user_password,sex,date_of_birth,age,permission_level) VALUES (248,'Jason','Smith','russellrachel@hotmail.com','blawrence','iTqdNsmvNRNwebS','M','1995-08-31',24,2);
INSERT INTO patient (id) VALUES (248);
INSERT INTO patients_address (street,house,apartement) VALUES ('Jason st.','71','7');
INSERT INTO medical_history (patient_id,date) VALUES (248,'2019-11-27');
INSERT INTO person (id,first_name,second_name,email,user_login,user_password,sex,date_of_birth,age,permission_level) VALUES (249,'Benjamin','Olson','scott95@hotmail.com','john48','BvdjxCjvqjevQPf','M','1986-06-17',33,2);
INSERT INTO staff_member (id,employed_since,position,salary,room) VALUES (249,'2017-06-28','IT Specialist',15000,76);
INSERT INTO IT_specialist (id,support_line) VALUES (249,B'1');
INSERT INTO person (id,first_name,second_name,email,user_login,user_password,sex,date_of_birth,age,permission_level) VALUES (250,'Mallory','Howe','griffinethan@gmail.com','waltersandre','sJqzlFSwOXD','F','1936-11-27',83,2);
INSERT INTO staff_member (id,employed_since,position,salary,room) VALUES (250,'2012-12-10','Doctor',35000,24);
INSERT INTO doctor (id,speciality,emergency_hours,experience,departement_id,supervisor) VALUES (250,'Oncologist',B'0',6,13,41);
INSERT INTO person (id,first_name,second_name,email,user_login,user_password,sex,date_of_birth,age,permission_level) VALUES (251,'Michelle','Forbes','gibbselizabeth@hotmail.com','melissahill','yxZFTYDqObl','F','1936-07-27',83,3);
INSERT INTO staff_member (id,employed_since,position,salary,room) VALUES (251,'2018-04-25','Reseptionist',15000,56);
INSERT INTO reseptionist (id) VALUES (251);
INSERT INTO languages_spoken (reseptionist_id,language) VALUES (251,'TatarItalianArabicArabic');
INSERT INTO person (id,first_name,second_name,email,user_login,user_password,sex,date_of_birth,age,permission_level) VALUES (252,'Jean','Carter','xjohnson@hotmail.com','cbrown','QuZlcYZG','F','2002-09-15',17,1);
INSERT INTO staff_member (id,employed_since,position,salary,room) VALUES (252,'2019-06-24','Doctor',35000,28);
INSERT INTO doctor (id,speciality,emergency_hours,experience,departement_id,supervisor) VALUES (252,'Colon Surgeon',B'0',7,13,232);
INSERT INTO person (id,first_name,second_name,email,user_login,user_password,sex,date_of_birth,age,permission_level) VALUES (253,'Rickey','Rowe','pnguyen@yahoo.com','nicole52','Nwzyusnse','M','1908-03-23',111,2);
INSERT INTO staff_member (id,employed_since,position,salary,room) VALUES (253,'2010-02-13','Security Team Member',10000,62);
INSERT INTO security_team_member (id,shifts,physical_test_grade) VALUES (253,'Day','C');
INSERT INTO person (id,first_name,second_name,email,user_login,user_password,sex,date_of_birth,age,permission_level) VALUES (254,'Thomas','Schmidt','williamskirsten@yahoo.com','millerlori','gzggAmn','M','1917-03-27',102,4);
INSERT INTO staff_member (id,employed_since,position,salary,room) VALUES (254,'2015-03-28','IT Specialist',15000,77);
INSERT INTO IT_specialist (id,support_line) VALUES (254,B'0');
INSERT INTO person (id,first_name,second_name,email,user_login,user_password,sex,date_of_birth,age,permission_level) VALUES (255,'Leslie','Armstrong','mitchellstefanie@hotmail.com','elizabethward','ZGyBhdL','F','1940-12-08',79,2);
INSERT INTO patient (id) VALUES (255);
INSERT INTO patients_address (street,house,apartement) VALUES ('Natalie st.','89','4');
INSERT INTO medical_history (patient_id,date) VALUES (255,'2019-11-26');
INSERT INTO person (id,first_name,second_name,email,user_login,user_password,sex,date_of_birth,age,permission_level) VALUES (256,'Jasmin','Bailey','amyanderson@yahoo.com','riosmckenzie','NkWazYH','F','1950-11-07',69,4);
INSERT INTO staff_member (id,employed_since,position,salary,room) VALUES (256,'2012-11-11','Professor',35000,32);
INSERT INTO professor (id,research_topic,surgery_participation,departement_id) VALUES (256,'Medical Geneticist',B'0',10);
INSERT INTO person (id,first_name,second_name,email,user_login,user_password,sex,date_of_birth,age,permission_level) VALUES (257,'Crystal','Porter','frankclark@gmail.com','andrea17','ESVTqIjz','F','1970-12-18',49,3);
INSERT INTO staff_member (id,employed_since,position,salary,room) VALUES (257,'2014-03-17','HR',30000,67);
INSERT INTO hr (id,selection_responsibility) VALUES (257,'Interview');
INSERT INTO person (id,first_name,second_name,email,user_login,user_password,sex,date_of_birth,age,permission_level) VALUES (258,'Michael','Johns','victoriakirby@yahoo.com','william23','JQEstagrhvjpnFP','M','1959-02-13',60,4);
INSERT INTO staff_member (id,employed_since,position,salary,room) VALUES (258,'2012-09-14','Professor',35000,31);
INSERT INTO professor (id,research_topic,surgery_participation,departement_id) VALUES (258,'Nephrologist',B'0',14);
INSERT INTO person (id,first_name,second_name,email,user_login,user_password,sex,date_of_birth,age,permission_level) VALUES (259,'Beth','Keller','theresa56@yahoo.com','jeffreysmith','WQIORflpFNjVbu','F','1922-12-13',97,5);
INSERT INTO staff_member (id,employed_since,position,salary,room) VALUES (259,'2018-07-27','HR',30000,65);
INSERT INTO hr (id,selection_responsibility) VALUES (259,'Interview');
INSERT INTO person (id,first_name,second_name,email,user_login,user_password,sex,date_of_birth,age,permission_level) VALUES (260,'Carol','Moon','alyssalopez@gmail.com','ghoward','OqPfSWgHCYKIE','F','1962-03-19',57,4);
INSERT INTO patient (id) VALUES (260);
INSERT INTO patients_address (street,house,apartement) VALUES ('Ruth st.','61','3');
INSERT INTO medical_history (patient_id,date) VALUES (260,'2019-11-08');
INSERT INTO person (id,first_name,second_name,email,user_login,user_password,sex,date_of_birth,age,permission_level) VALUES (261,'Kenneth','Olson','eric56@gmail.com','jwatts','GAwCvTPdS','M','2006-04-19',13,1);
INSERT INTO staff_member (id,employed_since,position,salary,room) VALUES (261,'2019-05-18','Cook',15000,72);
INSERT INTO cook (id,experience) VALUES (261,5);
INSERT INTO person (id,first_name,second_name,email,user_login,user_password,sex,date_of_birth,age,permission_level) VALUES (262,'Susan','Lyons','jorgeramos@gmail.com','goldendustin','OtVpaesclJ','F','1949-01-23',70,2);
INSERT INTO staff_member (id,employed_since,position,salary,room) VALUES (262,'2018-05-30','Doctor',35000,25);
INSERT INTO doctor (id,speciality,emergency_hours,experience,departement_id,supervisor) VALUES (262,'Oncologist',B'1',4,7,97);
INSERT INTO person (id,first_name,second_name,email,user_login,user_password,sex,date_of_birth,age,permission_level) VALUES (263,'Mark','Shepherd','richardpena@gmail.com','autumnespinoza','vsaARmRoyBN','M','1966-07-09',53,3);
INSERT INTO staff_member (id,employed_since,position,salary,room) VALUES (263,'2013-03-11','Doctor',35000,18);
INSERT INTO doctor (id,speciality,emergency_hours,experience,departement_id,supervisor) VALUES (263,'Podiatrist',B'0',2,10,17);
INSERT INTO person (id,first_name,second_name,email,user_login,user_password,sex,date_of_birth,age,permission_level) VALUES (264,'William','Lee','donald07@yahoo.com','lwarner','WZIYLkwNo','M','2007-03-05',12,2);
INSERT INTO patient (id) VALUES (264);
INSERT INTO patients_address (street,house,apartement) VALUES ('Robert st.','47','2');
INSERT INTO medical_history (patient_id,date) VALUES (264,'2019-11-06');
INSERT INTO person (id,first_name,second_name,email,user_login,user_password,sex,date_of_birth,age,permission_level) VALUES (265,'Brenda','Barber','edavis@yahoo.com','brookejohnson','lkLLfUZdXDR','F','1931-12-09',88,4);
INSERT INTO staff_member (id,employed_since,position,salary,room) VALUES (265,'2015-12-22','IT Specialist',15000,76);
INSERT INTO IT_specialist (id,support_line) VALUES (265,B'0');
INSERT INTO person (id,first_name,second_name,email,user_login,user_password,sex,date_of_birth,age,permission_level) VALUES (266,'Samuel','Ward','jeremymcconnell@gmail.com','yjohnson','QiLnrrt','M','1986-12-06',33,3);
INSERT INTO staff_member (id,employed_since,position,salary,room) VALUES (266,'2015-05-27','Cook',15000,71);
INSERT INTO cook (id,experience) VALUES (266,2);
INSERT INTO person (id,first_name,second_name,email,user_login,user_password,sex,date_of_birth,age,permission_level) VALUES (267,'John','Byrd','edwardssamantha@gmail.com','rodriguezalyssa','JRLxOGV','M','2012-01-29',7,4);
INSERT INTO staff_member (id,employed_since,position,salary,room) VALUES (267,'2016-08-10','IT Specialist',15000,74);
INSERT INTO IT_specialist (id,support_line) VALUES (267,B'1');
INSERT INTO person (id,first_name,second_name,email,user_login,user_password,sex,date_of_birth,age,permission_level) VALUES (268,'Mr.','James','angela42@hotmail.com','jonesscott','aLQALnYGvwS','M','1959-10-13',60,3);
INSERT INTO staff_member (id,employed_since,position,salary,room) VALUES (268,'2017-06-23','Doctor',35000,17);
INSERT INTO doctor (id,speciality,emergency_hours,experience,departement_id,supervisor) VALUES (268,'Radiologist',B'1',4,9,40);
INSERT INTO person (id,first_name,second_name,email,user_login,user_password,sex,date_of_birth,age,permission_level) VALUES (269,'Timothy','Barker','kguzman@hotmail.com','eric55','blFFksQ','M','1928-07-04',91,5);
INSERT INTO patient (id) VALUES (269);
INSERT INTO patients_address (street,house,apartement) VALUES ('Mark st.','22','10');
INSERT INTO medical_history (patient_id,date) VALUES (269,'2019-10-24');
INSERT INTO person (id,first_name,second_name,email,user_login,user_password,sex,date_of_birth,age,permission_level) VALUES (270,'Jordan','Sullivan','tracy82@hotmail.com','bthomas','VpxxyOw','F','1945-11-06',74,2);
INSERT INTO staff_member (id,employed_since,position,salary,room) VALUES (270,'2010-05-17','Lab Technician',15000,41);
INSERT INTO lab_technician (id,education_level,departement_id) VALUES (270,'Postgraduate',4);
INSERT INTO person (id,first_name,second_name,email,user_login,user_password,sex,date_of_birth,age,permission_level) VALUES (271,'Alex','Berry','jboone@hotmail.com','travisjackson','hULgjbTCkiZqgbz','M','1933-01-29',86,2);
INSERT INTO staff_member (id,employed_since,position,salary,room) VALUES (271,'2016-07-15','Maintanence Worker',15000,57);
INSERT INTO maintanence_worker (id,employment_type,speciality) VALUES (271,'Part time','Electricity');
INSERT INTO person (id,first_name,second_name,email,user_login,user_password,sex,date_of_birth,age,permission_level) VALUES (272,'Dale','Gordon','shelby17@yahoo.com','angela68','UtuUtgB','M','2007-09-04',12,2);
INSERT INTO staff_member (id,employed_since,position,salary,room) VALUES (272,'2013-02-27','Cleaning Team Worker',10000,52);
INSERT INTO cleaning_team_worker (id,employment_type) VALUES (272,'Part time');
INSERT INTO person (id,first_name,second_name,email,user_login,user_password,sex,date_of_birth,age,permission_level) VALUES (273,'Jessica','Hayes','lewisbrittney@gmail.com','plane','jejEKNnsZFdWMff','F','2011-06-06',8,5);
INSERT INTO staff_member (id,employed_since,position,salary,room) VALUES (273,'2013-07-02','Doctor',35000,22);
INSERT INTO doctor (id,speciality,emergency_hours,experience,departement_id,supervisor) VALUES (273,'Emergency Medicine Specialist',B'1',6,9,197);
INSERT INTO person (id,first_name,second_name,email,user_login,user_password,sex,date_of_birth,age,permission_level) VALUES (274,'Scott','Bishop','frederickstephanie@yahoo.com','julian50','CfyHTEONEBFyviL','M','1907-08-25',112,2);
INSERT INTO staff_member (id,employed_since,position,salary,room) VALUES (274,'2019-10-18','Nurse',25000,4);
INSERT INTO nurse (id,surgery_assistant,preferred_shifts,appointment_assistant,departement_id) VALUES (274,B'0','Day',B'0',13);
INSERT INTO person (id,first_name,second_name,email,user_login,user_password,sex,date_of_birth,age,permission_level) VALUES (275,'Troy','Wood','sanderson@yahoo.com','brian37','DvqlpwmqqTZ','M','2017-03-27',2,5);
INSERT INTO staff_member (id,employed_since,position,salary,room) VALUES (275,'2010-07-10','Nurse',25000,9);
INSERT INTO nurse (id,surgery_assistant,preferred_shifts,appointment_assistant,departement_id) VALUES (275,B'1','Night',B'0',1);
INSERT INTO person (id,first_name,second_name,email,user_login,user_password,sex,date_of_birth,age,permission_level) VALUES (276,'Jonathan','Sanchez','robertsjanet@yahoo.com','brian72','yCAqlGE','M','1952-05-11',67,2);
INSERT INTO staff_member (id,employed_since,position,salary,room) VALUES (276,'2013-11-10','Nurse',25000,3);
INSERT INTO nurse (id,surgery_assistant,preferred_shifts,appointment_assistant,departement_id) VALUES (276,B'0','Day',B'0',11);
INSERT INTO person (id,first_name,second_name,email,user_login,user_password,sex,date_of_birth,age,permission_level) VALUES (277,'Jacqueline','Turner','rodriguezkristen@hotmail.com','robert81','FWgTAVzif','F','1933-11-04',86,2);
INSERT INTO staff_member (id,employed_since,position,salary,room) VALUES (277,'2018-10-04','Nurse',25000,3);
INSERT INTO nurse (id,surgery_assistant,preferred_shifts,appointment_assistant,departement_id) VALUES (277,B'1','Day',B'0',1);
INSERT INTO person (id,first_name,second_name,email,user_login,user_password,sex,date_of_birth,age,permission_level) VALUES (278,'Kevin','Carpenter','jamesrobertson@gmail.com','dtucker','SuLAPLNclLukX','M','1922-12-30',97,1);
INSERT INTO patient (id) VALUES (278);
INSERT INTO patients_address (street,house,apartement) VALUES ('Charles st.','50','4');
INSERT INTO medical_history (patient_id,date) VALUES (278,'2019-11-10');
INSERT INTO person (id,first_name,second_name,email,user_login,user_password,sex,date_of_birth,age,permission_level) VALUES (279,'Mark','Lee','dylanmartinez@gmail.com','kevin58','MVbhSZN','M','2016-08-20',3,3);
INSERT INTO staff_member (id,employed_since,position,salary,room) VALUES (279,'2017-12-23','HR',30000,64);
INSERT INTO hr (id,selection_responsibility) VALUES (279,'Interview');
INSERT INTO person (id,first_name,second_name,email,user_login,user_password,sex,date_of_birth,age,permission_level) VALUES (280,'Sabrina','White','leroymueller@yahoo.com','hernandezvictoria','QcPwAEjVfBWki','F','2005-07-22',14,1);
INSERT INTO staff_member (id,employed_since,position,salary,room) VALUES (280,'2019-08-04','Cook',15000,73);
INSERT INTO cook (id,experience) VALUES (280,1);
INSERT INTO person (id,first_name,second_name,email,user_login,user_password,sex,date_of_birth,age,permission_level) VALUES (281,'Mary','Mccarty','colemanbrianna@yahoo.com','reaton','tFWRyJo','F','1935-09-09',84,1);
INSERT INTO staff_member (id,employed_since,position,salary,room) VALUES (281,'2012-07-11','Priest',15000,80);
INSERT INTO priest (id,religion) VALUES (281,'Judaism');
INSERT INTO person (id,first_name,second_name,email,user_login,user_password,sex,date_of_birth,age,permission_level) VALUES (282,'Theodore','Burns','wlivingston@hotmail.com','clawrence','sfxLFEE','M','1996-05-13',23,5);
INSERT INTO staff_member (id,employed_since,position,salary,room) VALUES (282,'2016-10-11','Nurse',25000,7);
INSERT INTO nurse (id,surgery_assistant,preferred_shifts,appointment_assistant,departement_id) VALUES (282,B'1','Day',B'0',2);
INSERT INTO person (id,first_name,second_name,email,user_login,user_password,sex,date_of_birth,age,permission_level) VALUES (283,'Taylor','Christensen','sortiz@yahoo.com','steven10','bOeKfsrPxsHRjR','F','1940-08-21',79,4);
INSERT INTO patient (id) VALUES (283);
INSERT INTO patients_address (street,house,apartement) VALUES ('Amanda st.','88','10');
INSERT INTO medical_history (patient_id,date) VALUES (283,'2019-11-17');
INSERT INTO person (id,first_name,second_name,email,user_login,user_password,sex,date_of_birth,age,permission_level) VALUES (284,'Jasmine','Bright','mark71@yahoo.com','burkewesley','fqsIGIbzuPBc','F','1962-02-02',57,3);
INSERT INTO staff_member (id,employed_since,position,salary,room) VALUES (284,'2010-01-11','Nurse',25000,10);
INSERT INTO nurse (id,surgery_assistant,preferred_shifts,appointment_assistant,departement_id) VALUES (284,B'0','Night',B'0',14);
INSERT INTO person (id,first_name,second_name,email,user_login,user_password,sex,date_of_birth,age,permission_level) VALUES (285,'Luis','Lopez','robertjohnson@gmail.com','isaacjohnson','uEMZYMVAsGokB','M','1923-09-25',96,4);
INSERT INTO staff_member (id,employed_since,position,salary,room) VALUES (285,'2016-10-08','Doctor',35000,17);
INSERT INTO doctor (id,speciality,emergency_hours,experience,departement_id,supervisor) VALUES (285,'Endocrinologists',B'0',4,2,263);
INSERT INTO person (id,first_name,second_name,email,user_login,user_password,sex,date_of_birth,age,permission_level) VALUES (286,'Jonathan','Cowan','moonamber@yahoo.com','stephanie02','rjTDmURRrt','M','1989-03-01',30,2);
INSERT INTO staff_member (id,employed_since,position,salary,room) VALUES (286,'2013-08-22','Nurse',25000,6);
INSERT INTO nurse (id,surgery_assistant,preferred_shifts,appointment_assistant,departement_id) VALUES (286,B'1','Night',B'0',16);
INSERT INTO person (id,first_name,second_name,email,user_login,user_password,sex,date_of_birth,age,permission_level) VALUES (287,'Patrick','Foley','mlopez@yahoo.com','riveraryan','IIqntxgQRO','M','1933-07-09',86,4);
INSERT INTO patient (id) VALUES (287);
INSERT INTO patients_address (street,house,apartement) VALUES ('Richard st.','87','2');
INSERT INTO medical_history (patient_id,date) VALUES (287,'2019-11-02');
INSERT INTO person (id,first_name,second_name,email,user_login,user_password,sex,date_of_birth,age,permission_level) VALUES (288,'Mr.','Jacob','josephwilliamson@gmail.com','ewhite','YWfzQmZDlufM','M','1958-08-21',61,2);
INSERT INTO staff_member (id,employed_since,position,salary,room) VALUES (288,'2011-07-28','Doctor',35000,29);
INSERT INTO doctor (id,speciality,emergency_hours,experience,departement_id,supervisor) VALUES (288,'General Surgeon',B'0',5,5,9);
INSERT INTO person (id,first_name,second_name,email,user_login,user_password,sex,date_of_birth,age,permission_level) VALUES (289,'Brandon','Smith','jake80@hotmail.com','shanecarter','vKTWBWwJB','M','1923-07-26',96,4);
INSERT INTO patient (id) VALUES (289);
INSERT INTO patients_address (street,house,apartement) VALUES ('Matthew st.','8','6');
INSERT INTO medical_history (patient_id,date) VALUES (289,'2019-11-26');
INSERT INTO person (id,first_name,second_name,email,user_login,user_password,sex,date_of_birth,age,permission_level) VALUES (290,'Jared','Lopez','murrayjoshua@yahoo.com','douglas43','YhLYQnePLKaFRP','M','2014-01-18',5,3);
INSERT INTO patient (id) VALUES (290);
INSERT INTO patients_address (street,house,apartement) VALUES ('Andrea st.','43','10');
INSERT INTO medical_history (patient_id,date) VALUES (290,'2019-10-19');
INSERT INTO person (id,first_name,second_name,email,user_login,user_password,sex,date_of_birth,age,permission_level) VALUES (291,'Amber','Smith','christina44@yahoo.com','jacquelinemiller','EUNgkWrRn','F','1967-01-17',52,1);
INSERT INTO staff_member (id,employed_since,position,salary,room) VALUES (291,'2018-11-16','Cleaning Team Worker',10000,53);
INSERT INTO cleaning_team_worker (id,employment_type) VALUES (291,'Full time');
INSERT INTO person (id,first_name,second_name,email,user_login,user_password,sex,date_of_birth,age,permission_level) VALUES (292,'Kimberly','Jenkins','beth23@hotmail.com','xwilliams','SvglFtSM','F','1946-05-26',73,1);
INSERT INTO staff_member (id,employed_since,position,salary,room) VALUES (292,'2014-06-22','Nurse',25000,8);
INSERT INTO nurse (id,surgery_assistant,preferred_shifts,appointment_assistant,departement_id) VALUES (292,B'0','Day',B'1',10);
INSERT INTO person (id,first_name,second_name,email,user_login,user_password,sex,date_of_birth,age,permission_level) VALUES (293,'Catherine','Hooper','brownzachary@yahoo.com','shawnmitchell','xYMblgu','F','1905-10-17',114,2);
INSERT INTO staff_member (id,employed_since,position,salary,room) VALUES (293,'2012-12-21','Nurse',25000,4);
INSERT INTO nurse (id,surgery_assistant,preferred_shifts,appointment_assistant,departement_id) VALUES (293,B'1','Day',B'1',1);
INSERT INTO person (id,first_name,second_name,email,user_login,user_password,sex,date_of_birth,age,permission_level) VALUES (294,'Matthew','Maynard','andre20@yahoo.com','norrisstacey','vpoetrIWYNh','M','1978-05-17',41,2);
INSERT INTO staff_member (id,employed_since,position,salary,room) VALUES (294,'2019-05-04','Doctor',35000,15);
INSERT INTO doctor (id,speciality,emergency_hours,experience,departement_id,supervisor) VALUES (294,'Sports Medicine Specialist',B'1',5,7,173);
INSERT INTO person (id,first_name,second_name,email,user_login,user_password,sex,date_of_birth,age,permission_level) VALUES (295,'Wanda','Hamilton','jordan37@hotmail.com','jennifer69','mRhKvmlefj','F','1917-03-24',102,2);
INSERT INTO staff_member (id,employed_since,position,salary,room) VALUES (295,'2019-08-05','Nurse',25000,8);
INSERT INTO nurse (id,surgery_assistant,preferred_shifts,appointment_assistant,departement_id) VALUES (295,B'0','Night',B'1',10);
INSERT INTO person (id,first_name,second_name,email,user_login,user_password,sex,date_of_birth,age,permission_level) VALUES (296,'Shawn','Martinez','stevensjennifer@gmail.com','megan76','WAdWDySZFWIG','M','1967-09-09',52,2);
INSERT INTO patient (id) VALUES (296);
INSERT INTO patients_address (street,house,apartement) VALUES ('Evelyn st.','64','3');
INSERT INTO medical_history (patient_id,date) VALUES (296,'2019-11-19');
INSERT INTO person (id,first_name,second_name,email,user_login,user_password,sex,date_of_birth,age,permission_level) VALUES (297,'Jerry','Reynolds','xjohnson@yahoo.com','cruzjeremy','vPMZjCrHCxXq','M','1956-12-19',63,1);
INSERT INTO staff_member (id,employed_since,position,salary,room) VALUES (297,'2012-07-19','Nurse',25000,7);
INSERT INTO nurse (id,surgery_assistant,preferred_shifts,appointment_assistant,departement_id) VALUES (297,B'0','Night',B'1',9);
INSERT INTO person (id,first_name,second_name,email,user_login,user_password,sex,date_of_birth,age,permission_level) VALUES (298,'Peter','Hunt','cruzclayton@gmail.com','camachorobert','DxVLOEflEmB','M','1966-10-15',53,1);
INSERT INTO staff_member (id,employed_since,position,salary,room) VALUES (298,'2011-01-26','Reseptionist',15000,56);
INSERT INTO reseptionist (id) VALUES (298);
INSERT INTO languages_spoken (reseptionist_id,language) VALUES (298,'TatarEnglishPortugues');
INSERT INTO person (id,first_name,second_name,email,user_login,user_password,sex,date_of_birth,age,permission_level) VALUES (299,'Pamela','Ramirez','michael15@yahoo.com','hector44','kmpFUpsuv','F','1915-10-10',104,1);
INSERT INTO patient (id) VALUES (299);
INSERT INTO patients_address (street,house,apartement) VALUES ('Kristopher st.','9','8');
INSERT INTO medical_history (patient_id,date) VALUES (299,'2019-10-28');
INSERT INTO person (id,first_name,second_name,email,user_login,user_password,sex,date_of_birth,age,permission_level) VALUES (300,'Connie','Reid','alec94@gmail.com','edixon','ZfjmHSuT','F','1934-01-10',85,1);
INSERT INTO staff_member (id,employed_since,position,salary,room) VALUES (300,'2017-11-22','Nurse',25000,3);
INSERT INTO nurse (id,surgery_assistant,preferred_shifts,appointment_assistant,departement_id) VALUES (300,B'1','Day',B'1',13);
INSERT INTO person (id,first_name,second_name,email,user_login,user_password,sex,date_of_birth,age,permission_level) VALUES (301,'Eric','Campbell','othompson@gmail.com','heathermartinez','gggrGQjemyOAy','M','1951-06-02',68,1);
INSERT INTO staff_member (id,employed_since,position,salary,room) VALUES (301,'2012-01-03','Lab Technician',15000,44);
INSERT INTO lab_technician (id,education_level,departement_id) VALUES (301,'Bachelor',11);
INSERT INTO person (id,first_name,second_name,email,user_login,user_password,sex,date_of_birth,age,permission_level) VALUES (302,'Jill','Fox','lfrancis@gmail.com','heatherchase','GsnIvvON','F','1944-10-20',75,1);
INSERT INTO staff_member (id,employed_since,position,salary,room) VALUES (302,'2012-06-09','Cook',15000,73);
INSERT INTO cook (id,experience) VALUES (302,8);
INSERT INTO person (id,first_name,second_name,email,user_login,user_password,sex,date_of_birth,age,permission_level) VALUES (303,'Stacy','Miller','morganalejandro@hotmail.com','susan34','itCwshmPsh','F','1926-05-23',93,4);
INSERT INTO staff_member (id,employed_since,position,salary,room) VALUES (303,'2013-09-11','Maintanence Worker',15000,60);
INSERT INTO maintanence_worker (id,employment_type,speciality) VALUES (303,'Part time','Electricity');
INSERT INTO person (id,first_name,second_name,email,user_login,user_password,sex,date_of_birth,age,permission_level) VALUES (304,'Daniel','Brown','mwilliams@gmail.com','zachary02','eyYmHouEDz','M','1926-10-19',93,1);
INSERT INTO patient (id) VALUES (304);
INSERT INTO patients_address (street,house,apartement) VALUES ('Michael st.','53','6');
INSERT INTO medical_history (patient_id,date) VALUES (304,'2019-11-05');
INSERT INTO person (id,first_name,second_name,email,user_login,user_password,sex,date_of_birth,age,permission_level) VALUES (305,'David','Donaldson','gforbes@gmail.com','ysmith','DxdhUSWJ','M','2007-05-19',12,2);
INSERT INTO staff_member (id,employed_since,position,salary,room) VALUES (305,'2011-06-12','Nurse',25000,6);
INSERT INTO nurse (id,surgery_assistant,preferred_shifts,appointment_assistant,departement_id) VALUES (305,B'1','Night',B'1',3);
INSERT INTO person (id,first_name,second_name,email,user_login,user_password,sex,date_of_birth,age,permission_level) VALUES (306,'Steven','Weaver','parkerdebra@yahoo.com','hansenandrea','jdKAYlJYl','M','1908-08-15',111,4);
INSERT INTO staff_member (id,employed_since,position,salary,room) VALUES (306,'2015-03-11','Pharmasist',20000,70);
INSERT INTO pharmasist (id,education_level,research) VALUES (306,'Magister',B'0');
INSERT INTO person (id,first_name,second_name,email,user_login,user_password,sex,date_of_birth,age,permission_level) VALUES (307,'Patricia','Larson','mstone@gmail.com','katrina92','lohfARxwQVmIu','F','1958-04-15',61,5);
INSERT INTO staff_member (id,employed_since,position,salary,room) VALUES (307,'2011-09-07','Maintanence Worker',15000,58);
INSERT INTO maintanence_worker (id,employment_type,speciality) VALUES (307,'Part time','Furniture');
INSERT INTO person (id,first_name,second_name,email,user_login,user_password,sex,date_of_birth,age,permission_level) VALUES (308,'Anita','Martin','zhenderson@gmail.com','beasleyheather','AskVNmrg','F','1965-12-19',54,5);
INSERT INTO staff_member (id,employed_since,position,salary,room) VALUES (308,'2018-07-30','Nurse',25000,6);
INSERT INTO nurse (id,surgery_assistant,preferred_shifts,appointment_assistant,departement_id) VALUES (308,B'1','Night',B'0',15);
INSERT INTO person (id,first_name,second_name,email,user_login,user_password,sex,date_of_birth,age,permission_level) VALUES (309,'Rita','Reeves','brandondean@gmail.com','vturner','JUNHoiVaw','F','2001-01-23',18,3);
INSERT INTO staff_member (id,employed_since,position,salary,room) VALUES (309,'2019-10-09','Doctor',35000,25);
INSERT INTO doctor (id,speciality,emergency_hours,experience,departement_id,supervisor) VALUES (309,'Osteopath',B'1',5,5,268);
INSERT INTO person (id,first_name,second_name,email,user_login,user_password,sex,date_of_birth,age,permission_level) VALUES (310,'Rebecca','Rodriguez','greenronald@yahoo.com','cassandrawilliams','GtQJdLXeQjant','F','2010-02-12',9,2);
INSERT INTO staff_member (id,employed_since,position,salary,room) VALUES (310,'2013-06-10','Doctor',35000,23);
INSERT INTO doctor (id,speciality,emergency_hours,experience,departement_id,supervisor) VALUES (310,'Internist',B'1',3,1,252);
INSERT INTO person (id,first_name,second_name,email,user_login,user_password,sex,date_of_birth,age,permission_level) VALUES (311,'Carolyn','Williams','monique27@hotmail.com','jodisnyder','mCkhcVClkKCwy','F','2002-01-06',17,2);
INSERT INTO staff_member (id,employed_since,position,salary,room) VALUES (311,'2014-07-11','IT Specialist',15000,75);
INSERT INTO IT_specialist (id,support_line) VALUES (311,B'1');
INSERT INTO person (id,first_name,second_name,email,user_login,user_password,sex,date_of_birth,age,permission_level) VALUES (312,'Angel','Anderson','kthomas@hotmail.com','vrobinson','vddVimXSdsU','M','1991-11-14',28,2);
INSERT INTO staff_member (id,employed_since,position,salary,room) VALUES (312,'2010-07-14','Doctor',35000,18);
INSERT INTO doctor (id,speciality,emergency_hours,experience,departement_id,supervisor) VALUES (312,'Nephrologist',B'1',9,2,57);
INSERT INTO person (id,first_name,second_name,email,user_login,user_password,sex,date_of_birth,age,permission_level) VALUES (313,'Cynthia','Martin','walkerashley@gmail.com','michaelalvarado','snddLTHKnc','F','1975-08-18',44,1);
INSERT INTO staff_member (id,employed_since,position,salary,room) VALUES (313,'2018-01-13','Maintanence Worker',15000,59);
INSERT INTO maintanence_worker (id,employment_type,speciality) VALUES (313,'Full time','Hardware');
INSERT INTO person (id,first_name,second_name,email,user_login,user_password,sex,date_of_birth,age,permission_level) VALUES (314,'Melissa','Potts','theresa37@yahoo.com','rachelwatson','swMxokyVVoUp','F','2008-11-29',11,3);
INSERT INTO staff_member (id,employed_since,position,salary,room) VALUES (314,'2019-06-09','Doctor',35000,26);
INSERT INTO doctor (id,speciality,emergency_hours,experience,departement_id,supervisor) VALUES (314,'Emergency Medicine Specialist',B'1',9,5,18);
INSERT INTO person (id,first_name,second_name,email,user_login,user_password,sex,date_of_birth,age,permission_level) VALUES (315,'Erica','Jensen','cjames@gmail.com','reeddaniel','FEHbVoTxHvR','F','1990-02-16',29,4);
INSERT INTO staff_member (id,employed_since,position,salary,room) VALUES (315,'2017-01-01','Cook',15000,72);
INSERT INTO cook (id,experience) VALUES (315,7);
INSERT INTO person (id,first_name,second_name,email,user_login,user_password,sex,date_of_birth,age,permission_level) VALUES (316,'Garrett','Meyer','jocelyn66@gmail.com','rosesamuel','YEWIOrTQCytl','M','2003-04-28',16,1);
INSERT INTO staff_member (id,employed_since,position,salary,room) VALUES (316,'2016-10-07','Professor',35000,34);
INSERT INTO professor (id,research_topic,surgery_participation,departement_id) VALUES (316,'Podiatrist',B'1',16);
INSERT INTO person (id,first_name,second_name,email,user_login,user_password,sex,date_of_birth,age,permission_level) VALUES (317,'Mandy','Mercado','michael85@hotmail.com','crawfordjoseph','iDysEHFSFl','F','2005-03-19',14,3);
INSERT INTO staff_member (id,employed_since,position,salary,room) VALUES (317,'2013-07-31','Nurse',25000,5);
INSERT INTO nurse (id,surgery_assistant,preferred_shifts,appointment_assistant,departement_id) VALUES (317,B'0','Day',B'1',14);
INSERT INTO person (id,first_name,second_name,email,user_login,user_password,sex,date_of_birth,age,permission_level) VALUES (318,'Paula','Clark','chungcaitlyn@yahoo.com','alexandrajones','qxNMfFWZyxMWVz','F','1994-12-19',25,4);
INSERT INTO staff_member (id,employed_since,position,salary,room) VALUES (318,'2009-12-21','Nurse',25000,7);
INSERT INTO nurse (id,surgery_assistant,preferred_shifts,appointment_assistant,departement_id) VALUES (318,B'0','Night',B'1',5);
INSERT INTO person (id,first_name,second_name,email,user_login,user_password,sex,date_of_birth,age,permission_level) VALUES (319,'Mark','Holden','howardjacob@gmail.com','gsims','qHntsOxpXGRZ','M','2012-03-25',7,2);
INSERT INTO staff_member (id,employed_since,position,salary,room) VALUES (319,'2014-02-21','Nurse',25000,9);
INSERT INTO nurse (id,surgery_assistant,preferred_shifts,appointment_assistant,departement_id) VALUES (319,B'0','Night',B'1',8);
INSERT INTO person (id,first_name,second_name,email,user_login,user_password,sex,date_of_birth,age,permission_level) VALUES (320,'Jennifer','Mccarty','renee32@hotmail.com','ricardodrake','vuTwIADcH','F','1922-12-19',97,5);
INSERT INTO staff_member (id,employed_since,position,salary,room) VALUES (320,'2010-11-12','Pharmasist',20000,68);
INSERT INTO pharmasist (id,education_level,research) VALUES (320,'Bachelor',B'1');
INSERT INTO person (id,first_name,second_name,email,user_login,user_password,sex,date_of_birth,age,permission_level) VALUES (321,'Jessica','Hill','samanthasimmons@gmail.com','gonzalezmichael','qlkwRtI','F','1905-02-25',114,2);
INSERT INTO staff_member (id,employed_since,position,salary,room) VALUES (321,'2016-06-11','Nurse',25000,4);
INSERT INTO nurse (id,surgery_assistant,preferred_shifts,appointment_assistant,departement_id) VALUES (321,B'0','Night',B'1',2);
INSERT INTO person (id,first_name,second_name,email,user_login,user_password,sex,date_of_birth,age,permission_level) VALUES (322,'David','Watson','ijenkins@yahoo.com','john75','nAmMhCx','M','2006-06-20',13,2);
INSERT INTO staff_member (id,employed_since,position,salary,room) VALUES (322,'2014-09-05','Cook',15000,73);
INSERT INTO cook (id,experience) VALUES (322,3);
INSERT INTO person (id,first_name,second_name,email,user_login,user_password,sex,date_of_birth,age,permission_level) VALUES (323,'Alexandria','Quinn','nelsondavid@gmail.com','david48','PPDPacUTewmty','F','1975-08-15',44,3);
INSERT INTO staff_member (id,employed_since,position,salary,room) VALUES (323,'2013-07-04','Doctor',35000,25);
INSERT INTO doctor (id,speciality,emergency_hours,experience,departement_id,supervisor) VALUES (323,'Gastroenterologist',B'0',2,3,229);
INSERT INTO person (id,first_name,second_name,email,user_login,user_password,sex,date_of_birth,age,permission_level) VALUES (324,'Allison','Ortiz','deniselewis@yahoo.com','wendybryant','jTPCoNULyfMcQkr','F','1905-03-23',114,5);
INSERT INTO staff_member (id,employed_since,position,salary,room) VALUES (324,'2012-03-28','Nurse',25000,3);
INSERT INTO nurse (id,surgery_assistant,preferred_shifts,appointment_assistant,departement_id) VALUES (324,B'1','Day',B'1',2);
INSERT INTO person (id,first_name,second_name,email,user_login,user_password,sex,date_of_birth,age,permission_level) VALUES (325,'Jesus','Raymond','moorejohn@hotmail.com','hernandezpatrick','VpWCngJlJZUVx','M','1984-03-21',35,2);
INSERT INTO staff_member (id,employed_since,position,salary,room) VALUES (325,'2019-06-10','Doctor',35000,25);
INSERT INTO doctor (id,speciality,emergency_hours,experience,departement_id,supervisor) VALUES (325,'Neurologist',B'1',4,12,232);
INSERT INTO person (id,first_name,second_name,email,user_login,user_password,sex,date_of_birth,age,permission_level) VALUES (326,'Tasha','Wilson','albert15@gmail.com','gonzalezkatie','beEtDRnLcwRxy','F','1923-10-17',96,3);
INSERT INTO staff_member (id,employed_since,position,salary,room) VALUES (326,'2016-03-10','Lab Technician',15000,42);
INSERT INTO lab_technician (id,education_level,departement_id) VALUES (326,'Magister',11);
INSERT INTO person (id,first_name,second_name,email,user_login,user_password,sex,date_of_birth,age,permission_level) VALUES (327,'Tyler','Miller','karenmurphy@gmail.com','melendezbrendan','cJxGUIjdhpC','M','2002-06-22',17,3);
INSERT INTO patient (id) VALUES (327);
INSERT INTO patients_address (street,house,apartement) VALUES ('Mr. st.','14','9');
INSERT INTO medical_history (patient_id,date) VALUES (327,'2019-11-27');
INSERT INTO person (id,first_name,second_name,email,user_login,user_password,sex,date_of_birth,age,permission_level) VALUES (328,'Katherine','Palmer','jmartin@gmail.com','williamszachary','GoJOEgmMhiUoDlP','F','1919-11-09',100,2);
INSERT INTO staff_member (id,employed_since,position,salary,room) VALUES (328,'2010-03-27','Nurse',25000,9);
INSERT INTO nurse (id,surgery_assistant,preferred_shifts,appointment_assistant,departement_id) VALUES (328,B'0','Night',B'0',16);
INSERT INTO person (id,first_name,second_name,email,user_login,user_password,sex,date_of_birth,age,permission_level) VALUES (329,'Michael','Davenport','christinacochran@hotmail.com','stephanie47','axEmCBOMaKkQjqC','M','1972-02-18',47,5);
INSERT INTO staff_member (id,employed_since,position,salary,room) VALUES (329,'2017-03-28','Nurse',25000,9);
INSERT INTO nurse (id,surgery_assistant,preferred_shifts,appointment_assistant,departement_id) VALUES (329,B'1','Night',B'0',6);
INSERT INTO person (id,first_name,second_name,email,user_login,user_password,sex,date_of_birth,age,permission_level) VALUES (330,'Danielle','Williams','flewis@hotmail.com','richardwilliams','kRLNIgilEeeu','F','1928-06-01',91,1);
INSERT INTO patient (id) VALUES (330);
INSERT INTO patients_address (street,house,apartement) VALUES ('Jennifer st.','97','4');
INSERT INTO medical_history (patient_id,date) VALUES (330,'2019-11-07');
INSERT INTO person (id,first_name,second_name,email,user_login,user_password,sex,date_of_birth,age,permission_level) VALUES (331,'Andrea','Potts','stephensonveronica@gmail.com','aharmon','QEqcusWMNDwPV','F','1950-05-28',69,2);
INSERT INTO staff_member (id,employed_since,position,salary,room) VALUES (331,'2019-09-19','Nurse',25000,5);
INSERT INTO nurse (id,surgery_assistant,preferred_shifts,appointment_assistant,departement_id) VALUES (331,B'1','Night',B'1',11);
INSERT INTO person (id,first_name,second_name,email,user_login,user_password,sex,date_of_birth,age,permission_level) VALUES (332,'Michael','White','dmartin@yahoo.com','kathleengarza','IZTqZSpRy','M','1917-04-21',102,3);
INSERT INTO staff_member (id,employed_since,position,salary,room) VALUES (332,'2015-01-12','Doctor',35000,24);
INSERT INTO doctor (id,speciality,emergency_hours,experience,departement_id,supervisor) VALUES (332,'Internist',B'1',1,2,210);
INSERT INTO person (id,first_name,second_name,email,user_login,user_password,sex,date_of_birth,age,permission_level) VALUES (333,'Bryan','Guzman','jermaine35@yahoo.com','thomas67','AxOcGVnUjPOmFrH','M','2019-03-21',0,5);
INSERT INTO staff_member (id,employed_since,position,salary,room) VALUES (333,'2014-06-19','Doctor',35000,28);
INSERT INTO doctor (id,speciality,emergency_hours,experience,departement_id,supervisor) VALUES (333,'Gastroenterologist',B'1',8,8,4);
INSERT INTO person (id,first_name,second_name,email,user_login,user_password,sex,date_of_birth,age,permission_level) VALUES (334,'Jason','Lopez','garciaemily@yahoo.com','bturner','klXTvRNycRmROJb','M','1992-02-10',27,2);
INSERT INTO staff_member (id,employed_since,position,salary,room) VALUES (334,'2016-04-06','Professor',35000,32);
INSERT INTO professor (id,research_topic,surgery_participation,departement_id) VALUES (334,'Radiologist',B'0',13);
INSERT INTO person (id,first_name,second_name,email,user_login,user_password,sex,date_of_birth,age,permission_level) VALUES (335,'Anna','Mejia','martinholly@yahoo.com','lindseywang','byGHyecpzQSJIwM','F','1908-04-15',111,5);
INSERT INTO staff_member (id,employed_since,position,salary,room) VALUES (335,'2013-06-10','Reseptionist',15000,56);
INSERT INTO reseptionist (id) VALUES (335);
INSERT INTO languages_spoken (reseptionist_id,language) VALUES (335,'ArabicItalianEnglishEnglish');
INSERT INTO person (id,first_name,second_name,email,user_login,user_password,sex,date_of_birth,age,permission_level) VALUES (336,'David','Myers','markwilcox@gmail.com','wendywashington','jcEYZmnWhCWLsHm','M','2011-03-25',8,3);
INSERT INTO staff_member (id,employed_since,position,salary,room) VALUES (336,'2011-01-15','Professor',35000,35);
INSERT INTO professor (id,research_topic,surgery_participation,departement_id) VALUES (336,'Infectious Disease Specialist',B'0',8);
INSERT INTO person (id,first_name,second_name,email,user_login,user_password,sex,date_of_birth,age,permission_level) VALUES (337,'Michael','Barnes','elizabeth06@hotmail.com','ortegajulia','yOMXnAkrmZQvxYP','M','2007-06-09',12,3);
INSERT INTO staff_member (id,employed_since,position,salary,room) VALUES (337,'2011-12-21','Nurse',25000,5);
INSERT INTO nurse (id,surgery_assistant,preferred_shifts,appointment_assistant,departement_id) VALUES (337,B'1','Day',B'0',13);
INSERT INTO person (id,first_name,second_name,email,user_login,user_password,sex,date_of_birth,age,permission_level) VALUES (338,'Heather','Wagner','cfields@hotmail.com','imorgan','eqipRefwv','F','1972-10-05',47,5);
INSERT INTO staff_member (id,employed_since,position,salary,room) VALUES (338,'2011-03-06','Maintanence Worker',15000,60);
INSERT INTO maintanence_worker (id,employment_type,speciality) VALUES (338,'Full time','Electricity');
INSERT INTO person (id,first_name,second_name,email,user_login,user_password,sex,date_of_birth,age,permission_level) VALUES (339,'Joseph','Shelton','paige49@gmail.com','andradejames','gsoaUfd','M','1929-11-30',90,5);
INSERT INTO patient (id) VALUES (339);
INSERT INTO patients_address (street,house,apartement) VALUES ('Eric st.','53','10');
INSERT INTO medical_history (patient_id,date) VALUES (339,'2019-10-22');
INSERT INTO person (id,first_name,second_name,email,user_login,user_password,sex,date_of_birth,age,permission_level) VALUES (340,'Mr.','Zachary','mark92@gmail.com','robertsonrachel','ahFtAdpw','M','1982-11-04',37,2);
INSERT INTO staff_member (id,employed_since,position,salary,room) VALUES (340,'2015-09-01','Reseptionist',15000,56);
INSERT INTO reseptionist (id) VALUES (340);
INSERT INTO languages_spoken (reseptionist_id,language) VALUES (340,'ItalianArabicArabicTatarRussianRussian');
INSERT INTO person (id,first_name,second_name,email,user_login,user_password,sex,date_of_birth,age,permission_level) VALUES (341,'Julie','Hernandez','dmooney@hotmail.com','tmiller','VHybXKXfNuhiCu','F','1957-01-30',62,2);
INSERT INTO staff_member (id,employed_since,position,salary,room) VALUES (341,'2012-12-30','Cleaning Team Worker',10000,52);
INSERT INTO cleaning_team_worker (id,employment_type) VALUES (341,'Full time');
INSERT INTO person (id,first_name,second_name,email,user_login,user_password,sex,date_of_birth,age,permission_level) VALUES (342,'Allison','Nelson','jessica65@gmail.com','sanchezcalvin','CxjnggGn','F','1977-07-10',42,1);
INSERT INTO staff_member (id,employed_since,position,salary,room) VALUES (342,'2018-07-04','Cook',15000,73);
INSERT INTO cook (id,experience) VALUES (342,1);
INSERT INTO person (id,first_name,second_name,email,user_login,user_password,sex,date_of_birth,age,permission_level) VALUES (343,'Brandon','Hayes','hubbardrandall@gmail.com','rogersbarbara','WpPzRyha','M','1974-05-17',45,3);
INSERT INTO patient (id) VALUES (343);
INSERT INTO patients_address (street,house,apartement) VALUES ('Cynthia st.','22','10');
INSERT INTO medical_history (patient_id,date) VALUES (343,'2019-11-10');
INSERT INTO person (id,first_name,second_name,email,user_login,user_password,sex,date_of_birth,age,permission_level) VALUES (344,'Charles','Turner','ywatson@hotmail.com','joshua52','EcmWnEA','M','1934-08-03',85,2);
INSERT INTO staff_member (id,employed_since,position,salary,room) VALUES (344,'2017-09-25','Professor',35000,39);
INSERT INTO professor (id,research_topic,surgery_participation,departement_id) VALUES (344,'Radiologist',B'1',16);
INSERT INTO person (id,first_name,second_name,email,user_login,user_password,sex,date_of_birth,age,permission_level) VALUES (345,'Jillian','Gray','mmoody@gmail.com','kmendoza','FCJMiENMtPocA','F','2002-10-29',17,5);
INSERT INTO staff_member (id,employed_since,position,salary,room) VALUES (345,'2019-10-14','Nurse',25000,3);
INSERT INTO nurse (id,surgery_assistant,preferred_shifts,appointment_assistant,departement_id) VALUES (345,B'0','Night',B'1',7);
INSERT INTO person (id,first_name,second_name,email,user_login,user_password,sex,date_of_birth,age,permission_level) VALUES (346,'Daniel','Jordan','michaelboyle@yahoo.com','uporter','YsJRRLWASOLhJUl','M','1910-10-05',109,4);
INSERT INTO patient (id) VALUES (346);
INSERT INTO patients_address (street,house,apartement) VALUES ('Kevin st.','82','5');
INSERT INTO medical_history (patient_id,date) VALUES (346,'2019-11-18');
INSERT INTO person (id,first_name,second_name,email,user_login,user_password,sex,date_of_birth,age,permission_level) VALUES (347,'Ernest','Bennett','tiffany10@gmail.com','xwilkerson','JfULABzodBvvSp','M','1957-07-25',62,2);
INSERT INTO staff_member (id,employed_since,position,salary,room) VALUES (347,'2012-09-17','Doctor',35000,12);
INSERT INTO doctor (id,speciality,emergency_hours,experience,departement_id,supervisor) VALUES (347,'Rheumatologist',B'1',9,11,144);
INSERT INTO person (id,first_name,second_name,email,user_login,user_password,sex,date_of_birth,age,permission_level) VALUES (348,'Courtney','Bowman','zbradford@hotmail.com','kclark','FtcbRlWOQqp','F','1907-04-14',112,2);
INSERT INTO staff_member (id,employed_since,position,salary,room) VALUES (348,'2012-08-10','Doctor',35000,11);
INSERT INTO doctor (id,speciality,emergency_hours,experience,departement_id,supervisor) VALUES (348,'Osteopath',B'1',5,4,80);
INSERT INTO person (id,first_name,second_name,email,user_login,user_password,sex,date_of_birth,age,permission_level) VALUES (349,'Teresa','Hawkins','stevensmith@gmail.com','mark44','XsCzueoqCWtnLEh','F','1988-04-10',31,1);
INSERT INTO staff_member (id,employed_since,position,salary,room) VALUES (349,'2014-09-08','Nurse',25000,6);
INSERT INTO nurse (id,surgery_assistant,preferred_shifts,appointment_assistant,departement_id) VALUES (349,B'0','Day',B'0',15);
INSERT INTO person (id,first_name,second_name,email,user_login,user_password,sex,date_of_birth,age,permission_level) VALUES (350,'Jessica','Marshall','brewerkendra@yahoo.com','ljones','ZvZgtltrklnsYrp','F','2018-10-05',1,3);
INSERT INTO staff_member (id,employed_since,position,salary,room) VALUES (350,'2012-04-21','Nurse',25000,8);
INSERT INTO nurse (id,surgery_assistant,preferred_shifts,appointment_assistant,departement_id) VALUES (350,B'0','Night',B'0',11);
INSERT INTO person (id,first_name,second_name,email,user_login,user_password,sex,date_of_birth,age,permission_level) VALUES (351,'Anna','Anderson','tmills@hotmail.com','bruce78','zGCPPWOWbKl','F','2010-12-21',9,1);
INSERT INTO staff_member (id,employed_since,position,salary,room) VALUES (351,'2018-10-29','Nurse',25000,8);
INSERT INTO nurse (id,surgery_assistant,preferred_shifts,appointment_assistant,departement_id) VALUES (351,B'1','Day',B'1',1);
INSERT INTO person (id,first_name,second_name,email,user_login,user_password,sex,date_of_birth,age,permission_level) VALUES (352,'Jennifer','Marsh','armstrongjose@gmail.com','rodriguezvincent','bbvkQIjCHB','F','1947-07-18',72,3);
INSERT INTO staff_member (id,employed_since,position,salary,room) VALUES (352,'2019-10-06','Nurse',25000,4);
INSERT INTO nurse (id,surgery_assistant,preferred_shifts,appointment_assistant,departement_id) VALUES (352,B'1','Night',B'1',5);
INSERT INTO person (id,first_name,second_name,email,user_login,user_password,sex,date_of_birth,age,permission_level) VALUES (353,'David','Silva','hughesmackenzie@hotmail.com','bishopadam','yPCjtKNei','M','1934-02-21',85,2);
INSERT INTO staff_member (id,employed_since,position,salary,room) VALUES (353,'2012-06-04','Professor',35000,40);
INSERT INTO professor (id,research_topic,surgery_participation,departement_id) VALUES (353,'Oncologist',B'1',5);
INSERT INTO person (id,first_name,second_name,email,user_login,user_password,sex,date_of_birth,age,permission_level) VALUES (354,'Stacey','Moyer','jake84@gmail.com','cgilbert','DSyrhIPMYeBzFp','F','1953-08-31',66,4);
INSERT INTO patient (id) VALUES (354);
INSERT INTO patients_address (street,house,apartement) VALUES ('Nathan st.','62','9');
INSERT INTO medical_history (patient_id,date) VALUES (354,'2019-10-30');
INSERT INTO person (id,first_name,second_name,email,user_login,user_password,sex,date_of_birth,age,permission_level) VALUES (355,'Amanda','Kline','thomas40@hotmail.com','lisabarnes','vbIUWcMQmx','F','1939-05-24',80,1);
INSERT INTO staff_member (id,employed_since,position,salary,room) VALUES (355,'2013-12-11','Doctor',35000,19);
INSERT INTO doctor (id,speciality,emergency_hours,experience,departement_id,supervisor) VALUES (355,'Hospice and Palliative Medicine Specialist',B'0',8,15,74);
INSERT INTO person (id,first_name,second_name,email,user_login,user_password,sex,date_of_birth,age,permission_level) VALUES (356,'Joyce','Kelley','carriehorn@hotmail.com','haasdaniel','isJwmrBUX','F','1915-04-29',104,2);
INSERT INTO staff_member (id,employed_since,position,salary,room) VALUES (356,'2015-08-14','Cook',15000,72);
INSERT INTO cook (id,experience) VALUES (356,2);
INSERT INTO person (id,first_name,second_name,email,user_login,user_password,sex,date_of_birth,age,permission_level) VALUES (357,'Evelyn','Jenkins','lrowland@gmail.com','knelson','BorGEeyNeWsa','F','1923-01-07',96,3);
INSERT INTO staff_member (id,employed_since,position,salary,room) VALUES (357,'2017-04-28','Cleaning Team Worker',10000,54);
INSERT INTO cleaning_team_worker (id,employment_type) VALUES (357,'Part time');
INSERT INTO person (id,first_name,second_name,email,user_login,user_password,sex,date_of_birth,age,permission_level) VALUES (358,'Courtney','Underwood','daniel58@gmail.com','scottgarcia','FacRfIxVS','F','1979-12-03',40,1);
INSERT INTO staff_member (id,employed_since,position,salary,room) VALUES (358,'2014-09-29','Doctor',35000,13);
INSERT INTO doctor (id,speciality,emergency_hours,experience,departement_id,supervisor) VALUES (358,'Anesthesiologist',B'1',5,16,263);
INSERT INTO person (id,first_name,second_name,email,user_login,user_password,sex,date_of_birth,age,permission_level) VALUES (359,'Charles','Tyler','dixonkaren@hotmail.com','tiffanyhood','GhJddTSUdFQYlPh','M','1926-04-16',93,3);
INSERT INTO staff_member (id,employed_since,position,salary,room) VALUES (359,'2018-11-29','Security Team Member',10000,63);
INSERT INTO security_team_member (id,shifts,physical_test_grade) VALUES (359,'Day','B');
INSERT INTO person (id,first_name,second_name,email,user_login,user_password,sex,date_of_birth,age,permission_level) VALUES (360,'Alexis','Hill','matthewhendricks@yahoo.com','hannah68','HsxxeqZzGbps','F','1972-11-04',47,5);
INSERT INTO patient (id) VALUES (360);
INSERT INTO patients_address (street,house,apartement) VALUES ('Travis st.','43','10');
INSERT INTO medical_history (patient_id,date) VALUES (360,'2019-10-29');
INSERT INTO person (id,first_name,second_name,email,user_login,user_password,sex,date_of_birth,age,permission_level) VALUES (361,'John','Michael','wayne68@gmail.com','ann33','wJZnBhkK','M','2005-04-11',14,4);
INSERT INTO staff_member (id,employed_since,position,salary,room) VALUES (361,'2017-08-30','Pharmasist',20000,68);
INSERT INTO pharmasist (id,education_level,research) VALUES (361,'Postgraduate',B'0');
INSERT INTO person (id,first_name,second_name,email,user_login,user_password,sex,date_of_birth,age,permission_level) VALUES (362,'Danielle','Jordan','james55@gmail.com','ssimpson','TPXhYOJkjZvR','F','2008-12-20',11,4);
INSERT INTO staff_member (id,employed_since,position,salary,room) VALUES (362,'2014-02-12','Nurse',25000,3);
INSERT INTO nurse (id,surgery_assistant,preferred_shifts,appointment_assistant,departement_id) VALUES (362,B'1','Night',B'1',2);
INSERT INTO person (id,first_name,second_name,email,user_login,user_password,sex,date_of_birth,age,permission_level) VALUES (363,'Rebecca','Ward','juliewilliamson@yahoo.com','sylvia03','XKzvVdDXdf','F','1992-11-18',27,5);
INSERT INTO staff_member (id,employed_since,position,salary,room) VALUES (363,'2015-07-26','Nurse',25000,5);
INSERT INTO nurse (id,surgery_assistant,preferred_shifts,appointment_assistant,departement_id) VALUES (363,B'1','Night',B'1',13);
INSERT INTO person (id,first_name,second_name,email,user_login,user_password,sex,date_of_birth,age,permission_level) VALUES (364,'Julia','Dean','tatejason@yahoo.com','iramirez','tKQiMmCAsy','F','2014-06-22',5,2);
INSERT INTO staff_member (id,employed_since,position,salary,room) VALUES (364,'2010-07-13','Nurse',25000,6);
INSERT INTO nurse (id,surgery_assistant,preferred_shifts,appointment_assistant,departement_id) VALUES (364,B'1','Night',B'1',9);
INSERT INTO person (id,first_name,second_name,email,user_login,user_password,sex,date_of_birth,age,permission_level) VALUES (365,'Donald','Cortez','ambernguyen@hotmail.com','greeves','IhenqCCVIqBkq','M','1931-03-27',88,1);
INSERT INTO staff_member (id,employed_since,position,salary,room) VALUES (365,'2018-01-23','Priest',15000,78);
INSERT INTO priest (id,religion) VALUES (365,'Islam');
INSERT INTO person (id,first_name,second_name,email,user_login,user_password,sex,date_of_birth,age,permission_level) VALUES (366,'Karen','Kline','tjohns@gmail.com','jamie99','ImkpJhIUG','F','1955-05-31',64,4);
INSERT INTO staff_member (id,employed_since,position,salary,room) VALUES (366,'2015-02-25','Doctor',35000,27);
INSERT INTO doctor (id,speciality,emergency_hours,experience,departement_id,supervisor) VALUES (366,'Podiatrist',B'0',4,3,11);
INSERT INTO person (id,first_name,second_name,email,user_login,user_password,sex,date_of_birth,age,permission_level) VALUES (367,'Crystal','Bennett','gary67@yahoo.com','dlamb','wlpqZrBqE','F','2000-03-11',19,4);
INSERT INTO staff_member (id,employed_since,position,salary,room) VALUES (367,'2019-04-25','Nurse',25000,8);
INSERT INTO nurse (id,surgery_assistant,preferred_shifts,appointment_assistant,departement_id) VALUES (367,B'1','Night',B'0',2);
INSERT INTO person (id,first_name,second_name,email,user_login,user_password,sex,date_of_birth,age,permission_level) VALUES (368,'Jennifer','Wyatt','samuel09@hotmail.com','sandragonzalez','BcnmhchyGnciefl','F','1964-11-21',55,5);
INSERT INTO staff_member (id,employed_since,position,salary,room) VALUES (368,'2014-04-24','Nurse',25000,10);
INSERT INTO nurse (id,surgery_assistant,preferred_shifts,appointment_assistant,departement_id) VALUES (368,B'0','Day',B'0',8);
INSERT INTO person (id,first_name,second_name,email,user_login,user_password,sex,date_of_birth,age,permission_level) VALUES (369,'Laura','Nelson','qodom@gmail.com','tonigalvan','HLsehSqhiMwUwyu','F','1928-10-30',91,3);
INSERT INTO staff_member (id,employed_since,position,salary,room) VALUES (369,'2010-05-23','Nurse',25000,10);
INSERT INTO nurse (id,surgery_assistant,preferred_shifts,appointment_assistant,departement_id) VALUES (369,B'1','Day',B'0',8);
INSERT INTO person (id,first_name,second_name,email,user_login,user_password,sex,date_of_birth,age,permission_level) VALUES (370,'David','Pacheco','susanlopez@gmail.com','kkaiser','ojnDxVyFYdt','M','2010-04-21',9,3);
INSERT INTO staff_member (id,employed_since,position,salary,room) VALUES (370,'2013-12-29','Doctor',35000,11);
INSERT INTO doctor (id,speciality,emergency_hours,experience,departement_id,supervisor) VALUES (370,'Osteopath',B'1',2,9,199);
INSERT INTO person (id,first_name,second_name,email,user_login,user_password,sex,date_of_birth,age,permission_level) VALUES (371,'Mrs.','Rhonda','williamsderek@gmail.com','desiree06','YUKuERkHqXaXN','F','1956-06-15',63,2);
INSERT INTO patient (id) VALUES (371);
INSERT INTO patients_address (street,house,apartement) VALUES ('Ryan st.','2','5');
INSERT INTO medical_history (patient_id,date) VALUES (371,'2019-10-31');
INSERT INTO person (id,first_name,second_name,email,user_login,user_password,sex,date_of_birth,age,permission_level) VALUES (372,'Amanda','Garza','smithrichard@yahoo.com','dennissimmons','BUjGovO','F','1931-01-03',88,1);
INSERT INTO staff_member (id,employed_since,position,salary,room) VALUES (372,'2018-02-09','Maintanence Worker',15000,58);
INSERT INTO maintanence_worker (id,employment_type,speciality) VALUES (372,'Part time','Electricity');
INSERT INTO person (id,first_name,second_name,email,user_login,user_password,sex,date_of_birth,age,permission_level) VALUES (373,'Mr.','Leonard','gflowers@hotmail.com','ucarter','RzNeSzoRPvsr','M','2018-06-22',1,4);
INSERT INTO staff_member (id,employed_since,position,salary,room) VALUES (373,'2010-11-08','Reseptionist',15000,56);
INSERT INTO reseptionist (id) VALUES (373);
INSERT INTO languages_spoken (reseptionist_id,language) VALUES (373,'ItalianPortugues');
INSERT INTO person (id,first_name,second_name,email,user_login,user_password,sex,date_of_birth,age,permission_level) VALUES (374,'Whitney','Wagner','cyoung@yahoo.com','cannonwilliam','HnqgikfPEhwmHw','F','1917-11-16',102,3);
INSERT INTO patient (id) VALUES (374);
INSERT INTO patients_address (street,house,apartement) VALUES ('Patricia st.','25','1');
INSERT INTO medical_history (patient_id,date) VALUES (374,'2019-11-12');
INSERT INTO person (id,first_name,second_name,email,user_login,user_password,sex,date_of_birth,age,permission_level) VALUES (375,'Christopher','Hardin','sherryfranklin@yahoo.com','armstrongnicole','MDAmrKlq','M','2019-01-16',0,4);
INSERT INTO staff_member (id,employed_since,position,salary,room) VALUES (375,'2015-04-23','Reseptionist',15000,56);
INSERT INTO reseptionist (id) VALUES (375);
INSERT INTO languages_spoken (reseptionist_id,language) VALUES (375,'EnglishArabicTatarRussianTatar');
INSERT INTO person (id,first_name,second_name,email,user_login,user_password,sex,date_of_birth,age,permission_level) VALUES (376,'Jeremy','Carter','matthew75@hotmail.com','natashaneal','yQaXQLGhvxL','M','1971-11-29',48,3);
INSERT INTO staff_member (id,employed_since,position,salary,room) VALUES (376,'2017-09-03','Nurse',25000,9);
INSERT INTO nurse (id,surgery_assistant,preferred_shifts,appointment_assistant,departement_id) VALUES (376,B'0','Day',B'1',13);
INSERT INTO person (id,first_name,second_name,email,user_login,user_password,sex,date_of_birth,age,permission_level) VALUES (377,'James','Harris','leesteven@gmail.com','scherry','rQTKXtqUVsVXNr','M','1927-03-05',92,5);
INSERT INTO staff_member (id,employed_since,position,salary,room) VALUES (377,'2010-01-31','Nurse',25000,4);
INSERT INTO nurse (id,surgery_assistant,preferred_shifts,appointment_assistant,departement_id) VALUES (377,B'0','Night',B'0',11);
INSERT INTO person (id,first_name,second_name,email,user_login,user_password,sex,date_of_birth,age,permission_level) VALUES (378,'James','Nelson','ortizdonald@yahoo.com','williamsonmelissa','TNJQzEBxco','M','1974-09-01',45,2);
INSERT INTO staff_member (id,employed_since,position,salary,room) VALUES (378,'2011-04-02','Maintanence Worker',15000,60);
INSERT INTO maintanence_worker (id,employment_type,speciality) VALUES (378,'Full time','Furniture');
INSERT INTO person (id,first_name,second_name,email,user_login,user_password,sex,date_of_birth,age,permission_level) VALUES (379,'Maureen','Castillo','dawnsmith@gmail.com','jennifer73','IhzUqyBJrD','F','1963-05-01',56,2);
INSERT INTO staff_member (id,employed_since,position,salary,room) VALUES (379,'2017-07-12','Doctor',35000,11);
INSERT INTO doctor (id,speciality,emergency_hours,experience,departement_id,supervisor) VALUES (379,'Internist',B'1',8,13,85);
INSERT INTO person (id,first_name,second_name,email,user_login,user_password,sex,date_of_birth,age,permission_level) VALUES (380,'Aaron','Williams','adam89@yahoo.com','jasonwatts','kogPyRexmfXNY','M','1983-04-04',36,4);
INSERT INTO staff_member (id,employed_since,position,salary,room) VALUES (380,'2019-06-10','HR',30000,65);
INSERT INTO hr (id,selection_responsibility) VALUES (380,'Review');
INSERT INTO person (id,first_name,second_name,email,user_login,user_password,sex,date_of_birth,age,permission_level) VALUES (381,'Jeremiah','Reilly','amy20@gmail.com','jamesmartin','OkWXrSnAjoleH','M','1968-06-23',51,1);
INSERT INTO staff_member (id,employed_since,position,salary,room) VALUES (381,'2019-01-08','Professor',35000,40);
INSERT INTO professor (id,research_topic,surgery_participation,departement_id) VALUES (381,'Allergist',B'0',3);
INSERT INTO person (id,first_name,second_name,email,user_login,user_password,sex,date_of_birth,age,permission_level) VALUES (382,'Deanna','Alvarez','margaretanderson@gmail.com','ellischarles','reDABEU','F','1960-09-10',59,2);
INSERT INTO staff_member (id,employed_since,position,salary,room) VALUES (382,'2014-03-06','Cook',15000,73);
INSERT INTO cook (id,experience) VALUES (382,5);
INSERT INTO person (id,first_name,second_name,email,user_login,user_password,sex,date_of_birth,age,permission_level) VALUES (383,'Kevin','Mccormick','holly87@gmail.com','jasonmyers','KzsvjTd','M','1930-11-14',89,4);
INSERT INTO staff_member (id,employed_since,position,salary,room) VALUES (383,'2016-10-05','Professor',35000,36);
INSERT INTO professor (id,research_topic,surgery_participation,departement_id) VALUES (383,'Medical Geneticist',B'1',13);
INSERT INTO person (id,first_name,second_name,email,user_login,user_password,sex,date_of_birth,age,permission_level) VALUES (384,'Antonio','Harrison','tammyanthony@hotmail.com','dillonferguson','fbZQPFiLsEVxa','M','2016-08-14',3,2);
INSERT INTO patient (id) VALUES (384);
INSERT INTO patients_address (street,house,apartement) VALUES ('Kathleen st.','72','8');
INSERT INTO medical_history (patient_id,date) VALUES (384,'2019-10-28');
INSERT INTO person (id,first_name,second_name,email,user_login,user_password,sex,date_of_birth,age,permission_level) VALUES (385,'Trevor','Jones','ryanrasmussen@yahoo.com','debraerickson','EEPBEhXObGYRKeR','M','1927-10-08',92,4);
INSERT INTO patient (id) VALUES (385);
INSERT INTO patients_address (street,house,apartement) VALUES ('Harry st.','42','5');
INSERT INTO medical_history (patient_id,date) VALUES (385,'2019-11-11');
INSERT INTO person (id,first_name,second_name,email,user_login,user_password,sex,date_of_birth,age,permission_level) VALUES (386,'Michael','Garcia','dwalker@yahoo.com','mary28','gksGTbIYXAcJrjx','M','1949-12-09',70,5);
INSERT INTO staff_member (id,employed_since,position,salary,room) VALUES (386,'2014-07-03','Nurse',25000,4);
INSERT INTO nurse (id,surgery_assistant,preferred_shifts,appointment_assistant,departement_id) VALUES (386,B'0','Day',B'1',10);
INSERT INTO person (id,first_name,second_name,email,user_login,user_password,sex,date_of_birth,age,permission_level) VALUES (387,'Ryan','Ward','amccall@gmail.com','vparker','ZXqSflZ','M','1960-01-30',59,1);
INSERT INTO patient (id) VALUES (387);
INSERT INTO patients_address (street,house,apartement) VALUES ('Jon st.','80','8');
INSERT INTO medical_history (patient_id,date) VALUES (387,'2019-11-04');
INSERT INTO person (id,first_name,second_name,email,user_login,user_password,sex,date_of_birth,age,permission_level) VALUES (388,'Adam','Little','simpsondebbie@hotmail.com','ispears','DLDwIYqLiqQoZs','M','1962-07-21',57,1);
INSERT INTO staff_member (id,employed_since,position,salary,room) VALUES (388,'2009-12-30','Doctor',35000,22);
INSERT INTO doctor (id,speciality,emergency_hours,experience,departement_id,supervisor) VALUES (388,'Anesthesiologist',B'1',8,7,323);
INSERT INTO person (id,first_name,second_name,email,user_login,user_password,sex,date_of_birth,age,permission_level) VALUES (389,'Jordan','Lewis','travis92@gmail.com','sara10','QXBxXuZtX','F','1954-06-25',65,4);
INSERT INTO patient (id) VALUES (389);
INSERT INTO patients_address (street,house,apartement) VALUES ('Kevin st.','78','3');
INSERT INTO medical_history (patient_id,date) VALUES (389,'2019-11-25');
INSERT INTO person (id,first_name,second_name,email,user_login,user_password,sex,date_of_birth,age,permission_level) VALUES (390,'Charles','Gray','dbutler@yahoo.com','christinatodd','OfjemduPEHrLjZd','M','1947-12-26',72,4);
INSERT INTO staff_member (id,employed_since,position,salary,room) VALUES (390,'2012-01-15','Security Team Member',10000,63);
INSERT INTO security_team_member (id,shifts,physical_test_grade) VALUES (390,'Night','B');
INSERT INTO person (id,first_name,second_name,email,user_login,user_password,sex,date_of_birth,age,permission_level) VALUES (391,'Connie','Griffith','fordlindsay@yahoo.com','michael66','bIoSUfVELUBa','F','1972-06-28',47,3);
INSERT INTO staff_member (id,employed_since,position,salary,room) VALUES (391,'2012-02-19','Doctor',35000,29);
INSERT INTO doctor (id,speciality,emergency_hours,experience,departement_id,supervisor) VALUES (391,'Cardiologist',B'0',8,7,186);
INSERT INTO person (id,first_name,second_name,email,user_login,user_password,sex,date_of_birth,age,permission_level) VALUES (392,'Shane','Smith','vincent71@hotmail.com','tscott','FkKuCvMnJlS','M','1925-03-15',94,1);
INSERT INTO staff_member (id,employed_since,position,salary,room) VALUES (392,'2017-12-27','Doctor',35000,17);
INSERT INTO doctor (id,speciality,emergency_hours,experience,departement_id,supervisor) VALUES (392,'Pathologist',B'1',9,7,115);
INSERT INTO person (id,first_name,second_name,email,user_login,user_password,sex,date_of_birth,age,permission_level) VALUES (393,'Micheal','Townsend','laurapeterson@yahoo.com','renee04','apKfMkzsBBc','M','1927-12-14',92,2);
INSERT INTO staff_member (id,employed_since,position,salary,room) VALUES (393,'2013-09-06','Nurse',25000,7);
INSERT INTO nurse (id,surgery_assistant,preferred_shifts,appointment_assistant,departement_id) VALUES (393,B'0','Day',B'1',13);
INSERT INTO person (id,first_name,second_name,email,user_login,user_password,sex,date_of_birth,age,permission_level) VALUES (394,'Charles','Flores','ian05@yahoo.com','smithbradley','tdGIBklzWXCWtp','M','2017-12-24',2,5);
INSERT INTO staff_member (id,employed_since,position,salary,room) VALUES (394,'2011-06-25','Nurse',25000,8);
INSERT INTO nurse (id,surgery_assistant,preferred_shifts,appointment_assistant,departement_id) VALUES (394,B'1','Night',B'1',16);
INSERT INTO person (id,first_name,second_name,email,user_login,user_password,sex,date_of_birth,age,permission_level) VALUES (395,'Miguel','Davis','brucemonica@yahoo.com','mmaxwell','fJJgsGpmBHWUuH','M','1967-08-03',52,1);
INSERT INTO patient (id) VALUES (395);
INSERT INTO patients_address (street,house,apartement) VALUES ('Michael st.','89','3');
INSERT INTO medical_history (patient_id,date) VALUES (395,'2019-11-08');
INSERT INTO person (id,first_name,second_name,email,user_login,user_password,sex,date_of_birth,age,permission_level) VALUES (396,'Joseph','Kelly','thompsonmonique@yahoo.com','johndavis','tnjRdWbvJkU','M','1971-07-18',48,1);
INSERT INTO staff_member (id,employed_since,position,salary,room) VALUES (396,'2017-01-12','Maintanence Worker',15000,59);
INSERT INTO maintanence_worker (id,employment_type,speciality) VALUES (396,'Part time','Electricity');
INSERT INTO person (id,first_name,second_name,email,user_login,user_password,sex,date_of_birth,age,permission_level) VALUES (397,'Dustin','Wilson','mcbriderebecca@yahoo.com','heidiblevins','PcAzuCrCuj','M','2015-03-21',4,4);
INSERT INTO patient (id) VALUES (397);
INSERT INTO patients_address (street,house,apartement) VALUES ('Mrs. st.','8','9');
INSERT INTO medical_history (patient_id,date) VALUES (397,'2019-11-12');
INSERT INTO person (id,first_name,second_name,email,user_login,user_password,sex,date_of_birth,age,permission_level) VALUES (398,'Jeremy','Arnold','frank66@gmail.com','bennettpaula','RHhzVrClcbO','M','1990-01-17',29,3);
INSERT INTO staff_member (id,employed_since,position,salary,room) VALUES (398,'2011-01-02','Priest',15000,80);
INSERT INTO priest (id,religion) VALUES (398,'Judaism');
INSERT INTO person (id,first_name,second_name,email,user_login,user_password,sex,date_of_birth,age,permission_level) VALUES (399,'Patricia','Garcia','haysjoshua@hotmail.com','lbooth','LJfrNVujmvlLX','F','1927-10-17',92,2);
INSERT INTO patient (id) VALUES (399);
INSERT INTO patients_address (street,house,apartement) VALUES ('Nicholas st.','95','2');
INSERT INTO medical_history (patient_id,date) VALUES (399,'2019-11-24');
INSERT INTO person (id,first_name,second_name,email,user_login,user_password,sex,date_of_birth,age,permission_level) VALUES (400,'James','Le','julie38@hotmail.com','davidspears','MZLMAINKCQPCuGi','M','1908-12-11',111,2);
INSERT INTO staff_member (id,employed_since,position,salary,room) VALUES (400,'2016-12-02','Lab Technician',15000,43);
INSERT INTO lab_technician (id,education_level,departement_id) VALUES (400,'Postgraduate',12);
INSERT INTO person (id,first_name,second_name,email,user_login,user_password,sex,date_of_birth,age,permission_level) VALUES (401,'Gregory','Wilson','freemanandrea@yahoo.com','emilymurphy','znTzBfs','M','1987-04-29',32,5);
INSERT INTO staff_member (id,employed_since,position,salary,room) VALUES (401,'2016-12-26','Doctor',35000,23);
INSERT INTO doctor (id,speciality,emergency_hours,experience,departement_id,supervisor) VALUES (401,'Plastic Surgeon',B'0',3,9,57);
INSERT INTO person (id,first_name,second_name,email,user_login,user_password,sex,date_of_birth,age,permission_level) VALUES (402,'Jennifer','Ortiz','brittney78@hotmail.com','amandawhitney','opweKOeTKax','F','2018-02-20',1,5);
INSERT INTO staff_member (id,employed_since,position,salary,room) VALUES (402,'2019-02-19','Maintanence Worker',15000,59);
INSERT INTO maintanence_worker (id,employment_type,speciality) VALUES (402,'Part time','Machines');
INSERT INTO person (id,first_name,second_name,email,user_login,user_password,sex,date_of_birth,age,permission_level) VALUES (403,'Thomas','Ortiz','michellemiranda@gmail.com','timothy30','zHELdVjKzGvYN','M','2004-09-17',15,1);
INSERT INTO staff_member (id,employed_since,position,salary,room) VALUES (403,'2014-08-19','Nurse',25000,8);
INSERT INTO nurse (id,surgery_assistant,preferred_shifts,appointment_assistant,departement_id) VALUES (403,B'0','Day',B'0',9);
INSERT INTO person (id,first_name,second_name,email,user_login,user_password,sex,date_of_birth,age,permission_level) VALUES (404,'Bonnie','Gomez','rebeccabryant@hotmail.com','melissaspencer','TAVxbMML','F','1945-10-29',74,4);
INSERT INTO patient (id) VALUES (404);
INSERT INTO patients_address (street,house,apartement) VALUES ('Alexandra st.','19','5');
INSERT INTO medical_history (patient_id,date) VALUES (404,'2019-11-08');
INSERT INTO person (id,first_name,second_name,email,user_login,user_password,sex,date_of_birth,age,permission_level) VALUES (405,'Cassandra','Padilla','johnmiller@gmail.com','juan21','vmUImZo','F','1997-07-04',22,3);
INSERT INTO staff_member (id,employed_since,position,salary,room) VALUES (405,'2019-10-10','Doctor',35000,28);
INSERT INTO doctor (id,speciality,emergency_hours,experience,departement_id,supervisor) VALUES (405,'Oncologist',B'1',1,14,4);
INSERT INTO person (id,first_name,second_name,email,user_login,user_password,sex,date_of_birth,age,permission_level) VALUES (406,'Timothy','Daugherty','qcastro@hotmail.com','pedrofrancis','gaAuDiBVelqzPF','M','1935-11-07',84,4);
INSERT INTO staff_member (id,employed_since,position,salary,room) VALUES (406,'2010-04-11','Nurse',25000,9);
INSERT INTO nurse (id,surgery_assistant,preferred_shifts,appointment_assistant,departement_id) VALUES (406,B'0','Night',B'0',1);
INSERT INTO person (id,first_name,second_name,email,user_login,user_password,sex,date_of_birth,age,permission_level) VALUES (407,'Alan','Crawford','michaelbrown@hotmail.com','paulwebb','clEZUdLNDFv','M','1921-11-25',98,5);
INSERT INTO staff_member (id,employed_since,position,salary,room) VALUES (407,'2014-04-12','Nurse',25000,5);
INSERT INTO nurse (id,surgery_assistant,preferred_shifts,appointment_assistant,departement_id) VALUES (407,B'1','Day',B'1',12);
INSERT INTO person (id,first_name,second_name,email,user_login,user_password,sex,date_of_birth,age,permission_level) VALUES (408,'Joseph','Patton','michellecummings@gmail.com','mariamacias','FpbElFzNoJEglyZ','M','1977-11-13',42,4);
INSERT INTO staff_member (id,employed_since,position,salary,room) VALUES (408,'2012-12-30','Reseptionist',15000,56);
INSERT INTO reseptionist (id) VALUES (408);
INSERT INTO languages_spoken (reseptionist_id,language) VALUES (408,'Arabic');
INSERT INTO person (id,first_name,second_name,email,user_login,user_password,sex,date_of_birth,age,permission_level) VALUES (409,'Jared','Brown','caguilar@gmail.com','floyddavid','YqSwLYIkpqg','M','1973-11-07',46,5);
INSERT INTO staff_member (id,employed_since,position,salary,room) VALUES (409,'2013-01-03','Reseptionist',15000,56);
INSERT INTO reseptionist (id) VALUES (409);
INSERT INTO languages_spoken (reseptionist_id,language) VALUES (409,'TatarArabicArabicArabicArabic');
INSERT INTO person (id,first_name,second_name,email,user_login,user_password,sex,date_of_birth,age,permission_level) VALUES (410,'William','Murphy','murraydavid@yahoo.com','elizabeth26','uqyXUkNxGa','M','2010-06-19',9,5);
INSERT INTO staff_member (id,employed_since,position,salary,room) VALUES (410,'2011-11-19','Professor',35000,33);
INSERT INTO professor (id,research_topic,surgery_participation,departement_id) VALUES (410,'Allergist',B'0',6);
INSERT INTO person (id,first_name,second_name,email,user_login,user_password,sex,date_of_birth,age,permission_level) VALUES (411,'Patricia','Rios','ericksongina@gmail.com','dmartinez','FSJGLqsNN','F','1973-12-09',46,5);
INSERT INTO staff_member (id,employed_since,position,salary,room) VALUES (411,'2012-03-03','Maintanence Worker',15000,57);
INSERT INTO maintanence_worker (id,employment_type,speciality) VALUES (411,'Part time','Hardware');
INSERT INTO person (id,first_name,second_name,email,user_login,user_password,sex,date_of_birth,age,permission_level) VALUES (412,'Cheryl','Barnes','richardsmith@yahoo.com','annefoster','yglrkqkbk','F','1955-09-24',64,3);
INSERT INTO staff_member (id,employed_since,position,salary,room) VALUES (412,'2017-11-09','Pharmasist',20000,68);
INSERT INTO pharmasist (id,education_level,research) VALUES (412,'PhD',B'1');
INSERT INTO person (id,first_name,second_name,email,user_login,user_password,sex,date_of_birth,age,permission_level) VALUES (413,'Jaime','Mayo','tammy04@hotmail.com','ashleythompson','seiBeybu','F','1941-07-09',78,1);
INSERT INTO patient (id) VALUES (413);
INSERT INTO patients_address (street,house,apartement) VALUES ('Anthony st.','81','2');
INSERT INTO medical_history (patient_id,date) VALUES (413,'2019-11-11');
INSERT INTO person (id,first_name,second_name,email,user_login,user_password,sex,date_of_birth,age,permission_level) VALUES (414,'Erik','Giles','danielbrown@gmail.com','fitzgeralddavid','IDpZaKzuLYmjR','M','1912-07-03',107,1);
INSERT INTO patient (id) VALUES (414);
INSERT INTO patients_address (street,house,apartement) VALUES ('Monique st.','53','10');
INSERT INTO medical_history (patient_id,date) VALUES (414,'2019-10-22');
INSERT INTO person (id,first_name,second_name,email,user_login,user_password,sex,date_of_birth,age,permission_level) VALUES (415,'Dr.','Sarah','williamwalton@hotmail.com','bbrooks','WNDlYlhkmMqrTBq','F','1984-03-07',35,4);
INSERT INTO patient (id) VALUES (415);
INSERT INTO patients_address (street,house,apartement) VALUES ('Courtney st.','38','1');
INSERT INTO medical_history (patient_id,date) VALUES (415,'2019-10-31');
INSERT INTO person (id,first_name,second_name,email,user_login,user_password,sex,date_of_birth,age,permission_level) VALUES (416,'Manuel','Taylor','bweber@gmail.com','dawndaniels','SbOWREQlDapHZ','M','1932-03-07',87,3);
INSERT INTO staff_member (id,employed_since,position,salary,room) VALUES (416,'2016-05-20','Professor',35000,38);
INSERT INTO professor (id,research_topic,surgery_participation,departement_id) VALUES (416,'Ophthalmologist',B'0',7);
INSERT INTO person (id,first_name,second_name,email,user_login,user_password,sex,date_of_birth,age,permission_level) VALUES (417,'Emily','Powell','hartmanbrianna@gmail.com','haascolleen','yDpgNlAUlwh','F','1969-06-02',50,1);
INSERT INTO staff_member (id,employed_since,position,salary,room) VALUES (417,'2010-12-26','IT Specialist',15000,77);
INSERT INTO IT_specialist (id,support_line) VALUES (417,B'0');
INSERT INTO person (id,first_name,second_name,email,user_login,user_password,sex,date_of_birth,age,permission_level) VALUES (418,'James','Burch','carrie21@gmail.com','ashley26','aTbUbLkbJAirGT','M','2011-04-06',8,1);
INSERT INTO staff_member (id,employed_since,position,salary,room) VALUES (418,'2012-10-03','HR',30000,65);
INSERT INTO hr (id,selection_responsibility) VALUES (418,'Interview');
INSERT INTO person (id,first_name,second_name,email,user_login,user_password,sex,date_of_birth,age,permission_level) VALUES (419,'Timothy','Burns','rebecca08@hotmail.com','jason68','ZbREDNfazBY','M','1972-03-27',47,3);
INSERT INTO staff_member (id,employed_since,position,salary,room) VALUES (419,'2013-10-05','Nurse',25000,5);
INSERT INTO nurse (id,surgery_assistant,preferred_shifts,appointment_assistant,departement_id) VALUES (419,B'0','Night',B'1',14);
INSERT INTO person (id,first_name,second_name,email,user_login,user_password,sex,date_of_birth,age,permission_level) VALUES (420,'Kathy','Gibson','monicabarr@gmail.com','adammatthews','DnYihfDkYzQ','F','1936-08-08',83,3);
INSERT INTO staff_member (id,employed_since,position,salary,room) VALUES (420,'2019-05-27','Nurse',25000,9);
INSERT INTO nurse (id,surgery_assistant,preferred_shifts,appointment_assistant,departement_id) VALUES (420,B'1','Day',B'0',1);
INSERT INTO person (id,first_name,second_name,email,user_login,user_password,sex,date_of_birth,age,permission_level) VALUES (421,'Jennifer','Solis','carrolljason@hotmail.com','zclark','MbCXObTpa','F','1971-11-21',48,4);
INSERT INTO staff_member (id,employed_since,position,salary,room) VALUES (421,'2015-10-24','Nurse',25000,6);
INSERT INTO nurse (id,surgery_assistant,preferred_shifts,appointment_assistant,departement_id) VALUES (421,B'0','Day',B'0',8);
INSERT INTO person (id,first_name,second_name,email,user_login,user_password,sex,date_of_birth,age,permission_level) VALUES (422,'John','Lam','scott58@yahoo.com','fuenteschase','dmfpZWWEUxJLNdM','M','1949-06-06',70,4);
INSERT INTO staff_member (id,employed_since,position,salary,room) VALUES (422,'2013-02-09','Nurse',25000,7);
INSERT INTO nurse (id,surgery_assistant,preferred_shifts,appointment_assistant,departement_id) VALUES (422,B'1','Day',B'0',10);
INSERT INTO person (id,first_name,second_name,email,user_login,user_password,sex,date_of_birth,age,permission_level) VALUES (423,'Steven','Cooper','nlynch@hotmail.com','ronaldvillegas','wOGLVJzQT','M','1988-09-13',31,3);
INSERT INTO staff_member (id,employed_since,position,salary,room) VALUES (423,'2014-07-25','Nurse',25000,6);
INSERT INTO nurse (id,surgery_assistant,preferred_shifts,appointment_assistant,departement_id) VALUES (423,B'0','Night',B'1',3);
INSERT INTO person (id,first_name,second_name,email,user_login,user_password,sex,date_of_birth,age,permission_level) VALUES (424,'Rachel','Palmer','carrie60@yahoo.com','jose47','RyziTusAcOc','F','1935-10-26',84,2);
INSERT INTO staff_member (id,employed_since,position,salary,room) VALUES (424,'2016-11-20','Professor',35000,32);
INSERT INTO professor (id,research_topic,surgery_participation,departement_id) VALUES (424,'Osteopath',B'0',11);
INSERT INTO person (id,first_name,second_name,email,user_login,user_password,sex,date_of_birth,age,permission_level) VALUES (425,'Nathaniel','Morton','gravesstacy@yahoo.com','zsmith','eSpMYAcfs','M','1982-04-27',37,3);
INSERT INTO staff_member (id,employed_since,position,salary,room) VALUES (425,'2011-07-30','Cleaning Team Worker',10000,55);
INSERT INTO cleaning_team_worker (id,employment_type) VALUES (425,'Full time');
INSERT INTO person (id,first_name,second_name,email,user_login,user_password,sex,date_of_birth,age,permission_level) VALUES (426,'Jonathan','Shah','patrick93@gmail.com','stricklandmichael','TIAMxAhlNVFXpEx','M','1945-08-02',74,1);
INSERT INTO patient (id) VALUES (426);
INSERT INTO patients_address (street,house,apartement) VALUES ('Cathy st.','9','7');
INSERT INTO medical_history (patient_id,date) VALUES (426,'2019-10-31');
INSERT INTO person (id,first_name,second_name,email,user_login,user_password,sex,date_of_birth,age,permission_level) VALUES (427,'Jeffrey','Roberts','schultzmichele@yahoo.com','phillipstanya','ZPhvdMyfMAOkSf','M','1993-11-03',26,5);
INSERT INTO staff_member (id,employed_since,position,salary,room) VALUES (427,'2011-02-22','Cleaning Team Worker',10000,52);
INSERT INTO cleaning_team_worker (id,employment_type) VALUES (427,'Full time');
INSERT INTO person (id,first_name,second_name,email,user_login,user_password,sex,date_of_birth,age,permission_level) VALUES (428,'Justin','Wright','heather41@yahoo.com','erik77','SKGeJeNOo','M','1949-05-24',70,1);
INSERT INTO staff_member (id,employed_since,position,salary,room) VALUES (428,'2016-02-27','Nurse',25000,10);
INSERT INTO nurse (id,surgery_assistant,preferred_shifts,appointment_assistant,departement_id) VALUES (428,B'1','Night',B'0',9);
INSERT INTO person (id,first_name,second_name,email,user_login,user_password,sex,date_of_birth,age,permission_level) VALUES (429,'Alexis','Mitchell','pattersonteresa@gmail.com','erica49','WxtdVYTbg','F','1917-11-27',102,1);
INSERT INTO patient (id) VALUES (429);
INSERT INTO patients_address (street,house,apartement) VALUES ('Ryan st.','29','5');
INSERT INTO medical_history (patient_id,date) VALUES (429,'2019-11-10');
INSERT INTO person (id,first_name,second_name,email,user_login,user_password,sex,date_of_birth,age,permission_level) VALUES (430,'Christopher','Daniels','shannonshah@gmail.com','lisaleonard','QlGmJBaFc','M','2010-09-03',9,1);
INSERT INTO patient (id) VALUES (430);
INSERT INTO patients_address (street,house,apartement) VALUES ('Gina st.','56','6');
INSERT INTO medical_history (patient_id,date) VALUES (430,'2019-11-05');
INSERT INTO person (id,first_name,second_name,email,user_login,user_password,sex,date_of_birth,age,permission_level) VALUES (431,'Ruben','Ellis','michael72@yahoo.com','brownanne','eFWcggXeuKpL','M','1935-08-08',84,3);
INSERT INTO staff_member (id,employed_since,position,salary,room) VALUES (431,'2013-08-18','Cook',15000,72);
INSERT INTO cook (id,experience) VALUES (431,7);
INSERT INTO person (id,first_name,second_name,email,user_login,user_password,sex,date_of_birth,age,permission_level) VALUES (432,'Jeffrey','Mason','ruizgeorge@gmail.com','shawnvalenzuela','wwUByylUPe','M','1935-07-04',84,4);
INSERT INTO patient (id) VALUES (432);
INSERT INTO patients_address (street,house,apartement) VALUES ('Michelle st.','2','8');
INSERT INTO medical_history (patient_id,date) VALUES (432,'2019-10-20');
INSERT INTO person (id,first_name,second_name,email,user_login,user_password,sex,date_of_birth,age,permission_level) VALUES (433,'Shawn','Alvarez','donald10@hotmail.com','vanessahurley','wDRqLdWzGB','M','1933-03-23',86,4);
INSERT INTO staff_member (id,employed_since,position,salary,room) VALUES (433,'2010-08-28','Doctor',35000,25);
INSERT INTO doctor (id,speciality,emergency_hours,experience,departement_id,supervisor) VALUES (433,'Neurologist',B'0',4,9,268);
INSERT INTO person (id,first_name,second_name,email,user_login,user_password,sex,date_of_birth,age,permission_level) VALUES (434,'Lori','Carpenter','craig24@hotmail.com','debra28','LDGnvgETqvfYQof','F','1968-09-06',51,4);
INSERT INTO staff_member (id,employed_since,position,salary,room) VALUES (434,'2010-08-10','Professor',35000,36);
INSERT INTO professor (id,research_topic,surgery_participation,departement_id) VALUES (434,'Gastroenterologist',B'1',14);
INSERT INTO person (id,first_name,second_name,email,user_login,user_password,sex,date_of_birth,age,permission_level) VALUES (435,'Michael','West','parkmorgan@gmail.com','ohorn','jFGiAgpv','M','2004-08-27',15,4);
INSERT INTO staff_member (id,employed_since,position,salary,room) VALUES (435,'2012-04-20','HR',30000,64);
INSERT INTO hr (id,selection_responsibility) VALUES (435,'Interview');
INSERT INTO person (id,first_name,second_name,email,user_login,user_password,sex,date_of_birth,age,permission_level) VALUES (436,'Helen','Dillon','misty12@hotmail.com','wphelps','qUdZPWaG','F','1983-05-22',36,1);
INSERT INTO staff_member (id,employed_since,position,salary,room) VALUES (436,'2019-06-19','Doctor',35000,26);
INSERT INTO doctor (id,speciality,emergency_hours,experience,departement_id,supervisor) VALUES (436,'Dermatologist',B'1',7,15,232);
INSERT INTO person (id,first_name,second_name,email,user_login,user_password,sex,date_of_birth,age,permission_level) VALUES (437,'Meghan','Cook','jerrymitchell@yahoo.com','ulong','alpsvOLboq','F','2015-09-20',4,3);
INSERT INTO staff_member (id,employed_since,position,salary,room) VALUES (437,'2018-11-02','Cleaning Team Worker',10000,51);
INSERT INTO cleaning_team_worker (id,employment_type) VALUES (437,'Part time');
INSERT INTO person (id,first_name,second_name,email,user_login,user_password,sex,date_of_birth,age,permission_level) VALUES (438,'Michael','Williams','bmyers@gmail.com','aguilaralexis','fByBJjVsKJ','M','1911-07-28',108,5);
INSERT INTO staff_member (id,employed_since,position,salary,room) VALUES (438,'2014-12-15','Doctor',35000,19);
INSERT INTO doctor (id,speciality,emergency_hours,experience,departement_id,supervisor) VALUES (438,'Otolaryngologist',B'1',4,2,9);
INSERT INTO person (id,first_name,second_name,email,user_login,user_password,sex,date_of_birth,age,permission_level) VALUES (439,'Christie','Alvarez','wayneknight@yahoo.com','sanderson','nZZzqWwonSW','F','1966-07-15',53,2);
INSERT INTO staff_member (id,employed_since,position,salary,room) VALUES (439,'2012-06-17','Doctor',35000,22);
INSERT INTO doctor (id,speciality,emergency_hours,experience,departement_id,supervisor) VALUES (439,'Obstetrician and Gynecologist',B'1',5,3,78);
INSERT INTO person (id,first_name,second_name,email,user_login,user_password,sex,date_of_birth,age,permission_level) VALUES (440,'Adam','Chen','riosstephen@gmail.com','gabrielle80','gqyuBhqFyDMqjF','M','1911-09-13',108,3);
INSERT INTO staff_member (id,employed_since,position,salary,room) VALUES (440,'2011-01-16','Professor',35000,37);
INSERT INTO professor (id,research_topic,surgery_participation,departement_id) VALUES (440,'General Surgeon',B'1',4);
INSERT INTO person (id,first_name,second_name,email,user_login,user_password,sex,date_of_birth,age,permission_level) VALUES (441,'Christopher','Atkins','colinrodgers@hotmail.com','mendezkaren','UfGgGdPEBMEHyst','M','1911-11-25',108,2);
INSERT INTO staff_member (id,employed_since,position,salary,room) VALUES (441,'2011-06-15','HR',30000,66);
INSERT INTO hr (id,selection_responsibility) VALUES (441,'Interview');
INSERT INTO person (id,first_name,second_name,email,user_login,user_password,sex,date_of_birth,age,permission_level) VALUES (442,'Darin','Mitchell','anthony37@hotmail.com','brian97','padBFOWqjJGRua','M','2013-05-30',6,4);
INSERT INTO staff_member (id,employed_since,position,salary,room) VALUES (442,'2012-01-16','Doctor',35000,27);
INSERT INTO doctor (id,speciality,emergency_hours,experience,departement_id,supervisor) VALUES (442,'Nephrologist',B'1',1,1,186);
INSERT INTO person (id,first_name,second_name,email,user_login,user_password,sex,date_of_birth,age,permission_level) VALUES (443,'Lori','Blackwell','zadams@gmail.com','omarbell','RzuxBFoVTlD','F','1952-03-06',67,3);
INSERT INTO staff_member (id,employed_since,position,salary,room) VALUES (443,'2016-12-12','Reseptionist',15000,56);
INSERT INTO reseptionist (id) VALUES (443);
INSERT INTO languages_spoken (reseptionist_id,language) VALUES (443,'Portugues');
INSERT INTO person (id,first_name,second_name,email,user_login,user_password,sex,date_of_birth,age,permission_level) VALUES (444,'Cynthia','Ruiz','nicholas51@gmail.com','dianamclaughlin','iggFbjFOfFVawTv','F','1914-04-11',105,1);
INSERT INTO patient (id) VALUES (444);
INSERT INTO patients_address (street,house,apartement) VALUES ('Jose st.','74','7');
INSERT INTO medical_history (patient_id,date) VALUES (444,'2019-11-09');
INSERT INTO person (id,first_name,second_name,email,user_login,user_password,sex,date_of_birth,age,permission_level) VALUES (445,'James','Brooks','erin93@gmail.com','samantha51','aLATyHzmrUCqiWI','M','2004-06-27',15,2);
INSERT INTO staff_member (id,employed_since,position,salary,room) VALUES (445,'2016-04-08','Lab Technician',15000,47);
INSERT INTO lab_technician (id,education_level,departement_id) VALUES (445,'Magister',12);
INSERT INTO person (id,first_name,second_name,email,user_login,user_password,sex,date_of_birth,age,permission_level) VALUES (446,'Michael','Pace','leslie55@hotmail.com','eric70','jCepTKbsJfCE','M','1981-02-10',38,4);
INSERT INTO staff_member (id,employed_since,position,salary,room) VALUES (446,'2014-02-08','Reseptionist',15000,56);
INSERT INTO reseptionist (id) VALUES (446);
INSERT INTO languages_spoken (reseptionist_id,language) VALUES (446,'TatarTatarRussianTatar');
INSERT INTO person (id,first_name,second_name,email,user_login,user_password,sex,date_of_birth,age,permission_level) VALUES (447,'Melanie','Parker','martinezstacey@hotmail.com','davismarco','VdqNLlwmeld','F','1936-09-20',83,2);
INSERT INTO staff_member (id,employed_since,position,salary,room) VALUES (447,'2014-08-11','Doctor',35000,20);
INSERT INTO doctor (id,speciality,emergency_hours,experience,departement_id,supervisor) VALUES (447,'Neurologist',B'1',7,5,66);
INSERT INTO person (id,first_name,second_name,email,user_login,user_password,sex,date_of_birth,age,permission_level) VALUES (448,'Connie','Ortiz','adudley@yahoo.com','deborahduncan','GDbJtXwu','F','1909-04-19',110,2);
INSERT INTO staff_member (id,employed_since,position,salary,room) VALUES (448,'2015-04-14','Nurse',25000,3);
INSERT INTO nurse (id,surgery_assistant,preferred_shifts,appointment_assistant,departement_id) VALUES (448,B'0','Day',B'1',7);
INSERT INTO person (id,first_name,second_name,email,user_login,user_password,sex,date_of_birth,age,permission_level) VALUES (449,'Paula','Hudson','oconnoradam@hotmail.com','dmckinney','XWLyJJDlS','F','1998-12-16',21,5);
INSERT INTO staff_member (id,employed_since,position,salary,room) VALUES (449,'2011-02-18','Security Team Member',10000,61);
INSERT INTO security_team_member (id,shifts,physical_test_grade) VALUES (449,'Night','D');
INSERT INTO person (id,first_name,second_name,email,user_login,user_password,sex,date_of_birth,age,permission_level) VALUES (450,'Joseph','White','garciabenjamin@yahoo.com','padillajulie','FpyLMSkSGc','M','1953-04-19',66,3);
INSERT INTO staff_member (id,employed_since,position,salary,room) VALUES (450,'2012-06-24','Professor',35000,38);
INSERT INTO professor (id,research_topic,surgery_participation,departement_id) VALUES (450,'Gastroenterologist',B'0',6);
INSERT INTO person (id,first_name,second_name,email,user_login,user_password,sex,date_of_birth,age,permission_level) VALUES (451,'Erin','Stone','juan70@hotmail.com','jeffcollins','LUaQfrSkmPFEGQY','F','1986-10-14',33,5);
INSERT INTO patient (id) VALUES (451);
INSERT INTO patients_address (street,house,apartement) VALUES ('Robert st.','53','7');
INSERT INTO medical_history (patient_id,date) VALUES (451,'2019-11-08');
INSERT INTO person (id,first_name,second_name,email,user_login,user_password,sex,date_of_birth,age,permission_level) VALUES (452,'Timothy','Martinez','ecox@hotmail.com','pmartinez','EkGPQRozbp','M','1949-07-04',70,3);
INSERT INTO staff_member (id,employed_since,position,salary,room) VALUES (452,'2010-09-09','Maintanence Worker',15000,57);
INSERT INTO maintanence_worker (id,employment_type,speciality) VALUES (452,'Full time','Hardware');
INSERT INTO person (id,first_name,second_name,email,user_login,user_password,sex,date_of_birth,age,permission_level) VALUES (453,'Dan','Ayala','luis16@gmail.com','obrienthomas','DHyNvRAG','M','1936-09-16',83,4);
INSERT INTO staff_member (id,employed_since,position,salary,room) VALUES (453,'2018-10-03','Pharmasist',20000,69);
INSERT INTO pharmasist (id,education_level,research) VALUES (453,'PhD',B'1');
INSERT INTO person (id,first_name,second_name,email,user_login,user_password,sex,date_of_birth,age,permission_level) VALUES (454,'Samuel','Moore','campbellscott@yahoo.com','preed','pXYrBMTLIuY','M','1996-02-28',23,2);
INSERT INTO staff_member (id,employed_since,position,salary,room) VALUES (454,'2016-08-30','Pharmasist',20000,70);
INSERT INTO pharmasist (id,education_level,research) VALUES (454,'Bachelor',B'1');
INSERT INTO person (id,first_name,second_name,email,user_login,user_password,sex,date_of_birth,age,permission_level) VALUES (455,'Andrea','Cruz','jeffreydelgado@gmail.com','vkirby','oAhiDZOujImolW','F','1945-03-05',74,5);
INSERT INTO staff_member (id,employed_since,position,salary,room) VALUES (455,'2014-07-03','Cleaning Team Worker',10000,54);
INSERT INTO cleaning_team_worker (id,employment_type) VALUES (455,'Part time');
INSERT INTO person (id,first_name,second_name,email,user_login,user_password,sex,date_of_birth,age,permission_level) VALUES (456,'Richard','Ruiz','rsmith@hotmail.com','pamela05','qWjfTsvDFxY','M','2003-03-21',16,4);
INSERT INTO staff_member (id,employed_since,position,salary,room) VALUES (456,'2017-02-11','Pharmasist',20000,68);
INSERT INTO pharmasist (id,education_level,research) VALUES (456,'Postgraduate',B'1');
INSERT INTO person (id,first_name,second_name,email,user_login,user_password,sex,date_of_birth,age,permission_level) VALUES (457,'Eric','Gordon','walkerbryce@gmail.com','brandon83','qyVjCXMNAZu','M','1981-12-11',38,5);
INSERT INTO patient (id) VALUES (457);
INSERT INTO patients_address (street,house,apartement) VALUES ('Mary st.','47','7');
INSERT INTO medical_history (patient_id,date) VALUES (457,'2019-11-03');
INSERT INTO person (id,first_name,second_name,email,user_login,user_password,sex,date_of_birth,age,permission_level) VALUES (458,'Christopher','Johnson','flee@hotmail.com','kingwilliam','ewrxuReYm','M','1967-06-07',52,4);
INSERT INTO patient (id) VALUES (458);
INSERT INTO patients_address (street,house,apartement) VALUES ('Teresa st.','29','1');
INSERT INTO medical_history (patient_id,date) VALUES (458,'2019-10-31');
INSERT INTO person (id,first_name,second_name,email,user_login,user_password,sex,date_of_birth,age,permission_level) VALUES (459,'Bradley','Turner','alexanderwong@gmail.com','thompsonjaime','ZkTVlGbs','M','2006-01-18',13,4);
INSERT INTO staff_member (id,employed_since,position,salary,room) VALUES (459,'2019-10-09','Professor',35000,32);
INSERT INTO professor (id,research_topic,surgery_participation,departement_id) VALUES (459,'Ophthalmologist',B'1',13);
INSERT INTO person (id,first_name,second_name,email,user_login,user_password,sex,date_of_birth,age,permission_level) VALUES (460,'Charlene','Reid','cowankayla@yahoo.com','robertjackson','yFGTKcAh','F','2004-01-15',15,4);
INSERT INTO staff_member (id,employed_since,position,salary,room) VALUES (460,'2010-05-20','Lab Technician',15000,42);
INSERT INTO lab_technician (id,education_level,departement_id) VALUES (460,'PhD',13);
INSERT INTO person (id,first_name,second_name,email,user_login,user_password,sex,date_of_birth,age,permission_level) VALUES (461,'John','Sanders','cmartinez@gmail.com','cwright','WAFXkgbqe','M','1915-11-19',104,3);
INSERT INTO staff_member (id,employed_since,position,salary,room) VALUES (461,'2015-01-18','Security Team Member',10000,62);
INSERT INTO security_team_member (id,shifts,physical_test_grade) VALUES (461,'Night','A');
INSERT INTO person (id,first_name,second_name,email,user_login,user_password,sex,date_of_birth,age,permission_level) VALUES (462,'Lisa','Walls','crivera@hotmail.com','amanda89','EXfbSeHohHpr','F','1914-06-21',105,5);
INSERT INTO patient (id) VALUES (462);
INSERT INTO patients_address (street,house,apartement) VALUES ('Miranda st.','56','5');
INSERT INTO medical_history (patient_id,date) VALUES (462,'2019-11-13');
INSERT INTO person (id,first_name,second_name,email,user_login,user_password,sex,date_of_birth,age,permission_level) VALUES (463,'Billy','Stephens','jessicahiggins@gmail.com','ashleymartinez','PAsiKxHiljIgUI','M','2004-04-13',15,3);
INSERT INTO staff_member (id,employed_since,position,salary,room) VALUES (463,'2012-05-26','Nurse',25000,10);
INSERT INTO nurse (id,surgery_assistant,preferred_shifts,appointment_assistant,departement_id) VALUES (463,B'1','Day',B'0',10);
INSERT INTO person (id,first_name,second_name,email,user_login,user_password,sex,date_of_birth,age,permission_level) VALUES (464,'Alex','Watson','stephanie85@gmail.com','emily16','kVTPUPjEZ','M','1969-03-05',50,1);
INSERT INTO staff_member (id,employed_since,position,salary,room) VALUES (464,'2010-11-08','Cook',15000,73);
INSERT INTO cook (id,experience) VALUES (464,2);
INSERT INTO person (id,first_name,second_name,email,user_login,user_password,sex,date_of_birth,age,permission_level) VALUES (465,'John','Walker','scottsuarez@yahoo.com','kingrobert','DXNQhhWGharcXO','M','1990-06-11',29,1);
INSERT INTO staff_member (id,employed_since,position,salary,room) VALUES (465,'2015-01-20','Nurse',25000,9);
INSERT INTO nurse (id,surgery_assistant,preferred_shifts,appointment_assistant,departement_id) VALUES (465,B'0','Day',B'0',5);
INSERT INTO person (id,first_name,second_name,email,user_login,user_password,sex,date_of_birth,age,permission_level) VALUES (466,'Richard','Hernandez','erin76@yahoo.com','adamsveronica','wbjikRzIGAUcdE','M','1942-06-25',77,4);
INSERT INTO staff_member (id,employed_since,position,salary,room) VALUES (466,'2010-12-07','Nurse',25000,8);
INSERT INTO nurse (id,surgery_assistant,preferred_shifts,appointment_assistant,departement_id) VALUES (466,B'0','Day',B'1',7);
INSERT INTO person (id,first_name,second_name,email,user_login,user_password,sex,date_of_birth,age,permission_level) VALUES (467,'Mr.','Tyler','fernandezdaniel@gmail.com','april79','sTrXPcUlL','M','1919-11-27',100,1);
INSERT INTO staff_member (id,employed_since,position,salary,room) VALUES (467,'2017-04-30','Doctor',35000,26);
INSERT INTO doctor (id,speciality,emergency_hours,experience,departement_id,supervisor) VALUES (467,'Endocrinologists',B'0',1,11,126);
INSERT INTO person (id,first_name,second_name,email,user_login,user_password,sex,date_of_birth,age,permission_level) VALUES (468,'Stacey','Bailey','freemancarl@hotmail.com','daniel71','hXGUFrECefy','F','1990-02-06',29,3);
INSERT INTO staff_member (id,employed_since,position,salary,room) VALUES (468,'2017-10-24','IT Specialist',15000,77);
INSERT INTO IT_specialist (id,support_line) VALUES (468,B'1');
INSERT INTO person (id,first_name,second_name,email,user_login,user_password,sex,date_of_birth,age,permission_level) VALUES (469,'Sarah','Zhang','uherrera@hotmail.com','beardrobert','pxRXXvNaauAPXH','F','1934-12-04',85,3);
INSERT INTO staff_member (id,employed_since,position,salary,room) VALUES (469,'2016-03-05','Doctor',35000,18);
INSERT INTO doctor (id,speciality,emergency_hours,experience,departement_id,supervisor) VALUES (469,'Oncologist',B'0',6,2,9);
INSERT INTO person (id,first_name,second_name,email,user_login,user_password,sex,date_of_birth,age,permission_level) VALUES (470,'John','Adams','mariawagner@yahoo.com','grahamshirley','yVcnJtwxXWteYXC','M','1951-05-07',68,1);
INSERT INTO staff_member (id,employed_since,position,salary,room) VALUES (470,'2016-11-03','Lab Technician',15000,41);
INSERT INTO lab_technician (id,education_level,departement_id) VALUES (470,'Postgraduate',4);
INSERT INTO person (id,first_name,second_name,email,user_login,user_password,sex,date_of_birth,age,permission_level) VALUES (471,'Anthony','Church','nicholaswilliams@hotmail.com','susan91','wxzLOqTYvv','M','1981-02-05',38,3);
INSERT INTO patient (id) VALUES (471);
INSERT INTO patients_address (street,house,apartement) VALUES ('Keith st.','77','9');
INSERT INTO medical_history (patient_id,date) VALUES (471,'2019-11-02');
INSERT INTO person (id,first_name,second_name,email,user_login,user_password,sex,date_of_birth,age,permission_level) VALUES (472,'Jeremy','Hansen','amyjensen@gmail.com','williamscraig','affNbkDDNwZVcM','M','2003-08-23',16,4);
INSERT INTO staff_member (id,employed_since,position,salary,room) VALUES (472,'2015-02-03','Doctor',35000,22);
INSERT INTO doctor (id,speciality,emergency_hours,experience,departement_id,supervisor) VALUES (472,'Osteopath',B'1',2,16,388);
INSERT INTO person (id,first_name,second_name,email,user_login,user_password,sex,date_of_birth,age,permission_level) VALUES (473,'Betty','Peck','amyspence@yahoo.com','brittany87','EYLLshyvGg','F','2006-11-21',13,3);
INSERT INTO staff_member (id,employed_since,position,salary,room) VALUES (473,'2012-04-29','Pharmasist',20000,68);
INSERT INTO pharmasist (id,education_level,research) VALUES (473,'Postgraduate',B'0');
INSERT INTO person (id,first_name,second_name,email,user_login,user_password,sex,date_of_birth,age,permission_level) VALUES (474,'Mr.','Robert','andreagreen@hotmail.com','wosborn','eIWeCSx','M','1980-08-23',39,3);
INSERT INTO staff_member (id,employed_since,position,salary,room) VALUES (474,'2014-05-22','Doctor',35000,25);
INSERT INTO doctor (id,speciality,emergency_hours,experience,departement_id,supervisor) VALUES (474,'Psychiatrist',B'1',9,7,149);
INSERT INTO person (id,first_name,second_name,email,user_login,user_password,sex,date_of_birth,age,permission_level) VALUES (475,'Mrs.','Laurie','rodneylewis@hotmail.com','hrivas','EdUFgRiqRz','F','1970-10-02',49,1);
INSERT INTO patient (id) VALUES (475);
INSERT INTO patients_address (street,house,apartement) VALUES ('Tina st.','79','6');
INSERT INTO medical_history (patient_id,date) VALUES (475,'2019-11-25');
INSERT INTO person (id,first_name,second_name,email,user_login,user_password,sex,date_of_birth,age,permission_level) VALUES (476,'Melissa','Ryan','aosborn@gmail.com','kristendavis','yqjaSAqAG','F','2017-10-24',2,3);
INSERT INTO staff_member (id,employed_since,position,salary,room) VALUES (476,'2015-11-13','Security Team Member',10000,62);
INSERT INTO security_team_member (id,shifts,physical_test_grade) VALUES (476,'Day','A');
INSERT INTO person (id,first_name,second_name,email,user_login,user_password,sex,date_of_birth,age,permission_level) VALUES (477,'Monique','Roach','hcox@yahoo.com','miguel94','iwSpPmaKlHxgAa','F','1937-04-04',82,4);
INSERT INTO staff_member (id,employed_since,position,salary,room) VALUES (477,'2015-10-05','Pharmasist',20000,68);
INSERT INTO pharmasist (id,education_level,research) VALUES (477,'Magister',B'0');
INSERT INTO person (id,first_name,second_name,email,user_login,user_password,sex,date_of_birth,age,permission_level) VALUES (478,'Rita','Lee','pthompson@hotmail.com','phillipsjoseph','SxOdiuOclh','F','1953-08-24',66,2);
INSERT INTO patient (id) VALUES (478);
INSERT INTO patients_address (street,house,apartement) VALUES ('Lisa st.','56','10');
INSERT INTO medical_history (patient_id,date) VALUES (478,'2019-11-05');
INSERT INTO person (id,first_name,second_name,email,user_login,user_password,sex,date_of_birth,age,permission_level) VALUES (479,'Michael','Green','yalexander@hotmail.com','lauren65','WFlCwiAoXGfTdO','M','1968-09-26',51,5);
INSERT INTO staff_member (id,employed_since,position,salary,room) VALUES (479,'2013-08-14','Doctor',35000,21);
INSERT INTO doctor (id,speciality,emergency_hours,experience,departement_id,supervisor) VALUES (479,'Dermatologist',B'0',10,16,273);
INSERT INTO person (id,first_name,second_name,email,user_login,user_password,sex,date_of_birth,age,permission_level) VALUES (480,'William','Patel','dnicholson@yahoo.com','daniel70','DYQirwXTXH','M','2018-08-24',1,3);
INSERT INTO staff_member (id,employed_since,position,salary,room) VALUES (480,'2012-07-26','Doctor',35000,24);
INSERT INTO doctor (id,speciality,emergency_hours,experience,departement_id,supervisor) VALUES (480,'Colon Surgeon',B'1',9,6,57);
INSERT INTO person (id,first_name,second_name,email,user_login,user_password,sex,date_of_birth,age,permission_level) VALUES (481,'Melissa','Ramos','smithmichael@hotmail.com','contrerasvirginia','yOUDsLaD','F','1937-07-05',82,2);
INSERT INTO staff_member (id,employed_since,position,salary,room) VALUES (481,'2013-11-14','Nurse',25000,7);
INSERT INTO nurse (id,surgery_assistant,preferred_shifts,appointment_assistant,departement_id) VALUES (481,B'0','Night',B'1',6);
INSERT INTO person (id,first_name,second_name,email,user_login,user_password,sex,date_of_birth,age,permission_level) VALUES (482,'Melinda','Meyer','hannah32@yahoo.com','ahendrix','VQddOdGhCf','F','2018-03-13',1,4);
INSERT INTO staff_member (id,employed_since,position,salary,room) VALUES (482,'2016-07-01','Nurse',25000,9);
INSERT INTO nurse (id,surgery_assistant,preferred_shifts,appointment_assistant,departement_id) VALUES (482,B'0','Day',B'0',13);
INSERT INTO person (id,first_name,second_name,email,user_login,user_password,sex,date_of_birth,age,permission_level) VALUES (483,'Chelsey','Smith','michellecarlson@yahoo.com','tinalutz','EgLcWWHSFm','F','1998-08-25',21,2);
INSERT INTO patient (id) VALUES (483);
INSERT INTO patients_address (street,house,apartement) VALUES ('Kristin st.','7','8');
INSERT INTO medical_history (patient_id,date) VALUES (483,'2019-11-02');
INSERT INTO person (id,first_name,second_name,email,user_login,user_password,sex,date_of_birth,age,permission_level) VALUES (484,'Steven','Berg','garrettlopez@yahoo.com','angelahoward','lcdDCpAyJ','M','1974-10-15',45,3);
INSERT INTO staff_member (id,employed_since,position,salary,room) VALUES (484,'2018-02-04','Nurse',25000,7);
INSERT INTO nurse (id,surgery_assistant,preferred_shifts,appointment_assistant,departement_id) VALUES (484,B'0','Night',B'1',5);
INSERT INTO person (id,first_name,second_name,email,user_login,user_password,sex,date_of_birth,age,permission_level) VALUES (485,'Brenda','Jones','nbarnes@hotmail.com','xcampbell','kwTkIFytAWtaSk','F','1977-01-05',42,2);
INSERT INTO patient (id) VALUES (485);
INSERT INTO patients_address (street,house,apartement) VALUES ('Alyssa st.','86','4');
INSERT INTO medical_history (patient_id,date) VALUES (485,'2019-11-19');
INSERT INTO person (id,first_name,second_name,email,user_login,user_password,sex,date_of_birth,age,permission_level) VALUES (486,'Diana','Smith','willismichael@gmail.com','davidvelazquez','SZdiwiNpXXTQfA','F','1967-03-29',52,5);
INSERT INTO staff_member (id,employed_since,position,salary,room) VALUES (486,'2017-02-12','Maintanence Worker',15000,58);
INSERT INTO maintanence_worker (id,employment_type,speciality) VALUES (486,'Full time','Hardware');
INSERT INTO person (id,first_name,second_name,email,user_login,user_password,sex,date_of_birth,age,permission_level) VALUES (487,'Sandra','Hernandez','xjackson@hotmail.com','qgarrett','rBajoSs','F','2007-01-01',12,5);
INSERT INTO staff_member (id,employed_since,position,salary,room) VALUES (487,'2019-10-04','Nurse',25000,3);
INSERT INTO nurse (id,surgery_assistant,preferred_shifts,appointment_assistant,departement_id) VALUES (487,B'1','Night',B'0',1);
INSERT INTO person (id,first_name,second_name,email,user_login,user_password,sex,date_of_birth,age,permission_level) VALUES (488,'Rachel','Marquez','martinezjohn@yahoo.com','kathy85','vNmgCPaVpLwOPkO','F','1952-07-29',67,1);
INSERT INTO patient (id) VALUES (488);
INSERT INTO patients_address (street,house,apartement) VALUES ('Ashley st.','22','5');
INSERT INTO medical_history (patient_id,date) VALUES (488,'2019-11-21');
INSERT INTO person (id,first_name,second_name,email,user_login,user_password,sex,date_of_birth,age,permission_level) VALUES (489,'Katie','Douglas','brandon47@hotmail.com','sryan','ElPkmpxBgnxoisT','F','1976-05-16',43,2);
INSERT INTO patient (id) VALUES (489);
INSERT INTO patients_address (street,house,apartement) VALUES ('Donna st.','28','10');
INSERT INTO medical_history (patient_id,date) VALUES (489,'2019-11-04');
INSERT INTO person (id,first_name,second_name,email,user_login,user_password,sex,date_of_birth,age,permission_level) VALUES (490,'Tyler','Case','vmoore@hotmail.com','alexanderjennifer','PVGPceRWcPN','M','1919-02-22',100,2);
INSERT INTO staff_member (id,employed_since,position,salary,room) VALUES (490,'2014-02-09','IT Specialist',15000,77);
INSERT INTO IT_specialist (id,support_line) VALUES (490,B'1');
INSERT INTO person (id,first_name,second_name,email,user_login,user_password,sex,date_of_birth,age,permission_level) VALUES (491,'Cindy','Farley','nmurray@gmail.com','jarvisbethany','EgWhTeU','F','1997-10-14',22,5);
INSERT INTO patient (id) VALUES (491);
INSERT INTO patients_address (street,house,apartement) VALUES ('April st.','67','9');
INSERT INTO medical_history (patient_id,date) VALUES (491,'2019-11-15');
INSERT INTO person (id,first_name,second_name,email,user_login,user_password,sex,date_of_birth,age,permission_level) VALUES (492,'Crystal','Weaver','amyvaughan@hotmail.com','stevenstevens','vQAEmdORzRaq','F','1984-05-06',35,4);
INSERT INTO staff_member (id,employed_since,position,salary,room) VALUES (492,'2017-01-13','Doctor',35000,17);
INSERT INTO doctor (id,speciality,emergency_hours,experience,departement_id,supervisor) VALUES (492,'Geriatric Medicine Specialist',B'0',6,9,62);
INSERT INTO person (id,first_name,second_name,email,user_login,user_password,sex,date_of_birth,age,permission_level) VALUES (493,'Ashley','Christensen','terri36@yahoo.com','shannoncook','pvYceQNYxxGDQTh','F','1994-04-08',25,4);
INSERT INTO staff_member (id,employed_since,position,salary,room) VALUES (493,'2011-03-12','IT Specialist',15000,74);
INSERT INTO IT_specialist (id,support_line) VALUES (493,B'1');
INSERT INTO person (id,first_name,second_name,email,user_login,user_password,sex,date_of_birth,age,permission_level) VALUES (494,'Jamie','Fischer','jonathan85@yahoo.com','bethanygarcia','lpGJJzdTDk','F','1921-05-31',98,1);
INSERT INTO staff_member (id,employed_since,position,salary,room) VALUES (494,'2017-04-13','IT Specialist',15000,74);
INSERT INTO IT_specialist (id,support_line) VALUES (494,B'1');
INSERT INTO person (id,first_name,second_name,email,user_login,user_password,sex,date_of_birth,age,permission_level) VALUES (495,'Raymond','Pratt','hamiltontammy@hotmail.com','bknight','NOaWOiUDrz','M','2019-04-28',0,5);
INSERT INTO staff_member (id,employed_since,position,salary,room) VALUES (495,'2019-08-06','Nurse',25000,6);
INSERT INTO nurse (id,surgery_assistant,preferred_shifts,appointment_assistant,departement_id) VALUES (495,B'0','Day',B'0',11);
INSERT INTO person (id,first_name,second_name,email,user_login,user_password,sex,date_of_birth,age,permission_level) VALUES (496,'Jessica','Knight','qmiranda@hotmail.com','qlarson','MWyAFptmaNfEBt','F','1978-05-05',41,1);
INSERT INTO patient (id) VALUES (496);
INSERT INTO patients_address (street,house,apartement) VALUES ('Derek st.','78','10');
INSERT INTO medical_history (patient_id,date) VALUES (496,'2019-10-27');
INSERT INTO person (id,first_name,second_name,email,user_login,user_password,sex,date_of_birth,age,permission_level) VALUES (497,'Bradley','Hicks','fhicks@hotmail.com','wwhitaker','gDqVUFHrGJ','M','2008-08-23',11,5);
INSERT INTO staff_member (id,employed_since,position,salary,room) VALUES (497,'2018-08-12','Nurse',25000,10);
INSERT INTO nurse (id,surgery_assistant,preferred_shifts,appointment_assistant,departement_id) VALUES (497,B'0','Day',B'1',6);
INSERT INTO person (id,first_name,second_name,email,user_login,user_password,sex,date_of_birth,age,permission_level) VALUES (498,'Tina','Villa','katherinehill@gmail.com','elizabeth77','TxWbZBfEfyseY','F','1961-09-15',58,1);
INSERT INTO patient (id) VALUES (498);
INSERT INTO patients_address (street,house,apartement) VALUES ('Mary st.','33','6');
INSERT INTO medical_history (patient_id,date) VALUES (498,'2019-11-05');
INSERT INTO person (id,first_name,second_name,email,user_login,user_password,sex,date_of_birth,age,permission_level) VALUES (499,'Lisa','Allen','jessica18@hotmail.com','mary27','VRfvxseeTGEl','F','1958-03-30',61,4);
INSERT INTO patient (id) VALUES (499);
INSERT INTO patients_address (street,house,apartement) VALUES ('Sarah st.','63','2');
INSERT INTO medical_history (patient_id,date) VALUES (499,'2019-11-12');
INSERT INTO person (id,first_name,second_name,email,user_login,user_password,sex,date_of_birth,age,permission_level) VALUES (500,'Kelly','Bishop','john43@hotmail.com','murphyjennifer','kLasMFfmHUrmbxD','F','1928-08-24',91,5);
INSERT INTO staff_member (id,employed_since,position,salary,room) VALUES (500,'2013-05-15','Maintanence Worker',15000,59);
INSERT INTO maintanence_worker (id,employment_type,speciality) VALUES (500,'Full time','Machines');