
INSERT INTO person (id,first_name,second_name,email,user_login,user_password,sex,date_of_birth,age,permission_level) VALUES (1,'Nicholas','Chavez','mitchelljackson@yahoo.com','brandonbass','mPUuTgdOTytS','M','1992-05-25',27,1);
INSERT INTO staff_member (id,employed_since,position,salary,room) VALUES (1,'2017-03-30','Head Doctor',100000,1);
INSERT INTO head_doctor (id,primary_speciality) VALUES (1,'Radiologist');
INSERT INTO person (id,first_name,second_name,email,user_login,user_password,sex,date_of_birth,age,permission_level) VALUES (2,'Aaron','Lewis','carldaniels@gmail.com','anne15','sxTxnjFuNd','M','1918-11-27',101,3);
INSERT INTO staff_member (id,employed_since,position,salary,room) VALUES (2,'2014-11-21','Head Nurse',80000,2);
INSERT INTO head_nurse (id,surgery_assistant) VALUES (2,B'1');
INSERT INTO person (id,first_name,second_name,email,user_login,user_password,sex,date_of_birth,age,permission_level) VALUES (3,'Heather','Buckley','wattsevan@gmail.com','nmorrison','mplWCKM','F','1999-01-19',20,1);
INSERT INTO staff_member (id,employed_since,position,salary,room) VALUES (3,'2011-03-16','Professor',35000,39);
INSERT INTO professor (id,research_topic,surgery_participation,departement_id) VALUES (3,'Cardiologist',B'0',1);
INSERT INTO person (id,first_name,second_name,email,user_login,user_password,sex,date_of_birth,age,permission_level) VALUES (4,'Timothy','Lynch','adriangutierrez@hotmail.com','sandrews','mWFnXNqEJdke','M','2018-03-13',1,3);
INSERT INTO staff_member (id,employed_since,position,salary,room) VALUES (4,'2018-01-19','Professor',35000,35);
INSERT INTO professor (id,research_topic,surgery_participation,departement_id) VALUES (4,'Anesthesiologist',B'0',3);
INSERT INTO person (id,first_name,second_name,email,user_login,user_password,sex,date_of_birth,age,permission_level) VALUES (5,'Erica','Sanders','stephanieconley@yahoo.com','charlesward','WQbIVGxC','F','1994-06-23',25,5);
INSERT INTO staff_member (id,employed_since,position,salary,room) VALUES (5,'2018-11-15','Nurse',25000,10);
INSERT INTO nurse (id,surgery_assistant,preferred_shifts,appointment_assistant,departement_id) VALUES (5,B'1','Night',B'0',10);
INSERT INTO person (id,first_name,second_name,email,user_login,user_password,sex,date_of_birth,age,permission_level) VALUES (6,'Christy','Melton','jacksontroy@gmail.com','wcarney','ZfRVYCkVXiCT','F','1959-05-30',60,1);
INSERT INTO patient (id) VALUES (6);
INSERT INTO patients_address (street,house,apartement) VALUES ('Dana st.','21','7');
INSERT INTO medical_history (patient_id,date) VALUES (6,'2019-11-08');
INSERT INTO person (id,first_name,second_name,email,user_login,user_password,sex,date_of_birth,age,permission_level) VALUES (7,'Bradley','Schmidt','aaron35@gmail.com','johnblair','bxRuplNk','M','1994-05-16',25,3);
INSERT INTO staff_member (id,employed_since,position,salary,room) VALUES (7,'2018-07-26','Lab Technician',15000,48);
INSERT INTO lab_technician (id,education_level,departement_id) VALUES (7,'Bachelor',11);
INSERT INTO person (id,first_name,second_name,email,user_login,user_password,sex,date_of_birth,age,permission_level) VALUES (8,'Leslie','Walker','edwin55@hotmail.com','watkinscindy','lRpOwTZUxRj','F','2014-11-28',5,5);
INSERT INTO staff_member (id,employed_since,position,salary,room) VALUES (8,'2015-07-14','Nurse',25000,3);
INSERT INTO nurse (id,surgery_assistant,preferred_shifts,appointment_assistant,departement_id) VALUES (8,B'0','Night',B'1',2);
INSERT INTO person (id,first_name,second_name,email,user_login,user_password,sex,date_of_birth,age,permission_level) VALUES (9,'Gerald','Thomas','michaelhernandez@hotmail.com','anna58','dIVvdtXNKmRFGs','M','1983-12-18',36,4);
INSERT INTO staff_member (id,employed_since,position,salary,room) VALUES (9,'2018-06-25','Cleaning Team Worker',10000,55);
INSERT INTO cleaning_team_worker (id,employment_type) VALUES (9,'Full time');
INSERT INTO person (id,first_name,second_name,email,user_login,user_password,sex,date_of_birth,age,permission_level) VALUES (10,'Jennifer','Gregory','rhodesmichelle@gmail.com','rollinsluis','SnuioltnL','F','1915-05-30',104,5);
INSERT INTO patient (id) VALUES (10);
INSERT INTO patients_address (street,house,apartement) VALUES ('Bonnie st.','29','6');
INSERT INTO medical_history (patient_id,date) VALUES (10,'2019-10-29');
INSERT INTO person (id,first_name,second_name,email,user_login,user_password,sex,date_of_birth,age,permission_level) VALUES (11,'Lisa','Davis','gracejuarez@yahoo.com','anthonymurphy','GtoQFPZj','F','1963-06-22',56,3);
INSERT INTO staff_member (id,employed_since,position,salary,room) VALUES (11,'2010-02-12','Nurse',25000,6);
INSERT INTO nurse (id,surgery_assistant,preferred_shifts,appointment_assistant,departement_id) VALUES (11,B'1','Night',B'0',4);
INSERT INTO person (id,first_name,second_name,email,user_login,user_password,sex,date_of_birth,age,permission_level) VALUES (12,'Daniel','Hill','lkaufman@yahoo.com','samantha73','ybfkrIeNsWZQ','M','1950-07-15',69,5);
INSERT INTO patient (id) VALUES (12);
INSERT INTO patients_address (street,house,apartement) VALUES ('Jason st.','7','3');
INSERT INTO medical_history (patient_id,date) VALUES (12,'2019-11-14');
INSERT INTO person (id,first_name,second_name,email,user_login,user_password,sex,date_of_birth,age,permission_level) VALUES (13,'Ryan','Wright','lpaul@yahoo.com','yvega','FXYiKwFmFkXnM','M','1972-01-22',47,5);
INSERT INTO staff_member (id,employed_since,position,salary,room) VALUES (13,'2019-04-07','Professor',35000,34);
INSERT INTO professor (id,research_topic,surgery_participation,departement_id) VALUES (13,'Pathologist',B'0',1);
INSERT INTO person (id,first_name,second_name,email,user_login,user_password,sex,date_of_birth,age,permission_level) VALUES (14,'Kim','Moore','kelsey56@yahoo.com','nathaniel72','RUmWAmOCSmEbbby','F','1939-08-27',80,2);
INSERT INTO staff_member (id,employed_since,position,salary,room) VALUES (14,'2017-12-24','Reseptionist',15000,56);
INSERT INTO reseptionist (id) VALUES (14);
INSERT INTO languages_spoken (reseptionist_id,language) VALUES (14,'ItalianArabicPortuguesPortuguesArabic');
INSERT INTO person (id,first_name,second_name,email,user_login,user_password,sex,date_of_birth,age,permission_level) VALUES (15,'Amanda','Phillips','mcculloughjames@gmail.com','jessicadavis','juEIjLZsddAzDi','F','1936-01-05',83,1);
INSERT INTO staff_member (id,employed_since,position,salary,room) VALUES (15,'2009-12-15','Professor',35000,36);
INSERT INTO professor (id,research_topic,surgery_participation,departement_id) VALUES (15,'Plastic Surgeon',B'0',11);
INSERT INTO person (id,first_name,second_name,email,user_login,user_password,sex,date_of_birth,age,permission_level) VALUES (16,'Chelsea','Patterson','robert60@yahoo.com','igordon','aSdpNbxQG','F','2009-05-09',10,5);
INSERT INTO patient (id) VALUES (16);
INSERT INTO patients_address (street,house,apartement) VALUES ('Suzanne st.','16','6');
INSERT INTO medical_history (patient_id,date) VALUES (16,'2019-10-20');
INSERT INTO person (id,first_name,second_name,email,user_login,user_password,sex,date_of_birth,age,permission_level) VALUES (17,'John','Martinez','brightsamantha@gmail.com','xholland','VAuZmPPzahV','M','1998-10-19',21,5);
INSERT INTO staff_member (id,employed_since,position,salary,room) VALUES (17,'2017-01-24','Doctor',35000,26);
INSERT INTO doctor (id,speciality,emergency_hours,experience,departement_id) VALUES (17,'Nephrologist',B'1',1,7);
INSERT INTO person (id,first_name,second_name,email,user_login,user_password,sex,date_of_birth,age,permission_level) VALUES (18,'Kelly','Wilson','hendersonlisa@yahoo.com','johngomez','ASomoFC','F','1942-05-06',77,4);
INSERT INTO patient (id) VALUES (18);
INSERT INTO patients_address (street,house,apartement) VALUES ('Lindsay st.','71','6');
INSERT INTO medical_history (patient_id,date) VALUES (18,'2019-11-05');
INSERT INTO person (id,first_name,second_name,email,user_login,user_password,sex,date_of_birth,age,permission_level) VALUES (19,'William','Kennedy','matthew12@yahoo.com','edward03','enhfbtaYlLjvOx','M','1992-06-16',27,3);
INSERT INTO staff_member (id,employed_since,position,salary,room) VALUES (19,'2011-01-28','Professor',35000,40);
INSERT INTO professor (id,research_topic,surgery_participation,departement_id) VALUES (19,'Pathologist',B'1',4);
INSERT INTO person (id,first_name,second_name,email,user_login,user_password,sex,date_of_birth,age,permission_level) VALUES (20,'Gloria','Rivera','cjackson@gmail.com','williamjohnston','dCBdNhvKokXQb','F','1979-05-16',40,1);
INSERT INTO staff_member (id,employed_since,position,salary,room) VALUES (20,'2014-02-06','Nurse',25000,3);
INSERT INTO nurse (id,surgery_assistant,preferred_shifts,appointment_assistant,departement_id) VALUES (20,B'1','Night',B'0',8);
INSERT INTO person (id,first_name,second_name,email,user_login,user_password,sex,date_of_birth,age,permission_level) VALUES (21,'Stephanie','Riley','adamhill@hotmail.com','josephmoore','GsajiTy','F','1990-04-29',29,3);
INSERT INTO staff_member (id,employed_since,position,salary,room) VALUES (21,'2011-10-24','HR',30000,66);
INSERT INTO hr (id,selection_responsibility) VALUES (21,'Interview');
INSERT INTO person (id,first_name,second_name,email,user_login,user_password,sex,date_of_birth,age,permission_level) VALUES (22,'Glenn','Hanson','erikcox@hotmail.com','nancy44','DnwjmSz','M','1932-12-20',87,3);
INSERT INTO staff_member (id,employed_since,position,salary,room) VALUES (22,'2017-10-12','Security Team Member',10000,63);
INSERT INTO security_team_member (id,shifts,physical_test_grade) VALUES (22,'Day','D');
INSERT INTO person (id,first_name,second_name,email,user_login,user_password,sex,date_of_birth,age,permission_level) VALUES (23,'John','Knight','williamssandra@gmail.com','nancy64','wqxfFxUPGeHU','M','1969-12-13',50,3);
INSERT INTO staff_member (id,employed_since,position,salary,room) VALUES (23,'2018-05-02','Pharmasist',20000,68);
INSERT INTO pharmasist (id,education_level,research) VALUES (23,'Bachelor',B'0');
INSERT INTO person (id,first_name,second_name,email,user_login,user_password,sex,date_of_birth,age,permission_level) VALUES (24,'Tammy','Harper','zrodriguez@gmail.com','pmartin','itiumuVmnSFRDC','F','1950-06-27',69,1);
INSERT INTO staff_member (id,employed_since,position,salary,room) VALUES (24,'2018-09-28','Reseptionist',15000,56);
INSERT INTO reseptionist (id) VALUES (24);
INSERT INTO languages_spoken (reseptionist_id,language) VALUES (24,'TatarArabicItalianPortuguesRussianRussian');
INSERT INTO person (id,first_name,second_name,email,user_login,user_password,sex,date_of_birth,age,permission_level) VALUES (25,'Mark','Levy','anitacrawford@gmail.com','lanesamantha','HQWzCXpA','M','1979-08-19',40,5);
INSERT INTO patient (id) VALUES (25);
INSERT INTO patients_address (street,house,apartement) VALUES ('Jennifer st.','77','9');
INSERT INTO medical_history (patient_id,date) VALUES (25,'2019-11-05');
INSERT INTO person (id,first_name,second_name,email,user_login,user_password,sex,date_of_birth,age,permission_level) VALUES (26,'David','Lewis','christopherrobinson@gmail.com','dylan91','hMUZuCeFe','M','2017-10-17',2,4);
INSERT INTO staff_member (id,employed_since,position,salary,room) VALUES (26,'2012-05-11','Security Team Member',10000,62);
INSERT INTO security_team_member (id,shifts,physical_test_grade) VALUES (26,'Day','C');
INSERT INTO person (id,first_name,second_name,email,user_login,user_password,sex,date_of_birth,age,permission_level) VALUES (27,'Erin','Grant','wcooley@yahoo.com','maguirre','TrNRFsqavNZX','F','1942-11-01',77,1);
INSERT INTO staff_member (id,employed_since,position,salary,room) VALUES (27,'2011-12-06','Lab Technician',15000,50);
INSERT INTO lab_technician (id,education_level,departement_id) VALUES (27,'Magister',1);
INSERT INTO person (id,first_name,second_name,email,user_login,user_password,sex,date_of_birth,age,permission_level) VALUES (28,'Matthew','Lozano','angelicaruiz@hotmail.com','jacquelineowens','ykpsnLuDF','M','1929-03-07',90,2);
INSERT INTO staff_member (id,employed_since,position,salary,room) VALUES (28,'2018-08-06','Nurse',25000,3);
INSERT INTO nurse (id,surgery_assistant,preferred_shifts,appointment_assistant,departement_id) VALUES (28,B'1','Day',B'1',11);
INSERT INTO person (id,first_name,second_name,email,user_login,user_password,sex,date_of_birth,age,permission_level) VALUES (29,'William','Sexton','wmason@hotmail.com','john17','lPxdMKYvvDjEv','M','1916-01-18',103,1);
INSERT INTO staff_member (id,employed_since,position,salary,room) VALUES (29,'2019-03-20','Maintanence Worker',15000,57);
INSERT INTO maintanence_worker (id,employment_type,speciality) VALUES (29,'Part time','Hardware');
INSERT INTO person (id,first_name,second_name,email,user_login,user_password,sex,date_of_birth,age,permission_level) VALUES (30,'Catherine','Stephens','timothyrhodes@gmail.com','amberfrancis','AblGheDx','F','1904-07-31',115,1);
INSERT INTO staff_member (id,employed_since,position,salary,room) VALUES (30,'2010-06-27','Reseptionist',15000,56);
INSERT INTO reseptionist (id) VALUES (30);
INSERT INTO languages_spoken (reseptionist_id,language) VALUES (30,'ArabicArabicTatar');
INSERT INTO person (id,first_name,second_name,email,user_login,user_password,sex,date_of_birth,age,permission_level) VALUES (31,'Cynthia','Ortiz','william61@gmail.com','nross','sAzUsgmQmxc','F','1928-11-26',91,3);
INSERT INTO staff_member (id,employed_since,position,salary,room) VALUES (31,'2018-06-03','Doctor',35000,22);
INSERT INTO doctor (id,speciality,emergency_hours,experience,departement_id,supervisor) VALUES (31,'Urologist',B'0',2,1,17);
INSERT INTO person (id,first_name,second_name,email,user_login,user_password,sex,date_of_birth,age,permission_level) VALUES (32,'Shannon','Carpenter','cynthiacoleman@hotmail.com','ymoss','PFuoTbfCJIUkH','F','1941-09-10',78,3);
INSERT INTO staff_member (id,employed_since,position,salary,room) VALUES (32,'2013-02-26','Professor',35000,38);
INSERT INTO professor (id,research_topic,surgery_participation,departement_id) VALUES (32,'Sports Medicine Specialist',B'0',11);
INSERT INTO person (id,first_name,second_name,email,user_login,user_password,sex,date_of_birth,age,permission_level) VALUES (33,'Christopher','Williams','michaelmunoz@yahoo.com','kimberly06','aPEEHVkVV','M','2014-12-11',5,1);
INSERT INTO staff_member (id,employed_since,position,salary,room) VALUES (33,'2016-11-11','Cleaning Team Worker',10000,51);
INSERT INTO cleaning_team_worker (id,employment_type) VALUES (33,'Part time');
INSERT INTO person (id,first_name,second_name,email,user_login,user_password,sex,date_of_birth,age,permission_level) VALUES (34,'Barry','Obrien','reynoldsdaniel@hotmail.com','ana00','ESzWzAIizqonRf','M','1959-09-07',60,1);
INSERT INTO patient (id) VALUES (34);
INSERT INTO patients_address (street,house,apartement) VALUES ('Derek st.','20','7');
INSERT INTO medical_history (patient_id,date) VALUES (34,'2019-11-23');
INSERT INTO person (id,first_name,second_name,email,user_login,user_password,sex,date_of_birth,age,permission_level) VALUES (35,'Rachael','Wilson','kenneth94@hotmail.com','matthewyork','NQobTjQpXwyqcUq','F','2004-12-30',15,3);
INSERT INTO staff_member (id,employed_since,position,salary,room) VALUES (35,'2014-04-10','Maintanence Worker',15000,59);
INSERT INTO maintanence_worker (id,employment_type,speciality) VALUES (35,'Full time','Machines');
INSERT INTO person (id,first_name,second_name,email,user_login,user_password,sex,date_of_birth,age,permission_level) VALUES (36,'Marie','Davis','lindahines@gmail.com','pobrien','PDSXAWwH','F','2001-09-27',18,4);
INSERT INTO staff_member (id,employed_since,position,salary,room) VALUES (36,'2011-12-25','Doctor',35000,12);
INSERT INTO doctor (id,speciality,emergency_hours,experience,departement_id,supervisor) VALUES (36,'Medical Geneticist',B'0',6,8,17);
INSERT INTO person (id,first_name,second_name,email,user_login,user_password,sex,date_of_birth,age,permission_level) VALUES (37,'Anna','Villanueva','lewismichael@yahoo.com','kyle83','pLPtJqukM','F','1935-09-01',84,4);
INSERT INTO staff_member (id,employed_since,position,salary,room) VALUES (37,'2015-11-26','Security Team Member',10000,62);
INSERT INTO security_team_member (id,shifts,physical_test_grade) VALUES (37,'Night','A');
INSERT INTO person (id,first_name,second_name,email,user_login,user_password,sex,date_of_birth,age,permission_level) VALUES (38,'Keith','Mccall','wmartinez@yahoo.com','christy54','ceWkDjMWyhMGXig','M','1969-06-07',50,2);
INSERT INTO patient (id) VALUES (38);
INSERT INTO patients_address (street,house,apartement) VALUES ('Barbara st.','40','6');
INSERT INTO medical_history (patient_id,date) VALUES (38,'2019-11-19');
INSERT INTO person (id,first_name,second_name,email,user_login,user_password,sex,date_of_birth,age,permission_level) VALUES (39,'Karen','Rollins','brownrachel@yahoo.com','emmaespinoza','wPlZyugLub','F','2001-08-02',18,1);
INSERT INTO staff_member (id,employed_since,position,salary,room) VALUES (39,'2010-08-03','Doctor',35000,25);
INSERT INTO doctor (id,speciality,emergency_hours,experience,departement_id,supervisor) VALUES (39,'Pulmonologist',B'1',6,10,31);
INSERT INTO person (id,first_name,second_name,email,user_login,user_password,sex,date_of_birth,age,permission_level) VALUES (40,'Paula','Fritz','arellanorichard@yahoo.com','jacobcarpenter','sfUSYpKS','F','1919-09-25',100,4);
INSERT INTO patient (id) VALUES (40);
INSERT INTO patients_address (street,house,apartement) VALUES ('Cheryl st.','96','2');
INSERT INTO medical_history (patient_id,date) VALUES (40,'2019-11-21');
INSERT INTO person (id,first_name,second_name,email,user_login,user_password,sex,date_of_birth,age,permission_level) VALUES (41,'Tina','Williams','tadams@yahoo.com','christine22','AChbcFAbkJpQ','F','2008-10-24',11,3);
INSERT INTO patient (id) VALUES (41);
INSERT INTO patients_address (street,house,apartement) VALUES ('Linda st.','16','9');
INSERT INTO medical_history (patient_id,date) VALUES (41,'2019-10-23');
INSERT INTO person (id,first_name,second_name,email,user_login,user_password,sex,date_of_birth,age,permission_level) VALUES (42,'Catherine','Flores','ihobbs@gmail.com','rachel20','aiTOKuDIFVIIEj','F','1993-03-28',26,3);
INSERT INTO staff_member (id,employed_since,position,salary,room) VALUES (42,'2010-01-10','Maintanence Worker',15000,58);
INSERT INTO maintanence_worker (id,employment_type,speciality) VALUES (42,'Part time','Hardware');
INSERT INTO person (id,first_name,second_name,email,user_login,user_password,sex,date_of_birth,age,permission_level) VALUES (43,'Alexandra','Roach','gstone@hotmail.com','michaelbishop','GBMKotT','F','1969-11-09',50,1);
INSERT INTO staff_member (id,employed_since,position,salary,room) VALUES (43,'2012-05-11','Maintanence Worker',15000,57);
INSERT INTO maintanence_worker (id,employment_type,speciality) VALUES (43,'Full time','Furniture');
INSERT INTO person (id,first_name,second_name,email,user_login,user_password,sex,date_of_birth,age,permission_level) VALUES (44,'Brandon','Salazar','riceeric@hotmail.com','nancybutler','QgJflciLiiBGTzB','M','1983-10-26',36,3);
INSERT INTO staff_member (id,employed_since,position,salary,room) VALUES (44,'2010-02-18','Doctor',35000,12);
INSERT INTO doctor (id,speciality,emergency_hours,experience,departement_id,supervisor) VALUES (44,'Neurologist',B'0',5,7,31);
INSERT INTO person (id,first_name,second_name,email,user_login,user_password,sex,date_of_birth,age,permission_level) VALUES (45,'Monique','Bush','elizabeth28@yahoo.com','ddavis','pXbdDmYhfKK','F','1990-12-28',29,3);
INSERT INTO staff_member (id,employed_since,position,salary,room) VALUES (45,'2014-08-11','Nurse',25000,9);
INSERT INTO nurse (id,surgery_assistant,preferred_shifts,appointment_assistant,departement_id) VALUES (45,B'0','Day',B'1',11);
INSERT INTO person (id,first_name,second_name,email,user_login,user_password,sex,date_of_birth,age,permission_level) VALUES (46,'Rachel','Lee','ygomez@gmail.com','trevor60','tTYFLIiGFidD','F','1919-05-19',100,5);
INSERT INTO staff_member (id,employed_since,position,salary,room) VALUES (46,'2010-10-25','Cleaning Team Worker',10000,53);
INSERT INTO cleaning_team_worker (id,employment_type) VALUES (46,'Part time');
INSERT INTO person (id,first_name,second_name,email,user_login,user_password,sex,date_of_birth,age,permission_level) VALUES (47,'Kaitlin','Cook','cmercado@gmail.com','cwilliams','tGyxIrYSEVhp','F','1978-08-09',41,1);
INSERT INTO staff_member (id,employed_since,position,salary,room) VALUES (47,'2017-06-28','Reseptionist',15000,56);
INSERT INTO reseptionist (id) VALUES (47);
INSERT INTO languages_spoken (reseptionist_id,language) VALUES (47,'ItalianItalianPortuguesPortugues');
INSERT INTO person (id,first_name,second_name,email,user_login,user_password,sex,date_of_birth,age,permission_level) VALUES (48,'Mrs.','Nicole','paul12@gmail.com','patriciasnyder','njWFeIEwQ','F','1954-05-06',65,4);
INSERT INTO staff_member (id,employed_since,position,salary,room) VALUES (48,'2012-11-25','Professor',35000,34);
INSERT INTO professor (id,research_topic,surgery_participation,departement_id) VALUES (48,'Rheumatologist',B'1',5);
INSERT INTO person (id,first_name,second_name,email,user_login,user_password,sex,date_of_birth,age,permission_level) VALUES (49,'Megan','Campos','pbradford@gmail.com','uperez','imsDcSKKLqB','F','1929-04-27',90,4);
INSERT INTO patient (id) VALUES (49);
INSERT INTO patients_address (street,house,apartement) VALUES ('Robin st.','15','9');
INSERT INTO medical_history (patient_id,date) VALUES (49,'2019-11-15');
INSERT INTO person (id,first_name,second_name,email,user_login,user_password,sex,date_of_birth,age,permission_level) VALUES (50,'Jorge','Powell','ufaulkner@gmail.com','jordan63','yPBFaIgSretmL','M','1954-02-11',65,4);
INSERT INTO staff_member (id,employed_since,position,salary,room) VALUES (50,'2010-05-04','Reseptionist',15000,56);
INSERT INTO reseptionist (id) VALUES (50);
INSERT INTO languages_spoken (reseptionist_id,language) VALUES (50,'PortuguesItalianItalianRussianPortuguesArabic');
INSERT INTO person (id,first_name,second_name,email,user_login,user_password,sex,date_of_birth,age,permission_level) VALUES (51,'Lindsey','Villarreal','franciscogalvan@hotmail.com','felicia24','LfyzcCbshRc','F','2008-09-06',11,1);
INSERT INTO staff_member (id,employed_since,position,salary,room) VALUES (51,'2013-04-14','Reseptionist',15000,56);
INSERT INTO reseptionist (id) VALUES (51);
INSERT INTO languages_spoken (reseptionist_id,language) VALUES (51,'ItalianTatarRussianRussian');
INSERT INTO person (id,first_name,second_name,email,user_login,user_password,sex,date_of_birth,age,permission_level) VALUES (52,'Marie','Norman','ocopeland@yahoo.com','wthompson','AJnIdiAump','F','2016-09-19',3,4);
INSERT INTO patient (id) VALUES (52);
INSERT INTO patients_address (street,house,apartement) VALUES ('Ebony st.','35','4');
INSERT INTO medical_history (patient_id,date) VALUES (52,'2019-10-18');
INSERT INTO person (id,first_name,second_name,email,user_login,user_password,sex,date_of_birth,age,permission_level) VALUES (53,'Luis','Romero','ysmith@hotmail.com','tylerdavis','pNJdDxWynf','M','1951-11-22',68,2);
INSERT INTO staff_member (id,employed_since,position,salary,room) VALUES (53,'2018-08-01','Nurse',25000,7);
INSERT INTO nurse (id,surgery_assistant,preferred_shifts,appointment_assistant,departement_id) VALUES (53,B'0','Night',B'1',8);
INSERT INTO person (id,first_name,second_name,email,user_login,user_password,sex,date_of_birth,age,permission_level) VALUES (54,'William','Hester','paula95@hotmail.com','marcusball','yHAFRdfJMUI','M','1939-12-21',80,3);
INSERT INTO staff_member (id,employed_since,position,salary,room) VALUES (54,'2014-09-08','Nurse',25000,9);
INSERT INTO nurse (id,surgery_assistant,preferred_shifts,appointment_assistant,departement_id) VALUES (54,B'1','Day',B'0',4);
INSERT INTO person (id,first_name,second_name,email,user_login,user_password,sex,date_of_birth,age,permission_level) VALUES (55,'Hannah','Contreras','zstuart@yahoo.com','angelajackson','IbJrHzHcMLVN','F','1909-08-17',110,4);
INSERT INTO staff_member (id,employed_since,position,salary,room) VALUES (55,'2011-12-12','Nurse',25000,3);
INSERT INTO nurse (id,surgery_assistant,preferred_shifts,appointment_assistant,departement_id) VALUES (55,B'0','Night',B'1',4);
INSERT INTO person (id,first_name,second_name,email,user_login,user_password,sex,date_of_birth,age,permission_level) VALUES (56,'Michael','Davidson','hawkinsjohn@hotmail.com','ryan61','zbdwDZiZJJOpRJ','M','1988-04-08',31,2);
INSERT INTO staff_member (id,employed_since,position,salary,room) VALUES (56,'2013-06-28','Doctor',35000,27);
INSERT INTO doctor (id,speciality,emergency_hours,experience,departement_id,supervisor) VALUES (56,'Infectious Disease Specialist',B'1',4,7,17);
INSERT INTO person (id,first_name,second_name,email,user_login,user_password,sex,date_of_birth,age,permission_level) VALUES (57,'Carolyn','Matthews','wgomez@gmail.com','marquezkimberly','zWBDWlsUVyhGYi','F','1939-09-05',80,4);
INSERT INTO patient (id) VALUES (57);
INSERT INTO patients_address (street,house,apartement) VALUES ('Andrew st.','94','7');
INSERT INTO medical_history (patient_id,date) VALUES (57,'2019-11-12');
INSERT INTO person (id,first_name,second_name,email,user_login,user_password,sex,date_of_birth,age,permission_level) VALUES (58,'Michael','Navarro','mcclainkristie@gmail.com','johnshepard','EXXRYbg','M','2018-07-17',1,2);
INSERT INTO staff_member (id,employed_since,position,salary,room) VALUES (58,'2019-01-30','Nurse',25000,8);
INSERT INTO nurse (id,surgery_assistant,preferred_shifts,appointment_assistant,departement_id) VALUES (58,B'0','Night',B'1',1);
INSERT INTO person (id,first_name,second_name,email,user_login,user_password,sex,date_of_birth,age,permission_level) VALUES (59,'Jane','Hoover','cheryl77@gmail.com','jacob71','TuQzTlqf','F','1978-02-08',41,2);
INSERT INTO patient (id) VALUES (59);
INSERT INTO patients_address (street,house,apartement) VALUES ('Susan st.','95','4');
INSERT INTO medical_history (patient_id,date) VALUES (59,'2019-10-30');
INSERT INTO person (id,first_name,second_name,email,user_login,user_password,sex,date_of_birth,age,permission_level) VALUES (60,'Natasha','Casey','rodriguezwilliam@gmail.com','ericwalker','WyyeBEFizYRs','F','1994-03-23',25,5);
INSERT INTO patient (id) VALUES (60);
INSERT INTO patients_address (street,house,apartement) VALUES ('Jessica st.','69','3');
INSERT INTO medical_history (patient_id,date) VALUES (60,'2019-10-27');
INSERT INTO person (id,first_name,second_name,email,user_login,user_password,sex,date_of_birth,age,permission_level) VALUES (61,'Daniel','Vazquez','ngutierrez@gmail.com','laurenkidd','YyWqQpWGRZDPcJ','M','1975-07-05',44,3);
INSERT INTO staff_member (id,employed_since,position,salary,room) VALUES (61,'2019-02-19','Security Team Member',10000,61);
INSERT INTO security_team_member (id,shifts,physical_test_grade) VALUES (61,'Night','B');
INSERT INTO person (id,first_name,second_name,email,user_login,user_password,sex,date_of_birth,age,permission_level) VALUES (62,'Jonathan','Hall','middletonkatherine@gmail.com','ayalamelissa','KsUcALCmoiSDN','M','1911-03-03',108,2);
INSERT INTO patient (id) VALUES (62);
INSERT INTO patients_address (street,house,apartement) VALUES ('James st.','33','5');
INSERT INTO medical_history (patient_id,date) VALUES (62,'2019-10-16');
INSERT INTO person (id,first_name,second_name,email,user_login,user_password,sex,date_of_birth,age,permission_level) VALUES (63,'Timothy','Campbell','wmurray@gmail.com','millerjoe','dHiGkffYrYaWzv','M','1985-12-03',34,2);
INSERT INTO staff_member (id,employed_since,position,salary,room) VALUES (63,'2018-06-11','Professor',35000,31);
INSERT INTO professor (id,research_topic,surgery_participation,departement_id) VALUES (63,'Dermatologist',B'1',5);
INSERT INTO person (id,first_name,second_name,email,user_login,user_password,sex,date_of_birth,age,permission_level) VALUES (64,'Amanda','Johnston','hwalker@hotmail.com','jwoods','taAsMiCdFFG','F','1979-08-13',40,1);
INSERT INTO staff_member (id,employed_since,position,salary,room) VALUES (64,'2018-05-29','Nurse',25000,3);
INSERT INTO nurse (id,surgery_assistant,preferred_shifts,appointment_assistant,departement_id) VALUES (64,B'0','Day',B'0',4);
INSERT INTO person (id,first_name,second_name,email,user_login,user_password,sex,date_of_birth,age,permission_level) VALUES (65,'Charles','Sparks','migueljones@gmail.com','robertwest','giIqUaEqLt','M','1931-03-30',88,4);
INSERT INTO staff_member (id,employed_since,position,salary,room) VALUES (65,'2010-11-05','Professor',35000,32);
INSERT INTO professor (id,research_topic,surgery_participation,departement_id) VALUES (65,'Obstetrician and Gynecologist',B'1',6);
INSERT INTO person (id,first_name,second_name,email,user_login,user_password,sex,date_of_birth,age,permission_level) VALUES (66,'Melissa','Sanchez','lindseygordon@yahoo.com','christine56','InBPxXEFkdtC','F','1903-12-17',116,4);
INSERT INTO patient (id) VALUES (66);
INSERT INTO patients_address (street,house,apartement) VALUES ('Joseph st.','9','1');
INSERT INTO medical_history (patient_id,date) VALUES (66,'2019-10-25');
INSERT INTO person (id,first_name,second_name,email,user_login,user_password,sex,date_of_birth,age,permission_level) VALUES (67,'Sarah','Burke','jenniferbartlett@hotmail.com','amanda12','tsJXtmMNtoNf','F','1929-05-20',90,2);
INSERT INTO staff_member (id,employed_since,position,salary,room) VALUES (67,'2015-07-03','Professor',35000,31);
INSERT INTO professor (id,research_topic,surgery_participation,departement_id) VALUES (67,'Otolaryngologist',B'1',9);
INSERT INTO person (id,first_name,second_name,email,user_login,user_password,sex,date_of_birth,age,permission_level) VALUES (68,'Eric','Tucker','archercatherine@gmail.com','amanda98','PGrHOZwBol','M','1919-02-20',100,1);
INSERT INTO staff_member (id,employed_since,position,salary,room) VALUES (68,'2012-04-13','HR',30000,66);
INSERT INTO hr (id,selection_responsibility) VALUES (68,'Review');
INSERT INTO person (id,first_name,second_name,email,user_login,user_password,sex,date_of_birth,age,permission_level) VALUES (69,'Kenneth','Caldwell','richardsallison@hotmail.com','eross','BHrdeCELoWmSvXz','M','1994-11-01',25,3);
INSERT INTO staff_member (id,employed_since,position,salary,room) VALUES (69,'2019-11-17','Pharmasist',20000,70);
INSERT INTO pharmasist (id,education_level,research) VALUES (69,'Magister',B'1');
INSERT INTO person (id,first_name,second_name,email,user_login,user_password,sex,date_of_birth,age,permission_level) VALUES (70,'Cindy','Sellers','wpalmer@hotmail.com','brenda84','GwftZMCgDCMS','F','2013-11-06',6,4);
INSERT INTO staff_member (id,employed_since,position,salary,room) VALUES (70,'2012-09-15','Reseptionist',15000,56);
INSERT INTO reseptionist (id) VALUES (70);
INSERT INTO languages_spoken (reseptionist_id,language) VALUES (70,'Italian');
INSERT INTO person (id,first_name,second_name,email,user_login,user_password,sex,date_of_birth,age,permission_level) VALUES (71,'Michelle','Johnson','zbell@gmail.com','fredbryant','XtYXfzNc','F','1999-01-16',20,2);
INSERT INTO patient (id) VALUES (71);
INSERT INTO patients_address (street,house,apartement) VALUES ('Ronald st.','27','1');
INSERT INTO medical_history (patient_id,date) VALUES (71,'2019-11-23');
INSERT INTO person (id,first_name,second_name,email,user_login,user_password,sex,date_of_birth,age,permission_level) VALUES (72,'Olivia','Valdez','thorntonjacob@gmail.com','sandra90','PGbFBNAkYTHJLRh','F','1982-04-28',37,2);
INSERT INTO staff_member (id,employed_since,position,salary,room) VALUES (72,'2010-05-11','Cook',15000,72);
INSERT INTO cook (id,experience) VALUES (72,2);
INSERT INTO person (id,first_name,second_name,email,user_login,user_password,sex,date_of_birth,age,permission_level) VALUES (73,'Nicole','Freeman','williamskyle@hotmail.com','andersonmichael','WBBcRveOKBSCo','F','1957-03-20',62,5);
INSERT INTO staff_member (id,employed_since,position,salary,room) VALUES (73,'2018-07-26','Pharmasist',20000,69);
INSERT INTO pharmasist (id,education_level,research) VALUES (73,'Bachelor',B'1');
INSERT INTO person (id,first_name,second_name,email,user_login,user_password,sex,date_of_birth,age,permission_level) VALUES (74,'Karen','Hickman','clinejoseph@gmail.com','shaunlandry','onWuZcgpIpfKdT','F','2005-08-29',14,5);
INSERT INTO staff_member (id,employed_since,position,salary,room) VALUES (74,'2010-04-10','Nurse',25000,3);
INSERT INTO nurse (id,surgery_assistant,preferred_shifts,appointment_assistant,departement_id) VALUES (74,B'1','Night',B'0',7);
INSERT INTO person (id,first_name,second_name,email,user_login,user_password,sex,date_of_birth,age,permission_level) VALUES (75,'Micheal','Watts','youngbradley@hotmail.com','perrystephanie','DrGfkSuIYsmO','M','1926-10-02',93,4);
INSERT INTO staff_member (id,employed_since,position,salary,room) VALUES (75,'2013-10-22','Maintanence Worker',15000,57);
INSERT INTO maintanence_worker (id,employment_type,speciality) VALUES (75,'Part time','Machines');
INSERT INTO person (id,first_name,second_name,email,user_login,user_password,sex,date_of_birth,age,permission_level) VALUES (76,'Alison','Watson','ajones@yahoo.com','swhitney','SnyTziC','F','1983-05-18',36,2);
INSERT INTO staff_member (id,employed_since,position,salary,room) VALUES (76,'2014-01-09','Doctor',35000,23);
INSERT INTO doctor (id,speciality,emergency_hours,experience,departement_id,supervisor) VALUES (76,'Geriatric Medicine Specialist',B'0',6,11,44);
INSERT INTO person (id,first_name,second_name,email,user_login,user_password,sex,date_of_birth,age,permission_level) VALUES (77,'Kristen','Jackson','charlesbray@hotmail.com','kimberlyjuarez','CwDOHzAbflQc','F','1978-04-19',41,2);
INSERT INTO staff_member (id,employed_since,position,salary,room) VALUES (77,'2019-05-31','IT Specialist',15000,79);
INSERT INTO IT_specialist (id,support_line) VALUES (77,B'1');
INSERT INTO person (id,first_name,second_name,email,user_login,user_password,sex,date_of_birth,age,permission_level) VALUES (78,'Lauren','Sanchez','johnsonzachary@gmail.com','edavis','AKQrLDDWNlodQ','F','1978-06-06',41,5);
INSERT INTO staff_member (id,employed_since,position,salary,room) VALUES (78,'2013-09-24','Professor',35000,32);
INSERT INTO professor (id,research_topic,surgery_participation,departement_id) VALUES (78,'Pediatrician',B'1',1);
INSERT INTO person (id,first_name,second_name,email,user_login,user_password,sex,date_of_birth,age,permission_level) VALUES (79,'Daniel','Gonzalez','peterharris@hotmail.com','jill29','EhxgVbE','M','2015-12-01',4,3);
INSERT INTO staff_member (id,employed_since,position,salary,room) VALUES (79,'2011-06-05','Professor',35000,32);
INSERT INTO professor (id,research_topic,surgery_participation,departement_id) VALUES (79,'Osteopath',B'1',10);
INSERT INTO person (id,first_name,second_name,email,user_login,user_password,sex,date_of_birth,age,permission_level) VALUES (80,'Ronnie','Huff','michaelmoore@hotmail.com','bob12','lpoOZVldCYGeW','M','2014-07-09',5,2);
INSERT INTO staff_member (id,employed_since,position,salary,room) VALUES (80,'2017-04-28','HR',30000,65);
INSERT INTO hr (id,selection_responsibility) VALUES (80,'Interview');
INSERT INTO person (id,first_name,second_name,email,user_login,user_password,sex,date_of_birth,age,permission_level) VALUES (81,'Christina','Owens','xavier01@yahoo.com','wtravis','dPmaAAMziU','F','1974-05-19',45,2);
INSERT INTO staff_member (id,employed_since,position,salary,room) VALUES (81,'2018-01-15','Lab Technician',15000,48);
INSERT INTO lab_technician (id,education_level,departement_id) VALUES (81,'Bachelor',8);
INSERT INTO person (id,first_name,second_name,email,user_login,user_password,sex,date_of_birth,age,permission_level) VALUES (82,'Denise','Caldwell','lopeztammy@hotmail.com','michaelboyle','SOgcwlvmGXGXMe','F','1949-01-21',70,3);
INSERT INTO staff_member (id,employed_since,position,salary,room) VALUES (82,'2010-07-19','Doctor',35000,13);
INSERT INTO doctor (id,speciality,emergency_hours,experience,departement_id,supervisor) VALUES (82,'Geriatric Medicine Specialist',B'0',8,9,31);
INSERT INTO person (id,first_name,second_name,email,user_login,user_password,sex,date_of_birth,age,permission_level) VALUES (83,'Anthony','Marshall','kellysmith@hotmail.com','zlewis','oEARPPsrXHm','M','1963-02-07',56,4);
INSERT INTO staff_member (id,employed_since,position,salary,room) VALUES (83,'2018-07-31','Professor',35000,34);
INSERT INTO professor (id,research_topic,surgery_participation,departement_id) VALUES (83,'Pediatrician',B'1',4);
INSERT INTO person (id,first_name,second_name,email,user_login,user_password,sex,date_of_birth,age,permission_level) VALUES (84,'Alexander','Sanders','tyrone54@gmail.com','nolanjillian','zNYaGuatuhmF','M','1979-02-21',40,3);
INSERT INTO patient (id) VALUES (84);
INSERT INTO patients_address (street,house,apartement) VALUES ('Brooke st.','75','1');
INSERT INTO medical_history (patient_id,date) VALUES (84,'2019-11-03');
INSERT INTO person (id,first_name,second_name,email,user_login,user_password,sex,date_of_birth,age,permission_level) VALUES (85,'Damon','Johnson','gutierrezanthony@hotmail.com','cookedwin','jkMMGEHLrNkrxN','M','1977-03-18',42,3);
INSERT INTO patient (id) VALUES (85);
INSERT INTO patients_address (street,house,apartement) VALUES ('Jeffrey st.','20','10');
INSERT INTO medical_history (patient_id,date) VALUES (85,'2019-11-12');
INSERT INTO person (id,first_name,second_name,email,user_login,user_password,sex,date_of_birth,age,permission_level) VALUES (86,'Brittany','Morrow','kevinmorgan@yahoo.com','xrivera','VMfvxasOhzdcDi','F','1945-08-02',74,4);
INSERT INTO staff_member (id,employed_since,position,salary,room) VALUES (86,'2017-11-03','Nurse',25000,10);
INSERT INTO nurse (id,surgery_assistant,preferred_shifts,appointment_assistant,departement_id) VALUES (86,B'1','Night',B'0',9);
INSERT INTO person (id,first_name,second_name,email,user_login,user_password,sex,date_of_birth,age,permission_level) VALUES (87,'David','Thomas','jeromepitts@yahoo.com','kimberly73','kOHnRwVFBxPsinv','M','2001-05-06',18,1);
INSERT INTO staff_member (id,employed_since,position,salary,room) VALUES (87,'2018-08-19','Cook',15000,71);
INSERT INTO cook (id,experience) VALUES (87,3);
INSERT INTO person (id,first_name,second_name,email,user_login,user_password,sex,date_of_birth,age,permission_level) VALUES (88,'Thomas','Hart','ryan08@gmail.com','serranojoshua','kVLJxscW','M','1970-10-02',49,3);
INSERT INTO staff_member (id,employed_since,position,salary,room) VALUES (88,'2016-07-28','Professor',35000,38);
INSERT INTO professor (id,research_topic,surgery_participation,departement_id) VALUES (88,'Psychiatrist',B'1',9);
INSERT INTO person (id,first_name,second_name,email,user_login,user_password,sex,date_of_birth,age,permission_level) VALUES (89,'Mrs.','Angela','powellangela@gmail.com','elizabeth53','bnbqqliSbf','F','1970-05-20',49,4);
INSERT INTO patient (id) VALUES (89);
INSERT INTO patients_address (street,house,apartement) VALUES ('Corey st.','1','6');
INSERT INTO medical_history (patient_id,date) VALUES (89,'2019-11-22');
INSERT INTO person (id,first_name,second_name,email,user_login,user_password,sex,date_of_birth,age,permission_level) VALUES (90,'Sandra','Brown','rbaldwin@yahoo.com','christiandaniel','umBitXOniMwRQ','F','1953-06-07',66,5);
INSERT INTO staff_member (id,employed_since,position,salary,room) VALUES (90,'2011-03-25','Reseptionist',15000,56);
INSERT INTO reseptionist (id) VALUES (90);
INSERT INTO languages_spoken (reseptionist_id,language) VALUES (90,'RussianEnglishEnglishArabicArabic');
INSERT INTO person (id,first_name,second_name,email,user_login,user_password,sex,date_of_birth,age,permission_level) VALUES (91,'Amanda','Conley','angelamiles@hotmail.com','rweaver','VfTZrYzerMSCgV','F','1967-10-29',52,5);
INSERT INTO staff_member (id,employed_since,position,salary,room) VALUES (91,'2015-06-16','Nurse',25000,7);
INSERT INTO nurse (id,surgery_assistant,preferred_shifts,appointment_assistant,departement_id) VALUES (91,B'1','Day',B'0',3);
INSERT INTO person (id,first_name,second_name,email,user_login,user_password,sex,date_of_birth,age,permission_level) VALUES (92,'Jennifer','Blake','mclaughlinamy@yahoo.com','gonzalessarah','drWdvAKBFiuq','F','1904-04-03',115,3);
INSERT INTO staff_member (id,employed_since,position,salary,room) VALUES (92,'2013-10-18','Nurse',25000,6);
INSERT INTO nurse (id,surgery_assistant,preferred_shifts,appointment_assistant,departement_id) VALUES (92,B'1','Day',B'1',9);
INSERT INTO person (id,first_name,second_name,email,user_login,user_password,sex,date_of_birth,age,permission_level) VALUES (93,'Gregory','Cooper','mcarroll@yahoo.com','alexandra63','lDIqduCJXtEyVvR','M','2012-04-07',7,1);
INSERT INTO staff_member (id,employed_since,position,salary,room) VALUES (93,'2012-08-19','Doctor',35000,17);
INSERT INTO doctor (id,speciality,emergency_hours,experience,departement_id,supervisor) VALUES (93,'Medical Geneticist',B'1',8,2,76);
INSERT INTO person (id,first_name,second_name,email,user_login,user_password,sex,date_of_birth,age,permission_level) VALUES (94,'Joshua','Munoz','parkerangela@gmail.com','ronald33','jyPgGdfgzyNCt','M','1943-04-16',76,2);
INSERT INTO staff_member (id,employed_since,position,salary,room) VALUES (94,'2016-10-02','Doctor',35000,16);
INSERT INTO doctor (id,speciality,emergency_hours,experience,departement_id,supervisor) VALUES (94,'Plastic Surgeon',B'0',9,10,82);
INSERT INTO person (id,first_name,second_name,email,user_login,user_password,sex,date_of_birth,age,permission_level) VALUES (95,'Katherine','Montoya','turnertimothy@hotmail.com','pamelaphillips','jsKtyoLJ','F','2009-10-16',10,5);
INSERT INTO staff_member (id,employed_since,position,salary,room) VALUES (95,'2010-07-29','Lab Technician',15000,41);
INSERT INTO lab_technician (id,education_level,departement_id) VALUES (95,'Magister',6);
INSERT INTO person (id,first_name,second_name,email,user_login,user_password,sex,date_of_birth,age,permission_level) VALUES (96,'Samantha','Smith','christianaustin@yahoo.com','travishuynh','KJBpfIXwlPaGb','F','2008-01-02',11,5);
INSERT INTO staff_member (id,employed_since,position,salary,room) VALUES (96,'2011-06-04','HR',30000,65);
INSERT INTO hr (id,selection_responsibility) VALUES (96,'Review');
INSERT INTO person (id,first_name,second_name,email,user_login,user_password,sex,date_of_birth,age,permission_level) VALUES (97,'Patricia','Combs','chelseamoss@hotmail.com','cfranco','HphrsdA','F','2013-02-04',6,5);
INSERT INTO patient (id) VALUES (97);
INSERT INTO patients_address (street,house,apartement) VALUES ('Miranda st.','22','9');
INSERT INTO medical_history (patient_id,date) VALUES (97,'2019-10-22');
INSERT INTO person (id,first_name,second_name,email,user_login,user_password,sex,date_of_birth,age,permission_level) VALUES (98,'James','Jones','wendybrown@hotmail.com','elizabeth48','ZVLzPvywVoWqpG','M','1955-10-04',64,4);
INSERT INTO staff_member (id,employed_since,position,salary,room) VALUES (98,'2018-11-13','Nurse',25000,8);
INSERT INTO nurse (id,surgery_assistant,preferred_shifts,appointment_assistant,departement_id) VALUES (98,B'0','Day',B'1',9);
INSERT INTO person (id,first_name,second_name,email,user_login,user_password,sex,date_of_birth,age,permission_level) VALUES (99,'Aimee','Thornton','beth81@hotmail.com','christy30','MREVNvmNcNXkK','F','2001-10-23',18,1);
INSERT INTO patient (id) VALUES (99);
INSERT INTO patients_address (street,house,apartement) VALUES ('Paul st.','69','5');
INSERT INTO medical_history (patient_id,date) VALUES (99,'2019-10-15');
INSERT INTO person (id,first_name,second_name,email,user_login,user_password,sex,date_of_birth,age,permission_level) VALUES (100,'Krystal','Hernandez','john22@hotmail.com','shannoncampbell','TcPqfnWTgig','F','1950-05-10',69,1);
INSERT INTO patient (id) VALUES (100);
INSERT INTO patients_address (street,house,apartement) VALUES ('Carolyn st.','52','3');
INSERT INTO medical_history (patient_id,date) VALUES (100,'2019-10-28');
INSERT INTO person (id,first_name,second_name,email,user_login,user_password,sex,date_of_birth,age,permission_level) VALUES (101,'John','Crawford','uwheeler@gmail.com','brandon66','bHhdHsFvWh','M','1955-09-25',64,4);
INSERT INTO staff_member (id,employed_since,position,salary,room) VALUES (101,'2016-08-19','Nurse',25000,4);
INSERT INTO nurse (id,surgery_assistant,preferred_shifts,appointment_assistant,departement_id) VALUES (101,B'0','Day',B'1',10);
INSERT INTO person (id,first_name,second_name,email,user_login,user_password,sex,date_of_birth,age,permission_level) VALUES (102,'Heather','Cooper','johnstanley@hotmail.com','thompsonthomas','nrFiNBeekzj','F','1992-01-02',27,2);
INSERT INTO staff_member (id,employed_since,position,salary,room) VALUES (102,'2019-02-07','Reseptionist',15000,56);
INSERT INTO reseptionist (id) VALUES (102);
INSERT INTO languages_spoken (reseptionist_id,language) VALUES (102,'ItalianPortuguesArabicEnglish');
INSERT INTO person (id,first_name,second_name,email,user_login,user_password,sex,date_of_birth,age,permission_level) VALUES (103,'Scott','Larsen','joseph35@hotmail.com','thomaswu','KNpxhgmPIX','M','1996-05-28',23,1);
INSERT INTO staff_member (id,employed_since,position,salary,room) VALUES (103,'2015-03-27','Professor',35000,35);
INSERT INTO professor (id,research_topic,surgery_participation,departement_id) VALUES (103,'Critical Care Medicine Specialist',B'0',2);
INSERT INTO person (id,first_name,second_name,email,user_login,user_password,sex,date_of_birth,age,permission_level) VALUES (104,'Sandra','Duncan','grantdarlene@hotmail.com','jnelson','gxQWLspgtOfYvq','F','2012-12-18',7,5);
INSERT INTO patient (id) VALUES (104);
INSERT INTO patients_address (street,house,apartement) VALUES ('Michael st.','86','2');
INSERT INTO medical_history (patient_id,date) VALUES (104,'2019-11-23');
INSERT INTO person (id,first_name,second_name,email,user_login,user_password,sex,date_of_birth,age,permission_level) VALUES (105,'Melissa','Murray','smithjason@yahoo.com','kreyes','hfhSRSNFAu','F','1962-12-19',57,3);
INSERT INTO patient (id) VALUES (105);
INSERT INTO patients_address (street,house,apartement) VALUES ('Stephen st.','68','1');
INSERT INTO medical_history (patient_id,date) VALUES (105,'2019-11-23');
INSERT INTO person (id,first_name,second_name,email,user_login,user_password,sex,date_of_birth,age,permission_level) VALUES (106,'Betty','Jimenez','icook@hotmail.com','isimmons','gRApjhaCNxfrj','F','1913-03-14',106,3);
INSERT INTO staff_member (id,employed_since,position,salary,room) VALUES (106,'2014-07-07','Professor',35000,31);
INSERT INTO professor (id,research_topic,surgery_participation,departement_id) VALUES (106,'Sports Medicine Specialist',B'1',7);
INSERT INTO person (id,first_name,second_name,email,user_login,user_password,sex,date_of_birth,age,permission_level) VALUES (107,'Patrick','Page','stephanie30@yahoo.com','kmorrison','JYFICdRPFtv','M','1916-06-06',103,1);
INSERT INTO staff_member (id,employed_since,position,salary,room) VALUES (107,'2017-03-13','Professor',35000,36);
INSERT INTO professor (id,research_topic,surgery_participation,departement_id) VALUES (107,'Nephrologist',B'1',10);
INSERT INTO person (id,first_name,second_name,email,user_login,user_password,sex,date_of_birth,age,permission_level) VALUES (108,'Justin','Riddle','glennsmith@gmail.com','valerie85','mXINyuHAuyBj','M','1974-08-20',45,5);
INSERT INTO patient (id) VALUES (108);
INSERT INTO patients_address (street,house,apartement) VALUES ('Anna st.','87','6');
INSERT INTO medical_history (patient_id,date) VALUES (108,'2019-10-30');
INSERT INTO person (id,first_name,second_name,email,user_login,user_password,sex,date_of_birth,age,permission_level) VALUES (109,'Maurice','Huynh','hmiles@hotmail.com','joshua65','YLHLtVUvMPG','M','1970-05-11',49,4);
INSERT INTO staff_member (id,employed_since,position,salary,room) VALUES (109,'2014-09-20','Nurse',25000,10);
INSERT INTO nurse (id,surgery_assistant,preferred_shifts,appointment_assistant,departement_id) VALUES (109,B'0','Day',B'1',10);
INSERT INTO person (id,first_name,second_name,email,user_login,user_password,sex,date_of_birth,age,permission_level) VALUES (110,'Anthony','Gonzales','lchan@yahoo.com','jacksonmichael','OZikpHCESCcTvg','M','1923-11-28',96,3);
INSERT INTO staff_member (id,employed_since,position,salary,room) VALUES (110,'2019-05-28','Nurse',25000,3);
INSERT INTO nurse (id,surgery_assistant,preferred_shifts,appointment_assistant,departement_id) VALUES (110,B'0','Night',B'1',8);
INSERT INTO person (id,first_name,second_name,email,user_login,user_password,sex,date_of_birth,age,permission_level) VALUES (111,'Jennifer','Salinas','hoandrew@hotmail.com','zachary50','KjGNnMxOTh','F','1952-07-20',67,1);
INSERT INTO staff_member (id,employed_since,position,salary,room) VALUES (111,'2018-11-11','Nurse',25000,7);
INSERT INTO nurse (id,surgery_assistant,preferred_shifts,appointment_assistant,departement_id) VALUES (111,B'0','Day',B'1',10);
INSERT INTO person (id,first_name,second_name,email,user_login,user_password,sex,date_of_birth,age,permission_level) VALUES (112,'Eric','Haynes','linda56@gmail.com','simpsonjennifer','jagBkMKNBrg','M','1925-06-27',94,4);
INSERT INTO staff_member (id,employed_since,position,salary,room) VALUES (112,'2019-10-01','Doctor',35000,19);
INSERT INTO doctor (id,speciality,emergency_hours,experience,departement_id,supervisor) VALUES (112,'Neurologist',B'0',7,6,76);
INSERT INTO person (id,first_name,second_name,email,user_login,user_password,sex,date_of_birth,age,permission_level) VALUES (113,'Jacob','Gay','josephcole@hotmail.com','zglover','NUMItZzwQdygDu','M','1927-03-25',92,4);
INSERT INTO staff_member (id,employed_since,position,salary,room) VALUES (113,'2013-09-09','Doctor',35000,12);
INSERT INTO doctor (id,speciality,emergency_hours,experience,departement_id,supervisor) VALUES (113,'Plastic Surgeon',B'1',9,9,82);
INSERT INTO person (id,first_name,second_name,email,user_login,user_password,sex,date_of_birth,age,permission_level) VALUES (114,'Abigail','Hawkins','uallison@gmail.com','brendaclark','fVuEazQtpnNyys','F','2004-01-30',15,5);
INSERT INTO staff_member (id,employed_since,position,salary,room) VALUES (114,'2017-01-16','Nurse',25000,4);
INSERT INTO nurse (id,surgery_assistant,preferred_shifts,appointment_assistant,departement_id) VALUES (114,B'0','Day',B'0',1);
INSERT INTO person (id,first_name,second_name,email,user_login,user_password,sex,date_of_birth,age,permission_level) VALUES (115,'Margaret','Beck','dkey@yahoo.com','ihernandez','gJaapGa','F','1970-03-08',49,3);
INSERT INTO staff_member (id,employed_since,position,salary,room) VALUES (115,'2019-05-26','Pharmasist',20000,70);
INSERT INTO pharmasist (id,education_level,research) VALUES (115,'Postgraduate',B'1');
INSERT INTO person (id,first_name,second_name,email,user_login,user_password,sex,date_of_birth,age,permission_level) VALUES (116,'Joseph','Smith','richard35@hotmail.com','james36','TnPvBOAHzeez','M','1979-02-11',40,3);
INSERT INTO staff_member (id,employed_since,position,salary,room) VALUES (116,'2014-12-26','Doctor',35000,14);
INSERT INTO doctor (id,speciality,emergency_hours,experience,departement_id,supervisor) VALUES (116,'Oncologist',B'0',8,7,56);
INSERT INTO person (id,first_name,second_name,email,user_login,user_password,sex,date_of_birth,age,permission_level) VALUES (117,'Lacey','Moore','lanejesse@hotmail.com','ronald54','ilgOLvYrbvWbl','F','1917-07-07',102,2);
INSERT INTO staff_member (id,employed_since,position,salary,room) VALUES (117,'2013-11-22','Nurse',25000,7);
INSERT INTO nurse (id,surgery_assistant,preferred_shifts,appointment_assistant,departement_id) VALUES (117,B'1','Night',B'1',5);
INSERT INTO person (id,first_name,second_name,email,user_login,user_password,sex,date_of_birth,age,permission_level) VALUES (118,'Jordan','Ward','imitchell@hotmail.com','amykelley','wyIOSgsxkNQZTb','F','2003-04-23',16,3);
INSERT INTO staff_member (id,employed_since,position,salary,room) VALUES (118,'2019-07-12','Doctor',35000,26);
INSERT INTO doctor (id,speciality,emergency_hours,experience,departement_id,supervisor) VALUES (118,'Physiatrist',B'0',4,5,93);
INSERT INTO person (id,first_name,second_name,email,user_login,user_password,sex,date_of_birth,age,permission_level) VALUES (119,'Melinda','Chapman','katrina46@gmail.com','william19','gbchHoOKuj','F','1932-06-06',87,5);
INSERT INTO staff_member (id,employed_since,position,salary,room) VALUES (119,'2012-09-02','Professor',35000,34);
INSERT INTO professor (id,research_topic,surgery_participation,departement_id) VALUES (119,'Gastroenterologist',B'0',3);
INSERT INTO person (id,first_name,second_name,email,user_login,user_password,sex,date_of_birth,age,permission_level) VALUES (120,'Kimberly','Thomas','iscott@hotmail.com','lopezricky','lyxZfANN','F','1993-04-13',26,1);
INSERT INTO staff_member (id,employed_since,position,salary,room) VALUES (120,'2014-07-14','Doctor',35000,29);
INSERT INTO doctor (id,speciality,emergency_hours,experience,departement_id,supervisor) VALUES (120,'Critical Care Medicine Specialist',B'1',4,11,39);
INSERT INTO person (id,first_name,second_name,email,user_login,user_password,sex,date_of_birth,age,permission_level) VALUES (121,'Paul','Wallace','hebertoscar@yahoo.com','zcarpenter','wmUKIzg','M','1973-07-03',46,1);
INSERT INTO staff_member (id,employed_since,position,salary,room) VALUES (121,'2015-09-21','Doctor',35000,17);
INSERT INTO doctor (id,speciality,emergency_hours,experience,departement_id,supervisor) VALUES (121,'Anesthesiologist',B'1',6,10,93);
INSERT INTO person (id,first_name,second_name,email,user_login,user_password,sex,date_of_birth,age,permission_level) VALUES (122,'Joanna','Allen','bjohnson@hotmail.com','cwatson','byvJvBaFT','F','2000-01-13',19,5);
INSERT INTO patient (id) VALUES (122);
INSERT INTO patients_address (street,house,apartement) VALUES ('Sean st.','95','9');
INSERT INTO medical_history (patient_id,date) VALUES (122,'2019-11-02');
INSERT INTO person (id,first_name,second_name,email,user_login,user_password,sex,date_of_birth,age,permission_level) VALUES (123,'Patrick','Sherman','joshuamorgan@hotmail.com','dparks','iBOhJhHgUSkuX','M','1972-05-29',47,4);
INSERT INTO staff_member (id,employed_since,position,salary,room) VALUES (123,'2015-08-01','Doctor',35000,14);
INSERT INTO doctor (id,speciality,emergency_hours,experience,departement_id,supervisor) VALUES (123,'Psychiatrist',B'0',4,3,118);
INSERT INTO person (id,first_name,second_name,email,user_login,user_password,sex,date_of_birth,age,permission_level) VALUES (124,'David','Lowe','gregory54@hotmail.com','christopher70','CCOCqMfKogzkh','M','2002-04-05',17,2);
INSERT INTO staff_member (id,employed_since,position,salary,room) VALUES (124,'2013-03-13','Doctor',35000,12);
INSERT INTO doctor (id,speciality,emergency_hours,experience,departement_id,supervisor) VALUES (124,'Plastic Surgeon',B'0',9,3,93);
INSERT INTO person (id,first_name,second_name,email,user_login,user_password,sex,date_of_birth,age,permission_level) VALUES (125,'Amber','Gordon','jhoward@yahoo.com','moralesmichael','DRPighXChtaTR','F','1920-11-10',99,1);
INSERT INTO staff_member (id,employed_since,position,salary,room) VALUES (125,'2010-03-03','Pharmasist',20000,69);
INSERT INTO pharmasist (id,education_level,research) VALUES (125,'Bachelor',B'0');
INSERT INTO person (id,first_name,second_name,email,user_login,user_password,sex,date_of_birth,age,permission_level) VALUES (126,'Austin','Levine','pwhite@gmail.com','kevinsherman','smAYYawNaIpNaDH','M','1984-09-18',35,4);
INSERT INTO staff_member (id,employed_since,position,salary,room) VALUES (126,'2013-07-30','Doctor',35000,16);
INSERT INTO doctor (id,speciality,emergency_hours,experience,departement_id,supervisor) VALUES (126,'Hospice and Palliative Medicine Specialist',B'0',2,6,120);
INSERT INTO person (id,first_name,second_name,email,user_login,user_password,sex,date_of_birth,age,permission_level) VALUES (127,'Joyce','White','maldonadomadison@hotmail.com','rwilson','ToGSXIaOLLUySw','F','1905-02-22',114,4);
INSERT INTO staff_member (id,employed_since,position,salary,room) VALUES (127,'2017-03-21','Maintanence Worker',15000,60);
INSERT INTO maintanence_worker (id,employment_type,speciality) VALUES (127,'Part time','Furniture');
INSERT INTO person (id,first_name,second_name,email,user_login,user_password,sex,date_of_birth,age,permission_level) VALUES (128,'James','Meyers','ebrown@yahoo.com','rhodesvictoria','NQaQMUQN','M','2002-10-20',17,1);
INSERT INTO staff_member (id,employed_since,position,salary,room) VALUES (128,'2011-03-19','Nurse',25000,6);
INSERT INTO nurse (id,surgery_assistant,preferred_shifts,appointment_assistant,departement_id) VALUES (128,B'1','Night',B'0',9);
INSERT INTO person (id,first_name,second_name,email,user_login,user_password,sex,date_of_birth,age,permission_level) VALUES (129,'Adam','Tanner','lindsay93@yahoo.com','robert14','XiwnjzHaxeeedfR','M','1973-10-03',46,3);
INSERT INTO patient (id) VALUES (129);
INSERT INTO patients_address (street,house,apartement) VALUES ('Vincent st.','44','8');
INSERT INTO medical_history (patient_id,date) VALUES (129,'2019-11-20');
INSERT INTO person (id,first_name,second_name,email,user_login,user_password,sex,date_of_birth,age,permission_level) VALUES (130,'Lisa','Carson','nancychan@gmail.com','shepherdkaitlyn','kWruaaUifNLi','F','1974-09-09',45,1);
INSERT INTO staff_member (id,employed_since,position,salary,room) VALUES (130,'2015-06-05','Lab Technician',15000,43);
INSERT INTO lab_technician (id,education_level,departement_id) VALUES (130,'Magister',6);
INSERT INTO person (id,first_name,second_name,email,user_login,user_password,sex,date_of_birth,age,permission_level) VALUES (131,'Richard','Medina','juarezjose@gmail.com','ronald69','jIEckvAyrm','M','1910-01-10',109,4);
INSERT INTO staff_member (id,employed_since,position,salary,room) VALUES (131,'2017-04-18','Cleaning Team Worker',10000,53);
INSERT INTO cleaning_team_worker (id,employment_type) VALUES (131,'Part time');
INSERT INTO person (id,first_name,second_name,email,user_login,user_password,sex,date_of_birth,age,permission_level) VALUES (132,'Joseph','Pratt','oryan@gmail.com','amy06','FpPTNmoCk','M','1935-06-29',84,1);
INSERT INTO staff_member (id,employed_since,position,salary,room) VALUES (132,'2013-03-26','Professor',35000,33);
INSERT INTO professor (id,research_topic,surgery_participation,departement_id) VALUES (132,'Physiatrist',B'1',4);
INSERT INTO person (id,first_name,second_name,email,user_login,user_password,sex,date_of_birth,age,permission_level) VALUES (133,'Mary','Higgins','williamspaige@hotmail.com','bridgestracy','AtSPvYPetuNZCm','F','2002-09-13',17,5);
INSERT INTO staff_member (id,employed_since,position,salary,room) VALUES (133,'2017-05-26','Professor',35000,33);
INSERT INTO professor (id,research_topic,surgery_participation,departement_id) VALUES (133,'Allergist',B'1',10);
INSERT INTO person (id,first_name,second_name,email,user_login,user_password,sex,date_of_birth,age,permission_level) VALUES (134,'April','West','karen94@gmail.com','rubiokimberly','RxOxmUQA','F','2016-03-23',3,4);
INSERT INTO staff_member (id,employed_since,position,salary,room) VALUES (134,'2012-02-02','Cleaning Team Worker',10000,51);
INSERT INTO cleaning_team_worker (id,employment_type) VALUES (134,'Full time');
INSERT INTO person (id,first_name,second_name,email,user_login,user_password,sex,date_of_birth,age,permission_level) VALUES (135,'Steven','Lee','nicolelee@gmail.com','qwarren','sTsTrMexV','M','1922-08-02',97,1);
INSERT INTO patient (id) VALUES (135);
INSERT INTO patients_address (street,house,apartement) VALUES ('Mark st.','35','7');
INSERT INTO medical_history (patient_id,date) VALUES (135,'2019-11-08');
INSERT INTO person (id,first_name,second_name,email,user_login,user_password,sex,date_of_birth,age,permission_level) VALUES (136,'Lori','Montoya','judithreed@hotmail.com','vsmith','qGpbNOKKax','F','1919-09-24',100,5);
INSERT INTO staff_member (id,employed_since,position,salary,room) VALUES (136,'2013-01-20','Nurse',25000,6);
INSERT INTO nurse (id,surgery_assistant,preferred_shifts,appointment_assistant,departement_id) VALUES (136,B'1','Night',B'0',1);
INSERT INTO person (id,first_name,second_name,email,user_login,user_password,sex,date_of_birth,age,permission_level) VALUES (137,'Mary','Becker','sextonchristopher@yahoo.com','kmoore','xgarvttQrFY','F','1908-09-02',111,2);
INSERT INTO staff_member (id,employed_since,position,salary,room) VALUES (137,'2015-05-10','Professor',35000,37);
INSERT INTO professor (id,research_topic,surgery_participation,departement_id) VALUES (137,'Anesthesiologist',B'1',1);
INSERT INTO person (id,first_name,second_name,email,user_login,user_password,sex,date_of_birth,age,permission_level) VALUES (138,'Richard','Lucas','wfry@hotmail.com','amandacalderon','ArJmHTOh','M','1988-12-31',31,5);
INSERT INTO staff_member (id,employed_since,position,salary,room) VALUES (138,'2012-04-17','Nurse',25000,3);
INSERT INTO nurse (id,surgery_assistant,preferred_shifts,appointment_assistant,departement_id) VALUES (138,B'1','Night',B'1',11);
INSERT INTO person (id,first_name,second_name,email,user_login,user_password,sex,date_of_birth,age,permission_level) VALUES (139,'Lisa','Patterson','katieellison@yahoo.com','millernathaniel','LskpIuE','F','1966-02-13',53,3);
INSERT INTO patient (id) VALUES (139);
INSERT INTO patients_address (street,house,apartement) VALUES ('Dylan st.','37','8');
INSERT INTO medical_history (patient_id,date) VALUES (139,'2019-11-19');
INSERT INTO person (id,first_name,second_name,email,user_login,user_password,sex,date_of_birth,age,permission_level) VALUES (140,'Tony','Perkins','heather86@hotmail.com','david93','VsvsYBjphJ','M','1983-09-28',36,2);
INSERT INTO staff_member (id,employed_since,position,salary,room) VALUES (140,'2011-07-02','Lab Technician',15000,47);
INSERT INTO lab_technician (id,education_level,departement_id) VALUES (140,'Postgraduate',3);
INSERT INTO person (id,first_name,second_name,email,user_login,user_password,sex,date_of_birth,age,permission_level) VALUES (141,'Amy','Joseph','cfields@hotmail.com','johncopeland','ielAAPLxFQXcz','F','1942-07-14',77,5);
INSERT INTO staff_member (id,employed_since,position,salary,room) VALUES (141,'2013-05-28','Nurse',25000,3);
INSERT INTO nurse (id,surgery_assistant,preferred_shifts,appointment_assistant,departement_id) VALUES (141,B'1','Day',B'0',2);
INSERT INTO person (id,first_name,second_name,email,user_login,user_password,sex,date_of_birth,age,permission_level) VALUES (142,'Louis','Martinez','pmiller@gmail.com','garrisonmelissa','gdPFFRgoI','M','1912-09-14',107,4);
INSERT INTO patient (id) VALUES (142);
INSERT INTO patients_address (street,house,apartement) VALUES ('Shane st.','42','5');
INSERT INTO medical_history (patient_id,date) VALUES (142,'2019-10-18');
INSERT INTO person (id,first_name,second_name,email,user_login,user_password,sex,date_of_birth,age,permission_level) VALUES (143,'Margaret','Kim','callahansteven@yahoo.com','johnsmith','wSetomPfp','F','2006-03-20',13,5);
INSERT INTO staff_member (id,employed_since,position,salary,room) VALUES (143,'2016-02-15','HR',30000,66);
INSERT INTO hr (id,selection_responsibility) VALUES (143,'Review');
INSERT INTO person (id,first_name,second_name,email,user_login,user_password,sex,date_of_birth,age,permission_level) VALUES (144,'Sharon','Flynn','joshuafitzpatrick@hotmail.com','littlejessica','BlaRpysRCu','F','1916-10-21',103,2);
INSERT INTO staff_member (id,employed_since,position,salary,room) VALUES (144,'2014-12-09','Doctor',35000,27);
INSERT INTO doctor (id,speciality,emergency_hours,experience,departement_id,supervisor) VALUES (144,'Endocrinologists',B'1',10,11,112);
INSERT INTO person (id,first_name,second_name,email,user_login,user_password,sex,date_of_birth,age,permission_level) VALUES (145,'Tracy','Reyes','kellysalazar@yahoo.com','cynthiamassey','RSXoRlFH','F','1929-10-15',90,3);
INSERT INTO staff_member (id,employed_since,position,salary,room) VALUES (145,'2015-09-28','HR',30000,66);
INSERT INTO hr (id,selection_responsibility) VALUES (145,'Interview');
INSERT INTO person (id,first_name,second_name,email,user_login,user_password,sex,date_of_birth,age,permission_level) VALUES (146,'Deborah','Parker','hcampos@gmail.com','mariachavez','XnnxaMqzGeoa','F','1957-05-12',62,4);
INSERT INTO staff_member (id,employed_since,position,salary,room) VALUES (146,'2015-03-26','Doctor',35000,21);
INSERT INTO doctor (id,speciality,emergency_hours,experience,departement_id,supervisor) VALUES (146,'Pathologist',B'0',8,4,93);
INSERT INTO person (id,first_name,second_name,email,user_login,user_password,sex,date_of_birth,age,permission_level) VALUES (147,'Courtney','Rose','agomez@gmail.com','mallorycruz','VVRvqNtvRmid','F','2016-07-04',3,1);
INSERT INTO staff_member (id,employed_since,position,salary,room) VALUES (147,'2017-06-13','Doctor',35000,21);
INSERT INTO doctor (id,speciality,emergency_hours,experience,departement_id,supervisor) VALUES (147,'Ophthalmologist',B'0',2,1,31);
INSERT INTO person (id,first_name,second_name,email,user_login,user_password,sex,date_of_birth,age,permission_level) VALUES (148,'Devon','James','pattersonedgar@yahoo.com','yfarley','nILssetq','M','1982-03-30',37,1);
INSERT INTO patient (id) VALUES (148);
INSERT INTO patients_address (street,house,apartement) VALUES ('Hannah st.','35','9');
INSERT INTO medical_history (patient_id,date) VALUES (148,'2019-11-16');
INSERT INTO person (id,first_name,second_name,email,user_login,user_password,sex,date_of_birth,age,permission_level) VALUES (149,'Anne','Brown','alexandrahamilton@gmail.com','wardjeffrey','mvnhBXZQaD','F','1979-10-13',40,4);
INSERT INTO staff_member (id,employed_since,position,salary,room) VALUES (149,'2011-03-23','Doctor',35000,27);
INSERT INTO doctor (id,speciality,emergency_hours,experience,departement_id,supervisor) VALUES (149,'Allergist',B'1',3,9,112);
INSERT INTO person (id,first_name,second_name,email,user_login,user_password,sex,date_of_birth,age,permission_level) VALUES (150,'Jason','Wood','dwaynepittman@yahoo.com','rodgersgina','ZJeolxzP','M','1920-06-08',99,1);
INSERT INTO staff_member (id,employed_since,position,salary,room) VALUES (150,'2012-03-11','IT Specialist',15000,79);
INSERT INTO IT_specialist (id,support_line) VALUES (150,B'1');
INSERT INTO person (id,first_name,second_name,email,user_login,user_password,sex,date_of_birth,age,permission_level) VALUES (151,'Jamie','Hall','ugeorge@gmail.com','nbest','RIiVDjByi','F','1948-12-17',71,3);
INSERT INTO staff_member (id,employed_since,position,salary,room) VALUES (151,'2018-06-28','HR',30000,67);
INSERT INTO hr (id,selection_responsibility) VALUES (151,'Interview');
INSERT INTO person (id,first_name,second_name,email,user_login,user_password,sex,date_of_birth,age,permission_level) VALUES (152,'Kathryn','Huber','millerashley@gmail.com','qbeard','zAgYoWHScIaC','F','2012-09-18',7,2);
INSERT INTO patient (id) VALUES (152);
INSERT INTO patients_address (street,house,apartement) VALUES ('Alyssa st.','21','6');
INSERT INTO medical_history (patient_id,date) VALUES (152,'2019-11-10');
INSERT INTO person (id,first_name,second_name,email,user_login,user_password,sex,date_of_birth,age,permission_level) VALUES (153,'Mrs.','Abigail','wosborn@hotmail.com','monroelisa','BCXKCcb','F','1977-07-07',42,1);
INSERT INTO staff_member (id,employed_since,position,salary,room) VALUES (153,'2012-08-31','Nurse',25000,9);
INSERT INTO nurse (id,surgery_assistant,preferred_shifts,appointment_assistant,departement_id) VALUES (153,B'0','Day',B'1',9);
INSERT INTO person (id,first_name,second_name,email,user_login,user_password,sex,date_of_birth,age,permission_level) VALUES (154,'Marcus','Gordon','jacoblowe@hotmail.com','hfowler','EcJWQrgZ','M','1937-01-26',82,5);
INSERT INTO patient (id) VALUES (154);
INSERT INTO patients_address (street,house,apartement) VALUES ('Troy st.','96','2');
INSERT INTO medical_history (patient_id,date) VALUES (154,'2019-10-27');
INSERT INTO person (id,first_name,second_name,email,user_login,user_password,sex,date_of_birth,age,permission_level) VALUES (155,'Samantha','Lopez','meganluna@yahoo.com','ddrake','peNfzxuihe','F','1972-12-31',47,3);
INSERT INTO staff_member (id,employed_since,position,salary,room) VALUES (155,'2016-04-25','HR',30000,65);
INSERT INTO hr (id,selection_responsibility) VALUES (155,'Interview');
INSERT INTO person (id,first_name,second_name,email,user_login,user_password,sex,date_of_birth,age,permission_level) VALUES (156,'Nathan','Wagner','teresawallace@hotmail.com','curtisdavid','tBAEEiUMmDRO','M','1981-10-25',38,1);
INSERT INTO staff_member (id,employed_since,position,salary,room) VALUES (156,'2017-04-28','HR',30000,65);
INSERT INTO hr (id,selection_responsibility) VALUES (156,'Interview');
INSERT INTO person (id,first_name,second_name,email,user_login,user_password,sex,date_of_birth,age,permission_level) VALUES (157,'Shane','Jimenez','gary19@yahoo.com','robertbennett','SCgaiEZBjDrXRNa','M','2017-01-16',2,5);
INSERT INTO staff_member (id,employed_since,position,salary,room) VALUES (157,'2011-01-29','Professor',35000,37);
INSERT INTO professor (id,research_topic,surgery_participation,departement_id) VALUES (157,'Colon Surgeon',B'0',3);
INSERT INTO person (id,first_name,second_name,email,user_login,user_password,sex,date_of_birth,age,permission_level) VALUES (158,'Kathryn','Carlson','robert75@gmail.com','vharrell','wIGFAtdB','F','2019-02-25',0,5);
INSERT INTO staff_member (id,employed_since,position,salary,room) VALUES (158,'2013-10-03','Nurse',25000,9);
INSERT INTO nurse (id,surgery_assistant,preferred_shifts,appointment_assistant,departement_id) VALUES (158,B'0','Day',B'0',11);
INSERT INTO person (id,first_name,second_name,email,user_login,user_password,sex,date_of_birth,age,permission_level) VALUES (159,'Jeremy','Byrd','kimberlyrivera@gmail.com','smithtyler','JXMMrnpmUzlGEk','M','1914-02-17',105,2);
INSERT INTO staff_member (id,employed_since,position,salary,room) VALUES (159,'2018-06-17','Nurse',25000,10);
INSERT INTO nurse (id,surgery_assistant,preferred_shifts,appointment_assistant,departement_id) VALUES (159,B'0','Night',B'0',10);
INSERT INTO person (id,first_name,second_name,email,user_login,user_password,sex,date_of_birth,age,permission_level) VALUES (160,'Jose','Gilbert','hhall@gmail.com','samuelgoodwin','RotcUMBgSQdxj','M','1985-08-29',34,3);
INSERT INTO staff_member (id,employed_since,position,salary,room) VALUES (160,'2014-07-21','Nurse',25000,8);
INSERT INTO nurse (id,surgery_assistant,preferred_shifts,appointment_assistant,departement_id) VALUES (160,B'0','Day',B'0',1);
INSERT INTO person (id,first_name,second_name,email,user_login,user_password,sex,date_of_birth,age,permission_level) VALUES (161,'Kenneth','Sawyer','susanwilliams@yahoo.com','normanlinda','LBVtpSKrRgVR','M','2016-06-10',3,3);
INSERT INTO patient (id) VALUES (161);
INSERT INTO patients_address (street,house,apartement) VALUES ('Tricia st.','51','1');
INSERT INTO medical_history (patient_id,date) VALUES (161,'2019-11-22');
INSERT INTO person (id,first_name,second_name,email,user_login,user_password,sex,date_of_birth,age,permission_level) VALUES (162,'Laura','Chen','stephenperkins@hotmail.com','jacobdavidson','CRvZwmbiY','F','1990-04-06',29,4);
INSERT INTO staff_member (id,employed_since,position,salary,room) VALUES (162,'2011-01-28','Maintanence Worker',15000,58);
INSERT INTO maintanence_worker (id,employment_type,speciality) VALUES (162,'Full time','Machines');
INSERT INTO person (id,first_name,second_name,email,user_login,user_password,sex,date_of_birth,age,permission_level) VALUES (163,'Victor','Lozano','montgomerymia@gmail.com','gbowen','QgErMJWqR','M','1938-04-29',81,3);
INSERT INTO staff_member (id,employed_since,position,salary,room) VALUES (163,'2015-10-10','Nurse',25000,3);
INSERT INTO nurse (id,surgery_assistant,preferred_shifts,appointment_assistant,departement_id) VALUES (163,B'0','Night',B'0',9);
INSERT INTO person (id,first_name,second_name,email,user_login,user_password,sex,date_of_birth,age,permission_level) VALUES (164,'Sean','Jones','christopher43@hotmail.com','chad03','VstuTVIydVAeQBW','M','1959-02-16',60,3);
INSERT INTO patient (id) VALUES (164);
INSERT INTO patients_address (street,house,apartement) VALUES ('Jillian st.','97','1');
INSERT INTO medical_history (patient_id,date) VALUES (164,'2019-11-08');
INSERT INTO person (id,first_name,second_name,email,user_login,user_password,sex,date_of_birth,age,permission_level) VALUES (165,'Melissa','Miller','kimberly52@yahoo.com','nicholascain','gMJlxdIoXqtVy','F','1987-03-16',32,3);
INSERT INTO staff_member (id,employed_since,position,salary,room) VALUES (165,'2018-08-07','Nurse',25000,4);
INSERT INTO nurse (id,surgery_assistant,preferred_shifts,appointment_assistant,departement_id) VALUES (165,B'0','Night',B'1',8);
INSERT INTO person (id,first_name,second_name,email,user_login,user_password,sex,date_of_birth,age,permission_level) VALUES (166,'Mary','Kim','wware@hotmail.com','jjacobs','kKiIqqHxjPSsn','F','1962-01-09',57,3);
INSERT INTO staff_member (id,employed_since,position,salary,room) VALUES (166,'2010-03-26','Cleaning Team Worker',10000,51);
INSERT INTO cleaning_team_worker (id,employment_type) VALUES (166,'Part time');
INSERT INTO person (id,first_name,second_name,email,user_login,user_password,sex,date_of_birth,age,permission_level) VALUES (167,'Kelly','Carter','davidheath@yahoo.com','gwelch','nfaKEWadNV','F','1970-12-21',49,4);
INSERT INTO staff_member (id,employed_since,position,salary,room) VALUES (167,'2013-09-18','HR',30000,67);
INSERT INTO hr (id,selection_responsibility) VALUES (167,'Interview');
INSERT INTO person (id,first_name,second_name,email,user_login,user_password,sex,date_of_birth,age,permission_level) VALUES (168,'Patricia','Marshall','neil19@hotmail.com','michellehays','CLEWGAkCxZoupdg','F','1934-03-05',85,3);
INSERT INTO staff_member (id,employed_since,position,salary,room) VALUES (168,'2011-06-05','Nurse',25000,4);
INSERT INTO nurse (id,surgery_assistant,preferred_shifts,appointment_assistant,departement_id) VALUES (168,B'1','Day',B'0',8);
INSERT INTO person (id,first_name,second_name,email,user_login,user_password,sex,date_of_birth,age,permission_level) VALUES (169,'Thomas','Miller','wkelly@gmail.com','nathan82','sVeRTdJQiuth','M','1983-09-30',36,1);
INSERT INTO patient (id) VALUES (169);
INSERT INTO patients_address (street,house,apartement) VALUES ('Anita st.','74','5');
INSERT INTO medical_history (patient_id,date) VALUES (169,'2019-11-09');
INSERT INTO person (id,first_name,second_name,email,user_login,user_password,sex,date_of_birth,age,permission_level) VALUES (170,'Kelsey','Lopez','uboone@gmail.com','pdiaz','eHZDgHxeNhtfCPj','F','2009-02-17',10,5);
INSERT INTO staff_member (id,employed_since,position,salary,room) VALUES (170,'2017-12-14','Nurse',25000,5);
INSERT INTO nurse (id,surgery_assistant,preferred_shifts,appointment_assistant,departement_id) VALUES (170,B'1','Night',B'1',11);
INSERT INTO person (id,first_name,second_name,email,user_login,user_password,sex,date_of_birth,age,permission_level) VALUES (171,'Aaron','Cox','vlarson@yahoo.com','jennifergraham','eruSHJuruoDGcmi','M','2017-03-27',2,1);
INSERT INTO staff_member (id,employed_since,position,salary,room) VALUES (171,'2014-09-27','Professor',35000,35);
INSERT INTO professor (id,research_topic,surgery_participation,departement_id) VALUES (171,'Nephrologist',B'1',2);
INSERT INTO person (id,first_name,second_name,email,user_login,user_password,sex,date_of_birth,age,permission_level) VALUES (172,'Stephanie','Moran','shardy@hotmail.com','hprince','bjDWNWKtPcMQRF','F','1988-01-21',31,4);
INSERT INTO staff_member (id,employed_since,position,salary,room) VALUES (172,'2012-02-27','Security Team Member',10000,63);
INSERT INTO security_team_member (id,shifts,physical_test_grade) VALUES (172,'Day','C');
INSERT INTO person (id,first_name,second_name,email,user_login,user_password,sex,date_of_birth,age,permission_level) VALUES (173,'Neil','Thomas','kwilliams@yahoo.com','wporter','vOfsryv','M','2013-07-26',6,2);
INSERT INTO staff_member (id,employed_since,position,salary,room) VALUES (173,'2018-05-13','Doctor',35000,13);
INSERT INTO doctor (id,speciality,emergency_hours,experience,departement_id,supervisor) VALUES (173,'Physiatrist',B'1',7,4,82);
INSERT INTO person (id,first_name,second_name,email,user_login,user_password,sex,date_of_birth,age,permission_level) VALUES (174,'Samantha','Ashley','harrisjoshua@gmail.com','lmaynard','sgMHQVaDrcBLEkA','F','1924-08-02',95,3);
INSERT INTO patient (id) VALUES (174);
INSERT INTO patients_address (street,house,apartement) VALUES ('Nicole st.','85','5');
INSERT INTO medical_history (patient_id,date) VALUES (174,'2019-11-09');
INSERT INTO person (id,first_name,second_name,email,user_login,user_password,sex,date_of_birth,age,permission_level) VALUES (175,'Lisa','Welch','nrandall@hotmail.com','vanessa82','VvVdUZBE','F','1905-03-24',114,3);
INSERT INTO patient (id) VALUES (175);
INSERT INTO patients_address (street,house,apartement) VALUES ('Kimberly st.','71','9');
INSERT INTO medical_history (patient_id,date) VALUES (175,'2019-10-30');
INSERT INTO person (id,first_name,second_name,email,user_login,user_password,sex,date_of_birth,age,permission_level) VALUES (176,'Breanna','Rice','williamwarren@gmail.com','jacob23','LlPqDPpeUasvue','F','2012-11-11',7,4);
INSERT INTO staff_member (id,employed_since,position,salary,room) VALUES (176,'2014-07-31','Reseptionist',15000,56);
INSERT INTO reseptionist (id) VALUES (176);
INSERT INTO languages_spoken (reseptionist_id,language) VALUES (176,'Russian');
INSERT INTO person (id,first_name,second_name,email,user_login,user_password,sex,date_of_birth,age,permission_level) VALUES (177,'Steve','Reed','jdaniels@gmail.com','irichardson','QJsrUMSlreixt','M','1910-02-14',109,2);
INSERT INTO staff_member (id,employed_since,position,salary,room) VALUES (177,'2016-11-14','Nurse',25000,8);
INSERT INTO nurse (id,surgery_assistant,preferred_shifts,appointment_assistant,departement_id) VALUES (177,B'0','Day',B'1',2);
INSERT INTO person (id,first_name,second_name,email,user_login,user_password,sex,date_of_birth,age,permission_level) VALUES (178,'Mr.','Dale','wendywatson@yahoo.com','anthonyroberts','VirmYSErsn','M','1928-01-28',91,1);
INSERT INTO patient (id) VALUES (178);
INSERT INTO patients_address (street,house,apartement) VALUES ('Brendan st.','44','9');
INSERT INTO medical_history (patient_id,date) VALUES (178,'2019-10-23');
INSERT INTO person (id,first_name,second_name,email,user_login,user_password,sex,date_of_birth,age,permission_level) VALUES (179,'Crystal','Moran','shawn32@gmail.com','kennethbell','DbsDfpEmNkqHgBd','F','1961-03-24',58,5);
INSERT INTO staff_member (id,employed_since,position,salary,room) VALUES (179,'2015-01-10','HR',30000,64);
INSERT INTO hr (id,selection_responsibility) VALUES (179,'Review');
INSERT INTO person (id,first_name,second_name,email,user_login,user_password,sex,date_of_birth,age,permission_level) VALUES (180,'Robert','Moore','hughesthomas@yahoo.com','qmolina','AOFSqgyrKOn','M','1946-12-04',73,1);
INSERT INTO staff_member (id,employed_since,position,salary,room) VALUES (180,'2012-12-05','Professor',35000,33);
INSERT INTO professor (id,research_topic,surgery_participation,departement_id) VALUES (180,'Infectious Disease Specialist',B'1',6);
INSERT INTO person (id,first_name,second_name,email,user_login,user_password,sex,date_of_birth,age,permission_level) VALUES (181,'Kyle','Mccarthy','bridgesrichard@gmail.com','katherine29','bLFDTLtUVdbj','M','1954-07-18',65,1);
INSERT INTO staff_member (id,employed_since,position,salary,room) VALUES (181,'2015-05-12','Nurse',25000,3);
INSERT INTO nurse (id,surgery_assistant,preferred_shifts,appointment_assistant,departement_id) VALUES (181,B'0','Night',B'1',6);
INSERT INTO person (id,first_name,second_name,email,user_login,user_password,sex,date_of_birth,age,permission_level) VALUES (182,'Evan','Beck','johnsonrichard@hotmail.com','bdickerson','cnXtYPV','M','1996-06-03',23,3);
INSERT INTO staff_member (id,employed_since,position,salary,room) VALUES (182,'2014-12-07','Maintanence Worker',15000,58);
INSERT INTO maintanence_worker (id,employment_type,speciality) VALUES (182,'Full time','Electricity');
INSERT INTO person (id,first_name,second_name,email,user_login,user_password,sex,date_of_birth,age,permission_level) VALUES (183,'Ashley','Roberts','zbrown@hotmail.com','wyattcheyenne','lWajmJlEX','F','2001-07-10',18,3);
INSERT INTO staff_member (id,employed_since,position,salary,room) VALUES (183,'2016-07-06','Maintanence Worker',15000,59);
INSERT INTO maintanence_worker (id,employment_type,speciality) VALUES (183,'Part time','Hardware');
INSERT INTO person (id,first_name,second_name,email,user_login,user_password,sex,date_of_birth,age,permission_level) VALUES (184,'Matthew','Jensen','radams@yahoo.com','karagarcia','iSsoylucRdYsVYw','M','1963-11-15',56,4);
INSERT INTO patient (id) VALUES (184);
INSERT INTO patients_address (street,house,apartement) VALUES ('Megan st.','74','10');
INSERT INTO medical_history (patient_id,date) VALUES (184,'2019-10-28');
INSERT INTO person (id,first_name,second_name,email,user_login,user_password,sex,date_of_birth,age,permission_level) VALUES (185,'Victor','Carlson','michael51@yahoo.com','leslielewis','CeZoSbfE','M','1985-09-20',34,5);
INSERT INTO staff_member (id,employed_since,position,salary,room) VALUES (185,'2017-04-16','Doctor',35000,15);
INSERT INTO doctor (id,speciality,emergency_hours,experience,departement_id,supervisor) VALUES (185,'Osteopath',B'1',1,7,94);
INSERT INTO person (id,first_name,second_name,email,user_login,user_password,sex,date_of_birth,age,permission_level) VALUES (186,'David','Ortega','julie03@hotmail.com','jeff93','FlyXJkdKvKR','M','2000-01-06',19,5);
INSERT INTO staff_member (id,employed_since,position,salary,room) VALUES (186,'2013-11-09','Doctor',35000,22);
INSERT INTO doctor (id,speciality,emergency_hours,experience,departement_id,supervisor) VALUES (186,'Allergist',B'0',5,4,118);
INSERT INTO person (id,first_name,second_name,email,user_login,user_password,sex,date_of_birth,age,permission_level) VALUES (187,'Jason','Jarvis','myersnathan@hotmail.com','herrerasuzanne','uOFeLoxY','M','1906-02-19',113,1);
INSERT INTO staff_member (id,employed_since,position,salary,room) VALUES (187,'2016-09-03','IT Specialist',15000,80);
INSERT INTO IT_specialist (id,support_line) VALUES (187,B'0');
INSERT INTO person (id,first_name,second_name,email,user_login,user_password,sex,date_of_birth,age,permission_level) VALUES (188,'Susan','Bowman','wadeamanda@gmail.com','tuckermatthew','tVciOnIr','F','1956-09-28',63,3);
INSERT INTO patient (id) VALUES (188);
INSERT INTO patients_address (street,house,apartement) VALUES ('Leslie st.','62','8');
INSERT INTO medical_history (patient_id,date) VALUES (188,'2019-11-05');
INSERT INTO person (id,first_name,second_name,email,user_login,user_password,sex,date_of_birth,age,permission_level) VALUES (189,'Holly','Smith','kristina07@hotmail.com','luismichael','KxvaQIg','F','1940-10-28',79,5);
INSERT INTO staff_member (id,employed_since,position,salary,room) VALUES (189,'2016-10-09','Cleaning Team Worker',10000,52);
INSERT INTO cleaning_team_worker (id,employment_type) VALUES (189,'Part time');
INSERT INTO person (id,first_name,second_name,email,user_login,user_password,sex,date_of_birth,age,permission_level) VALUES (190,'Elaine','Miller','kgarner@hotmail.com','laura96','FKgMVxrZzWzGv','F','1959-08-26',60,2);
INSERT INTO staff_member (id,employed_since,position,salary,room) VALUES (190,'2013-04-04','Professor',35000,37);
INSERT INTO professor (id,research_topic,surgery_participation,departement_id) VALUES (190,'Oncologist',B'0',3);
INSERT INTO person (id,first_name,second_name,email,user_login,user_password,sex,date_of_birth,age,permission_level) VALUES (191,'Jacqueline','Robbins','xreyes@yahoo.com','castrokevin','tukFMALhfpecf','F','1934-09-27',85,3);
INSERT INTO staff_member (id,employed_since,position,salary,room) VALUES (191,'2011-06-29','Security Team Member',10000,61);
INSERT INTO security_team_member (id,shifts,physical_test_grade) VALUES (191,'Day','A');
INSERT INTO person (id,first_name,second_name,email,user_login,user_password,sex,date_of_birth,age,permission_level) VALUES (192,'Michael','Kemp','frank61@yahoo.com','raymond66','ehDknqJ','M','1949-11-25',70,2);
INSERT INTO staff_member (id,employed_since,position,salary,room) VALUES (192,'2014-03-27','Doctor',35000,28);
INSERT INTO doctor (id,speciality,emergency_hours,experience,departement_id,supervisor) VALUES (192,'Plastic Surgeon',B'1',4,8,173);
INSERT INTO person (id,first_name,second_name,email,user_login,user_password,sex,date_of_birth,age,permission_level) VALUES (193,'Patricia','Bonilla','michaelrodriguez@gmail.com','andrew57','lXZjngOh','F','1986-03-31',33,5);
INSERT INTO staff_member (id,employed_since,position,salary,room) VALUES (193,'2015-07-12','Professor',35000,31);
INSERT INTO professor (id,research_topic,surgery_participation,departement_id) VALUES (193,'Podiatrist',B'0',5);
INSERT INTO person (id,first_name,second_name,email,user_login,user_password,sex,date_of_birth,age,permission_level) VALUES (194,'William','Chan','boothmelissa@yahoo.com','lopezdustin','iZscmFAzZPxt','M','1924-03-17',95,2);
INSERT INTO staff_member (id,employed_since,position,salary,room) VALUES (194,'2016-10-25','IT Specialist',15000,78);
INSERT INTO IT_specialist (id,support_line) VALUES (194,B'1');
INSERT INTO person (id,first_name,second_name,email,user_login,user_password,sex,date_of_birth,age,permission_level) VALUES (195,'Pamela','Burgess','jaclynwest@gmail.com','garrettmark','lwyNvrbGVffrWi','F','2012-08-04',7,3);
INSERT INTO staff_member (id,employed_since,position,salary,room) VALUES (195,'2018-05-02','Nurse',25000,3);
INSERT INTO nurse (id,surgery_assistant,preferred_shifts,appointment_assistant,departement_id) VALUES (195,B'1','Night',B'0',7);
INSERT INTO person (id,first_name,second_name,email,user_login,user_password,sex,date_of_birth,age,permission_level) VALUES (196,'Eric','Davis','stephanie66@gmail.com','thardy','FwpOumgLzRDeFG','M','1973-11-25',46,1);
INSERT INTO staff_member (id,employed_since,position,salary,room) VALUES (196,'2018-03-20','Nurse',25000,5);
INSERT INTO nurse (id,surgery_assistant,preferred_shifts,appointment_assistant,departement_id) VALUES (196,B'1','Night',B'1',6);
INSERT INTO person (id,first_name,second_name,email,user_login,user_password,sex,date_of_birth,age,permission_level) VALUES (197,'Haley','Scott','mooreandrew@gmail.com','ryanbarron','mNJyNaVPsjEsDBu','F','1909-03-05',110,4);
INSERT INTO staff_member (id,employed_since,position,salary,room) VALUES (197,'2014-02-08','HR',30000,65);
INSERT INTO hr (id,selection_responsibility) VALUES (197,'Interview');
INSERT INTO person (id,first_name,second_name,email,user_login,user_password,sex,date_of_birth,age,permission_level) VALUES (198,'Cheryl','Johns','itran@yahoo.com','anthony62','CMRHibRPcDNxHl','F','1949-05-28',70,4);
INSERT INTO staff_member (id,employed_since,position,salary,room) VALUES (198,'2014-12-02','Doctor',35000,16);
INSERT INTO doctor (id,speciality,emergency_hours,experience,departement_id,supervisor) VALUES (198,'Pediatrician',B'0',6,4,31);
INSERT INTO person (id,first_name,second_name,email,user_login,user_password,sex,date_of_birth,age,permission_level) VALUES (199,'Manuel','Martinez','rmcmillan@gmail.com','jday','uacEgEzDzRDk','M','1990-06-10',29,2);
INSERT INTO patient (id) VALUES (199);
INSERT INTO patients_address (street,house,apartement) VALUES ('Jennifer st.','53','10');
INSERT INTO medical_history (patient_id,date) VALUES (199,'2019-10-17');
INSERT INTO person (id,first_name,second_name,email,user_login,user_password,sex,date_of_birth,age,permission_level) VALUES (200,'Gregory','Klein','kristinekirk@hotmail.com','qjones','nBIVpYnvJ','M','1965-12-26',54,1);
INSERT INTO staff_member (id,employed_since,position,salary,room) VALUES (200,'2015-08-03','Doctor',35000,28);
INSERT INTO doctor (id,speciality,emergency_hours,experience,departement_id,supervisor) VALUES (200,'Osteopath',B'0',4,10,186);
INSERT INTO person (id,first_name,second_name,email,user_login,user_password,sex,date_of_birth,age,permission_level) VALUES (201,'Megan','Taylor','kimberlyelliott@hotmail.com','nphillips','qyrUusBmhlQuvqp','F','2013-01-03',6,2);
INSERT INTO staff_member (id,employed_since,position,salary,room) VALUES (201,'2019-03-30','Professor',35000,32);
INSERT INTO professor (id,research_topic,surgery_participation,departement_id) VALUES (201,'Colon Surgeon',B'1',2);
INSERT INTO person (id,first_name,second_name,email,user_login,user_password,sex,date_of_birth,age,permission_level) VALUES (202,'John','Dawson','fcoleman@yahoo.com','kelly94','csllJsWKCJnHyr','M','1988-07-16',31,1);
INSERT INTO staff_member (id,employed_since,position,salary,room) VALUES (202,'2017-10-30','Professor',35000,38);
INSERT INTO professor (id,research_topic,surgery_participation,departement_id) VALUES (202,'Sports Medicine Specialist',B'0',7);
INSERT INTO person (id,first_name,second_name,email,user_login,user_password,sex,date_of_birth,age,permission_level) VALUES (203,'Laura','Pacheco','tracey15@hotmail.com','carolyn68','aYxXfPCTcAnc','F','2014-11-06',5,3);
INSERT INTO staff_member (id,employed_since,position,salary,room) VALUES (203,'2014-04-15','Maintanence Worker',15000,58);
INSERT INTO maintanence_worker (id,employment_type,speciality) VALUES (203,'Full time','Hardware');
INSERT INTO person (id,first_name,second_name,email,user_login,user_password,sex,date_of_birth,age,permission_level) VALUES (204,'Brandon','Wilkins','jeffreymartinez@hotmail.com','bnielsen','xjHCVsRbDCzW','M','1963-11-07',56,4);
INSERT INTO staff_member (id,employed_since,position,salary,room) VALUES (204,'2012-03-02','Doctor',35000,25);
INSERT INTO doctor (id,speciality,emergency_hours,experience,departement_id,supervisor) VALUES (204,'Preventive Medicine Specialist',B'1',9,8,113);
INSERT INTO person (id,first_name,second_name,email,user_login,user_password,sex,date_of_birth,age,permission_level) VALUES (205,'Amanda','Eaton','ysloan@gmail.com','kruegermelody','ffwNZgIMixSUU','F','1913-04-11',106,1);
INSERT INTO staff_member (id,employed_since,position,salary,room) VALUES (205,'2016-12-10','Professor',35000,39);
INSERT INTO professor (id,research_topic,surgery_participation,departement_id) VALUES (205,'Endocrinologists',B'1',11);
INSERT INTO person (id,first_name,second_name,email,user_login,user_password,sex,date_of_birth,age,permission_level) VALUES (206,'Martha','English','moodydavid@gmail.com','brianabbott','XyhoNkyK','F','2009-10-10',10,1);
INSERT INTO staff_member (id,employed_since,position,salary,room) VALUES (206,'2015-02-06','Doctor',35000,16);
INSERT INTO doctor (id,speciality,emergency_hours,experience,departement_id,supervisor) VALUES (206,'Infectious Disease Specialist',B'0',5,6,186);
INSERT INTO person (id,first_name,second_name,email,user_login,user_password,sex,date_of_birth,age,permission_level) VALUES (207,'Mark','Murray','michaelolson@yahoo.com','barretttaylor','nxfNGBWAgDA','M','1941-07-28',78,2);
INSERT INTO staff_member (id,employed_since,position,salary,room) VALUES (207,'2016-05-09','Cleaning Team Worker',10000,51);
INSERT INTO cleaning_team_worker (id,employment_type) VALUES (207,'Full time');
INSERT INTO person (id,first_name,second_name,email,user_login,user_password,sex,date_of_birth,age,permission_level) VALUES (208,'Evelyn','Day','ellisdouglas@gmail.com','amandamueller','BGmvTyEcm','F','1920-04-01',99,1);
INSERT INTO patient (id) VALUES (208);
INSERT INTO patients_address (street,house,apartement) VALUES ('Carolyn st.','2','4');
INSERT INTO medical_history (patient_id,date) VALUES (208,'2019-11-02');
INSERT INTO person (id,first_name,second_name,email,user_login,user_password,sex,date_of_birth,age,permission_level) VALUES (209,'Jacqueline','Thomas','paul80@hotmail.com','colejoseph','NERrKWzFFkXncm','F','1989-12-02',30,5);
INSERT INTO staff_member (id,employed_since,position,salary,room) VALUES (209,'2019-08-05','Nurse',25000,9);
INSERT INTO nurse (id,surgery_assistant,preferred_shifts,appointment_assistant,departement_id) VALUES (209,B'1','Day',B'0',10);
INSERT INTO person (id,first_name,second_name,email,user_login,user_password,sex,date_of_birth,age,permission_level) VALUES (210,'Rachel','Russell','ccannon@hotmail.com','vgarcia','CUQQStH','F','2009-03-04',10,3);
INSERT INTO patient (id) VALUES (210);
INSERT INTO patients_address (street,house,apartement) VALUES ('Andrew st.','54','8');
INSERT INTO medical_history (patient_id,date) VALUES (210,'2019-11-20');
INSERT INTO person (id,first_name,second_name,email,user_login,user_password,sex,date_of_birth,age,permission_level) VALUES (211,'Michael','Gonzales','adriankim@hotmail.com','julie15','JGTuIHnnDY','M','2012-04-16',7,1);
INSERT INTO patient (id) VALUES (211);
INSERT INTO patients_address (street,house,apartement) VALUES ('Steven st.','3','5');
INSERT INTO medical_history (patient_id,date) VALUES (211,'2019-10-25');
INSERT INTO person (id,first_name,second_name,email,user_login,user_password,sex,date_of_birth,age,permission_level) VALUES (212,'Michelle','Griffith','daniel20@yahoo.com','brucebrown','BZhhbcBIh','F','1965-10-30',54,2);
INSERT INTO staff_member (id,employed_since,position,salary,room) VALUES (212,'2009-11-24','Professor',35000,39);
INSERT INTO professor (id,research_topic,surgery_participation,departement_id) VALUES (212,'Endocrinologists',B'1',2);
INSERT INTO person (id,first_name,second_name,email,user_login,user_password,sex,date_of_birth,age,permission_level) VALUES (213,'Lindsay','Moss','kmorales@hotmail.com','jeremy22','mqRrZmXuXrE','F','1908-05-21',111,4);
INSERT INTO staff_member (id,employed_since,position,salary,room) VALUES (213,'2018-06-04','Nurse',25000,6);
INSERT INTO nurse (id,surgery_assistant,preferred_shifts,appointment_assistant,departement_id) VALUES (213,B'0','Night',B'0',4);
INSERT INTO person (id,first_name,second_name,email,user_login,user_password,sex,date_of_birth,age,permission_level) VALUES (214,'Tanner','Durham','jenniferhill@yahoo.com','uhill','tDTfgSDlkj','M','1912-07-19',107,3);
INSERT INTO patient (id) VALUES (214);
INSERT INTO patients_address (street,house,apartement) VALUES ('Allison st.','98','4');
INSERT INTO medical_history (patient_id,date) VALUES (214,'2019-10-25');
INSERT INTO person (id,first_name,second_name,email,user_login,user_password,sex,date_of_birth,age,permission_level) VALUES (215,'James','Johnson','thomasmckee@yahoo.com','inelson','nPQWrSj','M','2002-10-16',17,1);
INSERT INTO staff_member (id,employed_since,position,salary,room) VALUES (215,'2017-12-26','Nurse',25000,7);
INSERT INTO nurse (id,surgery_assistant,preferred_shifts,appointment_assistant,departement_id) VALUES (215,B'1','Night',B'1',9);
INSERT INTO person (id,first_name,second_name,email,user_login,user_password,sex,date_of_birth,age,permission_level) VALUES (216,'David','Anderson','tina11@gmail.com','arnoldmegan','XHBZeyMkBsmnGPt','M','1927-09-17',92,2);
INSERT INTO staff_member (id,employed_since,position,salary,room) VALUES (216,'2012-07-11','Nurse',25000,4);
INSERT INTO nurse (id,surgery_assistant,preferred_shifts,appointment_assistant,departement_id) VALUES (216,B'0','Night',B'0',5);
INSERT INTO person (id,first_name,second_name,email,user_login,user_password,sex,date_of_birth,age,permission_level) VALUES (217,'Matthew','French','kathryn82@hotmail.com','troysalinas','LJpmgPey','M','1993-06-23',26,2);
INSERT INTO patient (id) VALUES (217);
INSERT INTO patients_address (street,house,apartement) VALUES ('Joseph st.','53','9');
INSERT INTO medical_history (patient_id,date) VALUES (217,'2019-10-17');
INSERT INTO person (id,first_name,second_name,email,user_login,user_password,sex,date_of_birth,age,permission_level) VALUES (218,'Kenneth','Sanchez','cherylhill@gmail.com','jeffrey54','rQRWTsEnN','M','1985-10-09',34,5);
INSERT INTO staff_member (id,employed_since,position,salary,room) VALUES (218,'2012-01-22','Professor',35000,31);
INSERT INTO professor (id,research_topic,surgery_participation,departement_id) VALUES (218,'Plastic Surgeon',B'0',7);
INSERT INTO person (id,first_name,second_name,email,user_login,user_password,sex,date_of_birth,age,permission_level) VALUES (219,'Katrina','Gonzales','jamienguyen@hotmail.com','kingmichael','nhlAZvVs','F','1967-05-29',52,4);
INSERT INTO patient (id) VALUES (219);
INSERT INTO patients_address (street,house,apartement) VALUES ('Katie st.','27','2');
INSERT INTO medical_history (patient_id,date) VALUES (219,'2019-10-26');
INSERT INTO person (id,first_name,second_name,email,user_login,user_password,sex,date_of_birth,age,permission_level) VALUES (220,'Joe','Coleman','jconley@yahoo.com','courtneydelgado','DiGIZWUAOMk','M','1960-08-31',59,4);
INSERT INTO staff_member (id,employed_since,position,salary,room) VALUES (220,'2016-12-01','HR',30000,65);
INSERT INTO hr (id,selection_responsibility) VALUES (220,'Interview');
INSERT INTO person (id,first_name,second_name,email,user_login,user_password,sex,date_of_birth,age,permission_level) VALUES (221,'Hayley','Calderon','bjohnson@hotmail.com','johnsonjamie','aMlCwfwgz','F','1943-06-02',76,1);
INSERT INTO staff_member (id,employed_since,position,salary,room) VALUES (221,'2017-08-15','IT Specialist',15000,76);
INSERT INTO IT_specialist (id,support_line) VALUES (221,B'1');
INSERT INTO person (id,first_name,second_name,email,user_login,user_password,sex,date_of_birth,age,permission_level) VALUES (222,'Allison','Young','matthew48@yahoo.com','vclark','VxxoPAXBNLxgjYk','F','1943-07-10',76,1);
INSERT INTO staff_member (id,employed_since,position,salary,room) VALUES (222,'2010-08-21','Nurse',25000,8);
INSERT INTO nurse (id,surgery_assistant,preferred_shifts,appointment_assistant,departement_id) VALUES (222,B'1','Night',B'1',3);
INSERT INTO person (id,first_name,second_name,email,user_login,user_password,sex,date_of_birth,age,permission_level) VALUES (223,'Scott','Mccarthy','kathleen74@gmail.com','kellysmith','TlUpYPhTN','M','1921-12-06',98,5);
INSERT INTO staff_member (id,employed_since,position,salary,room) VALUES (223,'2011-10-12','Cleaning Team Worker',10000,51);
INSERT INTO cleaning_team_worker (id,employment_type) VALUES (223,'Full time');
INSERT INTO person (id,first_name,second_name,email,user_login,user_password,sex,date_of_birth,age,permission_level) VALUES (224,'Veronica','Howard','smontgomery@hotmail.com','creynolds','LUTZsTS','F','1914-01-20',105,1);
INSERT INTO staff_member (id,employed_since,position,salary,room) VALUES (224,'2017-08-01','Doctor',35000,28);
INSERT INTO doctor (id,speciality,emergency_hours,experience,departement_id,supervisor) VALUES (224,'Nephrologist',B'1',7,3,112);
INSERT INTO person (id,first_name,second_name,email,user_login,user_password,sex,date_of_birth,age,permission_level) VALUES (225,'Brent','Carter','contrerasheather@yahoo.com','osanders','NqgmZprEdpMTNT','M','1975-12-19',44,1);
INSERT INTO staff_member (id,employed_since,position,salary,room) VALUES (225,'2012-02-25','Doctor',35000,27);
INSERT INTO doctor (id,speciality,emergency_hours,experience,departement_id,supervisor) VALUES (225,'Gastroenterologist',B'1',8,2,123);
INSERT INTO person (id,first_name,second_name,email,user_login,user_password,sex,date_of_birth,age,permission_level) VALUES (226,'Danny','Sanchez','lisa11@hotmail.com','christina26','IWHgvqAHXqU','M','1989-04-04',30,4);
INSERT INTO staff_member (id,employed_since,position,salary,room) VALUES (226,'2018-06-06','Pharmasist',20000,68);
INSERT INTO pharmasist (id,education_level,research) VALUES (226,'Postgraduate',B'0');
INSERT INTO person (id,first_name,second_name,email,user_login,user_password,sex,date_of_birth,age,permission_level) VALUES (227,'Rebecca','Campbell','fullermargaret@yahoo.com','whitney52','XrOjJSqwWg','F','1937-09-17',82,4);
INSERT INTO staff_member (id,employed_since,position,salary,room) VALUES (227,'2012-07-03','Nurse',25000,9);
INSERT INTO nurse (id,surgery_assistant,preferred_shifts,appointment_assistant,departement_id) VALUES (227,B'0','Day',B'0',10);
INSERT INTO person (id,first_name,second_name,email,user_login,user_password,sex,date_of_birth,age,permission_level) VALUES (228,'Christina','Hayes','jonesrebecca@hotmail.com','fergusonmary','hGomfnivDctyYU','F','1922-03-10',97,2);
INSERT INTO staff_member (id,employed_since,position,salary,room) VALUES (228,'2017-08-08','Nurse',25000,6);
INSERT INTO nurse (id,surgery_assistant,preferred_shifts,appointment_assistant,departement_id) VALUES (228,B'1','Day',B'1',5);
INSERT INTO person (id,first_name,second_name,email,user_login,user_password,sex,date_of_birth,age,permission_level) VALUES (229,'Angel','Edwards','arellanophilip@yahoo.com','mfischer','PQXyaosGBZvOgKW','M','2008-09-05',11,4);
INSERT INTO staff_member (id,employed_since,position,salary,room) VALUES (229,'2014-02-12','Nurse',25000,8);
INSERT INTO nurse (id,surgery_assistant,preferred_shifts,appointment_assistant,departement_id) VALUES (229,B'1','Day',B'0',9);
INSERT INTO person (id,first_name,second_name,email,user_login,user_password,sex,date_of_birth,age,permission_level) VALUES (230,'Danielle','Williams','wvazquez@yahoo.com','brian79','IFmPrIFqLtuXVB','F','1924-07-07',95,2);
INSERT INTO staff_member (id,employed_since,position,salary,room) VALUES (230,'2016-05-07','Professor',35000,31);
INSERT INTO professor (id,research_topic,surgery_participation,departement_id) VALUES (230,'Radiologist',B'1',10);
INSERT INTO person (id,first_name,second_name,email,user_login,user_password,sex,date_of_birth,age,permission_level) VALUES (231,'Katherine','Wood','timothypierce@gmail.com','christophergray','QCgTwHRZofcgUi','F','1906-12-17',113,4);
INSERT INTO staff_member (id,employed_since,position,salary,room) VALUES (231,'2013-09-06','Nurse',25000,5);
INSERT INTO nurse (id,surgery_assistant,preferred_shifts,appointment_assistant,departement_id) VALUES (231,B'1','Night',B'0',2);
INSERT INTO person (id,first_name,second_name,email,user_login,user_password,sex,date_of_birth,age,permission_level) VALUES (232,'Denise','Cordova','mahoneyjulie@hotmail.com','mccormickbethany','bgWUIIG','F','1975-12-02',44,5);
INSERT INTO staff_member (id,employed_since,position,salary,room) VALUES (232,'2012-08-01','Nurse',25000,9);
INSERT INTO nurse (id,surgery_assistant,preferred_shifts,appointment_assistant,departement_id) VALUES (232,B'0','Day',B'1',1);
INSERT INTO person (id,first_name,second_name,email,user_login,user_password,sex,date_of_birth,age,permission_level) VALUES (233,'Patricia','Bautista','smithsusan@yahoo.com','shaunbaker','EHFOgQtIXphd','F','1999-12-02',20,4);
INSERT INTO staff_member (id,employed_since,position,salary,room) VALUES (233,'2011-12-06','Professor',35000,31);
INSERT INTO professor (id,research_topic,surgery_participation,departement_id) VALUES (233,'Hospice and Palliative Medicine Specialist',B'1',1);
INSERT INTO person (id,first_name,second_name,email,user_login,user_password,sex,date_of_birth,age,permission_level) VALUES (234,'Kimberly','Lee','stacey77@hotmail.com','njenkins','jdebFBPnQ','F','1917-04-09',102,1);
INSERT INTO staff_member (id,employed_since,position,salary,room) VALUES (234,'2012-10-02','Doctor',35000,12);
INSERT INTO doctor (id,speciality,emergency_hours,experience,departement_id,supervisor) VALUES (234,'Gastroenterologist',B'1',10,6,116);
INSERT INTO person (id,first_name,second_name,email,user_login,user_password,sex,date_of_birth,age,permission_level) VALUES (235,'Debbie','Fischer','lcooper@yahoo.com','acoleman','ZFaUkyWgWkwzF','F','2009-07-05',10,2);
INSERT INTO staff_member (id,employed_since,position,salary,room) VALUES (235,'2019-05-08','IT Specialist',15000,80);
INSERT INTO IT_specialist (id,support_line) VALUES (235,B'1');
INSERT INTO person (id,first_name,second_name,email,user_login,user_password,sex,date_of_birth,age,permission_level) VALUES (236,'John','Hudson','smithjulia@hotmail.com','christinasweeney','prWzXpmfsIb','M','1933-03-30',86,1);
INSERT INTO staff_member (id,employed_since,position,salary,room) VALUES (236,'2016-02-04','Cook',15000,72);
INSERT INTO cook (id,experience) VALUES (236,8);
INSERT INTO person (id,first_name,second_name,email,user_login,user_password,sex,date_of_birth,age,permission_level) VALUES (237,'Austin','Mckinney','manningwalter@yahoo.com','millerlinda','PvdVrZwEmMDQb','M','1989-03-06',30,4);
INSERT INTO staff_member (id,employed_since,position,salary,room) VALUES (237,'2009-12-06','Professor',35000,38);
INSERT INTO professor (id,research_topic,surgery_participation,departement_id) VALUES (237,'Physiatrist',B'1',11);
INSERT INTO person (id,first_name,second_name,email,user_login,user_password,sex,date_of_birth,age,permission_level) VALUES (238,'Richard','Benson','omay@gmail.com','lamblisa','mLdjiBr','M','1946-10-29',73,2);
INSERT INTO staff_member (id,employed_since,position,salary,room) VALUES (238,'2015-04-03','Cleaning Team Worker',10000,51);
INSERT INTO cleaning_team_worker (id,employment_type) VALUES (238,'Full time');
INSERT INTO person (id,first_name,second_name,email,user_login,user_password,sex,date_of_birth,age,permission_level) VALUES (239,'Amanda','Golden','isabella15@gmail.com','christopher29','OKqoxwJsjb','F','1969-06-12',50,2);
INSERT INTO staff_member (id,employed_since,position,salary,room) VALUES (239,'2019-04-21','Doctor',35000,24);
INSERT INTO doctor (id,speciality,emergency_hours,experience,departement_id,supervisor) VALUES (239,'Rheumatologist',B'0',2,4,204);
INSERT INTO person (id,first_name,second_name,email,user_login,user_password,sex,date_of_birth,age,permission_level) VALUES (240,'Chelsea','Cox','tracy94@yahoo.com','brandon35','aGbZqFhMxWh','F','1904-12-15',115,2);
INSERT INTO staff_member (id,employed_since,position,salary,room) VALUES (240,'2019-08-19','Doctor',35000,25);
INSERT INTO doctor (id,speciality,emergency_hours,experience,departement_id,supervisor) VALUES (240,'Emergency Medicine Specialist',B'1',8,8,126);
INSERT INTO person (id,first_name,second_name,email,user_login,user_password,sex,date_of_birth,age,permission_level) VALUES (241,'Eric','Little','vcarlson@gmail.com','gonzalezdebbie','XpiferKkOYP','M','2005-01-17',14,1);
INSERT INTO staff_member (id,employed_since,position,salary,room) VALUES (241,'2015-04-08','Pharmasist',20000,70);
INSERT INTO pharmasist (id,education_level,research) VALUES (241,'Bachelor',B'0');
INSERT INTO person (id,first_name,second_name,email,user_login,user_password,sex,date_of_birth,age,permission_level) VALUES (242,'Alejandro','Bender','michaelwheeler@gmail.com','mgarcia','cAgsKjEYAwa','M','1981-12-01',38,2);
INSERT INTO staff_member (id,employed_since,position,salary,room) VALUES (242,'2015-11-16','HR',30000,67);
INSERT INTO hr (id,selection_responsibility) VALUES (242,'Review');
INSERT INTO person (id,first_name,second_name,email,user_login,user_password,sex,date_of_birth,age,permission_level) VALUES (243,'Misty','Wagner','codysosa@hotmail.com','uwagner','uWMhJlmtMXB','F','1972-01-25',47,2);
INSERT INTO staff_member (id,employed_since,position,salary,room) VALUES (243,'2012-09-13','Reseptionist',15000,56);
INSERT INTO reseptionist (id) VALUES (243);
INSERT INTO languages_spoken (reseptionist_id,language) VALUES (243,'PortuguesItalianRussianEnglish');
INSERT INTO person (id,first_name,second_name,email,user_login,user_password,sex,date_of_birth,age,permission_level) VALUES (244,'Nancy','Fischer','kevin10@hotmail.com','vgibson','iLFOybSFYt','F','1944-03-07',75,2);
INSERT INTO staff_member (id,employed_since,position,salary,room) VALUES (244,'2014-02-10','Cleaning Team Worker',10000,54);
INSERT INTO cleaning_team_worker (id,employment_type) VALUES (244,'Full time');
INSERT INTO person (id,first_name,second_name,email,user_login,user_password,sex,date_of_birth,age,permission_level) VALUES (245,'Ronald','Lane','amanda32@gmail.com','ryansmith','EaRmUcWQSRHebR','M','1944-01-08',75,5);
INSERT INTO patient (id) VALUES (245);
INSERT INTO patients_address (street,house,apartement) VALUES ('Dominique st.','55','2');
INSERT INTO medical_history (patient_id,date) VALUES (245,'2019-11-02');
INSERT INTO person (id,first_name,second_name,email,user_login,user_password,sex,date_of_birth,age,permission_level) VALUES (246,'Jennifer','Valenzuela','mnguyen@hotmail.com','mark85','udQwzZkOutFIf','F','1988-12-21',31,5);
INSERT INTO staff_member (id,employed_since,position,salary,room) VALUES (246,'2017-08-26','Nurse',25000,9);
INSERT INTO nurse (id,surgery_assistant,preferred_shifts,appointment_assistant,departement_id) VALUES (246,B'0','Day',B'0',9);
INSERT INTO person (id,first_name,second_name,email,user_login,user_password,sex,date_of_birth,age,permission_level) VALUES (247,'Joseph','Morton','tamara95@gmail.com','clarkalexandra','sgqVyzvW','M','2011-10-02',8,3);
INSERT INTO staff_member (id,employed_since,position,salary,room) VALUES (247,'2017-06-22','Nurse',25000,9);
INSERT INTO nurse (id,surgery_assistant,preferred_shifts,appointment_assistant,departement_id) VALUES (247,B'1','Night',B'1',4);
INSERT INTO person (id,first_name,second_name,email,user_login,user_password,sex,date_of_birth,age,permission_level) VALUES (248,'Mrs.','Andrea','jennifer09@gmail.com','kevindavis','sFFgrtZhZln','F','1960-07-08',59,3);
INSERT INTO staff_member (id,employed_since,position,salary,room) VALUES (248,'2016-03-09','Doctor',35000,28);
INSERT INTO doctor (id,speciality,emergency_hours,experience,departement_id,supervisor) VALUES (248,'Physiatrist',B'0',7,2,31);
INSERT INTO person (id,first_name,second_name,email,user_login,user_password,sex,date_of_birth,age,permission_level) VALUES (249,'Dominic','Mcgee','joannhernandez@yahoo.com','richardsonmichael','AZtEufahgH','M','1937-10-29',82,4);
INSERT INTO staff_member (id,employed_since,position,salary,room) VALUES (249,'2019-03-03','Nurse',25000,8);
INSERT INTO nurse (id,surgery_assistant,preferred_shifts,appointment_assistant,departement_id) VALUES (249,B'0','Night',B'1',11);
INSERT INTO person (id,first_name,second_name,email,user_login,user_password,sex,date_of_birth,age,permission_level) VALUES (250,'Seth','Lopez','peterphillips@hotmail.com','rodney47','FgJOfrDEMDzCI','M','1921-03-08',98,2);
INSERT INTO staff_member (id,employed_since,position,salary,room) VALUES (250,'2014-01-16','Nurse',25000,7);
INSERT INTO nurse (id,surgery_assistant,preferred_shifts,appointment_assistant,departement_id) VALUES (250,B'0','Day',B'0',1);
INSERT INTO person (id,first_name,second_name,email,user_login,user_password,sex,date_of_birth,age,permission_level) VALUES (251,'Desiree','Roberts','pscott@yahoo.com','chenkristen','TGxgoOgqEN','F','1993-04-13',26,5);
INSERT INTO patient (id) VALUES (251);
INSERT INTO patients_address (street,house,apartement) VALUES ('Michelle st.','55','2');
INSERT INTO medical_history (patient_id,date) VALUES (251,'2019-10-17');
INSERT INTO person (id,first_name,second_name,email,user_login,user_password,sex,date_of_birth,age,permission_level) VALUES (252,'Heidi','Brown','qlopez@hotmail.com','david45','GPOdCoSBy','F','1951-05-15',68,1);
INSERT INTO staff_member (id,employed_since,position,salary,room) VALUES (252,'2018-09-08','Nurse',25000,5);
INSERT INTO nurse (id,surgery_assistant,preferred_shifts,appointment_assistant,departement_id) VALUES (252,B'0','Night',B'1',6);
INSERT INTO person (id,first_name,second_name,email,user_login,user_password,sex,date_of_birth,age,permission_level) VALUES (253,'Matthew','Perez','mmayo@gmail.com','alec98','VAMAsfDOqkh','M','1957-09-01',62,5);
INSERT INTO staff_member (id,employed_since,position,salary,room) VALUES (253,'2016-07-22','Cleaning Team Worker',10000,53);
INSERT INTO cleaning_team_worker (id,employment_type) VALUES (253,'Part time');
INSERT INTO person (id,first_name,second_name,email,user_login,user_password,sex,date_of_birth,age,permission_level) VALUES (254,'Jill','Duncan','josephmeyer@gmail.com','ramirezchristopher','TQIverpxvaLfSC','F','1960-06-29',59,2);
INSERT INTO patient (id) VALUES (254);
INSERT INTO patients_address (street,house,apartement) VALUES ('Adam st.','21','2');
INSERT INTO medical_history (patient_id,date) VALUES (254,'2019-11-09');
INSERT INTO person (id,first_name,second_name,email,user_login,user_password,sex,date_of_birth,age,permission_level) VALUES (255,'Alexis','Villarreal','cynthiareynolds@hotmail.com','rachel84','ymHlcRKlx','F','2000-03-21',19,4);
INSERT INTO patient (id) VALUES (255);
INSERT INTO patients_address (street,house,apartement) VALUES ('Craig st.','10','8');
INSERT INTO medical_history (patient_id,date) VALUES (255,'2019-10-28');
INSERT INTO person (id,first_name,second_name,email,user_login,user_password,sex,date_of_birth,age,permission_level) VALUES (256,'Valerie','Byrd','kellynicholas@hotmail.com','shannon68','INyCqVDgmGboeAM','F','1915-06-11',104,2);
INSERT INTO staff_member (id,employed_since,position,salary,room) VALUES (256,'2018-05-15','Professor',35000,32);
INSERT INTO professor (id,research_topic,surgery_participation,departement_id) VALUES (256,'Psychiatrist',B'1',4);
INSERT INTO person (id,first_name,second_name,email,user_login,user_password,sex,date_of_birth,age,permission_level) VALUES (257,'Joshua','Guerrero','rodriguezamanda@yahoo.com','qortega','oONfYANOtFYIBS','M','1916-03-29',103,2);
INSERT INTO staff_member (id,employed_since,position,salary,room) VALUES (257,'2017-01-05','Doctor',35000,19);
INSERT INTO doctor (id,speciality,emergency_hours,experience,departement_id,supervisor) VALUES (257,'Critical Care Medicine Specialist',B'1',8,2,234);
INSERT INTO person (id,first_name,second_name,email,user_login,user_password,sex,date_of_birth,age,permission_level) VALUES (258,'Sarah','Spears','whines@gmail.com','terrybrown','wdihZUVK','F','2009-02-23',10,2);
INSERT INTO patient (id) VALUES (258);
INSERT INTO patients_address (street,house,apartement) VALUES ('Tiffany st.','9','5');
INSERT INTO medical_history (patient_id,date) VALUES (258,'2019-10-29');
INSERT INTO person (id,first_name,second_name,email,user_login,user_password,sex,date_of_birth,age,permission_level) VALUES (259,'Brandon','Miller','michael39@yahoo.com','ywheeler','iQwcrEywVatTV','M','2015-08-04',4,5);
INSERT INTO patient (id) VALUES (259);
INSERT INTO patients_address (street,house,apartement) VALUES ('Robert st.','43','7');
INSERT INTO medical_history (patient_id,date) VALUES (259,'2019-11-23');
INSERT INTO person (id,first_name,second_name,email,user_login,user_password,sex,date_of_birth,age,permission_level) VALUES (260,'Aaron','Bennett','erikathomas@yahoo.com','benjamin96','klrZNTgsqEi','M','1951-05-05',68,2);
INSERT INTO staff_member (id,employed_since,position,salary,room) VALUES (260,'2016-11-27','Reseptionist',15000,56);
INSERT INTO reseptionist (id) VALUES (260);
INSERT INTO languages_spoken (reseptionist_id,language) VALUES (260,'EnglishItalianRussianArabic');
INSERT INTO person (id,first_name,second_name,email,user_login,user_password,sex,date_of_birth,age,permission_level) VALUES (261,'Justin','Powell','hford@gmail.com','espinozaalexa','QooVWrM','M','1983-09-09',36,4);
INSERT INTO staff_member (id,employed_since,position,salary,room) VALUES (261,'2012-08-27','Maintanence Worker',15000,59);
INSERT INTO maintanence_worker (id,employment_type,speciality) VALUES (261,'Part time','Electricity');
INSERT INTO person (id,first_name,second_name,email,user_login,user_password,sex,date_of_birth,age,permission_level) VALUES (262,'James','Wilkerson','joshua07@hotmail.com','ppugh','oIQdZfIQda','M','1985-12-04',34,2);
INSERT INTO staff_member (id,employed_since,position,salary,room) VALUES (262,'2013-08-05','Maintanence Worker',15000,59);
INSERT INTO maintanence_worker (id,employment_type,speciality) VALUES (262,'Part time','Electricity');
INSERT INTO person (id,first_name,second_name,email,user_login,user_password,sex,date_of_birth,age,permission_level) VALUES (263,'Amanda','Spencer','cainmonica@hotmail.com','beckdavid','BdJoZOEqWkGMhhM','F','1955-08-21',64,2);
INSERT INTO staff_member (id,employed_since,position,salary,room) VALUES (263,'2017-09-23','Security Team Member',10000,62);
INSERT INTO security_team_member (id,shifts,physical_test_grade) VALUES (263,'Day','C');
INSERT INTO person (id,first_name,second_name,email,user_login,user_password,sex,date_of_birth,age,permission_level) VALUES (264,'James','Nelson','parker80@gmail.com','sherriprice','kZQMxzsNIK','M','1932-05-27',87,3);
INSERT INTO patient (id) VALUES (264);
INSERT INTO patients_address (street,house,apartement) VALUES ('Michelle st.','31','5');
INSERT INTO medical_history (patient_id,date) VALUES (264,'2019-11-18');
INSERT INTO person (id,first_name,second_name,email,user_login,user_password,sex,date_of_birth,age,permission_level) VALUES (265,'Kara','Ramirez','mgarrett@gmail.com','schmidtkrista','JfzQNwWQWlGSMIt','F','1998-11-03',21,1);
INSERT INTO staff_member (id,employed_since,position,salary,room) VALUES (265,'2014-08-15','Nurse',25000,9);
INSERT INTO nurse (id,surgery_assistant,preferred_shifts,appointment_assistant,departement_id) VALUES (265,B'0','Night',B'1',3);
INSERT INTO person (id,first_name,second_name,email,user_login,user_password,sex,date_of_birth,age,permission_level) VALUES (266,'Erik','Berry','erinthompson@gmail.com','carriefuller','IgSkJnxJYxL','M','2002-04-28',17,3);
INSERT INTO staff_member (id,employed_since,position,salary,room) VALUES (266,'2009-12-04','Doctor',35000,22);
INSERT INTO doctor (id,speciality,emergency_hours,experience,departement_id,supervisor) VALUES (266,'Preventive Medicine Specialist',B'1',10,9,116);
INSERT INTO person (id,first_name,second_name,email,user_login,user_password,sex,date_of_birth,age,permission_level) VALUES (267,'Sarah','Elliott','ebates@gmail.com','thomas29','inBbGBG','F','1950-06-15',69,3);
INSERT INTO staff_member (id,employed_since,position,salary,room) VALUES (267,'2015-06-02','Nurse',25000,3);
INSERT INTO nurse (id,surgery_assistant,preferred_shifts,appointment_assistant,departement_id) VALUES (267,B'1','Night',B'1',6);
INSERT INTO person (id,first_name,second_name,email,user_login,user_password,sex,date_of_birth,age,permission_level) VALUES (268,'Amber','Scott','john24@yahoo.com','procha','bXjOHrvGgyFPkw','F','1983-04-01',36,2);
INSERT INTO staff_member (id,employed_since,position,salary,room) VALUES (268,'2014-06-07','Doctor',35000,16);
INSERT INTO doctor (id,speciality,emergency_hours,experience,departement_id,supervisor) VALUES (268,'Cardiologist',B'1',7,7,149);
INSERT INTO person (id,first_name,second_name,email,user_login,user_password,sex,date_of_birth,age,permission_level) VALUES (269,'Danny','Brown','zkennedy@yahoo.com','rroberts','gKNNmBDBwuCsoZ','M','1985-12-13',34,5);
INSERT INTO staff_member (id,employed_since,position,salary,room) VALUES (269,'2014-06-28','Nurse',25000,7);
INSERT INTO nurse (id,surgery_assistant,preferred_shifts,appointment_assistant,departement_id) VALUES (269,B'0','Day',B'1',9);
INSERT INTO person (id,first_name,second_name,email,user_login,user_password,sex,date_of_birth,age,permission_level) VALUES (270,'Kayla','Sandoval','pamela72@gmail.com','burnsjustin','chOssXMEqyNQID','F','2018-10-18',1,1);
INSERT INTO staff_member (id,employed_since,position,salary,room) VALUES (270,'2017-01-06','Nurse',25000,5);
INSERT INTO nurse (id,surgery_assistant,preferred_shifts,appointment_assistant,departement_id) VALUES (270,B'1','Night',B'0',5);
INSERT INTO person (id,first_name,second_name,email,user_login,user_password,sex,date_of_birth,age,permission_level) VALUES (271,'Erik','Franklin','richardrussell@hotmail.com','jenniferbaker','VOsWHiZowUxY','M','1904-08-05',115,4);
INSERT INTO patient (id) VALUES (271);
INSERT INTO patients_address (street,house,apartement) VALUES ('Debra st.','75','1');
INSERT INTO medical_history (patient_id,date) VALUES (271,'2019-11-03');
INSERT INTO person (id,first_name,second_name,email,user_login,user_password,sex,date_of_birth,age,permission_level) VALUES (272,'Barbara','Marshall','kimberlysimpson@yahoo.com','jasonanderson','SGBFzQihrZX','F','1990-04-05',29,5);
INSERT INTO staff_member (id,employed_since,position,salary,room) VALUES (272,'2013-02-10','Doctor',35000,14);
INSERT INTO doctor (id,speciality,emergency_hours,experience,departement_id,supervisor) VALUES (272,'Rheumatologist',B'0',4,4,248);
INSERT INTO person (id,first_name,second_name,email,user_login,user_password,sex,date_of_birth,age,permission_level) VALUES (273,'Morgan','Holmes','kellysmith@gmail.com','pamelagregory','syeRDJBovQAJpaw','F','1964-10-20',55,4);
INSERT INTO staff_member (id,employed_since,position,salary,room) VALUES (273,'2014-09-08','Doctor',35000,17);
INSERT INTO doctor (id,speciality,emergency_hours,experience,departement_id,supervisor) VALUES (273,'Endocrinologists',B'1',1,9,126);
INSERT INTO person (id,first_name,second_name,email,user_login,user_password,sex,date_of_birth,age,permission_level) VALUES (274,'Zachary','Cunningham','mbennett@hotmail.com','melissadorsey','bNKWsfbl','M','1992-04-21',27,4);
INSERT INTO staff_member (id,employed_since,position,salary,room) VALUES (274,'2014-10-17','Nurse',25000,8);
INSERT INTO nurse (id,surgery_assistant,preferred_shifts,appointment_assistant,departement_id) VALUES (274,B'1','Night',B'1',5);
INSERT INTO person (id,first_name,second_name,email,user_login,user_password,sex,date_of_birth,age,permission_level) VALUES (275,'Lisa','Miller','kimberlysteele@yahoo.com','daniellemiller','UhOKanbgQLsV','F','2005-05-31',14,3);
INSERT INTO staff_member (id,employed_since,position,salary,room) VALUES (275,'2011-09-12','Cleaning Team Worker',10000,54);
INSERT INTO cleaning_team_worker (id,employment_type) VALUES (275,'Full time');
INSERT INTO person (id,first_name,second_name,email,user_login,user_password,sex,date_of_birth,age,permission_level) VALUES (276,'Angel','Smith','breanna69@hotmail.com','amy25','LbwdOFLAemh','M','1992-09-12',27,4);
INSERT INTO patient (id) VALUES (276);
INSERT INTO patients_address (street,house,apartement) VALUES ('Maurice st.','23','2');
INSERT INTO medical_history (patient_id,date) VALUES (276,'2019-11-22');
INSERT INTO person (id,first_name,second_name,email,user_login,user_password,sex,date_of_birth,age,permission_level) VALUES (277,'Tammy','Ingram','raymond78@gmail.com','freemanrobin','ygngdATaRnImoyu','F','1998-03-25',21,4);
INSERT INTO patient (id) VALUES (277);
INSERT INTO patients_address (street,house,apartement) VALUES ('Paula st.','90','8');
INSERT INTO medical_history (patient_id,date) VALUES (277,'2019-11-07');
INSERT INTO person (id,first_name,second_name,email,user_login,user_password,sex,date_of_birth,age,permission_level) VALUES (278,'Peggy','Warren','myerssarah@gmail.com','dannynorman','uoQQIgAHk','F','2002-02-06',17,5);
INSERT INTO staff_member (id,employed_since,position,salary,room) VALUES (278,'2013-07-09','Cleaning Team Worker',10000,54);
INSERT INTO cleaning_team_worker (id,employment_type) VALUES (278,'Part time');
INSERT INTO person (id,first_name,second_name,email,user_login,user_password,sex,date_of_birth,age,permission_level) VALUES (279,'David','Jennings','hendersonalexa@yahoo.com','rose59','nQwewkqHot','M','1976-07-15',43,5);
INSERT INTO staff_member (id,employed_since,position,salary,room) VALUES (279,'2014-04-02','Maintanence Worker',15000,60);
INSERT INTO maintanence_worker (id,employment_type,speciality) VALUES (279,'Part time','Electricity');
INSERT INTO person (id,first_name,second_name,email,user_login,user_password,sex,date_of_birth,age,permission_level) VALUES (280,'Nathan','Jackson','emilypierce@gmail.com','charles88','sXurRthXjSGL','M','1982-11-27',37,5);
INSERT INTO staff_member (id,employed_since,position,salary,room) VALUES (280,'2011-01-02','Doctor',35000,30);
INSERT INTO doctor (id,speciality,emergency_hours,experience,departement_id,supervisor) VALUES (280,'Pediatrician',B'1',1,5,123);
INSERT INTO person (id,first_name,second_name,email,user_login,user_password,sex,date_of_birth,age,permission_level) VALUES (281,'Mary','Lewis','portercolin@yahoo.com','andreabarnes','sZJquVdoETtD','F','1904-08-24',115,1);
INSERT INTO staff_member (id,employed_since,position,salary,room) VALUES (281,'2019-03-04','Nurse',25000,9);
INSERT INTO nurse (id,surgery_assistant,preferred_shifts,appointment_assistant,departement_id) VALUES (281,B'0','Day',B'0',5);
INSERT INTO person (id,first_name,second_name,email,user_login,user_password,sex,date_of_birth,age,permission_level) VALUES (282,'Emily','Rodriguez','kingdean@yahoo.com','bakersusan','RDZcZcAZpH','F','2006-09-12',13,2);
INSERT INTO staff_member (id,employed_since,position,salary,room) VALUES (282,'2010-07-30','Professor',35000,31);
INSERT INTO professor (id,research_topic,surgery_participation,departement_id) VALUES (282,'Cardiologist',B'1',11);
INSERT INTO person (id,first_name,second_name,email,user_login,user_password,sex,date_of_birth,age,permission_level) VALUES (283,'Logan','Carter','justin92@hotmail.com','briantrevino','LGvnGRLGRGPLHuZ','M','1996-03-17',23,1);
INSERT INTO staff_member (id,employed_since,position,salary,room) VALUES (283,'2012-05-07','Doctor',35000,16);
INSERT INTO doctor (id,speciality,emergency_hours,experience,departement_id,supervisor) VALUES (283,'Dermatologist',B'1',1,8,239);
INSERT INTO person (id,first_name,second_name,email,user_login,user_password,sex,date_of_birth,age,permission_level) VALUES (284,'Andrew','Smith','buchananmichele@yahoo.com','philip74','uMLXKyufkfAQtu','M','1961-06-16',58,2);
INSERT INTO staff_member (id,employed_since,position,salary,room) VALUES (284,'2012-04-25','Doctor',35000,12);
INSERT INTO doctor (id,speciality,emergency_hours,experience,departement_id,supervisor) VALUES (284,'Gastroenterologist',B'1',4,9,240);
INSERT INTO person (id,first_name,second_name,email,user_login,user_password,sex,date_of_birth,age,permission_level) VALUES (285,'Megan','Suarez','wjackson@hotmail.com','chavezvictoria','tMSaciHNhkFIYn','F','1937-02-27',82,4);
INSERT INTO patient (id) VALUES (285);
INSERT INTO patients_address (street,house,apartement) VALUES ('Corey st.','84','9');
INSERT INTO medical_history (patient_id,date) VALUES (285,'2019-11-08');
INSERT INTO person (id,first_name,second_name,email,user_login,user_password,sex,date_of_birth,age,permission_level) VALUES (286,'Jonathon','Orr','michelleluna@hotmail.com','johnsonwilliam','aXFGlxuzgMo','M','1998-06-21',21,1);
INSERT INTO staff_member (id,employed_since,position,salary,room) VALUES (286,'2017-07-18','Nurse',25000,9);
INSERT INTO nurse (id,surgery_assistant,preferred_shifts,appointment_assistant,departement_id) VALUES (286,B'0','Night',B'1',1);
INSERT INTO person (id,first_name,second_name,email,user_login,user_password,sex,date_of_birth,age,permission_level) VALUES (287,'Donna','Bartlett','wedwards@gmail.com','hoffmanwilliam','XgcgXwicTID','F','1915-09-10',104,5);
INSERT INTO patient (id) VALUES (287);
INSERT INTO patients_address (street,house,apartement) VALUES ('Kimberly st.','96','1');
INSERT INTO medical_history (patient_id,date) VALUES (287,'2019-10-17');
INSERT INTO person (id,first_name,second_name,email,user_login,user_password,sex,date_of_birth,age,permission_level) VALUES (288,'Jennifer','Copeland','kathleenferrell@yahoo.com','cruzkevin','ImXwMflcskQpHG','F','1998-04-25',21,3);
INSERT INTO patient (id) VALUES (288);
INSERT INTO patients_address (street,house,apartement) VALUES ('Gary st.','75','2');
INSERT INTO medical_history (patient_id,date) VALUES (288,'2019-11-11');
INSERT INTO person (id,first_name,second_name,email,user_login,user_password,sex,date_of_birth,age,permission_level) VALUES (289,'William','Ochoa','thorntonryan@yahoo.com','sandra12','apssGdOiNV','M','1996-12-28',23,5);
INSERT INTO staff_member (id,employed_since,position,salary,room) VALUES (289,'2017-09-29','Reseptionist',15000,56);
INSERT INTO reseptionist (id) VALUES (289);
INSERT INTO languages_spoken (reseptionist_id,language) VALUES (289,'ArabicItalianTatarPortuguesEnglishItalian');
INSERT INTO person (id,first_name,second_name,email,user_login,user_password,sex,date_of_birth,age,permission_level) VALUES (290,'Jeffrey','Ellis','angela65@yahoo.com','oscar04','zREvjNfPKu','M','1909-03-30',110,4);
INSERT INTO staff_member (id,employed_since,position,salary,room) VALUES (290,'2013-03-08','Cleaning Team Worker',10000,53);
INSERT INTO cleaning_team_worker (id,employment_type) VALUES (290,'Full time');
INSERT INTO person (id,first_name,second_name,email,user_login,user_password,sex,date_of_birth,age,permission_level) VALUES (291,'Carrie','Rangel','sarah60@hotmail.com','adrian64','mewslwtLgBja','F','1991-01-06',28,2);
INSERT INTO staff_member (id,employed_since,position,salary,room) VALUES (291,'2012-12-08','Nurse',25000,5);
INSERT INTO nurse (id,surgery_assistant,preferred_shifts,appointment_assistant,departement_id) VALUES (291,B'1','Day',B'1',4);
INSERT INTO person (id,first_name,second_name,email,user_login,user_password,sex,date_of_birth,age,permission_level) VALUES (292,'Devin','Shaw','christopherstout@hotmail.com','janice14','ubTokrO','M','1994-11-02',25,3);
INSERT INTO staff_member (id,employed_since,position,salary,room) VALUES (292,'2011-12-16','Pharmasist',20000,69);
INSERT INTO pharmasist (id,education_level,research) VALUES (292,'PhD',B'0');
INSERT INTO person (id,first_name,second_name,email,user_login,user_password,sex,date_of_birth,age,permission_level) VALUES (293,'Jeffrey','Gallegos','carollane@gmail.com','kaitlynlane','XetgvYhG','M','1921-03-31',98,4);
INSERT INTO staff_member (id,employed_since,position,salary,room) VALUES (293,'2015-12-04','IT Specialist',15000,74);
INSERT INTO IT_specialist (id,support_line) VALUES (293,B'0');
INSERT INTO person (id,first_name,second_name,email,user_login,user_password,sex,date_of_birth,age,permission_level) VALUES (294,'Heather','Owen','bmoore@hotmail.com','uglass','yJExMzpKmEfsq','F','1962-09-05',57,1);
INSERT INTO staff_member (id,employed_since,position,salary,room) VALUES (294,'2011-06-26','Cleaning Team Worker',10000,55);
INSERT INTO cleaning_team_worker (id,employment_type) VALUES (294,'Full time');
INSERT INTO person (id,first_name,second_name,email,user_login,user_password,sex,date_of_birth,age,permission_level) VALUES (295,'Justin','Parks','reneelopez@yahoo.com','cochranjoshua','Hxsioeu','M','1941-12-13',78,3);
INSERT INTO staff_member (id,employed_since,position,salary,room) VALUES (295,'2015-01-14','Doctor',35000,18);
INSERT INTO doctor (id,speciality,emergency_hours,experience,departement_id,supervisor) VALUES (295,'Oncologist',B'1',3,6,272);
INSERT INTO person (id,first_name,second_name,email,user_login,user_password,sex,date_of_birth,age,permission_level) VALUES (296,'Sean','Garrison','nashstephanie@hotmail.com','matthewlewis','RDqkWxduEorDT','M','1996-05-23',23,2);
INSERT INTO staff_member (id,employed_since,position,salary,room) VALUES (296,'2013-05-21','Professor',35000,32);
INSERT INTO professor (id,research_topic,surgery_participation,departement_id) VALUES (296,'Emergency Medicine Specialist',B'0',8);
INSERT INTO person (id,first_name,second_name,email,user_login,user_password,sex,date_of_birth,age,permission_level) VALUES (297,'Michael','Williams','margaretblackburn@hotmail.com','zjackson','YjsDCDHffRUrKp','M','1995-05-11',24,1);
INSERT INTO staff_member (id,employed_since,position,salary,room) VALUES (297,'2019-01-18','Maintanence Worker',15000,58);
INSERT INTO maintanence_worker (id,employment_type,speciality) VALUES (297,'Part time','Hardware');
INSERT INTO person (id,first_name,second_name,email,user_login,user_password,sex,date_of_birth,age,permission_level) VALUES (298,'Monique','Wallace','joseph55@hotmail.com','smithcourtney','OEVHyvF','F','2005-02-17',14,4);
INSERT INTO patient (id) VALUES (298);
INSERT INTO patients_address (street,house,apartement) VALUES ('Emily st.','43','6');
INSERT INTO medical_history (patient_id,date) VALUES (298,'2019-11-17');
INSERT INTO person (id,first_name,second_name,email,user_login,user_password,sex,date_of_birth,age,permission_level) VALUES (299,'Valerie','Powell','garzabrendan@gmail.com','choiedward','apaVtlg','F','1957-07-03',62,4);
INSERT INTO patient (id) VALUES (299);
INSERT INTO patients_address (street,house,apartement) VALUES ('Ms. st.','8','4');
INSERT INTO medical_history (patient_id,date) VALUES (299,'2019-11-02');
INSERT INTO person (id,first_name,second_name,email,user_login,user_password,sex,date_of_birth,age,permission_level) VALUES (300,'Travis','Ortiz','roypatricia@yahoo.com','roy98','FzTSVSbukISlAHA','M','2009-12-18',10,2);
INSERT INTO staff_member (id,employed_since,position,salary,room) VALUES (300,'2015-07-14','Lab Technician',15000,42);
INSERT INTO lab_technician (id,education_level,departement_id) VALUES (300,'Magister',9);
INSERT INTO person (id,first_name,second_name,email,user_login,user_password,sex,date_of_birth,age,permission_level) VALUES (301,'Christina','Knox','fuentestyler@gmail.com','samuel64','SZHUbSOscrA','F','2010-10-08',9,2);
INSERT INTO staff_member (id,employed_since,position,salary,room) VALUES (301,'2013-06-07','Doctor',35000,21);
INSERT INTO doctor (id,speciality,emergency_hours,experience,departement_id,supervisor) VALUES (301,'Oncologist',B'0',5,8,113);
INSERT INTO person (id,first_name,second_name,email,user_login,user_password,sex,date_of_birth,age,permission_level) VALUES (302,'Nicholas','Gilbert','burchhannah@hotmail.com','yfields','jCGbrkmwZ','M','1985-10-05',34,5);
INSERT INTO patient (id) VALUES (302);
INSERT INTO patients_address (street,house,apartement) VALUES ('Stephanie st.','93','6');
INSERT INTO medical_history (patient_id,date) VALUES (302,'2019-10-22');
INSERT INTO person (id,first_name,second_name,email,user_login,user_password,sex,date_of_birth,age,permission_level) VALUES (303,'Ronald','Carter','claytonfrank@yahoo.com','gmullen','zjyUqxkJiHOoJ','M','1980-11-14',39,1);
INSERT INTO staff_member (id,employed_since,position,salary,room) VALUES (303,'2015-01-08','Reseptionist',15000,56);
INSERT INTO reseptionist (id) VALUES (303);
INSERT INTO languages_spoken (reseptionist_id,language) VALUES (303,'TatarTatar');
INSERT INTO person (id,first_name,second_name,email,user_login,user_password,sex,date_of_birth,age,permission_level) VALUES (304,'Sara','Reynolds','valeriespencer@hotmail.com','ihaley','KNAHzaHRkd','F','1986-05-05',33,3);
INSERT INTO staff_member (id,employed_since,position,salary,room) VALUES (304,'2016-02-11','Maintanence Worker',15000,60);
INSERT INTO maintanence_worker (id,employment_type,speciality) VALUES (304,'Part time','Machines');
INSERT INTO person (id,first_name,second_name,email,user_login,user_password,sex,date_of_birth,age,permission_level) VALUES (305,'Sergio','Dixon','mcguirestacey@yahoo.com','eramirez','IRJDuJToAyX','M','1905-03-13',114,1);
INSERT INTO staff_member (id,employed_since,position,salary,room) VALUES (305,'2013-11-01','Maintanence Worker',15000,59);
INSERT INTO maintanence_worker (id,employment_type,speciality) VALUES (305,'Full time','Electricity');
INSERT INTO person (id,first_name,second_name,email,user_login,user_password,sex,date_of_birth,age,permission_level) VALUES (306,'Crystal','Jones','sallymartin@gmail.com','samanthagillespie','JqUjnEFmpxH','F','1919-04-03',100,1);
INSERT INTO staff_member (id,employed_since,position,salary,room) VALUES (306,'2018-11-29','Nurse',25000,8);
INSERT INTO nurse (id,surgery_assistant,preferred_shifts,appointment_assistant,departement_id) VALUES (306,B'1','Day',B'0',9);
INSERT INTO person (id,first_name,second_name,email,user_login,user_password,sex,date_of_birth,age,permission_level) VALUES (307,'Justin','Santos','hurstjohn@hotmail.com','leslie37','NKaXkkXFkUQOs','M','1967-08-28',52,2);
INSERT INTO staff_member (id,employed_since,position,salary,room) VALUES (307,'2018-04-08','HR',30000,65);
INSERT INTO hr (id,selection_responsibility) VALUES (307,'Review');
INSERT INTO person (id,first_name,second_name,email,user_login,user_password,sex,date_of_birth,age,permission_level) VALUES (308,'Melissa','Norris','spenceraustin@hotmail.com','ulewis','JambTAnciMvVX','F','1951-05-03',68,3);
INSERT INTO patient (id) VALUES (308);
INSERT INTO patients_address (street,house,apartement) VALUES ('Keith st.','8','8');
INSERT INTO medical_history (patient_id,date) VALUES (308,'2019-11-03');
INSERT INTO person (id,first_name,second_name,email,user_login,user_password,sex,date_of_birth,age,permission_level) VALUES (309,'Brenda','Davis','jfuller@yahoo.com','josephrush','sMjAmTKGIsuPe','F','1920-12-02',99,5);
INSERT INTO staff_member (id,employed_since,position,salary,room) VALUES (309,'2018-04-04','Nurse',25000,8);
INSERT INTO nurse (id,surgery_assistant,preferred_shifts,appointment_assistant,departement_id) VALUES (309,B'1','Night',B'0',3);
INSERT INTO person (id,first_name,second_name,email,user_login,user_password,sex,date_of_birth,age,permission_level) VALUES (310,'Casey','Morris','morgannicholas@hotmail.com','ereyes','LsxMJGjUbkn','F','1929-05-28',90,3);
INSERT INTO staff_member (id,employed_since,position,salary,room) VALUES (310,'2013-08-03','Reseptionist',15000,56);
INSERT INTO reseptionist (id) VALUES (310);
INSERT INTO languages_spoken (reseptionist_id,language) VALUES (310,'PortuguesRussian');
INSERT INTO person (id,first_name,second_name,email,user_login,user_password,sex,date_of_birth,age,permission_level) VALUES (311,'Laura','Foster','darren14@gmail.com','munozjoshua','dWKILOvVXr','F','2004-12-16',15,2);
INSERT INTO staff_member (id,employed_since,position,salary,room) VALUES (311,'2013-04-12','HR',30000,67);
INSERT INTO hr (id,selection_responsibility) VALUES (311,'Review');
INSERT INTO person (id,first_name,second_name,email,user_login,user_password,sex,date_of_birth,age,permission_level) VALUES (312,'David','Jackson','lee05@gmail.com','choward','XDaZKaJwOLaRG','M','1993-10-01',26,3);
INSERT INTO staff_member (id,employed_since,position,salary,room) VALUES (312,'2017-03-19','Nurse',25000,7);
INSERT INTO nurse (id,surgery_assistant,preferred_shifts,appointment_assistant,departement_id) VALUES (312,B'0','Night',B'1',2);
INSERT INTO person (id,first_name,second_name,email,user_login,user_password,sex,date_of_birth,age,permission_level) VALUES (313,'Melissa','Fox','gblackburn@yahoo.com','jlopez','BjPdLvqAulrl','F','1907-02-02',112,5);
INSERT INTO staff_member (id,employed_since,position,salary,room) VALUES (313,'2011-01-20','Doctor',35000,21);
INSERT INTO doctor (id,speciality,emergency_hours,experience,departement_id,supervisor) VALUES (313,'Anesthesiologist',B'1',3,11,273);
INSERT INTO person (id,first_name,second_name,email,user_login,user_password,sex,date_of_birth,age,permission_level) VALUES (314,'Ronald','Cannon','robert52@gmail.com','amytucker','qlFMDQRvSNzTPNe','M','1995-06-19',24,5);
INSERT INTO staff_member (id,employed_since,position,salary,room) VALUES (314,'2018-09-29','Cook',15000,71);
INSERT INTO cook (id,experience) VALUES (314,4);
INSERT INTO person (id,first_name,second_name,email,user_login,user_password,sex,date_of_birth,age,permission_level) VALUES (315,'Brent','Patterson','rhoward@yahoo.com','jacquelinebell','YUNDpwYMh','M','1926-02-21',93,2);
INSERT INTO staff_member (id,employed_since,position,salary,room) VALUES (315,'2014-07-28','Security Team Member',10000,62);
INSERT INTO security_team_member (id,shifts,physical_test_grade) VALUES (315,'Day','B');
INSERT INTO person (id,first_name,second_name,email,user_login,user_password,sex,date_of_birth,age,permission_level) VALUES (316,'Susan','Brown','ohall@gmail.com','burnettjames','ShLagTh','F','1988-07-15',31,4);
INSERT INTO staff_member (id,employed_since,position,salary,room) VALUES (316,'2013-04-21','Cleaning Team Worker',10000,55);
INSERT INTO cleaning_team_worker (id,employment_type) VALUES (316,'Full time');
INSERT INTO person (id,first_name,second_name,email,user_login,user_password,sex,date_of_birth,age,permission_level) VALUES (317,'Kimberly','Ellison','james74@gmail.com','lauriedavis','JUeILldUVI','F','1988-02-03',31,1);
INSERT INTO patient (id) VALUES (317);
INSERT INTO patients_address (street,house,apartement) VALUES ('Charles st.','63','5');
INSERT INTO medical_history (patient_id,date) VALUES (317,'2019-11-04');
INSERT INTO person (id,first_name,second_name,email,user_login,user_password,sex,date_of_birth,age,permission_level) VALUES (318,'Angela','Castro','tjennings@yahoo.com','cliu','VLsoRPGthE','F','1953-07-24',66,4);
INSERT INTO patient (id) VALUES (318);
INSERT INTO patients_address (street,house,apartement) VALUES ('Terry st.','24','8');
INSERT INTO medical_history (patient_id,date) VALUES (318,'2019-10-15');
INSERT INTO person (id,first_name,second_name,email,user_login,user_password,sex,date_of_birth,age,permission_level) VALUES (319,'Alexis','Brown','jonathonjackson@hotmail.com','phenry','vMdliaMYhnoDd','F','1942-03-20',77,1);
INSERT INTO staff_member (id,employed_since,position,salary,room) VALUES (319,'2012-12-26','HR',30000,65);
INSERT INTO hr (id,selection_responsibility) VALUES (319,'Interview');
INSERT INTO person (id,first_name,second_name,email,user_login,user_password,sex,date_of_birth,age,permission_level) VALUES (320,'Teresa','Brown','brenda51@yahoo.com','zsantos','abcqUWRx','F','1950-04-06',69,3);
INSERT INTO staff_member (id,employed_since,position,salary,room) VALUES (320,'2014-05-02','Doctor',35000,12);
INSERT INTO doctor (id,speciality,emergency_hours,experience,departement_id,supervisor) VALUES (320,'Pediatrician',B'1',1,5,116);
INSERT INTO person (id,first_name,second_name,email,user_login,user_password,sex,date_of_birth,age,permission_level) VALUES (321,'Zachary','Figueroa','edwardspatricia@gmail.com','hamiltonedward','TsJHBsVkiost','M','1941-06-23',78,5);
INSERT INTO staff_member (id,employed_since,position,salary,room) VALUES (321,'2015-05-08','Reseptionist',15000,56);
INSERT INTO reseptionist (id) VALUES (321);
INSERT INTO languages_spoken (reseptionist_id,language) VALUES (321,'Arabic');
INSERT INTO person (id,first_name,second_name,email,user_login,user_password,sex,date_of_birth,age,permission_level) VALUES (322,'Krista','Bennett','sanchezrick@hotmail.com','clarkgregg','LuHlvJgBuE','F','1990-09-21',29,1);
INSERT INTO patient (id) VALUES (322);
INSERT INTO patients_address (street,house,apartement) VALUES ('Tracie st.','3','7');
INSERT INTO medical_history (patient_id,date) VALUES (322,'2019-11-20');
INSERT INTO person (id,first_name,second_name,email,user_login,user_password,sex,date_of_birth,age,permission_level) VALUES (323,'Gregory','Arnold','acarroll@hotmail.com','jaredtorres','vxQmdPbsAlWFUn','M','2007-10-30',12,2);
INSERT INTO staff_member (id,employed_since,position,salary,room) VALUES (323,'2019-03-12','Nurse',25000,6);
INSERT INTO nurse (id,surgery_assistant,preferred_shifts,appointment_assistant,departement_id) VALUES (323,B'1','Day',B'0',4);
INSERT INTO person (id,first_name,second_name,email,user_login,user_password,sex,date_of_birth,age,permission_level) VALUES (324,'Tyler','Molina','xphelps@yahoo.com','terrythompson','OakmxQXKNuE','M','1987-03-01',32,5);
INSERT INTO staff_member (id,employed_since,position,salary,room) VALUES (324,'2010-09-09','HR',30000,64);
INSERT INTO hr (id,selection_responsibility) VALUES (324,'Review');
INSERT INTO person (id,first_name,second_name,email,user_login,user_password,sex,date_of_birth,age,permission_level) VALUES (325,'Aaron','Nelson','christine26@gmail.com','donaldlang','acDmtKHhkJW','M','1935-04-06',84,5);
INSERT INTO staff_member (id,employed_since,position,salary,room) VALUES (325,'2018-04-02','Doctor',35000,20);
INSERT INTO doctor (id,speciality,emergency_hours,experience,departement_id,supervisor) VALUES (325,'Nephrologist',B'0',8,9,39);
INSERT INTO person (id,first_name,second_name,email,user_login,user_password,sex,date_of_birth,age,permission_level) VALUES (326,'David','Thompson','hollowayallison@hotmail.com','mayergarrett','uRKOWsmE','M','1955-06-30',64,3);
INSERT INTO staff_member (id,employed_since,position,salary,room) VALUES (326,'2016-11-13','Maintanence Worker',15000,59);
INSERT INTO maintanence_worker (id,employment_type,speciality) VALUES (326,'Part time','Machines');
INSERT INTO person (id,first_name,second_name,email,user_login,user_password,sex,date_of_birth,age,permission_level) VALUES (327,'Angela','Smith','susan95@yahoo.com','carol92','wMUHSJxEOsxhvY','F','1948-05-08',71,4);
INSERT INTO staff_member (id,employed_since,position,salary,room) VALUES (327,'2018-07-29','Lab Technician',15000,49);
INSERT INTO lab_technician (id,education_level,departement_id) VALUES (327,'PhD',8);
INSERT INTO person (id,first_name,second_name,email,user_login,user_password,sex,date_of_birth,age,permission_level) VALUES (328,'Linda','Chavez','linda10@gmail.com','barnestina','tlpPnXe','F','1992-08-30',27,4);
INSERT INTO staff_member (id,employed_since,position,salary,room) VALUES (328,'2016-02-03','Nurse',25000,3);
INSERT INTO nurse (id,surgery_assistant,preferred_shifts,appointment_assistant,departement_id) VALUES (328,B'1','Day',B'1',1);
INSERT INTO person (id,first_name,second_name,email,user_login,user_password,sex,date_of_birth,age,permission_level) VALUES (329,'Diana','Young','kimberlyburke@hotmail.com','lgonzales','GkuFEKSsDrqdy','F','1936-02-19',83,3);
INSERT INTO staff_member (id,employed_since,position,salary,room) VALUES (329,'2012-01-13','Cook',15000,73);
INSERT INTO cook (id,experience) VALUES (329,2);
INSERT INTO person (id,first_name,second_name,email,user_login,user_password,sex,date_of_birth,age,permission_level) VALUES (330,'Jessica','Ellis','robert61@gmail.com','john64','IZlpWPIl','F','1940-12-30',79,4);
INSERT INTO staff_member (id,employed_since,position,salary,room) VALUES (330,'2014-08-26','Nurse',25000,5);
INSERT INTO nurse (id,surgery_assistant,preferred_shifts,appointment_assistant,departement_id) VALUES (330,B'0','Night',B'1',11);
INSERT INTO person (id,first_name,second_name,email,user_login,user_password,sex,date_of_birth,age,permission_level) VALUES (331,'Drew','Hurley','benjaminjones@hotmail.com','cassandra93','kzLDfJTGNujdc','M','1996-08-29',23,1);
INSERT INTO staff_member (id,employed_since,position,salary,room) VALUES (331,'2018-08-03','Doctor',35000,12);
INSERT INTO doctor (id,speciality,emergency_hours,experience,departement_id,supervisor) VALUES (331,'Internist',B'0',9,11,186);
INSERT INTO person (id,first_name,second_name,email,user_login,user_password,sex,date_of_birth,age,permission_level) VALUES (332,'Teresa','Henderson','john11@hotmail.com','christinamartin','orbLJtOWodInYf','F','1967-05-01',52,2);
INSERT INTO staff_member (id,employed_since,position,salary,room) VALUES (332,'2011-07-13','Doctor',35000,17);
INSERT INTO doctor (id,speciality,emergency_hours,experience,departement_id,supervisor) VALUES (332,'Psychiatrist',B'1',9,11,225);
INSERT INTO person (id,first_name,second_name,email,user_login,user_password,sex,date_of_birth,age,permission_level) VALUES (333,'John','Boone','amandadrake@yahoo.com','danielpetty','dpuyguiIpsMY','M','1951-12-01',68,1);
INSERT INTO staff_member (id,employed_since,position,salary,room) VALUES (333,'2017-04-14','Maintanence Worker',15000,60);
INSERT INTO maintanence_worker (id,employment_type,speciality) VALUES (333,'Part time','Machines');
INSERT INTO person (id,first_name,second_name,email,user_login,user_password,sex,date_of_birth,age,permission_level) VALUES (334,'Duane','Walker','dixonstephen@yahoo.com','clayton02','IzbhkAAScBc','M','1922-10-13',97,2);
INSERT INTO staff_member (id,employed_since,position,salary,room) VALUES (334,'2018-07-01','Nurse',25000,5);
INSERT INTO nurse (id,surgery_assistant,preferred_shifts,appointment_assistant,departement_id) VALUES (334,B'0','Day',B'1',6);
INSERT INTO person (id,first_name,second_name,email,user_login,user_password,sex,date_of_birth,age,permission_level) VALUES (335,'Brooke','Lucas','crystalfarrell@yahoo.com','john91','OxZZbAOGtTGVuP','F','1987-08-23',32,3);
INSERT INTO staff_member (id,employed_since,position,salary,room) VALUES (335,'2016-02-16','Security Team Member',10000,63);
INSERT INTO security_team_member (id,shifts,physical_test_grade) VALUES (335,'Day','C');
INSERT INTO person (id,first_name,second_name,email,user_login,user_password,sex,date_of_birth,age,permission_level) VALUES (336,'James','Lee','colson@yahoo.com','robert86','LJpIkISm','M','1904-09-14',115,3);
INSERT INTO staff_member (id,employed_since,position,salary,room) VALUES (336,'2013-12-28','Nurse',25000,10);
INSERT INTO nurse (id,surgery_assistant,preferred_shifts,appointment_assistant,departement_id) VALUES (336,B'0','Day',B'1',4);
INSERT INTO person (id,first_name,second_name,email,user_login,user_password,sex,date_of_birth,age,permission_level) VALUES (337,'Jonathan','Hansen','pmacdonald@gmail.com','dianebrooks','xZFOlnVwmWlxS','M','1906-08-03',113,2);
INSERT INTO staff_member (id,employed_since,position,salary,room) VALUES (337,'2019-10-12','Doctor',35000,22);
INSERT INTO doctor (id,speciality,emergency_hours,experience,departement_id,supervisor) VALUES (337,'Cardiologist',B'0',7,10,325);
INSERT INTO person (id,first_name,second_name,email,user_login,user_password,sex,date_of_birth,age,permission_level) VALUES (338,'Ryan','Dodson','joancox@hotmail.com','jenkinslisa','GuUYCFy','M','1910-09-05',109,3);
INSERT INTO staff_member (id,employed_since,position,salary,room) VALUES (338,'2019-03-04','Doctor',35000,27);
INSERT INTO doctor (id,speciality,emergency_hours,experience,departement_id,supervisor) VALUES (338,'Gastroenterologist',B'0',1,7,337);
INSERT INTO person (id,first_name,second_name,email,user_login,user_password,sex,date_of_birth,age,permission_level) VALUES (339,'Jason','Warren','danielle63@yahoo.com','thomasmckinney','ybFufQH','M','1935-03-01',84,4);
INSERT INTO staff_member (id,employed_since,position,salary,room) VALUES (339,'2018-08-09','Doctor',35000,17);
INSERT INTO doctor (id,speciality,emergency_hours,experience,departement_id,supervisor) VALUES (339,'Hematologist',B'0',8,7,31);
INSERT INTO person (id,first_name,second_name,email,user_login,user_password,sex,date_of_birth,age,permission_level) VALUES (340,'Jordan','Burnett','kimberlyperez@gmail.com','teresa24','dgpfOphLRhuCm','F','2002-08-11',17,2);
INSERT INTO staff_member (id,employed_since,position,salary,room) VALUES (340,'2011-01-12','Maintanence Worker',15000,57);
INSERT INTO maintanence_worker (id,employment_type,speciality) VALUES (340,'Part time','Furniture');
INSERT INTO person (id,first_name,second_name,email,user_login,user_password,sex,date_of_birth,age,permission_level) VALUES (341,'Danielle','Martin','john20@gmail.com','cthomas','dfPBwxQlajFfPPt','F','1917-07-01',102,2);
INSERT INTO patient (id) VALUES (341);
INSERT INTO patients_address (street,house,apartement) VALUES ('Chelsea st.','62','6');
INSERT INTO medical_history (patient_id,date) VALUES (341,'2019-11-02');
INSERT INTO person (id,first_name,second_name,email,user_login,user_password,sex,date_of_birth,age,permission_level) VALUES (342,'Richard','Galloway','medinadavid@gmail.com','robinsondavid','UmdUXgVmYNuihx','M','1969-05-28',50,2);
INSERT INTO patient (id) VALUES (342);
INSERT INTO patients_address (street,house,apartement) VALUES ('John st.','25','2');
INSERT INTO medical_history (patient_id,date) VALUES (342,'2019-10-28');
INSERT INTO person (id,first_name,second_name,email,user_login,user_password,sex,date_of_birth,age,permission_level) VALUES (343,'Diana','Wyatt','thomas70@hotmail.com','sarahgutierrez','WJVXKvzWbZEezPe','F','2016-10-20',3,2);
INSERT INTO patient (id) VALUES (343);
INSERT INTO patients_address (street,house,apartement) VALUES ('Mathew st.','24','10');
INSERT INTO medical_history (patient_id,date) VALUES (343,'2019-11-22');
INSERT INTO person (id,first_name,second_name,email,user_login,user_password,sex,date_of_birth,age,permission_level) VALUES (344,'Emily','Jarvis','abigail04@hotmail.com','tracyestrada','VphHrjLoXvsATAu','F','1933-12-07',86,1);
INSERT INTO patient (id) VALUES (344);
INSERT INTO patients_address (street,house,apartement) VALUES ('Brandon st.','80','1');
INSERT INTO medical_history (patient_id,date) VALUES (344,'2019-10-29');
INSERT INTO person (id,first_name,second_name,email,user_login,user_password,sex,date_of_birth,age,permission_level) VALUES (345,'Robert','Chambers','james77@yahoo.com','monica13','iHwyIKohcxw','M','1932-01-14',87,3);
INSERT INTO staff_member (id,employed_since,position,salary,room) VALUES (345,'2018-04-21','Nurse',25000,8);
INSERT INTO nurse (id,surgery_assistant,preferred_shifts,appointment_assistant,departement_id) VALUES (345,B'0','Day',B'0',2);
INSERT INTO person (id,first_name,second_name,email,user_login,user_password,sex,date_of_birth,age,permission_level) VALUES (346,'Stephanie','Brown','janice16@yahoo.com','vanessa40','RmFgCLHGXpRUWt','F','1946-01-18',73,2);
INSERT INTO staff_member (id,employed_since,position,salary,room) VALUES (346,'2018-04-15','Professor',35000,36);
INSERT INTO professor (id,research_topic,surgery_participation,departement_id) VALUES (346,'Pulmonologist',B'1',8);
INSERT INTO person (id,first_name,second_name,email,user_login,user_password,sex,date_of_birth,age,permission_level) VALUES (347,'Tiffany','Jones','djohnson@hotmail.com','njohnson','KNFYJnXGIuEoyI','F','1968-11-18',51,2);
INSERT INTO staff_member (id,employed_since,position,salary,room) VALUES (347,'2019-05-12','Professor',35000,34);
INSERT INTO professor (id,research_topic,surgery_participation,departement_id) VALUES (347,'Allergist',B'0',8);
INSERT INTO person (id,first_name,second_name,email,user_login,user_password,sex,date_of_birth,age,permission_level) VALUES (348,'Brittany','Wang','mark46@hotmail.com','bburke','nFMAxGtAbGG','F','1905-08-26',114,2);
INSERT INTO staff_member (id,employed_since,position,salary,room) VALUES (348,'2018-05-27','Cook',15000,71);
INSERT INTO cook (id,experience) VALUES (348,8);
INSERT INTO person (id,first_name,second_name,email,user_login,user_password,sex,date_of_birth,age,permission_level) VALUES (349,'Rebecca','Mitchell','colemansusan@gmail.com','andreatapia','PcBiDykCAFoT','F','1993-07-03',26,4);
INSERT INTO staff_member (id,employed_since,position,salary,room) VALUES (349,'2016-06-01','Doctor',35000,22);
INSERT INTO doctor (id,speciality,emergency_hours,experience,departement_id,supervisor) VALUES (349,'Pathologist',B'0',8,10,120);
INSERT INTO person (id,first_name,second_name,email,user_login,user_password,sex,date_of_birth,age,permission_level) VALUES (350,'Tina','Ewing','nbrown@yahoo.com','acruz','nModMvftUJM','F','1911-11-04',108,4);
INSERT INTO staff_member (id,employed_since,position,salary,room) VALUES (350,'2010-07-23','Maintanence Worker',15000,60);
INSERT INTO maintanence_worker (id,employment_type,speciality) VALUES (350,'Part time','Electricity');
INSERT INTO person (id,first_name,second_name,email,user_login,user_password,sex,date_of_birth,age,permission_level) VALUES (351,'Timothy','Hernandez','xshepard@gmail.com','thomashughes','bWrEuLUjIbRF','M','1917-08-31',102,5);
INSERT INTO staff_member (id,employed_since,position,salary,room) VALUES (351,'2018-05-16','Nurse',25000,8);
INSERT INTO nurse (id,surgery_assistant,preferred_shifts,appointment_assistant,departement_id) VALUES (351,B'0','Night',B'1',5);
INSERT INTO person (id,first_name,second_name,email,user_login,user_password,sex,date_of_birth,age,permission_level) VALUES (352,'Alyssa','Smith','sarah60@hotmail.com','pturner','qRzvbZFV','F','1963-03-06',56,2);
INSERT INTO staff_member (id,employed_since,position,salary,room) VALUES (352,'2015-11-15','Professor',35000,40);
INSERT INTO professor (id,research_topic,surgery_participation,departement_id) VALUES (352,'Ophthalmologist',B'1',5);
INSERT INTO person (id,first_name,second_name,email,user_login,user_password,sex,date_of_birth,age,permission_level) VALUES (353,'James','Clarke','brian93@yahoo.com','hallpatrick','YDbKXjTifhlFuK','M','2017-07-11',2,5);
INSERT INTO staff_member (id,employed_since,position,salary,room) VALUES (353,'2019-09-21','Nurse',25000,3);
INSERT INTO nurse (id,surgery_assistant,preferred_shifts,appointment_assistant,departement_id) VALUES (353,B'0','Night',B'1',11);
INSERT INTO person (id,first_name,second_name,email,user_login,user_password,sex,date_of_birth,age,permission_level) VALUES (354,'Melissa','Medina','aprilbell@hotmail.com','vcarter','lYqrVlAKoe','F','1928-09-18',91,1);
INSERT INTO staff_member (id,employed_since,position,salary,room) VALUES (354,'2011-09-07','Professor',35000,36);
INSERT INTO professor (id,research_topic,surgery_participation,departement_id) VALUES (354,'Critical Care Medicine Specialist',B'0',6);
INSERT INTO person (id,first_name,second_name,email,user_login,user_password,sex,date_of_birth,age,permission_level) VALUES (355,'Tony','Vega','andrewryan@gmail.com','pbaxter','bUzbWmcB','M','1915-01-26',104,2);
INSERT INTO staff_member (id,employed_since,position,salary,room) VALUES (355,'2010-12-22','Cook',15000,71);
INSERT INTO cook (id,experience) VALUES (355,7);
INSERT INTO person (id,first_name,second_name,email,user_login,user_password,sex,date_of_birth,age,permission_level) VALUES (356,'Amanda','Porter','kduran@yahoo.com','julieodom','gQEIWBpxpL','F','2001-02-12',18,2);
INSERT INTO staff_member (id,employed_since,position,salary,room) VALUES (356,'2019-10-08','Professor',35000,32);
INSERT INTO professor (id,research_topic,surgery_participation,departement_id) VALUES (356,'Plastic Surgeon',B'1',11);
INSERT INTO person (id,first_name,second_name,email,user_login,user_password,sex,date_of_birth,age,permission_level) VALUES (357,'Richard','Mcdonald','justinpeterson@hotmail.com','alexisreed','SOUTnkX','M','1963-06-04',56,3);
INSERT INTO staff_member (id,employed_since,position,salary,room) VALUES (357,'2017-03-13','Professor',35000,32);
INSERT INTO professor (id,research_topic,surgery_participation,departement_id) VALUES (357,'Hospice and Palliative Medicine Specialist',B'0',1);
INSERT INTO person (id,first_name,second_name,email,user_login,user_password,sex,date_of_birth,age,permission_level) VALUES (358,'Bruce','Burnett','hendrixbruce@gmail.com','gonzalezmichael','OKOuoPxPsJw','M','1936-05-26',83,1);
INSERT INTO staff_member (id,employed_since,position,salary,room) VALUES (358,'2010-04-28','Nurse',25000,4);
INSERT INTO nurse (id,surgery_assistant,preferred_shifts,appointment_assistant,departement_id) VALUES (358,B'0','Night',B'1',10);
INSERT INTO person (id,first_name,second_name,email,user_login,user_password,sex,date_of_birth,age,permission_level) VALUES (359,'Aimee','Simmons','saracaldwell@hotmail.com','kellimurillo','QXUzXUdaD','F','1904-03-18',115,4);
INSERT INTO patient (id) VALUES (359);
INSERT INTO patients_address (street,house,apartement) VALUES ('Danielle st.','88','4');
INSERT INTO medical_history (patient_id,date) VALUES (359,'2019-10-21');
INSERT INTO person (id,first_name,second_name,email,user_login,user_password,sex,date_of_birth,age,permission_level) VALUES (360,'Louis','Smith','bvance@hotmail.com','rmolina','TADBRsHkuklNl','M','1974-09-28',45,1);
INSERT INTO staff_member (id,employed_since,position,salary,room) VALUES (360,'2017-10-08','Nurse',25000,3);
INSERT INTO nurse (id,surgery_assistant,preferred_shifts,appointment_assistant,departement_id) VALUES (360,B'1','Day',B'0',11);
INSERT INTO person (id,first_name,second_name,email,user_login,user_password,sex,date_of_birth,age,permission_level) VALUES (361,'Kenneth','Kim','millerlaura@gmail.com','lward','aDSycgMEj','M','2012-07-16',7,1);
INSERT INTO staff_member (id,employed_since,position,salary,room) VALUES (361,'2011-02-03','Nurse',25000,5);
INSERT INTO nurse (id,surgery_assistant,preferred_shifts,appointment_assistant,departement_id) VALUES (361,B'0','Night',B'0',2);
INSERT INTO person (id,first_name,second_name,email,user_login,user_password,sex,date_of_birth,age,permission_level) VALUES (362,'Nancy','Bridges','maxwellphillip@gmail.com','aevans','ANMPdleI','F','1976-10-08',43,5);
INSERT INTO staff_member (id,employed_since,position,salary,room) VALUES (362,'2013-04-04','Doctor',35000,21);
INSERT INTO doctor (id,speciality,emergency_hours,experience,departement_id,supervisor) VALUES (362,'Podiatrist',B'1',6,1,121);
INSERT INTO person (id,first_name,second_name,email,user_login,user_password,sex,date_of_birth,age,permission_level) VALUES (363,'Christopher','Ward','james29@gmail.com','jeffrey44','kngjpuqVXuOYxoN','M','1942-09-25',77,1);
INSERT INTO staff_member (id,employed_since,position,salary,room) VALUES (363,'2012-03-08','Nurse',25000,3);
INSERT INTO nurse (id,surgery_assistant,preferred_shifts,appointment_assistant,departement_id) VALUES (363,B'1','Night',B'0',3);
INSERT INTO person (id,first_name,second_name,email,user_login,user_password,sex,date_of_birth,age,permission_level) VALUES (364,'Sara','Mitchell','orangel@gmail.com','fergusongregory','NNjSVeKJ','F','1951-01-03',68,3);
INSERT INTO staff_member (id,employed_since,position,salary,room) VALUES (364,'2018-01-03','Maintanence Worker',15000,59);
INSERT INTO maintanence_worker (id,employment_type,speciality) VALUES (364,'Full time','Machines');
INSERT INTO person (id,first_name,second_name,email,user_login,user_password,sex,date_of_birth,age,permission_level) VALUES (365,'Steve','Rose','hannahking@gmail.com','kwilson','WOCYLrPxUKGCKc','M','2002-12-19',17,4);
INSERT INTO staff_member (id,employed_since,position,salary,room) VALUES (365,'2016-07-09','Professor',35000,37);
INSERT INTO professor (id,research_topic,surgery_participation,departement_id) VALUES (365,'Pediatrician',B'0',1);
INSERT INTO person (id,first_name,second_name,email,user_login,user_password,sex,date_of_birth,age,permission_level) VALUES (366,'Richard','Peterson','dpalmer@gmail.com','annemckay','JFBgeIOPLZaSj','M','1990-04-26',29,3);
INSERT INTO staff_member (id,employed_since,position,salary,room) VALUES (366,'2014-01-04','Cleaning Team Worker',10000,54);
INSERT INTO cleaning_team_worker (id,employment_type) VALUES (366,'Part time');
INSERT INTO person (id,first_name,second_name,email,user_login,user_password,sex,date_of_birth,age,permission_level) VALUES (367,'Corey','Lee','kevinmiller@hotmail.com','christianholland','BHkSmSwFDKW','M','1944-06-12',75,3);
INSERT INTO staff_member (id,employed_since,position,salary,room) VALUES (367,'2013-12-22','Cook',15000,73);
INSERT INTO cook (id,experience) VALUES (367,8);
INSERT INTO person (id,first_name,second_name,email,user_login,user_password,sex,date_of_birth,age,permission_level) VALUES (368,'Dean','Robinson','jennyhenry@gmail.com','jamesvazquez','wyKDQDpYDc','M','1984-03-23',35,1);
INSERT INTO staff_member (id,employed_since,position,salary,room) VALUES (368,'2015-06-23','Professor',35000,36);
INSERT INTO professor (id,research_topic,surgery_participation,departement_id) VALUES (368,'Emergency Medicine Specialist',B'1',7);
INSERT INTO person (id,first_name,second_name,email,user_login,user_password,sex,date_of_birth,age,permission_level) VALUES (369,'Amy','Walker','robert83@yahoo.com','larabarbara','IpUtfTudEnykME','F','1998-11-21',21,4);
INSERT INTO staff_member (id,employed_since,position,salary,room) VALUES (369,'2015-06-03','Pharmasist',20000,70);
INSERT INTO pharmasist (id,education_level,research) VALUES (369,'PhD',B'0');
INSERT INTO person (id,first_name,second_name,email,user_login,user_password,sex,date_of_birth,age,permission_level) VALUES (370,'Larry','Farmer','wroberts@yahoo.com','rushjennifer','cKXbONNvTRRnB','M','1924-09-18',95,5);
INSERT INTO patient (id) VALUES (370);
INSERT INTO patients_address (street,house,apartement) VALUES ('Shannon st.','2','2');
INSERT INTO medical_history (patient_id,date) VALUES (370,'2019-11-12');
INSERT INTO person (id,first_name,second_name,email,user_login,user_password,sex,date_of_birth,age,permission_level) VALUES (371,'Tiffany','Gonzalez','wyattjacob@gmail.com','garciaernest','cySCHWUcEVDzJ','F','1930-03-23',89,2);
INSERT INTO staff_member (id,employed_since,position,salary,room) VALUES (371,'2018-11-12','Nurse',25000,6);
INSERT INTO nurse (id,surgery_assistant,preferred_shifts,appointment_assistant,departement_id) VALUES (371,B'0','Night',B'1',1);
INSERT INTO person (id,first_name,second_name,email,user_login,user_password,sex,date_of_birth,age,permission_level) VALUES (372,'Angela','Garcia','zwatkins@yahoo.com','angela07','XMBJxrDgWHJR','F','1959-06-17',60,5);
INSERT INTO staff_member (id,employed_since,position,salary,room) VALUES (372,'2012-09-12','Reseptionist',15000,56);
INSERT INTO reseptionist (id) VALUES (372);
INSERT INTO languages_spoken (reseptionist_id,language) VALUES (372,'PortuguesItalianArabicEnglish');
INSERT INTO person (id,first_name,second_name,email,user_login,user_password,sex,date_of_birth,age,permission_level) VALUES (373,'Casey','Sampson','slara@hotmail.com','gtaylor','YWWWRwMVE','M','1940-03-15',79,2);
INSERT INTO staff_member (id,employed_since,position,salary,room) VALUES (373,'2013-12-25','Security Team Member',10000,62);
INSERT INTO security_team_member (id,shifts,physical_test_grade) VALUES (373,'Day','A');
INSERT INTO person (id,first_name,second_name,email,user_login,user_password,sex,date_of_birth,age,permission_level) VALUES (374,'Timothy','Barber','stefanieerickson@gmail.com','douglasbush','BkBQbFsWp','M','1939-07-13',80,3);
INSERT INTO staff_member (id,employed_since,position,salary,room) VALUES (374,'2013-01-25','Nurse',25000,6);
INSERT INTO nurse (id,surgery_assistant,preferred_shifts,appointment_assistant,departement_id) VALUES (374,B'1','Night',B'1',1);
INSERT INTO person (id,first_name,second_name,email,user_login,user_password,sex,date_of_birth,age,permission_level) VALUES (375,'Heather','Gonzalez','michaelkhan@gmail.com','zachary86','hWGMKrkRLjv','F','1975-08-01',44,1);
INSERT INTO staff_member (id,employed_since,position,salary,room) VALUES (375,'2012-11-19','Nurse',25000,10);
INSERT INTO nurse (id,surgery_assistant,preferred_shifts,appointment_assistant,departement_id) VALUES (375,B'1','Day',B'1',8);
INSERT INTO person (id,first_name,second_name,email,user_login,user_password,sex,date_of_birth,age,permission_level) VALUES (376,'Walter','Estes','cmoore@hotmail.com','angela32','MwBDrgtydh','M','1975-07-09',44,2);
INSERT INTO patient (id) VALUES (376);
INSERT INTO patients_address (street,house,apartement) VALUES ('Colleen st.','16','7');
INSERT INTO medical_history (patient_id,date) VALUES (376,'2019-11-01');
INSERT INTO person (id,first_name,second_name,email,user_login,user_password,sex,date_of_birth,age,permission_level) VALUES (377,'Jessica','Lee','rachelpratt@hotmail.com','bjennings','OWfbbKsVnk','F','1967-10-19',52,5);
INSERT INTO staff_member (id,employed_since,position,salary,room) VALUES (377,'2012-01-29','Nurse',25000,3);
INSERT INTO nurse (id,surgery_assistant,preferred_shifts,appointment_assistant,departement_id) VALUES (377,B'0','Day',B'1',7);
INSERT INTO person (id,first_name,second_name,email,user_login,user_password,sex,date_of_birth,age,permission_level) VALUES (378,'Erica','Rojas','tonya36@hotmail.com','kimberlymoyer','nMfwtofncvBF','F','2017-10-06',2,5);
INSERT INTO patient (id) VALUES (378);
INSERT INTO patients_address (street,house,apartement) VALUES ('Jennifer st.','17','2');
INSERT INTO medical_history (patient_id,date) VALUES (378,'2019-10-21');
INSERT INTO person (id,first_name,second_name,email,user_login,user_password,sex,date_of_birth,age,permission_level) VALUES (379,'Tommy','Mayo','yhubbard@yahoo.com','murphymichael','kNCgwbLKx','M','2001-03-25',18,4);
INSERT INTO staff_member (id,employed_since,position,salary,room) VALUES (379,'2012-02-12','Maintanence Worker',15000,57);
INSERT INTO maintanence_worker (id,employment_type,speciality) VALUES (379,'Part time','Electricity');
INSERT INTO person (id,first_name,second_name,email,user_login,user_password,sex,date_of_birth,age,permission_level) VALUES (380,'Chelsea','Berry','obriendeborah@gmail.com','cookashley','PpeQpPSGniLUXwT','F','1975-10-26',44,1);
INSERT INTO staff_member (id,employed_since,position,salary,room) VALUES (380,'2012-12-30','Nurse',25000,5);
INSERT INTO nurse (id,surgery_assistant,preferred_shifts,appointment_assistant,departement_id) VALUES (380,B'1','Night',B'1',9);
INSERT INTO person (id,first_name,second_name,email,user_login,user_password,sex,date_of_birth,age,permission_level) VALUES (381,'Jamie','Henry','amanda43@yahoo.com','melissamoore','vYtjEyGRxazyrG','F','1957-09-24',62,3);
INSERT INTO staff_member (id,employed_since,position,salary,room) VALUES (381,'2010-07-22','Nurse',25000,6);
INSERT INTO nurse (id,surgery_assistant,preferred_shifts,appointment_assistant,departement_id) VALUES (381,B'1','Day',B'0',5);
INSERT INTO person (id,first_name,second_name,email,user_login,user_password,sex,date_of_birth,age,permission_level) VALUES (382,'Joseph','Wilson','lauranorman@hotmail.com','brent97','obfFUcoPgBGdJ','M','1967-12-22',52,4);
INSERT INTO patient (id) VALUES (382);
INSERT INTO patients_address (street,house,apartement) VALUES ('Paul st.','65','5');
INSERT INTO medical_history (patient_id,date) VALUES (382,'2019-11-16');
INSERT INTO person (id,first_name,second_name,email,user_login,user_password,sex,date_of_birth,age,permission_level) VALUES (383,'Angela','Chan','sean64@yahoo.com','andrew47','jNWBsQzxyUrjTaR','F','1947-12-05',72,5);
INSERT INTO staff_member (id,employed_since,position,salary,room) VALUES (383,'2013-02-09','Cook',15000,71);
INSERT INTO cook (id,experience) VALUES (383,4);
INSERT INTO person (id,first_name,second_name,email,user_login,user_password,sex,date_of_birth,age,permission_level) VALUES (384,'Robert','Villa','batesjason@hotmail.com','brittany07','sOrfKcT','M','1913-09-06',106,5);
INSERT INTO staff_member (id,employed_since,position,salary,room) VALUES (384,'2015-06-02','HR',30000,65);
INSERT INTO hr (id,selection_responsibility) VALUES (384,'Interview');
INSERT INTO person (id,first_name,second_name,email,user_login,user_password,sex,date_of_birth,age,permission_level) VALUES (385,'Thomas','Lewis','evansjames@gmail.com','bradfordpatricia','LKXigVVCibfjtb','M','1989-06-18',30,1);
INSERT INTO patient (id) VALUES (385);
INSERT INTO patients_address (street,house,apartement) VALUES ('Jason st.','7','8');
INSERT INTO medical_history (patient_id,date) VALUES (385,'2019-11-09');
INSERT INTO person (id,first_name,second_name,email,user_login,user_password,sex,date_of_birth,age,permission_level) VALUES (386,'Melissa','Lara','grantwilliams@yahoo.com','reyesnicole','xFlwqYSwRi','F','1980-05-13',39,1);
INSERT INTO staff_member (id,employed_since,position,salary,room) VALUES (386,'2012-11-25','Cleaning Team Worker',10000,52);
INSERT INTO cleaning_team_worker (id,employment_type) VALUES (386,'Full time');
INSERT INTO person (id,first_name,second_name,email,user_login,user_password,sex,date_of_birth,age,permission_level) VALUES (387,'John','Clark','sullivankevin@hotmail.com','hsullivan','CtsrhiK','M','1931-10-18',88,5);
INSERT INTO staff_member (id,employed_since,position,salary,room) VALUES (387,'2011-11-16','Nurse',25000,4);
INSERT INTO nurse (id,surgery_assistant,preferred_shifts,appointment_assistant,departement_id) VALUES (387,B'0','Night',B'0',2);
INSERT INTO person (id,first_name,second_name,email,user_login,user_password,sex,date_of_birth,age,permission_level) VALUES (388,'Jorge','Torres','kristina23@hotmail.com','robertmiddleton','jYWSQgrkx','M','2011-07-10',8,3);
INSERT INTO staff_member (id,employed_since,position,salary,room) VALUES (388,'2018-12-20','IT Specialist',15000,75);
INSERT INTO IT_specialist (id,support_line) VALUES (388,B'0');
INSERT INTO person (id,first_name,second_name,email,user_login,user_password,sex,date_of_birth,age,permission_level) VALUES (389,'Michael','Carpenter','howardkara@yahoo.com','rachelbennett','RMmTPOV','M','2005-12-28',14,5);
INSERT INTO staff_member (id,employed_since,position,salary,room) VALUES (389,'2011-05-01','IT Specialist',15000,78);
INSERT INTO IT_specialist (id,support_line) VALUES (389,B'0');
INSERT INTO person (id,first_name,second_name,email,user_login,user_password,sex,date_of_birth,age,permission_level) VALUES (390,'Kayla','Neal','franklinlaura@yahoo.com','katherine15','qpfhbWaIFMOnOO','F','1988-10-24',31,2);
INSERT INTO staff_member (id,employed_since,position,salary,room) VALUES (390,'2010-12-06','Doctor',35000,11);
INSERT INTO doctor (id,speciality,emergency_hours,experience,departement_id,supervisor) VALUES (390,'Physiatrist',B'0',3,7,320);
INSERT INTO person (id,first_name,second_name,email,user_login,user_password,sex,date_of_birth,age,permission_level) VALUES (391,'Ian','Duncan','ramseycameron@gmail.com','robertperkins','StAOOPiGcdrLw','M','1958-12-29',61,2);
INSERT INTO staff_member (id,employed_since,position,salary,room) VALUES (391,'2010-02-10','Security Team Member',10000,61);
INSERT INTO security_team_member (id,shifts,physical_test_grade) VALUES (391,'Night','B');
INSERT INTO person (id,first_name,second_name,email,user_login,user_password,sex,date_of_birth,age,permission_level) VALUES (392,'David','Butler','robertclark@gmail.com','luke25','pOTvyNDd','M','1937-07-05',82,3);
INSERT INTO staff_member (id,employed_since,position,salary,room) VALUES (392,'2015-02-01','Doctor',35000,26);
INSERT INTO doctor (id,speciality,emergency_hours,experience,departement_id,supervisor) VALUES (392,'Physiatrist',B'0',5,3,295);
INSERT INTO person (id,first_name,second_name,email,user_login,user_password,sex,date_of_birth,age,permission_level) VALUES (393,'Bradley','Campbell','walkerbrandon@yahoo.com','wmartin','vAeSxKGfSPpGpy','M','1978-05-10',41,3);
INSERT INTO staff_member (id,employed_since,position,salary,room) VALUES (393,'2014-01-27','Nurse',25000,6);
INSERT INTO nurse (id,surgery_assistant,preferred_shifts,appointment_assistant,departement_id) VALUES (393,B'0','Night',B'1',6);
INSERT INTO person (id,first_name,second_name,email,user_login,user_password,sex,date_of_birth,age,permission_level) VALUES (394,'Tracy','Harris','angelromero@yahoo.com','coxsierra','WVrwwbWhm','F','2017-11-05',2,2);
INSERT INTO staff_member (id,employed_since,position,salary,room) VALUES (394,'2010-09-10','Cleaning Team Worker',10000,52);
INSERT INTO cleaning_team_worker (id,employment_type) VALUES (394,'Full time');
INSERT INTO person (id,first_name,second_name,email,user_login,user_password,sex,date_of_birth,age,permission_level) VALUES (395,'Olivia','Miller','andrea14@hotmail.com','juliewilliams','qiepqqSdKXTXRZk','F','1938-08-29',81,2);
INSERT INTO staff_member (id,employed_since,position,salary,room) VALUES (395,'2017-01-31','Doctor',35000,29);
INSERT INTO doctor (id,speciality,emergency_hours,experience,departement_id,supervisor) VALUES (395,'Anesthesiologist',B'0',1,11,204);
INSERT INTO person (id,first_name,second_name,email,user_login,user_password,sex,date_of_birth,age,permission_level) VALUES (396,'Abigail','Knight','mendezlinda@hotmail.com','jameswalter','swtyzvxvlUqrI','F','2015-08-20',4,3);
INSERT INTO staff_member (id,employed_since,position,salary,room) VALUES (396,'2011-04-25','Cook',15000,72);
INSERT INTO cook (id,experience) VALUES (396,8);
INSERT INTO person (id,first_name,second_name,email,user_login,user_password,sex,date_of_birth,age,permission_level) VALUES (397,'Cory','Combs','mooreholly@hotmail.com','powelltroy','DvttdXv','M','1981-08-10',38,4);
INSERT INTO staff_member (id,employed_since,position,salary,room) VALUES (397,'2014-11-03','Nurse',25000,6);
INSERT INTO nurse (id,surgery_assistant,preferred_shifts,appointment_assistant,departement_id) VALUES (397,B'0','Night',B'1',9);
INSERT INTO person (id,first_name,second_name,email,user_login,user_password,sex,date_of_birth,age,permission_level) VALUES (398,'Brenda','Munoz','billmartinez@gmail.com','hamiltonjames','zDDJsFHGMZpTMdY','F','1985-12-19',34,1);
INSERT INTO staff_member (id,employed_since,position,salary,room) VALUES (398,'2018-09-15','Nurse',25000,9);
INSERT INTO nurse (id,surgery_assistant,preferred_shifts,appointment_assistant,departement_id) VALUES (398,B'1','Day',B'1',11);
INSERT INTO person (id,first_name,second_name,email,user_login,user_password,sex,date_of_birth,age,permission_level) VALUES (399,'Miss','Stephanie','lori31@gmail.com','yzimmerman','ncQtWEDyhZf','F','1999-02-05',20,5);
INSERT INTO staff_member (id,employed_since,position,salary,room) VALUES (399,'2011-07-16','Nurse',25000,8);
INSERT INTO nurse (id,surgery_assistant,preferred_shifts,appointment_assistant,departement_id) VALUES (399,B'0','Night',B'1',11);
INSERT INTO person (id,first_name,second_name,email,user_login,user_password,sex,date_of_birth,age,permission_level) VALUES (400,'Jerry','Wallace','andreahamilton@yahoo.com','cuevasthomas','imVeoYfe','M','1977-07-28',42,1);
INSERT INTO staff_member (id,employed_since,position,salary,room) VALUES (400,'2014-07-28','Reseptionist',15000,56);
INSERT INTO reseptionist (id) VALUES (400);
INSERT INTO languages_spoken (reseptionist_id,language) VALUES (400,'TatarTatarPortuguesItalianItalianEnglish');
INSERT INTO person (id,first_name,second_name,email,user_login,user_password,sex,date_of_birth,age,permission_level) VALUES (401,'Kelly','Ramirez','afreeman@yahoo.com','melanie35','pduQlmd','F','1967-06-20',52,3);
INSERT INTO patient (id) VALUES (401);
INSERT INTO patients_address (street,house,apartement) VALUES ('Ruben st.','72','9');
INSERT INTO medical_history (patient_id,date) VALUES (401,'2019-11-07');
INSERT INTO person (id,first_name,second_name,email,user_login,user_password,sex,date_of_birth,age,permission_level) VALUES (402,'Lee','Mosley','hollyweaver@yahoo.com','esalinas','YNeMuNLGwGNtrtl','M','1949-07-28',70,1);
INSERT INTO staff_member (id,employed_since,position,salary,room) VALUES (402,'2019-03-06','Professor',35000,38);
INSERT INTO professor (id,research_topic,surgery_participation,departement_id) VALUES (402,'Oncologist',B'1',4);
INSERT INTO person (id,first_name,second_name,email,user_login,user_password,sex,date_of_birth,age,permission_level) VALUES (403,'Cameron','Simmons','johnvargas@gmail.com','morganbaker','bLMVmVOFT','M','1965-09-03',54,3);
INSERT INTO patient (id) VALUES (403);
INSERT INTO patients_address (street,house,apartement) VALUES ('Christopher st.','44','9');
INSERT INTO medical_history (patient_id,date) VALUES (403,'2019-11-05');
INSERT INTO person (id,first_name,second_name,email,user_login,user_password,sex,date_of_birth,age,permission_level) VALUES (404,'Alexander','Armstrong','ricardomiller@yahoo.com','andrea44','kmGHjDkzpbRnah','M','1923-09-20',96,1);
INSERT INTO staff_member (id,employed_since,position,salary,room) VALUES (404,'2012-03-15','Nurse',25000,7);
INSERT INTO nurse (id,surgery_assistant,preferred_shifts,appointment_assistant,departement_id) VALUES (404,B'1','Day',B'1',3);
INSERT INTO person (id,first_name,second_name,email,user_login,user_password,sex,date_of_birth,age,permission_level) VALUES (405,'Sara','Brown','kenneth03@gmail.com','celliott','BiaXzEJiwwVv','F','2004-06-10',15,5);
INSERT INTO patient (id) VALUES (405);
INSERT INTO patients_address (street,house,apartement) VALUES ('Ryan st.','92','3');
INSERT INTO medical_history (patient_id,date) VALUES (405,'2019-11-15');
INSERT INTO person (id,first_name,second_name,email,user_login,user_password,sex,date_of_birth,age,permission_level) VALUES (406,'Joseph','Glover','amywashington@yahoo.com','brandonwilson','XyTdcFcWFbDzdYS','M','1969-10-17',50,3);
INSERT INTO staff_member (id,employed_since,position,salary,room) VALUES (406,'2011-04-30','Doctor',35000,14);
INSERT INTO doctor (id,speciality,emergency_hours,experience,departement_id,supervisor) VALUES (406,'Infectious Disease Specialist',B'1',4,6,113);
INSERT INTO person (id,first_name,second_name,email,user_login,user_password,sex,date_of_birth,age,permission_level) VALUES (407,'Matthew','Collier','mcgeejessica@gmail.com','xdavenport','ZVpiFnXRk','M','2003-07-31',16,4);
INSERT INTO staff_member (id,employed_since,position,salary,room) VALUES (407,'2016-03-20','Doctor',35000,28);
INSERT INTO doctor (id,speciality,emergency_hours,experience,departement_id,supervisor) VALUES (407,'Osteopath',B'1',5,2,339);
INSERT INTO person (id,first_name,second_name,email,user_login,user_password,sex,date_of_birth,age,permission_level) VALUES (408,'Jessica','Robinson','carrie58@yahoo.com','erin50','SClTcwBNJdy','F','2005-12-01',14,1);
INSERT INTO patient (id) VALUES (408);
INSERT INTO patients_address (street,house,apartement) VALUES ('Jacob st.','97','10');
INSERT INTO medical_history (patient_id,date) VALUES (408,'2019-11-02');
INSERT INTO person (id,first_name,second_name,email,user_login,user_password,sex,date_of_birth,age,permission_level) VALUES (409,'Tammy','Meyers','joneslauren@gmail.com','mfox','ynEJlLQ','F','1989-05-30',30,3);
INSERT INTO staff_member (id,employed_since,position,salary,room) VALUES (409,'2011-06-12','Nurse',25000,5);
INSERT INTO nurse (id,surgery_assistant,preferred_shifts,appointment_assistant,departement_id) VALUES (409,B'1','Day',B'0',3);
INSERT INTO person (id,first_name,second_name,email,user_login,user_password,sex,date_of_birth,age,permission_level) VALUES (410,'Matthew','Hill','fisherannette@hotmail.com','changsheila','lakEySslGF','M','1943-06-30',76,1);
INSERT INTO staff_member (id,employed_since,position,salary,room) VALUES (410,'2017-01-10','Maintanence Worker',15000,57);
INSERT INTO maintanence_worker (id,employment_type,speciality) VALUES (410,'Full time','Machines');
INSERT INTO person (id,first_name,second_name,email,user_login,user_password,sex,date_of_birth,age,permission_level) VALUES (411,'Melissa','Mcdonald','rachelwhitney@yahoo.com','mooredavid','vuwAgus','F','1904-04-09',115,3);
INSERT INTO patient (id) VALUES (411);
INSERT INTO patients_address (street,house,apartement) VALUES ('Beth st.','51','4');
INSERT INTO medical_history (patient_id,date) VALUES (411,'2019-11-08');
INSERT INTO person (id,first_name,second_name,email,user_login,user_password,sex,date_of_birth,age,permission_level) VALUES (412,'David','Moreno','jennapotter@gmail.com','jphillips','cVpBESrOTONjdpd','M','1919-12-14',100,2);
INSERT INTO staff_member (id,employed_since,position,salary,room) VALUES (412,'2012-01-12','Professor',35000,32);
INSERT INTO professor (id,research_topic,surgery_participation,departement_id) VALUES (412,'Obstetrician and Gynecologist',B'1',5);
INSERT INTO person (id,first_name,second_name,email,user_login,user_password,sex,date_of_birth,age,permission_level) VALUES (413,'Sharon','Lucas','vickitaylor@gmail.com','ericksonamy','PNFTbTcrg','F','2008-06-11',11,5);
INSERT INTO staff_member (id,employed_since,position,salary,room) VALUES (413,'2012-10-25','Lab Technician',15000,44);
INSERT INTO lab_technician (id,education_level,departement_id) VALUES (413,'Postgraduate',11);
INSERT INTO person (id,first_name,second_name,email,user_login,user_password,sex,date_of_birth,age,permission_level) VALUES (414,'Charles','Chavez','vickilove@yahoo.com','kellywood','XVTNxrcjGXf','M','1982-05-14',37,4);
INSERT INTO staff_member (id,employed_since,position,salary,room) VALUES (414,'2018-09-01','Cleaning Team Worker',10000,55);
INSERT INTO cleaning_team_worker (id,employment_type) VALUES (414,'Part time');
INSERT INTO person (id,first_name,second_name,email,user_login,user_password,sex,date_of_birth,age,permission_level) VALUES (415,'Mr.','Brendan','bzhang@gmail.com','michaelwatkins','sKmlljhQY','M','1978-11-26',41,2);
INSERT INTO patient (id) VALUES (415);
INSERT INTO patients_address (street,house,apartement) VALUES ('Andrea st.','82','7');
INSERT INTO medical_history (patient_id,date) VALUES (415,'2019-10-27');
INSERT INTO person (id,first_name,second_name,email,user_login,user_password,sex,date_of_birth,age,permission_level) VALUES (416,'Mary','Mercado','moorejonathan@yahoo.com','angelicaweiss','cyYYZdhWilceD','F','1949-12-19',70,4);
INSERT INTO staff_member (id,employed_since,position,salary,room) VALUES (416,'2012-07-04','Reseptionist',15000,56);
INSERT INTO reseptionist (id) VALUES (416);
INSERT INTO languages_spoken (reseptionist_id,language) VALUES (416,'ArabicRussian');
INSERT INTO person (id,first_name,second_name,email,user_login,user_password,sex,date_of_birth,age,permission_level) VALUES (417,'Melvin','Coleman','bernard32@hotmail.com','umarquez','HOiMuczhbH','M','1975-08-30',44,2);
INSERT INTO patient (id) VALUES (417);
INSERT INTO patients_address (street,house,apartement) VALUES ('Clayton st.','33','9');
INSERT INTO medical_history (patient_id,date) VALUES (417,'2019-10-24');
INSERT INTO person (id,first_name,second_name,email,user_login,user_password,sex,date_of_birth,age,permission_level) VALUES (418,'Melissa','Mason','laurabennett@hotmail.com','karen59','hFcMRLTqNUGw','F','1957-12-28',62,2);
INSERT INTO staff_member (id,employed_since,position,salary,room) VALUES (418,'2018-10-06','Doctor',35000,13);
INSERT INTO doctor (id,speciality,emergency_hours,experience,departement_id,supervisor) VALUES (418,'Otolaryngologist',B'0',1,1,406);
INSERT INTO person (id,first_name,second_name,email,user_login,user_password,sex,date_of_birth,age,permission_level) VALUES (419,'Scott','Thomas','emilymiller@yahoo.com','brandon62','azalbqhdHtp','M','1918-06-05',101,1);
INSERT INTO staff_member (id,employed_since,position,salary,room) VALUES (419,'2011-09-30','Doctor',35000,13);
INSERT INTO doctor (id,speciality,emergency_hours,experience,departement_id,supervisor) VALUES (419,'Infectious Disease Specialist',B'0',3,5,76);
INSERT INTO person (id,first_name,second_name,email,user_login,user_password,sex,date_of_birth,age,permission_level) VALUES (420,'Lori','Conner','brendanpearson@gmail.com','ymoreno','maiAtayGSF','F','1948-10-14',71,1);
INSERT INTO staff_member (id,employed_since,position,salary,room) VALUES (420,'2013-05-10','Lab Technician',15000,41);
INSERT INTO lab_technician (id,education_level,departement_id) VALUES (420,'PhD',1);
INSERT INTO person (id,first_name,second_name,email,user_login,user_password,sex,date_of_birth,age,permission_level) VALUES (421,'Cynthia','Mccarty','aproctor@gmail.com','lsanchez','pcevswoAFfDXbv','F','1926-02-11',93,3);
INSERT INTO staff_member (id,employed_since,position,salary,room) VALUES (421,'2014-05-14','Nurse',25000,8);
INSERT INTO nurse (id,surgery_assistant,preferred_shifts,appointment_assistant,departement_id) VALUES (421,B'0','Night',B'1',2);
INSERT INTO person (id,first_name,second_name,email,user_login,user_password,sex,date_of_birth,age,permission_level) VALUES (422,'William','Duran','bnolan@gmail.com','mackenziemurray','OrHOglXsDXTQJlU','M','1984-10-05',35,1);
INSERT INTO staff_member (id,employed_since,position,salary,room) VALUES (422,'2018-08-13','Reseptionist',15000,56);
INSERT INTO reseptionist (id) VALUES (422);
INSERT INTO languages_spoken (reseptionist_id,language) VALUES (422,'Tatar');
INSERT INTO person (id,first_name,second_name,email,user_login,user_password,sex,date_of_birth,age,permission_level) VALUES (423,'Robert','Robinson','walterryan@gmail.com','dennismargaret','EdWiqnSBacijQ','M','1955-12-05',64,2);
INSERT INTO staff_member (id,employed_since,position,salary,room) VALUES (423,'2017-12-16','Nurse',25000,5);
INSERT INTO nurse (id,surgery_assistant,preferred_shifts,appointment_assistant,departement_id) VALUES (423,B'1','Day',B'0',4);
INSERT INTO person (id,first_name,second_name,email,user_login,user_password,sex,date_of_birth,age,permission_level) VALUES (424,'Kara','Lopez','michael07@yahoo.com','andrew95','NjWVUtjhhbgVRw','F','1971-03-28',48,4);
INSERT INTO staff_member (id,employed_since,position,salary,room) VALUES (424,'2015-04-27','IT Specialist',15000,80);
INSERT INTO IT_specialist (id,support_line) VALUES (424,B'0');
INSERT INTO person (id,first_name,second_name,email,user_login,user_password,sex,date_of_birth,age,permission_level) VALUES (425,'John','Gomez','fgiles@yahoo.com','conneranthony','eZlQOswTW','M','1969-09-18',50,3);
INSERT INTO staff_member (id,employed_since,position,salary,room) VALUES (425,'2019-05-29','Nurse',25000,4);
INSERT INTO nurse (id,surgery_assistant,preferred_shifts,appointment_assistant,departement_id) VALUES (425,B'1','Night',B'1',4);
INSERT INTO person (id,first_name,second_name,email,user_login,user_password,sex,date_of_birth,age,permission_level) VALUES (426,'Kelly','Swanson','eduran@gmail.com','bsimpson','gBDEGwabtZ','F','1960-01-05',59,1);
INSERT INTO staff_member (id,employed_since,position,salary,room) VALUES (426,'2016-05-20','Professor',35000,40);
INSERT INTO professor (id,research_topic,surgery_participation,departement_id) VALUES (426,'Pathologist',B'0',11);
INSERT INTO person (id,first_name,second_name,email,user_login,user_password,sex,date_of_birth,age,permission_level) VALUES (427,'Keith','Brown','griffithrobert@gmail.com','jacksonmaria','SvOYSUTTeRlYEyS','M','1974-08-06',45,3);
INSERT INTO staff_member (id,employed_since,position,salary,room) VALUES (427,'2018-10-26','Professor',35000,34);
INSERT INTO professor (id,research_topic,surgery_participation,departement_id) VALUES (427,'Ophthalmologist',B'1',1);
INSERT INTO person (id,first_name,second_name,email,user_login,user_password,sex,date_of_birth,age,permission_level) VALUES (428,'Julia','Wagner','robertcurry@gmail.com','calvin21','QzJnaLwcBUIi','F','1961-12-21',58,4);
INSERT INTO staff_member (id,employed_since,position,salary,room) VALUES (428,'2015-07-26','Reseptionist',15000,56);
INSERT INTO reseptionist (id) VALUES (428);
INSERT INTO languages_spoken (reseptionist_id,language) VALUES (428,'ItalianEnglishRussianItalian');
INSERT INTO person (id,first_name,second_name,email,user_login,user_password,sex,date_of_birth,age,permission_level) VALUES (429,'Kristin','Jackson','petersjennifer@yahoo.com','kristenwalker','HOLEMWHVfr','F','1925-09-03',94,4);
INSERT INTO staff_member (id,employed_since,position,salary,room) VALUES (429,'2016-08-28','Security Team Member',10000,61);
INSERT INTO security_team_member (id,shifts,physical_test_grade) VALUES (429,'Night','B');
INSERT INTO person (id,first_name,second_name,email,user_login,user_password,sex,date_of_birth,age,permission_level) VALUES (430,'Daniel','Bryant','tatethomas@yahoo.com','calebflores','zGfoeUrUPi','M','1968-10-10',51,1);
INSERT INTO patient (id) VALUES (430);
INSERT INTO patients_address (street,house,apartement) VALUES ('David st.','61','7');
INSERT INTO medical_history (patient_id,date) VALUES (430,'2019-11-11');
INSERT INTO person (id,first_name,second_name,email,user_login,user_password,sex,date_of_birth,age,permission_level) VALUES (431,'Maxwell','Lucero','kaustin@yahoo.com','cochrancourtney','KxenQheImZzL','M','1955-12-22',64,2);
INSERT INTO staff_member (id,employed_since,position,salary,room) VALUES (431,'2017-12-13','Nurse',25000,4);
INSERT INTO nurse (id,surgery_assistant,preferred_shifts,appointment_assistant,departement_id) VALUES (431,B'1','Night',B'1',2);
INSERT INTO person (id,first_name,second_name,email,user_login,user_password,sex,date_of_birth,age,permission_level) VALUES (432,'Matthew','Chavez','hardingstacey@hotmail.com','dayjo','XOuWwRAnWEcX','M','1914-10-21',105,1);
INSERT INTO staff_member (id,employed_since,position,salary,room) VALUES (432,'2012-09-10','IT Specialist',15000,75);
INSERT INTO IT_specialist (id,support_line) VALUES (432,B'1');
INSERT INTO person (id,first_name,second_name,email,user_login,user_password,sex,date_of_birth,age,permission_level) VALUES (433,'Alyssa','James','zcooper@gmail.com','fshannon','qLBKsIwQiGzWn','F','1972-09-13',47,3);
INSERT INTO staff_member (id,employed_since,position,salary,room) VALUES (433,'2018-05-15','Maintanence Worker',15000,59);
INSERT INTO maintanence_worker (id,employment_type,speciality) VALUES (433,'Full time','Machines');
INSERT INTO person (id,first_name,second_name,email,user_login,user_password,sex,date_of_birth,age,permission_level) VALUES (434,'John','Johnson','millskurt@gmail.com','jessica19','YYhoNir','M','1956-11-20',63,1);
INSERT INTO staff_member (id,employed_since,position,salary,room) VALUES (434,'2011-10-15','Doctor',35000,25);
INSERT INTO doctor (id,speciality,emergency_hours,experience,departement_id,supervisor) VALUES (434,'Otolaryngologist',B'0',4,1,337);
INSERT INTO person (id,first_name,second_name,email,user_login,user_password,sex,date_of_birth,age,permission_level) VALUES (435,'Tonya','Taylor','daniellerice@gmail.com','joncooper','QIenpCSpqQnEs','F','1997-01-12',22,1);
INSERT INTO staff_member (id,employed_since,position,salary,room) VALUES (435,'2013-06-04','Professor',35000,37);
INSERT INTO professor (id,research_topic,surgery_participation,departement_id) VALUES (435,'Medicine Specialist',B'1',8);
INSERT INTO person (id,first_name,second_name,email,user_login,user_password,sex,date_of_birth,age,permission_level) VALUES (436,'Mary','Roman','nicole85@hotmail.com','crawfordmegan','eTGurQbb','F','1990-03-15',29,5);
INSERT INTO patient (id) VALUES (436);
INSERT INTO patients_address (street,house,apartement) VALUES ('Willie st.','92','1');
INSERT INTO medical_history (patient_id,date) VALUES (436,'2019-10-30');
INSERT INTO person (id,first_name,second_name,email,user_login,user_password,sex,date_of_birth,age,permission_level) VALUES (437,'Samantha','Hopkins','lammegan@hotmail.com','nicholas53','ZpOGECfAnhuaR','F','1963-09-28',56,3);
INSERT INTO staff_member (id,employed_since,position,salary,room) VALUES (437,'2014-03-10','Professor',35000,33);
INSERT INTO professor (id,research_topic,surgery_participation,departement_id) VALUES (437,'Ophthalmologist',B'1',3);
INSERT INTO person (id,first_name,second_name,email,user_login,user_password,sex,date_of_birth,age,permission_level) VALUES (438,'Gabrielle','Hamilton','schmidtbenjamin@hotmail.com','garciachristine','TOEnGAtwbiVkeH','F','1910-01-11',109,1);
INSERT INTO staff_member (id,employed_since,position,salary,room) VALUES (438,'2017-10-07','Professor',35000,31);
INSERT INTO professor (id,research_topic,surgery_participation,departement_id) VALUES (438,'Plastic Surgeon',B'0',5);
INSERT INTO person (id,first_name,second_name,email,user_login,user_password,sex,date_of_birth,age,permission_level) VALUES (439,'Erin','Powers','georgearmstrong@hotmail.com','gwilliams','ujpdTMCLwerG','F','1980-07-22',39,5);
INSERT INTO staff_member (id,employed_since,position,salary,room) VALUES (439,'2012-09-23','Nurse',25000,6);
INSERT INTO nurse (id,surgery_assistant,preferred_shifts,appointment_assistant,departement_id) VALUES (439,B'0','Night',B'0',8);
INSERT INTO person (id,first_name,second_name,email,user_login,user_password,sex,date_of_birth,age,permission_level) VALUES (440,'Rebecca','Montoya','cynthia10@yahoo.com','davisbrian','EqXnfoNZFN','F','2005-09-17',14,5);
INSERT INTO staff_member (id,employed_since,position,salary,room) VALUES (440,'2011-09-17','Cleaning Team Worker',10000,52);
INSERT INTO cleaning_team_worker (id,employment_type) VALUES (440,'Full time');
INSERT INTO person (id,first_name,second_name,email,user_login,user_password,sex,date_of_birth,age,permission_level) VALUES (441,'John','Scott','walkermaria@hotmail.com','joseph12','DbaaLtKpczJRHC','M','1926-05-25',93,4);
INSERT INTO staff_member (id,employed_since,position,salary,room) VALUES (441,'2014-09-05','Professor',35000,40);
INSERT INTO professor (id,research_topic,surgery_participation,departement_id) VALUES (441,'Oncologist',B'1',9);
INSERT INTO person (id,first_name,second_name,email,user_login,user_password,sex,date_of_birth,age,permission_level) VALUES (442,'Aaron','Ramirez','cwolf@gmail.com','scottlucas','UoAtqEc','M','1996-11-30',23,3);
INSERT INTO patient (id) VALUES (442);
INSERT INTO patients_address (street,house,apartement) VALUES ('Michelle st.','76','2');
INSERT INTO medical_history (patient_id,date) VALUES (442,'2019-11-21');
INSERT INTO person (id,first_name,second_name,email,user_login,user_password,sex,date_of_birth,age,permission_level) VALUES (443,'Miss','Jennifer','zwells@hotmail.com','james69','bnsnJyERYpyQ','F','1926-12-04',93,4);
INSERT INTO staff_member (id,employed_since,position,salary,room) VALUES (443,'2015-05-19','Nurse',25000,5);
INSERT INTO nurse (id,surgery_assistant,preferred_shifts,appointment_assistant,departement_id) VALUES (443,B'1','Day',B'0',7);
INSERT INTO person (id,first_name,second_name,email,user_login,user_password,sex,date_of_birth,age,permission_level) VALUES (444,'Joseph','Gutierrez','mark72@gmail.com','dschultz','vnzWLmzox','M','2012-03-17',7,4);
INSERT INTO staff_member (id,employed_since,position,salary,room) VALUES (444,'2018-09-30','Doctor',35000,30);
INSERT INTO doctor (id,speciality,emergency_hours,experience,departement_id,supervisor) VALUES (444,'Plastic Surgeon',B'0',1,9,123);
INSERT INTO person (id,first_name,second_name,email,user_login,user_password,sex,date_of_birth,age,permission_level) VALUES (445,'Michael','Kelley','middletontimothy@gmail.com','whitedaniel','dYRuZiAkoKf','M','1940-07-11',79,5);
INSERT INTO staff_member (id,employed_since,position,salary,room) VALUES (445,'2018-12-03','Professor',35000,38);
INSERT INTO professor (id,research_topic,surgery_participation,departement_id) VALUES (445,'Plastic Surgeon',B'0',7);
INSERT INTO person (id,first_name,second_name,email,user_login,user_password,sex,date_of_birth,age,permission_level) VALUES (446,'Maria','Lopez','sabrinawatson@yahoo.com','ashleyjohnson','MGZyYQygVvMtymO','F','1976-06-12',43,5);
INSERT INTO staff_member (id,employed_since,position,salary,room) VALUES (446,'2017-10-12','Nurse',25000,5);
INSERT INTO nurse (id,surgery_assistant,preferred_shifts,appointment_assistant,departement_id) VALUES (446,B'0','Day',B'1',7);
INSERT INTO person (id,first_name,second_name,email,user_login,user_password,sex,date_of_birth,age,permission_level) VALUES (447,'Frank','Walters','kimberly54@yahoo.com','chall','SzeaFbHZ','M','1906-09-06',113,1);
INSERT INTO staff_member (id,employed_since,position,salary,room) VALUES (447,'2018-09-05','Doctor',35000,28);
INSERT INTO doctor (id,speciality,emergency_hours,experience,departement_id,supervisor) VALUES (447,'Preventive Medicine Specialist',B'0',6,7,337);
INSERT INTO person (id,first_name,second_name,email,user_login,user_password,sex,date_of_birth,age,permission_level) VALUES (448,'Amanda','Wilkinson','randy22@gmail.com','jamesacevedo','wclNJNIwgqv','F','1907-03-14',112,1);
INSERT INTO patient (id) VALUES (448);
INSERT INTO patients_address (street,house,apartement) VALUES ('Christine st.','16','6');
INSERT INTO medical_history (patient_id,date) VALUES (448,'2019-10-23');
INSERT INTO person (id,first_name,second_name,email,user_login,user_password,sex,date_of_birth,age,permission_level) VALUES (449,'Craig','Perez','choidavid@yahoo.com','ucruz','SMfuLrafMFupvx','M','2012-10-13',7,1);
INSERT INTO staff_member (id,employed_since,position,salary,room) VALUES (449,'2013-01-18','Pharmasist',20000,68);
INSERT INTO pharmasist (id,education_level,research) VALUES (449,'PhD',B'0');
INSERT INTO person (id,first_name,second_name,email,user_login,user_password,sex,date_of_birth,age,permission_level) VALUES (450,'Devon','Cooper','michellepeck@hotmail.com','holly49','kgFtnLNOi','M','1932-11-04',87,4);
INSERT INTO staff_member (id,employed_since,position,salary,room) VALUES (450,'2018-09-15','Doctor',35000,14);
INSERT INTO doctor (id,speciality,emergency_hours,experience,departement_id,supervisor) VALUES (450,'Cardiologist',B'0',7,2,240);
INSERT INTO person (id,first_name,second_name,email,user_login,user_password,sex,date_of_birth,age,permission_level) VALUES (451,'Emily','Logan','stephaniebarber@hotmail.com','michael00','xOguYuNHSL','F','2017-10-16',2,4);
INSERT INTO staff_member (id,employed_since,position,salary,room) VALUES (451,'2014-07-29','Nurse',25000,8);
INSERT INTO nurse (id,surgery_assistant,preferred_shifts,appointment_assistant,departement_id) VALUES (451,B'1','Night',B'0',7);
INSERT INTO person (id,first_name,second_name,email,user_login,user_password,sex,date_of_birth,age,permission_level) VALUES (452,'Abigail','Davis','christopherdavis@gmail.com','othomas','ovdwPGHVC','F','1922-08-19',97,3);
INSERT INTO patient (id) VALUES (452);
INSERT INTO patients_address (street,house,apartement) VALUES ('Brad st.','29','10');
INSERT INTO medical_history (patient_id,date) VALUES (452,'2019-10-29');
INSERT INTO person (id,first_name,second_name,email,user_login,user_password,sex,date_of_birth,age,permission_level) VALUES (453,'April','Ayers','esullivan@hotmail.com','nfields','RBRBQHQlqrULQ','F','2009-06-30',10,2);
INSERT INTO staff_member (id,employed_since,position,salary,room) VALUES (453,'2016-02-27','Professor',35000,36);
INSERT INTO professor (id,research_topic,surgery_participation,departement_id) VALUES (453,'Neurologist',B'1',9);
INSERT INTO person (id,first_name,second_name,email,user_login,user_password,sex,date_of_birth,age,permission_level) VALUES (454,'Nicholas','Dunn','joserobinson@gmail.com','mcdonaldbrandon','rXnSsuQwmpo','M','1994-11-29',25,3);
INSERT INTO staff_member (id,employed_since,position,salary,room) VALUES (454,'2013-04-30','Doctor',35000,28);
INSERT INTO doctor (id,speciality,emergency_hours,experience,departement_id,supervisor) VALUES (454,'Psychiatrist',B'1',6,4,362);
INSERT INTO person (id,first_name,second_name,email,user_login,user_password,sex,date_of_birth,age,permission_level) VALUES (455,'Jennifer','Paul','fmurray@gmail.com','paulmorgan','pCTOsfEzTeQ','F','1983-06-18',36,2);
INSERT INTO staff_member (id,employed_since,position,salary,room) VALUES (455,'2017-02-05','Reseptionist',15000,56);
INSERT INTO reseptionist (id) VALUES (455);
INSERT INTO languages_spoken (reseptionist_id,language) VALUES (455,'EnglishEnglishEnglishEnglish');
INSERT INTO person (id,first_name,second_name,email,user_login,user_password,sex,date_of_birth,age,permission_level) VALUES (456,'Wendy','Munoz','heather65@hotmail.com','nicolemartinez','ZwbbuBobsxrMWFl','F','1956-02-03',63,3);
INSERT INTO staff_member (id,employed_since,position,salary,room) VALUES (456,'2010-08-21','IT Specialist',15000,78);
INSERT INTO IT_specialist (id,support_line) VALUES (456,B'1');
INSERT INTO person (id,first_name,second_name,email,user_login,user_password,sex,date_of_birth,age,permission_level) VALUES (457,'Daniel','Taylor','nyoung@hotmail.com','tara24','KNicjDlDSXJ','M','1985-11-30',34,3);
INSERT INTO patient (id) VALUES (457);
INSERT INTO patients_address (street,house,apartement) VALUES ('Joel st.','58','7');
INSERT INTO medical_history (patient_id,date) VALUES (457,'2019-11-13');
INSERT INTO person (id,first_name,second_name,email,user_login,user_password,sex,date_of_birth,age,permission_level) VALUES (458,'Logan','Pena','ryanfuller@yahoo.com','kochjohn','UdRlabRxEMt','M','1987-05-08',32,3);
INSERT INTO staff_member (id,employed_since,position,salary,room) VALUES (458,'2013-04-01','Lab Technician',15000,41);
INSERT INTO lab_technician (id,education_level,departement_id) VALUES (458,'Bachelor',9);
INSERT INTO person (id,first_name,second_name,email,user_login,user_password,sex,date_of_birth,age,permission_level) VALUES (459,'Laura','Hill','oanderson@hotmail.com','brianortiz','YHDjTzWbwIJ','F','1959-06-27',60,3);
INSERT INTO staff_member (id,employed_since,position,salary,room) VALUES (459,'2011-09-23','Doctor',35000,26);
INSERT INTO doctor (id,speciality,emergency_hours,experience,departement_id,supervisor) VALUES (459,'Neurologist',B'1',3,9,395);
INSERT INTO person (id,first_name,second_name,email,user_login,user_password,sex,date_of_birth,age,permission_level) VALUES (460,'Anne','Flynn','eoliver@yahoo.com','lthomas','aUMeJNnvGZxt','F','1932-09-17',87,4);
INSERT INTO staff_member (id,employed_since,position,salary,room) VALUES (460,'2015-11-21','Nurse',25000,4);
INSERT INTO nurse (id,surgery_assistant,preferred_shifts,appointment_assistant,departement_id) VALUES (460,B'0','Day',B'1',11);
INSERT INTO person (id,first_name,second_name,email,user_login,user_password,sex,date_of_birth,age,permission_level) VALUES (461,'Jessica','Alvarez','amanda80@hotmail.com','dustinandrews','IRivQtSxGrzFSI','F','1961-11-22',58,2);
INSERT INTO staff_member (id,employed_since,position,salary,room) VALUES (461,'2014-12-10','Cleaning Team Worker',10000,54);
INSERT INTO cleaning_team_worker (id,employment_type) VALUES (461,'Part time');
INSERT INTO person (id,first_name,second_name,email,user_login,user_password,sex,date_of_birth,age,permission_level) VALUES (462,'Tiffany','Richardson','dlewis@yahoo.com','ogonzales','UaHUQRL','F','1940-10-07',79,5);
INSERT INTO staff_member (id,employed_since,position,salary,room) VALUES (462,'2016-11-26','Doctor',35000,14);
INSERT INTO doctor (id,speciality,emergency_hours,experience,departement_id,supervisor) VALUES (462,'Medical Geneticist',B'0',10,11,118);
INSERT INTO person (id,first_name,second_name,email,user_login,user_password,sex,date_of_birth,age,permission_level) VALUES (463,'Jonathan','Stokes','briansnow@hotmail.com','oshort','GruSsKeChIYjc','M','2013-10-15',6,1);
INSERT INTO staff_member (id,employed_since,position,salary,room) VALUES (463,'2014-06-18','Doctor',35000,14);
INSERT INTO doctor (id,speciality,emergency_hours,experience,departement_id,supervisor) VALUES (463,'Anesthesiologist',B'1',5,1,313);
INSERT INTO person (id,first_name,second_name,email,user_login,user_password,sex,date_of_birth,age,permission_level) VALUES (464,'Christopher','Knapp','vmurphy@yahoo.com','fcampbell','iZSVQVkmVMm','M','2004-05-06',15,2);
INSERT INTO staff_member (id,employed_since,position,salary,room) VALUES (464,'2012-07-05','HR',30000,64);
INSERT INTO hr (id,selection_responsibility) VALUES (464,'Interview');
INSERT INTO person (id,first_name,second_name,email,user_login,user_password,sex,date_of_birth,age,permission_level) VALUES (465,'Emily','Martinez','pamela50@hotmail.com','wzavala','umUyjIzDLgRFRcX','F','1932-11-17',87,5);
INSERT INTO patient (id) VALUES (465);
INSERT INTO patients_address (street,house,apartement) VALUES ('Austin st.','77','5');
INSERT INTO medical_history (patient_id,date) VALUES (465,'2019-10-31');
INSERT INTO person (id,first_name,second_name,email,user_login,user_password,sex,date_of_birth,age,permission_level) VALUES (466,'Gabriel','Martinez','pbell@gmail.com','jessicaromero','CpjJGtVvyrr','M','1953-01-01',66,1);
INSERT INTO staff_member (id,employed_since,position,salary,room) VALUES (466,'2012-06-19','IT Specialist',15000,77);
INSERT INTO IT_specialist (id,support_line) VALUES (466,B'1');
INSERT INTO person (id,first_name,second_name,email,user_login,user_password,sex,date_of_birth,age,permission_level) VALUES (467,'Jared','Nixon','maureendavis@yahoo.com','ihill','APKvwyhRQW','M','1972-02-04',47,1);
INSERT INTO staff_member (id,employed_since,position,salary,room) VALUES (467,'2014-11-09','Professor',35000,38);
INSERT INTO professor (id,research_topic,surgery_participation,departement_id) VALUES (467,'Emergency Medicine Specialist',B'0',7);
INSERT INTO person (id,first_name,second_name,email,user_login,user_password,sex,date_of_birth,age,permission_level) VALUES (468,'Gregory','Morris','awilliams@hotmail.com','fowlermichelle','MOMkAyIsbyF','M','1933-04-10',86,5);
INSERT INTO patient (id) VALUES (468);
INSERT INTO patients_address (street,house,apartement) VALUES ('Sarah st.','38','7');
INSERT INTO medical_history (patient_id,date) VALUES (468,'2019-10-28');
INSERT INTO person (id,first_name,second_name,email,user_login,user_password,sex,date_of_birth,age,permission_level) VALUES (469,'John','Jackson','tinatownsend@yahoo.com','aguilarcolleen','kqxZcelHGOfDOWW','M','2008-11-19',11,4);
INSERT INTO staff_member (id,employed_since,position,salary,room) VALUES (469,'2017-02-27','Reseptionist',15000,56);
INSERT INTO reseptionist (id) VALUES (469);
INSERT INTO languages_spoken (reseptionist_id,language) VALUES (469,'TatarEnglishRussianPortugues');
INSERT INTO person (id,first_name,second_name,email,user_login,user_password,sex,date_of_birth,age,permission_level) VALUES (470,'Vickie','Frank','tbrown@gmail.com','tiffany82','TEJHhOxo','F','1954-04-21',65,4);
INSERT INTO staff_member (id,employed_since,position,salary,room) VALUES (470,'2018-07-15','IT Specialist',15000,76);
INSERT INTO IT_specialist (id,support_line) VALUES (470,B'0');
INSERT INTO person (id,first_name,second_name,email,user_login,user_password,sex,date_of_birth,age,permission_level) VALUES (471,'Donald','Black','michael08@hotmail.com','bethweeks','qVdeESEqS','M','1970-01-02',49,3);
INSERT INTO patient (id) VALUES (471);
INSERT INTO patients_address (street,house,apartement) VALUES ('James st.','68','5');
INSERT INTO medical_history (patient_id,date) VALUES (471,'2019-11-13');
INSERT INTO person (id,first_name,second_name,email,user_login,user_password,sex,date_of_birth,age,permission_level) VALUES (472,'Deborah','Malone','ujohnson@hotmail.com','whitejacob','QHvbHKV','F','1980-12-11',39,1);
INSERT INTO patient (id) VALUES (472);
INSERT INTO patients_address (street,house,apartement) VALUES ('Margaret st.','34','9');
INSERT INTO medical_history (patient_id,date) VALUES (472,'2019-11-11');
INSERT INTO person (id,first_name,second_name,email,user_login,user_password,sex,date_of_birth,age,permission_level) VALUES (473,'Margaret','Turner','sherri76@hotmail.com','eileen24','HysSSmgOY','F','1990-11-20',29,4);
INSERT INTO staff_member (id,employed_since,position,salary,room) VALUES (473,'2015-03-18','Nurse',25000,10);
INSERT INTO nurse (id,surgery_assistant,preferred_shifts,appointment_assistant,departement_id) VALUES (473,B'1','Night',B'1',4);
INSERT INTO person (id,first_name,second_name,email,user_login,user_password,sex,date_of_birth,age,permission_level) VALUES (474,'Nathaniel','Singleton','jennycarter@gmail.com','wmartinez','rdqPxVLdEewac','M','1969-05-16',50,3);
INSERT INTO staff_member (id,employed_since,position,salary,room) VALUES (474,'2012-07-14','Doctor',35000,24);
INSERT INTO doctor (id,speciality,emergency_hours,experience,departement_id,supervisor) VALUES (474,'Cardiologist',B'1',9,3,118);
INSERT INTO person (id,first_name,second_name,email,user_login,user_password,sex,date_of_birth,age,permission_level) VALUES (475,'Thomas','Peck','debrasmith@gmail.com','alexanderlisa','LuxXlVeOESS','M','1940-02-09',79,5);
INSERT INTO staff_member (id,employed_since,position,salary,room) VALUES (475,'2018-08-25','Maintanence Worker',15000,59);
INSERT INTO maintanence_worker (id,employment_type,speciality) VALUES (475,'Full time','Electricity');
INSERT INTO person (id,first_name,second_name,email,user_login,user_password,sex,date_of_birth,age,permission_level) VALUES (476,'Edward','Clark','sabrinaglenn@gmail.com','allenrobert','mepOGPwlQD','M','1989-01-20',30,4);
INSERT INTO staff_member (id,employed_since,position,salary,room) VALUES (476,'2019-03-12','Professor',35000,38);
INSERT INTO professor (id,research_topic,surgery_participation,departement_id) VALUES (476,'General Surgeon',B'1',4);
INSERT INTO person (id,first_name,second_name,email,user_login,user_password,sex,date_of_birth,age,permission_level) VALUES (477,'Johnathan','Collins','atkinsonmichael@hotmail.com','morrischristopher','aIvxtEJUIIt','M','2003-10-01',16,4);
INSERT INTO staff_member (id,employed_since,position,salary,room) VALUES (477,'2018-10-17','Nurse',25000,3);
INSERT INTO nurse (id,surgery_assistant,preferred_shifts,appointment_assistant,departement_id) VALUES (477,B'0','Day',B'1',8);
INSERT INTO person (id,first_name,second_name,email,user_login,user_password,sex,date_of_birth,age,permission_level) VALUES (478,'Bryan','Payne','bsherman@gmail.com','erin37','tFpymqL','M','1974-06-19',45,1);
INSERT INTO patient (id) VALUES (478);
INSERT INTO patients_address (street,house,apartement) VALUES ('Travis st.','69','8');
INSERT INTO medical_history (patient_id,date) VALUES (478,'2019-11-07');
INSERT INTO person (id,first_name,second_name,email,user_login,user_password,sex,date_of_birth,age,permission_level) VALUES (479,'Linda','Vargas','jillpope@yahoo.com','neilavila','wndLwYqI','F','1987-04-30',32,1);
INSERT INTO staff_member (id,employed_since,position,salary,room) VALUES (479,'2012-10-27','HR',30000,67);
INSERT INTO hr (id,selection_responsibility) VALUES (479,'Interview');
INSERT INTO person (id,first_name,second_name,email,user_login,user_password,sex,date_of_birth,age,permission_level) VALUES (480,'Megan','Johnson','vegarussell@gmail.com','robertomcclure','HvpKQZeoVyHsS','F','2011-10-05',8,1);
INSERT INTO staff_member (id,employed_since,position,salary,room) VALUES (480,'2014-09-16','Pharmasist',20000,70);
INSERT INTO pharmasist (id,education_level,research) VALUES (480,'Bachelor',B'0');
INSERT INTO person (id,first_name,second_name,email,user_login,user_password,sex,date_of_birth,age,permission_level) VALUES (481,'Michael','Hamilton','keith25@hotmail.com','joelromero','tsCBKxc','M','1925-05-16',94,5);
INSERT INTO staff_member (id,employed_since,position,salary,room) VALUES (481,'2014-12-13','Doctor',35000,27);
INSERT INTO doctor (id,speciality,emergency_hours,experience,departement_id,supervisor) VALUES (481,'Medical Geneticist',B'0',4,8,418);
INSERT INTO person (id,first_name,second_name,email,user_login,user_password,sex,date_of_birth,age,permission_level) VALUES (482,'Jay','Schneider','harrisshelby@gmail.com','martinnicholas','MeOzolErpNg','M','1984-03-01',35,4);
INSERT INTO staff_member (id,employed_since,position,salary,room) VALUES (482,'2012-04-13','Doctor',35000,12);
INSERT INTO doctor (id,speciality,emergency_hours,experience,departement_id,supervisor) VALUES (482,'Radiologist',B'1',1,2,463);
INSERT INTO person (id,first_name,second_name,email,user_login,user_password,sex,date_of_birth,age,permission_level) VALUES (483,'Veronica','Colon','michael40@hotmail.com','amyfuller','qwaXzmdpQyAe','F','1968-07-06',51,1);
INSERT INTO staff_member (id,employed_since,position,salary,room) VALUES (483,'2012-08-21','Professor',35000,39);
INSERT INTO professor (id,research_topic,surgery_participation,departement_id) VALUES (483,'Otolaryngologist',B'0',10);
INSERT INTO person (id,first_name,second_name,email,user_login,user_password,sex,date_of_birth,age,permission_level) VALUES (484,'Johnny','Haynes','rosedonna@gmail.com','barbara65','ayhQAkpycR','M','1931-01-09',88,1);
INSERT INTO staff_member (id,employed_since,position,salary,room) VALUES (484,'2015-03-08','IT Specialist',15000,79);
INSERT INTO IT_specialist (id,support_line) VALUES (484,B'0');
INSERT INTO person (id,first_name,second_name,email,user_login,user_password,sex,date_of_birth,age,permission_level) VALUES (485,'Jeanette','Williams','omason@yahoo.com','michaelflores','BvADWAhiHsw','F','1948-07-13',71,2);
INSERT INTO staff_member (id,employed_since,position,salary,room) VALUES (485,'2016-07-01','Nurse',25000,5);
INSERT INTO nurse (id,surgery_assistant,preferred_shifts,appointment_assistant,departement_id) VALUES (485,B'0','Night',B'1',8);
INSERT INTO person (id,first_name,second_name,email,user_login,user_password,sex,date_of_birth,age,permission_level) VALUES (486,'Eric','Gordon','ashley82@gmail.com','williamjohnson','VkMRpGG','M','1974-06-07',45,1);
INSERT INTO staff_member (id,employed_since,position,salary,room) VALUES (486,'2013-02-28','Lab Technician',15000,43);
INSERT INTO lab_technician (id,education_level,departement_id) VALUES (486,'Magister',9);
INSERT INTO person (id,first_name,second_name,email,user_login,user_password,sex,date_of_birth,age,permission_level) VALUES (487,'Rebecca','Mills','ginaprice@yahoo.com','kstokes','cXzcKqmxeHuCNZ','F','1978-04-03',41,2);
INSERT INTO patient (id) VALUES (487);
INSERT INTO patients_address (street,house,apartement) VALUES ('Gregory st.','85','7');
INSERT INTO medical_history (patient_id,date) VALUES (487,'2019-10-29');
INSERT INTO person (id,first_name,second_name,email,user_login,user_password,sex,date_of_birth,age,permission_level) VALUES (488,'Devin','Dyer','amartinez@hotmail.com','leonard84','nFebZBYNb','M','1996-01-20',23,5);
INSERT INTO staff_member (id,employed_since,position,salary,room) VALUES (488,'2016-08-07','Pharmasist',20000,69);
INSERT INTO pharmasist (id,education_level,research) VALUES (488,'Magister',B'0');
INSERT INTO person (id,first_name,second_name,email,user_login,user_password,sex,date_of_birth,age,permission_level) VALUES (489,'Susan','Wong','xwilson@yahoo.com','nbenitez','PPueWaMHStSq','F','1911-08-17',108,3);
INSERT INTO patient (id) VALUES (489);
INSERT INTO patients_address (street,house,apartement) VALUES ('Brian st.','16','8');
INSERT INTO medical_history (patient_id,date) VALUES (489,'2019-10-29');
INSERT INTO person (id,first_name,second_name,email,user_login,user_password,sex,date_of_birth,age,permission_level) VALUES (490,'Anna','Cisneros','lwalker@gmail.com','james31','yXbhwweXoBJmy','F','1936-07-13',83,5);
INSERT INTO staff_member (id,employed_since,position,salary,room) VALUES (490,'2014-02-28','Doctor',35000,26);
INSERT INTO doctor (id,speciality,emergency_hours,experience,departement_id,supervisor) VALUES (490,'Anesthesiologist',B'1',10,7,462);
INSERT INTO person (id,first_name,second_name,email,user_login,user_password,sex,date_of_birth,age,permission_level) VALUES (491,'Juan','Fields','kevinjenkins@gmail.com','jonathanscott','MdzvJoiEigoZ','M','1978-08-30',41,2);
INSERT INTO patient (id) VALUES (491);
INSERT INTO patients_address (street,house,apartement) VALUES ('Joseph st.','79','2');
INSERT INTO medical_history (patient_id,date) VALUES (491,'2019-11-18');
INSERT INTO person (id,first_name,second_name,email,user_login,user_password,sex,date_of_birth,age,permission_level) VALUES (492,'Tina','Walker','robertreynolds@gmail.com','brooke45','ezDGEZlLPB','F','1928-12-25',91,1);
INSERT INTO staff_member (id,employed_since,position,salary,room) VALUES (492,'2013-04-07','Professor',35000,31);
INSERT INTO professor (id,research_topic,surgery_participation,departement_id) VALUES (492,'Emergency Medicine Specialist',B'0',4);
INSERT INTO person (id,first_name,second_name,email,user_login,user_password,sex,date_of_birth,age,permission_level) VALUES (493,'Debra','Hensley','jeffyoung@yahoo.com','wendy00','eRPTPehbrTMqWa','F','1993-04-28',26,3);
INSERT INTO patient (id) VALUES (493);
INSERT INTO patients_address (street,house,apartement) VALUES ('Thomas st.','12','8');
INSERT INTO medical_history (patient_id,date) VALUES (493,'2019-11-12');
INSERT INTO person (id,first_name,second_name,email,user_login,user_password,sex,date_of_birth,age,permission_level) VALUES (494,'Ashley','Ali','lewiskyle@yahoo.com','ncoleman','wOYnxEviledJb','F','1937-04-07',82,3);
INSERT INTO staff_member (id,employed_since,position,salary,room) VALUES (494,'2015-11-25','Doctor',35000,30);
INSERT INTO doctor (id,speciality,emergency_hours,experience,departement_id,supervisor) VALUES (494,'Emergency Medicine Specialist',B'1',8,1,481);
INSERT INTO person (id,first_name,second_name,email,user_login,user_password,sex,date_of_birth,age,permission_level) VALUES (495,'Mark','Barrett','frankerica@gmail.com','lunajason','mEcjBeAm','M','1957-02-25',62,4);
INSERT INTO staff_member (id,employed_since,position,salary,room) VALUES (495,'2019-04-27','Cook',15000,73);
INSERT INTO cook (id,experience) VALUES (495,9);
INSERT INTO person (id,first_name,second_name,email,user_login,user_password,sex,date_of_birth,age,permission_level) VALUES (496,'Christian','Daniel','youngmichelle@gmail.com','martinana','wRyCwTByLxQPz','M','2001-07-14',18,1);
INSERT INTO staff_member (id,employed_since,position,salary,room) VALUES (496,'2010-11-28','Reseptionist',15000,56);
INSERT INTO reseptionist (id) VALUES (496);
INSERT INTO languages_spoken (reseptionist_id,language) VALUES (496,'PortuguesTatar');
INSERT INTO person (id,first_name,second_name,email,user_login,user_password,sex,date_of_birth,age,permission_level) VALUES (497,'Jonathan','Hudson','angelakelly@hotmail.com','alicia27','OMfOKuaujscwwk','M','1931-09-15',88,5);
INSERT INTO staff_member (id,employed_since,position,salary,room) VALUES (497,'2014-09-09','Professor',35000,39);
INSERT INTO professor (id,research_topic,surgery_participation,departement_id) VALUES (497,'Endocrinologists',B'1',11);
INSERT INTO person (id,first_name,second_name,email,user_login,user_password,sex,date_of_birth,age,permission_level) VALUES (498,'Alexander','Stafford','newmanlisa@yahoo.com','brittanysmith','THAkPEiNwonVUsW','M','2018-08-06',1,1);
INSERT INTO patient (id) VALUES (498);
INSERT INTO patients_address (street,house,apartement) VALUES ('Joshua st.','71','2');
INSERT INTO medical_history (patient_id,date) VALUES (498,'2019-11-19');
INSERT INTO person (id,first_name,second_name,email,user_login,user_password,sex,date_of_birth,age,permission_level) VALUES (499,'Shane','Johnson','wgonzalez@yahoo.com','daniel33','rLWhBgCvf','M','1986-01-12',33,3);
INSERT INTO staff_member (id,employed_since,position,salary,room) VALUES (499,'2015-07-17','Professor',35000,37);
INSERT INTO professor (id,research_topic,surgery_participation,departement_id) VALUES (499,'Gastroenterologist',B'1',11);
INSERT INTO person (id,first_name,second_name,email,user_login,user_password,sex,date_of_birth,age,permission_level) VALUES (500,'Amanda','Shah','xwilkinson@gmail.com','michaelamaldonado','GCsPsnn','F','1992-04-05',27,5);
INSERT INTO staff_member (id,employed_since,position,salary,room) VALUES (500,'2017-01-24','Nurse',25000,7);
INSERT INTO nurse (id,surgery_assistant,preferred_shifts,appointment_assistant,departement_id) VALUES (500,B'0','Day',B'0',3);