
INSERT INTO person (id,first_name,second_name,email,user_login,user_password,sex,date_of_birth,age,permission_level) VALUES (1,'Amy','Mosley','thomasstuart@yahoo.com','elizabethsavage','FJhOwetZLLb','F','1983-07-23',36,3);
INSERT INTO staff_member (id,employed_since,position,salary,room) VALUES (1,'2010-07-04','Head Doctor',100000,1);
INSERT INTO head_doctor (id,primary_speciality) VALUES (1,'Colon Surgeon');
INSERT INTO person (id,first_name,second_name,email,user_login,user_password,sex,date_of_birth,age,permission_level) VALUES (2,'Joseph','Cruz','christy20@yahoo.com','kbenson','uNwxYFkTVUS','M','1949-01-16',70,1);
INSERT INTO staff_member (id,employed_since,position,salary,room) VALUES (2,'2013-10-13','Head Nurse',80000,2);
INSERT INTO head_nurse (id,surgery_assistant) VALUES (2,B'1');
INSERT INTO person (id,first_name,second_name,email,user_login,user_password,sex,date_of_birth,age,permission_level) VALUES (3,'Lonnie','Dean','freemandavid@yahoo.com','djacobs','KBDmgbnLZY','M','1955-01-09',64,1);
INSERT INTO staff_member (id,employed_since,position,salary,room) VALUES (3,'2014-12-10','HR',30000,67);
INSERT INTO hr (id,selection_responsibility) VALUES (3,'Interview');
INSERT INTO person (id,first_name,second_name,email,user_login,user_password,sex,date_of_birth,age,permission_level) VALUES (4,'Melinda','Ibarra','trevor38@gmail.com','bradleyallen','GgqlPBUAiVSXxx','F','1904-07-07',115,5);
INSERT INTO staff_member (id,employed_since,position,salary,room) VALUES (4,'2018-10-15','Lab Technician',15000,42);
INSERT INTO lab_technician (id,education_level,departement_id) VALUES (4,'Postgraduate',10);
INSERT INTO person (id,first_name,second_name,email,user_login,user_password,sex,date_of_birth,age,permission_level) VALUES (5,'Martha','Martinez','meghanbrowning@gmail.com','jacquelinewilson','kjqYHfij','F','1963-08-26',56,1);
INSERT INTO staff_member (id,employed_since,position,salary,room) VALUES (5,'2019-07-09','Maintanence Worker',15000,59);
INSERT INTO maintanence_worker (id,employment_type,speciality) VALUES (5,'Full time','Machines');
INSERT INTO person (id,first_name,second_name,email,user_login,user_password,sex,date_of_birth,age,permission_level) VALUES (6,'Daniel','Marshall','marshalltrevor@yahoo.com','arianaweaver','vuMkqaUPVlI','M','1967-01-30',52,3);
INSERT INTO staff_member (id,employed_since,position,salary,room) VALUES (6,'2011-09-18','Lab Technician',15000,44);
INSERT INTO lab_technician (id,education_level,departement_id) VALUES (6,'PhD',6);
INSERT INTO person (id,first_name,second_name,email,user_login,user_password,sex,date_of_birth,age,permission_level) VALUES (7,'Paul','Jackson','david12@hotmail.com','michaelevans','qlFHwUhB','M','1943-01-03',76,2);
INSERT INTO patient (id) VALUES (7);
INSERT INTO patients_address (street,house,apartement) VALUES ('Michael st.','82','4');
INSERT INTO medical_history (patient_id,date) VALUES (7,'2019-10-24');
INSERT INTO person (id,first_name,second_name,email,user_login,user_password,sex,date_of_birth,age,permission_level) VALUES (8,'Kimberly','Stephens','parkerbrian@hotmail.com','duane69','MSprzDsztHFNV','F','1943-04-08',76,3);
INSERT INTO staff_member (id,employed_since,position,salary,room) VALUES (8,'2013-03-10','Professor',35000,39);
INSERT INTO professor (id,research_topic,surgery_participation,departement_id) VALUES (8,'Otolaryngologist',B'0',6);
INSERT INTO person (id,first_name,second_name,email,user_login,user_password,sex,date_of_birth,age,permission_level) VALUES (9,'Andrea','Hernandez','wward@hotmail.com','coltonvalenzuela','QNWpIzVMPUPHtR','F','1908-08-14',111,5);
INSERT INTO staff_member (id,employed_since,position,salary,room) VALUES (9,'2016-07-12','Reseptionist',15000,56);
INSERT INTO reseptionist (id) VALUES (9);
INSERT INTO languages_spoken (reseptionist_id,language) VALUES (9,'ArabicArabicPortuguesPortugues');
INSERT INTO person (id,first_name,second_name,email,user_login,user_password,sex,date_of_birth,age,permission_level) VALUES (10,'Leon','Wright','michelle27@gmail.com','spencecrystal','lgyXQQIi','M','1935-09-01',84,3);
INSERT INTO staff_member (id,employed_since,position,salary,room) VALUES (10,'2018-06-27','Doctor',35000,29);
INSERT INTO doctor (id,speciality,emergency_hours,experience,departement_id) VALUES (10,'Critical Care Medicine Specialist',B'0',5,13);
INSERT INTO person (id,first_name,second_name,email,user_login,user_password,sex,date_of_birth,age,permission_level) VALUES (11,'Eric','Peterson','hparker@hotmail.com','carterfrank','HXPCeLwyktEJHdy','M','1987-04-21',32,5);
INSERT INTO staff_member (id,employed_since,position,salary,room) VALUES (11,'2018-04-12','Doctor',35000,12);
INSERT INTO doctor (id,speciality,emergency_hours,experience,departement_id,supervisor) VALUES (11,'Medicine Specialist',B'1',4,10,10);
INSERT INTO person (id,first_name,second_name,email,user_login,user_password,sex,date_of_birth,age,permission_level) VALUES (12,'Phillip','Woods','ewingbrandon@yahoo.com','amy59','iMsMqKnXHm','M','1924-10-12',95,5);
INSERT INTO staff_member (id,employed_since,position,salary,room) VALUES (12,'2017-01-14','Nurse',25000,9);
INSERT INTO nurse (id,surgery_assistant,preferred_shifts,appointment_assistant,departement_id) VALUES (12,B'0','Night',B'0',1);
INSERT INTO person (id,first_name,second_name,email,user_login,user_password,sex,date_of_birth,age,permission_level) VALUES (13,'Jasmine','Williams','torreszachary@yahoo.com','kyle43','oZEpkzWleRIZV','F','1929-09-22',90,2);
INSERT INTO staff_member (id,employed_since,position,salary,room) VALUES (13,'2015-08-12','Doctor',35000,23);
INSERT INTO doctor (id,speciality,emergency_hours,experience,departement_id,supervisor) VALUES (13,'Pulmonologist',B'0',5,3,11);
INSERT INTO person (id,first_name,second_name,email,user_login,user_password,sex,date_of_birth,age,permission_level) VALUES (14,'Michelle','Hensley','nicole83@yahoo.com','nicole53','HraesKVgY','F','1982-10-20',37,2);
INSERT INTO staff_member (id,employed_since,position,salary,room) VALUES (14,'2010-08-09','Professor',35000,34);
INSERT INTO professor (id,research_topic,surgery_participation,departement_id) VALUES (14,'Critical Care Medicine Specialist',B'0',9);
INSERT INTO person (id,first_name,second_name,email,user_login,user_password,sex,date_of_birth,age,permission_level) VALUES (15,'Tina','Johnson','rsanders@hotmail.com','mmarshall','fRkGaSdDad','F','1937-08-27',82,1);
INSERT INTO patient (id) VALUES (15);
INSERT INTO patients_address (street,house,apartement) VALUES ('Beverly st.','45','8');
INSERT INTO medical_history (patient_id,date) VALUES (15,'2019-10-28');
INSERT INTO person (id,first_name,second_name,email,user_login,user_password,sex,date_of_birth,age,permission_level) VALUES (16,'Michael','Ho','keith42@gmail.com','jamiereed','QhuMvOmBpYp','M','1988-10-18',31,1);
INSERT INTO staff_member (id,employed_since,position,salary,room) VALUES (16,'2012-05-04','Professor',35000,35);
INSERT INTO professor (id,research_topic,surgery_participation,departement_id) VALUES (16,'Radiologist',B'1',4);
INSERT INTO person (id,first_name,second_name,email,user_login,user_password,sex,date_of_birth,age,permission_level) VALUES (17,'James','Tran','smithandrew@yahoo.com','smithmelissa','sMWAOgQWqsZz','M','1951-07-17',68,4);
INSERT INTO staff_member (id,employed_since,position,salary,room) VALUES (17,'2016-11-19','Doctor',35000,28);
INSERT INTO doctor (id,speciality,emergency_hours,experience,departement_id,supervisor) VALUES (17,'Emergency Medicine Specialist',B'0',8,5,10);
INSERT INTO person (id,first_name,second_name,email,user_login,user_password,sex,date_of_birth,age,permission_level) VALUES (18,'Tyler','Daniels','moorebrett@hotmail.com','james52','gjDATUUqBjw','M','1904-05-31',115,5);
INSERT INTO staff_member (id,employed_since,position,salary,room) VALUES (18,'2013-11-10','Cook',15000,72);
INSERT INTO cook (id,experience) VALUES (18,3);
INSERT INTO person (id,first_name,second_name,email,user_login,user_password,sex,date_of_birth,age,permission_level) VALUES (19,'Carl','Cunningham','kingtracy@yahoo.com','taylor83','QPqUaYObzwSFCV','M','1965-09-25',54,4);
INSERT INTO staff_member (id,employed_since,position,salary,room) VALUES (19,'2018-12-07','Nurse',25000,7);
INSERT INTO nurse (id,surgery_assistant,preferred_shifts,appointment_assistant,departement_id) VALUES (19,B'1','Day',B'0',4);
INSERT INTO person (id,first_name,second_name,email,user_login,user_password,sex,date_of_birth,age,permission_level) VALUES (20,'Scott','Ingram','donaldgarcia@gmail.com','ashley04','AVqFARIyMo','M','1978-06-14',41,4);
INSERT INTO patient (id) VALUES (20);
INSERT INTO patients_address (street,house,apartement) VALUES ('Erika st.','22','1');
INSERT INTO medical_history (patient_id,date) VALUES (20,'2019-11-13');
INSERT INTO person (id,first_name,second_name,email,user_login,user_password,sex,date_of_birth,age,permission_level) VALUES (21,'Brian','Hall','castillobrian@hotmail.com','kerry77','UNItGguxlyQx','M','1932-09-08',87,2);
INSERT INTO staff_member (id,employed_since,position,salary,room) VALUES (21,'2015-01-28','Priest',15000,80);
INSERT INTO priest (id,religion) VALUES (21,'Islam');
INSERT INTO person (id,first_name,second_name,email,user_login,user_password,sex,date_of_birth,age,permission_level) VALUES (22,'Jessica','Briggs','johnny92@gmail.com','hannahlindsey','lrTgMxT','F','1970-07-23',49,1);
INSERT INTO staff_member (id,employed_since,position,salary,room) VALUES (22,'2010-12-28','Doctor',35000,16);
INSERT INTO doctor (id,speciality,emergency_hours,experience,departement_id,supervisor) VALUES (22,'Internist',B'0',2,5,10);
INSERT INTO person (id,first_name,second_name,email,user_login,user_password,sex,date_of_birth,age,permission_level) VALUES (23,'Charles','Sims','omitchell@hotmail.com','clayrachel','WZQJeuNPUpeD','M','1984-04-24',35,3);
INSERT INTO staff_member (id,employed_since,position,salary,room) VALUES (23,'2019-02-02','Doctor',35000,30);
INSERT INTO doctor (id,speciality,emergency_hours,experience,departement_id,supervisor) VALUES (23,'Internist',B'1',7,14,22);
INSERT INTO person (id,first_name,second_name,email,user_login,user_password,sex,date_of_birth,age,permission_level) VALUES (24,'Amanda','Lucero','johnmoore@yahoo.com','veronicalee','RGNnNeaiGAld','F','1988-09-08',31,4);
INSERT INTO staff_member (id,employed_since,position,salary,room) VALUES (24,'2017-07-26','Doctor',35000,25);
INSERT INTO doctor (id,speciality,emergency_hours,experience,departement_id,supervisor) VALUES (24,'Anesthesiologist',B'1',6,11,11);
INSERT INTO person (id,first_name,second_name,email,user_login,user_password,sex,date_of_birth,age,permission_level) VALUES (25,'Regina','Shields','madeline42@yahoo.com','huntdavid','tpUPgqAGmCskdM','F','1916-10-11',103,2);
INSERT INTO staff_member (id,employed_since,position,salary,room) VALUES (25,'2012-07-14','Maintanence Worker',15000,57);
INSERT INTO maintanence_worker (id,employment_type,speciality) VALUES (25,'Full time','Machines');
INSERT INTO person (id,first_name,second_name,email,user_login,user_password,sex,date_of_birth,age,permission_level) VALUES (26,'Lori','Williams','obaker@hotmail.com','jordancatherine','UZNBQWm','F','1989-09-24',30,2);
INSERT INTO staff_member (id,employed_since,position,salary,room) VALUES (26,'2015-06-26','Cook',15000,71);
INSERT INTO cook (id,experience) VALUES (26,2);
INSERT INTO person (id,first_name,second_name,email,user_login,user_password,sex,date_of_birth,age,permission_level) VALUES (27,'Edwin','Bailey','dominiquecook@hotmail.com','jamesbeck','zVtfFrCuFtkjLb','M','1953-12-03',66,3);
INSERT INTO staff_member (id,employed_since,position,salary,room) VALUES (27,'2019-10-31','Doctor',35000,20);
INSERT INTO doctor (id,speciality,emergency_hours,experience,departement_id,supervisor) VALUES (27,'Otolaryngologist',B'0',5,1,17);
INSERT INTO person (id,first_name,second_name,email,user_login,user_password,sex,date_of_birth,age,permission_level) VALUES (28,'Tina','Price','jessicaschultz@hotmail.com','wooddaniel','qIwxvjv','F','1978-06-10',41,2);
INSERT INTO staff_member (id,employed_since,position,salary,room) VALUES (28,'2016-12-30','Professor',35000,33);
INSERT INTO professor (id,research_topic,surgery_participation,departement_id) VALUES (28,'Podiatrist',B'1',11);
INSERT INTO person (id,first_name,second_name,email,user_login,user_password,sex,date_of_birth,age,permission_level) VALUES (29,'Matthew','Moore','websterelizabeth@hotmail.com','andersonangela','kXXWRdnNlGOaqZ','M','1987-02-15',32,1);
INSERT INTO staff_member (id,employed_since,position,salary,room) VALUES (29,'2016-03-29','Professor',35000,39);
INSERT INTO professor (id,research_topic,surgery_participation,departement_id) VALUES (29,'Medical Geneticist',B'0',12);
INSERT INTO person (id,first_name,second_name,email,user_login,user_password,sex,date_of_birth,age,permission_level) VALUES (30,'Maria','Curry','duncankatherine@hotmail.com','qperry','JdsFPcpBZBPe','F','1918-12-25',101,3);
INSERT INTO staff_member (id,employed_since,position,salary,room) VALUES (30,'2011-06-27','Security Team Member',10000,62);
INSERT INTO security_team_member (id,shifts,physical_test_grade) VALUES (30,'Night','D');
INSERT INTO person (id,first_name,second_name,email,user_login,user_password,sex,date_of_birth,age,permission_level) VALUES (31,'Stacy','Chavez','mackenzie31@yahoo.com','stephaniebarrett','cHGdLVbG','F','1997-04-11',22,4);
INSERT INTO patient (id) VALUES (31);
INSERT INTO patients_address (street,house,apartement) VALUES ('Monica st.','31','3');
INSERT INTO medical_history (patient_id,date) VALUES (31,'2019-11-26');
INSERT INTO person (id,first_name,second_name,email,user_login,user_password,sex,date_of_birth,age,permission_level) VALUES (32,'Amanda','Miller','ortiztyler@hotmail.com','aerickson','aUFsdhXigkNku','F','1987-06-18',32,4);
INSERT INTO staff_member (id,employed_since,position,salary,room) VALUES (32,'2018-12-21','Pharmasist',20000,70);
INSERT INTO pharmasist (id,education_level,research) VALUES (32,'Postgraduate',B'0');
INSERT INTO person (id,first_name,second_name,email,user_login,user_password,sex,date_of_birth,age,permission_level) VALUES (33,'Julie','Patrick','aprilchurch@gmail.com','andrewclark','aiHxIAqjKShQbcw','F','2019-06-03',0,1);
INSERT INTO patient (id) VALUES (33);
INSERT INTO patients_address (street,house,apartement) VALUES ('Laurie st.','64','5');
INSERT INTO medical_history (patient_id,date) VALUES (33,'2019-11-04');
INSERT INTO person (id,first_name,second_name,email,user_login,user_password,sex,date_of_birth,age,permission_level) VALUES (34,'Deborah','Campbell','fwilson@gmail.com','deborahmathis','AGoFWMqbsC','F','1991-11-18',28,4);
INSERT INTO staff_member (id,employed_since,position,salary,room) VALUES (34,'2012-12-14','Doctor',35000,18);
INSERT INTO doctor (id,speciality,emergency_hours,experience,departement_id,supervisor) VALUES (34,'Medicine Specialist',B'0',8,10,22);
INSERT INTO person (id,first_name,second_name,email,user_login,user_password,sex,date_of_birth,age,permission_level) VALUES (35,'Julie','Brooks','brandtrobert@hotmail.com','duffysamantha','XzbhZZgVmk','F','1980-11-04',39,2);
INSERT INTO staff_member (id,employed_since,position,salary,room) VALUES (35,'2014-02-14','Nurse',25000,9);
INSERT INTO nurse (id,surgery_assistant,preferred_shifts,appointment_assistant,departement_id) VALUES (35,B'1','Night',B'1',8);
INSERT INTO person (id,first_name,second_name,email,user_login,user_password,sex,date_of_birth,age,permission_level) VALUES (36,'Jennifer','Davis','mike12@gmail.com','hking','mmdwmWUXp','F','2008-06-19',11,2);
INSERT INTO staff_member (id,employed_since,position,salary,room) VALUES (36,'2012-07-15','Nurse',25000,9);
INSERT INTO nurse (id,surgery_assistant,preferred_shifts,appointment_assistant,departement_id) VALUES (36,B'0','Day',B'1',2);
INSERT INTO person (id,first_name,second_name,email,user_login,user_password,sex,date_of_birth,age,permission_level) VALUES (37,'Brian','Anderson','jose50@gmail.com','ryanrobinson','MeqfTqvd','M','1921-12-19',98,3);
INSERT INTO staff_member (id,employed_since,position,salary,room) VALUES (37,'2017-04-26','Professor',35000,32);
INSERT INTO professor (id,research_topic,surgery_participation,departement_id) VALUES (37,'Nephrologist',B'1',11);
INSERT INTO person (id,first_name,second_name,email,user_login,user_password,sex,date_of_birth,age,permission_level) VALUES (38,'James','Williams','andreadunlap@yahoo.com','bmooney','PZPIWiweY','M','1933-06-22',86,4);
INSERT INTO staff_member (id,employed_since,position,salary,room) VALUES (38,'2013-06-06','Cleaning Team Worker',10000,55);
INSERT INTO cleaning_team_worker (id,employment_type) VALUES (38,'Part time');
INSERT INTO person (id,first_name,second_name,email,user_login,user_password,sex,date_of_birth,age,permission_level) VALUES (39,'Carmen','Hall','kbest@gmail.com','thomas78','FNOiLizyTogG','F','1915-12-05',104,1);
INSERT INTO staff_member (id,employed_since,position,salary,room) VALUES (39,'2011-03-27','Nurse',25000,10);
INSERT INTO nurse (id,surgery_assistant,preferred_shifts,appointment_assistant,departement_id) VALUES (39,B'0','Night',B'1',12);
INSERT INTO person (id,first_name,second_name,email,user_login,user_password,sex,date_of_birth,age,permission_level) VALUES (40,'Linda','Chandler','cookjennifer@yahoo.com','douglasdonna','mwPwbHsytlpGP','F','1981-04-16',38,4);
INSERT INTO staff_member (id,employed_since,position,salary,room) VALUES (40,'2015-11-29','Cook',15000,73);
INSERT INTO cook (id,experience) VALUES (40,10);
INSERT INTO person (id,first_name,second_name,email,user_login,user_password,sex,date_of_birth,age,permission_level) VALUES (41,'Michael','Nelson','chaveznathaniel@yahoo.com','jessica76','aMNOcamOdWCJaW','M','1995-01-12',24,2);
INSERT INTO staff_member (id,employed_since,position,salary,room) VALUES (41,'2016-03-10','Nurse',25000,4);
INSERT INTO nurse (id,surgery_assistant,preferred_shifts,appointment_assistant,departement_id) VALUES (41,B'0','Day',B'0',8);
INSERT INTO person (id,first_name,second_name,email,user_login,user_password,sex,date_of_birth,age,permission_level) VALUES (42,'Anita','Hunt','barrettgarrett@yahoo.com','kimberly50','QranQDM','F','1955-08-18',64,3);
INSERT INTO staff_member (id,employed_since,position,salary,room) VALUES (42,'2018-10-05','Nurse',25000,10);
INSERT INTO nurse (id,surgery_assistant,preferred_shifts,appointment_assistant,departement_id) VALUES (42,B'0','Day',B'1',3);
INSERT INTO person (id,first_name,second_name,email,user_login,user_password,sex,date_of_birth,age,permission_level) VALUES (43,'Tammy','Morales','pricemichael@hotmail.com','stevenallen','MwfCqJvHKPRiMTQ','F','1966-09-01',53,3);
INSERT INTO staff_member (id,employed_since,position,salary,room) VALUES (43,'2018-01-17','Cleaning Team Worker',10000,55);
INSERT INTO cleaning_team_worker (id,employment_type) VALUES (43,'Full time');
INSERT INTO person (id,first_name,second_name,email,user_login,user_password,sex,date_of_birth,age,permission_level) VALUES (44,'Jennifer','Mcneil','davislisa@hotmail.com','bvelazquez','EHirEEwSrGI','F','1986-02-01',33,1);
INSERT INTO staff_member (id,employed_since,position,salary,room) VALUES (44,'2017-05-31','Maintanence Worker',15000,57);
INSERT INTO maintanence_worker (id,employment_type,speciality) VALUES (44,'Full time','Electricity');
INSERT INTO person (id,first_name,second_name,email,user_login,user_password,sex,date_of_birth,age,permission_level) VALUES (45,'Kenneth','Hernandez','gonzalezjohn@yahoo.com','jessicalopez','UuNTBNviCk','M','1999-05-26',20,3);
INSERT INTO staff_member (id,employed_since,position,salary,room) VALUES (45,'2012-09-05','Nurse',25000,7);
INSERT INTO nurse (id,surgery_assistant,preferred_shifts,appointment_assistant,departement_id) VALUES (45,B'1','Day',B'1',10);
INSERT INTO person (id,first_name,second_name,email,user_login,user_password,sex,date_of_birth,age,permission_level) VALUES (46,'Cindy','Duncan','bergjames@yahoo.com','gilbertvictoria','ZnYZKIeCp','F','1957-06-05',62,3);
INSERT INTO staff_member (id,employed_since,position,salary,room) VALUES (46,'2011-10-19','IT Specialist',15000,76);
INSERT INTO IT_specialist (id,support_line) VALUES (46,B'0');
INSERT INTO person (id,first_name,second_name,email,user_login,user_password,sex,date_of_birth,age,permission_level) VALUES (47,'Victoria','Miller','jonathan72@gmail.com','azavala','COVPlBkck','F','1910-01-30',109,1);
INSERT INTO staff_member (id,employed_since,position,salary,room) VALUES (47,'2017-04-19','Doctor',35000,25);
INSERT INTO doctor (id,speciality,emergency_hours,experience,departement_id,supervisor) VALUES (47,'Osteopath',B'0',3,5,22);
INSERT INTO person (id,first_name,second_name,email,user_login,user_password,sex,date_of_birth,age,permission_level) VALUES (48,'Tina','Martinez','pottslaurie@yahoo.com','thomashudson','nnfjVghpvgwq','F','1983-06-30',36,4);
INSERT INTO patient (id) VALUES (48);
INSERT INTO patients_address (street,house,apartement) VALUES ('Aaron st.','93','7');
INSERT INTO medical_history (patient_id,date) VALUES (48,'2019-10-22');
INSERT INTO person (id,first_name,second_name,email,user_login,user_password,sex,date_of_birth,age,permission_level) VALUES (49,'Terry','Brooks','valenciacraig@hotmail.com','yjoseph','gOpOOTjqht','M','1944-12-21',75,1);
INSERT INTO staff_member (id,employed_since,position,salary,room) VALUES (49,'2011-01-11','Professor',35000,38);
INSERT INTO professor (id,research_topic,surgery_participation,departement_id) VALUES (49,'Hematologist',B'1',5);
INSERT INTO person (id,first_name,second_name,email,user_login,user_password,sex,date_of_birth,age,permission_level) VALUES (50,'Ana','Mitchell','bradleytroy@gmail.com','brandon19','yTdmTQIJ','F','1924-05-18',95,2);
INSERT INTO staff_member (id,employed_since,position,salary,room) VALUES (50,'2014-12-04','Professor',35000,38);
INSERT INTO professor (id,research_topic,surgery_participation,departement_id) VALUES (50,'Neurologist',B'0',13);
INSERT INTO person (id,first_name,second_name,email,user_login,user_password,sex,date_of_birth,age,permission_level) VALUES (51,'Brittany','Sanchez','howelljill@hotmail.com','elizabethhamilton','djsbMcgodlei','F','1953-07-02',66,3);
INSERT INTO staff_member (id,employed_since,position,salary,room) VALUES (51,'2016-11-27','Doctor',35000,13);
INSERT INTO doctor (id,speciality,emergency_hours,experience,departement_id,supervisor) VALUES (51,'Colon Surgeon',B'0',5,10,13);
INSERT INTO person (id,first_name,second_name,email,user_login,user_password,sex,date_of_birth,age,permission_level) VALUES (52,'Melissa','Hill','sarah23@hotmail.com','jeffrey17','jHhtBRtHMKiMwN','F','1931-07-26',88,3);
INSERT INTO patient (id) VALUES (52);
INSERT INTO patients_address (street,house,apartement) VALUES ('Vanessa st.','51','6');
INSERT INTO medical_history (patient_id,date) VALUES (52,'2019-11-23');
INSERT INTO person (id,first_name,second_name,email,user_login,user_password,sex,date_of_birth,age,permission_level) VALUES (53,'James','Wilson','kdougherty@hotmail.com','ibell','hmZpLyqpJf','M','1993-12-04',26,2);
INSERT INTO staff_member (id,employed_since,position,salary,room) VALUES (53,'2015-12-28','Professor',35000,31);
INSERT INTO professor (id,research_topic,surgery_participation,departement_id) VALUES (53,'Sports Medicine Specialist',B'0',2);
INSERT INTO person (id,first_name,second_name,email,user_login,user_password,sex,date_of_birth,age,permission_level) VALUES (54,'Anthony','Johnson','quinnkayla@gmail.com','clarson','pJMGQcI','M','1974-11-23',45,5);
INSERT INTO staff_member (id,employed_since,position,salary,room) VALUES (54,'2015-09-15','Nurse',25000,4);
INSERT INTO nurse (id,surgery_assistant,preferred_shifts,appointment_assistant,departement_id) VALUES (54,B'0','Night',B'1',7);
INSERT INTO person (id,first_name,second_name,email,user_login,user_password,sex,date_of_birth,age,permission_level) VALUES (55,'William','Olson','carla28@yahoo.com','connie29','chHIHEletUTRM','M','1968-04-02',51,3);
INSERT INTO staff_member (id,employed_since,position,salary,room) VALUES (55,'2015-02-09','Doctor',35000,18);
INSERT INTO doctor (id,speciality,emergency_hours,experience,departement_id,supervisor) VALUES (55,'Allergist',B'1',6,1,13);
INSERT INTO person (id,first_name,second_name,email,user_login,user_password,sex,date_of_birth,age,permission_level) VALUES (56,'Lisa','Mejia','josephdaugherty@gmail.com','vpennington','eaeWjZJrNxvHQks','F','1955-09-20',64,2);
INSERT INTO staff_member (id,employed_since,position,salary,room) VALUES (56,'2010-10-21','Doctor',35000,22);
INSERT INTO doctor (id,speciality,emergency_hours,experience,departement_id,supervisor) VALUES (56,'Psychiatrist',B'1',8,9,22);
INSERT INTO person (id,first_name,second_name,email,user_login,user_password,sex,date_of_birth,age,permission_level) VALUES (57,'John','Hicks','ycole@yahoo.com','moralesmichael','IhHrRxlChGUiv','M','1905-01-03',114,2);
INSERT INTO staff_member (id,employed_since,position,salary,room) VALUES (57,'2019-02-12','Security Team Member',10000,62);
INSERT INTO security_team_member (id,shifts,physical_test_grade) VALUES (57,'Day','C');
INSERT INTO person (id,first_name,second_name,email,user_login,user_password,sex,date_of_birth,age,permission_level) VALUES (58,'Shelby','Moore','laurie07@hotmail.com','edwardskaren','VTaixlVfwBqnKnm','F','1923-05-29',96,5);
INSERT INTO staff_member (id,employed_since,position,salary,room) VALUES (58,'2014-09-10','Lab Technician',15000,41);
INSERT INTO lab_technician (id,education_level,departement_id) VALUES (58,'Magister',10);
INSERT INTO person (id,first_name,second_name,email,user_login,user_password,sex,date_of_birth,age,permission_level) VALUES (59,'Mr.','Benjamin','angelajuarez@hotmail.com','walkerheather','CHKqvsj','M','1918-01-31',101,1);
INSERT INTO staff_member (id,employed_since,position,salary,room) VALUES (59,'2019-11-24','Maintanence Worker',15000,60);
INSERT INTO maintanence_worker (id,employment_type,speciality) VALUES (59,'Part time','Furniture');
INSERT INTO person (id,first_name,second_name,email,user_login,user_password,sex,date_of_birth,age,permission_level) VALUES (60,'Timothy','Best','dicksonnicholas@hotmail.com','joshuarivera','FQZLdzZQHlMQhq','M','1980-08-27',39,5);
INSERT INTO patient (id) VALUES (60);
INSERT INTO patients_address (street,house,apartement) VALUES ('Dr. st.','96','8');
INSERT INTO medical_history (patient_id,date) VALUES (60,'2019-11-08');
INSERT INTO person (id,first_name,second_name,email,user_login,user_password,sex,date_of_birth,age,permission_level) VALUES (61,'Danny','Jackson','hartgabriel@yahoo.com','christopherkirk','eOTiXMfmg','M','2002-11-28',17,3);
INSERT INTO staff_member (id,employed_since,position,salary,room) VALUES (61,'2012-02-04','Nurse',25000,3);
INSERT INTO nurse (id,surgery_assistant,preferred_shifts,appointment_assistant,departement_id) VALUES (61,B'1','Night',B'1',3);
INSERT INTO person (id,first_name,second_name,email,user_login,user_password,sex,date_of_birth,age,permission_level) VALUES (62,'Richard','Werner','vargasshirley@hotmail.com','markwells','QRmzlbObIw','M','1935-08-24',84,3);
INSERT INTO staff_member (id,employed_since,position,salary,room) VALUES (62,'2013-01-28','Doctor',35000,20);
INSERT INTO doctor (id,speciality,emergency_hours,experience,departement_id,supervisor) VALUES (62,'Hospice and Palliative Medicine Specialist',B'0',9,5,24);
INSERT INTO person (id,first_name,second_name,email,user_login,user_password,sex,date_of_birth,age,permission_level) VALUES (63,'Melinda','Le','patricia60@hotmail.com','gonzalezlisa','mjclTeLz','F','2003-04-09',16,4);
INSERT INTO staff_member (id,employed_since,position,salary,room) VALUES (63,'2016-07-24','Pharmasist',20000,68);
INSERT INTO pharmasist (id,education_level,research) VALUES (63,'Bachelor',B'0');
INSERT INTO person (id,first_name,second_name,email,user_login,user_password,sex,date_of_birth,age,permission_level) VALUES (64,'Beverly','Barnes','karen62@hotmail.com','christine25','vTdTVePIYTzMkeE','F','2001-12-15',18,2);
INSERT INTO patient (id) VALUES (64);
INSERT INTO patients_address (street,house,apartement) VALUES ('Noah st.','74','2');
INSERT INTO medical_history (patient_id,date) VALUES (64,'2019-10-26');
INSERT INTO person (id,first_name,second_name,email,user_login,user_password,sex,date_of_birth,age,permission_level) VALUES (65,'Kaitlin','Thompson','watsonmary@hotmail.com','perezjames','kwtZHQeNyH','F','1934-05-22',85,3);
INSERT INTO staff_member (id,employed_since,position,salary,room) VALUES (65,'2017-03-30','Nurse',25000,9);
INSERT INTO nurse (id,surgery_assistant,preferred_shifts,appointment_assistant,departement_id) VALUES (65,B'1','Night',B'1',10);
INSERT INTO person (id,first_name,second_name,email,user_login,user_password,sex,date_of_birth,age,permission_level) VALUES (66,'Kimberly','Anderson','emily97@gmail.com','yangkrista','uCDHdKZY','F','1969-02-18',50,2);
INSERT INTO staff_member (id,employed_since,position,salary,room) VALUES (66,'2017-06-23','Nurse',25000,5);
INSERT INTO nurse (id,surgery_assistant,preferred_shifts,appointment_assistant,departement_id) VALUES (66,B'0','Day',B'0',10);
INSERT INTO person (id,first_name,second_name,email,user_login,user_password,sex,date_of_birth,age,permission_level) VALUES (67,'Craig','Meyer','clarkaaron@gmail.com','thomas91','QDURKLiAhHoRuA','M','1999-08-03',20,3);
INSERT INTO staff_member (id,employed_since,position,salary,room) VALUES (67,'2014-07-10','Pharmasist',20000,70);
INSERT INTO pharmasist (id,education_level,research) VALUES (67,'Bachelor',B'1');
INSERT INTO person (id,first_name,second_name,email,user_login,user_password,sex,date_of_birth,age,permission_level) VALUES (68,'Kimberly','Murphy','allisongraham@hotmail.com','larrydean','mLhQyeDtijwOr','F','1961-05-27',58,3);
INSERT INTO staff_member (id,employed_since,position,salary,room) VALUES (68,'2014-10-08','HR',30000,64);
INSERT INTO hr (id,selection_responsibility) VALUES (68,'Interview');
INSERT INTO person (id,first_name,second_name,email,user_login,user_password,sex,date_of_birth,age,permission_level) VALUES (69,'Sara','Wright','mnash@hotmail.com','robertevans','wnfePyTsVhRTy','F','1916-11-15',103,3);
INSERT INTO staff_member (id,employed_since,position,salary,room) VALUES (69,'2016-12-31','Doctor',35000,21);
INSERT INTO doctor (id,speciality,emergency_hours,experience,departement_id,supervisor) VALUES (69,'Anesthesiologist',B'1',10,13,13);
INSERT INTO person (id,first_name,second_name,email,user_login,user_password,sex,date_of_birth,age,permission_level) VALUES (70,'Jamie','Thomas','hmeyers@yahoo.com','jessicaporter','BvfcFsxgAn','M','1942-08-09',77,1);
INSERT INTO staff_member (id,employed_since,position,salary,room) VALUES (70,'2015-08-11','Cleaning Team Worker',10000,51);
INSERT INTO cleaning_team_worker (id,employment_type) VALUES (70,'Full time');
INSERT INTO person (id,first_name,second_name,email,user_login,user_password,sex,date_of_birth,age,permission_level) VALUES (71,'Hannah','Webster','rachelwilcox@gmail.com','egarza','bwJJgfPgqvUIN','F','1997-06-11',22,3);
INSERT INTO staff_member (id,employed_since,position,salary,room) VALUES (71,'2014-08-26','Nurse',25000,7);
INSERT INTO nurse (id,surgery_assistant,preferred_shifts,appointment_assistant,departement_id) VALUES (71,B'0','Day',B'1',12);
INSERT INTO person (id,first_name,second_name,email,user_login,user_password,sex,date_of_birth,age,permission_level) VALUES (72,'Doris','Baker','jenna34@hotmail.com','davidhardy','eGHApJYDkMG','F','1920-08-05',99,5);
INSERT INTO staff_member (id,employed_since,position,salary,room) VALUES (72,'2016-09-23','Priest',15000,79);
INSERT INTO priest (id,religion) VALUES (72,'Islam');
INSERT INTO person (id,first_name,second_name,email,user_login,user_password,sex,date_of_birth,age,permission_level) VALUES (73,'Ryan','Williams','josekrause@yahoo.com','laurie37','suODvJpsdKMu','M','1912-04-05',107,2);
INSERT INTO staff_member (id,employed_since,position,salary,room) VALUES (73,'2014-09-22','Nurse',25000,3);
INSERT INTO nurse (id,surgery_assistant,preferred_shifts,appointment_assistant,departement_id) VALUES (73,B'0','Night',B'0',1);
INSERT INTO person (id,first_name,second_name,email,user_login,user_password,sex,date_of_birth,age,permission_level) VALUES (74,'Gina','Lee','lori19@hotmail.com','pauljohnson','NojaVDZG','F','1948-12-15',71,4);
INSERT INTO staff_member (id,employed_since,position,salary,room) VALUES (74,'2013-01-14','Nurse',25000,7);
INSERT INTO nurse (id,surgery_assistant,preferred_shifts,appointment_assistant,departement_id) VALUES (74,B'0','Night',B'1',10);
INSERT INTO person (id,first_name,second_name,email,user_login,user_password,sex,date_of_birth,age,permission_level) VALUES (75,'Tina','Brown','christopher53@hotmail.com','stonekristy','mlIkvUWan','F','2001-01-02',18,3);
INSERT INTO staff_member (id,employed_since,position,salary,room) VALUES (75,'2017-06-30','Doctor',35000,19);
INSERT INTO doctor (id,speciality,emergency_hours,experience,departement_id,supervisor) VALUES (75,'Sports Medicine Specialist',B'0',2,6,13);
INSERT INTO person (id,first_name,second_name,email,user_login,user_password,sex,date_of_birth,age,permission_level) VALUES (76,'Jason','Marsh','iwebster@yahoo.com','michael19','onZlrfJcrHTPkG','M','1957-02-19',62,3);
INSERT INTO patient (id) VALUES (76);
INSERT INTO patients_address (street,house,apartement) VALUES ('Bonnie st.','38','3');
INSERT INTO medical_history (patient_id,date) VALUES (76,'2019-11-23');
INSERT INTO person (id,first_name,second_name,email,user_login,user_password,sex,date_of_birth,age,permission_level) VALUES (77,'Anthony','Espinoza','henryoscar@gmail.com','michaelclark','AOpDYiSs','M','2017-01-31',2,3);
INSERT INTO staff_member (id,employed_since,position,salary,room) VALUES (77,'2017-04-19','Maintanence Worker',15000,58);
INSERT INTO maintanence_worker (id,employment_type,speciality) VALUES (77,'Part time','Hardware');
INSERT INTO person (id,first_name,second_name,email,user_login,user_password,sex,date_of_birth,age,permission_level) VALUES (78,'Heather','Mcmillan','corysmith@yahoo.com','anitamichael','SIEPmWQ','F','2009-09-02',10,5);
INSERT INTO staff_member (id,employed_since,position,salary,room) VALUES (78,'2013-02-14','Nurse',25000,9);
INSERT INTO nurse (id,surgery_assistant,preferred_shifts,appointment_assistant,departement_id) VALUES (78,B'1','Day',B'1',3);
INSERT INTO person (id,first_name,second_name,email,user_login,user_password,sex,date_of_birth,age,permission_level) VALUES (79,'Brandon','Brown','bbell@hotmail.com','millertimothy','WsxAujBD','M','1960-02-01',59,2);
INSERT INTO staff_member (id,employed_since,position,salary,room) VALUES (79,'2010-10-18','Professor',35000,32);
INSERT INTO professor (id,research_topic,surgery_participation,departement_id) VALUES (79,'Hospice and Palliative Medicine Specialist',B'0',11);
INSERT INTO person (id,first_name,second_name,email,user_login,user_password,sex,date_of_birth,age,permission_level) VALUES (80,'Austin','Garcia','samuelross@gmail.com','michelle57','yYuQKmFvORkiWMy','M','1992-09-24',27,3);
INSERT INTO staff_member (id,employed_since,position,salary,room) VALUES (80,'2013-12-25','Professor',35000,31);
INSERT INTO professor (id,research_topic,surgery_participation,departement_id) VALUES (80,'Otolaryngologist',B'1',14);
INSERT INTO person (id,first_name,second_name,email,user_login,user_password,sex,date_of_birth,age,permission_level) VALUES (81,'Christina','Sullivan','thompsonjohn@yahoo.com','gwilliams','FLgnBcov','F','2004-12-14',15,1);
INSERT INTO staff_member (id,employed_since,position,salary,room) VALUES (81,'2013-12-06','Nurse',25000,4);
INSERT INTO nurse (id,surgery_assistant,preferred_shifts,appointment_assistant,departement_id) VALUES (81,B'1','Night',B'1',4);
INSERT INTO person (id,first_name,second_name,email,user_login,user_password,sex,date_of_birth,age,permission_level) VALUES (82,'Angela','Schneider','nford@gmail.com','jennifer95','qEsRozIfVaNpdY','F','1938-08-20',81,3);
INSERT INTO staff_member (id,employed_since,position,salary,room) VALUES (82,'2019-04-04','Priest',15000,78);
INSERT INTO priest (id,religion) VALUES (82,'Christianity');
INSERT INTO person (id,first_name,second_name,email,user_login,user_password,sex,date_of_birth,age,permission_level) VALUES (83,'Nathan','Johnson','abarajas@hotmail.com','gsteele','paiREHQOHPupL','M','1974-05-08',45,1);
INSERT INTO staff_member (id,employed_since,position,salary,room) VALUES (83,'2016-02-11','HR',30000,67);
INSERT INTO hr (id,selection_responsibility) VALUES (83,'Review');
INSERT INTO person (id,first_name,second_name,email,user_login,user_password,sex,date_of_birth,age,permission_level) VALUES (84,'Michael','Buchanan','torresdaniel@yahoo.com','robinstevens','zAFnKaMH','M','1943-04-03',76,2);
INSERT INTO staff_member (id,employed_since,position,salary,room) VALUES (84,'2013-07-19','Professor',35000,31);
INSERT INTO professor (id,research_topic,surgery_participation,departement_id) VALUES (84,'General Surgeon',B'1',4);
INSERT INTO person (id,first_name,second_name,email,user_login,user_password,sex,date_of_birth,age,permission_level) VALUES (85,'Daniel','Anderson','davidguzman@gmail.com','julie19','pKwYeEnnOBoZ','M','2009-09-21',10,3);
INSERT INTO staff_member (id,employed_since,position,salary,room) VALUES (85,'2013-10-12','Nurse',25000,7);
INSERT INTO nurse (id,surgery_assistant,preferred_shifts,appointment_assistant,departement_id) VALUES (85,B'0','Night',B'1',1);
INSERT INTO person (id,first_name,second_name,email,user_login,user_password,sex,date_of_birth,age,permission_level) VALUES (86,'Travis','Ortiz','lawrencegarcia@hotmail.com','turnersean','KQEZahRRG','M','1987-01-20',32,2);
INSERT INTO patient (id) VALUES (86);
INSERT INTO patients_address (street,house,apartement) VALUES ('Lauren st.','3','1');
INSERT INTO medical_history (patient_id,date) VALUES (86,'2019-10-28');
INSERT INTO person (id,first_name,second_name,email,user_login,user_password,sex,date_of_birth,age,permission_level) VALUES (87,'Alyssa','Padilla','gconley@hotmail.com','adamhancock','YKVyRYGAUosIlt','F','2009-04-20',10,1);
INSERT INTO patient (id) VALUES (87);
INSERT INTO patients_address (street,house,apartement) VALUES ('Joanna st.','12','1');
INSERT INTO medical_history (patient_id,date) VALUES (87,'2019-11-16');
INSERT INTO person (id,first_name,second_name,email,user_login,user_password,sex,date_of_birth,age,permission_level) VALUES (88,'John','Griffin','dlutz@hotmail.com','jessicapatterson','vdYuWIc','M','1944-11-10',75,3);
INSERT INTO staff_member (id,employed_since,position,salary,room) VALUES (88,'2017-01-10','Doctor',35000,11);
INSERT INTO doctor (id,speciality,emergency_hours,experience,departement_id,supervisor) VALUES (88,'Geriatric Medicine Specialist',B'0',7,9,75);
INSERT INTO person (id,first_name,second_name,email,user_login,user_password,sex,date_of_birth,age,permission_level) VALUES (89,'George','Hernandez','carrierich@yahoo.com','kimberlymatthews','Kevxvuig','M','1968-07-13',51,1);
INSERT INTO patient (id) VALUES (89);
INSERT INTO patients_address (street,house,apartement) VALUES ('Brett st.','69','9');
INSERT INTO medical_history (patient_id,date) VALUES (89,'2019-11-12');
INSERT INTO person (id,first_name,second_name,email,user_login,user_password,sex,date_of_birth,age,permission_level) VALUES (90,'Christian','Carr','hdavies@gmail.com','susan14','TmysVKmM','M','1967-11-04',52,4);
INSERT INTO staff_member (id,employed_since,position,salary,room) VALUES (90,'2014-12-04','Nurse',25000,10);
INSERT INTO nurse (id,surgery_assistant,preferred_shifts,appointment_assistant,departement_id) VALUES (90,B'1','Night',B'1',13);
INSERT INTO person (id,first_name,second_name,email,user_login,user_password,sex,date_of_birth,age,permission_level) VALUES (91,'Jordan','Scott','cassie46@gmail.com','njones','qFowQOI','F','1970-03-28',49,3);
INSERT INTO staff_member (id,employed_since,position,salary,room) VALUES (91,'2017-08-19','Nurse',25000,4);
INSERT INTO nurse (id,surgery_assistant,preferred_shifts,appointment_assistant,departement_id) VALUES (91,B'1','Night',B'1',3);
INSERT INTO person (id,first_name,second_name,email,user_login,user_password,sex,date_of_birth,age,permission_level) VALUES (92,'Elizabeth','Morris','jwillis@hotmail.com','gmurillo','CkLPqOWA','F','1905-09-16',114,2);
INSERT INTO staff_member (id,employed_since,position,salary,room) VALUES (92,'2018-06-27','Professor',35000,31);
INSERT INTO professor (id,research_topic,surgery_participation,departement_id) VALUES (92,'Urologist',B'1',4);
INSERT INTO person (id,first_name,second_name,email,user_login,user_password,sex,date_of_birth,age,permission_level) VALUES (93,'Mrs.','Joanna','robertschneider@gmail.com','pryan','QKeTpawJD','F','1961-12-05',58,3);
INSERT INTO staff_member (id,employed_since,position,salary,room) VALUES (93,'2013-07-12','Nurse',25000,7);
INSERT INTO nurse (id,surgery_assistant,preferred_shifts,appointment_assistant,departement_id) VALUES (93,B'1','Day',B'1',10);
INSERT INTO person (id,first_name,second_name,email,user_login,user_password,sex,date_of_birth,age,permission_level) VALUES (94,'Sarah','Martin','robertwashington@yahoo.com','garciaderek','UQwUhTp','F','1948-07-26',71,1);
INSERT INTO patient (id) VALUES (94);
INSERT INTO patients_address (street,house,apartement) VALUES ('Tyler st.','10','2');
INSERT INTO medical_history (patient_id,date) VALUES (94,'2019-11-13');
INSERT INTO person (id,first_name,second_name,email,user_login,user_password,sex,date_of_birth,age,permission_level) VALUES (95,'Jessica','Case','stephanie94@gmail.com','paceerin','GnWkMhPv','F','1982-03-12',37,3);
INSERT INTO staff_member (id,employed_since,position,salary,room) VALUES (95,'2014-07-31','IT Specialist',15000,76);
INSERT INTO IT_specialist (id,support_line) VALUES (95,B'0');
INSERT INTO person (id,first_name,second_name,email,user_login,user_password,sex,date_of_birth,age,permission_level) VALUES (96,'Mark','Wilson','tburnett@yahoo.com','kaylapatel','aABMRzIeCR','M','1904-12-09',115,2);
INSERT INTO staff_member (id,employed_since,position,salary,room) VALUES (96,'2016-12-22','Doctor',35000,20);
INSERT INTO doctor (id,speciality,emergency_hours,experience,departement_id,supervisor) VALUES (96,'Plastic Surgeon',B'1',9,2,62);
INSERT INTO person (id,first_name,second_name,email,user_login,user_password,sex,date_of_birth,age,permission_level) VALUES (97,'Robert','Gonzalez','samanthaalexander@yahoo.com','richard15','zwZwyItE','M','1981-11-11',38,4);
INSERT INTO patient (id) VALUES (97);
INSERT INTO patients_address (street,house,apartement) VALUES ('Aaron st.','41','4');
INSERT INTO medical_history (patient_id,date) VALUES (97,'2019-11-22');
INSERT INTO person (id,first_name,second_name,email,user_login,user_password,sex,date_of_birth,age,permission_level) VALUES (98,'Kathryn','Weeks','robertsjames@yahoo.com','gallagherjames','JrIxWutN','F','1962-11-21',57,3);
INSERT INTO staff_member (id,employed_since,position,salary,room) VALUES (98,'2019-01-14','Nurse',25000,10);
INSERT INTO nurse (id,surgery_assistant,preferred_shifts,appointment_assistant,departement_id) VALUES (98,B'0','Night',B'1',14);
INSERT INTO person (id,first_name,second_name,email,user_login,user_password,sex,date_of_birth,age,permission_level) VALUES (99,'William','Carroll','rmcdaniel@yahoo.com','walsherika','dSjaGzYmMQs','M','1949-03-20',70,4);
INSERT INTO staff_member (id,employed_since,position,salary,room) VALUES (99,'2018-03-03','Nurse',25000,8);
INSERT INTO nurse (id,surgery_assistant,preferred_shifts,appointment_assistant,departement_id) VALUES (99,B'0','Day',B'0',7);
INSERT INTO person (id,first_name,second_name,email,user_login,user_password,sex,date_of_birth,age,permission_level) VALUES (100,'William','Ferguson','usolomon@hotmail.com','robyn07','sBjuECrFSlrjH','M','1933-11-06',86,3);
INSERT INTO staff_member (id,employed_since,position,salary,room) VALUES (100,'2011-04-27','Nurse',25000,9);
INSERT INTO nurse (id,surgery_assistant,preferred_shifts,appointment_assistant,departement_id) VALUES (100,B'1','Day',B'0',11);
INSERT INTO person (id,first_name,second_name,email,user_login,user_password,sex,date_of_birth,age,permission_level) VALUES (101,'Karen','Ortega','fbarnes@yahoo.com','zwalker','dJvosioUVeqz','F','2012-05-26',7,5);
INSERT INTO staff_member (id,employed_since,position,salary,room) VALUES (101,'2016-07-19','Nurse',25000,3);
INSERT INTO nurse (id,surgery_assistant,preferred_shifts,appointment_assistant,departement_id) VALUES (101,B'1','Day',B'1',12);
INSERT INTO person (id,first_name,second_name,email,user_login,user_password,sex,date_of_birth,age,permission_level) VALUES (102,'Michael','Mitchell','calderonchristopher@yahoo.com','patricia53','hqnlVut','M','1942-09-01',77,3);
INSERT INTO patient (id) VALUES (102);
INSERT INTO patients_address (street,house,apartement) VALUES ('Shannon st.','50','8');
INSERT INTO medical_history (patient_id,date) VALUES (102,'2019-11-10');
INSERT INTO person (id,first_name,second_name,email,user_login,user_password,sex,date_of_birth,age,permission_level) VALUES (103,'Joseph','Day','gregoryknapp@yahoo.com','josewright','SbNIJHatwEYcq','M','1968-07-24',51,2);
INSERT INTO staff_member (id,employed_since,position,salary,room) VALUES (103,'2014-08-21','Doctor',35000,25);
INSERT INTO doctor (id,speciality,emergency_hours,experience,departement_id,supervisor) VALUES (103,'Infectious Disease Specialist',B'1',2,4,24);
INSERT INTO person (id,first_name,second_name,email,user_login,user_password,sex,date_of_birth,age,permission_level) VALUES (104,'Anthony','Miller','bdavenport@gmail.com','henry56','gbtuuxPshpk','M','1945-09-10',74,5);
INSERT INTO staff_member (id,employed_since,position,salary,room) VALUES (104,'2010-01-01','Maintanence Worker',15000,57);
INSERT INTO maintanence_worker (id,employment_type,speciality) VALUES (104,'Full time','Machines');
INSERT INTO person (id,first_name,second_name,email,user_login,user_password,sex,date_of_birth,age,permission_level) VALUES (105,'Kenneth','Silva','davisjennifer@yahoo.com','morrismichael','DdrfTKY','M','1953-12-20',66,2);
INSERT INTO staff_member (id,employed_since,position,salary,room) VALUES (105,'2019-03-11','Doctor',35000,20);
INSERT INTO doctor (id,speciality,emergency_hours,experience,departement_id,supervisor) VALUES (105,'Otolaryngologist',B'1',4,6,24);
INSERT INTO person (id,first_name,second_name,email,user_login,user_password,sex,date_of_birth,age,permission_level) VALUES (106,'Elizabeth','Cruz','christopher22@yahoo.com','williamszachary','FmgWtUgClzi','F','1978-08-06',41,1);
INSERT INTO staff_member (id,employed_since,position,salary,room) VALUES (106,'2013-03-31','Cleaning Team Worker',10000,52);
INSERT INTO cleaning_team_worker (id,employment_type) VALUES (106,'Part time');
INSERT INTO person (id,first_name,second_name,email,user_login,user_password,sex,date_of_birth,age,permission_level) VALUES (107,'Jacqueline','Gutierrez','lloydvicki@hotmail.com','christopherhall','LYcJvJwpNA','F','1919-10-22',100,2);
INSERT INTO staff_member (id,employed_since,position,salary,room) VALUES (107,'2019-04-28','Pharmasist',20000,68);
INSERT INTO pharmasist (id,education_level,research) VALUES (107,'Magister',B'1');
INSERT INTO person (id,first_name,second_name,email,user_login,user_password,sex,date_of_birth,age,permission_level) VALUES (108,'Michael','Singh','laurawilson@gmail.com','miguelryan','CmtwYQGfMVNpV','M','1989-04-04',30,4);
INSERT INTO staff_member (id,employed_since,position,salary,room) VALUES (108,'2012-11-03','Maintanence Worker',15000,60);
INSERT INTO maintanence_worker (id,employment_type,speciality) VALUES (108,'Full time','Hardware');
INSERT INTO person (id,first_name,second_name,email,user_login,user_password,sex,date_of_birth,age,permission_level) VALUES (109,'Derrick','Long','natalie83@yahoo.com','craig05','MgqEzmjPpyW','M','1935-01-02',84,5);
INSERT INTO staff_member (id,employed_since,position,salary,room) VALUES (109,'2016-08-31','Reseptionist',15000,56);
INSERT INTO reseptionist (id) VALUES (109);
INSERT INTO languages_spoken (reseptionist_id,language) VALUES (109,'RussianArabic');
INSERT INTO person (id,first_name,second_name,email,user_login,user_password,sex,date_of_birth,age,permission_level) VALUES (110,'Ryan','Palmer','ajohnson@gmail.com','jennifercamacho','zYAwLTHn','M','1982-07-15',37,1);
INSERT INTO staff_member (id,employed_since,position,salary,room) VALUES (110,'2017-06-06','Maintanence Worker',15000,57);
INSERT INTO maintanence_worker (id,employment_type,speciality) VALUES (110,'Full time','Hardware');
INSERT INTO person (id,first_name,second_name,email,user_login,user_password,sex,date_of_birth,age,permission_level) VALUES (111,'Joel','Snow','ashleypetersen@gmail.com','frostjoseph','pMThtALHFoHFWyA','M','1938-03-28',81,3);
INSERT INTO staff_member (id,employed_since,position,salary,room) VALUES (111,'2016-05-14','Doctor',35000,28);
INSERT INTO doctor (id,speciality,emergency_hours,experience,departement_id,supervisor) VALUES (111,'Pathologist',B'0',5,8,88);
INSERT INTO person (id,first_name,second_name,email,user_login,user_password,sex,date_of_birth,age,permission_level) VALUES (112,'Jennifer','French','uwilson@hotmail.com','cynthia81','wSvnhJh','F','1974-01-30',45,2);
INSERT INTO staff_member (id,employed_since,position,salary,room) VALUES (112,'2015-01-01','Cleaning Team Worker',10000,54);
INSERT INTO cleaning_team_worker (id,employment_type) VALUES (112,'Part time');
INSERT INTO person (id,first_name,second_name,email,user_login,user_password,sex,date_of_birth,age,permission_level) VALUES (113,'Michael','Simmons','susan76@gmail.com','tolson','TLduoGLUVCMsu','M','1965-09-14',54,5);
INSERT INTO staff_member (id,employed_since,position,salary,room) VALUES (113,'2016-07-07','Nurse',25000,4);
INSERT INTO nurse (id,surgery_assistant,preferred_shifts,appointment_assistant,departement_id) VALUES (113,B'1','Day',B'0',12);
INSERT INTO person (id,first_name,second_name,email,user_login,user_password,sex,date_of_birth,age,permission_level) VALUES (114,'Jeffery','Trevino','gutierreztravis@hotmail.com','elizabethrobinson','ATalkhqqXhMvd','M','2008-12-18',11,2);
INSERT INTO staff_member (id,employed_since,position,salary,room) VALUES (114,'2016-08-15','Pharmasist',20000,68);
INSERT INTO pharmasist (id,education_level,research) VALUES (114,'Bachelor',B'1');
INSERT INTO person (id,first_name,second_name,email,user_login,user_password,sex,date_of_birth,age,permission_level) VALUES (115,'Laurie','Smith','fhunt@yahoo.com','jeancruz','WZNIHXEbsSoyK','F','1966-11-09',53,2);
INSERT INTO staff_member (id,employed_since,position,salary,room) VALUES (115,'2018-07-29','Doctor',35000,17);
INSERT INTO doctor (id,speciality,emergency_hours,experience,departement_id,supervisor) VALUES (115,'Geriatric Medicine Specialist',B'0',2,4,111);
INSERT INTO person (id,first_name,second_name,email,user_login,user_password,sex,date_of_birth,age,permission_level) VALUES (116,'Peter','Watson','gravesjohn@yahoo.com','irobbins','OkAHWjpJ','M','1969-02-02',50,1);
INSERT INTO staff_member (id,employed_since,position,salary,room) VALUES (116,'2018-07-30','HR',30000,66);
INSERT INTO hr (id,selection_responsibility) VALUES (116,'Review');
INSERT INTO person (id,first_name,second_name,email,user_login,user_password,sex,date_of_birth,age,permission_level) VALUES (117,'Scott','Green','jacksonrodgers@yahoo.com','johngilbert','PQZQRcGhN','M','1908-01-11',111,1);
INSERT INTO staff_member (id,employed_since,position,salary,room) VALUES (117,'2014-04-27','Nurse',25000,7);
INSERT INTO nurse (id,surgery_assistant,preferred_shifts,appointment_assistant,departement_id) VALUES (117,B'0','Night',B'1',2);
INSERT INTO person (id,first_name,second_name,email,user_login,user_password,sex,date_of_birth,age,permission_level) VALUES (118,'Timothy','Cole','crawforddiane@hotmail.com','russellchavez','lhFVKGEAtJBjWSc','M','1924-12-06',95,1);
INSERT INTO staff_member (id,employed_since,position,salary,room) VALUES (118,'2013-04-24','Doctor',35000,30);
INSERT INTO doctor (id,speciality,emergency_hours,experience,departement_id,supervisor) VALUES (118,'Hematologist',B'0',9,9,17);
INSERT INTO person (id,first_name,second_name,email,user_login,user_password,sex,date_of_birth,age,permission_level) VALUES (119,'Vincent','Sanchez','daniel74@hotmail.com','paula14','uVGoKblwvjtiJB','M','1977-09-22',42,1);
INSERT INTO staff_member (id,employed_since,position,salary,room) VALUES (119,'2016-09-17','Cook',15000,72);
INSERT INTO cook (id,experience) VALUES (119,4);
INSERT INTO person (id,first_name,second_name,email,user_login,user_password,sex,date_of_birth,age,permission_level) VALUES (120,'Michael','Potter','enguyen@hotmail.com','amandabarnett','dqvEmfnY','M','1959-03-10',60,5);
INSERT INTO staff_member (id,employed_since,position,salary,room) VALUES (120,'2011-09-25','Maintanence Worker',15000,57);
INSERT INTO maintanence_worker (id,employment_type,speciality) VALUES (120,'Full time','Furniture');
INSERT INTO person (id,first_name,second_name,email,user_login,user_password,sex,date_of_birth,age,permission_level) VALUES (121,'Todd','Arias','smithtimothy@yahoo.com','perezjessica','htRjcHp','M','1932-01-08',87,3);
INSERT INTO staff_member (id,employed_since,position,salary,room) VALUES (121,'2015-01-06','Doctor',35000,26);
INSERT INTO doctor (id,speciality,emergency_hours,experience,departement_id,supervisor) VALUES (121,'Dermatologist',B'0',9,5,47);
INSERT INTO person (id,first_name,second_name,email,user_login,user_password,sex,date_of_birth,age,permission_level) VALUES (122,'Rebecca','Thomas','wellslisa@hotmail.com','chadtate','atYOABhpLtqKULL','F','1946-08-21',73,5);
INSERT INTO staff_member (id,employed_since,position,salary,room) VALUES (122,'2017-12-17','Nurse',25000,4);
INSERT INTO nurse (id,surgery_assistant,preferred_shifts,appointment_assistant,departement_id) VALUES (122,B'1','Night',B'1',5);
INSERT INTO person (id,first_name,second_name,email,user_login,user_password,sex,date_of_birth,age,permission_level) VALUES (123,'Levi','Carroll','qrosario@hotmail.com','teresa01','AhIOYJGjW','M','1970-12-26',49,4);
INSERT INTO staff_member (id,employed_since,position,salary,room) VALUES (123,'2010-10-22','Doctor',35000,21);
INSERT INTO doctor (id,speciality,emergency_hours,experience,departement_id,supervisor) VALUES (123,'Medicine Specialist',B'1',7,14,34);
INSERT INTO person (id,first_name,second_name,email,user_login,user_password,sex,date_of_birth,age,permission_level) VALUES (124,'David','Lin','ihudson@yahoo.com','brooksjonathan','DtEYFFrpBtsgm','M','1915-10-28',104,1);
INSERT INTO staff_member (id,employed_since,position,salary,room) VALUES (124,'2017-07-01','Doctor',35000,14);
INSERT INTO doctor (id,speciality,emergency_hours,experience,departement_id,supervisor) VALUES (124,'Medicine Specialist',B'0',1,14,56);
INSERT INTO person (id,first_name,second_name,email,user_login,user_password,sex,date_of_birth,age,permission_level) VALUES (125,'Melanie','Norman','smithkristine@gmail.com','brianbrown','EYcmbURwLJvJWSz','F','1981-11-06',38,1);
INSERT INTO staff_member (id,employed_since,position,salary,room) VALUES (125,'2012-09-08','Nurse',25000,5);
INSERT INTO nurse (id,surgery_assistant,preferred_shifts,appointment_assistant,departement_id) VALUES (125,B'1','Day',B'1',10);
INSERT INTO person (id,first_name,second_name,email,user_login,user_password,sex,date_of_birth,age,permission_level) VALUES (126,'Lisa','Reynolds','ibradley@hotmail.com','briangay','pdTIftULOWHZ','F','2006-04-05',13,2);
INSERT INTO staff_member (id,employed_since,position,salary,room) VALUES (126,'2013-04-26','Maintanence Worker',15000,58);
INSERT INTO maintanence_worker (id,employment_type,speciality) VALUES (126,'Full time','Hardware');
INSERT INTO person (id,first_name,second_name,email,user_login,user_password,sex,date_of_birth,age,permission_level) VALUES (127,'Kara','Pugh','mosleytara@yahoo.com','petersonbrooke','SDmmTgoKoyeou','F','1996-01-24',23,1);
INSERT INTO staff_member (id,employed_since,position,salary,room) VALUES (127,'2012-06-07','Lab Technician',15000,45);
INSERT INTO lab_technician (id,education_level,departement_id) VALUES (127,'Postgraduate',8);
INSERT INTO person (id,first_name,second_name,email,user_login,user_password,sex,date_of_birth,age,permission_level) VALUES (128,'Kelly','Rowland','andre25@hotmail.com','douglas75','LZRRCBsPGFYvb','F','1999-11-24',20,3);
INSERT INTO staff_member (id,employed_since,position,salary,room) VALUES (128,'2011-08-15','HR',30000,65);
INSERT INTO hr (id,selection_responsibility) VALUES (128,'Interview');
INSERT INTO person (id,first_name,second_name,email,user_login,user_password,sex,date_of_birth,age,permission_level) VALUES (129,'Rhonda','West','ndonaldson@gmail.com','deantina','rhwNMQoVoFcHkq','F','1940-07-18',79,3);
INSERT INTO staff_member (id,employed_since,position,salary,room) VALUES (129,'2010-11-17','Doctor',35000,18);
INSERT INTO doctor (id,speciality,emergency_hours,experience,departement_id,supervisor) VALUES (129,'Endocrinologists',B'0',1,9,22);
INSERT INTO person (id,first_name,second_name,email,user_login,user_password,sex,date_of_birth,age,permission_level) VALUES (130,'Julie','Turner','whitejeremy@yahoo.com','mcconnellmark','qcdwcfCwDX','F','1949-09-03',70,2);
INSERT INTO staff_member (id,employed_since,position,salary,room) VALUES (130,'2012-04-17','Professor',35000,38);
INSERT INTO professor (id,research_topic,surgery_participation,departement_id) VALUES (130,'Osteopath',B'0',6);
INSERT INTO person (id,first_name,second_name,email,user_login,user_password,sex,date_of_birth,age,permission_level) VALUES (131,'Allison','Clements','unichols@yahoo.com','veronicaharper','fVIkSroaCoEdOGr','F','1918-12-24',101,5);
INSERT INTO patient (id) VALUES (131);
INSERT INTO patients_address (street,house,apartement) VALUES ('Sherry st.','15','7');
INSERT INTO medical_history (patient_id,date) VALUES (131,'2019-10-23');
INSERT INTO person (id,first_name,second_name,email,user_login,user_password,sex,date_of_birth,age,permission_level) VALUES (132,'Anne','Adams','zharris@gmail.com','wayneturner','oHecHQxjaLFpC','F','1995-05-03',24,1);
INSERT INTO staff_member (id,employed_since,position,salary,room) VALUES (132,'2014-11-30','Professor',35000,38);
INSERT INTO professor (id,research_topic,surgery_participation,departement_id) VALUES (132,'Physiatrist',B'1',13);
INSERT INTO person (id,first_name,second_name,email,user_login,user_password,sex,date_of_birth,age,permission_level) VALUES (133,'Hannah','Curtis','brentcarter@yahoo.com','gwalls','GLhXkYsSlVrnD','F','1926-08-21',93,2);
INSERT INTO staff_member (id,employed_since,position,salary,room) VALUES (133,'2015-02-06','Cleaning Team Worker',10000,54);
INSERT INTO cleaning_team_worker (id,employment_type) VALUES (133,'Full time');
INSERT INTO person (id,first_name,second_name,email,user_login,user_password,sex,date_of_birth,age,permission_level) VALUES (134,'Kristie','Scott','brittney29@yahoo.com','vazquezsarah','TiVrjigA','F','1992-05-18',27,2);
INSERT INTO patient (id) VALUES (134);
INSERT INTO patients_address (street,house,apartement) VALUES ('Russell st.','91','2');
INSERT INTO medical_history (patient_id,date) VALUES (134,'2019-10-23');
INSERT INTO person (id,first_name,second_name,email,user_login,user_password,sex,date_of_birth,age,permission_level) VALUES (135,'Ebony','Ramirez','denise75@gmail.com','adriennesims','FDyNzgsdZtFWq','F','1993-04-19',26,5);
INSERT INTO patient (id) VALUES (135);
INSERT INTO patients_address (street,house,apartement) VALUES ('Cathy st.','1','1');
INSERT INTO medical_history (patient_id,date) VALUES (135,'2019-11-10');
INSERT INTO person (id,first_name,second_name,email,user_login,user_password,sex,date_of_birth,age,permission_level) VALUES (136,'Christine','Jones','fcharles@yahoo.com','pjohnson','IMSjjIz','F','1938-05-31',81,3);
INSERT INTO staff_member (id,employed_since,position,salary,room) VALUES (136,'2011-10-04','Nurse',25000,8);
INSERT INTO nurse (id,surgery_assistant,preferred_shifts,appointment_assistant,departement_id) VALUES (136,B'0','Night',B'1',12);
INSERT INTO person (id,first_name,second_name,email,user_login,user_password,sex,date_of_birth,age,permission_level) VALUES (137,'Steven','Martin','angela52@hotmail.com','paul83','odplyHwRPLicO','M','1987-12-08',32,1);
INSERT INTO patient (id) VALUES (137);
INSERT INTO patients_address (street,house,apartement) VALUES ('Robert st.','4','3');
INSERT INTO medical_history (patient_id,date) VALUES (137,'2019-11-14');
INSERT INTO person (id,first_name,second_name,email,user_login,user_password,sex,date_of_birth,age,permission_level) VALUES (138,'Jay','Dickerson','ldelgado@yahoo.com','saramartinez','UcwFqrMAMpxt','M','1943-01-05',76,5);
INSERT INTO staff_member (id,employed_since,position,salary,room) VALUES (138,'2010-03-20','Cook',15000,73);
INSERT INTO cook (id,experience) VALUES (138,9);
INSERT INTO person (id,first_name,second_name,email,user_login,user_password,sex,date_of_birth,age,permission_level) VALUES (139,'Robert','Davis','walter39@hotmail.com','brandonhurst','TPekvSrPQzLbZKz','M','1907-03-23',112,1);
INSERT INTO staff_member (id,employed_since,position,salary,room) VALUES (139,'2019-01-15','Priest',15000,80);
INSERT INTO priest (id,religion) VALUES (139,'Judaism');
INSERT INTO person (id,first_name,second_name,email,user_login,user_password,sex,date_of_birth,age,permission_level) VALUES (140,'Jonathan','Gonzalez','mjohnson@gmail.com','cameron24','oKHnTzT','M','1948-05-23',71,5);
INSERT INTO staff_member (id,employed_since,position,salary,room) VALUES (140,'2010-01-31','Nurse',25000,6);
INSERT INTO nurse (id,surgery_assistant,preferred_shifts,appointment_assistant,departement_id) VALUES (140,B'1','Day',B'1',5);
INSERT INTO person (id,first_name,second_name,email,user_login,user_password,sex,date_of_birth,age,permission_level) VALUES (141,'Maurice','Garcia','cooklinda@yahoo.com','lopezpamela','hrxgFegPHaOZi','M','1918-06-10',101,5);
INSERT INTO staff_member (id,employed_since,position,salary,room) VALUES (141,'2015-01-18','Doctor',35000,12);
INSERT INTO doctor (id,speciality,emergency_hours,experience,departement_id,supervisor) VALUES (141,'Cardiologist',B'0',2,10,121);
INSERT INTO person (id,first_name,second_name,email,user_login,user_password,sex,date_of_birth,age,permission_level) VALUES (142,'Michael','Williams','yshah@yahoo.com','clayton33','yRHKtJVezmTHXi','M','1943-11-28',76,3);
INSERT INTO staff_member (id,employed_since,position,salary,room) VALUES (142,'2009-12-14','Reseptionist',15000,56);
INSERT INTO reseptionist (id) VALUES (142);
INSERT INTO languages_spoken (reseptionist_id,language) VALUES (142,'TatarArabicPortuguesItalian');
INSERT INTO person (id,first_name,second_name,email,user_login,user_password,sex,date_of_birth,age,permission_level) VALUES (143,'James','Graham','cweaver@hotmail.com','haley06','jEVafzRqhIRKL','M','1944-12-17',75,3);
INSERT INTO staff_member (id,employed_since,position,salary,room) VALUES (143,'2018-12-31','Professor',35000,31);
INSERT INTO professor (id,research_topic,surgery_participation,departement_id) VALUES (143,'Pulmonologist',B'0',13);
INSERT INTO person (id,first_name,second_name,email,user_login,user_password,sex,date_of_birth,age,permission_level) VALUES (144,'Elizabeth','Sosa','tjohnson@yahoo.com','mariepatterson','npeytTgthMdpTMD','F','1979-06-25',40,5);
INSERT INTO staff_member (id,employed_since,position,salary,room) VALUES (144,'2016-05-26','Nurse',25000,10);
INSERT INTO nurse (id,surgery_assistant,preferred_shifts,appointment_assistant,departement_id) VALUES (144,B'1','Day',B'0',6);
INSERT INTO person (id,first_name,second_name,email,user_login,user_password,sex,date_of_birth,age,permission_level) VALUES (145,'Megan','Shelton','kaitlyn29@gmail.com','sgarcia','tYXLqqLjM','F','1983-07-07',36,1);
INSERT INTO staff_member (id,employed_since,position,salary,room) VALUES (145,'2018-10-02','Nurse',25000,5);
INSERT INTO nurse (id,surgery_assistant,preferred_shifts,appointment_assistant,departement_id) VALUES (145,B'1','Day',B'0',1);
INSERT INTO person (id,first_name,second_name,email,user_login,user_password,sex,date_of_birth,age,permission_level) VALUES (146,'Amber','Hurley','linda90@gmail.com','jared35','IACUrhMDh','F','1921-11-10',98,2);
INSERT INTO staff_member (id,employed_since,position,salary,room) VALUES (146,'2014-04-27','Reseptionist',15000,56);
INSERT INTO reseptionist (id) VALUES (146);
INSERT INTO languages_spoken (reseptionist_id,language) VALUES (146,'EnglishPortugues');
INSERT INTO person (id,first_name,second_name,email,user_login,user_password,sex,date_of_birth,age,permission_level) VALUES (147,'Derek','Montoya','margaret22@gmail.com','prichardson','nmgNGrsXnltI','M','1962-09-09',57,5);
INSERT INTO staff_member (id,employed_since,position,salary,room) VALUES (147,'2019-10-07','Lab Technician',15000,47);
INSERT INTO lab_technician (id,education_level,departement_id) VALUES (147,'Bachelor',4);
INSERT INTO person (id,first_name,second_name,email,user_login,user_password,sex,date_of_birth,age,permission_level) VALUES (148,'Julie','Turner','meyercathy@gmail.com','joymorton','FPeAJVYXHHTdEG','F','2003-12-21',16,2);
INSERT INTO patient (id) VALUES (148);
INSERT INTO patients_address (street,house,apartement) VALUES ('Jacqueline st.','72','7');
INSERT INTO medical_history (patient_id,date) VALUES (148,'2019-11-12');
INSERT INTO person (id,first_name,second_name,email,user_login,user_password,sex,date_of_birth,age,permission_level) VALUES (149,'Casey','Reed','lisaarmstrong@gmail.com','davidcampbell','qTGEoXfVLzon','M','1941-11-09',78,1);
INSERT INTO staff_member (id,employed_since,position,salary,room) VALUES (149,'2019-06-17','Lab Technician',15000,45);
INSERT INTO lab_technician (id,education_level,departement_id) VALUES (149,'Bachelor',13);
INSERT INTO person (id,first_name,second_name,email,user_login,user_password,sex,date_of_birth,age,permission_level) VALUES (150,'Emily','Hayes','ryanlopez@yahoo.com','qsmith','CbTgnbBdanaOPuH','F','1972-01-07',47,5);
INSERT INTO staff_member (id,employed_since,position,salary,room) VALUES (150,'2014-05-27','Professor',35000,34);
INSERT INTO professor (id,research_topic,surgery_participation,departement_id) VALUES (150,'Dermatologist',B'0',1);
INSERT INTO person (id,first_name,second_name,email,user_login,user_password,sex,date_of_birth,age,permission_level) VALUES (151,'Anthony','Wang','tthompson@yahoo.com','henrymatthew','mZGINDLGu','M','2013-06-14',6,1);
INSERT INTO staff_member (id,employed_since,position,salary,room) VALUES (151,'2014-11-21','Doctor',35000,19);
INSERT INTO doctor (id,speciality,emergency_hours,experience,departement_id,supervisor) VALUES (151,'Hospice and Palliative Medicine Specialist',B'0',3,10,24);
INSERT INTO person (id,first_name,second_name,email,user_login,user_password,sex,date_of_birth,age,permission_level) VALUES (152,'Isaac','Guerrero','ymiller@hotmail.com','dmora','UAkmONKHmvT','M','1945-07-16',74,4);
INSERT INTO staff_member (id,employed_since,position,salary,room) VALUES (152,'2015-11-06','Priest',15000,80);
INSERT INTO priest (id,religion) VALUES (152,'Christianity');
INSERT INTO person (id,first_name,second_name,email,user_login,user_password,sex,date_of_birth,age,permission_level) VALUES (153,'Terri','Powell','moorewesley@gmail.com','samantha60','oJbNGFromg','F','2004-09-21',15,2);
INSERT INTO staff_member (id,employed_since,position,salary,room) VALUES (153,'2010-07-23','Doctor',35000,11);
INSERT INTO doctor (id,speciality,emergency_hours,experience,departement_id,supervisor) VALUES (153,'Sports Medicine Specialist',B'0',10,2,105);
INSERT INTO person (id,first_name,second_name,email,user_login,user_password,sex,date_of_birth,age,permission_level) VALUES (154,'Cheryl','Johnson','davisdavid@hotmail.com','rbrowning','XenDsrsqU','F','1976-12-09',43,1);
INSERT INTO patient (id) VALUES (154);
INSERT INTO patients_address (street,house,apartement) VALUES ('Christy st.','6','9');
INSERT INTO medical_history (patient_id,date) VALUES (154,'2019-11-16');
INSERT INTO person (id,first_name,second_name,email,user_login,user_password,sex,date_of_birth,age,permission_level) VALUES (155,'Alan','Harris','thompsonamanda@yahoo.com','crystal76','YjwIMQv','M','1924-05-02',95,3);
INSERT INTO staff_member (id,employed_since,position,salary,room) VALUES (155,'2012-04-14','HR',30000,67);
INSERT INTO hr (id,selection_responsibility) VALUES (155,'Interview');
INSERT INTO person (id,first_name,second_name,email,user_login,user_password,sex,date_of_birth,age,permission_level) VALUES (156,'Sean','Stephenson','qcruz@yahoo.com','milleranna','fWrsexixCVm','M','1967-06-24',52,3);
INSERT INTO staff_member (id,employed_since,position,salary,room) VALUES (156,'2010-08-07','Cook',15000,73);
INSERT INTO cook (id,experience) VALUES (156,6);
INSERT INTO person (id,first_name,second_name,email,user_login,user_password,sex,date_of_birth,age,permission_level) VALUES (157,'Randy','Murray','sarahwilliams@gmail.com','ryanjonathan','QfdvxRlzxgkNpPH','M','1918-03-07',101,1);
INSERT INTO staff_member (id,employed_since,position,salary,room) VALUES (157,'2011-06-02','Professor',35000,34);
INSERT INTO professor (id,research_topic,surgery_participation,departement_id) VALUES (157,'Nephrologist',B'1',14);
INSERT INTO person (id,first_name,second_name,email,user_login,user_password,sex,date_of_birth,age,permission_level) VALUES (158,'Eric','Frye','michaelmosley@yahoo.com','gregory84','mBoCpJtwrf','M','1957-08-08',62,4);
INSERT INTO staff_member (id,employed_since,position,salary,room) VALUES (158,'2016-07-17','Doctor',35000,12);
INSERT INTO doctor (id,speciality,emergency_hours,experience,departement_id,supervisor) VALUES (158,'Podiatrist',B'0',4,12,51);
INSERT INTO person (id,first_name,second_name,email,user_login,user_password,sex,date_of_birth,age,permission_level) VALUES (159,'William','Lewis','chambersanthony@hotmail.com','wwilliams','xyOiBcuRdmz','M','1954-12-19',65,4);
INSERT INTO staff_member (id,employed_since,position,salary,room) VALUES (159,'2013-11-06','Reseptionist',15000,56);
INSERT INTO reseptionist (id) VALUES (159);
INSERT INTO languages_spoken (reseptionist_id,language) VALUES (159,'PortuguesEnglishRussianRussianRussian');
INSERT INTO person (id,first_name,second_name,email,user_login,user_password,sex,date_of_birth,age,permission_level) VALUES (160,'David','Brown','xbailey@gmail.com','annallen','lWmpQbDCrpYyG','M','1952-09-22',67,3);
INSERT INTO staff_member (id,employed_since,position,salary,room) VALUES (160,'2016-09-17','Nurse',25000,6);
INSERT INTO nurse (id,surgery_assistant,preferred_shifts,appointment_assistant,departement_id) VALUES (160,B'0','Night',B'0',5);
INSERT INTO person (id,first_name,second_name,email,user_login,user_password,sex,date_of_birth,age,permission_level) VALUES (161,'Amanda','Hanson','erik80@yahoo.com','haley90','cAMScOpzSgOiUl','F','1949-06-28',70,5);
INSERT INTO patient (id) VALUES (161);
INSERT INTO patients_address (street,house,apartement) VALUES ('Jennifer st.','12','7');
INSERT INTO medical_history (patient_id,date) VALUES (161,'2019-11-23');
INSERT INTO person (id,first_name,second_name,email,user_login,user_password,sex,date_of_birth,age,permission_level) VALUES (162,'Patricia','Thompson','robertcollins@hotmail.com','dcarter','HamlODSz','F','1954-10-04',65,2);
INSERT INTO staff_member (id,employed_since,position,salary,room) VALUES (162,'2015-03-26','Doctor',35000,12);
INSERT INTO doctor (id,speciality,emergency_hours,experience,departement_id,supervisor) VALUES (162,'Gastroenterologist',B'1',1,7,115);
INSERT INTO person (id,first_name,second_name,email,user_login,user_password,sex,date_of_birth,age,permission_level) VALUES (163,'Raymond','Sullivan','carrie78@hotmail.com','tmills','mzzCwpE','M','1986-01-29',33,3);
INSERT INTO staff_member (id,employed_since,position,salary,room) VALUES (163,'2016-05-18','Nurse',25000,9);
INSERT INTO nurse (id,surgery_assistant,preferred_shifts,appointment_assistant,departement_id) VALUES (163,B'1','Day',B'0',10);
INSERT INTO person (id,first_name,second_name,email,user_login,user_password,sex,date_of_birth,age,permission_level) VALUES (164,'Victoria','Black','marysnyder@hotmail.com','jasmine42','gLPyIVVkPF','F','1973-06-08',46,5);
INSERT INTO staff_member (id,employed_since,position,salary,room) VALUES (164,'2010-03-09','Doctor',35000,30);
INSERT INTO doctor (id,speciality,emergency_hours,experience,departement_id,supervisor) VALUES (164,'Colon Surgeon',B'0',7,3,75);
INSERT INTO person (id,first_name,second_name,email,user_login,user_password,sex,date_of_birth,age,permission_level) VALUES (165,'Katherine','Johnson','mchavez@hotmail.com','millsmichele','HjSEjHdM','F','2000-06-14',19,5);
INSERT INTO staff_member (id,employed_since,position,salary,room) VALUES (165,'2019-09-12','Cleaning Team Worker',10000,54);
INSERT INTO cleaning_team_worker (id,employment_type) VALUES (165,'Part time');
INSERT INTO person (id,first_name,second_name,email,user_login,user_password,sex,date_of_birth,age,permission_level) VALUES (166,'Laura','Edwards','stephenlane@hotmail.com','bwright','hLqstMK','F','1928-10-30',91,5);
INSERT INTO staff_member (id,employed_since,position,salary,room) VALUES (166,'2015-09-01','Nurse',25000,7);
INSERT INTO nurse (id,surgery_assistant,preferred_shifts,appointment_assistant,departement_id) VALUES (166,B'0','Night',B'1',2);
INSERT INTO person (id,first_name,second_name,email,user_login,user_password,sex,date_of_birth,age,permission_level) VALUES (167,'Holly','Perry','vallison@yahoo.com','brucekevin','QpZdARRdJBSK','F','2006-12-18',13,2);
INSERT INTO staff_member (id,employed_since,position,salary,room) VALUES (167,'2019-11-20','Nurse',25000,3);
INSERT INTO nurse (id,surgery_assistant,preferred_shifts,appointment_assistant,departement_id) VALUES (167,B'1','Day',B'0',9);
INSERT INTO person (id,first_name,second_name,email,user_login,user_password,sex,date_of_birth,age,permission_level) VALUES (168,'Brandy','Smith','richardsonmark@yahoo.com','joshuatravis','RZCctwCpZI','F','1910-06-17',109,1);
INSERT INTO patient (id) VALUES (168);
INSERT INTO patients_address (street,house,apartement) VALUES ('Matthew st.','50','3');
INSERT INTO medical_history (patient_id,date) VALUES (168,'2019-11-19');
INSERT INTO person (id,first_name,second_name,email,user_login,user_password,sex,date_of_birth,age,permission_level) VALUES (169,'Michael','Turner','carrillobrittany@hotmail.com','kristi04','zuRqQTOIpq','M','1908-02-12',111,2);
INSERT INTO staff_member (id,employed_since,position,salary,room) VALUES (169,'2017-03-01','Nurse',25000,6);
INSERT INTO nurse (id,surgery_assistant,preferred_shifts,appointment_assistant,departement_id) VALUES (169,B'0','Night',B'1',2);
INSERT INTO person (id,first_name,second_name,email,user_login,user_password,sex,date_of_birth,age,permission_level) VALUES (170,'Kendra','Thompson','nlee@yahoo.com','justinrogers','ARSHAkOvVB','F','2009-08-30',10,5);
INSERT INTO staff_member (id,employed_since,position,salary,room) VALUES (170,'2010-09-05','Pharmasist',20000,69);
INSERT INTO pharmasist (id,education_level,research) VALUES (170,'Magister',B'1');
INSERT INTO person (id,first_name,second_name,email,user_login,user_password,sex,date_of_birth,age,permission_level) VALUES (171,'Lisa','Brown','elizabeth09@yahoo.com','amandaevans','TdcxTfjanbOp','F','1973-10-23',46,2);
INSERT INTO staff_member (id,employed_since,position,salary,room) VALUES (171,'2016-02-03','Nurse',25000,10);
INSERT INTO nurse (id,surgery_assistant,preferred_shifts,appointment_assistant,departement_id) VALUES (171,B'0','Day',B'0',5);
INSERT INTO person (id,first_name,second_name,email,user_login,user_password,sex,date_of_birth,age,permission_level) VALUES (172,'Mary','Carter','myersjonathan@gmail.com','timothy97','fLFtUdsO','F','1940-09-30',79,1);
INSERT INTO patient (id) VALUES (172);
INSERT INTO patients_address (street,house,apartement) VALUES ('Jessica st.','96','4');
INSERT INTO medical_history (patient_id,date) VALUES (172,'2019-11-06');
INSERT INTO person (id,first_name,second_name,email,user_login,user_password,sex,date_of_birth,age,permission_level) VALUES (173,'Heather','Jones','tlong@yahoo.com','gonzalezsara','bFAiqzylDm','F','1976-03-04',43,5);
INSERT INTO patient (id) VALUES (173);
INSERT INTO patients_address (street,house,apartement) VALUES ('Heidi st.','92','3');
INSERT INTO medical_history (patient_id,date) VALUES (173,'2019-10-23');
INSERT INTO person (id,first_name,second_name,email,user_login,user_password,sex,date_of_birth,age,permission_level) VALUES (174,'Joseph','Scott','stoutheidi@gmail.com','anne65','guCUqnEhsLaSv','M','1992-09-28',27,1);
INSERT INTO patient (id) VALUES (174);
INSERT INTO patients_address (street,house,apartement) VALUES ('Manuel st.','11','3');
INSERT INTO medical_history (patient_id,date) VALUES (174,'2019-10-22');
INSERT INTO person (id,first_name,second_name,email,user_login,user_password,sex,date_of_birth,age,permission_level) VALUES (175,'Mitchell','Gonzalez','stevencarter@yahoo.com','stacey13','TVgRkoYoAEPczg','M','1976-08-30',43,4);
INSERT INTO staff_member (id,employed_since,position,salary,room) VALUES (175,'2012-12-21','Professor',35000,34);
INSERT INTO professor (id,research_topic,surgery_participation,departement_id) VALUES (175,'Dermatologist',B'0',11);
INSERT INTO person (id,first_name,second_name,email,user_login,user_password,sex,date_of_birth,age,permission_level) VALUES (176,'Mr.','Steven','kristinafernandez@gmail.com','mariapowell','uuisseaBpj','M','2004-09-17',15,1);
INSERT INTO patient (id) VALUES (176);
INSERT INTO patients_address (street,house,apartement) VALUES ('Jason st.','18','2');
INSERT INTO medical_history (patient_id,date) VALUES (176,'2019-11-13');
INSERT INTO person (id,first_name,second_name,email,user_login,user_password,sex,date_of_birth,age,permission_level) VALUES (177,'Kathleen','Scott','sarahbernard@yahoo.com','jbrooks','ojwdQwxEHvpFUM','F','1987-08-17',32,3);
INSERT INTO staff_member (id,employed_since,position,salary,room) VALUES (177,'2019-03-23','Lab Technician',15000,49);
INSERT INTO lab_technician (id,education_level,departement_id) VALUES (177,'PhD',14);
INSERT INTO person (id,first_name,second_name,email,user_login,user_password,sex,date_of_birth,age,permission_level) VALUES (178,'Dorothy','Holt','calvinjones@gmail.com','michael63','TUDXoWY','F','1970-02-18',49,4);
INSERT INTO staff_member (id,employed_since,position,salary,room) VALUES (178,'2010-06-08','Lab Technician',15000,43);
INSERT INTO lab_technician (id,education_level,departement_id) VALUES (178,'Bachelor',9);
INSERT INTO person (id,first_name,second_name,email,user_login,user_password,sex,date_of_birth,age,permission_level) VALUES (179,'Eric','James','deborahharrison@yahoo.com','bakerlaura','SYuicygZUX','M','1999-05-06',20,5);
INSERT INTO staff_member (id,employed_since,position,salary,room) VALUES (179,'2012-05-01','Maintanence Worker',15000,58);
INSERT INTO maintanence_worker (id,employment_type,speciality) VALUES (179,'Full time','Furniture');
INSERT INTO person (id,first_name,second_name,email,user_login,user_password,sex,date_of_birth,age,permission_level) VALUES (180,'Nicole','Bennett','luisgonzalez@gmail.com','webbanna','TilrwUsaDHqDYRC','F','2006-07-04',13,2);
INSERT INTO patient (id) VALUES (180);
INSERT INTO patients_address (street,house,apartement) VALUES ('Christopher st.','2','6');
INSERT INTO medical_history (patient_id,date) VALUES (180,'2019-11-11');
INSERT INTO person (id,first_name,second_name,email,user_login,user_password,sex,date_of_birth,age,permission_level) VALUES (181,'Eduardo','Jensen','haynesdavid@yahoo.com','calvinjones','raTgshrRgPuJDiQ','M','1938-12-01',81,3);
INSERT INTO patient (id) VALUES (181);
INSERT INTO patients_address (street,house,apartement) VALUES ('Scott st.','84','1');
INSERT INTO medical_history (patient_id,date) VALUES (181,'2019-11-03');
INSERT INTO person (id,first_name,second_name,email,user_login,user_password,sex,date_of_birth,age,permission_level) VALUES (182,'Amy','Little','jonathan09@hotmail.com','sponce','aSlEGglVh','F','2001-12-18',18,1);
INSERT INTO patient (id) VALUES (182);
INSERT INTO patients_address (street,house,apartement) VALUES ('Heather st.','10','5');
INSERT INTO medical_history (patient_id,date) VALUES (182,'2019-11-03');
INSERT INTO person (id,first_name,second_name,email,user_login,user_password,sex,date_of_birth,age,permission_level) VALUES (183,'Steven','Townsend','zwatts@hotmail.com','lauraramirez','qWMKgrMYKBFqum','M','2019-06-17',0,2);
INSERT INTO staff_member (id,employed_since,position,salary,room) VALUES (183,'2016-11-01','Nurse',25000,7);
INSERT INTO nurse (id,surgery_assistant,preferred_shifts,appointment_assistant,departement_id) VALUES (183,B'0','Day',B'0',12);
INSERT INTO person (id,first_name,second_name,email,user_login,user_password,sex,date_of_birth,age,permission_level) VALUES (184,'Shawn','Collins','steven30@yahoo.com','georgeblake','EYNqkBMsEoJ','M','2004-03-05',15,3);
INSERT INTO staff_member (id,employed_since,position,salary,room) VALUES (184,'2019-02-16','Nurse',25000,3);
INSERT INTO nurse (id,surgery_assistant,preferred_shifts,appointment_assistant,departement_id) VALUES (184,B'1','Night',B'1',5);
INSERT INTO person (id,first_name,second_name,email,user_login,user_password,sex,date_of_birth,age,permission_level) VALUES (185,'Paula','Randolph','david30@gmail.com','joshuarusso','npTcLSKXfiG','F','1964-06-06',55,1);
INSERT INTO staff_member (id,employed_since,position,salary,room) VALUES (185,'2016-06-01','Nurse',25000,7);
INSERT INTO nurse (id,surgery_assistant,preferred_shifts,appointment_assistant,departement_id) VALUES (185,B'0','Night',B'1',10);
INSERT INTO person (id,first_name,second_name,email,user_login,user_password,sex,date_of_birth,age,permission_level) VALUES (186,'Cynthia','Evans','ronaldthomas@yahoo.com','zimmermansamantha','WVUuKdkXiQHJaVf','F','1915-03-24',104,5);
INSERT INTO staff_member (id,employed_since,position,salary,room) VALUES (186,'2018-11-05','Nurse',25000,8);
INSERT INTO nurse (id,surgery_assistant,preferred_shifts,appointment_assistant,departement_id) VALUES (186,B'0','Night',B'1',5);
INSERT INTO person (id,first_name,second_name,email,user_login,user_password,sex,date_of_birth,age,permission_level) VALUES (187,'Jaime','Munoz','wrightfrancisco@hotmail.com','courtneyanderson','ZRyuhBADhr','F','1905-07-18',114,3);
INSERT INTO patient (id) VALUES (187);
INSERT INTO patients_address (street,house,apartement) VALUES ('Yvonne st.','64','3');
INSERT INTO medical_history (patient_id,date) VALUES (187,'2019-11-25');
INSERT INTO person (id,first_name,second_name,email,user_login,user_password,sex,date_of_birth,age,permission_level) VALUES (188,'Mark','Park','biancamitchell@hotmail.com','patelmallory','SEPghENDIzsXU','M','1984-02-26',35,1);
INSERT INTO patient (id) VALUES (188);
INSERT INTO patients_address (street,house,apartement) VALUES ('Lisa st.','71','1');
INSERT INTO medical_history (patient_id,date) VALUES (188,'2019-11-11');
INSERT INTO person (id,first_name,second_name,email,user_login,user_password,sex,date_of_birth,age,permission_level) VALUES (189,'Michael','Estes','efletcher@gmail.com','thernandez','ZirvOymOdgkh','M','1916-02-27',103,3);
INSERT INTO staff_member (id,employed_since,position,salary,room) VALUES (189,'2019-06-17','Professor',35000,38);
INSERT INTO professor (id,research_topic,surgery_participation,departement_id) VALUES (189,'Rheumatologist',B'1',14);
INSERT INTO person (id,first_name,second_name,email,user_login,user_password,sex,date_of_birth,age,permission_level) VALUES (190,'Lorraine','Smith','bbanks@yahoo.com','randall88','ayMhZOFatYG','F','2010-06-07',9,5);
INSERT INTO staff_member (id,employed_since,position,salary,room) VALUES (190,'2017-10-20','Nurse',25000,9);
INSERT INTO nurse (id,surgery_assistant,preferred_shifts,appointment_assistant,departement_id) VALUES (190,B'1','Day',B'1',8);
INSERT INTO person (id,first_name,second_name,email,user_login,user_password,sex,date_of_birth,age,permission_level) VALUES (191,'Kathleen','Hicks','idavies@hotmail.com','kristenanderson','xXfpLrxKWict','F','1923-07-07',96,1);
INSERT INTO staff_member (id,employed_since,position,salary,room) VALUES (191,'2019-08-05','Nurse',25000,8);
INSERT INTO nurse (id,surgery_assistant,preferred_shifts,appointment_assistant,departement_id) VALUES (191,B'1','Night',B'1',5);
INSERT INTO person (id,first_name,second_name,email,user_login,user_password,sex,date_of_birth,age,permission_level) VALUES (192,'Michael','Chen','osbornrenee@hotmail.com','curtisbrown','bcQlrBEDIdaIob','M','1992-08-09',27,3);
INSERT INTO staff_member (id,employed_since,position,salary,room) VALUES (192,'2015-02-21','Professor',35000,36);
INSERT INTO professor (id,research_topic,surgery_participation,departement_id) VALUES (192,'Neurologist',B'0',2);
INSERT INTO person (id,first_name,second_name,email,user_login,user_password,sex,date_of_birth,age,permission_level) VALUES (193,'Brian','Fuller','zturner@yahoo.com','aaronmontgomery','kYCmzOf','M','1941-05-05',78,1);
INSERT INTO staff_member (id,employed_since,position,salary,room) VALUES (193,'2013-06-18','Nurse',25000,8);
INSERT INTO nurse (id,surgery_assistant,preferred_shifts,appointment_assistant,departement_id) VALUES (193,B'1','Day',B'0',7);
INSERT INTO person (id,first_name,second_name,email,user_login,user_password,sex,date_of_birth,age,permission_level) VALUES (194,'Christian','Chapman','dramos@gmail.com','gmoyer','VzRwUeXtw','M','1958-06-15',61,1);
INSERT INTO patient (id) VALUES (194);
INSERT INTO patients_address (street,house,apartement) VALUES ('Christian st.','20','6');
INSERT INTO medical_history (patient_id,date) VALUES (194,'2019-11-05');
INSERT INTO person (id,first_name,second_name,email,user_login,user_password,sex,date_of_birth,age,permission_level) VALUES (195,'Diane','Mason','pcox@hotmail.com','trujillojulia','UFNbgiH','F','1956-11-28',63,4);
INSERT INTO patient (id) VALUES (195);
INSERT INTO patients_address (street,house,apartement) VALUES ('Sean st.','87','1');
INSERT INTO medical_history (patient_id,date) VALUES (195,'2019-11-06');
INSERT INTO person (id,first_name,second_name,email,user_login,user_password,sex,date_of_birth,age,permission_level) VALUES (196,'Frank','Rosales','morganrice@gmail.com','parkerchristopher','uWaejcFh','M','1937-08-23',82,4);
INSERT INTO staff_member (id,employed_since,position,salary,room) VALUES (196,'2010-04-05','Doctor',35000,19);
INSERT INTO doctor (id,speciality,emergency_hours,experience,departement_id,supervisor) VALUES (196,'Rheumatologist',B'0',2,7,10);
INSERT INTO person (id,first_name,second_name,email,user_login,user_password,sex,date_of_birth,age,permission_level) VALUES (197,'Ryan','Collins','martinjulia@gmail.com','nancymiller','SyQMlvKgtHK','M','1975-11-09',44,4);
INSERT INTO staff_member (id,employed_since,position,salary,room) VALUES (197,'2016-04-08','Nurse',25000,7);
INSERT INTO nurse (id,surgery_assistant,preferred_shifts,appointment_assistant,departement_id) VALUES (197,B'1','Night',B'0',5);
INSERT INTO person (id,first_name,second_name,email,user_login,user_password,sex,date_of_birth,age,permission_level) VALUES (198,'Angela','Phillips','dawn05@yahoo.com','olivia82','tiYDLFEcmM','F','1996-04-07',23,5);
INSERT INTO staff_member (id,employed_since,position,salary,room) VALUES (198,'2016-07-23','Maintanence Worker',15000,58);
INSERT INTO maintanence_worker (id,employment_type,speciality) VALUES (198,'Part time','Machines');
INSERT INTO person (id,first_name,second_name,email,user_login,user_password,sex,date_of_birth,age,permission_level) VALUES (199,'Michael','Diaz','gregg47@hotmail.com','ecastro','mktDKaddXawzWv','M','1920-11-17',99,2);
INSERT INTO patient (id) VALUES (199);
INSERT INTO patients_address (street,house,apartement) VALUES ('Mrs. st.','3','8');
INSERT INTO medical_history (patient_id,date) VALUES (199,'2019-10-24');
INSERT INTO person (id,first_name,second_name,email,user_login,user_password,sex,date_of_birth,age,permission_level) VALUES (200,'Margaret','Miller','timothycline@gmail.com','mooresusan','DYlKdqfjlA','F','1947-01-10',72,5);
INSERT INTO staff_member (id,employed_since,position,salary,room) VALUES (200,'2016-09-15','Reseptionist',15000,56);
INSERT INTO reseptionist (id) VALUES (200);
INSERT INTO languages_spoken (reseptionist_id,language) VALUES (200,'PortuguesEnglishEnglishArabic');
INSERT INTO person (id,first_name,second_name,email,user_login,user_password,sex,date_of_birth,age,permission_level) VALUES (201,'Jesse','Burke','oponce@hotmail.com','emilysanchez','lkqatJJkeYQwBQz','M','1914-05-18',105,4);
INSERT INTO patient (id) VALUES (201);
INSERT INTO patients_address (street,house,apartement) VALUES ('Brandi st.','82','9');
INSERT INTO medical_history (patient_id,date) VALUES (201,'2019-10-27');
INSERT INTO person (id,first_name,second_name,email,user_login,user_password,sex,date_of_birth,age,permission_level) VALUES (202,'Melanie','Simmons','marcusirwin@gmail.com','sethdougherty','OHNgeiTPkWrjSqO','F','1979-06-18',40,4);
INSERT INTO staff_member (id,employed_since,position,salary,room) VALUES (202,'2012-11-14','Cook',15000,71);
INSERT INTO cook (id,experience) VALUES (202,10);
INSERT INTO person (id,first_name,second_name,email,user_login,user_password,sex,date_of_birth,age,permission_level) VALUES (203,'Jose','Cooper','michaelruiz@yahoo.com','ymartin','uEByoktnBXBLrku','M','1913-04-03',106,2);
INSERT INTO staff_member (id,employed_since,position,salary,room) VALUES (203,'2015-02-12','Professor',35000,38);
INSERT INTO professor (id,research_topic,surgery_participation,departement_id) VALUES (203,'Dermatologist',B'0',4);
INSERT INTO person (id,first_name,second_name,email,user_login,user_password,sex,date_of_birth,age,permission_level) VALUES (204,'Jennifer','Figueroa','rmills@gmail.com','vatkinson','hLKEgMoTHI','F','1991-09-20',28,4);
INSERT INTO patient (id) VALUES (204);
INSERT INTO patients_address (street,house,apartement) VALUES ('Brenda st.','46','8');
INSERT INTO medical_history (patient_id,date) VALUES (204,'2019-11-07');
INSERT INTO person (id,first_name,second_name,email,user_login,user_password,sex,date_of_birth,age,permission_level) VALUES (205,'Amy','Ellison','walkerjennifer@hotmail.com','stephenlucero','yYpMXNLA','F','1951-06-04',68,4);
INSERT INTO staff_member (id,employed_since,position,salary,room) VALUES (205,'2012-12-29','Maintanence Worker',15000,59);
INSERT INTO maintanence_worker (id,employment_type,speciality) VALUES (205,'Full time','Machines');
INSERT INTO person (id,first_name,second_name,email,user_login,user_password,sex,date_of_birth,age,permission_level) VALUES (206,'Jeffrey','Baker','whitneynewman@gmail.com','jason75','cVeaZacCTUu','M','1913-10-13',106,1);
INSERT INTO patient (id) VALUES (206);
INSERT INTO patients_address (street,house,apartement) VALUES ('Madison st.','61','8');
INSERT INTO medical_history (patient_id,date) VALUES (206,'2019-10-23');
INSERT INTO person (id,first_name,second_name,email,user_login,user_password,sex,date_of_birth,age,permission_level) VALUES (207,'Julia','Ortiz','robertgomez@gmail.com','lawrenceedward','seIjnWDbmRfOCk','F','1922-07-19',97,2);
INSERT INTO staff_member (id,employed_since,position,salary,room) VALUES (207,'2017-09-17','Professor',35000,33);
INSERT INTO professor (id,research_topic,surgery_participation,departement_id) VALUES (207,'Sports Medicine Specialist',B'0',1);
INSERT INTO person (id,first_name,second_name,email,user_login,user_password,sex,date_of_birth,age,permission_level) VALUES (208,'Philip','Waller','charles78@gmail.com','ejacobs','iQTuzbPD','M','2011-11-12',8,2);
INSERT INTO staff_member (id,employed_since,position,salary,room) VALUES (208,'2013-08-03','IT Specialist',15000,77);
INSERT INTO IT_specialist (id,support_line) VALUES (208,B'0');
INSERT INTO person (id,first_name,second_name,email,user_login,user_password,sex,date_of_birth,age,permission_level) VALUES (209,'Garrett','Rhodes','samantha03@yahoo.com','molly21','NeRoSMOTYm','M','1949-03-16',70,1);
INSERT INTO patient (id) VALUES (209);
INSERT INTO patients_address (street,house,apartement) VALUES ('Erin st.','37','10');
INSERT INTO medical_history (patient_id,date) VALUES (209,'2019-10-31');
INSERT INTO person (id,first_name,second_name,email,user_login,user_password,sex,date_of_birth,age,permission_level) VALUES (210,'Joann','Allen','mstewart@yahoo.com','brownhaley','cNLyzCD','F','1950-11-05',69,5);
INSERT INTO patient (id) VALUES (210);
INSERT INTO patients_address (street,house,apartement) VALUES ('Mr. st.','58','2');
INSERT INTO medical_history (patient_id,date) VALUES (210,'2019-10-22');
INSERT INTO person (id,first_name,second_name,email,user_login,user_password,sex,date_of_birth,age,permission_level) VALUES (211,'Kathleen','Huffman','snyderbrittany@hotmail.com','micheleanderson','aGUynssCH','F','1946-05-12',73,2);
INSERT INTO staff_member (id,employed_since,position,salary,room) VALUES (211,'2014-09-19','Reseptionist',15000,56);
INSERT INTO reseptionist (id) VALUES (211);
INSERT INTO languages_spoken (reseptionist_id,language) VALUES (211,'RussianEnglishEnglishPortuguesItalian');
INSERT INTO person (id,first_name,second_name,email,user_login,user_password,sex,date_of_birth,age,permission_level) VALUES (212,'Julie','Whitaker','dhamilton@hotmail.com','tracyhall','PskXCzJfM','F','1917-12-06',102,4);
INSERT INTO patient (id) VALUES (212);
INSERT INTO patients_address (street,house,apartement) VALUES ('Monica st.','42','9');
INSERT INTO medical_history (patient_id,date) VALUES (212,'2019-11-16');
INSERT INTO person (id,first_name,second_name,email,user_login,user_password,sex,date_of_birth,age,permission_level) VALUES (213,'Linda','Malone','bonnie23@gmail.com','donna99','JHGlkgd','F','1993-02-10',26,5);
INSERT INTO staff_member (id,employed_since,position,salary,room) VALUES (213,'2014-02-11','Professor',35000,40);
INSERT INTO professor (id,research_topic,surgery_participation,departement_id) VALUES (213,'Colon Surgeon',B'1',9);
INSERT INTO person (id,first_name,second_name,email,user_login,user_password,sex,date_of_birth,age,permission_level) VALUES (214,'Kevin','Diaz','tbrooks@gmail.com','david06','bzezimOc','M','1944-08-29',75,1);
INSERT INTO staff_member (id,employed_since,position,salary,room) VALUES (214,'2015-08-19','Security Team Member',10000,62);
INSERT INTO security_team_member (id,shifts,physical_test_grade) VALUES (214,'Night','B');
INSERT INTO person (id,first_name,second_name,email,user_login,user_password,sex,date_of_birth,age,permission_level) VALUES (215,'Ryan','Smith','codygutierrez@yahoo.com','waterslinda','XYZBDhvAP','M','1908-06-05',111,5);
INSERT INTO staff_member (id,employed_since,position,salary,room) VALUES (215,'2010-09-10','Priest',15000,80);
INSERT INTO priest (id,religion) VALUES (215,'Judaism');
INSERT INTO person (id,first_name,second_name,email,user_login,user_password,sex,date_of_birth,age,permission_level) VALUES (216,'David','Smith','sanchezmatthew@hotmail.com','beverlygeorge','oMNpGCLKwkSpi','M','2012-05-27',7,1);
INSERT INTO staff_member (id,employed_since,position,salary,room) VALUES (216,'2013-03-15','HR',30000,65);
INSERT INTO hr (id,selection_responsibility) VALUES (216,'Review');
INSERT INTO person (id,first_name,second_name,email,user_login,user_password,sex,date_of_birth,age,permission_level) VALUES (217,'Jillian','Miller','jmitchell@hotmail.com','andrewstim','IuVNycGsyXqEp','F','1914-03-21',105,2);
INSERT INTO staff_member (id,employed_since,position,salary,room) VALUES (217,'2017-05-07','Nurse',25000,5);
INSERT INTO nurse (id,surgery_assistant,preferred_shifts,appointment_assistant,departement_id) VALUES (217,B'1','Night',B'1',3);
INSERT INTO person (id,first_name,second_name,email,user_login,user_password,sex,date_of_birth,age,permission_level) VALUES (218,'Teresa','Brown','crystal01@yahoo.com','lboone','tRUisRikGRVrj','F','1979-03-11',40,2);
INSERT INTO staff_member (id,employed_since,position,salary,room) VALUES (218,'2019-10-14','Maintanence Worker',15000,60);
INSERT INTO maintanence_worker (id,employment_type,speciality) VALUES (218,'Full time','Electricity');
INSERT INTO person (id,first_name,second_name,email,user_login,user_password,sex,date_of_birth,age,permission_level) VALUES (219,'Lauren','Sosa','hahngregory@gmail.com','jennifernunez','FIEzgpNWQ','F','1952-09-01',67,1);
INSERT INTO staff_member (id,employed_since,position,salary,room) VALUES (219,'2015-06-03','Maintanence Worker',15000,60);
INSERT INTO maintanence_worker (id,employment_type,speciality) VALUES (219,'Part time','Hardware');
INSERT INTO person (id,first_name,second_name,email,user_login,user_password,sex,date_of_birth,age,permission_level) VALUES (220,'Tiffany','Reed','martinezkimberly@gmail.com','charles20','topXpiwbuJub','F','2002-06-28',17,3);
INSERT INTO staff_member (id,employed_since,position,salary,room) VALUES (220,'2011-10-04','Nurse',25000,9);
INSERT INTO nurse (id,surgery_assistant,preferred_shifts,appointment_assistant,departement_id) VALUES (220,B'0','Day',B'0',14);
INSERT INTO person (id,first_name,second_name,email,user_login,user_password,sex,date_of_birth,age,permission_level) VALUES (221,'Timothy','Carr','zrodriguez@hotmail.com','keithallen','SqWYajhg','M','1962-11-02',57,1);
INSERT INTO patient (id) VALUES (221);
INSERT INTO patients_address (street,house,apartement) VALUES ('Diana st.','16','6');
INSERT INTO medical_history (patient_id,date) VALUES (221,'2019-11-20');
INSERT INTO person (id,first_name,second_name,email,user_login,user_password,sex,date_of_birth,age,permission_level) VALUES (222,'Carlos','Burgess','russellronald@hotmail.com','vwhite','gvOdivGaXIKeiVa','M','1937-09-03',82,4);
INSERT INTO patient (id) VALUES (222);
INSERT INTO patients_address (street,house,apartement) VALUES ('Frank st.','61','10');
INSERT INTO medical_history (patient_id,date) VALUES (222,'2019-11-19');
INSERT INTO person (id,first_name,second_name,email,user_login,user_password,sex,date_of_birth,age,permission_level) VALUES (223,'Dale','Shaw','julie98@hotmail.com','lynncallahan','irXnEPcNsZu','M','1971-08-16',48,2);
INSERT INTO staff_member (id,employed_since,position,salary,room) VALUES (223,'2010-10-04','Nurse',25000,4);
INSERT INTO nurse (id,surgery_assistant,preferred_shifts,appointment_assistant,departement_id) VALUES (223,B'1','Night',B'0',5);
INSERT INTO person (id,first_name,second_name,email,user_login,user_password,sex,date_of_birth,age,permission_level) VALUES (224,'Raven','Hampton','smithmegan@gmail.com','wintersjohnathan','OyCJaMSpZDk','F','1956-08-09',63,1);
INSERT INTO patient (id) VALUES (224);
INSERT INTO patients_address (street,house,apartement) VALUES ('Jennifer st.','99','7');
INSERT INTO medical_history (patient_id,date) VALUES (224,'2019-10-29');
INSERT INTO person (id,first_name,second_name,email,user_login,user_password,sex,date_of_birth,age,permission_level) VALUES (225,'April','Mcbride','housemark@hotmail.com','osmith','lssDEjLke','F','2001-04-19',18,4);
INSERT INTO staff_member (id,employed_since,position,salary,room) VALUES (225,'2014-03-10','Doctor',35000,19);
INSERT INTO doctor (id,speciality,emergency_hours,experience,departement_id,supervisor) VALUES (225,'Ophthalmologist',B'1',1,10,10);
INSERT INTO person (id,first_name,second_name,email,user_login,user_password,sex,date_of_birth,age,permission_level) VALUES (226,'Christopher','Wade','ninahartman@gmail.com','christineboyer','YBomICjHATrM','M','1979-05-02',40,3);
INSERT INTO staff_member (id,employed_since,position,salary,room) VALUES (226,'2019-10-23','Cleaning Team Worker',10000,55);
INSERT INTO cleaning_team_worker (id,employment_type) VALUES (226,'Full time');
INSERT INTO person (id,first_name,second_name,email,user_login,user_password,sex,date_of_birth,age,permission_level) VALUES (227,'Kathryn','Hodge','pmiranda@hotmail.com','jordanzachary','BbQCIHWie','F','1981-11-01',38,3);
INSERT INTO staff_member (id,employed_since,position,salary,room) VALUES (227,'2011-08-29','Maintanence Worker',15000,58);
INSERT INTO maintanence_worker (id,employment_type,speciality) VALUES (227,'Full time','Hardware');
INSERT INTO person (id,first_name,second_name,email,user_login,user_password,sex,date_of_birth,age,permission_level) VALUES (228,'David','Brooks','vhanson@yahoo.com','vyoung','YIESOsWWfvtT','M','1948-08-01',71,2);
INSERT INTO staff_member (id,employed_since,position,salary,room) VALUES (228,'2012-03-12','Nurse',25000,7);
INSERT INTO nurse (id,surgery_assistant,preferred_shifts,appointment_assistant,departement_id) VALUES (228,B'1','Day',B'1',10);
INSERT INTO person (id,first_name,second_name,email,user_login,user_password,sex,date_of_birth,age,permission_level) VALUES (229,'Karen','Rogers','vaughnanthony@gmail.com','chenstacy','WawzHsC','F','1951-12-15',68,5);
INSERT INTO patient (id) VALUES (229);
INSERT INTO patients_address (street,house,apartement) VALUES ('Katherine st.','54','7');
INSERT INTO medical_history (patient_id,date) VALUES (229,'2019-11-21');
INSERT INTO person (id,first_name,second_name,email,user_login,user_password,sex,date_of_birth,age,permission_level) VALUES (230,'Catherine','Richards','ruth29@hotmail.com','terrencewalker','AmEpDAbqLdXB','F','1948-05-12',71,3);
INSERT INTO staff_member (id,employed_since,position,salary,room) VALUES (230,'2012-10-08','Nurse',25000,6);
INSERT INTO nurse (id,surgery_assistant,preferred_shifts,appointment_assistant,departement_id) VALUES (230,B'1','Night',B'0',8);
INSERT INTO person (id,first_name,second_name,email,user_login,user_password,sex,date_of_birth,age,permission_level) VALUES (231,'Katherine','Garcia','pamelajohnson@yahoo.com','ashley83','cahiyNr','F','1945-09-02',74,2);
INSERT INTO patient (id) VALUES (231);
INSERT INTO patients_address (street,house,apartement) VALUES ('Brett st.','75','5');
INSERT INTO medical_history (patient_id,date) VALUES (231,'2019-11-25');
INSERT INTO person (id,first_name,second_name,email,user_login,user_password,sex,date_of_birth,age,permission_level) VALUES (232,'Amber','Curry','xthompson@hotmail.com','frederickwhitney','dZeLpVNsDTWht','F','1957-10-25',62,3);
INSERT INTO staff_member (id,employed_since,position,salary,room) VALUES (232,'2013-03-06','Reseptionist',15000,56);
INSERT INTO reseptionist (id) VALUES (232);
INSERT INTO languages_spoken (reseptionist_id,language) VALUES (232,'Tatar');
INSERT INTO person (id,first_name,second_name,email,user_login,user_password,sex,date_of_birth,age,permission_level) VALUES (233,'Lisa','Young','joshuasimpson@yahoo.com','andrew46','XLFgQoqPoYGHfM','F','1909-03-28',110,4);
INSERT INTO staff_member (id,employed_since,position,salary,room) VALUES (233,'2010-09-08','Nurse',25000,10);
INSERT INTO nurse (id,surgery_assistant,preferred_shifts,appointment_assistant,departement_id) VALUES (233,B'1','Day',B'0',14);
INSERT INTO person (id,first_name,second_name,email,user_login,user_password,sex,date_of_birth,age,permission_level) VALUES (234,'Sheri','Sosa','enavarro@yahoo.com','wnewman','vZDCJayDwToGTF','F','1981-02-14',38,4);
INSERT INTO staff_member (id,employed_since,position,salary,room) VALUES (234,'2011-12-17','Professor',35000,34);
INSERT INTO professor (id,research_topic,surgery_participation,departement_id) VALUES (234,'Critical Care Medicine Specialist',B'0',14);
INSERT INTO person (id,first_name,second_name,email,user_login,user_password,sex,date_of_birth,age,permission_level) VALUES (235,'Jacob','Phillips','linda04@yahoo.com','bowerskayla','BsxhMuwVpHRi','M','1914-06-27',105,5);
INSERT INTO staff_member (id,employed_since,position,salary,room) VALUES (235,'2015-05-09','Lab Technician',15000,41);
INSERT INTO lab_technician (id,education_level,departement_id) VALUES (235,'Postgraduate',14);
INSERT INTO person (id,first_name,second_name,email,user_login,user_password,sex,date_of_birth,age,permission_level) VALUES (236,'Amanda','James','portercheryl@yahoo.com','schwartzdiane','ZuFVvyg','F','1912-05-06',107,3);
INSERT INTO staff_member (id,employed_since,position,salary,room) VALUES (236,'2018-12-28','Cleaning Team Worker',10000,54);
INSERT INTO cleaning_team_worker (id,employment_type) VALUES (236,'Full time');
INSERT INTO person (id,first_name,second_name,email,user_login,user_password,sex,date_of_birth,age,permission_level) VALUES (237,'Miss','Kristi','jameshayes@gmail.com','cruzbrianna','yHeJuraKForXSHC','F','1956-10-18',63,2);
INSERT INTO staff_member (id,employed_since,position,salary,room) VALUES (237,'2019-10-17','Nurse',25000,6);
INSERT INTO nurse (id,surgery_assistant,preferred_shifts,appointment_assistant,departement_id) VALUES (237,B'0','Night',B'1',5);
INSERT INTO person (id,first_name,second_name,email,user_login,user_password,sex,date_of_birth,age,permission_level) VALUES (238,'Tammy','Robbins','wangjulia@hotmail.com','jenniferanderson','cHbRuqbuiyWNS','F','1967-01-06',52,5);
INSERT INTO staff_member (id,employed_since,position,salary,room) VALUES (238,'2016-02-05','Cleaning Team Worker',10000,54);
INSERT INTO cleaning_team_worker (id,employment_type) VALUES (238,'Full time');
INSERT INTO person (id,first_name,second_name,email,user_login,user_password,sex,date_of_birth,age,permission_level) VALUES (239,'Catherine','Nguyen','christy14@hotmail.com','melissa89','zSMiMYeUcXbjBx','F','1985-04-26',34,1);
INSERT INTO patient (id) VALUES (239);
INSERT INTO patients_address (street,house,apartement) VALUES ('Vincent st.','7','5');
INSERT INTO medical_history (patient_id,date) VALUES (239,'2019-11-14');
INSERT INTO person (id,first_name,second_name,email,user_login,user_password,sex,date_of_birth,age,permission_level) VALUES (240,'Daniel','Petty','davidgonzales@gmail.com','nicoleking','kTlJXHhSaZhRCSB','M','2007-06-28',12,5);
INSERT INTO staff_member (id,employed_since,position,salary,room) VALUES (240,'2013-03-31','Nurse',25000,5);
INSERT INTO nurse (id,surgery_assistant,preferred_shifts,appointment_assistant,departement_id) VALUES (240,B'1','Day',B'1',10);
INSERT INTO person (id,first_name,second_name,email,user_login,user_password,sex,date_of_birth,age,permission_level) VALUES (241,'Sarah','Fleming','drakeelizabeth@hotmail.com','jacksonchristopher','WkbSNTLdBRBwIu','F','1950-02-03',69,5);
INSERT INTO staff_member (id,employed_since,position,salary,room) VALUES (241,'2011-03-06','Lab Technician',15000,49);
INSERT INTO lab_technician (id,education_level,departement_id) VALUES (241,'Magister',9);
INSERT INTO person (id,first_name,second_name,email,user_login,user_password,sex,date_of_birth,age,permission_level) VALUES (242,'Alejandro','Adams','fuentesjennifer@gmail.com','katherinelopez','tFqEWWl','M','1944-01-09',75,5);
INSERT INTO patient (id) VALUES (242);
INSERT INTO patients_address (street,house,apartement) VALUES ('Bradley st.','65','4');
INSERT INTO medical_history (patient_id,date) VALUES (242,'2019-11-20');
INSERT INTO person (id,first_name,second_name,email,user_login,user_password,sex,date_of_birth,age,permission_level) VALUES (243,'Amy','Phillips','vsalazar@gmail.com','xsmith','mzDNRWgOLG','F','1917-07-05',102,1);
INSERT INTO staff_member (id,employed_since,position,salary,room) VALUES (243,'2012-05-29','Doctor',35000,17);
INSERT INTO doctor (id,speciality,emergency_hours,experience,departement_id,supervisor) VALUES (243,'Preventive Medicine Specialist',B'1',3,4,151);
INSERT INTO person (id,first_name,second_name,email,user_login,user_password,sex,date_of_birth,age,permission_level) VALUES (244,'Cameron','Ward','eharrison@yahoo.com','tamara06','ZAflAfQm','M','1965-01-21',54,2);
INSERT INTO staff_member (id,employed_since,position,salary,room) VALUES (244,'2015-04-06','Security Team Member',10000,63);
INSERT INTO security_team_member (id,shifts,physical_test_grade) VALUES (244,'Day','D');
INSERT INTO person (id,first_name,second_name,email,user_login,user_password,sex,date_of_birth,age,permission_level) VALUES (245,'Amber','Kerr','hchan@yahoo.com','thomasanderson','FiLXmXKtW','F','1992-03-13',27,1);
INSERT INTO staff_member (id,employed_since,position,salary,room) VALUES (245,'2013-06-18','HR',30000,64);
INSERT INTO hr (id,selection_responsibility) VALUES (245,'Review');
INSERT INTO person (id,first_name,second_name,email,user_login,user_password,sex,date_of_birth,age,permission_level) VALUES (246,'Kimberly','Leach','destinypotter@gmail.com','jsnow','yIHqRYJjKAH','F','1941-07-13',78,1);
INSERT INTO patient (id) VALUES (246);
INSERT INTO patients_address (street,house,apartement) VALUES ('Stephanie st.','67','6');
INSERT INTO medical_history (patient_id,date) VALUES (246,'2019-11-03');
INSERT INTO person (id,first_name,second_name,email,user_login,user_password,sex,date_of_birth,age,permission_level) VALUES (247,'David','Kim','joshuaadams@hotmail.com','kimberly07','mnfJlySiehrky','M','1995-11-19',24,3);
INSERT INTO staff_member (id,employed_since,position,salary,room) VALUES (247,'2011-05-29','Lab Technician',15000,47);
INSERT INTO lab_technician (id,education_level,departement_id) VALUES (247,'Bachelor',6);
INSERT INTO person (id,first_name,second_name,email,user_login,user_password,sex,date_of_birth,age,permission_level) VALUES (248,'James','Davis','joneskevin@hotmail.com','zdavis','TXKeylLLCqVk','M','1905-06-09',114,2);
INSERT INTO staff_member (id,employed_since,position,salary,room) VALUES (248,'2015-08-15','Nurse',25000,6);
INSERT INTO nurse (id,surgery_assistant,preferred_shifts,appointment_assistant,departement_id) VALUES (248,B'1','Night',B'1',1);
INSERT INTO person (id,first_name,second_name,email,user_login,user_password,sex,date_of_birth,age,permission_level) VALUES (249,'Karen','Rojas','joemiller@yahoo.com','luisyates','OYUhoHLqBzUsDaw','F','1919-04-09',100,5);
INSERT INTO patient (id) VALUES (249);
INSERT INTO patients_address (street,house,apartement) VALUES ('Christy st.','33','7');
INSERT INTO medical_history (patient_id,date) VALUES (249,'2019-10-19');
INSERT INTO person (id,first_name,second_name,email,user_login,user_password,sex,date_of_birth,age,permission_level) VALUES (250,'Pamela','Ramirez','nealkimberly@hotmail.com','gsmith','vwXkCovw','F','1904-11-22',115,2);
INSERT INTO staff_member (id,employed_since,position,salary,room) VALUES (250,'2014-07-17','Nurse',25000,8);
INSERT INTO nurse (id,surgery_assistant,preferred_shifts,appointment_assistant,departement_id) VALUES (250,B'0','Night',B'0',12);
INSERT INTO person (id,first_name,second_name,email,user_login,user_password,sex,date_of_birth,age,permission_level) VALUES (251,'Alan','Mendoza','jasoncarter@gmail.com','brownchad','XFJtsMIS','M','2003-09-20',16,3);
INSERT INTO staff_member (id,employed_since,position,salary,room) VALUES (251,'2017-05-25','Nurse',25000,4);
INSERT INTO nurse (id,surgery_assistant,preferred_shifts,appointment_assistant,departement_id) VALUES (251,B'1','Day',B'0',13);
INSERT INTO person (id,first_name,second_name,email,user_login,user_password,sex,date_of_birth,age,permission_level) VALUES (252,'Mark','Henderson','tanderson@gmail.com','khernandez','IFMSWUq','M','1934-11-02',85,4);
INSERT INTO staff_member (id,employed_since,position,salary,room) VALUES (252,'2018-06-11','Professor',35000,34);
INSERT INTO professor (id,research_topic,surgery_participation,departement_id) VALUES (252,'Medicine Specialist',B'0',12);
INSERT INTO person (id,first_name,second_name,email,user_login,user_password,sex,date_of_birth,age,permission_level) VALUES (253,'John','Johnson','michaelmoore@gmail.com','cfernandez','rRsMHHeOLdxEnp','M','2008-03-21',11,2);
INSERT INTO patient (id) VALUES (253);
INSERT INTO patients_address (street,house,apartement) VALUES ('Lisa st.','5','1');
INSERT INTO medical_history (patient_id,date) VALUES (253,'2019-11-18');
INSERT INTO person (id,first_name,second_name,email,user_login,user_password,sex,date_of_birth,age,permission_level) VALUES (254,'Max','Johnson','wwashington@gmail.com','adunn','nwQJfcRfHZbs','M','1950-04-23',69,1);
INSERT INTO patient (id) VALUES (254);
INSERT INTO patients_address (street,house,apartement) VALUES ('Antonio st.','25','5');
INSERT INTO medical_history (patient_id,date) VALUES (254,'2019-11-13');
INSERT INTO person (id,first_name,second_name,email,user_login,user_password,sex,date_of_birth,age,permission_level) VALUES (255,'John','Thompson','avilamatthew@gmail.com','dhoover','RRaayDhLg','M','2015-01-14',4,1);
INSERT INTO patient (id) VALUES (255);
INSERT INTO patients_address (street,house,apartement) VALUES ('Phillip st.','8','8');
INSERT INTO medical_history (patient_id,date) VALUES (255,'2019-11-11');
INSERT INTO person (id,first_name,second_name,email,user_login,user_password,sex,date_of_birth,age,permission_level) VALUES (256,'Daniel','Robinson','mike85@gmail.com','carriecross','haxIaJIYoESoLP','M','1992-04-01',27,2);
INSERT INTO staff_member (id,employed_since,position,salary,room) VALUES (256,'2014-11-05','Professor',35000,32);
INSERT INTO professor (id,research_topic,surgery_participation,departement_id) VALUES (256,'Hematologist',B'0',4);
INSERT INTO person (id,first_name,second_name,email,user_login,user_password,sex,date_of_birth,age,permission_level) VALUES (257,'Tammy','Smith','robert66@yahoo.com','daniellegaines','LLqcOszCTB','F','1981-02-12',38,5);
INSERT INTO staff_member (id,employed_since,position,salary,room) VALUES (257,'2016-01-26','Maintanence Worker',15000,58);
INSERT INTO maintanence_worker (id,employment_type,speciality) VALUES (257,'Part time','Hardware');
INSERT INTO person (id,first_name,second_name,email,user_login,user_password,sex,date_of_birth,age,permission_level) VALUES (258,'Mackenzie','Smith','obooker@hotmail.com','hcarrillo','eWBnxHhoSpBmfbD','F','2006-09-15',13,3);
INSERT INTO patient (id) VALUES (258);
INSERT INTO patients_address (street,house,apartement) VALUES ('Pamela st.','35','1');
INSERT INTO medical_history (patient_id,date) VALUES (258,'2019-11-11');
INSERT INTO person (id,first_name,second_name,email,user_login,user_password,sex,date_of_birth,age,permission_level) VALUES (259,'Olivia','Hoffman','amanda35@gmail.com','rachaelward','ljikLTWVqpLuu','F','2007-03-31',12,2);
INSERT INTO staff_member (id,employed_since,position,salary,room) VALUES (259,'2019-10-12','Maintanence Worker',15000,58);
INSERT INTO maintanence_worker (id,employment_type,speciality) VALUES (259,'Part time','Furniture');
INSERT INTO person (id,first_name,second_name,email,user_login,user_password,sex,date_of_birth,age,permission_level) VALUES (260,'Stephen','Stanley','joserichards@gmail.com','jasontorres','lIWYCYJePH','M','1956-06-10',63,3);
INSERT INTO patient (id) VALUES (260);
INSERT INTO patients_address (street,house,apartement) VALUES ('Jessica st.','64','9');
INSERT INTO medical_history (patient_id,date) VALUES (260,'2019-11-15');
INSERT INTO person (id,first_name,second_name,email,user_login,user_password,sex,date_of_birth,age,permission_level) VALUES (261,'Alyssa','Andrews','amypatel@gmail.com','ucampos','aweoFjAntIz','F','1984-04-14',35,2);
INSERT INTO staff_member (id,employed_since,position,salary,room) VALUES (261,'2011-05-06','Maintanence Worker',15000,60);
INSERT INTO maintanence_worker (id,employment_type,speciality) VALUES (261,'Full time','Electricity');
INSERT INTO person (id,first_name,second_name,email,user_login,user_password,sex,date_of_birth,age,permission_level) VALUES (262,'Sandra','Jenkins','rescobar@hotmail.com','elizabeth94','DyZUbaCnfXFemkY','F','1910-07-18',109,3);
INSERT INTO staff_member (id,employed_since,position,salary,room) VALUES (262,'2011-07-01','Doctor',35000,25);
INSERT INTO doctor (id,speciality,emergency_hours,experience,departement_id,supervisor) VALUES (262,'Medicine Specialist',B'0',6,3,88);
INSERT INTO person (id,first_name,second_name,email,user_login,user_password,sex,date_of_birth,age,permission_level) VALUES (263,'Abigail','Myers','ashley37@gmail.com','hatkinson','GnBTlOdFpJJXrn','F','1968-02-03',51,1);
INSERT INTO staff_member (id,employed_since,position,salary,room) VALUES (263,'2015-01-27','Nurse',25000,6);
INSERT INTO nurse (id,surgery_assistant,preferred_shifts,appointment_assistant,departement_id) VALUES (263,B'0','Night',B'1',12);
INSERT INTO person (id,first_name,second_name,email,user_login,user_password,sex,date_of_birth,age,permission_level) VALUES (264,'Erica','Turner','melissa80@yahoo.com','michelle24','PYKXXSlLf','F','1968-08-10',51,5);
INSERT INTO staff_member (id,employed_since,position,salary,room) VALUES (264,'2013-09-01','Professor',35000,35);
INSERT INTO professor (id,research_topic,surgery_participation,departement_id) VALUES (264,'Critical Care Medicine Specialist',B'0',7);
INSERT INTO person (id,first_name,second_name,email,user_login,user_password,sex,date_of_birth,age,permission_level) VALUES (265,'Julie','Jones','williamsjennifer@yahoo.com','kimberly30','dZZHGzjRfxLSeYq','F','1936-12-13',83,5);
INSERT INTO staff_member (id,employed_since,position,salary,room) VALUES (265,'2014-10-19','Nurse',25000,6);
INSERT INTO nurse (id,surgery_assistant,preferred_shifts,appointment_assistant,departement_id) VALUES (265,B'0','Day',B'0',10);
INSERT INTO person (id,first_name,second_name,email,user_login,user_password,sex,date_of_birth,age,permission_level) VALUES (266,'Connie','Cannon','dennis43@hotmail.com','michael16','uumcBBcL','F','1990-01-29',29,5);
INSERT INTO staff_member (id,employed_since,position,salary,room) VALUES (266,'2017-07-04','Reseptionist',15000,56);
INSERT INTO reseptionist (id) VALUES (266);
INSERT INTO languages_spoken (reseptionist_id,language) VALUES (266,'ItalianRussian');
INSERT INTO person (id,first_name,second_name,email,user_login,user_password,sex,date_of_birth,age,permission_level) VALUES (267,'William','Morris','jacksonmichael@gmail.com','thompsonjill','MfSdESnOKVJUz','M','1953-08-09',66,4);
INSERT INTO staff_member (id,employed_since,position,salary,room) VALUES (267,'2010-04-07','Professor',35000,33);
INSERT INTO professor (id,research_topic,surgery_participation,departement_id) VALUES (267,'General Surgeon',B'0',2);
INSERT INTO person (id,first_name,second_name,email,user_login,user_password,sex,date_of_birth,age,permission_level) VALUES (268,'Lori','Pace','stefanie92@hotmail.com','bcox','oDyQBudqRVbDPe','F','1923-11-12',96,1);
INSERT INTO patient (id) VALUES (268);
INSERT INTO patients_address (street,house,apartement) VALUES ('Rebecca st.','27','7');
INSERT INTO medical_history (patient_id,date) VALUES (268,'2019-11-04');
INSERT INTO person (id,first_name,second_name,email,user_login,user_password,sex,date_of_birth,age,permission_level) VALUES (269,'Katherine','Coleman','bryancox@yahoo.com','groberts','PbQOucZGvdJ','F','1952-08-09',67,3);
INSERT INTO staff_member (id,employed_since,position,salary,room) VALUES (269,'2018-01-24','Lab Technician',15000,46);
INSERT INTO lab_technician (id,education_level,departement_id) VALUES (269,'PhD',4);
INSERT INTO person (id,first_name,second_name,email,user_login,user_password,sex,date_of_birth,age,permission_level) VALUES (270,'John','Myers','nicholas66@gmail.com','moodynancy','tiikKWi','M','1937-10-13',82,5);
INSERT INTO patient (id) VALUES (270);
INSERT INTO patients_address (street,house,apartement) VALUES ('Mark st.','84','10');
INSERT INTO medical_history (patient_id,date) VALUES (270,'2019-10-28');
INSERT INTO person (id,first_name,second_name,email,user_login,user_password,sex,date_of_birth,age,permission_level) VALUES (271,'Ashley','Newman','ynorton@yahoo.com','lhawkins','nTUtkDgM','F','1905-06-13',114,1);
INSERT INTO staff_member (id,employed_since,position,salary,room) VALUES (271,'2011-03-23','Nurse',25000,9);
INSERT INTO nurse (id,surgery_assistant,preferred_shifts,appointment_assistant,departement_id) VALUES (271,B'0','Night',B'0',6);
INSERT INTO person (id,first_name,second_name,email,user_login,user_password,sex,date_of_birth,age,permission_level) VALUES (272,'Michelle','Malone','denise11@yahoo.com','jflores','hQIkYSF','F','1977-11-30',42,2);
INSERT INTO patient (id) VALUES (272);
INSERT INTO patients_address (street,house,apartement) VALUES ('Stephanie st.','40','5');
INSERT INTO medical_history (patient_id,date) VALUES (272,'2019-11-02');
INSERT INTO person (id,first_name,second_name,email,user_login,user_password,sex,date_of_birth,age,permission_level) VALUES (273,'Sheila','Ryan','hturner@yahoo.com','bhammond','iPAPnZi','F','1993-02-23',26,5);
INSERT INTO patient (id) VALUES (273);
INSERT INTO patients_address (street,house,apartement) VALUES ('Melissa st.','64','7');
INSERT INTO medical_history (patient_id,date) VALUES (273,'2019-11-03');
INSERT INTO person (id,first_name,second_name,email,user_login,user_password,sex,date_of_birth,age,permission_level) VALUES (274,'James','Barron','whitakerjesus@hotmail.com','gayrichard','mQnugYCwMVhVE','M','1994-03-08',25,4);
INSERT INTO staff_member (id,employed_since,position,salary,room) VALUES (274,'2019-04-15','Doctor',35000,26);
INSERT INTO doctor (id,speciality,emergency_hours,experience,departement_id,supervisor) VALUES (274,'General Surgeon',B'1',4,7,164);
INSERT INTO person (id,first_name,second_name,email,user_login,user_password,sex,date_of_birth,age,permission_level) VALUES (275,'Denise','Gutierrez','vicki54@hotmail.com','carolynclark','BNPjoeWHgeVjS','F','1988-09-30',31,2);
INSERT INTO staff_member (id,employed_since,position,salary,room) VALUES (275,'2015-09-12','Security Team Member',10000,61);
INSERT INTO security_team_member (id,shifts,physical_test_grade) VALUES (275,'Night','D');
INSERT INTO person (id,first_name,second_name,email,user_login,user_password,sex,date_of_birth,age,permission_level) VALUES (276,'Rodney','Hood','michael69@yahoo.com','thomasbartlett','oPKZKnRhMzzc','M','1939-12-10',80,4);
INSERT INTO staff_member (id,employed_since,position,salary,room) VALUES (276,'2017-08-30','Doctor',35000,22);
INSERT INTO doctor (id,speciality,emergency_hours,experience,departement_id,supervisor) VALUES (276,'Obstetrician and Gynecologist',B'0',9,7,141);
INSERT INTO person (id,first_name,second_name,email,user_login,user_password,sex,date_of_birth,age,permission_level) VALUES (277,'Kevin','Hess','csmith@hotmail.com','bpatton','tqjoSLMXrpNC','M','1937-04-01',82,4);
INSERT INTO patient (id) VALUES (277);
INSERT INTO patients_address (street,house,apartement) VALUES ('Ryan st.','89','6');
INSERT INTO medical_history (patient_id,date) VALUES (277,'2019-11-08');
INSERT INTO person (id,first_name,second_name,email,user_login,user_password,sex,date_of_birth,age,permission_level) VALUES (278,'Alexandra','Charles','sandraedwards@gmail.com','jessica93','NpqBcFkrw','F','1957-08-20',62,4);
INSERT INTO staff_member (id,employed_since,position,salary,room) VALUES (278,'2015-09-10','Professor',35000,36);
INSERT INTO professor (id,research_topic,surgery_participation,departement_id) VALUES (278,'Osteopath',B'0',2);
INSERT INTO person (id,first_name,second_name,email,user_login,user_password,sex,date_of_birth,age,permission_level) VALUES (279,'Russell','Wagner','qwarren@gmail.com','edwardslori','mNWwMwl','M','1945-11-29',74,5);
INSERT INTO staff_member (id,employed_since,position,salary,room) VALUES (279,'2017-11-15','HR',30000,65);
INSERT INTO hr (id,selection_responsibility) VALUES (279,'Review');
INSERT INTO person (id,first_name,second_name,email,user_login,user_password,sex,date_of_birth,age,permission_level) VALUES (280,'Christopher','Maldonado','angela47@yahoo.com','angela93','uMzXjTArnj','M','1922-08-18',97,2);
INSERT INTO patient (id) VALUES (280);
INSERT INTO patients_address (street,house,apartement) VALUES ('Scott st.','1','3');
INSERT INTO medical_history (patient_id,date) VALUES (280,'2019-11-06');
INSERT INTO person (id,first_name,second_name,email,user_login,user_password,sex,date_of_birth,age,permission_level) VALUES (281,'Courtney','Weeks','robert67@gmail.com','meredithwalker','McaZdrEry','F','1967-05-19',52,3);
INSERT INTO staff_member (id,employed_since,position,salary,room) VALUES (281,'2013-11-19','Nurse',25000,3);
INSERT INTO nurse (id,surgery_assistant,preferred_shifts,appointment_assistant,departement_id) VALUES (281,B'0','Night',B'0',7);
INSERT INTO person (id,first_name,second_name,email,user_login,user_password,sex,date_of_birth,age,permission_level) VALUES (282,'Peter','Strickland','lvalencia@yahoo.com','pcurtis','hQbTgpAMuROZ','M','1946-08-01',73,4);
INSERT INTO staff_member (id,employed_since,position,salary,room) VALUES (282,'2010-02-11','HR',30000,65);
INSERT INTO hr (id,selection_responsibility) VALUES (282,'Review');
INSERT INTO person (id,first_name,second_name,email,user_login,user_password,sex,date_of_birth,age,permission_level) VALUES (283,'Joel','Ramos','webbjohnathan@gmail.com','garciavictoria','RLxRqIOhgPVA','M','1951-12-01',68,2);
INSERT INTO staff_member (id,employed_since,position,salary,room) VALUES (283,'2019-01-14','Maintanence Worker',15000,59);
INSERT INTO maintanence_worker (id,employment_type,speciality) VALUES (283,'Part time','Machines');
INSERT INTO person (id,first_name,second_name,email,user_login,user_password,sex,date_of_birth,age,permission_level) VALUES (284,'Gwendolyn','Schaefer','pearsontodd@gmail.com','vanessaknight','BxNuDwWBEMcXR','F','1908-12-19',111,5);
INSERT INTO staff_member (id,employed_since,position,salary,room) VALUES (284,'2009-12-28','Doctor',35000,29);
INSERT INTO doctor (id,speciality,emergency_hours,experience,departement_id,supervisor) VALUES (284,'Internist',B'0',1,12,158);
INSERT INTO person (id,first_name,second_name,email,user_login,user_password,sex,date_of_birth,age,permission_level) VALUES (285,'Linda','Nelson','ndavis@gmail.com','xhooper','ecNPzgv','F','1989-12-19',30,3);
INSERT INTO staff_member (id,employed_since,position,salary,room) VALUES (285,'2011-03-03','Reseptionist',15000,56);
INSERT INTO reseptionist (id) VALUES (285);
INSERT INTO languages_spoken (reseptionist_id,language) VALUES (285,'PortuguesItalianItalianRussian');
INSERT INTO person (id,first_name,second_name,email,user_login,user_password,sex,date_of_birth,age,permission_level) VALUES (286,'Lindsey','Stephens','davidrodriguez@yahoo.com','jpeterson','OwseHwQ','F','1920-12-07',99,2);
INSERT INTO staff_member (id,employed_since,position,salary,room) VALUES (286,'2019-11-09','Nurse',25000,6);
INSERT INTO nurse (id,surgery_assistant,preferred_shifts,appointment_assistant,departement_id) VALUES (286,B'0','Night',B'1',7);
INSERT INTO person (id,first_name,second_name,email,user_login,user_password,sex,date_of_birth,age,permission_level) VALUES (287,'Charles','Galvan','timothy64@yahoo.com','ronald42','KasQuLFIpKSMx','M','1904-02-19',115,5);
INSERT INTO staff_member (id,employed_since,position,salary,room) VALUES (287,'2010-11-22','Doctor',35000,18);
INSERT INTO doctor (id,speciality,emergency_hours,experience,departement_id,supervisor) VALUES (287,'Ophthalmologist',B'1',5,5,274);
INSERT INTO person (id,first_name,second_name,email,user_login,user_password,sex,date_of_birth,age,permission_level) VALUES (288,'Shelley','Johnson','michellelittle@yahoo.com','leevalerie','bVZEBkGsQKmWj','F','1932-03-17',87,4);
INSERT INTO staff_member (id,employed_since,position,salary,room) VALUES (288,'2014-10-21','Lab Technician',15000,49);
INSERT INTO lab_technician (id,education_level,departement_id) VALUES (288,'PhD',12);
INSERT INTO person (id,first_name,second_name,email,user_login,user_password,sex,date_of_birth,age,permission_level) VALUES (289,'Crystal','Adams','autumnmiller@gmail.com','donald40','VwBlBrMgLT','F','1988-05-21',31,4);
INSERT INTO staff_member (id,employed_since,position,salary,room) VALUES (289,'2015-09-23','Pharmasist',20000,70);
INSERT INTO pharmasist (id,education_level,research) VALUES (289,'PhD',B'0');
INSERT INTO person (id,first_name,second_name,email,user_login,user_password,sex,date_of_birth,age,permission_level) VALUES (290,'Brian','Perry','jeffreysimmons@hotmail.com','jason89','yYzAIEJBOWyaWHx','M','1983-06-15',36,3);
INSERT INTO patient (id) VALUES (290);
INSERT INTO patients_address (street,house,apartement) VALUES ('William st.','35','8');
INSERT INTO medical_history (patient_id,date) VALUES (290,'2019-10-31');
INSERT INTO person (id,first_name,second_name,email,user_login,user_password,sex,date_of_birth,age,permission_level) VALUES (291,'Lindsay','Callahan','robertlucas@hotmail.com','kellyfaulkner','ersSoQdLq','F','1929-04-02',90,3);
INSERT INTO patient (id) VALUES (291);
INSERT INTO patients_address (street,house,apartement) VALUES ('Anne st.','95','1');
INSERT INTO medical_history (patient_id,date) VALUES (291,'2019-11-13');
INSERT INTO person (id,first_name,second_name,email,user_login,user_password,sex,date_of_birth,age,permission_level) VALUES (292,'Theresa','Mercado','craig11@yahoo.com','michaelschwartz','HZwaTrtyqvNI','F','1938-06-25',81,3);
INSERT INTO staff_member (id,employed_since,position,salary,room) VALUES (292,'2011-09-15','Professor',35000,38);
INSERT INTO professor (id,research_topic,surgery_participation,departement_id) VALUES (292,'Allergist',B'1',13);
INSERT INTO person (id,first_name,second_name,email,user_login,user_password,sex,date_of_birth,age,permission_level) VALUES (293,'Jessica','Brock','benjamin39@gmail.com','marc40','WPxDNDtaepZQR','F','1939-08-08',80,5);
INSERT INTO patient (id) VALUES (293);
INSERT INTO patients_address (street,house,apartement) VALUES ('Emily st.','96','3');
INSERT INTO medical_history (patient_id,date) VALUES (293,'2019-10-19');
INSERT INTO person (id,first_name,second_name,email,user_login,user_password,sex,date_of_birth,age,permission_level) VALUES (294,'Mathew','Myers','mcruz@yahoo.com','jleblanc','rrPhNbsuJLl','M','1991-10-31',28,1);
INSERT INTO staff_member (id,employed_since,position,salary,room) VALUES (294,'2011-12-11','Nurse',25000,3);
INSERT INTO nurse (id,surgery_assistant,preferred_shifts,appointment_assistant,departement_id) VALUES (294,B'1','Day',B'1',8);
INSERT INTO person (id,first_name,second_name,email,user_login,user_password,sex,date_of_birth,age,permission_level) VALUES (295,'Brenda','Matthews','anthony57@yahoo.com','swade','iiFvdpY','F','1954-05-27',65,3);
INSERT INTO staff_member (id,employed_since,position,salary,room) VALUES (295,'2010-12-05','Lab Technician',15000,48);
INSERT INTO lab_technician (id,education_level,departement_id) VALUES (295,'Magister',6);
INSERT INTO person (id,first_name,second_name,email,user_login,user_password,sex,date_of_birth,age,permission_level) VALUES (296,'Amy','Woodard','adammcdowell@gmail.com','ramireztaylor','gTQdVNqMCBChj','F','1917-04-29',102,2);
INSERT INTO patient (id) VALUES (296);
INSERT INTO patients_address (street,house,apartement) VALUES ('Caitlin st.','51','1');
INSERT INTO medical_history (patient_id,date) VALUES (296,'2019-10-25');
INSERT INTO person (id,first_name,second_name,email,user_login,user_password,sex,date_of_birth,age,permission_level) VALUES (297,'Jacob','Aguirre','johnsonnicole@hotmail.com','keithdennis','WRxlNpFLJjTLbEV','M','1994-04-07',25,3);
INSERT INTO patient (id) VALUES (297);
INSERT INTO patients_address (street,house,apartement) VALUES ('Meagan st.','64','10');
INSERT INTO medical_history (patient_id,date) VALUES (297,'2019-11-01');
INSERT INTO person (id,first_name,second_name,email,user_login,user_password,sex,date_of_birth,age,permission_level) VALUES (298,'Richard','Haynes','andre81@yahoo.com','robert02','sYAvhyiVoCybvm','M','1921-12-21',98,2);
INSERT INTO staff_member (id,employed_since,position,salary,room) VALUES (298,'2010-10-05','HR',30000,67);
INSERT INTO hr (id,selection_responsibility) VALUES (298,'Interview');
INSERT INTO person (id,first_name,second_name,email,user_login,user_password,sex,date_of_birth,age,permission_level) VALUES (299,'John','Rodriguez','matthewclark@yahoo.com','csmith','tcJxxAPWv','M','1907-08-12',112,4);
INSERT INTO patient (id) VALUES (299);
INSERT INTO patients_address (street,house,apartement) VALUES ('Allen st.','26','1');
INSERT INTO medical_history (patient_id,date) VALUES (299,'2019-11-07');
INSERT INTO person (id,first_name,second_name,email,user_login,user_password,sex,date_of_birth,age,permission_level) VALUES (300,'Phyllis','Myers','kennethrodriguez@hotmail.com','efuller','JhBzJwnqAInaQq','F','1909-01-03',110,4);
INSERT INTO staff_member (id,employed_since,position,salary,room) VALUES (300,'2015-02-21','Lab Technician',15000,44);
INSERT INTO lab_technician (id,education_level,departement_id) VALUES (300,'PhD',6);
INSERT INTO person (id,first_name,second_name,email,user_login,user_password,sex,date_of_birth,age,permission_level) VALUES (301,'Timothy','Young','mooremary@gmail.com','orrderek','dmmkXZOxpgBNrO','M','1991-03-24',28,1);
INSERT INTO staff_member (id,employed_since,position,salary,room) VALUES (301,'2011-05-24','Doctor',35000,14);
INSERT INTO doctor (id,speciality,emergency_hours,experience,departement_id,supervisor) VALUES (301,'Anesthesiologist',B'1',5,13,164);
INSERT INTO person (id,first_name,second_name,email,user_login,user_password,sex,date_of_birth,age,permission_level) VALUES (302,'Jose','Mercado','zdunlap@hotmail.com','catherinemedina','pVPZgcFFtpE','M','1927-04-21',92,1);
INSERT INTO staff_member (id,employed_since,position,salary,room) VALUES (302,'2012-12-29','Maintanence Worker',15000,60);
INSERT INTO maintanence_worker (id,employment_type,speciality) VALUES (302,'Part time','Machines');
INSERT INTO person (id,first_name,second_name,email,user_login,user_password,sex,date_of_birth,age,permission_level) VALUES (303,'Rebecca','Fleming','brendajones@gmail.com','mitchellandrew','MuZQngAgbjkW','F','1911-06-01',108,5);
INSERT INTO patient (id) VALUES (303);
INSERT INTO patients_address (street,house,apartement) VALUES ('Peter st.','63','7');
INSERT INTO medical_history (patient_id,date) VALUES (303,'2019-11-10');
INSERT INTO person (id,first_name,second_name,email,user_login,user_password,sex,date_of_birth,age,permission_level) VALUES (304,'Melissa','Miller','blakeadrian@hotmail.com','gmoore','RVHDlRwgcjMc','F','2016-03-01',3,3);
INSERT INTO staff_member (id,employed_since,position,salary,room) VALUES (304,'2013-08-01','Professor',35000,38);
INSERT INTO professor (id,research_topic,surgery_participation,departement_id) VALUES (304,'Endocrinologists',B'1',2);
INSERT INTO person (id,first_name,second_name,email,user_login,user_password,sex,date_of_birth,age,permission_level) VALUES (305,'Michael','Henderson','kayla20@yahoo.com','steelethomas','qbgtUwhEfe','M','1955-12-01',64,1);
INSERT INTO staff_member (id,employed_since,position,salary,room) VALUES (305,'2017-08-29','Doctor',35000,12);
INSERT INTO doctor (id,speciality,emergency_hours,experience,departement_id,supervisor) VALUES (305,'Allergist',B'0',6,1,17);
INSERT INTO person (id,first_name,second_name,email,user_login,user_password,sex,date_of_birth,age,permission_level) VALUES (306,'Jeff','Burke','rwilliams@hotmail.com','murrayalexander','LgTqXJDSDKQ','M','1990-12-20',29,5);
INSERT INTO staff_member (id,employed_since,position,salary,room) VALUES (306,'2018-10-23','Nurse',25000,10);
INSERT INTO nurse (id,surgery_assistant,preferred_shifts,appointment_assistant,departement_id) VALUES (306,B'0','Night',B'0',3);
INSERT INTO person (id,first_name,second_name,email,user_login,user_password,sex,date_of_birth,age,permission_level) VALUES (307,'Catherine','Kelly','fernandezthomas@gmail.com','sgallagher','TVgwQyT','F','2006-05-14',13,3);
INSERT INTO staff_member (id,employed_since,position,salary,room) VALUES (307,'2011-06-04','Nurse',25000,3);
INSERT INTO nurse (id,surgery_assistant,preferred_shifts,appointment_assistant,departement_id) VALUES (307,B'0','Night',B'0',7);
INSERT INTO person (id,first_name,second_name,email,user_login,user_password,sex,date_of_birth,age,permission_level) VALUES (308,'Krystal','Hall','dianegreen@gmail.com','melissa55','bmrkwjChcuKOb','F','1911-09-19',108,4);
INSERT INTO staff_member (id,employed_since,position,salary,room) VALUES (308,'2018-05-30','Professor',35000,32);
INSERT INTO professor (id,research_topic,surgery_participation,departement_id) VALUES (308,'Hospice and Palliative Medicine Specialist',B'1',12);
INSERT INTO person (id,first_name,second_name,email,user_login,user_password,sex,date_of_birth,age,permission_level) VALUES (309,'Jennifer','Hale','andersonbrandon@yahoo.com','iturner','XjkmkkecjaG','F','1925-02-15',94,3);
INSERT INTO staff_member (id,employed_since,position,salary,room) VALUES (309,'2019-08-15','IT Specialist',15000,74);
INSERT INTO IT_specialist (id,support_line) VALUES (309,B'1');
INSERT INTO person (id,first_name,second_name,email,user_login,user_password,sex,date_of_birth,age,permission_level) VALUES (310,'Shelley','Watkins','christine70@gmail.com','martinsamuel','Aluoniuq','F','1917-11-26',102,5);
INSERT INTO staff_member (id,employed_since,position,salary,room) VALUES (310,'2015-07-04','Professor',35000,36);
INSERT INTO professor (id,research_topic,surgery_participation,departement_id) VALUES (310,'Medicine Specialist',B'1',1);
INSERT INTO person (id,first_name,second_name,email,user_login,user_password,sex,date_of_birth,age,permission_level) VALUES (311,'Robert','Poole','shawnbenjamin@yahoo.com','alexcarson','XUzNOgtXU','M','1922-11-20',97,1);
INSERT INTO staff_member (id,employed_since,position,salary,room) VALUES (311,'2017-12-16','Reseptionist',15000,56);
INSERT INTO reseptionist (id) VALUES (311);
INSERT INTO languages_spoken (reseptionist_id,language) VALUES (311,'ArabicTatarEnglishArabicRussianItalian');
INSERT INTO person (id,first_name,second_name,email,user_login,user_password,sex,date_of_birth,age,permission_level) VALUES (312,'Timothy','Shepherd','pcunningham@hotmail.com','randalljones','FRwYnYkrY','M','1964-12-20',55,1);
INSERT INTO staff_member (id,employed_since,position,salary,room) VALUES (312,'2013-07-22','Doctor',35000,16);
INSERT INTO doctor (id,speciality,emergency_hours,experience,departement_id,supervisor) VALUES (312,'Hospice and Palliative Medicine Specialist',B'0',7,6,96);
INSERT INTO person (id,first_name,second_name,email,user_login,user_password,sex,date_of_birth,age,permission_level) VALUES (313,'Joanna','Roberts','rnolan@gmail.com','emily89','eVrohZUGIvSlY','F','2015-04-27',4,5);
INSERT INTO staff_member (id,employed_since,position,salary,room) VALUES (313,'2014-09-05','Pharmasist',20000,68);
INSERT INTO pharmasist (id,education_level,research) VALUES (313,'Magister',B'0');
INSERT INTO person (id,first_name,second_name,email,user_login,user_password,sex,date_of_birth,age,permission_level) VALUES (314,'Joshua','Blake','thompsonmarissa@yahoo.com','michael71','dNPQnkdZmsmjR','M','1980-05-31',39,5);
INSERT INTO staff_member (id,employed_since,position,salary,room) VALUES (314,'2019-03-30','Nurse',25000,3);
INSERT INTO nurse (id,surgery_assistant,preferred_shifts,appointment_assistant,departement_id) VALUES (314,B'1','Night',B'0',13);
INSERT INTO person (id,first_name,second_name,email,user_login,user_password,sex,date_of_birth,age,permission_level) VALUES (315,'Laura','Jordan','guerreronatasha@yahoo.com','karen47','ZtbRUWbZL','F','1953-04-22',66,1);
INSERT INTO patient (id) VALUES (315);
INSERT INTO patients_address (street,house,apartement) VALUES ('Christopher st.','84','10');
INSERT INTO medical_history (patient_id,date) VALUES (315,'2019-10-24');
INSERT INTO person (id,first_name,second_name,email,user_login,user_password,sex,date_of_birth,age,permission_level) VALUES (316,'Allison','Sullivan','shepherdmichael@gmail.com','dwaynegutierrez','YNaXIuTlURl','F','1939-01-13',80,2);
INSERT INTO staff_member (id,employed_since,position,salary,room) VALUES (316,'2016-03-31','Security Team Member',10000,61);
INSERT INTO security_team_member (id,shifts,physical_test_grade) VALUES (316,'Night','A');
INSERT INTO person (id,first_name,second_name,email,user_login,user_password,sex,date_of_birth,age,permission_level) VALUES (317,'Lisa','Hale','melissaallen@yahoo.com','vgardner','yiGIJuPvnj','F','1911-04-25',108,3);
INSERT INTO staff_member (id,employed_since,position,salary,room) VALUES (317,'2011-06-15','Reseptionist',15000,56);
INSERT INTO reseptionist (id) VALUES (317);
INSERT INTO languages_spoken (reseptionist_id,language) VALUES (317,'PortuguesTatar');
INSERT INTO person (id,first_name,second_name,email,user_login,user_password,sex,date_of_birth,age,permission_level) VALUES (318,'Jennifer','Harrell','sweiss@hotmail.com','brittany99','MhTDFfkLNCoqPuh','F','2013-01-07',6,5);
INSERT INTO staff_member (id,employed_since,position,salary,room) VALUES (318,'2014-12-18','HR',30000,65);
INSERT INTO hr (id,selection_responsibility) VALUES (318,'Interview');
INSERT INTO person (id,first_name,second_name,email,user_login,user_password,sex,date_of_birth,age,permission_level) VALUES (319,'Bailey','Johnson','sean85@yahoo.com','kyliemiller','GLWQnjxiqFHq','F','1975-03-28',44,1);
INSERT INTO staff_member (id,employed_since,position,salary,room) VALUES (319,'2011-04-24','Cleaning Team Worker',10000,55);
INSERT INTO cleaning_team_worker (id,employment_type) VALUES (319,'Part time');
INSERT INTO person (id,first_name,second_name,email,user_login,user_password,sex,date_of_birth,age,permission_level) VALUES (320,'Dr.','Stanley','bautistaerin@yahoo.com','ipetersen','OHKgLvt','M','1919-09-08',100,4);
INSERT INTO staff_member (id,employed_since,position,salary,room) VALUES (320,'2011-05-22','Doctor',35000,19);
INSERT INTO doctor (id,speciality,emergency_hours,experience,departement_id,supervisor) VALUES (320,'Radiologist',B'0',1,10,164);
INSERT INTO person (id,first_name,second_name,email,user_login,user_password,sex,date_of_birth,age,permission_level) VALUES (321,'Ian','Wu','christineatkins@hotmail.com','garciaandrea','QZcXukV','M','2005-04-06',14,4);
INSERT INTO staff_member (id,employed_since,position,salary,room) VALUES (321,'2017-08-02','Nurse',25000,10);
INSERT INTO nurse (id,surgery_assistant,preferred_shifts,appointment_assistant,departement_id) VALUES (321,B'0','Day',B'1',13);
INSERT INTO person (id,first_name,second_name,email,user_login,user_password,sex,date_of_birth,age,permission_level) VALUES (322,'Tammy','Shea','sara32@hotmail.com','rollinstravis','uxDoiHpkE','F','1981-10-20',38,4);
INSERT INTO patient (id) VALUES (322);
INSERT INTO patients_address (street,house,apartement) VALUES ('Teresa st.','11','2');
INSERT INTO medical_history (patient_id,date) VALUES (322,'2019-11-09');
INSERT INTO person (id,first_name,second_name,email,user_login,user_password,sex,date_of_birth,age,permission_level) VALUES (323,'Austin','Gonzalez','stevenrodriguez@hotmail.com','matthewstone','oOWXJFiKVkh','M','1998-12-29',21,2);
INSERT INTO staff_member (id,employed_since,position,salary,room) VALUES (323,'2010-06-05','Cleaning Team Worker',10000,55);
INSERT INTO cleaning_team_worker (id,employment_type) VALUES (323,'Part time');
INSERT INTO person (id,first_name,second_name,email,user_login,user_password,sex,date_of_birth,age,permission_level) VALUES (324,'Angela','Harris','lindsey51@hotmail.com','bsmith','OWzyCiBz','F','1933-03-04',86,1);
INSERT INTO patient (id) VALUES (324);
INSERT INTO patients_address (street,house,apartement) VALUES ('Daniel st.','77','7');
INSERT INTO medical_history (patient_id,date) VALUES (324,'2019-11-19');
INSERT INTO person (id,first_name,second_name,email,user_login,user_password,sex,date_of_birth,age,permission_level) VALUES (325,'Christopher','Lawson','cabrerastephen@gmail.com','lynnanderson','olUXRfWn','M','1962-09-28',57,3);
INSERT INTO patient (id) VALUES (325);
INSERT INTO patients_address (street,house,apartement) VALUES ('Maria st.','29','9');
INSERT INTO medical_history (patient_id,date) VALUES (325,'2019-11-19');
INSERT INTO person (id,first_name,second_name,email,user_login,user_password,sex,date_of_birth,age,permission_level) VALUES (326,'Harold','Newton','chad50@gmail.com','joshua90','YNFqFeoSncsLGd','M','2008-08-18',11,1);
INSERT INTO staff_member (id,employed_since,position,salary,room) VALUES (326,'2013-09-30','Professor',35000,32);
INSERT INTO professor (id,research_topic,surgery_participation,departement_id) VALUES (326,'Emergency Medicine Specialist',B'1',13);
INSERT INTO person (id,first_name,second_name,email,user_login,user_password,sex,date_of_birth,age,permission_level) VALUES (327,'Nathaniel','Smith','wanderson@hotmail.com','charlesvaldez','fCULTrDRvEU','M','1931-05-06',88,2);
INSERT INTO patient (id) VALUES (327);
INSERT INTO patients_address (street,house,apartement) VALUES ('Regina st.','54','10');
INSERT INTO medical_history (patient_id,date) VALUES (327,'2019-11-20');
INSERT INTO person (id,first_name,second_name,email,user_login,user_password,sex,date_of_birth,age,permission_level) VALUES (328,'Jamie','Harris','justin53@gmail.com','vincentlane','EXIvTJaLNlZYRE','F','2002-09-16',17,2);
INSERT INTO staff_member (id,employed_since,position,salary,room) VALUES (328,'2012-10-26','Cook',15000,71);
INSERT INTO cook (id,experience) VALUES (328,10);
INSERT INTO person (id,first_name,second_name,email,user_login,user_password,sex,date_of_birth,age,permission_level) VALUES (329,'James','Higgins','bwilson@yahoo.com','danafuller','hitubzKVPi','M','1946-08-01',73,4);
INSERT INTO staff_member (id,employed_since,position,salary,room) VALUES (329,'2014-07-02','Doctor',35000,23);
INSERT INTO doctor (id,speciality,emergency_hours,experience,departement_id,supervisor) VALUES (329,'Obstetrician and Gynecologist',B'0',4,1,103);
INSERT INTO person (id,first_name,second_name,email,user_login,user_password,sex,date_of_birth,age,permission_level) VALUES (330,'Desiree','Barnes','parrishanthony@yahoo.com','ucarey','IoWyByj','F','1978-07-25',41,2);
INSERT INTO patient (id) VALUES (330);
INSERT INTO patients_address (street,house,apartement) VALUES ('Thomas st.','63','6');
INSERT INTO medical_history (patient_id,date) VALUES (330,'2019-11-14');
INSERT INTO person (id,first_name,second_name,email,user_login,user_password,sex,date_of_birth,age,permission_level) VALUES (331,'Laura','Frank','estradabrandon@yahoo.com','nolanjenny','DjPyRdn','F','2014-02-02',5,1);
INSERT INTO patient (id) VALUES (331);
INSERT INTO patients_address (street,house,apartement) VALUES ('James st.','24','10');
INSERT INTO medical_history (patient_id,date) VALUES (331,'2019-11-14');
INSERT INTO person (id,first_name,second_name,email,user_login,user_password,sex,date_of_birth,age,permission_level) VALUES (332,'Mary','Morales','phenson@hotmail.com','jacqueline93','ZndbnxgVi','F','1915-01-25',104,5);
INSERT INTO staff_member (id,employed_since,position,salary,room) VALUES (332,'2012-08-30','Nurse',25000,7);
INSERT INTO nurse (id,surgery_assistant,preferred_shifts,appointment_assistant,departement_id) VALUES (332,B'0','Night',B'1',11);
INSERT INTO person (id,first_name,second_name,email,user_login,user_password,sex,date_of_birth,age,permission_level) VALUES (333,'Angela','Mata','gonzalezchristopher@gmail.com','allison30','zTXBpwS','F','1957-06-13',62,3);
INSERT INTO staff_member (id,employed_since,position,salary,room) VALUES (333,'2019-03-25','Professor',35000,34);
INSERT INTO professor (id,research_topic,surgery_participation,departement_id) VALUES (333,'Endocrinologists',B'0',12);
INSERT INTO person (id,first_name,second_name,email,user_login,user_password,sex,date_of_birth,age,permission_level) VALUES (334,'Scott','Carroll','jarviselizabeth@yahoo.com','brookehutchinson','BYXVzyXAQP','M','1938-01-16',81,2);
INSERT INTO staff_member (id,employed_since,position,salary,room) VALUES (334,'2015-09-16','Nurse',25000,9);
INSERT INTO nurse (id,surgery_assistant,preferred_shifts,appointment_assistant,departement_id) VALUES (334,B'0','Day',B'1',5);
INSERT INTO person (id,first_name,second_name,email,user_login,user_password,sex,date_of_birth,age,permission_level) VALUES (335,'Kenneth','Ramos','bstewart@gmail.com','lopezroger','VpPvdCrruMGf','M','2017-09-29',2,4);
INSERT INTO staff_member (id,employed_since,position,salary,room) VALUES (335,'2015-04-10','Doctor',35000,14);
INSERT INTO doctor (id,speciality,emergency_hours,experience,departement_id,supervisor) VALUES (335,'Geriatric Medicine Specialist',B'0',1,1,312);
INSERT INTO person (id,first_name,second_name,email,user_login,user_password,sex,date_of_birth,age,permission_level) VALUES (336,'Robert','Crawford','thart@gmail.com','yrivas','sSDkaPCfQUi','M','1982-04-16',37,2);
INSERT INTO staff_member (id,employed_since,position,salary,room) VALUES (336,'2014-04-13','Nurse',25000,10);
INSERT INTO nurse (id,surgery_assistant,preferred_shifts,appointment_assistant,departement_id) VALUES (336,B'0','Day',B'1',2);
INSERT INTO person (id,first_name,second_name,email,user_login,user_password,sex,date_of_birth,age,permission_level) VALUES (337,'Jennifer','Romero','lauraschmitt@gmail.com','spencerchristopher','cttuZFOYuQzHny','F','1906-03-25',113,1);
INSERT INTO staff_member (id,employed_since,position,salary,room) VALUES (337,'2010-08-21','Professor',35000,32);
INSERT INTO professor (id,research_topic,surgery_participation,departement_id) VALUES (337,'Rheumatologist',B'0',11);
INSERT INTO person (id,first_name,second_name,email,user_login,user_password,sex,date_of_birth,age,permission_level) VALUES (338,'Arthur','Williams','rickywillis@gmail.com','ohughes','SpTKaJcBJ','M','1944-06-20',75,4);
INSERT INTO staff_member (id,employed_since,position,salary,room) VALUES (338,'2011-02-21','Lab Technician',15000,48);
INSERT INTO lab_technician (id,education_level,departement_id) VALUES (338,'Magister',14);
INSERT INTO person (id,first_name,second_name,email,user_login,user_password,sex,date_of_birth,age,permission_level) VALUES (339,'Frank','Young','blake53@gmail.com','alex78','yuwaLhIoixeWn','M','2018-04-28',1,2);
INSERT INTO staff_member (id,employed_since,position,salary,room) VALUES (339,'2012-02-04','Reseptionist',15000,56);
INSERT INTO reseptionist (id) VALUES (339);
INSERT INTO languages_spoken (reseptionist_id,language) VALUES (339,'RussianArabicArabic');
INSERT INTO person (id,first_name,second_name,email,user_login,user_password,sex,date_of_birth,age,permission_level) VALUES (340,'Ronnie','Cook','davidoconnell@yahoo.com','karen21','mZkgRnUWfaCoz','M','1909-04-15',110,1);
INSERT INTO staff_member (id,employed_since,position,salary,room) VALUES (340,'2018-09-28','Maintanence Worker',15000,59);
INSERT INTO maintanence_worker (id,employment_type,speciality) VALUES (340,'Part time','Electricity');
INSERT INTO person (id,first_name,second_name,email,user_login,user_password,sex,date_of_birth,age,permission_level) VALUES (341,'Chris','Bowman','williamdavis@gmail.com','hugheskevin','ykyevGZFbCGtsL','M','1949-03-21',70,1);
INSERT INTO staff_member (id,employed_since,position,salary,room) VALUES (341,'2018-02-11','Professor',35000,31);
INSERT INTO professor (id,research_topic,surgery_participation,departement_id) VALUES (341,'Oncologist',B'1',6);
INSERT INTO person (id,first_name,second_name,email,user_login,user_password,sex,date_of_birth,age,permission_level) VALUES (342,'Joyce','Smith','gregorybrown@hotmail.com','oconnorcheryl','FtBlicL','F','1993-05-10',26,4);
INSERT INTO staff_member (id,employed_since,position,salary,room) VALUES (342,'2018-08-13','Reseptionist',15000,56);
INSERT INTO reseptionist (id) VALUES (342);
INSERT INTO languages_spoken (reseptionist_id,language) VALUES (342,'ArabicTatarRussian');
INSERT INTO person (id,first_name,second_name,email,user_login,user_password,sex,date_of_birth,age,permission_level) VALUES (343,'Rachael','Anderson','hannahwade@hotmail.com','julie52','AkyFJujQqu','F','1912-07-29',107,2);
INSERT INTO staff_member (id,employed_since,position,salary,room) VALUES (343,'2018-03-16','Professor',35000,40);
INSERT INTO professor (id,research_topic,surgery_participation,departement_id) VALUES (343,'Emergency Medicine Specialist',B'1',9);
INSERT INTO person (id,first_name,second_name,email,user_login,user_password,sex,date_of_birth,age,permission_level) VALUES (344,'Debra','Hudson','ksilva@hotmail.com','lchavez','FhBSCJtIKQduZII','F','1913-08-03',106,4);
INSERT INTO staff_member (id,employed_since,position,salary,room) VALUES (344,'2016-08-05','Nurse',25000,6);
INSERT INTO nurse (id,surgery_assistant,preferred_shifts,appointment_assistant,departement_id) VALUES (344,B'0','Day',B'1',6);
INSERT INTO person (id,first_name,second_name,email,user_login,user_password,sex,date_of_birth,age,permission_level) VALUES (345,'Benjamin','Bates','jenniferaustin@gmail.com','kayla40','bGMWpdSIeXuRxa','M','2010-02-18',9,5);
INSERT INTO staff_member (id,employed_since,position,salary,room) VALUES (345,'2014-04-15','IT Specialist',15000,76);
INSERT INTO IT_specialist (id,support_line) VALUES (345,B'0');
INSERT INTO person (id,first_name,second_name,email,user_login,user_password,sex,date_of_birth,age,permission_level) VALUES (346,'Jodi','Alvarez','cristian75@gmail.com','tom89','Ylfrmzu','F','1980-07-21',39,2);
INSERT INTO staff_member (id,employed_since,position,salary,room) VALUES (346,'2018-06-19','Nurse',25000,6);
INSERT INTO nurse (id,surgery_assistant,preferred_shifts,appointment_assistant,departement_id) VALUES (346,B'0','Day',B'1',14);
INSERT INTO person (id,first_name,second_name,email,user_login,user_password,sex,date_of_birth,age,permission_level) VALUES (347,'Karina','Kelley','daniel77@hotmail.com','coleheather','ZrMdVTUictOnPE','F','1905-01-28',114,5);
INSERT INTO staff_member (id,employed_since,position,salary,room) VALUES (347,'2014-10-01','Professor',35000,34);
INSERT INTO professor (id,research_topic,surgery_participation,departement_id) VALUES (347,'Psychiatrist',B'1',12);
INSERT INTO person (id,first_name,second_name,email,user_login,user_password,sex,date_of_birth,age,permission_level) VALUES (348,'Meredith','Cook','cheyennemays@hotmail.com','whitneycheryl','oqzEQryQx','F','1906-01-17',113,1);
INSERT INTO staff_member (id,employed_since,position,salary,room) VALUES (348,'2018-11-18','Doctor',35000,14);
INSERT INTO doctor (id,speciality,emergency_hours,experience,departement_id,supervisor) VALUES (348,'Hematologist',B'0',8,12,276);
INSERT INTO person (id,first_name,second_name,email,user_login,user_password,sex,date_of_birth,age,permission_level) VALUES (349,'Jason','Colon','mackenzie63@gmail.com','shawnhenson','StFFnaAxsrp','M','2017-12-24',2,4);
INSERT INTO staff_member (id,employed_since,position,salary,room) VALUES (349,'2015-11-04','Professor',35000,33);
INSERT INTO professor (id,research_topic,surgery_participation,departement_id) VALUES (349,'Pediatrician',B'0',4);
INSERT INTO person (id,first_name,second_name,email,user_login,user_password,sex,date_of_birth,age,permission_level) VALUES (350,'Sarah','Vazquez','gibsonmichelle@gmail.com','paultaylor','hSxTMiiWDR','F','1935-04-07',84,4);
INSERT INTO staff_member (id,employed_since,position,salary,room) VALUES (350,'2016-01-15','Cook',15000,71);
INSERT INTO cook (id,experience) VALUES (350,6);
INSERT INTO person (id,first_name,second_name,email,user_login,user_password,sex,date_of_birth,age,permission_level) VALUES (351,'Ashley','Taylor','lisasmith@yahoo.com','james00','lFbaCYvTo','F','1950-11-22',69,1);
INSERT INTO staff_member (id,employed_since,position,salary,room) VALUES (351,'2011-10-24','Doctor',35000,18);
INSERT INTO doctor (id,speciality,emergency_hours,experience,departement_id,supervisor) VALUES (351,'Ophthalmologist',B'1',4,4,55);
INSERT INTO person (id,first_name,second_name,email,user_login,user_password,sex,date_of_birth,age,permission_level) VALUES (352,'Nicole','Richards','barbarabowers@yahoo.com','castillobethany','VJlIoVQFFVQbd','F','1963-09-11',56,4);
INSERT INTO staff_member (id,employed_since,position,salary,room) VALUES (352,'2019-09-13','Nurse',25000,6);
INSERT INTO nurse (id,surgery_assistant,preferred_shifts,appointment_assistant,departement_id) VALUES (352,B'1','Night',B'1',7);
INSERT INTO person (id,first_name,second_name,email,user_login,user_password,sex,date_of_birth,age,permission_level) VALUES (353,'Jesse','Roth','washingtonshari@gmail.com','pamelapeterson','wzKstbh','M','1957-12-22',62,2);
INSERT INTO patient (id) VALUES (353);
INSERT INTO patients_address (street,house,apartement) VALUES ('Jessica st.','52','1');
INSERT INTO medical_history (patient_id,date) VALUES (353,'2019-11-17');
INSERT INTO person (id,first_name,second_name,email,user_login,user_password,sex,date_of_birth,age,permission_level) VALUES (354,'Angel','Brown','mendeztanya@gmail.com','nwilliams','QZQhNqtUmSJgBl','F','2013-01-27',6,3);
INSERT INTO staff_member (id,employed_since,position,salary,room) VALUES (354,'2018-10-05','Doctor',35000,13);
INSERT INTO doctor (id,speciality,emergency_hours,experience,departement_id,supervisor) VALUES (354,'Hematologist',B'0',10,14,115);
INSERT INTO person (id,first_name,second_name,email,user_login,user_password,sex,date_of_birth,age,permission_level) VALUES (355,'Dr.','Ashley','smoore@gmail.com','linda95','xncRyjpFcm','F','1964-02-05',55,2);
INSERT INTO staff_member (id,employed_since,position,salary,room) VALUES (355,'2017-09-07','Security Team Member',10000,62);
INSERT INTO security_team_member (id,shifts,physical_test_grade) VALUES (355,'Night','D');
INSERT INTO person (id,first_name,second_name,email,user_login,user_password,sex,date_of_birth,age,permission_level) VALUES (356,'Adrienne','Jones','joseph50@yahoo.com','ocompton','yjhWeaNchPW','F','1975-05-26',44,5);
INSERT INTO staff_member (id,employed_since,position,salary,room) VALUES (356,'2010-12-02','Nurse',25000,9);
INSERT INTO nurse (id,surgery_assistant,preferred_shifts,appointment_assistant,departement_id) VALUES (356,B'1','Day',B'1',14);
INSERT INTO person (id,first_name,second_name,email,user_login,user_password,sex,date_of_birth,age,permission_level) VALUES (357,'Zachary','Miller','paulasanchez@hotmail.com','jessica21','nHUxMIVjk','M','1937-11-26',82,2);
INSERT INTO patient (id) VALUES (357);
INSERT INTO patients_address (street,house,apartement) VALUES ('Melissa st.','10','5');
INSERT INTO medical_history (patient_id,date) VALUES (357,'2019-11-03');
INSERT INTO person (id,first_name,second_name,email,user_login,user_password,sex,date_of_birth,age,permission_level) VALUES (358,'Jimmy','Reed','lewiskaren@hotmail.com','kevinosborne','WTqEoVCAcnB','M','1965-09-22',54,2);
INSERT INTO staff_member (id,employed_since,position,salary,room) VALUES (358,'2012-09-22','Doctor',35000,17);
INSERT INTO doctor (id,speciality,emergency_hours,experience,departement_id,supervisor) VALUES (358,'Colon Surgeon',B'0',6,14,354);
INSERT INTO person (id,first_name,second_name,email,user_login,user_password,sex,date_of_birth,age,permission_level) VALUES (359,'Nicholas','Edwards','wongtimothy@hotmail.com','timothy04','tCswxTzkhYY','M','1951-07-10',68,4);
INSERT INTO staff_member (id,employed_since,position,salary,room) VALUES (359,'2013-11-18','Professor',35000,38);
INSERT INTO professor (id,research_topic,surgery_participation,departement_id) VALUES (359,'Cardiologist',B'1',8);
INSERT INTO person (id,first_name,second_name,email,user_login,user_password,sex,date_of_birth,age,permission_level) VALUES (360,'Dr.','Emily','johnsonangie@yahoo.com','gonzalezcollin','EfdHFxRUXu','F','1977-11-25',42,4);
INSERT INTO staff_member (id,employed_since,position,salary,room) VALUES (360,'2019-08-09','Doctor',35000,29);
INSERT INTO doctor (id,speciality,emergency_hours,experience,departement_id,supervisor) VALUES (360,'Endocrinologists',B'1',6,2,103);
INSERT INTO person (id,first_name,second_name,email,user_login,user_password,sex,date_of_birth,age,permission_level) VALUES (361,'Michael','Griffin','lcabrera@yahoo.com','collinsbrett','QYpoAxruv','M','2009-06-30',10,1);
INSERT INTO staff_member (id,employed_since,position,salary,room) VALUES (361,'2017-08-26','Doctor',35000,12);
INSERT INTO doctor (id,speciality,emergency_hours,experience,departement_id,supervisor) VALUES (361,'Ophthalmologist',B'1',2,10,358);
INSERT INTO person (id,first_name,second_name,email,user_login,user_password,sex,date_of_birth,age,permission_level) VALUES (362,'Jennifer','Mack','sherry12@hotmail.com','brownangela','byHoZYjTewdcesl','F','1917-05-17',102,2);
INSERT INTO staff_member (id,employed_since,position,salary,room) VALUES (362,'2013-02-12','Priest',15000,80);
INSERT INTO priest (id,religion) VALUES (362,'Christianity');
INSERT INTO person (id,first_name,second_name,email,user_login,user_password,sex,date_of_birth,age,permission_level) VALUES (363,'Christian','Hill','jasonmurphy@gmail.com','stevenboyd','znIQrWQQiCF','M','1956-04-17',63,4);
INSERT INTO staff_member (id,employed_since,position,salary,room) VALUES (363,'2019-02-11','Nurse',25000,6);
INSERT INTO nurse (id,surgery_assistant,preferred_shifts,appointment_assistant,departement_id) VALUES (363,B'1','Day',B'0',10);
INSERT INTO person (id,first_name,second_name,email,user_login,user_password,sex,date_of_birth,age,permission_level) VALUES (364,'Michael','Miller','thomasthomas@yahoo.com','jonathankirk','XVtZqstxdKroM','M','1939-01-24',80,1);
INSERT INTO staff_member (id,employed_since,position,salary,room) VALUES (364,'2018-09-18','Maintanence Worker',15000,57);
INSERT INTO maintanence_worker (id,employment_type,speciality) VALUES (364,'Part time','Hardware');
INSERT INTO person (id,first_name,second_name,email,user_login,user_password,sex,date_of_birth,age,permission_level) VALUES (365,'James','Mendez','gregory01@gmail.com','diazbetty','ONaloOw','M','2004-11-07',15,4);
INSERT INTO staff_member (id,employed_since,position,salary,room) VALUES (365,'2010-10-25','Cook',15000,73);
INSERT INTO cook (id,experience) VALUES (365,3);
INSERT INTO person (id,first_name,second_name,email,user_login,user_password,sex,date_of_birth,age,permission_level) VALUES (366,'Nancy','Mcgee','nsmith@yahoo.com','wesleybradley','rhFkzcVsqvsWJRK','F','1996-12-16',23,5);
INSERT INTO staff_member (id,employed_since,position,salary,room) VALUES (366,'2011-01-28','Doctor',35000,26);
INSERT INTO doctor (id,speciality,emergency_hours,experience,departement_id,supervisor) VALUES (366,'Internist',B'0',5,6,225);
INSERT INTO person (id,first_name,second_name,email,user_login,user_password,sex,date_of_birth,age,permission_level) VALUES (367,'David','Dudley','aaron13@hotmail.com','qedwards','RSpGpEf','M','1940-10-28',79,4);
INSERT INTO patient (id) VALUES (367);
INSERT INTO patients_address (street,house,apartement) VALUES ('Tammy st.','83','4');
INSERT INTO medical_history (patient_id,date) VALUES (367,'2019-10-30');
INSERT INTO person (id,first_name,second_name,email,user_login,user_password,sex,date_of_birth,age,permission_level) VALUES (368,'Paula','Roberts','mccormickandrea@gmail.com','james94','jpAaXRQukri','F','1916-12-22',103,1);
INSERT INTO staff_member (id,employed_since,position,salary,room) VALUES (368,'2019-09-20','Nurse',25000,3);
INSERT INTO nurse (id,surgery_assistant,preferred_shifts,appointment_assistant,departement_id) VALUES (368,B'0','Night',B'0',5);
INSERT INTO person (id,first_name,second_name,email,user_login,user_password,sex,date_of_birth,age,permission_level) VALUES (369,'Leah','Zamora','willie33@yahoo.com','allenkevin','TMIGhULuzql','F','2011-07-10',8,5);
INSERT INTO staff_member (id,employed_since,position,salary,room) VALUES (369,'2017-11-03','Nurse',25000,4);
INSERT INTO nurse (id,surgery_assistant,preferred_shifts,appointment_assistant,departement_id) VALUES (369,B'0','Day',B'0',3);
INSERT INTO person (id,first_name,second_name,email,user_login,user_password,sex,date_of_birth,age,permission_level) VALUES (370,'Gregory','Griffin','vtaylor@hotmail.com','ijohns','ApBOdPaNwT','M','1952-07-17',67,4);
INSERT INTO patient (id) VALUES (370);
INSERT INTO patients_address (street,house,apartement) VALUES ('Lauren st.','55','9');
INSERT INTO medical_history (patient_id,date) VALUES (370,'2019-10-27');
INSERT INTO person (id,first_name,second_name,email,user_login,user_password,sex,date_of_birth,age,permission_level) VALUES (371,'Ms.','Cynthia','lisa68@gmail.com','edward23','YoKUnccFrZ','F','1939-04-03',80,4);
INSERT INTO staff_member (id,employed_since,position,salary,room) VALUES (371,'2015-01-28','Professor',35000,31);
INSERT INTO professor (id,research_topic,surgery_participation,departement_id) VALUES (371,'Colon Surgeon',B'0',10);
INSERT INTO person (id,first_name,second_name,email,user_login,user_password,sex,date_of_birth,age,permission_level) VALUES (372,'Rachel','Day','martinsamuel@hotmail.com','kim86','cPrRMhjw','F','1949-06-20',70,1);
INSERT INTO staff_member (id,employed_since,position,salary,room) VALUES (372,'2013-12-05','Lab Technician',15000,41);
INSERT INTO lab_technician (id,education_level,departement_id) VALUES (372,'PhD',10);
INSERT INTO person (id,first_name,second_name,email,user_login,user_password,sex,date_of_birth,age,permission_level) VALUES (373,'John','Schwartz','tammy13@yahoo.com','jacksonchelsea','FYwpvsktkX','M','1928-06-16',91,1);
INSERT INTO staff_member (id,employed_since,position,salary,room) VALUES (373,'2016-07-04','Professor',35000,32);
INSERT INTO professor (id,research_topic,surgery_participation,departement_id) VALUES (373,'Dermatologist',B'1',4);
INSERT INTO person (id,first_name,second_name,email,user_login,user_password,sex,date_of_birth,age,permission_level) VALUES (374,'Kathryn','Beltran','julian03@gmail.com','newmanmegan','WlEwYmAPs','F','1949-03-05',70,5);
INSERT INTO staff_member (id,employed_since,position,salary,room) VALUES (374,'2013-07-04','Maintanence Worker',15000,59);
INSERT INTO maintanence_worker (id,employment_type,speciality) VALUES (374,'Full time','Hardware');
INSERT INTO person (id,first_name,second_name,email,user_login,user_password,sex,date_of_birth,age,permission_level) VALUES (375,'Kenneth','Bruce','gregoryjames@hotmail.com','sarah01','jMJhloDaYqWm','M','1916-02-01',103,3);
INSERT INTO staff_member (id,employed_since,position,salary,room) VALUES (375,'2019-02-16','Nurse',25000,5);
INSERT INTO nurse (id,surgery_assistant,preferred_shifts,appointment_assistant,departement_id) VALUES (375,B'1','Night',B'0',10);
INSERT INTO person (id,first_name,second_name,email,user_login,user_password,sex,date_of_birth,age,permission_level) VALUES (376,'Sherri','Roberts','matthewsjennifer@yahoo.com','dicksontina','WWuEClLbPN','F','1998-08-24',21,4);
INSERT INTO staff_member (id,employed_since,position,salary,room) VALUES (376,'2013-02-12','Professor',35000,35);
INSERT INTO professor (id,research_topic,surgery_participation,departement_id) VALUES (376,'Hematologist',B'1',14);
INSERT INTO person (id,first_name,second_name,email,user_login,user_password,sex,date_of_birth,age,permission_level) VALUES (377,'Sandra','Lopez','wallerkenneth@gmail.com','timothyanderson','MslotilVkzjY','F','1921-01-30',98,2);
INSERT INTO staff_member (id,employed_since,position,salary,room) VALUES (377,'2018-03-09','Reseptionist',15000,56);
INSERT INTO reseptionist (id) VALUES (377);
INSERT INTO languages_spoken (reseptionist_id,language) VALUES (377,'ArabicRussianPortuguesEnglishRussianArabic');
INSERT INTO person (id,first_name,second_name,email,user_login,user_password,sex,date_of_birth,age,permission_level) VALUES (378,'Jenna','Lewis','adam23@yahoo.com','hodgemichelle','TKxdCuAG','F','1993-04-28',26,3);
INSERT INTO patient (id) VALUES (378);
INSERT INTO patients_address (street,house,apartement) VALUES ('Marco st.','98','7');
INSERT INTO medical_history (patient_id,date) VALUES (378,'2019-11-18');
INSERT INTO person (id,first_name,second_name,email,user_login,user_password,sex,date_of_birth,age,permission_level) VALUES (379,'Kevin','Perry','taylorlopez@yahoo.com','iharper','vpqTzFtGyld','M','1970-03-23',49,1);
INSERT INTO staff_member (id,employed_since,position,salary,room) VALUES (379,'2011-07-06','Priest',15000,79);
INSERT INTO priest (id,religion) VALUES (379,'Islam');
INSERT INTO person (id,first_name,second_name,email,user_login,user_password,sex,date_of_birth,age,permission_level) VALUES (380,'Robert','Turner','nicholasjohnson@hotmail.com','romerothomas','TXfdJgDifeSFPv','M','1937-11-30',82,4);
INSERT INTO staff_member (id,employed_since,position,salary,room) VALUES (380,'2011-01-05','Professor',35000,33);
INSERT INTO professor (id,research_topic,surgery_participation,departement_id) VALUES (380,'Endocrinologists',B'0',3);
INSERT INTO person (id,first_name,second_name,email,user_login,user_password,sex,date_of_birth,age,permission_level) VALUES (381,'Christopher','Thornton','dclark@hotmail.com','thomasmichele','qEdpjnHLnHkx','M','1910-09-13',109,1);
INSERT INTO staff_member (id,employed_since,position,salary,room) VALUES (381,'2013-02-24','Reseptionist',15000,56);
INSERT INTO reseptionist (id) VALUES (381);
INSERT INTO languages_spoken (reseptionist_id,language) VALUES (381,'EnglishEnglishPortuguesEnglishRussianPortugues');
INSERT INTO person (id,first_name,second_name,email,user_login,user_password,sex,date_of_birth,age,permission_level) VALUES (382,'Larry','Clark','sarahchavez@gmail.com','dvargas','IkZSQJKVgGVc','M','1937-04-18',82,3);
INSERT INTO staff_member (id,employed_since,position,salary,room) VALUES (382,'2012-01-23','Doctor',35000,28);
INSERT INTO doctor (id,speciality,emergency_hours,experience,departement_id,supervisor) VALUES (382,'Pediatrician',B'1',8,14,151);
INSERT INTO person (id,first_name,second_name,email,user_login,user_password,sex,date_of_birth,age,permission_level) VALUES (383,'Miranda','Thompson','georgemartha@yahoo.com','nmurphy','taolEEKb','F','1999-09-10',20,5);
INSERT INTO staff_member (id,employed_since,position,salary,room) VALUES (383,'2011-01-03','Reseptionist',15000,56);
INSERT INTO reseptionist (id) VALUES (383);
INSERT INTO languages_spoken (reseptionist_id,language) VALUES (383,'TatarPortuguesArabicPortuguesTatar');
INSERT INTO person (id,first_name,second_name,email,user_login,user_password,sex,date_of_birth,age,permission_level) VALUES (384,'Ryan','Anthony','tiffany09@yahoo.com','jenkinscharles','GaSxljSC','M','1988-08-03',31,5);
INSERT INTO patient (id) VALUES (384);
INSERT INTO patients_address (street,house,apartement) VALUES ('Michael st.','38','10');
INSERT INTO medical_history (patient_id,date) VALUES (384,'2019-11-16');
INSERT INTO person (id,first_name,second_name,email,user_login,user_password,sex,date_of_birth,age,permission_level) VALUES (385,'James','Kerr','wbeasley@yahoo.com','gwalters','lkhwxfkwC','M','1942-07-04',77,4);
INSERT INTO staff_member (id,employed_since,position,salary,room) VALUES (385,'2015-02-12','Nurse',25000,4);
INSERT INTO nurse (id,surgery_assistant,preferred_shifts,appointment_assistant,departement_id) VALUES (385,B'0','Day',B'0',4);
INSERT INTO person (id,first_name,second_name,email,user_login,user_password,sex,date_of_birth,age,permission_level) VALUES (386,'Amy','Harmon','xswanson@gmail.com','nathan83','ukjaGkYbumO','F','1976-02-08',43,1);
INSERT INTO patient (id) VALUES (386);
INSERT INTO patients_address (street,house,apartement) VALUES ('Tamara st.','40','4');
INSERT INTO medical_history (patient_id,date) VALUES (386,'2019-11-05');
INSERT INTO person (id,first_name,second_name,email,user_login,user_password,sex,date_of_birth,age,permission_level) VALUES (387,'Kimberly','Long','jennifer48@yahoo.com','ebrown','mlBMZsDnRrFStqC','F','1969-04-27',50,1);
INSERT INTO staff_member (id,employed_since,position,salary,room) VALUES (387,'2012-05-31','Nurse',25000,10);
INSERT INTO nurse (id,surgery_assistant,preferred_shifts,appointment_assistant,departement_id) VALUES (387,B'1','Night',B'0',10);
INSERT INTO person (id,first_name,second_name,email,user_login,user_password,sex,date_of_birth,age,permission_level) VALUES (388,'Chelsea','Vega','samantha90@yahoo.com','rachel18','bJVJTIBRLOuUHp','F','2010-09-16',9,1);
INSERT INTO staff_member (id,employed_since,position,salary,room) VALUES (388,'2012-06-03','Professor',35000,37);
INSERT INTO professor (id,research_topic,surgery_participation,departement_id) VALUES (388,'Infectious Disease Specialist',B'1',8);
INSERT INTO person (id,first_name,second_name,email,user_login,user_password,sex,date_of_birth,age,permission_level) VALUES (389,'Priscilla','Walker','patricia25@gmail.com','brent24','FbXIPinwAljr','F','2019-10-17',0,2);
INSERT INTO patient (id) VALUES (389);
INSERT INTO patients_address (street,house,apartement) VALUES ('Brianna st.','96','6');
INSERT INTO medical_history (patient_id,date) VALUES (389,'2019-11-01');
INSERT INTO person (id,first_name,second_name,email,user_login,user_password,sex,date_of_birth,age,permission_level) VALUES (390,'Thomas','Snyder','katrina23@gmail.com','hramsey','SSCAFDzcygqpRyp','M','1910-11-28',109,3);
INSERT INTO staff_member (id,employed_since,position,salary,room) VALUES (390,'2017-08-07','Maintanence Worker',15000,59);
INSERT INTO maintanence_worker (id,employment_type,speciality) VALUES (390,'Full time','Furniture');
INSERT INTO person (id,first_name,second_name,email,user_login,user_password,sex,date_of_birth,age,permission_level) VALUES (391,'Brad','Lee','vshaw@hotmail.com','debbie81','tLQKrtRTfVF','M','1995-06-23',24,5);
INSERT INTO staff_member (id,employed_since,position,salary,room) VALUES (391,'2010-12-04','Maintanence Worker',15000,59);
INSERT INTO maintanence_worker (id,employment_type,speciality) VALUES (391,'Part time','Electricity');
INSERT INTO person (id,first_name,second_name,email,user_login,user_password,sex,date_of_birth,age,permission_level) VALUES (392,'Brooke','Miller','christine67@yahoo.com','xconley','IXTQPthXCBPlc','F','1990-06-28',29,1);
INSERT INTO staff_member (id,employed_since,position,salary,room) VALUES (392,'2010-02-22','Nurse',25000,10);
INSERT INTO nurse (id,surgery_assistant,preferred_shifts,appointment_assistant,departement_id) VALUES (392,B'0','Night',B'1',14);
INSERT INTO person (id,first_name,second_name,email,user_login,user_password,sex,date_of_birth,age,permission_level) VALUES (393,'Susan','Stein','robinwaller@yahoo.com','williegay','SThKLmMDXter','F','2010-03-12',9,2);
INSERT INTO staff_member (id,employed_since,position,salary,room) VALUES (393,'2018-10-03','HR',30000,65);
INSERT INTO hr (id,selection_responsibility) VALUES (393,'Interview');
INSERT INTO person (id,first_name,second_name,email,user_login,user_password,sex,date_of_birth,age,permission_level) VALUES (394,'Mark','Carlson','waltervincent@yahoo.com','john27','rUZZbwbBRZKsSb','M','1941-08-14',78,2);
INSERT INTO staff_member (id,employed_since,position,salary,room) VALUES (394,'2017-01-18','Nurse',25000,9);
INSERT INTO nurse (id,surgery_assistant,preferred_shifts,appointment_assistant,departement_id) VALUES (394,B'1','Day',B'0',4);
INSERT INTO person (id,first_name,second_name,email,user_login,user_password,sex,date_of_birth,age,permission_level) VALUES (395,'Dustin','Mcintyre','joshuaferguson@yahoo.com','adamskrista','wbnhuXZclwzS','M','1927-11-08',92,4);
INSERT INTO staff_member (id,employed_since,position,salary,room) VALUES (395,'2010-09-30','Professor',35000,40);
INSERT INTO professor (id,research_topic,surgery_participation,departement_id) VALUES (395,'Emergency Medicine Specialist',B'1',8);
INSERT INTO person (id,first_name,second_name,email,user_login,user_password,sex,date_of_birth,age,permission_level) VALUES (396,'Rhonda','Cooper','heatherramsey@hotmail.com','terri82','iAHnVfamVfJvT','F','1962-02-12',57,2);
INSERT INTO staff_member (id,employed_since,position,salary,room) VALUES (396,'2010-12-24','Professor',35000,40);
INSERT INTO professor (id,research_topic,surgery_participation,departement_id) VALUES (396,'General Surgeon',B'1',3);
INSERT INTO person (id,first_name,second_name,email,user_login,user_password,sex,date_of_birth,age,permission_level) VALUES (397,'Victor','Thomas','dawnwhitehead@hotmail.com','hcarter','JhikWvKt','M','1953-11-02',66,4);
INSERT INTO staff_member (id,employed_since,position,salary,room) VALUES (397,'2016-01-18','Nurse',25000,4);
INSERT INTO nurse (id,surgery_assistant,preferred_shifts,appointment_assistant,departement_id) VALUES (397,B'1','Day',B'0',4);
INSERT INTO person (id,first_name,second_name,email,user_login,user_password,sex,date_of_birth,age,permission_level) VALUES (398,'Nicole','Barnes','cooperpenny@hotmail.com','tjones','DPEiTxRYNes','F','1950-06-30',69,3);
INSERT INTO patient (id) VALUES (398);
INSERT INTO patients_address (street,house,apartement) VALUES ('Shawn st.','93','6');
INSERT INTO medical_history (patient_id,date) VALUES (398,'2019-11-17');
INSERT INTO person (id,first_name,second_name,email,user_login,user_password,sex,date_of_birth,age,permission_level) VALUES (399,'Francisco','Ryan','dawn69@gmail.com','biancagarcia','MkgMvaEMSwDis','M','1923-08-26',96,1);
INSERT INTO staff_member (id,employed_since,position,salary,room) VALUES (399,'2019-10-10','Lab Technician',15000,43);
INSERT INTO lab_technician (id,education_level,departement_id) VALUES (399,'PhD',13);
INSERT INTO person (id,first_name,second_name,email,user_login,user_password,sex,date_of_birth,age,permission_level) VALUES (400,'Jennifer','Diaz','edwin15@gmail.com','jordan72','WHWXEAkRtgDUhe','F','1968-11-17',51,3);
INSERT INTO staff_member (id,employed_since,position,salary,room) VALUES (400,'2010-10-13','Nurse',25000,8);
INSERT INTO nurse (id,surgery_assistant,preferred_shifts,appointment_assistant,departement_id) VALUES (400,B'0','Day',B'0',8);
INSERT INTO person (id,first_name,second_name,email,user_login,user_password,sex,date_of_birth,age,permission_level) VALUES (401,'Patricia','Herrera','xlopez@yahoo.com','ianderson','YMRDwNanYKq','F','1924-09-29',95,1);
INSERT INTO staff_member (id,employed_since,position,salary,room) VALUES (401,'2017-06-23','Nurse',25000,4);
INSERT INTO nurse (id,surgery_assistant,preferred_shifts,appointment_assistant,departement_id) VALUES (401,B'1','Night',B'1',6);
INSERT INTO person (id,first_name,second_name,email,user_login,user_password,sex,date_of_birth,age,permission_level) VALUES (402,'Anita','Avila','fwilliams@hotmail.com','lshepard','IHHOaYYDl','F','1952-04-01',67,2);
INSERT INTO staff_member (id,employed_since,position,salary,room) VALUES (402,'2019-11-05','Doctor',35000,20);
INSERT INTO doctor (id,speciality,emergency_hours,experience,departement_id,supervisor) VALUES (402,'Osteopath',B'0',3,4,151);
INSERT INTO person (id,first_name,second_name,email,user_login,user_password,sex,date_of_birth,age,permission_level) VALUES (403,'Frank','Freeman','michaeljohnson@gmail.com','martineztravis','HCVaZgzRUfRF','M','1938-10-04',81,2);
INSERT INTO patient (id) VALUES (403);
INSERT INTO patients_address (street,house,apartement) VALUES ('Matthew st.','97','4');
INSERT INTO medical_history (patient_id,date) VALUES (403,'2019-10-27');
INSERT INTO person (id,first_name,second_name,email,user_login,user_password,sex,date_of_birth,age,permission_level) VALUES (404,'Eric','Harrison','gcooper@hotmail.com','laurenwilson','emgNamph','M','1912-07-14',107,5);
INSERT INTO staff_member (id,employed_since,position,salary,room) VALUES (404,'2010-09-26','HR',30000,65);
INSERT INTO hr (id,selection_responsibility) VALUES (404,'Review');
INSERT INTO person (id,first_name,second_name,email,user_login,user_password,sex,date_of_birth,age,permission_level) VALUES (405,'Stephanie','Adams','usmith@yahoo.com','ejohnson','kpkFyDuzuA','F','1997-11-05',22,3);
INSERT INTO staff_member (id,employed_since,position,salary,room) VALUES (405,'2013-09-28','Maintanence Worker',15000,58);
INSERT INTO maintanence_worker (id,employment_type,speciality) VALUES (405,'Full time','Furniture');
INSERT INTO person (id,first_name,second_name,email,user_login,user_password,sex,date_of_birth,age,permission_level) VALUES (406,'Nathan','Jackson','halekimberly@gmail.com','hollydaniel','aaDDeelikmKVw','M','1972-04-02',47,3);
INSERT INTO patient (id) VALUES (406);
INSERT INTO patients_address (street,house,apartement) VALUES ('Brian st.','11','2');
INSERT INTO medical_history (patient_id,date) VALUES (406,'2019-10-27');
INSERT INTO person (id,first_name,second_name,email,user_login,user_password,sex,date_of_birth,age,permission_level) VALUES (407,'James','Fuller','ashleytaylor@yahoo.com','williamortega','nTsfMmZuuJIY','M','1912-03-16',107,5);
INSERT INTO patient (id) VALUES (407);
INSERT INTO patients_address (street,house,apartement) VALUES ('Anna st.','61','4');
INSERT INTO medical_history (patient_id,date) VALUES (407,'2019-11-17');
INSERT INTO person (id,first_name,second_name,email,user_login,user_password,sex,date_of_birth,age,permission_level) VALUES (408,'Joshua','White','jasonmontgomery@yahoo.com','melvin32','yMmahhyXikwSdlS','M','2014-12-09',5,1);
INSERT INTO staff_member (id,employed_since,position,salary,room) VALUES (408,'2013-03-13','Security Team Member',10000,63);
INSERT INTO security_team_member (id,shifts,physical_test_grade) VALUES (408,'Day','C');
INSERT INTO person (id,first_name,second_name,email,user_login,user_password,sex,date_of_birth,age,permission_level) VALUES (409,'Suzanne','Hickman','qfrench@hotmail.com','robertsjulie','ScqOPRF','F','1976-08-10',43,1);
INSERT INTO staff_member (id,employed_since,position,salary,room) VALUES (409,'2012-06-08','IT Specialist',15000,75);
INSERT INTO IT_specialist (id,support_line) VALUES (409,B'1');
INSERT INTO person (id,first_name,second_name,email,user_login,user_password,sex,date_of_birth,age,permission_level) VALUES (410,'Steven','Collins','skidd@yahoo.com','ustewart','oAjYmit','M','1983-05-27',36,4);
INSERT INTO patient (id) VALUES (410);
INSERT INTO patients_address (street,house,apartement) VALUES ('Charles st.','27','4');
INSERT INTO medical_history (patient_id,date) VALUES (410,'2019-10-25');
INSERT INTO person (id,first_name,second_name,email,user_login,user_password,sex,date_of_birth,age,permission_level) VALUES (411,'Nicholas','Mendez','arthurgray@hotmail.com','crystal04','jnfSaSg','M','1914-04-29',105,4);
INSERT INTO staff_member (id,employed_since,position,salary,room) VALUES (411,'2016-03-14','Nurse',25000,9);
INSERT INTO nurse (id,surgery_assistant,preferred_shifts,appointment_assistant,departement_id) VALUES (411,B'1','Day',B'1',8);
INSERT INTO person (id,first_name,second_name,email,user_login,user_password,sex,date_of_birth,age,permission_level) VALUES (412,'Matthew','Grant','christopher43@hotmail.com','jean12','PhDBrvQNj','M','1972-05-31',47,3);
INSERT INTO staff_member (id,employed_since,position,salary,room) VALUES (412,'2017-08-19','Security Team Member',10000,62);
INSERT INTO security_team_member (id,shifts,physical_test_grade) VALUES (412,'Day','B');
INSERT INTO person (id,first_name,second_name,email,user_login,user_password,sex,date_of_birth,age,permission_level) VALUES (413,'Robert','Lynch','juanswanson@gmail.com','cainmichael','SXJOIQZIz','M','1957-06-17',62,2);
INSERT INTO staff_member (id,employed_since,position,salary,room) VALUES (413,'2012-11-29','Professor',35000,33);
INSERT INTO professor (id,research_topic,surgery_participation,departement_id) VALUES (413,'Nephrologist',B'1',3);
INSERT INTO person (id,first_name,second_name,email,user_login,user_password,sex,date_of_birth,age,permission_level) VALUES (414,'Dale','Oconnor','angelasutton@hotmail.com','brios','qLumRtqNXwdxne','M','1961-02-05',58,4);
INSERT INTO patient (id) VALUES (414);
INSERT INTO patients_address (street,house,apartement) VALUES ('Ruth st.','14','10');
INSERT INTO medical_history (patient_id,date) VALUES (414,'2019-11-08');
INSERT INTO person (id,first_name,second_name,email,user_login,user_password,sex,date_of_birth,age,permission_level) VALUES (415,'Lisa','Meadows','jacobsonmaria@gmail.com','robertsgary','BAWLovF','F','2000-12-18',19,1);
INSERT INTO staff_member (id,employed_since,position,salary,room) VALUES (415,'2018-08-21','Professor',35000,40);
INSERT INTO professor (id,research_topic,surgery_participation,departement_id) VALUES (415,'Urologist',B'0',12);
INSERT INTO person (id,first_name,second_name,email,user_login,user_password,sex,date_of_birth,age,permission_level) VALUES (416,'Mandy','Clark','scottkennedy@gmail.com','michaelsanders','IkGgnSGEe','F','1955-01-16',64,3);
INSERT INTO staff_member (id,employed_since,position,salary,room) VALUES (416,'2012-07-21','Doctor',35000,18);
INSERT INTO doctor (id,speciality,emergency_hours,experience,departement_id,supervisor) VALUES (416,'Psychiatrist',B'1',2,5,276);
INSERT INTO person (id,first_name,second_name,email,user_login,user_password,sex,date_of_birth,age,permission_level) VALUES (417,'Crystal','Smith','christopherrobinson@gmail.com','troyhardy','roAbCQKyExomBR','F','1981-01-10',38,2);
INSERT INTO staff_member (id,employed_since,position,salary,room) VALUES (417,'2016-08-15','Doctor',35000,30);
INSERT INTO doctor (id,speciality,emergency_hours,experience,departement_id,supervisor) VALUES (417,'Preventive Medicine Specialist',B'1',10,9,17);
INSERT INTO person (id,first_name,second_name,email,user_login,user_password,sex,date_of_birth,age,permission_level) VALUES (418,'Lori','Smith','garyturner@hotmail.com','michellewilcox','JOAjNQgUIRcG','F','1987-01-17',32,5);
INSERT INTO staff_member (id,employed_since,position,salary,room) VALUES (418,'2016-07-21','Reseptionist',15000,56);
INSERT INTO reseptionist (id) VALUES (418);
INSERT INTO languages_spoken (reseptionist_id,language) VALUES (418,'ItalianPortuguesRussianRussian');
INSERT INTO person (id,first_name,second_name,email,user_login,user_password,sex,date_of_birth,age,permission_level) VALUES (419,'Sheila','Morris','robert73@hotmail.com','reyesmatthew','NBxabXomTZvg','F','1909-09-08',110,3);
INSERT INTO patient (id) VALUES (419);
INSERT INTO patients_address (street,house,apartement) VALUES ('Christopher st.','57','8');
INSERT INTO medical_history (patient_id,date) VALUES (419,'2019-11-09');
INSERT INTO person (id,first_name,second_name,email,user_login,user_password,sex,date_of_birth,age,permission_level) VALUES (420,'Melinda','Jones','josephmoore@yahoo.com','paulgonzalez','siAMryqxcSwBfDN','F','1922-08-15',97,5);
INSERT INTO staff_member (id,employed_since,position,salary,room) VALUES (420,'2013-09-25','Cook',15000,73);
INSERT INTO cook (id,experience) VALUES (420,4);
INSERT INTO person (id,first_name,second_name,email,user_login,user_password,sex,date_of_birth,age,permission_level) VALUES (421,'Jeffery','Hampton','barbaraclark@gmail.com','rebeccaschmidt','rZVFwSw','M','2011-07-05',8,1);
INSERT INTO staff_member (id,employed_since,position,salary,room) VALUES (421,'2012-09-30','Doctor',35000,28);
INSERT INTO doctor (id,speciality,emergency_hours,experience,departement_id,supervisor) VALUES (421,'Gastroenterologist',B'1',8,9,305);
INSERT INTO person (id,first_name,second_name,email,user_login,user_password,sex,date_of_birth,age,permission_level) VALUES (422,'David','Smith','michaelberry@hotmail.com','david27','LrXkrur','M','1907-12-12',112,1);
INSERT INTO staff_member (id,employed_since,position,salary,room) VALUES (422,'2013-05-14','Doctor',35000,25);
INSERT INTO doctor (id,speciality,emergency_hours,experience,departement_id,supervisor) VALUES (422,'Dermatologist',B'0',1,7,262);
INSERT INTO person (id,first_name,second_name,email,user_login,user_password,sex,date_of_birth,age,permission_level) VALUES (423,'Perry','Mills','millerkimberly@gmail.com','gabrielamitchell','FgsCXVhZ','M','2011-12-14',8,4);
INSERT INTO staff_member (id,employed_since,position,salary,room) VALUES (423,'2014-08-20','Doctor',35000,21);
INSERT INTO doctor (id,speciality,emergency_hours,experience,departement_id,supervisor) VALUES (423,'Osteopath',B'0',9,7,196);
INSERT INTO person (id,first_name,second_name,email,user_login,user_password,sex,date_of_birth,age,permission_level) VALUES (424,'David','Rogers','tyoung@yahoo.com','eleblanc','ykqowxgIGkvTXzy','M','1996-01-24',23,5);
INSERT INTO staff_member (id,employed_since,position,salary,room) VALUES (424,'2015-04-25','Professor',35000,32);
INSERT INTO professor (id,research_topic,surgery_participation,departement_id) VALUES (424,'Physiatrist',B'1',10);
INSERT INTO person (id,first_name,second_name,email,user_login,user_password,sex,date_of_birth,age,permission_level) VALUES (425,'Sydney','Morales','david50@gmail.com','sullivanmelissa','IpHNHIaJmSZtvk','F','1922-02-25',97,2);
INSERT INTO staff_member (id,employed_since,position,salary,room) VALUES (425,'2016-12-13','Doctor',35000,19);
INSERT INTO doctor (id,speciality,emergency_hours,experience,departement_id,supervisor) VALUES (425,'Anesthesiologist',B'0',6,13,111);
INSERT INTO person (id,first_name,second_name,email,user_login,user_password,sex,date_of_birth,age,permission_level) VALUES (426,'Jerry','Thomas','gjennings@hotmail.com','raymond25','ZCrVRyGH','M','1963-02-24',56,3);
INSERT INTO staff_member (id,employed_since,position,salary,room) VALUES (426,'2016-01-24','Nurse',25000,6);
INSERT INTO nurse (id,surgery_assistant,preferred_shifts,appointment_assistant,departement_id) VALUES (426,B'1','Night',B'0',7);
INSERT INTO person (id,first_name,second_name,email,user_login,user_password,sex,date_of_birth,age,permission_level) VALUES (427,'Margaret','Morrison','carriebanks@hotmail.com','brianmoody','uEoZqCLjhxswHVG','F','1992-08-08',27,4);
INSERT INTO staff_member (id,employed_since,position,salary,room) VALUES (427,'2016-09-17','Nurse',25000,4);
INSERT INTO nurse (id,surgery_assistant,preferred_shifts,appointment_assistant,departement_id) VALUES (427,B'1','Day',B'1',13);
INSERT INTO person (id,first_name,second_name,email,user_login,user_password,sex,date_of_birth,age,permission_level) VALUES (428,'Matthew','Smith','denise39@yahoo.com','morgandylan','GsRJeqaObPlB','M','1952-01-13',67,4);
INSERT INTO staff_member (id,employed_since,position,salary,room) VALUES (428,'2014-10-15','Nurse',25000,5);
INSERT INTO nurse (id,surgery_assistant,preferred_shifts,appointment_assistant,departement_id) VALUES (428,B'1','Night',B'1',13);
INSERT INTO person (id,first_name,second_name,email,user_login,user_password,sex,date_of_birth,age,permission_level) VALUES (429,'Jennifer','Harris','denise61@gmail.com','ilopez','zSJJyjIyPFR','F','1979-10-31',40,2);
INSERT INTO staff_member (id,employed_since,position,salary,room) VALUES (429,'2014-09-29','Doctor',35000,21);
INSERT INTO doctor (id,speciality,emergency_hours,experience,departement_id,supervisor) VALUES (429,'Hospice and Palliative Medicine Specialist',B'1',8,14,141);
INSERT INTO person (id,first_name,second_name,email,user_login,user_password,sex,date_of_birth,age,permission_level) VALUES (430,'Rhonda','Kelly','pwalters@yahoo.com','patricia34','AnVsaYz','F','1918-05-02',101,2);
INSERT INTO staff_member (id,employed_since,position,salary,room) VALUES (430,'2014-12-11','Nurse',25000,8);
INSERT INTO nurse (id,surgery_assistant,preferred_shifts,appointment_assistant,departement_id) VALUES (430,B'1','Day',B'0',12);
INSERT INTO person (id,first_name,second_name,email,user_login,user_password,sex,date_of_birth,age,permission_level) VALUES (431,'Lorraine','Smith','toddpatel@hotmail.com','jmiller','FYhownbDTF','F','1942-12-10',77,4);
INSERT INTO staff_member (id,employed_since,position,salary,room) VALUES (431,'2018-07-09','Cleaning Team Worker',10000,53);
INSERT INTO cleaning_team_worker (id,employment_type) VALUES (431,'Full time');
INSERT INTO person (id,first_name,second_name,email,user_login,user_password,sex,date_of_birth,age,permission_level) VALUES (432,'Brad','Collins','castrosusan@hotmail.com','ricardo14','NzWSboZwQLh','M','1909-09-08',110,5);
INSERT INTO staff_member (id,employed_since,position,salary,room) VALUES (432,'2014-09-21','Lab Technician',15000,47);
INSERT INTO lab_technician (id,education_level,departement_id) VALUES (432,'Magister',14);
INSERT INTO person (id,first_name,second_name,email,user_login,user_password,sex,date_of_birth,age,permission_level) VALUES (433,'Michael','Goodman','twright@yahoo.com','zthomas','siUjzuL','M','1941-08-07',78,5);
INSERT INTO staff_member (id,employed_since,position,salary,room) VALUES (433,'2015-12-03','Doctor',35000,18);
INSERT INTO doctor (id,speciality,emergency_hours,experience,departement_id,supervisor) VALUES (433,'Medicine Specialist',B'0',5,14,51);
INSERT INTO person (id,first_name,second_name,email,user_login,user_password,sex,date_of_birth,age,permission_level) VALUES (434,'Mr.','Jorge','stephanieflynn@yahoo.com','jacob52','snBjLbASenmRX','M','1927-07-16',92,3);
INSERT INTO staff_member (id,employed_since,position,salary,room) VALUES (434,'2016-08-28','Professor',35000,40);
INSERT INTO professor (id,research_topic,surgery_participation,departement_id) VALUES (434,'Rheumatologist',B'0',2);
INSERT INTO person (id,first_name,second_name,email,user_login,user_password,sex,date_of_birth,age,permission_level) VALUES (435,'Michael','Nunez','angelaflores@gmail.com','desiree31','yhcNkmNeEm','M','1953-08-07',66,3);
INSERT INTO staff_member (id,employed_since,position,salary,room) VALUES (435,'2017-06-18','Cleaning Team Worker',10000,53);
INSERT INTO cleaning_team_worker (id,employment_type) VALUES (435,'Full time');
INSERT INTO person (id,first_name,second_name,email,user_login,user_password,sex,date_of_birth,age,permission_level) VALUES (436,'Shelly','Taylor','ilowe@gmail.com','pyoung','sJckppEGwhQ','F','1992-01-06',27,5);
INSERT INTO patient (id) VALUES (436);
INSERT INTO patients_address (street,house,apartement) VALUES ('Ronald st.','22','7');
INSERT INTO medical_history (patient_id,date) VALUES (436,'2019-11-11');
INSERT INTO person (id,first_name,second_name,email,user_login,user_password,sex,date_of_birth,age,permission_level) VALUES (437,'Deborah','Blake','chadwong@hotmail.com','robertlittle','cRUUeBtHIfEON','F','1980-11-26',39,4);
INSERT INTO patient (id) VALUES (437);
INSERT INTO patients_address (street,house,apartement) VALUES ('Carl st.','28','6');
INSERT INTO medical_history (patient_id,date) VALUES (437,'2019-11-18');
INSERT INTO person (id,first_name,second_name,email,user_login,user_password,sex,date_of_birth,age,permission_level) VALUES (438,'Kelly','Espinoza','candicegaines@hotmail.com','albertlopez','uKEdRukoIfeAF','F','1923-04-04',96,4);
INSERT INTO staff_member (id,employed_since,position,salary,room) VALUES (438,'2015-10-19','Doctor',35000,28);
INSERT INTO doctor (id,speciality,emergency_hours,experience,departement_id,supervisor) VALUES (438,'Psychiatrist',B'1',6,14,103);
INSERT INTO person (id,first_name,second_name,email,user_login,user_password,sex,date_of_birth,age,permission_level) VALUES (439,'Mr.','Curtis','tammynorman@gmail.com','alexa17','ykRvfIWwfcSa','M','1967-04-06',52,3);
INSERT INTO staff_member (id,employed_since,position,salary,room) VALUES (439,'2019-06-11','Doctor',35000,15);
INSERT INTO doctor (id,speciality,emergency_hours,experience,departement_id,supervisor) VALUES (439,'General Surgeon',B'0',2,14,421);
INSERT INTO person (id,first_name,second_name,email,user_login,user_password,sex,date_of_birth,age,permission_level) VALUES (440,'Alexis','Bauer','ibarrahannah@yahoo.com','jenniferavila','qBmCQCKaBmwx','F','1940-07-18',79,4);
INSERT INTO staff_member (id,employed_since,position,salary,room) VALUES (440,'2017-06-16','Cook',15000,73);
INSERT INTO cook (id,experience) VALUES (440,7);
INSERT INTO person (id,first_name,second_name,email,user_login,user_password,sex,date_of_birth,age,permission_level) VALUES (441,'Michael','Mclean','ebennett@hotmail.com','teresa03','etEnnZLqhWp','M','1948-06-23',71,2);
INSERT INTO staff_member (id,employed_since,position,salary,room) VALUES (441,'2009-12-11','Doctor',35000,15);
INSERT INTO doctor (id,speciality,emergency_hours,experience,departement_id,supervisor) VALUES (441,'Psychiatrist',B'1',6,8,121);
INSERT INTO person (id,first_name,second_name,email,user_login,user_password,sex,date_of_birth,age,permission_level) VALUES (442,'Mark','House','jamie79@gmail.com','jmorris','FRQtUwSfDfGvyMQ','M','1912-04-09',107,2);
INSERT INTO staff_member (id,employed_since,position,salary,room) VALUES (442,'2018-05-02','Nurse',25000,7);
INSERT INTO nurse (id,surgery_assistant,preferred_shifts,appointment_assistant,departement_id) VALUES (442,B'0','Day',B'0',3);
INSERT INTO person (id,first_name,second_name,email,user_login,user_password,sex,date_of_birth,age,permission_level) VALUES (443,'Diana','Perry','garciachad@yahoo.com','orodriguez','FAmsqHduld','F','1921-08-23',98,3);
INSERT INTO staff_member (id,employed_since,position,salary,room) VALUES (443,'2013-01-31','Pharmasist',20000,70);
INSERT INTO pharmasist (id,education_level,research) VALUES (443,'Magister',B'1');
INSERT INTO person (id,first_name,second_name,email,user_login,user_password,sex,date_of_birth,age,permission_level) VALUES (444,'Hannah','Castillo','christianthompson@gmail.com','brendacastro','AwnSsCIINOu','F','2005-05-26',14,5);
INSERT INTO patient (id) VALUES (444);
INSERT INTO patients_address (street,house,apartement) VALUES ('Andrew st.','96','3');
INSERT INTO medical_history (patient_id,date) VALUES (444,'2019-11-06');
INSERT INTO person (id,first_name,second_name,email,user_login,user_password,sex,date_of_birth,age,permission_level) VALUES (445,'Maureen','Pierce','dorothywright@hotmail.com','melanie48','tecUnSu','F','1920-07-06',99,2);
INSERT INTO staff_member (id,employed_since,position,salary,room) VALUES (445,'2015-01-10','Doctor',35000,28);
INSERT INTO doctor (id,speciality,emergency_hours,experience,departement_id,supervisor) VALUES (445,'Pulmonologist',B'1',6,11,103);
INSERT INTO person (id,first_name,second_name,email,user_login,user_password,sex,date_of_birth,age,permission_level) VALUES (446,'Thomas','Hernandez','bjohnson@yahoo.com','wharmon','xUMTRsMLUjkTynk','M','1988-08-06',31,2);
INSERT INTO staff_member (id,employed_since,position,salary,room) VALUES (446,'2013-08-22','Professor',35000,34);
INSERT INTO professor (id,research_topic,surgery_participation,departement_id) VALUES (446,'Infectious Disease Specialist',B'1',9);
INSERT INTO person (id,first_name,second_name,email,user_login,user_password,sex,date_of_birth,age,permission_level) VALUES (447,'Ashley','Taylor','aaronbean@yahoo.com','caleb84','oKLWCssEFadHhu','F','1912-02-04',107,4);
INSERT INTO staff_member (id,employed_since,position,salary,room) VALUES (447,'2017-10-12','Nurse',25000,4);
INSERT INTO nurse (id,surgery_assistant,preferred_shifts,appointment_assistant,departement_id) VALUES (447,B'1','Night',B'0',4);
INSERT INTO person (id,first_name,second_name,email,user_login,user_password,sex,date_of_birth,age,permission_level) VALUES (448,'Jodi','Shah','rwilson@hotmail.com','rivassarah','CPJYRhLllXtf','F','2014-06-07',5,1);
INSERT INTO staff_member (id,employed_since,position,salary,room) VALUES (448,'2018-07-09','Nurse',25000,10);
INSERT INTO nurse (id,surgery_assistant,preferred_shifts,appointment_assistant,departement_id) VALUES (448,B'0','Night',B'0',14);
INSERT INTO person (id,first_name,second_name,email,user_login,user_password,sex,date_of_birth,age,permission_level) VALUES (449,'Michelle','Lopez','douglasjennifer@yahoo.com','catherine66','NJLKDvRJfUT','F','1920-08-13',99,1);
INSERT INTO patient (id) VALUES (449);
INSERT INTO patients_address (street,house,apartement) VALUES ('Heather st.','18','7');
INSERT INTO medical_history (patient_id,date) VALUES (449,'2019-11-09');
INSERT INTO person (id,first_name,second_name,email,user_login,user_password,sex,date_of_birth,age,permission_level) VALUES (450,'Cynthia','Knapp','amysullivan@hotmail.com','kristin94','dTQmFTuIoBVLNkC','F','2000-02-10',19,1);
INSERT INTO staff_member (id,employed_since,position,salary,room) VALUES (450,'2010-03-23','Nurse',25000,7);
INSERT INTO nurse (id,surgery_assistant,preferred_shifts,appointment_assistant,departement_id) VALUES (450,B'1','Day',B'0',2);
INSERT INTO person (id,first_name,second_name,email,user_login,user_password,sex,date_of_birth,age,permission_level) VALUES (451,'Jennifer','Andersen','mark15@hotmail.com','jackson67','PunrEkpVFrY','F','1942-10-07',77,5);
INSERT INTO staff_member (id,employed_since,position,salary,room) VALUES (451,'2018-05-09','Pharmasist',20000,70);
INSERT INTO pharmasist (id,education_level,research) VALUES (451,'PhD',B'0');
INSERT INTO person (id,first_name,second_name,email,user_login,user_password,sex,date_of_birth,age,permission_level) VALUES (452,'Angela','Butler','ryan83@gmail.com','alexandercharles','eoOkEdX','F','1953-04-11',66,2);
INSERT INTO staff_member (id,employed_since,position,salary,room) VALUES (452,'2019-09-23','Cook',15000,73);
INSERT INTO cook (id,experience) VALUES (452,6);
INSERT INTO person (id,first_name,second_name,email,user_login,user_password,sex,date_of_birth,age,permission_level) VALUES (453,'Timothy','Rodriguez','sarahhernandez@yahoo.com','taylorshannon','KfcrwyHlzdMRm','M','2015-03-19',4,5);
INSERT INTO patient (id) VALUES (453);
INSERT INTO patients_address (street,house,apartement) VALUES ('Barbara st.','3','10');
INSERT INTO medical_history (patient_id,date) VALUES (453,'2019-10-23');
INSERT INTO person (id,first_name,second_name,email,user_login,user_password,sex,date_of_birth,age,permission_level) VALUES (454,'Joshua','Brown','wilsonjames@yahoo.com','michelle47','BSmPVmUGGYna','M','1907-09-01',112,4);
INSERT INTO staff_member (id,employed_since,position,salary,room) VALUES (454,'2015-06-25','Pharmasist',20000,68);
INSERT INTO pharmasist (id,education_level,research) VALUES (454,'Postgraduate',B'0');
INSERT INTO person (id,first_name,second_name,email,user_login,user_password,sex,date_of_birth,age,permission_level) VALUES (455,'Pamela','Smith','uvargas@hotmail.com','msavage','fnneyvKN','F','1926-05-19',93,4);
INSERT INTO staff_member (id,employed_since,position,salary,room) VALUES (455,'2017-02-22','Lab Technician',15000,45);
INSERT INTO lab_technician (id,education_level,departement_id) VALUES (455,'Postgraduate',10);
INSERT INTO person (id,first_name,second_name,email,user_login,user_password,sex,date_of_birth,age,permission_level) VALUES (456,'Jamie','Shelton','mariarobinson@gmail.com','zgarrison','VpKvsat','F','1987-11-14',32,1);
INSERT INTO patient (id) VALUES (456);
INSERT INTO patients_address (street,house,apartement) VALUES ('Jason st.','32','2');
INSERT INTO medical_history (patient_id,date) VALUES (456,'2019-11-07');
INSERT INTO person (id,first_name,second_name,email,user_login,user_password,sex,date_of_birth,age,permission_level) VALUES (457,'Morgan','Townsend','amandamartin@yahoo.com','ycaldwell','zWZwyEpXJ','F','1978-02-21',41,1);
INSERT INTO patient (id) VALUES (457);
INSERT INTO patients_address (street,house,apartement) VALUES ('Raven st.','81','2');
INSERT INTO medical_history (patient_id,date) VALUES (457,'2019-11-13');
INSERT INTO person (id,first_name,second_name,email,user_login,user_password,sex,date_of_birth,age,permission_level) VALUES (458,'Nathan','Rodriguez','pdelgado@yahoo.com','xhudson','aEJFKelEGyZHVMK','M','1992-11-28',27,3);
INSERT INTO staff_member (id,employed_since,position,salary,room) VALUES (458,'2015-08-30','Nurse',25000,4);
INSERT INTO nurse (id,surgery_assistant,preferred_shifts,appointment_assistant,departement_id) VALUES (458,B'0','Day',B'0',7);
INSERT INTO person (id,first_name,second_name,email,user_login,user_password,sex,date_of_birth,age,permission_level) VALUES (459,'James','Skinner','brendawilliams@gmail.com','jennifer48','OUsWGfovsUqPNBK','M','1930-02-09',89,3);
INSERT INTO staff_member (id,employed_since,position,salary,room) VALUES (459,'2016-07-09','Cleaning Team Worker',10000,54);
INSERT INTO cleaning_team_worker (id,employment_type) VALUES (459,'Full time');
INSERT INTO person (id,first_name,second_name,email,user_login,user_password,sex,date_of_birth,age,permission_level) VALUES (460,'Ronald','Tucker','shannon61@yahoo.com','jeffersondavid','hyWxGptGc','M','1904-07-26',115,1);
INSERT INTO staff_member (id,employed_since,position,salary,room) VALUES (460,'2010-12-09','Reseptionist',15000,56);
INSERT INTO reseptionist (id) VALUES (460);
INSERT INTO languages_spoken (reseptionist_id,language) VALUES (460,'RussianRussian');
INSERT INTO person (id,first_name,second_name,email,user_login,user_password,sex,date_of_birth,age,permission_level) VALUES (461,'Heather','Cisneros','michael13@yahoo.com','dbautista','zgfKdwRRcrBBsjZ','F','1950-06-30',69,1);
INSERT INTO staff_member (id,employed_since,position,salary,room) VALUES (461,'2018-08-07','Professor',35000,36);
INSERT INTO professor (id,research_topic,surgery_participation,departement_id) VALUES (461,'Infectious Disease Specialist',B'0',12);
INSERT INTO person (id,first_name,second_name,email,user_login,user_password,sex,date_of_birth,age,permission_level) VALUES (462,'Zachary','Green','abrewer@yahoo.com','johnsoncindy','rOAvzyjFcLK','M','1979-09-06',40,2);
INSERT INTO staff_member (id,employed_since,position,salary,room) VALUES (462,'2015-06-04','Pharmasist',20000,68);
INSERT INTO pharmasist (id,education_level,research) VALUES (462,'Bachelor',B'0');
INSERT INTO person (id,first_name,second_name,email,user_login,user_password,sex,date_of_birth,age,permission_level) VALUES (463,'Timothy','Casey','elizabeth95@yahoo.com','upatterson','UmxploemJYdr','M','1941-12-03',78,5);
INSERT INTO staff_member (id,employed_since,position,salary,room) VALUES (463,'2017-07-03','Security Team Member',10000,61);
INSERT INTO security_team_member (id,shifts,physical_test_grade) VALUES (463,'Night','D');
INSERT INTO person (id,first_name,second_name,email,user_login,user_password,sex,date_of_birth,age,permission_level) VALUES (464,'Natalie','Spence','crystal86@hotmail.com','wlong','trSkNuKkpB','F','2008-10-15',11,1);
INSERT INTO patient (id) VALUES (464);
INSERT INTO patients_address (street,house,apartement) VALUES ('David st.','9','9');
INSERT INTO medical_history (patient_id,date) VALUES (464,'2019-10-19');
INSERT INTO person (id,first_name,second_name,email,user_login,user_password,sex,date_of_birth,age,permission_level) VALUES (465,'Mr.','John','christine80@hotmail.com','ylee','kLhxVlNdDJo','M','1997-12-25',22,4);
INSERT INTO staff_member (id,employed_since,position,salary,room) VALUES (465,'2012-09-30','Doctor',35000,27);
INSERT INTO doctor (id,speciality,emergency_hours,experience,departement_id,supervisor) VALUES (465,'Radiologist',B'0',10,12,27);
INSERT INTO person (id,first_name,second_name,email,user_login,user_password,sex,date_of_birth,age,permission_level) VALUES (466,'Veronica','Lee','samuel05@gmail.com','isabella69','nnOGdVRZZ','F','2006-01-09',13,3);
INSERT INTO staff_member (id,employed_since,position,salary,room) VALUES (466,'2013-04-12','Doctor',35000,14);
INSERT INTO doctor (id,speciality,emergency_hours,experience,departement_id,supervisor) VALUES (466,'Allergist',B'0',8,10,22);
INSERT INTO person (id,first_name,second_name,email,user_login,user_password,sex,date_of_birth,age,permission_level) VALUES (467,'Carl','Scott','sgreen@hotmail.com','christina43','VxYEpsYNsmrBXL','M','1977-08-05',42,1);
INSERT INTO staff_member (id,employed_since,position,salary,room) VALUES (467,'2019-08-31','Professor',35000,31);
INSERT INTO professor (id,research_topic,surgery_participation,departement_id) VALUES (467,'Rheumatologist',B'0',7);
INSERT INTO person (id,first_name,second_name,email,user_login,user_password,sex,date_of_birth,age,permission_level) VALUES (468,'Nancy','Garcia','elizabethorr@hotmail.com','kristina64','LftRRzrvPVigZwm','F','1922-12-01',97,3);
INSERT INTO staff_member (id,employed_since,position,salary,room) VALUES (468,'2017-08-04','Lab Technician',15000,42);
INSERT INTO lab_technician (id,education_level,departement_id) VALUES (468,'PhD',10);
INSERT INTO person (id,first_name,second_name,email,user_login,user_password,sex,date_of_birth,age,permission_level) VALUES (469,'Cynthia','Delacruz','francisco22@hotmail.com','jimtaylor','FSDgPkQYXML','F','1931-09-27',88,5);
INSERT INTO patient (id) VALUES (469);
INSERT INTO patients_address (street,house,apartement) VALUES ('Aaron st.','65','8');
INSERT INTO medical_history (patient_id,date) VALUES (469,'2019-11-06');
INSERT INTO person (id,first_name,second_name,email,user_login,user_password,sex,date_of_birth,age,permission_level) VALUES (470,'Jeremy','Lane','alison61@gmail.com','gonzalezlawrence','STxuppfJKfBooVs','M','1963-09-29',56,4);
INSERT INTO patient (id) VALUES (470);
INSERT INTO patients_address (street,house,apartement) VALUES ('Steven st.','37','6');
INSERT INTO medical_history (patient_id,date) VALUES (470,'2019-11-02');
INSERT INTO person (id,first_name,second_name,email,user_login,user_password,sex,date_of_birth,age,permission_level) VALUES (471,'Victoria','Shepherd','ymurphy@yahoo.com','jenniferrios','KUbdlFCUpqQc','F','1947-08-18',72,4);
INSERT INTO staff_member (id,employed_since,position,salary,room) VALUES (471,'2019-04-29','Nurse',25000,3);
INSERT INTO nurse (id,surgery_assistant,preferred_shifts,appointment_assistant,departement_id) VALUES (471,B'1','Night',B'1',13);
INSERT INTO person (id,first_name,second_name,email,user_login,user_password,sex,date_of_birth,age,permission_level) VALUES (472,'Maurice','Douglas','maria82@yahoo.com','adam26','arBAeMSuMF','M','1969-04-26',50,3);
INSERT INTO staff_member (id,employed_since,position,salary,room) VALUES (472,'2019-03-19','Nurse',25000,8);
INSERT INTO nurse (id,surgery_assistant,preferred_shifts,appointment_assistant,departement_id) VALUES (472,B'1','Day',B'1',11);
INSERT INTO person (id,first_name,second_name,email,user_login,user_password,sex,date_of_birth,age,permission_level) VALUES (473,'Matthew','Schmidt','chelseajimenez@hotmail.com','danderson','FuJYwEP','M','1905-01-22',114,2);
INSERT INTO staff_member (id,employed_since,position,salary,room) VALUES (473,'2015-05-21','Maintanence Worker',15000,57);
INSERT INTO maintanence_worker (id,employment_type,speciality) VALUES (473,'Part time','Hardware');
INSERT INTO person (id,first_name,second_name,email,user_login,user_password,sex,date_of_birth,age,permission_level) VALUES (474,'Tyler','Fisher','timothy13@yahoo.com','vhicks','OJVnzzyX','M','1943-12-26',76,1);
INSERT INTO staff_member (id,employed_since,position,salary,room) VALUES (474,'2012-11-13','IT Specialist',15000,77);
INSERT INTO IT_specialist (id,support_line) VALUES (474,B'1');
INSERT INTO person (id,first_name,second_name,email,user_login,user_password,sex,date_of_birth,age,permission_level) VALUES (475,'Richard','Smith','garciarobert@gmail.com','moodyerika','zfmYvAYbXEPuXc','M','1966-03-16',53,3);
INSERT INTO staff_member (id,employed_since,position,salary,room) VALUES (475,'2016-05-20','Professor',35000,33);
INSERT INTO professor (id,research_topic,surgery_participation,departement_id) VALUES (475,'Pathologist',B'1',2);
INSERT INTO person (id,first_name,second_name,email,user_login,user_password,sex,date_of_birth,age,permission_level) VALUES (476,'Crystal','Little','martinfoster@yahoo.com','juliewatson','mjSbnXKpESaqkc','F','2016-01-13',3,2);
INSERT INTO patient (id) VALUES (476);
INSERT INTO patients_address (street,house,apartement) VALUES ('Katherine st.','19','4');
INSERT INTO medical_history (patient_id,date) VALUES (476,'2019-11-09');
INSERT INTO person (id,first_name,second_name,email,user_login,user_password,sex,date_of_birth,age,permission_level) VALUES (477,'Brenda','Garcia','ryoung@hotmail.com','kyle32','BEbzXDgYneQfE','F','1969-04-19',50,4);
INSERT INTO staff_member (id,employed_since,position,salary,room) VALUES (477,'2014-12-20','Nurse',25000,9);
INSERT INTO nurse (id,surgery_assistant,preferred_shifts,appointment_assistant,departement_id) VALUES (477,B'0','Day',B'0',14);
INSERT INTO person (id,first_name,second_name,email,user_login,user_password,sex,date_of_birth,age,permission_level) VALUES (478,'Harold','Terry','kristi10@hotmail.com','stacy55','KNtJVwZiqZWdeMM','M','1979-12-20',40,2);
INSERT INTO staff_member (id,employed_since,position,salary,room) VALUES (478,'2016-04-04','Lab Technician',15000,49);
INSERT INTO lab_technician (id,education_level,departement_id) VALUES (478,'Magister',1);
INSERT INTO person (id,first_name,second_name,email,user_login,user_password,sex,date_of_birth,age,permission_level) VALUES (479,'Julie','Cruz','anthonylewis@gmail.com','ortizchristopher','KsXKvqWMqdBsQUd','F','1972-12-12',47,5);
INSERT INTO patient (id) VALUES (479);
INSERT INTO patients_address (street,house,apartement) VALUES ('Brian st.','22','9');
INSERT INTO medical_history (patient_id,date) VALUES (479,'2019-11-07');
INSERT INTO person (id,first_name,second_name,email,user_login,user_password,sex,date_of_birth,age,permission_level) VALUES (480,'Madeline','Dawson','mrichard@gmail.com','ievans','kbntejXVOv','F','1954-06-24',65,5);
INSERT INTO staff_member (id,employed_since,position,salary,room) VALUES (480,'2014-06-21','Lab Technician',15000,48);
INSERT INTO lab_technician (id,education_level,departement_id) VALUES (480,'PhD',1);
INSERT INTO person (id,first_name,second_name,email,user_login,user_password,sex,date_of_birth,age,permission_level) VALUES (481,'Mike','Fowler','williamsdakota@gmail.com','tyler33','qgLHcTi','M','1925-12-24',94,4);
INSERT INTO staff_member (id,employed_since,position,salary,room) VALUES (481,'2018-06-01','Professor',35000,35);
INSERT INTO professor (id,research_topic,surgery_participation,departement_id) VALUES (481,'Oncologist',B'1',2);
INSERT INTO person (id,first_name,second_name,email,user_login,user_password,sex,date_of_birth,age,permission_level) VALUES (482,'Travis','Maldonado','lmullins@hotmail.com','henryhester','zOGeKQDLHJ','M','1999-10-29',20,2);
INSERT INTO staff_member (id,employed_since,position,salary,room) VALUES (482,'2017-08-26','Nurse',25000,4);
INSERT INTO nurse (id,surgery_assistant,preferred_shifts,appointment_assistant,departement_id) VALUES (482,B'1','Night',B'0',7);
INSERT INTO person (id,first_name,second_name,email,user_login,user_password,sex,date_of_birth,age,permission_level) VALUES (483,'Jeffrey','Jennings','robertmoore@yahoo.com','brandon29','zDDMuEdwpIyuYZ','M','2004-08-07',15,5);
INSERT INTO staff_member (id,employed_since,position,salary,room) VALUES (483,'2016-05-23','Doctor',35000,20);
INSERT INTO doctor (id,speciality,emergency_hours,experience,departement_id,supervisor) VALUES (483,'Pathologist',B'0',1,8,423);
INSERT INTO person (id,first_name,second_name,email,user_login,user_password,sex,date_of_birth,age,permission_level) VALUES (484,'Natalie','Guzman','samuelkirby@hotmail.com','mark10','QbZQlvNovhdtzb','F','1929-07-02',90,2);
INSERT INTO staff_member (id,employed_since,position,salary,room) VALUES (484,'2010-04-08','Cook',15000,72);
INSERT INTO cook (id,experience) VALUES (484,1);
INSERT INTO person (id,first_name,second_name,email,user_login,user_password,sex,date_of_birth,age,permission_level) VALUES (485,'Michael','Francis','josejackson@gmail.com','timothyramirez','KXzWdZRDA','M','1926-06-30',93,4);
INSERT INTO staff_member (id,employed_since,position,salary,room) VALUES (485,'2015-06-13','Reseptionist',15000,56);
INSERT INTO reseptionist (id) VALUES (485);
INSERT INTO languages_spoken (reseptionist_id,language) VALUES (485,'Russian');
INSERT INTO person (id,first_name,second_name,email,user_login,user_password,sex,date_of_birth,age,permission_level) VALUES (486,'Bonnie','Kelly','cherylgutierrez@yahoo.com','qwatkins','EdpRjrtjjevypsn','F','1990-06-12',29,5);
INSERT INTO staff_member (id,employed_since,position,salary,room) VALUES (486,'2019-10-20','Nurse',25000,10);
INSERT INTO nurse (id,surgery_assistant,preferred_shifts,appointment_assistant,departement_id) VALUES (486,B'1','Night',B'0',7);
INSERT INTO person (id,first_name,second_name,email,user_login,user_password,sex,date_of_birth,age,permission_level) VALUES (487,'Sabrina','Lopez','latoyathomas@gmail.com','zmack','PQlGwLQ','F','1958-12-06',61,1);
INSERT INTO staff_member (id,employed_since,position,salary,room) VALUES (487,'2016-10-17','Nurse',25000,10);
INSERT INTO nurse (id,surgery_assistant,preferred_shifts,appointment_assistant,departement_id) VALUES (487,B'0','Day',B'1',1);
INSERT INTO person (id,first_name,second_name,email,user_login,user_password,sex,date_of_birth,age,permission_level) VALUES (488,'Ruth','Mitchell','henryrodriguez@yahoo.com','rodriguezbarbara','GcqXRzutdXVo','F','1907-03-19',112,1);
INSERT INTO staff_member (id,employed_since,position,salary,room) VALUES (488,'2018-02-14','Lab Technician',15000,43);
INSERT INTO lab_technician (id,education_level,departement_id) VALUES (488,'PhD',3);
INSERT INTO person (id,first_name,second_name,email,user_login,user_password,sex,date_of_birth,age,permission_level) VALUES (489,'Kimberly','Frazier','fowlershawn@yahoo.com','andreaanderson','FIMzNlNL','F','1971-05-01',48,4);
INSERT INTO staff_member (id,employed_since,position,salary,room) VALUES (489,'2010-09-15','Doctor',35000,14);
INSERT INTO doctor (id,speciality,emergency_hours,experience,departement_id,supervisor) VALUES (489,'Podiatrist',B'1',2,10,466);
INSERT INTO person (id,first_name,second_name,email,user_login,user_password,sex,date_of_birth,age,permission_level) VALUES (490,'Justin','Brooks','andrewdavis@gmail.com','hoffmanderek','XoOjQJvauP','M','1946-09-25',73,2);
INSERT INTO patient (id) VALUES (490);
INSERT INTO patients_address (street,house,apartement) VALUES ('Patricia st.','36','5');
INSERT INTO medical_history (patient_id,date) VALUES (490,'2019-11-27');
INSERT INTO person (id,first_name,second_name,email,user_login,user_password,sex,date_of_birth,age,permission_level) VALUES (491,'Charles','Turner','antonioperkins@gmail.com','dennis35','osUpGPwexWU','M','1986-03-14',33,3);
INSERT INTO staff_member (id,employed_since,position,salary,room) VALUES (491,'2019-11-06','Doctor',35000,20);
INSERT INTO doctor (id,speciality,emergency_hours,experience,departement_id,supervisor) VALUES (491,'Sports Medicine Specialist',B'0',9,11,88);
INSERT INTO person (id,first_name,second_name,email,user_login,user_password,sex,date_of_birth,age,permission_level) VALUES (492,'Eric','Young','kirk01@gmail.com','lmontoya','TbLDcScAgdHo','M','1945-03-17',74,1);
INSERT INTO staff_member (id,employed_since,position,salary,room) VALUES (492,'2018-06-02','Professor',35000,36);
INSERT INTO professor (id,research_topic,surgery_participation,departement_id) VALUES (492,'Osteopath',B'1',2);
INSERT INTO person (id,first_name,second_name,email,user_login,user_password,sex,date_of_birth,age,permission_level) VALUES (493,'Gene','Hartman','jason66@gmail.com','thomasalisha','oZGGBPHgxop','M','1962-05-17',57,1);
INSERT INTO staff_member (id,employed_since,position,salary,room) VALUES (493,'2011-05-20','Reseptionist',15000,56);
INSERT INTO reseptionist (id) VALUES (493);
INSERT INTO languages_spoken (reseptionist_id,language) VALUES (493,'ArabicRussianItalianRussian');
INSERT INTO person (id,first_name,second_name,email,user_login,user_password,sex,date_of_birth,age,permission_level) VALUES (494,'Mrs.','Jamie','johnsondan@yahoo.com','wburns','xDuadMTxIJxF','F','2015-05-18',4,5);
INSERT INTO staff_member (id,employed_since,position,salary,room) VALUES (494,'2014-12-03','Professor',35000,40);
INSERT INTO professor (id,research_topic,surgery_participation,departement_id) VALUES (494,'Anesthesiologist',B'1',1);
INSERT INTO person (id,first_name,second_name,email,user_login,user_password,sex,date_of_birth,age,permission_level) VALUES (495,'Hayley','Burke','beth05@gmail.com','laurawu','nmfrgstDJFYUNIy','F','2019-05-28',0,4);
INSERT INTO staff_member (id,employed_since,position,salary,room) VALUES (495,'2015-07-25','Professor',35000,36);
INSERT INTO professor (id,research_topic,surgery_participation,departement_id) VALUES (495,'Gastroenterologist',B'1',11);
INSERT INTO person (id,first_name,second_name,email,user_login,user_password,sex,date_of_birth,age,permission_level) VALUES (496,'Brenda','Anderson','maynicole@yahoo.com','albert14','BNGmgMSHbxJyY','F','1904-11-17',115,4);
INSERT INTO staff_member (id,employed_since,position,salary,room) VALUES (496,'2011-06-19','HR',30000,65);
INSERT INTO hr (id,selection_responsibility) VALUES (496,'Review');
INSERT INTO person (id,first_name,second_name,email,user_login,user_password,sex,date_of_birth,age,permission_level) VALUES (497,'Daniel','Shields','james99@gmail.com','amandamorrow','NxlHcWG','M','2012-07-28',7,2);
INSERT INTO staff_member (id,employed_since,position,salary,room) VALUES (497,'2011-12-07','Reseptionist',15000,56);
INSERT INTO reseptionist (id) VALUES (497);
INSERT INTO languages_spoken (reseptionist_id,language) VALUES (497,'ArabicTatarTatarItalianTatar');
INSERT INTO person (id,first_name,second_name,email,user_login,user_password,sex,date_of_birth,age,permission_level) VALUES (498,'Angela','Sharp','scott51@yahoo.com','leah98','zMFiqLPsjv','F','1970-09-26',49,1);
INSERT INTO staff_member (id,employed_since,position,salary,room) VALUES (498,'2015-06-04','Doctor',35000,18);
INSERT INTO doctor (id,speciality,emergency_hours,experience,departement_id,supervisor) VALUES (498,'Endocrinologists',B'0',5,3,96);
INSERT INTO person (id,first_name,second_name,email,user_login,user_password,sex,date_of_birth,age,permission_level) VALUES (499,'Vanessa','Thomas','parkerjo@gmail.com','whitneystewart','BBEpGYJZDS','F','1980-02-03',39,3);
INSERT INTO staff_member (id,employed_since,position,salary,room) VALUES (499,'2018-02-17','Doctor',35000,23);
INSERT INTO doctor (id,speciality,emergency_hours,experience,departement_id,supervisor) VALUES (499,'Anesthesiologist',B'1',10,10,158);
INSERT INTO person (id,first_name,second_name,email,user_login,user_password,sex,date_of_birth,age,permission_level) VALUES (500,'Michael','Hall','littlesamantha@gmail.com','curtis76','NCmcspaepUvCoFs','M','1917-06-23',102,5);
INSERT INTO patient (id) VALUES (500);
INSERT INTO patients_address (street,house,apartement) VALUES ('Jason st.','31','7');
INSERT INTO medical_history (patient_id,date) VALUES (500,'2019-10-31');