
INSERT INTO person (id,first_name,second_name,email,user_login,user_password,sex,date_of_birth,age,permission_level) VALUES (1,'Anthony','Gibbs','fullermatthew@yahoo.com','haroldcherry','GQvIvSSnicPYO','M','1953-10-04',66,4);
INSERT INTO staff_member (id,employed_since,position,salary,room) VALUES (1,'2014-04-28','Head Doctor',100000,1);
INSERT INTO head_doctor (id,primary_speciality) VALUES (1,'Critical Care Medicine Specialist');
INSERT INTO person (id,first_name,second_name,email,user_login,user_password,sex,date_of_birth,age,permission_level) VALUES (2,'Kenneth','King','wolfecolton@hotmail.com','gsimmons','wuJOhQKwFxg','M','1940-04-21',79,5);
INSERT INTO staff_member (id,employed_since,position,salary,room) VALUES (2,'2013-09-11','Head Nurse',80000,2);
INSERT INTO head_nurse (id,surgery_assistant) VALUES (2,B'1');
INSERT INTO person (id,first_name,second_name,email,user_login,user_password,sex,date_of_birth,age,permission_level) VALUES (3,'Daniel','Rodriguez','andrew68@gmail.com','lisa50','nVmYzXMzZOsICo','M','1951-03-09',68,3);
INSERT INTO staff_member (id,employed_since,position,salary,room) VALUES (3,'2019-05-11','Professor',35000,33);
INSERT INTO professor (id,research_topic,surgery_participation,departement_id) VALUES (3,'Podiatrist',B'0',13);
INSERT INTO person (id,first_name,second_name,email,user_login,user_password,sex,date_of_birth,age,permission_level) VALUES (4,'Jason','Hale','julia26@yahoo.com','whiteheaddanielle','CXBICIrt','M','1963-01-19',56,1);
INSERT INTO patient (id) VALUES (4);
INSERT INTO patients_address (street,house,apartement) VALUES ('Juan st.','9','8');
INSERT INTO medical_history (patient_id,date) VALUES (4,'2019-10-29');
INSERT INTO person (id,first_name,second_name,email,user_login,user_password,sex,date_of_birth,age,permission_level) VALUES (5,'Isaac','Meyer','joe29@yahoo.com','gloria57','XmIBeemBdgPW','M','2014-11-25',5,5);
INSERT INTO staff_member (id,employed_since,position,salary,room) VALUES (5,'2018-12-24','Nurse',25000,8);
INSERT INTO nurse (id,surgery_assistant,preferred_shifts,appointment_assistant,departement_id) VALUES (5,B'1','Day',B'0',9);
INSERT INTO person (id,first_name,second_name,email,user_login,user_password,sex,date_of_birth,age,permission_level) VALUES (6,'John','Garcia','kimberly32@gmail.com','amy03','JlTXwizty','M','1970-12-11',49,3);
INSERT INTO patient (id) VALUES (6);
INSERT INTO patients_address (street,house,apartement) VALUES ('Miranda st.','1','5');
INSERT INTO medical_history (patient_id,date) VALUES (6,'2019-10-28');
INSERT INTO person (id,first_name,second_name,email,user_login,user_password,sex,date_of_birth,age,permission_level) VALUES (7,'Mrs.','Stacy','frosales@gmail.com','herrerabradley','YuhZhkakuDiNYgO','F','1940-08-06',79,3);
INSERT INTO staff_member (id,employed_since,position,salary,room) VALUES (7,'2012-01-24','Doctor',35000,27);
INSERT INTO doctor (id,speciality,emergency_hours,experience,departement_id) VALUES (7,'Medicine Specialist',B'0',8,2);
INSERT INTO person (id,first_name,second_name,email,user_login,user_password,sex,date_of_birth,age,permission_level) VALUES (8,'Michelle','Hernandez','julian02@hotmail.com','rtorres','QCeVPODGSkDzLI','F','1964-09-05',55,5);
INSERT INTO staff_member (id,employed_since,position,salary,room) VALUES (8,'2011-04-15','Nurse',25000,10);
INSERT INTO nurse (id,surgery_assistant,preferred_shifts,appointment_assistant,departement_id) VALUES (8,B'0','Day',B'0',7);
INSERT INTO person (id,first_name,second_name,email,user_login,user_password,sex,date_of_birth,age,permission_level) VALUES (9,'Michael','Hartman','ayersalexis@hotmail.com','mjohnson','aDLQvmkGbnjXR','M','1977-09-25',42,2);
INSERT INTO staff_member (id,employed_since,position,salary,room) VALUES (9,'2015-06-11','Professor',35000,34);
INSERT INTO professor (id,research_topic,surgery_participation,departement_id) VALUES (9,'Infectious Disease Specialist',B'1',9);
INSERT INTO person (id,first_name,second_name,email,user_login,user_password,sex,date_of_birth,age,permission_level) VALUES (10,'Cassidy','Jones','ronaldsalazar@yahoo.com','malik09','EplGIxmsWcZd','F','1944-03-10',75,2);
INSERT INTO staff_member (id,employed_since,position,salary,room) VALUES (10,'2012-02-17','Security Team Member',10000,63);
INSERT INTO security_team_member (id,shifts,physical_test_grade) VALUES (10,'Day','A');
INSERT INTO person (id,first_name,second_name,email,user_login,user_password,sex,date_of_birth,age,permission_level) VALUES (11,'Vincent','Wells','robert17@hotmail.com','dawn32','GQttlENyA','M','1978-05-29',41,5);
INSERT INTO staff_member (id,employed_since,position,salary,room) VALUES (11,'2019-01-20','Cleaning Team Worker',10000,55);
INSERT INTO cleaning_team_worker (id,employment_type) VALUES (11,'Full time');
INSERT INTO person (id,first_name,second_name,email,user_login,user_password,sex,date_of_birth,age,permission_level) VALUES (12,'Kenneth','Silva','mark85@hotmail.com','ryanharris','TZgKGlBNxYg','M','2001-01-30',18,2);
INSERT INTO staff_member (id,employed_since,position,salary,room) VALUES (12,'2012-11-19','Reseptionist',15000,56);
INSERT INTO reseptionist (id) VALUES (12);
INSERT INTO languages_spoken (reseptionist_id,language) VALUES (12,'TatarArabicRussianItalianArabic');
INSERT INTO person (id,first_name,second_name,email,user_login,user_password,sex,date_of_birth,age,permission_level) VALUES (13,'Eric','Rose','gilbertemily@hotmail.com','gibsonrobin','CqjoJnnzeOzdNR','M','2003-08-14',16,1);
INSERT INTO patient (id) VALUES (13);
INSERT INTO patients_address (street,house,apartement) VALUES ('Helen st.','52','1');
INSERT INTO medical_history (patient_id,date) VALUES (13,'2019-11-04');
INSERT INTO person (id,first_name,second_name,email,user_login,user_password,sex,date_of_birth,age,permission_level) VALUES (14,'Michelle','Boyle','pcarpenter@yahoo.com','joshua68','xwSxjiMahVhFAfV','F','1935-04-05',84,1);
INSERT INTO staff_member (id,employed_since,position,salary,room) VALUES (14,'2016-06-20','Cook',15000,73);
INSERT INTO cook (id,experience) VALUES (14,7);
INSERT INTO person (id,first_name,second_name,email,user_login,user_password,sex,date_of_birth,age,permission_level) VALUES (15,'Heather','Nelson','william02@yahoo.com','maria59','iaoyZVxyIjwYxX','F','1989-08-26',30,1);
INSERT INTO staff_member (id,employed_since,position,salary,room) VALUES (15,'2012-09-27','Professor',35000,38);
INSERT INTO professor (id,research_topic,surgery_participation,departement_id) VALUES (15,'Emergency Medicine Specialist',B'1',8);
INSERT INTO person (id,first_name,second_name,email,user_login,user_password,sex,date_of_birth,age,permission_level) VALUES (16,'Monique','Harmon','johnsonchristopher@gmail.com','thomas34','wVivDbcvABNYwXx','F','1908-06-18',111,3);
INSERT INTO staff_member (id,employed_since,position,salary,room) VALUES (16,'2010-04-08','Doctor',35000,17);
INSERT INTO doctor (id,speciality,emergency_hours,experience,departement_id,supervisor) VALUES (16,'Neurologist',B'1',6,3,7);
INSERT INTO person (id,first_name,second_name,email,user_login,user_password,sex,date_of_birth,age,permission_level) VALUES (17,'Linda','Sexton','wallallison@yahoo.com','htaylor','NBWzVWqKPvnIGg','F','2005-12-06',14,4);
INSERT INTO staff_member (id,employed_since,position,salary,room) VALUES (17,'2013-04-17','HR',30000,65);
INSERT INTO hr (id,selection_responsibility) VALUES (17,'Review');
INSERT INTO person (id,first_name,second_name,email,user_login,user_password,sex,date_of_birth,age,permission_level) VALUES (18,'Jeffrey','Mckay','jondavis@hotmail.com','wmartin','xCmZTWc','M','1936-09-08',83,3);
INSERT INTO patient (id) VALUES (18);
INSERT INTO patients_address (street,house,apartement) VALUES ('Shelly st.','36','9');
INSERT INTO medical_history (patient_id,date) VALUES (18,'2019-11-18');
INSERT INTO person (id,first_name,second_name,email,user_login,user_password,sex,date_of_birth,age,permission_level) VALUES (19,'Miguel','Pham','morenonicholas@hotmail.com','xpowell','tWOKhKUbfTnAf','M','1937-08-04',82,5);
INSERT INTO staff_member (id,employed_since,position,salary,room) VALUES (19,'2015-03-17','Doctor',35000,29);
INSERT INTO doctor (id,speciality,emergency_hours,experience,departement_id,supervisor) VALUES (19,'Obstetrician and Gynecologist',B'0',3,7,7);
INSERT INTO person (id,first_name,second_name,email,user_login,user_password,sex,date_of_birth,age,permission_level) VALUES (20,'Ryan','Hernandez','lisa29@gmail.com','youngjack','RNocYNLfBj','M','1969-02-02',50,1);
INSERT INTO patient (id) VALUES (20);
INSERT INTO patients_address (street,house,apartement) VALUES ('Jordan st.','5','4');
INSERT INTO medical_history (patient_id,date) VALUES (20,'2019-11-17');
INSERT INTO person (id,first_name,second_name,email,user_login,user_password,sex,date_of_birth,age,permission_level) VALUES (21,'Derek','Edwards','monicadiaz@hotmail.com','hboyd','NBfDPxxLsVuJ','M','2009-03-27',10,1);
INSERT INTO staff_member (id,employed_since,position,salary,room) VALUES (21,'2011-08-11','Nurse',25000,4);
INSERT INTO nurse (id,surgery_assistant,preferred_shifts,appointment_assistant,departement_id) VALUES (21,B'1','Day',B'1',13);
INSERT INTO person (id,first_name,second_name,email,user_login,user_password,sex,date_of_birth,age,permission_level) VALUES (22,'Christopher','Hayes','theresa56@yahoo.com','mckeechristina','cSzPgLMkokCjhE','M','2000-10-26',19,2);
INSERT INTO staff_member (id,employed_since,position,salary,room) VALUES (22,'2016-06-14','Professor',35000,33);
INSERT INTO professor (id,research_topic,surgery_participation,departement_id) VALUES (22,'Allergist',B'1',7);
INSERT INTO person (id,first_name,second_name,email,user_login,user_password,sex,date_of_birth,age,permission_level) VALUES (23,'Jose','Reed','stevenswilliam@yahoo.com','jonesemily','ahIwVkEYhgJlTlm','M','1945-07-16',74,3);
INSERT INTO staff_member (id,employed_since,position,salary,room) VALUES (23,'2011-05-15','Pharmasist',20000,68);
INSERT INTO pharmasist (id,education_level,research) VALUES (23,'Magister',B'1');
INSERT INTO person (id,first_name,second_name,email,user_login,user_password,sex,date_of_birth,age,permission_level) VALUES (24,'Brittany','Johnson','williamsgregg@hotmail.com','burkeholly','xvDvgYP','F','1965-06-22',54,5);
INSERT INTO patient (id) VALUES (24);
INSERT INTO patients_address (street,house,apartement) VALUES ('Christopher st.','73','8');
INSERT INTO medical_history (patient_id,date) VALUES (24,'2019-10-25');
INSERT INTO person (id,first_name,second_name,email,user_login,user_password,sex,date_of_birth,age,permission_level) VALUES (25,'Barbara','Barrera','dawn21@yahoo.com','uhines','wmRpUtWDn','F','1915-12-20',104,2);
INSERT INTO staff_member (id,employed_since,position,salary,room) VALUES (25,'2010-09-18','Maintanence Worker',15000,58);
INSERT INTO maintanence_worker (id,employment_type,speciality) VALUES (25,'Part time','Electricity');
INSERT INTO person (id,first_name,second_name,email,user_login,user_password,sex,date_of_birth,age,permission_level) VALUES (26,'Jacqueline','Hughes','christopher55@yahoo.com','larry17','Oqqizijai','F','1965-12-26',54,2);
INSERT INTO patient (id) VALUES (26);
INSERT INTO patients_address (street,house,apartement) VALUES ('Mario st.','39','7');
INSERT INTO medical_history (patient_id,date) VALUES (26,'2019-10-22');
INSERT INTO person (id,first_name,second_name,email,user_login,user_password,sex,date_of_birth,age,permission_level) VALUES (27,'Michael','Mcbride','mramos@hotmail.com','nathancooper','GpIrzKnpjbwy','M','1939-06-24',80,1);
INSERT INTO staff_member (id,employed_since,position,salary,room) VALUES (27,'2013-01-17','Nurse',25000,8);
INSERT INTO nurse (id,surgery_assistant,preferred_shifts,appointment_assistant,departement_id) VALUES (27,B'0','Day',B'1',11);
INSERT INTO person (id,first_name,second_name,email,user_login,user_password,sex,date_of_birth,age,permission_level) VALUES (28,'Dustin','Fernandez','christopherbrown@gmail.com','wrandolph','rCWcUeKQFO','M','1946-11-09',73,4);
INSERT INTO staff_member (id,employed_since,position,salary,room) VALUES (28,'2013-05-10','Nurse',25000,7);
INSERT INTO nurse (id,surgery_assistant,preferred_shifts,appointment_assistant,departement_id) VALUES (28,B'1','Night',B'1',12);
INSERT INTO person (id,first_name,second_name,email,user_login,user_password,sex,date_of_birth,age,permission_level) VALUES (29,'Michael','Hill','grahamruth@hotmail.com','kristenalexander','QSRSEGLMufGpu','M','2006-05-27',13,3);
INSERT INTO staff_member (id,employed_since,position,salary,room) VALUES (29,'2010-07-04','Nurse',25000,8);
INSERT INTO nurse (id,surgery_assistant,preferred_shifts,appointment_assistant,departement_id) VALUES (29,B'1','Day',B'0',9);
INSERT INTO person (id,first_name,second_name,email,user_login,user_password,sex,date_of_birth,age,permission_level) VALUES (30,'Tammy','Cox','lbrown@gmail.com','jamesdelacruz','mVQGMlCUopIIS','F','1968-12-05',51,1);
INSERT INTO staff_member (id,employed_since,position,salary,room) VALUES (30,'2014-01-15','Nurse',25000,8);
INSERT INTO nurse (id,surgery_assistant,preferred_shifts,appointment_assistant,departement_id) VALUES (30,B'0','Night',B'0',7);
INSERT INTO person (id,first_name,second_name,email,user_login,user_password,sex,date_of_birth,age,permission_level) VALUES (31,'Tami','Bonilla','erik73@gmail.com','thompsonmelissa','cmDkzhB','F','1983-05-04',36,4);
INSERT INTO staff_member (id,employed_since,position,salary,room) VALUES (31,'2019-03-05','Nurse',25000,4);
INSERT INTO nurse (id,surgery_assistant,preferred_shifts,appointment_assistant,departement_id) VALUES (31,B'1','Night',B'0',12);
INSERT INTO person (id,first_name,second_name,email,user_login,user_password,sex,date_of_birth,age,permission_level) VALUES (32,'Michael','Warner','guzmanjames@hotmail.com','josemccarthy','YqYlSCh','M','2014-05-23',5,4);
INSERT INTO staff_member (id,employed_since,position,salary,room) VALUES (32,'2016-04-06','Lab Technician',15000,50);
INSERT INTO lab_technician (id,education_level,departement_id) VALUES (32,'Magister',12);
INSERT INTO person (id,first_name,second_name,email,user_login,user_password,sex,date_of_birth,age,permission_level) VALUES (33,'William','Calhoun','popemartin@hotmail.com','moorevictor','pduvcgP','M','2008-06-25',11,2);
INSERT INTO patient (id) VALUES (33);
INSERT INTO patients_address (street,house,apartement) VALUES ('Megan st.','60','6');
INSERT INTO medical_history (patient_id,date) VALUES (33,'2019-10-19');
INSERT INTO person (id,first_name,second_name,email,user_login,user_password,sex,date_of_birth,age,permission_level) VALUES (34,'Catherine','Williamson','stephanie62@hotmail.com','vperez','eFhlXEqwOobBJ','F','1981-05-30',38,2);
INSERT INTO staff_member (id,employed_since,position,salary,room) VALUES (34,'2016-12-20','Professor',35000,36);
INSERT INTO professor (id,research_topic,surgery_participation,departement_id) VALUES (34,'Nephrologist',B'1',9);
INSERT INTO person (id,first_name,second_name,email,user_login,user_password,sex,date_of_birth,age,permission_level) VALUES (35,'Brandon','Williams','kelleychelsea@gmail.com','fwhitaker','kJPjphmdlY','M','2017-01-10',2,4);
INSERT INTO staff_member (id,employed_since,position,salary,room) VALUES (35,'2016-01-30','Pharmasist',20000,70);
INSERT INTO pharmasist (id,education_level,research) VALUES (35,'Postgraduate',B'1');
INSERT INTO person (id,first_name,second_name,email,user_login,user_password,sex,date_of_birth,age,permission_level) VALUES (36,'Jonathan','Martinez','jonesderek@yahoo.com','angela88','CPQjxXYjSa','M','1917-07-02',102,5);
INSERT INTO staff_member (id,employed_since,position,salary,room) VALUES (36,'2012-05-13','Cleaning Team Worker',10000,54);
INSERT INTO cleaning_team_worker (id,employment_type) VALUES (36,'Part time');
INSERT INTO person (id,first_name,second_name,email,user_login,user_password,sex,date_of_birth,age,permission_level) VALUES (37,'Hayden','Wood','cynthia00@hotmail.com','maxwellelizabeth','FUKumKVBN','M','1967-02-05',52,1);
INSERT INTO staff_member (id,employed_since,position,salary,room) VALUES (37,'2015-10-10','Cook',15000,71);
INSERT INTO cook (id,experience) VALUES (37,1);
INSERT INTO person (id,first_name,second_name,email,user_login,user_password,sex,date_of_birth,age,permission_level) VALUES (38,'Brandon','Yang','samuelmadden@gmail.com','afrederick','CRKnKHyjnC','M','1956-11-13',63,1);
INSERT INTO patient (id) VALUES (38);
INSERT INTO patients_address (street,house,apartement) VALUES ('Terry st.','63','4');
INSERT INTO medical_history (patient_id,date) VALUES (38,'2019-11-16');
INSERT INTO person (id,first_name,second_name,email,user_login,user_password,sex,date_of_birth,age,permission_level) VALUES (39,'Travis','Harris','gilbertlauren@gmail.com','zachary63','EisXMXtgbN','M','1941-02-15',78,1);
INSERT INTO staff_member (id,employed_since,position,salary,room) VALUES (39,'2011-07-20','Nurse',25000,3);
INSERT INTO nurse (id,surgery_assistant,preferred_shifts,appointment_assistant,departement_id) VALUES (39,B'1','Day',B'1',3);
INSERT INTO person (id,first_name,second_name,email,user_login,user_password,sex,date_of_birth,age,permission_level) VALUES (40,'Michael','Johnson','mitchellsteven@gmail.com','sperez','yzfKvymlm','M','1935-06-16',84,3);
INSERT INTO staff_member (id,employed_since,position,salary,room) VALUES (40,'2010-05-24','Doctor',35000,21);
INSERT INTO doctor (id,speciality,emergency_hours,experience,departement_id,supervisor) VALUES (40,'Dermatologist',B'0',10,4,19);
INSERT INTO person (id,first_name,second_name,email,user_login,user_password,sex,date_of_birth,age,permission_level) VALUES (41,'John','Gordon','kevinmatthews@yahoo.com','cervantesjoshua','RyBMxcKuqicHXO','M','1909-07-13',110,5);
INSERT INTO staff_member (id,employed_since,position,salary,room) VALUES (41,'2014-09-22','Doctor',35000,25);
INSERT INTO doctor (id,speciality,emergency_hours,experience,departement_id,supervisor) VALUES (41,'Podiatrist',B'1',6,3,16);
INSERT INTO person (id,first_name,second_name,email,user_login,user_password,sex,date_of_birth,age,permission_level) VALUES (42,'Benjamin','Barnes','millersandra@yahoo.com','alexandriarodriguez','UTAgHgqoZe','M','1990-10-10',29,2);
INSERT INTO staff_member (id,employed_since,position,salary,room) VALUES (42,'2017-01-28','Doctor',35000,17);
INSERT INTO doctor (id,speciality,emergency_hours,experience,departement_id,supervisor) VALUES (42,'Emergency Medicine Specialist',B'1',1,6,7);
INSERT INTO person (id,first_name,second_name,email,user_login,user_password,sex,date_of_birth,age,permission_level) VALUES (43,'Allison','Wallace','moralessteven@gmail.com','kathleenbeard','RrftZdhtFJPKki','F','2012-01-19',7,4);
INSERT INTO patient (id) VALUES (43);
INSERT INTO patients_address (street,house,apartement) VALUES ('Ashley st.','63','1');
INSERT INTO medical_history (patient_id,date) VALUES (43,'2019-10-26');
INSERT INTO person (id,first_name,second_name,email,user_login,user_password,sex,date_of_birth,age,permission_level) VALUES (44,'Donna','Hart','pfletcher@hotmail.com','allisongarrett','LzlTbnpoK','F','1962-05-15',57,2);
INSERT INTO staff_member (id,employed_since,position,salary,room) VALUES (44,'2010-09-12','Doctor',35000,17);
INSERT INTO doctor (id,speciality,emergency_hours,experience,departement_id,supervisor) VALUES (44,'Critical Care Medicine Specialist',B'1',9,13,19);
INSERT INTO person (id,first_name,second_name,email,user_login,user_password,sex,date_of_birth,age,permission_level) VALUES (45,'Derek','Hines','cschroeder@hotmail.com','richardslevi','kmJEraR','M','1912-10-12',107,5);
INSERT INTO staff_member (id,employed_since,position,salary,room) VALUES (45,'2010-01-31','Doctor',35000,13);
INSERT INTO doctor (id,speciality,emergency_hours,experience,departement_id,supervisor) VALUES (45,'Emergency Medicine Specialist',B'1',2,3,44);
INSERT INTO person (id,first_name,second_name,email,user_login,user_password,sex,date_of_birth,age,permission_level) VALUES (46,'Jeffrey','Gibbs','uvazquez@hotmail.com','sylvia36','jWpXnNc','M','1972-09-04',47,4);
INSERT INTO patient (id) VALUES (46);
INSERT INTO patients_address (street,house,apartement) VALUES ('Anthony st.','64','4');
INSERT INTO medical_history (patient_id,date) VALUES (46,'2019-11-23');
INSERT INTO person (id,first_name,second_name,email,user_login,user_password,sex,date_of_birth,age,permission_level) VALUES (47,'Linda','Jones','boylerachel@gmail.com','bryantjessica','IqZfFhkyTnarap','F','2016-10-12',3,5);
INSERT INTO staff_member (id,employed_since,position,salary,room) VALUES (47,'2012-05-04','Reseptionist',15000,56);
INSERT INTO reseptionist (id) VALUES (47);
INSERT INTO languages_spoken (reseptionist_id,language) VALUES (47,'PortuguesEnglishArabicEnglishEnglish');
INSERT INTO person (id,first_name,second_name,email,user_login,user_password,sex,date_of_birth,age,permission_level) VALUES (48,'Meagan','Williamson','richard22@hotmail.com','meganbrown','nAZXbnc','F','1936-03-19',83,4);
INSERT INTO staff_member (id,employed_since,position,salary,room) VALUES (48,'2010-03-28','Nurse',25000,9);
INSERT INTO nurse (id,surgery_assistant,preferred_shifts,appointment_assistant,departement_id) VALUES (48,B'1','Night',B'1',11);
INSERT INTO person (id,first_name,second_name,email,user_login,user_password,sex,date_of_birth,age,permission_level) VALUES (49,'Charles','Marshall','murrayamanda@hotmail.com','troythomas','bohQSUZDfjshqpE','M','1956-12-17',63,4);
INSERT INTO staff_member (id,employed_since,position,salary,room) VALUES (49,'2015-10-02','Maintanence Worker',15000,58);
INSERT INTO maintanence_worker (id,employment_type,speciality) VALUES (49,'Full time','Hardware');
INSERT INTO person (id,first_name,second_name,email,user_login,user_password,sex,date_of_birth,age,permission_level) VALUES (50,'Brett','Johnson','orodriguez@yahoo.com','bbryant','ypgNLTYvub','M','2019-04-24',0,3);
INSERT INTO staff_member (id,employed_since,position,salary,room) VALUES (50,'2015-01-08','Professor',35000,40);
INSERT INTO professor (id,research_topic,surgery_participation,departement_id) VALUES (50,'Endocrinologists',B'0',4);
INSERT INTO person (id,first_name,second_name,email,user_login,user_password,sex,date_of_birth,age,permission_level) VALUES (51,'Kelly','Baker','owolf@yahoo.com','gina81','gwFBIYMegWVxtLz','F','1948-10-13',71,5);
INSERT INTO staff_member (id,employed_since,position,salary,room) VALUES (51,'2018-04-10','IT Specialist',15000,75);
INSERT INTO IT_specialist (id,support_line) VALUES (51,B'1');
INSERT INTO person (id,first_name,second_name,email,user_login,user_password,sex,date_of_birth,age,permission_level) VALUES (52,'Jonathan','Brown','gilbertvictor@gmail.com','tiffanyho','LtrMNJY','M','1975-04-09',44,2);
INSERT INTO patient (id) VALUES (52);
INSERT INTO patients_address (street,house,apartement) VALUES ('Kaitlyn st.','91','3');
INSERT INTO medical_history (patient_id,date) VALUES (52,'2019-10-26');
INSERT INTO person (id,first_name,second_name,email,user_login,user_password,sex,date_of_birth,age,permission_level) VALUES (53,'Michelle','Tate','rileysandra@hotmail.com','bill91','gyhLvFIg','F','1920-10-14',99,3);
INSERT INTO patient (id) VALUES (53);
INSERT INTO patients_address (street,house,apartement) VALUES ('Michael st.','35','5');
INSERT INTO medical_history (patient_id,date) VALUES (53,'2019-11-24');
INSERT INTO person (id,first_name,second_name,email,user_login,user_password,sex,date_of_birth,age,permission_level) VALUES (54,'Carmen','Perez','john50@gmail.com','havery','MFUXVfr','F','1996-01-17',23,1);
INSERT INTO staff_member (id,employed_since,position,salary,room) VALUES (54,'2017-06-09','Cook',15000,73);
INSERT INTO cook (id,experience) VALUES (54,10);
INSERT INTO person (id,first_name,second_name,email,user_login,user_password,sex,date_of_birth,age,permission_level) VALUES (55,'Mark','Martinez','tatechristine@gmail.com','steinpatricia','hSBaQfdLZdlMI','M','2006-06-18',13,1);
INSERT INTO staff_member (id,employed_since,position,salary,room) VALUES (55,'2011-06-07','Priest',15000,78);
INSERT INTO priest (id,religion) VALUES (55,'Christianity');
INSERT INTO person (id,first_name,second_name,email,user_login,user_password,sex,date_of_birth,age,permission_level) VALUES (56,'Kathleen','Bryant','nicholas13@yahoo.com','arnoldtony','EOVccdO','F','1979-12-17',40,3);
INSERT INTO staff_member (id,employed_since,position,salary,room) VALUES (56,'2018-11-22','Pharmasist',20000,70);
INSERT INTO pharmasist (id,education_level,research) VALUES (56,'Magister',B'1');
INSERT INTO person (id,first_name,second_name,email,user_login,user_password,sex,date_of_birth,age,permission_level) VALUES (57,'Matthew','Bowen','patricia88@hotmail.com','edward33','zUldkFYJGWuJ','M','1910-12-01',109,1);
INSERT INTO staff_member (id,employed_since,position,salary,room) VALUES (57,'2018-01-14','Professor',35000,36);
INSERT INTO professor (id,research_topic,surgery_participation,departement_id) VALUES (57,'Podiatrist',B'0',10);
INSERT INTO person (id,first_name,second_name,email,user_login,user_password,sex,date_of_birth,age,permission_level) VALUES (58,'Nicholas','Hughes','clayjacqueline@gmail.com','pjones','lyCrDUFTWrrHs','M','1994-06-05',25,1);
INSERT INTO staff_member (id,employed_since,position,salary,room) VALUES (58,'2012-05-31','Reseptionist',15000,56);
INSERT INTO reseptionist (id) VALUES (58);
INSERT INTO languages_spoken (reseptionist_id,language) VALUES (58,'Tatar');
INSERT INTO person (id,first_name,second_name,email,user_login,user_password,sex,date_of_birth,age,permission_level) VALUES (59,'Michael','Smith','benjamin75@yahoo.com','davisjames','QapLSjvrr','M','2016-04-18',3,3);
INSERT INTO staff_member (id,employed_since,position,salary,room) VALUES (59,'2015-06-09','Professor',35000,39);
INSERT INTO professor (id,research_topic,surgery_participation,departement_id) VALUES (59,'General Surgeon',B'1',7);
INSERT INTO person (id,first_name,second_name,email,user_login,user_password,sex,date_of_birth,age,permission_level) VALUES (60,'Christina','Davis','steven18@gmail.com','jasonbrown','RrGNCTgsbPaAUzg','F','1982-12-22',37,4);
INSERT INTO staff_member (id,employed_since,position,salary,room) VALUES (60,'2015-06-27','Pharmasist',20000,69);
INSERT INTO pharmasist (id,education_level,research) VALUES (60,'Magister',B'1');
INSERT INTO person (id,first_name,second_name,email,user_login,user_password,sex,date_of_birth,age,permission_level) VALUES (61,'Kevin','Barnes','robertsedward@hotmail.com','ortizjessica','mJNAQPrjuWI','M','1980-03-03',39,2);
INSERT INTO staff_member (id,employed_since,position,salary,room) VALUES (61,'2015-09-10','Doctor',35000,17);
INSERT INTO doctor (id,speciality,emergency_hours,experience,departement_id,supervisor) VALUES (61,'Physiatrist',B'1',7,12,40);
INSERT INTO person (id,first_name,second_name,email,user_login,user_password,sex,date_of_birth,age,permission_level) VALUES (62,'Robert','Cruz','zacharyrobinson@gmail.com','kwashington','cnFoyapFo','M','1964-03-10',55,4);
INSERT INTO staff_member (id,employed_since,position,salary,room) VALUES (62,'2013-08-01','Doctor',35000,25);
INSERT INTO doctor (id,speciality,emergency_hours,experience,departement_id,supervisor) VALUES (62,'Endocrinologists',B'1',1,3,44);
INSERT INTO person (id,first_name,second_name,email,user_login,user_password,sex,date_of_birth,age,permission_level) VALUES (63,'Sherry','Benson','jbrown@yahoo.com','jamescrystal','JzNhNUBKc','F','1974-04-08',45,4);
INSERT INTO patient (id) VALUES (63);
INSERT INTO patients_address (street,house,apartement) VALUES ('Tammy st.','44','9');
INSERT INTO medical_history (patient_id,date) VALUES (63,'2019-11-22');
INSERT INTO person (id,first_name,second_name,email,user_login,user_password,sex,date_of_birth,age,permission_level) VALUES (64,'Christopher','Robinson','gordon93@yahoo.com','dariusdixon','FtUbqbIQcvETd','M','2004-11-16',15,1);
INSERT INTO staff_member (id,employed_since,position,salary,room) VALUES (64,'2013-11-22','Doctor',35000,19);
INSERT INTO doctor (id,speciality,emergency_hours,experience,departement_id,supervisor) VALUES (64,'Preventive Medicine Specialist',B'1',7,7,16);
INSERT INTO person (id,first_name,second_name,email,user_login,user_password,sex,date_of_birth,age,permission_level) VALUES (65,'Cory','Aguilar','douglas78@yahoo.com','eric73','GCbYGWdYci','M','1904-06-12',115,5);
INSERT INTO staff_member (id,employed_since,position,salary,room) VALUES (65,'2016-08-13','HR',30000,65);
INSERT INTO hr (id,selection_responsibility) VALUES (65,'Review');
INSERT INTO person (id,first_name,second_name,email,user_login,user_password,sex,date_of_birth,age,permission_level) VALUES (66,'John','Anderson','amy44@yahoo.com','mjohnston','XuEKkGZuHZOkIne','M','1953-03-05',66,2);
INSERT INTO staff_member (id,employed_since,position,salary,room) VALUES (66,'2015-01-20','Doctor',35000,12);
INSERT INTO doctor (id,speciality,emergency_hours,experience,departement_id,supervisor) VALUES (66,'Radiologist',B'1',2,9,40);
INSERT INTO person (id,first_name,second_name,email,user_login,user_password,sex,date_of_birth,age,permission_level) VALUES (67,'Jennifer','White','david13@gmail.com','fitzgeralddaniel','KweiCnAZ','F','1978-02-25',41,5);
INSERT INTO patient (id) VALUES (67);
INSERT INTO patients_address (street,house,apartement) VALUES ('Robert st.','96','8');
INSERT INTO medical_history (patient_id,date) VALUES (67,'2019-11-12');
INSERT INTO person (id,first_name,second_name,email,user_login,user_password,sex,date_of_birth,age,permission_level) VALUES (68,'Mrs.','Stacy','abigail74@hotmail.com','welchtravis','gRIdqAorLUDYRF','F','1911-04-28',108,1);
INSERT INTO staff_member (id,employed_since,position,salary,room) VALUES (68,'2015-06-21','Security Team Member',10000,62);
INSERT INTO security_team_member (id,shifts,physical_test_grade) VALUES (68,'Night','B');
INSERT INTO person (id,first_name,second_name,email,user_login,user_password,sex,date_of_birth,age,permission_level) VALUES (69,'Janet','Martin','masontaylor@yahoo.com','marcia30','dEyxRjoXKDpQiP','F','1913-07-02',106,3);
INSERT INTO patient (id) VALUES (69);
INSERT INTO patients_address (street,house,apartement) VALUES ('Katherine st.','28','1');
INSERT INTO medical_history (patient_id,date) VALUES (69,'2019-11-16');
INSERT INTO person (id,first_name,second_name,email,user_login,user_password,sex,date_of_birth,age,permission_level) VALUES (70,'Collin','Mosley','jasondalton@hotmail.com','fshelton','XiKjVnIvcesK','M','2006-03-10',13,2);
INSERT INTO patient (id) VALUES (70);
INSERT INTO patients_address (street,house,apartement) VALUES ('Andrew st.','8','7');
INSERT INTO medical_history (patient_id,date) VALUES (70,'2019-11-09');
INSERT INTO person (id,first_name,second_name,email,user_login,user_password,sex,date_of_birth,age,permission_level) VALUES (71,'Natalie','Montoya','ihammond@hotmail.com','thompsonwilliam','DiYxaHKBPiupNT','F','1948-06-05',71,5);
INSERT INTO staff_member (id,employed_since,position,salary,room) VALUES (71,'2011-08-15','Cook',15000,73);
INSERT INTO cook (id,experience) VALUES (71,6);
INSERT INTO person (id,first_name,second_name,email,user_login,user_password,sex,date_of_birth,age,permission_level) VALUES (72,'Terri','Cisneros','james98@hotmail.com','gellis','RoXVvMgxUfskyC','F','1932-09-20',87,5);
INSERT INTO staff_member (id,employed_since,position,salary,room) VALUES (72,'2012-05-30','Cleaning Team Worker',10000,51);
INSERT INTO cleaning_team_worker (id,employment_type) VALUES (72,'Full time');
INSERT INTO person (id,first_name,second_name,email,user_login,user_password,sex,date_of_birth,age,permission_level) VALUES (73,'Elizabeth','Bryant','timothy64@hotmail.com','allenclaudia','KJoMNfrpJCVU','F','1951-10-26',68,3);
INSERT INTO staff_member (id,employed_since,position,salary,room) VALUES (73,'2018-10-05','Reseptionist',15000,56);
INSERT INTO reseptionist (id) VALUES (73);
INSERT INTO languages_spoken (reseptionist_id,language) VALUES (73,'ArabicRussianItalianArabic');
INSERT INTO person (id,first_name,second_name,email,user_login,user_password,sex,date_of_birth,age,permission_level) VALUES (74,'Dr.','Elizabeth','michele87@gmail.com','maldonadoharry','oYWCvaHGngQ','F','1909-08-04',110,4);
INSERT INTO staff_member (id,employed_since,position,salary,room) VALUES (74,'2013-09-11','Professor',35000,35);
INSERT INTO professor (id,research_topic,surgery_participation,departement_id) VALUES (74,'Pathologist',B'0',5);
INSERT INTO person (id,first_name,second_name,email,user_login,user_password,sex,date_of_birth,age,permission_level) VALUES (75,'Madeline','Vang','jeffrey12@gmail.com','pburton','YkUKphhfq','F','1907-01-03',112,5);
INSERT INTO patient (id) VALUES (75);
INSERT INTO patients_address (street,house,apartement) VALUES ('Tina st.','9','3');
INSERT INTO medical_history (patient_id,date) VALUES (75,'2019-11-10');
INSERT INTO person (id,first_name,second_name,email,user_login,user_password,sex,date_of_birth,age,permission_level) VALUES (76,'Melanie','Goodwin','toni19@yahoo.com','moorejessica','GiHPSatDMMoG','F','1918-11-27',101,1);
INSERT INTO staff_member (id,employed_since,position,salary,room) VALUES (76,'2015-05-16','Nurse',25000,6);
INSERT INTO nurse (id,surgery_assistant,preferred_shifts,appointment_assistant,departement_id) VALUES (76,B'0','Day',B'0',4);
INSERT INTO person (id,first_name,second_name,email,user_login,user_password,sex,date_of_birth,age,permission_level) VALUES (77,'Sylvia','Harris','william85@hotmail.com','kingjason','RduqsmEDmTTxxNY','F','1911-12-30',108,1);
INSERT INTO staff_member (id,employed_since,position,salary,room) VALUES (77,'2018-08-22','Doctor',35000,25);
INSERT INTO doctor (id,speciality,emergency_hours,experience,departement_id,supervisor) VALUES (77,'Osteopath',B'0',2,1,64);
INSERT INTO person (id,first_name,second_name,email,user_login,user_password,sex,date_of_birth,age,permission_level) VALUES (78,'Mary','Wood','kendra09@yahoo.com','deanna03','WocAjLXaWzhAh','F','1998-10-15',21,3);
INSERT INTO staff_member (id,employed_since,position,salary,room) VALUES (78,'2015-04-04','Doctor',35000,16);
INSERT INTO doctor (id,speciality,emergency_hours,experience,departement_id,supervisor) VALUES (78,'Internist',B'1',6,10,77);
INSERT INTO person (id,first_name,second_name,email,user_login,user_password,sex,date_of_birth,age,permission_level) VALUES (79,'Mr.','Keith','tbarnett@gmail.com','pmorrow','tLBYoETnb','M','1907-06-09',112,5);
INSERT INTO staff_member (id,employed_since,position,salary,room) VALUES (79,'2016-12-25','Nurse',25000,8);
INSERT INTO nurse (id,surgery_assistant,preferred_shifts,appointment_assistant,departement_id) VALUES (79,B'0','Day',B'1',13);
INSERT INTO person (id,first_name,second_name,email,user_login,user_password,sex,date_of_birth,age,permission_level) VALUES (80,'Steven','Morris','keith91@yahoo.com','krios','FeKfIBFPQ','M','1918-10-16',101,3);
INSERT INTO patient (id) VALUES (80);
INSERT INTO patients_address (street,house,apartement) VALUES ('Rachel st.','23','1');
INSERT INTO medical_history (patient_id,date) VALUES (80,'2019-11-05');
INSERT INTO person (id,first_name,second_name,email,user_login,user_password,sex,date_of_birth,age,permission_level) VALUES (81,'Shawn','Kennedy','barbarasandoval@hotmail.com','richardfinley','IPagcdSOvqBA','M','1984-05-08',35,3);
INSERT INTO staff_member (id,employed_since,position,salary,room) VALUES (81,'2019-11-14','Professor',35000,35);
INSERT INTO professor (id,research_topic,surgery_participation,departement_id) VALUES (81,'Dermatologist',B'1',1);
INSERT INTO person (id,first_name,second_name,email,user_login,user_password,sex,date_of_birth,age,permission_level) VALUES (82,'John','Thompson','mitchell37@hotmail.com','rgray','OIKvvDS','M','1990-04-07',29,3);
INSERT INTO staff_member (id,employed_since,position,salary,room) VALUES (82,'2013-02-07','Professor',35000,33);
INSERT INTO professor (id,research_topic,surgery_participation,departement_id) VALUES (82,'Dermatologist',B'1',9);
INSERT INTO person (id,first_name,second_name,email,user_login,user_password,sex,date_of_birth,age,permission_level) VALUES (83,'Austin','Berry','tylergonzalez@hotmail.com','sandra91','noChRjXSG','M','1966-05-16',53,3);
INSERT INTO patient (id) VALUES (83);
INSERT INTO patients_address (street,house,apartement) VALUES ('Nicholas st.','97','8');
INSERT INTO medical_history (patient_id,date) VALUES (83,'2019-11-24');
INSERT INTO person (id,first_name,second_name,email,user_login,user_password,sex,date_of_birth,age,permission_level) VALUES (84,'Gregory','Martin','margaret05@yahoo.com','brian54','lHCZyove','M','1997-07-16',22,5);
INSERT INTO staff_member (id,employed_since,position,salary,room) VALUES (84,'2009-12-27','Doctor',35000,26);
INSERT INTO doctor (id,speciality,emergency_hours,experience,departement_id,supervisor) VALUES (84,'Hospice and Palliative Medicine Specialist',B'1',5,9,45);
INSERT INTO person (id,first_name,second_name,email,user_login,user_password,sex,date_of_birth,age,permission_level) VALUES (85,'Marcus','Benton','velasquezwendy@hotmail.com','christopherhunter','PdPQZMQxvWvmep','M','1975-04-20',44,3);
INSERT INTO staff_member (id,employed_since,position,salary,room) VALUES (85,'2017-07-15','Reseptionist',15000,56);
INSERT INTO reseptionist (id) VALUES (85);
INSERT INTO languages_spoken (reseptionist_id,language) VALUES (85,'ArabicEnglishItalianTatar');
INSERT INTO person (id,first_name,second_name,email,user_login,user_password,sex,date_of_birth,age,permission_level) VALUES (86,'Kristin','Bennett','browntravis@gmail.com','acarroll','DpfKvIYdjsusrej','F','2006-10-16',13,4);
INSERT INTO patient (id) VALUES (86);
INSERT INTO patients_address (street,house,apartement) VALUES ('Daniel st.','2','6');
INSERT INTO medical_history (patient_id,date) VALUES (86,'2019-10-31');
INSERT INTO person (id,first_name,second_name,email,user_login,user_password,sex,date_of_birth,age,permission_level) VALUES (87,'Christopher','Bullock','longkelly@hotmail.com','brianakeller','cZstUBhibhBzD','M','2008-03-09',11,4);
INSERT INTO staff_member (id,employed_since,position,salary,room) VALUES (87,'2018-09-11','Nurse',25000,5);
INSERT INTO nurse (id,surgery_assistant,preferred_shifts,appointment_assistant,departement_id) VALUES (87,B'0','Day',B'0',1);
INSERT INTO person (id,first_name,second_name,email,user_login,user_password,sex,date_of_birth,age,permission_level) VALUES (88,'Tiffany','Smith','paulwatkins@hotmail.com','cynthia43','cMSodxUF','F','1971-08-30',48,1);
INSERT INTO staff_member (id,employed_since,position,salary,room) VALUES (88,'2017-10-06','Nurse',25000,10);
INSERT INTO nurse (id,surgery_assistant,preferred_shifts,appointment_assistant,departement_id) VALUES (88,B'1','Day',B'1',1);
INSERT INTO person (id,first_name,second_name,email,user_login,user_password,sex,date_of_birth,age,permission_level) VALUES (89,'Seth','Peterson','xwalsh@hotmail.com','shepherdjonathan','fCEVAcoRZhSdbK','M','1919-04-23',100,4);
INSERT INTO staff_member (id,employed_since,position,salary,room) VALUES (89,'2014-03-25','Nurse',25000,4);
INSERT INTO nurse (id,surgery_assistant,preferred_shifts,appointment_assistant,departement_id) VALUES (89,B'1','Night',B'1',5);
INSERT INTO person (id,first_name,second_name,email,user_login,user_password,sex,date_of_birth,age,permission_level) VALUES (90,'Jeffrey','Freeman','chogan@gmail.com','kennethjacobs','BoKTZYVxNlmsTEH','M','1942-02-19',77,1);
INSERT INTO staff_member (id,employed_since,position,salary,room) VALUES (90,'2013-02-08','Nurse',25000,4);
INSERT INTO nurse (id,surgery_assistant,preferred_shifts,appointment_assistant,departement_id) VALUES (90,B'1','Night',B'0',12);
INSERT INTO person (id,first_name,second_name,email,user_login,user_password,sex,date_of_birth,age,permission_level) VALUES (91,'Cynthia','Chan','longbenjamin@yahoo.com','zbrewer','XCzuwzmBSga','F','2002-08-07',17,2);
INSERT INTO staff_member (id,employed_since,position,salary,room) VALUES (91,'2015-02-17','Doctor',35000,27);
INSERT INTO doctor (id,speciality,emergency_hours,experience,departement_id,supervisor) VALUES (91,'Medical Geneticist',B'0',7,9,44);
INSERT INTO person (id,first_name,second_name,email,user_login,user_password,sex,date_of_birth,age,permission_level) VALUES (92,'Christopher','Vincent','meganolsen@yahoo.com','davisamanda','vkSZXJUSrDn','M','1992-08-25',27,5);
INSERT INTO staff_member (id,employed_since,position,salary,room) VALUES (92,'2019-02-28','Professor',35000,33);
INSERT INTO professor (id,research_topic,surgery_participation,departement_id) VALUES (92,'Pediatrician',B'1',5);
INSERT INTO person (id,first_name,second_name,email,user_login,user_password,sex,date_of_birth,age,permission_level) VALUES (93,'Lisa','Watkins','thomaskoch@gmail.com','medinakathryn','jgHCfAaGZ','F','1927-07-23',92,3);
INSERT INTO staff_member (id,employed_since,position,salary,room) VALUES (93,'2012-04-02','Maintanence Worker',15000,59);
INSERT INTO maintanence_worker (id,employment_type,speciality) VALUES (93,'Part time','Machines');
INSERT INTO person (id,first_name,second_name,email,user_login,user_password,sex,date_of_birth,age,permission_level) VALUES (94,'James','Rhodes','ruben97@yahoo.com','mcdowelldonna','BxScTBvzvisJA','M','1935-03-31',84,4);
INSERT INTO staff_member (id,employed_since,position,salary,room) VALUES (94,'2010-10-15','Lab Technician',15000,48);
INSERT INTO lab_technician (id,education_level,departement_id) VALUES (94,'PhD',1);
INSERT INTO person (id,first_name,second_name,email,user_login,user_password,sex,date_of_birth,age,permission_level) VALUES (95,'Hannah','Carney','mallen@yahoo.com','mark10','mDGBMSg','F','1992-06-07',27,1);
INSERT INTO staff_member (id,employed_since,position,salary,room) VALUES (95,'2013-02-27','Nurse',25000,5);
INSERT INTO nurse (id,surgery_assistant,preferred_shifts,appointment_assistant,departement_id) VALUES (95,B'1','Day',B'0',9);
INSERT INTO person (id,first_name,second_name,email,user_login,user_password,sex,date_of_birth,age,permission_level) VALUES (96,'Victoria','Wood','ashlee24@gmail.com','kevinmueller','QjjDMOLvzYlBU','F','2016-10-04',3,2);
INSERT INTO staff_member (id,employed_since,position,salary,room) VALUES (96,'2011-01-23','IT Specialist',15000,74);
INSERT INTO IT_specialist (id,support_line) VALUES (96,B'0');
INSERT INTO person (id,first_name,second_name,email,user_login,user_password,sex,date_of_birth,age,permission_level) VALUES (97,'Cody','Hansen','randy06@yahoo.com','daniel00','JKNZLVK','M','1962-02-20',57,3);
INSERT INTO staff_member (id,employed_since,position,salary,room) VALUES (97,'2016-03-25','Nurse',25000,7);
INSERT INTO nurse (id,surgery_assistant,preferred_shifts,appointment_assistant,departement_id) VALUES (97,B'0','Night',B'1',6);
INSERT INTO person (id,first_name,second_name,email,user_login,user_password,sex,date_of_birth,age,permission_level) VALUES (98,'Nicholas','Perez','williamsrose@yahoo.com','vanessa02','asYPZygkoRImY','M','2018-09-07',1,1);
INSERT INTO staff_member (id,employed_since,position,salary,room) VALUES (98,'2017-11-10','Doctor',35000,27);
INSERT INTO doctor (id,speciality,emergency_hours,experience,departement_id,supervisor) VALUES (98,'Allergist',B'1',2,3,42);
INSERT INTO person (id,first_name,second_name,email,user_login,user_password,sex,date_of_birth,age,permission_level) VALUES (99,'Timothy','Austin','mortonmaria@hotmail.com','paulrichard','AruTRNgkbUtXI','M','2003-06-13',16,3);
INSERT INTO staff_member (id,employed_since,position,salary,room) VALUES (99,'2014-04-16','Nurse',25000,5);
INSERT INTO nurse (id,surgery_assistant,preferred_shifts,appointment_assistant,departement_id) VALUES (99,B'1','Night',B'1',5);
INSERT INTO person (id,first_name,second_name,email,user_login,user_password,sex,date_of_birth,age,permission_level) VALUES (100,'Michael','Williams','randybarrera@hotmail.com','myerscarolyn','omOlPeZqUmHnaa','M','1972-09-03',47,2);
INSERT INTO staff_member (id,employed_since,position,salary,room) VALUES (100,'2012-09-12','Reseptionist',15000,56);
INSERT INTO reseptionist (id) VALUES (100);
INSERT INTO languages_spoken (reseptionist_id,language) VALUES (100,'TatarPortugues');
INSERT INTO person (id,first_name,second_name,email,user_login,user_password,sex,date_of_birth,age,permission_level) VALUES (101,'Miss','Katherine','freytrevor@gmail.com','kelly69','ToQezWbGxDu','F','1909-12-31',110,5);
INSERT INTO staff_member (id,employed_since,position,salary,room) VALUES (101,'2015-10-05','Nurse',25000,6);
INSERT INTO nurse (id,surgery_assistant,preferred_shifts,appointment_assistant,departement_id) VALUES (101,B'0','Day',B'0',9);
INSERT INTO person (id,first_name,second_name,email,user_login,user_password,sex,date_of_birth,age,permission_level) VALUES (102,'Frederick','Bryan','randy66@gmail.com','molinadenise','MaXcQnfJLIbCG','M','1933-01-21',86,1);
INSERT INTO staff_member (id,employed_since,position,salary,room) VALUES (102,'2012-03-08','Doctor',35000,22);
INSERT INTO doctor (id,speciality,emergency_hours,experience,departement_id,supervisor) VALUES (102,'Obstetrician and Gynecologist',B'0',3,3,44);
INSERT INTO person (id,first_name,second_name,email,user_login,user_password,sex,date_of_birth,age,permission_level) VALUES (103,'Katherine','Moreno','hwilkinson@gmail.com','gordonbrian','vWvXVtvOpA','F','1959-06-22',60,3);
INSERT INTO staff_member (id,employed_since,position,salary,room) VALUES (103,'2012-04-04','Maintanence Worker',15000,60);
INSERT INTO maintanence_worker (id,employment_type,speciality) VALUES (103,'Full time','Machines');
INSERT INTO person (id,first_name,second_name,email,user_login,user_password,sex,date_of_birth,age,permission_level) VALUES (104,'Mary','Nguyen','emilyallen@hotmail.com','garciamichael','IphZXBtfyMKKRv','F','1940-06-12',79,3);
INSERT INTO staff_member (id,employed_since,position,salary,room) VALUES (104,'2014-09-09','Nurse',25000,5);
INSERT INTO nurse (id,surgery_assistant,preferred_shifts,appointment_assistant,departement_id) VALUES (104,B'1','Night',B'0',5);
INSERT INTO person (id,first_name,second_name,email,user_login,user_password,sex,date_of_birth,age,permission_level) VALUES (105,'Edwin','Bush','wendy09@gmail.com','ruizdanielle','CIZDvexV','M','1946-05-26',73,5);
INSERT INTO staff_member (id,employed_since,position,salary,room) VALUES (105,'2015-07-08','Cook',15000,71);
INSERT INTO cook (id,experience) VALUES (105,5);
INSERT INTO person (id,first_name,second_name,email,user_login,user_password,sex,date_of_birth,age,permission_level) VALUES (106,'Laurie','Bennett','sharonhall@hotmail.com','maureenthompson','yQQMUxrHKQzsQx','F','2012-03-24',7,4);
INSERT INTO staff_member (id,employed_since,position,salary,room) VALUES (106,'2017-08-08','Nurse',25000,9);
INSERT INTO nurse (id,surgery_assistant,preferred_shifts,appointment_assistant,departement_id) VALUES (106,B'0','Day',B'0',9);
INSERT INTO person (id,first_name,second_name,email,user_login,user_password,sex,date_of_birth,age,permission_level) VALUES (107,'Colton','Cohen','katherine96@yahoo.com','michael54','uZnMUUQrqc','M','1915-02-11',104,2);
INSERT INTO staff_member (id,employed_since,position,salary,room) VALUES (107,'2013-01-27','IT Specialist',15000,76);
INSERT INTO IT_specialist (id,support_line) VALUES (107,B'0');
INSERT INTO person (id,first_name,second_name,email,user_login,user_password,sex,date_of_birth,age,permission_level) VALUES (108,'Anthony','Foster','vargasjoshua@yahoo.com','alexandriaking','LyjqYuvCLsP','M','1917-06-26',102,2);
INSERT INTO staff_member (id,employed_since,position,salary,room) VALUES (108,'2011-02-18','Nurse',25000,5);
INSERT INTO nurse (id,surgery_assistant,preferred_shifts,appointment_assistant,departement_id) VALUES (108,B'0','Day',B'0',11);
INSERT INTO person (id,first_name,second_name,email,user_login,user_password,sex,date_of_birth,age,permission_level) VALUES (109,'Lori','Hernandez','hsanchez@hotmail.com','toni89','bXZtcrT','F','1987-05-12',32,3);
INSERT INTO staff_member (id,employed_since,position,salary,room) VALUES (109,'2019-09-11','Cleaning Team Worker',10000,54);
INSERT INTO cleaning_team_worker (id,employment_type) VALUES (109,'Full time');
INSERT INTO person (id,first_name,second_name,email,user_login,user_password,sex,date_of_birth,age,permission_level) VALUES (110,'Regina','Davidson','morganlara@yahoo.com','lewismarissa','ReBkTzPX','F','1934-07-14',85,2);
INSERT INTO staff_member (id,employed_since,position,salary,room) VALUES (110,'2019-11-27','Nurse',25000,9);
INSERT INTO nurse (id,surgery_assistant,preferred_shifts,appointment_assistant,departement_id) VALUES (110,B'0','Night',B'0',11);
INSERT INTO person (id,first_name,second_name,email,user_login,user_password,sex,date_of_birth,age,permission_level) VALUES (111,'Joshua','Smith','mmendoza@gmail.com','michaelstevens','jJNXNdVFVINKo','M','1951-07-19',68,5);
INSERT INTO staff_member (id,employed_since,position,salary,room) VALUES (111,'2010-12-30','Nurse',25000,8);
INSERT INTO nurse (id,surgery_assistant,preferred_shifts,appointment_assistant,departement_id) VALUES (111,B'1','Night',B'0',11);
INSERT INTO person (id,first_name,second_name,email,user_login,user_password,sex,date_of_birth,age,permission_level) VALUES (112,'Brian','Smith','spencerbaird@hotmail.com','bcarrillo','gDOkCXRtbm','M','1906-11-17',113,4);
INSERT INTO staff_member (id,employed_since,position,salary,room) VALUES (112,'2014-12-16','Doctor',35000,14);
INSERT INTO doctor (id,speciality,emergency_hours,experience,departement_id,supervisor) VALUES (112,'Oncologist',B'0',9,1,61);
INSERT INTO person (id,first_name,second_name,email,user_login,user_password,sex,date_of_birth,age,permission_level) VALUES (113,'Stephanie','Palmer','shaunsmith@yahoo.com','ydrake','VCkcMxINSu','F','1992-01-31',27,2);
INSERT INTO staff_member (id,employed_since,position,salary,room) VALUES (113,'2019-03-13','Doctor',35000,18);
INSERT INTO doctor (id,speciality,emergency_hours,experience,departement_id,supervisor) VALUES (113,'Ophthalmologist',B'0',5,10,40);
INSERT INTO person (id,first_name,second_name,email,user_login,user_password,sex,date_of_birth,age,permission_level) VALUES (114,'Carla','Rodriguez','kathryn75@hotmail.com','zweber','aNaCxQHvhuWd','F','1977-09-29',42,4);
INSERT INTO staff_member (id,employed_since,position,salary,room) VALUES (114,'2010-05-01','Nurse',25000,6);
INSERT INTO nurse (id,surgery_assistant,preferred_shifts,appointment_assistant,departement_id) VALUES (114,B'1','Day',B'0',13);
INSERT INTO person (id,first_name,second_name,email,user_login,user_password,sex,date_of_birth,age,permission_level) VALUES (115,'Suzanne','Moss','anthony35@hotmail.com','clarkmichael','DmJAjyfjnBZMaE','F','1921-11-14',98,4);
INSERT INTO staff_member (id,employed_since,position,salary,room) VALUES (115,'2013-12-09','Nurse',25000,5);
INSERT INTO nurse (id,surgery_assistant,preferred_shifts,appointment_assistant,departement_id) VALUES (115,B'1','Day',B'1',13);
INSERT INTO person (id,first_name,second_name,email,user_login,user_password,sex,date_of_birth,age,permission_level) VALUES (116,'William','Thompson','thomas60@yahoo.com','tdavid','JqksUrkk','M','1923-04-22',96,2);
INSERT INTO staff_member (id,employed_since,position,salary,room) VALUES (116,'2017-12-20','Cook',15000,73);
INSERT INTO cook (id,experience) VALUES (116,4);
INSERT INTO person (id,first_name,second_name,email,user_login,user_password,sex,date_of_birth,age,permission_level) VALUES (117,'Jennifer','Edwards','williamsjessica@hotmail.com','kathydalton','MaKNMkVGGsi','F','1934-07-19',85,5);
INSERT INTO staff_member (id,employed_since,position,salary,room) VALUES (117,'2011-02-03','Doctor',35000,15);
INSERT INTO doctor (id,speciality,emergency_hours,experience,departement_id,supervisor) VALUES (117,'Hematologist',B'0',8,12,42);
INSERT INTO person (id,first_name,second_name,email,user_login,user_password,sex,date_of_birth,age,permission_level) VALUES (118,'Samuel','Walker','gbarker@gmail.com','tranrobert','XTeiXdjil','M','2016-04-27',3,3);
INSERT INTO staff_member (id,employed_since,position,salary,room) VALUES (118,'2012-03-13','Security Team Member',10000,61);
INSERT INTO security_team_member (id,shifts,physical_test_grade) VALUES (118,'Day','D');
INSERT INTO person (id,first_name,second_name,email,user_login,user_password,sex,date_of_birth,age,permission_level) VALUES (119,'Melanie','Jones','heatherkirk@gmail.com','asmith','RqVOXCEv','F','2014-03-10',5,4);
INSERT INTO patient (id) VALUES (119);
INSERT INTO patients_address (street,house,apartement) VALUES ('Harry st.','41','8');
INSERT INTO medical_history (patient_id,date) VALUES (119,'2019-11-24');
INSERT INTO person (id,first_name,second_name,email,user_login,user_password,sex,date_of_birth,age,permission_level) VALUES (120,'Zachary','Ayers','adkinsmegan@hotmail.com','matthew34','OJRbNBeBDJdVwI','M','2018-10-11',1,3);
INSERT INTO staff_member (id,employed_since,position,salary,room) VALUES (120,'2016-06-01','Lab Technician',15000,42);
INSERT INTO lab_technician (id,education_level,departement_id) VALUES (120,'PhD',2);
INSERT INTO person (id,first_name,second_name,email,user_login,user_password,sex,date_of_birth,age,permission_level) VALUES (121,'Richard','Hill','cwaters@hotmail.com','leemary','QrJWEtPuJcGRg','M','1948-09-25',71,3);
INSERT INTO staff_member (id,employed_since,position,salary,room) VALUES (121,'2011-11-27','Nurse',25000,7);
INSERT INTO nurse (id,surgery_assistant,preferred_shifts,appointment_assistant,departement_id) VALUES (121,B'1','Night',B'0',6);
INSERT INTO person (id,first_name,second_name,email,user_login,user_password,sex,date_of_birth,age,permission_level) VALUES (122,'Angela','English','kanemary@gmail.com','angieramos','GcYgwmCc','F','1907-03-28',112,4);
INSERT INTO staff_member (id,employed_since,position,salary,room) VALUES (122,'2012-06-06','Cleaning Team Worker',10000,53);
INSERT INTO cleaning_team_worker (id,employment_type) VALUES (122,'Full time');
INSERT INTO person (id,first_name,second_name,email,user_login,user_password,sex,date_of_birth,age,permission_level) VALUES (123,'David','Hammond','daniel55@hotmail.com','davidwilliams','ZugQPcpcAT','M','1966-12-10',53,5);
INSERT INTO patient (id) VALUES (123);
INSERT INTO patients_address (street,house,apartement) VALUES ('John st.','33','8');
INSERT INTO medical_history (patient_id,date) VALUES (123,'2019-11-25');
INSERT INTO person (id,first_name,second_name,email,user_login,user_password,sex,date_of_birth,age,permission_level) VALUES (124,'Scott','Ford','allensean@hotmail.com','carmen35','lUYInntrEyFrXhO','M','1927-07-13',92,3);
INSERT INTO staff_member (id,employed_since,position,salary,room) VALUES (124,'2019-08-11','Professor',35000,39);
INSERT INTO professor (id,research_topic,surgery_participation,departement_id) VALUES (124,'Osteopath',B'1',11);
INSERT INTO person (id,first_name,second_name,email,user_login,user_password,sex,date_of_birth,age,permission_level) VALUES (125,'Crystal','Rodriguez','erica85@gmail.com','daniel85','FkvXLzdGgIy','F','1921-06-21',98,2);
INSERT INTO staff_member (id,employed_since,position,salary,room) VALUES (125,'2013-04-03','Doctor',35000,16);
INSERT INTO doctor (id,speciality,emergency_hours,experience,departement_id,supervisor) VALUES (125,'Psychiatrist',B'0',10,4,84);
INSERT INTO person (id,first_name,second_name,email,user_login,user_password,sex,date_of_birth,age,permission_level) VALUES (126,'Robert','Cline','carolynporter@hotmail.com','jmoore','VVSclTR','M','1931-03-14',88,4);
INSERT INTO staff_member (id,employed_since,position,salary,room) VALUES (126,'2018-01-05','Cook',15000,71);
INSERT INTO cook (id,experience) VALUES (126,5);
INSERT INTO person (id,first_name,second_name,email,user_login,user_password,sex,date_of_birth,age,permission_level) VALUES (127,'Daniel','Brown','mcguirestacy@yahoo.com','nicole83','PdHpHwGrNMOV','M','1967-07-14',52,3);
INSERT INTO staff_member (id,employed_since,position,salary,room) VALUES (127,'2016-11-03','Security Team Member',10000,62);
INSERT INTO security_team_member (id,shifts,physical_test_grade) VALUES (127,'Night','D');
INSERT INTO person (id,first_name,second_name,email,user_login,user_password,sex,date_of_birth,age,permission_level) VALUES (128,'Erika','Shannon','lancegriffin@gmail.com','evansbrian','mVwGKPuyW','F','1936-01-12',83,4);
INSERT INTO staff_member (id,employed_since,position,salary,room) VALUES (128,'2010-03-24','Pharmasist',20000,70);
INSERT INTO pharmasist (id,education_level,research) VALUES (128,'Postgraduate',B'0');
INSERT INTO person (id,first_name,second_name,email,user_login,user_password,sex,date_of_birth,age,permission_level) VALUES (129,'Holly','Anderson','sean99@gmail.com','dorseyandrew','PEZncUzSTAiZuk','F','1949-06-26',70,4);
INSERT INTO staff_member (id,employed_since,position,salary,room) VALUES (129,'2015-04-29','Doctor',35000,16);
INSERT INTO doctor (id,speciality,emergency_hours,experience,departement_id,supervisor) VALUES (129,'Pathologist',B'0',8,5,19);
INSERT INTO person (id,first_name,second_name,email,user_login,user_password,sex,date_of_birth,age,permission_level) VALUES (130,'Jason','West','bryce08@gmail.com','wsanders','PXhCAKWyTNBzOa','M','1983-08-16',36,2);
INSERT INTO staff_member (id,employed_since,position,salary,room) VALUES (130,'2010-05-01','Nurse',25000,7);
INSERT INTO nurse (id,surgery_assistant,preferred_shifts,appointment_assistant,departement_id) VALUES (130,B'1','Night',B'1',2);
INSERT INTO person (id,first_name,second_name,email,user_login,user_password,sex,date_of_birth,age,permission_level) VALUES (131,'Nicole','Kirby','nancy52@hotmail.com','franklindamon','QCFRMWQGCQHVwjn','F','1957-10-21',62,5);
INSERT INTO staff_member (id,employed_since,position,salary,room) VALUES (131,'2018-01-23','Doctor',35000,16);
INSERT INTO doctor (id,speciality,emergency_hours,experience,departement_id,supervisor) VALUES (131,'Otolaryngologist',B'1',6,10,125);
INSERT INTO person (id,first_name,second_name,email,user_login,user_password,sex,date_of_birth,age,permission_level) VALUES (132,'Katherine','Ray','janice12@hotmail.com','dwilliams','BmitrIrXBAnyB','F','1929-10-07',90,3);
INSERT INTO staff_member (id,employed_since,position,salary,room) VALUES (132,'2019-10-02','Pharmasist',20000,69);
INSERT INTO pharmasist (id,education_level,research) VALUES (132,'Postgraduate',B'0');
INSERT INTO person (id,first_name,second_name,email,user_login,user_password,sex,date_of_birth,age,permission_level) VALUES (133,'Sarah','Mendez','briggsmatthew@hotmail.com','alexis07','EyPMgmwQEGMooS','F','1945-10-16',74,4);
INSERT INTO staff_member (id,employed_since,position,salary,room) VALUES (133,'2011-01-13','Professor',35000,39);
INSERT INTO professor (id,research_topic,surgery_participation,departement_id) VALUES (133,'Obstetrician and Gynecologist',B'0',11);
INSERT INTO person (id,first_name,second_name,email,user_login,user_password,sex,date_of_birth,age,permission_level) VALUES (134,'Kimberly','Bennett','annapearson@hotmail.com','glamb','omhARpRStLeIuu','F','1947-12-28',72,5);
INSERT INTO staff_member (id,employed_since,position,salary,room) VALUES (134,'2010-09-22','IT Specialist',15000,75);
INSERT INTO IT_specialist (id,support_line) VALUES (134,B'1');
INSERT INTO person (id,first_name,second_name,email,user_login,user_password,sex,date_of_birth,age,permission_level) VALUES (135,'Carla','Molina','elizabethmcdaniel@gmail.com','nicholasallen','prPfzyVpHpICR','F','1943-06-27',76,1);
INSERT INTO staff_member (id,employed_since,position,salary,room) VALUES (135,'2016-08-26','Professor',35000,33);
INSERT INTO professor (id,research_topic,surgery_participation,departement_id) VALUES (135,'Colon Surgeon',B'0',4);
INSERT INTO person (id,first_name,second_name,email,user_login,user_password,sex,date_of_birth,age,permission_level) VALUES (136,'Donald','Lee','michelle24@gmail.com','yfloyd','ussxhjijSRF','M','1974-02-13',45,4);
INSERT INTO staff_member (id,employed_since,position,salary,room) VALUES (136,'2012-05-26','Nurse',25000,9);
INSERT INTO nurse (id,surgery_assistant,preferred_shifts,appointment_assistant,departement_id) VALUES (136,B'0','Day',B'1',2);
INSERT INTO person (id,first_name,second_name,email,user_login,user_password,sex,date_of_birth,age,permission_level) VALUES (137,'Jeffrey','Mitchell','scott68@gmail.com','donna63','GGCzwAuX','M','1952-06-10',67,5);
INSERT INTO patient (id) VALUES (137);
INSERT INTO patients_address (street,house,apartement) VALUES ('Christopher st.','28','5');
INSERT INTO medical_history (patient_id,date) VALUES (137,'2019-11-16');
INSERT INTO person (id,first_name,second_name,email,user_login,user_password,sex,date_of_birth,age,permission_level) VALUES (138,'David','Chen','kevinbrown@hotmail.com','walkerhenry','zwoIjbwBSuBgxUd','M','1975-07-15',44,2);
INSERT INTO staff_member (id,employed_since,position,salary,room) VALUES (138,'2011-09-27','Reseptionist',15000,56);
INSERT INTO reseptionist (id) VALUES (138);
INSERT INTO languages_spoken (reseptionist_id,language) VALUES (138,'ArabicPortuguesPortugues');
INSERT INTO person (id,first_name,second_name,email,user_login,user_password,sex,date_of_birth,age,permission_level) VALUES (139,'Anna','Ballard','codywilson@hotmail.com','kerrilambert','TywUKkYSvFrn','F','1941-10-03',78,4);
INSERT INTO patient (id) VALUES (139);
INSERT INTO patients_address (street,house,apartement) VALUES ('Bradley st.','17','1');
INSERT INTO medical_history (patient_id,date) VALUES (139,'2019-11-09');
INSERT INTO person (id,first_name,second_name,email,user_login,user_password,sex,date_of_birth,age,permission_level) VALUES (140,'Anthony','Paul','gomezalisha@hotmail.com','evelynjohnson','XXvNjvRt','M','2014-10-19',5,5);
INSERT INTO staff_member (id,employed_since,position,salary,room) VALUES (140,'2010-07-05','Cleaning Team Worker',10000,55);
INSERT INTO cleaning_team_worker (id,employment_type) VALUES (140,'Full time');
INSERT INTO person (id,first_name,second_name,email,user_login,user_password,sex,date_of_birth,age,permission_level) VALUES (141,'David','Carter','shelby48@hotmail.com','torreskayla','EhpJLISaPIvfgXM','M','1931-07-15',88,2);
INSERT INTO staff_member (id,employed_since,position,salary,room) VALUES (141,'2018-04-03','Professor',35000,35);
INSERT INTO professor (id,research_topic,surgery_participation,departement_id) VALUES (141,'Podiatrist',B'0',12);
INSERT INTO person (id,first_name,second_name,email,user_login,user_password,sex,date_of_birth,age,permission_level) VALUES (142,'Elaine','Scott','joewhite@hotmail.com','rbender','ZXhMaBrJAYJjCZ','F','1961-04-21',58,1);
INSERT INTO staff_member (id,employed_since,position,salary,room) VALUES (142,'2013-10-18','Nurse',25000,6);
INSERT INTO nurse (id,surgery_assistant,preferred_shifts,appointment_assistant,departement_id) VALUES (142,B'1','Day',B'0',8);
INSERT INTO person (id,first_name,second_name,email,user_login,user_password,sex,date_of_birth,age,permission_level) VALUES (143,'Elizabeth','Frey','jameswilliams@gmail.com','ucollins','TKVgytfBn','F','1947-03-13',72,5);
INSERT INTO staff_member (id,employed_since,position,salary,room) VALUES (143,'2016-07-15','Doctor',35000,15);
INSERT INTO doctor (id,speciality,emergency_hours,experience,departement_id,supervisor) VALUES (143,'Psychiatrist',B'1',1,13,125);
INSERT INTO person (id,first_name,second_name,email,user_login,user_password,sex,date_of_birth,age,permission_level) VALUES (144,'Carlos','Scott','nicholasedwards@yahoo.com','bjohnson','HivcPdLmifY','M','2005-11-07',14,1);
INSERT INTO staff_member (id,employed_since,position,salary,room) VALUES (144,'2011-02-18','Professor',35000,34);
INSERT INTO professor (id,research_topic,surgery_participation,departement_id) VALUES (144,'Ophthalmologist',B'1',7);
INSERT INTO person (id,first_name,second_name,email,user_login,user_password,sex,date_of_birth,age,permission_level) VALUES (145,'Kristina','Jacobson','huntsamantha@yahoo.com','lfletcher','lMlDUWhr','F','1950-01-12',69,4);
INSERT INTO staff_member (id,employed_since,position,salary,room) VALUES (145,'2015-09-30','Doctor',35000,25);
INSERT INTO doctor (id,speciality,emergency_hours,experience,departement_id,supervisor) VALUES (145,'Neurologist',B'1',4,11,19);
INSERT INTO person (id,first_name,second_name,email,user_login,user_password,sex,date_of_birth,age,permission_level) VALUES (146,'Leslie','Johnson','owalls@hotmail.com','lauren28','XMGTVntpWGbg','F','1927-04-21',92,2);
INSERT INTO patient (id) VALUES (146);
INSERT INTO patients_address (street,house,apartement) VALUES ('Heather st.','78','8');
INSERT INTO medical_history (patient_id,date) VALUES (146,'2019-11-09');
INSERT INTO person (id,first_name,second_name,email,user_login,user_password,sex,date_of_birth,age,permission_level) VALUES (147,'Jessica','Jones','zoliver@hotmail.com','robertwelch','IoGynWDCyzIw','F','1936-12-12',83,5);
INSERT INTO staff_member (id,employed_since,position,salary,room) VALUES (147,'2019-01-06','Cleaning Team Worker',10000,53);
INSERT INTO cleaning_team_worker (id,employment_type) VALUES (147,'Full time');
INSERT INTO person (id,first_name,second_name,email,user_login,user_password,sex,date_of_birth,age,permission_level) VALUES (148,'Shannon','Lewis','justin45@hotmail.com','vdiaz','jiQcOvfSZIvSQ','F','2012-10-05',7,1);
INSERT INTO staff_member (id,employed_since,position,salary,room) VALUES (148,'2012-12-09','Nurse',25000,4);
INSERT INTO nurse (id,surgery_assistant,preferred_shifts,appointment_assistant,departement_id) VALUES (148,B'0','Day',B'1',3);
INSERT INTO person (id,first_name,second_name,email,user_login,user_password,sex,date_of_birth,age,permission_level) VALUES (149,'Valerie','Copeland','hilleduardo@hotmail.com','smithdaniel','GfcEPjLZCvbV','F','2007-02-18',12,4);
INSERT INTO staff_member (id,employed_since,position,salary,room) VALUES (149,'2016-12-14','Nurse',25000,5);
INSERT INTO nurse (id,surgery_assistant,preferred_shifts,appointment_assistant,departement_id) VALUES (149,B'0','Night',B'1',2);
INSERT INTO person (id,first_name,second_name,email,user_login,user_password,sex,date_of_birth,age,permission_level) VALUES (150,'Sara','Armstrong','ubarr@yahoo.com','andrewsisabel','OCVvIKGbXUm','F','1965-08-12',54,3);
INSERT INTO staff_member (id,employed_since,position,salary,room) VALUES (150,'2016-09-08','Nurse',25000,7);
INSERT INTO nurse (id,surgery_assistant,preferred_shifts,appointment_assistant,departement_id) VALUES (150,B'1','Day',B'1',2);
INSERT INTO person (id,first_name,second_name,email,user_login,user_password,sex,date_of_birth,age,permission_level) VALUES (151,'Gregory','Villarreal','spenceryolanda@hotmail.com','nguyenmary','ryvkzJSVg','M','1917-12-10',102,2);
INSERT INTO staff_member (id,employed_since,position,salary,room) VALUES (151,'2012-10-18','Doctor',35000,28);
INSERT INTO doctor (id,speciality,emergency_hours,experience,departement_id,supervisor) VALUES (151,'Oncologist',B'0',1,13,117);
INSERT INTO person (id,first_name,second_name,email,user_login,user_password,sex,date_of_birth,age,permission_level) VALUES (152,'Jessica','Gregory','william08@yahoo.com','martindavid','unbvaHyrJWp','F','2018-12-14',1,5);
INSERT INTO staff_member (id,employed_since,position,salary,room) VALUES (152,'2019-04-25','Professor',35000,31);
INSERT INTO professor (id,research_topic,surgery_participation,departement_id) VALUES (152,'Hematologist',B'0',10);
INSERT INTO person (id,first_name,second_name,email,user_login,user_password,sex,date_of_birth,age,permission_level) VALUES (153,'Joshua','Wall','richardherrera@gmail.com','watsonkelly','LWJDfKFgpWsp','M','1927-03-01',92,3);
INSERT INTO staff_member (id,employed_since,position,salary,room) VALUES (153,'2016-08-28','Pharmasist',20000,70);
INSERT INTO pharmasist (id,education_level,research) VALUES (153,'Magister',B'0');
INSERT INTO person (id,first_name,second_name,email,user_login,user_password,sex,date_of_birth,age,permission_level) VALUES (154,'Joseph','King','thomas71@hotmail.com','jonathanfox','OdtFofME','M','1904-06-21',115,5);
INSERT INTO patient (id) VALUES (154);
INSERT INTO patients_address (street,house,apartement) VALUES ('Kara st.','44','8');
INSERT INTO medical_history (patient_id,date) VALUES (154,'2019-10-28');
INSERT INTO person (id,first_name,second_name,email,user_login,user_password,sex,date_of_birth,age,permission_level) VALUES (155,'Jennifer','Rodriguez','bradley67@gmail.com','carlsonlaura','kshxovDN','F','1963-11-01',56,1);
INSERT INTO staff_member (id,employed_since,position,salary,room) VALUES (155,'2010-07-18','Nurse',25000,10);
INSERT INTO nurse (id,surgery_assistant,preferred_shifts,appointment_assistant,departement_id) VALUES (155,B'0','Day',B'1',13);
INSERT INTO person (id,first_name,second_name,email,user_login,user_password,sex,date_of_birth,age,permission_level) VALUES (156,'Devin','Tyler','joannbishop@gmail.com','bmacdonald','rxTBgQnmgW','M','1989-04-11',30,3);
INSERT INTO patient (id) VALUES (156);
INSERT INTO patients_address (street,house,apartement) VALUES ('Diane st.','18','10');
INSERT INTO medical_history (patient_id,date) VALUES (156,'2019-11-24');
INSERT INTO person (id,first_name,second_name,email,user_login,user_password,sex,date_of_birth,age,permission_level) VALUES (157,'Sara','Miller','hawkinskevin@gmail.com','qwilcox','dEyjWBH','F','1991-11-01',28,2);
INSERT INTO staff_member (id,employed_since,position,salary,room) VALUES (157,'2011-02-20','Cleaning Team Worker',10000,53);
INSERT INTO cleaning_team_worker (id,employment_type) VALUES (157,'Part time');
INSERT INTO person (id,first_name,second_name,email,user_login,user_password,sex,date_of_birth,age,permission_level) VALUES (158,'Angela','Davis','sullivanlinda@yahoo.com','stephanie89','zOLxNmaEs','F','2009-06-29',10,2);
INSERT INTO staff_member (id,employed_since,position,salary,room) VALUES (158,'2018-04-03','Nurse',25000,8);
INSERT INTO nurse (id,surgery_assistant,preferred_shifts,appointment_assistant,departement_id) VALUES (158,B'0','Night',B'0',2);
INSERT INTO person (id,first_name,second_name,email,user_login,user_password,sex,date_of_birth,age,permission_level) VALUES (159,'Sonya','Massey','hardinkevin@hotmail.com','robertperkins','YSFulFqQgse','F','1964-06-30',55,5);
INSERT INTO staff_member (id,employed_since,position,salary,room) VALUES (159,'2010-03-26','Doctor',35000,30);
INSERT INTO doctor (id,speciality,emergency_hours,experience,departement_id,supervisor) VALUES (159,'Endocrinologists',B'0',9,7,62);
INSERT INTO person (id,first_name,second_name,email,user_login,user_password,sex,date_of_birth,age,permission_level) VALUES (160,'Chad','Baker','rebeccavelazquez@gmail.com','jessicasullivan','RftyeOVKTTdDHw','M','1915-11-24',104,3);
INSERT INTO staff_member (id,employed_since,position,salary,room) VALUES (160,'2014-09-04','Professor',35000,36);
INSERT INTO professor (id,research_topic,surgery_participation,departement_id) VALUES (160,'Medical Geneticist',B'1',5);
INSERT INTO person (id,first_name,second_name,email,user_login,user_password,sex,date_of_birth,age,permission_level) VALUES (161,'Gregory','Bryant','martinezgeorge@gmail.com','danielle96','XxbTnMVKT','M','2015-06-29',4,2);
INSERT INTO staff_member (id,employed_since,position,salary,room) VALUES (161,'2015-11-15','Nurse',25000,6);
INSERT INTO nurse (id,surgery_assistant,preferred_shifts,appointment_assistant,departement_id) VALUES (161,B'1','Night',B'1',9);
INSERT INTO person (id,first_name,second_name,email,user_login,user_password,sex,date_of_birth,age,permission_level) VALUES (162,'Christine','Shepherd','stacey55@gmail.com','smithdavid','CGnfurAYqgN','F','1984-03-27',35,1);
INSERT INTO staff_member (id,employed_since,position,salary,room) VALUES (162,'2010-06-12','Nurse',25000,5);
INSERT INTO nurse (id,surgery_assistant,preferred_shifts,appointment_assistant,departement_id) VALUES (162,B'0','Night',B'0',4);
INSERT INTO person (id,first_name,second_name,email,user_login,user_password,sex,date_of_birth,age,permission_level) VALUES (163,'Joe','Zuniga','campbellshawn@hotmail.com','brittanywilkerson','PKAVsftAokI','M','1944-08-24',75,1);
INSERT INTO staff_member (id,employed_since,position,salary,room) VALUES (163,'2013-12-10','Doctor',35000,22);
INSERT INTO doctor (id,speciality,emergency_hours,experience,departement_id,supervisor) VALUES (163,'Allergist',B'0',2,7,64);
INSERT INTO person (id,first_name,second_name,email,user_login,user_password,sex,date_of_birth,age,permission_level) VALUES (164,'Ashley','Kelley','kimshari@yahoo.com','whunter','KzwRFwA','F','1957-09-06',62,3);
INSERT INTO staff_member (id,employed_since,position,salary,room) VALUES (164,'2016-07-25','Cleaning Team Worker',10000,51);
INSERT INTO cleaning_team_worker (id,employment_type) VALUES (164,'Full time');
INSERT INTO person (id,first_name,second_name,email,user_login,user_password,sex,date_of_birth,age,permission_level) VALUES (165,'John','Gonzalez','dana76@gmail.com','careylaura','bhAJOoobULQK','M','1931-08-11',88,5);
INSERT INTO staff_member (id,employed_since,position,salary,room) VALUES (165,'2016-05-26','Maintanence Worker',15000,58);
INSERT INTO maintanence_worker (id,employment_type,speciality) VALUES (165,'Part time','Machines');
INSERT INTO person (id,first_name,second_name,email,user_login,user_password,sex,date_of_birth,age,permission_level) VALUES (166,'Dr.','Heather','monica90@yahoo.com','pwatson','GwpDTnrVndjf','F','1955-04-17',64,2);
INSERT INTO staff_member (id,employed_since,position,salary,room) VALUES (166,'2018-09-25','Nurse',25000,9);
INSERT INTO nurse (id,surgery_assistant,preferred_shifts,appointment_assistant,departement_id) VALUES (166,B'1','Night',B'0',1);
INSERT INTO person (id,first_name,second_name,email,user_login,user_password,sex,date_of_birth,age,permission_level) VALUES (167,'Joshua','Bowman','wperkins@yahoo.com','rileyhannah','MzEQFepuFcBUdZ','M','1910-10-21',109,3);
INSERT INTO staff_member (id,employed_since,position,salary,room) VALUES (167,'2014-02-07','Reseptionist',15000,56);
INSERT INTO reseptionist (id) VALUES (167);
INSERT INTO languages_spoken (reseptionist_id,language) VALUES (167,'ArabicTatar');
INSERT INTO person (id,first_name,second_name,email,user_login,user_password,sex,date_of_birth,age,permission_level) VALUES (168,'Michael','Ayers','brett28@hotmail.com','burkeryan','ZtvcvVlLVNAmOQ','M','1986-01-09',33,3);
INSERT INTO staff_member (id,employed_since,position,salary,room) VALUES (168,'2018-10-26','Lab Technician',15000,41);
INSERT INTO lab_technician (id,education_level,departement_id) VALUES (168,'Bachelor',11);
INSERT INTO person (id,first_name,second_name,email,user_login,user_password,sex,date_of_birth,age,permission_level) VALUES (169,'Chris','Choi','clarenceperez@yahoo.com','amandarodriguez','ggyRQExrX','M','1984-07-11',35,4);
INSERT INTO staff_member (id,employed_since,position,salary,room) VALUES (169,'2018-01-11','Cook',15000,71);
INSERT INTO cook (id,experience) VALUES (169,8);
INSERT INTO person (id,first_name,second_name,email,user_login,user_password,sex,date_of_birth,age,permission_level) VALUES (170,'Mark','Ritter','floresangela@hotmail.com','robertacosta','qbtOZGTrTbQthT','M','1966-12-24',53,2);
INSERT INTO staff_member (id,employed_since,position,salary,room) VALUES (170,'2010-01-15','Professor',35000,37);
INSERT INTO professor (id,research_topic,surgery_participation,departement_id) VALUES (170,'Medicine Specialist',B'0',13);
INSERT INTO person (id,first_name,second_name,email,user_login,user_password,sex,date_of_birth,age,permission_level) VALUES (171,'Justin','Reyes','zscott@yahoo.com','jonathan98','WYZvgMOWVeGYncW','M','1987-08-22',32,4);
INSERT INTO staff_member (id,employed_since,position,salary,room) VALUES (171,'2012-08-29','Security Team Member',10000,63);
INSERT INTO security_team_member (id,shifts,physical_test_grade) VALUES (171,'Night','B');
INSERT INTO person (id,first_name,second_name,email,user_login,user_password,sex,date_of_birth,age,permission_level) VALUES (172,'Keith','Palmer','uthompson@yahoo.com','xmyers','PjuuBVvWRMRqogX','M','1904-05-06',115,4);
INSERT INTO staff_member (id,employed_since,position,salary,room) VALUES (172,'2013-11-19','Maintanence Worker',15000,60);
INSERT INTO maintanence_worker (id,employment_type,speciality) VALUES (172,'Full time','Furniture');
INSERT INTO person (id,first_name,second_name,email,user_login,user_password,sex,date_of_birth,age,permission_level) VALUES (173,'Matthew','Phillips','iballard@yahoo.com','ashley72','hgUUwafCEZFpNt','M','2017-11-08',2,3);
INSERT INTO staff_member (id,employed_since,position,salary,room) VALUES (173,'2010-02-18','Cleaning Team Worker',10000,52);
INSERT INTO cleaning_team_worker (id,employment_type) VALUES (173,'Full time');
INSERT INTO person (id,first_name,second_name,email,user_login,user_password,sex,date_of_birth,age,permission_level) VALUES (174,'Johnny','Fernandez','jacobsshawn@yahoo.com','webblogan','fRbICkx','M','1934-12-25',85,1);
INSERT INTO staff_member (id,employed_since,position,salary,room) VALUES (174,'2010-12-26','Pharmasist',20000,70);
INSERT INTO pharmasist (id,education_level,research) VALUES (174,'PhD',B'1');
INSERT INTO person (id,first_name,second_name,email,user_login,user_password,sex,date_of_birth,age,permission_level) VALUES (175,'Angela','Merritt','lisa91@hotmail.com','timothy72','jrYjgdDFDEhmpgz','F','1965-06-07',54,2);
INSERT INTO staff_member (id,employed_since,position,salary,room) VALUES (175,'2014-12-18','Doctor',35000,28);
INSERT INTO doctor (id,speciality,emergency_hours,experience,departement_id,supervisor) VALUES (175,'Infectious Disease Specialist',B'1',3,3,66);
INSERT INTO person (id,first_name,second_name,email,user_login,user_password,sex,date_of_birth,age,permission_level) VALUES (176,'John','Crosby','mary96@gmail.com','yfrye','LSxNHtFTYP','M','1991-08-08',28,2);
INSERT INTO patient (id) VALUES (176);
INSERT INTO patients_address (street,house,apartement) VALUES ('Suzanne st.','56','3');
INSERT INTO medical_history (patient_id,date) VALUES (176,'2019-11-26');
INSERT INTO person (id,first_name,second_name,email,user_login,user_password,sex,date_of_birth,age,permission_level) VALUES (177,'Brian','Garcia','ngreen@gmail.com','bellmary','xiIwaxCnolCMxnz','M','1974-01-19',45,3);
INSERT INTO staff_member (id,employed_since,position,salary,room) VALUES (177,'2015-08-09','Nurse',25000,4);
INSERT INTO nurse (id,surgery_assistant,preferred_shifts,appointment_assistant,departement_id) VALUES (177,B'0','Day',B'0',7);
INSERT INTO person (id,first_name,second_name,email,user_login,user_password,sex,date_of_birth,age,permission_level) VALUES (178,'Erin','Wright','evanchandler@yahoo.com','mking','UKwMKMkJbt','F','1906-02-14',113,1);
INSERT INTO staff_member (id,employed_since,position,salary,room) VALUES (178,'2010-04-18','Nurse',25000,10);
INSERT INTO nurse (id,surgery_assistant,preferred_shifts,appointment_assistant,departement_id) VALUES (178,B'1','Night',B'1',4);
INSERT INTO person (id,first_name,second_name,email,user_login,user_password,sex,date_of_birth,age,permission_level) VALUES (179,'Cathy','Thomas','amy79@hotmail.com','jennifer99','BLMdMnMEOmNr','F','1998-05-10',21,3);
INSERT INTO staff_member (id,employed_since,position,salary,room) VALUES (179,'2015-04-03','Doctor',35000,21);
INSERT INTO doctor (id,speciality,emergency_hours,experience,departement_id,supervisor) VALUES (179,'Radiologist',B'0',8,4,112);
INSERT INTO person (id,first_name,second_name,email,user_login,user_password,sex,date_of_birth,age,permission_level) VALUES (180,'Colton','Garcia','johnsoncassidy@gmail.com','crawfordamanda','qgrhOjeshQYPyoh','M','1976-05-11',43,4);
INSERT INTO staff_member (id,employed_since,position,salary,room) VALUES (180,'2018-03-01','Nurse',25000,8);
INSERT INTO nurse (id,surgery_assistant,preferred_shifts,appointment_assistant,departement_id) VALUES (180,B'1','Day',B'1',8);
INSERT INTO person (id,first_name,second_name,email,user_login,user_password,sex,date_of_birth,age,permission_level) VALUES (181,'Carlos','Ortega','alexfields@yahoo.com','john66','uwOQgSOzH','M','1969-01-25',50,1);
INSERT INTO staff_member (id,employed_since,position,salary,room) VALUES (181,'2013-09-06','Nurse',25000,10);
INSERT INTO nurse (id,surgery_assistant,preferred_shifts,appointment_assistant,departement_id) VALUES (181,B'0','Day',B'0',11);
INSERT INTO person (id,first_name,second_name,email,user_login,user_password,sex,date_of_birth,age,permission_level) VALUES (182,'Vanessa','Smith','parkadam@yahoo.com','xjohnson','bsGMSHVm','F','1962-03-16',57,4);
INSERT INTO staff_member (id,employed_since,position,salary,room) VALUES (182,'2011-09-30','HR',30000,67);
INSERT INTO hr (id,selection_responsibility) VALUES (182,'Interview');
INSERT INTO person (id,first_name,second_name,email,user_login,user_password,sex,date_of_birth,age,permission_level) VALUES (183,'David','Ramirez','robinsonjoshua@hotmail.com','shelly14','fKIxjWr','M','1963-09-02',56,2);
INSERT INTO staff_member (id,employed_since,position,salary,room) VALUES (183,'2010-02-23','Professor',35000,38);
INSERT INTO professor (id,research_topic,surgery_participation,departement_id) VALUES (183,'Osteopath',B'0',11);
INSERT INTO person (id,first_name,second_name,email,user_login,user_password,sex,date_of_birth,age,permission_level) VALUES (184,'David','Castillo','emilywhite@gmail.com','smithangela','MUndfwdWszIVAwr','M','1943-03-29',76,1);
INSERT INTO staff_member (id,employed_since,position,salary,room) VALUES (184,'2013-02-04','Nurse',25000,3);
INSERT INTO nurse (id,surgery_assistant,preferred_shifts,appointment_assistant,departement_id) VALUES (184,B'1','Night',B'0',11);
INSERT INTO person (id,first_name,second_name,email,user_login,user_password,sex,date_of_birth,age,permission_level) VALUES (185,'Geoffrey','Garcia','kimberly79@gmail.com','april38','skYalnEQpPhB','M','1976-11-21',43,3);
INSERT INTO staff_member (id,employed_since,position,salary,room) VALUES (185,'2015-11-02','Nurse',25000,3);
INSERT INTO nurse (id,surgery_assistant,preferred_shifts,appointment_assistant,departement_id) VALUES (185,B'1','Night',B'0',13);
INSERT INTO person (id,first_name,second_name,email,user_login,user_password,sex,date_of_birth,age,permission_level) VALUES (186,'James','Becker','nelsonkevin@gmail.com','angelacox','GZUnIhhHtS','M','1946-04-06',73,1);
INSERT INTO staff_member (id,employed_since,position,salary,room) VALUES (186,'2011-10-01','Nurse',25000,4);
INSERT INTO nurse (id,surgery_assistant,preferred_shifts,appointment_assistant,departement_id) VALUES (186,B'0','Night',B'1',7);
INSERT INTO person (id,first_name,second_name,email,user_login,user_password,sex,date_of_birth,age,permission_level) VALUES (187,'Anthony','Harvey','jamesbush@hotmail.com','danielsstacy','RSuYRnQ','M','1964-03-29',55,2);
INSERT INTO staff_member (id,employed_since,position,salary,room) VALUES (187,'2013-08-25','Cook',15000,71);
INSERT INTO cook (id,experience) VALUES (187,1);
INSERT INTO person (id,first_name,second_name,email,user_login,user_password,sex,date_of_birth,age,permission_level) VALUES (188,'Elizabeth','Campbell','chenemily@gmail.com','tthompson','oLiSFDKrfUV','F','1911-05-02',108,3);
INSERT INTO patient (id) VALUES (188);
INSERT INTO patients_address (street,house,apartement) VALUES ('David st.','67','3');
INSERT INTO medical_history (patient_id,date) VALUES (188,'2019-11-24');
INSERT INTO person (id,first_name,second_name,email,user_login,user_password,sex,date_of_birth,age,permission_level) VALUES (189,'Miranda','Cervantes','cturner@gmail.com','stevensterri','zuakhgvkvvnJ','F','2011-05-31',8,5);
INSERT INTO staff_member (id,employed_since,position,salary,room) VALUES (189,'2010-12-02','Maintanence Worker',15000,57);
INSERT INTO maintanence_worker (id,employment_type,speciality) VALUES (189,'Full time','Machines');
INSERT INTO person (id,first_name,second_name,email,user_login,user_password,sex,date_of_birth,age,permission_level) VALUES (190,'Patricia','Sanders','leedaniel@gmail.com','roytina','dMDXfRxmlwv','F','1960-08-14',59,4);
INSERT INTO staff_member (id,employed_since,position,salary,room) VALUES (190,'2011-12-15','Nurse',25000,4);
INSERT INTO nurse (id,surgery_assistant,preferred_shifts,appointment_assistant,departement_id) VALUES (190,B'1','Day',B'0',10);
INSERT INTO person (id,first_name,second_name,email,user_login,user_password,sex,date_of_birth,age,permission_level) VALUES (191,'Raven','Johnson','braymichael@gmail.com','vaughnkimberly','BOikFnVSbMKHM','F','1942-02-27',77,5);
INSERT INTO staff_member (id,employed_since,position,salary,room) VALUES (191,'2018-09-13','Nurse',25000,4);
INSERT INTO nurse (id,surgery_assistant,preferred_shifts,appointment_assistant,departement_id) VALUES (191,B'1','Night',B'0',2);
INSERT INTO person (id,first_name,second_name,email,user_login,user_password,sex,date_of_birth,age,permission_level) VALUES (192,'Renee','Richardson','udavenport@hotmail.com','ricardo85','MNOcJYFnu','F','1964-03-14',55,2);
INSERT INTO patient (id) VALUES (192);
INSERT INTO patients_address (street,house,apartement) VALUES ('Charles st.','29','5');
INSERT INTO medical_history (patient_id,date) VALUES (192,'2019-11-06');
INSERT INTO person (id,first_name,second_name,email,user_login,user_password,sex,date_of_birth,age,permission_level) VALUES (193,'Chase','Sanders','michaeljackson@gmail.com','carterjustin','MKuTktNoPC','M','1948-03-22',71,1);
INSERT INTO staff_member (id,employed_since,position,salary,room) VALUES (193,'2014-05-30','Reseptionist',15000,56);
INSERT INTO reseptionist (id) VALUES (193);
INSERT INTO languages_spoken (reseptionist_id,language) VALUES (193,'TatarItalianRussianRussianRussianItalian');
INSERT INTO person (id,first_name,second_name,email,user_login,user_password,sex,date_of_birth,age,permission_level) VALUES (194,'Rebecca','Cherry','ahill@hotmail.com','jessicamiller','ymlrGBVdzphcp','F','1977-09-30',42,5);
INSERT INTO staff_member (id,employed_since,position,salary,room) VALUES (194,'2013-06-04','Lab Technician',15000,45);
INSERT INTO lab_technician (id,education_level,departement_id) VALUES (194,'Bachelor',11);
INSERT INTO person (id,first_name,second_name,email,user_login,user_password,sex,date_of_birth,age,permission_level) VALUES (195,'Cheryl','Ramirez','nbaker@hotmail.com','hjordan','avDdYRTXHbuQUnW','F','1981-12-04',38,1);
INSERT INTO patient (id) VALUES (195);
INSERT INTO patients_address (street,house,apartement) VALUES ('Robert st.','19','7');
INSERT INTO medical_history (patient_id,date) VALUES (195,'2019-11-07');
INSERT INTO person (id,first_name,second_name,email,user_login,user_password,sex,date_of_birth,age,permission_level) VALUES (196,'Jacob','Graham','aaronscott@gmail.com','kclark','uHdvNRqlfZUG','M','1975-01-17',44,2);
INSERT INTO staff_member (id,employed_since,position,salary,room) VALUES (196,'2011-05-15','Professor',35000,32);
INSERT INTO professor (id,research_topic,surgery_participation,departement_id) VALUES (196,'Obstetrician and Gynecologist',B'1',1);
INSERT INTO person (id,first_name,second_name,email,user_login,user_password,sex,date_of_birth,age,permission_level) VALUES (197,'Charles','Knight','kingann@gmail.com','zwagner','vRDeaqSxgqU','M','1979-01-24',40,5);
INSERT INTO staff_member (id,employed_since,position,salary,room) VALUES (197,'2018-02-25','Reseptionist',15000,56);
INSERT INTO reseptionist (id) VALUES (197);
INSERT INTO languages_spoken (reseptionist_id,language) VALUES (197,'EnglishItalianTatar');
INSERT INTO person (id,first_name,second_name,email,user_login,user_password,sex,date_of_birth,age,permission_level) VALUES (198,'Jody','Lang','iholloway@yahoo.com','toddgrimes','dLBclAHNNqitY','F','2007-04-27',12,4);
INSERT INTO staff_member (id,employed_since,position,salary,room) VALUES (198,'2010-08-08','Nurse',25000,4);
INSERT INTO nurse (id,surgery_assistant,preferred_shifts,appointment_assistant,departement_id) VALUES (198,B'0','Night',B'0',7);
INSERT INTO person (id,first_name,second_name,email,user_login,user_password,sex,date_of_birth,age,permission_level) VALUES (199,'Dennis','Sherman','laura47@gmail.com','michele88','HkjsBuNNMfWZCo','M','1911-07-05',108,5);
INSERT INTO staff_member (id,employed_since,position,salary,room) VALUES (199,'2019-01-27','Doctor',35000,15);
INSERT INTO doctor (id,speciality,emergency_hours,experience,departement_id,supervisor) VALUES (199,'Dermatologist',B'1',6,6,125);
INSERT INTO person (id,first_name,second_name,email,user_login,user_password,sex,date_of_birth,age,permission_level) VALUES (200,'Stephen','Myers','lauramoore@yahoo.com','carolyn97','MPnjGFIUfveyyut','M','1941-09-29',78,4);
INSERT INTO staff_member (id,employed_since,position,salary,room) VALUES (200,'2015-08-28','Professor',35000,40);
INSERT INTO professor (id,research_topic,surgery_participation,departement_id) VALUES (200,'Dermatologist',B'0',13);
INSERT INTO person (id,first_name,second_name,email,user_login,user_password,sex,date_of_birth,age,permission_level) VALUES (201,'Manuel','Grant','williamsnicole@gmail.com','stephenharper','sywKNSepJrS','M','1973-03-22',46,4);
INSERT INTO staff_member (id,employed_since,position,salary,room) VALUES (201,'2017-02-19','IT Specialist',15000,77);
INSERT INTO IT_specialist (id,support_line) VALUES (201,B'0');
INSERT INTO person (id,first_name,second_name,email,user_login,user_password,sex,date_of_birth,age,permission_level) VALUES (202,'Henry','Garcia','jcook@hotmail.com','radams','tknwbEGygzcWT','M','1957-04-24',62,2);
INSERT INTO staff_member (id,employed_since,position,salary,room) VALUES (202,'2014-05-25','Nurse',25000,4);
INSERT INTO nurse (id,surgery_assistant,preferred_shifts,appointment_assistant,departement_id) VALUES (202,B'1','Day',B'1',8);
INSERT INTO person (id,first_name,second_name,email,user_login,user_password,sex,date_of_birth,age,permission_level) VALUES (203,'Tiffany','Shah','ramoseddie@hotmail.com','jenniferwilcox','xgMOpQYBvwWwc','F','2018-04-30',1,5);
INSERT INTO staff_member (id,employed_since,position,salary,room) VALUES (203,'2016-05-01','Cook',15000,73);
INSERT INTO cook (id,experience) VALUES (203,4);
INSERT INTO person (id,first_name,second_name,email,user_login,user_password,sex,date_of_birth,age,permission_level) VALUES (204,'Kathleen','Walters','vmorton@hotmail.com','velazquezdana','SMOpPYFkilZn','F','2003-10-17',16,5);
INSERT INTO staff_member (id,employed_since,position,salary,room) VALUES (204,'2014-12-08','Lab Technician',15000,48);
INSERT INTO lab_technician (id,education_level,departement_id) VALUES (204,'PhD',6);
INSERT INTO person (id,first_name,second_name,email,user_login,user_password,sex,date_of_birth,age,permission_level) VALUES (205,'Rebecca','Williams','vtate@gmail.com','kevinhendricks','tKGmNrNZUp','F','1922-11-15',97,1);
INSERT INTO staff_member (id,employed_since,position,salary,room) VALUES (205,'2011-04-20','Nurse',25000,8);
INSERT INTO nurse (id,surgery_assistant,preferred_shifts,appointment_assistant,departement_id) VALUES (205,B'0','Day',B'0',7);
INSERT INTO person (id,first_name,second_name,email,user_login,user_password,sex,date_of_birth,age,permission_level) VALUES (206,'Carrie','Harris','john95@gmail.com','rodriguezjessica','MevwuVVCmnPic','F','1915-12-26',104,2);
INSERT INTO staff_member (id,employed_since,position,salary,room) VALUES (206,'2015-07-21','Nurse',25000,4);
INSERT INTO nurse (id,surgery_assistant,preferred_shifts,appointment_assistant,departement_id) VALUES (206,B'1','Day',B'1',10);
INSERT INTO person (id,first_name,second_name,email,user_login,user_password,sex,date_of_birth,age,permission_level) VALUES (207,'Michele','Kramer','christopher06@gmail.com','grodriguez','QlhcZQYn','F','1937-06-01',82,1);
INSERT INTO staff_member (id,employed_since,position,salary,room) VALUES (207,'2015-01-25','Professor',35000,31);
INSERT INTO professor (id,research_topic,surgery_participation,departement_id) VALUES (207,'Oncologist',B'0',7);
INSERT INTO person (id,first_name,second_name,email,user_login,user_password,sex,date_of_birth,age,permission_level) VALUES (208,'Joanne','Lewis','jonathan33@yahoo.com','knightmichael','yNkRpkSHLaURku','F','2002-01-30',17,1);
INSERT INTO staff_member (id,employed_since,position,salary,room) VALUES (208,'2019-03-06','Doctor',35000,24);
INSERT INTO doctor (id,speciality,emergency_hours,experience,departement_id,supervisor) VALUES (208,'Rheumatologist',B'0',9,8,62);
INSERT INTO person (id,first_name,second_name,email,user_login,user_password,sex,date_of_birth,age,permission_level) VALUES (209,'Regina','Hubbard','heathergarrett@gmail.com','lambertjason','XjzHiIDh','F','1914-07-05',105,4);
INSERT INTO staff_member (id,employed_since,position,salary,room) VALUES (209,'2013-03-13','Doctor',35000,26);
INSERT INTO doctor (id,speciality,emergency_hours,experience,departement_id,supervisor) VALUES (209,'Sports Medicine Specialist',B'0',3,7,41);
INSERT INTO person (id,first_name,second_name,email,user_login,user_password,sex,date_of_birth,age,permission_level) VALUES (210,'Jacob','Leach','hardinbrian@gmail.com','ajohnson','OjafYhC','M','2001-04-25',18,4);
INSERT INTO staff_member (id,employed_since,position,salary,room) VALUES (210,'2019-02-02','Doctor',35000,26);
INSERT INTO doctor (id,speciality,emergency_hours,experience,departement_id,supervisor) VALUES (210,'Geriatric Medicine Specialist',B'1',2,6,66);
INSERT INTO person (id,first_name,second_name,email,user_login,user_password,sex,date_of_birth,age,permission_level) VALUES (211,'Gabrielle','Hawkins','sara02@hotmail.com','wrightjared','HWufVfrQxZ','F','1964-08-21',55,5);
INSERT INTO staff_member (id,employed_since,position,salary,room) VALUES (211,'2015-10-22','Lab Technician',15000,48);
INSERT INTO lab_technician (id,education_level,departement_id) VALUES (211,'PhD',5);
INSERT INTO person (id,first_name,second_name,email,user_login,user_password,sex,date_of_birth,age,permission_level) VALUES (212,'Rebekah','Baker','lindsey73@yahoo.com','masonpatrick','ntfeagY','F','2015-01-21',4,5);
INSERT INTO staff_member (id,employed_since,position,salary,room) VALUES (212,'2013-05-25','Priest',15000,80);
INSERT INTO priest (id,religion) VALUES (212,'Christianity');
INSERT INTO person (id,first_name,second_name,email,user_login,user_password,sex,date_of_birth,age,permission_level) VALUES (213,'Michael','Baxter','ckaufman@gmail.com','hgreen','UojivNwJkAmMLu','M','1930-02-19',89,3);
INSERT INTO staff_member (id,employed_since,position,salary,room) VALUES (213,'2017-03-19','IT Specialist',15000,75);
INSERT INTO IT_specialist (id,support_line) VALUES (213,B'0');
INSERT INTO person (id,first_name,second_name,email,user_login,user_password,sex,date_of_birth,age,permission_level) VALUES (214,'Aaron','Griffin','lisagriffin@hotmail.com','christinesaunders','qWRgnYYBBDhiEdf','M','1973-01-01',46,3);
INSERT INTO staff_member (id,employed_since,position,salary,room) VALUES (214,'2014-10-03','Nurse',25000,6);
INSERT INTO nurse (id,surgery_assistant,preferred_shifts,appointment_assistant,departement_id) VALUES (214,B'1','Night',B'1',5);
INSERT INTO person (id,first_name,second_name,email,user_login,user_password,sex,date_of_birth,age,permission_level) VALUES (215,'Audrey','Flores','erinmcguire@gmail.com','victoria72','OMcvcQqwOi','F','1983-11-18',36,2);
INSERT INTO patient (id) VALUES (215);
INSERT INTO patients_address (street,house,apartement) VALUES ('Kimberly st.','60','10');
INSERT INTO medical_history (patient_id,date) VALUES (215,'2019-11-07');
INSERT INTO person (id,first_name,second_name,email,user_login,user_password,sex,date_of_birth,age,permission_level) VALUES (216,'Jennifer','Ford','mayermegan@yahoo.com','jacobsbrandon','eZXkLJRZuo','F','1920-10-08',99,2);
INSERT INTO staff_member (id,employed_since,position,salary,room) VALUES (216,'2013-05-01','Doctor',35000,18);
INSERT INTO doctor (id,speciality,emergency_hours,experience,departement_id,supervisor) VALUES (216,'Pathologist',B'0',6,2,7);
INSERT INTO person (id,first_name,second_name,email,user_login,user_password,sex,date_of_birth,age,permission_level) VALUES (217,'Jessica','Reyes','robert51@hotmail.com','shannoncarroll','LRoOckiHs','F','2001-10-15',18,5);
INSERT INTO staff_member (id,employed_since,position,salary,room) VALUES (217,'2012-08-17','Nurse',25000,3);
INSERT INTO nurse (id,surgery_assistant,preferred_shifts,appointment_assistant,departement_id) VALUES (217,B'0','Night',B'1',13);
INSERT INTO person (id,first_name,second_name,email,user_login,user_password,sex,date_of_birth,age,permission_level) VALUES (218,'Joseph','Martin','ynorton@hotmail.com','kimberlyroberts','WndDCbuTgSoP','M','2007-10-08',12,4);
INSERT INTO staff_member (id,employed_since,position,salary,room) VALUES (218,'2012-03-05','Nurse',25000,7);
INSERT INTO nurse (id,surgery_assistant,preferred_shifts,appointment_assistant,departement_id) VALUES (218,B'0','Day',B'0',3);
INSERT INTO person (id,first_name,second_name,email,user_login,user_password,sex,date_of_birth,age,permission_level) VALUES (219,'Michael','Vincent','raymondryan@gmail.com','ariasian','GtuwHZMieyyCqAh','M','1923-11-10',96,2);
INSERT INTO staff_member (id,employed_since,position,salary,room) VALUES (219,'2014-02-27','Nurse',25000,8);
INSERT INTO nurse (id,surgery_assistant,preferred_shifts,appointment_assistant,departement_id) VALUES (219,B'0','Day',B'0',8);
INSERT INTO person (id,first_name,second_name,email,user_login,user_password,sex,date_of_birth,age,permission_level) VALUES (220,'Shane','Jones','brookehill@hotmail.com','kathy81','NLwJvHm','M','1952-10-14',67,5);
INSERT INTO staff_member (id,employed_since,position,salary,room) VALUES (220,'2016-06-01','Professor',35000,39);
INSERT INTO professor (id,research_topic,surgery_participation,departement_id) VALUES (220,'Ophthalmologist',B'1',5);
INSERT INTO person (id,first_name,second_name,email,user_login,user_password,sex,date_of_birth,age,permission_level) VALUES (221,'Jesus','Wright','ihartman@hotmail.com','bross','MZZDqcweX','M','1966-06-18',53,3);
INSERT INTO staff_member (id,employed_since,position,salary,room) VALUES (221,'2018-08-03','Cook',15000,72);
INSERT INTO cook (id,experience) VALUES (221,1);
INSERT INTO person (id,first_name,second_name,email,user_login,user_password,sex,date_of_birth,age,permission_level) VALUES (222,'Catherine','Roberts','nicholas82@yahoo.com','uzimmerman','UfpAFuF','F','2003-06-25',16,4);
INSERT INTO staff_member (id,employed_since,position,salary,room) VALUES (222,'2017-06-07','Cook',15000,71);
INSERT INTO cook (id,experience) VALUES (222,4);
INSERT INTO person (id,first_name,second_name,email,user_login,user_password,sex,date_of_birth,age,permission_level) VALUES (223,'Brittney','Ibarra','courtney18@gmail.com','williamthompson','QHFXYcyV','F','1998-12-29',21,1);
INSERT INTO staff_member (id,employed_since,position,salary,room) VALUES (223,'2014-05-16','Nurse',25000,6);
INSERT INTO nurse (id,surgery_assistant,preferred_shifts,appointment_assistant,departement_id) VALUES (223,B'1','Night',B'0',11);
INSERT INTO person (id,first_name,second_name,email,user_login,user_password,sex,date_of_birth,age,permission_level) VALUES (224,'Jacob','Hernandez','dawn30@gmail.com','joshua12','qbUWOkAC','M','1951-12-30',68,2);
INSERT INTO staff_member (id,employed_since,position,salary,room) VALUES (224,'2010-04-17','Nurse',25000,5);
INSERT INTO nurse (id,surgery_assistant,preferred_shifts,appointment_assistant,departement_id) VALUES (224,B'1','Day',B'1',13);
INSERT INTO person (id,first_name,second_name,email,user_login,user_password,sex,date_of_birth,age,permission_level) VALUES (225,'Michael','Salazar','james64@yahoo.com','devonholmes','UkqKzyGkPyCjlHR','M','1947-10-14',72,4);
INSERT INTO staff_member (id,employed_since,position,salary,room) VALUES (225,'2016-10-15','Pharmasist',20000,69);
INSERT INTO pharmasist (id,education_level,research) VALUES (225,'Bachelor',B'0');
INSERT INTO person (id,first_name,second_name,email,user_login,user_password,sex,date_of_birth,age,permission_level) VALUES (226,'Jeffrey','Roberson','francorandall@gmail.com','vmiddleton','rQNZErBzkDKJIu','M','1980-01-31',39,4);
INSERT INTO staff_member (id,employed_since,position,salary,room) VALUES (226,'2010-11-26','HR',30000,64);
INSERT INTO hr (id,selection_responsibility) VALUES (226,'Interview');
INSERT INTO person (id,first_name,second_name,email,user_login,user_password,sex,date_of_birth,age,permission_level) VALUES (227,'Patrick','Rivas','lori96@yahoo.com','jacob43','JOjUsEyCq','M','1988-05-06',31,4);
INSERT INTO staff_member (id,employed_since,position,salary,room) VALUES (227,'2019-09-03','Cleaning Team Worker',10000,55);
INSERT INTO cleaning_team_worker (id,employment_type) VALUES (227,'Part time');
INSERT INTO person (id,first_name,second_name,email,user_login,user_password,sex,date_of_birth,age,permission_level) VALUES (228,'Kevin','Fisher','chandlerlacey@hotmail.com','rachel32','xNcQOYsXdqvMrO','M','1940-11-13',79,3);
INSERT INTO staff_member (id,employed_since,position,salary,room) VALUES (228,'2016-09-03','Doctor',35000,24);
INSERT INTO doctor (id,speciality,emergency_hours,experience,departement_id,supervisor) VALUES (228,'Internist',B'0',4,5,64);
INSERT INTO person (id,first_name,second_name,email,user_login,user_password,sex,date_of_birth,age,permission_level) VALUES (229,'Carl','Huff','aliciathomas@yahoo.com','millercathy','TzMUHaMHSZjC','M','1912-06-07',107,1);
INSERT INTO patient (id) VALUES (229);
INSERT INTO patients_address (street,house,apartement) VALUES ('Michael st.','71','6');
INSERT INTO medical_history (patient_id,date) VALUES (229,'2019-10-29');
INSERT INTO person (id,first_name,second_name,email,user_login,user_password,sex,date_of_birth,age,permission_level) VALUES (230,'Ronald','Harris','williamhernandez@yahoo.com','meghan03','aEyjYgkWNhmGx','M','1977-04-18',42,5);
INSERT INTO patient (id) VALUES (230);
INSERT INTO patients_address (street,house,apartement) VALUES ('Joe st.','20','3');
INSERT INTO medical_history (patient_id,date) VALUES (230,'2019-11-01');
INSERT INTO person (id,first_name,second_name,email,user_login,user_password,sex,date_of_birth,age,permission_level) VALUES (231,'Paul','Baldwin','elizabethsullivan@gmail.com','cooksteve','BvDnwyWKRf','M','1907-06-09',112,3);
INSERT INTO patient (id) VALUES (231);
INSERT INTO patients_address (street,house,apartement) VALUES ('Nicole st.','12','10');
INSERT INTO medical_history (patient_id,date) VALUES (231,'2019-11-12');
INSERT INTO person (id,first_name,second_name,email,user_login,user_password,sex,date_of_birth,age,permission_level) VALUES (232,'John','Walker','aallen@hotmail.com','priceolivia','ZBURGQmAUEbXom','M','1944-04-10',75,2);
INSERT INTO staff_member (id,employed_since,position,salary,room) VALUES (232,'2013-12-23','Security Team Member',10000,63);
INSERT INTO security_team_member (id,shifts,physical_test_grade) VALUES (232,'Day','C');
INSERT INTO person (id,first_name,second_name,email,user_login,user_password,sex,date_of_birth,age,permission_level) VALUES (233,'David','Pugh','adrian30@gmail.com','tonyaalexander','draTEvsZknDPYw','M','1987-04-25',32,2);
INSERT INTO patient (id) VALUES (233);
INSERT INTO patients_address (street,house,apartement) VALUES ('Michael st.','20','3');
INSERT INTO medical_history (patient_id,date) VALUES (233,'2019-11-12');
INSERT INTO person (id,first_name,second_name,email,user_login,user_password,sex,date_of_birth,age,permission_level) VALUES (234,'Maria','Boyer','destiny45@gmail.com','dmurray','ALENmcgDY','F','1967-02-25',52,2);
INSERT INTO staff_member (id,employed_since,position,salary,room) VALUES (234,'2019-08-18','Nurse',25000,6);
INSERT INTO nurse (id,surgery_assistant,preferred_shifts,appointment_assistant,departement_id) VALUES (234,B'0','Day',B'0',5);
INSERT INTO person (id,first_name,second_name,email,user_login,user_password,sex,date_of_birth,age,permission_level) VALUES (235,'Chris','Robinson','davidellis@gmail.com','jessicajenkins','AyuBecIpUQFm','M','1909-07-21',110,4);
INSERT INTO staff_member (id,employed_since,position,salary,room) VALUES (235,'2012-02-29','Security Team Member',10000,61);
INSERT INTO security_team_member (id,shifts,physical_test_grade) VALUES (235,'Night','C');
INSERT INTO person (id,first_name,second_name,email,user_login,user_password,sex,date_of_birth,age,permission_level) VALUES (236,'Vickie','Garner','amy98@gmail.com','michellemelendez','wMZhhOPyj','F','2003-11-07',16,4);
INSERT INTO staff_member (id,employed_since,position,salary,room) VALUES (236,'2016-11-13','Nurse',25000,10);
INSERT INTO nurse (id,surgery_assistant,preferred_shifts,appointment_assistant,departement_id) VALUES (236,B'0','Night',B'0',10);
INSERT INTO person (id,first_name,second_name,email,user_login,user_password,sex,date_of_birth,age,permission_level) VALUES (237,'Brian','Reynolds','sburke@yahoo.com','martinbaker','OAXwkplwoc','M','1991-10-10',28,3);
INSERT INTO staff_member (id,employed_since,position,salary,room) VALUES (237,'2018-01-12','Nurse',25000,4);
INSERT INTO nurse (id,surgery_assistant,preferred_shifts,appointment_assistant,departement_id) VALUES (237,B'1','Night',B'1',8);
INSERT INTO person (id,first_name,second_name,email,user_login,user_password,sex,date_of_birth,age,permission_level) VALUES (238,'Daniel','Singh','cody67@hotmail.com','hvaldez','BFIcHwlzXaJMZ','M','2006-10-17',13,2);
INSERT INTO staff_member (id,employed_since,position,salary,room) VALUES (238,'2013-09-12','Doctor',35000,25);
INSERT INTO doctor (id,speciality,emergency_hours,experience,departement_id,supervisor) VALUES (238,'Preventive Medicine Specialist',B'1',9,6,163);
INSERT INTO person (id,first_name,second_name,email,user_login,user_password,sex,date_of_birth,age,permission_level) VALUES (239,'Linda','Dixon','patriciaosborne@yahoo.com','jacobmartinez','OQZqynXcTFLnsL','F','1964-12-01',55,1);
INSERT INTO staff_member (id,employed_since,position,salary,room) VALUES (239,'2016-10-05','Nurse',25000,7);
INSERT INTO nurse (id,surgery_assistant,preferred_shifts,appointment_assistant,departement_id) VALUES (239,B'1','Day',B'1',4);
INSERT INTO person (id,first_name,second_name,email,user_login,user_password,sex,date_of_birth,age,permission_level) VALUES (240,'Kristin','Casey','ryandixon@gmail.com','raymond20','jzIjhjJREiC','F','2018-01-20',1,4);
INSERT INTO staff_member (id,employed_since,position,salary,room) VALUES (240,'2014-09-22','Nurse',25000,8);
INSERT INTO nurse (id,surgery_assistant,preferred_shifts,appointment_assistant,departement_id) VALUES (240,B'0','Night',B'1',11);
INSERT INTO person (id,first_name,second_name,email,user_login,user_password,sex,date_of_birth,age,permission_level) VALUES (241,'Allison','Stanley','jking@gmail.com','lindavalencia','yBtKPEAff','F','1921-04-03',98,4);
INSERT INTO staff_member (id,employed_since,position,salary,room) VALUES (241,'2011-04-01','Professor',35000,38);
INSERT INTO professor (id,research_topic,surgery_participation,departement_id) VALUES (241,'Critical Care Medicine Specialist',B'1',4);
INSERT INTO person (id,first_name,second_name,email,user_login,user_password,sex,date_of_birth,age,permission_level) VALUES (242,'William','Kelly','psmith@gmail.com','angela89','OMVpHkyATaTFD','M','1934-12-18',85,5);
INSERT INTO patient (id) VALUES (242);
INSERT INTO patients_address (street,house,apartement) VALUES ('Steven st.','83','3');
INSERT INTO medical_history (patient_id,date) VALUES (242,'2019-11-24');
INSERT INTO person (id,first_name,second_name,email,user_login,user_password,sex,date_of_birth,age,permission_level) VALUES (243,'Brandon','Smith','michellemonroe@hotmail.com','zachary74','IvsmKlGKY','M','1932-10-31',87,3);
INSERT INTO staff_member (id,employed_since,position,salary,room) VALUES (243,'2011-05-09','Pharmasist',20000,70);
INSERT INTO pharmasist (id,education_level,research) VALUES (243,'PhD',B'1');
INSERT INTO person (id,first_name,second_name,email,user_login,user_password,sex,date_of_birth,age,permission_level) VALUES (244,'Jeremy','French','grayjesus@gmail.com','ana79','VOhONIXf','M','1920-10-28',99,1);
INSERT INTO staff_member (id,employed_since,position,salary,room) VALUES (244,'2019-04-12','Cleaning Team Worker',10000,54);
INSERT INTO cleaning_team_worker (id,employment_type) VALUES (244,'Full time');
INSERT INTO person (id,first_name,second_name,email,user_login,user_password,sex,date_of_birth,age,permission_level) VALUES (245,'Krista','Berry','evan70@yahoo.com','ibarrett','BkwYWujrO','F','1911-08-27',108,3);
INSERT INTO staff_member (id,employed_since,position,salary,room) VALUES (245,'2012-12-29','Professor',35000,31);
INSERT INTO professor (id,research_topic,surgery_participation,departement_id) VALUES (245,'Otolaryngologist',B'1',5);
INSERT INTO person (id,first_name,second_name,email,user_login,user_password,sex,date_of_birth,age,permission_level) VALUES (246,'Cameron','Jones','stevenswilliam@hotmail.com','christinewilliams','redJjNiVmlxhNXK','M','2002-04-02',17,2);
INSERT INTO staff_member (id,employed_since,position,salary,room) VALUES (246,'2011-10-26','Nurse',25000,3);
INSERT INTO nurse (id,surgery_assistant,preferred_shifts,appointment_assistant,departement_id) VALUES (246,B'1','Night',B'1',1);
INSERT INTO person (id,first_name,second_name,email,user_login,user_password,sex,date_of_birth,age,permission_level) VALUES (247,'Kelli','Foley','jmiller@gmail.com','josephmartin','kRuRNEQXYola','F','1974-04-18',45,4);
INSERT INTO staff_member (id,employed_since,position,salary,room) VALUES (247,'2010-03-09','Doctor',35000,27);
INSERT INTO doctor (id,speciality,emergency_hours,experience,departement_id,supervisor) VALUES (247,'Hematologist',B'0',3,6,131);
INSERT INTO person (id,first_name,second_name,email,user_login,user_password,sex,date_of_birth,age,permission_level) VALUES (248,'Julie','Watson','vmcdowell@yahoo.com','tracy97','CEAZrqsHJqiwhGk','F','1939-12-18',80,2);
INSERT INTO staff_member (id,employed_since,position,salary,room) VALUES (248,'2017-08-24','Nurse',25000,7);
INSERT INTO nurse (id,surgery_assistant,preferred_shifts,appointment_assistant,departement_id) VALUES (248,B'1','Day',B'0',4);
INSERT INTO person (id,first_name,second_name,email,user_login,user_password,sex,date_of_birth,age,permission_level) VALUES (249,'Ryan','Torres','ericamercado@hotmail.com','jasmine50','uGORLHHEmtLpM','M','2005-09-18',14,2);
INSERT INTO staff_member (id,employed_since,position,salary,room) VALUES (249,'2010-09-27','Lab Technician',15000,47);
INSERT INTO lab_technician (id,education_level,departement_id) VALUES (249,'Bachelor',1);
INSERT INTO person (id,first_name,second_name,email,user_login,user_password,sex,date_of_birth,age,permission_level) VALUES (250,'Mike','Chang','sgilbert@gmail.com','boyervictoria','oXbYbycxCPuHzI','M','1979-11-12',40,4);
INSERT INTO staff_member (id,employed_since,position,salary,room) VALUES (250,'2012-10-26','Nurse',25000,5);
INSERT INTO nurse (id,surgery_assistant,preferred_shifts,appointment_assistant,departement_id) VALUES (250,B'0','Day',B'1',9);
INSERT INTO person (id,first_name,second_name,email,user_login,user_password,sex,date_of_birth,age,permission_level) VALUES (251,'Sandra','Burton','amy89@gmail.com','monica05','nxqFxbNvqSo','F','1955-10-02',64,4);
INSERT INTO patient (id) VALUES (251);
INSERT INTO patients_address (street,house,apartement) VALUES ('Christopher st.','11','5');
INSERT INTO medical_history (patient_id,date) VALUES (251,'2019-11-02');
INSERT INTO person (id,first_name,second_name,email,user_login,user_password,sex,date_of_birth,age,permission_level) VALUES (252,'Michael','Crawford','johnhansen@gmail.com','englishcynthia','ijqhwQqkit','M','1939-06-07',80,5);
INSERT INTO patient (id) VALUES (252);
INSERT INTO patients_address (street,house,apartement) VALUES ('Rachel st.','89','1');
INSERT INTO medical_history (patient_id,date) VALUES (252,'2019-11-15');
INSERT INTO person (id,first_name,second_name,email,user_login,user_password,sex,date_of_birth,age,permission_level) VALUES (253,'Hunter','Lynch','vaughnchristopher@gmail.com','kthomas','ZCCowyzLjMq','M','1950-09-02',69,3);
INSERT INTO patient (id) VALUES (253);
INSERT INTO patients_address (street,house,apartement) VALUES ('Richard st.','66','1');
INSERT INTO medical_history (patient_id,date) VALUES (253,'2019-11-07');
INSERT INTO person (id,first_name,second_name,email,user_login,user_password,sex,date_of_birth,age,permission_level) VALUES (254,'Wesley','Mclaughlin','annettebradford@yahoo.com','kruegerdaniel','qVgxahgS','M','1993-11-11',26,1);
INSERT INTO staff_member (id,employed_since,position,salary,room) VALUES (254,'2018-08-16','Maintanence Worker',15000,58);
INSERT INTO maintanence_worker (id,employment_type,speciality) VALUES (254,'Part time','Hardware');
INSERT INTO person (id,first_name,second_name,email,user_login,user_password,sex,date_of_birth,age,permission_level) VALUES (255,'Stephen','Allison','tdiaz@yahoo.com','jill72','vxRUqOJcByJuG','M','1918-01-25',101,5);
INSERT INTO patient (id) VALUES (255);
INSERT INTO patients_address (street,house,apartement) VALUES ('Daniel st.','78','8');
INSERT INTO medical_history (patient_id,date) VALUES (255,'2019-11-16');
INSERT INTO person (id,first_name,second_name,email,user_login,user_password,sex,date_of_birth,age,permission_level) VALUES (256,'Mark','Williams','farmergregory@hotmail.com','earlcopeland','ydbFDQLa','M','1921-02-28',98,5);
INSERT INTO staff_member (id,employed_since,position,salary,room) VALUES (256,'2016-06-10','Doctor',35000,23);
INSERT INTO doctor (id,speciality,emergency_hours,experience,departement_id,supervisor) VALUES (256,'Psychiatrist',B'0',5,10,91);
INSERT INTO person (id,first_name,second_name,email,user_login,user_password,sex,date_of_birth,age,permission_level) VALUES (257,'Kimberly','Knight','davislinda@hotmail.com','jeffreyflores','MoHlLYeU','F','1953-10-06',66,3);
INSERT INTO staff_member (id,employed_since,position,salary,room) VALUES (257,'2010-01-28','Maintanence Worker',15000,60);
INSERT INTO maintanence_worker (id,employment_type,speciality) VALUES (257,'Full time','Electricity');
INSERT INTO person (id,first_name,second_name,email,user_login,user_password,sex,date_of_birth,age,permission_level) VALUES (258,'Barbara','Golden','anthonyharper@gmail.com','andrewmorales','hgewMRS','F','1970-10-09',49,2);
INSERT INTO staff_member (id,employed_since,position,salary,room) VALUES (258,'2013-12-19','Cleaning Team Worker',10000,53);
INSERT INTO cleaning_team_worker (id,employment_type) VALUES (258,'Part time');
INSERT INTO person (id,first_name,second_name,email,user_login,user_password,sex,date_of_birth,age,permission_level) VALUES (259,'Susan','Lee','deborah67@yahoo.com','hlucas','xibFFQBggzsaUt','F','1924-02-17',95,3);
INSERT INTO staff_member (id,employed_since,position,salary,room) VALUES (259,'2019-01-21','Cook',15000,71);
INSERT INTO cook (id,experience) VALUES (259,6);
INSERT INTO person (id,first_name,second_name,email,user_login,user_password,sex,date_of_birth,age,permission_level) VALUES (260,'Jacqueline','Spencer','devinbrown@yahoo.com','gregorymoore','IYfiobLwehKjt','F','1994-02-10',25,3);
INSERT INTO staff_member (id,employed_since,position,salary,room) VALUES (260,'2015-07-01','Doctor',35000,14);
INSERT INTO doctor (id,speciality,emergency_hours,experience,departement_id,supervisor) VALUES (260,'Anesthesiologist',B'0',8,11,84);
INSERT INTO person (id,first_name,second_name,email,user_login,user_password,sex,date_of_birth,age,permission_level) VALUES (261,'Elizabeth','Martin','christianteresa@yahoo.com','jonathan49','EfBbrWl','F','1939-02-07',80,3);
INSERT INTO patient (id) VALUES (261);
INSERT INTO patients_address (street,house,apartement) VALUES ('William st.','51','3');
INSERT INTO medical_history (patient_id,date) VALUES (261,'2019-10-29');
INSERT INTO person (id,first_name,second_name,email,user_login,user_password,sex,date_of_birth,age,permission_level) VALUES (262,'Theresa','Williams','higginsryan@yahoo.com','gutierrezevan','rKhDOFaEPaaqE','F','1920-12-28',99,4);
INSERT INTO patient (id) VALUES (262);
INSERT INTO patients_address (street,house,apartement) VALUES ('Danielle st.','45','8');
INSERT INTO medical_history (patient_id,date) VALUES (262,'2019-11-17');
INSERT INTO person (id,first_name,second_name,email,user_login,user_password,sex,date_of_birth,age,permission_level) VALUES (263,'Amber','Noble','robert07@yahoo.com','brandon77','ZHcqvVNj','F','1917-08-17',102,4);
INSERT INTO staff_member (id,employed_since,position,salary,room) VALUES (263,'2018-06-06','Pharmasist',20000,70);
INSERT INTO pharmasist (id,education_level,research) VALUES (263,'Postgraduate',B'0');
INSERT INTO person (id,first_name,second_name,email,user_login,user_password,sex,date_of_birth,age,permission_level) VALUES (264,'Emily','Hernandez','calvindelacruz@yahoo.com','turnerjessica','qkeJoUnoyi','F','1923-10-18',96,2);
INSERT INTO staff_member (id,employed_since,position,salary,room) VALUES (264,'2014-01-03','Nurse',25000,7);
INSERT INTO nurse (id,surgery_assistant,preferred_shifts,appointment_assistant,departement_id) VALUES (264,B'1','Day',B'1',9);
INSERT INTO person (id,first_name,second_name,email,user_login,user_password,sex,date_of_birth,age,permission_level) VALUES (265,'Christopher','Nolan','walterswanson@yahoo.com','marissahawkins','niEFoWPjMdJohl','M','1955-01-31',64,2);
INSERT INTO staff_member (id,employed_since,position,salary,room) VALUES (265,'2017-10-06','Doctor',35000,14);
INSERT INTO doctor (id,speciality,emergency_hours,experience,departement_id,supervisor) VALUES (265,'Urologist',B'0',6,11,113);
INSERT INTO person (id,first_name,second_name,email,user_login,user_password,sex,date_of_birth,age,permission_level) VALUES (266,'Brenda','Welch','tristan94@yahoo.com','johnbrady','CJeVmxxsMU','F','1959-03-19',60,3);
INSERT INTO patient (id) VALUES (266);
INSERT INTO patients_address (street,house,apartement) VALUES ('Dawn st.','76','8');
INSERT INTO medical_history (patient_id,date) VALUES (266,'2019-10-28');
INSERT INTO person (id,first_name,second_name,email,user_login,user_password,sex,date_of_birth,age,permission_level) VALUES (267,'Ashley','Nelson','shawtricia@yahoo.com','jeromeperez','zfSNzuwAUlOZBCS','F','2000-10-23',19,2);
INSERT INTO staff_member (id,employed_since,position,salary,room) VALUES (267,'2015-09-02','Professor',35000,40);
INSERT INTO professor (id,research_topic,surgery_participation,departement_id) VALUES (267,'Obstetrician and Gynecologist',B'1',13);
INSERT INTO person (id,first_name,second_name,email,user_login,user_password,sex,date_of_birth,age,permission_level) VALUES (268,'Cassandra','Sanchez','heatherramirez@yahoo.com','wwilliams','EYElvACnW','F','1933-01-05',86,2);
INSERT INTO patient (id) VALUES (268);
INSERT INTO patients_address (street,house,apartement) VALUES ('Mario st.','66','7');
INSERT INTO medical_history (patient_id,date) VALUES (268,'2019-11-27');
INSERT INTO person (id,first_name,second_name,email,user_login,user_password,sex,date_of_birth,age,permission_level) VALUES (269,'Krista','Rogers','monroeantonio@hotmail.com','shawnanewman','xDSKXuqVZpcuxTm','F','1928-02-06',91,1);
INSERT INTO staff_member (id,employed_since,position,salary,room) VALUES (269,'2015-08-19','Cook',15000,72);
INSERT INTO cook (id,experience) VALUES (269,6);
INSERT INTO person (id,first_name,second_name,email,user_login,user_password,sex,date_of_birth,age,permission_level) VALUES (270,'Anne','Sherman','donald43@hotmail.com','joshua18','ADMzlODIYo','F','2017-09-23',2,5);
INSERT INTO staff_member (id,employed_since,position,salary,room) VALUES (270,'2018-07-29','Doctor',35000,14);
INSERT INTO doctor (id,speciality,emergency_hours,experience,departement_id,supervisor) VALUES (270,'Neurologist',B'1',7,2,64);
INSERT INTO person (id,first_name,second_name,email,user_login,user_password,sex,date_of_birth,age,permission_level) VALUES (271,'Bonnie','Sharp','emily78@gmail.com','bennettdorothy','DxqjiBqaIcQ','F','1933-05-16',86,1);
INSERT INTO staff_member (id,employed_since,position,salary,room) VALUES (271,'2017-06-03','Cleaning Team Worker',10000,53);
INSERT INTO cleaning_team_worker (id,employment_type) VALUES (271,'Full time');
INSERT INTO person (id,first_name,second_name,email,user_login,user_password,sex,date_of_birth,age,permission_level) VALUES (272,'Jonathan','Francis','lindapatterson@hotmail.com','floresandrew','MeXwCGIABMdRRkj','M','1969-11-13',50,4);
INSERT INTO staff_member (id,employed_since,position,salary,room) VALUES (272,'2017-10-11','Nurse',25000,8);
INSERT INTO nurse (id,surgery_assistant,preferred_shifts,appointment_assistant,departement_id) VALUES (272,B'1','Night',B'0',12);
INSERT INTO person (id,first_name,second_name,email,user_login,user_password,sex,date_of_birth,age,permission_level) VALUES (273,'Vincent','Johnson','dennis61@yahoo.com','uleon','AqGGUqf','M','1982-02-27',37,1);
INSERT INTO patient (id) VALUES (273);
INSERT INTO patients_address (street,house,apartement) VALUES ('Steven st.','88','4');
INSERT INTO medical_history (patient_id,date) VALUES (273,'2019-10-25');
INSERT INTO person (id,first_name,second_name,email,user_login,user_password,sex,date_of_birth,age,permission_level) VALUES (274,'Jose','Parker','sjones@yahoo.com','pattersonluis','yexlYEVP','M','1977-09-15',42,3);
INSERT INTO staff_member (id,employed_since,position,salary,room) VALUES (274,'2009-11-30','Nurse',25000,9);
INSERT INTO nurse (id,surgery_assistant,preferred_shifts,appointment_assistant,departement_id) VALUES (274,B'0','Day',B'0',7);
INSERT INTO person (id,first_name,second_name,email,user_login,user_password,sex,date_of_birth,age,permission_level) VALUES (275,'Brian','Lucas','mitchelllawrence@hotmail.com','drandall','JELNkTjKXICM','M','2010-10-04',9,1);
INSERT INTO staff_member (id,employed_since,position,salary,room) VALUES (275,'2011-05-30','Cleaning Team Worker',10000,53);
INSERT INTO cleaning_team_worker (id,employment_type) VALUES (275,'Part time');
INSERT INTO person (id,first_name,second_name,email,user_login,user_password,sex,date_of_birth,age,permission_level) VALUES (276,'Nicholas','Miller','donaldgreen@gmail.com','xbowen','OrXTevMibkS','M','1975-08-25',44,2);
INSERT INTO staff_member (id,employed_since,position,salary,room) VALUES (276,'2010-09-07','Professor',35000,39);
INSERT INTO professor (id,research_topic,surgery_participation,departement_id) VALUES (276,'Endocrinologists',B'0',9);
INSERT INTO person (id,first_name,second_name,email,user_login,user_password,sex,date_of_birth,age,permission_level) VALUES (277,'Mark','Scott','josephcameron@yahoo.com','drice','PQekLGISGNyQ','M','1975-07-16',44,2);
INSERT INTO staff_member (id,employed_since,position,salary,room) VALUES (277,'2010-09-01','Security Team Member',10000,62);
INSERT INTO security_team_member (id,shifts,physical_test_grade) VALUES (277,'Day','D');
INSERT INTO person (id,first_name,second_name,email,user_login,user_password,sex,date_of_birth,age,permission_level) VALUES (278,'Traci','Brown','elizabeth06@hotmail.com','jramos','xQNffflC','F','1908-11-26',111,4);
INSERT INTO staff_member (id,employed_since,position,salary,room) VALUES (278,'2019-03-16','Doctor',35000,15);
INSERT INTO doctor (id,speciality,emergency_hours,experience,departement_id,supervisor) VALUES (278,'Allergist',B'1',10,3,84);
INSERT INTO person (id,first_name,second_name,email,user_login,user_password,sex,date_of_birth,age,permission_level) VALUES (279,'Willie','Garza','diazpaul@yahoo.com','raymondowens','vPfnNnfFW','M','1904-08-19',115,4);
INSERT INTO staff_member (id,employed_since,position,salary,room) VALUES (279,'2018-03-29','Nurse',25000,8);
INSERT INTO nurse (id,surgery_assistant,preferred_shifts,appointment_assistant,departement_id) VALUES (279,B'1','Night',B'0',9);
INSERT INTO person (id,first_name,second_name,email,user_login,user_password,sex,date_of_birth,age,permission_level) VALUES (280,'William','Hamilton','haynesjohn@hotmail.com','lawsonmark','OepnPGeLZxJ','M','2013-02-17',6,2);
INSERT INTO staff_member (id,employed_since,position,salary,room) VALUES (280,'2013-02-09','Reseptionist',15000,56);
INSERT INTO reseptionist (id) VALUES (280);
INSERT INTO languages_spoken (reseptionist_id,language) VALUES (280,'RussianEnglishPortuguesEnglish');
INSERT INTO person (id,first_name,second_name,email,user_login,user_password,sex,date_of_birth,age,permission_level) VALUES (281,'John','Stephens','charrington@hotmail.com','brittney85','LIAyZQokmtUd','M','2012-03-07',7,4);
INSERT INTO staff_member (id,employed_since,position,salary,room) VALUES (281,'2010-06-12','Nurse',25000,3);
INSERT INTO nurse (id,surgery_assistant,preferred_shifts,appointment_assistant,departement_id) VALUES (281,B'0','Day',B'0',5);
INSERT INTO person (id,first_name,second_name,email,user_login,user_password,sex,date_of_birth,age,permission_level) VALUES (282,'Brent','Ashley','zachary48@yahoo.com','jacob00','dVnBJXSfQh','M','1987-04-27',32,4);
INSERT INTO staff_member (id,employed_since,position,salary,room) VALUES (282,'2013-04-09','Professor',35000,39);
INSERT INTO professor (id,research_topic,surgery_participation,departement_id) VALUES (282,'Pediatrician',B'0',5);
INSERT INTO person (id,first_name,second_name,email,user_login,user_password,sex,date_of_birth,age,permission_level) VALUES (283,'William','Chavez','john59@hotmail.com','potternathan','SMxqxrlBmJiuMnD','M','1934-01-08',85,2);
INSERT INTO staff_member (id,employed_since,position,salary,room) VALUES (283,'2019-03-20','Maintanence Worker',15000,58);
INSERT INTO maintanence_worker (id,employment_type,speciality) VALUES (283,'Full time','Furniture');
INSERT INTO person (id,first_name,second_name,email,user_login,user_password,sex,date_of_birth,age,permission_level) VALUES (284,'Katrina','Allen','edavis@yahoo.com','agreen','ukTvrnKhBEZvA','F','1987-01-10',32,3);
INSERT INTO staff_member (id,employed_since,position,salary,room) VALUES (284,'2015-01-13','Nurse',25000,9);
INSERT INTO nurse (id,surgery_assistant,preferred_shifts,appointment_assistant,departement_id) VALUES (284,B'0','Day',B'0',10);
INSERT INTO person (id,first_name,second_name,email,user_login,user_password,sex,date_of_birth,age,permission_level) VALUES (285,'Robert','Simmons','laurenbriggs@hotmail.com','michellehenson','QXkcxcHDv','M','1942-07-16',77,1);
INSERT INTO patient (id) VALUES (285);
INSERT INTO patients_address (street,house,apartement) VALUES ('Sherry st.','96','2');
INSERT INTO medical_history (patient_id,date) VALUES (285,'2019-11-27');
INSERT INTO person (id,first_name,second_name,email,user_login,user_password,sex,date_of_birth,age,permission_level) VALUES (286,'April','Thomas','melissa78@gmail.com','jacksonkevin','KKROeHIsqbhw','F','1977-08-24',42,2);
INSERT INTO staff_member (id,employed_since,position,salary,room) VALUES (286,'2014-03-27','Security Team Member',10000,61);
INSERT INTO security_team_member (id,shifts,physical_test_grade) VALUES (286,'Day','D');
INSERT INTO person (id,first_name,second_name,email,user_login,user_password,sex,date_of_birth,age,permission_level) VALUES (287,'Heidi','Romero','mirandapeter@hotmail.com','loganfloyd','HhLUroOpuYzUoV','F','1978-04-16',41,1);
INSERT INTO staff_member (id,employed_since,position,salary,room) VALUES (287,'2014-06-19','Priest',15000,80);
INSERT INTO priest (id,religion) VALUES (287,'Judaism');
INSERT INTO person (id,first_name,second_name,email,user_login,user_password,sex,date_of_birth,age,permission_level) VALUES (288,'Adam','Nelson','emilydorsey@gmail.com','claire81','BSZfvrPEQwWJ','M','2016-05-03',3,5);
INSERT INTO staff_member (id,employed_since,position,salary,room) VALUES (288,'2010-11-13','Doctor',35000,23);
INSERT INTO doctor (id,speciality,emergency_hours,experience,departement_id,supervisor) VALUES (288,'Pathologist',B'0',1,7,145);
INSERT INTO person (id,first_name,second_name,email,user_login,user_password,sex,date_of_birth,age,permission_level) VALUES (289,'Travis','Hull','feliciasingh@gmail.com','uspencer','JLmJIrYXnzRIME','M','1934-04-14',85,4);
INSERT INTO staff_member (id,employed_since,position,salary,room) VALUES (289,'2012-12-08','Professor',35000,38);
INSERT INTO professor (id,research_topic,surgery_participation,departement_id) VALUES (289,'Internist',B'1',8);
INSERT INTO person (id,first_name,second_name,email,user_login,user_password,sex,date_of_birth,age,permission_level) VALUES (290,'Nicole','Hawkins','dawnallen@gmail.com','staceythomas','hORCMiWuobauLc','F','1977-02-26',42,3);
INSERT INTO staff_member (id,employed_since,position,salary,room) VALUES (290,'2011-09-07','Doctor',35000,27);
INSERT INTO doctor (id,speciality,emergency_hours,experience,departement_id,supervisor) VALUES (290,'Sports Medicine Specialist',B'1',1,4,175);
INSERT INTO person (id,first_name,second_name,email,user_login,user_password,sex,date_of_birth,age,permission_level) VALUES (291,'Tammy','Cook','ericchan@yahoo.com','joshua08','rNbZZgcsuV','F','1957-04-23',62,2);
INSERT INTO staff_member (id,employed_since,position,salary,room) VALUES (291,'2011-02-27','Nurse',25000,9);
INSERT INTO nurse (id,surgery_assistant,preferred_shifts,appointment_assistant,departement_id) VALUES (291,B'0','Night',B'1',11);
INSERT INTO person (id,first_name,second_name,email,user_login,user_password,sex,date_of_birth,age,permission_level) VALUES (292,'Pamela','Walton','cgarcia@gmail.com','nichole77','vYXoAauc','F','1987-03-26',32,5);
INSERT INTO staff_member (id,employed_since,position,salary,room) VALUES (292,'2015-11-24','Lab Technician',15000,44);
INSERT INTO lab_technician (id,education_level,departement_id) VALUES (292,'Bachelor',5);
INSERT INTO person (id,first_name,second_name,email,user_login,user_password,sex,date_of_birth,age,permission_level) VALUES (293,'Alexandra','Solis','john47@gmail.com','christopherwells','lBDUKZkCIRs','F','1933-09-20',86,4);
INSERT INTO staff_member (id,employed_since,position,salary,room) VALUES (293,'2010-03-08','Lab Technician',15000,45);
INSERT INTO lab_technician (id,education_level,departement_id) VALUES (293,'Magister',9);
INSERT INTO person (id,first_name,second_name,email,user_login,user_password,sex,date_of_birth,age,permission_level) VALUES (294,'Jessica','Terry','jsmith@yahoo.com','amandataylor','LSEcyMQkJqpsFQy','F','2017-12-18',2,2);
INSERT INTO staff_member (id,employed_since,position,salary,room) VALUES (294,'2017-02-03','Nurse',25000,9);
INSERT INTO nurse (id,surgery_assistant,preferred_shifts,appointment_assistant,departement_id) VALUES (294,B'1','Night',B'0',9);
INSERT INTO person (id,first_name,second_name,email,user_login,user_password,sex,date_of_birth,age,permission_level) VALUES (295,'Mrs.','Carla','ramirezmaria@yahoo.com','dsparks','qOFEmUqrYPhAIDz','F','1944-06-10',75,3);
INSERT INTO staff_member (id,employed_since,position,salary,room) VALUES (295,'2015-07-08','Maintanence Worker',15000,57);
INSERT INTO maintanence_worker (id,employment_type,speciality) VALUES (295,'Full time','Hardware');
INSERT INTO person (id,first_name,second_name,email,user_login,user_password,sex,date_of_birth,age,permission_level) VALUES (296,'Jacob','Hunter','bfitzpatrick@gmail.com','william44','PmyaUNKIxOxA','M','1930-12-08',89,5);
INSERT INTO staff_member (id,employed_since,position,salary,room) VALUES (296,'2013-06-08','Priest',15000,80);
INSERT INTO priest (id,religion) VALUES (296,'Judaism');
INSERT INTO person (id,first_name,second_name,email,user_login,user_password,sex,date_of_birth,age,permission_level) VALUES (297,'Mark','Thompson','cookmichelle@yahoo.com','ymcdonald','WVATLUg','M','1946-09-13',73,3);
INSERT INTO staff_member (id,employed_since,position,salary,room) VALUES (297,'2019-07-29','Cleaning Team Worker',10000,52);
INSERT INTO cleaning_team_worker (id,employment_type) VALUES (297,'Full time');
INSERT INTO person (id,first_name,second_name,email,user_login,user_password,sex,date_of_birth,age,permission_level) VALUES (298,'Nicole','Ruiz','sandersbrooke@gmail.com','brittanygonzalez','zDNKSgB','F','1935-10-24',84,1);
INSERT INTO staff_member (id,employed_since,position,salary,room) VALUES (298,'2013-12-22','Maintanence Worker',15000,59);
INSERT INTO maintanence_worker (id,employment_type,speciality) VALUES (298,'Part time','Hardware');
INSERT INTO person (id,first_name,second_name,email,user_login,user_password,sex,date_of_birth,age,permission_level) VALUES (299,'Miguel','Jennings','mbeck@gmail.com','pwheeler','tNZyPNWOlW','M','1929-11-21',90,5);
INSERT INTO staff_member (id,employed_since,position,salary,room) VALUES (299,'2017-01-03','Doctor',35000,20);
INSERT INTO doctor (id,speciality,emergency_hours,experience,departement_id,supervisor) VALUES (299,'Anesthesiologist',B'0',3,2,62);
INSERT INTO person (id,first_name,second_name,email,user_login,user_password,sex,date_of_birth,age,permission_level) VALUES (300,'Jennifer','Shields','lboyd@yahoo.com','yparks','hSesVxbiFaoZCa','F','1999-05-15',20,1);
INSERT INTO staff_member (id,employed_since,position,salary,room) VALUES (300,'2016-09-10','Doctor',35000,14);
INSERT INTO doctor (id,speciality,emergency_hours,experience,departement_id,supervisor) VALUES (300,'Psychiatrist',B'1',1,4,175);
INSERT INTO person (id,first_name,second_name,email,user_login,user_password,sex,date_of_birth,age,permission_level) VALUES (301,'Jonathan','Rogers','stewartsara@gmail.com','ityler','vAZJrkKHOdptbb','M','1992-11-08',27,4);
INSERT INTO staff_member (id,employed_since,position,salary,room) VALUES (301,'2011-05-27','Cook',15000,71);
INSERT INTO cook (id,experience) VALUES (301,10);
INSERT INTO person (id,first_name,second_name,email,user_login,user_password,sex,date_of_birth,age,permission_level) VALUES (302,'James','Gonzales','baileygina@hotmail.com','mark18','WLCsypCvCPAnW','M','1947-05-01',72,5);
INSERT INTO staff_member (id,employed_since,position,salary,room) VALUES (302,'2011-06-12','Priest',15000,79);
INSERT INTO priest (id,religion) VALUES (302,'Christianity');
INSERT INTO person (id,first_name,second_name,email,user_login,user_password,sex,date_of_birth,age,permission_level) VALUES (303,'Patricia','Yang','brianlarson@hotmail.com','holmeshaley','nzkfjzWOSpubBy','F','1917-01-02',102,3);
INSERT INTO staff_member (id,employed_since,position,salary,room) VALUES (303,'2012-04-11','Lab Technician',15000,42);
INSERT INTO lab_technician (id,education_level,departement_id) VALUES (303,'Postgraduate',10);
INSERT INTO person (id,first_name,second_name,email,user_login,user_password,sex,date_of_birth,age,permission_level) VALUES (304,'Patrick','Howard','ykelly@gmail.com','crystal32','HvFKVTfIFpLka','M','2006-02-03',13,4);
INSERT INTO staff_member (id,employed_since,position,salary,room) VALUES (304,'2018-06-14','Nurse',25000,8);
INSERT INTO nurse (id,surgery_assistant,preferred_shifts,appointment_assistant,departement_id) VALUES (304,B'0','Night',B'1',5);
INSERT INTO person (id,first_name,second_name,email,user_login,user_password,sex,date_of_birth,age,permission_level) VALUES (305,'Sean','Bell','theresa45@gmail.com','davidhatfield','AOiSnGLJnGic','M','1949-10-28',70,5);
INSERT INTO staff_member (id,employed_since,position,salary,room) VALUES (305,'2011-12-16','Nurse',25000,7);
INSERT INTO nurse (id,surgery_assistant,preferred_shifts,appointment_assistant,departement_id) VALUES (305,B'0','Day',B'1',2);
INSERT INTO person (id,first_name,second_name,email,user_login,user_password,sex,date_of_birth,age,permission_level) VALUES (306,'Howard','Hendricks','craigcarrillo@gmail.com','dianemartin','PVxjvbEVVWdpic','M','1924-03-29',95,1);
INSERT INTO staff_member (id,employed_since,position,salary,room) VALUES (306,'2012-03-05','Cleaning Team Worker',10000,54);
INSERT INTO cleaning_team_worker (id,employment_type) VALUES (306,'Part time');
INSERT INTO person (id,first_name,second_name,email,user_login,user_password,sex,date_of_birth,age,permission_level) VALUES (307,'Tammy','Baker','jasonjimenez@yahoo.com','lgarcia','QuBNIoShBBOe','F','1969-02-25',50,1);
INSERT INTO staff_member (id,employed_since,position,salary,room) VALUES (307,'2010-03-27','Nurse',25000,10);
INSERT INTO nurse (id,surgery_assistant,preferred_shifts,appointment_assistant,departement_id) VALUES (307,B'0','Day',B'0',7);
INSERT INTO person (id,first_name,second_name,email,user_login,user_password,sex,date_of_birth,age,permission_level) VALUES (308,'Scott','Nguyen','billy60@yahoo.com','yatesjennifer','mkEIypotoAzSynF','M','1936-02-06',83,3);
INSERT INTO patient (id) VALUES (308);
INSERT INTO patients_address (street,house,apartement) VALUES ('Eric st.','89','4');
INSERT INTO medical_history (patient_id,date) VALUES (308,'2019-11-12');
INSERT INTO person (id,first_name,second_name,email,user_login,user_password,sex,date_of_birth,age,permission_level) VALUES (309,'Kerry','Brewer','castilloanna@gmail.com','riceashley','fgwhdphlnWjK','F','1920-03-21',99,1);
INSERT INTO staff_member (id,employed_since,position,salary,room) VALUES (309,'2019-10-21','Pharmasist',20000,70);
INSERT INTO pharmasist (id,education_level,research) VALUES (309,'Magister',B'0');
INSERT INTO person (id,first_name,second_name,email,user_login,user_password,sex,date_of_birth,age,permission_level) VALUES (310,'Jennifer','Hopkins','bruce21@hotmail.com','conniebell','plxQqHRblpDtPI','F','1919-06-25',100,1);
INSERT INTO staff_member (id,employed_since,position,salary,room) VALUES (310,'2012-10-19','Pharmasist',20000,70);
INSERT INTO pharmasist (id,education_level,research) VALUES (310,'Magister',B'1');
INSERT INTO person (id,first_name,second_name,email,user_login,user_password,sex,date_of_birth,age,permission_level) VALUES (311,'Lauren','Morgan','susankim@gmail.com','debrasims','UKOZfYgoFc','F','1925-05-27',94,4);
INSERT INTO staff_member (id,employed_since,position,salary,room) VALUES (311,'2018-06-25','HR',30000,66);
INSERT INTO hr (id,selection_responsibility) VALUES (311,'Interview');
INSERT INTO person (id,first_name,second_name,email,user_login,user_password,sex,date_of_birth,age,permission_level) VALUES (312,'Justin','Peters','heidi07@yahoo.com','colleen96','xQUiJHZXyLLAB','M','1996-03-11',23,4);
INSERT INTO patient (id) VALUES (312);
INSERT INTO patients_address (street,house,apartement) VALUES ('Kevin st.','90','10');
INSERT INTO medical_history (patient_id,date) VALUES (312,'2019-10-30');
INSERT INTO person (id,first_name,second_name,email,user_login,user_password,sex,date_of_birth,age,permission_level) VALUES (313,'Kayla','Perez','mnelson@yahoo.com','maria18','VPWIdMpBUCW','F','1938-09-29',81,3);
INSERT INTO staff_member (id,employed_since,position,salary,room) VALUES (313,'2014-12-24','Nurse',25000,3);
INSERT INTO nurse (id,surgery_assistant,preferred_shifts,appointment_assistant,departement_id) VALUES (313,B'1','Day',B'1',7);
INSERT INTO person (id,first_name,second_name,email,user_login,user_password,sex,date_of_birth,age,permission_level) VALUES (314,'Lisa','Walker','peterscharles@hotmail.com','ramoskatie','uGxtfhTPZ','F','2000-04-27',19,1);
INSERT INTO staff_member (id,employed_since,position,salary,room) VALUES (314,'2013-09-12','Nurse',25000,7);
INSERT INTO nurse (id,surgery_assistant,preferred_shifts,appointment_assistant,departement_id) VALUES (314,B'0','Night',B'1',3);
INSERT INTO person (id,first_name,second_name,email,user_login,user_password,sex,date_of_birth,age,permission_level) VALUES (315,'Brenda','Ryan','paul14@gmail.com','acolon','CONxyWstSwKl','F','1956-12-20',63,5);
INSERT INTO staff_member (id,employed_since,position,salary,room) VALUES (315,'2013-11-06','Cook',15000,73);
INSERT INTO cook (id,experience) VALUES (315,2);
INSERT INTO person (id,first_name,second_name,email,user_login,user_password,sex,date_of_birth,age,permission_level) VALUES (316,'Kelsey','Mullen','howejuan@yahoo.com','currylarry','AwrxUMxUKWHbMwF','F','1950-05-22',69,1);
INSERT INTO staff_member (id,employed_since,position,salary,room) VALUES (316,'2011-03-25','Nurse',25000,3);
INSERT INTO nurse (id,surgery_assistant,preferred_shifts,appointment_assistant,departement_id) VALUES (316,B'0','Day',B'1',12);
INSERT INTO person (id,first_name,second_name,email,user_login,user_password,sex,date_of_birth,age,permission_level) VALUES (317,'Scott','Gray','wongkaren@gmail.com','smithcindy','bDRevTRP','M','2008-11-27',11,5);
INSERT INTO staff_member (id,employed_since,position,salary,room) VALUES (317,'2011-06-23','Nurse',25000,10);
INSERT INTO nurse (id,surgery_assistant,preferred_shifts,appointment_assistant,departement_id) VALUES (317,B'0','Day',B'0',13);
INSERT INTO person (id,first_name,second_name,email,user_login,user_password,sex,date_of_birth,age,permission_level) VALUES (318,'Joseph','Briggs','lauraayala@hotmail.com','mgarcia','KtfxyIlZylKhOtz','M','1937-09-17',82,2);
INSERT INTO staff_member (id,employed_since,position,salary,room) VALUES (318,'2013-03-02','Reseptionist',15000,56);
INSERT INTO reseptionist (id) VALUES (318);
INSERT INTO languages_spoken (reseptionist_id,language) VALUES (318,'PortuguesRussianTatar');
INSERT INTO person (id,first_name,second_name,email,user_login,user_password,sex,date_of_birth,age,permission_level) VALUES (319,'Travis','Arnold','kingtonya@gmail.com','molly46','oFjykwjuObgpDss','M','1992-08-22',27,3);
INSERT INTO staff_member (id,employed_since,position,salary,room) VALUES (319,'2018-01-24','Cleaning Team Worker',10000,54);
INSERT INTO cleaning_team_worker (id,employment_type) VALUES (319,'Full time');
INSERT INTO person (id,first_name,second_name,email,user_login,user_password,sex,date_of_birth,age,permission_level) VALUES (320,'Joshua','Reed','patrick44@gmail.com','howellmichael','kelwKezORI','M','1999-01-04',20,4);
INSERT INTO staff_member (id,employed_since,position,salary,room) VALUES (320,'2013-05-14','Professor',35000,38);
INSERT INTO professor (id,research_topic,surgery_participation,departement_id) VALUES (320,'Psychiatrist',B'1',10);
INSERT INTO person (id,first_name,second_name,email,user_login,user_password,sex,date_of_birth,age,permission_level) VALUES (321,'Charles','Petty','gmartinez@hotmail.com','rrichard','mgthWnbfY','M','1904-10-06',115,3);
INSERT INTO staff_member (id,employed_since,position,salary,room) VALUES (321,'2012-11-06','Professor',35000,39);
INSERT INTO professor (id,research_topic,surgery_participation,departement_id) VALUES (321,'Oncologist',B'0',10);
INSERT INTO person (id,first_name,second_name,email,user_login,user_password,sex,date_of_birth,age,permission_level) VALUES (322,'Lindsay','Bennett','vward@hotmail.com','pamela62','JhqffvkqAEwezP','F','1950-12-15',69,5);
INSERT INTO staff_member (id,employed_since,position,salary,room) VALUES (322,'2019-01-20','Professor',35000,34);
INSERT INTO professor (id,research_topic,surgery_participation,departement_id) VALUES (322,'Pediatrician',B'0',12);
INSERT INTO person (id,first_name,second_name,email,user_login,user_password,sex,date_of_birth,age,permission_level) VALUES (323,'Emily','Turner','kristin84@hotmail.com','velasquezaustin','jQVNCeo','F','1965-10-18',54,1);
INSERT INTO staff_member (id,employed_since,position,salary,room) VALUES (323,'2015-11-05','Cleaning Team Worker',10000,52);
INSERT INTO cleaning_team_worker (id,employment_type) VALUES (323,'Full time');
INSERT INTO person (id,first_name,second_name,email,user_login,user_password,sex,date_of_birth,age,permission_level) VALUES (324,'Tiffany','Warren','ylloyd@yahoo.com','angelapatterson','NxKltFqAWX','F','1926-06-13',93,4);
INSERT INTO staff_member (id,employed_since,position,salary,room) VALUES (324,'2011-11-19','Nurse',25000,4);
INSERT INTO nurse (id,surgery_assistant,preferred_shifts,appointment_assistant,departement_id) VALUES (324,B'0','Night',B'1',8);
INSERT INTO person (id,first_name,second_name,email,user_login,user_password,sex,date_of_birth,age,permission_level) VALUES (325,'Hunter','Gonzalez','moniquepearson@gmail.com','donna00','uXsvbwVwV','M','1917-03-27',102,3);
INSERT INTO staff_member (id,employed_since,position,salary,room) VALUES (325,'2019-07-04','Priest',15000,80);
INSERT INTO priest (id,religion) VALUES (325,'Christianity');
INSERT INTO person (id,first_name,second_name,email,user_login,user_password,sex,date_of_birth,age,permission_level) VALUES (326,'Sarah','Campbell','campbelltroy@yahoo.com','petersonmichael','dnmVmGkAUiFBW','F','2013-09-17',6,3);
INSERT INTO staff_member (id,employed_since,position,salary,room) VALUES (326,'2016-04-30','Doctor',35000,16);
INSERT INTO doctor (id,speciality,emergency_hours,experience,departement_id,supervisor) VALUES (326,'General Surgeon',B'1',6,11,42);
INSERT INTO person (id,first_name,second_name,email,user_login,user_password,sex,date_of_birth,age,permission_level) VALUES (327,'Danielle','Johnson','annawebster@yahoo.com','umyers','gCDsMAHSQR','F','2013-02-28',6,2);
INSERT INTO staff_member (id,employed_since,position,salary,room) VALUES (327,'2019-06-13','Doctor',35000,24);
INSERT INTO doctor (id,speciality,emergency_hours,experience,departement_id,supervisor) VALUES (327,'Sports Medicine Specialist',B'1',6,3,125);
INSERT INTO person (id,first_name,second_name,email,user_login,user_password,sex,date_of_birth,age,permission_level) VALUES (328,'Pamela','Collins','wellslinda@hotmail.com','rprice','SNTxoCyNOlDDB','F','2006-10-15',13,4);
INSERT INTO patient (id) VALUES (328);
INSERT INTO patients_address (street,house,apartement) VALUES ('Elizabeth st.','23','10');
INSERT INTO medical_history (patient_id,date) VALUES (328,'2019-11-05');
INSERT INTO person (id,first_name,second_name,email,user_login,user_password,sex,date_of_birth,age,permission_level) VALUES (329,'David','Carter','peterrojas@gmail.com','tracey07','HemJqwyPP','M','1930-08-23',89,2);
INSERT INTO patient (id) VALUES (329);
INSERT INTO patients_address (street,house,apartement) VALUES ('Charles st.','16','3');
INSERT INTO medical_history (patient_id,date) VALUES (329,'2019-11-23');
INSERT INTO person (id,first_name,second_name,email,user_login,user_password,sex,date_of_birth,age,permission_level) VALUES (330,'Zachary','Preston','chasejuan@yahoo.com','annette44','wjQMXbUwg','M','2017-12-06',2,4);
INSERT INTO staff_member (id,employed_since,position,salary,room) VALUES (330,'2010-12-18','Professor',35000,39);
INSERT INTO professor (id,research_topic,surgery_participation,departement_id) VALUES (330,'Endocrinologists',B'0',13);
INSERT INTO person (id,first_name,second_name,email,user_login,user_password,sex,date_of_birth,age,permission_level) VALUES (331,'Douglas','Reynolds','coreygonzales@gmail.com','monica84','PrrIOGpCjjWB','M','1994-12-04',25,3);
INSERT INTO staff_member (id,employed_since,position,salary,room) VALUES (331,'2017-11-04','Nurse',25000,4);
INSERT INTO nurse (id,surgery_assistant,preferred_shifts,appointment_assistant,departement_id) VALUES (331,B'0','Day',B'1',11);
INSERT INTO person (id,first_name,second_name,email,user_login,user_password,sex,date_of_birth,age,permission_level) VALUES (332,'Linda','Nguyen','bowmantodd@yahoo.com','whitejordan','BTFtLZKCuQNDK','F','2016-02-26',3,5);
INSERT INTO staff_member (id,employed_since,position,salary,room) VALUES (332,'2019-03-14','Professor',35000,40);
INSERT INTO professor (id,research_topic,surgery_participation,departement_id) VALUES (332,'Hospice and Palliative Medicine Specialist',B'1',3);
INSERT INTO person (id,first_name,second_name,email,user_login,user_password,sex,date_of_birth,age,permission_level) VALUES (333,'Micheal','Wright','andrew65@gmail.com','mcguiremonica','qJSQFLUkRiycEw','M','2017-09-24',2,2);
INSERT INTO staff_member (id,employed_since,position,salary,room) VALUES (333,'2017-08-30','Nurse',25000,3);
INSERT INTO nurse (id,surgery_assistant,preferred_shifts,appointment_assistant,departement_id) VALUES (333,B'0','Day',B'1',13);
INSERT INTO person (id,first_name,second_name,email,user_login,user_password,sex,date_of_birth,age,permission_level) VALUES (334,'Jason','Lopez','brookeshepherd@gmail.com','thomasshea','HrKaFzZfDMLazT','M','1968-11-23',51,2);
INSERT INTO patient (id) VALUES (334);
INSERT INTO patients_address (street,house,apartement) VALUES ('Julie st.','14','7');
INSERT INTO medical_history (patient_id,date) VALUES (334,'2019-11-21');
INSERT INTO person (id,first_name,second_name,email,user_login,user_password,sex,date_of_birth,age,permission_level) VALUES (335,'Timothy','Olsen','amycole@hotmail.com','william15','mncEwGXDQupkXLp','M','1907-04-09',112,2);
INSERT INTO patient (id) VALUES (335);
INSERT INTO patients_address (street,house,apartement) VALUES ('Deanna st.','24','7');
INSERT INTO medical_history (patient_id,date) VALUES (335,'2019-11-22');
INSERT INTO person (id,first_name,second_name,email,user_login,user_password,sex,date_of_birth,age,permission_level) VALUES (336,'Joe','Mason','lwolfe@yahoo.com','ofisher','UUORcMiqybCpUph','M','1918-02-28',101,4);
INSERT INTO staff_member (id,employed_since,position,salary,room) VALUES (336,'2010-02-04','Professor',35000,38);
INSERT INTO professor (id,research_topic,surgery_participation,departement_id) VALUES (336,'Gastroenterologist',B'1',12);
INSERT INTO person (id,first_name,second_name,email,user_login,user_password,sex,date_of_birth,age,permission_level) VALUES (337,'Sara','Jackson','hlopez@hotmail.com','schneiderdavid','TDheSIojNCtl','F','1993-09-11',26,3);
INSERT INTO staff_member (id,employed_since,position,salary,room) VALUES (337,'2015-12-15','Maintanence Worker',15000,59);
INSERT INTO maintanence_worker (id,employment_type,speciality) VALUES (337,'Part time','Machines');
INSERT INTO person (id,first_name,second_name,email,user_login,user_password,sex,date_of_birth,age,permission_level) VALUES (338,'Lauren','Roach','ajackson@hotmail.com','bleblanc','XvKyzVcHkDMoKT','F','1966-03-03',53,5);
INSERT INTO staff_member (id,employed_since,position,salary,room) VALUES (338,'2016-10-01','Professor',35000,35);
INSERT INTO professor (id,research_topic,surgery_participation,departement_id) VALUES (338,'Internist',B'0',8);
INSERT INTO person (id,first_name,second_name,email,user_login,user_password,sex,date_of_birth,age,permission_level) VALUES (339,'Amy','Mitchell','andrea62@hotmail.com','jonathan40','inhgKzJJCJGv','F','2000-06-26',19,4);
INSERT INTO staff_member (id,employed_since,position,salary,room) VALUES (339,'2012-02-17','Nurse',25000,5);
INSERT INTO nurse (id,surgery_assistant,preferred_shifts,appointment_assistant,departement_id) VALUES (339,B'0','Day',B'1',9);
INSERT INTO person (id,first_name,second_name,email,user_login,user_password,sex,date_of_birth,age,permission_level) VALUES (340,'Dominic','Hall','balexander@hotmail.com','olivia03','yEViGGaktR','M','1984-05-19',35,2);
INSERT INTO staff_member (id,employed_since,position,salary,room) VALUES (340,'2011-03-07','Lab Technician',15000,45);
INSERT INTO lab_technician (id,education_level,departement_id) VALUES (340,'Bachelor',1);
INSERT INTO person (id,first_name,second_name,email,user_login,user_password,sex,date_of_birth,age,permission_level) VALUES (341,'Ross','Green','scott36@gmail.com','ystanley','WrbrpuJQwEALN','M','1987-11-19',32,1);
INSERT INTO staff_member (id,employed_since,position,salary,room) VALUES (341,'2010-02-24','Nurse',25000,8);
INSERT INTO nurse (id,surgery_assistant,preferred_shifts,appointment_assistant,departement_id) VALUES (341,B'1','Night',B'1',13);
INSERT INTO person (id,first_name,second_name,email,user_login,user_password,sex,date_of_birth,age,permission_level) VALUES (342,'Timothy','Dixon','usandoval@hotmail.com','mark05','PtJPHqklB','M','1966-03-25',53,4);
INSERT INTO staff_member (id,employed_since,position,salary,room) VALUES (342,'2017-12-08','Nurse',25000,5);
INSERT INTO nurse (id,surgery_assistant,preferred_shifts,appointment_assistant,departement_id) VALUES (342,B'0','Day',B'0',12);
INSERT INTO person (id,first_name,second_name,email,user_login,user_password,sex,date_of_birth,age,permission_level) VALUES (343,'Brett','Mccormick','benjaminadams@yahoo.com','jonathanprice','extUQBiel','M','1928-08-29',91,4);
INSERT INTO patient (id) VALUES (343);
INSERT INTO patients_address (street,house,apartement) VALUES ('Dennis st.','99','10');
INSERT INTO medical_history (patient_id,date) VALUES (343,'2019-11-19');
INSERT INTO person (id,first_name,second_name,email,user_login,user_password,sex,date_of_birth,age,permission_level) VALUES (344,'Christine','Mullins','christinagill@yahoo.com','wcole','MONoPOPaRa','F','1995-02-16',24,1);
INSERT INTO staff_member (id,employed_since,position,salary,room) VALUES (344,'2011-12-29','Nurse',25000,7);
INSERT INTO nurse (id,surgery_assistant,preferred_shifts,appointment_assistant,departement_id) VALUES (344,B'0','Night',B'1',7);
INSERT INTO person (id,first_name,second_name,email,user_login,user_password,sex,date_of_birth,age,permission_level) VALUES (345,'Laurie','Ray','larellano@hotmail.com','brian33','uEHHILvngVnQ','F','1954-07-15',65,5);
INSERT INTO staff_member (id,employed_since,position,salary,room) VALUES (345,'2016-12-08','Nurse',25000,6);
INSERT INTO nurse (id,surgery_assistant,preferred_shifts,appointment_assistant,departement_id) VALUES (345,B'1','Night',B'1',13);
INSERT INTO person (id,first_name,second_name,email,user_login,user_password,sex,date_of_birth,age,permission_level) VALUES (346,'Michael','Williams','rmontgomery@yahoo.com','noah41','ulhZrTxvNexMLL','M','1979-01-09',40,3);
INSERT INTO staff_member (id,employed_since,position,salary,room) VALUES (346,'2012-05-24','Doctor',35000,14);
INSERT INTO doctor (id,speciality,emergency_hours,experience,departement_id,supervisor) VALUES (346,'Hospice and Palliative Medicine Specialist',B'0',5,13,40);
INSERT INTO person (id,first_name,second_name,email,user_login,user_password,sex,date_of_birth,age,permission_level) VALUES (347,'Jeremy','Dean','cynthiaperez@yahoo.com','cassandrathompson','apvoABwBlZSg','M','1965-02-15',54,3);
INSERT INTO staff_member (id,employed_since,position,salary,room) VALUES (347,'2016-01-06','Pharmasist',20000,69);
INSERT INTO pharmasist (id,education_level,research) VALUES (347,'PhD',B'0');
INSERT INTO person (id,first_name,second_name,email,user_login,user_password,sex,date_of_birth,age,permission_level) VALUES (348,'Jason','Krueger','oscar78@gmail.com','wjones','fzgCIOJCg','M','1915-09-04',104,2);
INSERT INTO staff_member (id,employed_since,position,salary,room) VALUES (348,'2012-07-25','Nurse',25000,7);
INSERT INTO nurse (id,surgery_assistant,preferred_shifts,appointment_assistant,departement_id) VALUES (348,B'1','Night',B'1',9);
INSERT INTO person (id,first_name,second_name,email,user_login,user_password,sex,date_of_birth,age,permission_level) VALUES (349,'Jane','Chen','vhughes@hotmail.com','robin86','rPumAwUYWZzPinA','F','1959-11-03',60,3);
INSERT INTO staff_member (id,employed_since,position,salary,room) VALUES (349,'2016-07-22','Nurse',25000,8);
INSERT INTO nurse (id,surgery_assistant,preferred_shifts,appointment_assistant,departement_id) VALUES (349,B'1','Night',B'0',12);
INSERT INTO person (id,first_name,second_name,email,user_login,user_password,sex,date_of_birth,age,permission_level) VALUES (350,'Timothy','Gonzalez','ucrawford@yahoo.com','christopherjones','sKBVTZhn','M','1945-06-05',74,1);
INSERT INTO patient (id) VALUES (350);
INSERT INTO patients_address (street,house,apartement) VALUES ('Chase st.','91','4');
INSERT INTO medical_history (patient_id,date) VALUES (350,'2019-10-27');
INSERT INTO person (id,first_name,second_name,email,user_login,user_password,sex,date_of_birth,age,permission_level) VALUES (351,'Jeffrey','Washington','jorgebaird@hotmail.com','andersonmichael','CFMemMDOFjk','M','1985-05-11',34,4);
INSERT INTO staff_member (id,employed_since,position,salary,room) VALUES (351,'2015-01-15','Professor',35000,37);
INSERT INTO professor (id,research_topic,surgery_participation,departement_id) VALUES (351,'Colon Surgeon',B'1',10);
INSERT INTO person (id,first_name,second_name,email,user_login,user_password,sex,date_of_birth,age,permission_level) VALUES (352,'Jason','Cox','krystalfrench@gmail.com','kaylajackson','CxHZHuexnLNovue','M','1994-03-05',25,1);
INSERT INTO staff_member (id,employed_since,position,salary,room) VALUES (352,'2018-03-13','HR',30000,65);
INSERT INTO hr (id,selection_responsibility) VALUES (352,'Review');
INSERT INTO person (id,first_name,second_name,email,user_login,user_password,sex,date_of_birth,age,permission_level) VALUES (353,'Jermaine','Padilla','samantha27@hotmail.com','robertlindsey','GkmdiiHvW','M','1977-05-04',42,5);
INSERT INTO staff_member (id,employed_since,position,salary,room) VALUES (353,'2014-01-31','Pharmasist',20000,70);
INSERT INTO pharmasist (id,education_level,research) VALUES (353,'Magister',B'1');
INSERT INTO person (id,first_name,second_name,email,user_login,user_password,sex,date_of_birth,age,permission_level) VALUES (354,'Tracy','Jacobson','garciasylvia@gmail.com','ztucker','lNyeBDBD','F','1974-04-04',45,4);
INSERT INTO staff_member (id,employed_since,position,salary,room) VALUES (354,'2010-02-04','Nurse',25000,5);
INSERT INTO nurse (id,surgery_assistant,preferred_shifts,appointment_assistant,departement_id) VALUES (354,B'1','Day',B'0',8);
INSERT INTO person (id,first_name,second_name,email,user_login,user_password,sex,date_of_birth,age,permission_level) VALUES (355,'James','Dillon','williamsamanda@gmail.com','scook','XwVBVRSVf','M','1952-02-17',67,5);
INSERT INTO staff_member (id,employed_since,position,salary,room) VALUES (355,'2014-06-01','Doctor',35000,30);
INSERT INTO doctor (id,speciality,emergency_hours,experience,departement_id,supervisor) VALUES (355,'Emergency Medicine Specialist',B'1',6,10,209);
INSERT INTO person (id,first_name,second_name,email,user_login,user_password,sex,date_of_birth,age,permission_level) VALUES (356,'Amy','Chandler','smithdana@gmail.com','sandra23','otZAHMbhpanKDfY','F','1950-08-08',69,3);
INSERT INTO staff_member (id,employed_since,position,salary,room) VALUES (356,'2016-05-16','Nurse',25000,4);
INSERT INTO nurse (id,surgery_assistant,preferred_shifts,appointment_assistant,departement_id) VALUES (356,B'1','Night',B'1',3);
INSERT INTO person (id,first_name,second_name,email,user_login,user_password,sex,date_of_birth,age,permission_level) VALUES (357,'Brandon','Taylor','alexis26@hotmail.com','colerussell','hIuEbwpilHAPJ','M','1985-07-26',34,5);
INSERT INTO staff_member (id,employed_since,position,salary,room) VALUES (357,'2017-05-27','Doctor',35000,14);
INSERT INTO doctor (id,speciality,emergency_hours,experience,departement_id,supervisor) VALUES (357,'Pediatrician',B'1',3,5,346);
INSERT INTO person (id,first_name,second_name,email,user_login,user_password,sex,date_of_birth,age,permission_level) VALUES (358,'Cindy','Schneider','mramirez@gmail.com','stevenperry','jEAjZNeBwZecmzn','F','2018-09-04',1,1);
INSERT INTO staff_member (id,employed_since,position,salary,room) VALUES (358,'2014-02-19','IT Specialist',15000,75);
INSERT INTO IT_specialist (id,support_line) VALUES (358,B'1');
INSERT INTO person (id,first_name,second_name,email,user_login,user_password,sex,date_of_birth,age,permission_level) VALUES (359,'Seth','Austin','sarahtran@gmail.com','apriljohnson','BJfxhlRiuL','M','1982-10-28',37,4);
INSERT INTO staff_member (id,employed_since,position,salary,room) VALUES (359,'2014-09-09','Nurse',25000,3);
INSERT INTO nurse (id,surgery_assistant,preferred_shifts,appointment_assistant,departement_id) VALUES (359,B'0','Night',B'1',8);
INSERT INTO person (id,first_name,second_name,email,user_login,user_password,sex,date_of_birth,age,permission_level) VALUES (360,'Sandra','Stokes','tbradley@gmail.com','jason66','yUDAFccJSBZANfw','F','1921-01-28',98,4);
INSERT INTO patient (id) VALUES (360);
INSERT INTO patients_address (street,house,apartement) VALUES ('Caitlin st.','95','9');
INSERT INTO medical_history (patient_id,date) VALUES (360,'2019-11-27');
INSERT INTO person (id,first_name,second_name,email,user_login,user_password,sex,date_of_birth,age,permission_level) VALUES (361,'James','Rogers','fjones@hotmail.com','pgonzalez','KaxdcNtkVHP','M','1965-03-21',54,5);
INSERT INTO staff_member (id,employed_since,position,salary,room) VALUES (361,'2013-01-18','Cleaning Team Worker',10000,53);
INSERT INTO cleaning_team_worker (id,employment_type) VALUES (361,'Full time');
INSERT INTO person (id,first_name,second_name,email,user_login,user_password,sex,date_of_birth,age,permission_level) VALUES (362,'Dean','Stewart','olewis@yahoo.com','bchang','BwrPXFGz','M','2019-10-14',0,4);
INSERT INTO staff_member (id,employed_since,position,salary,room) VALUES (362,'2018-08-16','Nurse',25000,8);
INSERT INTO nurse (id,surgery_assistant,preferred_shifts,appointment_assistant,departement_id) VALUES (362,B'1','Day',B'0',5);
INSERT INTO person (id,first_name,second_name,email,user_login,user_password,sex,date_of_birth,age,permission_level) VALUES (363,'Mark','Aguilar','langstephen@gmail.com','jenniferkoch','iXRSpcicb','M','2004-07-23',15,2);
INSERT INTO staff_member (id,employed_since,position,salary,room) VALUES (363,'2018-03-03','HR',30000,67);
INSERT INTO hr (id,selection_responsibility) VALUES (363,'Interview');
INSERT INTO person (id,first_name,second_name,email,user_login,user_password,sex,date_of_birth,age,permission_level) VALUES (364,'Ricky','Price','vbest@yahoo.com','rebeccawagner','kbpJadmh','M','1993-12-08',26,3);
INSERT INTO patient (id) VALUES (364);
INSERT INTO patients_address (street,house,apartement) VALUES ('Cynthia st.','87','9');
INSERT INTO medical_history (patient_id,date) VALUES (364,'2019-10-24');
INSERT INTO person (id,first_name,second_name,email,user_login,user_password,sex,date_of_birth,age,permission_level) VALUES (365,'Christopher','Cooper','michaelwhite@gmail.com','noah78','btbutwsQCOL','M','1910-05-24',109,4);
INSERT INTO patient (id) VALUES (365);
INSERT INTO patients_address (street,house,apartement) VALUES ('Michael st.','27','2');
INSERT INTO medical_history (patient_id,date) VALUES (365,'2019-10-22');
INSERT INTO person (id,first_name,second_name,email,user_login,user_password,sex,date_of_birth,age,permission_level) VALUES (366,'Stacie','Turner','jill21@yahoo.com','larsonbrett','AQxZoQxdhiLyHEo','F','1929-02-04',90,1);
INSERT INTO staff_member (id,employed_since,position,salary,room) VALUES (366,'2017-09-12','Doctor',35000,16);
INSERT INTO doctor (id,speciality,emergency_hours,experience,departement_id,supervisor) VALUES (366,'Ophthalmologist',B'0',2,6,300);
INSERT INTO person (id,first_name,second_name,email,user_login,user_password,sex,date_of_birth,age,permission_level) VALUES (367,'Kimberly','Rojas','zwhite@gmail.com','amy50','uZOLtgHCt','F','1974-09-01',45,2);
INSERT INTO staff_member (id,employed_since,position,salary,room) VALUES (367,'2013-08-12','Nurse',25000,4);
INSERT INTO nurse (id,surgery_assistant,preferred_shifts,appointment_assistant,departement_id) VALUES (367,B'1','Night',B'1',13);
INSERT INTO person (id,first_name,second_name,email,user_login,user_password,sex,date_of_birth,age,permission_level) VALUES (368,'Jon','Richardson','robingibbs@hotmail.com','roybrock','IGBWPxMyPBi','M','1933-02-05',86,5);
INSERT INTO staff_member (id,employed_since,position,salary,room) VALUES (368,'2014-08-04','Nurse',25000,10);
INSERT INTO nurse (id,surgery_assistant,preferred_shifts,appointment_assistant,departement_id) VALUES (368,B'0','Night',B'0',4);
INSERT INTO person (id,first_name,second_name,email,user_login,user_password,sex,date_of_birth,age,permission_level) VALUES (369,'Derrick','Fisher','proberts@gmail.com','alexandria87','fpBajqukY','M','1996-11-20',23,2);
INSERT INTO staff_member (id,employed_since,position,salary,room) VALUES (369,'2016-09-23','Nurse',25000,3);
INSERT INTO nurse (id,surgery_assistant,preferred_shifts,appointment_assistant,departement_id) VALUES (369,B'1','Night',B'0',1);
INSERT INTO person (id,first_name,second_name,email,user_login,user_password,sex,date_of_birth,age,permission_level) VALUES (370,'Kristina','Carter','usmith@yahoo.com','jerry91','ECRMvtOOOFqZy','F','2003-12-01',16,5);
INSERT INTO staff_member (id,employed_since,position,salary,room) VALUES (370,'2016-11-19','Nurse',25000,10);
INSERT INTO nurse (id,surgery_assistant,preferred_shifts,appointment_assistant,departement_id) VALUES (370,B'0','Night',B'1',4);
INSERT INTO person (id,first_name,second_name,email,user_login,user_password,sex,date_of_birth,age,permission_level) VALUES (371,'Megan','Chang','cohensarah@yahoo.com','mharris','iJFiuKlxt','F','1907-06-21',112,2);
INSERT INTO patient (id) VALUES (371);
INSERT INTO patients_address (street,house,apartement) VALUES ('Daniel st.','33','10');
INSERT INTO medical_history (patient_id,date) VALUES (371,'2019-10-23');
INSERT INTO person (id,first_name,second_name,email,user_login,user_password,sex,date_of_birth,age,permission_level) VALUES (372,'Richard','Turner','hilldebra@hotmail.com','thomas62','qZuJQfmu','M','1926-06-02',93,3);
INSERT INTO patient (id) VALUES (372);
INSERT INTO patients_address (street,house,apartement) VALUES ('Martin st.','32','10');
INSERT INTO medical_history (patient_id,date) VALUES (372,'2019-10-20');
INSERT INTO person (id,first_name,second_name,email,user_login,user_password,sex,date_of_birth,age,permission_level) VALUES (373,'Angela','Wilson','gregorywilkerson@gmail.com','tcarson','ubFoyOEtmfqcIYn','F','1980-09-23',39,3);
INSERT INTO staff_member (id,employed_since,position,salary,room) VALUES (373,'2011-05-02','Cook',15000,73);
INSERT INTO cook (id,experience) VALUES (373,6);
INSERT INTO person (id,first_name,second_name,email,user_login,user_password,sex,date_of_birth,age,permission_level) VALUES (374,'Lisa','Ramirez','pbrown@hotmail.com','bbruce','rHUftJGLL','F','1926-08-10',93,4);
INSERT INTO staff_member (id,employed_since,position,salary,room) VALUES (374,'2012-03-23','Pharmasist',20000,69);
INSERT INTO pharmasist (id,education_level,research) VALUES (374,'Magister',B'0');
INSERT INTO person (id,first_name,second_name,email,user_login,user_password,sex,date_of_birth,age,permission_level) VALUES (375,'Joseph','Rogers','cliffordgray@hotmail.com','zcastillo','Skdftae','M','1985-11-29',34,2);
INSERT INTO staff_member (id,employed_since,position,salary,room) VALUES (375,'2013-09-30','Nurse',25000,9);
INSERT INTO nurse (id,surgery_assistant,preferred_shifts,appointment_assistant,departement_id) VALUES (375,B'0','Day',B'1',2);
INSERT INTO person (id,first_name,second_name,email,user_login,user_password,sex,date_of_birth,age,permission_level) VALUES (376,'Patricia','Sims','maxwelladrian@hotmail.com','fchung','zrTGNoJasergk','F','1910-05-14',109,1);
INSERT INTO staff_member (id,employed_since,position,salary,room) VALUES (376,'2016-10-04','Doctor',35000,23);
INSERT INTO doctor (id,speciality,emergency_hours,experience,departement_id,supervisor) VALUES (376,'Rheumatologist',B'1',2,2,45);
INSERT INTO person (id,first_name,second_name,email,user_login,user_password,sex,date_of_birth,age,permission_level) VALUES (377,'Angela','Smith','william14@gmail.com','justingreen','eyZZErHQm','F','1980-02-13',39,3);
INSERT INTO staff_member (id,employed_since,position,salary,room) VALUES (377,'2015-02-23','Reseptionist',15000,56);
INSERT INTO reseptionist (id) VALUES (377);
INSERT INTO languages_spoken (reseptionist_id,language) VALUES (377,'RussianTatar');
INSERT INTO person (id,first_name,second_name,email,user_login,user_password,sex,date_of_birth,age,permission_level) VALUES (378,'Deanna','Peters','michaelkent@hotmail.com','vanessajensen','cfsvfjAXbbnwgfq','F','1916-12-27',103,1);
INSERT INTO patient (id) VALUES (378);
INSERT INTO patients_address (street,house,apartement) VALUES ('Jeremy st.','96','6');
INSERT INTO medical_history (patient_id,date) VALUES (378,'2019-10-25');
INSERT INTO person (id,first_name,second_name,email,user_login,user_password,sex,date_of_birth,age,permission_level) VALUES (379,'Elizabeth','Freeman','uchavez@gmail.com','bhorton','SXuwPgfL','F','1932-11-11',87,2);
INSERT INTO staff_member (id,employed_since,position,salary,room) VALUES (379,'2016-08-01','Reseptionist',15000,56);
INSERT INTO reseptionist (id) VALUES (379);
INSERT INTO languages_spoken (reseptionist_id,language) VALUES (379,'EnglishArabicTatarTatarPortuguesArabic');
INSERT INTO person (id,first_name,second_name,email,user_login,user_password,sex,date_of_birth,age,permission_level) VALUES (380,'Nancy','Downs','lpennington@hotmail.com','mcculloughsara','oKaGjSNoZcxUPn','F','1943-12-09',76,2);
INSERT INTO staff_member (id,employed_since,position,salary,room) VALUES (380,'2013-07-09','Professor',35000,31);
INSERT INTO professor (id,research_topic,surgery_participation,departement_id) VALUES (380,'Internist',B'0',13);
INSERT INTO person (id,first_name,second_name,email,user_login,user_password,sex,date_of_birth,age,permission_level) VALUES (381,'Adam','Haas','margaretvaughn@hotmail.com','kelleyrobert','FusMjWmgts','M','1934-12-11',85,4);
INSERT INTO staff_member (id,employed_since,position,salary,room) VALUES (381,'2010-12-10','Doctor',35000,21);
INSERT INTO doctor (id,speciality,emergency_hours,experience,departement_id,supervisor) VALUES (381,'Otolaryngologist',B'1',5,7,117);
INSERT INTO person (id,first_name,second_name,email,user_login,user_password,sex,date_of_birth,age,permission_level) VALUES (382,'April','Dean','clarkthomas@gmail.com','anthony54','APkcQOjx','F','1950-08-08',69,4);
INSERT INTO staff_member (id,employed_since,position,salary,room) VALUES (382,'2018-12-31','Professor',35000,31);
INSERT INTO professor (id,research_topic,surgery_participation,departement_id) VALUES (382,'Endocrinologists',B'0',6);
INSERT INTO person (id,first_name,second_name,email,user_login,user_password,sex,date_of_birth,age,permission_level) VALUES (383,'Evan','Gutierrez','christopher91@gmail.com','gmiller','rzlbLGcfIIz','M','1951-04-12',68,4);
INSERT INTO staff_member (id,employed_since,position,salary,room) VALUES (383,'2012-11-18','Nurse',25000,6);
INSERT INTO nurse (id,surgery_assistant,preferred_shifts,appointment_assistant,departement_id) VALUES (383,B'0','Day',B'0',11);
INSERT INTO person (id,first_name,second_name,email,user_login,user_password,sex,date_of_birth,age,permission_level) VALUES (384,'Todd','Norris','james42@hotmail.com','alexisvargas','oImkiYitmaPoq','M','1960-11-22',59,1);
INSERT INTO staff_member (id,employed_since,position,salary,room) VALUES (384,'2019-04-03','Doctor',35000,12);
INSERT INTO doctor (id,speciality,emergency_hours,experience,departement_id,supervisor) VALUES (384,'General Surgeon',B'0',2,3,62);
INSERT INTO person (id,first_name,second_name,email,user_login,user_password,sex,date_of_birth,age,permission_level) VALUES (385,'Matthew','Diaz','mgarza@hotmail.com','parkerdennis','OgXaLUIArXYCFFb','M','2015-04-08',4,5);
INSERT INTO patient (id) VALUES (385);
INSERT INTO patients_address (street,house,apartement) VALUES ('Mary st.','67','3');
INSERT INTO medical_history (patient_id,date) VALUES (385,'2019-10-19');
INSERT INTO person (id,first_name,second_name,email,user_login,user_password,sex,date_of_birth,age,permission_level) VALUES (386,'Lauren','Carlson','allison65@hotmail.com','carrconnie','hgpyYpBu','F','1928-09-20',91,4);
INSERT INTO staff_member (id,employed_since,position,salary,room) VALUES (386,'2012-06-21','Doctor',35000,20);
INSERT INTO doctor (id,speciality,emergency_hours,experience,departement_id,supervisor) VALUES (386,'Preventive Medicine Specialist',B'1',6,10,62);
INSERT INTO person (id,first_name,second_name,email,user_login,user_password,sex,date_of_birth,age,permission_level) VALUES (387,'Cynthia','Campbell','brandibartlett@yahoo.com','michaelkoch','HmfgDWahPNV','F','1930-10-29',89,2);
INSERT INTO staff_member (id,employed_since,position,salary,room) VALUES (387,'2017-11-13','Lab Technician',15000,50);
INSERT INTO lab_technician (id,education_level,departement_id) VALUES (387,'Bachelor',13);
INSERT INTO person (id,first_name,second_name,email,user_login,user_password,sex,date_of_birth,age,permission_level) VALUES (388,'Mr.','Kevin','stacey11@yahoo.com','aimee03','SemIZkCyckskhvP','M','2005-09-16',14,2);
INSERT INTO patient (id) VALUES (388);
INSERT INTO patients_address (street,house,apartement) VALUES ('David st.','78','10');
INSERT INTO medical_history (patient_id,date) VALUES (388,'2019-10-21');
INSERT INTO person (id,first_name,second_name,email,user_login,user_password,sex,date_of_birth,age,permission_level) VALUES (389,'Gary','Austin','diazjacob@gmail.com','leahmartin','wwvNuXrZJqCaR','M','1950-08-05',69,4);
INSERT INTO patient (id) VALUES (389);
INSERT INTO patients_address (street,house,apartement) VALUES ('Antonio st.','8','1');
INSERT INTO medical_history (patient_id,date) VALUES (389,'2019-10-31');
INSERT INTO person (id,first_name,second_name,email,user_login,user_password,sex,date_of_birth,age,permission_level) VALUES (390,'Jason','Brown','mary14@hotmail.com','durannicholas','jJyggnLuqVAj','M','2001-02-01',18,2);
INSERT INTO patient (id) VALUES (390);
INSERT INTO patients_address (street,house,apartement) VALUES ('Kathryn st.','62','4');
INSERT INTO medical_history (patient_id,date) VALUES (390,'2019-11-15');
INSERT INTO person (id,first_name,second_name,email,user_login,user_password,sex,date_of_birth,age,permission_level) VALUES (391,'Erica','Adams','owenslogan@hotmail.com','jennyhorn','iFXuoeMOQJ','F','1998-06-27',21,5);
INSERT INTO staff_member (id,employed_since,position,salary,room) VALUES (391,'2015-12-30','Lab Technician',15000,47);
INSERT INTO lab_technician (id,education_level,departement_id) VALUES (391,'Magister',3);
INSERT INTO person (id,first_name,second_name,email,user_login,user_password,sex,date_of_birth,age,permission_level) VALUES (392,'Lauren','Padilla','yhutchinson@hotmail.com','washingtonjanet','faDvKvA','F','1968-02-29',51,1);
INSERT INTO staff_member (id,employed_since,position,salary,room) VALUES (392,'2019-08-09','Maintanence Worker',15000,57);
INSERT INTO maintanence_worker (id,employment_type,speciality) VALUES (392,'Part time','Furniture');
INSERT INTO person (id,first_name,second_name,email,user_login,user_password,sex,date_of_birth,age,permission_level) VALUES (393,'Sabrina','Cooper','morganmichael@gmail.com','bryan74','ORscbhEnySkt','F','1948-09-11',71,3);
INSERT INTO patient (id) VALUES (393);
INSERT INTO patients_address (street,house,apartement) VALUES ('Mrs. st.','91','1');
INSERT INTO medical_history (patient_id,date) VALUES (393,'2019-11-10');
INSERT INTO person (id,first_name,second_name,email,user_login,user_password,sex,date_of_birth,age,permission_level) VALUES (394,'Juan','Williams','taramaxwell@yahoo.com','hthompson','asqNjBMVUIRwl','M','1924-02-05',95,1);
INSERT INTO staff_member (id,employed_since,position,salary,room) VALUES (394,'2012-04-19','Lab Technician',15000,45);
INSERT INTO lab_technician (id,education_level,departement_id) VALUES (394,'Postgraduate',6);
INSERT INTO person (id,first_name,second_name,email,user_login,user_password,sex,date_of_birth,age,permission_level) VALUES (395,'Steven','Marshall','lopezkyle@yahoo.com','armstrongjennifer','gHTKmEJj','M','1938-01-04',81,5);
INSERT INTO staff_member (id,employed_since,position,salary,room) VALUES (395,'2014-03-20','Professor',35000,38);
INSERT INTO professor (id,research_topic,surgery_participation,departement_id) VALUES (395,'Hematologist',B'1',10);
INSERT INTO person (id,first_name,second_name,email,user_login,user_password,sex,date_of_birth,age,permission_level) VALUES (396,'Jeremy','Myers','shelley60@hotmail.com','juanross','ZmSFYazbdA','M','2005-04-25',14,5);
INSERT INTO staff_member (id,employed_since,position,salary,room) VALUES (396,'2017-03-21','Doctor',35000,18);
INSERT INTO doctor (id,speciality,emergency_hours,experience,departement_id,supervisor) VALUES (396,'Medicine Specialist',B'0',1,6,77);
INSERT INTO person (id,first_name,second_name,email,user_login,user_password,sex,date_of_birth,age,permission_level) VALUES (397,'Amy','Maldonado','zrodriguez@gmail.com','aaronrobinson','DMwwvBQn','F','1994-07-20',25,3);
INSERT INTO staff_member (id,employed_since,position,salary,room) VALUES (397,'2015-04-17','Doctor',35000,22);
INSERT INTO doctor (id,speciality,emergency_hours,experience,departement_id,supervisor) VALUES (397,'Otolaryngologist',B'0',2,11,386);
INSERT INTO person (id,first_name,second_name,email,user_login,user_password,sex,date_of_birth,age,permission_level) VALUES (398,'Peter','Shepard','mariabrown@gmail.com','xturner','CBcNKgxezGhigeU','M','1906-10-28',113,1);
INSERT INTO patient (id) VALUES (398);
INSERT INTO patients_address (street,house,apartement) VALUES ('Carlos st.','21','5');
INSERT INTO medical_history (patient_id,date) VALUES (398,'2019-10-20');
INSERT INTO person (id,first_name,second_name,email,user_login,user_password,sex,date_of_birth,age,permission_level) VALUES (399,'Daniel','Gates','michellekennedy@yahoo.com','karen81','jelWSITBEauSLfD','M','1988-12-25',31,2);
INSERT INTO staff_member (id,employed_since,position,salary,room) VALUES (399,'2019-01-30','Doctor',35000,12);
INSERT INTO doctor (id,speciality,emergency_hours,experience,departement_id,supervisor) VALUES (399,'General Surgeon',B'1',10,11,366);
INSERT INTO person (id,first_name,second_name,email,user_login,user_password,sex,date_of_birth,age,permission_level) VALUES (400,'Rachel','Small','sarahsanchez@hotmail.com','nichole30','MLRTEpbawQpadsH','F','1977-09-28',42,4);
INSERT INTO patient (id) VALUES (400);
INSERT INTO patients_address (street,house,apartement) VALUES ('Jose st.','26','2');
INSERT INTO medical_history (patient_id,date) VALUES (400,'2019-11-13');
INSERT INTO person (id,first_name,second_name,email,user_login,user_password,sex,date_of_birth,age,permission_level) VALUES (401,'Belinda','Vasquez','lindajordan@hotmail.com','ipacheco','nXZWXcdM','F','2004-10-20',15,3);
INSERT INTO patient (id) VALUES (401);
INSERT INTO patients_address (street,house,apartement) VALUES ('Laura st.','49','9');
INSERT INTO medical_history (patient_id,date) VALUES (401,'2019-11-01');
INSERT INTO person (id,first_name,second_name,email,user_login,user_password,sex,date_of_birth,age,permission_level) VALUES (402,'Dr.','Rachel','michael91@hotmail.com','currymark','UBXYsmGQkbxGz','F','1921-10-21',98,4);
INSERT INTO staff_member (id,employed_since,position,salary,room) VALUES (402,'2013-07-05','HR',30000,64);
INSERT INTO hr (id,selection_responsibility) VALUES (402,'Interview');
INSERT INTO person (id,first_name,second_name,email,user_login,user_password,sex,date_of_birth,age,permission_level) VALUES (403,'Marilyn','Fisher','jason45@hotmail.com','kristiwillis','fiWrEYR','F','1909-08-25',110,4);
INSERT INTO staff_member (id,employed_since,position,salary,room) VALUES (403,'2017-06-13','Reseptionist',15000,56);
INSERT INTO reseptionist (id) VALUES (403);
INSERT INTO languages_spoken (reseptionist_id,language) VALUES (403,'ItalianArabicItalianItalianRussian');
INSERT INTO person (id,first_name,second_name,email,user_login,user_password,sex,date_of_birth,age,permission_level) VALUES (404,'Zachary','Rogers','vwilliams@yahoo.com','garcialauren','NeVQafDTLdJQpzg','M','2013-02-11',6,5);
INSERT INTO staff_member (id,employed_since,position,salary,room) VALUES (404,'2019-04-08','Doctor',35000,15);
INSERT INTO doctor (id,speciality,emergency_hours,experience,departement_id,supervisor) VALUES (404,'Hematologist',B'1',6,11,102);
INSERT INTO person (id,first_name,second_name,email,user_login,user_password,sex,date_of_birth,age,permission_level) VALUES (405,'Rachel','Leonard','hollandtammie@gmail.com','jjohnston','sauhamlUWh','F','1962-09-01',57,1);
INSERT INTO staff_member (id,employed_since,position,salary,room) VALUES (405,'2012-11-13','Maintanence Worker',15000,60);
INSERT INTO maintanence_worker (id,employment_type,speciality) VALUES (405,'Full time','Hardware');
INSERT INTO person (id,first_name,second_name,email,user_login,user_password,sex,date_of_birth,age,permission_level) VALUES (406,'Marcus','Love','garciajorge@hotmail.com','mwilson','QinjdAXa','M','1956-02-07',63,5);
INSERT INTO staff_member (id,employed_since,position,salary,room) VALUES (406,'2013-07-29','Priest',15000,80);
INSERT INTO priest (id,religion) VALUES (406,'Christianity');
INSERT INTO person (id,first_name,second_name,email,user_login,user_password,sex,date_of_birth,age,permission_level) VALUES (407,'Arthur','Norman','saustin@hotmail.com','davisgina','cmCQnYNZTOD','M','2001-09-05',18,3);
INSERT INTO staff_member (id,employed_since,position,salary,room) VALUES (407,'2015-07-24','Nurse',25000,9);
INSERT INTO nurse (id,surgery_assistant,preferred_shifts,appointment_assistant,departement_id) VALUES (407,B'0','Day',B'0',2);
INSERT INTO person (id,first_name,second_name,email,user_login,user_password,sex,date_of_birth,age,permission_level) VALUES (408,'Andrea','Smith','ublanchard@gmail.com','tracywilliams','yEIaPdUFRmDteve','F','1964-11-17',55,2);
INSERT INTO staff_member (id,employed_since,position,salary,room) VALUES (408,'2016-11-02','Nurse',25000,8);
INSERT INTO nurse (id,surgery_assistant,preferred_shifts,appointment_assistant,departement_id) VALUES (408,B'1','Night',B'1',4);
INSERT INTO person (id,first_name,second_name,email,user_login,user_password,sex,date_of_birth,age,permission_level) VALUES (409,'Kevin','White','derek12@gmail.com','fordsamantha','ilDUANnolvHBoPK','M','1912-12-05',107,4);
INSERT INTO staff_member (id,employed_since,position,salary,room) VALUES (409,'2018-12-05','Reseptionist',15000,56);
INSERT INTO reseptionist (id) VALUES (409);
INSERT INTO languages_spoken (reseptionist_id,language) VALUES (409,'English');
INSERT INTO person (id,first_name,second_name,email,user_login,user_password,sex,date_of_birth,age,permission_level) VALUES (410,'Charles','Bell','millererin@yahoo.com','christopher71','DLnueIKp','M','1986-08-06',33,5);
INSERT INTO staff_member (id,employed_since,position,salary,room) VALUES (410,'2018-08-27','Reseptionist',15000,56);
INSERT INTO reseptionist (id) VALUES (410);
INSERT INTO languages_spoken (reseptionist_id,language) VALUES (410,'RussianArabicTatarEnglishPortuguesEnglish');
INSERT INTO person (id,first_name,second_name,email,user_login,user_password,sex,date_of_birth,age,permission_level) VALUES (411,'Mikayla','Benson','frederickmelissa@gmail.com','sanderscharlene','qyuJmMIRnPvoIe','F','1961-08-03',58,2);
INSERT INTO staff_member (id,employed_since,position,salary,room) VALUES (411,'2010-09-25','Professor',35000,38);
INSERT INTO professor (id,research_topic,surgery_participation,departement_id) VALUES (411,'Dermatologist',B'1',5);
INSERT INTO person (id,first_name,second_name,email,user_login,user_password,sex,date_of_birth,age,permission_level) VALUES (412,'David','Mcdaniel','alexandria66@yahoo.com','christopherreynolds','TQXnFrUpPPUkr','M','1930-03-10',89,1);
INSERT INTO staff_member (id,employed_since,position,salary,room) VALUES (412,'2011-12-26','Maintanence Worker',15000,57);
INSERT INTO maintanence_worker (id,employment_type,speciality) VALUES (412,'Part time','Furniture');
INSERT INTO person (id,first_name,second_name,email,user_login,user_password,sex,date_of_birth,age,permission_level) VALUES (413,'Kimberly','Dyer','jasondunlap@gmail.com','garygarrison','jOmALPk','F','1958-11-25',61,5);
INSERT INTO staff_member (id,employed_since,position,salary,room) VALUES (413,'2011-11-03','Nurse',25000,7);
INSERT INTO nurse (id,surgery_assistant,preferred_shifts,appointment_assistant,departement_id) VALUES (413,B'1','Night',B'1',7);
INSERT INTO person (id,first_name,second_name,email,user_login,user_password,sex,date_of_birth,age,permission_level) VALUES (414,'Matthew','Mccarty','tammy91@yahoo.com','caincynthia','fZGQCATkGpJ','M','1955-03-08',64,5);
INSERT INTO staff_member (id,employed_since,position,salary,room) VALUES (414,'2018-04-19','Doctor',35000,14);
INSERT INTO doctor (id,speciality,emergency_hours,experience,departement_id,supervisor) VALUES (414,'Cardiologist',B'0',9,10,199);
INSERT INTO person (id,first_name,second_name,email,user_login,user_password,sex,date_of_birth,age,permission_level) VALUES (415,'Megan','Jackson','ronaldfrench@hotmail.com','millerjustin','slypmrT','F','1943-12-05',76,4);
INSERT INTO staff_member (id,employed_since,position,salary,room) VALUES (415,'2014-11-24','Professor',35000,32);
INSERT INTO professor (id,research_topic,surgery_participation,departement_id) VALUES (415,'Cardiologist',B'1',1);
INSERT INTO person (id,first_name,second_name,email,user_login,user_password,sex,date_of_birth,age,permission_level) VALUES (416,'Jessica','Clark','slynch@hotmail.com','msimon','axNQvaOcp','F','2007-02-25',12,4);
INSERT INTO staff_member (id,employed_since,position,salary,room) VALUES (416,'2011-08-15','Nurse',25000,3);
INSERT INTO nurse (id,surgery_assistant,preferred_shifts,appointment_assistant,departement_id) VALUES (416,B'0','Day',B'0',4);
INSERT INTO person (id,first_name,second_name,email,user_login,user_password,sex,date_of_birth,age,permission_level) VALUES (417,'Michael','Shea','patrick14@hotmail.com','nguyenbrittany','RVLwJqkeBpQUFv','M','1945-01-31',74,2);
INSERT INTO patient (id) VALUES (417);
INSERT INTO patients_address (street,house,apartement) VALUES ('David st.','4','1');
INSERT INTO medical_history (patient_id,date) VALUES (417,'2019-11-18');
INSERT INTO person (id,first_name,second_name,email,user_login,user_password,sex,date_of_birth,age,permission_level) VALUES (418,'Mark','Thomas','jamesanderson@hotmail.com','austin46','TkYgsahIFGzUTD','M','1987-08-20',32,4);
INSERT INTO staff_member (id,employed_since,position,salary,room) VALUES (418,'2015-10-02','Lab Technician',15000,41);
INSERT INTO lab_technician (id,education_level,departement_id) VALUES (418,'Bachelor',9);
INSERT INTO person (id,first_name,second_name,email,user_login,user_password,sex,date_of_birth,age,permission_level) VALUES (419,'Jerome','Johnson','gregory37@gmail.com','rcole','SCHhCbnpSIWZNQw','M','1994-05-19',25,2);
INSERT INTO patient (id) VALUES (419);
INSERT INTO patients_address (street,house,apartement) VALUES ('Patricia st.','27','4');
INSERT INTO medical_history (patient_id,date) VALUES (419,'2019-11-13');
INSERT INTO person (id,first_name,second_name,email,user_login,user_password,sex,date_of_birth,age,permission_level) VALUES (420,'Jordan','Walters','yfrazier@yahoo.com','thood','apLUQdd','M','2016-04-26',3,5);
INSERT INTO staff_member (id,employed_since,position,salary,room) VALUES (420,'2017-10-31','Professor',35000,33);
INSERT INTO professor (id,research_topic,surgery_participation,departement_id) VALUES (420,'Pediatrician',B'0',8);
INSERT INTO person (id,first_name,second_name,email,user_login,user_password,sex,date_of_birth,age,permission_level) VALUES (421,'Monica','Baker','vhudson@gmail.com','vickiwhitaker','QWYpIyELGzGBr','F','2009-01-18',10,1);
INSERT INTO staff_member (id,employed_since,position,salary,room) VALUES (421,'2011-01-28','Doctor',35000,17);
INSERT INTO doctor (id,speciality,emergency_hours,experience,departement_id,supervisor) VALUES (421,'Dermatologist',B'0',5,9,113);
INSERT INTO person (id,first_name,second_name,email,user_login,user_password,sex,date_of_birth,age,permission_level) VALUES (422,'Heather','Harmon','martinbrooke@yahoo.com','richarddana','lbLOYVgLRGbPOMO','F','1935-12-28',84,1);
INSERT INTO staff_member (id,employed_since,position,salary,room) VALUES (422,'2013-07-21','Doctor',35000,24);
INSERT INTO doctor (id,speciality,emergency_hours,experience,departement_id,supervisor) VALUES (422,'Gastroenterologist',B'1',3,1,179);
INSERT INTO person (id,first_name,second_name,email,user_login,user_password,sex,date_of_birth,age,permission_level) VALUES (423,'Mary','Thomas','lisa48@gmail.com','jortega','KADQBQGpvWOehcY','F','1989-12-16',30,5);
INSERT INTO staff_member (id,employed_since,position,salary,room) VALUES (423,'2011-08-14','Nurse',25000,3);
INSERT INTO nurse (id,surgery_assistant,preferred_shifts,appointment_assistant,departement_id) VALUES (423,B'0','Night',B'1',5);
INSERT INTO person (id,first_name,second_name,email,user_login,user_password,sex,date_of_birth,age,permission_level) VALUES (424,'Teresa','Freeman','lynnluna@gmail.com','chrisnash','fkHAdNDLeOZQytk','F','1924-09-29',95,2);
INSERT INTO staff_member (id,employed_since,position,salary,room) VALUES (424,'2014-10-09','Reseptionist',15000,56);
INSERT INTO reseptionist (id) VALUES (424);
INSERT INTO languages_spoken (reseptionist_id,language) VALUES (424,'EnglishRussianTatar');
INSERT INTO person (id,first_name,second_name,email,user_login,user_password,sex,date_of_birth,age,permission_level) VALUES (425,'Lee','Gray','sarah55@gmail.com','christopherburke','XBrJUREYTftnmE','M','2003-08-30',16,1);
INSERT INTO staff_member (id,employed_since,position,salary,room) VALUES (425,'2010-07-23','Doctor',35000,24);
INSERT INTO doctor (id,speciality,emergency_hours,experience,departement_id,supervisor) VALUES (425,'Sports Medicine Specialist',B'0',8,12,270);
INSERT INTO person (id,first_name,second_name,email,user_login,user_password,sex,date_of_birth,age,permission_level) VALUES (426,'Janet','Savage','shelleydavis@hotmail.com','mary67','DUNOuyDSJtOqL','F','1967-06-27',52,3);
INSERT INTO patient (id) VALUES (426);
INSERT INTO patients_address (street,house,apartement) VALUES ('Andrea st.','55','5');
INSERT INTO medical_history (patient_id,date) VALUES (426,'2019-11-03');
INSERT INTO person (id,first_name,second_name,email,user_login,user_password,sex,date_of_birth,age,permission_level) VALUES (427,'Andre','Schmidt','hgonzalez@gmail.com','tricia31','HLKlphXSVWtTSSx','M','1963-10-08',56,1);
INSERT INTO staff_member (id,employed_since,position,salary,room) VALUES (427,'2011-09-05','Doctor',35000,15);
INSERT INTO doctor (id,speciality,emergency_hours,experience,departement_id,supervisor) VALUES (427,'Obstetrician and Gynecologist',B'1',5,2,290);
INSERT INTO person (id,first_name,second_name,email,user_login,user_password,sex,date_of_birth,age,permission_level) VALUES (428,'Donald','Ewing','lindsey97@hotmail.com','wsmith','GElpQqqGmax','M','2001-02-16',18,5);
INSERT INTO staff_member (id,employed_since,position,salary,room) VALUES (428,'2018-09-18','Professor',35000,37);
INSERT INTO professor (id,research_topic,surgery_participation,departement_id) VALUES (428,'Obstetrician and Gynecologist',B'1',4);
INSERT INTO person (id,first_name,second_name,email,user_login,user_password,sex,date_of_birth,age,permission_level) VALUES (429,'Christy','Martinez','lewissteven@yahoo.com','gwise','tgKSqHjJdGSyV','F','1963-12-02',56,1);
INSERT INTO staff_member (id,employed_since,position,salary,room) VALUES (429,'2019-10-06','Nurse',25000,7);
INSERT INTO nurse (id,surgery_assistant,preferred_shifts,appointment_assistant,departement_id) VALUES (429,B'1','Day',B'0',2);
INSERT INTO person (id,first_name,second_name,email,user_login,user_password,sex,date_of_birth,age,permission_level) VALUES (430,'Jason','Watts','xwaller@hotmail.com','tammy05','RCeihsHvvMDmrw','M','1964-01-19',55,5);
INSERT INTO staff_member (id,employed_since,position,salary,room) VALUES (430,'2017-12-17','Professor',35000,38);
INSERT INTO professor (id,research_topic,surgery_participation,departement_id) VALUES (430,'Physiatrist',B'1',12);
INSERT INTO person (id,first_name,second_name,email,user_login,user_password,sex,date_of_birth,age,permission_level) VALUES (431,'Melanie','Sims','olsenjaime@yahoo.com','davidweber','uzALeVOBE','F','1920-11-11',99,5);
INSERT INTO patient (id) VALUES (431);
INSERT INTO patients_address (street,house,apartement) VALUES ('Christopher st.','23','10');
INSERT INTO medical_history (patient_id,date) VALUES (431,'2019-11-23');
INSERT INTO person (id,first_name,second_name,email,user_login,user_password,sex,date_of_birth,age,permission_level) VALUES (432,'Alicia','Ali','emilybowen@gmail.com','taylorroger','QgpbfpebNrlTca','F','1938-03-02',81,1);
INSERT INTO staff_member (id,employed_since,position,salary,room) VALUES (432,'2013-04-15','Pharmasist',20000,68);
INSERT INTO pharmasist (id,education_level,research) VALUES (432,'Magister',B'0');
INSERT INTO person (id,first_name,second_name,email,user_login,user_password,sex,date_of_birth,age,permission_level) VALUES (433,'Tracy','Burns','jason11@gmail.com','hamptonrobert','XkRwZjflj','M','1964-01-19',55,3);
INSERT INTO staff_member (id,employed_since,position,salary,room) VALUES (433,'2014-12-07','Nurse',25000,7);
INSERT INTO nurse (id,surgery_assistant,preferred_shifts,appointment_assistant,departement_id) VALUES (433,B'1','Night',B'1',1);
INSERT INTO person (id,first_name,second_name,email,user_login,user_password,sex,date_of_birth,age,permission_level) VALUES (434,'David','Williams','bmiller@hotmail.com','mercerjonathan','CgPAMOk','M','1956-06-06',63,1);
INSERT INTO staff_member (id,employed_since,position,salary,room) VALUES (434,'2009-12-09','Cleaning Team Worker',10000,55);
INSERT INTO cleaning_team_worker (id,employment_type) VALUES (434,'Full time');
INSERT INTO person (id,first_name,second_name,email,user_login,user_password,sex,date_of_birth,age,permission_level) VALUES (435,'Jennifer','Johnson','cohenkimberly@hotmail.com','larsonadam','RzAOwHXUd','F','1991-10-17',28,4);
INSERT INTO staff_member (id,employed_since,position,salary,room) VALUES (435,'2019-07-28','Professor',35000,32);
INSERT INTO professor (id,research_topic,surgery_participation,departement_id) VALUES (435,'Allergist',B'0',6);
INSERT INTO person (id,first_name,second_name,email,user_login,user_password,sex,date_of_birth,age,permission_level) VALUES (436,'Cassandra','Parker','llopez@yahoo.com','morganwhitney','GiVGTjUZ','F','2001-11-06',18,2);
INSERT INTO staff_member (id,employed_since,position,salary,room) VALUES (436,'2018-07-26','Professor',35000,33);
INSERT INTO professor (id,research_topic,surgery_participation,departement_id) VALUES (436,'Infectious Disease Specialist',B'0',5);
INSERT INTO person (id,first_name,second_name,email,user_login,user_password,sex,date_of_birth,age,permission_level) VALUES (437,'Melissa','Sutton','oadams@gmail.com','penanicole','JimiKLqhI','F','1999-11-10',20,2);
INSERT INTO staff_member (id,employed_since,position,salary,room) VALUES (437,'2014-01-30','Reseptionist',15000,56);
INSERT INTO reseptionist (id) VALUES (437);
INSERT INTO languages_spoken (reseptionist_id,language) VALUES (437,'ItalianRussianEnglishArabicTatarItalian');
INSERT INTO person (id,first_name,second_name,email,user_login,user_password,sex,date_of_birth,age,permission_level) VALUES (438,'Victor','Day','stacey27@gmail.com','fosterelizabeth','fRVYVYtlA','M','1920-09-10',99,3);
INSERT INTO staff_member (id,employed_since,position,salary,room) VALUES (438,'2010-10-07','Pharmasist',20000,70);
INSERT INTO pharmasist (id,education_level,research) VALUES (438,'Postgraduate',B'0');
INSERT INTO person (id,first_name,second_name,email,user_login,user_password,sex,date_of_birth,age,permission_level) VALUES (439,'Joseph','Jones','montgomeryautumn@hotmail.com','mccartykyle','jjOAIEeRBr','M','1925-01-02',94,2);
INSERT INTO staff_member (id,employed_since,position,salary,room) VALUES (439,'2016-01-14','Pharmasist',20000,69);
INSERT INTO pharmasist (id,education_level,research) VALUES (439,'Magister',B'1');
INSERT INTO person (id,first_name,second_name,email,user_login,user_password,sex,date_of_birth,age,permission_level) VALUES (440,'Courtney','White','justinharper@gmail.com','mcfarlandamanda','qJSkMOaaJfA','F','1913-04-09',106,3);
INSERT INTO patient (id) VALUES (440);
INSERT INTO patients_address (street,house,apartement) VALUES ('Patrick st.','44','5');
INSERT INTO medical_history (patient_id,date) VALUES (440,'2019-11-03');
INSERT INTO person (id,first_name,second_name,email,user_login,user_password,sex,date_of_birth,age,permission_level) VALUES (441,'Nancy','Larsen','hhall@yahoo.com','hdeleon','NSmYOlSXVeV','F','1968-07-07',51,3);
INSERT INTO staff_member (id,employed_since,position,salary,room) VALUES (441,'2011-07-01','Nurse',25000,7);
INSERT INTO nurse (id,surgery_assistant,preferred_shifts,appointment_assistant,departement_id) VALUES (441,B'1','Day',B'1',7);
INSERT INTO person (id,first_name,second_name,email,user_login,user_password,sex,date_of_birth,age,permission_level) VALUES (442,'Ronald','Humphrey','austin17@hotmail.com','umullins','kmAlAljI','M','1967-07-02',52,4);
INSERT INTO staff_member (id,employed_since,position,salary,room) VALUES (442,'2012-12-03','Cook',15000,72);
INSERT INTO cook (id,experience) VALUES (442,1);
INSERT INTO person (id,first_name,second_name,email,user_login,user_password,sex,date_of_birth,age,permission_level) VALUES (443,'Kyle','Conley','allentamara@gmail.com','yjohnson','Cchtxjv','M','2000-01-17',19,2);
INSERT INTO patient (id) VALUES (443);
INSERT INTO patients_address (street,house,apartement) VALUES ('Colin st.','98','7');
INSERT INTO medical_history (patient_id,date) VALUES (443,'2019-11-26');
INSERT INTO person (id,first_name,second_name,email,user_login,user_password,sex,date_of_birth,age,permission_level) VALUES (444,'Dr.','Paul','angela12@yahoo.com','kylekennedy','LCZsQkFWwtL','M','1968-07-16',51,3);
INSERT INTO staff_member (id,employed_since,position,salary,room) VALUES (444,'2010-07-12','Nurse',25000,6);
INSERT INTO nurse (id,surgery_assistant,preferred_shifts,appointment_assistant,departement_id) VALUES (444,B'0','Day',B'0',7);
INSERT INTO person (id,first_name,second_name,email,user_login,user_password,sex,date_of_birth,age,permission_level) VALUES (445,'Michael','Austin','lgarza@yahoo.com','philip86','RCkKvYkgcAfjV','M','1934-05-18',85,2);
INSERT INTO staff_member (id,employed_since,position,salary,room) VALUES (445,'2019-09-19','Maintanence Worker',15000,57);
INSERT INTO maintanence_worker (id,employment_type,speciality) VALUES (445,'Part time','Furniture');
INSERT INTO person (id,first_name,second_name,email,user_login,user_password,sex,date_of_birth,age,permission_level) VALUES (446,'Tyler','Baker','mary46@hotmail.com','johnfarmer','wWqQWpY','M','1923-06-03',96,3);
INSERT INTO staff_member (id,employed_since,position,salary,room) VALUES (446,'2014-09-02','Nurse',25000,7);
INSERT INTO nurse (id,surgery_assistant,preferred_shifts,appointment_assistant,departement_id) VALUES (446,B'1','Night',B'0',5);
INSERT INTO person (id,first_name,second_name,email,user_login,user_password,sex,date_of_birth,age,permission_level) VALUES (447,'Chelsea','Nguyen','kristinavila@yahoo.com','smithmatthew','kkzgnuO','F','1963-11-25',56,2);
INSERT INTO staff_member (id,employed_since,position,salary,room) VALUES (447,'2014-04-12','Cleaning Team Worker',10000,55);
INSERT INTO cleaning_team_worker (id,employment_type) VALUES (447,'Full time');
INSERT INTO person (id,first_name,second_name,email,user_login,user_password,sex,date_of_birth,age,permission_level) VALUES (448,'Victoria','Estrada','yrussell@yahoo.com','collinsjasmine','aYmWCGdTTTtfT','F','1935-02-02',84,1);
INSERT INTO patient (id) VALUES (448);
INSERT INTO patients_address (street,house,apartement) VALUES ('Douglas st.','43','8');
INSERT INTO medical_history (patient_id,date) VALUES (448,'2019-11-11');
INSERT INTO person (id,first_name,second_name,email,user_login,user_password,sex,date_of_birth,age,permission_level) VALUES (449,'Angelica','Jackson','brandon97@gmail.com','david70','XBfRjbGUeZ','F','1942-06-20',77,5);
INSERT INTO patient (id) VALUES (449);
INSERT INTO patients_address (street,house,apartement) VALUES ('Tonya st.','64','9');
INSERT INTO medical_history (patient_id,date) VALUES (449,'2019-11-14');
INSERT INTO person (id,first_name,second_name,email,user_login,user_password,sex,date_of_birth,age,permission_level) VALUES (450,'Gregory','Daniels','xmack@yahoo.com','ochoadouglas','PSdinSHxhdsWxy','M','1993-11-18',26,2);
INSERT INTO patient (id) VALUES (450);
INSERT INTO patients_address (street,house,apartement) VALUES ('Laura st.','100','5');
INSERT INTO medical_history (patient_id,date) VALUES (450,'2019-10-23');
INSERT INTO person (id,first_name,second_name,email,user_login,user_password,sex,date_of_birth,age,permission_level) VALUES (451,'Carolyn','King','enolan@hotmail.com','glorialeon','ViaWmEDfXKTod','F','1910-07-18',109,5);
INSERT INTO staff_member (id,employed_since,position,salary,room) VALUES (451,'2016-02-24','Doctor',35000,24);
INSERT INTO doctor (id,speciality,emergency_hours,experience,departement_id,supervisor) VALUES (451,'Critical Care Medicine Specialist',B'0',2,1,199);
INSERT INTO person (id,first_name,second_name,email,user_login,user_password,sex,date_of_birth,age,permission_level) VALUES (452,'Peter','Stokes','cliffordrodriguez@yahoo.com','rebeccamejia','FUAOLmdh','M','2014-06-24',5,3);
INSERT INTO staff_member (id,employed_since,position,salary,room) VALUES (452,'2015-06-07','Doctor',35000,20);
INSERT INTO doctor (id,speciality,emergency_hours,experience,departement_id,supervisor) VALUES (452,'Medical Geneticist',B'1',7,4,397);
INSERT INTO person (id,first_name,second_name,email,user_login,user_password,sex,date_of_birth,age,permission_level) VALUES (453,'Mathew','George','frankjustin@gmail.com','ballchad','hXxOIxbFjvJ','M','1915-11-01',104,4);
INSERT INTO staff_member (id,employed_since,position,salary,room) VALUES (453,'2011-06-07','Maintanence Worker',15000,58);
INSERT INTO maintanence_worker (id,employment_type,speciality) VALUES (453,'Full time','Machines');
INSERT INTO person (id,first_name,second_name,email,user_login,user_password,sex,date_of_birth,age,permission_level) VALUES (454,'Angel','Mathis','kristin86@gmail.com','frederick70','rHpxkvUqrhibquU','M','2008-12-21',11,2);
INSERT INTO staff_member (id,employed_since,position,salary,room) VALUES (454,'2010-08-22','Doctor',35000,29);
INSERT INTO doctor (id,speciality,emergency_hours,experience,departement_id,supervisor) VALUES (454,'Radiologist',B'1',9,7,290);
INSERT INTO person (id,first_name,second_name,email,user_login,user_password,sex,date_of_birth,age,permission_level) VALUES (455,'Miss','Brenda','hmoore@hotmail.com','melissa97','pGPITiMz','F','1955-03-19',64,1);
INSERT INTO staff_member (id,employed_since,position,salary,room) VALUES (455,'2011-05-18','Doctor',35000,18);
INSERT INTO doctor (id,speciality,emergency_hours,experience,departement_id,supervisor) VALUES (455,'Urologist',B'0',4,13,42);
INSERT INTO person (id,first_name,second_name,email,user_login,user_password,sex,date_of_birth,age,permission_level) VALUES (456,'James','Young','masonjames@yahoo.com','walshtroy','qMWTrMaXdW','M','1926-11-23',93,1);
INSERT INTO staff_member (id,employed_since,position,salary,room) VALUES (456,'2015-06-23','Professor',35000,37);
INSERT INTO professor (id,research_topic,surgery_participation,departement_id) VALUES (456,'Hematologist',B'1',3);
INSERT INTO person (id,first_name,second_name,email,user_login,user_password,sex,date_of_birth,age,permission_level) VALUES (457,'Shawn','Jones','hwilliams@hotmail.com','troyrogers','CKOxIUawhxxpx','M','1918-10-15',101,4);
INSERT INTO staff_member (id,employed_since,position,salary,room) VALUES (457,'2016-08-15','Priest',15000,78);
INSERT INTO priest (id,religion) VALUES (457,'Islam');
INSERT INTO person (id,first_name,second_name,email,user_login,user_password,sex,date_of_birth,age,permission_level) VALUES (458,'Christina','Parker','alejandroscott@yahoo.com','rodneywilson','txPBEPAcGlVA','F','2010-09-30',9,1);
INSERT INTO staff_member (id,employed_since,position,salary,room) VALUES (458,'2015-03-14','Cook',15000,72);
INSERT INTO cook (id,experience) VALUES (458,6);
INSERT INTO person (id,first_name,second_name,email,user_login,user_password,sex,date_of_birth,age,permission_level) VALUES (459,'Melissa','Johnson','bmorris@yahoo.com','uhurst','ItDpVHHeURPV','F','1934-12-11',85,1);
INSERT INTO staff_member (id,employed_since,position,salary,room) VALUES (459,'2012-10-13','Priest',15000,78);
INSERT INTO priest (id,religion) VALUES (459,'Christianity');
INSERT INTO person (id,first_name,second_name,email,user_login,user_password,sex,date_of_birth,age,permission_level) VALUES (460,'Melissa','Tran','hector14@gmail.com','andrewsbrittney','RAZthnAETXNf','F','1948-12-21',71,5);
INSERT INTO patient (id) VALUES (460);
INSERT INTO patients_address (street,house,apartement) VALUES ('Melinda st.','63','2');
INSERT INTO medical_history (patient_id,date) VALUES (460,'2019-11-07');
INSERT INTO person (id,first_name,second_name,email,user_login,user_password,sex,date_of_birth,age,permission_level) VALUES (461,'Charles','Wagner','pamela79@hotmail.com','andrew67','iwmPJtvppTrVWP','M','1964-12-24',55,2);
INSERT INTO staff_member (id,employed_since,position,salary,room) VALUES (461,'2011-12-03','Nurse',25000,10);
INSERT INTO nurse (id,surgery_assistant,preferred_shifts,appointment_assistant,departement_id) VALUES (461,B'1','Day',B'1',8);
INSERT INTO person (id,first_name,second_name,email,user_login,user_password,sex,date_of_birth,age,permission_level) VALUES (462,'Curtis','Marsh','stokesthomas@hotmail.com','aprilhoward','wfKbcEUsJcqDfU','M','1935-06-25',84,1);
INSERT INTO staff_member (id,employed_since,position,salary,room) VALUES (462,'2014-10-09','Cleaning Team Worker',10000,54);
INSERT INTO cleaning_team_worker (id,employment_type) VALUES (462,'Part time');
INSERT INTO person (id,first_name,second_name,email,user_login,user_password,sex,date_of_birth,age,permission_level) VALUES (463,'James','Humphrey','jarvisjanice@hotmail.com','alisonschmidt','IgEuITBhR','M','1983-11-07',36,5);
INSERT INTO staff_member (id,employed_since,position,salary,room) VALUES (463,'2012-10-13','Lab Technician',15000,45);
INSERT INTO lab_technician (id,education_level,departement_id) VALUES (463,'Bachelor',10);
INSERT INTO person (id,first_name,second_name,email,user_login,user_password,sex,date_of_birth,age,permission_level) VALUES (464,'Caitlin','Mercado','jeffrey32@yahoo.com','john98','IeKEydZcikxvIpr','F','1951-05-22',68,3);
INSERT INTO staff_member (id,employed_since,position,salary,room) VALUES (464,'2016-09-29','Lab Technician',15000,41);
INSERT INTO lab_technician (id,education_level,departement_id) VALUES (464,'Postgraduate',8);
INSERT INTO person (id,first_name,second_name,email,user_login,user_password,sex,date_of_birth,age,permission_level) VALUES (465,'Bruce','Cortez','whitneyjames@gmail.com','markbentley','SjWbHMCN','M','1966-06-26',53,4);
INSERT INTO staff_member (id,employed_since,position,salary,room) VALUES (465,'2012-05-14','Maintanence Worker',15000,57);
INSERT INTO maintanence_worker (id,employment_type,speciality) VALUES (465,'Full time','Electricity');
INSERT INTO person (id,first_name,second_name,email,user_login,user_password,sex,date_of_birth,age,permission_level) VALUES (466,'Kathryn','Jackson','isabel65@hotmail.com','jcampbell','uhAVHjiuGe','F','1961-10-25',58,1);
INSERT INTO staff_member (id,employed_since,position,salary,room) VALUES (466,'2014-07-09','Maintanence Worker',15000,59);
INSERT INTO maintanence_worker (id,employment_type,speciality) VALUES (466,'Full time','Electricity');
INSERT INTO person (id,first_name,second_name,email,user_login,user_password,sex,date_of_birth,age,permission_level) VALUES (467,'Deborah','Fletcher','jonessean@yahoo.com','bradleyjoseph','yLllrStDWUYLztZ','F','1929-08-05',90,5);
INSERT INTO staff_member (id,employed_since,position,salary,room) VALUES (467,'2013-01-23','Professor',35000,33);
INSERT INTO professor (id,research_topic,surgery_participation,departement_id) VALUES (467,'Neurologist',B'1',12);
INSERT INTO person (id,first_name,second_name,email,user_login,user_password,sex,date_of_birth,age,permission_level) VALUES (468,'Kimberly','Morgan','tracy21@yahoo.com','yschmidt','HnzRekk','F','2015-04-12',4,5);
INSERT INTO staff_member (id,employed_since,position,salary,room) VALUES (468,'2011-08-09','Cook',15000,71);
INSERT INTO cook (id,experience) VALUES (468,10);
INSERT INTO person (id,first_name,second_name,email,user_login,user_password,sex,date_of_birth,age,permission_level) VALUES (469,'Mr.','Nicholas','nclark@hotmail.com','manuel77','VgBHVcmuMVk','M','1929-05-29',90,2);
INSERT INTO patient (id) VALUES (469);
INSERT INTO patients_address (street,house,apartement) VALUES ('Hannah st.','97','7');
INSERT INTO medical_history (patient_id,date) VALUES (469,'2019-11-02');
INSERT INTO person (id,first_name,second_name,email,user_login,user_password,sex,date_of_birth,age,permission_level) VALUES (470,'Ann','Chambers','robertdowns@yahoo.com','gbailey','tWBuihSQnKr','F','1971-01-15',48,3);
INSERT INTO patient (id) VALUES (470);
INSERT INTO patients_address (street,house,apartement) VALUES ('Andrea st.','11','2');
INSERT INTO medical_history (patient_id,date) VALUES (470,'2019-11-25');
INSERT INTO person (id,first_name,second_name,email,user_login,user_password,sex,date_of_birth,age,permission_level) VALUES (471,'Michael','Robinson','jeffery58@gmail.com','bdixon','RaFWUuCN','M','1989-12-05',30,1);
INSERT INTO staff_member (id,employed_since,position,salary,room) VALUES (471,'2018-04-14','HR',30000,67);
INSERT INTO hr (id,selection_responsibility) VALUES (471,'Review');
INSERT INTO person (id,first_name,second_name,email,user_login,user_password,sex,date_of_birth,age,permission_level) VALUES (472,'Catherine','Keith','kennedychristopher@yahoo.com','gordoncody','WqVhKoirfhBeHSS','F','1976-01-16',43,2);
INSERT INTO staff_member (id,employed_since,position,salary,room) VALUES (472,'2018-01-20','Cleaning Team Worker',10000,51);
INSERT INTO cleaning_team_worker (id,employment_type) VALUES (472,'Full time');
INSERT INTO person (id,first_name,second_name,email,user_login,user_password,sex,date_of_birth,age,permission_level) VALUES (473,'Julia','Wiley','clementslinda@yahoo.com','josephmoyer','ZfhunnF','F','1935-09-21',84,1);
INSERT INTO staff_member (id,employed_since,position,salary,room) VALUES (473,'2011-04-11','IT Specialist',15000,74);
INSERT INTO IT_specialist (id,support_line) VALUES (473,B'0');
INSERT INTO person (id,first_name,second_name,email,user_login,user_password,sex,date_of_birth,age,permission_level) VALUES (474,'Christopher','Jimenez','gsmith@yahoo.com','solomonsamantha','iyhMmjKD','M','1928-03-23',91,2);
INSERT INTO staff_member (id,employed_since,position,salary,room) VALUES (474,'2016-07-14','Reseptionist',15000,56);
INSERT INTO reseptionist (id) VALUES (474);
INSERT INTO languages_spoken (reseptionist_id,language) VALUES (474,'RussianItalianEnglishArabicEnglish');
INSERT INTO person (id,first_name,second_name,email,user_login,user_password,sex,date_of_birth,age,permission_level) VALUES (475,'Jose','Stone','natalieparker@hotmail.com','pabbott','UlyeWQQKUWV','M','1941-05-29',78,1);
INSERT INTO staff_member (id,employed_since,position,salary,room) VALUES (475,'2015-12-29','Maintanence Worker',15000,60);
INSERT INTO maintanence_worker (id,employment_type,speciality) VALUES (475,'Full time','Electricity');
INSERT INTO person (id,first_name,second_name,email,user_login,user_password,sex,date_of_birth,age,permission_level) VALUES (476,'Damon','Morris','whitecarla@hotmail.com','bbradley','JrcBIYnJkTLdT','M','1913-12-19',106,4);
INSERT INTO staff_member (id,employed_since,position,salary,room) VALUES (476,'2019-01-24','Nurse',25000,10);
INSERT INTO nurse (id,surgery_assistant,preferred_shifts,appointment_assistant,departement_id) VALUES (476,B'0','Night',B'0',13);
INSERT INTO person (id,first_name,second_name,email,user_login,user_password,sex,date_of_birth,age,permission_level) VALUES (477,'Miss','Jamie','wagnercourtney@yahoo.com','brownmatthew','lioXntUchLuUtkj','F','1980-02-17',39,2);
INSERT INTO staff_member (id,employed_since,position,salary,room) VALUES (477,'2014-10-07','Doctor',35000,22);
INSERT INTO doctor (id,speciality,emergency_hours,experience,departement_id,supervisor) VALUES (477,'General Surgeon',B'1',2,7,143);
INSERT INTO person (id,first_name,second_name,email,user_login,user_password,sex,date_of_birth,age,permission_level) VALUES (478,'Eric','Russell','hansendavid@gmail.com','ronald81','ICCzACiHOfN','M','2017-09-15',2,3);
INSERT INTO staff_member (id,employed_since,position,salary,room) VALUES (478,'2016-06-20','Doctor',35000,29);
INSERT INTO doctor (id,speciality,emergency_hours,experience,departement_id,supervisor) VALUES (478,'Ophthalmologist',B'1',3,10,64);
INSERT INTO person (id,first_name,second_name,email,user_login,user_password,sex,date_of_birth,age,permission_level) VALUES (479,'Desiree','Gibbs','nathanmeyers@hotmail.com','markgates','tYkvUvjRVl','F','1907-06-08',112,5);
INSERT INTO staff_member (id,employed_since,position,salary,room) VALUES (479,'2015-10-05','Doctor',35000,30);
INSERT INTO doctor (id,speciality,emergency_hours,experience,departement_id,supervisor) VALUES (479,'General Surgeon',B'1',9,7,113);
INSERT INTO person (id,first_name,second_name,email,user_login,user_password,sex,date_of_birth,age,permission_level) VALUES (480,'Sandra','Meyers','jonesamy@gmail.com','joseph65','oLcXCGCeuEqg','F','1999-10-23',20,4);
INSERT INTO staff_member (id,employed_since,position,salary,room) VALUES (480,'2013-11-21','Priest',15000,79);
INSERT INTO priest (id,religion) VALUES (480,'Islam');
INSERT INTO person (id,first_name,second_name,email,user_login,user_password,sex,date_of_birth,age,permission_level) VALUES (481,'Kimberly','Rivera','jonathan93@hotmail.com','robert25','PvVoLdShL','F','1984-10-01',35,5);
INSERT INTO patient (id) VALUES (481);
INSERT INTO patients_address (street,house,apartement) VALUES ('Jonathan st.','88','1');
INSERT INTO medical_history (patient_id,date) VALUES (481,'2019-10-21');
INSERT INTO person (id,first_name,second_name,email,user_login,user_password,sex,date_of_birth,age,permission_level) VALUES (482,'Daniel','Martin','joshua67@yahoo.com','johnsontimothy','yCpvbFEuWVbFUn','M','2006-01-03',13,3);
INSERT INTO patient (id) VALUES (482);
INSERT INTO patients_address (street,house,apartement) VALUES ('Mary st.','63','9');
INSERT INTO medical_history (patient_id,date) VALUES (482,'2019-10-28');
INSERT INTO person (id,first_name,second_name,email,user_login,user_password,sex,date_of_birth,age,permission_level) VALUES (483,'William','Nelson','droberts@hotmail.com','ashleesmith','RSmDJeHgr','M','1911-01-22',108,1);
INSERT INTO staff_member (id,employed_since,position,salary,room) VALUES (483,'2010-03-22','Nurse',25000,7);
INSERT INTO nurse (id,surgery_assistant,preferred_shifts,appointment_assistant,departement_id) VALUES (483,B'1','Night',B'0',8);
INSERT INTO person (id,first_name,second_name,email,user_login,user_password,sex,date_of_birth,age,permission_level) VALUES (484,'Nicholas','Hicks','woodkyle@gmail.com','jenniferwilson','iFFPRCOamBi','M','1958-10-14',61,2);
INSERT INTO staff_member (id,employed_since,position,salary,room) VALUES (484,'2014-09-19','HR',30000,67);
INSERT INTO hr (id,selection_responsibility) VALUES (484,'Interview');
INSERT INTO person (id,first_name,second_name,email,user_login,user_password,sex,date_of_birth,age,permission_level) VALUES (485,'Theresa','Pham','williammercado@hotmail.com','susan04','iUebxhpVoJPE','F','1931-04-18',88,4);
INSERT INTO staff_member (id,employed_since,position,salary,room) VALUES (485,'2013-07-02','Lab Technician',15000,41);
INSERT INTO lab_technician (id,education_level,departement_id) VALUES (485,'Bachelor',8);
INSERT INTO person (id,first_name,second_name,email,user_login,user_password,sex,date_of_birth,age,permission_level) VALUES (486,'Laura','Juarez','tmartinez@yahoo.com','barbarawebb','ICdheVueVzC','F','1971-03-24',48,2);
INSERT INTO staff_member (id,employed_since,position,salary,room) VALUES (486,'2010-08-27','Doctor',35000,15);
INSERT INTO doctor (id,speciality,emergency_hours,experience,departement_id,supervisor) VALUES (486,'Osteopath',B'0',9,5,327);
INSERT INTO person (id,first_name,second_name,email,user_login,user_password,sex,date_of_birth,age,permission_level) VALUES (487,'Jacob','Collins','scott57@hotmail.com','nicole10','rOmYTyqoHoab','M','1918-06-24',101,3);
INSERT INTO staff_member (id,employed_since,position,salary,room) VALUES (487,'2014-05-24','Pharmasist',20000,69);
INSERT INTO pharmasist (id,education_level,research) VALUES (487,'PhD',B'1');
INSERT INTO person (id,first_name,second_name,email,user_login,user_password,sex,date_of_birth,age,permission_level) VALUES (488,'Michelle','Padilla','robertsmichele@gmail.com','louisjacobs','YwxdccWk','F','1975-12-16',44,2);
INSERT INTO staff_member (id,employed_since,position,salary,room) VALUES (488,'2014-08-27','Cook',15000,71);
INSERT INTO cook (id,experience) VALUES (488,10);
INSERT INTO person (id,first_name,second_name,email,user_login,user_password,sex,date_of_birth,age,permission_level) VALUES (489,'Erin','Robinson','lopezangela@gmail.com','sara30','CpjboBPUxGsm','F','1960-10-08',59,5);
INSERT INTO staff_member (id,employed_since,position,salary,room) VALUES (489,'2019-06-23','Priest',15000,79);
INSERT INTO priest (id,religion) VALUES (489,'Judaism');
INSERT INTO person (id,first_name,second_name,email,user_login,user_password,sex,date_of_birth,age,permission_level) VALUES (490,'Todd','Day','glennwilliams@yahoo.com','elizabethgriffin','dzOzPzN','M','1909-12-22',110,4);
INSERT INTO staff_member (id,employed_since,position,salary,room) VALUES (490,'2016-08-12','Professor',35000,40);
INSERT INTO professor (id,research_topic,surgery_participation,departement_id) VALUES (490,'Obstetrician and Gynecologist',B'0',9);
INSERT INTO person (id,first_name,second_name,email,user_login,user_password,sex,date_of_birth,age,permission_level) VALUES (491,'Charlotte','Dominguez','michael46@gmail.com','bradley76','AYbVFeDAZVzyc','F','1985-06-08',34,4);
INSERT INTO staff_member (id,employed_since,position,salary,room) VALUES (491,'2011-02-07','Doctor',35000,17);
INSERT INTO doctor (id,speciality,emergency_hours,experience,departement_id,supervisor) VALUES (491,'Endocrinologists',B'0',8,7,179);
INSERT INTO person (id,first_name,second_name,email,user_login,user_password,sex,date_of_birth,age,permission_level) VALUES (492,'Bethany','Patterson','awilliams@yahoo.com','ortizdavid','PldfrEC','F','1909-11-26',110,4);
INSERT INTO staff_member (id,employed_since,position,salary,room) VALUES (492,'2017-08-26','Nurse',25000,7);
INSERT INTO nurse (id,surgery_assistant,preferred_shifts,appointment_assistant,departement_id) VALUES (492,B'1','Night',B'1',13);
INSERT INTO person (id,first_name,second_name,email,user_login,user_password,sex,date_of_birth,age,permission_level) VALUES (493,'Barbara','Jacobs','yhines@yahoo.com','jhall','rnRFGONPFgEwk','F','1927-07-24',92,3);
INSERT INTO patient (id) VALUES (493);
INSERT INTO patients_address (street,house,apartement) VALUES ('Darius st.','65','10');
INSERT INTO medical_history (patient_id,date) VALUES (493,'2019-10-27');
INSERT INTO person (id,first_name,second_name,email,user_login,user_password,sex,date_of_birth,age,permission_level) VALUES (494,'Gloria','Huynh','yvette25@hotmail.com','johnsondean','mvAfVOfw','F','1987-09-15',32,1);
INSERT INTO staff_member (id,employed_since,position,salary,room) VALUES (494,'2017-08-05','Lab Technician',15000,48);
INSERT INTO lab_technician (id,education_level,departement_id) VALUES (494,'Magister',1);
INSERT INTO person (id,first_name,second_name,email,user_login,user_password,sex,date_of_birth,age,permission_level) VALUES (495,'Bailey','Larson','shaun96@gmail.com','lauren48','nkIpedSSa','F','1991-09-24',28,4);
INSERT INTO staff_member (id,employed_since,position,salary,room) VALUES (495,'2016-02-10','Doctor',35000,23);
INSERT INTO doctor (id,speciality,emergency_hours,experience,departement_id,supervisor) VALUES (495,'Endocrinologists',B'1',5,2,91);
INSERT INTO person (id,first_name,second_name,email,user_login,user_password,sex,date_of_birth,age,permission_level) VALUES (496,'Emily','Williams','codymckay@gmail.com','jacksonnancy','HHJHVvKLcaeaz','F','1981-07-25',38,4);
INSERT INTO staff_member (id,employed_since,position,salary,room) VALUES (496,'2011-05-28','Cook',15000,72);
INSERT INTO cook (id,experience) VALUES (496,4);
INSERT INTO person (id,first_name,second_name,email,user_login,user_password,sex,date_of_birth,age,permission_level) VALUES (497,'Gregory','Rice','lisa34@yahoo.com','tuckeralison','DLWNUgiSDLqG','M','1906-07-01',113,3);
INSERT INTO staff_member (id,employed_since,position,salary,room) VALUES (497,'2011-03-23','Maintanence Worker',15000,58);
INSERT INTO maintanence_worker (id,employment_type,speciality) VALUES (497,'Part time','Machines');
INSERT INTO person (id,first_name,second_name,email,user_login,user_password,sex,date_of_birth,age,permission_level) VALUES (498,'Amber','Reynolds','hugheskatelyn@hotmail.com','cdiaz','mxSspcE','F','1961-09-06',58,4);
INSERT INTO patient (id) VALUES (498);
INSERT INTO patients_address (street,house,apartement) VALUES ('Yvette st.','84','8');
INSERT INTO medical_history (patient_id,date) VALUES (498,'2019-11-24');
INSERT INTO person (id,first_name,second_name,email,user_login,user_password,sex,date_of_birth,age,permission_level) VALUES (499,'Joshua','Finley','marshjason@yahoo.com','iyoung','aYkzyDSVAEu','M','1907-07-20',112,2);
INSERT INTO patient (id) VALUES (499);
INSERT INTO patients_address (street,house,apartement) VALUES ('Eric st.','38','1');
INSERT INTO medical_history (patient_id,date) VALUES (499,'2019-11-10');
INSERT INTO person (id,first_name,second_name,email,user_login,user_password,sex,date_of_birth,age,permission_level) VALUES (500,'Heather','Stewart','bjones@hotmail.com','james88','BBxeBgJ','F','1992-05-29',27,4);
INSERT INTO staff_member (id,employed_since,position,salary,room) VALUES (500,'2017-10-31','Nurse',25000,5);
INSERT INTO nurse (id,surgery_assistant,preferred_shifts,appointment_assistant,departement_id) VALUES (500,B'1','Day',B'0',6);