
INSERT INTO person (id,first_name,second_name,email,user_login,user_password,sex,date_of_birth,age,permission_level) VALUES (1,'William','Combs','tmorgan@yahoo.com','johnwarner','CrxoSTx','M','2011-11-11',8,3);
INSERT INTO staff_member (id,employed_since,position,salary,room) VALUES (1,'2011-11-06','Head Doctor',100000,1);
INSERT INTO head_doctor (id,primary_speciality) VALUES (1,'Hospice and Palliative Medicine Specialist');
INSERT INTO person (id,first_name,second_name,email,user_login,user_password,sex,date_of_birth,age,permission_level) VALUES (2,'Kathleen','Barrett','alvaradoraymond@gmail.com','karina02','SuNxohCNTRASQoZ','F','1988-01-01',31,5);
INSERT INTO staff_member (id,employed_since,position,salary,room) VALUES (2,'2018-04-28','Head Nurse',80000,2);
INSERT INTO head_nurse (id,surgery_assistant) VALUES (2,B'1');
INSERT INTO person (id,first_name,second_name,email,user_login,user_password,sex,date_of_birth,age,permission_level) VALUES (3,'Jennifer','Reeves','dcohen@yahoo.com','farrelladriana','ihDizXgMdBO','F','1959-08-17',60,3);
INSERT INTO staff_member (id,employed_since,position,salary,room) VALUES (3,'2010-02-01','Doctor',35000,13);
INSERT INTO doctor (id,speciality,emergency_hours,experience,departement_id) VALUES (3,'Dermatologist',B'1',2,6);
INSERT INTO person (id,first_name,second_name,email,user_login,user_password,sex,date_of_birth,age,permission_level) VALUES (4,'Tiffany','Marshall','crystal99@hotmail.com','nkhan','wuFdJsKpgmW','F','1978-06-01',41,5);
INSERT INTO staff_member (id,employed_since,position,salary,room) VALUES (4,'2016-09-30','Cleaning Team Worker',10000,51);
INSERT INTO cleaning_team_worker (id,employment_type) VALUES (4,'Full time');
INSERT INTO person (id,first_name,second_name,email,user_login,user_password,sex,date_of_birth,age,permission_level) VALUES (5,'Nicholas','Francis','wchristian@yahoo.com','pbruce','julxAeE','M','1986-09-07',33,2);
INSERT INTO staff_member (id,employed_since,position,salary,room) VALUES (5,'2011-05-31','Cleaning Team Worker',10000,52);
INSERT INTO cleaning_team_worker (id,employment_type) VALUES (5,'Part time');
INSERT INTO person (id,first_name,second_name,email,user_login,user_password,sex,date_of_birth,age,permission_level) VALUES (6,'William','Johnson','allentimothy@yahoo.com','rowethomas','AhsiindqFhBdGAx','M','1904-05-12',115,2);
INSERT INTO patient (id) VALUES (6);
INSERT INTO patients_address (street,house,apartement) VALUES ('Shannon st.','87','7');
INSERT INTO medical_history (patient_id,date) VALUES (6,'2019-11-15');
INSERT INTO person (id,first_name,second_name,email,user_login,user_password,sex,date_of_birth,age,permission_level) VALUES (7,'Kathleen','Miller','samantha43@yahoo.com','jeffery89','rCobXiljweUw','F','1999-08-29',20,3);
INSERT INTO staff_member (id,employed_since,position,salary,room) VALUES (7,'2018-02-27','Nurse',25000,5);
INSERT INTO nurse (id,surgery_assistant,preferred_shifts,appointment_assistant,departement_id) VALUES (7,B'1','Day',B'1',8);
INSERT INTO person (id,first_name,second_name,email,user_login,user_password,sex,date_of_birth,age,permission_level) VALUES (8,'Robert','Hobbs','qrich@yahoo.com','xsullivan','ZAxrtfAgDE','M','1969-11-29',50,1);
INSERT INTO staff_member (id,employed_since,position,salary,room) VALUES (8,'2013-07-04','Doctor',35000,22);
INSERT INTO doctor (id,speciality,emergency_hours,experience,departement_id,supervisor) VALUES (8,'Radiologist',B'1',2,8,3);
INSERT INTO person (id,first_name,second_name,email,user_login,user_password,sex,date_of_birth,age,permission_level) VALUES (9,'Rebecca','Anderson','ukent@yahoo.com','fdixon','GFBCdFJNhxr','F','1917-08-05',102,3);
INSERT INTO staff_member (id,employed_since,position,salary,room) VALUES (9,'2011-07-07','Cleaning Team Worker',10000,51);
INSERT INTO cleaning_team_worker (id,employment_type) VALUES (9,'Part time');
INSERT INTO person (id,first_name,second_name,email,user_login,user_password,sex,date_of_birth,age,permission_level) VALUES (10,'Michael','Cole','kathymaxwell@yahoo.com','heather12','zhqWyIJ','M','2006-11-10',13,5);
INSERT INTO staff_member (id,employed_since,position,salary,room) VALUES (10,'2018-04-10','Nurse',25000,8);
INSERT INTO nurse (id,surgery_assistant,preferred_shifts,appointment_assistant,departement_id) VALUES (10,B'0','Day',B'1',4);
INSERT INTO person (id,first_name,second_name,email,user_login,user_password,sex,date_of_birth,age,permission_level) VALUES (11,'Victoria','Sheppard','donald34@gmail.com','emoss','AclqMFeUuiRYz','F','2018-03-27',1,2);
INSERT INTO staff_member (id,employed_since,position,salary,room) VALUES (11,'2015-05-06','Doctor',35000,16);
INSERT INTO doctor (id,speciality,emergency_hours,experience,departement_id,supervisor) VALUES (11,'Sports Medicine Specialist',B'0',8,4,3);
INSERT INTO person (id,first_name,second_name,email,user_login,user_password,sex,date_of_birth,age,permission_level) VALUES (12,'Latoya','Mahoney','brandon03@gmail.com','zachary95','JieRSPRC','F','1943-08-18',76,4);
INSERT INTO staff_member (id,employed_since,position,salary,room) VALUES (12,'2019-04-23','Doctor',35000,13);
INSERT INTO doctor (id,speciality,emergency_hours,experience,departement_id,supervisor) VALUES (12,'Anesthesiologist',B'1',2,9,11);
INSERT INTO person (id,first_name,second_name,email,user_login,user_password,sex,date_of_birth,age,permission_level) VALUES (13,'Lydia','Morse','mary66@yahoo.com','ayoung','wdfhRexBKzcID','F','2019-08-17',0,4);
INSERT INTO patient (id) VALUES (13);
INSERT INTO patients_address (street,house,apartement) VALUES ('Mr. st.','44','4');
INSERT INTO medical_history (patient_id,date) VALUES (13,'2019-11-17');
INSERT INTO person (id,first_name,second_name,email,user_login,user_password,sex,date_of_birth,age,permission_level) VALUES (14,'Alyssa','Melton','daniel00@hotmail.com','mharding','TlTxLUGGHPfdaE','F','2015-08-21',4,4);
INSERT INTO staff_member (id,employed_since,position,salary,room) VALUES (14,'2009-12-09','Reseptionist',15000,56);
INSERT INTO reseptionist (id) VALUES (14);
INSERT INTO languages_spoken (reseptionist_id,language) VALUES (14,'ArabicPortuguesItalianPortuguesRussian');
INSERT INTO person (id,first_name,second_name,email,user_login,user_password,sex,date_of_birth,age,permission_level) VALUES (15,'Christopher','Brennan','qgarcia@hotmail.com','villegasbarbara','fnKSnzorfvrMQKC','M','1982-03-29',37,2);
INSERT INTO staff_member (id,employed_since,position,salary,room) VALUES (15,'2015-10-19','Doctor',35000,22);
INSERT INTO doctor (id,speciality,emergency_hours,experience,departement_id,supervisor) VALUES (15,'Emergency Medicine Specialist',B'1',1,1,11);
INSERT INTO person (id,first_name,second_name,email,user_login,user_password,sex,date_of_birth,age,permission_level) VALUES (16,'Jillian','Neal','combsmary@gmail.com','estradamonica','yLwJvGgZqI','F','1921-09-21',98,3);
INSERT INTO staff_member (id,employed_since,position,salary,room) VALUES (16,'2014-04-28','HR',30000,64);
INSERT INTO hr (id,selection_responsibility) VALUES (16,'Review');
INSERT INTO person (id,first_name,second_name,email,user_login,user_password,sex,date_of_birth,age,permission_level) VALUES (17,'Cynthia','Berry','oduncan@yahoo.com','ybrooks','chPLTJz','F','2005-11-22',14,5);
INSERT INTO staff_member (id,employed_since,position,salary,room) VALUES (17,'2012-09-09','Nurse',25000,9);
INSERT INTO nurse (id,surgery_assistant,preferred_shifts,appointment_assistant,departement_id) VALUES (17,B'1','Day',B'1',2);
INSERT INTO person (id,first_name,second_name,email,user_login,user_password,sex,date_of_birth,age,permission_level) VALUES (18,'Emily','Green','lisa09@gmail.com','amandastephens','vjfElqS','F','1906-10-31',113,4);
INSERT INTO staff_member (id,employed_since,position,salary,room) VALUES (18,'2018-09-26','Cleaning Team Worker',10000,51);
INSERT INTO cleaning_team_worker (id,employment_type) VALUES (18,'Part time');
INSERT INTO person (id,first_name,second_name,email,user_login,user_password,sex,date_of_birth,age,permission_level) VALUES (19,'Mr.','Christopher','fgomez@yahoo.com','cruzvincent','knWGrxMqRsIQgEE','M','2003-12-04',16,3);
INSERT INTO patient (id) VALUES (19);
INSERT INTO patients_address (street,house,apartement) VALUES ('Jonathan st.','21','10');
INSERT INTO medical_history (patient_id,date) VALUES (19,'2019-11-02');
INSERT INTO person (id,first_name,second_name,email,user_login,user_password,sex,date_of_birth,age,permission_level) VALUES (20,'Duane','Walker','rebecca98@gmail.com','perezrose','uZdwfQTyQPUo','M','1989-03-30',30,3);
INSERT INTO staff_member (id,employed_since,position,salary,room) VALUES (20,'2010-01-01','Lab Technician',15000,44);
INSERT INTO lab_technician (id,education_level,departement_id) VALUES (20,'Magister',9);
INSERT INTO person (id,first_name,second_name,email,user_login,user_password,sex,date_of_birth,age,permission_level) VALUES (21,'Julie','Lewis','brownjoshua@hotmail.com','hmorales','BNpvVACv','F','1907-07-19',112,5);
INSERT INTO staff_member (id,employed_since,position,salary,room) VALUES (21,'2017-07-03','Nurse',25000,9);
INSERT INTO nurse (id,surgery_assistant,preferred_shifts,appointment_assistant,departement_id) VALUES (21,B'0','Day',B'1',1);
INSERT INTO person (id,first_name,second_name,email,user_login,user_password,sex,date_of_birth,age,permission_level) VALUES (22,'Rebecca','Pham','hawkinsdevon@yahoo.com','jeremiah71','XnMOZRn','F','2008-11-26',11,1);
INSERT INTO staff_member (id,employed_since,position,salary,room) VALUES (22,'2016-09-10','Reseptionist',15000,56);
INSERT INTO reseptionist (id) VALUES (22);
INSERT INTO languages_spoken (reseptionist_id,language) VALUES (22,'ItalianTatarArabicTatarRussianItalian');
INSERT INTO person (id,first_name,second_name,email,user_login,user_password,sex,date_of_birth,age,permission_level) VALUES (23,'Clayton','Clark','mollymcguire@yahoo.com','dfriedman','lbwWBUJxv','M','1993-03-11',26,2);
INSERT INTO staff_member (id,employed_since,position,salary,room) VALUES (23,'2015-03-27','Lab Technician',15000,43);
INSERT INTO lab_technician (id,education_level,departement_id) VALUES (23,'Postgraduate',4);
INSERT INTO person (id,first_name,second_name,email,user_login,user_password,sex,date_of_birth,age,permission_level) VALUES (24,'Anthony','Hays','david79@hotmail.com','marctaylor','YhjIkazzijpVqJf','M','1931-11-15',88,1);
INSERT INTO staff_member (id,employed_since,position,salary,room) VALUES (24,'2011-11-02','Professor',35000,35);
INSERT INTO professor (id,research_topic,surgery_participation,departement_id) VALUES (24,'Ophthalmologist',B'1',3);
INSERT INTO person (id,first_name,second_name,email,user_login,user_password,sex,date_of_birth,age,permission_level) VALUES (25,'Kim','Carr','jeffreybradley@yahoo.com','bryanjohnson','OqDuRwUFcjBUcs','F','2013-05-29',6,2);
INSERT INTO staff_member (id,employed_since,position,salary,room) VALUES (25,'2019-05-08','Nurse',25000,4);
INSERT INTO nurse (id,surgery_assistant,preferred_shifts,appointment_assistant,departement_id) VALUES (25,B'0','Day',B'0',5);
INSERT INTO person (id,first_name,second_name,email,user_login,user_password,sex,date_of_birth,age,permission_level) VALUES (26,'Denise','Jensen','rcole@gmail.com','xbaxter','bcXjustmusmCx','F','1998-02-11',21,3);
INSERT INTO staff_member (id,employed_since,position,salary,room) VALUES (26,'2010-12-05','Pharmasist',20000,70);
INSERT INTO pharmasist (id,education_level,research) VALUES (26,'Magister',B'0');
INSERT INTO person (id,first_name,second_name,email,user_login,user_password,sex,date_of_birth,age,permission_level) VALUES (27,'Dana','Lane','garciagabrielle@hotmail.com','johnnygeorge','fMCsYynjezdFgb','F','1971-04-03',48,3);
INSERT INTO staff_member (id,employed_since,position,salary,room) VALUES (27,'2011-12-01','Nurse',25000,6);
INSERT INTO nurse (id,surgery_assistant,preferred_shifts,appointment_assistant,departement_id) VALUES (27,B'1','Night',B'1',10);
INSERT INTO person (id,first_name,second_name,email,user_login,user_password,sex,date_of_birth,age,permission_level) VALUES (28,'Michael','Richardson','lisawilson@yahoo.com','chase05','kFYiKWSEBlXo','M','1962-01-22',57,5);
INSERT INTO staff_member (id,employed_since,position,salary,room) VALUES (28,'2016-04-23','Professor',35000,40);
INSERT INTO professor (id,research_topic,surgery_participation,departement_id) VALUES (28,'Psychiatrist',B'1',8);
INSERT INTO person (id,first_name,second_name,email,user_login,user_password,sex,date_of_birth,age,permission_level) VALUES (29,'Johnny','Adkins','bryce38@yahoo.com','thomasjason','QHBarrg','M','1953-08-04',66,3);
INSERT INTO staff_member (id,employed_since,position,salary,room) VALUES (29,'2017-11-02','Pharmasist',20000,70);
INSERT INTO pharmasist (id,education_level,research) VALUES (29,'Bachelor',B'0');
INSERT INTO person (id,first_name,second_name,email,user_login,user_password,sex,date_of_birth,age,permission_level) VALUES (30,'Amber','Taylor','ryan42@gmail.com','carolyn01','BoDOVVDRCNPs','F','2009-08-11',10,3);
INSERT INTO staff_member (id,employed_since,position,salary,room) VALUES (30,'2010-01-14','Cleaning Team Worker',10000,51);
INSERT INTO cleaning_team_worker (id,employment_type) VALUES (30,'Part time');
INSERT INTO person (id,first_name,second_name,email,user_login,user_password,sex,date_of_birth,age,permission_level) VALUES (31,'Angela','Todd','brianna85@yahoo.com','fletcherkimberly','uCNUANlo','F','1924-04-20',95,5);
INSERT INTO staff_member (id,employed_since,position,salary,room) VALUES (31,'2011-02-10','Maintanence Worker',15000,60);
INSERT INTO maintanence_worker (id,employment_type,speciality) VALUES (31,'Full time','Electricity');
INSERT INTO person (id,first_name,second_name,email,user_login,user_password,sex,date_of_birth,age,permission_level) VALUES (32,'Rebecca','Dominguez','benjaminhill@gmail.com','housekyle','TsIBrPMZUw','F','1946-04-07',73,1);
INSERT INTO staff_member (id,employed_since,position,salary,room) VALUES (32,'2012-11-19','Reseptionist',15000,56);
INSERT INTO reseptionist (id) VALUES (32);
INSERT INTO languages_spoken (reseptionist_id,language) VALUES (32,'ItalianEnglish');
INSERT INTO person (id,first_name,second_name,email,user_login,user_password,sex,date_of_birth,age,permission_level) VALUES (33,'Allison','Collins','cynthia97@hotmail.com','mary91','OAohIkndo','F','1944-01-30',75,2);
INSERT INTO staff_member (id,employed_since,position,salary,room) VALUES (33,'2015-03-24','Priest',15000,80);
INSERT INTO priest (id,religion) VALUES (33,'Judaism');
INSERT INTO person (id,first_name,second_name,email,user_login,user_password,sex,date_of_birth,age,permission_level) VALUES (34,'Leslie','Hudson','pattersonfrank@hotmail.com','patriciawright','hDIliAz','M','1997-03-27',22,3);
INSERT INTO patient (id) VALUES (34);
INSERT INTO patients_address (street,house,apartement) VALUES ('Adam st.','77','8');
INSERT INTO medical_history (patient_id,date) VALUES (34,'2019-10-24');
INSERT INTO person (id,first_name,second_name,email,user_login,user_password,sex,date_of_birth,age,permission_level) VALUES (35,'Darrell','Bailey','benjamin09@hotmail.com','kaylanewton','ONcohkIUtcYWpmf','M','2016-05-12',3,2);
INSERT INTO staff_member (id,employed_since,position,salary,room) VALUES (35,'2015-01-08','Nurse',25000,8);
INSERT INTO nurse (id,surgery_assistant,preferred_shifts,appointment_assistant,departement_id) VALUES (35,B'0','Night',B'1',5);
INSERT INTO person (id,first_name,second_name,email,user_login,user_password,sex,date_of_birth,age,permission_level) VALUES (36,'Gregory','Miller','wgonzales@gmail.com','ejames','oxuvrCDA','M','1969-03-31',50,3);
INSERT INTO patient (id) VALUES (36);
INSERT INTO patients_address (street,house,apartement) VALUES ('Timothy st.','9','6');
INSERT INTO medical_history (patient_id,date) VALUES (36,'2019-10-22');
INSERT INTO person (id,first_name,second_name,email,user_login,user_password,sex,date_of_birth,age,permission_level) VALUES (37,'Maria','Woodard','danielsteele@gmail.com','nicoledunn','xYLvrTZLlnxZ','F','1943-08-18',76,1);
INSERT INTO staff_member (id,employed_since,position,salary,room) VALUES (37,'2010-03-05','Nurse',25000,9);
INSERT INTO nurse (id,surgery_assistant,preferred_shifts,appointment_assistant,departement_id) VALUES (37,B'0','Night',B'0',7);
INSERT INTO person (id,first_name,second_name,email,user_login,user_password,sex,date_of_birth,age,permission_level) VALUES (38,'Jesse','Mitchell','connie52@yahoo.com','suzanneknapp','TTvQIqFOvqwBeRw','M','1945-01-25',74,5);
INSERT INTO staff_member (id,employed_since,position,salary,room) VALUES (38,'2010-04-25','Maintanence Worker',15000,58);
INSERT INTO maintanence_worker (id,employment_type,speciality) VALUES (38,'Full time','Hardware');
INSERT INTO person (id,first_name,second_name,email,user_login,user_password,sex,date_of_birth,age,permission_level) VALUES (39,'Lauren','Brown','tbarnett@yahoo.com','karen14','caxdcjZl','F','1927-05-20',92,2);
INSERT INTO patient (id) VALUES (39);
INSERT INTO patients_address (street,house,apartement) VALUES ('Mary st.','16','4');
INSERT INTO medical_history (patient_id,date) VALUES (39,'2019-11-07');
INSERT INTO person (id,first_name,second_name,email,user_login,user_password,sex,date_of_birth,age,permission_level) VALUES (40,'Jonathan','Bowman','dylanweber@yahoo.com','justin19','BurLvcAVxPGrB','M','2010-10-30',9,3);
INSERT INTO staff_member (id,employed_since,position,salary,room) VALUES (40,'2017-02-01','Cleaning Team Worker',10000,55);
INSERT INTO cleaning_team_worker (id,employment_type) VALUES (40,'Full time');
INSERT INTO person (id,first_name,second_name,email,user_login,user_password,sex,date_of_birth,age,permission_level) VALUES (41,'Shawn','Lopez','obriencarrie@yahoo.com','rebekah53','mfrpcso','M','1993-01-05',26,5);
INSERT INTO patient (id) VALUES (41);
INSERT INTO patients_address (street,house,apartement) VALUES ('Willie st.','82','5');
INSERT INTO medical_history (patient_id,date) VALUES (41,'2019-10-17');
INSERT INTO person (id,first_name,second_name,email,user_login,user_password,sex,date_of_birth,age,permission_level) VALUES (42,'Kelly','Zimmerman','zachary75@hotmail.com','michelesloan','uvWDItcHlXcztNc','F','1964-09-08',55,2);
INSERT INTO staff_member (id,employed_since,position,salary,room) VALUES (42,'2016-06-19','Pharmasist',20000,68);
INSERT INTO pharmasist (id,education_level,research) VALUES (42,'Bachelor',B'0');
INSERT INTO person (id,first_name,second_name,email,user_login,user_password,sex,date_of_birth,age,permission_level) VALUES (43,'Donna','Wallace','vcurtis@gmail.com','susanquinn','pCveIshxKKLzlSD','F','1921-03-17',98,1);
INSERT INTO staff_member (id,employed_since,position,salary,room) VALUES (43,'2014-04-19','Professor',35000,38);
INSERT INTO professor (id,research_topic,surgery_participation,departement_id) VALUES (43,'Ophthalmologist',B'1',1);
INSERT INTO person (id,first_name,second_name,email,user_login,user_password,sex,date_of_birth,age,permission_level) VALUES (44,'Stacy','Nguyen','laura73@gmail.com','kellyrobert','MVDQwJTpLAUHKWy','F','1939-11-16',80,5);
INSERT INTO patient (id) VALUES (44);
INSERT INTO patients_address (street,house,apartement) VALUES ('Steven st.','85','5');
INSERT INTO medical_history (patient_id,date) VALUES (44,'2019-11-14');
INSERT INTO person (id,first_name,second_name,email,user_login,user_password,sex,date_of_birth,age,permission_level) VALUES (45,'Brooke','Love','wbradshaw@gmail.com','riveraangela','kDVjMYnz','F','2006-02-08',13,4);
INSERT INTO patient (id) VALUES (45);
INSERT INTO patients_address (street,house,apartement) VALUES ('Michelle st.','83','1');
INSERT INTO medical_history (patient_id,date) VALUES (45,'2019-11-10');
INSERT INTO person (id,first_name,second_name,email,user_login,user_password,sex,date_of_birth,age,permission_level) VALUES (46,'Monica','Tucker','yswanson@hotmail.com','xmartin','lTNFVesmAn','F','1958-04-19',61,3);
INSERT INTO patient (id) VALUES (46);
INSERT INTO patients_address (street,house,apartement) VALUES ('Thomas st.','78','4');
INSERT INTO medical_history (patient_id,date) VALUES (46,'2019-10-26');
INSERT INTO person (id,first_name,second_name,email,user_login,user_password,sex,date_of_birth,age,permission_level) VALUES (47,'Lori','Munoz','jack03@yahoo.com','ashleypeck','TvIajlkoahZUtZn','F','2006-10-01',13,5);
INSERT INTO staff_member (id,employed_since,position,salary,room) VALUES (47,'2019-03-22','Cook',15000,72);
INSERT INTO cook (id,experience) VALUES (47,8);
INSERT INTO person (id,first_name,second_name,email,user_login,user_password,sex,date_of_birth,age,permission_level) VALUES (48,'Angela','Daniels','crystalkirk@yahoo.com','shayes','QrNhXdrhadkz','F','1965-11-04',54,2);
INSERT INTO patient (id) VALUES (48);
INSERT INTO patients_address (street,house,apartement) VALUES ('Joseph st.','92','10');
INSERT INTO medical_history (patient_id,date) VALUES (48,'2019-11-12');
INSERT INTO person (id,first_name,second_name,email,user_login,user_password,sex,date_of_birth,age,permission_level) VALUES (49,'Richard','Schwartz','ihernandez@hotmail.com','obrienrobert','xTpeAmgTDPZ','M','2018-01-18',1,5);
INSERT INTO patient (id) VALUES (49);
INSERT INTO patients_address (street,house,apartement) VALUES ('Thomas st.','88','6');
INSERT INTO medical_history (patient_id,date) VALUES (49,'2019-10-26');
INSERT INTO person (id,first_name,second_name,email,user_login,user_password,sex,date_of_birth,age,permission_level) VALUES (50,'Nicole','Walker','ggarza@hotmail.com','cherylking','RmhNVAslHFY','F','1916-11-02',103,4);
INSERT INTO staff_member (id,employed_since,position,salary,room) VALUES (50,'2019-07-22','Doctor',35000,25);
INSERT INTO doctor (id,speciality,emergency_hours,experience,departement_id,supervisor) VALUES (50,'Emergency Medicine Specialist',B'0',5,5,15);
INSERT INTO person (id,first_name,second_name,email,user_login,user_password,sex,date_of_birth,age,permission_level) VALUES (51,'James','Ramirez','daniel09@yahoo.com','charles21','oEZXDrYDjCOSH','M','1947-09-14',72,5);
INSERT INTO patient (id) VALUES (51);
INSERT INTO patients_address (street,house,apartement) VALUES ('Amber st.','37','9');
INSERT INTO medical_history (patient_id,date) VALUES (51,'2019-10-31');
INSERT INTO person (id,first_name,second_name,email,user_login,user_password,sex,date_of_birth,age,permission_level) VALUES (52,'Charles','Escobar','xnguyen@hotmail.com','beanpaige','nvInvtO','M','2014-09-16',5,4);
INSERT INTO staff_member (id,employed_since,position,salary,room) VALUES (52,'2011-08-22','Maintanence Worker',15000,57);
INSERT INTO maintanence_worker (id,employment_type,speciality) VALUES (52,'Part time','Electricity');
INSERT INTO person (id,first_name,second_name,email,user_login,user_password,sex,date_of_birth,age,permission_level) VALUES (53,'Angela','Martinez','blackwelljoshua@hotmail.com','bowmanmichael','pYnXEQysjLvq','F','2018-06-11',1,4);
INSERT INTO staff_member (id,employed_since,position,salary,room) VALUES (53,'2013-09-05','Maintanence Worker',15000,58);
INSERT INTO maintanence_worker (id,employment_type,speciality) VALUES (53,'Part time','Machines');
INSERT INTO person (id,first_name,second_name,email,user_login,user_password,sex,date_of_birth,age,permission_level) VALUES (54,'Lisa','Harvey','ortegaamanda@hotmail.com','melissajohnson','VlOtCRKNVzQB','F','1937-02-07',82,3);
INSERT INTO staff_member (id,employed_since,position,salary,room) VALUES (54,'2019-10-16','Nurse',25000,10);
INSERT INTO nurse (id,surgery_assistant,preferred_shifts,appointment_assistant,departement_id) VALUES (54,B'1','Night',B'1',4);
INSERT INTO person (id,first_name,second_name,email,user_login,user_password,sex,date_of_birth,age,permission_level) VALUES (55,'Adrian','Ray','karen52@gmail.com','robin45','iZDdlCpXQg','M','1912-10-14',107,1);
INSERT INTO staff_member (id,employed_since,position,salary,room) VALUES (55,'2013-08-07','Cleaning Team Worker',10000,55);
INSERT INTO cleaning_team_worker (id,employment_type) VALUES (55,'Full time');
INSERT INTO person (id,first_name,second_name,email,user_login,user_password,sex,date_of_birth,age,permission_level) VALUES (56,'Charles','Stafford','cforbes@hotmail.com','roberthickman','jslxqaeM','M','1922-02-21',97,2);
INSERT INTO staff_member (id,employed_since,position,salary,room) VALUES (56,'2014-09-26','Maintanence Worker',15000,60);
INSERT INTO maintanence_worker (id,employment_type,speciality) VALUES (56,'Part time','Furniture');
INSERT INTO person (id,first_name,second_name,email,user_login,user_password,sex,date_of_birth,age,permission_level) VALUES (57,'James','Zavala','francismary@gmail.com','hernandezjanet','MINQxmDYYKf','M','2009-01-02',10,2);
INSERT INTO staff_member (id,employed_since,position,salary,room) VALUES (57,'2017-06-24','Nurse',25000,10);
INSERT INTO nurse (id,surgery_assistant,preferred_shifts,appointment_assistant,departement_id) VALUES (57,B'1','Day',B'1',8);
INSERT INTO person (id,first_name,second_name,email,user_login,user_password,sex,date_of_birth,age,permission_level) VALUES (58,'Nancy','Campos','brownpatrick@hotmail.com','derekavila','DzREDbOuMQd','F','1906-01-08',113,5);
INSERT INTO staff_member (id,employed_since,position,salary,room) VALUES (58,'2010-07-02','Professor',35000,31);
INSERT INTO professor (id,research_topic,surgery_participation,departement_id) VALUES (58,'Gastroenterologist',B'1',1);
INSERT INTO person (id,first_name,second_name,email,user_login,user_password,sex,date_of_birth,age,permission_level) VALUES (59,'Annette','Moon','justin64@gmail.com','gbenjamin','lxapGiBEQ','F','2006-10-30',13,2);
INSERT INTO staff_member (id,employed_since,position,salary,room) VALUES (59,'2019-01-12','Cleaning Team Worker',10000,52);
INSERT INTO cleaning_team_worker (id,employment_type) VALUES (59,'Full time');
INSERT INTO person (id,first_name,second_name,email,user_login,user_password,sex,date_of_birth,age,permission_level) VALUES (60,'Kyle','Rodriguez','velezgina@hotmail.com','kaitlynclark','wBPBFzDqOsDvTI','M','1973-06-10',46,4);
INSERT INTO patient (id) VALUES (60);
INSERT INTO patients_address (street,house,apartement) VALUES ('Rebecca st.','27','6');
INSERT INTO medical_history (patient_id,date) VALUES (60,'2019-10-20');
INSERT INTO person (id,first_name,second_name,email,user_login,user_password,sex,date_of_birth,age,permission_level) VALUES (61,'John','Buchanan','stewartandrew@gmail.com','teresa24','hNdOHCT','M','2014-02-02',5,4);
INSERT INTO staff_member (id,employed_since,position,salary,room) VALUES (61,'2009-12-29','Lab Technician',15000,41);
INSERT INTO lab_technician (id,education_level,departement_id) VALUES (61,'Postgraduate',9);
INSERT INTO person (id,first_name,second_name,email,user_login,user_password,sex,date_of_birth,age,permission_level) VALUES (62,'Carol','Stevenson','matthewelliott@gmail.com','lopeznoah','YsMrnQZCRCj','F','1914-11-28',105,1);
INSERT INTO staff_member (id,employed_since,position,salary,room) VALUES (62,'2010-05-31','Doctor',35000,27);
INSERT INTO doctor (id,speciality,emergency_hours,experience,departement_id,supervisor) VALUES (62,'Allergist',B'1',6,8,3);
INSERT INTO person (id,first_name,second_name,email,user_login,user_password,sex,date_of_birth,age,permission_level) VALUES (63,'Mark','Reynolds','andrew78@yahoo.com','emiller','YKrwaeHpxNWo','M','1966-01-22',53,3);
INSERT INTO patient (id) VALUES (63);
INSERT INTO patients_address (street,house,apartement) VALUES ('Angela st.','48','3');
INSERT INTO medical_history (patient_id,date) VALUES (63,'2019-10-31');
INSERT INTO person (id,first_name,second_name,email,user_login,user_password,sex,date_of_birth,age,permission_level) VALUES (64,'Karen','Leblanc','jamestownsend@gmail.com','hmathis','LzNdZhq','F','1977-03-20',42,1);
INSERT INTO staff_member (id,employed_since,position,salary,room) VALUES (64,'2011-03-27','Nurse',25000,8);
INSERT INTO nurse (id,surgery_assistant,preferred_shifts,appointment_assistant,departement_id) VALUES (64,B'0','Day',B'0',2);
INSERT INTO person (id,first_name,second_name,email,user_login,user_password,sex,date_of_birth,age,permission_level) VALUES (65,'Daniel','Garcia','rjohnson@gmail.com','kenneth72','slcWdcgEkoTLFF','M','1974-12-08',45,5);
INSERT INTO staff_member (id,employed_since,position,salary,room) VALUES (65,'2017-06-02','IT Specialist',15000,76);
INSERT INTO IT_specialist (id,support_line) VALUES (65,B'1');
INSERT INTO person (id,first_name,second_name,email,user_login,user_password,sex,date_of_birth,age,permission_level) VALUES (66,'Timothy','Morrison','heather37@gmail.com','stevenkeller','dWMpdNOVJ','M','1954-09-30',65,5);
INSERT INTO staff_member (id,employed_since,position,salary,room) VALUES (66,'2013-07-28','Doctor',35000,26);
INSERT INTO doctor (id,speciality,emergency_hours,experience,departement_id,supervisor) VALUES (66,'Rheumatologist',B'0',3,1,50);
INSERT INTO person (id,first_name,second_name,email,user_login,user_password,sex,date_of_birth,age,permission_level) VALUES (67,'Renee','Ward','danielhayes@yahoo.com','qriley','RwzniaKOVSBoE','F','1918-05-20',101,2);
INSERT INTO staff_member (id,employed_since,position,salary,room) VALUES (67,'2013-12-28','IT Specialist',15000,75);
INSERT INTO IT_specialist (id,support_line) VALUES (67,B'1');
INSERT INTO person (id,first_name,second_name,email,user_login,user_password,sex,date_of_birth,age,permission_level) VALUES (68,'Jeffrey','Martin','lisa29@yahoo.com','tony89','WPRKPkr','M','2010-01-13',9,1);
INSERT INTO patient (id) VALUES (68);
INSERT INTO patients_address (street,house,apartement) VALUES ('Laura st.','81','5');
INSERT INTO medical_history (patient_id,date) VALUES (68,'2019-11-14');
INSERT INTO person (id,first_name,second_name,email,user_login,user_password,sex,date_of_birth,age,permission_level) VALUES (69,'Laurie','Robertson','bhorton@hotmail.com','brian05','yDCqespNDgINH','F','1986-11-10',33,5);
INSERT INTO staff_member (id,employed_since,position,salary,room) VALUES (69,'2013-05-13','Reseptionist',15000,56);
INSERT INTO reseptionist (id) VALUES (69);
INSERT INTO languages_spoken (reseptionist_id,language) VALUES (69,'EnglishArabicTatarRussian');
INSERT INTO person (id,first_name,second_name,email,user_login,user_password,sex,date_of_birth,age,permission_level) VALUES (70,'Joe','Crawford','brentneal@yahoo.com','scottholly','OklbzBAv','M','1999-06-09',20,2);
INSERT INTO staff_member (id,employed_since,position,salary,room) VALUES (70,'2011-02-27','Pharmasist',20000,68);
INSERT INTO pharmasist (id,education_level,research) VALUES (70,'PhD',B'1');
INSERT INTO person (id,first_name,second_name,email,user_login,user_password,sex,date_of_birth,age,permission_level) VALUES (71,'Denise','Hansen','derek51@hotmail.com','nancy22','SwYyKsPcIHZnm','F','1970-02-07',49,1);
INSERT INTO patient (id) VALUES (71);
INSERT INTO patients_address (street,house,apartement) VALUES ('Lindsey st.','29','1');
INSERT INTO medical_history (patient_id,date) VALUES (71,'2019-10-31');
INSERT INTO person (id,first_name,second_name,email,user_login,user_password,sex,date_of_birth,age,permission_level) VALUES (72,'Leslie','Boyd','michelle15@yahoo.com','mstanton','lOLbcAa','F','2000-02-04',19,5);
INSERT INTO staff_member (id,employed_since,position,salary,room) VALUES (72,'2011-05-29','Professor',35000,34);
INSERT INTO professor (id,research_topic,surgery_participation,departement_id) VALUES (72,'Endocrinologists',B'1',4);
INSERT INTO person (id,first_name,second_name,email,user_login,user_password,sex,date_of_birth,age,permission_level) VALUES (73,'Michael','Lopez','dustinquinn@yahoo.com','wrightjoshua','BlfocJLojTlrx','M','2015-07-08',4,2);
INSERT INTO patient (id) VALUES (73);
INSERT INTO patients_address (street,house,apartement) VALUES ('Ashley st.','52','1');
INSERT INTO medical_history (patient_id,date) VALUES (73,'2019-11-23');
INSERT INTO person (id,first_name,second_name,email,user_login,user_password,sex,date_of_birth,age,permission_level) VALUES (74,'John','Mcguire','wendy32@yahoo.com','oesparza','fGPQXZFC','M','1971-05-16',48,3);
INSERT INTO staff_member (id,employed_since,position,salary,room) VALUES (74,'2019-11-12','Nurse',25000,7);
INSERT INTO nurse (id,surgery_assistant,preferred_shifts,appointment_assistant,departement_id) VALUES (74,B'1','Night',B'0',3);
INSERT INTO person (id,first_name,second_name,email,user_login,user_password,sex,date_of_birth,age,permission_level) VALUES (75,'Erin','Williams','morrisrobert@yahoo.com','antonio01','PDWyoAKlEJIuS','F','2013-12-25',6,2);
INSERT INTO patient (id) VALUES (75);
INSERT INTO patients_address (street,house,apartement) VALUES ('Deborah st.','88','3');
INSERT INTO medical_history (patient_id,date) VALUES (75,'2019-10-27');
INSERT INTO person (id,first_name,second_name,email,user_login,user_password,sex,date_of_birth,age,permission_level) VALUES (76,'Michael','Sexton','heatherscott@yahoo.com','michael12','MMQtNzxhvgQCOpK','M','1907-10-26',112,4);
INSERT INTO patient (id) VALUES (76);
INSERT INTO patients_address (street,house,apartement) VALUES ('Jessica st.','79','9');
INSERT INTO medical_history (patient_id,date) VALUES (76,'2019-11-14');
INSERT INTO person (id,first_name,second_name,email,user_login,user_password,sex,date_of_birth,age,permission_level) VALUES (77,'Joseph','Gay','jasonharvey@hotmail.com','tinathornton','TArvjqKDtbk','M','1941-01-20',78,5);
INSERT INTO staff_member (id,employed_since,position,salary,room) VALUES (77,'2009-12-21','Reseptionist',15000,56);
INSERT INTO reseptionist (id) VALUES (77);
INSERT INTO languages_spoken (reseptionist_id,language) VALUES (77,'Tatar');
INSERT INTO person (id,first_name,second_name,email,user_login,user_password,sex,date_of_birth,age,permission_level) VALUES (78,'Ronald','Leach','cole19@gmail.com','tmorales','YuZJeEyJcAhVFKH','M','1917-08-13',102,4);
INSERT INTO staff_member (id,employed_since,position,salary,room) VALUES (78,'2010-11-10','Nurse',25000,9);
INSERT INTO nurse (id,surgery_assistant,preferred_shifts,appointment_assistant,departement_id) VALUES (78,B'0','Night',B'1',3);
INSERT INTO person (id,first_name,second_name,email,user_login,user_password,sex,date_of_birth,age,permission_level) VALUES (79,'Jessica','Jordan','williamsmartin@gmail.com','ybailey','bYkNpaMlZVJDKW','F','2019-03-02',0,2);
INSERT INTO staff_member (id,employed_since,position,salary,room) VALUES (79,'2011-10-05','Cook',15000,71);
INSERT INTO cook (id,experience) VALUES (79,4);
INSERT INTO person (id,first_name,second_name,email,user_login,user_password,sex,date_of_birth,age,permission_level) VALUES (80,'Kelly','Jones','beverlyroberts@hotmail.com','nathanbarber','NTZLMNYxRGZp','F','1913-02-01',106,2);
INSERT INTO staff_member (id,employed_since,position,salary,room) VALUES (80,'2014-12-30','Maintanence Worker',15000,60);
INSERT INTO maintanence_worker (id,employment_type,speciality) VALUES (80,'Full time','Hardware');
INSERT INTO person (id,first_name,second_name,email,user_login,user_password,sex,date_of_birth,age,permission_level) VALUES (81,'Derek','Green','mallory94@gmail.com','morganlee','hrWnHYbibEjnERp','M','1960-01-17',59,3);
INSERT INTO staff_member (id,employed_since,position,salary,room) VALUES (81,'2014-09-06','Nurse',25000,7);
INSERT INTO nurse (id,surgery_assistant,preferred_shifts,appointment_assistant,departement_id) VALUES (81,B'1','Night',B'1',6);
INSERT INTO person (id,first_name,second_name,email,user_login,user_password,sex,date_of_birth,age,permission_level) VALUES (82,'Kevin','Anderson','bridgesdebbie@gmail.com','joannagordon','uHxgdquauMPjP','M','1995-03-08',24,2);
INSERT INTO staff_member (id,employed_since,position,salary,room) VALUES (82,'2014-10-13','Cleaning Team Worker',10000,55);
INSERT INTO cleaning_team_worker (id,employment_type) VALUES (82,'Part time');
INSERT INTO person (id,first_name,second_name,email,user_login,user_password,sex,date_of_birth,age,permission_level) VALUES (83,'Ashley','Gonzalez','probinson@hotmail.com','matthewrodriguez','ImFNDqzYf','F','1996-05-23',23,2);
INSERT INTO staff_member (id,employed_since,position,salary,room) VALUES (83,'2017-10-14','Cook',15000,72);
INSERT INTO cook (id,experience) VALUES (83,10);
INSERT INTO person (id,first_name,second_name,email,user_login,user_password,sex,date_of_birth,age,permission_level) VALUES (84,'Jacob','Ross','wilsonronald@gmail.com','mfisher','GIYkaZRyQn','M','1974-02-01',45,3);
INSERT INTO staff_member (id,employed_since,position,salary,room) VALUES (84,'2019-09-12','Professor',35000,33);
INSERT INTO professor (id,research_topic,surgery_participation,departement_id) VALUES (84,'Urologist',B'1',4);
INSERT INTO person (id,first_name,second_name,email,user_login,user_password,sex,date_of_birth,age,permission_level) VALUES (85,'Jerome','Arroyo','tspence@hotmail.com','camposalexander','kZxbzTjPC','M','1970-09-29',49,4);
INSERT INTO staff_member (id,employed_since,position,salary,room) VALUES (85,'2018-07-01','Pharmasist',20000,69);
INSERT INTO pharmasist (id,education_level,research) VALUES (85,'Magister',B'0');
INSERT INTO person (id,first_name,second_name,email,user_login,user_password,sex,date_of_birth,age,permission_level) VALUES (86,'Christina','Jones','barbarapeters@gmail.com','ayalaallen','NBkVisnGvm','F','2005-11-24',14,4);
INSERT INTO staff_member (id,employed_since,position,salary,room) VALUES (86,'2011-05-19','Nurse',25000,6);
INSERT INTO nurse (id,surgery_assistant,preferred_shifts,appointment_assistant,departement_id) VALUES (86,B'0','Night',B'0',5);
INSERT INTO person (id,first_name,second_name,email,user_login,user_password,sex,date_of_birth,age,permission_level) VALUES (87,'Cindy','Young','cconley@gmail.com','chadcook','mnBVySHM','F','1926-03-26',93,4);
INSERT INTO staff_member (id,employed_since,position,salary,room) VALUES (87,'2015-01-13','Cook',15000,73);
INSERT INTO cook (id,experience) VALUES (87,2);
INSERT INTO person (id,first_name,second_name,email,user_login,user_password,sex,date_of_birth,age,permission_level) VALUES (88,'Victoria','Turner','mitchellshane@hotmail.com','julian02','hsKIeBIcvU','F','2010-09-14',9,3);
INSERT INTO staff_member (id,employed_since,position,salary,room) VALUES (88,'2015-06-04','Nurse',25000,6);
INSERT INTO nurse (id,surgery_assistant,preferred_shifts,appointment_assistant,departement_id) VALUES (88,B'0','Day',B'0',8);
INSERT INTO person (id,first_name,second_name,email,user_login,user_password,sex,date_of_birth,age,permission_level) VALUES (89,'Heather','Martin','jill38@yahoo.com','matthewwelch','xopqzXIyY','F','1946-12-28',73,4);
INSERT INTO patient (id) VALUES (89);
INSERT INTO patients_address (street,house,apartement) VALUES ('Travis st.','87','9');
INSERT INTO medical_history (patient_id,date) VALUES (89,'2019-11-13');
INSERT INTO person (id,first_name,second_name,email,user_login,user_password,sex,date_of_birth,age,permission_level) VALUES (90,'Gina','Foster','todd67@hotmail.com','jesse96','ddhejHMWwYB','F','1966-08-06',53,1);
INSERT INTO staff_member (id,employed_since,position,salary,room) VALUES (90,'2018-08-23','Nurse',25000,10);
INSERT INTO nurse (id,surgery_assistant,preferred_shifts,appointment_assistant,departement_id) VALUES (90,B'0','Night',B'0',9);
INSERT INTO person (id,first_name,second_name,email,user_login,user_password,sex,date_of_birth,age,permission_level) VALUES (91,'Nicole','Price','moracharles@gmail.com','julie63','YssrTLJ','F','2012-12-16',7,1);
INSERT INTO staff_member (id,employed_since,position,salary,room) VALUES (91,'2019-10-07','Cook',15000,73);
INSERT INTO cook (id,experience) VALUES (91,4);
INSERT INTO person (id,first_name,second_name,email,user_login,user_password,sex,date_of_birth,age,permission_level) VALUES (92,'Mr.','Trevor','andreawilson@gmail.com','roy20','eERpdcAY','M','1935-02-21',84,4);
INSERT INTO patient (id) VALUES (92);
INSERT INTO patients_address (street,house,apartement) VALUES ('Erin st.','68','7');
INSERT INTO medical_history (patient_id,date) VALUES (92,'2019-10-28');
INSERT INTO person (id,first_name,second_name,email,user_login,user_password,sex,date_of_birth,age,permission_level) VALUES (93,'Maureen','Bradley','kevin56@gmail.com','marvin01','mhXFVcvbcHd','F','1988-01-29',31,5);
INSERT INTO staff_member (id,employed_since,position,salary,room) VALUES (93,'2014-05-18','Nurse',25000,10);
INSERT INTO nurse (id,surgery_assistant,preferred_shifts,appointment_assistant,departement_id) VALUES (93,B'1','Day',B'1',10);
INSERT INTO person (id,first_name,second_name,email,user_login,user_password,sex,date_of_birth,age,permission_level) VALUES (94,'Thomas','Todd','rogersdanielle@yahoo.com','olee','FYmzDJVAqV','M','2001-05-10',18,5);
INSERT INTO patient (id) VALUES (94);
INSERT INTO patients_address (street,house,apartement) VALUES ('Brenda st.','30','6');
INSERT INTO medical_history (patient_id,date) VALUES (94,'2019-11-15');
INSERT INTO person (id,first_name,second_name,email,user_login,user_password,sex,date_of_birth,age,permission_level) VALUES (95,'Lisa','Lam','wellsjasmine@gmail.com','boydkatie','ZmvfIDxHfWnw','F','1998-08-14',21,2);
INSERT INTO staff_member (id,employed_since,position,salary,room) VALUES (95,'2013-10-02','Reseptionist',15000,56);
INSERT INTO reseptionist (id) VALUES (95);
INSERT INTO languages_spoken (reseptionist_id,language) VALUES (95,'RussianArabicTatarEnglish');
INSERT INTO person (id,first_name,second_name,email,user_login,user_password,sex,date_of_birth,age,permission_level) VALUES (96,'Karen','Young','richarddavis@hotmail.com','robertsjennifer','BalkbjIwyqT','F','1938-12-13',81,2);
INSERT INTO staff_member (id,employed_since,position,salary,room) VALUES (96,'2011-10-22','Reseptionist',15000,56);
INSERT INTO reseptionist (id) VALUES (96);
INSERT INTO languages_spoken (reseptionist_id,language) VALUES (96,'EnglishEnglish');
INSERT INTO person (id,first_name,second_name,email,user_login,user_password,sex,date_of_birth,age,permission_level) VALUES (97,'Elizabeth','Kelly','ajordan@gmail.com','timothysimmons','oPWnQfzPQddC','F','1986-05-13',33,3);
INSERT INTO staff_member (id,employed_since,position,salary,room) VALUES (97,'2018-03-08','HR',30000,65);
INSERT INTO hr (id,selection_responsibility) VALUES (97,'Interview');
INSERT INTO person (id,first_name,second_name,email,user_login,user_password,sex,date_of_birth,age,permission_level) VALUES (98,'Omar','Munoz','turnerjean@gmail.com','drodriguez','lNcQFqHYLngc','M','1947-02-14',72,5);
INSERT INTO patient (id) VALUES (98);
INSERT INTO patients_address (street,house,apartement) VALUES ('Kathryn st.','58','6');
INSERT INTO medical_history (patient_id,date) VALUES (98,'2019-11-05');
INSERT INTO person (id,first_name,second_name,email,user_login,user_password,sex,date_of_birth,age,permission_level) VALUES (99,'Damon','Skinner','thomasperez@gmail.com','jroberts','kmiuCjGZYK','M','2015-07-10',4,4);
INSERT INTO staff_member (id,employed_since,position,salary,room) VALUES (99,'2010-02-14','Cleaning Team Worker',10000,55);
INSERT INTO cleaning_team_worker (id,employment_type) VALUES (99,'Full time');
INSERT INTO person (id,first_name,second_name,email,user_login,user_password,sex,date_of_birth,age,permission_level) VALUES (100,'Taylor','Goodwin','john79@yahoo.com','tuckermarc','pPDlFfOxPju','F','1993-02-17',26,1);
INSERT INTO staff_member (id,employed_since,position,salary,room) VALUES (100,'2019-05-03','Doctor',35000,24);
INSERT INTO doctor (id,speciality,emergency_hours,experience,departement_id,supervisor) VALUES (100,'Allergist',B'0',2,4,66);
INSERT INTO person (id,first_name,second_name,email,user_login,user_password,sex,date_of_birth,age,permission_level) VALUES (101,'Kimberly','Mccall','mburch@yahoo.com','amy19','yucipPlITBMro','F','1974-07-07',45,2);
INSERT INTO staff_member (id,employed_since,position,salary,room) VALUES (101,'2012-10-06','Doctor',35000,15);
INSERT INTO doctor (id,speciality,emergency_hours,experience,departement_id,supervisor) VALUES (101,'Colon Surgeon',B'1',2,8,3);
INSERT INTO person (id,first_name,second_name,email,user_login,user_password,sex,date_of_birth,age,permission_level) VALUES (102,'Ashley','Ramirez','smithzachary@hotmail.com','petersonmary','rjKkRpLDsKbFS','F','1988-08-27',31,5);
INSERT INTO staff_member (id,employed_since,position,salary,room) VALUES (102,'2019-08-20','Professor',35000,38);
INSERT INTO professor (id,research_topic,surgery_participation,departement_id) VALUES (102,'Dermatologist',B'1',6);
INSERT INTO person (id,first_name,second_name,email,user_login,user_password,sex,date_of_birth,age,permission_level) VALUES (103,'Joseph','Mcpherson','wayne99@gmail.com','perezkaren','YzzizvAhSmJps','M','2003-06-27',16,1);
INSERT INTO patient (id) VALUES (103);
INSERT INTO patients_address (street,house,apartement) VALUES ('Tiffany st.','2','7');
INSERT INTO medical_history (patient_id,date) VALUES (103,'2019-10-30');
INSERT INTO person (id,first_name,second_name,email,user_login,user_password,sex,date_of_birth,age,permission_level) VALUES (104,'Daniel','Best','xskinner@hotmail.com','carrjasmine','wCiDLyMxB','M','1942-08-01',77,1);
INSERT INTO staff_member (id,employed_since,position,salary,room) VALUES (104,'2018-11-18','Nurse',25000,7);
INSERT INTO nurse (id,surgery_assistant,preferred_shifts,appointment_assistant,departement_id) VALUES (104,B'1','Day',B'0',5);
INSERT INTO person (id,first_name,second_name,email,user_login,user_password,sex,date_of_birth,age,permission_level) VALUES (105,'Angela','Foster','igomez@hotmail.com','nancy89','TyjVRRlewgicJ','F','1931-04-20',88,2);
INSERT INTO staff_member (id,employed_since,position,salary,room) VALUES (105,'2017-05-14','Professor',35000,33);
INSERT INTO professor (id,research_topic,surgery_participation,departement_id) VALUES (105,'Critical Care Medicine Specialist',B'0',3);
INSERT INTO person (id,first_name,second_name,email,user_login,user_password,sex,date_of_birth,age,permission_level) VALUES (106,'Tracey','Powell','bennettandrew@hotmail.com','dylan41','xuHtnuPnyC','F','1959-01-22',60,3);
INSERT INTO staff_member (id,employed_since,position,salary,room) VALUES (106,'2018-08-02','Professor',35000,32);
INSERT INTO professor (id,research_topic,surgery_participation,departement_id) VALUES (106,'General Surgeon',B'0',8);
INSERT INTO person (id,first_name,second_name,email,user_login,user_password,sex,date_of_birth,age,permission_level) VALUES (107,'Reginald','Hampton','destinykelly@hotmail.com','josephoneill','focfgNFDYMwhie','M','1930-01-08',89,2);
INSERT INTO staff_member (id,employed_since,position,salary,room) VALUES (107,'2012-09-05','Lab Technician',15000,48);
INSERT INTO lab_technician (id,education_level,departement_id) VALUES (107,'Postgraduate',2);
INSERT INTO person (id,first_name,second_name,email,user_login,user_password,sex,date_of_birth,age,permission_level) VALUES (108,'Austin','Torres','lisa98@hotmail.com','hudsonkathryn','OziVfTVrTeuVXV','M','2017-08-06',2,4);
INSERT INTO staff_member (id,employed_since,position,salary,room) VALUES (108,'2019-04-28','Professor',35000,33);
INSERT INTO professor (id,research_topic,surgery_participation,departement_id) VALUES (108,'Colon Surgeon',B'0',2);
INSERT INTO person (id,first_name,second_name,email,user_login,user_password,sex,date_of_birth,age,permission_level) VALUES (109,'Kim','Arellano','knorman@gmail.com','andrea97','zBktCgxQt','F','2015-04-04',4,2);
INSERT INTO staff_member (id,employed_since,position,salary,room) VALUES (109,'2016-02-21','Security Team Member',10000,62);
INSERT INTO security_team_member (id,shifts,physical_test_grade) VALUES (109,'Night','B');
INSERT INTO person (id,first_name,second_name,email,user_login,user_password,sex,date_of_birth,age,permission_level) VALUES (110,'Stephen','Barry','cmoore@yahoo.com','wheelerpaige','zLFIDdFYa','M','1931-09-01',88,1);
INSERT INTO staff_member (id,employed_since,position,salary,room) VALUES (110,'2019-01-16','Professor',35000,38);
INSERT INTO professor (id,research_topic,surgery_participation,departement_id) VALUES (110,'Dermatologist',B'0',10);
INSERT INTO person (id,first_name,second_name,email,user_login,user_password,sex,date_of_birth,age,permission_level) VALUES (111,'Charlene','Nolan','elizabethmiller@yahoo.com','abbottamanda','MVQJTYzMgcbtB','F','1978-06-30',41,4);
INSERT INTO staff_member (id,employed_since,position,salary,room) VALUES (111,'2013-06-10','Cleaning Team Worker',10000,51);
INSERT INTO cleaning_team_worker (id,employment_type) VALUES (111,'Part time');
INSERT INTO person (id,first_name,second_name,email,user_login,user_password,sex,date_of_birth,age,permission_level) VALUES (112,'Tammy','Whitney','wilsonsamantha@yahoo.com','conniehudson','wbNFhYvuykRzH','F','2002-10-19',17,1);
INSERT INTO patient (id) VALUES (112);
INSERT INTO patients_address (street,house,apartement) VALUES ('Pamela st.','99','3');
INSERT INTO medical_history (patient_id,date) VALUES (112,'2019-11-23');
INSERT INTO person (id,first_name,second_name,email,user_login,user_password,sex,date_of_birth,age,permission_level) VALUES (113,'Morgan','Elliott','fevans@yahoo.com','murraylisa','hYhrPeswNbLHK','F','2005-06-15',14,1);
INSERT INTO staff_member (id,employed_since,position,salary,room) VALUES (113,'2019-06-19','Maintanence Worker',15000,59);
INSERT INTO maintanence_worker (id,employment_type,speciality) VALUES (113,'Full time','Machines');
INSERT INTO person (id,first_name,second_name,email,user_login,user_password,sex,date_of_birth,age,permission_level) VALUES (114,'Victor','Johnson','laurahernandez@gmail.com','ymckinney','PtRGHveyJETQNCk','M','1917-08-24',102,4);
INSERT INTO staff_member (id,employed_since,position,salary,room) VALUES (114,'2011-05-06','Nurse',25000,9);
INSERT INTO nurse (id,surgery_assistant,preferred_shifts,appointment_assistant,departement_id) VALUES (114,B'0','Night',B'0',8);
INSERT INTO person (id,first_name,second_name,email,user_login,user_password,sex,date_of_birth,age,permission_level) VALUES (115,'Wesley','Lopez','edwardslisa@yahoo.com','tramirez','OJzkvCocyWTg','M','2002-08-20',17,3);
INSERT INTO staff_member (id,employed_since,position,salary,room) VALUES (115,'2018-08-21','Professor',35000,37);
INSERT INTO professor (id,research_topic,surgery_participation,departement_id) VALUES (115,'Colon Surgeon',B'0',9);
INSERT INTO person (id,first_name,second_name,email,user_login,user_password,sex,date_of_birth,age,permission_level) VALUES (116,'Renee','Johnson','millerjamie@yahoo.com','browntim','ioRsmwSM','F','1993-06-16',26,3);
INSERT INTO staff_member (id,employed_since,position,salary,room) VALUES (116,'2012-04-02','Professor',35000,35);
INSERT INTO professor (id,research_topic,surgery_participation,departement_id) VALUES (116,'Obstetrician and Gynecologist',B'0',5);
INSERT INTO person (id,first_name,second_name,email,user_login,user_password,sex,date_of_birth,age,permission_level) VALUES (117,'Jeremy','Vargas','joseph58@gmail.com','ojohnson','YrZqtKaMzB','M','2019-02-02',0,3);
INSERT INTO staff_member (id,employed_since,position,salary,room) VALUES (117,'2012-04-10','Cook',15000,73);
INSERT INTO cook (id,experience) VALUES (117,7);
INSERT INTO person (id,first_name,second_name,email,user_login,user_password,sex,date_of_birth,age,permission_level) VALUES (118,'Christina','Thompson','melaniegomez@yahoo.com','llewis','RKrwDsQSek','F','1976-05-13',43,2);
INSERT INTO patient (id) VALUES (118);
INSERT INTO patients_address (street,house,apartement) VALUES ('John st.','42','2');
INSERT INTO medical_history (patient_id,date) VALUES (118,'2019-10-22');
INSERT INTO person (id,first_name,second_name,email,user_login,user_password,sex,date_of_birth,age,permission_level) VALUES (119,'Nicole','Young','alexandra86@hotmail.com','rmiller','tMWTDKPl','F','1978-03-11',41,1);
INSERT INTO staff_member (id,employed_since,position,salary,room) VALUES (119,'2015-07-20','Maintanence Worker',15000,60);
INSERT INTO maintanence_worker (id,employment_type,speciality) VALUES (119,'Part time','Hardware');
INSERT INTO person (id,first_name,second_name,email,user_login,user_password,sex,date_of_birth,age,permission_level) VALUES (120,'Kimberly','Smith','kelly28@gmail.com','robertshaley','AHCQPmdw','F','1938-01-13',81,4);
INSERT INTO staff_member (id,employed_since,position,salary,room) VALUES (120,'2010-02-19','Professor',35000,38);
INSERT INTO professor (id,research_topic,surgery_participation,departement_id) VALUES (120,'Sports Medicine Specialist',B'1',4);
INSERT INTO person (id,first_name,second_name,email,user_login,user_password,sex,date_of_birth,age,permission_level) VALUES (121,'Shawn','Kim','nashjennifer@hotmail.com','ewest','UbkVPdzwNxfh','M','1913-04-27',106,2);
INSERT INTO staff_member (id,employed_since,position,salary,room) VALUES (121,'2012-02-10','Maintanence Worker',15000,58);
INSERT INTO maintanence_worker (id,employment_type,speciality) VALUES (121,'Part time','Electricity');
INSERT INTO person (id,first_name,second_name,email,user_login,user_password,sex,date_of_birth,age,permission_level) VALUES (122,'Matthew','Mayo','dianezhang@yahoo.com','joseatkins','qVKwLpQm','M','2006-01-11',13,4);
INSERT INTO staff_member (id,employed_since,position,salary,room) VALUES (122,'2010-04-19','Professor',35000,35);
INSERT INTO professor (id,research_topic,surgery_participation,departement_id) VALUES (122,'Pulmonologist',B'1',6);
INSERT INTO person (id,first_name,second_name,email,user_login,user_password,sex,date_of_birth,age,permission_level) VALUES (123,'Sheri','Jones','desireekennedy@gmail.com','johnsonmargaret','dhNACdrDlVluX','F','1938-01-13',81,3);
INSERT INTO staff_member (id,employed_since,position,salary,room) VALUES (123,'2018-11-11','Lab Technician',15000,42);
INSERT INTO lab_technician (id,education_level,departement_id) VALUES (123,'PhD',7);
INSERT INTO person (id,first_name,second_name,email,user_login,user_password,sex,date_of_birth,age,permission_level) VALUES (124,'Heather','Adams','mark79@gmail.com','sarah77','mpKWSgbpa','F','1984-05-08',35,2);
INSERT INTO staff_member (id,employed_since,position,salary,room) VALUES (124,'2012-07-26','Reseptionist',15000,56);
INSERT INTO reseptionist (id) VALUES (124);
INSERT INTO languages_spoken (reseptionist_id,language) VALUES (124,'ItalianTatarEnglish');
INSERT INTO person (id,first_name,second_name,email,user_login,user_password,sex,date_of_birth,age,permission_level) VALUES (125,'Tammie','Taylor','joshua48@yahoo.com','williamsjames','RWJUDLzeYf','F','1959-07-02',60,3);
INSERT INTO staff_member (id,employed_since,position,salary,room) VALUES (125,'2011-07-28','Nurse',25000,7);
INSERT INTO nurse (id,surgery_assistant,preferred_shifts,appointment_assistant,departement_id) VALUES (125,B'0','Night',B'1',3);
INSERT INTO person (id,first_name,second_name,email,user_login,user_password,sex,date_of_birth,age,permission_level) VALUES (126,'Lisa','Duran','wilsonpatricia@hotmail.com','richard28','xbvSVfpLREIRbcC','F','1997-05-21',22,2);
INSERT INTO staff_member (id,employed_since,position,salary,room) VALUES (126,'2018-10-15','Doctor',35000,12);
INSERT INTO doctor (id,speciality,emergency_hours,experience,departement_id,supervisor) VALUES (126,'Podiatrist',B'1',6,5,66);
INSERT INTO person (id,first_name,second_name,email,user_login,user_password,sex,date_of_birth,age,permission_level) VALUES (127,'Brian','Owens','kaylaward@hotmail.com','bushrenee','jXyFbDeiULA','M','1908-10-23',111,5);
INSERT INTO staff_member (id,employed_since,position,salary,room) VALUES (127,'2017-11-11','Maintanence Worker',15000,59);
INSERT INTO maintanence_worker (id,employment_type,speciality) VALUES (127,'Part time','Furniture');
INSERT INTO person (id,first_name,second_name,email,user_login,user_password,sex,date_of_birth,age,permission_level) VALUES (128,'Amy','Robertson','watsondonald@yahoo.com','belldonald','ZueWtqEclSSK','F','2003-07-31',16,5);
INSERT INTO staff_member (id,employed_since,position,salary,room) VALUES (128,'2018-11-09','Doctor',35000,14);
INSERT INTO doctor (id,speciality,emergency_hours,experience,departement_id,supervisor) VALUES (128,'Hospice and Palliative Medicine Specialist',B'0',10,3,50);
INSERT INTO person (id,first_name,second_name,email,user_login,user_password,sex,date_of_birth,age,permission_level) VALUES (129,'Cynthia','Chaney','ldoyle@yahoo.com','thowell','jGaKtDlfJsNNT','F','1999-08-15',20,4);
INSERT INTO staff_member (id,employed_since,position,salary,room) VALUES (129,'2016-01-26','Security Team Member',10000,61);
INSERT INTO security_team_member (id,shifts,physical_test_grade) VALUES (129,'Day','A');
INSERT INTO person (id,first_name,second_name,email,user_login,user_password,sex,date_of_birth,age,permission_level) VALUES (130,'Stephanie','Oliver','vthomas@hotmail.com','kyle60','rkbnAMz','F','1970-12-26',49,1);
INSERT INTO patient (id) VALUES (130);
INSERT INTO patients_address (street,house,apartement) VALUES ('Latoya st.','95','3');
INSERT INTO medical_history (patient_id,date) VALUES (130,'2019-10-24');
INSERT INTO person (id,first_name,second_name,email,user_login,user_password,sex,date_of_birth,age,permission_level) VALUES (131,'Brenda','Hurley','cheryl82@gmail.com','cynthia82','hFSURfxlIolaZf','F','2011-04-23',8,2);
INSERT INTO staff_member (id,employed_since,position,salary,room) VALUES (131,'2012-12-22','IT Specialist',15000,75);
INSERT INTO IT_specialist (id,support_line) VALUES (131,B'1');
INSERT INTO person (id,first_name,second_name,email,user_login,user_password,sex,date_of_birth,age,permission_level) VALUES (132,'Allen','Fischer','odavis@yahoo.com','kevin48','jRPTIDW','M','1932-07-31',87,4);
INSERT INTO staff_member (id,employed_since,position,salary,room) VALUES (132,'2012-12-21','Cook',15000,72);
INSERT INTO cook (id,experience) VALUES (132,10);
INSERT INTO person (id,first_name,second_name,email,user_login,user_password,sex,date_of_birth,age,permission_level) VALUES (133,'Emily','Ward','leeandrea@hotmail.com','hoodstephen','TpgqZvGRFzF','F','1998-09-06',21,1);
INSERT INTO patient (id) VALUES (133);
INSERT INTO patients_address (street,house,apartement) VALUES ('Monica st.','68','10');
INSERT INTO medical_history (patient_id,date) VALUES (133,'2019-11-05');
INSERT INTO person (id,first_name,second_name,email,user_login,user_password,sex,date_of_birth,age,permission_level) VALUES (134,'Brandon','Chavez','uperez@gmail.com','gkelly','FIkREnSL','M','1907-12-08',112,2);
INSERT INTO patient (id) VALUES (134);
INSERT INTO patients_address (street,house,apartement) VALUES ('Todd st.','89','2');
INSERT INTO medical_history (patient_id,date) VALUES (134,'2019-10-27');
INSERT INTO person (id,first_name,second_name,email,user_login,user_password,sex,date_of_birth,age,permission_level) VALUES (135,'Jennifer','Cruz','rgarza@gmail.com','ronald24','HzQVWLPkkLzVJJ','F','1960-01-22',59,1);
INSERT INTO staff_member (id,employed_since,position,salary,room) VALUES (135,'2011-02-05','Doctor',35000,20);
INSERT INTO doctor (id,speciality,emergency_hours,experience,departement_id,supervisor) VALUES (135,'Psychiatrist',B'0',10,8,50);
INSERT INTO person (id,first_name,second_name,email,user_login,user_password,sex,date_of_birth,age,permission_level) VALUES (136,'Lori','Haynes','erin58@yahoo.com','williamsjoshua','yjBdQhOTI','F','1923-11-28',96,5);
INSERT INTO staff_member (id,employed_since,position,salary,room) VALUES (136,'2019-08-09','Nurse',25000,9);
INSERT INTO nurse (id,surgery_assistant,preferred_shifts,appointment_assistant,departement_id) VALUES (136,B'0','Day',B'0',9);
INSERT INTO person (id,first_name,second_name,email,user_login,user_password,sex,date_of_birth,age,permission_level) VALUES (137,'Kathryn','Munoz','timothy40@yahoo.com','soniaherman','iGZIbocjZAk','F','1949-06-26',70,4);
INSERT INTO staff_member (id,employed_since,position,salary,room) VALUES (137,'2019-09-12','Nurse',25000,10);
INSERT INTO nurse (id,surgery_assistant,preferred_shifts,appointment_assistant,departement_id) VALUES (137,B'0','Night',B'0',2);
INSERT INTO person (id,first_name,second_name,email,user_login,user_password,sex,date_of_birth,age,permission_level) VALUES (138,'Leslie','Galvan','christina38@gmail.com','sanchezpaula','AeWWUUo','F','2009-02-12',10,2);
INSERT INTO staff_member (id,employed_since,position,salary,room) VALUES (138,'2013-04-13','Maintanence Worker',15000,58);
INSERT INTO maintanence_worker (id,employment_type,speciality) VALUES (138,'Full time','Furniture');
INSERT INTO person (id,first_name,second_name,email,user_login,user_password,sex,date_of_birth,age,permission_level) VALUES (139,'Kimberly','Moore','jamesgonzalez@hotmail.com','david76','klwlxGnF','F','1930-04-12',89,2);
INSERT INTO patient (id) VALUES (139);
INSERT INTO patients_address (street,house,apartement) VALUES ('Amanda st.','33','8');
INSERT INTO medical_history (patient_id,date) VALUES (139,'2019-11-05');
INSERT INTO person (id,first_name,second_name,email,user_login,user_password,sex,date_of_birth,age,permission_level) VALUES (140,'Amanda','Garcia','greenchristopher@gmail.com','tdavis','IvMLmvXa','F','1949-06-06',70,2);
INSERT INTO staff_member (id,employed_since,position,salary,room) VALUES (140,'2014-07-03','Nurse',25000,3);
INSERT INTO nurse (id,surgery_assistant,preferred_shifts,appointment_assistant,departement_id) VALUES (140,B'1','Day',B'1',3);
INSERT INTO person (id,first_name,second_name,email,user_login,user_password,sex,date_of_birth,age,permission_level) VALUES (141,'Jennifer','Yates','william61@yahoo.com','alan42','sCFFvDoW','F','1941-09-06',78,3);
INSERT INTO staff_member (id,employed_since,position,salary,room) VALUES (141,'2015-10-30','Nurse',25000,3);
INSERT INTO nurse (id,surgery_assistant,preferred_shifts,appointment_assistant,departement_id) VALUES (141,B'0','Night',B'0',10);
INSERT INTO person (id,first_name,second_name,email,user_login,user_password,sex,date_of_birth,age,permission_level) VALUES (142,'Hector','Wilson','karensalas@hotmail.com','vwilliams','msMOuhGAoH','M','2006-07-10',13,5);
INSERT INTO staff_member (id,employed_since,position,salary,room) VALUES (142,'2013-04-18','Nurse',25000,8);
INSERT INTO nurse (id,surgery_assistant,preferred_shifts,appointment_assistant,departement_id) VALUES (142,B'0','Night',B'0',2);
INSERT INTO person (id,first_name,second_name,email,user_login,user_password,sex,date_of_birth,age,permission_level) VALUES (143,'Suzanne','Brown','lisasimmons@gmail.com','deannagarcia','DOgoAOKXILKN','F','1967-11-18',52,2);
INSERT INTO staff_member (id,employed_since,position,salary,room) VALUES (143,'2016-06-12','Pharmasist',20000,68);
INSERT INTO pharmasist (id,education_level,research) VALUES (143,'Magister',B'1');
INSERT INTO person (id,first_name,second_name,email,user_login,user_password,sex,date_of_birth,age,permission_level) VALUES (144,'Amanda','Jackson','terry94@gmail.com','lindamedina','GECdGAHQpVjQd','F','1952-11-16',67,3);
INSERT INTO patient (id) VALUES (144);
INSERT INTO patients_address (street,house,apartement) VALUES ('Thomas st.','41','1');
INSERT INTO medical_history (patient_id,date) VALUES (144,'2019-11-02');
INSERT INTO person (id,first_name,second_name,email,user_login,user_password,sex,date_of_birth,age,permission_level) VALUES (145,'Michelle','Brown','anthonycobb@gmail.com','fmartinez','ckSwQRXPISV','F','1963-02-07',56,4);
INSERT INTO staff_member (id,employed_since,position,salary,room) VALUES (145,'2010-03-20','Cleaning Team Worker',10000,54);
INSERT INTO cleaning_team_worker (id,employment_type) VALUES (145,'Part time');
INSERT INTO person (id,first_name,second_name,email,user_login,user_password,sex,date_of_birth,age,permission_level) VALUES (146,'Traci','Warren','baileyamber@hotmail.com','navarrotravis','hPZUaZthnUEv','F','1928-09-26',91,5);
INSERT INTO patient (id) VALUES (146);
INSERT INTO patients_address (street,house,apartement) VALUES ('Stephanie st.','100','6');
INSERT INTO medical_history (patient_id,date) VALUES (146,'2019-10-22');
INSERT INTO person (id,first_name,second_name,email,user_login,user_password,sex,date_of_birth,age,permission_level) VALUES (147,'Keith','Rogers','pricetina@gmail.com','jodiphillips','wmkWjOKwl','M','2004-11-07',15,5);
INSERT INTO patient (id) VALUES (147);
INSERT INTO patients_address (street,house,apartement) VALUES ('Kevin st.','33','10');
INSERT INTO medical_history (patient_id,date) VALUES (147,'2019-11-10');
INSERT INTO person (id,first_name,second_name,email,user_login,user_password,sex,date_of_birth,age,permission_level) VALUES (148,'Seth','Parker','rebeccagates@hotmail.com','gavila','mobltQdlTd','M','2012-07-10',7,2);
INSERT INTO staff_member (id,employed_since,position,salary,room) VALUES (148,'2013-01-26','HR',30000,64);
INSERT INTO hr (id,selection_responsibility) VALUES (148,'Interview');
INSERT INTO person (id,first_name,second_name,email,user_login,user_password,sex,date_of_birth,age,permission_level) VALUES (149,'Stephen','Smith','iroberts@yahoo.com','paulluna','uALQGchdKo','M','1967-04-30',52,1);
INSERT INTO staff_member (id,employed_since,position,salary,room) VALUES (149,'2018-07-04','Nurse',25000,4);
INSERT INTO nurse (id,surgery_assistant,preferred_shifts,appointment_assistant,departement_id) VALUES (149,B'0','Night',B'1',8);
INSERT INTO person (id,first_name,second_name,email,user_login,user_password,sex,date_of_birth,age,permission_level) VALUES (150,'Terry','Parker','ppetty@yahoo.com','imarsh','WJNwXPlppi','F','1995-05-16',24,5);
INSERT INTO staff_member (id,employed_since,position,salary,room) VALUES (150,'2015-06-02','Security Team Member',10000,63);
INSERT INTO security_team_member (id,shifts,physical_test_grade) VALUES (150,'Night','C');
INSERT INTO person (id,first_name,second_name,email,user_login,user_password,sex,date_of_birth,age,permission_level) VALUES (151,'Brandon','Smith','ssawyer@gmail.com','adamspatrick','QNMIWaincif','M','1946-08-06',73,4);
INSERT INTO patient (id) VALUES (151);
INSERT INTO patients_address (street,house,apartement) VALUES ('Susan st.','69','3');
INSERT INTO medical_history (patient_id,date) VALUES (151,'2019-11-15');
INSERT INTO person (id,first_name,second_name,email,user_login,user_password,sex,date_of_birth,age,permission_level) VALUES (152,'Cheyenne','Nixon','bhubbard@yahoo.com','amccoy','kmLmvAasItgE','F','1988-02-07',31,5);
INSERT INTO staff_member (id,employed_since,position,salary,room) VALUES (152,'2015-03-28','Nurse',25000,8);
INSERT INTO nurse (id,surgery_assistant,preferred_shifts,appointment_assistant,departement_id) VALUES (152,B'1','Day',B'0',2);
INSERT INTO person (id,first_name,second_name,email,user_login,user_password,sex,date_of_birth,age,permission_level) VALUES (153,'Tracy','Long','jennifer26@gmail.com','robertbush','VjnNuCzrGGj','F','1909-11-29',110,5);
INSERT INTO staff_member (id,employed_since,position,salary,room) VALUES (153,'2010-05-31','Nurse',25000,9);
INSERT INTO nurse (id,surgery_assistant,preferred_shifts,appointment_assistant,departement_id) VALUES (153,B'1','Day',B'0',10);
INSERT INTO person (id,first_name,second_name,email,user_login,user_password,sex,date_of_birth,age,permission_level) VALUES (154,'John','Smith','msmall@hotmail.com','jasonmcdonald','eaWzAAd','M','1943-04-12',76,4);
INSERT INTO staff_member (id,employed_since,position,salary,room) VALUES (154,'2019-06-05','Professor',35000,40);
INSERT INTO professor (id,research_topic,surgery_participation,departement_id) VALUES (154,'Emergency Medicine Specialist',B'1',6);
INSERT INTO person (id,first_name,second_name,email,user_login,user_password,sex,date_of_birth,age,permission_level) VALUES (155,'Cassandra','Ferguson','robinsonjoseph@hotmail.com','aliciacampbell','AGYNBUCRAtEsXC','F','2000-12-29',19,2);
INSERT INTO staff_member (id,employed_since,position,salary,room) VALUES (155,'2018-03-23','Nurse',25000,6);
INSERT INTO nurse (id,surgery_assistant,preferred_shifts,appointment_assistant,departement_id) VALUES (155,B'0','Night',B'0',9);
INSERT INTO person (id,first_name,second_name,email,user_login,user_password,sex,date_of_birth,age,permission_level) VALUES (156,'Pamela','Torres','bowmankristin@yahoo.com','leslie67','qCtGvoDMMh','F','2018-12-16',1,4);
INSERT INTO staff_member (id,employed_since,position,salary,room) VALUES (156,'2012-06-25','Nurse',25000,9);
INSERT INTO nurse (id,surgery_assistant,preferred_shifts,appointment_assistant,departement_id) VALUES (156,B'0','Day',B'1',4);
INSERT INTO person (id,first_name,second_name,email,user_login,user_password,sex,date_of_birth,age,permission_level) VALUES (157,'Justin','Murray','muellerjorge@hotmail.com','amendoza','HntuhLyp','M','2013-03-01',6,5);
INSERT INTO patient (id) VALUES (157);
INSERT INTO patients_address (street,house,apartement) VALUES ('Holly st.','56','9');
INSERT INTO medical_history (patient_id,date) VALUES (157,'2019-11-10');
INSERT INTO person (id,first_name,second_name,email,user_login,user_password,sex,date_of_birth,age,permission_level) VALUES (158,'Nicole','Jones','kmeyer@yahoo.com','brittanytate','OvcLRqbkxT','F','1996-01-29',23,1);
INSERT INTO staff_member (id,employed_since,position,salary,room) VALUES (158,'2015-03-13','Professor',35000,32);
INSERT INTO professor (id,research_topic,surgery_participation,departement_id) VALUES (158,'Colon Surgeon',B'0',1);
INSERT INTO person (id,first_name,second_name,email,user_login,user_password,sex,date_of_birth,age,permission_level) VALUES (159,'Jeremy','Garrett','markbaker@hotmail.com','htate','WXORpxpqIr','M','1966-01-12',53,3);
INSERT INTO patient (id) VALUES (159);
INSERT INTO patients_address (street,house,apartement) VALUES ('Gary st.','3','1');
INSERT INTO medical_history (patient_id,date) VALUES (159,'2019-11-06');
INSERT INTO person (id,first_name,second_name,email,user_login,user_password,sex,date_of_birth,age,permission_level) VALUES (160,'Chelsea','Webb','velazqueztimothy@hotmail.com','erin55','CuEryKsbn','F','2015-05-08',4,2);
INSERT INTO staff_member (id,employed_since,position,salary,room) VALUES (160,'2014-09-26','Professor',35000,38);
INSERT INTO professor (id,research_topic,surgery_participation,departement_id) VALUES (160,'Otolaryngologist',B'1',6);
INSERT INTO person (id,first_name,second_name,email,user_login,user_password,sex,date_of_birth,age,permission_level) VALUES (161,'Juan','Franklin','hnicholson@yahoo.com','ckline','bsAuiAcsFGhB','M','1923-02-18',96,2);
INSERT INTO staff_member (id,employed_since,position,salary,room) VALUES (161,'2013-06-20','Cook',15000,72);
INSERT INTO cook (id,experience) VALUES (161,8);
INSERT INTO person (id,first_name,second_name,email,user_login,user_password,sex,date_of_birth,age,permission_level) VALUES (162,'Michelle','Jackson','ericwolf@gmail.com','nicholasbowman','vTPJrNeI','F','1928-02-23',91,4);
INSERT INTO staff_member (id,employed_since,position,salary,room) VALUES (162,'2015-02-27','Maintanence Worker',15000,58);
INSERT INTO maintanence_worker (id,employment_type,speciality) VALUES (162,'Part time','Machines');
INSERT INTO person (id,first_name,second_name,email,user_login,user_password,sex,date_of_birth,age,permission_level) VALUES (163,'Michael','Reyes','smithamanda@yahoo.com','sierra91','RzNWEqKUns','M','1979-10-04',40,3);
INSERT INTO staff_member (id,employed_since,position,salary,room) VALUES (163,'2018-04-20','Nurse',25000,10);
INSERT INTO nurse (id,surgery_assistant,preferred_shifts,appointment_assistant,departement_id) VALUES (163,B'1','Night',B'0',9);
INSERT INTO person (id,first_name,second_name,email,user_login,user_password,sex,date_of_birth,age,permission_level) VALUES (164,'Kathleen','Manning','bwatson@hotmail.com','johnathan83','ijHiBeeHIFi','F','1947-01-29',72,1);
INSERT INTO staff_member (id,employed_since,position,salary,room) VALUES (164,'2015-01-14','Doctor',35000,19);
INSERT INTO doctor (id,speciality,emergency_hours,experience,departement_id,supervisor) VALUES (164,'Pediatrician',B'0',2,1,62);
INSERT INTO person (id,first_name,second_name,email,user_login,user_password,sex,date_of_birth,age,permission_level) VALUES (165,'Mrs.','Emily','anthony25@gmail.com','rebecca69','gPTPqdPx','F','1927-02-19',92,4);
INSERT INTO staff_member (id,employed_since,position,salary,room) VALUES (165,'2016-06-14','IT Specialist',15000,75);
INSERT INTO IT_specialist (id,support_line) VALUES (165,B'0');
INSERT INTO person (id,first_name,second_name,email,user_login,user_password,sex,date_of_birth,age,permission_level) VALUES (166,'Jeffrey','Briggs','randallryan@gmail.com','vflores','ijkHqjQHiot','M','1938-07-23',81,5);
INSERT INTO staff_member (id,employed_since,position,salary,room) VALUES (166,'2013-05-20','HR',30000,65);
INSERT INTO hr (id,selection_responsibility) VALUES (166,'Interview');
INSERT INTO person (id,first_name,second_name,email,user_login,user_password,sex,date_of_birth,age,permission_level) VALUES (167,'Shannon','Medina','madison61@hotmail.com','melissa92','uaWfZye','F','1969-06-19',50,3);
INSERT INTO staff_member (id,employed_since,position,salary,room) VALUES (167,'2013-12-27','Professor',35000,40);
INSERT INTO professor (id,research_topic,surgery_participation,departement_id) VALUES (167,'Rheumatologist',B'1',3);
INSERT INTO person (id,first_name,second_name,email,user_login,user_password,sex,date_of_birth,age,permission_level) VALUES (168,'John','Frederick','fpayne@hotmail.com','tina74','ypEfJlXPBFZ','M','1986-12-02',33,2);
INSERT INTO staff_member (id,employed_since,position,salary,room) VALUES (168,'2017-08-08','Cleaning Team Worker',10000,55);
INSERT INTO cleaning_team_worker (id,employment_type) VALUES (168,'Full time');
INSERT INTO person (id,first_name,second_name,email,user_login,user_password,sex,date_of_birth,age,permission_level) VALUES (169,'James','Black','hansonshawn@yahoo.com','travis60','wMvinToBYM','M','1997-06-24',22,4);
INSERT INTO patient (id) VALUES (169);
INSERT INTO patients_address (street,house,apartement) VALUES ('Tracey st.','17','10');
INSERT INTO medical_history (patient_id,date) VALUES (169,'2019-11-01');
INSERT INTO person (id,first_name,second_name,email,user_login,user_password,sex,date_of_birth,age,permission_level) VALUES (170,'Eric','Odom','amandavaldez@hotmail.com','hailey17','skfpVcRwK','M','1938-04-05',81,2);
INSERT INTO staff_member (id,employed_since,position,salary,room) VALUES (170,'2019-11-05','Doctor',35000,26);
INSERT INTO doctor (id,speciality,emergency_hours,experience,departement_id,supervisor) VALUES (170,'Infectious Disease Specialist',B'0',9,10,101);
INSERT INTO person (id,first_name,second_name,email,user_login,user_password,sex,date_of_birth,age,permission_level) VALUES (171,'Jamie','Brown','amber28@yahoo.com','paynejennifer','HfbMzLD','F','1933-10-19',86,2);
INSERT INTO staff_member (id,employed_since,position,salary,room) VALUES (171,'2016-11-13','Professor',35000,34);
INSERT INTO professor (id,research_topic,surgery_participation,departement_id) VALUES (171,'Medicine Specialist',B'0',10);
INSERT INTO person (id,first_name,second_name,email,user_login,user_password,sex,date_of_birth,age,permission_level) VALUES (172,'Mary','Gonzalez','nicholasthomas@yahoo.com','emilybuck','RJdmcwH','F','2006-01-28',13,1);
INSERT INTO patient (id) VALUES (172);
INSERT INTO patients_address (street,house,apartement) VALUES ('Nathaniel st.','6','9');
INSERT INTO medical_history (patient_id,date) VALUES (172,'2019-10-19');
INSERT INTO person (id,first_name,second_name,email,user_login,user_password,sex,date_of_birth,age,permission_level) VALUES (173,'Kimberly','Stanley','bmaldonado@yahoo.com','xhodges','ZnvxwGGCQwPau','F','2003-01-15',16,2);
INSERT INTO patient (id) VALUES (173);
INSERT INTO patients_address (street,house,apartement) VALUES ('Brenda st.','93','6');
INSERT INTO medical_history (patient_id,date) VALUES (173,'2019-10-23');
INSERT INTO person (id,first_name,second_name,email,user_login,user_password,sex,date_of_birth,age,permission_level) VALUES (174,'Shane','Rodriguez','richardsmichael@hotmail.com','williamsjoshua','DjwKobJeyrz','M','1997-04-30',22,1);
INSERT INTO patient (id) VALUES (174);
INSERT INTO patients_address (street,house,apartement) VALUES ('Miranda st.','63','9');
INSERT INTO medical_history (patient_id,date) VALUES (174,'2019-10-17');
INSERT INTO person (id,first_name,second_name,email,user_login,user_password,sex,date_of_birth,age,permission_level) VALUES (175,'Cindy','Rivera','luiscraig@gmail.com','jessicanovak','GJMtjIr','F','1935-04-08',84,4);
INSERT INTO patient (id) VALUES (175);
INSERT INTO patients_address (street,house,apartement) VALUES ('Michele st.','65','3');
INSERT INTO medical_history (patient_id,date) VALUES (175,'2019-11-03');
INSERT INTO person (id,first_name,second_name,email,user_login,user_password,sex,date_of_birth,age,permission_level) VALUES (176,'Carol','Jackson','denise96@gmail.com','daniel00','CryaHxu','F','1906-12-01',113,3);
INSERT INTO staff_member (id,employed_since,position,salary,room) VALUES (176,'2018-01-05','IT Specialist',15000,74);
INSERT INTO IT_specialist (id,support_line) VALUES (176,B'0');
INSERT INTO person (id,first_name,second_name,email,user_login,user_password,sex,date_of_birth,age,permission_level) VALUES (177,'Kimberly','Preston','igraves@hotmail.com','christopher80','XSEIyzsebysKuDC','F','1929-02-13',90,5);
INSERT INTO patient (id) VALUES (177);
INSERT INTO patients_address (street,house,apartement) VALUES ('Michelle st.','60','8');
INSERT INTO medical_history (patient_id,date) VALUES (177,'2019-11-16');
INSERT INTO person (id,first_name,second_name,email,user_login,user_password,sex,date_of_birth,age,permission_level) VALUES (178,'Christopher','Garcia','stephanie94@yahoo.com','melindasmith','mUSzajLGbeD','M','1921-12-27',98,3);
INSERT INTO patient (id) VALUES (178);
INSERT INTO patients_address (street,house,apartement) VALUES ('Aaron st.','11','10');
INSERT INTO medical_history (patient_id,date) VALUES (178,'2019-11-04');
INSERT INTO person (id,first_name,second_name,email,user_login,user_password,sex,date_of_birth,age,permission_level) VALUES (179,'Richard','Bailey','melissa33@gmail.com','fernandezmary','nyjparXAJMVlEuU','M','1999-01-26',20,5);
INSERT INTO staff_member (id,employed_since,position,salary,room) VALUES (179,'2011-02-14','HR',30000,64);
INSERT INTO hr (id,selection_responsibility) VALUES (179,'Interview');
INSERT INTO person (id,first_name,second_name,email,user_login,user_password,sex,date_of_birth,age,permission_level) VALUES (180,'Larry','Chen','andrew49@hotmail.com','lori78','LoTFrAIZFW','M','1999-01-04',20,2);
INSERT INTO staff_member (id,employed_since,position,salary,room) VALUES (180,'2014-01-02','Nurse',25000,8);
INSERT INTO nurse (id,surgery_assistant,preferred_shifts,appointment_assistant,departement_id) VALUES (180,B'1','Night',B'1',5);
INSERT INTO person (id,first_name,second_name,email,user_login,user_password,sex,date_of_birth,age,permission_level) VALUES (181,'Emily','Ochoa','andreahuang@yahoo.com','ktorres','dwxmJkewGJiBfUD','F','1947-03-10',72,1);
INSERT INTO staff_member (id,employed_since,position,salary,room) VALUES (181,'2013-10-24','Doctor',35000,15);
INSERT INTO doctor (id,speciality,emergency_hours,experience,departement_id,supervisor) VALUES (181,'Pediatrician',B'0',10,1,66);
INSERT INTO person (id,first_name,second_name,email,user_login,user_password,sex,date_of_birth,age,permission_level) VALUES (182,'Samuel','Griffith','corywoods@gmail.com','erin36','CtHFGDlA','M','2011-12-11',8,1);
INSERT INTO patient (id) VALUES (182);
INSERT INTO patients_address (street,house,apartement) VALUES ('James st.','15','1');
INSERT INTO medical_history (patient_id,date) VALUES (182,'2019-11-18');
INSERT INTO person (id,first_name,second_name,email,user_login,user_password,sex,date_of_birth,age,permission_level) VALUES (183,'Tina','Hall','johnsonmarcus@gmail.com','jacobpeterson','FzGPNVYewedYN','F','1944-12-05',75,5);
INSERT INTO staff_member (id,employed_since,position,salary,room) VALUES (183,'2011-07-17','Lab Technician',15000,47);
INSERT INTO lab_technician (id,education_level,departement_id) VALUES (183,'Magister',8);
INSERT INTO person (id,first_name,second_name,email,user_login,user_password,sex,date_of_birth,age,permission_level) VALUES (184,'Amber','Brown','bautistamary@yahoo.com','crystalramirez','KOkDwJgSo','F','1967-06-12',52,1);
INSERT INTO patient (id) VALUES (184);
INSERT INTO patients_address (street,house,apartement) VALUES ('Monica st.','59','4');
INSERT INTO medical_history (patient_id,date) VALUES (184,'2019-10-17');
INSERT INTO person (id,first_name,second_name,email,user_login,user_password,sex,date_of_birth,age,permission_level) VALUES (185,'Jennifer','Frost','eweiss@hotmail.com','katie21','igqctnLOQrS','F','1947-01-22',72,4);
INSERT INTO staff_member (id,employed_since,position,salary,room) VALUES (185,'2014-08-19','Nurse',25000,9);
INSERT INTO nurse (id,surgery_assistant,preferred_shifts,appointment_assistant,departement_id) VALUES (185,B'1','Night',B'1',7);
INSERT INTO person (id,first_name,second_name,email,user_login,user_password,sex,date_of_birth,age,permission_level) VALUES (186,'Joshua','Saunders','yorkjeffrey@gmail.com','denisemartin','UuxpHecnEoZdP','M','1917-03-20',102,3);
INSERT INTO staff_member (id,employed_since,position,salary,room) VALUES (186,'2018-01-11','Reseptionist',15000,56);
INSERT INTO reseptionist (id) VALUES (186);
INSERT INTO languages_spoken (reseptionist_id,language) VALUES (186,'EnglishItalianRussian');
INSERT INTO person (id,first_name,second_name,email,user_login,user_password,sex,date_of_birth,age,permission_level) VALUES (187,'Jerry','Glover','mmartin@gmail.com','loveeddie','cmiYSEXhZ','M','1958-09-11',61,3);
INSERT INTO staff_member (id,employed_since,position,salary,room) VALUES (187,'2019-03-16','Nurse',25000,6);
INSERT INTO nurse (id,surgery_assistant,preferred_shifts,appointment_assistant,departement_id) VALUES (187,B'1','Night',B'0',6);
INSERT INTO person (id,first_name,second_name,email,user_login,user_password,sex,date_of_birth,age,permission_level) VALUES (188,'Vanessa','Reed','solomonnicholas@gmail.com','thomasdudley','qTvCThnqOTdyPP','F','1909-04-11',110,3);
INSERT INTO staff_member (id,employed_since,position,salary,room) VALUES (188,'2015-12-11','Cleaning Team Worker',10000,54);
INSERT INTO cleaning_team_worker (id,employment_type) VALUES (188,'Full time');
INSERT INTO person (id,first_name,second_name,email,user_login,user_password,sex,date_of_birth,age,permission_level) VALUES (189,'Robert','Campbell','tamara01@yahoo.com','bbryant','pLANsbujlhsaC','M','2014-10-20',5,2);
INSERT INTO staff_member (id,employed_since,position,salary,room) VALUES (189,'2010-01-15','Nurse',25000,6);
INSERT INTO nurse (id,surgery_assistant,preferred_shifts,appointment_assistant,departement_id) VALUES (189,B'0','Day',B'1',4);
INSERT INTO person (id,first_name,second_name,email,user_login,user_password,sex,date_of_birth,age,permission_level) VALUES (190,'Jon','Chung','msmith@gmail.com','mlester','cTWDYJnSIK','M','1911-04-28',108,2);
INSERT INTO patient (id) VALUES (190);
INSERT INTO patients_address (street,house,apartement) VALUES ('Carl st.','41','10');
INSERT INTO medical_history (patient_id,date) VALUES (190,'2019-10-30');
INSERT INTO person (id,first_name,second_name,email,user_login,user_password,sex,date_of_birth,age,permission_level) VALUES (191,'Marcus','Cook','zoe90@hotmail.com','salasdarren','qhCTtJjmKsb','M','2003-11-02',16,4);
INSERT INTO staff_member (id,employed_since,position,salary,room) VALUES (191,'2012-04-18','Security Team Member',10000,63);
INSERT INTO security_team_member (id,shifts,physical_test_grade) VALUES (191,'Day','C');
INSERT INTO person (id,first_name,second_name,email,user_login,user_password,sex,date_of_birth,age,permission_level) VALUES (192,'Jennifer','Ramos','jason18@hotmail.com','vdavis','pJhlaAvMxB','F','1946-12-24',73,4);
INSERT INTO staff_member (id,employed_since,position,salary,room) VALUES (192,'2019-02-09','HR',30000,65);
INSERT INTO hr (id,selection_responsibility) VALUES (192,'Interview');
INSERT INTO person (id,first_name,second_name,email,user_login,user_password,sex,date_of_birth,age,permission_level) VALUES (193,'Daniel','Wise','kylegonzales@yahoo.com','gardnerlaura','kPlrezrYCaT','M','1967-12-12',52,1);
INSERT INTO staff_member (id,employed_since,position,salary,room) VALUES (193,'2019-01-03','Doctor',35000,19);
INSERT INTO doctor (id,speciality,emergency_hours,experience,departement_id,supervisor) VALUES (193,'Colon Surgeon',B'1',8,8,50);
INSERT INTO person (id,first_name,second_name,email,user_login,user_password,sex,date_of_birth,age,permission_level) VALUES (194,'Ryan','Rodriguez','fvillegas@gmail.com','brooksgregory','nYBKjYBJhYAczKV','M','2007-10-22',12,5);
INSERT INTO staff_member (id,employed_since,position,salary,room) VALUES (194,'2017-10-15','Nurse',25000,9);
INSERT INTO nurse (id,surgery_assistant,preferred_shifts,appointment_assistant,departement_id) VALUES (194,B'0','Day',B'1',10);
INSERT INTO person (id,first_name,second_name,email,user_login,user_password,sex,date_of_birth,age,permission_level) VALUES (195,'Jesse','Adams','bradley70@gmail.com','mlewis','zFEOfwqI','M','1933-06-16',86,2);
INSERT INTO patient (id) VALUES (195);
INSERT INTO patients_address (street,house,apartement) VALUES ('Ronald st.','96','6');
INSERT INTO medical_history (patient_id,date) VALUES (195,'2019-11-11');
INSERT INTO person (id,first_name,second_name,email,user_login,user_password,sex,date_of_birth,age,permission_level) VALUES (196,'Christine','Miller','michaelbarrett@gmail.com','jamieshields','KAtiVsHTdIyWWj','F','1960-01-27',59,2);
INSERT INTO staff_member (id,employed_since,position,salary,room) VALUES (196,'2010-12-06','Priest',15000,78);
INSERT INTO priest (id,religion) VALUES (196,'Judaism');
INSERT INTO person (id,first_name,second_name,email,user_login,user_password,sex,date_of_birth,age,permission_level) VALUES (197,'Kelly','Guzman','joel26@yahoo.com','mchapman','wwARgzDUmXIvfB','F','2019-07-13',0,4);
INSERT INTO staff_member (id,employed_since,position,salary,room) VALUES (197,'2017-07-29','Cleaning Team Worker',10000,51);
INSERT INTO cleaning_team_worker (id,employment_type) VALUES (197,'Full time');
INSERT INTO person (id,first_name,second_name,email,user_login,user_password,sex,date_of_birth,age,permission_level) VALUES (198,'Mary','Guerra','melissaroberson@hotmail.com','hchavez','mwWpmwFpUQm','F','1936-04-03',83,2);
INSERT INTO patient (id) VALUES (198);
INSERT INTO patients_address (street,house,apartement) VALUES ('Michael st.','67','8');
INSERT INTO medical_history (patient_id,date) VALUES (198,'2019-10-27');
INSERT INTO person (id,first_name,second_name,email,user_login,user_password,sex,date_of_birth,age,permission_level) VALUES (199,'Tammy','Campbell','brownmark@gmail.com','mcbridespencer','SMEGpJwrMtLyqP','F','1916-03-30',103,4);
INSERT INTO staff_member (id,employed_since,position,salary,room) VALUES (199,'2011-06-08','Nurse',25000,7);
INSERT INTO nurse (id,surgery_assistant,preferred_shifts,appointment_assistant,departement_id) VALUES (199,B'1','Night',B'0',7);
INSERT INTO person (id,first_name,second_name,email,user_login,user_password,sex,date_of_birth,age,permission_level) VALUES (200,'Charles','Perry','diane05@hotmail.com','mercadoeric','AaNAKXOLRpswUzv','M','1941-08-12',78,4);
INSERT INTO staff_member (id,employed_since,position,salary,room) VALUES (200,'2015-01-24','Priest',15000,80);
INSERT INTO priest (id,religion) VALUES (200,'Islam');
INSERT INTO person (id,first_name,second_name,email,user_login,user_password,sex,date_of_birth,age,permission_level) VALUES (201,'Mark','Rich','hayesryan@gmail.com','ellistiffany','btSUBWjtLOzHew','M','1949-02-06',70,4);
INSERT INTO patient (id) VALUES (201);
INSERT INTO patients_address (street,house,apartement) VALUES ('Misty st.','12','10');
INSERT INTO medical_history (patient_id,date) VALUES (201,'2019-11-24');
INSERT INTO person (id,first_name,second_name,email,user_login,user_password,sex,date_of_birth,age,permission_level) VALUES (202,'Kristy','Rogers','carla88@hotmail.com','steven54','eLrBoDHibu','F','1951-12-20',68,4);
INSERT INTO staff_member (id,employed_since,position,salary,room) VALUES (202,'2011-06-02','IT Specialist',15000,76);
INSERT INTO IT_specialist (id,support_line) VALUES (202,B'1');
INSERT INTO person (id,first_name,second_name,email,user_login,user_password,sex,date_of_birth,age,permission_level) VALUES (203,'Jesus','Blair','lmoore@gmail.com','kevin10','BhquJfUDeC','M','1935-09-25',84,3);
INSERT INTO staff_member (id,employed_since,position,salary,room) VALUES (203,'2017-08-12','IT Specialist',15000,76);
INSERT INTO IT_specialist (id,support_line) VALUES (203,B'1');
INSERT INTO person (id,first_name,second_name,email,user_login,user_password,sex,date_of_birth,age,permission_level) VALUES (204,'Rebecca','Wallace','james45@gmail.com','dana50','OKbGFoucO','F','1905-04-28',114,5);
INSERT INTO staff_member (id,employed_since,position,salary,room) VALUES (204,'2013-08-12','Nurse',25000,3);
INSERT INTO nurse (id,surgery_assistant,preferred_shifts,appointment_assistant,departement_id) VALUES (204,B'1','Day',B'0',10);
INSERT INTO person (id,first_name,second_name,email,user_login,user_password,sex,date_of_birth,age,permission_level) VALUES (205,'Chad','Smith','hectorgreen@hotmail.com','merrittleonard','GNXhBZAG','M','1971-06-02',48,5);
INSERT INTO staff_member (id,employed_since,position,salary,room) VALUES (205,'2010-11-27','Nurse',25000,10);
INSERT INTO nurse (id,surgery_assistant,preferred_shifts,appointment_assistant,departement_id) VALUES (205,B'0','Day',B'0',1);
INSERT INTO person (id,first_name,second_name,email,user_login,user_password,sex,date_of_birth,age,permission_level) VALUES (206,'Bobby','Moore','pagewendy@yahoo.com','sheryl03','qasWpUjboahl','M','1930-05-07',89,2);
INSERT INTO patient (id) VALUES (206);
INSERT INTO patients_address (street,house,apartement) VALUES ('David st.','88','5');
INSERT INTO medical_history (patient_id,date) VALUES (206,'2019-11-15');
INSERT INTO person (id,first_name,second_name,email,user_login,user_password,sex,date_of_birth,age,permission_level) VALUES (207,'Erica','Paul','margaret34@gmail.com','douglas48','MpxbrjHIKDNitlV','F','1960-04-07',59,5);
INSERT INTO staff_member (id,employed_since,position,salary,room) VALUES (207,'2018-03-16','Doctor',35000,11);
INSERT INTO doctor (id,speciality,emergency_hours,experience,departement_id,supervisor) VALUES (207,'Obstetrician and Gynecologist',B'1',1,6,135);
INSERT INTO person (id,first_name,second_name,email,user_login,user_password,sex,date_of_birth,age,permission_level) VALUES (208,'Kayla','Malone','carlosperez@hotmail.com','kaylagarcia','bYPfeRZ','F','2011-11-30',8,1);
INSERT INTO staff_member (id,employed_since,position,salary,room) VALUES (208,'2012-02-25','Priest',15000,78);
INSERT INTO priest (id,religion) VALUES (208,'Islam');
INSERT INTO person (id,first_name,second_name,email,user_login,user_password,sex,date_of_birth,age,permission_level) VALUES (209,'Michael','Farley','colleenho@yahoo.com','fnichols','pvoLQYaJdyW','M','2003-03-12',16,3);
INSERT INTO patient (id) VALUES (209);
INSERT INTO patients_address (street,house,apartement) VALUES ('Ricardo st.','12','9');
INSERT INTO medical_history (patient_id,date) VALUES (209,'2019-11-01');
INSERT INTO person (id,first_name,second_name,email,user_login,user_password,sex,date_of_birth,age,permission_level) VALUES (210,'Ashley','Moran','ecooper@gmail.com','steintiffany','bJHfPHjpka','F','2012-02-10',7,4);
INSERT INTO patient (id) VALUES (210);
INSERT INTO patients_address (street,house,apartement) VALUES ('Dylan st.','37','1');
INSERT INTO medical_history (patient_id,date) VALUES (210,'2019-10-31');
INSERT INTO person (id,first_name,second_name,email,user_login,user_password,sex,date_of_birth,age,permission_level) VALUES (211,'Adam','Cook','kristiereeves@hotmail.com','richardsonrenee','AhdCsUPoHNGScA','M','1958-03-08',61,5);
INSERT INTO staff_member (id,employed_since,position,salary,room) VALUES (211,'2013-10-15','Lab Technician',15000,45);
INSERT INTO lab_technician (id,education_level,departement_id) VALUES (211,'Bachelor',9);
INSERT INTO person (id,first_name,second_name,email,user_login,user_password,sex,date_of_birth,age,permission_level) VALUES (212,'Wendy','Wilson','nathan25@yahoo.com','rwilson','bywZTkS','F','1997-07-12',22,3);
INSERT INTO staff_member (id,employed_since,position,salary,room) VALUES (212,'2019-02-08','Nurse',25000,7);
INSERT INTO nurse (id,surgery_assistant,preferred_shifts,appointment_assistant,departement_id) VALUES (212,B'1','Day',B'1',5);
INSERT INTO person (id,first_name,second_name,email,user_login,user_password,sex,date_of_birth,age,permission_level) VALUES (213,'Jonathan','Freeman','cparrish@gmail.com','linda34','mAOqyvPCLV','M','1960-03-08',59,5);
INSERT INTO patient (id) VALUES (213);
INSERT INTO patients_address (street,house,apartement) VALUES ('Casey st.','11','8');
INSERT INTO medical_history (patient_id,date) VALUES (213,'2019-10-16');
INSERT INTO person (id,first_name,second_name,email,user_login,user_password,sex,date_of_birth,age,permission_level) VALUES (214,'Jennifer','Neal','tapiaadrian@gmail.com','joyceandrew','hxgmrGUkYeJrAb','F','1952-03-10',67,3);
INSERT INTO patient (id) VALUES (214);
INSERT INTO patients_address (street,house,apartement) VALUES ('Thomas st.','75','5');
INSERT INTO medical_history (patient_id,date) VALUES (214,'2019-10-17');
INSERT INTO person (id,first_name,second_name,email,user_login,user_password,sex,date_of_birth,age,permission_level) VALUES (215,'Bradley','Powell','lindsey62@yahoo.com','rachel49','dGQSCAvea','M','1949-09-15',70,5);
INSERT INTO patient (id) VALUES (215);
INSERT INTO patients_address (street,house,apartement) VALUES ('Amanda st.','100','10');
INSERT INTO medical_history (patient_id,date) VALUES (215,'2019-11-12');
INSERT INTO person (id,first_name,second_name,email,user_login,user_password,sex,date_of_birth,age,permission_level) VALUES (216,'Luke','Perez','matthew49@gmail.com','daniellegreen','dTQDplPPTREvE','M','1930-07-22',89,4);
INSERT INTO staff_member (id,employed_since,position,salary,room) VALUES (216,'2015-07-22','Lab Technician',15000,46);
INSERT INTO lab_technician (id,education_level,departement_id) VALUES (216,'Magister',2);
INSERT INTO person (id,first_name,second_name,email,user_login,user_password,sex,date_of_birth,age,permission_level) VALUES (217,'Casey','Duke','webbsherry@gmail.com','rachelrodriguez','iIEdfAx','F','1964-09-19',55,3);
INSERT INTO patient (id) VALUES (217);
INSERT INTO patients_address (street,house,apartement) VALUES ('John st.','4','1');
INSERT INTO medical_history (patient_id,date) VALUES (217,'2019-10-22');
INSERT INTO person (id,first_name,second_name,email,user_login,user_password,sex,date_of_birth,age,permission_level) VALUES (218,'Christopher','Baker','kwilkins@yahoo.com','hfranco','AlxGdmmQYUe','M','1945-04-16',74,2);
INSERT INTO patient (id) VALUES (218);
INSERT INTO patients_address (street,house,apartement) VALUES ('James st.','87','8');
INSERT INTO medical_history (patient_id,date) VALUES (218,'2019-10-25');
INSERT INTO person (id,first_name,second_name,email,user_login,user_password,sex,date_of_birth,age,permission_level) VALUES (219,'Mary','Alvarado','hessanne@yahoo.com','watersdavid','WKcPPiGqK','F','1949-12-25',70,3);
INSERT INTO staff_member (id,employed_since,position,salary,room) VALUES (219,'2018-06-28','Pharmasist',20000,68);
INSERT INTO pharmasist (id,education_level,research) VALUES (219,'Magister',B'0');
INSERT INTO person (id,first_name,second_name,email,user_login,user_password,sex,date_of_birth,age,permission_level) VALUES (220,'John','Lynch','monroehannah@hotmail.com','alyssawillis','yLIyOWGPX','M','1920-06-10',99,1);
INSERT INTO patient (id) VALUES (220);
INSERT INTO patients_address (street,house,apartement) VALUES ('John st.','63','2');
INSERT INTO medical_history (patient_id,date) VALUES (220,'2019-11-23');
INSERT INTO person (id,first_name,second_name,email,user_login,user_password,sex,date_of_birth,age,permission_level) VALUES (221,'Paul','Hampton','johncook@hotmail.com','wjohnson','yOKuyOArsDDHulV','M','1938-02-02',81,4);
INSERT INTO patient (id) VALUES (221);
INSERT INTO patients_address (street,house,apartement) VALUES ('Maurice st.','61','7');
INSERT INTO medical_history (patient_id,date) VALUES (221,'2019-11-13');
INSERT INTO person (id,first_name,second_name,email,user_login,user_password,sex,date_of_birth,age,permission_level) VALUES (222,'Kevin','Hayes','jelliott@hotmail.com','christophermcmillan','gKvhNteqYMeYHz','M','2003-08-28',16,5);
INSERT INTO staff_member (id,employed_since,position,salary,room) VALUES (222,'2014-02-07','Doctor',35000,22);
INSERT INTO doctor (id,speciality,emergency_hours,experience,departement_id,supervisor) VALUES (222,'Psychiatrist',B'0',7,7,15);
INSERT INTO person (id,first_name,second_name,email,user_login,user_password,sex,date_of_birth,age,permission_level) VALUES (223,'Brandon','Burns','christy42@hotmail.com','harrellvalerie','JELHEvj','M','1966-12-30',53,2);
INSERT INTO staff_member (id,employed_since,position,salary,room) VALUES (223,'2014-06-01','Nurse',25000,9);
INSERT INTO nurse (id,surgery_assistant,preferred_shifts,appointment_assistant,departement_id) VALUES (223,B'0','Night',B'1',8);
INSERT INTO person (id,first_name,second_name,email,user_login,user_password,sex,date_of_birth,age,permission_level) VALUES (224,'Emily','Gonzalez','geraldodonnell@hotmail.com','zjones','cvAQKEzZ','F','1997-01-30',22,3);
INSERT INTO staff_member (id,employed_since,position,salary,room) VALUES (224,'2012-12-21','Doctor',35000,22);
INSERT INTO doctor (id,speciality,emergency_hours,experience,departement_id,supervisor) VALUES (224,'Pulmonologist',B'0',5,8,126);
INSERT INTO person (id,first_name,second_name,email,user_login,user_password,sex,date_of_birth,age,permission_level) VALUES (225,'Denise','Carter','dberger@gmail.com','burchlee','UKvKQLoia','F','1905-06-23',114,4);
INSERT INTO staff_member (id,employed_since,position,salary,room) VALUES (225,'2014-04-19','Cook',15000,73);
INSERT INTO cook (id,experience) VALUES (225,9);
INSERT INTO person (id,first_name,second_name,email,user_login,user_password,sex,date_of_birth,age,permission_level) VALUES (226,'Nicole','Ayala','heather77@gmail.com','ywilliams','PRGBghAmxr','F','1925-12-07',94,1);
INSERT INTO patient (id) VALUES (226);
INSERT INTO patients_address (street,house,apartement) VALUES ('Angela st.','91','3');
INSERT INTO medical_history (patient_id,date) VALUES (226,'2019-10-20');
INSERT INTO person (id,first_name,second_name,email,user_login,user_password,sex,date_of_birth,age,permission_level) VALUES (227,'Zachary','Blanchard','chrishaley@hotmail.com','rbrowning','fpKDZDfl','M','2018-05-29',1,5);
INSERT INTO staff_member (id,employed_since,position,salary,room) VALUES (227,'2011-04-15','Nurse',25000,3);
INSERT INTO nurse (id,surgery_assistant,preferred_shifts,appointment_assistant,departement_id) VALUES (227,B'1','Day',B'0',4);
INSERT INTO person (id,first_name,second_name,email,user_login,user_password,sex,date_of_birth,age,permission_level) VALUES (228,'Anthony','May','kaylabryant@hotmail.com','ybonilla','dzdzZKcZ','M','2016-02-25',3,4);
INSERT INTO staff_member (id,employed_since,position,salary,room) VALUES (228,'2015-11-25','Doctor',35000,15);
INSERT INTO doctor (id,speciality,emergency_hours,experience,departement_id,supervisor) VALUES (228,'Infectious Disease Specialist',B'1',9,6,15);
INSERT INTO person (id,first_name,second_name,email,user_login,user_password,sex,date_of_birth,age,permission_level) VALUES (229,'Cynthia','Watkins','jimenezrobert@yahoo.com','rjones','dlnGBUDaDTNK','F','2010-12-06',9,3);
INSERT INTO staff_member (id,employed_since,position,salary,room) VALUES (229,'2015-09-25','Pharmasist',20000,68);
INSERT INTO pharmasist (id,education_level,research) VALUES (229,'Bachelor',B'1');
INSERT INTO person (id,first_name,second_name,email,user_login,user_password,sex,date_of_birth,age,permission_level) VALUES (230,'Cathy','Johnson','grahamdarren@hotmail.com','martinezsarah','rZcFppBEF','F','1994-09-26',25,4);
INSERT INTO staff_member (id,employed_since,position,salary,room) VALUES (230,'2014-12-15','Nurse',25000,6);
INSERT INTO nurse (id,surgery_assistant,preferred_shifts,appointment_assistant,departement_id) VALUES (230,B'1','Day',B'1',10);
INSERT INTO person (id,first_name,second_name,email,user_login,user_password,sex,date_of_birth,age,permission_level) VALUES (231,'Christina','Bell','lewisroger@gmail.com','jessica97','puCcglu','F','1909-10-26',110,2);
INSERT INTO staff_member (id,employed_since,position,salary,room) VALUES (231,'2016-03-25','Cook',15000,73);
INSERT INTO cook (id,experience) VALUES (231,9);
INSERT INTO person (id,first_name,second_name,email,user_login,user_password,sex,date_of_birth,age,permission_level) VALUES (232,'Lori','Davis','ruizkenneth@hotmail.com','susanvargas','cjeBsiE','F','1905-06-30',114,1);
INSERT INTO staff_member (id,employed_since,position,salary,room) VALUES (232,'2011-04-26','Doctor',35000,22);
INSERT INTO doctor (id,speciality,emergency_hours,experience,departement_id,supervisor) VALUES (232,'Critical Care Medicine Specialist',B'1',10,1,8);
INSERT INTO person (id,first_name,second_name,email,user_login,user_password,sex,date_of_birth,age,permission_level) VALUES (233,'Anthony','Smith','katherine06@hotmail.com','susan19','BmKyjqIodkCVQ','M','2013-01-29',6,3);
INSERT INTO staff_member (id,employed_since,position,salary,room) VALUES (233,'2016-12-06','Lab Technician',15000,46);
INSERT INTO lab_technician (id,education_level,departement_id) VALUES (233,'Bachelor',5);
INSERT INTO person (id,first_name,second_name,email,user_login,user_password,sex,date_of_birth,age,permission_level) VALUES (234,'Stephanie','Guzman','wallsbobby@hotmail.com','jasonrobbins','OHKbmftpAc','F','1964-04-22',55,2);
INSERT INTO staff_member (id,employed_since,position,salary,room) VALUES (234,'2010-12-10','Lab Technician',15000,48);
INSERT INTO lab_technician (id,education_level,departement_id) VALUES (234,'PhD',3);
INSERT INTO person (id,first_name,second_name,email,user_login,user_password,sex,date_of_birth,age,permission_level) VALUES (235,'Katrina','Phillips','maguirre@gmail.com','nwade','UWbOEHxl','F','1981-01-16',38,1);
INSERT INTO staff_member (id,employed_since,position,salary,room) VALUES (235,'2010-04-04','Nurse',25000,4);
INSERT INTO nurse (id,surgery_assistant,preferred_shifts,appointment_assistant,departement_id) VALUES (235,B'1','Day',B'1',6);
INSERT INTO person (id,first_name,second_name,email,user_login,user_password,sex,date_of_birth,age,permission_level) VALUES (236,'Rebecca','Patrick','scottangela@yahoo.com','connor21','PFSLYYqinZtC','F','1962-07-22',57,1);
INSERT INTO patient (id) VALUES (236);
INSERT INTO patients_address (street,house,apartement) VALUES ('Jonathan st.','86','7');
INSERT INTO medical_history (patient_id,date) VALUES (236,'2019-10-21');
INSERT INTO person (id,first_name,second_name,email,user_login,user_password,sex,date_of_birth,age,permission_level) VALUES (237,'Shawn','Perry','nathan79@hotmail.com','hnichols','pUcveBDz','M','2010-06-11',9,1);
INSERT INTO patient (id) VALUES (237);
INSERT INTO patients_address (street,house,apartement) VALUES ('Bryan st.','54','2');
INSERT INTO medical_history (patient_id,date) VALUES (237,'2019-11-13');
INSERT INTO person (id,first_name,second_name,email,user_login,user_password,sex,date_of_birth,age,permission_level) VALUES (238,'Jerry','Wong','hendersonmichael@yahoo.com','jhudson','kZbrlGnX','M','1994-06-08',25,3);
INSERT INTO staff_member (id,employed_since,position,salary,room) VALUES (238,'2014-07-19','Nurse',25000,3);
INSERT INTO nurse (id,surgery_assistant,preferred_shifts,appointment_assistant,departement_id) VALUES (238,B'0','Day',B'1',2);
INSERT INTO person (id,first_name,second_name,email,user_login,user_password,sex,date_of_birth,age,permission_level) VALUES (239,'Mrs.','Jennifer','mclaughlinrichard@yahoo.com','mcrosby','VbfUIITuY','F','1998-10-05',21,3);
INSERT INTO patient (id) VALUES (239);
INSERT INTO patients_address (street,house,apartement) VALUES ('Terrence st.','40','9');
INSERT INTO medical_history (patient_id,date) VALUES (239,'2019-10-30');
INSERT INTO person (id,first_name,second_name,email,user_login,user_password,sex,date_of_birth,age,permission_level) VALUES (240,'Christina','Zimmerman','bellkenneth@yahoo.com','sean25','CmfuvMkDkvbpm','F','1989-01-17',30,1);
INSERT INTO patient (id) VALUES (240);
INSERT INTO patients_address (street,house,apartement) VALUES ('Alyssa st.','100','8');
INSERT INTO medical_history (patient_id,date) VALUES (240,'2019-11-08');
INSERT INTO person (id,first_name,second_name,email,user_login,user_password,sex,date_of_birth,age,permission_level) VALUES (241,'Diana','Williams','kathyjackson@yahoo.com','sortega','kLNmfOiKsa','F','1933-03-03',86,2);
INSERT INTO staff_member (id,employed_since,position,salary,room) VALUES (241,'2010-10-12','Cook',15000,73);
INSERT INTO cook (id,experience) VALUES (241,1);
INSERT INTO person (id,first_name,second_name,email,user_login,user_password,sex,date_of_birth,age,permission_level) VALUES (242,'Karl','Andrade','brittany16@gmail.com','bgraham','KDKOqnPfrIEHD','M','1957-03-25',62,3);
INSERT INTO staff_member (id,employed_since,position,salary,room) VALUES (242,'2013-03-06','Lab Technician',15000,46);
INSERT INTO lab_technician (id,education_level,departement_id) VALUES (242,'PhD',5);
INSERT INTO person (id,first_name,second_name,email,user_login,user_password,sex,date_of_birth,age,permission_level) VALUES (243,'Robert','Robertson','danielcervantes@gmail.com','oliu','GOsKRkmrZK','M','1948-07-16',71,3);
INSERT INTO staff_member (id,employed_since,position,salary,room) VALUES (243,'2014-12-25','Nurse',25000,3);
INSERT INTO nurse (id,surgery_assistant,preferred_shifts,appointment_assistant,departement_id) VALUES (243,B'1','Day',B'0',6);
INSERT INTO person (id,first_name,second_name,email,user_login,user_password,sex,date_of_birth,age,permission_level) VALUES (244,'Jimmy','Glover','crystalwatts@hotmail.com','roliver','OWLrKcyApVkjvGF','M','1987-01-09',32,3);
INSERT INTO staff_member (id,employed_since,position,salary,room) VALUES (244,'2015-04-10','Doctor',35000,26);
INSERT INTO doctor (id,speciality,emergency_hours,experience,departement_id,supervisor) VALUES (244,'Internist',B'0',1,5,128);
INSERT INTO person (id,first_name,second_name,email,user_login,user_password,sex,date_of_birth,age,permission_level) VALUES (245,'Kimberly','Woods','petersoncameron@gmail.com','mackjessica','totLuBd','F','1926-12-12',93,3);
INSERT INTO staff_member (id,employed_since,position,salary,room) VALUES (245,'2016-05-29','Priest',15000,79);
INSERT INTO priest (id,religion) VALUES (245,'Christianity');
INSERT INTO person (id,first_name,second_name,email,user_login,user_password,sex,date_of_birth,age,permission_level) VALUES (246,'William','Gonzalez','groach@yahoo.com','jenniferjimenez','XmdHNNohKJXJEaj','M','1936-02-04',83,3);
INSERT INTO staff_member (id,employed_since,position,salary,room) VALUES (246,'2016-04-23','Reseptionist',15000,56);
INSERT INTO reseptionist (id) VALUES (246);
INSERT INTO languages_spoken (reseptionist_id,language) VALUES (246,'RussianItalianArabicPortuguesItalianTatar');
INSERT INTO person (id,first_name,second_name,email,user_login,user_password,sex,date_of_birth,age,permission_level) VALUES (247,'Daniel','Caldwell','hguerrero@hotmail.com','walter91','iZruYPuauh','M','1995-08-28',24,5);
INSERT INTO patient (id) VALUES (247);
INSERT INTO patients_address (street,house,apartement) VALUES ('Natalie st.','83','8');
INSERT INTO medical_history (patient_id,date) VALUES (247,'2019-11-10');
INSERT INTO person (id,first_name,second_name,email,user_login,user_password,sex,date_of_birth,age,permission_level) VALUES (248,'Leonard','Liu','armstrongkristopher@gmail.com','jcarey','kwJlSeGdHjS','M','1930-01-30',89,3);
INSERT INTO patient (id) VALUES (248);
INSERT INTO patients_address (street,house,apartement) VALUES ('Linda st.','51','2');
INSERT INTO medical_history (patient_id,date) VALUES (248,'2019-11-22');
INSERT INTO person (id,first_name,second_name,email,user_login,user_password,sex,date_of_birth,age,permission_level) VALUES (249,'Brandy','Tran','yrobinson@yahoo.com','thomas40','cswNahhza','F','1999-08-14',20,3);
INSERT INTO patient (id) VALUES (249);
INSERT INTO patients_address (street,house,apartement) VALUES ('Christina st.','95','7');
INSERT INTO medical_history (patient_id,date) VALUES (249,'2019-11-03');
INSERT INTO person (id,first_name,second_name,email,user_login,user_password,sex,date_of_birth,age,permission_level) VALUES (250,'Tina','Rodriguez','vhays@yahoo.com','ashlee26','MYtFWZsjMSdfplW','F','1967-05-02',52,1);
INSERT INTO staff_member (id,employed_since,position,salary,room) VALUES (250,'2010-05-08','Cook',15000,71);
INSERT INTO cook (id,experience) VALUES (250,4);
INSERT INTO person (id,first_name,second_name,email,user_login,user_password,sex,date_of_birth,age,permission_level) VALUES (251,'Bridget','Poole','williamcampbell@gmail.com','melissa61','MYnJRuDlxMgaqto','F','1955-02-07',64,5);
INSERT INTO staff_member (id,employed_since,position,salary,room) VALUES (251,'2018-06-26','Nurse',25000,8);
INSERT INTO nurse (id,surgery_assistant,preferred_shifts,appointment_assistant,departement_id) VALUES (251,B'1','Night',B'0',5);
INSERT INTO person (id,first_name,second_name,email,user_login,user_password,sex,date_of_birth,age,permission_level) VALUES (252,'Corey','Weeks','angelawoods@gmail.com','walter02','DkxQydZfDqX','M','1970-02-24',49,3);
INSERT INTO patient (id) VALUES (252);
INSERT INTO patients_address (street,house,apartement) VALUES ('Angela st.','55','9');
INSERT INTO medical_history (patient_id,date) VALUES (252,'2019-11-21');
INSERT INTO person (id,first_name,second_name,email,user_login,user_password,sex,date_of_birth,age,permission_level) VALUES (253,'Brett','Hart','kennethsolomon@yahoo.com','williamsantos','mgRmYPCby','M','2001-02-01',18,1);
INSERT INTO staff_member (id,employed_since,position,salary,room) VALUES (253,'2017-01-10','HR',30000,65);
INSERT INTO hr (id,selection_responsibility) VALUES (253,'Review');
INSERT INTO person (id,first_name,second_name,email,user_login,user_password,sex,date_of_birth,age,permission_level) VALUES (254,'Douglas','Vincent','jake67@hotmail.com','ryansarah','ZbPgkULyEV','M','1927-03-03',92,4);
INSERT INTO staff_member (id,employed_since,position,salary,room) VALUES (254,'2010-01-17','Maintanence Worker',15000,58);
INSERT INTO maintanence_worker (id,employment_type,speciality) VALUES (254,'Full time','Machines');
INSERT INTO person (id,first_name,second_name,email,user_login,user_password,sex,date_of_birth,age,permission_level) VALUES (255,'Linda','Bird','brandonbarrett@gmail.com','charles12','JdNcMorzGCLQSW','F','1906-09-24',113,5);
INSERT INTO staff_member (id,employed_since,position,salary,room) VALUES (255,'2011-04-22','Lab Technician',15000,43);
INSERT INTO lab_technician (id,education_level,departement_id) VALUES (255,'Postgraduate',7);
INSERT INTO person (id,first_name,second_name,email,user_login,user_password,sex,date_of_birth,age,permission_level) VALUES (256,'Thomas','Ali','troygallagher@gmail.com','fdouglas','lmRmmapeTV','M','2014-05-27',5,4);
INSERT INTO staff_member (id,employed_since,position,salary,room) VALUES (256,'2015-02-03','Cleaning Team Worker',10000,51);
INSERT INTO cleaning_team_worker (id,employment_type) VALUES (256,'Part time');
INSERT INTO person (id,first_name,second_name,email,user_login,user_password,sex,date_of_birth,age,permission_level) VALUES (257,'Pamela','Norman','smithsheila@yahoo.com','ncarrillo','pRGrjDm','F','1936-09-17',83,5);
INSERT INTO staff_member (id,employed_since,position,salary,room) VALUES (257,'2017-03-15','Reseptionist',15000,56);
INSERT INTO reseptionist (id) VALUES (257);
INSERT INTO languages_spoken (reseptionist_id,language) VALUES (257,'ItalianRussianEnglishRussianItalian');
INSERT INTO person (id,first_name,second_name,email,user_login,user_password,sex,date_of_birth,age,permission_level) VALUES (258,'Kristin','Davis','denise71@yahoo.com','fbrown','GlfjmzsSJdZs','F','1943-04-12',76,5);
INSERT INTO staff_member (id,employed_since,position,salary,room) VALUES (258,'2019-01-20','Nurse',25000,7);
INSERT INTO nurse (id,surgery_assistant,preferred_shifts,appointment_assistant,departement_id) VALUES (258,B'0','Day',B'1',1);
INSERT INTO person (id,first_name,second_name,email,user_login,user_password,sex,date_of_birth,age,permission_level) VALUES (259,'Lisa','Stewart','phillip04@gmail.com','randallkatherine','vqOTQchVjwci','F','1973-09-30',46,4);
INSERT INTO staff_member (id,employed_since,position,salary,room) VALUES (259,'2015-11-30','Doctor',35000,17);
INSERT INTO doctor (id,speciality,emergency_hours,experience,departement_id,supervisor) VALUES (259,'Dermatologist',B'1',10,8,15);
INSERT INTO person (id,first_name,second_name,email,user_login,user_password,sex,date_of_birth,age,permission_level) VALUES (260,'Claire','Ford','bateskathleen@gmail.com','carrolladam','YpDESVTLB','F','1954-04-13',65,3);
INSERT INTO staff_member (id,employed_since,position,salary,room) VALUES (260,'2010-06-14','Cleaning Team Worker',10000,55);
INSERT INTO cleaning_team_worker (id,employment_type) VALUES (260,'Full time');
INSERT INTO person (id,first_name,second_name,email,user_login,user_password,sex,date_of_birth,age,permission_level) VALUES (261,'Dennis','Colon','jessica49@gmail.com','riverstina','JAKfIhp','M','1993-07-26',26,5);
INSERT INTO staff_member (id,employed_since,position,salary,room) VALUES (261,'2016-07-17','Professor',35000,35);
INSERT INTO professor (id,research_topic,surgery_participation,departement_id) VALUES (261,'Cardiologist',B'1',9);
INSERT INTO person (id,first_name,second_name,email,user_login,user_password,sex,date_of_birth,age,permission_level) VALUES (262,'Jonathan','Galvan','judithsmith@gmail.com','shaun30','MfQLcAwb','M','2003-05-15',16,4);
INSERT INTO patient (id) VALUES (262);
INSERT INTO patients_address (street,house,apartement) VALUES ('Joy st.','97','1');
INSERT INTO medical_history (patient_id,date) VALUES (262,'2019-11-17');
INSERT INTO person (id,first_name,second_name,email,user_login,user_password,sex,date_of_birth,age,permission_level) VALUES (263,'Dr.','Matthew','courtney28@hotmail.com','suzanne18','aYfwBcAXg','M','1995-09-25',24,4);
INSERT INTO staff_member (id,employed_since,position,salary,room) VALUES (263,'2014-12-10','Cook',15000,73);
INSERT INTO cook (id,experience) VALUES (263,1);
INSERT INTO person (id,first_name,second_name,email,user_login,user_password,sex,date_of_birth,age,permission_level) VALUES (264,'Tyrone','Kim','jackrussell@yahoo.com','bennettjason','HbMqvuT','M','2006-04-13',13,5);
INSERT INTO staff_member (id,employed_since,position,salary,room) VALUES (264,'2017-08-27','HR',30000,67);
INSERT INTO hr (id,selection_responsibility) VALUES (264,'Review');
INSERT INTO person (id,first_name,second_name,email,user_login,user_password,sex,date_of_birth,age,permission_level) VALUES (265,'Susan','Dalton','linda73@gmail.com','patriciafritz','epOKkSidcuvsDW','F','1980-09-03',39,1);
INSERT INTO staff_member (id,employed_since,position,salary,room) VALUES (265,'2011-07-26','Cook',15000,73);
INSERT INTO cook (id,experience) VALUES (265,8);
INSERT INTO person (id,first_name,second_name,email,user_login,user_password,sex,date_of_birth,age,permission_level) VALUES (266,'Cassandra','Moore','gillamanda@gmail.com','jbowen','BswkVynlgpTry','F','1977-10-01',42,3);
INSERT INTO staff_member (id,employed_since,position,salary,room) VALUES (266,'2012-09-01','Cook',15000,71);
INSERT INTO cook (id,experience) VALUES (266,3);
INSERT INTO person (id,first_name,second_name,email,user_login,user_password,sex,date_of_birth,age,permission_level) VALUES (267,'Sarah','Herrera','samuelthomas@hotmail.com','oallen','zzTcfSScPJXBuq','F','1971-08-20',48,5);
INSERT INTO staff_member (id,employed_since,position,salary,room) VALUES (267,'2014-09-28','Nurse',25000,4);
INSERT INTO nurse (id,surgery_assistant,preferred_shifts,appointment_assistant,departement_id) VALUES (267,B'1','Day',B'0',9);
INSERT INTO person (id,first_name,second_name,email,user_login,user_password,sex,date_of_birth,age,permission_level) VALUES (268,'Miss','Yvette','christopher22@gmail.com','hmurphy','yGmkfEs','F','1983-08-03',36,5);
INSERT INTO staff_member (id,employed_since,position,salary,room) VALUES (268,'2011-10-10','Nurse',25000,7);
INSERT INTO nurse (id,surgery_assistant,preferred_shifts,appointment_assistant,departement_id) VALUES (268,B'1','Day',B'0',5);
INSERT INTO person (id,first_name,second_name,email,user_login,user_password,sex,date_of_birth,age,permission_level) VALUES (269,'Elizabeth','Lopez','kaitlynhall@gmail.com','patriciaoliver','NozQWKjZBAvjrw','F','1923-10-23',96,5);
INSERT INTO patient (id) VALUES (269);
INSERT INTO patients_address (street,house,apartement) VALUES ('Kim st.','49','4');
INSERT INTO medical_history (patient_id,date) VALUES (269,'2019-11-01');
INSERT INTO person (id,first_name,second_name,email,user_login,user_password,sex,date_of_birth,age,permission_level) VALUES (270,'Francisco','Thomas','kelly30@yahoo.com','leetimothy','nDdrBllCKurG','M','1996-12-02',23,4);
INSERT INTO patient (id) VALUES (270);
INSERT INTO patients_address (street,house,apartement) VALUES ('Kimberly st.','54','8');
INSERT INTO medical_history (patient_id,date) VALUES (270,'2019-11-19');
INSERT INTO person (id,first_name,second_name,email,user_login,user_password,sex,date_of_birth,age,permission_level) VALUES (271,'Jennifer','Wagner','bryan12@gmail.com','omorgan','NjTcksroNsQz','F','1910-10-01',109,3);
INSERT INTO staff_member (id,employed_since,position,salary,room) VALUES (271,'2016-03-21','Professor',35000,34);
INSERT INTO professor (id,research_topic,surgery_participation,departement_id) VALUES (271,'Allergist',B'1',8);
INSERT INTO person (id,first_name,second_name,email,user_login,user_password,sex,date_of_birth,age,permission_level) VALUES (272,'Shannon','Sanford','price@hotmail.com','carlahoward','GQGWKIvwXheEIG','F','2004-01-25',15,5);
INSERT INTO patient (id) VALUES (272);
INSERT INTO patients_address (street,house,apartement) VALUES ('Anita st.','12','3');
INSERT INTO medical_history (patient_id,date) VALUES (272,'2019-10-17');
INSERT INTO person (id,first_name,second_name,email,user_login,user_password,sex,date_of_birth,age,permission_level) VALUES (273,'Christopher','Burgess','jrowe@hotmail.com','cespinoza','GTQmpJXCe','M','1945-06-17',74,1);
INSERT INTO staff_member (id,employed_since,position,salary,room) VALUES (273,'2019-08-14','Professor',35000,39);
INSERT INTO professor (id,research_topic,surgery_participation,departement_id) VALUES (273,'Podiatrist',B'1',5);
INSERT INTO person (id,first_name,second_name,email,user_login,user_password,sex,date_of_birth,age,permission_level) VALUES (274,'Leonard','Wright','mmurray@hotmail.com','blacklauren','RFTnKHFbHcdQ','M','2007-12-12',12,2);
INSERT INTO staff_member (id,employed_since,position,salary,room) VALUES (274,'2017-08-11','Professor',35000,34);
INSERT INTO professor (id,research_topic,surgery_participation,departement_id) VALUES (274,'Critical Care Medicine Specialist',B'0',9);
INSERT INTO person (id,first_name,second_name,email,user_login,user_password,sex,date_of_birth,age,permission_level) VALUES (275,'Jeremy','Johnson','ronniethomas@yahoo.com','imullins','rJPZbBtJvvuCQy','M','1999-09-13',20,1);
INSERT INTO staff_member (id,employed_since,position,salary,room) VALUES (275,'2010-04-28','Pharmasist',20000,70);
INSERT INTO pharmasist (id,education_level,research) VALUES (275,'Magister',B'0');
INSERT INTO person (id,first_name,second_name,email,user_login,user_password,sex,date_of_birth,age,permission_level) VALUES (276,'Anthony','Jones','osilva@yahoo.com','dariusmartin','nxoRLfaXXCkB','M','1977-09-23',42,3);
INSERT INTO staff_member (id,employed_since,position,salary,room) VALUES (276,'2015-11-22','Reseptionist',15000,56);
INSERT INTO reseptionist (id) VALUES (276);
INSERT INTO languages_spoken (reseptionist_id,language) VALUES (276,'PortuguesPortugues');
INSERT INTO person (id,first_name,second_name,email,user_login,user_password,sex,date_of_birth,age,permission_level) VALUES (277,'Paul','Neal','clifford94@hotmail.com','hlopez','wPuomoIMeAz','M','1944-05-27',75,2);
INSERT INTO staff_member (id,employed_since,position,salary,room) VALUES (277,'2018-03-20','Nurse',25000,10);
INSERT INTO nurse (id,surgery_assistant,preferred_shifts,appointment_assistant,departement_id) VALUES (277,B'1','Day',B'0',7);
INSERT INTO person (id,first_name,second_name,email,user_login,user_password,sex,date_of_birth,age,permission_level) VALUES (278,'Larry','Keith','pholt@yahoo.com','justin20','ZHVLGhiQR','M','1904-03-21',115,3);
INSERT INTO staff_member (id,employed_since,position,salary,room) VALUES (278,'2015-06-06','Cleaning Team Worker',10000,51);
INSERT INTO cleaning_team_worker (id,employment_type) VALUES (278,'Full time');
INSERT INTO person (id,first_name,second_name,email,user_login,user_password,sex,date_of_birth,age,permission_level) VALUES (279,'Cynthia','Briggs','ronald53@gmail.com','hcampbell','KaBKYPIj','F','2011-01-25',8,4);
INSERT INTO staff_member (id,employed_since,position,salary,room) VALUES (279,'2011-09-22','Nurse',25000,6);
INSERT INTO nurse (id,surgery_assistant,preferred_shifts,appointment_assistant,departement_id) VALUES (279,B'1','Day',B'0',3);
INSERT INTO person (id,first_name,second_name,email,user_login,user_password,sex,date_of_birth,age,permission_level) VALUES (280,'Mary','Harrison','benjamindavis@hotmail.com','bjordan','ykCrJFr','F','1955-04-09',64,2);
INSERT INTO staff_member (id,employed_since,position,salary,room) VALUES (280,'2011-05-15','Doctor',35000,22);
INSERT INTO doctor (id,speciality,emergency_hours,experience,departement_id,supervisor) VALUES (280,'General Surgeon',B'0',4,8,181);
INSERT INTO person (id,first_name,second_name,email,user_login,user_password,sex,date_of_birth,age,permission_level) VALUES (281,'Johnathan','Hoover','wwhite@hotmail.com','patrickbrandt','PLoLjlVsPOkPrwm','M','1979-05-13',40,5);
INSERT INTO staff_member (id,employed_since,position,salary,room) VALUES (281,'2019-10-11','Nurse',25000,7);
INSERT INTO nurse (id,surgery_assistant,preferred_shifts,appointment_assistant,departement_id) VALUES (281,B'1','Night',B'0',6);
INSERT INTO person (id,first_name,second_name,email,user_login,user_password,sex,date_of_birth,age,permission_level) VALUES (282,'Gary','Gibson','heather72@gmail.com','katherine82','rEfgpLJ','M','1993-05-19',26,3);
INSERT INTO staff_member (id,employed_since,position,salary,room) VALUES (282,'2010-10-15','Pharmasist',20000,69);
INSERT INTO pharmasist (id,education_level,research) VALUES (282,'Postgraduate',B'1');
INSERT INTO person (id,first_name,second_name,email,user_login,user_password,sex,date_of_birth,age,permission_level) VALUES (283,'Alexander','Ortiz','christina86@yahoo.com','bryanmartin','ISjIHaTEqT','M','1978-02-27',41,1);
INSERT INTO patient (id) VALUES (283);
INSERT INTO patients_address (street,house,apartement) VALUES ('Krystal st.','24','5');
INSERT INTO medical_history (patient_id,date) VALUES (283,'2019-10-27');
INSERT INTO person (id,first_name,second_name,email,user_login,user_password,sex,date_of_birth,age,permission_level) VALUES (284,'Sandra','Silva','rodriguezstephanie@hotmail.com','fmills','XlGqWfgACor','F','1927-08-08',92,1);
INSERT INTO staff_member (id,employed_since,position,salary,room) VALUES (284,'2015-05-15','Doctor',35000,26);
INSERT INTO doctor (id,speciality,emergency_hours,experience,departement_id,supervisor) VALUES (284,'Pediatrician',B'1',8,9,232);
INSERT INTO person (id,first_name,second_name,email,user_login,user_password,sex,date_of_birth,age,permission_level) VALUES (285,'Stephanie','Terry','thomasjennifer@gmail.com','slee','pQDnVuXkjdDoLVF','F','1951-09-23',68,4);
INSERT INTO staff_member (id,employed_since,position,salary,room) VALUES (285,'2009-12-27','Maintanence Worker',15000,59);
INSERT INTO maintanence_worker (id,employment_type,speciality) VALUES (285,'Part time','Electricity');
INSERT INTO person (id,first_name,second_name,email,user_login,user_password,sex,date_of_birth,age,permission_level) VALUES (286,'Wendy','Henderson','john80@gmail.com','bakerdiane','paCoezzo','F','1978-06-28',41,1);
INSERT INTO staff_member (id,employed_since,position,salary,room) VALUES (286,'2016-02-25','Cleaning Team Worker',10000,54);
INSERT INTO cleaning_team_worker (id,employment_type) VALUES (286,'Part time');
INSERT INTO person (id,first_name,second_name,email,user_login,user_password,sex,date_of_birth,age,permission_level) VALUES (287,'Brian','White','khuffman@gmail.com','timothy17','yEsvwfr','M','1932-01-20',87,1);
INSERT INTO staff_member (id,employed_since,position,salary,room) VALUES (287,'2013-07-04','Cleaning Team Worker',10000,52);
INSERT INTO cleaning_team_worker (id,employment_type) VALUES (287,'Full time');
INSERT INTO person (id,first_name,second_name,email,user_login,user_password,sex,date_of_birth,age,permission_level) VALUES (288,'Charles','Weber','ronaldmeyer@yahoo.com','reynoldsmichael','NmvdEAlBsl','M','1912-03-07',107,2);
INSERT INTO staff_member (id,employed_since,position,salary,room) VALUES (288,'2012-06-07','Pharmasist',20000,70);
INSERT INTO pharmasist (id,education_level,research) VALUES (288,'PhD',B'1');
INSERT INTO person (id,first_name,second_name,email,user_login,user_password,sex,date_of_birth,age,permission_level) VALUES (289,'Mariah','Russell','veronica77@gmail.com','waynedonaldson','MamlkKjyrPR','F','1919-07-25',100,1);
INSERT INTO staff_member (id,employed_since,position,salary,room) VALUES (289,'2014-03-14','Professor',35000,37);
INSERT INTO professor (id,research_topic,surgery_participation,departement_id) VALUES (289,'Pathologist',B'1',9);
INSERT INTO person (id,first_name,second_name,email,user_login,user_password,sex,date_of_birth,age,permission_level) VALUES (290,'James','Holmes','jsmith@hotmail.com','tanneroneal','rXkZzrYm','M','1961-05-14',58,2);
INSERT INTO patient (id) VALUES (290);
INSERT INTO patients_address (street,house,apartement) VALUES ('Laurie st.','47','6');
INSERT INTO medical_history (patient_id,date) VALUES (290,'2019-11-06');
INSERT INTO person (id,first_name,second_name,email,user_login,user_password,sex,date_of_birth,age,permission_level) VALUES (291,'Lisa','Robinson','hollylarsen@hotmail.com','jleach','mIksoxsYEw','F','1944-07-15',75,2);
INSERT INTO staff_member (id,employed_since,position,salary,room) VALUES (291,'2019-06-27','Pharmasist',20000,69);
INSERT INTO pharmasist (id,education_level,research) VALUES (291,'PhD',B'1');
INSERT INTO person (id,first_name,second_name,email,user_login,user_password,sex,date_of_birth,age,permission_level) VALUES (292,'Lauren','Rivera','rbrooks@gmail.com','teresa48','NKKSObHpvKeGs','F','1977-01-10',42,3);
INSERT INTO staff_member (id,employed_since,position,salary,room) VALUES (292,'2016-03-15','Doctor',35000,15);
INSERT INTO doctor (id,speciality,emergency_hours,experience,departement_id,supervisor) VALUES (292,'Emergency Medicine Specialist',B'1',2,6,50);
INSERT INTO person (id,first_name,second_name,email,user_login,user_password,sex,date_of_birth,age,permission_level) VALUES (293,'Mason','Jarvis','raymond91@hotmail.com','victoriaorr','APwgnfkkbHBUi','M','2016-11-17',3,5);
INSERT INTO staff_member (id,employed_since,position,salary,room) VALUES (293,'2018-01-23','Nurse',25000,3);
INSERT INTO nurse (id,surgery_assistant,preferred_shifts,appointment_assistant,departement_id) VALUES (293,B'1','Night',B'1',7);
INSERT INTO person (id,first_name,second_name,email,user_login,user_password,sex,date_of_birth,age,permission_level) VALUES (294,'Aaron','Thomas','nicholas34@yahoo.com','jfernandez','NmBjYUMMy','M','1948-05-18',71,5);
INSERT INTO staff_member (id,employed_since,position,salary,room) VALUES (294,'2018-06-27','Priest',15000,78);
INSERT INTO priest (id,religion) VALUES (294,'Judaism');
INSERT INTO person (id,first_name,second_name,email,user_login,user_password,sex,date_of_birth,age,permission_level) VALUES (295,'Robert','Lewis','ilewis@hotmail.com','brandoncruz','vfGMbOVAy','M','2016-04-17',3,2);
INSERT INTO staff_member (id,employed_since,position,salary,room) VALUES (295,'2013-12-17','Doctor',35000,29);
INSERT INTO doctor (id,speciality,emergency_hours,experience,departement_id,supervisor) VALUES (295,'Urologist',B'0',3,7,181);
INSERT INTO person (id,first_name,second_name,email,user_login,user_password,sex,date_of_birth,age,permission_level) VALUES (296,'Christopher','Freeman','mariareid@yahoo.com','howardjohnson','SRysLhaTsYHmR','M','1945-05-11',74,1);
INSERT INTO patient (id) VALUES (296);
INSERT INTO patients_address (street,house,apartement) VALUES ('Linda st.','11','7');
INSERT INTO medical_history (patient_id,date) VALUES (296,'2019-10-19');
INSERT INTO person (id,first_name,second_name,email,user_login,user_password,sex,date_of_birth,age,permission_level) VALUES (297,'Steven','Wise','ugutierrez@gmail.com','brittany93','SqWWuWUcuvY','M','2002-02-27',17,3);
INSERT INTO staff_member (id,employed_since,position,salary,room) VALUES (297,'2014-07-03','Professor',35000,36);
INSERT INTO professor (id,research_topic,surgery_participation,departement_id) VALUES (297,'General Surgeon',B'0',10);
INSERT INTO person (id,first_name,second_name,email,user_login,user_password,sex,date_of_birth,age,permission_level) VALUES (298,'Austin','Green','john43@gmail.com','rpratt','pFPSNiNukQqe','M','1953-02-26',66,4);
INSERT INTO staff_member (id,employed_since,position,salary,room) VALUES (298,'2015-09-11','Nurse',25000,10);
INSERT INTO nurse (id,surgery_assistant,preferred_shifts,appointment_assistant,departement_id) VALUES (298,B'0','Night',B'1',7);
INSERT INTO person (id,first_name,second_name,email,user_login,user_password,sex,date_of_birth,age,permission_level) VALUES (299,'Daniel','Dennis','qweeks@gmail.com','jillian93','OoHdWKSX','M','1918-11-03',101,4);
INSERT INTO patient (id) VALUES (299);
INSERT INTO patients_address (street,house,apartement) VALUES ('Gerald st.','81','1');
INSERT INTO medical_history (patient_id,date) VALUES (299,'2019-11-18');
INSERT INTO person (id,first_name,second_name,email,user_login,user_password,sex,date_of_birth,age,permission_level) VALUES (300,'James','Ortega','nbenjamin@gmail.com','ericksonkimberly','unXbjkkRAe','M','1918-09-06',101,3);
INSERT INTO patient (id) VALUES (300);
INSERT INTO patients_address (street,house,apartement) VALUES ('Sean st.','91','2');
INSERT INTO medical_history (patient_id,date) VALUES (300,'2019-11-16');
INSERT INTO person (id,first_name,second_name,email,user_login,user_password,sex,date_of_birth,age,permission_level) VALUES (301,'Robert','Williams','housemichael@yahoo.com','twilliams','okkRZavOLcT','M','2016-08-18',3,4);
INSERT INTO staff_member (id,employed_since,position,salary,room) VALUES (301,'2012-01-16','Doctor',35000,29);
INSERT INTO doctor (id,speciality,emergency_hours,experience,departement_id,supervisor) VALUES (301,'Pathologist',B'1',6,10,128);
INSERT INTO person (id,first_name,second_name,email,user_login,user_password,sex,date_of_birth,age,permission_level) VALUES (302,'Regina','Chambers','jessicaanderson@gmail.com','silvajohn','BrnFDNVr','F','1936-04-15',83,5);
INSERT INTO staff_member (id,employed_since,position,salary,room) VALUES (302,'2019-03-25','HR',30000,66);
INSERT INTO hr (id,selection_responsibility) VALUES (302,'Review');
INSERT INTO person (id,first_name,second_name,email,user_login,user_password,sex,date_of_birth,age,permission_level) VALUES (303,'Mr.','Jonathan','barrymiller@yahoo.com','goldenjeanne','nZcmCHA','M','2003-03-09',16,3);
INSERT INTO staff_member (id,employed_since,position,salary,room) VALUES (303,'2011-09-09','Professor',35000,31);
INSERT INTO professor (id,research_topic,surgery_participation,departement_id) VALUES (303,'General Surgeon',B'1',7);
INSERT INTO person (id,first_name,second_name,email,user_login,user_password,sex,date_of_birth,age,permission_level) VALUES (304,'Christine','Gamble','miranda86@yahoo.com','joshua03','ikDQACbRddQzERO','F','2000-07-05',19,4);
INSERT INTO patient (id) VALUES (304);
INSERT INTO patients_address (street,house,apartement) VALUES ('Monica st.','28','5');
INSERT INTO medical_history (patient_id,date) VALUES (304,'2019-11-16');
INSERT INTO person (id,first_name,second_name,email,user_login,user_password,sex,date_of_birth,age,permission_level) VALUES (305,'Troy','Baker','mercadolaurie@gmail.com','brandon20','zcctKgQIlj','M','1995-04-16',24,1);
INSERT INTO staff_member (id,employed_since,position,salary,room) VALUES (305,'2015-08-13','Doctor',35000,28);
INSERT INTO doctor (id,speciality,emergency_hours,experience,departement_id,supervisor) VALUES (305,'Pulmonologist',B'0',8,8,12);
INSERT INTO person (id,first_name,second_name,email,user_login,user_password,sex,date_of_birth,age,permission_level) VALUES (306,'Nicholas','Gonzales','oallen@hotmail.com','todd71','ZTllmnvSgYVmKL','M','1925-03-27',94,5);
INSERT INTO staff_member (id,employed_since,position,salary,room) VALUES (306,'2013-07-25','Reseptionist',15000,56);
INSERT INTO reseptionist (id) VALUES (306);
INSERT INTO languages_spoken (reseptionist_id,language) VALUES (306,'PortuguesRussian');
INSERT INTO person (id,first_name,second_name,email,user_login,user_password,sex,date_of_birth,age,permission_level) VALUES (307,'Ricky','Rowe','gallen@yahoo.com','garrettdiane','imcqHEXF','M','1948-07-22',71,4);
INSERT INTO staff_member (id,employed_since,position,salary,room) VALUES (307,'2016-03-31','Doctor',35000,28);
INSERT INTO doctor (id,speciality,emergency_hours,experience,departement_id,supervisor) VALUES (307,'Nephrologist',B'1',6,10,62);
INSERT INTO person (id,first_name,second_name,email,user_login,user_password,sex,date_of_birth,age,permission_level) VALUES (308,'William','Cole','jack52@hotmail.com','owensashley','rSFhNQmwTLAWZ','M','2004-09-25',15,3);
INSERT INTO staff_member (id,employed_since,position,salary,room) VALUES (308,'2013-02-17','Nurse',25000,7);
INSERT INTO nurse (id,surgery_assistant,preferred_shifts,appointment_assistant,departement_id) VALUES (308,B'1','Day',B'0',5);
INSERT INTO person (id,first_name,second_name,email,user_login,user_password,sex,date_of_birth,age,permission_level) VALUES (309,'Martin','Smith','msullivan@hotmail.com','travisgray','aZfbniRgbVzIbot','M','1976-07-31',43,2);
INSERT INTO staff_member (id,employed_since,position,salary,room) VALUES (309,'2019-10-17','Maintanence Worker',15000,57);
INSERT INTO maintanence_worker (id,employment_type,speciality) VALUES (309,'Full time','Electricity');
INSERT INTO person (id,first_name,second_name,email,user_login,user_password,sex,date_of_birth,age,permission_level) VALUES (310,'Lauren','Hancock','haleyboone@gmail.com','kathleen05','DMnnUNTLQ','F','1905-06-03',114,5);
INSERT INTO patient (id) VALUES (310);
INSERT INTO patients_address (street,house,apartement) VALUES ('David st.','59','7');
INSERT INTO medical_history (patient_id,date) VALUES (310,'2019-11-01');
INSERT INTO person (id,first_name,second_name,email,user_login,user_password,sex,date_of_birth,age,permission_level) VALUES (311,'Michelle','Flores','parkalexandra@hotmail.com','eric18','lQrNfKR','F','1942-08-13',77,5);
INSERT INTO patient (id) VALUES (311);
INSERT INTO patients_address (street,house,apartement) VALUES ('Emily st.','96','5');
INSERT INTO medical_history (patient_id,date) VALUES (311,'2019-10-21');
INSERT INTO person (id,first_name,second_name,email,user_login,user_password,sex,date_of_birth,age,permission_level) VALUES (312,'Barbara','Fischer','patricia62@gmail.com','mjones','IcvnEge','F','1978-06-28',41,2);
INSERT INTO staff_member (id,employed_since,position,salary,room) VALUES (312,'2011-06-28','IT Specialist',15000,77);
INSERT INTO IT_specialist (id,support_line) VALUES (312,B'0');
INSERT INTO person (id,first_name,second_name,email,user_login,user_password,sex,date_of_birth,age,permission_level) VALUES (313,'Sarah','Dawson','davidgarcia@hotmail.com','robert93','dZCOBdKxhIAH','F','1962-04-29',57,3);
INSERT INTO staff_member (id,employed_since,position,salary,room) VALUES (313,'2013-03-12','Doctor',35000,17);
INSERT INTO doctor (id,speciality,emergency_hours,experience,departement_id,supervisor) VALUES (313,'Physiatrist',B'0',8,9,280);
INSERT INTO person (id,first_name,second_name,email,user_login,user_password,sex,date_of_birth,age,permission_level) VALUES (314,'Alicia','Richards','edwin47@gmail.com','brittany31','ntIwJSG','F','1967-03-25',52,4);
INSERT INTO patient (id) VALUES (314);
INSERT INTO patients_address (street,house,apartement) VALUES ('Aaron st.','71','6');
INSERT INTO medical_history (patient_id,date) VALUES (314,'2019-11-16');
INSERT INTO person (id,first_name,second_name,email,user_login,user_password,sex,date_of_birth,age,permission_level) VALUES (315,'Steven','Martinez','michelle23@gmail.com','juliascott','wwhvoPSDPSpH','M','1995-04-25',24,3);
INSERT INTO patient (id) VALUES (315);
INSERT INTO patients_address (street,house,apartement) VALUES ('Sonya st.','7','2');
INSERT INTO medical_history (patient_id,date) VALUES (315,'2019-10-23');
INSERT INTO person (id,first_name,second_name,email,user_login,user_password,sex,date_of_birth,age,permission_level) VALUES (316,'Peter','Leach','erica97@yahoo.com','davenportcourtney','HMFkjbYy','M','1917-10-06',102,4);
INSERT INTO staff_member (id,employed_since,position,salary,room) VALUES (316,'2018-03-21','HR',30000,64);
INSERT INTO hr (id,selection_responsibility) VALUES (316,'Interview');
INSERT INTO person (id,first_name,second_name,email,user_login,user_password,sex,date_of_birth,age,permission_level) VALUES (317,'Stephanie','Bradley','ramirezgabriel@yahoo.com','christinanovak','ELmessGNO','F','1991-09-06',28,2);
INSERT INTO staff_member (id,employed_since,position,salary,room) VALUES (317,'2010-06-03','Lab Technician',15000,50);
INSERT INTO lab_technician (id,education_level,departement_id) VALUES (317,'Magister',8);
INSERT INTO person (id,first_name,second_name,email,user_login,user_password,sex,date_of_birth,age,permission_level) VALUES (318,'Amanda','Brown','masontiffany@yahoo.com','melissa57','EuVkprWqlGsP','F','1937-06-23',82,2);
INSERT INTO staff_member (id,employed_since,position,salary,room) VALUES (318,'2013-05-29','Reseptionist',15000,56);
INSERT INTO reseptionist (id) VALUES (318);
INSERT INTO languages_spoken (reseptionist_id,language) VALUES (318,'ItalianPortuguesTatarItalianEnglish');
INSERT INTO person (id,first_name,second_name,email,user_login,user_password,sex,date_of_birth,age,permission_level) VALUES (319,'Sydney','Gardner','haleylopez@hotmail.com','crowe','sDnfhSJjnAa','F','2008-03-24',11,3);
INSERT INTO staff_member (id,employed_since,position,salary,room) VALUES (319,'2012-04-24','Doctor',35000,24);
INSERT INTO doctor (id,speciality,emergency_hours,experience,departement_id,supervisor) VALUES (319,'Emergency Medicine Specialist',B'1',4,1,228);
INSERT INTO person (id,first_name,second_name,email,user_login,user_password,sex,date_of_birth,age,permission_level) VALUES (320,'Mrs.','Mary','jacob45@hotmail.com','laura83','QuiJrDMQuYdyFY','F','1921-04-23',98,2);
INSERT INTO patient (id) VALUES (320);
INSERT INTO patients_address (street,house,apartement) VALUES ('Ryan st.','81','2');
INSERT INTO medical_history (patient_id,date) VALUES (320,'2019-11-11');
INSERT INTO person (id,first_name,second_name,email,user_login,user_password,sex,date_of_birth,age,permission_level) VALUES (321,'Brandon','Jones','garciamegan@gmail.com','jefferypineda','KetCkYRo','M','2005-03-13',14,3);
INSERT INTO staff_member (id,employed_since,position,salary,room) VALUES (321,'2011-09-13','Lab Technician',15000,42);
INSERT INTO lab_technician (id,education_level,departement_id) VALUES (321,'Bachelor',5);
INSERT INTO person (id,first_name,second_name,email,user_login,user_password,sex,date_of_birth,age,permission_level) VALUES (322,'David','Booker','wbrandt@gmail.com','lindseyjack','FHgCVlNCQVBdm','M','1926-11-02',93,4);
INSERT INTO patient (id) VALUES (322);
INSERT INTO patients_address (street,house,apartement) VALUES ('Sharon st.','62','3');
INSERT INTO medical_history (patient_id,date) VALUES (322,'2019-11-07');
INSERT INTO person (id,first_name,second_name,email,user_login,user_password,sex,date_of_birth,age,permission_level) VALUES (323,'James','Williams','whood@gmail.com','paulbrowning','JWlirjwJsFugIHJ','M','1959-11-18',60,3);
INSERT INTO staff_member (id,employed_since,position,salary,room) VALUES (323,'2012-06-19','HR',30000,65);
INSERT INTO hr (id,selection_responsibility) VALUES (323,'Interview');
INSERT INTO person (id,first_name,second_name,email,user_login,user_password,sex,date_of_birth,age,permission_level) VALUES (324,'Thomas','Alexander','reesekirsten@hotmail.com','qbutler','WYLGNhm','M','1973-05-01',46,2);
INSERT INTO staff_member (id,employed_since,position,salary,room) VALUES (324,'2015-01-03','Nurse',25000,9);
INSERT INTO nurse (id,surgery_assistant,preferred_shifts,appointment_assistant,departement_id) VALUES (324,B'0','Day',B'1',1);
INSERT INTO person (id,first_name,second_name,email,user_login,user_password,sex,date_of_birth,age,permission_level) VALUES (325,'Michael','Harris','molly86@gmail.com','timothymartin','jtPkspq','M','1982-05-10',37,4);
INSERT INTO staff_member (id,employed_since,position,salary,room) VALUES (325,'2019-01-24','Nurse',25000,9);
INSERT INTO nurse (id,surgery_assistant,preferred_shifts,appointment_assistant,departement_id) VALUES (325,B'0','Night',B'0',1);
INSERT INTO person (id,first_name,second_name,email,user_login,user_password,sex,date_of_birth,age,permission_level) VALUES (326,'Ross','Dean','phillipspatricia@gmail.com','josephlee','oAtBGeSL','M','1943-07-30',76,5);
INSERT INTO patient (id) VALUES (326);
INSERT INTO patients_address (street,house,apartement) VALUES ('Evan st.','26','1');
INSERT INTO medical_history (patient_id,date) VALUES (326,'2019-11-08');
INSERT INTO person (id,first_name,second_name,email,user_login,user_password,sex,date_of_birth,age,permission_level) VALUES (327,'James','Butler','kathrynjones@hotmail.com','ofischer','UsVFkxUblacJ','M','1966-11-27',53,1);
INSERT INTO staff_member (id,employed_since,position,salary,room) VALUES (327,'2019-03-08','Nurse',25000,9);
INSERT INTO nurse (id,surgery_assistant,preferred_shifts,appointment_assistant,departement_id) VALUES (327,B'1','Night',B'1',1);
INSERT INTO person (id,first_name,second_name,email,user_login,user_password,sex,date_of_birth,age,permission_level) VALUES (328,'Christopher','Green','jessicafoster@gmail.com','mdavis','QgrugLtNzM','M','1950-01-22',69,2);
INSERT INTO patient (id) VALUES (328);
INSERT INTO patients_address (street,house,apartement) VALUES ('Levi st.','75','9');
INSERT INTO medical_history (patient_id,date) VALUES (328,'2019-11-02');
INSERT INTO person (id,first_name,second_name,email,user_login,user_password,sex,date_of_birth,age,permission_level) VALUES (329,'Richard','Hughes','elizabeth33@yahoo.com','peterlewis','PxotwAvrENf','M','1919-09-24',100,4);
INSERT INTO staff_member (id,employed_since,position,salary,room) VALUES (329,'2011-04-23','Nurse',25000,7);
INSERT INTO nurse (id,surgery_assistant,preferred_shifts,appointment_assistant,departement_id) VALUES (329,B'0','Day',B'0',1);
INSERT INTO person (id,first_name,second_name,email,user_login,user_password,sex,date_of_birth,age,permission_level) VALUES (330,'Kenneth','Brandt','zgonzalez@hotmail.com','lisajoyce','FijiPPgAikJleD','M','2007-03-02',12,4);
INSERT INTO staff_member (id,employed_since,position,salary,room) VALUES (330,'2012-04-21','Reseptionist',15000,56);
INSERT INTO reseptionist (id) VALUES (330);
INSERT INTO languages_spoken (reseptionist_id,language) VALUES (330,'TatarRussian');
INSERT INTO person (id,first_name,second_name,email,user_login,user_password,sex,date_of_birth,age,permission_level) VALUES (331,'Dr.','Tracy','ynewton@hotmail.com','kimberly55','oIIajlRibaSosjR','F','1912-02-19',107,5);
INSERT INTO staff_member (id,employed_since,position,salary,room) VALUES (331,'2009-12-30','Doctor',35000,30);
INSERT INTO doctor (id,speciality,emergency_hours,experience,departement_id,supervisor) VALUES (331,'Emergency Medicine Specialist',B'0',8,3,301);
INSERT INTO person (id,first_name,second_name,email,user_login,user_password,sex,date_of_birth,age,permission_level) VALUES (332,'Miguel','Smith','imyers@hotmail.com','kristine37','dKLOepuxKbwIgta','M','2018-04-08',1,1);
INSERT INTO staff_member (id,employed_since,position,salary,room) VALUES (332,'2015-10-05','Doctor',35000,13);
INSERT INTO doctor (id,speciality,emergency_hours,experience,departement_id,supervisor) VALUES (332,'Dermatologist',B'1',2,8,170);
INSERT INTO person (id,first_name,second_name,email,user_login,user_password,sex,date_of_birth,age,permission_level) VALUES (333,'Adam','Newman','longcolleen@gmail.com','staceymoreno','GTOTNiE','M','1918-12-28',101,2);
INSERT INTO staff_member (id,employed_since,position,salary,room) VALUES (333,'2014-07-18','Cleaning Team Worker',10000,51);
INSERT INTO cleaning_team_worker (id,employment_type) VALUES (333,'Full time');
INSERT INTO person (id,first_name,second_name,email,user_login,user_password,sex,date_of_birth,age,permission_level) VALUES (334,'Ariel','Davis','simmonssheila@gmail.com','reginabeasley','EfauLHkkPsP','F','1975-07-02',44,4);
INSERT INTO patient (id) VALUES (334);
INSERT INTO patients_address (street,house,apartement) VALUES ('Bethany st.','85','1');
INSERT INTO medical_history (patient_id,date) VALUES (334,'2019-11-19');
INSERT INTO person (id,first_name,second_name,email,user_login,user_password,sex,date_of_birth,age,permission_level) VALUES (335,'Rhonda','Wright','davislance@gmail.com','mitchelltina','UwMolyjjfjB','F','1906-07-18',113,3);
INSERT INTO staff_member (id,employed_since,position,salary,room) VALUES (335,'2012-07-10','Nurse',25000,5);
INSERT INTO nurse (id,surgery_assistant,preferred_shifts,appointment_assistant,departement_id) VALUES (335,B'1','Day',B'0',9);
INSERT INTO person (id,first_name,second_name,email,user_login,user_password,sex,date_of_birth,age,permission_level) VALUES (336,'Joseph','Roberts','karen16@yahoo.com','lisagonzales','bzZEtKQRuWHuQq','M','1919-08-27',100,5);
INSERT INTO staff_member (id,employed_since,position,salary,room) VALUES (336,'2016-06-22','Maintanence Worker',15000,60);
INSERT INTO maintanence_worker (id,employment_type,speciality) VALUES (336,'Full time','Hardware');
INSERT INTO person (id,first_name,second_name,email,user_login,user_password,sex,date_of_birth,age,permission_level) VALUES (337,'Debra','Hurst','daniel38@gmail.com','vblack','VkVvIROdIkaN','F','1985-07-05',34,2);
INSERT INTO staff_member (id,employed_since,position,salary,room) VALUES (337,'2013-07-06','Nurse',25000,3);
INSERT INTO nurse (id,surgery_assistant,preferred_shifts,appointment_assistant,departement_id) VALUES (337,B'0','Night',B'0',5);
INSERT INTO person (id,first_name,second_name,email,user_login,user_password,sex,date_of_birth,age,permission_level) VALUES (338,'Patricia','Myers','jeffrey23@yahoo.com','moralesdavid','LsILUkcacDT','F','1934-09-29',85,2);
INSERT INTO staff_member (id,employed_since,position,salary,room) VALUES (338,'2019-02-11','Doctor',35000,20);
INSERT INTO doctor (id,speciality,emergency_hours,experience,departement_id,supervisor) VALUES (338,'Sports Medicine Specialist',B'1',4,9,332);
INSERT INTO person (id,first_name,second_name,email,user_login,user_password,sex,date_of_birth,age,permission_level) VALUES (339,'Kenneth','Olson','melissamarquez@yahoo.com','ellisluke','dpvGeBcorFDGDph','M','1952-04-07',67,5);
INSERT INTO patient (id) VALUES (339);
INSERT INTO patients_address (street,house,apartement) VALUES ('Jessica st.','19','6');
INSERT INTO medical_history (patient_id,date) VALUES (339,'2019-11-03');
INSERT INTO person (id,first_name,second_name,email,user_login,user_password,sex,date_of_birth,age,permission_level) VALUES (340,'Kari','Bird','hmoore@yahoo.com','housetimothy','xtfVYQCcsjM','F','2010-08-17',9,2);
INSERT INTO staff_member (id,employed_since,position,salary,room) VALUES (340,'2019-11-04','Cook',15000,73);
INSERT INTO cook (id,experience) VALUES (340,4);
INSERT INTO person (id,first_name,second_name,email,user_login,user_password,sex,date_of_birth,age,permission_level) VALUES (341,'Jeffrey','Ross','jaclyn31@hotmail.com','watsonlance','wVwXozRYt','M','1949-04-14',70,4);
INSERT INTO staff_member (id,employed_since,position,salary,room) VALUES (341,'2011-04-29','Doctor',35000,27);
INSERT INTO doctor (id,speciality,emergency_hours,experience,departement_id,supervisor) VALUES (341,'Pediatrician',B'0',8,9,100);
INSERT INTO person (id,first_name,second_name,email,user_login,user_password,sex,date_of_birth,age,permission_level) VALUES (342,'Brent','Miller','scottrichard@yahoo.com','scarroll','BbsiltU','M','1928-11-27',91,4);
INSERT INTO staff_member (id,employed_since,position,salary,room) VALUES (342,'2010-02-02','Nurse',25000,4);
INSERT INTO nurse (id,surgery_assistant,preferred_shifts,appointment_assistant,departement_id) VALUES (342,B'0','Night',B'0',10);
INSERT INTO person (id,first_name,second_name,email,user_login,user_password,sex,date_of_birth,age,permission_level) VALUES (343,'Russell','Thompson','robert80@gmail.com','smithangela','VeOgyMcVneLwiwG','M','1943-09-20',76,2);
INSERT INTO patient (id) VALUES (343);
INSERT INTO patients_address (street,house,apartement) VALUES ('Samantha st.','56','8');
INSERT INTO medical_history (patient_id,date) VALUES (343,'2019-11-21');
INSERT INTO person (id,first_name,second_name,email,user_login,user_password,sex,date_of_birth,age,permission_level) VALUES (344,'Brian','Castro','ddavis@gmail.com','haydenrobin','wxbZMqpkcnA','M','1925-07-14',94,1);
INSERT INTO staff_member (id,employed_since,position,salary,room) VALUES (344,'2018-11-13','Nurse',25000,5);
INSERT INTO nurse (id,surgery_assistant,preferred_shifts,appointment_assistant,departement_id) VALUES (344,B'0','Day',B'1',6);
INSERT INTO person (id,first_name,second_name,email,user_login,user_password,sex,date_of_birth,age,permission_level) VALUES (345,'Alyssa','Cannon','lwise@gmail.com','bdavis','dIiOpObq','F','2005-08-14',14,5);
INSERT INTO staff_member (id,employed_since,position,salary,room) VALUES (345,'2014-04-04','Lab Technician',15000,42);
INSERT INTO lab_technician (id,education_level,departement_id) VALUES (345,'Bachelor',4);
INSERT INTO person (id,first_name,second_name,email,user_login,user_password,sex,date_of_birth,age,permission_level) VALUES (346,'Scott','Hardin','qobrien@yahoo.com','bellkelsey','VjVvilxnj','M','1960-04-30',59,4);
INSERT INTO staff_member (id,employed_since,position,salary,room) VALUES (346,'2013-12-05','Cleaning Team Worker',10000,53);
INSERT INTO cleaning_team_worker (id,employment_type) VALUES (346,'Full time');
INSERT INTO person (id,first_name,second_name,email,user_login,user_password,sex,date_of_birth,age,permission_level) VALUES (347,'April','Pace','ohudson@hotmail.com','stevenspenny','DgiggnmdikC','F','1945-06-20',74,3);
INSERT INTO staff_member (id,employed_since,position,salary,room) VALUES (347,'2015-12-09','Maintanence Worker',15000,59);
INSERT INTO maintanence_worker (id,employment_type,speciality) VALUES (347,'Part time','Machines');
INSERT INTO person (id,first_name,second_name,email,user_login,user_password,sex,date_of_birth,age,permission_level) VALUES (348,'Teresa','Barry','ccamacho@gmail.com','garyhester','RJxTzDyRUD','F','1936-08-13',83,5);
INSERT INTO patient (id) VALUES (348);
INSERT INTO patients_address (street,house,apartement) VALUES ('Roger st.','66','8');
INSERT INTO medical_history (patient_id,date) VALUES (348,'2019-10-18');
INSERT INTO person (id,first_name,second_name,email,user_login,user_password,sex,date_of_birth,age,permission_level) VALUES (349,'Adam','Lane','melissasmith@gmail.com','robert40','HCvXpKxLgd','M','2013-05-28',6,1);
INSERT INTO staff_member (id,employed_since,position,salary,room) VALUES (349,'2013-10-22','Maintanence Worker',15000,58);
INSERT INTO maintanence_worker (id,employment_type,speciality) VALUES (349,'Part time','Furniture');
INSERT INTO person (id,first_name,second_name,email,user_login,user_password,sex,date_of_birth,age,permission_level) VALUES (350,'Isaac','Perkins','luisbright@hotmail.com','rebeccajackson','RugXuhpb','M','1977-10-04',42,4);
INSERT INTO staff_member (id,employed_since,position,salary,room) VALUES (350,'2017-03-02','Maintanence Worker',15000,58);
INSERT INTO maintanence_worker (id,employment_type,speciality) VALUES (350,'Part time','Electricity');
INSERT INTO person (id,first_name,second_name,email,user_login,user_password,sex,date_of_birth,age,permission_level) VALUES (351,'Brittany','Mckay','nsmith@hotmail.com','uwilliams','pEECMmvs','F','1967-08-26',52,4);
INSERT INTO staff_member (id,employed_since,position,salary,room) VALUES (351,'2012-10-31','Doctor',35000,18);
INSERT INTO doctor (id,speciality,emergency_hours,experience,departement_id,supervisor) VALUES (351,'Gastroenterologist',B'0',2,1,232);
INSERT INTO person (id,first_name,second_name,email,user_login,user_password,sex,date_of_birth,age,permission_level) VALUES (352,'Amber','Wright','devin56@hotmail.com','johnnymitchell','IpGdtwvFpQqwZYA','F','2013-02-01',6,2);
INSERT INTO patient (id) VALUES (352);
INSERT INTO patients_address (street,house,apartement) VALUES ('Michael st.','51','7');
INSERT INTO medical_history (patient_id,date) VALUES (352,'2019-11-09');
INSERT INTO person (id,first_name,second_name,email,user_login,user_password,sex,date_of_birth,age,permission_level) VALUES (353,'Valerie','Jones','karen28@yahoo.com','peter21','YFVHjqK','F','1904-03-01',115,2);
INSERT INTO staff_member (id,employed_since,position,salary,room) VALUES (353,'2015-06-16','Doctor',35000,14);
INSERT INTO doctor (id,speciality,emergency_hours,experience,departement_id,supervisor) VALUES (353,'Podiatrist',B'0',10,3,126);
INSERT INTO person (id,first_name,second_name,email,user_login,user_password,sex,date_of_birth,age,permission_level) VALUES (354,'Mr.','Timothy','toddstewart@yahoo.com','dwright','zcChvtOyWq','M','1936-09-02',83,3);
INSERT INTO staff_member (id,employed_since,position,salary,room) VALUES (354,'2017-09-06','Security Team Member',10000,62);
INSERT INTO security_team_member (id,shifts,physical_test_grade) VALUES (354,'Night','A');
INSERT INTO person (id,first_name,second_name,email,user_login,user_password,sex,date_of_birth,age,permission_level) VALUES (355,'Michael','Ayers','ellisnicholas@gmail.com','bethanyhughes','wageRvWXrKPn','M','1984-07-10',35,5);
INSERT INTO staff_member (id,employed_since,position,salary,room) VALUES (355,'2010-07-21','Reseptionist',15000,56);
INSERT INTO reseptionist (id) VALUES (355);
INSERT INTO languages_spoken (reseptionist_id,language) VALUES (355,'EnglishArabicRussianEnglishTatar');
INSERT INTO person (id,first_name,second_name,email,user_login,user_password,sex,date_of_birth,age,permission_level) VALUES (356,'Haley','Becker','rmejia@hotmail.com','orodriguez','JjPKTVWzmknfAp','F','1977-02-22',42,3);
INSERT INTO staff_member (id,employed_since,position,salary,room) VALUES (356,'2010-06-04','Doctor',35000,28);
INSERT INTO doctor (id,speciality,emergency_hours,experience,departement_id,supervisor) VALUES (356,'Geriatric Medicine Specialist',B'0',4,3,11);
INSERT INTO person (id,first_name,second_name,email,user_login,user_password,sex,date_of_birth,age,permission_level) VALUES (357,'Patricia','Powers','jessechambers@hotmail.com','andre58','mXuUJbZXHt','F','2012-12-19',7,2);
INSERT INTO patient (id) VALUES (357);
INSERT INTO patients_address (street,house,apartement) VALUES ('Luis st.','21','7');
INSERT INTO medical_history (patient_id,date) VALUES (357,'2019-10-26');
INSERT INTO person (id,first_name,second_name,email,user_login,user_password,sex,date_of_birth,age,permission_level) VALUES (358,'Jennifer','Klein','lopezkathy@yahoo.com','herringamy','bbvLLamQ','F','1998-07-08',21,4);
INSERT INTO staff_member (id,employed_since,position,salary,room) VALUES (358,'2011-10-18','IT Specialist',15000,76);
INSERT INTO IT_specialist (id,support_line) VALUES (358,B'0');
INSERT INTO person (id,first_name,second_name,email,user_login,user_password,sex,date_of_birth,age,permission_level) VALUES (359,'Brandon','Walsh','briggsjacob@gmail.com','deborahscott','cfhdLnmTPO','M','1984-06-10',35,3);
INSERT INTO patient (id) VALUES (359);
INSERT INTO patients_address (street,house,apartement) VALUES ('Elizabeth st.','91','6');
INSERT INTO medical_history (patient_id,date) VALUES (359,'2019-11-16');
INSERT INTO person (id,first_name,second_name,email,user_login,user_password,sex,date_of_birth,age,permission_level) VALUES (360,'Courtney','Good','stacycook@hotmail.com','julierichards','SjIXvpaD','F','1942-09-04',77,1);
INSERT INTO staff_member (id,employed_since,position,salary,room) VALUES (360,'2010-08-30','Nurse',25000,8);
INSERT INTO nurse (id,surgery_assistant,preferred_shifts,appointment_assistant,departement_id) VALUES (360,B'0','Day',B'0',2);
INSERT INTO person (id,first_name,second_name,email,user_login,user_password,sex,date_of_birth,age,permission_level) VALUES (361,'Richard','Meyer','joshuajones@gmail.com','alvaradosandra','dBNHfcIrXEYI','M','1909-02-15',110,2);
INSERT INTO staff_member (id,employed_since,position,salary,room) VALUES (361,'2012-04-29','Professor',35000,35);
INSERT INTO professor (id,research_topic,surgery_participation,departement_id) VALUES (361,'Oncologist',B'0',6);
INSERT INTO person (id,first_name,second_name,email,user_login,user_password,sex,date_of_birth,age,permission_level) VALUES (362,'Desiree','Burns','melissawillis@gmail.com','robert67','jeJzkOCv','F','2009-10-20',10,4);
INSERT INTO staff_member (id,employed_since,position,salary,room) VALUES (362,'2017-07-25','IT Specialist',15000,77);
INSERT INTO IT_specialist (id,support_line) VALUES (362,B'0');
INSERT INTO person (id,first_name,second_name,email,user_login,user_password,sex,date_of_birth,age,permission_level) VALUES (363,'Nicholas','Livingston','oturner@yahoo.com','larakyle','ywHpKXyG','M','1961-05-08',58,5);
INSERT INTO staff_member (id,employed_since,position,salary,room) VALUES (363,'2019-02-24','Doctor',35000,11);
INSERT INTO doctor (id,speciality,emergency_hours,experience,departement_id,supervisor) VALUES (363,'Hematologist',B'1',9,10,135);
INSERT INTO person (id,first_name,second_name,email,user_login,user_password,sex,date_of_birth,age,permission_level) VALUES (364,'Charles','Smith','michaelwyatt@hotmail.com','paige45','IBZUzXqBzovHx','M','1960-01-18',59,2);
INSERT INTO staff_member (id,employed_since,position,salary,room) VALUES (364,'2010-06-24','IT Specialist',15000,77);
INSERT INTO IT_specialist (id,support_line) VALUES (364,B'0');
INSERT INTO person (id,first_name,second_name,email,user_login,user_password,sex,date_of_birth,age,permission_level) VALUES (365,'Ivan','Acosta','christopher69@gmail.com','daniellepowell','vBxtyXuBkfaVEKh','M','1964-05-14',55,4);
INSERT INTO staff_member (id,employed_since,position,salary,room) VALUES (365,'2010-08-05','Lab Technician',15000,44);
INSERT INTO lab_technician (id,education_level,departement_id) VALUES (365,'Bachelor',1);
INSERT INTO person (id,first_name,second_name,email,user_login,user_password,sex,date_of_birth,age,permission_level) VALUES (366,'Cassandra','Flores','katherine00@gmail.com','jennifergray','OJikzlqd','F','2010-07-03',9,3);
INSERT INTO staff_member (id,employed_since,position,salary,room) VALUES (366,'2017-06-23','Professor',35000,31);
INSERT INTO professor (id,research_topic,surgery_participation,departement_id) VALUES (366,'Medical Geneticist',B'0',7);
INSERT INTO person (id,first_name,second_name,email,user_login,user_password,sex,date_of_birth,age,permission_level) VALUES (367,'Kimberly','Ramirez','blake86@yahoo.com','eric37','jJqjaflkVc','F','2000-07-17',19,1);
INSERT INTO staff_member (id,employed_since,position,salary,room) VALUES (367,'2018-02-08','Nurse',25000,9);
INSERT INTO nurse (id,surgery_assistant,preferred_shifts,appointment_assistant,departement_id) VALUES (367,B'0','Night',B'1',1);
INSERT INTO person (id,first_name,second_name,email,user_login,user_password,sex,date_of_birth,age,permission_level) VALUES (368,'Kayla','Jackson','pricemary@yahoo.com','andrea88','JdzZomoEAy','F','1968-03-10',51,2);
INSERT INTO staff_member (id,employed_since,position,salary,room) VALUES (368,'2014-02-16','Pharmasist',20000,69);
INSERT INTO pharmasist (id,education_level,research) VALUES (368,'PhD',B'1');
INSERT INTO person (id,first_name,second_name,email,user_login,user_password,sex,date_of_birth,age,permission_level) VALUES (369,'Rebecca','Johnson','lwalsh@yahoo.com','laura04','dpqvdBNKCedNNw','F','2001-11-13',18,2);
INSERT INTO patient (id) VALUES (369);
INSERT INTO patients_address (street,house,apartement) VALUES ('Michelle st.','82','10');
INSERT INTO medical_history (patient_id,date) VALUES (369,'2019-10-20');
INSERT INTO person (id,first_name,second_name,email,user_login,user_password,sex,date_of_birth,age,permission_level) VALUES (370,'Norman','Brown','bakersteven@gmail.com','jcombs','QotGrio','M','1907-04-13',112,1);
INSERT INTO staff_member (id,employed_since,position,salary,room) VALUES (370,'2011-11-30','Pharmasist',20000,68);
INSERT INTO pharmasist (id,education_level,research) VALUES (370,'PhD',B'1');
INSERT INTO person (id,first_name,second_name,email,user_login,user_password,sex,date_of_birth,age,permission_level) VALUES (371,'Chad','Savage','taylorchavez@hotmail.com','dbray','NCrPuwXkfppMlW','M','1983-08-15',36,1);
INSERT INTO staff_member (id,employed_since,position,salary,room) VALUES (371,'2016-08-13','Doctor',35000,18);
INSERT INTO doctor (id,speciality,emergency_hours,experience,departement_id,supervisor) VALUES (371,'Gastroenterologist',B'0',5,7,224);
INSERT INTO person (id,first_name,second_name,email,user_login,user_password,sex,date_of_birth,age,permission_level) VALUES (372,'Kevin','Fowler','uchavez@gmail.com','qcollins','qypiSZUEBSW','M','1958-10-14',61,4);
INSERT INTO staff_member (id,employed_since,position,salary,room) VALUES (372,'2012-04-04','Doctor',35000,17);
INSERT INTO doctor (id,speciality,emergency_hours,experience,departement_id,supervisor) VALUES (372,'Emergency Medicine Specialist',B'0',1,3,101);
INSERT INTO person (id,first_name,second_name,email,user_login,user_password,sex,date_of_birth,age,permission_level) VALUES (373,'Kimberly','Wagner','qaguirre@gmail.com','brianlane','HgMMVElCkDEdnBJ','F','1991-05-18',28,4);
INSERT INTO patient (id) VALUES (373);
INSERT INTO patients_address (street,house,apartement) VALUES ('Anthony st.','56','3');
INSERT INTO medical_history (patient_id,date) VALUES (373,'2019-10-30');
INSERT INTO person (id,first_name,second_name,email,user_login,user_password,sex,date_of_birth,age,permission_level) VALUES (374,'Megan','Strickland','conniemoore@yahoo.com','meaganmartinez','IPxNWWoki','F','1910-08-30',109,2);
INSERT INTO staff_member (id,employed_since,position,salary,room) VALUES (374,'2013-06-10','Nurse',25000,7);
INSERT INTO nurse (id,surgery_assistant,preferred_shifts,appointment_assistant,departement_id) VALUES (374,B'0','Day',B'1',3);
INSERT INTO person (id,first_name,second_name,email,user_login,user_password,sex,date_of_birth,age,permission_level) VALUES (375,'Brandon','Miller','david57@hotmail.com','maria60','biEJlKPdn','M','2017-01-07',2,4);
INSERT INTO staff_member (id,employed_since,position,salary,room) VALUES (375,'2012-09-05','Doctor',35000,28);
INSERT INTO doctor (id,speciality,emergency_hours,experience,departement_id,supervisor) VALUES (375,'Internist',B'0',4,4,222);
INSERT INTO person (id,first_name,second_name,email,user_login,user_password,sex,date_of_birth,age,permission_level) VALUES (376,'Teresa','Gilbert','twillis@gmail.com','kayla89','qoKiKVCOxGkodK','F','1984-11-24',35,1);
INSERT INTO staff_member (id,employed_since,position,salary,room) VALUES (376,'2014-06-26','Lab Technician',15000,50);
INSERT INTO lab_technician (id,education_level,departement_id) VALUES (376,'PhD',7);
INSERT INTO person (id,first_name,second_name,email,user_login,user_password,sex,date_of_birth,age,permission_level) VALUES (377,'Wesley','Prince','eric87@hotmail.com','aprilparrish','qRPqoFrlPykBUvF','M','1951-06-22',68,2);
INSERT INTO staff_member (id,employed_since,position,salary,room) VALUES (377,'2017-07-27','Nurse',25000,7);
INSERT INTO nurse (id,surgery_assistant,preferred_shifts,appointment_assistant,departement_id) VALUES (377,B'1','Day',B'0',4);
INSERT INTO person (id,first_name,second_name,email,user_login,user_password,sex,date_of_birth,age,permission_level) VALUES (378,'Laurie','Morgan','sergiohanson@yahoo.com','harrisandrew','lQrsPHXxChI','F','1951-11-22',68,4);
INSERT INTO staff_member (id,employed_since,position,salary,room) VALUES (378,'2014-05-10','Professor',35000,36);
INSERT INTO professor (id,research_topic,surgery_participation,departement_id) VALUES (378,'Urologist',B'1',5);
INSERT INTO person (id,first_name,second_name,email,user_login,user_password,sex,date_of_birth,age,permission_level) VALUES (379,'Nancy','Banks','hatfieldmichael@hotmail.com','phillip37','edonYelDU','F','1950-08-03',69,4);
INSERT INTO staff_member (id,employed_since,position,salary,room) VALUES (379,'2012-10-23','Nurse',25000,3);
INSERT INTO nurse (id,surgery_assistant,preferred_shifts,appointment_assistant,departement_id) VALUES (379,B'0','Day',B'1',8);
INSERT INTO person (id,first_name,second_name,email,user_login,user_password,sex,date_of_birth,age,permission_level) VALUES (380,'Vincent','Kramer','evan62@yahoo.com','hansenkelly','pNGtoVNPRlXqIJB','M','1909-07-18',110,5);
INSERT INTO staff_member (id,employed_since,position,salary,room) VALUES (380,'2014-09-28','Pharmasist',20000,70);
INSERT INTO pharmasist (id,education_level,research) VALUES (380,'PhD',B'0');
INSERT INTO person (id,first_name,second_name,email,user_login,user_password,sex,date_of_birth,age,permission_level) VALUES (381,'Gloria','Phillips','dunnbrandon@yahoo.com','stewartkristen','XLcMjchsDQnFE','F','1960-08-13',59,4);
INSERT INTO staff_member (id,employed_since,position,salary,room) VALUES (381,'2013-02-03','Priest',15000,80);
INSERT INTO priest (id,religion) VALUES (381,'Judaism');
INSERT INTO person (id,first_name,second_name,email,user_login,user_password,sex,date_of_birth,age,permission_level) VALUES (382,'Samantha','Alexander','dwiley@gmail.com','laurenlucero','LPFIWqikWD','F','2004-04-23',15,3);
INSERT INTO staff_member (id,employed_since,position,salary,room) VALUES (382,'2016-03-29','Doctor',35000,24);
INSERT INTO doctor (id,speciality,emergency_hours,experience,departement_id,supervisor) VALUES (382,'Pediatrician',B'1',3,7,224);
INSERT INTO person (id,first_name,second_name,email,user_login,user_password,sex,date_of_birth,age,permission_level) VALUES (383,'Robert','Bates','lparrish@yahoo.com','shanescott','yAbiuuw','M','1939-08-17',80,4);
INSERT INTO staff_member (id,employed_since,position,salary,room) VALUES (383,'2015-11-17','Pharmasist',20000,68);
INSERT INTO pharmasist (id,education_level,research) VALUES (383,'Postgraduate',B'1');
INSERT INTO person (id,first_name,second_name,email,user_login,user_password,sex,date_of_birth,age,permission_level) VALUES (384,'Anne','Zamora','michaelburke@hotmail.com','hvilla','nnPCBPNOz','F','1973-09-08',46,3);
INSERT INTO staff_member (id,employed_since,position,salary,room) VALUES (384,'2019-01-15','HR',30000,65);
INSERT INTO hr (id,selection_responsibility) VALUES (384,'Interview');
INSERT INTO person (id,first_name,second_name,email,user_login,user_password,sex,date_of_birth,age,permission_level) VALUES (385,'Mark','Taylor','karipatton@hotmail.com','jennifer51','QVnnFgJhgN','M','2010-11-05',9,1);
INSERT INTO staff_member (id,employed_since,position,salary,room) VALUES (385,'2014-06-20','Doctor',35000,12);
INSERT INTO doctor (id,speciality,emergency_hours,experience,departement_id,supervisor) VALUES (385,'Radiologist',B'1',8,9,8);
INSERT INTO person (id,first_name,second_name,email,user_login,user_password,sex,date_of_birth,age,permission_level) VALUES (386,'Jessica','Garcia','robert07@hotmail.com','charlesrhodes','EYzUvJBO','F','1915-11-25',104,5);
INSERT INTO staff_member (id,employed_since,position,salary,room) VALUES (386,'2016-01-16','Lab Technician',15000,50);
INSERT INTO lab_technician (id,education_level,departement_id) VALUES (386,'PhD',5);
INSERT INTO person (id,first_name,second_name,email,user_login,user_password,sex,date_of_birth,age,permission_level) VALUES (387,'Edgar','Taylor','weberlawrence@gmail.com','burtonkurt','EOHhPQg','M','1917-06-08',102,3);
INSERT INTO staff_member (id,employed_since,position,salary,room) VALUES (387,'2011-06-12','Doctor',35000,20);
INSERT INTO doctor (id,speciality,emergency_hours,experience,departement_id,supervisor) VALUES (387,'Gastroenterologist',B'1',4,7,305);
INSERT INTO person (id,first_name,second_name,email,user_login,user_password,sex,date_of_birth,age,permission_level) VALUES (388,'Chad','Foster','janice96@hotmail.com','john18','owZjpifsysRsH','M','1916-06-16',103,5);
INSERT INTO patient (id) VALUES (388);
INSERT INTO patients_address (street,house,apartement) VALUES ('Jasmine st.','96','6');
INSERT INTO medical_history (patient_id,date) VALUES (388,'2019-10-26');
INSERT INTO person (id,first_name,second_name,email,user_login,user_password,sex,date_of_birth,age,permission_level) VALUES (389,'Amanda','Craig','joseph57@yahoo.com','theresa03','tJjkPFuLZIsBL','F','2004-04-25',15,1);
INSERT INTO staff_member (id,employed_since,position,salary,room) VALUES (389,'2010-07-21','Doctor',35000,26);
INSERT INTO doctor (id,speciality,emergency_hours,experience,departement_id,supervisor) VALUES (389,'Podiatrist',B'0',9,8,224);
INSERT INTO person (id,first_name,second_name,email,user_login,user_password,sex,date_of_birth,age,permission_level) VALUES (390,'Dean','Leach','melissa65@yahoo.com','barbaracruz','NWnmnvbzCMQeAD','M','1992-07-14',27,5);
INSERT INTO staff_member (id,employed_since,position,salary,room) VALUES (390,'2010-12-11','Doctor',35000,16);
INSERT INTO doctor (id,speciality,emergency_hours,experience,departement_id,supervisor) VALUES (390,'Otolaryngologist',B'0',6,5,12);
INSERT INTO person (id,first_name,second_name,email,user_login,user_password,sex,date_of_birth,age,permission_level) VALUES (391,'Timothy','Dunlap','cindycarter@gmail.com','patriciajacobs','ocDUgRN','M','1968-03-27',51,2);
INSERT INTO patient (id) VALUES (391);
INSERT INTO patients_address (street,house,apartement) VALUES ('Jennifer st.','5','10');
INSERT INTO medical_history (patient_id,date) VALUES (391,'2019-11-15');
INSERT INTO person (id,first_name,second_name,email,user_login,user_password,sex,date_of_birth,age,permission_level) VALUES (392,'Vanessa','Krause','leebeth@yahoo.com','whitericardo','zBWSlZE','F','1904-12-27',115,1);
INSERT INTO patient (id) VALUES (392);
INSERT INTO patients_address (street,house,apartement) VALUES ('Valerie st.','15','8');
INSERT INTO medical_history (patient_id,date) VALUES (392,'2019-10-29');
INSERT INTO person (id,first_name,second_name,email,user_login,user_password,sex,date_of_birth,age,permission_level) VALUES (393,'Heidi','Foster','huffmanjames@hotmail.com','reginacooley','AeEvbQnsNdNkYXA','F','1955-06-15',64,1);
INSERT INTO staff_member (id,employed_since,position,salary,room) VALUES (393,'2017-06-30','Nurse',25000,7);
INSERT INTO nurse (id,surgery_assistant,preferred_shifts,appointment_assistant,departement_id) VALUES (393,B'1','Night',B'0',1);
INSERT INTO person (id,first_name,second_name,email,user_login,user_password,sex,date_of_birth,age,permission_level) VALUES (394,'John','Baker','zconway@hotmail.com','mitchelllori','vDmTWoGKJ','M','1973-08-09',46,2);
INSERT INTO staff_member (id,employed_since,position,salary,room) VALUES (394,'2010-10-29','Lab Technician',15000,42);
INSERT INTO lab_technician (id,education_level,departement_id) VALUES (394,'Magister',7);
INSERT INTO person (id,first_name,second_name,email,user_login,user_password,sex,date_of_birth,age,permission_level) VALUES (395,'Alexis','Ramirez','brianarmstrong@yahoo.com','robinsonpaul','wWkbQcOMGwnjegs','M','1921-08-24',98,1);
INSERT INTO staff_member (id,employed_since,position,salary,room) VALUES (395,'2013-09-11','Professor',35000,36);
INSERT INTO professor (id,research_topic,surgery_participation,departement_id) VALUES (395,'Medical Geneticist',B'1',10);
INSERT INTO person (id,first_name,second_name,email,user_login,user_password,sex,date_of_birth,age,permission_level) VALUES (396,'Michael','Vazquez','nicoleallen@hotmail.com','valerierodriguez','sRXQTfkuFqZaPO','M','1991-10-02',28,4);
INSERT INTO staff_member (id,employed_since,position,salary,room) VALUES (396,'2015-10-15','Professor',35000,39);
INSERT INTO professor (id,research_topic,surgery_participation,departement_id) VALUES (396,'Preventive Medicine Specialist',B'1',4);
INSERT INTO person (id,first_name,second_name,email,user_login,user_password,sex,date_of_birth,age,permission_level) VALUES (397,'Gail','Thomas','mccarthyjerry@gmail.com','nroman','kVjwUGxh','F','1972-03-06',47,1);
INSERT INTO staff_member (id,employed_since,position,salary,room) VALUES (397,'2013-01-21','Doctor',35000,19);
INSERT INTO doctor (id,speciality,emergency_hours,experience,departement_id,supervisor) VALUES (397,'Psychiatrist',B'0',3,9,222);
INSERT INTO person (id,first_name,second_name,email,user_login,user_password,sex,date_of_birth,age,permission_level) VALUES (398,'Jason','Jackson','benjamin25@gmail.com','kathy23','bcLViaBSKPqCcSj','M','1941-09-26',78,1);
INSERT INTO staff_member (id,employed_since,position,salary,room) VALUES (398,'2018-04-02','Reseptionist',15000,56);
INSERT INTO reseptionist (id) VALUES (398);
INSERT INTO languages_spoken (reseptionist_id,language) VALUES (398,'RussianArabic');
INSERT INTO person (id,first_name,second_name,email,user_login,user_password,sex,date_of_birth,age,permission_level) VALUES (399,'Brittany','Black','benjaminrodriguez@hotmail.com','iwest','IjyVHTmGFrIdKFk','F','1998-07-04',21,5);
INSERT INTO staff_member (id,employed_since,position,salary,room) VALUES (399,'2019-05-05','Doctor',35000,30);
INSERT INTO doctor (id,speciality,emergency_hours,experience,departement_id,supervisor) VALUES (399,'Ophthalmologist',B'1',8,1,305);
INSERT INTO person (id,first_name,second_name,email,user_login,user_password,sex,date_of_birth,age,permission_level) VALUES (400,'Joseph','Cox','iwebster@hotmail.com','keithlee','WzdPEGx','M','1930-05-20',89,5);
INSERT INTO staff_member (id,employed_since,position,salary,room) VALUES (400,'2019-08-03','Maintanence Worker',15000,60);
INSERT INTO maintanence_worker (id,employment_type,speciality) VALUES (400,'Full time','Furniture');
INSERT INTO person (id,first_name,second_name,email,user_login,user_password,sex,date_of_birth,age,permission_level) VALUES (401,'Robert','Henderson','amyholloway@gmail.com','rhinton','VfFKrvqKrCv','M','2012-01-30',7,1);
INSERT INTO staff_member (id,employed_since,position,salary,room) VALUES (401,'2018-08-18','Professor',35000,40);
INSERT INTO professor (id,research_topic,surgery_participation,departement_id) VALUES (401,'Critical Care Medicine Specialist',B'1',6);
INSERT INTO person (id,first_name,second_name,email,user_login,user_password,sex,date_of_birth,age,permission_level) VALUES (402,'Steven','Bell','ethanwalker@yahoo.com','jonathan24','ZPDJHfoIEty','M','1905-05-28',114,4);
INSERT INTO staff_member (id,employed_since,position,salary,room) VALUES (402,'2016-12-29','Reseptionist',15000,56);
INSERT INTO reseptionist (id) VALUES (402);
INSERT INTO languages_spoken (reseptionist_id,language) VALUES (402,'ArabicPortuguesEnglishPortuguesItalianTatar');
INSERT INTO person (id,first_name,second_name,email,user_login,user_password,sex,date_of_birth,age,permission_level) VALUES (403,'Matthew','Jennings','sstokes@yahoo.com','jessicamason','AJQrfbfj','M','1970-08-07',49,4);
INSERT INTO staff_member (id,employed_since,position,salary,room) VALUES (403,'2011-11-01','Cleaning Team Worker',10000,53);
INSERT INTO cleaning_team_worker (id,employment_type) VALUES (403,'Part time');
INSERT INTO person (id,first_name,second_name,email,user_login,user_password,sex,date_of_birth,age,permission_level) VALUES (404,'Paul','Moore','cisnerosjason@yahoo.com','annette72','ULwhMsBMXb','M','1962-09-09',57,2);
INSERT INTO staff_member (id,employed_since,position,salary,room) VALUES (404,'2017-03-05','Cook',15000,73);
INSERT INTO cook (id,experience) VALUES (404,5);
INSERT INTO person (id,first_name,second_name,email,user_login,user_password,sex,date_of_birth,age,permission_level) VALUES (405,'Tyler','Adams','adavila@yahoo.com','shane00','cOkLAkAsl','M','1984-05-05',35,1);
INSERT INTO staff_member (id,employed_since,position,salary,room) VALUES (405,'2009-12-07','Nurse',25000,6);
INSERT INTO nurse (id,surgery_assistant,preferred_shifts,appointment_assistant,departement_id) VALUES (405,B'0','Night',B'0',3);
INSERT INTO person (id,first_name,second_name,email,user_login,user_password,sex,date_of_birth,age,permission_level) VALUES (406,'Alejandro','Johnson','david70@hotmail.com','ortiznathan','LMrCoOWgcFtLfb','M','1949-11-29',70,4);
INSERT INTO staff_member (id,employed_since,position,salary,room) VALUES (406,'2013-03-22','Cleaning Team Worker',10000,53);
INSERT INTO cleaning_team_worker (id,employment_type) VALUES (406,'Part time');
INSERT INTO person (id,first_name,second_name,email,user_login,user_password,sex,date_of_birth,age,permission_level) VALUES (407,'Jeremiah','Johnson','craig39@gmail.com','jbooth','rYFAgKpf','M','1916-01-10',103,4);
INSERT INTO staff_member (id,employed_since,position,salary,room) VALUES (407,'2014-05-30','Professor',35000,40);
INSERT INTO professor (id,research_topic,surgery_participation,departement_id) VALUES (407,'Geriatric Medicine Specialist',B'1',1);
INSERT INTO person (id,first_name,second_name,email,user_login,user_password,sex,date_of_birth,age,permission_level) VALUES (408,'Jamie','Nixon','kbowman@hotmail.com','gsolomon','DXklzbozwrWH','F','1985-08-19',34,2);
INSERT INTO staff_member (id,employed_since,position,salary,room) VALUES (408,'2015-09-16','Nurse',25000,9);
INSERT INTO nurse (id,surgery_assistant,preferred_shifts,appointment_assistant,departement_id) VALUES (408,B'0','Night',B'1',5);
INSERT INTO person (id,first_name,second_name,email,user_login,user_password,sex,date_of_birth,age,permission_level) VALUES (409,'Linda','Pope','iwright@gmail.com','josephaustin','YLNheKDkEJhSiGf','F','1985-03-08',34,1);
INSERT INTO staff_member (id,employed_since,position,salary,room) VALUES (409,'2015-02-08','Nurse',25000,6);
INSERT INTO nurse (id,surgery_assistant,preferred_shifts,appointment_assistant,departement_id) VALUES (409,B'1','Night',B'0',10);
INSERT INTO person (id,first_name,second_name,email,user_login,user_password,sex,date_of_birth,age,permission_level) VALUES (410,'Carla','Banks','maryreynolds@yahoo.com','susandonaldson','hrwoULzKbClCUY','F','1980-09-24',39,1);
INSERT INTO staff_member (id,employed_since,position,salary,room) VALUES (410,'2019-06-18','Priest',15000,80);
INSERT INTO priest (id,religion) VALUES (410,'Christianity');
INSERT INTO person (id,first_name,second_name,email,user_login,user_password,sex,date_of_birth,age,permission_level) VALUES (411,'Steven','Davis','sarahboone@hotmail.com','ytorres','bICSmxq','M','2012-11-09',7,4);
INSERT INTO patient (id) VALUES (411);
INSERT INTO patients_address (street,house,apartement) VALUES ('Nicholas st.','22','4');
INSERT INTO medical_history (patient_id,date) VALUES (411,'2019-11-07');
INSERT INTO person (id,first_name,second_name,email,user_login,user_password,sex,date_of_birth,age,permission_level) VALUES (412,'Donna','Bailey','lisa71@hotmail.com','richardhill','ITEosnuEulvWIq','F','1906-10-06',113,1);
INSERT INTO staff_member (id,employed_since,position,salary,room) VALUES (412,'2017-06-23','Professor',35000,31);
INSERT INTO professor (id,research_topic,surgery_participation,departement_id) VALUES (412,'Medical Geneticist',B'1',2);
INSERT INTO person (id,first_name,second_name,email,user_login,user_password,sex,date_of_birth,age,permission_level) VALUES (413,'Jessica','Gonzales','farmersara@gmail.com','higginsjason','jUMUFPf','F','1983-12-03',36,3);
INSERT INTO staff_member (id,employed_since,position,salary,room) VALUES (413,'2011-06-29','Doctor',35000,24);
INSERT INTO doctor (id,speciality,emergency_hours,experience,departement_id,supervisor) VALUES (413,'Radiologist',B'1',4,8,207);
INSERT INTO person (id,first_name,second_name,email,user_login,user_password,sex,date_of_birth,age,permission_level) VALUES (414,'Crystal','Moore','bellkimberly@gmail.com','rebekahaguilar','kJOLhNEu','F','1925-09-15',94,3);
INSERT INTO staff_member (id,employed_since,position,salary,room) VALUES (414,'2011-12-17','Doctor',35000,16);
INSERT INTO doctor (id,speciality,emergency_hours,experience,departement_id,supervisor) VALUES (414,'Gastroenterologist',B'0',4,10,8);
INSERT INTO person (id,first_name,second_name,email,user_login,user_password,sex,date_of_birth,age,permission_level) VALUES (415,'Nathaniel','Gonzalez','cmoreno@hotmail.com','nicole02','SkGCbbBmERhNiai','M','1907-03-22',112,1);
INSERT INTO staff_member (id,employed_since,position,salary,room) VALUES (415,'2014-08-31','Lab Technician',15000,48);
INSERT INTO lab_technician (id,education_level,departement_id) VALUES (415,'Bachelor',10);
INSERT INTO person (id,first_name,second_name,email,user_login,user_password,sex,date_of_birth,age,permission_level) VALUES (416,'Susan','Wallace','tpineda@hotmail.com','websterjoseph','fdaMbyTkqBYJ','F','1951-06-13',68,2);
INSERT INTO patient (id) VALUES (416);
INSERT INTO patients_address (street,house,apartement) VALUES ('Adrian st.','51','2');
INSERT INTO medical_history (patient_id,date) VALUES (416,'2019-10-19');
INSERT INTO person (id,first_name,second_name,email,user_login,user_password,sex,date_of_birth,age,permission_level) VALUES (417,'Crystal','Williams','patricia14@gmail.com','brooksjoe','BCZfgbsFo','F','1923-10-07',96,1);
INSERT INTO staff_member (id,employed_since,position,salary,room) VALUES (417,'2015-03-02','Doctor',35000,19);
INSERT INTO doctor (id,speciality,emergency_hours,experience,departement_id,supervisor) VALUES (417,'Hematologist',B'0',4,7,259);
INSERT INTO person (id,first_name,second_name,email,user_login,user_password,sex,date_of_birth,age,permission_level) VALUES (418,'Kevin','Smith','austin81@yahoo.com','dustinjones','GilzEonzYu','M','1913-06-27',106,4);
INSERT INTO staff_member (id,employed_since,position,salary,room) VALUES (418,'2015-10-07','Pharmasist',20000,70);
INSERT INTO pharmasist (id,education_level,research) VALUES (418,'PhD',B'1');
INSERT INTO person (id,first_name,second_name,email,user_login,user_password,sex,date_of_birth,age,permission_level) VALUES (419,'Ronald','Hayes','torreslarry@gmail.com','xbray','emoHUWTx','M','1921-10-22',98,2);
INSERT INTO staff_member (id,employed_since,position,salary,room) VALUES (419,'2017-08-22','Reseptionist',15000,56);
INSERT INTO reseptionist (id) VALUES (419);
INSERT INTO languages_spoken (reseptionist_id,language) VALUES (419,'EnglishPortuguesArabic');
INSERT INTO person (id,first_name,second_name,email,user_login,user_password,sex,date_of_birth,age,permission_level) VALUES (420,'Kim','Dixon','bgarcia@gmail.com','bakerpatricia','dEiBcNhApFasKW','F','1920-07-12',99,1);
INSERT INTO staff_member (id,employed_since,position,salary,room) VALUES (420,'2015-03-14','Professor',35000,36);
INSERT INTO professor (id,research_topic,surgery_participation,departement_id) VALUES (420,'Physiatrist',B'0',6);
INSERT INTO person (id,first_name,second_name,email,user_login,user_password,sex,date_of_birth,age,permission_level) VALUES (421,'Lindsey','Singh','wpearson@yahoo.com','nancyhill','pgzwUaa','F','1931-09-09',88,4);
INSERT INTO staff_member (id,employed_since,position,salary,room) VALUES (421,'2015-09-25','Reseptionist',15000,56);
INSERT INTO reseptionist (id) VALUES (421);
INSERT INTO languages_spoken (reseptionist_id,language) VALUES (421,'TatarItalianRussianPortuguesItalian');
INSERT INTO person (id,first_name,second_name,email,user_login,user_password,sex,date_of_birth,age,permission_level) VALUES (422,'Phillip','Le','lynn24@yahoo.com','catherinegould','rmznwSNk','M','1940-10-16',79,2);
INSERT INTO staff_member (id,employed_since,position,salary,room) VALUES (422,'2016-07-14','Lab Technician',15000,46);
INSERT INTO lab_technician (id,education_level,departement_id) VALUES (422,'Magister',7);
INSERT INTO person (id,first_name,second_name,email,user_login,user_password,sex,date_of_birth,age,permission_level) VALUES (423,'Jasmine','Hill','eduardomiller@yahoo.com','meganhanson','mYfKzJZDYJvTq','F','1976-12-02',43,5);
INSERT INTO staff_member (id,employed_since,position,salary,room) VALUES (423,'2019-11-16','HR',30000,65);
INSERT INTO hr (id,selection_responsibility) VALUES (423,'Review');
INSERT INTO person (id,first_name,second_name,email,user_login,user_password,sex,date_of_birth,age,permission_level) VALUES (424,'Keith','Cross','jasonpugh@hotmail.com','cmills','iYBEjgD','M','2006-01-07',13,4);
INSERT INTO patient (id) VALUES (424);
INSERT INTO patients_address (street,house,apartement) VALUES ('Nicole st.','21','10');
INSERT INTO medical_history (patient_id,date) VALUES (424,'2019-11-12');
INSERT INTO person (id,first_name,second_name,email,user_login,user_password,sex,date_of_birth,age,permission_level) VALUES (425,'Joseph','Herman','john41@gmail.com','smithderrick','KkkUJMLyhtp','M','2006-04-30',13,1);
INSERT INTO staff_member (id,employed_since,position,salary,room) VALUES (425,'2018-06-14','Reseptionist',15000,56);
INSERT INTO reseptionist (id) VALUES (425);
INSERT INTO languages_spoken (reseptionist_id,language) VALUES (425,'EnglishRussian');
INSERT INTO person (id,first_name,second_name,email,user_login,user_password,sex,date_of_birth,age,permission_level) VALUES (426,'Brandon','Rodriguez','shirleythomas@hotmail.com','wschwartz','QqROoNmpDE','M','1911-12-30',108,1);
INSERT INTO staff_member (id,employed_since,position,salary,room) VALUES (426,'2015-07-19','Reseptionist',15000,56);
INSERT INTO reseptionist (id) VALUES (426);
INSERT INTO languages_spoken (reseptionist_id,language) VALUES (426,'Portugues');
INSERT INTO person (id,first_name,second_name,email,user_login,user_password,sex,date_of_birth,age,permission_level) VALUES (427,'Regina','Ibarra','tmckenzie@yahoo.com','jcameron','zQNwTyzqAwV','F','1917-07-10',102,2);
INSERT INTO staff_member (id,employed_since,position,salary,room) VALUES (427,'2018-06-19','Nurse',25000,10);
INSERT INTO nurse (id,surgery_assistant,preferred_shifts,appointment_assistant,departement_id) VALUES (427,B'1','Night',B'0',9);
INSERT INTO person (id,first_name,second_name,email,user_login,user_password,sex,date_of_birth,age,permission_level) VALUES (428,'Christopher','Curry','ccharles@hotmail.com','pbolton','MrzTEMghpv','M','2016-10-14',3,3);
INSERT INTO staff_member (id,employed_since,position,salary,room) VALUES (428,'2014-10-09','Nurse',25000,4);
INSERT INTO nurse (id,surgery_assistant,preferred_shifts,appointment_assistant,departement_id) VALUES (428,B'1','Day',B'1',4);
INSERT INTO person (id,first_name,second_name,email,user_login,user_password,sex,date_of_birth,age,permission_level) VALUES (429,'James','Carter','warderic@yahoo.com','psanchez','eqiICpWmhJArP','M','1981-01-16',38,4);
INSERT INTO staff_member (id,employed_since,position,salary,room) VALUES (429,'2012-06-16','Priest',15000,79);
INSERT INTO priest (id,religion) VALUES (429,'Judaism');
INSERT INTO person (id,first_name,second_name,email,user_login,user_password,sex,date_of_birth,age,permission_level) VALUES (430,'Eric','Carroll','hoodchristopher@hotmail.com','robertnelson','JGPFsgAgHVHf','M','1952-10-26',67,4);
INSERT INTO staff_member (id,employed_since,position,salary,room) VALUES (430,'2016-07-06','Nurse',25000,6);
INSERT INTO nurse (id,surgery_assistant,preferred_shifts,appointment_assistant,departement_id) VALUES (430,B'1','Day',B'1',4);
INSERT INTO person (id,first_name,second_name,email,user_login,user_password,sex,date_of_birth,age,permission_level) VALUES (431,'Thomas','Johnson','james98@gmail.com','nelsonmartin','FjyukmI','M','1910-01-29',109,1);
INSERT INTO staff_member (id,employed_since,position,salary,room) VALUES (431,'2015-03-16','Maintanence Worker',15000,60);
INSERT INTO maintanence_worker (id,employment_type,speciality) VALUES (431,'Part time','Hardware');
INSERT INTO person (id,first_name,second_name,email,user_login,user_password,sex,date_of_birth,age,permission_level) VALUES (432,'Devin','King','hernandezbrooke@hotmail.com','tracymorales','nmxArFZmMEipZW','M','1944-05-02',75,4);
INSERT INTO staff_member (id,employed_since,position,salary,room) VALUES (432,'2011-09-03','Doctor',35000,23);
INSERT INTO doctor (id,speciality,emergency_hours,experience,departement_id,supervisor) VALUES (432,'Radiologist',B'1',7,5,399);
INSERT INTO person (id,first_name,second_name,email,user_login,user_password,sex,date_of_birth,age,permission_level) VALUES (433,'Timothy','Crane','vmartinez@yahoo.com','angelanderson','tISFHaAO','M','2006-05-08',13,2);
INSERT INTO staff_member (id,employed_since,position,salary,room) VALUES (433,'2018-08-16','Nurse',25000,5);
INSERT INTO nurse (id,surgery_assistant,preferred_shifts,appointment_assistant,departement_id) VALUES (433,B'1','Night',B'0',9);
INSERT INTO person (id,first_name,second_name,email,user_login,user_password,sex,date_of_birth,age,permission_level) VALUES (434,'Sharon','Sanchez','hoganmichael@gmail.com','annette04','KjHvQsmQa','F','1942-12-22',77,2);
INSERT INTO staff_member (id,employed_since,position,salary,room) VALUES (434,'2010-01-18','Cleaning Team Worker',10000,54);
INSERT INTO cleaning_team_worker (id,employment_type) VALUES (434,'Part time');
INSERT INTO person (id,first_name,second_name,email,user_login,user_password,sex,date_of_birth,age,permission_level) VALUES (435,'Brian','Gates','jessicascott@yahoo.com','nicolemolina','XyiCKdryN','M','1980-01-31',39,5);
INSERT INTO staff_member (id,employed_since,position,salary,room) VALUES (435,'2011-06-22','Nurse',25000,3);
INSERT INTO nurse (id,surgery_assistant,preferred_shifts,appointment_assistant,departement_id) VALUES (435,B'0','Day',B'0',2);
INSERT INTO person (id,first_name,second_name,email,user_login,user_password,sex,date_of_birth,age,permission_level) VALUES (436,'Derrick','Lopez','carla75@gmail.com','combsrodney','YimGKiO','M','2009-09-03',10,5);
INSERT INTO staff_member (id,employed_since,position,salary,room) VALUES (436,'2011-12-26','Professor',35000,35);
INSERT INTO professor (id,research_topic,surgery_participation,departement_id) VALUES (436,'Pediatrician',B'0',10);
INSERT INTO person (id,first_name,second_name,email,user_login,user_password,sex,date_of_birth,age,permission_level) VALUES (437,'Sarah','Lopez','alison05@yahoo.com','gravesjessica','uhtoUOYPNg','F','1910-09-07',109,1);
INSERT INTO staff_member (id,employed_since,position,salary,room) VALUES (437,'2016-12-19','Doctor',35000,13);
INSERT INTO doctor (id,speciality,emergency_hours,experience,departement_id,supervisor) VALUES (437,'Preventive Medicine Specialist',B'0',9,7,126);
INSERT INTO person (id,first_name,second_name,email,user_login,user_password,sex,date_of_birth,age,permission_level) VALUES (438,'Michael','Rodriguez','brian10@gmail.com','morganhendrix','kZOuxqebRqkF','M','1935-10-13',84,3);
INSERT INTO staff_member (id,employed_since,position,salary,room) VALUES (438,'2012-05-17','Professor',35000,40);
INSERT INTO professor (id,research_topic,surgery_participation,departement_id) VALUES (438,'Physiatrist',B'1',4);
INSERT INTO person (id,first_name,second_name,email,user_login,user_password,sex,date_of_birth,age,permission_level) VALUES (439,'Susan','Frazier','carmen78@yahoo.com','franklintravis','EIsOmtduLvSzguu','F','1974-05-24',45,2);
INSERT INTO staff_member (id,employed_since,position,salary,room) VALUES (439,'2015-06-05','Cook',15000,72);
INSERT INTO cook (id,experience) VALUES (439,7);
INSERT INTO person (id,first_name,second_name,email,user_login,user_password,sex,date_of_birth,age,permission_level) VALUES (440,'Tyler','Harvey','brianjensen@hotmail.com','katie12','seZgnLBA','M','1999-12-26',20,1);
INSERT INTO staff_member (id,employed_since,position,salary,room) VALUES (440,'2017-10-27','Doctor',35000,16);
INSERT INTO doctor (id,speciality,emergency_hours,experience,departement_id,supervisor) VALUES (440,'Geriatric Medicine Specialist',B'0',4,9,181);
INSERT INTO person (id,first_name,second_name,email,user_login,user_password,sex,date_of_birth,age,permission_level) VALUES (441,'Andrea','Oconnor','amy84@yahoo.com','kgordon','tdcyfMAm','F','1954-05-28',65,5);
INSERT INTO staff_member (id,employed_since,position,salary,room) VALUES (441,'2017-05-05','Cleaning Team Worker',10000,55);
INSERT INTO cleaning_team_worker (id,employment_type) VALUES (441,'Full time');
INSERT INTO person (id,first_name,second_name,email,user_login,user_password,sex,date_of_birth,age,permission_level) VALUES (442,'Alan','Hendricks','aprilbenson@yahoo.com','williamlee','PCBXGvry','M','1993-01-14',26,2);
INSERT INTO staff_member (id,employed_since,position,salary,room) VALUES (442,'2013-01-15','HR',30000,65);
INSERT INTO hr (id,selection_responsibility) VALUES (442,'Review');
INSERT INTO person (id,first_name,second_name,email,user_login,user_password,sex,date_of_birth,age,permission_level) VALUES (443,'Stephen','Thomas','cameron51@yahoo.com','castrorobert','FxtitAxzA','M','1911-01-12',108,2);
INSERT INTO patient (id) VALUES (443);
INSERT INTO patients_address (street,house,apartement) VALUES ('Cassandra st.','71','9');
INSERT INTO medical_history (patient_id,date) VALUES (443,'2019-11-24');
INSERT INTO person (id,first_name,second_name,email,user_login,user_password,sex,date_of_birth,age,permission_level) VALUES (444,'Toni','Gallegos','tsanchez@hotmail.com','xaustin','rqYIqleTg','F','1918-07-02',101,1);
INSERT INTO staff_member (id,employed_since,position,salary,room) VALUES (444,'2013-05-12','HR',30000,66);
INSERT INTO hr (id,selection_responsibility) VALUES (444,'Review');
INSERT INTO person (id,first_name,second_name,email,user_login,user_password,sex,date_of_birth,age,permission_level) VALUES (445,'Jessica','Davis','ryan14@hotmail.com','sarah17','eEgOuGgWHAQjxV','F','2008-04-03',11,2);
INSERT INTO staff_member (id,employed_since,position,salary,room) VALUES (445,'2014-02-21','IT Specialist',15000,75);
INSERT INTO IT_specialist (id,support_line) VALUES (445,B'0');
INSERT INTO person (id,first_name,second_name,email,user_login,user_password,sex,date_of_birth,age,permission_level) VALUES (446,'Jean','Smith','phillipsrebecca@yahoo.com','gina51','JlhkUNJclq','F','1930-10-24',89,4);
INSERT INTO patient (id) VALUES (446);
INSERT INTO patients_address (street,house,apartement) VALUES ('Tina st.','84','10');
INSERT INTO medical_history (patient_id,date) VALUES (446,'2019-11-12');
INSERT INTO person (id,first_name,second_name,email,user_login,user_password,sex,date_of_birth,age,permission_level) VALUES (447,'Jennifer','Lucas','angelahoward@yahoo.com','ahendricks','hHHcbmfSa','F','1917-04-23',102,4);
INSERT INTO staff_member (id,employed_since,position,salary,room) VALUES (447,'2018-04-05','Nurse',25000,8);
INSERT INTO nurse (id,surgery_assistant,preferred_shifts,appointment_assistant,departement_id) VALUES (447,B'1','Day',B'1',10);
INSERT INTO person (id,first_name,second_name,email,user_login,user_password,sex,date_of_birth,age,permission_level) VALUES (448,'Stephanie','Smith','amber11@hotmail.com','mariehayes','dVctJUjheANrq','F','1932-12-01',87,4);
INSERT INTO staff_member (id,employed_since,position,salary,room) VALUES (448,'2016-06-15','Doctor',35000,23);
INSERT INTO doctor (id,speciality,emergency_hours,experience,departement_id,supervisor) VALUES (448,'Sports Medicine Specialist',B'1',10,6,193);
INSERT INTO person (id,first_name,second_name,email,user_login,user_password,sex,date_of_birth,age,permission_level) VALUES (449,'Jeffrey','Gomez','ryan22@hotmail.com','victorjones','kkotAwIm','M','1904-01-06',115,4);
INSERT INTO staff_member (id,employed_since,position,salary,room) VALUES (449,'2018-06-08','Cleaning Team Worker',10000,51);
INSERT INTO cleaning_team_worker (id,employment_type) VALUES (449,'Full time');
INSERT INTO person (id,first_name,second_name,email,user_login,user_password,sex,date_of_birth,age,permission_level) VALUES (450,'Amber','Davis','jose95@gmail.com','davidwashington','yooddCuhuWe','F','1990-02-17',29,3);
INSERT INTO staff_member (id,employed_since,position,salary,room) VALUES (450,'2013-06-23','Nurse',25000,10);
INSERT INTO nurse (id,surgery_assistant,preferred_shifts,appointment_assistant,departement_id) VALUES (450,B'0','Day',B'1',7);
INSERT INTO person (id,first_name,second_name,email,user_login,user_password,sex,date_of_birth,age,permission_level) VALUES (451,'Melissa','Bullock','georgewalker@yahoo.com','carolwright','fnvJJxf','F','1925-03-02',94,1);
INSERT INTO staff_member (id,employed_since,position,salary,room) VALUES (451,'2016-06-27','Doctor',35000,11);
INSERT INTO doctor (id,speciality,emergency_hours,experience,departement_id,supervisor) VALUES (451,'Otolaryngologist',B'1',9,8,338);
INSERT INTO person (id,first_name,second_name,email,user_login,user_password,sex,date_of_birth,age,permission_level) VALUES (452,'Samantha','Swanson','ccook@yahoo.com','ronald13','MmyQctrhl','F','1925-11-06',94,2);
INSERT INTO staff_member (id,employed_since,position,salary,room) VALUES (452,'2015-08-26','Reseptionist',15000,56);
INSERT INTO reseptionist (id) VALUES (452);
INSERT INTO languages_spoken (reseptionist_id,language) VALUES (452,'ArabicEnglishTatarTatar');
INSERT INTO person (id,first_name,second_name,email,user_login,user_password,sex,date_of_birth,age,permission_level) VALUES (453,'Craig','Le','michaelbooker@yahoo.com','martinjohn','PAfFAHG','M','1919-05-02',100,1);
INSERT INTO patient (id) VALUES (453);
INSERT INTO patients_address (street,house,apartement) VALUES ('Daniel st.','39','3');
INSERT INTO medical_history (patient_id,date) VALUES (453,'2019-10-23');
INSERT INTO person (id,first_name,second_name,email,user_login,user_password,sex,date_of_birth,age,permission_level) VALUES (454,'David','David','matthewbennett@hotmail.com','tmartinez','savGosjsRVgIMt','M','1955-07-07',64,5);
INSERT INTO patient (id) VALUES (454);
INSERT INTO patients_address (street,house,apartement) VALUES ('Gina st.','7','2');
INSERT INTO medical_history (patient_id,date) VALUES (454,'2019-10-22');
INSERT INTO person (id,first_name,second_name,email,user_login,user_password,sex,date_of_birth,age,permission_level) VALUES (455,'Jonathon','Clark','suzanne72@yahoo.com','kylelove','rshffywKYgJ','M','2018-07-31',1,5);
INSERT INTO patient (id) VALUES (455);
INSERT INTO patients_address (street,house,apartement) VALUES ('Juan st.','16','6');
INSERT INTO medical_history (patient_id,date) VALUES (455,'2019-11-14');
INSERT INTO person (id,first_name,second_name,email,user_login,user_password,sex,date_of_birth,age,permission_level) VALUES (456,'Joshua','Miller','joelcooper@hotmail.com','david32','cGmCGTlfqgm','M','1991-04-19',28,5);
INSERT INTO staff_member (id,employed_since,position,salary,room) VALUES (456,'2017-03-07','Nurse',25000,4);
INSERT INTO nurse (id,surgery_assistant,preferred_shifts,appointment_assistant,departement_id) VALUES (456,B'1','Night',B'0',4);
INSERT INTO person (id,first_name,second_name,email,user_login,user_password,sex,date_of_birth,age,permission_level) VALUES (457,'Shirley','Sanders','tonyaclark@yahoo.com','qnorman','SifSCZGkabP','F','1983-01-30',36,2);
INSERT INTO staff_member (id,employed_since,position,salary,room) VALUES (457,'2018-02-17','Nurse',25000,5);
INSERT INTO nurse (id,surgery_assistant,preferred_shifts,appointment_assistant,departement_id) VALUES (457,B'0','Night',B'1',2);
INSERT INTO person (id,first_name,second_name,email,user_login,user_password,sex,date_of_birth,age,permission_level) VALUES (458,'Judy','Jackson','jacquelinelopez@gmail.com','amanda26','CPFoFpuyXqCgDy','F','1988-02-21',31,2);
INSERT INTO staff_member (id,employed_since,position,salary,room) VALUES (458,'2019-08-23','Professor',35000,33);
INSERT INTO professor (id,research_topic,surgery_participation,departement_id) VALUES (458,'Emergency Medicine Specialist',B'0',9);
INSERT INTO person (id,first_name,second_name,email,user_login,user_password,sex,date_of_birth,age,permission_level) VALUES (459,'Mary','Williams','jeffrey87@yahoo.com','dylanlawrence','ZgQJtmZ','F','1975-10-01',44,4);
INSERT INTO staff_member (id,employed_since,position,salary,room) VALUES (459,'2011-01-27','Nurse',25000,8);
INSERT INTO nurse (id,surgery_assistant,preferred_shifts,appointment_assistant,departement_id) VALUES (459,B'1','Night',B'0',5);
INSERT INTO person (id,first_name,second_name,email,user_login,user_password,sex,date_of_birth,age,permission_level) VALUES (460,'Kathryn','Jensen','billy86@gmail.com','morgantanner','lKygipYxHfv','F','2009-03-24',10,1);
INSERT INTO patient (id) VALUES (460);
INSERT INTO patients_address (street,house,apartement) VALUES ('Connie st.','9','10');
INSERT INTO medical_history (patient_id,date) VALUES (460,'2019-11-03');
INSERT INTO person (id,first_name,second_name,email,user_login,user_password,sex,date_of_birth,age,permission_level) VALUES (461,'Jody','Brown','campbelljohn@hotmail.com','katherinehammond','RkLxTeRWLEAQhZ','F','1993-05-19',26,2);
INSERT INTO staff_member (id,employed_since,position,salary,room) VALUES (461,'2011-06-24','Pharmasist',20000,68);
INSERT INTO pharmasist (id,education_level,research) VALUES (461,'Magister',B'0');
INSERT INTO person (id,first_name,second_name,email,user_login,user_password,sex,date_of_birth,age,permission_level) VALUES (462,'Eric','Ramos','rmoreno@hotmail.com','esteele','xGwhtdGfa','M','1930-07-01',89,1);
INSERT INTO staff_member (id,employed_since,position,salary,room) VALUES (462,'2016-04-05','Cook',15000,72);
INSERT INTO cook (id,experience) VALUES (462,4);
INSERT INTO person (id,first_name,second_name,email,user_login,user_password,sex,date_of_birth,age,permission_level) VALUES (463,'Sharon','Young','edwardevans@gmail.com','clarkderek','XxmQBKUHdXfzg','F','1991-06-30',28,4);
INSERT INTO staff_member (id,employed_since,position,salary,room) VALUES (463,'2011-11-10','Nurse',25000,6);
INSERT INTO nurse (id,surgery_assistant,preferred_shifts,appointment_assistant,departement_id) VALUES (463,B'0','Night',B'0',3);
INSERT INTO person (id,first_name,second_name,email,user_login,user_password,sex,date_of_birth,age,permission_level) VALUES (464,'Anna','Shields','bryanking@yahoo.com','jessicapowell','julfSCJzfDJ','F','1919-10-22',100,4);
INSERT INTO staff_member (id,employed_since,position,salary,room) VALUES (464,'2019-05-21','Doctor',35000,15);
INSERT INTO doctor (id,speciality,emergency_hours,experience,departement_id,supervisor) VALUES (464,'General Surgeon',B'1',6,9,437);
INSERT INTO person (id,first_name,second_name,email,user_login,user_password,sex,date_of_birth,age,permission_level) VALUES (465,'Lisa','Harris','dmorrison@hotmail.com','toddwilliams','PQNpQZPsXpDGaD','F','1907-04-05',112,3);
INSERT INTO staff_member (id,employed_since,position,salary,room) VALUES (465,'2012-06-29','Nurse',25000,9);
INSERT INTO nurse (id,surgery_assistant,preferred_shifts,appointment_assistant,departement_id) VALUES (465,B'1','Night',B'0',2);
INSERT INTO person (id,first_name,second_name,email,user_login,user_password,sex,date_of_birth,age,permission_level) VALUES (466,'Joshua','Ingram','samantharodriguez@hotmail.com','martinezlisa','OgNRwaASOfz','M','1944-11-18',75,3);
INSERT INTO staff_member (id,employed_since,position,salary,room) VALUES (466,'2013-05-23','Nurse',25000,5);
INSERT INTO nurse (id,surgery_assistant,preferred_shifts,appointment_assistant,departement_id) VALUES (466,B'0','Day',B'1',2);
INSERT INTO person (id,first_name,second_name,email,user_login,user_password,sex,date_of_birth,age,permission_level) VALUES (467,'Kimberly','Bowen','christopher30@hotmail.com','kathleengarza','mlnYCksuG','F','1958-04-21',61,3);
INSERT INTO staff_member (id,employed_since,position,salary,room) VALUES (467,'2015-01-24','Nurse',25000,4);
INSERT INTO nurse (id,surgery_assistant,preferred_shifts,appointment_assistant,departement_id) VALUES (467,B'0','Night',B'1',1);
INSERT INTO person (id,first_name,second_name,email,user_login,user_password,sex,date_of_birth,age,permission_level) VALUES (468,'Jordan','Mcdaniel','marclewis@hotmail.com','rebeccahardy','OWrqtALkWVCEkK','M','2016-04-13',3,4);
INSERT INTO staff_member (id,employed_since,position,salary,room) VALUES (468,'2015-07-26','HR',30000,67);
INSERT INTO hr (id,selection_responsibility) VALUES (468,'Interview');
INSERT INTO person (id,first_name,second_name,email,user_login,user_password,sex,date_of_birth,age,permission_level) VALUES (469,'Tristan','Ramos','brooksronnie@yahoo.com','andrewweeks','BTnWlFiEMnK','M','2016-10-12',3,5);
INSERT INTO patient (id) VALUES (469);
INSERT INTO patients_address (street,house,apartement) VALUES ('Elizabeth st.','58','8');
INSERT INTO medical_history (patient_id,date) VALUES (469,'2019-11-03');
INSERT INTO person (id,first_name,second_name,email,user_login,user_password,sex,date_of_birth,age,permission_level) VALUES (470,'William','Padilla','robertsmith@yahoo.com','miguel36','ixKYUMybqvz','M','1971-09-11',48,2);
INSERT INTO staff_member (id,employed_since,position,salary,room) VALUES (470,'2011-01-05','Cook',15000,73);
INSERT INTO cook (id,experience) VALUES (470,1);
INSERT INTO person (id,first_name,second_name,email,user_login,user_password,sex,date_of_birth,age,permission_level) VALUES (471,'Bernard','Cobb','karina41@yahoo.com','bradyjoy','trtegALLN','M','1970-08-31',49,5);
INSERT INTO staff_member (id,employed_since,position,salary,room) VALUES (471,'2012-03-04','Doctor',35000,12);
INSERT INTO doctor (id,speciality,emergency_hours,experience,departement_id,supervisor) VALUES (471,'Gastroenterologist',B'0',4,9,397);
INSERT INTO person (id,first_name,second_name,email,user_login,user_password,sex,date_of_birth,age,permission_level) VALUES (472,'David','Burnett','debrawhite@gmail.com','mooregary','qdFweUnObXSZ','M','1972-11-13',47,2);
INSERT INTO staff_member (id,employed_since,position,salary,room) VALUES (472,'2011-02-03','Professor',35000,36);
INSERT INTO professor (id,research_topic,surgery_participation,departement_id) VALUES (472,'Cardiologist',B'1',1);
INSERT INTO person (id,first_name,second_name,email,user_login,user_password,sex,date_of_birth,age,permission_level) VALUES (473,'Charles','Young','ymorrow@gmail.com','christina83','QHDJnlZ','M','1963-06-23',56,5);
INSERT INTO staff_member (id,employed_since,position,salary,room) VALUES (473,'2012-03-24','HR',30000,64);
INSERT INTO hr (id,selection_responsibility) VALUES (473,'Interview');
INSERT INTO person (id,first_name,second_name,email,user_login,user_password,sex,date_of_birth,age,permission_level) VALUES (474,'David','Patel','veronica37@yahoo.com','bkhan','mIJwUqOkCoCB','M','1964-03-01',55,3);
INSERT INTO patient (id) VALUES (474);
INSERT INTO patients_address (street,house,apartement) VALUES ('Jeremy st.','2','10');
INSERT INTO medical_history (patient_id,date) VALUES (474,'2019-11-04');
INSERT INTO person (id,first_name,second_name,email,user_login,user_password,sex,date_of_birth,age,permission_level) VALUES (475,'Angelica','Clements','mcampbell@hotmail.com','lnorris','tekDVgeCpVTeM','F','1914-05-26',105,3);
INSERT INTO staff_member (id,employed_since,position,salary,room) VALUES (475,'2013-10-04','Lab Technician',15000,41);
INSERT INTO lab_technician (id,education_level,departement_id) VALUES (475,'Magister',7);
INSERT INTO person (id,first_name,second_name,email,user_login,user_password,sex,date_of_birth,age,permission_level) VALUES (476,'Mitchell','Randolph','anthonyhiggins@hotmail.com','handrade','YlytGUAbdpAweGm','M','1966-12-05',53,3);
INSERT INTO patient (id) VALUES (476);
INSERT INTO patients_address (street,house,apartement) VALUES ('Rebecca st.','10','5');
INSERT INTO medical_history (patient_id,date) VALUES (476,'2019-10-31');
INSERT INTO person (id,first_name,second_name,email,user_login,user_password,sex,date_of_birth,age,permission_level) VALUES (477,'Angela','Taylor','jacqueline64@gmail.com','vanessaramirez','fzdzytor','F','2016-03-22',3,2);
INSERT INTO staff_member (id,employed_since,position,salary,room) VALUES (477,'2018-09-15','Cleaning Team Worker',10000,54);
INSERT INTO cleaning_team_worker (id,employment_type) VALUES (477,'Full time');
INSERT INTO person (id,first_name,second_name,email,user_login,user_password,sex,date_of_birth,age,permission_level) VALUES (478,'Thomas','Crawford','haleyquinn@hotmail.com','kimberlybrown','qnwGBIvSJqmpn','M','1921-01-15',98,3);
INSERT INTO patient (id) VALUES (478);
INSERT INTO patients_address (street,house,apartement) VALUES ('Carlos st.','31','5');
INSERT INTO medical_history (patient_id,date) VALUES (478,'2019-10-24');
INSERT INTO person (id,first_name,second_name,email,user_login,user_password,sex,date_of_birth,age,permission_level) VALUES (479,'Joshua','Bishop','ndouglas@yahoo.com','yleonard','EkRmJozywNnZdKH','M','1962-01-07',57,4);
INSERT INTO staff_member (id,employed_since,position,salary,room) VALUES (479,'2014-09-16','Cleaning Team Worker',10000,51);
INSERT INTO cleaning_team_worker (id,employment_type) VALUES (479,'Full time');
INSERT INTO person (id,first_name,second_name,email,user_login,user_password,sex,date_of_birth,age,permission_level) VALUES (480,'Paula','Russell','acevedotraci@hotmail.com','frenchtamara','vzmccYmz','F','2006-03-21',13,1);
INSERT INTO staff_member (id,employed_since,position,salary,room) VALUES (480,'2016-02-19','Reseptionist',15000,56);
INSERT INTO reseptionist (id) VALUES (480);
INSERT INTO languages_spoken (reseptionist_id,language) VALUES (480,'ItalianItalian');
INSERT INTO person (id,first_name,second_name,email,user_login,user_password,sex,date_of_birth,age,permission_level) VALUES (481,'Max','Banks','tiffanymartinez@gmail.com','chadlopez','PBWANfqgLFeaGnf','M','1998-03-18',21,2);
INSERT INTO patient (id) VALUES (481);
INSERT INTO patients_address (street,house,apartement) VALUES ('Joshua st.','23','1');
INSERT INTO medical_history (patient_id,date) VALUES (481,'2019-10-31');
INSERT INTO person (id,first_name,second_name,email,user_login,user_password,sex,date_of_birth,age,permission_level) VALUES (482,'Luke','Ortiz','gordonryan@yahoo.com','simmonsbrian','zTjAXoSPW','M','1952-10-23',67,3);
INSERT INTO patient (id) VALUES (482);
INSERT INTO patients_address (street,house,apartement) VALUES ('Christian st.','84','2');
INSERT INTO medical_history (patient_id,date) VALUES (482,'2019-11-18');
INSERT INTO person (id,first_name,second_name,email,user_login,user_password,sex,date_of_birth,age,permission_level) VALUES (483,'April','Smith','proman@gmail.com','rodney76','rNYlrXtczWZI','F','1980-11-15',39,2);
INSERT INTO patient (id) VALUES (483);
INSERT INTO patients_address (street,house,apartement) VALUES ('Cynthia st.','32','4');
INSERT INTO medical_history (patient_id,date) VALUES (483,'2019-10-16');
INSERT INTO person (id,first_name,second_name,email,user_login,user_password,sex,date_of_birth,age,permission_level) VALUES (484,'Dana','Davis','laurasilva@yahoo.com','sbeasley','LMvPRPAdVRot','F','1999-08-02',20,4);
INSERT INTO staff_member (id,employed_since,position,salary,room) VALUES (484,'2018-11-21','Nurse',25000,8);
INSERT INTO nurse (id,surgery_assistant,preferred_shifts,appointment_assistant,departement_id) VALUES (484,B'0','Day',B'0',10);
INSERT INTO person (id,first_name,second_name,email,user_login,user_password,sex,date_of_birth,age,permission_level) VALUES (485,'Michael','Lyons','brandonbrown@yahoo.com','amandastrickland','QrOWKcsIbZyklgO','M','1904-12-28',115,4);
INSERT INTO staff_member (id,employed_since,position,salary,room) VALUES (485,'2019-07-25','Lab Technician',15000,48);
INSERT INTO lab_technician (id,education_level,departement_id) VALUES (485,'Postgraduate',9);
INSERT INTO person (id,first_name,second_name,email,user_login,user_password,sex,date_of_birth,age,permission_level) VALUES (486,'Patricia','Robinson','chapmankatelyn@gmail.com','alisoncallahan','nXVyuXXTXPJoD','F','1968-08-23',51,1);
INSERT INTO patient (id) VALUES (486);
INSERT INTO patients_address (street,house,apartement) VALUES ('Jonathan st.','40','2');
INSERT INTO medical_history (patient_id,date) VALUES (486,'2019-11-17');
INSERT INTO person (id,first_name,second_name,email,user_login,user_password,sex,date_of_birth,age,permission_level) VALUES (487,'Beverly','Moore','gregory16@hotmail.com','elizabeth99','VUkTSgztwmid','F','2004-11-04',15,2);
INSERT INTO staff_member (id,employed_since,position,salary,room) VALUES (487,'2018-01-28','Pharmasist',20000,70);
INSERT INTO pharmasist (id,education_level,research) VALUES (487,'PhD',B'1');
INSERT INTO person (id,first_name,second_name,email,user_login,user_password,sex,date_of_birth,age,permission_level) VALUES (488,'Christopher','Kelley','theresabrown@yahoo.com','arielcruz','QlWvACUOhAb','M','1938-03-08',81,4);
INSERT INTO staff_member (id,employed_since,position,salary,room) VALUES (488,'2018-04-20','Professor',35000,33);
INSERT INTO professor (id,research_topic,surgery_participation,departement_id) VALUES (488,'Urologist',B'0',4);
INSERT INTO person (id,first_name,second_name,email,user_login,user_password,sex,date_of_birth,age,permission_level) VALUES (489,'Jill','Johnson','thomascook@yahoo.com','annekerr','ghzPftc','F','1921-08-19',98,4);
INSERT INTO staff_member (id,employed_since,position,salary,room) VALUES (489,'2012-06-18','Security Team Member',10000,62);
INSERT INTO security_team_member (id,shifts,physical_test_grade) VALUES (489,'Day','B');
INSERT INTO person (id,first_name,second_name,email,user_login,user_password,sex,date_of_birth,age,permission_level) VALUES (490,'Anne','Hill','whitneykevin@gmail.com','william71','ngvqXRzhN','F','2018-10-01',1,3);
INSERT INTO staff_member (id,employed_since,position,salary,room) VALUES (490,'2017-01-22','Maintanence Worker',15000,57);
INSERT INTO maintanence_worker (id,employment_type,speciality) VALUES (490,'Full time','Machines');
INSERT INTO person (id,first_name,second_name,email,user_login,user_password,sex,date_of_birth,age,permission_level) VALUES (491,'Tara','Villegas','mendezwendy@gmail.com','edward30','OHgdTtNTTXyxm','F','2013-09-29',6,5);
INSERT INTO staff_member (id,employed_since,position,salary,room) VALUES (491,'2019-09-09','Doctor',35000,14);
INSERT INTO doctor (id,speciality,emergency_hours,experience,departement_id,supervisor) VALUES (491,'Hematologist',B'1',3,4,389);
INSERT INTO person (id,first_name,second_name,email,user_login,user_password,sex,date_of_birth,age,permission_level) VALUES (492,'Shawn','Little','jonessherri@gmail.com','eduardo32','oBEIMlHsYFfpMp','M','2003-04-20',16,2);
INSERT INTO staff_member (id,employed_since,position,salary,room) VALUES (492,'2015-03-20','Nurse',25000,8);
INSERT INTO nurse (id,surgery_assistant,preferred_shifts,appointment_assistant,departement_id) VALUES (492,B'1','Night',B'0',9);
INSERT INTO person (id,first_name,second_name,email,user_login,user_password,sex,date_of_birth,age,permission_level) VALUES (493,'Larry','Strickland','ogreen@gmail.com','nscott','oxZEMUb','M','1969-01-29',50,4);
INSERT INTO staff_member (id,employed_since,position,salary,room) VALUES (493,'2017-04-07','Cook',15000,73);
INSERT INTO cook (id,experience) VALUES (493,10);
INSERT INTO person (id,first_name,second_name,email,user_login,user_password,sex,date_of_birth,age,permission_level) VALUES (494,'John','Campos','morgan80@yahoo.com','robertpratt','pUjfIBkMQMOXX','M','1920-07-05',99,5);
INSERT INTO staff_member (id,employed_since,position,salary,room) VALUES (494,'2011-05-26','Nurse',25000,8);
INSERT INTO nurse (id,surgery_assistant,preferred_shifts,appointment_assistant,departement_id) VALUES (494,B'1','Day',B'0',3);
INSERT INTO person (id,first_name,second_name,email,user_login,user_password,sex,date_of_birth,age,permission_level) VALUES (495,'Larry','Cohen','dsherman@gmail.com','joshuawarren','iAYYcTulapOcFy','M','2008-12-29',11,5);
INSERT INTO staff_member (id,employed_since,position,salary,room) VALUES (495,'2018-07-08','Doctor',35000,28);
INSERT INTO doctor (id,speciality,emergency_hours,experience,departement_id,supervisor) VALUES (495,'Neurologist',B'1',5,6,389);
INSERT INTO person (id,first_name,second_name,email,user_login,user_password,sex,date_of_birth,age,permission_level) VALUES (496,'Stephanie','Lewis','karencooper@gmail.com','armstrongallison','DZWpkcHKVSb','F','1927-08-11',92,1);
INSERT INTO patient (id) VALUES (496);
INSERT INTO patients_address (street,house,apartement) VALUES ('Jocelyn st.','96','8');
INSERT INTO medical_history (patient_id,date) VALUES (496,'2019-11-23');
INSERT INTO person (id,first_name,second_name,email,user_login,user_password,sex,date_of_birth,age,permission_level) VALUES (497,'Sheryl','Rose','tonimcdonald@hotmail.com','jeffreygreen','RioWhltuhDr','F','2012-07-30',7,5);
INSERT INTO staff_member (id,employed_since,position,salary,room) VALUES (497,'2010-01-03','Maintanence Worker',15000,60);
INSERT INTO maintanence_worker (id,employment_type,speciality) VALUES (497,'Full time','Machines');
INSERT INTO person (id,first_name,second_name,email,user_login,user_password,sex,date_of_birth,age,permission_level) VALUES (498,'Michelle','Sims','josephmedina@yahoo.com','dianerobinson','UoGTfsVRirMmnDF','F','2006-10-21',13,5);
INSERT INTO staff_member (id,employed_since,position,salary,room) VALUES (498,'2017-06-23','Doctor',35000,11);
INSERT INTO doctor (id,speciality,emergency_hours,experience,departement_id,supervisor) VALUES (498,'Psychiatrist',B'0',9,7,448);
INSERT INTO person (id,first_name,second_name,email,user_login,user_password,sex,date_of_birth,age,permission_level) VALUES (499,'Austin','Craig','cpeters@yahoo.com','igreen','yCNXiMXetQgdwI','M','1910-06-27',109,2);
INSERT INTO staff_member (id,employed_since,position,salary,room) VALUES (499,'2010-04-21','Nurse',25000,6);
INSERT INTO nurse (id,surgery_assistant,preferred_shifts,appointment_assistant,departement_id) VALUES (499,B'0','Day',B'0',9);
INSERT INTO person (id,first_name,second_name,email,user_login,user_password,sex,date_of_birth,age,permission_level) VALUES (500,'Melissa','Wang','davisjames@yahoo.com','jamesclifford','sSmvEypNm','F','1934-12-20',85,2);
INSERT INTO staff_member (id,employed_since,position,salary,room) VALUES (500,'2014-04-30','Doctor',35000,19);
INSERT INTO doctor (id,speciality,emergency_hours,experience,departement_id,supervisor) VALUES (500,'Hospice and Palliative Medicine Specialist',B'1',3,1,341);
INSERT INTO person (id,first_name,second_name,email,user_login,user_password,sex,date_of_birth,age,permission_level) VALUES (501,'James','Kent','matthew64@hotmail.com','jason68','DCtuzEjl','M','2008-08-18',11,4);
INSERT INTO staff_member (id,employed_since,position,salary,room) VALUES (501,'2018-05-10','Cleaning Team Worker',10000,55);
INSERT INTO cleaning_team_worker (id,employment_type) VALUES (501,'Full time');
INSERT INTO person (id,first_name,second_name,email,user_login,user_password,sex,date_of_birth,age,permission_level) VALUES (502,'Kimberly','Brady','rodriguezmichael@yahoo.com','jillianday','cvvLiNdHZkF','F','1944-04-24',75,5);
INSERT INTO staff_member (id,employed_since,position,salary,room) VALUES (502,'2017-09-12','Nurse',25000,4);
INSERT INTO nurse (id,surgery_assistant,preferred_shifts,appointment_assistant,departement_id) VALUES (502,B'1','Day',B'1',6);
INSERT INTO person (id,first_name,second_name,email,user_login,user_password,sex,date_of_birth,age,permission_level) VALUES (503,'Corey','Smith','jaredbowers@hotmail.com','olewis','VnaRTVVpSSS','M','1941-08-04',78,1);
INSERT INTO staff_member (id,employed_since,position,salary,room) VALUES (503,'2018-03-30','Professor',35000,36);
INSERT INTO professor (id,research_topic,surgery_participation,departement_id) VALUES (503,'Internist',B'0',1);
INSERT INTO person (id,first_name,second_name,email,user_login,user_password,sex,date_of_birth,age,permission_level) VALUES (504,'Michael','Hopkins','ijones@yahoo.com','wheelerscott','XqMZBGmhfLx','M','2003-05-25',16,4);
INSERT INTO staff_member (id,employed_since,position,salary,room) VALUES (504,'2018-02-20','Doctor',35000,15);
INSERT INTO doctor (id,speciality,emergency_hours,experience,departement_id,supervisor) VALUES (504,'Hematologist',B'0',1,6,222);
INSERT INTO person (id,first_name,second_name,email,user_login,user_password,sex,date_of_birth,age,permission_level) VALUES (505,'Jacob','Williams','sharon83@hotmail.com','richard73','KNgcRcIYX','M','1957-10-26',62,5);
INSERT INTO patient (id) VALUES (505);
INSERT INTO patients_address (street,house,apartement) VALUES ('Jonathan st.','13','8');
INSERT INTO medical_history (patient_id,date) VALUES (505,'2019-11-03');
INSERT INTO person (id,first_name,second_name,email,user_login,user_password,sex,date_of_birth,age,permission_level) VALUES (506,'Steven','Baker','rquinn@gmail.com','holly55','feedwjOPMq','M','1958-02-26',61,4);
INSERT INTO staff_member (id,employed_since,position,salary,room) VALUES (506,'2018-05-11','Nurse',25000,5);
INSERT INTO nurse (id,surgery_assistant,preferred_shifts,appointment_assistant,departement_id) VALUES (506,B'0','Night',B'1',4);
INSERT INTO person (id,first_name,second_name,email,user_login,user_password,sex,date_of_birth,age,permission_level) VALUES (507,'Debra','Cox','colepatricia@hotmail.com','lgordon','bRIaeRQLXzsanc','F','1985-05-01',34,5);
INSERT INTO staff_member (id,employed_since,position,salary,room) VALUES (507,'2010-05-28','Cook',15000,71);
INSERT INTO cook (id,experience) VALUES (507,10);
INSERT INTO person (id,first_name,second_name,email,user_login,user_password,sex,date_of_birth,age,permission_level) VALUES (508,'Jonathan','Hahn','alexishale@hotmail.com','emily41','VUsaqXtlJVvEykW','M','1927-03-03',92,4);
INSERT INTO staff_member (id,employed_since,position,salary,room) VALUES (508,'2017-04-05','Doctor',35000,24);
INSERT INTO doctor (id,speciality,emergency_hours,experience,departement_id,supervisor) VALUES (508,'Emergency Medicine Specialist',B'1',6,2,504);
INSERT INTO person (id,first_name,second_name,email,user_login,user_password,sex,date_of_birth,age,permission_level) VALUES (509,'Kylie','Guzman','kelseymills@hotmail.com','robertsoncourtney','QnpUkzKW','F','1964-06-12',55,5);
INSERT INTO staff_member (id,employed_since,position,salary,room) VALUES (509,'2017-11-30','Nurse',25000,7);
INSERT INTO nurse (id,surgery_assistant,preferred_shifts,appointment_assistant,departement_id) VALUES (509,B'1','Day',B'1',5);
INSERT INTO person (id,first_name,second_name,email,user_login,user_password,sex,date_of_birth,age,permission_level) VALUES (510,'Ashley','Martin','johnathan65@gmail.com','brandon94','fNBiIkedGnayg','F','1971-08-17',48,3);
INSERT INTO staff_member (id,employed_since,position,salary,room) VALUES (510,'2011-08-02','Maintanence Worker',15000,59);
INSERT INTO maintanence_worker (id,employment_type,speciality) VALUES (510,'Part time','Electricity');
INSERT INTO person (id,first_name,second_name,email,user_login,user_password,sex,date_of_birth,age,permission_level) VALUES (511,'William','Andrews','eric14@yahoo.com','davidhurley','xLDxTIfqXq','M','1927-10-06',92,3);
INSERT INTO staff_member (id,employed_since,position,salary,room) VALUES (511,'2011-12-27','Lab Technician',15000,49);
INSERT INTO lab_technician (id,education_level,departement_id) VALUES (511,'Postgraduate',4);
INSERT INTO person (id,first_name,second_name,email,user_login,user_password,sex,date_of_birth,age,permission_level) VALUES (512,'Jeffrey','Nicholson','lpowell@yahoo.com','deborahnorman','zrwQgqcLfApaIRS','M','2014-07-05',5,5);
INSERT INTO staff_member (id,employed_since,position,salary,room) VALUES (512,'2015-11-12','Doctor',35000,12);
INSERT INTO doctor (id,speciality,emergency_hours,experience,departement_id,supervisor) VALUES (512,'Obstetrician and Gynecologist',B'0',8,4,331);
INSERT INTO person (id,first_name,second_name,email,user_login,user_password,sex,date_of_birth,age,permission_level) VALUES (513,'John','Craig','fosterlaura@gmail.com','igilbert','WdDenMxzLu','M','1939-02-28',80,2);
INSERT INTO staff_member (id,employed_since,position,salary,room) VALUES (513,'2011-12-28','Reseptionist',15000,56);
INSERT INTO reseptionist (id) VALUES (513);
INSERT INTO languages_spoken (reseptionist_id,language) VALUES (513,'EnglishPortuguesEnglishPortuguesRussian');
INSERT INTO person (id,first_name,second_name,email,user_login,user_password,sex,date_of_birth,age,permission_level) VALUES (514,'Autumn','Smith','johnsonjessica@gmail.com','jonesrobert','ClGmveuC','F','2015-10-26',4,3);
INSERT INTO patient (id) VALUES (514);
INSERT INTO patients_address (street,house,apartement) VALUES ('Karen st.','59','4');
INSERT INTO medical_history (patient_id,date) VALUES (514,'2019-11-17');
INSERT INTO person (id,first_name,second_name,email,user_login,user_password,sex,date_of_birth,age,permission_level) VALUES (515,'Gabriel','Ellis','brittany09@yahoo.com','chavezmichael','lJOOdanCAOx','M','1926-06-26',93,2);
INSERT INTO staff_member (id,employed_since,position,salary,room) VALUES (515,'2016-12-25','Doctor',35000,25);
INSERT INTO doctor (id,speciality,emergency_hours,experience,departement_id,supervisor) VALUES (515,'Critical Care Medicine Specialist',B'1',5,6,371);
INSERT INTO person (id,first_name,second_name,email,user_login,user_password,sex,date_of_birth,age,permission_level) VALUES (516,'Andrea','Williams','lmontgomery@yahoo.com','allenkimberly','LufCUlXjQJH','F','1926-02-19',93,2);
INSERT INTO staff_member (id,employed_since,position,salary,room) VALUES (516,'2018-05-27','Nurse',25000,3);
INSERT INTO nurse (id,surgery_assistant,preferred_shifts,appointment_assistant,departement_id) VALUES (516,B'0','Night',B'1',6);
INSERT INTO person (id,first_name,second_name,email,user_login,user_password,sex,date_of_birth,age,permission_level) VALUES (517,'Valerie','Jones','dennis29@yahoo.com','growland','zVzMeOAVFoF','F','1946-07-15',73,1);
INSERT INTO staff_member (id,employed_since,position,salary,room) VALUES (517,'2016-09-04','Doctor',35000,12);
INSERT INTO doctor (id,speciality,emergency_hours,experience,departement_id,supervisor) VALUES (517,'Pediatrician',B'1',7,3,332);
INSERT INTO person (id,first_name,second_name,email,user_login,user_password,sex,date_of_birth,age,permission_level) VALUES (518,'Theresa','Hall','hailey54@gmail.com','garzabrenda','fqVEGdvu','F','2006-02-11',13,5);
INSERT INTO staff_member (id,employed_since,position,salary,room) VALUES (518,'2016-02-23','Reseptionist',15000,56);
INSERT INTO reseptionist (id) VALUES (518);
INSERT INTO languages_spoken (reseptionist_id,language) VALUES (518,'RussianArabicArabicEnglishTatar');
INSERT INTO person (id,first_name,second_name,email,user_login,user_password,sex,date_of_birth,age,permission_level) VALUES (519,'Amy','Fields','dstevens@yahoo.com','jonesadrienne','CDEeLyCcqi','F','1993-07-31',26,5);
INSERT INTO staff_member (id,employed_since,position,salary,room) VALUES (519,'2016-06-25','Pharmasist',20000,70);
INSERT INTO pharmasist (id,education_level,research) VALUES (519,'Bachelor',B'1');
INSERT INTO person (id,first_name,second_name,email,user_login,user_password,sex,date_of_birth,age,permission_level) VALUES (520,'Alex','Miller','nrobbins@hotmail.com','clarknicole','TtFLwDkm','M','1990-09-01',29,4);
INSERT INTO staff_member (id,employed_since,position,salary,room) VALUES (520,'2013-11-24','Lab Technician',15000,44);
INSERT INTO lab_technician (id,education_level,departement_id) VALUES (520,'Bachelor',9);
INSERT INTO person (id,first_name,second_name,email,user_login,user_password,sex,date_of_birth,age,permission_level) VALUES (521,'Kathleen','Larson','andrewowens@gmail.com','fbutler','amiHrLatlfnWImc','F','1921-01-26',98,4);
INSERT INTO staff_member (id,employed_since,position,salary,room) VALUES (521,'2016-10-08','Maintanence Worker',15000,57);
INSERT INTO maintanence_worker (id,employment_type,speciality) VALUES (521,'Full time','Machines');
INSERT INTO person (id,first_name,second_name,email,user_login,user_password,sex,date_of_birth,age,permission_level) VALUES (522,'Christopher','Dalton','paul79@hotmail.com','johnsonmark','tUgmcYgfXFWpYzg','M','1946-11-23',73,2);
INSERT INTO staff_member (id,employed_since,position,salary,room) VALUES (522,'2010-01-04','HR',30000,67);
INSERT INTO hr (id,selection_responsibility) VALUES (522,'Interview');
INSERT INTO person (id,first_name,second_name,email,user_login,user_password,sex,date_of_birth,age,permission_level) VALUES (523,'Amber','Mora','gail87@hotmail.com','ericjones','XqahsyrTYikFv','F','1961-12-06',58,4);
INSERT INTO staff_member (id,employed_since,position,salary,room) VALUES (523,'2018-10-14','Reseptionist',15000,56);
INSERT INTO reseptionist (id) VALUES (523);
INSERT INTO languages_spoken (reseptionist_id,language) VALUES (523,'EnglishPortuguesTatar');
INSERT INTO person (id,first_name,second_name,email,user_login,user_password,sex,date_of_birth,age,permission_level) VALUES (524,'Gabriel','Garcia','mbrowning@yahoo.com','robert80','OIoLecpp','M','1949-12-13',70,1);
INSERT INTO patient (id) VALUES (524);
INSERT INTO patients_address (street,house,apartement) VALUES ('James st.','20','1');
INSERT INTO medical_history (patient_id,date) VALUES (524,'2019-11-24');
INSERT INTO person (id,first_name,second_name,email,user_login,user_password,sex,date_of_birth,age,permission_level) VALUES (525,'Natalie','Williams','gamblebarbara@hotmail.com','michaelsimon','fuAKcuAFNvlBjI','F','2000-12-01',19,3);
INSERT INTO staff_member (id,employed_since,position,salary,room) VALUES (525,'2012-04-27','Security Team Member',10000,63);
INSERT INTO security_team_member (id,shifts,physical_test_grade) VALUES (525,'Day','A');
INSERT INTO person (id,first_name,second_name,email,user_login,user_password,sex,date_of_birth,age,permission_level) VALUES (526,'Annette','Holmes','gavinsingleton@gmail.com','stevensdavid','KOxbyCJCuOUXnxY','F','1994-10-07',25,5);
INSERT INTO staff_member (id,employed_since,position,salary,room) VALUES (526,'2012-01-11','Cleaning Team Worker',10000,55);
INSERT INTO cleaning_team_worker (id,employment_type) VALUES (526,'Part time');
INSERT INTO person (id,first_name,second_name,email,user_login,user_password,sex,date_of_birth,age,permission_level) VALUES (527,'Michele','Garrett','carolmorrison@gmail.com','ramoskaren','WAvrVavorQvRO','F','1919-08-28',100,5);
INSERT INTO staff_member (id,employed_since,position,salary,room) VALUES (527,'2017-07-04','Nurse',25000,10);
INSERT INTO nurse (id,surgery_assistant,preferred_shifts,appointment_assistant,departement_id) VALUES (527,B'1','Day',B'1',3);
INSERT INTO person (id,first_name,second_name,email,user_login,user_password,sex,date_of_birth,age,permission_level) VALUES (528,'Alexander','Grimes','evanschristopher@hotmail.com','bmartin','uWIwmuQSufl','M','1916-12-15',103,5);
INSERT INTO staff_member (id,employed_since,position,salary,room) VALUES (528,'2017-01-26','Cleaning Team Worker',10000,52);
INSERT INTO cleaning_team_worker (id,employment_type) VALUES (528,'Part time');
INSERT INTO person (id,first_name,second_name,email,user_login,user_password,sex,date_of_birth,age,permission_level) VALUES (529,'John','Barrett','ctate@yahoo.com','timlopez','OGSpGWapYHmV','M','1928-07-12',91,5);
INSERT INTO staff_member (id,employed_since,position,salary,room) VALUES (529,'2017-02-05','HR',30000,66);
INSERT INTO hr (id,selection_responsibility) VALUES (529,'Interview');
INSERT INTO person (id,first_name,second_name,email,user_login,user_password,sex,date_of_birth,age,permission_level) VALUES (530,'Mark','Pruitt','scottgreen@yahoo.com','novakcindy','RHqYUdmYgjRg','M','1936-11-28',83,1);
INSERT INTO staff_member (id,employed_since,position,salary,room) VALUES (530,'2014-06-19','Nurse',25000,6);
INSERT INTO nurse (id,surgery_assistant,preferred_shifts,appointment_assistant,departement_id) VALUES (530,B'1','Night',B'0',5);
INSERT INTO person (id,first_name,second_name,email,user_login,user_password,sex,date_of_birth,age,permission_level) VALUES (531,'Mary','Hess','mendozakathryn@gmail.com','wburgess','KODABqFjcrxYkwL','F','1934-09-16',85,4);
INSERT INTO staff_member (id,employed_since,position,salary,room) VALUES (531,'2012-05-27','Maintanence Worker',15000,59);
INSERT INTO maintanence_worker (id,employment_type,speciality) VALUES (531,'Full time','Electricity');
INSERT INTO person (id,first_name,second_name,email,user_login,user_password,sex,date_of_birth,age,permission_level) VALUES (532,'Patrick','Rowe','laurie15@gmail.com','davidjacobs','nmRvKsSMUibOorc','M','2011-03-27',8,1);
INSERT INTO staff_member (id,employed_since,position,salary,room) VALUES (532,'2010-06-06','Doctor',35000,24);
INSERT INTO doctor (id,speciality,emergency_hours,experience,departement_id,supervisor) VALUES (532,'Infectious Disease Specialist',B'1',3,5,387);
INSERT INTO person (id,first_name,second_name,email,user_login,user_password,sex,date_of_birth,age,permission_level) VALUES (533,'Jeffrey','Rios','champton@hotmail.com','johnsonjoseph','jWVTCgC','M','1964-03-02',55,3);
INSERT INTO staff_member (id,employed_since,position,salary,room) VALUES (533,'2013-08-17','Doctor',35000,27);
INSERT INTO doctor (id,speciality,emergency_hours,experience,departement_id,supervisor) VALUES (533,'Ophthalmologist',B'1',10,1,280);
INSERT INTO person (id,first_name,second_name,email,user_login,user_password,sex,date_of_birth,age,permission_level) VALUES (534,'Samantha','Mcfarland','smithdaniel@gmail.com','kelsey51','HEVtVdEKejLpH','F','1956-03-18',63,2);
INSERT INTO staff_member (id,employed_since,position,salary,room) VALUES (534,'2012-02-21','Maintanence Worker',15000,58);
INSERT INTO maintanence_worker (id,employment_type,speciality) VALUES (534,'Full time','Furniture');
INSERT INTO person (id,first_name,second_name,email,user_login,user_password,sex,date_of_birth,age,permission_level) VALUES (535,'Ashley','Smith','monica52@gmail.com','crystaljackson','RpsPZJeuRPG','F','1953-04-10',66,5);
INSERT INTO staff_member (id,employed_since,position,salary,room) VALUES (535,'2011-01-23','Priest',15000,80);
INSERT INTO priest (id,religion) VALUES (535,'Christianity');
INSERT INTO person (id,first_name,second_name,email,user_login,user_password,sex,date_of_birth,age,permission_level) VALUES (536,'Nicole','Medina','billwalker@gmail.com','annaroberts','woZPDFXysXJCban','F','1917-11-04',102,4);
INSERT INTO staff_member (id,employed_since,position,salary,room) VALUES (536,'2014-04-22','HR',30000,64);
INSERT INTO hr (id,selection_responsibility) VALUES (536,'Review');
INSERT INTO person (id,first_name,second_name,email,user_login,user_password,sex,date_of_birth,age,permission_level) VALUES (537,'Sarah','Jones','montgomerydustin@yahoo.com','lauraharris','koUbjZlYhODxQtA','F','2013-08-07',6,1);
INSERT INTO staff_member (id,employed_since,position,salary,room) VALUES (537,'2017-11-05','Nurse',25000,10);
INSERT INTO nurse (id,surgery_assistant,preferred_shifts,appointment_assistant,departement_id) VALUES (537,B'0','Day',B'0',5);
INSERT INTO person (id,first_name,second_name,email,user_login,user_password,sex,date_of_birth,age,permission_level) VALUES (538,'Erica','Campbell','greenrobert@gmail.com','sean73','soceEIHAjhrwenJ','F','1964-08-06',55,4);
INSERT INTO staff_member (id,employed_since,position,salary,room) VALUES (538,'2016-11-27','Cleaning Team Worker',10000,53);
INSERT INTO cleaning_team_worker (id,employment_type) VALUES (538,'Full time');
INSERT INTO person (id,first_name,second_name,email,user_login,user_password,sex,date_of_birth,age,permission_level) VALUES (539,'Heather','Williams','hgeorge@yahoo.com','michael57','iAcOPSUncEgjYAN','F','1975-04-20',44,2);
INSERT INTO staff_member (id,employed_since,position,salary,room) VALUES (539,'2014-09-09','Doctor',35000,11);
INSERT INTO doctor (id,speciality,emergency_hours,experience,departement_id,supervisor) VALUES (539,'Rheumatologist',B'0',6,10,62);
INSERT INTO person (id,first_name,second_name,email,user_login,user_password,sex,date_of_birth,age,permission_level) VALUES (540,'Jacqueline','Roy','dawn68@yahoo.com','ferrellnancy','aoPdZymXENS','F','1926-03-10',93,5);
INSERT INTO staff_member (id,employed_since,position,salary,room) VALUES (540,'2016-11-09','Doctor',35000,27);
INSERT INTO doctor (id,speciality,emergency_hours,experience,departement_id,supervisor) VALUES (540,'Emergency Medicine Specialist',B'1',1,3,363);
INSERT INTO person (id,first_name,second_name,email,user_login,user_password,sex,date_of_birth,age,permission_level) VALUES (541,'Cynthia','Landry','bobbyryan@yahoo.com','smithlindsay','FJIvvMs','F','1965-06-11',54,4);
INSERT INTO staff_member (id,employed_since,position,salary,room) VALUES (541,'2018-05-20','Reseptionist',15000,56);
INSERT INTO reseptionist (id) VALUES (541);
INSERT INTO languages_spoken (reseptionist_id,language) VALUES (541,'TatarTatarRussianItalianTatar');
INSERT INTO person (id,first_name,second_name,email,user_login,user_password,sex,date_of_birth,age,permission_level) VALUES (542,'Jason','Stokes','johnsongloria@hotmail.com','michaelnewman','uvoRtkwZ','M','1951-10-23',68,5);
INSERT INTO staff_member (id,employed_since,position,salary,room) VALUES (542,'2014-12-04','Doctor',35000,23);
INSERT INTO doctor (id,speciality,emergency_hours,experience,departement_id,supervisor) VALUES (542,'Neurologist',B'1',4,5,319);
INSERT INTO person (id,first_name,second_name,email,user_login,user_password,sex,date_of_birth,age,permission_level) VALUES (543,'Tina','Dixon','walkerdaniel@yahoo.com','ivan79','xqdoXUTsYWqgh','F','1912-11-22',107,1);
INSERT INTO staff_member (id,employed_since,position,salary,room) VALUES (543,'2019-02-27','Nurse',25000,10);
INSERT INTO nurse (id,surgery_assistant,preferred_shifts,appointment_assistant,departement_id) VALUES (543,B'1','Night',B'0',1);
INSERT INTO person (id,first_name,second_name,email,user_login,user_password,sex,date_of_birth,age,permission_level) VALUES (544,'Timothy','Oneill','danielthomas@hotmail.com','jboyer','MZfYEqq','M','1969-02-24',50,5);
INSERT INTO staff_member (id,employed_since,position,salary,room) VALUES (544,'2014-09-15','Doctor',35000,25);
INSERT INTO doctor (id,speciality,emergency_hours,experience,departement_id,supervisor) VALUES (544,'Emergency Medicine Specialist',B'1',3,7,504);
INSERT INTO person (id,first_name,second_name,email,user_login,user_password,sex,date_of_birth,age,permission_level) VALUES (545,'William','Cohen','yhowe@hotmail.com','jamesknight','RBXwECal','M','1984-06-25',35,3);
INSERT INTO staff_member (id,employed_since,position,salary,room) VALUES (545,'2017-05-10','Doctor',35000,15);
INSERT INTO doctor (id,speciality,emergency_hours,experience,departement_id,supervisor) VALUES (545,'Preventive Medicine Specialist',B'1',9,5,417);
INSERT INTO person (id,first_name,second_name,email,user_login,user_password,sex,date_of_birth,age,permission_level) VALUES (546,'Kristine','Brown','richardbaker@gmail.com','kennedyandrew','MCUlyxbYcFdEUos','F','1929-07-22',90,1);
INSERT INTO staff_member (id,employed_since,position,salary,room) VALUES (546,'2011-07-23','Pharmasist',20000,69);
INSERT INTO pharmasist (id,education_level,research) VALUES (546,'Magister',B'1');
INSERT INTO person (id,first_name,second_name,email,user_login,user_password,sex,date_of_birth,age,permission_level) VALUES (547,'Stacy','White','foxcody@yahoo.com','ryanmccarthy','TICHkQcvAdN','F','1929-11-25',90,1);
INSERT INTO staff_member (id,employed_since,position,salary,room) VALUES (547,'2015-09-14','Nurse',25000,7);
INSERT INTO nurse (id,surgery_assistant,preferred_shifts,appointment_assistant,departement_id) VALUES (547,B'1','Day',B'0',1);
INSERT INTO person (id,first_name,second_name,email,user_login,user_password,sex,date_of_birth,age,permission_level) VALUES (548,'Kristin','Silva','caseystevens@yahoo.com','matthewturner','HeffBKHwMed','F','2010-03-30',9,2);
INSERT INTO staff_member (id,employed_since,position,salary,room) VALUES (548,'2018-05-15','HR',30000,65);
INSERT INTO hr (id,selection_responsibility) VALUES (548,'Review');
INSERT INTO person (id,first_name,second_name,email,user_login,user_password,sex,date_of_birth,age,permission_level) VALUES (549,'Brian','Freeman','russellmatthews@hotmail.com','rebeccadavis','rXkkzgzdZcfpSuI','M','1974-05-28',45,5);
INSERT INTO staff_member (id,employed_since,position,salary,room) VALUES (549,'2010-07-18','Reseptionist',15000,56);
INSERT INTO reseptionist (id) VALUES (549);
INSERT INTO languages_spoken (reseptionist_id,language) VALUES (549,'EnglishItalianRussianArabicEnglish');
INSERT INTO person (id,first_name,second_name,email,user_login,user_password,sex,date_of_birth,age,permission_level) VALUES (550,'Jose','Bender','bmontgomery@yahoo.com','xmiller','bHYCCYKsrkltNME','M','1931-01-06',88,2);
INSERT INTO staff_member (id,employed_since,position,salary,room) VALUES (550,'2010-06-04','Nurse',25000,5);
INSERT INTO nurse (id,surgery_assistant,preferred_shifts,appointment_assistant,departement_id) VALUES (550,B'1','Night',B'0',8);
INSERT INTO person (id,first_name,second_name,email,user_login,user_password,sex,date_of_birth,age,permission_level) VALUES (551,'Erica','Roy','michelesantiago@gmail.com','hedwards','EIvRbghRq','F','1915-02-18',104,3);
INSERT INTO staff_member (id,employed_since,position,salary,room) VALUES (551,'2015-05-15','Professor',35000,35);
INSERT INTO professor (id,research_topic,surgery_participation,departement_id) VALUES (551,'Dermatologist',B'1',1);
INSERT INTO person (id,first_name,second_name,email,user_login,user_password,sex,date_of_birth,age,permission_level) VALUES (552,'Phyllis','Yang','zalexander@hotmail.com','joseph84','JEUlPjJyPp','F','1949-05-24',70,1);
INSERT INTO staff_member (id,employed_since,position,salary,room) VALUES (552,'2014-12-02','Professor',35000,31);
INSERT INTO professor (id,research_topic,surgery_participation,departement_id) VALUES (552,'Dermatologist',B'1',8);
INSERT INTO person (id,first_name,second_name,email,user_login,user_password,sex,date_of_birth,age,permission_level) VALUES (553,'Robert','Gross','michaelmendez@hotmail.com','donnarivera','kZWFJYqYwWcR','M','1925-01-14',94,1);
INSERT INTO patient (id) VALUES (553);
INSERT INTO patients_address (street,house,apartement) VALUES ('Steven st.','29','7');
INSERT INTO medical_history (patient_id,date) VALUES (553,'2019-10-21');
INSERT INTO person (id,first_name,second_name,email,user_login,user_password,sex,date_of_birth,age,permission_level) VALUES (554,'Marc','Valenzuela','uberry@hotmail.com','csmith','yLMEbXvUApYUUX','M','1944-02-26',75,3);
INSERT INTO staff_member (id,employed_since,position,salary,room) VALUES (554,'2019-08-13','Doctor',35000,27);
INSERT INTO doctor (id,speciality,emergency_hours,experience,departement_id,supervisor) VALUES (554,'Preventive Medicine Specialist',B'1',10,5,284);
INSERT INTO person (id,first_name,second_name,email,user_login,user_password,sex,date_of_birth,age,permission_level) VALUES (555,'Heidi','Davis','markroberson@gmail.com','kendra05','MqTmXBvXMP','F','1941-04-05',78,3);
INSERT INTO staff_member (id,employed_since,position,salary,room) VALUES (555,'2012-12-27','Security Team Member',10000,62);
INSERT INTO security_team_member (id,shifts,physical_test_grade) VALUES (555,'Day','B');
INSERT INTO person (id,first_name,second_name,email,user_login,user_password,sex,date_of_birth,age,permission_level) VALUES (556,'Dawn','Smith','marckelley@gmail.com','wrightsharon','OccMGysTRuvamV','F','1925-04-27',94,5);
INSERT INTO staff_member (id,employed_since,position,salary,room) VALUES (556,'2012-01-25','HR',30000,66);
INSERT INTO hr (id,selection_responsibility) VALUES (556,'Interview');
INSERT INTO person (id,first_name,second_name,email,user_login,user_password,sex,date_of_birth,age,permission_level) VALUES (557,'Haley','Thompson','jessicamendez@hotmail.com','whitedevin','eVaKMCvZ','F','2018-03-28',1,4);
INSERT INTO staff_member (id,employed_since,position,salary,room) VALUES (557,'2015-01-16','Reseptionist',15000,56);
INSERT INTO reseptionist (id) VALUES (557);
INSERT INTO languages_spoken (reseptionist_id,language) VALUES (557,'RussianPortuguesRussian');
INSERT INTO person (id,first_name,second_name,email,user_login,user_password,sex,date_of_birth,age,permission_level) VALUES (558,'Eric','Lucas','alanfernandez@gmail.com','loganmooney','rTfOlmePeNYcFX','M','1944-03-01',75,1);
INSERT INTO patient (id) VALUES (558);
INSERT INTO patients_address (street,house,apartement) VALUES ('Brian st.','80','3');
INSERT INTO medical_history (patient_id,date) VALUES (558,'2019-11-22');
INSERT INTO person (id,first_name,second_name,email,user_login,user_password,sex,date_of_birth,age,permission_level) VALUES (559,'Cynthia','Chavez','nicholas84@yahoo.com','shannonthomas','yvbwCvMSRf','F','1904-02-15',115,4);
INSERT INTO staff_member (id,employed_since,position,salary,room) VALUES (559,'2011-05-15','Nurse',25000,4);
INSERT INTO nurse (id,surgery_assistant,preferred_shifts,appointment_assistant,departement_id) VALUES (559,B'0','Day',B'1',10);
INSERT INTO person (id,first_name,second_name,email,user_login,user_password,sex,date_of_birth,age,permission_level) VALUES (560,'Heather','Miller','nlucero@hotmail.com','joshuadecker','NHsMgwlE','F','2005-11-04',14,3);
INSERT INTO patient (id) VALUES (560);
INSERT INTO patients_address (street,house,apartement) VALUES ('Michael st.','80','5');
INSERT INTO medical_history (patient_id,date) VALUES (560,'2019-11-07');
INSERT INTO person (id,first_name,second_name,email,user_login,user_password,sex,date_of_birth,age,permission_level) VALUES (561,'Ross','Simpson','richmondnancy@hotmail.com','robertscorey','YeMQSujFyYQMyF','M','1911-11-14',108,5);
INSERT INTO staff_member (id,employed_since,position,salary,room) VALUES (561,'2013-06-29','Priest',15000,79);
INSERT INTO priest (id,religion) VALUES (561,'Christianity');
INSERT INTO person (id,first_name,second_name,email,user_login,user_password,sex,date_of_birth,age,permission_level) VALUES (562,'Dylan','Green','samuel38@gmail.com','asmith','uRVBIEtlj','M','1937-08-30',82,1);
INSERT INTO staff_member (id,employed_since,position,salary,room) VALUES (562,'2016-08-17','Nurse',25000,10);
INSERT INTO nurse (id,surgery_assistant,preferred_shifts,appointment_assistant,departement_id) VALUES (562,B'1','Night',B'1',4);
INSERT INTO person (id,first_name,second_name,email,user_login,user_password,sex,date_of_birth,age,permission_level) VALUES (563,'Jeremy','Barron','pjensen@hotmail.com','derek42','WmwvQoI','M','1947-01-13',72,5);
INSERT INTO staff_member (id,employed_since,position,salary,room) VALUES (563,'2017-08-30','Nurse',25000,6);
INSERT INTO nurse (id,surgery_assistant,preferred_shifts,appointment_assistant,departement_id) VALUES (563,B'1','Day',B'1',1);
INSERT INTO person (id,first_name,second_name,email,user_login,user_password,sex,date_of_birth,age,permission_level) VALUES (564,'Jason','Gilbert','quinnstephanie@yahoo.com','brandon30','NftrhhuptrMu','M','1963-02-21',56,3);
INSERT INTO staff_member (id,employed_since,position,salary,room) VALUES (564,'2016-01-18','Reseptionist',15000,56);
INSERT INTO reseptionist (id) VALUES (564);
INSERT INTO languages_spoken (reseptionist_id,language) VALUES (564,'PortuguesItalianEnglishEnglishItalianRussian');
INSERT INTO person (id,first_name,second_name,email,user_login,user_password,sex,date_of_birth,age,permission_level) VALUES (565,'Alexa','Mullins','mooretina@gmail.com','ashleyjackson','ditDHbLQ','F','1928-06-12',91,4);
INSERT INTO staff_member (id,employed_since,position,salary,room) VALUES (565,'2011-10-26','Doctor',35000,29);
INSERT INTO doctor (id,speciality,emergency_hours,experience,departement_id,supervisor) VALUES (565,'Pulmonologist',B'0',6,8,164);
INSERT INTO person (id,first_name,second_name,email,user_login,user_password,sex,date_of_birth,age,permission_level) VALUES (566,'William','Garcia','brownautumn@yahoo.com','katherinelowe','EHSHMCGtADUR','M','1977-03-10',42,3);
INSERT INTO staff_member (id,employed_since,position,salary,room) VALUES (566,'2014-07-03','Lab Technician',15000,45);
INSERT INTO lab_technician (id,education_level,departement_id) VALUES (566,'Bachelor',4);
INSERT INTO person (id,first_name,second_name,email,user_login,user_password,sex,date_of_birth,age,permission_level) VALUES (567,'Holly','Clark','btaylor@gmail.com','mitchelljocelyn','gKuOSgAHCnC','F','1921-08-16',98,3);
INSERT INTO patient (id) VALUES (567);
INSERT INTO patients_address (street,house,apartement) VALUES ('Robert st.','58','10');
INSERT INTO medical_history (patient_id,date) VALUES (567,'2019-11-05');
INSERT INTO person (id,first_name,second_name,email,user_login,user_password,sex,date_of_birth,age,permission_level) VALUES (568,'John','Mathis','uzavala@hotmail.com','tmoore','zuLBMBrxihnt','M','1968-03-17',51,4);
INSERT INTO staff_member (id,employed_since,position,salary,room) VALUES (568,'2013-03-31','Cleaning Team Worker',10000,54);
INSERT INTO cleaning_team_worker (id,employment_type) VALUES (568,'Full time');
INSERT INTO person (id,first_name,second_name,email,user_login,user_password,sex,date_of_birth,age,permission_level) VALUES (569,'Nicholas','Raymond','rodriguezkarl@hotmail.com','icross','pJYkpRgHowYwSI','M','1917-11-30',102,5);
INSERT INTO staff_member (id,employed_since,position,salary,room) VALUES (569,'2011-04-25','Professor',35000,36);
INSERT INTO professor (id,research_topic,surgery_participation,departement_id) VALUES (569,'Medical Geneticist',B'0',3);
INSERT INTO person (id,first_name,second_name,email,user_login,user_password,sex,date_of_birth,age,permission_level) VALUES (570,'John','Zimmerman','tylertorres@gmail.com','frosttim','HWpvJMHEnlTz','M','1923-02-16',96,5);
INSERT INTO patient (id) VALUES (570);
INSERT INTO patients_address (street,house,apartement) VALUES ('John st.','87','6');
INSERT INTO medical_history (patient_id,date) VALUES (570,'2019-11-02');
INSERT INTO person (id,first_name,second_name,email,user_login,user_password,sex,date_of_birth,age,permission_level) VALUES (571,'Nicole','Rhodes','mileschristopher@gmail.com','elizabethlowe','nxFzBNSTz','F','1977-03-10',42,2);
INSERT INTO staff_member (id,employed_since,position,salary,room) VALUES (571,'2019-01-07','Nurse',25000,6);
INSERT INTO nurse (id,surgery_assistant,preferred_shifts,appointment_assistant,departement_id) VALUES (571,B'0','Day',B'1',7);
INSERT INTO person (id,first_name,second_name,email,user_login,user_password,sex,date_of_birth,age,permission_level) VALUES (572,'Dawn','Scott','jjoyce@hotmail.com','alucero','OtTokmZjqKf','F','1971-08-21',48,1);
INSERT INTO patient (id) VALUES (572);
INSERT INTO patients_address (street,house,apartement) VALUES ('Whitney st.','41','4');
INSERT INTO medical_history (patient_id,date) VALUES (572,'2019-10-16');
INSERT INTO person (id,first_name,second_name,email,user_login,user_password,sex,date_of_birth,age,permission_level) VALUES (573,'Meghan','Howell','ericparrish@yahoo.com','bondtyler','NKbxWTMQHdyH','F','2003-12-25',16,3);
INSERT INTO staff_member (id,employed_since,position,salary,room) VALUES (573,'2018-10-21','Cleaning Team Worker',10000,54);
INSERT INTO cleaning_team_worker (id,employment_type) VALUES (573,'Full time');
INSERT INTO person (id,first_name,second_name,email,user_login,user_password,sex,date_of_birth,age,permission_level) VALUES (574,'Carla','Morris','michelle48@hotmail.com','david81','DQbafwqBesB','F','1922-08-19',97,1);
INSERT INTO staff_member (id,employed_since,position,salary,room) VALUES (574,'2012-03-02','Nurse',25000,8);
INSERT INTO nurse (id,surgery_assistant,preferred_shifts,appointment_assistant,departement_id) VALUES (574,B'0','Day',B'0',4);
INSERT INTO person (id,first_name,second_name,email,user_login,user_password,sex,date_of_birth,age,permission_level) VALUES (575,'Edward','Whitaker','raymond43@hotmail.com','zacharymoore','QdAaJFwSYck','M','1914-07-05',105,2);
INSERT INTO staff_member (id,employed_since,position,salary,room) VALUES (575,'2019-08-22','Doctor',35000,20);
INSERT INTO doctor (id,speciality,emergency_hours,experience,departement_id,supervisor) VALUES (575,'Oncologist',B'1',3,6,437);
INSERT INTO person (id,first_name,second_name,email,user_login,user_password,sex,date_of_birth,age,permission_level) VALUES (576,'Jonathan','Rowe','kschmidt@yahoo.com','evansedward','HDIZvGFPMFjab','M','1991-04-18',28,4);
INSERT INTO staff_member (id,employed_since,position,salary,room) VALUES (576,'2013-07-13','Doctor',35000,17);
INSERT INTO doctor (id,speciality,emergency_hours,experience,departement_id,supervisor) VALUES (576,'Cardiologist',B'0',10,1,170);
INSERT INTO person (id,first_name,second_name,email,user_login,user_password,sex,date_of_birth,age,permission_level) VALUES (577,'Marisa','Davis','pattonjoshua@gmail.com','teresabrown','xLpTBHwNBoYLO','F','1911-06-15',108,5);
INSERT INTO staff_member (id,employed_since,position,salary,room) VALUES (577,'2016-07-26','Cook',15000,73);
INSERT INTO cook (id,experience) VALUES (577,1);
INSERT INTO person (id,first_name,second_name,email,user_login,user_password,sex,date_of_birth,age,permission_level) VALUES (578,'Jimmy','Fox','arroyobernard@hotmail.com','cantrellkathryn','mbSyRmQSVROi','M','1986-04-18',33,2);
INSERT INTO staff_member (id,employed_since,position,salary,room) VALUES (578,'2017-10-04','Doctor',35000,15);
INSERT INTO doctor (id,speciality,emergency_hours,experience,departement_id,supervisor) VALUES (578,'Pediatrician',B'1',5,2,193);
INSERT INTO person (id,first_name,second_name,email,user_login,user_password,sex,date_of_birth,age,permission_level) VALUES (579,'Michael','Ingram','kerri53@hotmail.com','everettgina','UqOmcRD','M','1917-11-16',102,1);
INSERT INTO staff_member (id,employed_since,position,salary,room) VALUES (579,'2014-01-06','Doctor',35000,20);
INSERT INTO doctor (id,speciality,emergency_hours,experience,departement_id,supervisor) VALUES (579,'Pathologist',B'0',1,5,389);
INSERT INTO person (id,first_name,second_name,email,user_login,user_password,sex,date_of_birth,age,permission_level) VALUES (580,'Amanda','Moran','zlarson@yahoo.com','morenotiffany','izREKipkDHrIC','F','1940-08-19',79,3);
INSERT INTO staff_member (id,employed_since,position,salary,room) VALUES (580,'2018-02-01','Lab Technician',15000,48);
INSERT INTO lab_technician (id,education_level,departement_id) VALUES (580,'Postgraduate',8);
INSERT INTO person (id,first_name,second_name,email,user_login,user_password,sex,date_of_birth,age,permission_level) VALUES (581,'Linda','Evans','lcarter@hotmail.com','nmcguire','QgGSIDoRfpx','F','1982-10-31',37,2);
INSERT INTO staff_member (id,employed_since,position,salary,room) VALUES (581,'2010-04-02','Nurse',25000,10);
INSERT INTO nurse (id,surgery_assistant,preferred_shifts,appointment_assistant,departement_id) VALUES (581,B'0','Day',B'1',2);
INSERT INTO person (id,first_name,second_name,email,user_login,user_password,sex,date_of_birth,age,permission_level) VALUES (582,'Carmen','Garrison','melissajefferson@hotmail.com','rwright','WfeMuQsMZPgzOPr','F','2016-07-04',3,4);
INSERT INTO staff_member (id,employed_since,position,salary,room) VALUES (582,'2019-09-29','Professor',35000,35);
INSERT INTO professor (id,research_topic,surgery_participation,departement_id) VALUES (582,'Ophthalmologist',B'1',6);
INSERT INTO person (id,first_name,second_name,email,user_login,user_password,sex,date_of_birth,age,permission_level) VALUES (583,'Joseph','Molina','kbutler@yahoo.com','rmcdonald','pEytliLzNyAkQED','M','1939-08-27',80,1);
INSERT INTO staff_member (id,employed_since,position,salary,room) VALUES (583,'2018-09-20','Doctor',35000,19);
INSERT INTO doctor (id,speciality,emergency_hours,experience,departement_id,supervisor) VALUES (583,'Emergency Medicine Specialist',B'0',9,8,128);
INSERT INTO person (id,first_name,second_name,email,user_login,user_password,sex,date_of_birth,age,permission_level) VALUES (584,'Ana','Singh','robert08@hotmail.com','vcortez','aOXxOnKp','F','1946-09-07',73,3);
INSERT INTO patient (id) VALUES (584);
INSERT INTO patients_address (street,house,apartement) VALUES ('William st.','47','4');
INSERT INTO medical_history (patient_id,date) VALUES (584,'2019-10-19');
INSERT INTO person (id,first_name,second_name,email,user_login,user_password,sex,date_of_birth,age,permission_level) VALUES (585,'Steven','Lopez','dbooth@gmail.com','ashleymartin','gkAhlZUyILbZO','M','1959-04-09',60,1);
INSERT INTO staff_member (id,employed_since,position,salary,room) VALUES (585,'2010-11-03','Priest',15000,80);
INSERT INTO priest (id,religion) VALUES (585,'Islam');
INSERT INTO person (id,first_name,second_name,email,user_login,user_password,sex,date_of_birth,age,permission_level) VALUES (586,'Joshua','Thomas','jacqueline32@hotmail.com','cshelton','sREDjfRC','M','1981-04-01',38,4);
INSERT INTO staff_member (id,employed_since,position,salary,room) VALUES (586,'2011-02-27','Professor',35000,32);
INSERT INTO professor (id,research_topic,surgery_participation,departement_id) VALUES (586,'Allergist',B'0',10);
INSERT INTO person (id,first_name,second_name,email,user_login,user_password,sex,date_of_birth,age,permission_level) VALUES (587,'Charles','Wright','katherinesmall@yahoo.com','amy54','ZjIHdDuQ','M','2008-06-01',11,4);
INSERT INTO patient (id) VALUES (587);
INSERT INTO patients_address (street,house,apartement) VALUES ('Madison st.','70','5');
INSERT INTO medical_history (patient_id,date) VALUES (587,'2019-10-21');
INSERT INTO person (id,first_name,second_name,email,user_login,user_password,sex,date_of_birth,age,permission_level) VALUES (588,'Michelle','Walker','scott46@yahoo.com','craigstevenson','NSmPCWEuzoyWbrV','F','2004-01-04',15,4);
INSERT INTO staff_member (id,employed_since,position,salary,room) VALUES (588,'2016-07-12','Maintanence Worker',15000,60);
INSERT INTO maintanence_worker (id,employment_type,speciality) VALUES (588,'Part time','Electricity');
INSERT INTO person (id,first_name,second_name,email,user_login,user_password,sex,date_of_birth,age,permission_level) VALUES (589,'Robert','Patterson','stokesronnie@yahoo.com','frankcatherine','PCzuiAwRPp','M','1982-02-08',37,1);
INSERT INTO patient (id) VALUES (589);
INSERT INTO patients_address (street,house,apartement) VALUES ('Terri st.','7','8');
INSERT INTO medical_history (patient_id,date) VALUES (589,'2019-11-13');
INSERT INTO person (id,first_name,second_name,email,user_login,user_password,sex,date_of_birth,age,permission_level) VALUES (590,'Mr.','Cody','graytyler@yahoo.com','costaheather','rrzEyEgZYaYis','M','2017-04-12',2,5);
INSERT INTO staff_member (id,employed_since,position,salary,room) VALUES (590,'2015-08-29','Maintanence Worker',15000,60);
INSERT INTO maintanence_worker (id,employment_type,speciality) VALUES (590,'Full time','Hardware');
INSERT INTO person (id,first_name,second_name,email,user_login,user_password,sex,date_of_birth,age,permission_level) VALUES (591,'Carol','Smith','stevensonnicholas@yahoo.com','ufleming','UGqjhKkKlPvKj','F','1929-08-13',90,2);
INSERT INTO staff_member (id,employed_since,position,salary,room) VALUES (591,'2019-08-14','Nurse',25000,3);
INSERT INTO nurse (id,surgery_assistant,preferred_shifts,appointment_assistant,departement_id) VALUES (591,B'0','Night',B'1',9);
INSERT INTO person (id,first_name,second_name,email,user_login,user_password,sex,date_of_birth,age,permission_level) VALUES (592,'Yolanda','Lee','derrickgiles@gmail.com','derrickroth','gRnrHnOuZ','F','1904-04-29',115,2);
INSERT INTO staff_member (id,employed_since,position,salary,room) VALUES (592,'2012-12-29','Maintanence Worker',15000,58);
INSERT INTO maintanence_worker (id,employment_type,speciality) VALUES (592,'Part time','Furniture');
INSERT INTO person (id,first_name,second_name,email,user_login,user_password,sex,date_of_birth,age,permission_level) VALUES (593,'Michael','Horn','ahall@gmail.com','yjackson','kpAZoPDyOldWHs','M','1932-11-15',87,3);
INSERT INTO staff_member (id,employed_since,position,salary,room) VALUES (593,'2014-05-25','Reseptionist',15000,56);
INSERT INTO reseptionist (id) VALUES (593);
INSERT INTO languages_spoken (reseptionist_id,language) VALUES (593,'ItalianPortuguesPortuguesEnglishRussian');
INSERT INTO person (id,first_name,second_name,email,user_login,user_password,sex,date_of_birth,age,permission_level) VALUES (594,'Felicia','Gates','rebeccascott@hotmail.com','cpeterson','mUnqTbLbbOmJ','F','1957-02-19',62,5);
INSERT INTO staff_member (id,employed_since,position,salary,room) VALUES (594,'2010-11-25','Nurse',25000,4);
INSERT INTO nurse (id,surgery_assistant,preferred_shifts,appointment_assistant,departement_id) VALUES (594,B'1','Day',B'1',10);
INSERT INTO person (id,first_name,second_name,email,user_login,user_password,sex,date_of_birth,age,permission_level) VALUES (595,'Dennis','Bender','hollandbrian@hotmail.com','uwilliams','aCiCZkSsyi','M','2014-07-30',5,4);
INSERT INTO staff_member (id,employed_since,position,salary,room) VALUES (595,'2012-07-23','Doctor',35000,29);
INSERT INTO doctor (id,speciality,emergency_hours,experience,departement_id,supervisor) VALUES (595,'Podiatrist',B'0',6,4,542);
INSERT INTO person (id,first_name,second_name,email,user_login,user_password,sex,date_of_birth,age,permission_level) VALUES (596,'Michael','Hancock','farleyandrea@yahoo.com','elliottmatthew','TJTCgLuNeMpimb','M','1935-03-17',84,4);
INSERT INTO patient (id) VALUES (596);
INSERT INTO patients_address (street,house,apartement) VALUES ('Tanya st.','79','6');
INSERT INTO medical_history (patient_id,date) VALUES (596,'2019-11-22');
INSERT INTO person (id,first_name,second_name,email,user_login,user_password,sex,date_of_birth,age,permission_level) VALUES (597,'Andrew','Cox','wolflauren@hotmail.com','owright','BMEAYoRItAxu','M','1942-03-20',77,3);
INSERT INTO staff_member (id,employed_since,position,salary,room) VALUES (597,'2016-04-03','Reseptionist',15000,56);
INSERT INTO reseptionist (id) VALUES (597);
INSERT INTO languages_spoken (reseptionist_id,language) VALUES (597,'ItalianTatarItalian');
INSERT INTO person (id,first_name,second_name,email,user_login,user_password,sex,date_of_birth,age,permission_level) VALUES (598,'Ashley','Griffin','patricia22@gmail.com','levicarroll','BLQFyLszr','F','1928-12-13',91,1);
INSERT INTO staff_member (id,employed_since,position,salary,room) VALUES (598,'2014-08-07','Doctor',35000,29);
INSERT INTO doctor (id,speciality,emergency_hours,experience,departement_id,supervisor) VALUES (598,'Ophthalmologist',B'1',8,2,305);
INSERT INTO person (id,first_name,second_name,email,user_login,user_password,sex,date_of_birth,age,permission_level) VALUES (599,'Jerome','Smith','mmarquez@gmail.com','rrobinson','ZgDiGDrqNr','M','1960-07-15',59,5);
INSERT INTO staff_member (id,employed_since,position,salary,room) VALUES (599,'2012-01-19','Doctor',35000,25);
INSERT INTO doctor (id,speciality,emergency_hours,experience,departement_id,supervisor) VALUES (599,'Hospice and Palliative Medicine Specialist',B'0',8,2,222);
INSERT INTO person (id,first_name,second_name,email,user_login,user_password,sex,date_of_birth,age,permission_level) VALUES (600,'Connie','Miller','andrea23@gmail.com','garnercurtis','QAsVkqPmMVZ','F','1918-08-25',101,4);
INSERT INTO staff_member (id,employed_since,position,salary,room) VALUES (600,'2016-05-12','Nurse',25000,7);
INSERT INTO nurse (id,surgery_assistant,preferred_shifts,appointment_assistant,departement_id) VALUES (600,B'1','Day',B'0',3);
INSERT INTO person (id,first_name,second_name,email,user_login,user_password,sex,date_of_birth,age,permission_level) VALUES (601,'Amanda','Byrd','arielmcfarland@hotmail.com','danielmartin','arXrLENn','F','2010-09-21',9,5);
INSERT INTO staff_member (id,employed_since,position,salary,room) VALUES (601,'2013-08-11','Pharmasist',20000,68);
INSERT INTO pharmasist (id,education_level,research) VALUES (601,'Magister',B'1');
INSERT INTO person (id,first_name,second_name,email,user_login,user_password,sex,date_of_birth,age,permission_level) VALUES (602,'Kimberly','Davis','amay@yahoo.com','devon21','PJEXSjTNhQ','F','1909-12-19',110,2);
INSERT INTO staff_member (id,employed_since,position,salary,room) VALUES (602,'2014-03-22','Nurse',25000,7);
INSERT INTO nurse (id,surgery_assistant,preferred_shifts,appointment_assistant,departement_id) VALUES (602,B'1','Night',B'1',1);
INSERT INTO person (id,first_name,second_name,email,user_login,user_password,sex,date_of_birth,age,permission_level) VALUES (603,'Mr.','Anthony','ayalagloria@hotmail.com','yhoward','sMhmQGnIkca','M','1912-12-21',107,5);
INSERT INTO staff_member (id,employed_since,position,salary,room) VALUES (603,'2011-03-12','Maintanence Worker',15000,59);
INSERT INTO maintanence_worker (id,employment_type,speciality) VALUES (603,'Full time','Furniture');
INSERT INTO person (id,first_name,second_name,email,user_login,user_password,sex,date_of_birth,age,permission_level) VALUES (604,'Theresa','Vincent','elliottstacey@yahoo.com','fitzpatrickbeth','cThVtrNDGWqHmRA','F','1913-07-25',106,3);
INSERT INTO staff_member (id,employed_since,position,salary,room) VALUES (604,'2017-03-17','Nurse',25000,7);
INSERT INTO nurse (id,surgery_assistant,preferred_shifts,appointment_assistant,departement_id) VALUES (604,B'0','Night',B'1',3);
INSERT INTO person (id,first_name,second_name,email,user_login,user_password,sex,date_of_birth,age,permission_level) VALUES (605,'Jeanette','Bennett','scottrachel@hotmail.com','cynthiaknight','nrPbMool','F','1960-09-08',59,5);
INSERT INTO patient (id) VALUES (605);
INSERT INTO patients_address (street,house,apartement) VALUES ('Jacob st.','78','4');
INSERT INTO medical_history (patient_id,date) VALUES (605,'2019-11-22');
INSERT INTO person (id,first_name,second_name,email,user_login,user_password,sex,date_of_birth,age,permission_level) VALUES (606,'Sarah','Martinez','robertthompson@yahoo.com','nbass','MjAjfulKv','F','2017-10-16',2,5);
INSERT INTO staff_member (id,employed_since,position,salary,room) VALUES (606,'2016-11-22','Reseptionist',15000,56);
INSERT INTO reseptionist (id) VALUES (606);
INSERT INTO languages_spoken (reseptionist_id,language) VALUES (606,'Portugues');
INSERT INTO person (id,first_name,second_name,email,user_login,user_password,sex,date_of_birth,age,permission_level) VALUES (607,'Pamela','Pennington','ldavis@gmail.com','shawnthompson','lbqOmTc','F','2018-06-26',1,2);
INSERT INTO staff_member (id,employed_since,position,salary,room) VALUES (607,'2016-11-20','Nurse',25000,6);
INSERT INTO nurse (id,surgery_assistant,preferred_shifts,appointment_assistant,departement_id) VALUES (607,B'1','Night',B'1',10);
INSERT INTO person (id,first_name,second_name,email,user_login,user_password,sex,date_of_birth,age,permission_level) VALUES (608,'Michael','Mclean','idonaldson@yahoo.com','mirandajill','eSGDWXtoIuel','M','2019-04-09',0,5);
INSERT INTO patient (id) VALUES (608);
INSERT INTO patients_address (street,house,apartement) VALUES ('Kimberly st.','65','8');
INSERT INTO medical_history (patient_id,date) VALUES (608,'2019-10-30');
INSERT INTO person (id,first_name,second_name,email,user_login,user_password,sex,date_of_birth,age,permission_level) VALUES (609,'Emily','Simmons','washingtontony@gmail.com','sarah11','AOjOvbuFSoD','F','2019-07-03',0,4);
INSERT INTO staff_member (id,employed_since,position,salary,room) VALUES (609,'2018-10-23','Reseptionist',15000,56);
INSERT INTO reseptionist (id) VALUES (609);
INSERT INTO languages_spoken (reseptionist_id,language) VALUES (609,'PortuguesArabicEnglish');
INSERT INTO person (id,first_name,second_name,email,user_login,user_password,sex,date_of_birth,age,permission_level) VALUES (610,'Robert','French','jimmycastaneda@hotmail.com','fday','EFUnpYyH','M','1912-12-17',107,1);
INSERT INTO staff_member (id,employed_since,position,salary,room) VALUES (610,'2016-09-02','Nurse',25000,6);
INSERT INTO nurse (id,surgery_assistant,preferred_shifts,appointment_assistant,departement_id) VALUES (610,B'1','Night',B'1',5);
INSERT INTO person (id,first_name,second_name,email,user_login,user_password,sex,date_of_birth,age,permission_level) VALUES (611,'Jennifer','Vazquez','kimberly06@gmail.com','rhondamartinez','rsJuqIHyDM','F','2007-11-16',12,2);
INSERT INTO staff_member (id,employed_since,position,salary,room) VALUES (611,'2019-10-16','Professor',35000,33);
INSERT INTO professor (id,research_topic,surgery_participation,departement_id) VALUES (611,'Allergist',B'1',10);
INSERT INTO person (id,first_name,second_name,email,user_login,user_password,sex,date_of_birth,age,permission_level) VALUES (612,'Michael','David','coreyadkins@hotmail.com','bparker','PhyGhzED','M','1948-01-07',71,2);
INSERT INTO staff_member (id,employed_since,position,salary,room) VALUES (612,'2019-04-13','IT Specialist',15000,76);
INSERT INTO IT_specialist (id,support_line) VALUES (612,B'0');
INSERT INTO person (id,first_name,second_name,email,user_login,user_password,sex,date_of_birth,age,permission_level) VALUES (613,'Glenda','Salazar','jacqueline73@yahoo.com','eolsen','cASSzPXuGdpl','F','1914-07-15',105,3);
INSERT INTO staff_member (id,employed_since,position,salary,room) VALUES (613,'2013-01-28','Nurse',25000,4);
INSERT INTO nurse (id,surgery_assistant,preferred_shifts,appointment_assistant,departement_id) VALUES (613,B'0','Day',B'1',10);
INSERT INTO person (id,first_name,second_name,email,user_login,user_password,sex,date_of_birth,age,permission_level) VALUES (614,'Nicole','Bond','dgarza@hotmail.com','aaron53','OpmqcpSWVZSf','F','1987-03-03',32,1);
INSERT INTO staff_member (id,employed_since,position,salary,room) VALUES (614,'2014-06-03','Doctor',35000,19);
INSERT INTO doctor (id,speciality,emergency_hours,experience,departement_id,supervisor) VALUES (614,'Cardiologist',B'1',4,1,437);
INSERT INTO person (id,first_name,second_name,email,user_login,user_password,sex,date_of_birth,age,permission_level) VALUES (615,'Gregory','Howell','jamesanderson@gmail.com','mark30','ZAOMiDI','M','1906-05-26',113,2);
INSERT INTO staff_member (id,employed_since,position,salary,room) VALUES (615,'2016-09-05','Professor',35000,39);
INSERT INTO professor (id,research_topic,surgery_participation,departement_id) VALUES (615,'Hospice and Palliative Medicine Specialist',B'0',5);
INSERT INTO person (id,first_name,second_name,email,user_login,user_password,sex,date_of_birth,age,permission_level) VALUES (616,'David','Bradford','ncampos@yahoo.com','kathryn10','ofVQwxlz','M','1958-12-15',61,3);
INSERT INTO patient (id) VALUES (616);
INSERT INTO patients_address (street,house,apartement) VALUES ('Michael st.','93','6');
INSERT INTO medical_history (patient_id,date) VALUES (616,'2019-10-28');
INSERT INTO person (id,first_name,second_name,email,user_login,user_password,sex,date_of_birth,age,permission_level) VALUES (617,'Colleen','Harris','hunterwendy@hotmail.com','zcunningham','coCSfucZhmjh','F','1938-09-01',81,3);
INSERT INTO patient (id) VALUES (617);
INSERT INTO patients_address (street,house,apartement) VALUES ('Kimberly st.','15','8');
INSERT INTO medical_history (patient_id,date) VALUES (617,'2019-11-08');
INSERT INTO person (id,first_name,second_name,email,user_login,user_password,sex,date_of_birth,age,permission_level) VALUES (618,'Elizabeth','Johnson','andrewsuarez@yahoo.com','christopherwilkinson','fDtdEWvSOf','F','1958-05-07',61,5);
INSERT INTO staff_member (id,employed_since,position,salary,room) VALUES (618,'2010-03-04','Nurse',25000,4);
INSERT INTO nurse (id,surgery_assistant,preferred_shifts,appointment_assistant,departement_id) VALUES (618,B'0','Night',B'0',8);
INSERT INTO person (id,first_name,second_name,email,user_login,user_password,sex,date_of_birth,age,permission_level) VALUES (619,'Lisa','Hanson','bmorris@yahoo.com','lsandoval','EFDGEZstSlXL','F','2006-06-01',13,4);
INSERT INTO staff_member (id,employed_since,position,salary,room) VALUES (619,'2012-02-12','Nurse',25000,10);
INSERT INTO nurse (id,surgery_assistant,preferred_shifts,appointment_assistant,departement_id) VALUES (619,B'0','Night',B'1',1);
INSERT INTO person (id,first_name,second_name,email,user_login,user_password,sex,date_of_birth,age,permission_level) VALUES (620,'Mary','Fox','mcgeegwendolyn@yahoo.com','thomasryan','sONEfTm','F','1943-08-22',76,5);
INSERT INTO staff_member (id,employed_since,position,salary,room) VALUES (620,'2012-09-29','Doctor',35000,29);
INSERT INTO doctor (id,speciality,emergency_hours,experience,departement_id,supervisor) VALUES (620,'Rheumatologist',B'1',4,2,382);
INSERT INTO person (id,first_name,second_name,email,user_login,user_password,sex,date_of_birth,age,permission_level) VALUES (621,'Hunter','Nichols','kathryn72@gmail.com','millertom','dLHxWLibjoFQ','M','2005-01-26',14,3);
INSERT INTO staff_member (id,employed_since,position,salary,room) VALUES (621,'2014-01-19','Doctor',35000,19);
INSERT INTO doctor (id,speciality,emergency_hours,experience,departement_id,supervisor) VALUES (621,'Hospice and Palliative Medicine Specialist',B'0',8,8,222);
INSERT INTO person (id,first_name,second_name,email,user_login,user_password,sex,date_of_birth,age,permission_level) VALUES (622,'Adam','Young','robert71@gmail.com','kristy61','KsYlLgTg','M','2019-06-24',0,5);
INSERT INTO staff_member (id,employed_since,position,salary,room) VALUES (622,'2018-09-05','Doctor',35000,25);
INSERT INTO doctor (id,speciality,emergency_hours,experience,departement_id,supervisor) VALUES (622,'Plastic Surgeon',B'1',3,5,351);
INSERT INTO person (id,first_name,second_name,email,user_login,user_password,sex,date_of_birth,age,permission_level) VALUES (623,'Angelica','Gaines','kyle61@hotmail.com','pmartinez','pHbfshyVQHa','F','1947-12-26',72,1);
INSERT INTO staff_member (id,employed_since,position,salary,room) VALUES (623,'2016-03-29','Nurse',25000,10);
INSERT INTO nurse (id,surgery_assistant,preferred_shifts,appointment_assistant,departement_id) VALUES (623,B'1','Day',B'0',2);
INSERT INTO person (id,first_name,second_name,email,user_login,user_password,sex,date_of_birth,age,permission_level) VALUES (624,'Anna','Flores','megan20@gmail.com','rperez','NsQHyJhXwyPbK','F','1964-07-02',55,2);
INSERT INTO staff_member (id,employed_since,position,salary,room) VALUES (624,'2010-09-16','Pharmasist',20000,70);
INSERT INTO pharmasist (id,education_level,research) VALUES (624,'Magister',B'0');
INSERT INTO person (id,first_name,second_name,email,user_login,user_password,sex,date_of_birth,age,permission_level) VALUES (625,'Adam','Hartman','atran@hotmail.com','christopher47','LFDyJGvQPk','M','1926-07-19',93,2);
INSERT INTO staff_member (id,employed_since,position,salary,room) VALUES (625,'2017-10-24','Doctor',35000,13);
INSERT INTO doctor (id,speciality,emergency_hours,experience,departement_id,supervisor) VALUES (625,'Emergency Medicine Specialist',B'1',6,3,382);
INSERT INTO person (id,first_name,second_name,email,user_login,user_password,sex,date_of_birth,age,permission_level) VALUES (626,'Paul','Le','awilliams@yahoo.com','jenna11','sYGQXlAQM','M','1905-12-02',114,3);
INSERT INTO staff_member (id,employed_since,position,salary,room) VALUES (626,'2016-02-13','Nurse',25000,4);
INSERT INTO nurse (id,surgery_assistant,preferred_shifts,appointment_assistant,departement_id) VALUES (626,B'0','Night',B'1',8);
INSERT INTO person (id,first_name,second_name,email,user_login,user_password,sex,date_of_birth,age,permission_level) VALUES (627,'Albert','Davis','batessarah@gmail.com','gspencer','FksCCYOpJOb','M','1923-02-24',96,5);
INSERT INTO patient (id) VALUES (627);
INSERT INTO patients_address (street,house,apartement) VALUES ('Sherry st.','99','6');
INSERT INTO medical_history (patient_id,date) VALUES (627,'2019-11-21');
INSERT INTO person (id,first_name,second_name,email,user_login,user_password,sex,date_of_birth,age,permission_level) VALUES (628,'Randy','Conway','kelly30@hotmail.com','odelacruz','fxluTvApvdWsjP','M','2010-08-02',9,1);
INSERT INTO staff_member (id,employed_since,position,salary,room) VALUES (628,'2011-08-14','Security Team Member',10000,62);
INSERT INTO security_team_member (id,shifts,physical_test_grade) VALUES (628,'Day','B');
INSERT INTO person (id,first_name,second_name,email,user_login,user_password,sex,date_of_birth,age,permission_level) VALUES (629,'Ryan','Davidson','tammy30@yahoo.com','ryan92','kFwNEfWdixOmdM','M','2011-09-02',8,2);
INSERT INTO staff_member (id,employed_since,position,salary,room) VALUES (629,'2015-12-06','Maintanence Worker',15000,59);
INSERT INTO maintanence_worker (id,employment_type,speciality) VALUES (629,'Full time','Furniture');
INSERT INTO person (id,first_name,second_name,email,user_login,user_password,sex,date_of_birth,age,permission_level) VALUES (630,'James','Hall','markyoung@hotmail.com','shermandonna','ksozhnul','M','1988-05-08',31,3);
INSERT INTO staff_member (id,employed_since,position,salary,room) VALUES (630,'2016-11-13','Professor',35000,34);
INSERT INTO professor (id,research_topic,surgery_participation,departement_id) VALUES (630,'Internist',B'1',6);
INSERT INTO person (id,first_name,second_name,email,user_login,user_password,sex,date_of_birth,age,permission_level) VALUES (631,'Caroline','Lara','keith72@gmail.com','williamsbrenda','GcshdNLSb','F','2005-02-03',14,5);
INSERT INTO staff_member (id,employed_since,position,salary,room) VALUES (631,'2014-05-19','Professor',35000,35);
INSERT INTO professor (id,research_topic,surgery_participation,departement_id) VALUES (631,'Radiologist',B'1',3);
INSERT INTO person (id,first_name,second_name,email,user_login,user_password,sex,date_of_birth,age,permission_level) VALUES (632,'Travis','Roy','zsmith@gmail.com','bvaughan','wKigTEPgOkUr','M','1974-12-09',45,3);
INSERT INTO staff_member (id,employed_since,position,salary,room) VALUES (632,'2012-07-14','Doctor',35000,18);
INSERT INTO doctor (id,speciality,emergency_hours,experience,departement_id,supervisor) VALUES (632,'Sports Medicine Specialist',B'1',9,8,532);
INSERT INTO person (id,first_name,second_name,email,user_login,user_password,sex,date_of_birth,age,permission_level) VALUES (633,'Ms.','Teresa','sharonjohnson@yahoo.com','mariadalton','vWKdpACvaXGo','F','1983-07-04',36,4);
INSERT INTO staff_member (id,employed_since,position,salary,room) VALUES (633,'2016-01-04','Cook',15000,73);
INSERT INTO cook (id,experience) VALUES (633,8);
INSERT INTO person (id,first_name,second_name,email,user_login,user_password,sex,date_of_birth,age,permission_level) VALUES (634,'Gregory','Joseph','andrewandrews@hotmail.com','elizabethyoung','wIogcfvNokD','M','1949-02-09',70,2);
INSERT INTO patient (id) VALUES (634);
INSERT INTO patients_address (street,house,apartement) VALUES ('Heather st.','89','6');
INSERT INTO medical_history (patient_id,date) VALUES (634,'2019-11-06');
INSERT INTO person (id,first_name,second_name,email,user_login,user_password,sex,date_of_birth,age,permission_level) VALUES (635,'Lori','Rangel','saracampbell@gmail.com','dominiqueross','RNwzCugWMJsE','F','1926-02-09',93,2);
INSERT INTO staff_member (id,employed_since,position,salary,room) VALUES (635,'2016-06-28','Professor',35000,37);
INSERT INTO professor (id,research_topic,surgery_participation,departement_id) VALUES (635,'Hospice and Palliative Medicine Specialist',B'0',2);
INSERT INTO person (id,first_name,second_name,email,user_login,user_password,sex,date_of_birth,age,permission_level) VALUES (636,'Sara','Mejia','alan99@yahoo.com','timothygonzalez','CORCkYjLTOKj','F','1954-06-09',65,2);
INSERT INTO staff_member (id,employed_since,position,salary,room) VALUES (636,'2019-02-19','Reseptionist',15000,56);
INSERT INTO reseptionist (id) VALUES (636);
INSERT INTO languages_spoken (reseptionist_id,language) VALUES (636,'EnglishArabicTatar');
INSERT INTO person (id,first_name,second_name,email,user_login,user_password,sex,date_of_birth,age,permission_level) VALUES (637,'Stephanie','Perkins','kgonzales@yahoo.com','qlee','xJmEvNE','F','1946-10-11',73,3);
INSERT INTO staff_member (id,employed_since,position,salary,room) VALUES (637,'2015-03-13','Pharmasist',20000,68);
INSERT INTO pharmasist (id,education_level,research) VALUES (637,'Bachelor',B'0');
INSERT INTO person (id,first_name,second_name,email,user_login,user_password,sex,date_of_birth,age,permission_level) VALUES (638,'Lorraine','Harris','glynch@yahoo.com','qcosta','EDQIAcpohyaEZRQ','F','1975-08-07',44,3);
INSERT INTO staff_member (id,employed_since,position,salary,room) VALUES (638,'2014-08-06','Nurse',25000,4);
INSERT INTO nurse (id,surgery_assistant,preferred_shifts,appointment_assistant,departement_id) VALUES (638,B'0','Night',B'1',8);
INSERT INTO person (id,first_name,second_name,email,user_login,user_password,sex,date_of_birth,age,permission_level) VALUES (639,'Christian','Johnson','xduncan@gmail.com','mccarthymichael','DCXfdPDgxC','M','1970-07-04',49,1);
INSERT INTO staff_member (id,employed_since,position,salary,room) VALUES (639,'2014-05-24','HR',30000,64);
INSERT INTO hr (id,selection_responsibility) VALUES (639,'Review');
INSERT INTO person (id,first_name,second_name,email,user_login,user_password,sex,date_of_birth,age,permission_level) VALUES (640,'Sarah','Giles','crichard@yahoo.com','davisvalerie','xhlfNdLnMTU','F','1971-12-09',48,1);
INSERT INTO staff_member (id,employed_since,position,salary,room) VALUES (640,'2016-09-23','Nurse',25000,6);
INSERT INTO nurse (id,surgery_assistant,preferred_shifts,appointment_assistant,departement_id) VALUES (640,B'1','Day',B'1',3);
INSERT INTO person (id,first_name,second_name,email,user_login,user_password,sex,date_of_birth,age,permission_level) VALUES (641,'Jeffrey','Moore','alyssa22@hotmail.com','ryanjohnson','nuPKIESqmgjWcST','M','1918-02-19',101,3);
INSERT INTO patient (id) VALUES (641);
INSERT INTO patients_address (street,house,apartement) VALUES ('Kyle st.','65','7');
INSERT INTO medical_history (patient_id,date) VALUES (641,'2019-10-23');
INSERT INTO person (id,first_name,second_name,email,user_login,user_password,sex,date_of_birth,age,permission_level) VALUES (642,'Debra','Shea','hilljasmine@hotmail.com','gthomas','KCrkCKyarya','F','1923-05-02',96,2);
INSERT INTO staff_member (id,employed_since,position,salary,room) VALUES (642,'2012-11-01','Lab Technician',15000,48);
INSERT INTO lab_technician (id,education_level,departement_id) VALUES (642,'Postgraduate',5);
INSERT INTO person (id,first_name,second_name,email,user_login,user_password,sex,date_of_birth,age,permission_level) VALUES (643,'Terri','Perez','melissamay@gmail.com','allison15','iBudTEaF','F','1924-12-17',95,3);
INSERT INTO patient (id) VALUES (643);
INSERT INTO patients_address (street,house,apartement) VALUES ('Jason st.','26','8');
INSERT INTO medical_history (patient_id,date) VALUES (643,'2019-11-02');
INSERT INTO person (id,first_name,second_name,email,user_login,user_password,sex,date_of_birth,age,permission_level) VALUES (644,'Cheryl','Chandler','sandramercer@yahoo.com','johnsontimothy','gSRoEziKHd','F','1912-10-24',107,1);
INSERT INTO patient (id) VALUES (644);
INSERT INTO patients_address (street,house,apartement) VALUES ('Mrs. st.','82','7');
INSERT INTO medical_history (patient_id,date) VALUES (644,'2019-11-21');
INSERT INTO person (id,first_name,second_name,email,user_login,user_password,sex,date_of_birth,age,permission_level) VALUES (645,'Tracy','Miller','john25@yahoo.com','christine56','EedNdNfEehKgznM','F','1956-02-20',63,3);
INSERT INTO staff_member (id,employed_since,position,salary,room) VALUES (645,'2010-02-19','Maintanence Worker',15000,60);
INSERT INTO maintanence_worker (id,employment_type,speciality) VALUES (645,'Full time','Electricity');
INSERT INTO person (id,first_name,second_name,email,user_login,user_password,sex,date_of_birth,age,permission_level) VALUES (646,'Judy','Davis','sellerskevin@hotmail.com','daniel51','IdXdWgOqepNgdBR','F','1906-12-09',113,4);
INSERT INTO staff_member (id,employed_since,position,salary,room) VALUES (646,'2015-11-14','Cleaning Team Worker',10000,51);
INSERT INTO cleaning_team_worker (id,employment_type) VALUES (646,'Part time');
INSERT INTO person (id,first_name,second_name,email,user_login,user_password,sex,date_of_birth,age,permission_level) VALUES (647,'John','Rocha','jennifer04@hotmail.com','traciwallace','aQXxYcZFH','M','1987-11-10',32,1);
INSERT INTO patient (id) VALUES (647);
INSERT INTO patients_address (street,house,apartement) VALUES ('Kathryn st.','98','10');
INSERT INTO medical_history (patient_id,date) VALUES (647,'2019-11-13');
INSERT INTO person (id,first_name,second_name,email,user_login,user_password,sex,date_of_birth,age,permission_level) VALUES (648,'William','Tyler','mollyskinner@gmail.com','moraleskrystal','wofEPfBg','M','2011-07-22',8,2);
INSERT INTO staff_member (id,employed_since,position,salary,room) VALUES (648,'2013-04-17','Nurse',25000,7);
INSERT INTO nurse (id,surgery_assistant,preferred_shifts,appointment_assistant,departement_id) VALUES (648,B'0','Day',B'1',3);
INSERT INTO person (id,first_name,second_name,email,user_login,user_password,sex,date_of_birth,age,permission_level) VALUES (649,'Lindsay','Hudson','jeff51@hotmail.com','nicolejames','cYjDgJlsRytd','F','1985-02-14',34,3);
INSERT INTO staff_member (id,employed_since,position,salary,room) VALUES (649,'2012-08-25','Nurse',25000,6);
INSERT INTO nurse (id,surgery_assistant,preferred_shifts,appointment_assistant,departement_id) VALUES (649,B'1','Night',B'0',2);
INSERT INTO person (id,first_name,second_name,email,user_login,user_password,sex,date_of_birth,age,permission_level) VALUES (650,'Heather','Chavez','hmccormick@yahoo.com','matthew93','DiJfvISSvbdx','F','1937-01-25',82,1);
INSERT INTO patient (id) VALUES (650);
INSERT INTO patients_address (street,house,apartement) VALUES ('Jodi st.','45','5');
INSERT INTO medical_history (patient_id,date) VALUES (650,'2019-10-21');
INSERT INTO person (id,first_name,second_name,email,user_login,user_password,sex,date_of_birth,age,permission_level) VALUES (651,'Christina','Clayton','jessica04@gmail.com','william24','vKhbLBinC','F','1956-09-04',63,2);
INSERT INTO staff_member (id,employed_since,position,salary,room) VALUES (651,'2018-08-02','Nurse',25000,7);
INSERT INTO nurse (id,surgery_assistant,preferred_shifts,appointment_assistant,departement_id) VALUES (651,B'1','Day',B'0',5);
INSERT INTO person (id,first_name,second_name,email,user_login,user_password,sex,date_of_birth,age,permission_level) VALUES (652,'Jason','Anderson','williamsjames@yahoo.com','durhamgregory','GMiHeyY','M','2009-04-26',10,2);
INSERT INTO staff_member (id,employed_since,position,salary,room) VALUES (652,'2012-04-12','Doctor',35000,30);
INSERT INTO doctor (id,speciality,emergency_hours,experience,departement_id,supervisor) VALUES (652,'Gastroenterologist',B'1',1,2,351);
INSERT INTO person (id,first_name,second_name,email,user_login,user_password,sex,date_of_birth,age,permission_level) VALUES (653,'William','Rodriguez','jesuslawson@yahoo.com','michelle33','rxMeneuJ','M','1992-06-28',27,2);
INSERT INTO staff_member (id,employed_since,position,salary,room) VALUES (653,'2018-12-18','Pharmasist',20000,68);
INSERT INTO pharmasist (id,education_level,research) VALUES (653,'Magister',B'1');
INSERT INTO person (id,first_name,second_name,email,user_login,user_password,sex,date_of_birth,age,permission_level) VALUES (654,'Christopher','Johnson','crystalpacheco@yahoo.com','penasteven','PbMJoXPHF','M','1904-02-08',115,2);
INSERT INTO staff_member (id,employed_since,position,salary,room) VALUES (654,'2017-10-28','HR',30000,64);
INSERT INTO hr (id,selection_responsibility) VALUES (654,'Review');
INSERT INTO person (id,first_name,second_name,email,user_login,user_password,sex,date_of_birth,age,permission_level) VALUES (655,'Paul','Johnson','maryevans@gmail.com','christensenadrienne','zQQhpIjRWnnlVI','M','1954-05-30',65,2);
INSERT INTO patient (id) VALUES (655);
INSERT INTO patients_address (street,house,apartement) VALUES ('Edgar st.','46','6');
INSERT INTO medical_history (patient_id,date) VALUES (655,'2019-11-04');
INSERT INTO person (id,first_name,second_name,email,user_login,user_password,sex,date_of_birth,age,permission_level) VALUES (656,'Tammy','Gomez','ucastillo@yahoo.com','gregory15','lqwaoBkWBIVVl','F','1914-07-16',105,4);
INSERT INTO staff_member (id,employed_since,position,salary,room) VALUES (656,'2015-07-08','Maintanence Worker',15000,60);
INSERT INTO maintanence_worker (id,employment_type,speciality) VALUES (656,'Full time','Electricity');
INSERT INTO person (id,first_name,second_name,email,user_login,user_password,sex,date_of_birth,age,permission_level) VALUES (657,'Diana','Schwartz','fieldsgregory@hotmail.com','jenniferthompson','rOxziwSzzRqDr','F','1916-10-12',103,5);
INSERT INTO staff_member (id,employed_since,position,salary,room) VALUES (657,'2017-06-13','IT Specialist',15000,77);
INSERT INTO IT_specialist (id,support_line) VALUES (657,B'1');
INSERT INTO person (id,first_name,second_name,email,user_login,user_password,sex,date_of_birth,age,permission_level) VALUES (658,'Mary','Perez','teresa02@gmail.com','robinsonblake','ZlOzncSKphkn','F','1936-12-13',83,5);
INSERT INTO staff_member (id,employed_since,position,salary,room) VALUES (658,'2016-06-03','Maintanence Worker',15000,57);
INSERT INTO maintanence_worker (id,employment_type,speciality) VALUES (658,'Part time','Electricity');
INSERT INTO person (id,first_name,second_name,email,user_login,user_password,sex,date_of_birth,age,permission_level) VALUES (659,'Heidi','Taylor','janetbarber@gmail.com','jessicadelgado','sHlKJIemyDC','F','2006-06-02',13,3);
INSERT INTO patient (id) VALUES (659);
INSERT INTO patients_address (street,house,apartement) VALUES ('Chad st.','50','4');
INSERT INTO medical_history (patient_id,date) VALUES (659,'2019-11-15');
INSERT INTO person (id,first_name,second_name,email,user_login,user_password,sex,date_of_birth,age,permission_level) VALUES (660,'Xavier','Cooper','chelseacamacho@gmail.com','andersondanielle','kUoTXIYDt','M','1953-04-15',66,3);
INSERT INTO staff_member (id,employed_since,position,salary,room) VALUES (660,'2015-10-26','Professor',35000,39);
INSERT INTO professor (id,research_topic,surgery_participation,departement_id) VALUES (660,'Medical Geneticist',B'0',4);
INSERT INTO person (id,first_name,second_name,email,user_login,user_password,sex,date_of_birth,age,permission_level) VALUES (661,'Rita','Levine','jacqueline29@gmail.com','williamsjaclyn','dgijbiOJf','F','1979-01-21',40,3);
INSERT INTO patient (id) VALUES (661);
INSERT INTO patients_address (street,house,apartement) VALUES ('Antonio st.','82','6');
INSERT INTO medical_history (patient_id,date) VALUES (661,'2019-11-07');
INSERT INTO person (id,first_name,second_name,email,user_login,user_password,sex,date_of_birth,age,permission_level) VALUES (662,'Kristen','Holt','jacksonmcgrath@yahoo.com','djohnson','HsYHuVNKt','F','1971-04-06',48,5);
INSERT INTO staff_member (id,employed_since,position,salary,room) VALUES (662,'2018-06-21','Doctor',35000,12);
INSERT INTO doctor (id,speciality,emergency_hours,experience,departement_id,supervisor) VALUES (662,'Geriatric Medicine Specialist',B'0',5,6,504);
INSERT INTO person (id,first_name,second_name,email,user_login,user_password,sex,date_of_birth,age,permission_level) VALUES (663,'Jermaine','Peterson','jennifercunningham@yahoo.com','curtisjones','gWCZJoDlLni','M','2004-06-20',15,3);
INSERT INTO patient (id) VALUES (663);
INSERT INTO patients_address (street,house,apartement) VALUES ('Mary st.','3','9');
INSERT INTO medical_history (patient_id,date) VALUES (663,'2019-11-02');
INSERT INTO person (id,first_name,second_name,email,user_login,user_password,sex,date_of_birth,age,permission_level) VALUES (664,'Monique','Bryant','millermaria@yahoo.com','williamsedward','OttDmKo','F','1994-06-18',25,4);
INSERT INTO patient (id) VALUES (664);
INSERT INTO patients_address (street,house,apartement) VALUES ('Tamara st.','55','4');
INSERT INTO medical_history (patient_id,date) VALUES (664,'2019-11-16');
INSERT INTO person (id,first_name,second_name,email,user_login,user_password,sex,date_of_birth,age,permission_level) VALUES (665,'Allison','Frey','kenneth32@yahoo.com','shelby58','KpQwPFYDWOcq','F','1927-01-21',92,2);
INSERT INTO patient (id) VALUES (665);
INSERT INTO patients_address (street,house,apartement) VALUES ('James st.','77','9');
INSERT INTO medical_history (patient_id,date) VALUES (665,'2019-11-08');
INSERT INTO person (id,first_name,second_name,email,user_login,user_password,sex,date_of_birth,age,permission_level) VALUES (666,'Diana','Villegas','villegasmarie@yahoo.com','jacobscott','DocMjckF','F','1995-04-06',24,5);
INSERT INTO patient (id) VALUES (666);
INSERT INTO patients_address (street,house,apartement) VALUES ('Heather st.','56','7');
INSERT INTO medical_history (patient_id,date) VALUES (666,'2019-10-16');
INSERT INTO person (id,first_name,second_name,email,user_login,user_password,sex,date_of_birth,age,permission_level) VALUES (667,'Mr.','Danny','bjimenez@gmail.com','ypatel','oDcIAsvOfrcyGKX','M','1968-10-28',51,5);
INSERT INTO staff_member (id,employed_since,position,salary,room) VALUES (667,'2012-08-06','Lab Technician',15000,43);
INSERT INTO lab_technician (id,education_level,departement_id) VALUES (667,'Postgraduate',5);
INSERT INTO person (id,first_name,second_name,email,user_login,user_password,sex,date_of_birth,age,permission_level) VALUES (668,'Rodney','Jacobs','mbell@yahoo.com','schmidtann','eJwxblWZR','M','1914-10-23',105,3);
INSERT INTO staff_member (id,employed_since,position,salary,room) VALUES (668,'2012-05-23','Maintanence Worker',15000,58);
INSERT INTO maintanence_worker (id,employment_type,speciality) VALUES (668,'Full time','Hardware');
INSERT INTO person (id,first_name,second_name,email,user_login,user_password,sex,date_of_birth,age,permission_level) VALUES (669,'Angela','Harrell','gthompson@hotmail.com','savagejames','CMTyaAFSxKmuI','F','1976-09-01',43,3);
INSERT INTO staff_member (id,employed_since,position,salary,room) VALUES (669,'2014-02-20','Pharmasist',20000,68);
INSERT INTO pharmasist (id,education_level,research) VALUES (669,'PhD',B'1');
INSERT INTO person (id,first_name,second_name,email,user_login,user_password,sex,date_of_birth,age,permission_level) VALUES (670,'Christian','King','katherine34@yahoo.com','hsweeney','ufBquQAjaLjAqoR','M','1976-01-18',43,2);
INSERT INTO staff_member (id,employed_since,position,salary,room) VALUES (670,'2011-01-09','Nurse',25000,9);
INSERT INTO nurse (id,surgery_assistant,preferred_shifts,appointment_assistant,departement_id) VALUES (670,B'1','Night',B'0',7);
INSERT INTO person (id,first_name,second_name,email,user_login,user_password,sex,date_of_birth,age,permission_level) VALUES (671,'Donald','Hernandez','tanderson@yahoo.com','smithdennis','TcQnbVg','M','1920-10-14',99,5);
INSERT INTO staff_member (id,employed_since,position,salary,room) VALUES (671,'2014-04-16','IT Specialist',15000,76);
INSERT INTO IT_specialist (id,support_line) VALUES (671,B'0');
INSERT INTO person (id,first_name,second_name,email,user_login,user_password,sex,date_of_birth,age,permission_level) VALUES (672,'Cheyenne','Carr','tricia85@gmail.com','wagnermaurice','UpkUyTpYYddBiBa','F','1918-07-19',101,2);
INSERT INTO staff_member (id,employed_since,position,salary,room) VALUES (672,'2011-03-06','Maintanence Worker',15000,58);
INSERT INTO maintanence_worker (id,employment_type,speciality) VALUES (672,'Part time','Electricity');
INSERT INTO person (id,first_name,second_name,email,user_login,user_password,sex,date_of_birth,age,permission_level) VALUES (673,'John','Thomas','rebecca25@gmail.com','robertmartin','sAeOtyIOTySeAFZ','M','1946-01-12',73,5);
INSERT INTO staff_member (id,employed_since,position,salary,room) VALUES (673,'2010-03-12','Lab Technician',15000,46);
INSERT INTO lab_technician (id,education_level,departement_id) VALUES (673,'PhD',1);
INSERT INTO person (id,first_name,second_name,email,user_login,user_password,sex,date_of_birth,age,permission_level) VALUES (674,'Patricia','Jones','crystaljohnson@yahoo.com','brittney42','nmPJcXHPIhJB','F','1972-09-30',47,3);
INSERT INTO staff_member (id,employed_since,position,salary,room) VALUES (674,'2010-03-24','Reseptionist',15000,56);
INSERT INTO reseptionist (id) VALUES (674);
INSERT INTO languages_spoken (reseptionist_id,language) VALUES (674,'TatarArabicRussianPortuguesRussianArabic');
INSERT INTO person (id,first_name,second_name,email,user_login,user_password,sex,date_of_birth,age,permission_level) VALUES (675,'Connor','Montoya','mgomez@hotmail.com','xnolan','ftkJumI','M','1923-07-04',96,4);
INSERT INTO staff_member (id,employed_since,position,salary,room) VALUES (675,'2014-10-13','HR',30000,67);
INSERT INTO hr (id,selection_responsibility) VALUES (675,'Review');
INSERT INTO person (id,first_name,second_name,email,user_login,user_password,sex,date_of_birth,age,permission_level) VALUES (676,'Melissa','Chen','eric54@gmail.com','josephwalters','tDLOPukh','F','1938-09-24',81,4);
INSERT INTO patient (id) VALUES (676);
INSERT INTO patients_address (street,house,apartement) VALUES ('Michael st.','81','10');
INSERT INTO medical_history (patient_id,date) VALUES (676,'2019-10-19');
INSERT INTO person (id,first_name,second_name,email,user_login,user_password,sex,date_of_birth,age,permission_level) VALUES (677,'Jennifer','Khan','mtorres@hotmail.com','bjohnson','mAniDZJlb','F','1959-02-27',60,1);
INSERT INTO staff_member (id,employed_since,position,salary,room) VALUES (677,'2017-11-26','Doctor',35000,19);
INSERT INTO doctor (id,speciality,emergency_hours,experience,departement_id,supervisor) VALUES (677,'Podiatrist',B'1',8,1,471);
INSERT INTO person (id,first_name,second_name,email,user_login,user_password,sex,date_of_birth,age,permission_level) VALUES (678,'Johnny','Mercado','youngdonna@yahoo.com','wrightmelissa','CXDMjGSP','M','1951-01-19',68,5);
INSERT INTO staff_member (id,employed_since,position,salary,room) VALUES (678,'2015-06-28','Professor',35000,37);
INSERT INTO professor (id,research_topic,surgery_participation,departement_id) VALUES (678,'Pediatrician',B'0',7);
INSERT INTO person (id,first_name,second_name,email,user_login,user_password,sex,date_of_birth,age,permission_level) VALUES (679,'James','Floyd','petersencharlotte@yahoo.com','schmidtpedro','sOvCHnXJUARu','M','1998-09-08',21,1);
INSERT INTO staff_member (id,employed_since,position,salary,room) VALUES (679,'2017-02-03','Lab Technician',15000,42);
INSERT INTO lab_technician (id,education_level,departement_id) VALUES (679,'PhD',10);
INSERT INTO person (id,first_name,second_name,email,user_login,user_password,sex,date_of_birth,age,permission_level) VALUES (680,'Jennifer','Huff','carralice@hotmail.com','taylorjoseph','CTOCzfQSqB','F','1981-09-15',38,4);
INSERT INTO staff_member (id,employed_since,position,salary,room) VALUES (680,'2018-09-27','Doctor',35000,30);
INSERT INTO doctor (id,speciality,emergency_hours,experience,departement_id,supervisor) VALUES (680,'Dermatologist',B'0',3,4,313);
INSERT INTO person (id,first_name,second_name,email,user_login,user_password,sex,date_of_birth,age,permission_level) VALUES (681,'Jamie','Lee','williamsjessica@gmail.com','rebeccajenkins','jxjDGgkispmt','M','2003-04-26',16,4);
INSERT INTO staff_member (id,employed_since,position,salary,room) VALUES (681,'2012-06-26','HR',30000,65);
INSERT INTO hr (id,selection_responsibility) VALUES (681,'Interview');
INSERT INTO person (id,first_name,second_name,email,user_login,user_password,sex,date_of_birth,age,permission_level) VALUES (682,'Bryan','Green','samantha30@yahoo.com','gchang','CvwSpTmxk','M','1987-08-30',32,3);
INSERT INTO patient (id) VALUES (682);
INSERT INTO patients_address (street,house,apartement) VALUES ('Donald st.','3','5');
INSERT INTO medical_history (patient_id,date) VALUES (682,'2019-11-11');
INSERT INTO person (id,first_name,second_name,email,user_login,user_password,sex,date_of_birth,age,permission_level) VALUES (683,'Dana','Robinson','kyleweiss@hotmail.com','ecooper','IFwKaSvozRkhHL','F','1971-12-30',48,1);
INSERT INTO staff_member (id,employed_since,position,salary,room) VALUES (683,'2016-11-27','Doctor',35000,21);
INSERT INTO doctor (id,speciality,emergency_hours,experience,departement_id,supervisor) VALUES (683,'Cardiologist',B'0',6,3,622);
INSERT INTO person (id,first_name,second_name,email,user_login,user_password,sex,date_of_birth,age,permission_level) VALUES (684,'Diana','Sparks','tracysmith@gmail.com','calebking','VkPmhWpDd','F','2012-07-09',7,5);
INSERT INTO staff_member (id,employed_since,position,salary,room) VALUES (684,'2012-06-23','Nurse',25000,10);
INSERT INTO nurse (id,surgery_assistant,preferred_shifts,appointment_assistant,departement_id) VALUES (684,B'0','Night',B'0',9);
INSERT INTO person (id,first_name,second_name,email,user_login,user_password,sex,date_of_birth,age,permission_level) VALUES (685,'Donna','Owens','jamie12@hotmail.com','rachelblanchard','kSlAEWJx','F','1950-03-11',69,4);
INSERT INTO patient (id) VALUES (685);
INSERT INTO patients_address (street,house,apartement) VALUES ('Henry st.','2','10');
INSERT INTO medical_history (patient_id,date) VALUES (685,'2019-10-21');
INSERT INTO person (id,first_name,second_name,email,user_login,user_password,sex,date_of_birth,age,permission_level) VALUES (686,'Nathan','Fernandez','chandlersharon@gmail.com','mhays','CRTexvgPOsG','M','2008-04-15',11,1);
INSERT INTO staff_member (id,employed_since,position,salary,room) VALUES (686,'2013-01-19','Nurse',25000,9);
INSERT INTO nurse (id,surgery_assistant,preferred_shifts,appointment_assistant,departement_id) VALUES (686,B'1','Day',B'0',6);
INSERT INTO person (id,first_name,second_name,email,user_login,user_password,sex,date_of_birth,age,permission_level) VALUES (687,'William','Preston','katiepitts@gmail.com','vproctor','AJAmfEYROK','M','2005-10-23',14,2);
INSERT INTO patient (id) VALUES (687);
INSERT INTO patients_address (street,house,apartement) VALUES ('Denise st.','11','9');
INSERT INTO medical_history (patient_id,date) VALUES (687,'2019-11-18');
INSERT INTO person (id,first_name,second_name,email,user_login,user_password,sex,date_of_birth,age,permission_level) VALUES (688,'Daniel','Martin','pierceaustin@hotmail.com','nicholas18','IzgADymTA','M','1953-12-20',66,4);
INSERT INTO staff_member (id,employed_since,position,salary,room) VALUES (688,'2019-01-10','Reseptionist',15000,56);
INSERT INTO reseptionist (id) VALUES (688);
INSERT INTO languages_spoken (reseptionist_id,language) VALUES (688,'PortuguesItalianRussianRussianArabicTatar');
INSERT INTO person (id,first_name,second_name,email,user_login,user_password,sex,date_of_birth,age,permission_level) VALUES (689,'Christopher','Robinson','bowersmatthew@yahoo.com','wilsonmichael','XMLqRIUmseXm','M','1958-11-13',61,2);
INSERT INTO staff_member (id,employed_since,position,salary,room) VALUES (689,'2018-11-01','Professor',35000,33);
INSERT INTO professor (id,research_topic,surgery_participation,departement_id) VALUES (689,'Medicine Specialist',B'1',4);
INSERT INTO person (id,first_name,second_name,email,user_login,user_password,sex,date_of_birth,age,permission_level) VALUES (690,'Kelly','Livingston','melody35@yahoo.com','justinporter','kXTqFtJ','F','1962-08-27',57,4);
INSERT INTO patient (id) VALUES (690);
INSERT INTO patients_address (street,house,apartement) VALUES ('Julie st.','30','6');
INSERT INTO medical_history (patient_id,date) VALUES (690,'2019-11-04');
INSERT INTO person (id,first_name,second_name,email,user_login,user_password,sex,date_of_birth,age,permission_level) VALUES (691,'Vincent','Rodriguez','sandersbrandi@yahoo.com','ashleycummings','CYCbuZuiLMbZ','M','2005-05-07',14,1);
INSERT INTO staff_member (id,employed_since,position,salary,room) VALUES (691,'2011-01-16','HR',30000,64);
INSERT INTO hr (id,selection_responsibility) VALUES (691,'Interview');
INSERT INTO person (id,first_name,second_name,email,user_login,user_password,sex,date_of_birth,age,permission_level) VALUES (692,'Corey','Frey','mosssarah@gmail.com','petersencrystal','shCPInZ','M','1984-02-27',35,1);
INSERT INTO staff_member (id,employed_since,position,salary,room) VALUES (692,'2013-08-11','Cleaning Team Worker',10000,55);
INSERT INTO cleaning_team_worker (id,employment_type) VALUES (692,'Full time');
INSERT INTO person (id,first_name,second_name,email,user_login,user_password,sex,date_of_birth,age,permission_level) VALUES (693,'David','Williams','melissawilliams@gmail.com','alisonhurley','SllxMtlPxkkjSo','M','1974-07-29',45,2);
INSERT INTO staff_member (id,employed_since,position,salary,room) VALUES (693,'2011-04-03','Doctor',35000,23);
INSERT INTO doctor (id,speciality,emergency_hours,experience,departement_id,supervisor) VALUES (693,'Sports Medicine Specialist',B'1',5,8,181);
INSERT INTO person (id,first_name,second_name,email,user_login,user_password,sex,date_of_birth,age,permission_level) VALUES (694,'Robert','Gillespie','martinjoseph@gmail.com','vrichardson','wMptPkbSuxWti','M','1976-12-30',43,4);
INSERT INTO staff_member (id,employed_since,position,salary,room) VALUES (694,'2015-03-13','Doctor',35000,19);
INSERT INTO doctor (id,speciality,emergency_hours,experience,departement_id,supervisor) VALUES (694,'Radiologist',B'1',9,8,539);
INSERT INTO person (id,first_name,second_name,email,user_login,user_password,sex,date_of_birth,age,permission_level) VALUES (695,'Rebekah','Rice','lwilliams@hotmail.com','karen61','IhqxymSgcVxa','F','1952-06-30',67,4);
INSERT INTO patient (id) VALUES (695);
INSERT INTO patients_address (street,house,apartement) VALUES ('Taylor st.','16','4');
INSERT INTO medical_history (patient_id,date) VALUES (695,'2019-10-26');
INSERT INTO person (id,first_name,second_name,email,user_login,user_password,sex,date_of_birth,age,permission_level) VALUES (696,'Mrs.','Heather','archerjennifer@gmail.com','rollinsandrew','sRKCWgkBmG','F','1952-07-22',67,1);
INSERT INTO staff_member (id,employed_since,position,salary,room) VALUES (696,'2015-01-25','Lab Technician',15000,41);
INSERT INTO lab_technician (id,education_level,departement_id) VALUES (696,'Magister',5);
INSERT INTO person (id,first_name,second_name,email,user_login,user_password,sex,date_of_birth,age,permission_level) VALUES (697,'April','Coffey','angelasmith@gmail.com','maykristin','RmhVIzSIRvVW','F','1974-04-29',45,5);
INSERT INTO staff_member (id,employed_since,position,salary,room) VALUES (697,'2011-11-20','Lab Technician',15000,47);
INSERT INTO lab_technician (id,education_level,departement_id) VALUES (697,'Postgraduate',5);
INSERT INTO person (id,first_name,second_name,email,user_login,user_password,sex,date_of_birth,age,permission_level) VALUES (698,'Jessica','Chambers','wadepatricia@hotmail.com','cochranjerry','KnBryea','F','1936-05-09',83,2);
INSERT INTO patient (id) VALUES (698);
INSERT INTO patients_address (street,house,apartement) VALUES ('Jason st.','23','7');
INSERT INTO medical_history (patient_id,date) VALUES (698,'2019-11-04');
INSERT INTO person (id,first_name,second_name,email,user_login,user_password,sex,date_of_birth,age,permission_level) VALUES (699,'John','Miller','roberttorres@hotmail.com','robertnelson','jwBIuQHOrpvwZ','M','1935-11-27',84,3);
INSERT INTO staff_member (id,employed_since,position,salary,room) VALUES (699,'2018-08-08','Doctor',35000,18);
INSERT INTO doctor (id,speciality,emergency_hours,experience,departement_id,supervisor) VALUES (699,'Urologist',B'0',5,1,372);
INSERT INTO person (id,first_name,second_name,email,user_login,user_password,sex,date_of_birth,age,permission_level) VALUES (700,'Andrew','Villegas','davidbriggs@hotmail.com','tomandrews','sgFhzAKyfFyZtW','M','1993-06-10',26,2);
INSERT INTO staff_member (id,employed_since,position,salary,room) VALUES (700,'2013-07-28','Reseptionist',15000,56);
INSERT INTO reseptionist (id) VALUES (700);
INSERT INTO languages_spoken (reseptionist_id,language) VALUES (700,'PortuguesEnglishTatarEnglishTatarItalian');
INSERT INTO person (id,first_name,second_name,email,user_login,user_password,sex,date_of_birth,age,permission_level) VALUES (701,'Thomas','Oconnell','matthew01@gmail.com','marcia11','zbVKEnonYweMC','M','1952-06-08',67,5);
INSERT INTO staff_member (id,employed_since,position,salary,room) VALUES (701,'2011-06-29','Nurse',25000,10);
INSERT INTO nurse (id,surgery_assistant,preferred_shifts,appointment_assistant,departement_id) VALUES (701,B'0','Day',B'1',7);
INSERT INTO person (id,first_name,second_name,email,user_login,user_password,sex,date_of_birth,age,permission_level) VALUES (702,'Daniel','Williams','rivasjamie@hotmail.com','cheryl41','fjGFtKjeE','M','1920-03-16',99,4);
INSERT INTO staff_member (id,employed_since,position,salary,room) VALUES (702,'2017-01-28','Doctor',35000,13);
INSERT INTO doctor (id,speciality,emergency_hours,experience,departement_id,supervisor) VALUES (702,'General Surgeon',B'0',3,6,228);
INSERT INTO person (id,first_name,second_name,email,user_login,user_password,sex,date_of_birth,age,permission_level) VALUES (703,'Lisa','Smith','njohnson@hotmail.com','yfernandez','vWqzczcPaAtuM','F','1955-03-07',64,5);
INSERT INTO staff_member (id,employed_since,position,salary,room) VALUES (703,'2014-01-29','Lab Technician',15000,41);
INSERT INTO lab_technician (id,education_level,departement_id) VALUES (703,'Magister',8);
INSERT INTO person (id,first_name,second_name,email,user_login,user_password,sex,date_of_birth,age,permission_level) VALUES (704,'Makayla','Barnes','huynhbrianna@yahoo.com','francisnicole','VjLyVMRozABXPhy','F','1976-06-02',43,3);
INSERT INTO staff_member (id,employed_since,position,salary,room) VALUES (704,'2014-03-07','Nurse',25000,6);
INSERT INTO nurse (id,surgery_assistant,preferred_shifts,appointment_assistant,departement_id) VALUES (704,B'1','Night',B'1',3);
INSERT INTO person (id,first_name,second_name,email,user_login,user_password,sex,date_of_birth,age,permission_level) VALUES (705,'Tammy','Buck','scottdalton@hotmail.com','kenneth80','EgzAGvBeS','F','1992-11-05',27,4);
INSERT INTO staff_member (id,employed_since,position,salary,room) VALUES (705,'2017-09-11','Maintanence Worker',15000,59);
INSERT INTO maintanence_worker (id,employment_type,speciality) VALUES (705,'Full time','Electricity');
INSERT INTO person (id,first_name,second_name,email,user_login,user_password,sex,date_of_birth,age,permission_level) VALUES (706,'Julia','Sanchez','james12@gmail.com','qperez','VxpWqLDQFzwX','F','1934-03-14',85,4);
INSERT INTO staff_member (id,employed_since,position,salary,room) VALUES (706,'2019-08-02','Cook',15000,71);
INSERT INTO cook (id,experience) VALUES (706,3);
INSERT INTO person (id,first_name,second_name,email,user_login,user_password,sex,date_of_birth,age,permission_level) VALUES (707,'Brooke','Thompson','davidfoster@yahoo.com','paulperry','OnYFiXhSCTLgs','F','1960-10-26',59,3);
INSERT INTO staff_member (id,employed_since,position,salary,room) VALUES (707,'2010-10-09','Reseptionist',15000,56);
INSERT INTO reseptionist (id) VALUES (707);
INSERT INTO languages_spoken (reseptionist_id,language) VALUES (707,'TatarArabicTatarRussianEnglish');
INSERT INTO person (id,first_name,second_name,email,user_login,user_password,sex,date_of_birth,age,permission_level) VALUES (708,'Samuel','Wall','vperry@hotmail.com','igarrett','yQnoMEOohltg','M','1982-05-15',37,5);
INSERT INTO staff_member (id,employed_since,position,salary,room) VALUES (708,'2010-08-25','Nurse',25000,6);
INSERT INTO nurse (id,surgery_assistant,preferred_shifts,appointment_assistant,departement_id) VALUES (708,B'0','Night',B'0',7);
INSERT INTO person (id,first_name,second_name,email,user_login,user_password,sex,date_of_birth,age,permission_level) VALUES (709,'Robert','Hayes','sheila53@gmail.com','zacharywilliams','xbwLJsz','M','1912-06-25',107,4);
INSERT INTO staff_member (id,employed_since,position,salary,room) VALUES (709,'2019-05-26','Cook',15000,72);
INSERT INTO cook (id,experience) VALUES (709,3);
INSERT INTO person (id,first_name,second_name,email,user_login,user_password,sex,date_of_birth,age,permission_level) VALUES (710,'Thomas','Chavez','ubradley@hotmail.com','melissa39','fKUgcwxGG','M','1984-01-30',35,1);
INSERT INTO staff_member (id,employed_since,position,salary,room) VALUES (710,'2019-05-18','IT Specialist',15000,75);
INSERT INTO IT_specialist (id,support_line) VALUES (710,B'0');
INSERT INTO person (id,first_name,second_name,email,user_login,user_password,sex,date_of_birth,age,permission_level) VALUES (711,'Lisa','Baker','danielledouglas@yahoo.com','cervantescharles','yBgcpwGqpXWtTE','F','1938-08-07',81,1);
INSERT INTO staff_member (id,employed_since,position,salary,room) VALUES (711,'2019-08-16','HR',30000,64);
INSERT INTO hr (id,selection_responsibility) VALUES (711,'Interview');
INSERT INTO person (id,first_name,second_name,email,user_login,user_password,sex,date_of_birth,age,permission_level) VALUES (712,'Antonio','Lowe','andradechristopher@yahoo.com','alicia62','qvJBAUr','M','1948-06-06',71,1);
INSERT INTO staff_member (id,employed_since,position,salary,room) VALUES (712,'2011-10-16','Nurse',25000,7);
INSERT INTO nurse (id,surgery_assistant,preferred_shifts,appointment_assistant,departement_id) VALUES (712,B'0','Night',B'1',4);
INSERT INTO person (id,first_name,second_name,email,user_login,user_password,sex,date_of_birth,age,permission_level) VALUES (713,'Pamela','Copeland','jennifercampbell@yahoo.com','juan52','YWImamgvRoFQ','F','1976-10-13',43,1);
INSERT INTO patient (id) VALUES (713);
INSERT INTO patients_address (street,house,apartement) VALUES ('Randall st.','77','6');
INSERT INTO medical_history (patient_id,date) VALUES (713,'2019-10-18');
INSERT INTO person (id,first_name,second_name,email,user_login,user_password,sex,date_of_birth,age,permission_level) VALUES (714,'Brianna','Villegas','kaylanelson@hotmail.com','smiller','PTcreeKUPXy','F','1917-12-03',102,1);
INSERT INTO staff_member (id,employed_since,position,salary,room) VALUES (714,'2014-03-02','HR',30000,67);
INSERT INTO hr (id,selection_responsibility) VALUES (714,'Review');
INSERT INTO person (id,first_name,second_name,email,user_login,user_password,sex,date_of_birth,age,permission_level) VALUES (715,'Kimberly','Gentry','brandon73@yahoo.com','david59','DudZBIDHdDnn','F','1969-05-12',50,1);
INSERT INTO staff_member (id,employed_since,position,salary,room) VALUES (715,'2014-06-03','Professor',35000,38);
INSERT INTO professor (id,research_topic,surgery_participation,departement_id) VALUES (715,'Radiologist',B'1',3);
INSERT INTO person (id,first_name,second_name,email,user_login,user_password,sex,date_of_birth,age,permission_level) VALUES (716,'Jonathan','Walsh','katherinelee@yahoo.com','sanchezmatthew','NVRqFcwmyFGt','M','2000-06-11',19,1);
INSERT INTO staff_member (id,employed_since,position,salary,room) VALUES (716,'2013-08-07','Reseptionist',15000,56);
INSERT INTO reseptionist (id) VALUES (716);
INSERT INTO languages_spoken (reseptionist_id,language) VALUES (716,'RussianRussianRussianEnglishPortugues');
INSERT INTO person (id,first_name,second_name,email,user_login,user_password,sex,date_of_birth,age,permission_level) VALUES (717,'Ashley','Anderson','william91@gmail.com','vpittman','mtKQyhwSGsZ','F','1955-09-05',64,1);
INSERT INTO patient (id) VALUES (717);
INSERT INTO patients_address (street,house,apartement) VALUES ('Kimberly st.','71','8');
INSERT INTO medical_history (patient_id,date) VALUES (717,'2019-11-08');
INSERT INTO person (id,first_name,second_name,email,user_login,user_password,sex,date_of_birth,age,permission_level) VALUES (718,'Sean','Little','phillip25@hotmail.com','jcurtis','OoOXiUFO','M','1990-11-05',29,5);
INSERT INTO staff_member (id,employed_since,position,salary,room) VALUES (718,'2011-08-21','Security Team Member',10000,61);
INSERT INTO security_team_member (id,shifts,physical_test_grade) VALUES (718,'Day','D');
INSERT INTO person (id,first_name,second_name,email,user_login,user_password,sex,date_of_birth,age,permission_level) VALUES (719,'Scott','Cox','andrewferguson@gmail.com','william98','ufeGXjUvXMyKCRY','M','2013-02-25',6,4);
INSERT INTO staff_member (id,employed_since,position,salary,room) VALUES (719,'2015-07-24','Professor',35000,38);
INSERT INTO professor (id,research_topic,surgery_participation,departement_id) VALUES (719,'Emergency Medicine Specialist',B'0',2);
INSERT INTO person (id,first_name,second_name,email,user_login,user_password,sex,date_of_birth,age,permission_level) VALUES (720,'Mark','Nixon','vsmith@gmail.com','martha48','kihyFDbXkIHW','M','1907-08-30',112,2);
INSERT INTO staff_member (id,employed_since,position,salary,room) VALUES (720,'2012-08-03','Nurse',25000,10);
INSERT INTO nurse (id,surgery_assistant,preferred_shifts,appointment_assistant,departement_id) VALUES (720,B'0','Night',B'0',2);
INSERT INTO person (id,first_name,second_name,email,user_login,user_password,sex,date_of_birth,age,permission_level) VALUES (721,'Ariana','Holmes','bethcox@hotmail.com','nanderson','QGHpJco','F','1927-09-18',92,5);
INSERT INTO staff_member (id,employed_since,position,salary,room) VALUES (721,'2016-08-12','Doctor',35000,29);
INSERT INTO doctor (id,speciality,emergency_hours,experience,departement_id,supervisor) VALUES (721,'Plastic Surgeon',B'1',9,9,62);
INSERT INTO person (id,first_name,second_name,email,user_login,user_password,sex,date_of_birth,age,permission_level) VALUES (722,'Ryan','Stewart','angelajohnson@gmail.com','xmiller','QsKuHkecvOQhNb','M','1933-12-12',86,1);
INSERT INTO staff_member (id,employed_since,position,salary,room) VALUES (722,'2013-03-27','Lab Technician',15000,50);
INSERT INTO lab_technician (id,education_level,departement_id) VALUES (722,'Magister',5);
INSERT INTO person (id,first_name,second_name,email,user_login,user_password,sex,date_of_birth,age,permission_level) VALUES (723,'Melissa','Bradford','patricktorres@hotmail.com','glenn08','kNiFnsMMBFe','F','1904-11-28',115,4);
INSERT INTO staff_member (id,employed_since,position,salary,room) VALUES (723,'2012-02-16','Reseptionist',15000,56);
INSERT INTO reseptionist (id) VALUES (723);
INSERT INTO languages_spoken (reseptionist_id,language) VALUES (723,'ArabicArabicTatarEnglish');
INSERT INTO person (id,first_name,second_name,email,user_login,user_password,sex,date_of_birth,age,permission_level) VALUES (724,'Brandi','Shields','elliottmichael@gmail.com','jaredhall','ufyllHbfTUjTMf','F','1989-07-16',30,4);
INSERT INTO staff_member (id,employed_since,position,salary,room) VALUES (724,'2017-09-01','Nurse',25000,3);
INSERT INTO nurse (id,surgery_assistant,preferred_shifts,appointment_assistant,departement_id) VALUES (724,B'0','Night',B'0',6);
INSERT INTO person (id,first_name,second_name,email,user_login,user_password,sex,date_of_birth,age,permission_level) VALUES (725,'James','Matthews','kaylawilson@hotmail.com','davidsilva','ubherVfx','M','1957-08-24',62,4);
INSERT INTO staff_member (id,employed_since,position,salary,room) VALUES (725,'2019-04-11','Nurse',25000,9);
INSERT INTO nurse (id,surgery_assistant,preferred_shifts,appointment_assistant,departement_id) VALUES (725,B'1','Night',B'0',9);
INSERT INTO person (id,first_name,second_name,email,user_login,user_password,sex,date_of_birth,age,permission_level) VALUES (726,'Cody','Hendrix','johnnyking@hotmail.com','joseph77','XgpIcoXvKEEVFAc','M','1949-12-19',70,1);
INSERT INTO staff_member (id,employed_since,position,salary,room) VALUES (726,'2010-08-10','Nurse',25000,7);
INSERT INTO nurse (id,surgery_assistant,preferred_shifts,appointment_assistant,departement_id) VALUES (726,B'0','Night',B'0',8);
INSERT INTO person (id,first_name,second_name,email,user_login,user_password,sex,date_of_birth,age,permission_level) VALUES (727,'Todd','Cervantes','kristine76@gmail.com','dvaughn','KwvzcdgNv','M','2004-06-05',15,2);
INSERT INTO staff_member (id,employed_since,position,salary,room) VALUES (727,'2013-11-07','HR',30000,67);
INSERT INTO hr (id,selection_responsibility) VALUES (727,'Interview');
INSERT INTO person (id,first_name,second_name,email,user_login,user_password,sex,date_of_birth,age,permission_level) VALUES (728,'Paul','Butler','petersonelizabeth@yahoo.com','tbooker','atyGGdCp','M','1978-09-30',41,4);
INSERT INTO staff_member (id,employed_since,position,salary,room) VALUES (728,'2013-05-24','Pharmasist',20000,69);
INSERT INTO pharmasist (id,education_level,research) VALUES (728,'Magister',B'0');
INSERT INTO person (id,first_name,second_name,email,user_login,user_password,sex,date_of_birth,age,permission_level) VALUES (729,'Brenda','Cain','millerandrew@hotmail.com','yolandastewart','bzmbjlLN','F','1921-12-22',98,4);
INSERT INTO staff_member (id,employed_since,position,salary,room) VALUES (729,'2010-08-01','Professor',35000,37);
INSERT INTO professor (id,research_topic,surgery_participation,departement_id) VALUES (729,'Urologist',B'1',10);
INSERT INTO person (id,first_name,second_name,email,user_login,user_password,sex,date_of_birth,age,permission_level) VALUES (730,'Vanessa','Brooks','juliemarks@hotmail.com','paulhickman','ziIOGSQTLmM','F','1961-09-23',58,1);
INSERT INTO staff_member (id,employed_since,position,salary,room) VALUES (730,'2010-02-26','Cleaning Team Worker',10000,52);
INSERT INTO cleaning_team_worker (id,employment_type) VALUES (730,'Part time');
INSERT INTO person (id,first_name,second_name,email,user_login,user_password,sex,date_of_birth,age,permission_level) VALUES (731,'Sandra','Wilkins','tcunningham@hotmail.com','johnjones','oUlYFyKJB','F','2017-11-21',2,4);
INSERT INTO staff_member (id,employed_since,position,salary,room) VALUES (731,'2018-05-30','Professor',35000,36);
INSERT INTO professor (id,research_topic,surgery_participation,departement_id) VALUES (731,'Ophthalmologist',B'0',7);
INSERT INTO person (id,first_name,second_name,email,user_login,user_password,sex,date_of_birth,age,permission_level) VALUES (732,'Richard','Carrillo','sburgess@yahoo.com','andrea30','ZbpwEEryvsX','M','1975-06-21',44,3);
INSERT INTO staff_member (id,employed_since,position,salary,room) VALUES (732,'2011-05-13','Lab Technician',15000,44);
INSERT INTO lab_technician (id,education_level,departement_id) VALUES (732,'Bachelor',3);
INSERT INTO person (id,first_name,second_name,email,user_login,user_password,sex,date_of_birth,age,permission_level) VALUES (733,'Lisa','Wilson','rachelbest@hotmail.com','christopher24','stbeQjcjD','F','1974-03-31',45,1);
INSERT INTO staff_member (id,employed_since,position,salary,room) VALUES (733,'2016-04-23','Cleaning Team Worker',10000,51);
INSERT INTO cleaning_team_worker (id,employment_type) VALUES (733,'Part time');
INSERT INTO person (id,first_name,second_name,email,user_login,user_password,sex,date_of_birth,age,permission_level) VALUES (734,'Cheyenne','Mcdonald','tcortez@yahoo.com','kevin27','WEvbFPfVh','F','1910-10-11',109,5);
INSERT INTO staff_member (id,employed_since,position,salary,room) VALUES (734,'2010-12-14','Nurse',25000,5);
INSERT INTO nurse (id,surgery_assistant,preferred_shifts,appointment_assistant,departement_id) VALUES (734,B'1','Night',B'1',2);
INSERT INTO person (id,first_name,second_name,email,user_login,user_password,sex,date_of_birth,age,permission_level) VALUES (735,'Ashley','Kirby','onguyen@gmail.com','mistyhughes','yqSnKuzijciwb','F','1914-07-21',105,5);
INSERT INTO patient (id) VALUES (735);
INSERT INTO patients_address (street,house,apartement) VALUES ('Linda st.','100','5');
INSERT INTO medical_history (patient_id,date) VALUES (735,'2019-11-10');
INSERT INTO person (id,first_name,second_name,email,user_login,user_password,sex,date_of_birth,age,permission_level) VALUES (736,'Carlos','Frazier','hphillips@hotmail.com','schneidergary','PAsHnEsOn','M','1971-01-14',48,2);
INSERT INTO staff_member (id,employed_since,position,salary,room) VALUES (736,'2013-07-06','Lab Technician',15000,50);
INSERT INTO lab_technician (id,education_level,departement_id) VALUES (736,'Magister',4);
INSERT INTO person (id,first_name,second_name,email,user_login,user_password,sex,date_of_birth,age,permission_level) VALUES (737,'Rebecca','Wright','knoxkatherine@gmail.com','michaeledwards','uiZnXtDMNDrvIsR','F','1911-09-21',108,1);
INSERT INTO staff_member (id,employed_since,position,salary,room) VALUES (737,'2013-06-23','Priest',15000,80);
INSERT INTO priest (id,religion) VALUES (737,'Christianity');
INSERT INTO person (id,first_name,second_name,email,user_login,user_password,sex,date_of_birth,age,permission_level) VALUES (738,'Amy','Wiggins','edwardsralph@hotmail.com','mmartin','riZhymePQ','F','1952-12-11',67,2);
INSERT INTO staff_member (id,employed_since,position,salary,room) VALUES (738,'2012-06-17','Doctor',35000,13);
INSERT INTO doctor (id,speciality,emergency_hours,experience,departement_id,supervisor) VALUES (738,'Infectious Disease Specialist',B'0',2,5,66);
INSERT INTO person (id,first_name,second_name,email,user_login,user_password,sex,date_of_birth,age,permission_level) VALUES (739,'Susan','Williams','carrie91@hotmail.com','cindy73','jaQDpRX','F','1996-08-30',23,4);
INSERT INTO patient (id) VALUES (739);
INSERT INTO patients_address (street,house,apartement) VALUES ('Crystal st.','57','2');
INSERT INTO medical_history (patient_id,date) VALUES (739,'2019-11-02');
INSERT INTO person (id,first_name,second_name,email,user_login,user_password,sex,date_of_birth,age,permission_level) VALUES (740,'Javier','Greene','tmurray@hotmail.com','kelly72','EUiMcaqVp','M','1910-07-07',109,5);
INSERT INTO staff_member (id,employed_since,position,salary,room) VALUES (740,'2017-01-05','Maintanence Worker',15000,57);
INSERT INTO maintanence_worker (id,employment_type,speciality) VALUES (740,'Part time','Electricity');
INSERT INTO person (id,first_name,second_name,email,user_login,user_password,sex,date_of_birth,age,permission_level) VALUES (741,'Aaron','Ward','tylerfisher@hotmail.com','michaelevans','ayhMAZrbVNfb','M','1994-03-05',25,1);
INSERT INTO staff_member (id,employed_since,position,salary,room) VALUES (741,'2017-12-24','Professor',35000,40);
INSERT INTO professor (id,research_topic,surgery_participation,departement_id) VALUES (741,'Ophthalmologist',B'1',6);
INSERT INTO person (id,first_name,second_name,email,user_login,user_password,sex,date_of_birth,age,permission_level) VALUES (742,'Johnathan','Alexander','gregory66@hotmail.com','wbrown','eevrfzBlDf','M','1932-06-13',87,4);
INSERT INTO staff_member (id,employed_since,position,salary,room) VALUES (742,'2014-06-06','Professor',35000,40);
INSERT INTO professor (id,research_topic,surgery_participation,departement_id) VALUES (742,'Pathologist',B'1',10);
INSERT INTO person (id,first_name,second_name,email,user_login,user_password,sex,date_of_birth,age,permission_level) VALUES (743,'Crystal','Santos','cynthia80@yahoo.com','reyesjoshua','eCGFGCPCiEYw','F','2003-05-11',16,2);
INSERT INTO patient (id) VALUES (743);
INSERT INTO patients_address (street,house,apartement) VALUES ('Kathleen st.','46','3');
INSERT INTO medical_history (patient_id,date) VALUES (743,'2019-11-06');
INSERT INTO person (id,first_name,second_name,email,user_login,user_password,sex,date_of_birth,age,permission_level) VALUES (744,'Darrell','Valenzuela','underwoodmichael@yahoo.com','gloria92','qnpsOAmtYGlUT','M','1968-05-21',51,2);
INSERT INTO staff_member (id,employed_since,position,salary,room) VALUES (744,'2015-09-05','Cook',15000,71);
INSERT INTO cook (id,experience) VALUES (744,9);
INSERT INTO person (id,first_name,second_name,email,user_login,user_password,sex,date_of_birth,age,permission_level) VALUES (745,'Susan','Brewer','yvonnemurray@hotmail.com','nicholas44','oRHHuKGB','F','2011-05-14',8,5);
INSERT INTO staff_member (id,employed_since,position,salary,room) VALUES (745,'2017-02-01','Doctor',35000,30);
INSERT INTO doctor (id,speciality,emergency_hours,experience,departement_id,supervisor) VALUES (745,'Plastic Surgeon',B'1',6,4,399);
INSERT INTO person (id,first_name,second_name,email,user_login,user_password,sex,date_of_birth,age,permission_level) VALUES (746,'Brittany','Colon','lindamathews@hotmail.com','ksanders','LEcHRmj','F','1943-10-22',76,3);
INSERT INTO staff_member (id,employed_since,position,salary,room) VALUES (746,'2017-04-19','Doctor',35000,20);
INSERT INTO doctor (id,speciality,emergency_hours,experience,departement_id,supervisor) VALUES (746,'Sports Medicine Specialist',B'1',10,7,702);
INSERT INTO person (id,first_name,second_name,email,user_login,user_password,sex,date_of_birth,age,permission_level) VALUES (747,'Timothy','Ellison','brandonsharp@gmail.com','cynthiaroberts','ZIqQlbGuKgK','M','1906-12-12',113,4);
INSERT INTO patient (id) VALUES (747);
INSERT INTO patients_address (street,house,apartement) VALUES ('Andrea st.','48','1');
INSERT INTO medical_history (patient_id,date) VALUES (747,'2019-10-23');
INSERT INTO person (id,first_name,second_name,email,user_login,user_password,sex,date_of_birth,age,permission_level) VALUES (748,'Jessica','Adams','ichambers@gmail.com','duncanaustin','WRAVssDl','F','1914-11-14',105,1);
INSERT INTO staff_member (id,employed_since,position,salary,room) VALUES (748,'2016-07-02','Nurse',25000,4);
INSERT INTO nurse (id,surgery_assistant,preferred_shifts,appointment_assistant,departement_id) VALUES (748,B'1','Night',B'0',6);
INSERT INTO person (id,first_name,second_name,email,user_login,user_password,sex,date_of_birth,age,permission_level) VALUES (749,'Christopher','Jones','kennethfinley@hotmail.com','caleblee','LDYkdBQTf','M','1957-04-03',62,3);
INSERT INTO staff_member (id,employed_since,position,salary,room) VALUES (749,'2012-08-27','Nurse',25000,5);
INSERT INTO nurse (id,surgery_assistant,preferred_shifts,appointment_assistant,departement_id) VALUES (749,B'0','Day',B'1',8);
INSERT INTO person (id,first_name,second_name,email,user_login,user_password,sex,date_of_birth,age,permission_level) VALUES (750,'Joshua','Perez','williamslarry@hotmail.com','brandyevans','HynfljMJhhm','M','1925-05-25',94,1);
INSERT INTO staff_member (id,employed_since,position,salary,room) VALUES (750,'2019-07-02','Professor',35000,31);
INSERT INTO professor (id,research_topic,surgery_participation,departement_id) VALUES (750,'Internist',B'1',6);
INSERT INTO person (id,first_name,second_name,email,user_login,user_password,sex,date_of_birth,age,permission_level) VALUES (751,'Brenda','Rodriguez','trobbins@hotmail.com','haley25','fFAsiFp','F','1987-04-13',32,1);
INSERT INTO staff_member (id,employed_since,position,salary,room) VALUES (751,'2011-10-01','Maintanence Worker',15000,58);
INSERT INTO maintanence_worker (id,employment_type,speciality) VALUES (751,'Full time','Electricity');
INSERT INTO person (id,first_name,second_name,email,user_login,user_password,sex,date_of_birth,age,permission_level) VALUES (752,'Samuel','Welch','rogersrobert@yahoo.com','campbelltodd','pmXlpYgq','M','1937-02-08',82,3);
INSERT INTO staff_member (id,employed_since,position,salary,room) VALUES (752,'2011-07-13','Cleaning Team Worker',10000,54);
INSERT INTO cleaning_team_worker (id,employment_type) VALUES (752,'Full time');
INSERT INTO person (id,first_name,second_name,email,user_login,user_password,sex,date_of_birth,age,permission_level) VALUES (753,'Carla','Schaefer','webbjoshua@yahoo.com','orrkeith','zbSXTxO','F','1954-10-15',65,5);
INSERT INTO staff_member (id,employed_since,position,salary,room) VALUES (753,'2018-04-23','Security Team Member',10000,62);
INSERT INTO security_team_member (id,shifts,physical_test_grade) VALUES (753,'Night','C');
INSERT INTO person (id,first_name,second_name,email,user_login,user_password,sex,date_of_birth,age,permission_level) VALUES (754,'Margaret','Ashley','khester@yahoo.com','rebeccarussell','cNrrWaMrPjlPxq','F','2012-10-01',7,4);
INSERT INTO patient (id) VALUES (754);
INSERT INTO patients_address (street,house,apartement) VALUES ('Brittney st.','13','2');
INSERT INTO medical_history (patient_id,date) VALUES (754,'2019-11-03');
INSERT INTO person (id,first_name,second_name,email,user_login,user_password,sex,date_of_birth,age,permission_level) VALUES (755,'Adam','Dunn','tsmith@hotmail.com','osbornedavid','GhiRZtplUtyw','M','1947-08-13',72,5);
INSERT INTO staff_member (id,employed_since,position,salary,room) VALUES (755,'2015-04-04','IT Specialist',15000,76);
INSERT INTO IT_specialist (id,support_line) VALUES (755,B'1');
INSERT INTO person (id,first_name,second_name,email,user_login,user_password,sex,date_of_birth,age,permission_level) VALUES (756,'Joseph','Finley','ygarcia@yahoo.com','tammy74','mGTQAyQECjebx','M','2017-09-16',2,4);
INSERT INTO staff_member (id,employed_since,position,salary,room) VALUES (756,'2013-09-20','IT Specialist',15000,75);
INSERT INTO IT_specialist (id,support_line) VALUES (756,B'1');
INSERT INTO person (id,first_name,second_name,email,user_login,user_password,sex,date_of_birth,age,permission_level) VALUES (757,'Jean','Davis','xle@yahoo.com','taylormichele','IrRLvssGT','F','1998-02-18',21,5);
INSERT INTO staff_member (id,employed_since,position,salary,room) VALUES (757,'2016-08-17','Nurse',25000,8);
INSERT INTO nurse (id,surgery_assistant,preferred_shifts,appointment_assistant,departement_id) VALUES (757,B'1','Day',B'1',10);
INSERT INTO person (id,first_name,second_name,email,user_login,user_password,sex,date_of_birth,age,permission_level) VALUES (758,'Brian','Kelly','perkinsdavid@gmail.com','greg05','QNyoIStKnSJQzPT','M','1965-02-21',54,1);
INSERT INTO staff_member (id,employed_since,position,salary,room) VALUES (758,'2015-06-17','Lab Technician',15000,41);
INSERT INTO lab_technician (id,education_level,departement_id) VALUES (758,'Magister',5);
INSERT INTO person (id,first_name,second_name,email,user_login,user_password,sex,date_of_birth,age,permission_level) VALUES (759,'Sheryl','Abbott','adam88@yahoo.com','marissathompson','FbzHhbVsiojYcXR','F','1948-12-25',71,1);
INSERT INTO staff_member (id,employed_since,position,salary,room) VALUES (759,'2015-10-23','Professor',35000,36);
INSERT INTO professor (id,research_topic,surgery_participation,departement_id) VALUES (759,'Nephrologist',B'0',1);
INSERT INTO person (id,first_name,second_name,email,user_login,user_password,sex,date_of_birth,age,permission_level) VALUES (760,'Antonio','Lindsey','jonathan56@hotmail.com','owilson','joGxAfZLZIcKS','M','1966-01-09',53,5);
INSERT INTO patient (id) VALUES (760);
INSERT INTO patients_address (street,house,apartement) VALUES ('Brad st.','27','3');
INSERT INTO medical_history (patient_id,date) VALUES (760,'2019-11-01');
INSERT INTO person (id,first_name,second_name,email,user_login,user_password,sex,date_of_birth,age,permission_level) VALUES (761,'Kelly','Perry','joeflynn@yahoo.com','emily22','bgtkQVFKeZe','F','1914-04-15',105,3);
INSERT INTO patient (id) VALUES (761);
INSERT INTO patients_address (street,house,apartement) VALUES ('Karen st.','49','2');
INSERT INTO medical_history (patient_id,date) VALUES (761,'2019-11-09');
INSERT INTO person (id,first_name,second_name,email,user_login,user_password,sex,date_of_birth,age,permission_level) VALUES (762,'Nicholas','Hill','austincampbell@yahoo.com','kbates','sETDNhLtpoJMY','M','2002-10-09',17,1);
INSERT INTO staff_member (id,employed_since,position,salary,room) VALUES (762,'2014-02-05','Priest',15000,80);
INSERT INTO priest (id,religion) VALUES (762,'Judaism');
INSERT INTO person (id,first_name,second_name,email,user_login,user_password,sex,date_of_birth,age,permission_level) VALUES (763,'Christopher','Calderon','hornejames@gmail.com','susan94','CQFrPKlXqK','M','2002-10-28',17,2);
INSERT INTO staff_member (id,employed_since,position,salary,room) VALUES (763,'2014-04-04','Nurse',25000,6);
INSERT INTO nurse (id,surgery_assistant,preferred_shifts,appointment_assistant,departement_id) VALUES (763,B'0','Night',B'0',2);
INSERT INTO person (id,first_name,second_name,email,user_login,user_password,sex,date_of_birth,age,permission_level) VALUES (764,'Jessica','Sullivan','patrick32@hotmail.com','zberg','NacGsZxV','F','1955-02-12',64,4);
INSERT INTO staff_member (id,employed_since,position,salary,room) VALUES (764,'2017-12-02','Professor',35000,40);
INSERT INTO professor (id,research_topic,surgery_participation,departement_id) VALUES (764,'Pediatrician',B'1',1);
INSERT INTO person (id,first_name,second_name,email,user_login,user_password,sex,date_of_birth,age,permission_level) VALUES (765,'Sarah','King','todd35@gmail.com','amanda34','vNnOVHUKyqAru','F','2006-06-04',13,3);
INSERT INTO staff_member (id,employed_since,position,salary,room) VALUES (765,'2010-10-03','Cook',15000,72);
INSERT INTO cook (id,experience) VALUES (765,8);
INSERT INTO person (id,first_name,second_name,email,user_login,user_password,sex,date_of_birth,age,permission_level) VALUES (766,'Jason','Irwin','burnettjessica@gmail.com','mariahudson','shFKxwcvgrSWa','M','1905-03-22',114,3);
INSERT INTO staff_member (id,employed_since,position,salary,room) VALUES (766,'2019-08-25','Cleaning Team Worker',10000,54);
INSERT INTO cleaning_team_worker (id,employment_type) VALUES (766,'Part time');
INSERT INTO person (id,first_name,second_name,email,user_login,user_password,sex,date_of_birth,age,permission_level) VALUES (767,'Carrie','Alvarado','davisjohn@yahoo.com','gmathews','ECIDwoEhQqIgH','F','1946-02-25',73,3);
INSERT INTO patient (id) VALUES (767);
INSERT INTO patients_address (street,house,apartement) VALUES ('Alexandra st.','55','6');
INSERT INTO medical_history (patient_id,date) VALUES (767,'2019-11-23');
INSERT INTO person (id,first_name,second_name,email,user_login,user_password,sex,date_of_birth,age,permission_level) VALUES (768,'Dawn','Wu','bryan55@yahoo.com','vincentalexandria','wINwGdtwRbv','F','1931-06-20',88,3);
INSERT INTO staff_member (id,employed_since,position,salary,room) VALUES (768,'2017-03-09','Maintanence Worker',15000,59);
INSERT INTO maintanence_worker (id,employment_type,speciality) VALUES (768,'Full time','Hardware');
INSERT INTO person (id,first_name,second_name,email,user_login,user_password,sex,date_of_birth,age,permission_level) VALUES (769,'Tyler','Rogers','richardsmichael@yahoo.com','matthewsmary','ycypOdzqAv','M','1925-06-05',94,1);
INSERT INTO staff_member (id,employed_since,position,salary,room) VALUES (769,'2014-01-02','Doctor',35000,22);
INSERT INTO doctor (id,speciality,emergency_hours,experience,departement_id,supervisor) VALUES (769,'Medicine Specialist',B'0',4,9,319);
INSERT INTO person (id,first_name,second_name,email,user_login,user_password,sex,date_of_birth,age,permission_level) VALUES (770,'Terry','Roy','karenrobinson@hotmail.com','dwalker','XZIIPJmMTY','M','2011-11-17',8,4);
INSERT INTO staff_member (id,employed_since,position,salary,room) VALUES (770,'2017-12-08','Doctor',35000,15);
INSERT INTO doctor (id,speciality,emergency_hours,experience,departement_id,supervisor) VALUES (770,'Cardiologist',B'0',1,2,164);
INSERT INTO person (id,first_name,second_name,email,user_login,user_password,sex,date_of_birth,age,permission_level) VALUES (771,'Eric','Barnes','jessica93@yahoo.com','jonesanthony','uHorCXaURUkh','M','1934-03-06',85,5);
INSERT INTO staff_member (id,employed_since,position,salary,room) VALUES (771,'2011-11-20','Nurse',25000,8);
INSERT INTO nurse (id,surgery_assistant,preferred_shifts,appointment_assistant,departement_id) VALUES (771,B'1','Night',B'1',2);
INSERT INTO person (id,first_name,second_name,email,user_login,user_password,sex,date_of_birth,age,permission_level) VALUES (772,'Howard','Snyder','randycole@gmail.com','leeballard','WDhogerlVFH','M','1912-11-06',107,1);
INSERT INTO staff_member (id,employed_since,position,salary,room) VALUES (772,'2010-05-30','Nurse',25000,3);
INSERT INTO nurse (id,surgery_assistant,preferred_shifts,appointment_assistant,departement_id) VALUES (772,B'1','Day',B'1',9);
INSERT INTO person (id,first_name,second_name,email,user_login,user_password,sex,date_of_birth,age,permission_level) VALUES (773,'Thomas','Morgan','raymondortiz@hotmail.com','karl79','gBjQONKsmwe','M','1906-01-02',113,4);
INSERT INTO patient (id) VALUES (773);
INSERT INTO patients_address (street,house,apartement) VALUES ('Keith st.','82','1');
INSERT INTO medical_history (patient_id,date) VALUES (773,'2019-10-24');
INSERT INTO person (id,first_name,second_name,email,user_login,user_password,sex,date_of_birth,age,permission_level) VALUES (774,'Carl','Figueroa','marcuspatterson@yahoo.com','chris05','tZAShlzquEd','M','1926-01-14',93,3);
INSERT INTO staff_member (id,employed_since,position,salary,room) VALUES (774,'2019-06-13','Nurse',25000,5);
INSERT INTO nurse (id,surgery_assistant,preferred_shifts,appointment_assistant,departement_id) VALUES (774,B'1','Day',B'1',4);
INSERT INTO person (id,first_name,second_name,email,user_login,user_password,sex,date_of_birth,age,permission_level) VALUES (775,'Joshua','Goodwin','ymitchell@yahoo.com','nicholsbeth','KsSHhvCE','M','1935-05-13',84,3);
INSERT INTO staff_member (id,employed_since,position,salary,room) VALUES (775,'2017-01-04','Maintanence Worker',15000,57);
INSERT INTO maintanence_worker (id,employment_type,speciality) VALUES (775,'Full time','Furniture');
INSERT INTO person (id,first_name,second_name,email,user_login,user_password,sex,date_of_birth,age,permission_level) VALUES (776,'Laura','Tate','vwalton@yahoo.com','pbrown','fgciUtegSkfEH','F','1909-07-23',110,4);
INSERT INTO staff_member (id,employed_since,position,salary,room) VALUES (776,'2015-05-26','Reseptionist',15000,56);
INSERT INTO reseptionist (id) VALUES (776);
INSERT INTO languages_spoken (reseptionist_id,language) VALUES (776,'PortuguesItalianItalian');
INSERT INTO person (id,first_name,second_name,email,user_login,user_password,sex,date_of_birth,age,permission_level) VALUES (777,'Dawn','Boyer','ronaldreid@yahoo.com','lenglish','HLMLEcnmOYyFp','F','2016-11-04',3,5);
INSERT INTO staff_member (id,employed_since,position,salary,room) VALUES (777,'2014-05-08','Reseptionist',15000,56);
INSERT INTO reseptionist (id) VALUES (777);
INSERT INTO languages_spoken (reseptionist_id,language) VALUES (777,'EnglishItalian');
INSERT INTO person (id,first_name,second_name,email,user_login,user_password,sex,date_of_birth,age,permission_level) VALUES (778,'Barbara','Morales','sallylane@gmail.com','kellykara','uvIajdkz','F','1972-09-19',47,4);
INSERT INTO staff_member (id,employed_since,position,salary,room) VALUES (778,'2012-04-17','Lab Technician',15000,50);
INSERT INTO lab_technician (id,education_level,departement_id) VALUES (778,'Magister',9);
INSERT INTO person (id,first_name,second_name,email,user_login,user_password,sex,date_of_birth,age,permission_level) VALUES (779,'Katherine','Warren','clarkrichard@gmail.com','rose04','kmSliZPwnkiydz','F','1963-08-15',56,2);
INSERT INTO staff_member (id,employed_since,position,salary,room) VALUES (779,'2011-04-15','Maintanence Worker',15000,59);
INSERT INTO maintanence_worker (id,employment_type,speciality) VALUES (779,'Part time','Hardware');
INSERT INTO person (id,first_name,second_name,email,user_login,user_password,sex,date_of_birth,age,permission_level) VALUES (780,'Rebecca','Mcdonald','masseyyolanda@hotmail.com','tgoodman','buwuemxCFuiENC','F','1960-12-10',59,3);
INSERT INTO staff_member (id,employed_since,position,salary,room) VALUES (780,'2015-03-22','Professor',35000,34);
INSERT INTO professor (id,research_topic,surgery_participation,departement_id) VALUES (780,'Colon Surgeon',B'0',10);
INSERT INTO person (id,first_name,second_name,email,user_login,user_password,sex,date_of_birth,age,permission_level) VALUES (781,'Destiny','Hernandez','cmartinez@gmail.com','sheilawilliams','UhweeOQcT','F','1919-08-13',100,1);
INSERT INTO staff_member (id,employed_since,position,salary,room) VALUES (781,'2012-08-10','Maintanence Worker',15000,60);
INSERT INTO maintanence_worker (id,employment_type,speciality) VALUES (781,'Part time','Machines');
INSERT INTO person (id,first_name,second_name,email,user_login,user_password,sex,date_of_birth,age,permission_level) VALUES (782,'Elizabeth','Webb','matthew46@hotmail.com','wendy68','IOgyTym','F','1985-05-30',34,2);
INSERT INTO staff_member (id,employed_since,position,salary,room) VALUES (782,'2010-06-21','Doctor',35000,20);
INSERT INTO doctor (id,speciality,emergency_hours,experience,departement_id,supervisor) VALUES (782,'Emergency Medicine Specialist',B'1',6,4,544);
INSERT INTO person (id,first_name,second_name,email,user_login,user_password,sex,date_of_birth,age,permission_level) VALUES (783,'Jeffrey','Ellis','lee44@hotmail.com','triciasmith','sGhejEDgBdGosuo','M','1986-06-13',33,2);
INSERT INTO staff_member (id,employed_since,position,salary,room) VALUES (783,'2017-02-01','Doctor',35000,28);
INSERT INTO doctor (id,speciality,emergency_hours,experience,departement_id,supervisor) VALUES (783,'Hematologist',B'0',6,9,3);
INSERT INTO person (id,first_name,second_name,email,user_login,user_password,sex,date_of_birth,age,permission_level) VALUES (784,'Connie','Smith','oyoder@hotmail.com','ahoward','WPFbxYwOA','F','1970-07-17',49,2);
INSERT INTO staff_member (id,employed_since,position,salary,room) VALUES (784,'2013-10-05','Doctor',35000,14);
INSERT INTO doctor (id,speciality,emergency_hours,experience,departement_id,supervisor) VALUES (784,'Emergency Medicine Specialist',B'1',6,6,540);
INSERT INTO person (id,first_name,second_name,email,user_login,user_password,sex,date_of_birth,age,permission_level) VALUES (785,'Jose','Hughes','jessicatucker@hotmail.com','marissa18','YJKVTGJjBypNsx','M','1917-08-25',102,2);
INSERT INTO staff_member (id,employed_since,position,salary,room) VALUES (785,'2019-03-10','Nurse',25000,3);
INSERT INTO nurse (id,surgery_assistant,preferred_shifts,appointment_assistant,departement_id) VALUES (785,B'0','Day',B'0',4);
INSERT INTO person (id,first_name,second_name,email,user_login,user_password,sex,date_of_birth,age,permission_level) VALUES (786,'Ryan','Blair','moodyjoanna@hotmail.com','sullivanheather','OArIWRRg','M','1912-05-24',107,2);
INSERT INTO staff_member (id,employed_since,position,salary,room) VALUES (786,'2011-06-23','Professor',35000,38);
INSERT INTO professor (id,research_topic,surgery_participation,departement_id) VALUES (786,'Allergist',B'0',8);
INSERT INTO person (id,first_name,second_name,email,user_login,user_password,sex,date_of_birth,age,permission_level) VALUES (787,'Maria','Sanchez','wbradford@yahoo.com','angelacox','kiUJnXwo','F','1989-01-30',30,2);
INSERT INTO staff_member (id,employed_since,position,salary,room) VALUES (787,'2012-03-19','Doctor',35000,17);
INSERT INTO doctor (id,speciality,emergency_hours,experience,departement_id,supervisor) VALUES (787,'Nephrologist',B'1',8,9,363);
INSERT INTO person (id,first_name,second_name,email,user_login,user_password,sex,date_of_birth,age,permission_level) VALUES (788,'Rebecca','Cook','dillonian@yahoo.com','earlyu','zHGTzhXtomqPu','F','1952-07-19',67,3);
INSERT INTO staff_member (id,employed_since,position,salary,room) VALUES (788,'2014-09-24','Pharmasist',20000,69);
INSERT INTO pharmasist (id,education_level,research) VALUES (788,'Postgraduate',B'1');
INSERT INTO person (id,first_name,second_name,email,user_login,user_password,sex,date_of_birth,age,permission_level) VALUES (789,'Adam','Jimenez','hnguyen@gmail.com','griffithamy','cemfbNQw','M','2015-12-02',4,1);
INSERT INTO staff_member (id,employed_since,position,salary,room) VALUES (789,'2019-06-28','Nurse',25000,10);
INSERT INTO nurse (id,surgery_assistant,preferred_shifts,appointment_assistant,departement_id) VALUES (789,B'1','Day',B'1',7);
INSERT INTO person (id,first_name,second_name,email,user_login,user_password,sex,date_of_birth,age,permission_level) VALUES (790,'Melissa','Jones','chavezkathryn@yahoo.com','melinda52','ethydBJz','F','1976-05-21',43,5);
INSERT INTO staff_member (id,employed_since,position,salary,room) VALUES (790,'2017-04-27','Lab Technician',15000,45);
INSERT INTO lab_technician (id,education_level,departement_id) VALUES (790,'Magister',5);
INSERT INTO person (id,first_name,second_name,email,user_login,user_password,sex,date_of_birth,age,permission_level) VALUES (791,'Tammy','Ward','jason84@hotmail.com','ibates','ztWMfRKlQojHkc','F','2011-07-06',8,5);
INSERT INTO patient (id) VALUES (791);
INSERT INTO patients_address (street,house,apartement) VALUES ('Derek st.','75','4');
INSERT INTO medical_history (patient_id,date) VALUES (791,'2019-11-22');
INSERT INTO person (id,first_name,second_name,email,user_login,user_password,sex,date_of_birth,age,permission_level) VALUES (792,'Shannon','Klein','doylekenneth@gmail.com','david53','PKYZZKn','F','1998-09-06',21,5);
INSERT INTO staff_member (id,employed_since,position,salary,room) VALUES (792,'2016-07-12','Reseptionist',15000,56);
INSERT INTO reseptionist (id) VALUES (792);
INSERT INTO languages_spoken (reseptionist_id,language) VALUES (792,'EnglishEnglish');
INSERT INTO person (id,first_name,second_name,email,user_login,user_password,sex,date_of_birth,age,permission_level) VALUES (793,'Kenneth','Welch','juliasanchez@yahoo.com','dgraham','jGUDrqCoSeF','M','1964-09-07',55,5);
INSERT INTO staff_member (id,employed_since,position,salary,room) VALUES (793,'2015-02-17','Reseptionist',15000,56);
INSERT INTO reseptionist (id) VALUES (793);
INSERT INTO languages_spoken (reseptionist_id,language) VALUES (793,'RussianEnglishPortugues');
INSERT INTO person (id,first_name,second_name,email,user_login,user_password,sex,date_of_birth,age,permission_level) VALUES (794,'Sandra','Ferguson','paul46@yahoo.com','wjohnson','SMKaZTfsjNGFWl','F','2004-10-02',15,4);
INSERT INTO staff_member (id,employed_since,position,salary,room) VALUES (794,'2012-12-09','Nurse',25000,4);
INSERT INTO nurse (id,surgery_assistant,preferred_shifts,appointment_assistant,departement_id) VALUES (794,B'0','Night',B'1',7);
INSERT INTO person (id,first_name,second_name,email,user_login,user_password,sex,date_of_birth,age,permission_level) VALUES (795,'Ashley','Scott','nathanielwilkerson@yahoo.com','jreid','HFVvMyOWrHRoP','F','1970-10-03',49,2);
INSERT INTO staff_member (id,employed_since,position,salary,room) VALUES (795,'2013-08-07','Professor',35000,35);
INSERT INTO professor (id,research_topic,surgery_participation,departement_id) VALUES (795,'Pediatrician',B'0',6);
INSERT INTO person (id,first_name,second_name,email,user_login,user_password,sex,date_of_birth,age,permission_level) VALUES (796,'Caleb','Patterson','lindsey19@hotmail.com','shelby13','JwRtikIdL','M','1948-05-09',71,5);
INSERT INTO staff_member (id,employed_since,position,salary,room) VALUES (796,'2013-09-16','Nurse',25000,9);
INSERT INTO nurse (id,surgery_assistant,preferred_shifts,appointment_assistant,departement_id) VALUES (796,B'1','Night',B'1',7);
INSERT INTO person (id,first_name,second_name,email,user_login,user_password,sex,date_of_birth,age,permission_level) VALUES (797,'Andres','White','natalie49@yahoo.com','alankim','MtGisRbZ','M','1918-01-29',101,3);
INSERT INTO staff_member (id,employed_since,position,salary,room) VALUES (797,'2011-10-10','Nurse',25000,8);
INSERT INTO nurse (id,surgery_assistant,preferred_shifts,appointment_assistant,departement_id) VALUES (797,B'1','Day',B'1',2);
INSERT INTO person (id,first_name,second_name,email,user_login,user_password,sex,date_of_birth,age,permission_level) VALUES (798,'Dana','Hughes','thomasrobinson@gmail.com','melissajones','ntFsIArSQyVpUd','F','2012-04-25',7,5);
INSERT INTO staff_member (id,employed_since,position,salary,room) VALUES (798,'2019-03-23','Nurse',25000,8);
INSERT INTO nurse (id,surgery_assistant,preferred_shifts,appointment_assistant,departement_id) VALUES (798,B'1','Night',B'1',4);
INSERT INTO person (id,first_name,second_name,email,user_login,user_password,sex,date_of_birth,age,permission_level) VALUES (799,'Anthony','Moody','tammy99@yahoo.com','ukaufman','FHBecvSW','M','1974-04-04',45,3);
INSERT INTO staff_member (id,employed_since,position,salary,room) VALUES (799,'2016-09-26','Nurse',25000,10);
INSERT INTO nurse (id,surgery_assistant,preferred_shifts,appointment_assistant,departement_id) VALUES (799,B'0','Day',B'0',4);
INSERT INTO person (id,first_name,second_name,email,user_login,user_password,sex,date_of_birth,age,permission_level) VALUES (800,'Jenny','Jones','kimberly60@gmail.com','tannerking','rQrwbnPudue','F','2005-01-16',14,5);
INSERT INTO staff_member (id,employed_since,position,salary,room) VALUES (800,'2019-11-20','Doctor',35000,12);
INSERT INTO doctor (id,speciality,emergency_hours,experience,departement_id,supervisor) VALUES (800,'Dermatologist',B'0',6,1,126);
INSERT INTO person (id,first_name,second_name,email,user_login,user_password,sex,date_of_birth,age,permission_level) VALUES (801,'Dr.','Tiffany','kingedward@gmail.com','harperchristy','CJFLSCt','F','1956-09-04',63,1);
INSERT INTO staff_member (id,employed_since,position,salary,room) VALUES (801,'2017-03-26','Maintanence Worker',15000,60);
INSERT INTO maintanence_worker (id,employment_type,speciality) VALUES (801,'Part time','Hardware');
INSERT INTO person (id,first_name,second_name,email,user_login,user_password,sex,date_of_birth,age,permission_level) VALUES (802,'Laura','Baker','kenneth01@yahoo.com','mhernandez','onFymaq','F','1953-05-20',66,5);
INSERT INTO patient (id) VALUES (802);
INSERT INTO patients_address (street,house,apartement) VALUES ('Xavier st.','67','1');
INSERT INTO medical_history (patient_id,date) VALUES (802,'2019-11-13');
INSERT INTO person (id,first_name,second_name,email,user_login,user_password,sex,date_of_birth,age,permission_level) VALUES (803,'Derek','Gonzalez','austinpeck@gmail.com','omoore','fpcXFLPLMq','M','1991-05-28',28,5);
INSERT INTO staff_member (id,employed_since,position,salary,room) VALUES (803,'2019-02-22','Reseptionist',15000,56);
INSERT INTO reseptionist (id) VALUES (803);
INSERT INTO languages_spoken (reseptionist_id,language) VALUES (803,'ItalianArabicItalianArabic');
INSERT INTO person (id,first_name,second_name,email,user_login,user_password,sex,date_of_birth,age,permission_level) VALUES (804,'Tanya','Williams','dustinhayes@hotmail.com','tyler47','DkenNZxLgP','F','1975-11-05',44,4);
INSERT INTO staff_member (id,employed_since,position,salary,room) VALUES (804,'2016-11-03','Cleaning Team Worker',10000,51);
INSERT INTO cleaning_team_worker (id,employment_type) VALUES (804,'Part time');
INSERT INTO person (id,first_name,second_name,email,user_login,user_password,sex,date_of_birth,age,permission_level) VALUES (805,'Richard','Soto','taylormaria@gmail.com','phillip07','zFMCoEmQV','M','2004-07-25',15,1);
INSERT INTO staff_member (id,employed_since,position,salary,room) VALUES (805,'2017-07-18','IT Specialist',15000,75);
INSERT INTO IT_specialist (id,support_line) VALUES (805,B'0');
INSERT INTO person (id,first_name,second_name,email,user_login,user_password,sex,date_of_birth,age,permission_level) VALUES (806,'Christina','Hernandez','chawkins@hotmail.com','nicole40','cNOuovFQBZGsNg','F','1937-07-28',82,4);
INSERT INTO staff_member (id,employed_since,position,salary,room) VALUES (806,'2010-06-09','Doctor',35000,23);
INSERT INTO doctor (id,speciality,emergency_hours,experience,departement_id,supervisor) VALUES (806,'Pediatrician',B'1',1,3,284);
INSERT INTO person (id,first_name,second_name,email,user_login,user_password,sex,date_of_birth,age,permission_level) VALUES (807,'Lisa','Nichols','miguelbrown@gmail.com','bethmurphy','LAneELMxI','F','1974-09-01',45,5);
INSERT INTO staff_member (id,employed_since,position,salary,room) VALUES (807,'2013-07-30','Nurse',25000,6);
INSERT INTO nurse (id,surgery_assistant,preferred_shifts,appointment_assistant,departement_id) VALUES (807,B'0','Day',B'0',4);
INSERT INTO person (id,first_name,second_name,email,user_login,user_password,sex,date_of_birth,age,permission_level) VALUES (808,'Stacy','Wright','rodneyperry@yahoo.com','leeaaron','itajjiqhRR','F','1945-01-15',74,4);
INSERT INTO staff_member (id,employed_since,position,salary,room) VALUES (808,'2019-07-12','Nurse',25000,4);
INSERT INTO nurse (id,surgery_assistant,preferred_shifts,appointment_assistant,departement_id) VALUES (808,B'1','Day',B'1',8);
INSERT INTO person (id,first_name,second_name,email,user_login,user_password,sex,date_of_birth,age,permission_level) VALUES (809,'Mary','Page','ghill@yahoo.com','jamessimmons','FsjoamPzYGWfD','F','1971-08-16',48,5);
INSERT INTO staff_member (id,employed_since,position,salary,room) VALUES (809,'2014-08-01','Professor',35000,34);
INSERT INTO professor (id,research_topic,surgery_participation,departement_id) VALUES (809,'Physiatrist',B'1',4);
INSERT INTO person (id,first_name,second_name,email,user_login,user_password,sex,date_of_birth,age,permission_level) VALUES (810,'Teresa','Christensen','sarahwalters@hotmail.com','carrielee','FaStSCeSM','F','1946-02-20',73,3);
INSERT INTO patient (id) VALUES (810);
INSERT INTO patients_address (street,house,apartement) VALUES ('Carla st.','78','4');
INSERT INTO medical_history (patient_id,date) VALUES (810,'2019-10-17');
INSERT INTO person (id,first_name,second_name,email,user_login,user_password,sex,date_of_birth,age,permission_level) VALUES (811,'Tim','Faulkner','michelle61@gmail.com','stevensnatalie','FCeEuGN','M','1934-02-12',85,3);
INSERT INTO staff_member (id,employed_since,position,salary,room) VALUES (811,'2013-04-02','Cleaning Team Worker',10000,51);
INSERT INTO cleaning_team_worker (id,employment_type) VALUES (811,'Full time');
INSERT INTO person (id,first_name,second_name,email,user_login,user_password,sex,date_of_birth,age,permission_level) VALUES (812,'Rick','Lawrence','brittany78@hotmail.com','mcdonaldjohn','WBfghlCYafm','M','2005-10-07',14,4);
INSERT INTO staff_member (id,employed_since,position,salary,room) VALUES (812,'2015-06-29','Nurse',25000,8);
INSERT INTO nurse (id,surgery_assistant,preferred_shifts,appointment_assistant,departement_id) VALUES (812,B'0','Night',B'0',10);
INSERT INTO person (id,first_name,second_name,email,user_login,user_password,sex,date_of_birth,age,permission_level) VALUES (813,'Nathan','Smith','michelleyork@hotmail.com','carmenwong','xfhoHCJNgGukwb','M','1961-06-14',58,2);
INSERT INTO staff_member (id,employed_since,position,salary,room) VALUES (813,'2013-07-02','Maintanence Worker',15000,58);
INSERT INTO maintanence_worker (id,employment_type,speciality) VALUES (813,'Part time','Hardware');
INSERT INTO person (id,first_name,second_name,email,user_login,user_password,sex,date_of_birth,age,permission_level) VALUES (814,'Courtney','Brooks','emontgomery@gmail.com','fsandoval','sPjSXuiILY','F','1932-11-21',87,1);
INSERT INTO staff_member (id,employed_since,position,salary,room) VALUES (814,'2015-05-24','Cook',15000,73);
INSERT INTO cook (id,experience) VALUES (814,1);
INSERT INTO person (id,first_name,second_name,email,user_login,user_password,sex,date_of_birth,age,permission_level) VALUES (815,'Trevor','Jones','wrightcaitlin@hotmail.com','cbarber','krjnMVHQ','M','2012-07-19',7,3);
INSERT INTO patient (id) VALUES (815);
INSERT INTO patients_address (street,house,apartement) VALUES ('Nicholas st.','91','4');
INSERT INTO medical_history (patient_id,date) VALUES (815,'2019-11-15');
INSERT INTO person (id,first_name,second_name,email,user_login,user_password,sex,date_of_birth,age,permission_level) VALUES (816,'Angelica','Neal','matthew38@hotmail.com','jeanette74','kQyvUOFXrrCTs','F','1989-11-10',30,2);
INSERT INTO staff_member (id,employed_since,position,salary,room) VALUES (816,'2016-01-07','Priest',15000,78);
INSERT INTO priest (id,religion) VALUES (816,'Islam');
INSERT INTO person (id,first_name,second_name,email,user_login,user_password,sex,date_of_birth,age,permission_level) VALUES (817,'Christopher','Osborn','greenbelinda@yahoo.com','alexis59','TrfLssGN','M','1974-04-05',45,1);
INSERT INTO staff_member (id,employed_since,position,salary,room) VALUES (817,'2017-12-31','Security Team Member',10000,63);
INSERT INTO security_team_member (id,shifts,physical_test_grade) VALUES (817,'Night','A');
INSERT INTO person (id,first_name,second_name,email,user_login,user_password,sex,date_of_birth,age,permission_level) VALUES (818,'Paul','Davis','antonio70@gmail.com','wheelerlauren','ZoeykKyDCRj','M','1947-04-24',72,5);
INSERT INTO staff_member (id,employed_since,position,salary,room) VALUES (818,'2013-05-30','Cleaning Team Worker',10000,55);
INSERT INTO cleaning_team_worker (id,employment_type) VALUES (818,'Part time');
INSERT INTO person (id,first_name,second_name,email,user_login,user_password,sex,date_of_birth,age,permission_level) VALUES (819,'Tiffany','Brown','wmorris@hotmail.com','jhardy','trLhjVgVHxrREL','F','1972-03-21',47,2);
INSERT INTO staff_member (id,employed_since,position,salary,room) VALUES (819,'2013-08-04','IT Specialist',15000,76);
INSERT INTO IT_specialist (id,support_line) VALUES (819,B'1');
INSERT INTO person (id,first_name,second_name,email,user_login,user_password,sex,date_of_birth,age,permission_level) VALUES (820,'Rachel','Garza','elizabeth43@hotmail.com','lindahines','dPVMwulBvZqn','F','1946-08-18',73,5);
INSERT INTO staff_member (id,employed_since,position,salary,room) VALUES (820,'2019-08-14','Cleaning Team Worker',10000,55);
INSERT INTO cleaning_team_worker (id,employment_type) VALUES (820,'Full time');
INSERT INTO person (id,first_name,second_name,email,user_login,user_password,sex,date_of_birth,age,permission_level) VALUES (821,'John','Pearson','obailey@hotmail.com','gabriella51','JBEZdNhf','M','1937-06-24',82,3);
INSERT INTO staff_member (id,employed_since,position,salary,room) VALUES (821,'2017-05-02','Doctor',35000,27);
INSERT INTO doctor (id,speciality,emergency_hours,experience,departement_id,supervisor) VALUES (821,'Critical Care Medicine Specialist',B'1',6,5,770);
INSERT INTO person (id,first_name,second_name,email,user_login,user_password,sex,date_of_birth,age,permission_level) VALUES (822,'Yolanda','Cardenas','jessica50@yahoo.com','amoore','rmjrGSbGa','F','2005-08-10',14,3);
INSERT INTO staff_member (id,employed_since,position,salary,room) VALUES (822,'2014-06-15','Maintanence Worker',15000,59);
INSERT INTO maintanence_worker (id,employment_type,speciality) VALUES (822,'Part time','Electricity');
INSERT INTO person (id,first_name,second_name,email,user_login,user_password,sex,date_of_birth,age,permission_level) VALUES (823,'James','Brooks','shaun71@hotmail.com','mdavis','oGwvYpOd','M','1928-08-07',91,3);
INSERT INTO patient (id) VALUES (823);
INSERT INTO patients_address (street,house,apartement) VALUES ('Aaron st.','62','2');
INSERT INTO medical_history (patient_id,date) VALUES (823,'2019-11-17');
INSERT INTO person (id,first_name,second_name,email,user_login,user_password,sex,date_of_birth,age,permission_level) VALUES (824,'Carl','Gibson','danielsedward@gmail.com','perrylindsay','ZDoudCBthnm','M','1979-07-29',40,5);
INSERT INTO staff_member (id,employed_since,position,salary,room) VALUES (824,'2017-06-24','Lab Technician',15000,42);
INSERT INTO lab_technician (id,education_level,departement_id) VALUES (824,'Bachelor',1);
INSERT INTO person (id,first_name,second_name,email,user_login,user_password,sex,date_of_birth,age,permission_level) VALUES (825,'Tiffany','Dominguez','lesliebryant@gmail.com','kennethlewis','TBQQiYoYMNUI','F','2018-09-16',1,1);
INSERT INTO staff_member (id,employed_since,position,salary,room) VALUES (825,'2010-03-11','Doctor',35000,24);
INSERT INTO doctor (id,speciality,emergency_hours,experience,departement_id,supervisor) VALUES (825,'Gastroenterologist',B'0',3,7,821);
INSERT INTO person (id,first_name,second_name,email,user_login,user_password,sex,date_of_birth,age,permission_level) VALUES (826,'Derek','Clay','tshepherd@hotmail.com','sancheznathan','RuLnbyawotJh','M','1986-09-19',33,3);
INSERT INTO patient (id) VALUES (826);
INSERT INTO patients_address (street,house,apartement) VALUES ('Cynthia st.','56','3');
INSERT INTO medical_history (patient_id,date) VALUES (826,'2019-11-11');
INSERT INTO person (id,first_name,second_name,email,user_login,user_password,sex,date_of_birth,age,permission_level) VALUES (827,'Dr.','Gabriel','robinriley@gmail.com','khunter','svdfClyfpjh','M','1936-05-13',83,3);
INSERT INTO staff_member (id,employed_since,position,salary,room) VALUES (827,'2012-01-15','Security Team Member',10000,61);
INSERT INTO security_team_member (id,shifts,physical_test_grade) VALUES (827,'Day','D');
INSERT INTO person (id,first_name,second_name,email,user_login,user_password,sex,date_of_birth,age,permission_level) VALUES (828,'Justin','Hamilton','kerrwilliam@yahoo.com','dustin29','eosTQvK','M','1995-11-27',24,2);
INSERT INTO staff_member (id,employed_since,position,salary,room) VALUES (828,'2011-11-10','Professor',35000,40);
INSERT INTO professor (id,research_topic,surgery_participation,departement_id) VALUES (828,'Plastic Surgeon',B'1',10);
INSERT INTO person (id,first_name,second_name,email,user_login,user_password,sex,date_of_birth,age,permission_level) VALUES (829,'Sherri','Powell','ojones@hotmail.com','freemansarah','waZjXCKJYia','F','1961-02-24',58,5);
INSERT INTO staff_member (id,employed_since,position,salary,room) VALUES (829,'2017-12-05','Professor',35000,35);
INSERT INTO professor (id,research_topic,surgery_participation,departement_id) VALUES (829,'General Surgeon',B'0',10);
INSERT INTO person (id,first_name,second_name,email,user_login,user_password,sex,date_of_birth,age,permission_level) VALUES (830,'Allen','Miller','michael38@yahoo.com','gwilliams','FyhRPhSU','M','1985-08-18',34,1);
INSERT INTO staff_member (id,employed_since,position,salary,room) VALUES (830,'2016-10-01','Reseptionist',15000,56);
INSERT INTO reseptionist (id) VALUES (830);
INSERT INTO languages_spoken (reseptionist_id,language) VALUES (830,'ArabicRussianEnglish');
INSERT INTO person (id,first_name,second_name,email,user_login,user_password,sex,date_of_birth,age,permission_level) VALUES (831,'Stacey','Bennett','oedwards@gmail.com','audrey38','DXmPiygd','F','1947-07-19',72,5);
INSERT INTO patient (id) VALUES (831);
INSERT INTO patients_address (street,house,apartement) VALUES ('James st.','77','1');
INSERT INTO medical_history (patient_id,date) VALUES (831,'2019-11-15');
INSERT INTO person (id,first_name,second_name,email,user_login,user_password,sex,date_of_birth,age,permission_level) VALUES (832,'James','Jones','zbutler@yahoo.com','judith05','IfVodxuJJBTy','M','1944-06-17',75,1);
INSERT INTO staff_member (id,employed_since,position,salary,room) VALUES (832,'2015-09-22','Professor',35000,33);
INSERT INTO professor (id,research_topic,surgery_participation,departement_id) VALUES (832,'Radiologist',B'1',8);
INSERT INTO person (id,first_name,second_name,email,user_login,user_password,sex,date_of_birth,age,permission_level) VALUES (833,'Susan','Schultz','whitejanice@hotmail.com','mitchellwatson','qSBZwJpWxujKphR','F','1908-03-28',111,5);
INSERT INTO staff_member (id,employed_since,position,salary,room) VALUES (833,'2016-06-03','Professor',35000,34);
INSERT INTO professor (id,research_topic,surgery_participation,departement_id) VALUES (833,'Otolaryngologist',B'0',10);
INSERT INTO person (id,first_name,second_name,email,user_login,user_password,sex,date_of_birth,age,permission_level) VALUES (834,'Heather','Martin','steven60@yahoo.com','nrogers','MfxhHrUXHquZAp','F','1988-11-24',31,3);
INSERT INTO staff_member (id,employed_since,position,salary,room) VALUES (834,'2016-10-28','Nurse',25000,8);
INSERT INTO nurse (id,surgery_assistant,preferred_shifts,appointment_assistant,departement_id) VALUES (834,B'1','Night',B'1',10);
INSERT INTO person (id,first_name,second_name,email,user_login,user_password,sex,date_of_birth,age,permission_level) VALUES (835,'Michael','Villegas','katherine82@hotmail.com','kaylasmith','pQVGeDkjhwmsonL','M','1915-09-13',104,2);
INSERT INTO staff_member (id,employed_since,position,salary,room) VALUES (835,'2017-04-09','Lab Technician',15000,47);
INSERT INTO lab_technician (id,education_level,departement_id) VALUES (835,'Bachelor',10);
INSERT INTO person (id,first_name,second_name,email,user_login,user_password,sex,date_of_birth,age,permission_level) VALUES (836,'Edward','Garcia','peterwatts@hotmail.com','robert35','HHXvOynVILdxNUe','M','1948-08-14',71,2);
INSERT INTO staff_member (id,employed_since,position,salary,room) VALUES (836,'2013-04-26','Doctor',35000,13);
INSERT INTO doctor (id,speciality,emergency_hours,experience,departement_id,supervisor) VALUES (836,'Podiatrist',B'0',10,10,583);
INSERT INTO person (id,first_name,second_name,email,user_login,user_password,sex,date_of_birth,age,permission_level) VALUES (837,'Monica','Lewis','ghall@yahoo.com','angelperry','HsEKqIIqugEji','F','1954-10-31',65,2);
INSERT INTO staff_member (id,employed_since,position,salary,room) VALUES (837,'2015-01-22','Cleaning Team Worker',10000,52);
INSERT INTO cleaning_team_worker (id,employment_type) VALUES (837,'Part time');
INSERT INTO person (id,first_name,second_name,email,user_login,user_password,sex,date_of_birth,age,permission_level) VALUES (838,'Kenneth','Clark','oliverstephanie@hotmail.com','maryrivera','dwtssEBoClP','M','1971-10-26',48,1);
INSERT INTO staff_member (id,employed_since,position,salary,room) VALUES (838,'2018-09-14','Nurse',25000,7);
INSERT INTO nurse (id,surgery_assistant,preferred_shifts,appointment_assistant,departement_id) VALUES (838,B'1','Night',B'1',8);
INSERT INTO person (id,first_name,second_name,email,user_login,user_password,sex,date_of_birth,age,permission_level) VALUES (839,'Crystal','Contreras','haynesbrian@gmail.com','jacksonrichard','mMvluDEhroR','F','1924-10-22',95,4);
INSERT INTO staff_member (id,employed_since,position,salary,room) VALUES (839,'2015-06-17','Professor',35000,35);
INSERT INTO professor (id,research_topic,surgery_participation,departement_id) VALUES (839,'Osteopath',B'1',1);
INSERT INTO person (id,first_name,second_name,email,user_login,user_password,sex,date_of_birth,age,permission_level) VALUES (840,'Brittany','Warner','frankryan@gmail.com','kathleen84','roTxDwjwUUCUAiw','F','2012-07-13',7,2);
INSERT INTO patient (id) VALUES (840);
INSERT INTO patients_address (street,house,apartement) VALUES ('Ashley st.','75','7');
INSERT INTO medical_history (patient_id,date) VALUES (840,'2019-10-18');
INSERT INTO person (id,first_name,second_name,email,user_login,user_password,sex,date_of_birth,age,permission_level) VALUES (841,'Steven','Hughes','ann06@hotmail.com','zmcneil','zupBToxVd','M','1907-03-17',112,3);
INSERT INTO staff_member (id,employed_since,position,salary,room) VALUES (841,'2017-05-30','Nurse',25000,9);
INSERT INTO nurse (id,surgery_assistant,preferred_shifts,appointment_assistant,departement_id) VALUES (841,B'0','Day',B'0',8);
INSERT INTO person (id,first_name,second_name,email,user_login,user_password,sex,date_of_birth,age,permission_level) VALUES (842,'Tracy','Parrish','mark34@yahoo.com','bhebert','FkMZHcEv','F','1970-04-03',49,5);
INSERT INTO staff_member (id,employed_since,position,salary,room) VALUES (842,'2016-03-29','Nurse',25000,8);
INSERT INTO nurse (id,surgery_assistant,preferred_shifts,appointment_assistant,departement_id) VALUES (842,B'1','Day',B'1',8);
INSERT INTO person (id,first_name,second_name,email,user_login,user_password,sex,date_of_birth,age,permission_level) VALUES (843,'Dana','Lin','caitlin19@gmail.com','thomas27','YrXmrJmGX','F','1987-01-19',32,5);
INSERT INTO staff_member (id,employed_since,position,salary,room) VALUES (843,'2011-08-31','Priest',15000,79);
INSERT INTO priest (id,religion) VALUES (843,'Islam');
INSERT INTO person (id,first_name,second_name,email,user_login,user_password,sex,date_of_birth,age,permission_level) VALUES (844,'Fernando','Olson','rita40@gmail.com','shannonjohnson','RipWPKuMDud','M','2017-10-24',2,1);
INSERT INTO staff_member (id,employed_since,position,salary,room) VALUES (844,'2014-06-16','HR',30000,64);
INSERT INTO hr (id,selection_responsibility) VALUES (844,'Review');
INSERT INTO person (id,first_name,second_name,email,user_login,user_password,sex,date_of_birth,age,permission_level) VALUES (845,'Dennis','Hahn','krose@hotmail.com','drogers','TzuxnaigLvYvK','M','1984-02-21',35,2);
INSERT INTO staff_member (id,employed_since,position,salary,room) VALUES (845,'2012-04-30','Nurse',25000,5);
INSERT INTO nurse (id,surgery_assistant,preferred_shifts,appointment_assistant,departement_id) VALUES (845,B'1','Day',B'0',6);
INSERT INTO person (id,first_name,second_name,email,user_login,user_password,sex,date_of_birth,age,permission_level) VALUES (846,'Isabel','Mckay','nmccormick@hotmail.com','michael00','yQGUiuFPnkE','F','1948-05-09',71,4);
INSERT INTO staff_member (id,employed_since,position,salary,room) VALUES (846,'2017-05-15','Doctor',35000,16);
INSERT INTO doctor (id,speciality,emergency_hours,experience,departement_id,supervisor) VALUES (846,'General Surgeon',B'1',9,2,8);
INSERT INTO person (id,first_name,second_name,email,user_login,user_password,sex,date_of_birth,age,permission_level) VALUES (847,'Andrea','Perez','beverlycurtis@yahoo.com','larry97','iDhUnPXcpHVOAN','F','1908-09-23',111,5);
INSERT INTO staff_member (id,employed_since,position,salary,room) VALUES (847,'2019-01-31','Maintanence Worker',15000,60);
INSERT INTO maintanence_worker (id,employment_type,speciality) VALUES (847,'Part time','Machines');
INSERT INTO person (id,first_name,second_name,email,user_login,user_password,sex,date_of_birth,age,permission_level) VALUES (848,'Taylor','Wilson','billybrewer@gmail.com','michaeldalton','TgZsMeWfFEfENby','F','2017-10-16',2,4);
INSERT INTO staff_member (id,employed_since,position,salary,room) VALUES (848,'2019-05-10','Security Team Member',10000,61);
INSERT INTO security_team_member (id,shifts,physical_test_grade) VALUES (848,'Night','A');
INSERT INTO person (id,first_name,second_name,email,user_login,user_password,sex,date_of_birth,age,permission_level) VALUES (849,'Donna','Owens','vwheeler@gmail.com','perezmichael','nCXpXcqKuNnBfTg','F','1937-04-22',82,3);
INSERT INTO patient (id) VALUES (849);
INSERT INTO patients_address (street,house,apartement) VALUES ('Crystal st.','18','1');
INSERT INTO medical_history (patient_id,date) VALUES (849,'2019-11-13');
INSERT INTO person (id,first_name,second_name,email,user_login,user_password,sex,date_of_birth,age,permission_level) VALUES (850,'Shelly','Kennedy','pamelabean@hotmail.com','matthew99','YfjwySlUhJ','F','2001-02-25',18,3);
INSERT INTO staff_member (id,employed_since,position,salary,room) VALUES (850,'2016-05-07','Cleaning Team Worker',10000,55);
INSERT INTO cleaning_team_worker (id,employment_type) VALUES (850,'Full time');
INSERT INTO person (id,first_name,second_name,email,user_login,user_password,sex,date_of_birth,age,permission_level) VALUES (851,'Ashley','Peterson','diana76@hotmail.com','dakotagraham','JUBrExqfgFl','F','2010-08-13',9,3);
INSERT INTO staff_member (id,employed_since,position,salary,room) VALUES (851,'2012-05-11','Doctor',35000,25);
INSERT INTO doctor (id,speciality,emergency_hours,experience,departement_id,supervisor) VALUES (851,'Podiatrist',B'1',10,10,702);
INSERT INTO person (id,first_name,second_name,email,user_login,user_password,sex,date_of_birth,age,permission_level) VALUES (852,'Joseph','Reyes','laurarichardson@gmail.com','elliottwilliam','CFsfVjeG','M','2011-02-19',8,2);
INSERT INTO patient (id) VALUES (852);
INSERT INTO patients_address (street,house,apartement) VALUES ('Brittany st.','40','2');
INSERT INTO medical_history (patient_id,date) VALUES (852,'2019-11-24');
INSERT INTO person (id,first_name,second_name,email,user_login,user_password,sex,date_of_birth,age,permission_level) VALUES (853,'Gary','Hernandez','dwayne77@gmail.com','clairegreen','MEakJGAMZcs','M','1969-07-13',50,3);
INSERT INTO staff_member (id,employed_since,position,salary,room) VALUES (853,'2014-08-29','Lab Technician',15000,46);
INSERT INTO lab_technician (id,education_level,departement_id) VALUES (853,'Magister',2);
INSERT INTO person (id,first_name,second_name,email,user_login,user_password,sex,date_of_birth,age,permission_level) VALUES (854,'Aaron','Jones','samuelreynolds@yahoo.com','michelle55','XcAalBE','M','2014-05-02',5,4);
INSERT INTO staff_member (id,employed_since,position,salary,room) VALUES (854,'2017-01-03','Lab Technician',15000,50);
INSERT INTO lab_technician (id,education_level,departement_id) VALUES (854,'Bachelor',1);
INSERT INTO person (id,first_name,second_name,email,user_login,user_password,sex,date_of_birth,age,permission_level) VALUES (855,'Albert','Kirk','adam66@gmail.com','ryanhancock','ecymUVjwwl','M','1908-12-14',111,5);
INSERT INTO patient (id) VALUES (855);
INSERT INTO patients_address (street,house,apartement) VALUES ('Rhonda st.','82','5');
INSERT INTO medical_history (patient_id,date) VALUES (855,'2019-10-20');
INSERT INTO person (id,first_name,second_name,email,user_login,user_password,sex,date_of_birth,age,permission_level) VALUES (856,'Matthew','Thompson','jrichardson@yahoo.com','joseph25','nJdyJupQLS','M','1964-12-24',55,1);
INSERT INTO staff_member (id,employed_since,position,salary,room) VALUES (856,'2017-05-01','Security Team Member',10000,63);
INSERT INTO security_team_member (id,shifts,physical_test_grade) VALUES (856,'Night','D');
INSERT INTO person (id,first_name,second_name,email,user_login,user_password,sex,date_of_birth,age,permission_level) VALUES (857,'Gerald','Rios','qdavis@gmail.com','quinnjoseph','PxiYARebtOsiX','M','1939-06-03',80,5);
INSERT INTO staff_member (id,employed_since,position,salary,room) VALUES (857,'2013-05-02','Doctor',35000,26);
INSERT INTO doctor (id,speciality,emergency_hours,experience,departement_id,supervisor) VALUES (857,'Plastic Surgeon',B'1',5,10,783);
INSERT INTO person (id,first_name,second_name,email,user_login,user_password,sex,date_of_birth,age,permission_level) VALUES (858,'John','Lane','michellekent@hotmail.com','kwhite','sZhjIzSvrKTqua','M','1956-06-15',63,4);
INSERT INTO staff_member (id,employed_since,position,salary,room) VALUES (858,'2011-10-19','Professor',35000,36);
INSERT INTO professor (id,research_topic,surgery_participation,departement_id) VALUES (858,'Hospice and Palliative Medicine Specialist',B'1',4);
INSERT INTO person (id,first_name,second_name,email,user_login,user_password,sex,date_of_birth,age,permission_level) VALUES (859,'Leah','Hall','eugenejones@yahoo.com','ejones','vCxWivAvXRlzwf','F','2012-10-28',7,4);
INSERT INTO patient (id) VALUES (859);
INSERT INTO patients_address (street,house,apartement) VALUES ('Joshua st.','85','10');
INSERT INTO medical_history (patient_id,date) VALUES (859,'2019-10-16');
INSERT INTO person (id,first_name,second_name,email,user_login,user_password,sex,date_of_birth,age,permission_level) VALUES (860,'Kristina','Steele','jamielarson@hotmail.com','marie49','rxDmxWePGLtt','F','1914-02-10',105,2);
INSERT INTO staff_member (id,employed_since,position,salary,room) VALUES (860,'2015-05-06','Maintanence Worker',15000,59);
INSERT INTO maintanence_worker (id,employment_type,speciality) VALUES (860,'Full time','Electricity');
INSERT INTO person (id,first_name,second_name,email,user_login,user_password,sex,date_of_birth,age,permission_level) VALUES (861,'Curtis','Thompson','johnkirk@gmail.com','jennifer40','gBKREwCFvTD','M','1998-03-12',21,5);
INSERT INTO staff_member (id,employed_since,position,salary,room) VALUES (861,'2017-12-15','Cook',15000,71);
INSERT INTO cook (id,experience) VALUES (861,4);
INSERT INTO person (id,first_name,second_name,email,user_login,user_password,sex,date_of_birth,age,permission_level) VALUES (862,'Elizabeth','Beck','allisonbryant@yahoo.com','wblevins','BoKTeyVwDx','F','1911-02-24',108,1);
INSERT INTO staff_member (id,employed_since,position,salary,room) VALUES (862,'2018-10-15','Nurse',25000,7);
INSERT INTO nurse (id,surgery_assistant,preferred_shifts,appointment_assistant,departement_id) VALUES (862,B'1','Day',B'1',10);
INSERT INTO person (id,first_name,second_name,email,user_login,user_password,sex,date_of_birth,age,permission_level) VALUES (863,'Timothy','Stone','ytorres@hotmail.com','butlereric','LjbXpvtqLEDiQUr','M','1981-05-15',38,5);
INSERT INTO staff_member (id,employed_since,position,salary,room) VALUES (863,'2016-12-15','Nurse',25000,4);
INSERT INTO nurse (id,surgery_assistant,preferred_shifts,appointment_assistant,departement_id) VALUES (863,B'1','Day',B'0',9);
INSERT INTO person (id,first_name,second_name,email,user_login,user_password,sex,date_of_birth,age,permission_level) VALUES (864,'Brian','Payne','allendana@gmail.com','kmendez','eqMlRrBXpz','M','1973-12-27',46,2);
INSERT INTO staff_member (id,employed_since,position,salary,room) VALUES (864,'2014-02-04','Pharmasist',20000,69);
INSERT INTO pharmasist (id,education_level,research) VALUES (864,'Magister',B'0');
INSERT INTO person (id,first_name,second_name,email,user_login,user_password,sex,date_of_birth,age,permission_level) VALUES (865,'Philip','Terry','rachelwillis@gmail.com','thomasosborn','vceYBWlND','M','1939-08-05',80,1);
INSERT INTO staff_member (id,employed_since,position,salary,room) VALUES (865,'2019-07-31','Nurse',25000,7);
INSERT INTO nurse (id,surgery_assistant,preferred_shifts,appointment_assistant,departement_id) VALUES (865,B'1','Day',B'0',7);
INSERT INTO person (id,first_name,second_name,email,user_login,user_password,sex,date_of_birth,age,permission_level) VALUES (866,'Jeffery','Peters','xkoch@yahoo.com','chriswilson','NgtPkPWb','M','1908-11-27',111,4);
INSERT INTO staff_member (id,employed_since,position,salary,room) VALUES (866,'2011-11-18','Priest',15000,78);
INSERT INTO priest (id,religion) VALUES (866,'Islam');
INSERT INTO person (id,first_name,second_name,email,user_login,user_password,sex,date_of_birth,age,permission_level) VALUES (867,'Sara','Strickland','umeyers@yahoo.com','dale22','ugFjqjT','F','1934-08-08',85,5);
INSERT INTO staff_member (id,employed_since,position,salary,room) VALUES (867,'2015-07-12','Professor',35000,39);
INSERT INTO professor (id,research_topic,surgery_participation,departement_id) VALUES (867,'Dermatologist',B'0',2);
INSERT INTO person (id,first_name,second_name,email,user_login,user_password,sex,date_of_birth,age,permission_level) VALUES (868,'Holly','Henry','heather98@gmail.com','kenneth69','LEyhCwgr','F','1986-07-05',33,3);
INSERT INTO staff_member (id,employed_since,position,salary,room) VALUES (868,'2018-05-21','Nurse',25000,10);
INSERT INTO nurse (id,surgery_assistant,preferred_shifts,appointment_assistant,departement_id) VALUES (868,B'0','Night',B'1',7);
INSERT INTO person (id,first_name,second_name,email,user_login,user_password,sex,date_of_birth,age,permission_level) VALUES (869,'Lisa','Jenkins','josephthompson@gmail.com','markacosta','AomTDGGu','F','1964-01-23',55,1);
INSERT INTO patient (id) VALUES (869);
INSERT INTO patients_address (street,house,apartement) VALUES ('Marcus st.','55','2');
INSERT INTO medical_history (patient_id,date) VALUES (869,'2019-11-07');
INSERT INTO person (id,first_name,second_name,email,user_login,user_password,sex,date_of_birth,age,permission_level) VALUES (870,'Taylor','Stone','espinozadonald@gmail.com','patriciasmith','OYAAqQo','F','1949-10-18',70,5);
INSERT INTO staff_member (id,employed_since,position,salary,room) VALUES (870,'2011-07-04','Nurse',25000,8);
INSERT INTO nurse (id,surgery_assistant,preferred_shifts,appointment_assistant,departement_id) VALUES (870,B'1','Night',B'1',9);
INSERT INTO person (id,first_name,second_name,email,user_login,user_password,sex,date_of_birth,age,permission_level) VALUES (871,'Mark','Ferguson','nathan23@hotmail.com','richardsonkim','NELbnadMC','M','2010-04-25',9,4);
INSERT INTO patient (id) VALUES (871);
INSERT INTO patients_address (street,house,apartement) VALUES ('Joshua st.','20','5');
INSERT INTO medical_history (patient_id,date) VALUES (871,'2019-10-26');
INSERT INTO person (id,first_name,second_name,email,user_login,user_password,sex,date_of_birth,age,permission_level) VALUES (872,'Dustin','Edwards','jmiller@yahoo.com','robert53','CloLesVa','M','1983-05-03',36,5);
INSERT INTO staff_member (id,employed_since,position,salary,room) VALUES (872,'2017-11-30','Cook',15000,72);
INSERT INTO cook (id,experience) VALUES (872,1);
INSERT INTO person (id,first_name,second_name,email,user_login,user_password,sex,date_of_birth,age,permission_level) VALUES (873,'Cheryl','Smith','fyoung@hotmail.com','tinafrench','QaBRCwRCdIYST','F','1915-02-25',104,3);
INSERT INTO staff_member (id,employed_since,position,salary,room) VALUES (873,'2014-04-18','Professor',35000,36);
INSERT INTO professor (id,research_topic,surgery_participation,departement_id) VALUES (873,'Otolaryngologist',B'1',7);
INSERT INTO person (id,first_name,second_name,email,user_login,user_password,sex,date_of_birth,age,permission_level) VALUES (874,'Christine','Brown','rojaskathy@hotmail.com','david64','zAFWEfHxMNpM','F','1954-08-12',65,5);
INSERT INTO staff_member (id,employed_since,position,salary,room) VALUES (874,'2018-09-09','Cook',15000,71);
INSERT INTO cook (id,experience) VALUES (874,8);
INSERT INTO person (id,first_name,second_name,email,user_login,user_password,sex,date_of_birth,age,permission_level) VALUES (875,'Chase','Powell','stephanie51@gmail.com','johnsonmichael','xHpgWPrHu','M','2002-01-20',17,1);
INSERT INTO staff_member (id,employed_since,position,salary,room) VALUES (875,'2019-09-19','Doctor',35000,27);
INSERT INTO doctor (id,speciality,emergency_hours,experience,departement_id,supervisor) VALUES (875,'Critical Care Medicine Specialist',B'0',2,4,575);
INSERT INTO person (id,first_name,second_name,email,user_login,user_password,sex,date_of_birth,age,permission_level) VALUES (876,'Mr.','Jonathon','blackpaula@gmail.com','jasondavis','WhsgPdOxqdue','M','1994-09-21',25,3);
INSERT INTO staff_member (id,employed_since,position,salary,room) VALUES (876,'2017-10-24','Cleaning Team Worker',10000,53);
INSERT INTO cleaning_team_worker (id,employment_type) VALUES (876,'Part time');
INSERT INTO person (id,first_name,second_name,email,user_login,user_password,sex,date_of_birth,age,permission_level) VALUES (877,'Rachel','Rodriguez','andrewsmith@gmail.com','pruittbenjamin','KkygKkvPxB','F','1953-07-25',66,5);
INSERT INTO staff_member (id,employed_since,position,salary,room) VALUES (877,'2014-08-16','Priest',15000,78);
INSERT INTO priest (id,religion) VALUES (877,'Judaism');
INSERT INTO person (id,first_name,second_name,email,user_login,user_password,sex,date_of_birth,age,permission_level) VALUES (878,'Javier','Brown','fgates@yahoo.com','penny37','VyAUNNKgEWQ','M','2019-06-05',0,2);
INSERT INTO staff_member (id,employed_since,position,salary,room) VALUES (878,'2017-09-01','Pharmasist',20000,68);
INSERT INTO pharmasist (id,education_level,research) VALUES (878,'Magister',B'1');
INSERT INTO person (id,first_name,second_name,email,user_login,user_password,sex,date_of_birth,age,permission_level) VALUES (879,'Travis','Ponce','jasonnewman@yahoo.com','james01','NAuWyhJ','M','2001-02-04',18,1);
INSERT INTO staff_member (id,employed_since,position,salary,room) VALUES (879,'2018-05-10','Pharmasist',20000,68);
INSERT INTO pharmasist (id,education_level,research) VALUES (879,'Postgraduate',B'1');
INSERT INTO person (id,first_name,second_name,email,user_login,user_password,sex,date_of_birth,age,permission_level) VALUES (880,'Joanna','Blackwell','joshua32@hotmail.com','tranluke','GpmMvmbIlFEiEo','F','2011-02-17',8,4);
INSERT INTO staff_member (id,employed_since,position,salary,room) VALUES (880,'2010-04-03','Professor',35000,31);
INSERT INTO professor (id,research_topic,surgery_participation,departement_id) VALUES (880,'Geriatric Medicine Specialist',B'1',10);
INSERT INTO person (id,first_name,second_name,email,user_login,user_password,sex,date_of_birth,age,permission_level) VALUES (881,'Phillip','Chapman','ysanchez@hotmail.com','pdaniels','XGWUVJPhyiJhYTw','M','1924-04-16',95,5);
INSERT INTO staff_member (id,employed_since,position,salary,room) VALUES (881,'2017-07-11','Doctor',35000,27);
INSERT INTO doctor (id,speciality,emergency_hours,experience,departement_id,supervisor) VALUES (881,'Colon Surgeon',B'1',7,1,375);
INSERT INTO person (id,first_name,second_name,email,user_login,user_password,sex,date_of_birth,age,permission_level) VALUES (882,'Katie','Navarro','rjohnson@gmail.com','zacharydoyle','rePiDHC','F','1947-03-30',72,5);
INSERT INTO staff_member (id,employed_since,position,salary,room) VALUES (882,'2014-08-02','Reseptionist',15000,56);
INSERT INTO reseptionist (id) VALUES (882);
INSERT INTO languages_spoken (reseptionist_id,language) VALUES (882,'Italian');
INSERT INTO person (id,first_name,second_name,email,user_login,user_password,sex,date_of_birth,age,permission_level) VALUES (883,'Jeffrey','Davis','psullivan@gmail.com','kramerdavid','QeoZnAVsaA','M','1990-05-01',29,2);
INSERT INTO staff_member (id,employed_since,position,salary,room) VALUES (883,'2014-02-28','HR',30000,65);
INSERT INTO hr (id,selection_responsibility) VALUES (883,'Interview');
INSERT INTO person (id,first_name,second_name,email,user_login,user_password,sex,date_of_birth,age,permission_level) VALUES (884,'Christine','Cross','daniel79@gmail.com','chris35','MLHkxCzPpZs','F','1941-09-10',78,5);
INSERT INTO staff_member (id,employed_since,position,salary,room) VALUES (884,'2012-11-12','Lab Technician',15000,46);
INSERT INTO lab_technician (id,education_level,departement_id) VALUES (884,'Bachelor',10);
INSERT INTO person (id,first_name,second_name,email,user_login,user_password,sex,date_of_birth,age,permission_level) VALUES (885,'Jeremy','Wong','zwilliams@hotmail.com','wobrien','VXJVztv','M','1929-12-23',90,5);
INSERT INTO patient (id) VALUES (885);
INSERT INTO patients_address (street,house,apartement) VALUES ('Crystal st.','1','4');
INSERT INTO medical_history (patient_id,date) VALUES (885,'2019-11-08');
INSERT INTO person (id,first_name,second_name,email,user_login,user_password,sex,date_of_birth,age,permission_level) VALUES (886,'Stephanie','Allen','nflores@hotmail.com','davidperry','wuAHSSHZuP','F','1966-05-16',53,5);
INSERT INTO staff_member (id,employed_since,position,salary,room) VALUES (886,'2014-10-31','Nurse',25000,6);
INSERT INTO nurse (id,surgery_assistant,preferred_shifts,appointment_assistant,departement_id) VALUES (886,B'0','Day',B'0',9);
INSERT INTO person (id,first_name,second_name,email,user_login,user_password,sex,date_of_birth,age,permission_level) VALUES (887,'Justin','Lloyd','velezlaura@gmail.com','vanessaporter','rGIBwBwzidtflyt','M','1909-11-14',110,4);
INSERT INTO staff_member (id,employed_since,position,salary,room) VALUES (887,'2012-01-09','Nurse',25000,5);
INSERT INTO nurse (id,surgery_assistant,preferred_shifts,appointment_assistant,departement_id) VALUES (887,B'0','Night',B'1',7);
INSERT INTO person (id,first_name,second_name,email,user_login,user_password,sex,date_of_birth,age,permission_level) VALUES (888,'Lindsey','Leonard','littletodd@yahoo.com','murraytyler','QOgNUZPBxyroGSA','F','1965-01-04',54,2);
INSERT INTO staff_member (id,employed_since,position,salary,room) VALUES (888,'2010-11-15','HR',30000,64);
INSERT INTO hr (id,selection_responsibility) VALUES (888,'Interview');
INSERT INTO person (id,first_name,second_name,email,user_login,user_password,sex,date_of_birth,age,permission_level) VALUES (889,'Michele','Gibson','wdavis@yahoo.com','griggs','PmeoUYjxcqtOjlT','F','1960-06-11',59,5);
INSERT INTO staff_member (id,employed_since,position,salary,room) VALUES (889,'2010-08-30','Professor',35000,40);
INSERT INTO professor (id,research_topic,surgery_participation,departement_id) VALUES (889,'Obstetrician and Gynecologist',B'1',9);
INSERT INTO person (id,first_name,second_name,email,user_login,user_password,sex,date_of_birth,age,permission_level) VALUES (890,'Cheryl','Marshall','jeffreyhicks@yahoo.com','diane07','nDtmbSgunsn','F','1994-06-08',25,5);
INSERT INTO patient (id) VALUES (890);
INSERT INTO patients_address (street,house,apartement) VALUES ('Rachel st.','39','8');
INSERT INTO medical_history (patient_id,date) VALUES (890,'2019-11-22');
INSERT INTO person (id,first_name,second_name,email,user_login,user_password,sex,date_of_birth,age,permission_level) VALUES (891,'Terry','Vasquez','ronald66@hotmail.com','frankarnold','QikoDHHdYawH','M','2005-07-01',14,4);
INSERT INTO staff_member (id,employed_since,position,salary,room) VALUES (891,'2017-08-04','IT Specialist',15000,76);
INSERT INTO IT_specialist (id,support_line) VALUES (891,B'0');
INSERT INTO person (id,first_name,second_name,email,user_login,user_password,sex,date_of_birth,age,permission_level) VALUES (892,'David','Medina','njackson@gmail.com','briantaylor','mJQSSjaoXjPhhwT','M','1944-02-24',75,1);
INSERT INTO patient (id) VALUES (892);
INSERT INTO patients_address (street,house,apartement) VALUES ('Jordan st.','61','7');
INSERT INTO medical_history (patient_id,date) VALUES (892,'2019-11-20');
INSERT INTO person (id,first_name,second_name,email,user_login,user_password,sex,date_of_birth,age,permission_level) VALUES (893,'Bonnie','Moreno','eddiealvarado@yahoo.com','bryantorres','xqCKMMTJODtIU','F','1925-07-31',94,5);
INSERT INTO staff_member (id,employed_since,position,salary,room) VALUES (893,'2015-12-09','HR',30000,65);
INSERT INTO hr (id,selection_responsibility) VALUES (893,'Interview');
INSERT INTO person (id,first_name,second_name,email,user_login,user_password,sex,date_of_birth,age,permission_level) VALUES (894,'Erica','Mccann','ashleygonzales@hotmail.com','ahicks','bTHCVCbjtUVCWg','F','1904-11-19',115,4);
INSERT INTO staff_member (id,employed_since,position,salary,room) VALUES (894,'2014-10-01','Doctor',35000,26);
INSERT INTO doctor (id,speciality,emergency_hours,experience,departement_id,supervisor) VALUES (894,'Hospice and Palliative Medicine Specialist',B'1',2,10,583);
INSERT INTO person (id,first_name,second_name,email,user_login,user_password,sex,date_of_birth,age,permission_level) VALUES (895,'Manuel','Adams','william34@hotmail.com','dawnrodriguez','wHPWGFtGI','M','1968-10-08',51,2);
INSERT INTO staff_member (id,employed_since,position,salary,room) VALUES (895,'2012-12-19','Security Team Member',10000,63);
INSERT INTO security_team_member (id,shifts,physical_test_grade) VALUES (895,'Day','B');
INSERT INTO person (id,first_name,second_name,email,user_login,user_password,sex,date_of_birth,age,permission_level) VALUES (896,'Joseph','Hickman','ryan67@hotmail.com','frenchjames','DHdrKpXVDsx','M','1920-06-22',99,2);
INSERT INTO staff_member (id,employed_since,position,salary,room) VALUES (896,'2012-12-23','Doctor',35000,14);
INSERT INTO doctor (id,speciality,emergency_hours,experience,departement_id,supervisor) VALUES (896,'General Surgeon',B'0',7,2,662);
INSERT INTO person (id,first_name,second_name,email,user_login,user_password,sex,date_of_birth,age,permission_level) VALUES (897,'Jennifer','Werner','jenniferweiss@yahoo.com','slee','DfKZvbibmfQVtb','F','1928-10-23',91,1);
INSERT INTO staff_member (id,employed_since,position,salary,room) VALUES (897,'2017-02-18','Reseptionist',15000,56);
INSERT INTO reseptionist (id) VALUES (897);
INSERT INTO languages_spoken (reseptionist_id,language) VALUES (897,'PortuguesEnglishArabicTatarItalianRussian');
INSERT INTO person (id,first_name,second_name,email,user_login,user_password,sex,date_of_birth,age,permission_level) VALUES (898,'Larry','Jennings','drodgers@yahoo.com','kellyaguirre','DSVUhjxAdEL','M','1918-05-06',101,4);
INSERT INTO patient (id) VALUES (898);
INSERT INTO patients_address (street,house,apartement) VALUES ('Kristopher st.','23','3');
INSERT INTO medical_history (patient_id,date) VALUES (898,'2019-10-19');
INSERT INTO person (id,first_name,second_name,email,user_login,user_password,sex,date_of_birth,age,permission_level) VALUES (899,'Larry','James','reevesholly@yahoo.com','eshepard','jAaVzgkb','M','2005-02-24',14,3);
INSERT INTO staff_member (id,employed_since,position,salary,room) VALUES (899,'2013-09-08','Reseptionist',15000,56);
INSERT INTO reseptionist (id) VALUES (899);
INSERT INTO languages_spoken (reseptionist_id,language) VALUES (899,'EnglishRussian');
INSERT INTO person (id,first_name,second_name,email,user_login,user_password,sex,date_of_birth,age,permission_level) VALUES (900,'Ryan','Snyder','kruegerdavid@yahoo.com','lindsey85','SViDJaozxzAzb','M','1942-11-08',77,3);
INSERT INTO staff_member (id,employed_since,position,salary,room) VALUES (900,'2016-01-24','Cleaning Team Worker',10000,55);
INSERT INTO cleaning_team_worker (id,employment_type) VALUES (900,'Part time');
INSERT INTO person (id,first_name,second_name,email,user_login,user_password,sex,date_of_birth,age,permission_level) VALUES (901,'Maria','Lester','uthomas@gmail.com','brittanycohen','hUWxQkEqKDXf','F','1985-06-08',34,5);
INSERT INTO staff_member (id,employed_since,position,salary,room) VALUES (901,'2017-06-17','Professor',35000,32);
INSERT INTO professor (id,research_topic,surgery_participation,departement_id) VALUES (901,'Critical Care Medicine Specialist',B'0',1);
INSERT INTO person (id,first_name,second_name,email,user_login,user_password,sex,date_of_birth,age,permission_level) VALUES (902,'Brian','Lewis','bauerdonald@yahoo.com','victoria29','eqYlJfR','M','2001-03-05',18,4);
INSERT INTO staff_member (id,employed_since,position,salary,room) VALUES (902,'2013-07-23','Cleaning Team Worker',10000,54);
INSERT INTO cleaning_team_worker (id,employment_type) VALUES (902,'Full time');
INSERT INTO person (id,first_name,second_name,email,user_login,user_password,sex,date_of_birth,age,permission_level) VALUES (903,'Harold','Stewart','valdezgary@yahoo.com','blackwellvanessa','LhSlryphO','M','1963-03-02',56,2);
INSERT INTO staff_member (id,employed_since,position,salary,room) VALUES (903,'2011-02-06','Doctor',35000,26);
INSERT INTO doctor (id,speciality,emergency_hours,experience,departement_id,supervisor) VALUES (903,'Colon Surgeon',B'0',2,7,332);
INSERT INTO person (id,first_name,second_name,email,user_login,user_password,sex,date_of_birth,age,permission_level) VALUES (904,'Sara','Green','jacksonjoshua@hotmail.com','thomasperez','crtjHAwHFYeZ','F','2007-07-12',12,5);
INSERT INTO staff_member (id,employed_since,position,salary,room) VALUES (904,'2012-02-11','Professor',35000,32);
INSERT INTO professor (id,research_topic,surgery_participation,departement_id) VALUES (904,'Obstetrician and Gynecologist',B'0',9);
INSERT INTO person (id,first_name,second_name,email,user_login,user_password,sex,date_of_birth,age,permission_level) VALUES (905,'Kristen','Mitchell','robinsonjerry@gmail.com','dpeters','oDlRiOhOjjJo','F','2017-04-04',2,2);
INSERT INTO staff_member (id,employed_since,position,salary,room) VALUES (905,'2010-08-29','Professor',35000,35);
INSERT INTO professor (id,research_topic,surgery_participation,departement_id) VALUES (905,'Otolaryngologist',B'0',3);
INSERT INTO person (id,first_name,second_name,email,user_login,user_password,sex,date_of_birth,age,permission_level) VALUES (906,'Kurt','Simpson','rsanchez@hotmail.com','zmiller','aHsJGWDOUpfTPN','M','1920-06-21',99,3);
INSERT INTO staff_member (id,employed_since,position,salary,room) VALUES (906,'2017-02-03','Pharmasist',20000,70);
INSERT INTO pharmasist (id,education_level,research) VALUES (906,'Postgraduate',B'1');
INSERT INTO person (id,first_name,second_name,email,user_login,user_password,sex,date_of_birth,age,permission_level) VALUES (907,'Patrick','Lee','randy60@yahoo.com','sandra82','jMyXMTICMg','M','1977-10-20',42,1);
INSERT INTO staff_member (id,employed_since,position,salary,room) VALUES (907,'2012-09-10','Reseptionist',15000,56);
INSERT INTO reseptionist (id) VALUES (907);
INSERT INTO languages_spoken (reseptionist_id,language) VALUES (907,'EnglishPortuguesTatarRussianEnglishEnglish');
INSERT INTO person (id,first_name,second_name,email,user_login,user_password,sex,date_of_birth,age,permission_level) VALUES (908,'Brianna','Watts','hromero@gmail.com','christian44','MtWtBVO','F','1938-08-21',81,4);
INSERT INTO staff_member (id,employed_since,position,salary,room) VALUES (908,'2011-02-14','Nurse',25000,6);
INSERT INTO nurse (id,surgery_assistant,preferred_shifts,appointment_assistant,departement_id) VALUES (908,B'0','Night',B'1',3);
INSERT INTO person (id,first_name,second_name,email,user_login,user_password,sex,date_of_birth,age,permission_level) VALUES (909,'Jennifer','Williams','gonzalezcharles@yahoo.com','tonyawilkerson','EzwoHfxcqyYO','F','1983-10-27',36,2);
INSERT INTO staff_member (id,employed_since,position,salary,room) VALUES (909,'2016-09-04','Lab Technician',15000,47);
INSERT INTO lab_technician (id,education_level,departement_id) VALUES (909,'Magister',1);
INSERT INTO person (id,first_name,second_name,email,user_login,user_password,sex,date_of_birth,age,permission_level) VALUES (910,'David','Harvey','salasjennifer@hotmail.com','moorecrystal','OnQMyKnAimuUefh','M','1997-08-19',22,1);
INSERT INTO staff_member (id,employed_since,position,salary,room) VALUES (910,'2017-02-14','Maintanence Worker',15000,60);
INSERT INTO maintanence_worker (id,employment_type,speciality) VALUES (910,'Part time','Furniture');
INSERT INTO person (id,first_name,second_name,email,user_login,user_password,sex,date_of_birth,age,permission_level) VALUES (911,'Scott','Campbell','donovankatherine@hotmail.com','lnelson','HHrgVsDxwWa','M','1938-05-27',81,4);
INSERT INTO staff_member (id,employed_since,position,salary,room) VALUES (911,'2013-12-31','Reseptionist',15000,56);
INSERT INTO reseptionist (id) VALUES (911);
INSERT INTO languages_spoken (reseptionist_id,language) VALUES (911,'ArabicPortuguesRussianArabicItalianItalian');
INSERT INTO person (id,first_name,second_name,email,user_login,user_password,sex,date_of_birth,age,permission_level) VALUES (912,'Robert','Anderson','aprilmartin@yahoo.com','chenamy','nRdobtGyIaob','M','1934-05-18',85,4);
INSERT INTO staff_member (id,employed_since,position,salary,room) VALUES (912,'2015-12-11','Pharmasist',20000,69);
INSERT INTO pharmasist (id,education_level,research) VALUES (912,'Postgraduate',B'1');
INSERT INTO person (id,first_name,second_name,email,user_login,user_password,sex,date_of_birth,age,permission_level) VALUES (913,'Terry','White','gracedavis@hotmail.com','zwalls','WkLGrCMGRihTWGM','M','1952-12-09',67,3);
INSERT INTO staff_member (id,employed_since,position,salary,room) VALUES (913,'2017-08-23','Professor',35000,39);
INSERT INTO professor (id,research_topic,surgery_participation,departement_id) VALUES (913,'Critical Care Medicine Specialist',B'1',2);
INSERT INTO person (id,first_name,second_name,email,user_login,user_password,sex,date_of_birth,age,permission_level) VALUES (914,'Gregory','Henderson','hawkinserica@gmail.com','karen82','JDuOgBqZfutYpA','M','2013-10-01',6,3);
INSERT INTO staff_member (id,employed_since,position,salary,room) VALUES (914,'2015-10-31','HR',30000,66);
INSERT INTO hr (id,selection_responsibility) VALUES (914,'Interview');
INSERT INTO person (id,first_name,second_name,email,user_login,user_password,sex,date_of_birth,age,permission_level) VALUES (915,'Wanda','Santos','kimberlybraun@gmail.com','jessicasanders','EMoVCGLoXuTG','F','2006-05-04',13,2);
INSERT INTO staff_member (id,employed_since,position,salary,room) VALUES (915,'2016-09-20','Doctor',35000,16);
INSERT INTO doctor (id,speciality,emergency_hours,experience,departement_id,supervisor) VALUES (915,'Urologist',B'0',10,3,338);
INSERT INTO person (id,first_name,second_name,email,user_login,user_password,sex,date_of_birth,age,permission_level) VALUES (916,'Olivia','Fox','kcampbell@gmail.com','toddtaylor','gpFqMSAhqnlRwX','F','1955-08-06',64,4);
INSERT INTO patient (id) VALUES (916);
INSERT INTO patients_address (street,house,apartement) VALUES ('Michelle st.','88','9');
INSERT INTO medical_history (patient_id,date) VALUES (916,'2019-11-03');
INSERT INTO person (id,first_name,second_name,email,user_login,user_password,sex,date_of_birth,age,permission_level) VALUES (917,'David','Reyes','joseph55@hotmail.com','kpalmer','RbdsjQpkQjDdBfm','M','1982-04-24',37,2);
INSERT INTO patient (id) VALUES (917);
INSERT INTO patients_address (street,house,apartement) VALUES ('Jason st.','60','7');
INSERT INTO medical_history (patient_id,date) VALUES (917,'2019-10-30');
INSERT INTO person (id,first_name,second_name,email,user_login,user_password,sex,date_of_birth,age,permission_level) VALUES (918,'Amy','Gray','grahammarcus@hotmail.com','jonesgabrielle','ZZsAJbaASdi','F','1923-06-27',96,5);
INSERT INTO staff_member (id,employed_since,position,salary,room) VALUES (918,'2019-10-02','Doctor',35000,16);
INSERT INTO doctor (id,speciality,emergency_hours,experience,departement_id,supervisor) VALUES (918,'Oncologist',B'1',10,2,554);
INSERT INTO person (id,first_name,second_name,email,user_login,user_password,sex,date_of_birth,age,permission_level) VALUES (919,'Joe','Black','kaylatyler@hotmail.com','garciapamela','WIYwcZPOdesj','M','1966-10-31',53,1);
INSERT INTO staff_member (id,employed_since,position,salary,room) VALUES (919,'2011-12-05','Pharmasist',20000,70);
INSERT INTO pharmasist (id,education_level,research) VALUES (919,'Bachelor',B'0');
INSERT INTO person (id,first_name,second_name,email,user_login,user_password,sex,date_of_birth,age,permission_level) VALUES (920,'Larry','Hartman','melissawatkins@yahoo.com','victoriahuang','CawsZheaGllOnxG','M','1926-03-15',93,2);
INSERT INTO patient (id) VALUES (920);
INSERT INTO patients_address (street,house,apartement) VALUES ('Frank st.','14','9');
INSERT INTO medical_history (patient_id,date) VALUES (920,'2019-10-26');
INSERT INTO person (id,first_name,second_name,email,user_login,user_password,sex,date_of_birth,age,permission_level) VALUES (921,'Diana','Marsh','thomas81@gmail.com','yvonne35','Koagxxtk','F','1920-09-27',99,3);
INSERT INTO patient (id) VALUES (921);
INSERT INTO patients_address (street,house,apartement) VALUES ('Jose st.','18','6');
INSERT INTO medical_history (patient_id,date) VALUES (921,'2019-10-24');
INSERT INTO person (id,first_name,second_name,email,user_login,user_password,sex,date_of_birth,age,permission_level) VALUES (922,'Sierra','Haley','nortiz@gmail.com','timothy18','BFnEihheVQcHCr','F','1986-09-21',33,2);
INSERT INTO staff_member (id,employed_since,position,salary,room) VALUES (922,'2012-01-21','Nurse',25000,10);
INSERT INTO nurse (id,surgery_assistant,preferred_shifts,appointment_assistant,departement_id) VALUES (922,B'1','Night',B'1',3);
INSERT INTO person (id,first_name,second_name,email,user_login,user_password,sex,date_of_birth,age,permission_level) VALUES (923,'Lauren','Howe','andrew55@yahoo.com','jasonmoore','lcinwXXhqp','F','1927-06-02',92,1);
INSERT INTO staff_member (id,employed_since,position,salary,room) VALUES (923,'2011-12-04','Pharmasist',20000,68);
INSERT INTO pharmasist (id,education_level,research) VALUES (923,'PhD',B'1');
INSERT INTO person (id,first_name,second_name,email,user_login,user_password,sex,date_of_birth,age,permission_level) VALUES (924,'Hannah','Villegas','anthony43@hotmail.com','oscarbailey','XCweOlcnJxEPOl','F','1998-04-09',21,3);
INSERT INTO staff_member (id,employed_since,position,salary,room) VALUES (924,'2018-08-30','Nurse',25000,10);
INSERT INTO nurse (id,surgery_assistant,preferred_shifts,appointment_assistant,departement_id) VALUES (924,B'1','Day',B'0',3);
INSERT INTO person (id,first_name,second_name,email,user_login,user_password,sex,date_of_birth,age,permission_level) VALUES (925,'Dr.','Victoria','mooreeric@yahoo.com','traciedavis','zisOXbZtjhZ','F','1936-07-28',83,5);
INSERT INTO staff_member (id,employed_since,position,salary,room) VALUES (925,'2013-03-20','Doctor',35000,16);
INSERT INTO doctor (id,speciality,emergency_hours,experience,departement_id,supervisor) VALUES (925,'Dermatologist',B'1',2,2,517);
INSERT INTO person (id,first_name,second_name,email,user_login,user_password,sex,date_of_birth,age,permission_level) VALUES (926,'Melissa','Anthony','thomassmith@hotmail.com','mary22','AnElvNnGb','F','1964-04-19',55,2);
INSERT INTO staff_member (id,employed_since,position,salary,room) VALUES (926,'2017-07-05','Nurse',25000,10);
INSERT INTO nurse (id,surgery_assistant,preferred_shifts,appointment_assistant,departement_id) VALUES (926,B'0','Night',B'0',10);
INSERT INTO person (id,first_name,second_name,email,user_login,user_password,sex,date_of_birth,age,permission_level) VALUES (927,'Alexandra','Richards','heidiruiz@hotmail.com','susanlee','yfGbYXhIcP','F','1920-07-17',99,2);
INSERT INTO patient (id) VALUES (927);
INSERT INTO patients_address (street,house,apartement) VALUES ('Rachel st.','71','9');
INSERT INTO medical_history (patient_id,date) VALUES (927,'2019-11-11');
INSERT INTO person (id,first_name,second_name,email,user_login,user_password,sex,date_of_birth,age,permission_level) VALUES (928,'Benjamin','Coleman','ztorres@hotmail.com','cynthia74','XeRBVxcauoovv','M','1948-09-16',71,2);
INSERT INTO staff_member (id,employed_since,position,salary,room) VALUES (928,'2011-10-11','Reseptionist',15000,56);
INSERT INTO reseptionist (id) VALUES (928);
INSERT INTO languages_spoken (reseptionist_id,language) VALUES (928,'TatarTatarArabicTatarTatarRussian');
INSERT INTO person (id,first_name,second_name,email,user_login,user_password,sex,date_of_birth,age,permission_level) VALUES (929,'Jeanette','Sanders','eugenehanson@yahoo.com','bradleylaura','feeZNrJ','F','1977-10-12',42,5);
INSERT INTO patient (id) VALUES (929);
INSERT INTO patients_address (street,house,apartement) VALUES ('Bethany st.','46','9');
INSERT INTO medical_history (patient_id,date) VALUES (929,'2019-10-28');
INSERT INTO person (id,first_name,second_name,email,user_login,user_password,sex,date_of_birth,age,permission_level) VALUES (930,'Brianna','Dixon','juarezsamantha@hotmail.com','josephkirby','OQLdWudQMDX','F','1995-09-02',24,2);
INSERT INTO staff_member (id,employed_since,position,salary,room) VALUES (930,'2012-09-29','Doctor',35000,24);
INSERT INTO doctor (id,speciality,emergency_hours,experience,departement_id,supervisor) VALUES (930,'Gastroenterologist',B'0',3,8,770);
INSERT INTO person (id,first_name,second_name,email,user_login,user_password,sex,date_of_birth,age,permission_level) VALUES (931,'Sheri','Preston','dgallagher@yahoo.com','henry45','KZiSCfg','F','1965-03-14',54,4);
INSERT INTO patient (id) VALUES (931);
INSERT INTO patients_address (street,house,apartement) VALUES ('Aaron st.','72','4');
INSERT INTO medical_history (patient_id,date) VALUES (931,'2019-11-23');
INSERT INTO person (id,first_name,second_name,email,user_login,user_password,sex,date_of_birth,age,permission_level) VALUES (932,'Robert','Martin','aaronturner@gmail.com','kimjuan','bUJPwgEAFXLlfR','M','1919-08-24',100,3);
INSERT INTO patient (id) VALUES (932);
INSERT INTO patients_address (street,house,apartement) VALUES ('Antonio st.','8','3');
INSERT INTO medical_history (patient_id,date) VALUES (932,'2019-11-20');
INSERT INTO person (id,first_name,second_name,email,user_login,user_password,sex,date_of_birth,age,permission_level) VALUES (933,'Diana','Hammond','lisa78@hotmail.com','ricky62','aCgYRmQ','F','2004-08-21',15,4);
INSERT INTO staff_member (id,employed_since,position,salary,room) VALUES (933,'2019-08-03','Doctor',35000,15);
INSERT INTO doctor (id,speciality,emergency_hours,experience,departement_id,supervisor) VALUES (933,'General Surgeon',B'1',8,3,532);
INSERT INTO person (id,first_name,second_name,email,user_login,user_password,sex,date_of_birth,age,permission_level) VALUES (934,'Sara','Martinez','nicoleburke@gmail.com','gramirez','GnayvYuAE','F','1911-12-04',108,5);
INSERT INTO staff_member (id,employed_since,position,salary,room) VALUES (934,'2010-07-10','Doctor',35000,27);
INSERT INTO doctor (id,speciality,emergency_hours,experience,departement_id,supervisor) VALUES (934,'Neurologist',B'1',7,6,504);
INSERT INTO person (id,first_name,second_name,email,user_login,user_password,sex,date_of_birth,age,permission_level) VALUES (935,'Donna','Ryan','lcole@gmail.com','cynthiacortez','tmsVVxSPGGYo','F','1943-08-16',76,1);
INSERT INTO staff_member (id,employed_since,position,salary,room) VALUES (935,'2013-09-30','Doctor',35000,11);
INSERT INTO doctor (id,speciality,emergency_hours,experience,departement_id,supervisor) VALUES (935,'General Surgeon',B'0',3,8,399);
INSERT INTO person (id,first_name,second_name,email,user_login,user_password,sex,date_of_birth,age,permission_level) VALUES (936,'Victoria','Donovan','murrayjohn@yahoo.com','sarahwilkinson','DIqenZmOllG','F','1990-05-11',29,5);
INSERT INTO staff_member (id,employed_since,position,salary,room) VALUES (936,'2017-06-27','Doctor',35000,12);
INSERT INTO doctor (id,speciality,emergency_hours,experience,departement_id,supervisor) VALUES (936,'Emergency Medicine Specialist',B'0',10,6,745);
INSERT INTO person (id,first_name,second_name,email,user_login,user_password,sex,date_of_birth,age,permission_level) VALUES (937,'Charles','Morales','jennaford@gmail.com','justin09','ZCHuRckizu','M','1962-03-31',57,2);
INSERT INTO staff_member (id,employed_since,position,salary,room) VALUES (937,'2019-02-19','Professor',35000,31);
INSERT INTO professor (id,research_topic,surgery_participation,departement_id) VALUES (937,'Medical Geneticist',B'1',9);
INSERT INTO person (id,first_name,second_name,email,user_login,user_password,sex,date_of_birth,age,permission_level) VALUES (938,'Timothy','Andrade','tylermclean@yahoo.com','timothyfigueroa','pkntIhxLsW','M','1955-11-29',64,3);
INSERT INTO staff_member (id,employed_since,position,salary,room) VALUES (938,'2014-09-11','Nurse',25000,6);
INSERT INTO nurse (id,surgery_assistant,preferred_shifts,appointment_assistant,departement_id) VALUES (938,B'1','Day',B'1',7);
INSERT INTO person (id,first_name,second_name,email,user_login,user_password,sex,date_of_birth,age,permission_level) VALUES (939,'Miss','Heather','jean10@gmail.com','torresdeborah','QbEWfoJltwxFdqy','F','2016-07-27',3,3);
INSERT INTO staff_member (id,employed_since,position,salary,room) VALUES (939,'2011-07-27','Pharmasist',20000,70);
INSERT INTO pharmasist (id,education_level,research) VALUES (939,'PhD',B'0');
INSERT INTO person (id,first_name,second_name,email,user_login,user_password,sex,date_of_birth,age,permission_level) VALUES (940,'Anthony','Garcia','andersonkelly@yahoo.com','aprilrobertson','kAByilaIyl','M','1993-07-30',26,5);
INSERT INTO staff_member (id,employed_since,position,salary,room) VALUES (940,'2019-04-24','HR',30000,64);
INSERT INTO hr (id,selection_responsibility) VALUES (940,'Interview');
INSERT INTO person (id,first_name,second_name,email,user_login,user_password,sex,date_of_birth,age,permission_level) VALUES (941,'Brittany','Porter','kimberlymeyer@hotmail.com','ulopez','UtgbGlkVd','F','1904-12-11',115,5);
INSERT INTO patient (id) VALUES (941);
INSERT INTO patients_address (street,house,apartement) VALUES ('Emma st.','97','8');
INSERT INTO medical_history (patient_id,date) VALUES (941,'2019-11-19');
INSERT INTO person (id,first_name,second_name,email,user_login,user_password,sex,date_of_birth,age,permission_level) VALUES (942,'Eric','Glenn','taylormarie@hotmail.com','jensentimothy','VskREbtIJuShzRY','M','1945-03-22',74,4);
INSERT INTO staff_member (id,employed_since,position,salary,room) VALUES (942,'2018-04-30','Cleaning Team Worker',10000,51);
INSERT INTO cleaning_team_worker (id,employment_type) VALUES (942,'Full time');
INSERT INTO person (id,first_name,second_name,email,user_login,user_password,sex,date_of_birth,age,permission_level) VALUES (943,'Brenda','Kane','richard66@gmail.com','wrogers','AVVrSFrmNzmHJT','F','1934-10-15',85,5);
INSERT INTO staff_member (id,employed_since,position,salary,room) VALUES (943,'2016-02-06','Nurse',25000,8);
INSERT INTO nurse (id,surgery_assistant,preferred_shifts,appointment_assistant,departement_id) VALUES (943,B'1','Night',B'1',6);
INSERT INTO person (id,first_name,second_name,email,user_login,user_password,sex,date_of_birth,age,permission_level) VALUES (944,'Michael','Black','ronaldpark@hotmail.com','chamilton','wrTkfxAonMjmT','M','1919-07-26',100,3);
INSERT INTO staff_member (id,employed_since,position,salary,room) VALUES (944,'2012-03-29','Nurse',25000,4);
INSERT INTO nurse (id,surgery_assistant,preferred_shifts,appointment_assistant,departement_id) VALUES (944,B'1','Night',B'0',7);
INSERT INTO person (id,first_name,second_name,email,user_login,user_password,sex,date_of_birth,age,permission_level) VALUES (945,'Daniel','Alexander','edward91@yahoo.com','nsmith','CHYyqhB','M','1928-03-20',91,4);
INSERT INTO patient (id) VALUES (945);
INSERT INTO patients_address (street,house,apartement) VALUES ('Stephen st.','54','6');
INSERT INTO medical_history (patient_id,date) VALUES (945,'2019-11-04');
INSERT INTO person (id,first_name,second_name,email,user_login,user_password,sex,date_of_birth,age,permission_level) VALUES (946,'Andrew','Guerra','monicagardner@hotmail.com','walterwinters','TXfndOXeuXPpHVD','M','1918-12-23',101,1);
INSERT INTO staff_member (id,employed_since,position,salary,room) VALUES (946,'2009-11-26','Professor',35000,37);
INSERT INTO professor (id,research_topic,surgery_participation,departement_id) VALUES (946,'Pathologist',B'1',10);
INSERT INTO person (id,first_name,second_name,email,user_login,user_password,sex,date_of_birth,age,permission_level) VALUES (947,'Amy','Choi','dunlapashley@hotmail.com','lanejonathon','KuFtSnDI','F','1934-02-17',85,5);
INSERT INTO patient (id) VALUES (947);
INSERT INTO patients_address (street,house,apartement) VALUES ('Mason st.','27','4');
INSERT INTO medical_history (patient_id,date) VALUES (947,'2019-10-17');
INSERT INTO person (id,first_name,second_name,email,user_login,user_password,sex,date_of_birth,age,permission_level) VALUES (948,'Shannon','Johnson','aguilarteresa@yahoo.com','lgarcia','SPfzxiiLmrIbjEW','F','1904-07-10',115,4);
INSERT INTO staff_member (id,employed_since,position,salary,room) VALUES (948,'2019-10-12','Maintanence Worker',15000,57);
INSERT INTO maintanence_worker (id,employment_type,speciality) VALUES (948,'Full time','Machines');
INSERT INTO person (id,first_name,second_name,email,user_login,user_password,sex,date_of_birth,age,permission_level) VALUES (949,'Jason','Callahan','ngilbert@hotmail.com','shirleypayne','vhWCgPBabiKsmB','M','1944-01-26',75,3);
INSERT INTO patient (id) VALUES (949);
INSERT INTO patients_address (street,house,apartement) VALUES ('Sara st.','70','5');
INSERT INTO medical_history (patient_id,date) VALUES (949,'2019-10-31');
INSERT INTO person (id,first_name,second_name,email,user_login,user_password,sex,date_of_birth,age,permission_level) VALUES (950,'Aaron','Mendez','melvinortega@gmail.com','tbarrett','jIYgZgIqj','M','2017-05-18',2,2);
INSERT INTO staff_member (id,employed_since,position,salary,room) VALUES (950,'2014-08-13','Nurse',25000,10);
INSERT INTO nurse (id,surgery_assistant,preferred_shifts,appointment_assistant,departement_id) VALUES (950,B'0','Night',B'0',9);
INSERT INTO person (id,first_name,second_name,email,user_login,user_password,sex,date_of_birth,age,permission_level) VALUES (951,'Ryan','Davis','brittany98@gmail.com','kylenixon','iksjNaQCv','M','1944-07-08',75,2);
INSERT INTO staff_member (id,employed_since,position,salary,room) VALUES (951,'2015-12-25','Nurse',25000,10);
INSERT INTO nurse (id,surgery_assistant,preferred_shifts,appointment_assistant,departement_id) VALUES (951,B'0','Night',B'0',3);
INSERT INTO person (id,first_name,second_name,email,user_login,user_password,sex,date_of_birth,age,permission_level) VALUES (952,'Christopher','Caldwell','ysanchez@yahoo.com','vaughnamanda','FllDjtOBVudC','M','2019-03-30',0,3);
INSERT INTO patient (id) VALUES (952);
INSERT INTO patients_address (street,house,apartement) VALUES ('Mason st.','36','10');
INSERT INTO medical_history (patient_id,date) VALUES (952,'2019-10-30');
INSERT INTO person (id,first_name,second_name,email,user_login,user_password,sex,date_of_birth,age,permission_level) VALUES (953,'Edward','Zhang','kcox@hotmail.com','jeremiah98','UzVaAWHdYgZsJgh','M','1922-04-04',97,1);
INSERT INTO staff_member (id,employed_since,position,salary,room) VALUES (953,'2018-11-12','Lab Technician',15000,50);
INSERT INTO lab_technician (id,education_level,departement_id) VALUES (953,'Bachelor',4);
INSERT INTO person (id,first_name,second_name,email,user_login,user_password,sex,date_of_birth,age,permission_level) VALUES (954,'Timothy','Munoz','rodriguezmonique@hotmail.com','timothyhicks','OdOsCvhgfpdihAe','M','1911-01-13',108,4);
INSERT INTO staff_member (id,employed_since,position,salary,room) VALUES (954,'2018-04-28','Cleaning Team Worker',10000,52);
INSERT INTO cleaning_team_worker (id,employment_type) VALUES (954,'Part time');
INSERT INTO person (id,first_name,second_name,email,user_login,user_password,sex,date_of_birth,age,permission_level) VALUES (955,'Jodi','Anthony','dgregory@hotmail.com','richardball','xNJrpPZFF','F','1925-04-24',94,5);
INSERT INTO staff_member (id,employed_since,position,salary,room) VALUES (955,'2013-03-22','Security Team Member',10000,63);
INSERT INTO security_team_member (id,shifts,physical_test_grade) VALUES (955,'Day','C');
INSERT INTO person (id,first_name,second_name,email,user_login,user_password,sex,date_of_birth,age,permission_level) VALUES (956,'John','Blair','krobles@yahoo.com','nicoleharrington','LgDTGbujRLM','M','2003-02-03',16,4);
INSERT INTO staff_member (id,employed_since,position,salary,room) VALUES (956,'2015-06-15','Professor',35000,31);
INSERT INTO professor (id,research_topic,surgery_participation,departement_id) VALUES (956,'Internist',B'0',4);
INSERT INTO person (id,first_name,second_name,email,user_login,user_password,sex,date_of_birth,age,permission_level) VALUES (957,'Adriana','Garrison','usoto@yahoo.com','charleslawrence','YHXqDYC','F','1928-11-27',91,4);
INSERT INTO staff_member (id,employed_since,position,salary,room) VALUES (957,'2012-02-11','IT Specialist',15000,74);
INSERT INTO IT_specialist (id,support_line) VALUES (957,B'1');
INSERT INTO person (id,first_name,second_name,email,user_login,user_password,sex,date_of_birth,age,permission_level) VALUES (958,'Joseph','Wise','smcknight@yahoo.com','darleneball','IbbOivubppFLxmT','M','1976-05-05',43,1);
INSERT INTO staff_member (id,employed_since,position,salary,room) VALUES (958,'2012-07-14','Nurse',25000,6);
INSERT INTO nurse (id,surgery_assistant,preferred_shifts,appointment_assistant,departement_id) VALUES (958,B'0','Day',B'1',2);
INSERT INTO person (id,first_name,second_name,email,user_login,user_password,sex,date_of_birth,age,permission_level) VALUES (959,'Robert','Hall','uhunter@yahoo.com','tracierodriguez','XaljYJhApLPHxG','M','1971-11-12',48,2);
INSERT INTO patient (id) VALUES (959);
INSERT INTO patients_address (street,house,apartement) VALUES ('Joshua st.','6','8');
INSERT INTO medical_history (patient_id,date) VALUES (959,'2019-10-29');
INSERT INTO person (id,first_name,second_name,email,user_login,user_password,sex,date_of_birth,age,permission_level) VALUES (960,'Mrs.','Angela','makaylarichardson@hotmail.com','suzanne77','XwXrgKpqh','F','1951-09-30',68,2);
INSERT INTO staff_member (id,employed_since,position,salary,room) VALUES (960,'2016-06-13','Cleaning Team Worker',10000,53);
INSERT INTO cleaning_team_worker (id,employment_type) VALUES (960,'Full time');
INSERT INTO person (id,first_name,second_name,email,user_login,user_password,sex,date_of_birth,age,permission_level) VALUES (961,'Stephanie','Avery','chadrogers@yahoo.com','kylehawkins','mBRAtINDwntD','F','1942-07-13',77,2);
INSERT INTO staff_member (id,employed_since,position,salary,room) VALUES (961,'2019-09-25','Maintanence Worker',15000,58);
INSERT INTO maintanence_worker (id,employment_type,speciality) VALUES (961,'Part time','Furniture');
INSERT INTO person (id,first_name,second_name,email,user_login,user_password,sex,date_of_birth,age,permission_level) VALUES (962,'Tammy','Patterson','christopher65@gmail.com','brian48','GantIYLDqEhxq','F','1978-07-17',41,1);
INSERT INTO staff_member (id,employed_since,position,salary,room) VALUES (962,'2014-07-18','Reseptionist',15000,56);
INSERT INTO reseptionist (id) VALUES (962);
INSERT INTO languages_spoken (reseptionist_id,language) VALUES (962,'Portugues');
INSERT INTO person (id,first_name,second_name,email,user_login,user_password,sex,date_of_birth,age,permission_level) VALUES (963,'Destiny','James','charris@gmail.com','clee','KQEpIHCy','F','1965-04-11',54,1);
INSERT INTO patient (id) VALUES (963);
INSERT INTO patients_address (street,house,apartement) VALUES ('Marissa st.','78','7');
INSERT INTO medical_history (patient_id,date) VALUES (963,'2019-10-19');
INSERT INTO person (id,first_name,second_name,email,user_login,user_password,sex,date_of_birth,age,permission_level) VALUES (964,'Caroline','Bowen','phamilton@hotmail.com','lisa18','DFcKTKxF','F','1998-03-26',21,1);
INSERT INTO staff_member (id,employed_since,position,salary,room) VALUES (964,'2016-06-11','Doctor',35000,21);
INSERT INTO doctor (id,speciality,emergency_hours,experience,departement_id,supervisor) VALUES (964,'General Surgeon',B'1',4,3,126);
INSERT INTO person (id,first_name,second_name,email,user_login,user_password,sex,date_of_birth,age,permission_level) VALUES (965,'Kathryn','Mcintyre','atkinsjose@gmail.com','farleydeanna','boaSNrCpA','F','1929-12-01',90,2);
INSERT INTO staff_member (id,employed_since,position,salary,room) VALUES (965,'2019-05-03','Nurse',25000,5);
INSERT INTO nurse (id,surgery_assistant,preferred_shifts,appointment_assistant,departement_id) VALUES (965,B'1','Night',B'0',5);
INSERT INTO person (id,first_name,second_name,email,user_login,user_password,sex,date_of_birth,age,permission_level) VALUES (966,'Beth','Lyons','tabithadavis@hotmail.com','elizabeth89','eOUvMMlmThYEFlc','F','1982-10-31',37,3);
INSERT INTO staff_member (id,employed_since,position,salary,room) VALUES (966,'2013-06-07','Doctor',35000,28);
INSERT INTO doctor (id,speciality,emergency_hours,experience,departement_id,supervisor) VALUES (966,'Dermatologist',B'0',6,8,3);
INSERT INTO person (id,first_name,second_name,email,user_login,user_password,sex,date_of_birth,age,permission_level) VALUES (967,'Carol','Ortiz','douglassalinas@gmail.com','christopherhaynes','MUZdoLclzfYPaP','F','1988-10-15',31,1);
INSERT INTO staff_member (id,employed_since,position,salary,room) VALUES (967,'2010-02-09','Nurse',25000,8);
INSERT INTO nurse (id,surgery_assistant,preferred_shifts,appointment_assistant,departement_id) VALUES (967,B'0','Night',B'1',5);
INSERT INTO person (id,first_name,second_name,email,user_login,user_password,sex,date_of_birth,age,permission_level) VALUES (968,'Devon','Thompson','traci83@hotmail.com','tyler12','WwERBqomwYHt','M','1973-05-01',46,5);
INSERT INTO staff_member (id,employed_since,position,salary,room) VALUES (968,'2015-07-30','Doctor',35000,18);
INSERT INTO doctor (id,speciality,emergency_hours,experience,departement_id,supervisor) VALUES (968,'Medical Geneticist',B'0',1,5,244);
INSERT INTO person (id,first_name,second_name,email,user_login,user_password,sex,date_of_birth,age,permission_level) VALUES (969,'Brandy','Sanchez','vanessajordan@yahoo.com','jesusmartinez','kRHPBkkPmpf','F','1986-09-16',33,1);
INSERT INTO staff_member (id,employed_since,position,salary,room) VALUES (969,'2011-09-25','Cook',15000,72);
INSERT INTO cook (id,experience) VALUES (969,9);
INSERT INTO person (id,first_name,second_name,email,user_login,user_password,sex,date_of_birth,age,permission_level) VALUES (970,'Wendy','Sanchez','angelicasmith@hotmail.com','jessicarobinson','WCuNOBxIa','F','1911-02-27',108,3);
INSERT INTO staff_member (id,employed_since,position,salary,room) VALUES (970,'2014-07-02','Nurse',25000,10);
INSERT INTO nurse (id,surgery_assistant,preferred_shifts,appointment_assistant,departement_id) VALUES (970,B'1','Night',B'0',3);
INSERT INTO person (id,first_name,second_name,email,user_login,user_password,sex,date_of_birth,age,permission_level) VALUES (971,'Gina','Zamora','chungkaren@hotmail.com','welchtony','NFFmZSsddJSXqR','F','1971-12-09',48,2);
INSERT INTO staff_member (id,employed_since,position,salary,room) VALUES (971,'2014-10-13','Professor',35000,39);
INSERT INTO professor (id,research_topic,surgery_participation,departement_id) VALUES (971,'Plastic Surgeon',B'0',8);
INSERT INTO person (id,first_name,second_name,email,user_login,user_password,sex,date_of_birth,age,permission_level) VALUES (972,'Bryan','Mendoza','iyoung@hotmail.com','michael66','QRxJeBbRft','M','2014-04-05',5,4);
INSERT INTO patient (id) VALUES (972);
INSERT INTO patients_address (street,house,apartement) VALUES ('Cameron st.','92','2');
INSERT INTO medical_history (patient_id,date) VALUES (972,'2019-10-28');
INSERT INTO person (id,first_name,second_name,email,user_login,user_password,sex,date_of_birth,age,permission_level) VALUES (973,'Jordan','Bautista','mary71@yahoo.com','gardnerrobert','RBXWRzboHHMo','M','1992-09-19',27,1);
INSERT INTO staff_member (id,employed_since,position,salary,room) VALUES (973,'2014-10-05','Doctor',35000,20);
INSERT INTO doctor (id,speciality,emergency_hours,experience,departement_id,supervisor) VALUES (973,'Dermatologist',B'1',4,5,224);
INSERT INTO person (id,first_name,second_name,email,user_login,user_password,sex,date_of_birth,age,permission_level) VALUES (974,'Daryl','Hawkins','eric44@yahoo.com','morganwinters','WHNkvUweli','M','1963-08-19',56,4);
INSERT INTO staff_member (id,employed_since,position,salary,room) VALUES (974,'2010-04-26','Nurse',25000,7);
INSERT INTO nurse (id,surgery_assistant,preferred_shifts,appointment_assistant,departement_id) VALUES (974,B'0','Night',B'0',7);
INSERT INTO person (id,first_name,second_name,email,user_login,user_password,sex,date_of_birth,age,permission_level) VALUES (975,'Jesse','Smith','mlopez@gmail.com','yrobinson','mBfSUjdUJev','M','1985-10-24',34,4);
INSERT INTO staff_member (id,employed_since,position,salary,room) VALUES (975,'2019-10-01','Reseptionist',15000,56);
INSERT INTO reseptionist (id) VALUES (975);
INSERT INTO languages_spoken (reseptionist_id,language) VALUES (975,'PortuguesRussianPortugues');
INSERT INTO person (id,first_name,second_name,email,user_login,user_password,sex,date_of_birth,age,permission_level) VALUES (976,'Jonathan','Lopez','martinheather@yahoo.com','wpotts','VwlyBaDaGkoJliJ','M','2010-03-28',9,1);
INSERT INTO staff_member (id,employed_since,position,salary,room) VALUES (976,'2015-01-29','Cleaning Team Worker',10000,54);
INSERT INTO cleaning_team_worker (id,employment_type) VALUES (976,'Full time');
INSERT INTO person (id,first_name,second_name,email,user_login,user_password,sex,date_of_birth,age,permission_level) VALUES (977,'Teresa','Bonilla','wcannon@hotmail.com','bdavis','LXTjqTRXPCOTn','F','2018-03-17',1,5);
INSERT INTO staff_member (id,employed_since,position,salary,room) VALUES (977,'2013-10-05','Nurse',25000,6);
INSERT INTO nurse (id,surgery_assistant,preferred_shifts,appointment_assistant,departement_id) VALUES (977,B'1','Night',B'1',10);
INSERT INTO person (id,first_name,second_name,email,user_login,user_password,sex,date_of_birth,age,permission_level) VALUES (978,'Timothy','Bryant','kelsey83@hotmail.com','lindsaydavies','WPBnEqZybT','M','2007-02-03',12,4);
INSERT INTO staff_member (id,employed_since,position,salary,room) VALUES (978,'2010-04-07','Nurse',25000,9);
INSERT INTO nurse (id,surgery_assistant,preferred_shifts,appointment_assistant,departement_id) VALUES (978,B'0','Night',B'1',8);
INSERT INTO person (id,first_name,second_name,email,user_login,user_password,sex,date_of_birth,age,permission_level) VALUES (979,'Brian','Moody','allenmorgan@hotmail.com','rbowman','jzUjaYGRaZHUn','M','1974-09-17',45,5);
INSERT INTO staff_member (id,employed_since,position,salary,room) VALUES (979,'2014-02-28','Reseptionist',15000,56);
INSERT INTO reseptionist (id) VALUES (979);
INSERT INTO languages_spoken (reseptionist_id,language) VALUES (979,'EnglishEnglishTatarItalianTatarItalian');
INSERT INTO person (id,first_name,second_name,email,user_login,user_password,sex,date_of_birth,age,permission_level) VALUES (980,'Patrick','Grant','garciamichelle@hotmail.com','debra12','FbyklLOkCXl','M','1936-08-20',83,1);
INSERT INTO staff_member (id,employed_since,position,salary,room) VALUES (980,'2018-10-15','Cleaning Team Worker',10000,53);
INSERT INTO cleaning_team_worker (id,employment_type) VALUES (980,'Part time');
INSERT INTO person (id,first_name,second_name,email,user_login,user_password,sex,date_of_birth,age,permission_level) VALUES (981,'Katrina','Serrano','johncarter@hotmail.com','wigginssteven','lrTrUUFSOVoj','F','2012-12-03',7,3);
INSERT INTO staff_member (id,employed_since,position,salary,room) VALUES (981,'2018-02-24','Nurse',25000,7);
INSERT INTO nurse (id,surgery_assistant,preferred_shifts,appointment_assistant,departement_id) VALUES (981,B'1','Day',B'1',4);
INSERT INTO person (id,first_name,second_name,email,user_login,user_password,sex,date_of_birth,age,permission_level) VALUES (982,'Sharon','Perez','bartoncrystal@gmail.com','daniel78','MrvBJAhAP','F','1933-01-23',86,3);
INSERT INTO staff_member (id,employed_since,position,salary,room) VALUES (982,'2016-11-16','Cleaning Team Worker',10000,53);
INSERT INTO cleaning_team_worker (id,employment_type) VALUES (982,'Part time');
INSERT INTO person (id,first_name,second_name,email,user_login,user_password,sex,date_of_birth,age,permission_level) VALUES (983,'Stephanie','Castillo','cwells@gmail.com','jonathanpatel','zKMznKn','F','1962-03-20',57,3);
INSERT INTO patient (id) VALUES (983);
INSERT INTO patients_address (street,house,apartement) VALUES ('Todd st.','27','5');
INSERT INTO medical_history (patient_id,date) VALUES (983,'2019-11-23');
INSERT INTO person (id,first_name,second_name,email,user_login,user_password,sex,date_of_birth,age,permission_level) VALUES (984,'Paul','Jackson','ustein@gmail.com','alyssaanderson','yTRFROIkgJlcpnj','M','1979-03-04',40,2);
INSERT INTO patient (id) VALUES (984);
INSERT INTO patients_address (street,house,apartement) VALUES ('Melissa st.','40','4');
INSERT INTO medical_history (patient_id,date) VALUES (984,'2019-10-23');
INSERT INTO person (id,first_name,second_name,email,user_login,user_password,sex,date_of_birth,age,permission_level) VALUES (985,'Janet','Harrison','hgilbert@hotmail.com','nswanson','JxuctQNBNj','F','1908-08-18',111,4);
INSERT INTO staff_member (id,employed_since,position,salary,room) VALUES (985,'2010-12-16','Professor',35000,34);
INSERT INTO professor (id,research_topic,surgery_participation,departement_id) VALUES (985,'Internist',B'0',6);
INSERT INTO person (id,first_name,second_name,email,user_login,user_password,sex,date_of_birth,age,permission_level) VALUES (986,'Steven','Lewis','zmaxwell@yahoo.com','deannadominguez','XnfANvF','M','1938-12-08',81,4);
INSERT INTO staff_member (id,employed_since,position,salary,room) VALUES (986,'2013-04-06','Priest',15000,80);
INSERT INTO priest (id,religion) VALUES (986,'Judaism');
INSERT INTO person (id,first_name,second_name,email,user_login,user_password,sex,date_of_birth,age,permission_level) VALUES (987,'James','Bailey','lisahernandez@hotmail.com','nicole36','AtEAaVgXyR','M','1972-12-27',47,1);
INSERT INTO staff_member (id,employed_since,position,salary,room) VALUES (987,'2017-06-20','Nurse',25000,6);
INSERT INTO nurse (id,surgery_assistant,preferred_shifts,appointment_assistant,departement_id) VALUES (987,B'0','Night',B'1',1);
INSERT INTO person (id,first_name,second_name,email,user_login,user_password,sex,date_of_birth,age,permission_level) VALUES (988,'Joan','Morris','bholmes@yahoo.com','ingramgina','yZvWFBMnYkUrtS','F','1961-03-27',58,3);
INSERT INTO staff_member (id,employed_since,position,salary,room) VALUES (988,'2015-12-26','Doctor',35000,17);
INSERT INTO doctor (id,speciality,emergency_hours,experience,departement_id,supervisor) VALUES (988,'Psychiatrist',B'0',9,8,583);
INSERT INTO person (id,first_name,second_name,email,user_login,user_password,sex,date_of_birth,age,permission_level) VALUES (989,'James','Davis','morganerica@gmail.com','danacole','MAeTnUC','M','1918-01-14',101,3);
INSERT INTO patient (id) VALUES (989);
INSERT INTO patients_address (street,house,apartement) VALUES ('Andrea st.','59','5');
INSERT INTO medical_history (patient_id,date) VALUES (989,'2019-11-05');
INSERT INTO person (id,first_name,second_name,email,user_login,user_password,sex,date_of_birth,age,permission_level) VALUES (990,'Seth','Haney','collinsann@gmail.com','allisongrant','SmrmZRKkBzX','M','1947-12-15',72,2);
INSERT INTO staff_member (id,employed_since,position,salary,room) VALUES (990,'2016-02-24','Doctor',35000,23);
INSERT INTO doctor (id,speciality,emergency_hours,experience,departement_id,supervisor) VALUES (990,'Critical Care Medicine Specialist',B'0',8,9,222);
INSERT INTO person (id,first_name,second_name,email,user_login,user_password,sex,date_of_birth,age,permission_level) VALUES (991,'Kristen','Smith','lorihendrix@yahoo.com','reynoldsjessica','LlvMoKXbtbhMl','F','1983-04-26',36,2);
INSERT INTO staff_member (id,employed_since,position,salary,room) VALUES (991,'2013-06-02','Doctor',35000,22);
INSERT INTO doctor (id,speciality,emergency_hours,experience,departement_id,supervisor) VALUES (991,'Medicine Specialist',B'1',8,3,851);
INSERT INTO person (id,first_name,second_name,email,user_login,user_password,sex,date_of_birth,age,permission_level) VALUES (992,'Micheal','Davis','samantha60@yahoo.com','dmoore','JTpJyjBfuvTgekw','M','2018-07-23',1,1);
INSERT INTO staff_member (id,employed_since,position,salary,room) VALUES (992,'2019-06-27','Doctor',35000,22);
INSERT INTO doctor (id,speciality,emergency_hours,experience,departement_id,supervisor) VALUES (992,'Colon Surgeon',B'1',6,6,579);
INSERT INTO person (id,first_name,second_name,email,user_login,user_password,sex,date_of_birth,age,permission_level) VALUES (993,'John','Johnston','ortizamanda@hotmail.com','rdorsey','krzmnaO','M','1930-08-06',89,5);
INSERT INTO staff_member (id,employed_since,position,salary,room) VALUES (993,'2010-10-09','Lab Technician',15000,47);
INSERT INTO lab_technician (id,education_level,departement_id) VALUES (993,'Postgraduate',2);
INSERT INTO person (id,first_name,second_name,email,user_login,user_password,sex,date_of_birth,age,permission_level) VALUES (994,'Lydia','Day','aliciaford@gmail.com','careyalec','pBCaSlSUeW','F','1953-11-13',66,4);
INSERT INTO staff_member (id,employed_since,position,salary,room) VALUES (994,'2019-08-30','Maintanence Worker',15000,60);
INSERT INTO maintanence_worker (id,employment_type,speciality) VALUES (994,'Part time','Furniture');
INSERT INTO person (id,first_name,second_name,email,user_login,user_password,sex,date_of_birth,age,permission_level) VALUES (995,'Morgan','Carter','blewis@gmail.com','breanna36','NEfQrNuvYv','F','1972-09-06',47,3);
INSERT INTO staff_member (id,employed_since,position,salary,room) VALUES (995,'2012-10-05','Reseptionist',15000,56);
INSERT INTO reseptionist (id) VALUES (995);
INSERT INTO languages_spoken (reseptionist_id,language) VALUES (995,'ItalianEnglish');
INSERT INTO person (id,first_name,second_name,email,user_login,user_password,sex,date_of_birth,age,permission_level) VALUES (996,'Troy','Shah','joshuamartinez@gmail.com','loweryrobert','uURJAQCQ','M','1961-05-02',58,4);
INSERT INTO staff_member (id,employed_since,position,salary,room) VALUES (996,'2017-04-28','Professor',35000,38);
INSERT INTO professor (id,research_topic,surgery_participation,departement_id) VALUES (996,'Urologist',B'0',2);
INSERT INTO person (id,first_name,second_name,email,user_login,user_password,sex,date_of_birth,age,permission_level) VALUES (997,'Aaron','Hopkins','pgates@yahoo.com','lisa69','OJrQRmuZbxq','M','1957-07-17',62,5);
INSERT INTO staff_member (id,employed_since,position,salary,room) VALUES (997,'2015-01-29','IT Specialist',15000,75);
INSERT INTO IT_specialist (id,support_line) VALUES (997,B'0');
INSERT INTO person (id,first_name,second_name,email,user_login,user_password,sex,date_of_birth,age,permission_level) VALUES (998,'Ms.','Alexis','davissean@yahoo.com','perezmary','cypewjqG','F','1973-08-29',46,3);
INSERT INTO staff_member (id,employed_since,position,salary,room) VALUES (998,'2017-03-22','Maintanence Worker',15000,57);
INSERT INTO maintanence_worker (id,employment_type,speciality) VALUES (998,'Full time','Furniture');
INSERT INTO person (id,first_name,second_name,email,user_login,user_password,sex,date_of_birth,age,permission_level) VALUES (999,'Linda','Lucas','thomaslove@yahoo.com','angelahayes','JNWXgAJYa','F','1906-04-05',113,1);
INSERT INTO staff_member (id,employed_since,position,salary,room) VALUES (999,'2016-06-25','IT Specialist',15000,76);
INSERT INTO IT_specialist (id,support_line) VALUES (999,B'1');
INSERT INTO person (id,first_name,second_name,email,user_login,user_password,sex,date_of_birth,age,permission_level) VALUES (1000,'Justin','Simpson','cindyramirez@yahoo.com','lindawilson','pYEEniKsza','M','1998-02-25',21,1);
INSERT INTO staff_member (id,employed_since,position,salary,room) VALUES (1000,'2010-04-08','Doctor',35000,16);
INSERT INTO doctor (id,speciality,emergency_hours,experience,departement_id,supervisor) VALUES (1000,'Emergency Medicine Specialist',B'0',8,6,193);