
INSERT INTO person (id,first_name,second_name,email,user_login,user_password,sex,date_of_birth,age,permission_level) VALUES (1,'Matthew','Reid','brettdaniels@hotmail.com','kristin38','CSMPIHEPm','M','1966-02-09',53,2);
INSERT INTO staff_member (id,employed_since,position,salary,room) VALUES (1,'2012-03-18','Head Doctor',100000,1);
INSERT INTO head_doctor (id,primary_speciality) VALUES (1,'Medicine Specialist');
INSERT INTO person (id,first_name,second_name,email,user_login,user_password,sex,date_of_birth,age,permission_level) VALUES (2,'Laura','Nelson','jsavage@gmail.com','susan08','aOfDqFADP','F','1949-12-29',70,2);
INSERT INTO patient (id) VALUES (2);
INSERT INTO patients_address (street,house,apartement) VALUES ('Sherri st.','17','2');
INSERT INTO medical_history (patient_id,date) VALUES (2,'2019-10-31');
INSERT INTO person (id,first_name,second_name,email,user_login,user_password,sex,date_of_birth,age,permission_level) VALUES (3,'Jake','Lee','bturner@hotmail.com','xmills','hVvNfLLtaZTHI','M','1999-06-29',20,1);
INSERT INTO staff_member (id,employed_since,position,salary,room) VALUES (3,'2012-01-17','Priest',15000,78);
INSERT INTO priest (id,religion) VALUES (3,'Christianity');
INSERT INTO person (id,first_name,second_name,email,user_login,user_password,sex,date_of_birth,age,permission_level) VALUES (4,'Laura','Finley','adamhill@yahoo.com','ralph58','rOBejaKfQZYh','F','2011-07-17',8,3);
INSERT INTO staff_member (id,employed_since,position,salary,room) VALUES (4,'2014-08-16','Doctor',35000,14);
INSERT INTO doctor (id,speciality,emergency_hours,experience,departement_id) VALUES (4,'Sports Medicine Specialist',B'1',1,4);
INSERT INTO person (id,first_name,second_name,email,user_login,user_password,sex,date_of_birth,age,permission_level) VALUES (5,'Lisa','Gallagher','vwatson@gmail.com','julialong','toqDXSGZw','F','1944-03-12',75,1);
INSERT INTO staff_member (id,employed_since,position,salary,room) VALUES (5,'2019-09-28','Maintanence Worker',15000,59);
INSERT INTO maintanence_worker (id,employment_type,speciality) VALUES (5,'Part time','Furniture');
INSERT INTO person (id,first_name,second_name,email,user_login,user_password,sex,date_of_birth,age,permission_level) VALUES (6,'David','Wong','fhart@hotmail.com','wagnerconnie','ChqTBaSBPjJa','M','1937-04-18',82,4);
INSERT INTO patient (id) VALUES (6);
INSERT INTO patients_address (street,house,apartement) VALUES ('Scott st.','2','1');
INSERT INTO medical_history (patient_id,date) VALUES (6,'2019-11-23');
INSERT INTO person (id,first_name,second_name,email,user_login,user_password,sex,date_of_birth,age,permission_level) VALUES (7,'Jessica','Harmon','zperry@yahoo.com','biancapeterson','VJEnfJlaQKfDs','F','1962-07-13',57,4);
INSERT INTO staff_member (id,employed_since,position,salary,room) VALUES (7,'2013-11-25','Professor',35000,35);
INSERT INTO professor (id,research_topic,surgery_participation,departement_id) VALUES (7,'Podiatrist',B'0',9);
INSERT INTO person (id,first_name,second_name,email,user_login,user_password,sex,date_of_birth,age,permission_level) VALUES (8,'Joseph','Green','ralphrodriguez@hotmail.com','santanajose','hmqRlgomCTIbH','M','1996-04-28',23,2);
INSERT INTO staff_member (id,employed_since,position,salary,room) VALUES (8,'2015-12-15','Cleaning Team Worker',10000,55);
INSERT INTO cleaning_team_worker (id,employment_type) VALUES (8,'Part time');
INSERT INTO person (id,first_name,second_name,email,user_login,user_password,sex,date_of_birth,age,permission_level) VALUES (9,'William','Suarez','nathanroth@hotmail.com','amy51','mNQZKcxW','M','2002-12-15',17,1);
INSERT INTO patient (id) VALUES (9);
INSERT INTO patients_address (street,house,apartement) VALUES ('Sean st.','70','10');
INSERT INTO medical_history (patient_id,date) VALUES (9,'2019-11-06');
INSERT INTO person (id,first_name,second_name,email,user_login,user_password,sex,date_of_birth,age,permission_level) VALUES (10,'Joel','King','sdaniels@gmail.com','zferguson','RtUuqtFznNSik','M','1931-06-16',88,2);
INSERT INTO staff_member (id,employed_since,position,salary,room) VALUES (10,'2011-06-03','Maintanence Worker',15000,59);
INSERT INTO maintanence_worker (id,employment_type,speciality) VALUES (10,'Part time','Furniture');
INSERT INTO person (id,first_name,second_name,email,user_login,user_password,sex,date_of_birth,age,permission_level) VALUES (11,'Jennifer','Chang','sydney51@hotmail.com','bowersterry','HWCwIOmlhdUE','F','1995-08-17',24,4);
INSERT INTO staff_member (id,employed_since,position,salary,room) VALUES (11,'2015-10-31','Nurse',25000,6);
INSERT INTO nurse (id,surgery_assistant,preferred_shifts,appointment_assistant,departement_id) VALUES (11,B'0','Day',B'1',8);
INSERT INTO person (id,first_name,second_name,email,user_login,user_password,sex,date_of_birth,age,permission_level) VALUES (12,'Emily','Walsh','thomas91@hotmail.com','johngonzalez','pVhkGNaNilSs','F','1973-01-01',46,2);
INSERT INTO staff_member (id,employed_since,position,salary,room) VALUES (12,'2015-09-16','HR',30000,67);
INSERT INTO hr (id,selection_responsibility) VALUES (12,'Interview');
INSERT INTO person (id,first_name,second_name,email,user_login,user_password,sex,date_of_birth,age,permission_level) VALUES (13,'Patricia','Rodriguez','elainerobinson@gmail.com','udonaldson','AWTcAdJjVxEiu','F','1940-04-29',79,3);
INSERT INTO staff_member (id,employed_since,position,salary,room) VALUES (13,'2009-11-25','Lab Technician',15000,43);
INSERT INTO lab_technician (id,education_level,departement_id) VALUES (13,'Magister',16);
INSERT INTO person (id,first_name,second_name,email,user_login,user_password,sex,date_of_birth,age,permission_level) VALUES (14,'Matthew','Wilson','raven18@yahoo.com','monroesusan','haKoXPkuLDivj','M','1918-11-17',101,4);
INSERT INTO staff_member (id,employed_since,position,salary,room) VALUES (14,'2011-10-09','Nurse',25000,10);
INSERT INTO nurse (id,surgery_assistant,preferred_shifts,appointment_assistant,departement_id) VALUES (14,B'1','Night',B'0',15);
INSERT INTO person (id,first_name,second_name,email,user_login,user_password,sex,date_of_birth,age,permission_level) VALUES (15,'Donna','Hull','parkermichael@gmail.com','lauriemartinez','ucLbOIp','F','1936-11-08',83,3);
INSERT INTO patient (id) VALUES (15);
INSERT INTO patients_address (street,house,apartement) VALUES ('Kristin st.','29','5');
INSERT INTO medical_history (patient_id,date) VALUES (15,'2019-11-02');
INSERT INTO person (id,first_name,second_name,email,user_login,user_password,sex,date_of_birth,age,permission_level) VALUES (16,'Jordan','Anderson','thomas14@hotmail.com','jbrewer','RtaedooxARL','M','1909-12-30',110,4);
INSERT INTO staff_member (id,employed_since,position,salary,room) VALUES (16,'2016-07-18','Professor',35000,36);
INSERT INTO professor (id,research_topic,surgery_participation,departement_id) VALUES (16,'Podiatrist',B'1',6);
INSERT INTO person (id,first_name,second_name,email,user_login,user_password,sex,date_of_birth,age,permission_level) VALUES (17,'Kevin','Robinson','thomas77@hotmail.com','yjames','woDWQototAcWz','M','2000-01-15',19,2);
INSERT INTO staff_member (id,employed_since,position,salary,room) VALUES (17,'2013-08-02','Professor',35000,38);
INSERT INTO professor (id,research_topic,surgery_participation,departement_id) VALUES (17,'Sports Medicine Specialist',B'1',2);
INSERT INTO person (id,first_name,second_name,email,user_login,user_password,sex,date_of_birth,age,permission_level) VALUES (18,'Julie','Miller','brendayu@yahoo.com','qchurch','scGTChfhxLhGCbo','F','1988-08-11',31,4);
INSERT INTO staff_member (id,employed_since,position,salary,room) VALUES (18,'2014-09-25','Doctor',35000,27);
INSERT INTO doctor (id,speciality,emergency_hours,experience,departement_id,supervisor) VALUES (18,'Physiatrist',B'0',7,7,4);
INSERT INTO person (id,first_name,second_name,email,user_login,user_password,sex,date_of_birth,age,permission_level) VALUES (19,'Mr.','Kenneth','moyerelizabeth@gmail.com','debragray','VmiJecutl','M','1915-08-22',104,1);
INSERT INTO staff_member (id,employed_since,position,salary,room) VALUES (19,'2010-08-04','Nurse',25000,3);
INSERT INTO nurse (id,surgery_assistant,preferred_shifts,appointment_assistant,departement_id) VALUES (19,B'0','Night',B'0',12);
INSERT INTO person (id,first_name,second_name,email,user_login,user_password,sex,date_of_birth,age,permission_level) VALUES (20,'Monica','Patterson','davidmahoney@hotmail.com','rachelnunez','lUQrizzc','F','1949-09-20',70,3);
INSERT INTO staff_member (id,employed_since,position,salary,room) VALUES (20,'2017-08-06','Doctor',35000,22);
INSERT INTO doctor (id,speciality,emergency_hours,experience,departement_id,supervisor) VALUES (20,'Osteopath',B'0',5,16,4);
INSERT INTO person (id,first_name,second_name,email,user_login,user_password,sex,date_of_birth,age,permission_level) VALUES (21,'Mark','Lambert','jsmith@hotmail.com','tdavis','nLowJSI','M','2002-03-10',17,2);
INSERT INTO staff_member (id,employed_since,position,salary,room) VALUES (21,'2010-12-04','Priest',15000,79);
INSERT INTO priest (id,religion) VALUES (21,'Islam');
INSERT INTO person (id,first_name,second_name,email,user_login,user_password,sex,date_of_birth,age,permission_level) VALUES (22,'Joyce','Turner','irandall@gmail.com','jamesangie','SwpvVcnGMEToSk','F','1932-06-05',87,1);
INSERT INTO staff_member (id,employed_since,position,salary,room) VALUES (22,'2018-07-28','Reseptionist',15000,56);
INSERT INTO reseptionist (id) VALUES (22);
INSERT INTO languages_spoken (reseptionist_id,language) VALUES (22,'EnglishItalian');
INSERT INTO person (id,first_name,second_name,email,user_login,user_password,sex,date_of_birth,age,permission_level) VALUES (23,'Gabrielle','Nixon','nstephens@hotmail.com','brittanyfisher','DWHRtsyvtqo','F','1939-05-20',80,5);
INSERT INTO staff_member (id,employed_since,position,salary,room) VALUES (23,'2018-01-05','Lab Technician',15000,46);
INSERT INTO lab_technician (id,education_level,departement_id) VALUES (23,'Magister',6);
INSERT INTO person (id,first_name,second_name,email,user_login,user_password,sex,date_of_birth,age,permission_level) VALUES (24,'Christopher','Nelson','braydenise@hotmail.com','angela83','dVDbbTLBShk','M','1946-02-24',73,1);
INSERT INTO staff_member (id,employed_since,position,salary,room) VALUES (24,'2018-11-09','Nurse',25000,4);
INSERT INTO nurse (id,surgery_assistant,preferred_shifts,appointment_assistant,departement_id) VALUES (24,B'0','Night',B'0',2);
INSERT INTO person (id,first_name,second_name,email,user_login,user_password,sex,date_of_birth,age,permission_level) VALUES (25,'Pamela','Fernandez','gary70@gmail.com','brentspencer','vENerErucbdvZ','F','1989-01-29',30,3);
INSERT INTO staff_member (id,employed_since,position,salary,room) VALUES (25,'2019-06-22','Nurse',25000,3);
INSERT INTO nurse (id,surgery_assistant,preferred_shifts,appointment_assistant,departement_id) VALUES (25,B'1','Day',B'0',2);
INSERT INTO person (id,first_name,second_name,email,user_login,user_password,sex,date_of_birth,age,permission_level) VALUES (26,'Deborah','Medina','shawnduncan@gmail.com','randalllittle','hlMHQWu','F','2015-02-02',4,1);
INSERT INTO patient (id) VALUES (26);
INSERT INTO patients_address (street,house,apartement) VALUES ('Terry st.','60','10');
INSERT INTO medical_history (patient_id,date) VALUES (26,'2019-11-16');
INSERT INTO person (id,first_name,second_name,email,user_login,user_password,sex,date_of_birth,age,permission_level) VALUES (27,'Daniel','Grant','matthew09@gmail.com','david46','etYTKXdVSgkKDX','M','1983-10-03',36,4);
INSERT INTO staff_member (id,employed_since,position,salary,room) VALUES (27,'2011-09-16','Nurse',25000,10);
INSERT INTO nurse (id,surgery_assistant,preferred_shifts,appointment_assistant,departement_id) VALUES (27,B'1','Day',B'0',17);
INSERT INTO person (id,first_name,second_name,email,user_login,user_password,sex,date_of_birth,age,permission_level) VALUES (28,'Douglas','Edwards','mckayjames@gmail.com','nancy21','jnGDQUbeOAWw','M','1950-05-05',69,4);
INSERT INTO staff_member (id,employed_since,position,salary,room) VALUES (28,'2014-05-21','Professor',35000,33);
INSERT INTO professor (id,research_topic,surgery_participation,departement_id) VALUES (28,'Critical Care Medicine Specialist',B'1',14);
INSERT INTO person (id,first_name,second_name,email,user_login,user_password,sex,date_of_birth,age,permission_level) VALUES (29,'Ricardo','Jones','wardangel@yahoo.com','richard45','XuduPHk','M','2018-04-22',1,3);
INSERT INTO staff_member (id,employed_since,position,salary,room) VALUES (29,'2011-11-07','Nurse',25000,6);
INSERT INTO nurse (id,surgery_assistant,preferred_shifts,appointment_assistant,departement_id) VALUES (29,B'1','Night',B'0',4);
INSERT INTO person (id,first_name,second_name,email,user_login,user_password,sex,date_of_birth,age,permission_level) VALUES (30,'Chloe','Maynard','avilaaustin@hotmail.com','pgreen','TpopTOYYV','F','1915-01-26',104,4);
INSERT INTO staff_member (id,employed_since,position,salary,room) VALUES (30,'2017-03-25','Nurse',25000,7);
INSERT INTO nurse (id,surgery_assistant,preferred_shifts,appointment_assistant,departement_id) VALUES (30,B'1','Day',B'0',3);
INSERT INTO person (id,first_name,second_name,email,user_login,user_password,sex,date_of_birth,age,permission_level) VALUES (31,'Crystal','Ortega','martinandrea@hotmail.com','kathleen27','BeQbegyuumhb','F','1935-04-15',84,1);
INSERT INTO staff_member (id,employed_since,position,salary,room) VALUES (31,'2010-09-20','Doctor',35000,24);
INSERT INTO doctor (id,speciality,emergency_hours,experience,departement_id,supervisor) VALUES (31,'Psychiatrist',B'0',4,16,20);
INSERT INTO person (id,first_name,second_name,email,user_login,user_password,sex,date_of_birth,age,permission_level) VALUES (32,'Mark','Oconnor','virginia74@yahoo.com','daniellefreeman','HLRrBTEKJRujtD','M','1912-09-19',107,4);
INSERT INTO staff_member (id,employed_since,position,salary,room) VALUES (32,'2012-10-13','Pharmasist',20000,70);
INSERT INTO pharmasist (id,education_level,research) VALUES (32,'Postgraduate',B'0');
INSERT INTO person (id,first_name,second_name,email,user_login,user_password,sex,date_of_birth,age,permission_level) VALUES (33,'Robert','Smith','smartin@gmail.com','nicole10','hJNvNUh','M','1977-03-20',42,5);
INSERT INTO staff_member (id,employed_since,position,salary,room) VALUES (33,'2014-02-07','Nurse',25000,7);
INSERT INTO nurse (id,surgery_assistant,preferred_shifts,appointment_assistant,departement_id) VALUES (33,B'0','Night',B'0',5);
INSERT INTO person (id,first_name,second_name,email,user_login,user_password,sex,date_of_birth,age,permission_level) VALUES (34,'Katherine','Perez','ncarroll@gmail.com','randallkevin','MheSfyyCQM','F','1949-01-26',70,2);
INSERT INTO patient (id) VALUES (34);
INSERT INTO patients_address (street,house,apartement) VALUES ('Karen st.','54','1');
INSERT INTO medical_history (patient_id,date) VALUES (34,'2019-11-21');
INSERT INTO person (id,first_name,second_name,email,user_login,user_password,sex,date_of_birth,age,permission_level) VALUES (35,'Anthony','Sullivan','jmorgan@gmail.com','scott43','qpfaPuXGneBtvT','M','1985-05-04',34,3);
INSERT INTO staff_member (id,employed_since,position,salary,room) VALUES (35,'2013-01-14','Doctor',35000,22);
INSERT INTO doctor (id,speciality,emergency_hours,experience,departement_id,supervisor) VALUES (35,'Medicine Specialist',B'1',6,15,20);
INSERT INTO person (id,first_name,second_name,email,user_login,user_password,sex,date_of_birth,age,permission_level) VALUES (36,'Paige','Mejia','devin61@yahoo.com','sampsondaniel','wvYemNTXgAlwzN','F','1937-08-12',82,2);
INSERT INTO staff_member (id,employed_since,position,salary,room) VALUES (36,'2010-02-10','Nurse',25000,8);
INSERT INTO nurse (id,surgery_assistant,preferred_shifts,appointment_assistant,departement_id) VALUES (36,B'0','Night',B'0',11);
INSERT INTO person (id,first_name,second_name,email,user_login,user_password,sex,date_of_birth,age,permission_level) VALUES (37,'Jodi','Collins','amy79@hotmail.com','destinygoodwin','vRghFfSNT','F','2006-10-27',13,4);
INSERT INTO patient (id) VALUES (37);
INSERT INTO patients_address (street,house,apartement) VALUES ('Robert st.','79','1');
INSERT INTO medical_history (patient_id,date) VALUES (37,'2019-10-18');
INSERT INTO person (id,first_name,second_name,email,user_login,user_password,sex,date_of_birth,age,permission_level) VALUES (38,'Kelly','Wilson','clifford63@gmail.com','amanda52','bCxoEkiWby','F','1904-07-09',115,5);
INSERT INTO staff_member (id,employed_since,position,salary,room) VALUES (38,'2014-07-13','Nurse',25000,7);
INSERT INTO nurse (id,surgery_assistant,preferred_shifts,appointment_assistant,departement_id) VALUES (38,B'1','Night',B'0',18);
INSERT INTO person (id,first_name,second_name,email,user_login,user_password,sex,date_of_birth,age,permission_level) VALUES (39,'Mason','Watkins','pamelarichardson@yahoo.com','erinmendoza','OYJzJFL','M','1982-08-10',37,4);
INSERT INTO staff_member (id,employed_since,position,salary,room) VALUES (39,'2016-09-30','Nurse',25000,3);
INSERT INTO nurse (id,surgery_assistant,preferred_shifts,appointment_assistant,departement_id) VALUES (39,B'1','Night',B'1',1);
INSERT INTO person (id,first_name,second_name,email,user_login,user_password,sex,date_of_birth,age,permission_level) VALUES (40,'Kimberly','Nguyen','rosalesgeorge@gmail.com','lauren77','rEKFtMicm','F','1992-01-19',27,5);
INSERT INTO staff_member (id,employed_since,position,salary,room) VALUES (40,'2019-10-15','Nurse',25000,7);
INSERT INTO nurse (id,surgery_assistant,preferred_shifts,appointment_assistant,departement_id) VALUES (40,B'1','Night',B'1',18);
INSERT INTO person (id,first_name,second_name,email,user_login,user_password,sex,date_of_birth,age,permission_level) VALUES (41,'George','Briggs','douglasriley@yahoo.com','mcneilsarah','jDQyPLGHBizeoWL','M','1933-02-03',86,1);
INSERT INTO staff_member (id,employed_since,position,salary,room) VALUES (41,'2015-05-11','Professor',35000,34);
INSERT INTO professor (id,research_topic,surgery_participation,departement_id) VALUES (41,'Sports Medicine Specialist',B'1',14);
INSERT INTO person (id,first_name,second_name,email,user_login,user_password,sex,date_of_birth,age,permission_level) VALUES (42,'Jessica','Robinson','pdennis@hotmail.com','tonya08','FjCEOcLqt','F','1996-03-17',23,4);
INSERT INTO staff_member (id,employed_since,position,salary,room) VALUES (42,'2016-04-07','Doctor',35000,24);
INSERT INTO doctor (id,speciality,emergency_hours,experience,departement_id,supervisor) VALUES (42,'Colon Surgeon',B'0',10,17,31);
INSERT INTO person (id,first_name,second_name,email,user_login,user_password,sex,date_of_birth,age,permission_level) VALUES (43,'Kristin','Coffey','jill37@hotmail.com','jessica37','CMItQszwkY','F','1946-07-15',73,1);
INSERT INTO patient (id) VALUES (43);
INSERT INTO patients_address (street,house,apartement) VALUES ('Martin st.','83','1');
INSERT INTO medical_history (patient_id,date) VALUES (43,'2019-10-17');
INSERT INTO person (id,first_name,second_name,email,user_login,user_password,sex,date_of_birth,age,permission_level) VALUES (44,'Jimmy','Gonzalez','khogan@gmail.com','xsmith','vUbEmKEwylDySA','M','1905-05-20',114,1);
INSERT INTO staff_member (id,employed_since,position,salary,room) VALUES (44,'2016-04-28','Professor',35000,35);
INSERT INTO professor (id,research_topic,surgery_participation,departement_id) VALUES (44,'Internist',B'0',11);
INSERT INTO person (id,first_name,second_name,email,user_login,user_password,sex,date_of_birth,age,permission_level) VALUES (45,'Jeffrey','Hernandez','malik99@gmail.com','jessenixon','iErimEceJeDzu','M','1990-04-09',29,2);
INSERT INTO staff_member (id,employed_since,position,salary,room) VALUES (45,'2013-08-15','Lab Technician',15000,46);
INSERT INTO lab_technician (id,education_level,departement_id) VALUES (45,'Magister',13);
INSERT INTO person (id,first_name,second_name,email,user_login,user_password,sex,date_of_birth,age,permission_level) VALUES (46,'Diane','Cole','kimberly49@hotmail.com','lindseycastillo','jLFqweYKiY','F','1907-10-01',112,5);
INSERT INTO staff_member (id,employed_since,position,salary,room) VALUES (46,'2018-06-22','Cleaning Team Worker',10000,51);
INSERT INTO cleaning_team_worker (id,employment_type) VALUES (46,'Full time');
INSERT INTO person (id,first_name,second_name,email,user_login,user_password,sex,date_of_birth,age,permission_level) VALUES (47,'Kristin','Martin','andreajones@hotmail.com','kayla61','ecIKqxo','F','1986-12-30',33,5);
INSERT INTO patient (id) VALUES (47);
INSERT INTO patients_address (street,house,apartement) VALUES ('Amanda st.','69','2');
INSERT INTO medical_history (patient_id,date) VALUES (47,'2019-11-14');
INSERT INTO person (id,first_name,second_name,email,user_login,user_password,sex,date_of_birth,age,permission_level) VALUES (48,'Troy','Guzman','kelseywalker@yahoo.com','trevormiller','TcGDWSpm','M','1980-06-24',39,4);
INSERT INTO staff_member (id,employed_since,position,salary,room) VALUES (48,'2014-10-02','Doctor',35000,15);
INSERT INTO doctor (id,speciality,emergency_hours,experience,departement_id,supervisor) VALUES (48,'Medical Geneticist',B'0',6,12,42);
INSERT INTO person (id,first_name,second_name,email,user_login,user_password,sex,date_of_birth,age,permission_level) VALUES (49,'Ryan','Herring','hannapeggy@yahoo.com','danielle52','cRSQhVw','M','1933-08-31',86,5);
INSERT INTO staff_member (id,employed_since,position,salary,room) VALUES (49,'2013-06-08','Doctor',35000,18);
INSERT INTO doctor (id,speciality,emergency_hours,experience,departement_id,supervisor) VALUES (49,'General Surgeon',B'0',8,13,48);
INSERT INTO person (id,first_name,second_name,email,user_login,user_password,sex,date_of_birth,age,permission_level) VALUES (50,'Chase','Hodge','steve44@yahoo.com','othompson','TXjJuYNOyaOETg','M','2007-08-27',12,2);
INSERT INTO staff_member (id,employed_since,position,salary,room) VALUES (50,'2017-03-03','Doctor',35000,30);
INSERT INTO doctor (id,speciality,emergency_hours,experience,departement_id,supervisor) VALUES (50,'Nephrologist',B'1',4,1,31);
INSERT INTO person (id,first_name,second_name,email,user_login,user_password,sex,date_of_birth,age,permission_level) VALUES (51,'Nicolas','Morgan','andrew16@yahoo.com','bethnelson','HOdJXLi','M','1984-07-06',35,2);
INSERT INTO staff_member (id,employed_since,position,salary,room) VALUES (51,'2014-12-12','Professor',35000,37);
INSERT INTO professor (id,research_topic,surgery_participation,departement_id) VALUES (51,'Pediatrician',B'1',3);
INSERT INTO person (id,first_name,second_name,email,user_login,user_password,sex,date_of_birth,age,permission_level) VALUES (52,'Brandi','Wilson','taylorjonathan@yahoo.com','aaron14','UitgwzGEXXwFJU','F','1907-10-12',112,2);
INSERT INTO staff_member (id,employed_since,position,salary,room) VALUES (52,'2018-06-19','Nurse',25000,4);
INSERT INTO nurse (id,surgery_assistant,preferred_shifts,appointment_assistant,departement_id) VALUES (52,B'1','Day',B'1',3);
INSERT INTO person (id,first_name,second_name,email,user_login,user_password,sex,date_of_birth,age,permission_level) VALUES (53,'Jonathan','Johnson','karengonzales@gmail.com','hendersonashley','pzEiRayHe','M','1910-03-14',109,4);
INSERT INTO staff_member (id,employed_since,position,salary,room) VALUES (53,'2018-04-19','Lab Technician',15000,44);
INSERT INTO lab_technician (id,education_level,departement_id) VALUES (53,'Bachelor',5);
INSERT INTO person (id,first_name,second_name,email,user_login,user_password,sex,date_of_birth,age,permission_level) VALUES (54,'Amanda','Boyd','graybrian@gmail.com','donald48','YSxhBKBPP','F','1920-04-09',99,4);
INSERT INTO staff_member (id,employed_since,position,salary,room) VALUES (54,'2014-08-23','Nurse',25000,4);
INSERT INTO nurse (id,surgery_assistant,preferred_shifts,appointment_assistant,departement_id) VALUES (54,B'1','Night',B'1',10);
INSERT INTO person (id,first_name,second_name,email,user_login,user_password,sex,date_of_birth,age,permission_level) VALUES (55,'Scott','Ward','kevin85@gmail.com','yolanda79','futavXOa','M','1915-10-09',104,4);
INSERT INTO patient (id) VALUES (55);
INSERT INTO patients_address (street,house,apartement) VALUES ('Robert st.','28','6');
INSERT INTO medical_history (patient_id,date) VALUES (55,'2019-10-25');
INSERT INTO person (id,first_name,second_name,email,user_login,user_password,sex,date_of_birth,age,permission_level) VALUES (56,'John','Mendoza','davidshaw@hotmail.com','avalentine','nZFszgVmosacu','M','2008-04-30',11,1);
INSERT INTO staff_member (id,employed_since,position,salary,room) VALUES (56,'2010-02-24','Nurse',25000,7);
INSERT INTO nurse (id,surgery_assistant,preferred_shifts,appointment_assistant,departement_id) VALUES (56,B'0','Day',B'0',14);
INSERT INTO person (id,first_name,second_name,email,user_login,user_password,sex,date_of_birth,age,permission_level) VALUES (57,'Michelle','Marquez','riveraamanda@hotmail.com','shelleydurham','iDdCSzQwoety','F','1935-02-22',84,3);
INSERT INTO patient (id) VALUES (57);
INSERT INTO patients_address (street,house,apartement) VALUES ('Misty st.','69','1');
INSERT INTO medical_history (patient_id,date) VALUES (57,'2019-10-17');
INSERT INTO person (id,first_name,second_name,email,user_login,user_password,sex,date_of_birth,age,permission_level) VALUES (58,'James','Harris','whill@gmail.com','hcaldwell','jtNQEPjsmE','M','2014-04-27',5,2);
INSERT INTO staff_member (id,employed_since,position,salary,room) VALUES (58,'2017-10-21','Nurse',25000,10);
INSERT INTO nurse (id,surgery_assistant,preferred_shifts,appointment_assistant,departement_id) VALUES (58,B'0','Night',B'1',17);
INSERT INTO person (id,first_name,second_name,email,user_login,user_password,sex,date_of_birth,age,permission_level) VALUES (59,'Derek','White','herreraamber@hotmail.com','fdawson','arbeNHswyayBNK','M','1908-01-05',111,4);
INSERT INTO patient (id) VALUES (59);
INSERT INTO patients_address (street,house,apartement) VALUES ('Dr. st.','84','5');
INSERT INTO medical_history (patient_id,date) VALUES (59,'2019-11-04');
INSERT INTO person (id,first_name,second_name,email,user_login,user_password,sex,date_of_birth,age,permission_level) VALUES (60,'Patrick','Cole','ericwatkins@yahoo.com','samantha98','MhsOpNHbDCIrELr','M','1951-07-12',68,1);
INSERT INTO patient (id) VALUES (60);
INSERT INTO patients_address (street,house,apartement) VALUES ('Brooke st.','93','9');
INSERT INTO medical_history (patient_id,date) VALUES (60,'2019-11-03');
INSERT INTO person (id,first_name,second_name,email,user_login,user_password,sex,date_of_birth,age,permission_level) VALUES (61,'Bradley','White','jsandoval@hotmail.com','dannyhernandez','msVOOWHszyK','M','1955-12-02',64,4);
INSERT INTO patient (id) VALUES (61);
INSERT INTO patients_address (street,house,apartement) VALUES ('Billy st.','12','1');
INSERT INTO medical_history (patient_id,date) VALUES (61,'2019-11-23');
INSERT INTO person (id,first_name,second_name,email,user_login,user_password,sex,date_of_birth,age,permission_level) VALUES (62,'Raven','Conrad','mark15@hotmail.com','nreid','PXsodQpmMnKn','F','1961-02-21',58,4);
INSERT INTO staff_member (id,employed_since,position,salary,room) VALUES (62,'2012-09-15','Nurse',25000,7);
INSERT INTO nurse (id,surgery_assistant,preferred_shifts,appointment_assistant,departement_id) VALUES (62,B'1','Day',B'0',9);
INSERT INTO person (id,first_name,second_name,email,user_login,user_password,sex,date_of_birth,age,permission_level) VALUES (63,'Jacqueline','Chan','franklingregory@gmail.com','stephanie69','OFYpSacQzx','F','1967-06-05',52,5);
INSERT INTO staff_member (id,employed_since,position,salary,room) VALUES (63,'2019-03-26','Nurse',25000,9);
INSERT INTO nurse (id,surgery_assistant,preferred_shifts,appointment_assistant,departement_id) VALUES (63,B'1','Night',B'0',1);
INSERT INTO person (id,first_name,second_name,email,user_login,user_password,sex,date_of_birth,age,permission_level) VALUES (64,'Melissa','Castillo','gsmith@hotmail.com','gregory05','OaLHyPHvDcMc','F','1986-01-31',33,2);
INSERT INTO staff_member (id,employed_since,position,salary,room) VALUES (64,'2012-02-13','Doctor',35000,17);
INSERT INTO doctor (id,speciality,emergency_hours,experience,departement_id,supervisor) VALUES (64,'Cardiologist',B'0',10,14,18);
INSERT INTO person (id,first_name,second_name,email,user_login,user_password,sex,date_of_birth,age,permission_level) VALUES (65,'Jordan','Massey','jhorton@yahoo.com','williamanthony','KsuondwK','M','1907-04-12',112,4);
INSERT INTO patient (id) VALUES (65);
INSERT INTO patients_address (street,house,apartement) VALUES ('Stefanie st.','41','4');
INSERT INTO medical_history (patient_id,date) VALUES (65,'2019-11-04');
INSERT INTO person (id,first_name,second_name,email,user_login,user_password,sex,date_of_birth,age,permission_level) VALUES (66,'Antonio','Rose','xhodges@hotmail.com','christine78','doQivQF','M','1957-07-07',62,5);
INSERT INTO staff_member (id,employed_since,position,salary,room) VALUES (66,'2015-02-12','Cleaning Team Worker',10000,54);
INSERT INTO cleaning_team_worker (id,employment_type) VALUES (66,'Full time');
INSERT INTO person (id,first_name,second_name,email,user_login,user_password,sex,date_of_birth,age,permission_level) VALUES (67,'Michelle','Welch','christian75@gmail.com','hayesmark','yFYcSuqxSTkEITU','F','2005-01-17',14,2);
INSERT INTO staff_member (id,employed_since,position,salary,room) VALUES (67,'2010-08-10','Lab Technician',15000,50);
INSERT INTO lab_technician (id,education_level,departement_id) VALUES (67,'Postgraduate',4);
INSERT INTO person (id,first_name,second_name,email,user_login,user_password,sex,date_of_birth,age,permission_level) VALUES (68,'Teresa','Lewis','mcguirejulia@yahoo.com','brownjason','ohVFGqvEQHrAohw','F','2011-06-22',8,3);
INSERT INTO staff_member (id,employed_since,position,salary,room) VALUES (68,'2010-08-26','Lab Technician',15000,42);
INSERT INTO lab_technician (id,education_level,departement_id) VALUES (68,'Magister',14);
INSERT INTO person (id,first_name,second_name,email,user_login,user_password,sex,date_of_birth,age,permission_level) VALUES (69,'Brian','Johnson','meganperez@gmail.com','dwaynecain','SkZMQKdtvMeesh','M','1922-06-05',97,5);
INSERT INTO staff_member (id,employed_since,position,salary,room) VALUES (69,'2012-05-28','Professor',35000,35);
INSERT INTO professor (id,research_topic,surgery_participation,departement_id) VALUES (69,'Emergency Medicine Specialist',B'1',17);
INSERT INTO person (id,first_name,second_name,email,user_login,user_password,sex,date_of_birth,age,permission_level) VALUES (70,'Jamie','Torres','danielwatkins@gmail.com','gonzalesdiana','qkkIEracKZrTN','F','1996-08-06',23,5);
INSERT INTO patient (id) VALUES (70);
INSERT INTO patients_address (street,house,apartement) VALUES ('Sarah st.','57','2');
INSERT INTO medical_history (patient_id,date) VALUES (70,'2019-10-24');
INSERT INTO person (id,first_name,second_name,email,user_login,user_password,sex,date_of_birth,age,permission_level) VALUES (71,'Lucas','Castaneda','josephprice@hotmail.com','jill17','jEsRUWyNLcq','M','1910-06-12',109,3);
INSERT INTO staff_member (id,employed_since,position,salary,room) VALUES (71,'2012-12-20','Professor',35000,31);
INSERT INTO professor (id,research_topic,surgery_participation,departement_id) VALUES (71,'Sports Medicine Specialist',B'0',13);
INSERT INTO person (id,first_name,second_name,email,user_login,user_password,sex,date_of_birth,age,permission_level) VALUES (72,'Tina','West','johnsonjane@hotmail.com','parkeralicia','EZPLMZpFqHGhlyW','F','1930-01-14',89,1);
INSERT INTO staff_member (id,employed_since,position,salary,room) VALUES (72,'2012-05-26','Nurse',25000,9);
INSERT INTO nurse (id,surgery_assistant,preferred_shifts,appointment_assistant,departement_id) VALUES (72,B'1','Day',B'1',11);
INSERT INTO person (id,first_name,second_name,email,user_login,user_password,sex,date_of_birth,age,permission_level) VALUES (73,'Marie','Crawford','vincent05@hotmail.com','bwells','GeztVIkFot','F','1959-01-29',60,4);
INSERT INTO staff_member (id,employed_since,position,salary,room) VALUES (73,'2016-03-27','Doctor',35000,29);
INSERT INTO doctor (id,speciality,emergency_hours,experience,departement_id,supervisor) VALUES (73,'Dermatologist',B'0',5,12,42);
INSERT INTO person (id,first_name,second_name,email,user_login,user_password,sex,date_of_birth,age,permission_level) VALUES (74,'Timothy','Clark','ebowers@yahoo.com','msingleton','rSUYHffwU','M','2017-09-08',2,1);
INSERT INTO staff_member (id,employed_since,position,salary,room) VALUES (74,'2019-08-04','Lab Technician',15000,43);
INSERT INTO lab_technician (id,education_level,departement_id) VALUES (74,'Postgraduate',13);
INSERT INTO person (id,first_name,second_name,email,user_login,user_password,sex,date_of_birth,age,permission_level) VALUES (75,'Cameron','Kim','samantha05@yahoo.com','lindacollins','zJIwBSnEryBSCT','M','1934-09-27',85,1);
INSERT INTO staff_member (id,employed_since,position,salary,room) VALUES (75,'2015-01-01','Maintanence Worker',15000,58);
INSERT INTO maintanence_worker (id,employment_type,speciality) VALUES (75,'Part time','Hardware');
INSERT INTO person (id,first_name,second_name,email,user_login,user_password,sex,date_of_birth,age,permission_level) VALUES (76,'Angel','Stevenson','jacob97@hotmail.com','dmason','ZBfVxbOfUaJYcZ','M','1978-07-13',41,2);
INSERT INTO staff_member (id,employed_since,position,salary,room) VALUES (76,'2017-07-06','Doctor',35000,29);
INSERT INTO doctor (id,speciality,emergency_hours,experience,departement_id,supervisor) VALUES (76,'Pediatrician',B'0',10,2,73);
INSERT INTO person (id,first_name,second_name,email,user_login,user_password,sex,date_of_birth,age,permission_level) VALUES (77,'Christopher','Clay','todd19@yahoo.com','obutler','VvqkjviMA','M','1912-03-15',107,1);
INSERT INTO staff_member (id,employed_since,position,salary,room) VALUES (77,'2015-10-08','Nurse',25000,6);
INSERT INTO nurse (id,surgery_assistant,preferred_shifts,appointment_assistant,departement_id) VALUES (77,B'1','Day',B'0',8);
INSERT INTO person (id,first_name,second_name,email,user_login,user_password,sex,date_of_birth,age,permission_level) VALUES (78,'Charles','Kerr','johnsonheather@gmail.com','schmidtdanielle','iyQEdXVspdr','M','1985-05-28',34,5);
INSERT INTO patient (id) VALUES (78);
INSERT INTO patients_address (street,house,apartement) VALUES ('Peter st.','76','1');
INSERT INTO medical_history (patient_id,date) VALUES (78,'2019-10-21');
INSERT INTO person (id,first_name,second_name,email,user_login,user_password,sex,date_of_birth,age,permission_level) VALUES (79,'Tony','Miller','joneskaren@hotmail.com','teresadyer','mmbpBkIYBa','M','2000-06-08',19,5);
INSERT INTO staff_member (id,employed_since,position,salary,room) VALUES (79,'2018-05-31','HR',30000,67);
INSERT INTO hr (id,selection_responsibility) VALUES (79,'Interview');
INSERT INTO person (id,first_name,second_name,email,user_login,user_password,sex,date_of_birth,age,permission_level) VALUES (80,'Alan','Williams','xlevy@hotmail.com','castillomichelle','tkkdIHDAXRO','M','1931-11-14',88,3);
INSERT INTO staff_member (id,employed_since,position,salary,room) VALUES (80,'2010-08-09','HR',30000,64);
INSERT INTO hr (id,selection_responsibility) VALUES (80,'Interview');
INSERT INTO person (id,first_name,second_name,email,user_login,user_password,sex,date_of_birth,age,permission_level) VALUES (81,'Chelsea','Miller','cynthia37@yahoo.com','barrymartinez','irhUotCMmJAk','F','1963-02-22',56,1);
INSERT INTO patient (id) VALUES (81);
INSERT INTO patients_address (street,house,apartement) VALUES ('Roger st.','39','1');
INSERT INTO medical_history (patient_id,date) VALUES (81,'2019-11-19');
INSERT INTO person (id,first_name,second_name,email,user_login,user_password,sex,date_of_birth,age,permission_level) VALUES (82,'Victor','Bass','ryanwilson@yahoo.com','hallleslie','oyXxQHvGdVor','M','2000-12-11',19,1);
INSERT INTO staff_member (id,employed_since,position,salary,room) VALUES (82,'2015-08-17','Doctor',35000,30);
INSERT INTO doctor (id,speciality,emergency_hours,experience,departement_id,supervisor) VALUES (82,'Oncologist',B'1',5,18,35);
INSERT INTO person (id,first_name,second_name,email,user_login,user_password,sex,date_of_birth,age,permission_level) VALUES (83,'Lisa','Parsons','seanmcbride@gmail.com','tammynewman','ntQNbrlHwCKnVL','F','1925-01-04',94,2);
INSERT INTO patient (id) VALUES (83);
INSERT INTO patients_address (street,house,apartement) VALUES ('Justin st.','46','7');
INSERT INTO medical_history (patient_id,date) VALUES (83,'2019-11-06');
INSERT INTO person (id,first_name,second_name,email,user_login,user_password,sex,date_of_birth,age,permission_level) VALUES (84,'Margaret','Adkins','akelly@gmail.com','williamsjill','gcnKRGiY','F','2005-10-20',14,4);
INSERT INTO patient (id) VALUES (84);
INSERT INTO patients_address (street,house,apartement) VALUES ('Brian st.','7','1');
INSERT INTO medical_history (patient_id,date) VALUES (84,'2019-11-20');
INSERT INTO person (id,first_name,second_name,email,user_login,user_password,sex,date_of_birth,age,permission_level) VALUES (85,'Walter','Whitaker','watsondebbie@gmail.com','hannahlee','GCqYCNd','M','2005-08-02',14,3);
INSERT INTO patient (id) VALUES (85);
INSERT INTO patients_address (street,house,apartement) VALUES ('Jennifer st.','19','2');
INSERT INTO medical_history (patient_id,date) VALUES (85,'2019-11-07');
INSERT INTO person (id,first_name,second_name,email,user_login,user_password,sex,date_of_birth,age,permission_level) VALUES (86,'Valerie','Rodriguez','vgonzalez@hotmail.com','barnettamber','YLrgJPsBqdG','F','2008-07-14',11,3);
INSERT INTO staff_member (id,employed_since,position,salary,room) VALUES (86,'2017-11-10','Nurse',25000,7);
INSERT INTO nurse (id,surgery_assistant,preferred_shifts,appointment_assistant,departement_id) VALUES (86,B'1','Night',B'0',1);
INSERT INTO person (id,first_name,second_name,email,user_login,user_password,sex,date_of_birth,age,permission_level) VALUES (87,'Katelyn','Gibbs','kylehernandez@yahoo.com','lee64','HBGZPVyyQ','F','1926-10-09',93,4);
INSERT INTO staff_member (id,employed_since,position,salary,room) VALUES (87,'2011-10-09','Doctor',35000,19);
INSERT INTO doctor (id,speciality,emergency_hours,experience,departement_id,supervisor) VALUES (87,'Urologist',B'1',1,11,76);
INSERT INTO person (id,first_name,second_name,email,user_login,user_password,sex,date_of_birth,age,permission_level) VALUES (88,'Barry','Murphy','garciakatherine@yahoo.com','angela31','SmzQerQZE','M','1907-09-16',112,1);
INSERT INTO patient (id) VALUES (88);
INSERT INTO patients_address (street,house,apartement) VALUES ('Cassandra st.','82','9');
INSERT INTO medical_history (patient_id,date) VALUES (88,'2019-11-02');
INSERT INTO person (id,first_name,second_name,email,user_login,user_password,sex,date_of_birth,age,permission_level) VALUES (89,'Lindsey','Mitchell','vwalker@hotmail.com','okemp','BCRsrjI','F','1940-12-30',79,3);
INSERT INTO patient (id) VALUES (89);
INSERT INTO patients_address (street,house,apartement) VALUES ('Annette st.','42','10');
INSERT INTO medical_history (patient_id,date) VALUES (89,'2019-10-21');
INSERT INTO person (id,first_name,second_name,email,user_login,user_password,sex,date_of_birth,age,permission_level) VALUES (90,'Robert','Daniels','hutchinsonkatelyn@yahoo.com','kristin76','veRTzyPk','M','2014-01-13',5,4);
INSERT INTO staff_member (id,employed_since,position,salary,room) VALUES (90,'2016-11-26','Lab Technician',15000,43);
INSERT INTO lab_technician (id,education_level,departement_id) VALUES (90,'Postgraduate',17);
INSERT INTO person (id,first_name,second_name,email,user_login,user_password,sex,date_of_birth,age,permission_level) VALUES (91,'Scott','Butler','aaron77@yahoo.com','alexguerrero','rpKYfRNSUzgpW','M','1974-07-06',45,2);
INSERT INTO patient (id) VALUES (91);
INSERT INTO patients_address (street,house,apartement) VALUES ('Julie st.','17','1');
INSERT INTO medical_history (patient_id,date) VALUES (91,'2019-11-02');
INSERT INTO person (id,first_name,second_name,email,user_login,user_password,sex,date_of_birth,age,permission_level) VALUES (92,'Tracy','Burke','andrew67@hotmail.com','andersonangela','IjPlOcpCz','F','1972-08-29',47,3);
INSERT INTO patient (id) VALUES (92);
INSERT INTO patients_address (street,house,apartement) VALUES ('Krystal st.','89','7');
INSERT INTO medical_history (patient_id,date) VALUES (92,'2019-10-18');
INSERT INTO person (id,first_name,second_name,email,user_login,user_password,sex,date_of_birth,age,permission_level) VALUES (93,'Cassidy','Evans','andersonjoshua@gmail.com','scotttim','QNuDdoBaVzep','F','1997-11-20',22,3);
INSERT INTO staff_member (id,employed_since,position,salary,room) VALUES (93,'2014-07-29','Cook',15000,72);
INSERT INTO cook (id,experience) VALUES (93,9);
INSERT INTO person (id,first_name,second_name,email,user_login,user_password,sex,date_of_birth,age,permission_level) VALUES (94,'Eric','Bush','uhowell@hotmail.com','janetlozano','cTFqSqr','M','1964-08-16',55,3);
INSERT INTO patient (id) VALUES (94);
INSERT INTO patients_address (street,house,apartement) VALUES ('Jacob st.','75','9');
INSERT INTO medical_history (patient_id,date) VALUES (94,'2019-11-19');
INSERT INTO person (id,first_name,second_name,email,user_login,user_password,sex,date_of_birth,age,permission_level) VALUES (95,'Gene','Buchanan','marksmith@yahoo.com','delgadopatricia','cRgEEUKvscXJpNs','M','2012-09-29',7,2);
INSERT INTO staff_member (id,employed_since,position,salary,room) VALUES (95,'2015-09-19','Cook',15000,73);
INSERT INTO cook (id,experience) VALUES (95,2);
INSERT INTO person (id,first_name,second_name,email,user_login,user_password,sex,date_of_birth,age,permission_level) VALUES (96,'George','Walker','johnsonamanda@gmail.com','yhill','xfpnIudACgaay','M','2003-12-31',16,5);
INSERT INTO staff_member (id,employed_since,position,salary,room) VALUES (96,'2016-06-03','Lab Technician',15000,46);
INSERT INTO lab_technician (id,education_level,departement_id) VALUES (96,'Bachelor',17);
INSERT INTO person (id,first_name,second_name,email,user_login,user_password,sex,date_of_birth,age,permission_level) VALUES (97,'Joshua','Long','wdickerson@gmail.com','taylor66','InlETTEHP','M','1981-02-24',38,2);
INSERT INTO staff_member (id,employed_since,position,salary,room) VALUES (97,'2012-06-16','Cook',15000,71);
INSERT INTO cook (id,experience) VALUES (97,8);
INSERT INTO person (id,first_name,second_name,email,user_login,user_password,sex,date_of_birth,age,permission_level) VALUES (98,'Heidi','Bruce','jessica90@gmail.com','mford','ersZGAoHyQ','F','1910-05-17',109,1);
INSERT INTO staff_member (id,employed_since,position,salary,room) VALUES (98,'2017-04-08','Reseptionist',15000,56);
INSERT INTO reseptionist (id) VALUES (98);
INSERT INTO languages_spoken (reseptionist_id,language) VALUES (98,'TatarEnglishRussianArabic');
INSERT INTO person (id,first_name,second_name,email,user_login,user_password,sex,date_of_birth,age,permission_level) VALUES (99,'Vanessa','Duarte','oburke@gmail.com','anthonynielsen','FjxYdZsR','F','1983-04-24',36,3);
INSERT INTO staff_member (id,employed_since,position,salary,room) VALUES (99,'2018-02-21','Cleaning Team Worker',10000,52);
INSERT INTO cleaning_team_worker (id,employment_type) VALUES (99,'Full time');
INSERT INTO person (id,first_name,second_name,email,user_login,user_password,sex,date_of_birth,age,permission_level) VALUES (100,'Erica','Rice','blackbeth@gmail.com','reginald87','NcjHOQJAVm','F','2003-04-17',16,2);
INSERT INTO patient (id) VALUES (100);
INSERT INTO patients_address (street,house,apartement) VALUES ('James st.','70','3');
INSERT INTO medical_history (patient_id,date) VALUES (100,'2019-10-15');
INSERT INTO person (id,first_name,second_name,email,user_login,user_password,sex,date_of_birth,age,permission_level) VALUES (101,'James','Saunders','shaweric@yahoo.com','lorievans','OzYVpJSVZ','M','1934-07-30',85,5);
INSERT INTO staff_member (id,employed_since,position,salary,room) VALUES (101,'2015-10-21','Pharmasist',20000,69);
INSERT INTO pharmasist (id,education_level,research) VALUES (101,'Postgraduate',B'0');
INSERT INTO person (id,first_name,second_name,email,user_login,user_password,sex,date_of_birth,age,permission_level) VALUES (102,'Alex','Patterson','nmay@yahoo.com','martinsusan','dimLLfIFN','M','1984-02-12',35,5);
INSERT INTO staff_member (id,employed_since,position,salary,room) VALUES (102,'2014-06-09','Maintanence Worker',15000,59);
INSERT INTO maintanence_worker (id,employment_type,speciality) VALUES (102,'Full time','Hardware');
INSERT INTO person (id,first_name,second_name,email,user_login,user_password,sex,date_of_birth,age,permission_level) VALUES (103,'Sheila','Berger','erica52@hotmail.com','rickey47','pJzpOsovWmAsrw','F','2014-08-30',5,3);
INSERT INTO staff_member (id,employed_since,position,salary,room) VALUES (103,'2017-01-28','Professor',35000,37);
INSERT INTO professor (id,research_topic,surgery_participation,departement_id) VALUES (103,'Plastic Surgeon',B'1',18);
INSERT INTO person (id,first_name,second_name,email,user_login,user_password,sex,date_of_birth,age,permission_level) VALUES (104,'Vincent','Allen','jhall@hotmail.com','yfisher','RBVGebzqiTlDZj','M','2014-06-05',5,5);
INSERT INTO staff_member (id,employed_since,position,salary,room) VALUES (104,'2011-11-28','HR',30000,64);
INSERT INTO hr (id,selection_responsibility) VALUES (104,'Review');
INSERT INTO person (id,first_name,second_name,email,user_login,user_password,sex,date_of_birth,age,permission_level) VALUES (105,'Jaime','Webb','clarkmark@gmail.com','woodwardadam','VMJORmtkSwlEy','M','1941-01-19',78,1);
INSERT INTO patient (id) VALUES (105);
INSERT INTO patients_address (street,house,apartement) VALUES ('Diana st.','100','1');
INSERT INTO medical_history (patient_id,date) VALUES (105,'2019-11-20');
INSERT INTO person (id,first_name,second_name,email,user_login,user_password,sex,date_of_birth,age,permission_level) VALUES (106,'John','Summers','dunnkenneth@hotmail.com','rbrown','HvXLucGTRoJibeV','M','1942-01-09',77,1);
INSERT INTO patient (id) VALUES (106);
INSERT INTO patients_address (street,house,apartement) VALUES ('Mallory st.','91','8');
INSERT INTO medical_history (patient_id,date) VALUES (106,'2019-10-23');
INSERT INTO person (id,first_name,second_name,email,user_login,user_password,sex,date_of_birth,age,permission_level) VALUES (107,'Kyle','Adkins','michael77@yahoo.com','robertsernest','oFmGPjDlGgxR','M','1969-03-10',50,3);
INSERT INTO staff_member (id,employed_since,position,salary,room) VALUES (107,'2015-07-11','Nurse',25000,10);
INSERT INTO nurse (id,surgery_assistant,preferred_shifts,appointment_assistant,departement_id) VALUES (107,B'1','Day',B'0',17);
INSERT INTO person (id,first_name,second_name,email,user_login,user_password,sex,date_of_birth,age,permission_level) VALUES (108,'Erik','Mercado','kathymalone@yahoo.com','carlsonshelby','XLSambW','M','1954-10-21',65,4);
INSERT INTO staff_member (id,employed_since,position,salary,room) VALUES (108,'2009-12-30','Nurse',25000,9);
INSERT INTO nurse (id,surgery_assistant,preferred_shifts,appointment_assistant,departement_id) VALUES (108,B'1','Night',B'0',17);
INSERT INTO person (id,first_name,second_name,email,user_login,user_password,sex,date_of_birth,age,permission_level) VALUES (109,'Kelly','Cameron','melinda90@yahoo.com','monica24','lsNDspzr','F','1907-10-14',112,1);
INSERT INTO patient (id) VALUES (109);
INSERT INTO patients_address (street,house,apartement) VALUES ('Ashley st.','91','10');
INSERT INTO medical_history (patient_id,date) VALUES (109,'2019-10-29');
INSERT INTO person (id,first_name,second_name,email,user_login,user_password,sex,date_of_birth,age,permission_level) VALUES (110,'Michael','Valentine','dean66@hotmail.com','juliepace','clGUTLvnHpIDk','M','1999-09-25',20,1);
INSERT INTO staff_member (id,employed_since,position,salary,room) VALUES (110,'2011-03-13','Doctor',35000,29);
INSERT INTO doctor (id,speciality,emergency_hours,experience,departement_id,supervisor) VALUES (110,'Emergency Medicine Specialist',B'1',4,15,49);
INSERT INTO person (id,first_name,second_name,email,user_login,user_password,sex,date_of_birth,age,permission_level) VALUES (111,'James','Smith','perezbenjamin@hotmail.com','danielramirez','uuQVKsnxrw','M','1934-02-16',85,3);
INSERT INTO staff_member (id,employed_since,position,salary,room) VALUES (111,'2010-02-09','Professor',35000,35);
INSERT INTO professor (id,research_topic,surgery_participation,departement_id) VALUES (111,'Anesthesiologist',B'1',3);
INSERT INTO person (id,first_name,second_name,email,user_login,user_password,sex,date_of_birth,age,permission_level) VALUES (112,'Mary','George','pchavez@gmail.com','zimmermannathan','pbRqLSBJnvi','F','1954-08-23',65,2);
INSERT INTO staff_member (id,employed_since,position,salary,room) VALUES (112,'2011-07-17','Security Team Member',10000,61);
INSERT INTO security_team_member (id,shifts,physical_test_grade) VALUES (112,'Night','A');
INSERT INTO person (id,first_name,second_name,email,user_login,user_password,sex,date_of_birth,age,permission_level) VALUES (113,'Daniel','Hernandez','gkramer@gmail.com','virginiahorton','Kpqoxsng','M','1908-07-04',111,1);
INSERT INTO staff_member (id,employed_since,position,salary,room) VALUES (113,'2019-09-19','Nurse',25000,6);
INSERT INTO nurse (id,surgery_assistant,preferred_shifts,appointment_assistant,departement_id) VALUES (113,B'0','Night',B'0',8);
INSERT INTO person (id,first_name,second_name,email,user_login,user_password,sex,date_of_birth,age,permission_level) VALUES (114,'Alexander','Roman','susanprice@gmail.com','mcgeekelly','YowQUTUT','M','2009-09-23',10,4);
INSERT INTO staff_member (id,employed_since,position,salary,room) VALUES (114,'2019-02-14','Professor',35000,33);
INSERT INTO professor (id,research_topic,surgery_participation,departement_id) VALUES (114,'Medicine Specialist',B'0',9);
INSERT INTO person (id,first_name,second_name,email,user_login,user_password,sex,date_of_birth,age,permission_level) VALUES (115,'Sara','Rice','matthew57@yahoo.com','gbowen','PWzSkRKnEeQlY','F','1917-11-26',102,1);
INSERT INTO staff_member (id,employed_since,position,salary,room) VALUES (115,'2016-02-02','Professor',35000,37);
INSERT INTO professor (id,research_topic,surgery_participation,departement_id) VALUES (115,'Hospice and Palliative Medicine Specialist',B'1',17);
INSERT INTO person (id,first_name,second_name,email,user_login,user_password,sex,date_of_birth,age,permission_level) VALUES (116,'Kevin','Woodard','wardhector@yahoo.com','judy50','QdahtORXUhwns','M','1936-02-13',83,2);
INSERT INTO staff_member (id,employed_since,position,salary,room) VALUES (116,'2016-12-02','Maintanence Worker',15000,57);
INSERT INTO maintanence_worker (id,employment_type,speciality) VALUES (116,'Part time','Hardware');
INSERT INTO person (id,first_name,second_name,email,user_login,user_password,sex,date_of_birth,age,permission_level) VALUES (117,'Keith','Santos','garzaclaudia@hotmail.com','sean86','pNsIcRtkyRA','M','1991-01-15',28,5);
INSERT INTO staff_member (id,employed_since,position,salary,room) VALUES (117,'2016-06-14','HR',30000,64);
INSERT INTO hr (id,selection_responsibility) VALUES (117,'Review');
INSERT INTO person (id,first_name,second_name,email,user_login,user_password,sex,date_of_birth,age,permission_level) VALUES (118,'Terrance','Tate','joshua08@yahoo.com','nealashley','ZgXSmqIRToh','M','1934-04-06',85,2);
INSERT INTO staff_member (id,employed_since,position,salary,room) VALUES (118,'2013-08-13','Nurse',25000,7);
INSERT INTO nurse (id,surgery_assistant,preferred_shifts,appointment_assistant,departement_id) VALUES (118,B'1','Day',B'0',6);
INSERT INTO person (id,first_name,second_name,email,user_login,user_password,sex,date_of_birth,age,permission_level) VALUES (119,'Willie','Cole','bradley44@yahoo.com','trodriguez','yfNTnppo','M','2001-09-13',18,5);
INSERT INTO staff_member (id,employed_since,position,salary,room) VALUES (119,'2011-12-01','Lab Technician',15000,45);
INSERT INTO lab_technician (id,education_level,departement_id) VALUES (119,'Postgraduate',18);
INSERT INTO person (id,first_name,second_name,email,user_login,user_password,sex,date_of_birth,age,permission_level) VALUES (120,'Anthony','Jackson','collinstrevor@hotmail.com','jeffreyherrera','WOiFjLqCfN','M','1978-10-22',41,1);
INSERT INTO staff_member (id,employed_since,position,salary,room) VALUES (120,'2014-10-04','Nurse',25000,7);
INSERT INTO nurse (id,surgery_assistant,preferred_shifts,appointment_assistant,departement_id) VALUES (120,B'0','Night',B'1',12);
INSERT INTO person (id,first_name,second_name,email,user_login,user_password,sex,date_of_birth,age,permission_level) VALUES (121,'Patricia','Wells','erinbell@yahoo.com','jennifermason','FAsVtebNWQ','F','2014-10-17',5,1);
INSERT INTO staff_member (id,employed_since,position,salary,room) VALUES (121,'2014-06-18','Maintanence Worker',15000,60);
INSERT INTO maintanence_worker (id,employment_type,speciality) VALUES (121,'Part time','Hardware');
INSERT INTO person (id,first_name,second_name,email,user_login,user_password,sex,date_of_birth,age,permission_level) VALUES (122,'Lisa','Hernandez','ricematthew@hotmail.com','rachel21','aoBOjjkXDJYGoHc','F','1923-04-17',96,1);
INSERT INTO staff_member (id,employed_since,position,salary,room) VALUES (122,'2012-12-12','Cook',15000,73);
INSERT INTO cook (id,experience) VALUES (122,2);
INSERT INTO person (id,first_name,second_name,email,user_login,user_password,sex,date_of_birth,age,permission_level) VALUES (123,'Jimmy','Vega','xwilson@yahoo.com','jacobbarrett','CNIguNzv','M','2001-03-28',18,1);
INSERT INTO patient (id) VALUES (123);
INSERT INTO patients_address (street,house,apartement) VALUES ('John st.','23','4');
INSERT INTO medical_history (patient_id,date) VALUES (123,'2019-10-22');
INSERT INTO person (id,first_name,second_name,email,user_login,user_password,sex,date_of_birth,age,permission_level) VALUES (124,'Kenneth','Snyder','kbailey@gmail.com','sdominguez','xVJvBhqXt','M','2010-08-24',9,3);
INSERT INTO staff_member (id,employed_since,position,salary,room) VALUES (124,'2012-08-20','Cleaning Team Worker',10000,54);
INSERT INTO cleaning_team_worker (id,employment_type) VALUES (124,'Full time');
INSERT INTO person (id,first_name,second_name,email,user_login,user_password,sex,date_of_birth,age,permission_level) VALUES (125,'Jeffery','Vasquez','ngonzalez@hotmail.com','goodwinjames','SDtqlwuWZQz','M','1955-03-01',64,4);
INSERT INTO patient (id) VALUES (125);
INSERT INTO patients_address (street,house,apartement) VALUES ('Anthony st.','79','6');
INSERT INTO medical_history (patient_id,date) VALUES (125,'2019-10-30');
INSERT INTO person (id,first_name,second_name,email,user_login,user_password,sex,date_of_birth,age,permission_level) VALUES (126,'Daniel','Williams','pmorse@hotmail.com','joseph07','rQjUHzOpCbJ','M','1985-01-01',34,4);
INSERT INTO staff_member (id,employed_since,position,salary,room) VALUES (126,'2012-11-10','Nurse',25000,9);
INSERT INTO nurse (id,surgery_assistant,preferred_shifts,appointment_assistant,departement_id) VALUES (126,B'1','Day',B'0',3);
INSERT INTO person (id,first_name,second_name,email,user_login,user_password,sex,date_of_birth,age,permission_level) VALUES (127,'Holly','Bartlett','smithbrian@gmail.com','younggregory','TKnCSwAOmVd','F','1992-05-12',27,2);
INSERT INTO patient (id) VALUES (127);
INSERT INTO patients_address (street,house,apartement) VALUES ('Matthew st.','71','5');
INSERT INTO medical_history (patient_id,date) VALUES (127,'2019-11-06');
INSERT INTO person (id,first_name,second_name,email,user_login,user_password,sex,date_of_birth,age,permission_level) VALUES (128,'Michael','Lopez','meyerdana@gmail.com','cmartin','dBFsdpSTuZmnqsx','M','2019-08-27',0,1);
INSERT INTO staff_member (id,employed_since,position,salary,room) VALUES (128,'2014-01-27','Lab Technician',15000,41);
INSERT INTO lab_technician (id,education_level,departement_id) VALUES (128,'Bachelor',17);
INSERT INTO person (id,first_name,second_name,email,user_login,user_password,sex,date_of_birth,age,permission_level) VALUES (129,'Dale','Moss','adamschmidt@hotmail.com','hughescolleen','gspSOvVgHpQVk','M','1959-12-28',60,3);
INSERT INTO staff_member (id,employed_since,position,salary,room) VALUES (129,'2017-10-04','Security Team Member',10000,61);
INSERT INTO security_team_member (id,shifts,physical_test_grade) VALUES (129,'Night','B');
INSERT INTO person (id,first_name,second_name,email,user_login,user_password,sex,date_of_birth,age,permission_level) VALUES (130,'Kayla','Kelly','sandovalderrick@gmail.com','shelby01','NvLiVOBSZ','F','1916-12-01',103,3);
INSERT INTO staff_member (id,employed_since,position,salary,room) VALUES (130,'2019-01-16','Doctor',35000,13);
INSERT INTO doctor (id,speciality,emergency_hours,experience,departement_id,supervisor) VALUES (130,'Pediatrician',B'1',4,14,49);
INSERT INTO person (id,first_name,second_name,email,user_login,user_password,sex,date_of_birth,age,permission_level) VALUES (131,'Dr.','Peter','laura43@hotmail.com','knappshirley','ubGwREGxDjl','M','1969-02-19',50,4);
INSERT INTO staff_member (id,employed_since,position,salary,room) VALUES (131,'2013-10-10','Doctor',35000,13);
INSERT INTO doctor (id,speciality,emergency_hours,experience,departement_id,supervisor) VALUES (131,'Infectious Disease Specialist',B'1',9,14,18);
INSERT INTO person (id,first_name,second_name,email,user_login,user_password,sex,date_of_birth,age,permission_level) VALUES (132,'Lindsey','Thompson','matthewferguson@hotmail.com','jjohnson','NkJVZlAbD','F','1978-03-17',41,5);
INSERT INTO staff_member (id,employed_since,position,salary,room) VALUES (132,'2014-07-31','Reseptionist',15000,56);
INSERT INTO reseptionist (id) VALUES (132);
INSERT INTO languages_spoken (reseptionist_id,language) VALUES (132,'PortuguesRussian');
INSERT INTO person (id,first_name,second_name,email,user_login,user_password,sex,date_of_birth,age,permission_level) VALUES (133,'Christopher','Riley','alex44@hotmail.com','kenneth31','CXwzukiBBqQO','M','1913-01-06',106,2);
INSERT INTO patient (id) VALUES (133);
INSERT INTO patients_address (street,house,apartement) VALUES ('Chad st.','34','8');
INSERT INTO medical_history (patient_id,date) VALUES (133,'2019-10-31');
INSERT INTO person (id,first_name,second_name,email,user_login,user_password,sex,date_of_birth,age,permission_level) VALUES (134,'Marissa','Medina','odelgado@yahoo.com','timothy79','FCcOBQfxkrz','F','2016-09-07',3,1);
INSERT INTO staff_member (id,employed_since,position,salary,room) VALUES (134,'2014-01-23','Maintanence Worker',15000,58);
INSERT INTO maintanence_worker (id,employment_type,speciality) VALUES (134,'Full time','Machines');
INSERT INTO person (id,first_name,second_name,email,user_login,user_password,sex,date_of_birth,age,permission_level) VALUES (135,'Paul','Campbell','ldixon@hotmail.com','brian34','wJPSpmbHZZOcpb','M','1913-06-10',106,2);
INSERT INTO patient (id) VALUES (135);
INSERT INTO patients_address (street,house,apartement) VALUES ('Mark st.','88','4');
INSERT INTO medical_history (patient_id,date) VALUES (135,'2019-11-12');
INSERT INTO person (id,first_name,second_name,email,user_login,user_password,sex,date_of_birth,age,permission_level) VALUES (136,'Jonathan','Brooks','gonzalezstephen@yahoo.com','mark29','FZmPAEPHs','M','1942-06-17',77,5);
INSERT INTO staff_member (id,employed_since,position,salary,room) VALUES (136,'2016-01-10','Doctor',35000,21);
INSERT INTO doctor (id,speciality,emergency_hours,experience,departement_id,supervisor) VALUES (136,'Preventive Medicine Specialist',B'1',8,10,76);
INSERT INTO person (id,first_name,second_name,email,user_login,user_password,sex,date_of_birth,age,permission_level) VALUES (137,'Linda','Howell','melissaoliver@gmail.com','heather71','qgAtOIEkFEJBZ','F','1904-09-16',115,2);
INSERT INTO patient (id) VALUES (137);
INSERT INTO patients_address (street,house,apartement) VALUES ('Alicia st.','22','10');
INSERT INTO medical_history (patient_id,date) VALUES (137,'2019-10-25');
INSERT INTO person (id,first_name,second_name,email,user_login,user_password,sex,date_of_birth,age,permission_level) VALUES (138,'Kimberly','Sheppard','yjohnson@hotmail.com','cynthia42','OOlmZmkqFR','F','1997-03-04',22,2);
INSERT INTO patient (id) VALUES (138);
INSERT INTO patients_address (street,house,apartement) VALUES ('Chloe st.','94','10');
INSERT INTO medical_history (patient_id,date) VALUES (138,'2019-11-12');
INSERT INTO person (id,first_name,second_name,email,user_login,user_password,sex,date_of_birth,age,permission_level) VALUES (139,'Willie','Rice','robert70@hotmail.com','davisrobert','yBbCLAfR','M','1951-08-28',68,2);
INSERT INTO staff_member (id,employed_since,position,salary,room) VALUES (139,'2019-08-31','Doctor',35000,30);
INSERT INTO doctor (id,speciality,emergency_hours,experience,departement_id,supervisor) VALUES (139,'Medical Geneticist',B'0',3,18,110);
INSERT INTO person (id,first_name,second_name,email,user_login,user_password,sex,date_of_birth,age,permission_level) VALUES (140,'Susan','Collins','barnesjesus@hotmail.com','melissa00','BWCnVNu','F','1931-12-31',88,4);
INSERT INTO staff_member (id,employed_since,position,salary,room) VALUES (140,'2019-07-30','Doctor',35000,18);
INSERT INTO doctor (id,speciality,emergency_hours,experience,departement_id,supervisor) VALUES (140,'Oncologist',B'0',5,16,87);
INSERT INTO person (id,first_name,second_name,email,user_login,user_password,sex,date_of_birth,age,permission_level) VALUES (141,'Martha','Jacobs','lori65@gmail.com','ybraun','ZchrmSTm','F','1987-08-26',32,3);
INSERT INTO staff_member (id,employed_since,position,salary,room) VALUES (141,'2013-11-28','Cleaning Team Worker',10000,54);
INSERT INTO cleaning_team_worker (id,employment_type) VALUES (141,'Part time');
INSERT INTO person (id,first_name,second_name,email,user_login,user_password,sex,date_of_birth,age,permission_level) VALUES (142,'Stacey','Rivera','olsonglenn@gmail.com','william93','faCISFTGcqnVl','F','1988-10-03',31,2);
INSERT INTO staff_member (id,employed_since,position,salary,room) VALUES (142,'2016-05-03','Nurse',25000,9);
INSERT INTO nurse (id,surgery_assistant,preferred_shifts,appointment_assistant,departement_id) VALUES (142,B'0','Day',B'0',2);
INSERT INTO person (id,first_name,second_name,email,user_login,user_password,sex,date_of_birth,age,permission_level) VALUES (143,'Joshua','Simmons','chernandez@yahoo.com','candicejimenez','jJiZfuiNqiSVJ','M','1984-07-20',35,3);
INSERT INTO staff_member (id,employed_since,position,salary,room) VALUES (143,'2011-03-12','Professor',35000,38);
INSERT INTO professor (id,research_topic,surgery_participation,departement_id) VALUES (143,'Radiologist',B'1',12);
INSERT INTO person (id,first_name,second_name,email,user_login,user_password,sex,date_of_birth,age,permission_level) VALUES (144,'Daniel','Dorsey','jeremy05@gmail.com','petersonkimberly','cbpingQwOIGoI','M','1994-01-14',25,1);
INSERT INTO patient (id) VALUES (144);
INSERT INTO patients_address (street,house,apartement) VALUES ('Melissa st.','55','1');
INSERT INTO medical_history (patient_id,date) VALUES (144,'2019-10-16');
INSERT INTO person (id,first_name,second_name,email,user_login,user_password,sex,date_of_birth,age,permission_level) VALUES (145,'Tiffany','Jones','michele81@yahoo.com','chale','bDOiTRjo','F','1934-01-02',85,5);
INSERT INTO staff_member (id,employed_since,position,salary,room) VALUES (145,'2017-04-18','Cleaning Team Worker',10000,52);
INSERT INTO cleaning_team_worker (id,employment_type) VALUES (145,'Part time');
INSERT INTO person (id,first_name,second_name,email,user_login,user_password,sex,date_of_birth,age,permission_level) VALUES (146,'John','Brooks','williamsconnie@gmail.com','xjensen','YWudWqMdIBVoTb','M','1944-08-19',75,4);
INSERT INTO staff_member (id,employed_since,position,salary,room) VALUES (146,'2013-08-24','Reseptionist',15000,56);
INSERT INTO reseptionist (id) VALUES (146);
INSERT INTO languages_spoken (reseptionist_id,language) VALUES (146,'Russian');
INSERT INTO person (id,first_name,second_name,email,user_login,user_password,sex,date_of_birth,age,permission_level) VALUES (147,'Lisa','Sparks','tfields@yahoo.com','sanfordmartin','pQqZVOJmZFTAUuj','F','1936-03-29',83,5);
INSERT INTO staff_member (id,employed_since,position,salary,room) VALUES (147,'2011-08-29','Maintanence Worker',15000,57);
INSERT INTO maintanence_worker (id,employment_type,speciality) VALUES (147,'Part time','Furniture');
INSERT INTO person (id,first_name,second_name,email,user_login,user_password,sex,date_of_birth,age,permission_level) VALUES (148,'Alyssa','Clark','hallbrittney@yahoo.com','millerluis','UjMzTcXOlxzYU','F','1995-09-06',24,5);
INSERT INTO staff_member (id,employed_since,position,salary,room) VALUES (148,'2011-08-19','Reseptionist',15000,56);
INSERT INTO reseptionist (id) VALUES (148);
INSERT INTO languages_spoken (reseptionist_id,language) VALUES (148,'PortuguesEnglishPortuguesTatarRussianArabic');
INSERT INTO person (id,first_name,second_name,email,user_login,user_password,sex,date_of_birth,age,permission_level) VALUES (149,'Richard','English','riosthomas@gmail.com','jeffreyvaughan','gyiumPihmKB','M','1968-12-19',51,5);
INSERT INTO staff_member (id,employed_since,position,salary,room) VALUES (149,'2011-01-16','HR',30000,67);
INSERT INTO hr (id,selection_responsibility) VALUES (149,'Review');
INSERT INTO person (id,first_name,second_name,email,user_login,user_password,sex,date_of_birth,age,permission_level) VALUES (150,'Valerie','Medina','leesarah@hotmail.com','gcoleman','hGtjytV','F','1909-10-27',110,2);
INSERT INTO patient (id) VALUES (150);
INSERT INTO patients_address (street,house,apartement) VALUES ('Nicholas st.','37','1');
INSERT INTO medical_history (patient_id,date) VALUES (150,'2019-11-19');
INSERT INTO person (id,first_name,second_name,email,user_login,user_password,sex,date_of_birth,age,permission_level) VALUES (151,'Angel','Jones','michaelortega@gmail.com','stephen86','qmiTHnuh','F','1957-10-25',62,5);
INSERT INTO patient (id) VALUES (151);
INSERT INTO patients_address (street,house,apartement) VALUES ('Phillip st.','10','8');
INSERT INTO medical_history (patient_id,date) VALUES (151,'2019-10-20');
INSERT INTO person (id,first_name,second_name,email,user_login,user_password,sex,date_of_birth,age,permission_level) VALUES (152,'Patrick','Stanley','janice72@yahoo.com','scottcassandra','NeAeqmhGtovaJD','M','1925-03-14',94,2);
INSERT INTO patient (id) VALUES (152);
INSERT INTO patients_address (street,house,apartement) VALUES ('Marcus st.','90','10');
INSERT INTO medical_history (patient_id,date) VALUES (152,'2019-10-30');
INSERT INTO person (id,first_name,second_name,email,user_login,user_password,sex,date_of_birth,age,permission_level) VALUES (153,'Michael','Peters','brittany70@gmail.com','irwindouglas','nScVBdpmzMeSC','M','1999-03-12',20,3);
INSERT INTO staff_member (id,employed_since,position,salary,room) VALUES (153,'2011-12-09','Reseptionist',15000,56);
INSERT INTO reseptionist (id) VALUES (153);
INSERT INTO languages_spoken (reseptionist_id,language) VALUES (153,'EnglishItalianEnglishRussianPortuguesPortugues');
INSERT INTO person (id,first_name,second_name,email,user_login,user_password,sex,date_of_birth,age,permission_level) VALUES (154,'Pamela','Alvarez','hsimon@gmail.com','sgill','VDxUWnDmezgm','F','1982-02-02',37,1);
INSERT INTO staff_member (id,employed_since,position,salary,room) VALUES (154,'2019-01-16','Doctor',35000,23);
INSERT INTO doctor (id,speciality,emergency_hours,experience,departement_id,supervisor) VALUES (154,'Cardiologist',B'1',3,4,139);
INSERT INTO person (id,first_name,second_name,email,user_login,user_password,sex,date_of_birth,age,permission_level) VALUES (155,'Louis','Olsen','emily74@hotmail.com','albertburke','FwGvTFCxvsUnda','M','1987-04-04',32,1);
INSERT INTO patient (id) VALUES (155);
INSERT INTO patients_address (street,house,apartement) VALUES ('Phillip st.','1','1');
INSERT INTO medical_history (patient_id,date) VALUES (155,'2019-11-03');
INSERT INTO person (id,first_name,second_name,email,user_login,user_password,sex,date_of_birth,age,permission_level) VALUES (156,'Jason','Stein','zacharydiaz@hotmail.com','sarakelly','UIYHWkZkjtMal','M','1948-12-06',71,3);
INSERT INTO staff_member (id,employed_since,position,salary,room) VALUES (156,'2010-05-18','Doctor',35000,25);
INSERT INTO doctor (id,speciality,emergency_hours,experience,departement_id,supervisor) VALUES (156,'Medicine Specialist',B'0',10,16,154);
INSERT INTO person (id,first_name,second_name,email,user_login,user_password,sex,date_of_birth,age,permission_level) VALUES (157,'Mark','Powers','richmondamanda@hotmail.com','watsonlinda','UYybZkbhDsbE','M','1952-11-20',67,5);
INSERT INTO staff_member (id,employed_since,position,salary,room) VALUES (157,'2015-10-29','Maintanence Worker',15000,60);
INSERT INTO maintanence_worker (id,employment_type,speciality) VALUES (157,'Full time','Electricity');
INSERT INTO person (id,first_name,second_name,email,user_login,user_password,sex,date_of_birth,age,permission_level) VALUES (158,'Anthony','Curry','gjohnson@hotmail.com','richard91','MBdixRGPW','M','1980-04-23',39,4);
INSERT INTO staff_member (id,employed_since,position,salary,room) VALUES (158,'2018-12-21','Cook',15000,71);
INSERT INTO cook (id,experience) VALUES (158,5);
INSERT INTO person (id,first_name,second_name,email,user_login,user_password,sex,date_of_birth,age,permission_level) VALUES (159,'Jessica','Brooks','anthony63@yahoo.com','tiffany50','VbLAFCaf','F','2019-01-05',0,3);
INSERT INTO staff_member (id,employed_since,position,salary,room) VALUES (159,'2010-04-19','Doctor',35000,12);
INSERT INTO doctor (id,speciality,emergency_hours,experience,departement_id,supervisor) VALUES (159,'Emergency Medicine Specialist',B'1',7,10,87);
INSERT INTO person (id,first_name,second_name,email,user_login,user_password,sex,date_of_birth,age,permission_level) VALUES (160,'Christine','Nelson','jenniferstevens@gmail.com','vkeith','SJtpEPgAPheEns','F','1934-12-23',85,1);
INSERT INTO patient (id) VALUES (160);
INSERT INTO patients_address (street,house,apartement) VALUES ('Sharon st.','13','9');
INSERT INTO medical_history (patient_id,date) VALUES (160,'2019-11-04');
INSERT INTO person (id,first_name,second_name,email,user_login,user_password,sex,date_of_birth,age,permission_level) VALUES (161,'Justin','Cruz','jprice@hotmail.com','tanyaramos','NNMmqnEWyJuiSZ','M','2008-08-10',11,5);
INSERT INTO staff_member (id,employed_since,position,salary,room) VALUES (161,'2010-06-08','Doctor',35000,25);
INSERT INTO doctor (id,speciality,emergency_hours,experience,departement_id,supervisor) VALUES (161,'Osteopath',B'0',9,4,110);
INSERT INTO person (id,first_name,second_name,email,user_login,user_password,sex,date_of_birth,age,permission_level) VALUES (162,'Kimberly','Vasquez','wduke@gmail.com','thomas72','CqGfVCLpP','F','2004-02-23',15,3);
INSERT INTO staff_member (id,employed_since,position,salary,room) VALUES (162,'2017-12-17','Doctor',35000,26);
INSERT INTO doctor (id,speciality,emergency_hours,experience,departement_id,supervisor) VALUES (162,'Anesthesiologist',B'1',3,12,73);
INSERT INTO person (id,first_name,second_name,email,user_login,user_password,sex,date_of_birth,age,permission_level) VALUES (163,'Bradley','Mendez','pnguyen@yahoo.com','cookjoshua','AdfOXRw','M','1951-05-14',68,2);
INSERT INTO staff_member (id,employed_since,position,salary,room) VALUES (163,'2011-06-16','Nurse',25000,3);
INSERT INTO nurse (id,surgery_assistant,preferred_shifts,appointment_assistant,departement_id) VALUES (163,B'0','Night',B'1',6);
INSERT INTO person (id,first_name,second_name,email,user_login,user_password,sex,date_of_birth,age,permission_level) VALUES (164,'Leslie','Kennedy','ajohnston@yahoo.com','norman14','DZyjhGiK','F','1941-03-06',78,3);
INSERT INTO staff_member (id,employed_since,position,salary,room) VALUES (164,'2017-11-04','Professor',35000,32);
INSERT INTO professor (id,research_topic,surgery_participation,departement_id) VALUES (164,'Medicine Specialist',B'0',1);
INSERT INTO person (id,first_name,second_name,email,user_login,user_password,sex,date_of_birth,age,permission_level) VALUES (165,'Shannon','Mitchell','xstevens@yahoo.com','kathrynmarquez','YqtDJvQewZaXkM','F','1974-06-07',45,3);
INSERT INTO staff_member (id,employed_since,position,salary,room) VALUES (165,'2017-04-16','Nurse',25000,8);
INSERT INTO nurse (id,surgery_assistant,preferred_shifts,appointment_assistant,departement_id) VALUES (165,B'0','Night',B'0',2);
INSERT INTO person (id,first_name,second_name,email,user_login,user_password,sex,date_of_birth,age,permission_level) VALUES (166,'Samantha','Garcia','jeffrey60@hotmail.com','margaretho','xfEbMcEtPouXX','F','2003-11-21',16,5);
INSERT INTO staff_member (id,employed_since,position,salary,room) VALUES (166,'2013-02-04','Professor',35000,34);
INSERT INTO professor (id,research_topic,surgery_participation,departement_id) VALUES (166,'Emergency Medicine Specialist',B'1',4);
INSERT INTO person (id,first_name,second_name,email,user_login,user_password,sex,date_of_birth,age,permission_level) VALUES (167,'Brett','Newman','aaroncook@hotmail.com','gregory00','qYrnAUW','M','1974-05-26',45,5);
INSERT INTO staff_member (id,employed_since,position,salary,room) VALUES (167,'2017-08-13','Cook',15000,73);
INSERT INTO cook (id,experience) VALUES (167,9);
INSERT INTO person (id,first_name,second_name,email,user_login,user_password,sex,date_of_birth,age,permission_level) VALUES (168,'Jenna','Davis','mcgrathmichele@hotmail.com','hmatthews','ZmyluiNNEBW','F','1996-05-24',23,1);
INSERT INTO staff_member (id,employed_since,position,salary,room) VALUES (168,'2018-03-04','Reseptionist',15000,56);
INSERT INTO reseptionist (id) VALUES (168);
INSERT INTO languages_spoken (reseptionist_id,language) VALUES (168,'ItalianArabicRussianTatarPortuguesRussian');
INSERT INTO person (id,first_name,second_name,email,user_login,user_password,sex,date_of_birth,age,permission_level) VALUES (169,'Felicia','Little','woodbrittney@hotmail.com','nwalker','UrHTLSXDhJRNJ','F','1959-03-16',60,2);
INSERT INTO patient (id) VALUES (169);
INSERT INTO patients_address (street,house,apartement) VALUES ('Chad st.','88','6');
INSERT INTO medical_history (patient_id,date) VALUES (169,'2019-10-15');
INSERT INTO person (id,first_name,second_name,email,user_login,user_password,sex,date_of_birth,age,permission_level) VALUES (170,'Kyle','Patton','dannysanchez@yahoo.com','cookesean','YYQSdILZgUDqh','M','1916-05-12',103,1);
INSERT INTO staff_member (id,employed_since,position,salary,room) VALUES (170,'2014-11-22','Reseptionist',15000,56);
INSERT INTO reseptionist (id) VALUES (170);
INSERT INTO languages_spoken (reseptionist_id,language) VALUES (170,'TatarPortugues');
INSERT INTO person (id,first_name,second_name,email,user_login,user_password,sex,date_of_birth,age,permission_level) VALUES (171,'Connor','Miller','tara07@gmail.com','amanda12','EWaWGPjhaTu','M','1908-12-22',111,5);
INSERT INTO patient (id) VALUES (171);
INSERT INTO patients_address (street,house,apartement) VALUES ('Wendy st.','83','10');
INSERT INTO medical_history (patient_id,date) VALUES (171,'2019-11-11');
INSERT INTO person (id,first_name,second_name,email,user_login,user_password,sex,date_of_birth,age,permission_level) VALUES (172,'Matthew','Cobb','bauertaylor@hotmail.com','hfloyd','pcJEpZmesq','M','1952-03-11',67,1);
INSERT INTO staff_member (id,employed_since,position,salary,room) VALUES (172,'2014-11-25','Reseptionist',15000,56);
INSERT INTO reseptionist (id) VALUES (172);
INSERT INTO languages_spoken (reseptionist_id,language) VALUES (172,'ArabicItalianTatarEnglishItalian');
INSERT INTO person (id,first_name,second_name,email,user_login,user_password,sex,date_of_birth,age,permission_level) VALUES (173,'Alan','Wilson','myates@yahoo.com','juliawells','xHzhxkmlYMH','M','1916-03-28',103,4);
INSERT INTO staff_member (id,employed_since,position,salary,room) VALUES (173,'2010-01-09','HR',30000,64);
INSERT INTO hr (id,selection_responsibility) VALUES (173,'Interview');
INSERT INTO person (id,first_name,second_name,email,user_login,user_password,sex,date_of_birth,age,permission_level) VALUES (174,'Hannah','Carson','williamcharles@hotmail.com','sliu','AIikOthmjclTdF','F','1974-03-12',45,1);
INSERT INTO patient (id) VALUES (174);
INSERT INTO patients_address (street,house,apartement) VALUES ('Elizabeth st.','57','1');
INSERT INTO medical_history (patient_id,date) VALUES (174,'2019-10-15');
INSERT INTO person (id,first_name,second_name,email,user_login,user_password,sex,date_of_birth,age,permission_level) VALUES (175,'Leslie','Mendoza','todd44@hotmail.com','michellecolon','vqZwbQQ','F','1973-11-13',46,4);
INSERT INTO patient (id) VALUES (175);
INSERT INTO patients_address (street,house,apartement) VALUES ('Michael st.','58','5');
INSERT INTO medical_history (patient_id,date) VALUES (175,'2019-11-03');
INSERT INTO person (id,first_name,second_name,email,user_login,user_password,sex,date_of_birth,age,permission_level) VALUES (176,'Jonathan','Campos','ashaw@yahoo.com','teresafrancis','SEcryFXeZCq','M','1976-07-14',43,5);
INSERT INTO staff_member (id,employed_since,position,salary,room) VALUES (176,'2016-09-06','Professor',35000,32);
INSERT INTO professor (id,research_topic,surgery_participation,departement_id) VALUES (176,'Anesthesiologist',B'1',6);
INSERT INTO person (id,first_name,second_name,email,user_login,user_password,sex,date_of_birth,age,permission_level) VALUES (177,'Mrs.','Brittany','bosborn@gmail.com','haasdrew','VQTcJHRXfNnJOlY','F','2004-08-08',15,3);
INSERT INTO staff_member (id,employed_since,position,salary,room) VALUES (177,'2011-03-08','HR',30000,64);
INSERT INTO hr (id,selection_responsibility) VALUES (177,'Review');
INSERT INTO person (id,first_name,second_name,email,user_login,user_password,sex,date_of_birth,age,permission_level) VALUES (178,'Craig','Jones','sarah83@yahoo.com','pamelascott','yDeFeADYOVhMR','M','1974-04-23',45,4);
INSERT INTO staff_member (id,employed_since,position,salary,room) VALUES (178,'2019-02-08','Pharmasist',20000,69);
INSERT INTO pharmasist (id,education_level,research) VALUES (178,'Bachelor',B'0');
INSERT INTO person (id,first_name,second_name,email,user_login,user_password,sex,date_of_birth,age,permission_level) VALUES (179,'Sally','Gonzalez','cherylgrant@gmail.com','nancy70','UKUuDjchSHOsVnA','F','1919-07-14',100,3);
INSERT INTO staff_member (id,employed_since,position,salary,room) VALUES (179,'2014-09-04','Reseptionist',15000,56);
INSERT INTO reseptionist (id) VALUES (179);
INSERT INTO languages_spoken (reseptionist_id,language) VALUES (179,'EnglishPortuguesItalianTatar');
INSERT INTO person (id,first_name,second_name,email,user_login,user_password,sex,date_of_birth,age,permission_level) VALUES (180,'Abigail','Marquez','craig35@gmail.com','taylorflores','eFbwTUMQCMl','F','1929-10-06',90,4);
INSERT INTO staff_member (id,employed_since,position,salary,room) VALUES (180,'2011-08-03','Nurse',25000,3);
INSERT INTO nurse (id,surgery_assistant,preferred_shifts,appointment_assistant,departement_id) VALUES (180,B'1','Night',B'0',14);
INSERT INTO person (id,first_name,second_name,email,user_login,user_password,sex,date_of_birth,age,permission_level) VALUES (181,'Trevor','Middleton','gallagherdeanna@gmail.com','kimbryan','YkzeByvBhcmhTr','M','1947-07-07',72,2);
INSERT INTO staff_member (id,employed_since,position,salary,room) VALUES (181,'2019-06-02','HR',30000,66);
INSERT INTO hr (id,selection_responsibility) VALUES (181,'Review');
INSERT INTO person (id,first_name,second_name,email,user_login,user_password,sex,date_of_birth,age,permission_level) VALUES (182,'Thomas','Robinson','greenmackenzie@gmail.com','wilsonkathleen','DvgFwbeOR','M','1912-10-09',107,3);
INSERT INTO staff_member (id,employed_since,position,salary,room) VALUES (182,'2011-06-03','Cook',15000,73);
INSERT INTO cook (id,experience) VALUES (182,1);
INSERT INTO person (id,first_name,second_name,email,user_login,user_password,sex,date_of_birth,age,permission_level) VALUES (183,'April','Macias','rjohnson@yahoo.com','johnsonelizabeth','nLfuoNcCP','F','2004-01-28',15,3);
INSERT INTO patient (id) VALUES (183);
INSERT INTO patients_address (street,house,apartement) VALUES ('James st.','14','2');
INSERT INTO medical_history (patient_id,date) VALUES (183,'2019-11-22');
INSERT INTO person (id,first_name,second_name,email,user_login,user_password,sex,date_of_birth,age,permission_level) VALUES (184,'Richard','Tran','rwarren@hotmail.com','andersonjennifer','VWSrEoPw','M','1988-11-11',31,3);
INSERT INTO staff_member (id,employed_since,position,salary,room) VALUES (184,'2016-08-11','Professor',35000,38);
INSERT INTO professor (id,research_topic,surgery_participation,departement_id) VALUES (184,'Dermatologist',B'1',14);
INSERT INTO person (id,first_name,second_name,email,user_login,user_password,sex,date_of_birth,age,permission_level) VALUES (185,'Justin','Porter','clarkrebecca@gmail.com','sarahlopez','quiOlaXeiOXT','M','1966-05-28',53,1);
INSERT INTO patient (id) VALUES (185);
INSERT INTO patients_address (street,house,apartement) VALUES ('Heidi st.','52','10');
INSERT INTO medical_history (patient_id,date) VALUES (185,'2019-10-17');
INSERT INTO person (id,first_name,second_name,email,user_login,user_password,sex,date_of_birth,age,permission_level) VALUES (186,'Ashley','Clark','moraamanda@hotmail.com','rachel03','wpdjiqWFJ','F','1932-02-25',87,1);
INSERT INTO patient (id) VALUES (186);
INSERT INTO patients_address (street,house,apartement) VALUES ('Tanya st.','2','4');
INSERT INTO medical_history (patient_id,date) VALUES (186,'2019-11-12');
INSERT INTO person (id,first_name,second_name,email,user_login,user_password,sex,date_of_birth,age,permission_level) VALUES (187,'Monica','Jones','amberponce@hotmail.com','johnathanbryant','cXNHVYFQQTB','F','2011-12-10',8,5);
INSERT INTO staff_member (id,employed_since,position,salary,room) VALUES (187,'2010-01-19','Doctor',35000,22);
INSERT INTO doctor (id,speciality,emergency_hours,experience,departement_id,supervisor) VALUES (187,'Obstetrician and Gynecologist',B'0',9,2,87);
INSERT INTO person (id,first_name,second_name,email,user_login,user_password,sex,date_of_birth,age,permission_level) VALUES (188,'Veronica','Robertson','matthewcarter@hotmail.com','marshallscott','mnLpEtEMVUgIyOM','F','2001-10-02',18,5);
INSERT INTO patient (id) VALUES (188);
INSERT INTO patients_address (street,house,apartement) VALUES ('Dominic st.','49','4');
INSERT INTO medical_history (patient_id,date) VALUES (188,'2019-11-12');
INSERT INTO person (id,first_name,second_name,email,user_login,user_password,sex,date_of_birth,age,permission_level) VALUES (189,'Jared','Mccall','turnershelby@hotmail.com','andre73','GPcnmbzDlZnhB','M','1910-11-11',109,5);
INSERT INTO staff_member (id,employed_since,position,salary,room) VALUES (189,'2015-02-21','HR',30000,67);
INSERT INTO hr (id,selection_responsibility) VALUES (189,'Review');
INSERT INTO person (id,first_name,second_name,email,user_login,user_password,sex,date_of_birth,age,permission_level) VALUES (190,'Lisa','Phillips','barkerbrooke@hotmail.com','kyliesimmons','IIDXWmlTJFdxf','F','1992-05-07',27,4);
INSERT INTO staff_member (id,employed_since,position,salary,room) VALUES (190,'2013-07-17','Nurse',25000,7);
INSERT INTO nurse (id,surgery_assistant,preferred_shifts,appointment_assistant,departement_id) VALUES (190,B'0','Night',B'1',6);
INSERT INTO person (id,first_name,second_name,email,user_login,user_password,sex,date_of_birth,age,permission_level) VALUES (191,'Daniel','Boyer','elizabeth79@gmail.com','camachohaley','uycGiwRtMcFI','M','2019-03-23',0,2);
INSERT INTO staff_member (id,employed_since,position,salary,room) VALUES (191,'2012-07-30','Maintanence Worker',15000,57);
INSERT INTO maintanence_worker (id,employment_type,speciality) VALUES (191,'Part time','Hardware');
INSERT INTO person (id,first_name,second_name,email,user_login,user_password,sex,date_of_birth,age,permission_level) VALUES (192,'Debbie','Castro','johnsmith@yahoo.com','pruittlee','RImBhLpXORbUJ','F','1930-05-07',89,3);
INSERT INTO staff_member (id,employed_since,position,salary,room) VALUES (192,'2013-05-24','Priest',15000,78);
INSERT INTO priest (id,religion) VALUES (192,'Judaism');
INSERT INTO person (id,first_name,second_name,email,user_login,user_password,sex,date_of_birth,age,permission_level) VALUES (193,'Edward','Poole','greenelaine@hotmail.com','chelsealloyd','UzBUgQAdqN','M','1976-02-03',43,2);
INSERT INTO staff_member (id,employed_since,position,salary,room) VALUES (193,'2011-08-05','Doctor',35000,16);
INSERT INTO doctor (id,speciality,emergency_hours,experience,departement_id,supervisor) VALUES (193,'Internist',B'0',4,14,48);
INSERT INTO person (id,first_name,second_name,email,user_login,user_password,sex,date_of_birth,age,permission_level) VALUES (194,'Regina','Tucker','evansashley@yahoo.com','jamessmith','OlIjSFFeEfWtej','F','2002-10-06',17,2);
INSERT INTO staff_member (id,employed_since,position,salary,room) VALUES (194,'2016-07-05','Cleaning Team Worker',10000,52);
INSERT INTO cleaning_team_worker (id,employment_type) VALUES (194,'Part time');
INSERT INTO person (id,first_name,second_name,email,user_login,user_password,sex,date_of_birth,age,permission_level) VALUES (195,'Dale','White','julieschultz@hotmail.com','jenniferdavidson','LqxpLXyd','M','1908-10-04',111,3);
INSERT INTO staff_member (id,employed_since,position,salary,room) VALUES (195,'2016-10-05','Lab Technician',15000,47);
INSERT INTO lab_technician (id,education_level,departement_id) VALUES (195,'Postgraduate',17);
INSERT INTO person (id,first_name,second_name,email,user_login,user_password,sex,date_of_birth,age,permission_level) VALUES (196,'Melissa','Perry','ssawyer@yahoo.com','katherinegraves','jkHDovpEHOzp','F','2018-02-01',1,3);
INSERT INTO staff_member (id,employed_since,position,salary,room) VALUES (196,'2018-12-18','Doctor',35000,14);
INSERT INTO doctor (id,speciality,emergency_hours,experience,departement_id,supervisor) VALUES (196,'Podiatrist',B'0',8,1,73);
INSERT INTO person (id,first_name,second_name,email,user_login,user_password,sex,date_of_birth,age,permission_level) VALUES (197,'Kelly','Tucker','luiswong@hotmail.com','frose','ZXEdHxzyzFGC','F','1962-01-08',57,2);
INSERT INTO staff_member (id,employed_since,position,salary,room) VALUES (197,'2019-08-20','Professor',35000,32);
INSERT INTO professor (id,research_topic,surgery_participation,departement_id) VALUES (197,'Nephrologist',B'1',1);
INSERT INTO person (id,first_name,second_name,email,user_login,user_password,sex,date_of_birth,age,permission_level) VALUES (198,'Gregory','Peterson','stephenbridges@yahoo.com','ogarcia','GxSNYJl','M','1996-03-16',23,3);
INSERT INTO patient (id) VALUES (198);
INSERT INTO patients_address (street,house,apartement) VALUES ('Stephanie st.','24','10');
INSERT INTO medical_history (patient_id,date) VALUES (198,'2019-11-12');
INSERT INTO person (id,first_name,second_name,email,user_login,user_password,sex,date_of_birth,age,permission_level) VALUES (199,'Rebecca','Duncan','brandon83@gmail.com','michael40','DoqViiwX','F','1964-04-12',55,2);
INSERT INTO staff_member (id,employed_since,position,salary,room) VALUES (199,'2010-04-08','Doctor',35000,22);
INSERT INTO doctor (id,speciality,emergency_hours,experience,departement_id,supervisor) VALUES (199,'Critical Care Medicine Specialist',B'0',2,1,73);
INSERT INTO person (id,first_name,second_name,email,user_login,user_password,sex,date_of_birth,age,permission_level) VALUES (200,'Rebecca','Johnson','scott64@hotmail.com','lawrencemata','LrODhopgAe','F','1978-08-24',41,1);
INSERT INTO staff_member (id,employed_since,position,salary,room) VALUES (200,'2013-07-06','Cleaning Team Worker',10000,53);
INSERT INTO cleaning_team_worker (id,employment_type) VALUES (200,'Full time');
INSERT INTO person (id,first_name,second_name,email,user_login,user_password,sex,date_of_birth,age,permission_level) VALUES (201,'Kristen','Maxwell','smallandrew@gmail.com','phillip65','wgrnmOeCGrYlS','F','1945-05-04',74,3);
INSERT INTO staff_member (id,employed_since,position,salary,room) VALUES (201,'2013-05-02','Doctor',35000,23);
INSERT INTO doctor (id,speciality,emergency_hours,experience,departement_id,supervisor) VALUES (201,'Hematologist',B'0',8,1,159);
INSERT INTO person (id,first_name,second_name,email,user_login,user_password,sex,date_of_birth,age,permission_level) VALUES (202,'Roberto','Curtis','justin87@hotmail.com','charles08','WXcSNQSR','M','1959-10-11',60,4);
INSERT INTO staff_member (id,employed_since,position,salary,room) VALUES (202,'2017-03-06','Doctor',35000,21);
INSERT INTO doctor (id,speciality,emergency_hours,experience,departement_id,supervisor) VALUES (202,'Rheumatologist',B'0',3,2,48);
INSERT INTO person (id,first_name,second_name,email,user_login,user_password,sex,date_of_birth,age,permission_level) VALUES (203,'Mrs.','Lindsey','xruiz@gmail.com','qwhite','FaElWDkUoRsw','F','1980-12-05',39,4);
INSERT INTO patient (id) VALUES (203);
INSERT INTO patients_address (street,house,apartement) VALUES ('Dr. st.','32','9');
INSERT INTO medical_history (patient_id,date) VALUES (203,'2019-10-21');
INSERT INTO person (id,first_name,second_name,email,user_login,user_password,sex,date_of_birth,age,permission_level) VALUES (204,'Stacy','Adams','andrea75@gmail.com','rjackson','pyvwytTjQHCiyC','F','1923-12-06',96,5);
INSERT INTO staff_member (id,employed_since,position,salary,room) VALUES (204,'2017-09-18','Doctor',35000,28);
INSERT INTO doctor (id,speciality,emergency_hours,experience,departement_id,supervisor) VALUES (204,'Geriatric Medicine Specialist',B'0',8,18,42);
INSERT INTO person (id,first_name,second_name,email,user_login,user_password,sex,date_of_birth,age,permission_level) VALUES (205,'Jeremy','Hall','michaelsmith@hotmail.com','cynthiaweeks','FZcMKgzSOFl','M','1976-06-21',43,1);
INSERT INTO staff_member (id,employed_since,position,salary,room) VALUES (205,'2012-08-29','Lab Technician',15000,41);
INSERT INTO lab_technician (id,education_level,departement_id) VALUES (205,'Postgraduate',8);
INSERT INTO person (id,first_name,second_name,email,user_login,user_password,sex,date_of_birth,age,permission_level) VALUES (206,'John','Bennett','sotojennifer@gmail.com','priggs','WxhFnhn','M','1933-12-20',86,2);
INSERT INTO patient (id) VALUES (206);
INSERT INTO patients_address (street,house,apartement) VALUES ('Michelle st.','90','2');
INSERT INTO medical_history (patient_id,date) VALUES (206,'2019-10-16');
INSERT INTO person (id,first_name,second_name,email,user_login,user_password,sex,date_of_birth,age,permission_level) VALUES (207,'Dr.','Alexis','joel33@gmail.com','dawnmccarthy','uWRzDHDtFM','F','2008-09-11',11,1);
INSERT INTO staff_member (id,employed_since,position,salary,room) VALUES (207,'2017-01-21','Nurse',25000,7);
INSERT INTO nurse (id,surgery_assistant,preferred_shifts,appointment_assistant,departement_id) VALUES (207,B'1','Day',B'1',6);
INSERT INTO person (id,first_name,second_name,email,user_login,user_password,sex,date_of_birth,age,permission_level) VALUES (208,'Jessica','Rodriguez','andersonrobert@yahoo.com','david97','ClLoEaCHnTyK','F','1949-08-31',70,1);
INSERT INTO staff_member (id,employed_since,position,salary,room) VALUES (208,'2010-03-07','Nurse',25000,6);
INSERT INTO nurse (id,surgery_assistant,preferred_shifts,appointment_assistant,departement_id) VALUES (208,B'1','Day',B'0',11);
INSERT INTO person (id,first_name,second_name,email,user_login,user_password,sex,date_of_birth,age,permission_level) VALUES (209,'Caitlyn','Smith','james57@yahoo.com','tgomez','rYMLlMnMb','F','2010-01-25',9,2);
INSERT INTO staff_member (id,employed_since,position,salary,room) VALUES (209,'2011-03-28','Professor',35000,40);
INSERT INTO professor (id,research_topic,surgery_participation,departement_id) VALUES (209,'Pulmonologist',B'0',10);
INSERT INTO person (id,first_name,second_name,email,user_login,user_password,sex,date_of_birth,age,permission_level) VALUES (210,'William','Calderon','williambush@yahoo.com','thomaseric','afkViECo','M','1945-11-19',74,5);
INSERT INTO patient (id) VALUES (210);
INSERT INTO patients_address (street,house,apartement) VALUES ('William st.','97','5');
INSERT INTO medical_history (patient_id,date) VALUES (210,'2019-10-15');
INSERT INTO person (id,first_name,second_name,email,user_login,user_password,sex,date_of_birth,age,permission_level) VALUES (211,'Laura','Wilson','raymondanthony@gmail.com','foleylaura','zzobVmfCufBNrl','F','1917-02-08',102,5);
INSERT INTO staff_member (id,employed_since,position,salary,room) VALUES (211,'2012-12-06','Nurse',25000,9);
INSERT INTO nurse (id,surgery_assistant,preferred_shifts,appointment_assistant,departement_id) VALUES (211,B'1','Day',B'1',3);
INSERT INTO person (id,first_name,second_name,email,user_login,user_password,sex,date_of_birth,age,permission_level) VALUES (212,'David','Buchanan','kconner@hotmail.com','fcortez','jbxRGcF','M','1991-03-18',28,4);
INSERT INTO patient (id) VALUES (212);
INSERT INTO patients_address (street,house,apartement) VALUES ('Nathan st.','75','10');
INSERT INTO medical_history (patient_id,date) VALUES (212,'2019-11-16');
INSERT INTO person (id,first_name,second_name,email,user_login,user_password,sex,date_of_birth,age,permission_level) VALUES (213,'Donna','Clark','zbrooks@gmail.com','ingramjessica','KwIjSTopfBWlq','F','1974-10-27',45,2);
INSERT INTO staff_member (id,employed_since,position,salary,room) VALUES (213,'2015-06-25','Nurse',25000,10);
INSERT INTO nurse (id,surgery_assistant,preferred_shifts,appointment_assistant,departement_id) VALUES (213,B'1','Day',B'1',15);
INSERT INTO person (id,first_name,second_name,email,user_login,user_password,sex,date_of_birth,age,permission_level) VALUES (214,'Cody','Rice','kvargas@yahoo.com','cortezjohn','EnToADULyMYKHE','M','1983-06-05',36,2);
INSERT INTO staff_member (id,employed_since,position,salary,room) VALUES (214,'2015-10-27','Doctor',35000,16);
INSERT INTO doctor (id,speciality,emergency_hours,experience,departement_id,supervisor) VALUES (214,'Cardiologist',B'1',10,2,196);
INSERT INTO person (id,first_name,second_name,email,user_login,user_password,sex,date_of_birth,age,permission_level) VALUES (215,'Jeffery','Aguirre','dukeadam@gmail.com','christine33','MqwltRhet','M','1960-08-02',59,3);
INSERT INTO staff_member (id,employed_since,position,salary,room) VALUES (215,'2016-01-15','Pharmasist',20000,68);
INSERT INTO pharmasist (id,education_level,research) VALUES (215,'Postgraduate',B'1');
INSERT INTO person (id,first_name,second_name,email,user_login,user_password,sex,date_of_birth,age,permission_level) VALUES (216,'Daniel','Wells','jsmith@yahoo.com','bweber','dyUCSGrYRxZvZ','M','1978-05-03',41,2);
INSERT INTO staff_member (id,employed_since,position,salary,room) VALUES (216,'2017-11-08','Cleaning Team Worker',10000,52);
INSERT INTO cleaning_team_worker (id,employment_type) VALUES (216,'Full time');
INSERT INTO person (id,first_name,second_name,email,user_login,user_password,sex,date_of_birth,age,permission_level) VALUES (217,'Anthony','Henry','wlee@hotmail.com','gibbsjulia','oKsnqtVNXEYRjQ','M','2007-08-04',12,4);
INSERT INTO staff_member (id,employed_since,position,salary,room) VALUES (217,'2010-07-17','Cleaning Team Worker',10000,51);
INSERT INTO cleaning_team_worker (id,employment_type) VALUES (217,'Part time');
INSERT INTO person (id,first_name,second_name,email,user_login,user_password,sex,date_of_birth,age,permission_level) VALUES (218,'Mary','Hart','gphillips@gmail.com','alyssa07','dmhOCyZME','F','1986-03-07',33,2);
INSERT INTO staff_member (id,employed_since,position,salary,room) VALUES (218,'2017-12-07','Nurse',25000,7);
INSERT INTO nurse (id,surgery_assistant,preferred_shifts,appointment_assistant,departement_id) VALUES (218,B'1','Night',B'1',12);
INSERT INTO person (id,first_name,second_name,email,user_login,user_password,sex,date_of_birth,age,permission_level) VALUES (219,'Christine','Shah','fsmith@gmail.com','gregorychristine','riTrOKTUTc','F','1976-12-02',43,2);
INSERT INTO staff_member (id,employed_since,position,salary,room) VALUES (219,'2014-03-31','Pharmasist',20000,69);
INSERT INTO pharmasist (id,education_level,research) VALUES (219,'Postgraduate',B'1');
INSERT INTO person (id,first_name,second_name,email,user_login,user_password,sex,date_of_birth,age,permission_level) VALUES (220,'Jonathan','Brooks','smithmelinda@yahoo.com','susan72','FBEBYBBQot','M','1955-08-29',64,2);
INSERT INTO staff_member (id,employed_since,position,salary,room) VALUES (220,'2012-04-18','Doctor',35000,20);
INSERT INTO doctor (id,speciality,emergency_hours,experience,departement_id,supervisor) VALUES (220,'Ophthalmologist',B'0',3,16,161);
INSERT INTO person (id,first_name,second_name,email,user_login,user_password,sex,date_of_birth,age,permission_level) VALUES (221,'Robert','Bryant','robersonerin@yahoo.com','patrickmichelle','WnEeWnkXzLbT','M','1912-11-30',107,3);
INSERT INTO staff_member (id,employed_since,position,salary,room) VALUES (221,'2015-03-09','Doctor',35000,19);
INSERT INTO doctor (id,speciality,emergency_hours,experience,departement_id,supervisor) VALUES (221,'Sports Medicine Specialist',B'0',7,14,201);
INSERT INTO person (id,first_name,second_name,email,user_login,user_password,sex,date_of_birth,age,permission_level) VALUES (222,'Michael','Malone','palvarez@yahoo.com','ismith','mJcVGDFrwibwWQ','M','2013-08-27',6,3);
INSERT INTO patient (id) VALUES (222);
INSERT INTO patients_address (street,house,apartement) VALUES ('Brandon st.','34','3');
INSERT INTO medical_history (patient_id,date) VALUES (222,'2019-11-17');
INSERT INTO person (id,first_name,second_name,email,user_login,user_password,sex,date_of_birth,age,permission_level) VALUES (223,'Frank','Barker','williamspamela@yahoo.com','michele47','oMyNNzXTtkcwtM','M','1921-01-13',98,5);
INSERT INTO staff_member (id,employed_since,position,salary,room) VALUES (223,'2016-11-13','Doctor',35000,14);
INSERT INTO doctor (id,speciality,emergency_hours,experience,departement_id,supervisor) VALUES (223,'Critical Care Medicine Specialist',B'0',3,13,140);
INSERT INTO person (id,first_name,second_name,email,user_login,user_password,sex,date_of_birth,age,permission_level) VALUES (224,'Derek','Carter','mcantu@gmail.com','hillcarol','HTZxXqH','M','1930-09-12',89,3);
INSERT INTO staff_member (id,employed_since,position,salary,room) VALUES (224,'2013-06-27','Professor',35000,34);
INSERT INTO professor (id,research_topic,surgery_participation,departement_id) VALUES (224,'Psychiatrist',B'1',3);
INSERT INTO person (id,first_name,second_name,email,user_login,user_password,sex,date_of_birth,age,permission_level) VALUES (225,'Kristina','Peterson','vlara@yahoo.com','susandavis','dIAGGWksOvmhdwr','F','1968-02-06',51,2);
INSERT INTO staff_member (id,employed_since,position,salary,room) VALUES (225,'2019-10-14','Cleaning Team Worker',10000,51);
INSERT INTO cleaning_team_worker (id,employment_type) VALUES (225,'Full time');
INSERT INTO person (id,first_name,second_name,email,user_login,user_password,sex,date_of_birth,age,permission_level) VALUES (226,'Hunter','Ross','burnettjennifer@yahoo.com','johnnyfields','kajhJQUl','M','1963-05-24',56,2);
INSERT INTO patient (id) VALUES (226);
INSERT INTO patients_address (street,house,apartement) VALUES ('James st.','83','10');
INSERT INTO medical_history (patient_id,date) VALUES (226,'2019-11-07');
INSERT INTO person (id,first_name,second_name,email,user_login,user_password,sex,date_of_birth,age,permission_level) VALUES (227,'Sarah','Smith','melendezvictor@yahoo.com','nellis','SBqNGBiStraytSg','F','1956-04-21',63,5);
INSERT INTO staff_member (id,employed_since,position,salary,room) VALUES (227,'2018-09-25','Nurse',25000,9);
INSERT INTO nurse (id,surgery_assistant,preferred_shifts,appointment_assistant,departement_id) VALUES (227,B'1','Day',B'1',17);
INSERT INTO person (id,first_name,second_name,email,user_login,user_password,sex,date_of_birth,age,permission_level) VALUES (228,'Amber','Arroyo','antonio48@gmail.com','hicksedwin','maYHssVaYMnfhO','F','1953-09-02',66,4);
INSERT INTO staff_member (id,employed_since,position,salary,room) VALUES (228,'2017-04-19','Cleaning Team Worker',10000,51);
INSERT INTO cleaning_team_worker (id,employment_type) VALUES (228,'Part time');
INSERT INTO person (id,first_name,second_name,email,user_login,user_password,sex,date_of_birth,age,permission_level) VALUES (229,'Kiara','Cole','jacksonbrittany@yahoo.com','janet38','vumydWKOdSTSoW','F','2013-07-18',6,1);
INSERT INTO staff_member (id,employed_since,position,salary,room) VALUES (229,'2012-03-15','Nurse',25000,4);
INSERT INTO nurse (id,surgery_assistant,preferred_shifts,appointment_assistant,departement_id) VALUES (229,B'0','Night',B'0',5);
INSERT INTO person (id,first_name,second_name,email,user_login,user_password,sex,date_of_birth,age,permission_level) VALUES (230,'Barbara','Shepherd','cannonantonio@yahoo.com','ronnie93','dEhdoUcHXXLpXiu','F','1912-10-24',107,3);
INSERT INTO staff_member (id,employed_since,position,salary,room) VALUES (230,'2019-04-01','HR',30000,64);
INSERT INTO hr (id,selection_responsibility) VALUES (230,'Interview');
INSERT INTO person (id,first_name,second_name,email,user_login,user_password,sex,date_of_birth,age,permission_level) VALUES (231,'Jeffrey','Cardenas','david88@yahoo.com','pachecodavid','NwEksIYykUyxKJ','M','1974-11-23',45,1);
INSERT INTO staff_member (id,employed_since,position,salary,room) VALUES (231,'2013-05-20','Nurse',25000,7);
INSERT INTO nurse (id,surgery_assistant,preferred_shifts,appointment_assistant,departement_id) VALUES (231,B'0','Night',B'0',1);
INSERT INTO person (id,first_name,second_name,email,user_login,user_password,sex,date_of_birth,age,permission_level) VALUES (232,'Noah','Rogers','andrea77@hotmail.com','bobby45','ihiXfDhpIjyI','M','1927-06-12',92,2);
INSERT INTO staff_member (id,employed_since,position,salary,room) VALUES (232,'2013-07-17','Professor',35000,36);
INSERT INTO professor (id,research_topic,surgery_participation,departement_id) VALUES (232,'Emergency Medicine Specialist',B'0',16);
INSERT INTO person (id,first_name,second_name,email,user_login,user_password,sex,date_of_birth,age,permission_level) VALUES (233,'Kristie','Howell','cochrangina@yahoo.com','jamescannon','ZxVkShD','F','1951-03-22',68,4);
INSERT INTO staff_member (id,employed_since,position,salary,room) VALUES (233,'2012-06-25','Nurse',25000,5);
INSERT INTO nurse (id,surgery_assistant,preferred_shifts,appointment_assistant,departement_id) VALUES (233,B'0','Day',B'1',6);
INSERT INTO person (id,first_name,second_name,email,user_login,user_password,sex,date_of_birth,age,permission_level) VALUES (234,'Alan','Salazar','pchen@hotmail.com','williamskara','RyRYZzU','M','2010-01-18',9,4);
INSERT INTO staff_member (id,employed_since,position,salary,room) VALUES (234,'2015-04-09','Professor',35000,36);
INSERT INTO professor (id,research_topic,surgery_participation,departement_id) VALUES (234,'Medical Geneticist',B'0',18);
INSERT INTO person (id,first_name,second_name,email,user_login,user_password,sex,date_of_birth,age,permission_level) VALUES (235,'Sarah','Taylor','malik73@yahoo.com','tammiestevens','VjaSVXkpJeBgKVJ','F','2001-12-09',18,3);
INSERT INTO staff_member (id,employed_since,position,salary,room) VALUES (235,'2013-05-22','Professor',35000,34);
INSERT INTO professor (id,research_topic,surgery_participation,departement_id) VALUES (235,'Neurologist',B'0',3);
INSERT INTO person (id,first_name,second_name,email,user_login,user_password,sex,date_of_birth,age,permission_level) VALUES (236,'Dawn','Blake','fullerashley@gmail.com','carrieperkins','NmokkvSsavwhhu','F','1915-04-13',104,3);
INSERT INTO staff_member (id,employed_since,position,salary,room) VALUES (236,'2017-03-04','Cleaning Team Worker',10000,55);
INSERT INTO cleaning_team_worker (id,employment_type) VALUES (236,'Full time');
INSERT INTO person (id,first_name,second_name,email,user_login,user_password,sex,date_of_birth,age,permission_level) VALUES (237,'Margaret','Tate','laurariley@hotmail.com','thomaslawson','RYwEITP','F','2017-04-29',2,4);
INSERT INTO staff_member (id,employed_since,position,salary,room) VALUES (237,'2014-12-09','Nurse',25000,6);
INSERT INTO nurse (id,surgery_assistant,preferred_shifts,appointment_assistant,departement_id) VALUES (237,B'0','Day',B'1',3);
INSERT INTO person (id,first_name,second_name,email,user_login,user_password,sex,date_of_birth,age,permission_level) VALUES (238,'Andrew','Kaiser','madkins@gmail.com','woodsmichelle','qBZHJnZVUx','M','1998-09-23',21,5);
INSERT INTO patient (id) VALUES (238);
INSERT INTO patients_address (street,house,apartement) VALUES ('Jill st.','23','5');
INSERT INTO medical_history (patient_id,date) VALUES (238,'2019-10-25');
INSERT INTO person (id,first_name,second_name,email,user_login,user_password,sex,date_of_birth,age,permission_level) VALUES (239,'Terry','Martinez','kingmark@hotmail.com','christopherrogers','AYKowPLQ','M','2018-01-06',1,1);
INSERT INTO patient (id) VALUES (239);
INSERT INTO patients_address (street,house,apartement) VALUES ('Jonathan st.','43','9');
INSERT INTO medical_history (patient_id,date) VALUES (239,'2019-10-16');
INSERT INTO person (id,first_name,second_name,email,user_login,user_password,sex,date_of_birth,age,permission_level) VALUES (240,'Jeremy','Smith','alexis13@yahoo.com','kathleen14','XMcJMfQsXzvUhkZ','M','1943-09-07',76,3);
INSERT INTO staff_member (id,employed_since,position,salary,room) VALUES (240,'2012-06-27','Cleaning Team Worker',10000,51);
INSERT INTO cleaning_team_worker (id,employment_type) VALUES (240,'Part time');
INSERT INTO person (id,first_name,second_name,email,user_login,user_password,sex,date_of_birth,age,permission_level) VALUES (241,'Lee','Gilmore','danielwalter@hotmail.com','stephaniedeleon','ZEGguIp','M','2010-02-17',9,4);
INSERT INTO staff_member (id,employed_since,position,salary,room) VALUES (241,'2010-09-30','Cleaning Team Worker',10000,54);
INSERT INTO cleaning_team_worker (id,employment_type) VALUES (241,'Part time');
INSERT INTO person (id,first_name,second_name,email,user_login,user_password,sex,date_of_birth,age,permission_level) VALUES (242,'Peter','Wood','priceamy@gmail.com','blakehall','TzGPfiK','M','1941-07-27',78,2);
INSERT INTO staff_member (id,employed_since,position,salary,room) VALUES (242,'2013-11-23','Cook',15000,71);
INSERT INTO cook (id,experience) VALUES (242,6);
INSERT INTO person (id,first_name,second_name,email,user_login,user_password,sex,date_of_birth,age,permission_level) VALUES (243,'Ricky','Morrison','watkinschelsea@yahoo.com','zreyes','FRJNPcjD','M','1991-08-06',28,3);
INSERT INTO staff_member (id,employed_since,position,salary,room) VALUES (243,'2012-12-10','Lab Technician',15000,42);
INSERT INTO lab_technician (id,education_level,departement_id) VALUES (243,'Postgraduate',2);
INSERT INTO person (id,first_name,second_name,email,user_login,user_password,sex,date_of_birth,age,permission_level) VALUES (244,'Ryan','Bell','kevin56@gmail.com','elizabeth70','mebjQDFTYuP','M','1940-05-03',79,3);
INSERT INTO staff_member (id,employed_since,position,salary,room) VALUES (244,'2014-04-08','Pharmasist',20000,69);
INSERT INTO pharmasist (id,education_level,research) VALUES (244,'PhD',B'1');
INSERT INTO person (id,first_name,second_name,email,user_login,user_password,sex,date_of_birth,age,permission_level) VALUES (245,'Joseph','Perez','pwright@gmail.com','kelsey58','JPhfAUr','M','1977-01-09',42,5);
INSERT INTO patient (id) VALUES (245);
INSERT INTO patients_address (street,house,apartement) VALUES ('Colin st.','26','9');
INSERT INTO medical_history (patient_id,date) VALUES (245,'2019-10-21');
INSERT INTO person (id,first_name,second_name,email,user_login,user_password,sex,date_of_birth,age,permission_level) VALUES (246,'Taylor','Cardenas','jonathanrodriguez@hotmail.com','melanie16','tTmxaSIFMgXEC','M','1997-03-09',22,1);
INSERT INTO staff_member (id,employed_since,position,salary,room) VALUES (246,'2015-07-11','Professor',35000,39);
INSERT INTO professor (id,research_topic,surgery_participation,departement_id) VALUES (246,'Urologist',B'1',6);
INSERT INTO person (id,first_name,second_name,email,user_login,user_password,sex,date_of_birth,age,permission_level) VALUES (247,'Linda','Gray','davidclark@hotmail.com','amyhardin','roLFrsZgdPcQ','F','1964-01-03',55,2);
INSERT INTO staff_member (id,employed_since,position,salary,room) VALUES (247,'2015-01-01','Cleaning Team Worker',10000,55);
INSERT INTO cleaning_team_worker (id,employment_type) VALUES (247,'Full time');
INSERT INTO person (id,first_name,second_name,email,user_login,user_password,sex,date_of_birth,age,permission_level) VALUES (248,'Amber','Espinoza','frenchbryan@gmail.com','marydickson','rrRxrpSXkE','F','1932-02-13',87,1);
INSERT INTO staff_member (id,employed_since,position,salary,room) VALUES (248,'2019-08-03','Doctor',35000,13);
INSERT INTO doctor (id,speciality,emergency_hours,experience,departement_id,supervisor) VALUES (248,'Ophthalmologist',B'0',8,10,82);
INSERT INTO person (id,first_name,second_name,email,user_login,user_password,sex,date_of_birth,age,permission_level) VALUES (249,'Kim','Harris','nhodges@yahoo.com','ojacobs','pHxuHCiI','F','2012-10-28',7,2);
INSERT INTO staff_member (id,employed_since,position,salary,room) VALUES (249,'2016-02-10','Maintanence Worker',15000,60);
INSERT INTO maintanence_worker (id,employment_type,speciality) VALUES (249,'Full time','Furniture');
INSERT INTO person (id,first_name,second_name,email,user_login,user_password,sex,date_of_birth,age,permission_level) VALUES (250,'Gregory','Scott','carolinegallagher@yahoo.com','aguilareric','BDbJscQeUdosmu','M','1956-11-07',63,4);
INSERT INTO staff_member (id,employed_since,position,salary,room) VALUES (250,'2010-05-04','Cook',15000,72);
INSERT INTO cook (id,experience) VALUES (250,1);
INSERT INTO person (id,first_name,second_name,email,user_login,user_password,sex,date_of_birth,age,permission_level) VALUES (251,'Jenny','Torres','amanda17@hotmail.com','karawarren','fxabbVBIBqjm','F','2013-12-30',6,5);
INSERT INTO staff_member (id,employed_since,position,salary,room) VALUES (251,'2010-10-15','Doctor',35000,14);
INSERT INTO doctor (id,speciality,emergency_hours,experience,departement_id,supervisor) VALUES (251,'Emergency Medicine Specialist',B'0',6,6,196);
INSERT INTO person (id,first_name,second_name,email,user_login,user_password,sex,date_of_birth,age,permission_level) VALUES (252,'John','Wilson','mark65@hotmail.com','hannah38','hniRoEHqEmQ','M','1976-11-18',43,1);
INSERT INTO staff_member (id,employed_since,position,salary,room) VALUES (252,'2011-01-01','HR',30000,67);
INSERT INTO hr (id,selection_responsibility) VALUES (252,'Interview');
INSERT INTO person (id,first_name,second_name,email,user_login,user_password,sex,date_of_birth,age,permission_level) VALUES (253,'Megan','Hernandez','scotterin@hotmail.com','josephcrosby','WOrFonO','F','1986-02-05',33,4);
INSERT INTO staff_member (id,employed_since,position,salary,room) VALUES (253,'2017-06-26','Reseptionist',15000,56);
INSERT INTO reseptionist (id) VALUES (253);
INSERT INTO languages_spoken (reseptionist_id,language) VALUES (253,'RussianArabicPortuguesRussian');
INSERT INTO person (id,first_name,second_name,email,user_login,user_password,sex,date_of_birth,age,permission_level) VALUES (254,'Dawn','Santiago','kjohnson@hotmail.com','jonathan18','BnQXBKPddjjP','F','1996-11-18',23,2);
INSERT INTO patient (id) VALUES (254);
INSERT INTO patients_address (street,house,apartement) VALUES ('Anthony st.','1','6');
INSERT INTO medical_history (patient_id,date) VALUES (254,'2019-11-13');
INSERT INTO person (id,first_name,second_name,email,user_login,user_password,sex,date_of_birth,age,permission_level) VALUES (255,'Veronica','Diaz','greenclaudia@hotmail.com','watkinserin','bBZFhnBdZCr','F','2014-07-23',5,1);
INSERT INTO staff_member (id,employed_since,position,salary,room) VALUES (255,'2016-03-07','Cleaning Team Worker',10000,54);
INSERT INTO cleaning_team_worker (id,employment_type) VALUES (255,'Part time');
INSERT INTO person (id,first_name,second_name,email,user_login,user_password,sex,date_of_birth,age,permission_level) VALUES (256,'Brett','Schaefer','alvarezbethany@hotmail.com','paulwilson','EhPLWqRafCCfujE','M','1928-07-08',91,1);
INSERT INTO staff_member (id,employed_since,position,salary,room) VALUES (256,'2011-09-28','Nurse',25000,6);
INSERT INTO nurse (id,surgery_assistant,preferred_shifts,appointment_assistant,departement_id) VALUES (256,B'1','Night',B'0',11);
INSERT INTO person (id,first_name,second_name,email,user_login,user_password,sex,date_of_birth,age,permission_level) VALUES (257,'Sandra','Hurst','kevin32@yahoo.com','dcurry','pDdiApBPk','F','1930-10-01',89,5);
INSERT INTO staff_member (id,employed_since,position,salary,room) VALUES (257,'2016-01-24','Doctor',35000,13);
INSERT INTO doctor (id,speciality,emergency_hours,experience,departement_id,supervisor) VALUES (257,'Geriatric Medicine Specialist',B'0',1,10,221);
INSERT INTO person (id,first_name,second_name,email,user_login,user_password,sex,date_of_birth,age,permission_level) VALUES (258,'Eric','Davis','mclaughlinshannon@yahoo.com','rodgersstacey','sLgoyrWhU','M','1943-04-14',76,5);
INSERT INTO staff_member (id,employed_since,position,salary,room) VALUES (258,'2019-10-08','Doctor',35000,15);
INSERT INTO doctor (id,speciality,emergency_hours,experience,departement_id,supervisor) VALUES (258,'Internist',B'0',1,5,193);
INSERT INTO person (id,first_name,second_name,email,user_login,user_password,sex,date_of_birth,age,permission_level) VALUES (259,'Ashley','Wilson','berrysusan@yahoo.com','mendezsarah','DbvwILDyfXH','F','1998-06-16',21,5);
INSERT INTO staff_member (id,employed_since,position,salary,room) VALUES (259,'2016-01-15','Nurse',25000,3);
INSERT INTO nurse (id,surgery_assistant,preferred_shifts,appointment_assistant,departement_id) VALUES (259,B'0','Day',B'1',5);
INSERT INTO person (id,first_name,second_name,email,user_login,user_password,sex,date_of_birth,age,permission_level) VALUES (260,'Emily','Dominguez','jennifermiller@yahoo.com','mjohnson','vgnIryLPuXQL','F','1909-07-29',110,3);
INSERT INTO staff_member (id,employed_since,position,salary,room) VALUES (260,'2017-10-13','Lab Technician',15000,42);
INSERT INTO lab_technician (id,education_level,departement_id) VALUES (260,'Bachelor',12);
INSERT INTO person (id,first_name,second_name,email,user_login,user_password,sex,date_of_birth,age,permission_level) VALUES (261,'Marc','Kelly','roy77@yahoo.com','tammygordon','hXicIbp','M','1999-12-16',20,1);
INSERT INTO patient (id) VALUES (261);
INSERT INTO patients_address (street,house,apartement) VALUES ('Robert st.','65','4');
INSERT INTO medical_history (patient_id,date) VALUES (261,'2019-11-07');
INSERT INTO person (id,first_name,second_name,email,user_login,user_password,sex,date_of_birth,age,permission_level) VALUES (262,'Robert','Rivera','meyerrussell@hotmail.com','gordonjohn','frSTBKMgIaRJ','M','1908-02-02',111,4);
INSERT INTO staff_member (id,employed_since,position,salary,room) VALUES (262,'2019-11-13','Doctor',35000,21);
INSERT INTO doctor (id,speciality,emergency_hours,experience,departement_id,supervisor) VALUES (262,'Allergist',B'1',10,15,76);
INSERT INTO person (id,first_name,second_name,email,user_login,user_password,sex,date_of_birth,age,permission_level) VALUES (263,'Mark','Mann','christine24@hotmail.com','jerry23','zXAhLWRYpkM','M','1991-07-27',28,3);
INSERT INTO patient (id) VALUES (263);
INSERT INTO patients_address (street,house,apartement) VALUES ('Keith st.','50','3');
INSERT INTO medical_history (patient_id,date) VALUES (263,'2019-11-23');
INSERT INTO person (id,first_name,second_name,email,user_login,user_password,sex,date_of_birth,age,permission_level) VALUES (264,'Brandon','Park','lbullock@gmail.com','fryan','VZzRBESes','M','1937-03-23',82,5);
INSERT INTO staff_member (id,employed_since,position,salary,room) VALUES (264,'2017-03-07','Nurse',25000,9);
INSERT INTO nurse (id,surgery_assistant,preferred_shifts,appointment_assistant,departement_id) VALUES (264,B'1','Night',B'0',5);
INSERT INTO person (id,first_name,second_name,email,user_login,user_password,sex,date_of_birth,age,permission_level) VALUES (265,'Angie','Acosta','elizabethramirez@gmail.com','whiteann','xRAjFGCMpY','F','2015-09-03',4,5);
INSERT INTO staff_member (id,employed_since,position,salary,room) VALUES (265,'2017-03-30','IT Specialist',15000,75);
INSERT INTO IT_specialist (id,support_line) VALUES (265,B'0');
INSERT INTO person (id,first_name,second_name,email,user_login,user_password,sex,date_of_birth,age,permission_level) VALUES (266,'Kevin','Nelson','sherry60@hotmail.com','jerrybrennan','aFWGstnJYK','M','1992-01-21',27,2);
INSERT INTO staff_member (id,employed_since,position,salary,room) VALUES (266,'2016-09-27','Professor',35000,40);
INSERT INTO professor (id,research_topic,surgery_participation,departement_id) VALUES (266,'Hospice and Palliative Medicine Specialist',B'1',5);
INSERT INTO person (id,first_name,second_name,email,user_login,user_password,sex,date_of_birth,age,permission_level) VALUES (267,'Megan','Brown','aguilarduane@gmail.com','josephvalencia','GivOKKoLyKJfd','F','1990-11-02',29,3);
INSERT INTO patient (id) VALUES (267);
INSERT INTO patients_address (street,house,apartement) VALUES ('Jane st.','67','5');
INSERT INTO medical_history (patient_id,date) VALUES (267,'2019-11-06');
INSERT INTO person (id,first_name,second_name,email,user_login,user_password,sex,date_of_birth,age,permission_level) VALUES (268,'Valerie','Phillips','nicole29@hotmail.com','brucepatricia','ysOhBvgSwpePI','F','1904-06-23',115,2);
INSERT INTO staff_member (id,employed_since,position,salary,room) VALUES (268,'2015-01-25','Cleaning Team Worker',10000,52);
INSERT INTO cleaning_team_worker (id,employment_type) VALUES (268,'Part time');
INSERT INTO person (id,first_name,second_name,email,user_login,user_password,sex,date_of_birth,age,permission_level) VALUES (269,'Frances','Barron','kellymichael@hotmail.com','alexisthompson','ePfoNbFGLH','F','1919-01-03',100,4);
INSERT INTO staff_member (id,employed_since,position,salary,room) VALUES (269,'2010-07-29','Nurse',25000,9);
INSERT INTO nurse (id,surgery_assistant,preferred_shifts,appointment_assistant,departement_id) VALUES (269,B'1','Night',B'1',11);
INSERT INTO person (id,first_name,second_name,email,user_login,user_password,sex,date_of_birth,age,permission_level) VALUES (270,'Leroy','Gill','wagnerjessica@yahoo.com','lesliescott','UfMKflVtEWykBu','M','1962-10-24',57,2);
INSERT INTO staff_member (id,employed_since,position,salary,room) VALUES (270,'2018-02-23','Cleaning Team Worker',10000,54);
INSERT INTO cleaning_team_worker (id,employment_type) VALUES (270,'Full time');
INSERT INTO person (id,first_name,second_name,email,user_login,user_password,sex,date_of_birth,age,permission_level) VALUES (271,'Eric','Herrera','shannon88@gmail.com','richard23','CbcXOLhXAJ','M','1973-05-17',46,1);
INSERT INTO staff_member (id,employed_since,position,salary,room) VALUES (271,'2015-05-08','Cleaning Team Worker',10000,53);
INSERT INTO cleaning_team_worker (id,employment_type) VALUES (271,'Part time');
INSERT INTO person (id,first_name,second_name,email,user_login,user_password,sex,date_of_birth,age,permission_level) VALUES (272,'Michael','Roberts','susandavis@gmail.com','pali','XTpsmxXm','M','1970-06-26',49,4);
INSERT INTO patient (id) VALUES (272);
INSERT INTO patients_address (street,house,apartement) VALUES ('Gregory st.','12','10');
INSERT INTO medical_history (patient_id,date) VALUES (272,'2019-11-20');
INSERT INTO person (id,first_name,second_name,email,user_login,user_password,sex,date_of_birth,age,permission_level) VALUES (273,'Colton','Reid','manderson@gmail.com','arodriguez','eEnFhtL','M','1994-06-14',25,3);
INSERT INTO patient (id) VALUES (273);
INSERT INTO patients_address (street,house,apartement) VALUES ('Mr. st.','21','1');
INSERT INTO medical_history (patient_id,date) VALUES (273,'2019-11-04');
INSERT INTO person (id,first_name,second_name,email,user_login,user_password,sex,date_of_birth,age,permission_level) VALUES (274,'Felicia','Snyder','susancruz@gmail.com','mosesjason','KNUTpHGcNUes','F','1904-02-18',115,4);
INSERT INTO staff_member (id,employed_since,position,salary,room) VALUES (274,'2016-02-24','Nurse',25000,10);
INSERT INTO nurse (id,surgery_assistant,preferred_shifts,appointment_assistant,departement_id) VALUES (274,B'1','Day',B'0',18);
INSERT INTO person (id,first_name,second_name,email,user_login,user_password,sex,date_of_birth,age,permission_level) VALUES (275,'Daniel','Thomas','perezsuzanne@gmail.com','kristenduran','xqzJiJg','M','1969-11-30',50,4);
INSERT INTO staff_member (id,employed_since,position,salary,room) VALUES (275,'2012-07-17','Doctor',35000,18);
INSERT INTO doctor (id,speciality,emergency_hours,experience,departement_id,supervisor) VALUES (275,'Anesthesiologist',B'0',9,3,251);
INSERT INTO person (id,first_name,second_name,email,user_login,user_password,sex,date_of_birth,age,permission_level) VALUES (276,'Rachel','Wood','keithritter@hotmail.com','april32','SqlCwZQ','F','1940-09-28',79,1);
INSERT INTO patient (id) VALUES (276);
INSERT INTO patients_address (street,house,apartement) VALUES ('Ryan st.','20','4');
INSERT INTO medical_history (patient_id,date) VALUES (276,'2019-11-09');
INSERT INTO person (id,first_name,second_name,email,user_login,user_password,sex,date_of_birth,age,permission_level) VALUES (277,'Steven','Nichols','reneemiddleton@gmail.com','perezphillip','JAVXOmMC','M','1984-08-20',35,2);
INSERT INTO staff_member (id,employed_since,position,salary,room) VALUES (277,'2017-10-18','Doctor',35000,14);
INSERT INTO doctor (id,speciality,emergency_hours,experience,departement_id,supervisor) VALUES (277,'Infectious Disease Specialist',B'0',8,17,202);
INSERT INTO person (id,first_name,second_name,email,user_login,user_password,sex,date_of_birth,age,permission_level) VALUES (278,'Christopher','Moore','rmorris@yahoo.com','lindsay07','gBajTSZMxw','M','1991-03-16',28,3);
INSERT INTO staff_member (id,employed_since,position,salary,room) VALUES (278,'2019-02-27','Cleaning Team Worker',10000,55);
INSERT INTO cleaning_team_worker (id,employment_type) VALUES (278,'Full time');
INSERT INTO person (id,first_name,second_name,email,user_login,user_password,sex,date_of_birth,age,permission_level) VALUES (279,'Allison','Rodgers','fwalker@gmail.com','eyoung','cmMKWCc','F','1971-08-22',48,5);
INSERT INTO staff_member (id,employed_since,position,salary,room) VALUES (279,'2014-01-03','Priest',15000,79);
INSERT INTO priest (id,religion) VALUES (279,'Islam');
INSERT INTO person (id,first_name,second_name,email,user_login,user_password,sex,date_of_birth,age,permission_level) VALUES (280,'Stephanie','Allen','jefferykrueger@yahoo.com','patriciaperkins','iPJcqeG','F','1908-03-07',111,4);
INSERT INTO patient (id) VALUES (280);
INSERT INTO patients_address (street,house,apartement) VALUES ('Tony st.','16','1');
INSERT INTO medical_history (patient_id,date) VALUES (280,'2019-10-19');
INSERT INTO person (id,first_name,second_name,email,user_login,user_password,sex,date_of_birth,age,permission_level) VALUES (281,'James','Evans','acostamaria@yahoo.com','jeffrey31','JPwwsEuA','M','2001-03-27',18,1);
INSERT INTO staff_member (id,employed_since,position,salary,room) VALUES (281,'2019-02-26','Nurse',25000,7);
INSERT INTO nurse (id,surgery_assistant,preferred_shifts,appointment_assistant,departement_id) VALUES (281,B'0','Day',B'1',14);
INSERT INTO person (id,first_name,second_name,email,user_login,user_password,sex,date_of_birth,age,permission_level) VALUES (282,'Nicole','Tate','ireid@gmail.com','brownmark','SpFYWwPbbK','F','2018-10-23',1,4);
INSERT INTO staff_member (id,employed_since,position,salary,room) VALUES (282,'2018-08-28','Nurse',25000,8);
INSERT INTO nurse (id,surgery_assistant,preferred_shifts,appointment_assistant,departement_id) VALUES (282,B'0','Day',B'1',15);
INSERT INTO person (id,first_name,second_name,email,user_login,user_password,sex,date_of_birth,age,permission_level) VALUES (283,'Robert','Sanchez','josephsanchez@yahoo.com','russellbanks','fWEUtLWJI','M','1927-08-19',92,1);
INSERT INTO staff_member (id,employed_since,position,salary,room) VALUES (283,'2017-12-14','Lab Technician',15000,49);
INSERT INTO lab_technician (id,education_level,departement_id) VALUES (283,'PhD',10);
INSERT INTO person (id,first_name,second_name,email,user_login,user_password,sex,date_of_birth,age,permission_level) VALUES (284,'Emily','Vasquez','uperry@hotmail.com','ericross','MRFYxtYBdLBTTcI','F','1943-03-27',76,2);
INSERT INTO staff_member (id,employed_since,position,salary,room) VALUES (284,'2017-05-21','Doctor',35000,12);
INSERT INTO doctor (id,speciality,emergency_hours,experience,departement_id,supervisor) VALUES (284,'Physiatrist',B'1',6,10,201);
INSERT INTO person (id,first_name,second_name,email,user_login,user_password,sex,date_of_birth,age,permission_level) VALUES (285,'Brian','Johnson','brian67@hotmail.com','leonard12','KGKinpVTSIZnnGQ','M','1923-01-06',96,2);
INSERT INTO patient (id) VALUES (285);
INSERT INTO patients_address (street,house,apartement) VALUES ('David st.','54','2');
INSERT INTO medical_history (patient_id,date) VALUES (285,'2019-10-25');
INSERT INTO person (id,first_name,second_name,email,user_login,user_password,sex,date_of_birth,age,permission_level) VALUES (286,'Carmen','Allen','nicolenewman@yahoo.com','joefernandez','YkpMzOjOxISyQn','F','2013-07-24',6,3);
INSERT INTO staff_member (id,employed_since,position,salary,room) VALUES (286,'2015-04-28','Cleaning Team Worker',10000,53);
INSERT INTO cleaning_team_worker (id,employment_type) VALUES (286,'Full time');
INSERT INTO person (id,first_name,second_name,email,user_login,user_password,sex,date_of_birth,age,permission_level) VALUES (287,'Daniel','Serrano','kendra09@yahoo.com','kylevillarreal','rtJBGmy','M','2019-03-03',0,3);
INSERT INTO staff_member (id,employed_since,position,salary,room) VALUES (287,'2010-01-07','Doctor',35000,30);
INSERT INTO doctor (id,speciality,emergency_hours,experience,departement_id,supervisor) VALUES (287,'Physiatrist',B'0',5,2,187);
INSERT INTO person (id,first_name,second_name,email,user_login,user_password,sex,date_of_birth,age,permission_level) VALUES (288,'Brandon','Anderson','daughertybrooke@yahoo.com','cindy00','wsVGvwg','M','2006-01-27',13,1);
INSERT INTO staff_member (id,employed_since,position,salary,room) VALUES (288,'2010-04-05','Nurse',25000,8);
INSERT INTO nurse (id,surgery_assistant,preferred_shifts,appointment_assistant,departement_id) VALUES (288,B'0','Night',B'1',12);
INSERT INTO person (id,first_name,second_name,email,user_login,user_password,sex,date_of_birth,age,permission_level) VALUES (289,'Kristin','Smith','eroth@hotmail.com','johnsontonya','TIvXhQiRgQfX','F','1910-04-16',109,2);
INSERT INTO staff_member (id,employed_since,position,salary,room) VALUES (289,'2016-09-24','Doctor',35000,29);
INSERT INTO doctor (id,speciality,emergency_hours,experience,departement_id,supervisor) VALUES (289,'Plastic Surgeon',B'0',10,4,223);
INSERT INTO person (id,first_name,second_name,email,user_login,user_password,sex,date_of_birth,age,permission_level) VALUES (290,'Daniel','Reed','qwalker@hotmail.com','andreewing','hnJfJZnkPS','M','1926-10-09',93,2);
INSERT INTO staff_member (id,employed_since,position,salary,room) VALUES (290,'2017-06-23','Doctor',35000,15);
INSERT INTO doctor (id,speciality,emergency_hours,experience,departement_id,supervisor) VALUES (290,'Plastic Surgeon',B'0',7,1,248);
INSERT INTO person (id,first_name,second_name,email,user_login,user_password,sex,date_of_birth,age,permission_level) VALUES (291,'Jaime','Webster','michael14@yahoo.com','courtney85','acHSrLz','F','1942-03-25',77,3);
INSERT INTO patient (id) VALUES (291);
INSERT INTO patients_address (street,house,apartement) VALUES ('Christina st.','96','5');
INSERT INTO medical_history (patient_id,date) VALUES (291,'2019-10-26');
INSERT INTO person (id,first_name,second_name,email,user_login,user_password,sex,date_of_birth,age,permission_level) VALUES (292,'Jason','Williams','patelmary@gmail.com','kristen12','WeKxXKogROiJ','M','1999-01-17',20,1);
INSERT INTO staff_member (id,employed_since,position,salary,room) VALUES (292,'2013-03-23','Doctor',35000,24);
INSERT INTO doctor (id,speciality,emergency_hours,experience,departement_id,supervisor) VALUES (292,'Internist',B'1',1,11,187);
INSERT INTO person (id,first_name,second_name,email,user_login,user_password,sex,date_of_birth,age,permission_level) VALUES (293,'Tracy','Myers','dvang@hotmail.com','yodervincent','pQplnIFwDwiesWj','F','1906-08-27',113,4);
INSERT INTO patient (id) VALUES (293);
INSERT INTO patients_address (street,house,apartement) VALUES ('Tyler st.','26','5');
INSERT INTO medical_history (patient_id,date) VALUES (293,'2019-11-12');
INSERT INTO person (id,first_name,second_name,email,user_login,user_password,sex,date_of_birth,age,permission_level) VALUES (294,'Selena','Conley','margaret90@yahoo.com','fmendoza','cAPAmPNnyuDkCd','F','1955-05-14',64,3);
INSERT INTO staff_member (id,employed_since,position,salary,room) VALUES (294,'2019-09-14','Security Team Member',10000,62);
INSERT INTO security_team_member (id,shifts,physical_test_grade) VALUES (294,'Night','B');
INSERT INTO person (id,first_name,second_name,email,user_login,user_password,sex,date_of_birth,age,permission_level) VALUES (295,'Katrina','Sheppard','lgregory@yahoo.com','brownnicole','RjXtdmGU','F','1909-02-25',110,5);
INSERT INTO staff_member (id,employed_since,position,salary,room) VALUES (295,'2015-01-20','Doctor',35000,28);
INSERT INTO doctor (id,speciality,emergency_hours,experience,departement_id,supervisor) VALUES (295,'Neurologist',B'0',6,17,221);
INSERT INTO person (id,first_name,second_name,email,user_login,user_password,sex,date_of_birth,age,permission_level) VALUES (296,'Amy','Ortega','bmedina@yahoo.com','melissa19','tPhTsrHlLAfNT','F','1995-09-27',24,2);
INSERT INTO staff_member (id,employed_since,position,salary,room) VALUES (296,'2016-09-04','Security Team Member',10000,61);
INSERT INTO security_team_member (id,shifts,physical_test_grade) VALUES (296,'Night','A');
INSERT INTO person (id,first_name,second_name,email,user_login,user_password,sex,date_of_birth,age,permission_level) VALUES (297,'Antonio','Young','ptaylor@yahoo.com','wagnerjoshua','CBbXQJycTjDD','M','1905-08-04',114,4);
INSERT INTO patient (id) VALUES (297);
INSERT INTO patients_address (street,house,apartement) VALUES ('Martha st.','13','3');
INSERT INTO medical_history (patient_id,date) VALUES (297,'2019-10-15');
INSERT INTO person (id,first_name,second_name,email,user_login,user_password,sex,date_of_birth,age,permission_level) VALUES (298,'Clinton','Shaw','nsingleton@gmail.com','halljames','lUBLfJewwLh','M','2016-05-14',3,3);
INSERT INTO staff_member (id,employed_since,position,salary,room) VALUES (298,'2017-12-28','Nurse',25000,3);
INSERT INTO nurse (id,surgery_assistant,preferred_shifts,appointment_assistant,departement_id) VALUES (298,B'0','Night',B'1',14);
INSERT INTO person (id,first_name,second_name,email,user_login,user_password,sex,date_of_birth,age,permission_level) VALUES (299,'Debbie','Reed','stokesdesiree@hotmail.com','huynhkathleen','YMsyIrwaQxleiWu','F','1962-01-17',57,2);
INSERT INTO staff_member (id,employed_since,position,salary,room) VALUES (299,'2017-10-15','Reseptionist',15000,56);
INSERT INTO reseptionist (id) VALUES (299);
INSERT INTO languages_spoken (reseptionist_id,language) VALUES (299,'ArabicPortuguesArabicPortuguesTatarItalian');
INSERT INTO person (id,first_name,second_name,email,user_login,user_password,sex,date_of_birth,age,permission_level) VALUES (300,'Sarah','Alvarez','ubird@gmail.com','rhodesmary','rmgheTKco','F','2001-10-21',18,2);
INSERT INTO staff_member (id,employed_since,position,salary,room) VALUES (300,'2019-08-03','Priest',15000,80);
INSERT INTO priest (id,religion) VALUES (300,'Islam');
INSERT INTO person (id,first_name,second_name,email,user_login,user_password,sex,date_of_birth,age,permission_level) VALUES (301,'Lee','Patel','griffithalex@yahoo.com','donald01','nGGSTrdTg','M','1928-01-18',91,5);
INSERT INTO patient (id) VALUES (301);
INSERT INTO patients_address (street,house,apartement) VALUES ('Nicholas st.','26','8');
INSERT INTO medical_history (patient_id,date) VALUES (301,'2019-11-22');
INSERT INTO person (id,first_name,second_name,email,user_login,user_password,sex,date_of_birth,age,permission_level) VALUES (302,'Dennis','Scott','brandon16@gmail.com','epeters','NaSZeWfsQGn','M','1930-09-01',89,5);
INSERT INTO staff_member (id,employed_since,position,salary,room) VALUES (302,'2016-05-08','Professor',35000,34);
INSERT INTO professor (id,research_topic,surgery_participation,departement_id) VALUES (302,'Sports Medicine Specialist',B'0',9);
INSERT INTO person (id,first_name,second_name,email,user_login,user_password,sex,date_of_birth,age,permission_level) VALUES (303,'Dustin','Hall','xfoster@gmail.com','christensenandrew','mCoEHIOdzaFscP','M','2010-05-05',9,1);
INSERT INTO staff_member (id,employed_since,position,salary,room) VALUES (303,'2019-02-22','Doctor',35000,12);
INSERT INTO doctor (id,speciality,emergency_hours,experience,departement_id,supervisor) VALUES (303,'Psychiatrist',B'1',1,9,196);
INSERT INTO person (id,first_name,second_name,email,user_login,user_password,sex,date_of_birth,age,permission_level) VALUES (304,'Ryan','Pierce','kdeleon@gmail.com','sdavidson','gVcpxObVQ','M','1990-01-07',29,5);
INSERT INTO patient (id) VALUES (304);
INSERT INTO patients_address (street,house,apartement) VALUES ('Katherine st.','66','6');
INSERT INTO medical_history (patient_id,date) VALUES (304,'2019-11-21');
INSERT INTO person (id,first_name,second_name,email,user_login,user_password,sex,date_of_birth,age,permission_level) VALUES (305,'Brittany','Skinner','dawnpeters@hotmail.com','tonya45','YyTUtYAQBSvL','F','2012-12-18',7,2);
INSERT INTO patient (id) VALUES (305);
INSERT INTO patients_address (street,house,apartement) VALUES ('Sabrina st.','91','8');
INSERT INTO medical_history (patient_id,date) VALUES (305,'2019-11-05');
INSERT INTO person (id,first_name,second_name,email,user_login,user_password,sex,date_of_birth,age,permission_level) VALUES (306,'Gabriella','Cook','sharonmcdaniel@yahoo.com','suzanne84','qrbBblWEZWtMZv','F','2003-07-24',16,4);
INSERT INTO staff_member (id,employed_since,position,salary,room) VALUES (306,'2011-09-13','IT Specialist',15000,74);
INSERT INTO IT_specialist (id,support_line) VALUES (306,B'0');
INSERT INTO person (id,first_name,second_name,email,user_login,user_password,sex,date_of_birth,age,permission_level) VALUES (307,'Timothy','Vincent','wagnerwilliam@gmail.com','ydixon','cMYfsbpEPBIOo','M','1914-11-21',105,4);
INSERT INTO staff_member (id,employed_since,position,salary,room) VALUES (307,'2010-04-25','Professor',35000,33);
INSERT INTO professor (id,research_topic,surgery_participation,departement_id) VALUES (307,'Infectious Disease Specialist',B'1',7);
INSERT INTO person (id,first_name,second_name,email,user_login,user_password,sex,date_of_birth,age,permission_level) VALUES (308,'Gloria','Richmond','hooversharon@gmail.com','vmorris','VJAWDWA','F','1996-10-13',23,2);
INSERT INTO staff_member (id,employed_since,position,salary,room) VALUES (308,'2014-04-09','Nurse',25000,3);
INSERT INTO nurse (id,surgery_assistant,preferred_shifts,appointment_assistant,departement_id) VALUES (308,B'1','Day',B'1',9);
INSERT INTO person (id,first_name,second_name,email,user_login,user_password,sex,date_of_birth,age,permission_level) VALUES (309,'Crystal','Hopkins','stewartralph@hotmail.com','julie88','VcgnOhFZN','F','1942-01-11',77,4);
INSERT INTO staff_member (id,employed_since,position,salary,room) VALUES (309,'2018-04-16','Professor',35000,35);
INSERT INTO professor (id,research_topic,surgery_participation,departement_id) VALUES (309,'Colon Surgeon',B'1',6);
INSERT INTO person (id,first_name,second_name,email,user_login,user_password,sex,date_of_birth,age,permission_level) VALUES (310,'Amanda','Gonzalez','jensenariana@hotmail.com','lynchjohn','rIRrWtRUWaGE','F','1977-12-14',42,1);
INSERT INTO staff_member (id,employed_since,position,salary,room) VALUES (310,'2013-12-13','Nurse',25000,9);
INSERT INTO nurse (id,surgery_assistant,preferred_shifts,appointment_assistant,departement_id) VALUES (310,B'1','Day',B'1',10);
INSERT INTO person (id,first_name,second_name,email,user_login,user_password,sex,date_of_birth,age,permission_level) VALUES (311,'Bryan','Clark','arthur66@hotmail.com','brittneyhernandez','GkyobeNVa','M','2005-07-24',14,5);
INSERT INTO patient (id) VALUES (311);
INSERT INTO patients_address (street,house,apartement) VALUES ('Shawn st.','85','1');
INSERT INTO medical_history (patient_id,date) VALUES (311,'2019-10-27');
INSERT INTO person (id,first_name,second_name,email,user_login,user_password,sex,date_of_birth,age,permission_level) VALUES (312,'Dr.','Charlotte','samantha88@hotmail.com','vaughanaaron','GzURfAfQjxDo','F','1972-09-29',47,3);
INSERT INTO staff_member (id,employed_since,position,salary,room) VALUES (312,'2019-02-06','Professor',35000,32);
INSERT INTO professor (id,research_topic,surgery_participation,departement_id) VALUES (312,'Pathologist',B'1',8);
INSERT INTO person (id,first_name,second_name,email,user_login,user_password,sex,date_of_birth,age,permission_level) VALUES (313,'Colin','Ross','gabrieljohnson@yahoo.com','dmoore','HKrbefCgkWpN','M','1998-12-21',21,4);
INSERT INTO patient (id) VALUES (313);
INSERT INTO patients_address (street,house,apartement) VALUES ('Pamela st.','58','6');
INSERT INTO medical_history (patient_id,date) VALUES (313,'2019-10-26');
INSERT INTO person (id,first_name,second_name,email,user_login,user_password,sex,date_of_birth,age,permission_level) VALUES (314,'Mercedes','Ibarra','mandyreeves@hotmail.com','josephreid','WlGtBUGTYfDrRVm','F','2000-04-25',19,4);
INSERT INTO staff_member (id,employed_since,position,salary,room) VALUES (314,'2012-01-07','Nurse',25000,5);
INSERT INTO nurse (id,surgery_assistant,preferred_shifts,appointment_assistant,departement_id) VALUES (314,B'1','Day',B'0',16);
INSERT INTO person (id,first_name,second_name,email,user_login,user_password,sex,date_of_birth,age,permission_level) VALUES (315,'Andrew','Williams','erik33@hotmail.com','wolferyan','qNFoLtEXT','M','2015-01-08',4,4);
INSERT INTO patient (id) VALUES (315);
INSERT INTO patients_address (street,house,apartement) VALUES ('Kelly st.','2','8');
INSERT INTO medical_history (patient_id,date) VALUES (315,'2019-11-08');
INSERT INTO person (id,first_name,second_name,email,user_login,user_password,sex,date_of_birth,age,permission_level) VALUES (316,'Patricia','Jones','davidrichardson@gmail.com','alyssa19','PAOizWorMtw','F','1944-03-31',75,3);
INSERT INTO patient (id) VALUES (316);
INSERT INTO patients_address (street,house,apartement) VALUES ('Michael st.','64','2');
INSERT INTO medical_history (patient_id,date) VALUES (316,'2019-11-05');
INSERT INTO person (id,first_name,second_name,email,user_login,user_password,sex,date_of_birth,age,permission_level) VALUES (317,'James','Sanders','fperry@hotmail.com','owong','XfDfUcewMLdqq','M','2012-01-06',7,4);
INSERT INTO staff_member (id,employed_since,position,salary,room) VALUES (317,'2017-05-05','Professor',35000,32);
INSERT INTO professor (id,research_topic,surgery_participation,departement_id) VALUES (317,'Ophthalmologist',B'0',5);
INSERT INTO person (id,first_name,second_name,email,user_login,user_password,sex,date_of_birth,age,permission_level) VALUES (318,'Karen','Anderson','gerald21@gmail.com','stephaniepope','WdhSBPM','F','1953-03-08',66,1);
INSERT INTO staff_member (id,employed_since,position,salary,room) VALUES (318,'2012-03-13','Doctor',35000,28);
INSERT INTO doctor (id,speciality,emergency_hours,experience,departement_id,supervisor) VALUES (318,'Emergency Medicine Specialist',B'0',1,13,20);
INSERT INTO person (id,first_name,second_name,email,user_login,user_password,sex,date_of_birth,age,permission_level) VALUES (319,'Mary','Reyes','gmiller@hotmail.com','gstafford','nktpayzJVJtLF','F','2012-01-16',7,3);
INSERT INTO staff_member (id,employed_since,position,salary,room) VALUES (319,'2011-11-20','Cook',15000,72);
INSERT INTO cook (id,experience) VALUES (319,6);
INSERT INTO person (id,first_name,second_name,email,user_login,user_password,sex,date_of_birth,age,permission_level) VALUES (320,'Jason','Haynes','fuentesstacey@hotmail.com','wpierce','sDJzQZQQxc','M','1934-03-18',85,1);
INSERT INTO staff_member (id,employed_since,position,salary,room) VALUES (320,'2015-12-12','Doctor',35000,13);
INSERT INTO doctor (id,speciality,emergency_hours,experience,departement_id,supervisor) VALUES (320,'Cardiologist',B'1',4,10,139);
INSERT INTO person (id,first_name,second_name,email,user_login,user_password,sex,date_of_birth,age,permission_level) VALUES (321,'Aaron','Stout','carrillomegan@yahoo.com','kimberlyrangel','ZOgIZYXUOq','M','1936-12-16',83,4);
INSERT INTO staff_member (id,employed_since,position,salary,room) VALUES (321,'2016-11-01','Professor',35000,37);
INSERT INTO professor (id,research_topic,surgery_participation,departement_id) VALUES (321,'Pathologist',B'1',4);
INSERT INTO person (id,first_name,second_name,email,user_login,user_password,sex,date_of_birth,age,permission_level) VALUES (322,'Jessica','Martinez','davidmoore@hotmail.com','colemanstuart','sdfzvZLdyQChLlr','F','1944-07-07',75,3);
INSERT INTO staff_member (id,employed_since,position,salary,room) VALUES (322,'2014-01-24','Pharmasist',20000,69);
INSERT INTO pharmasist (id,education_level,research) VALUES (322,'Bachelor',B'0');
INSERT INTO person (id,first_name,second_name,email,user_login,user_password,sex,date_of_birth,age,permission_level) VALUES (323,'Penny','Mills','markbarajas@yahoo.com','matthewnorman','NDmzuBIizok','F','1982-06-17',37,3);
INSERT INTO staff_member (id,employed_since,position,salary,room) VALUES (323,'2018-04-12','HR',30000,65);
INSERT INTO hr (id,selection_responsibility) VALUES (323,'Review');
INSERT INTO person (id,first_name,second_name,email,user_login,user_password,sex,date_of_birth,age,permission_level) VALUES (324,'Eric','Kennedy','sheltonmarcus@yahoo.com','carterjessica','AJmtdhUuHYbbv','M','1914-07-23',105,5);
INSERT INTO staff_member (id,employed_since,position,salary,room) VALUES (324,'2010-06-22','Professor',35000,39);
INSERT INTO professor (id,research_topic,surgery_participation,departement_id) VALUES (324,'Dermatologist',B'1',12);
INSERT INTO person (id,first_name,second_name,email,user_login,user_password,sex,date_of_birth,age,permission_level) VALUES (325,'Nicole','Bush','badams@hotmail.com','andrea86','GJXISfpdQF','F','1996-11-12',23,1);
INSERT INTO staff_member (id,employed_since,position,salary,room) VALUES (325,'2012-11-30','Security Team Member',10000,63);
INSERT INTO security_team_member (id,shifts,physical_test_grade) VALUES (325,'Day','D');
INSERT INTO person (id,first_name,second_name,email,user_login,user_password,sex,date_of_birth,age,permission_level) VALUES (326,'Donald','Smith','morrisamber@hotmail.com','brian45','qPDLEvyWpHyWF','M','1975-04-22',44,3);
INSERT INTO staff_member (id,employed_since,position,salary,room) VALUES (326,'2015-08-27','Nurse',25000,4);
INSERT INTO nurse (id,surgery_assistant,preferred_shifts,appointment_assistant,departement_id) VALUES (326,B'1','Night',B'0',16);
INSERT INTO person (id,first_name,second_name,email,user_login,user_password,sex,date_of_birth,age,permission_level) VALUES (327,'Carol','Smith','tpennington@gmail.com','gutierrezcesar','bBqcmykSELXqVM','F','2016-01-04',3,5);
INSERT INTO staff_member (id,employed_since,position,salary,room) VALUES (327,'2011-02-01','Maintanence Worker',15000,57);
INSERT INTO maintanence_worker (id,employment_type,speciality) VALUES (327,'Full time','Hardware');
INSERT INTO person (id,first_name,second_name,email,user_login,user_password,sex,date_of_birth,age,permission_level) VALUES (328,'Gary','Villa','cheryl68@hotmail.com','deannahorton','gcPjGSKIkIzNLhs','M','1956-01-25',63,3);
INSERT INTO staff_member (id,employed_since,position,salary,room) VALUES (328,'2016-03-14','Doctor',35000,11);
INSERT INTO doctor (id,speciality,emergency_hours,experience,departement_id,supervisor) VALUES (328,'Preventive Medicine Specialist',B'0',9,18,154);
INSERT INTO person (id,first_name,second_name,email,user_login,user_password,sex,date_of_birth,age,permission_level) VALUES (329,'Joseph','Robinson','macdonaldkyle@yahoo.com','turnerangela','aTYmMvRGRlPo','M','1987-12-14',32,1);
INSERT INTO staff_member (id,employed_since,position,salary,room) VALUES (329,'2017-06-03','Doctor',35000,13);
INSERT INTO doctor (id,speciality,emergency_hours,experience,departement_id,supervisor) VALUES (329,'Endocrinologists',B'1',1,17,277);
INSERT INTO person (id,first_name,second_name,email,user_login,user_password,sex,date_of_birth,age,permission_level) VALUES (330,'Ryan','Mills','moniquehendricks@gmail.com','smithamber','LjSUNLUgIkFLVw','M','1969-06-07',50,4);
INSERT INTO staff_member (id,employed_since,position,salary,room) VALUES (330,'2016-09-30','Professor',35000,40);
INSERT INTO professor (id,research_topic,surgery_participation,departement_id) VALUES (330,'Otolaryngologist',B'0',2);
INSERT INTO person (id,first_name,second_name,email,user_login,user_password,sex,date_of_birth,age,permission_level) VALUES (331,'Michael','Johnson','sherrystevenson@yahoo.com','sgarcia','jHzEojf','M','2006-05-06',13,1);
INSERT INTO staff_member (id,employed_since,position,salary,room) VALUES (331,'2011-01-06','Doctor',35000,12);
INSERT INTO doctor (id,speciality,emergency_hours,experience,departement_id,supervisor) VALUES (331,'Pathologist',B'1',7,10,31);
INSERT INTO person (id,first_name,second_name,email,user_login,user_password,sex,date_of_birth,age,permission_level) VALUES (332,'Michael','Snyder','kimdustin@gmail.com','qreed','IGOuZhbeMUEb','M','1914-10-15',105,1);
INSERT INTO staff_member (id,employed_since,position,salary,room) VALUES (332,'2015-07-01','HR',30000,67);
INSERT INTO hr (id,selection_responsibility) VALUES (332,'Review');
INSERT INTO person (id,first_name,second_name,email,user_login,user_password,sex,date_of_birth,age,permission_level) VALUES (333,'Albert','Dixon','bradleysmith@gmail.com','parkeramanda','donfSOuibDCAeM','M','1950-02-20',69,4);
INSERT INTO staff_member (id,employed_since,position,salary,room) VALUES (333,'2013-07-26','Professor',35000,36);
INSERT INTO professor (id,research_topic,surgery_participation,departement_id) VALUES (333,'Critical Care Medicine Specialist',B'1',7);
INSERT INTO person (id,first_name,second_name,email,user_login,user_password,sex,date_of_birth,age,permission_level) VALUES (334,'Anthony','Casey','lindsay94@yahoo.com','crystal24','PXXhkBWkOGDgf','M','2011-06-24',8,5);
INSERT INTO patient (id) VALUES (334);
INSERT INTO patients_address (street,house,apartement) VALUES ('Laura st.','60','3');
INSERT INTO medical_history (patient_id,date) VALUES (334,'2019-11-19');
INSERT INTO person (id,first_name,second_name,email,user_login,user_password,sex,date_of_birth,age,permission_level) VALUES (335,'Brian','Brown','brennanjonathan@gmail.com','michelle72','PNQIOvwuGBryk','M','1908-04-02',111,4);
INSERT INTO staff_member (id,employed_since,position,salary,room) VALUES (335,'2017-03-10','Professor',35000,34);
INSERT INTO professor (id,research_topic,surgery_participation,departement_id) VALUES (335,'Pediatrician',B'1',18);
INSERT INTO person (id,first_name,second_name,email,user_login,user_password,sex,date_of_birth,age,permission_level) VALUES (336,'Erik','Barnes','hoffmanwilliam@gmail.com','gmiller','XakYRNrwXVZsse','M','1918-06-21',101,5);
INSERT INTO patient (id) VALUES (336);
INSERT INTO patients_address (street,house,apartement) VALUES ('Susan st.','31','1');
INSERT INTO medical_history (patient_id,date) VALUES (336,'2019-11-10');
INSERT INTO person (id,first_name,second_name,email,user_login,user_password,sex,date_of_birth,age,permission_level) VALUES (337,'Robert','Gonzalez','johnsonryan@yahoo.com','vasquezgina','cVuoSrGrkdVg','M','1993-02-18',26,1);
INSERT INTO staff_member (id,employed_since,position,salary,room) VALUES (337,'2014-02-25','Maintanence Worker',15000,57);
INSERT INTO maintanence_worker (id,employment_type,speciality) VALUES (337,'Part time','Furniture');
INSERT INTO person (id,first_name,second_name,email,user_login,user_password,sex,date_of_birth,age,permission_level) VALUES (338,'Christine','Bender','gomezjanice@gmail.com','mayojennifer','bjMPrXGzsr','F','1922-07-26',97,4);
INSERT INTO patient (id) VALUES (338);
INSERT INTO patients_address (street,house,apartement) VALUES ('Caitlin st.','82','8');
INSERT INTO medical_history (patient_id,date) VALUES (338,'2019-10-17');
INSERT INTO person (id,first_name,second_name,email,user_login,user_password,sex,date_of_birth,age,permission_level) VALUES (339,'Joan','Williams','patriciafrench@gmail.com','josephnelson','fGNKfyrsmfOF','F','2010-08-18',9,3);
INSERT INTO staff_member (id,employed_since,position,salary,room) VALUES (339,'2010-03-04','Doctor',35000,30);
INSERT INTO doctor (id,speciality,emergency_hours,experience,departement_id,supervisor) VALUES (339,'Dermatologist',B'0',4,2,82);
INSERT INTO person (id,first_name,second_name,email,user_login,user_password,sex,date_of_birth,age,permission_level) VALUES (340,'Theodore','Juarez','david46@yahoo.com','leonbrianna','GakTOblrjNkEvUD','M','2017-01-07',2,5);
INSERT INTO staff_member (id,employed_since,position,salary,room) VALUES (340,'2018-04-26','Professor',35000,40);
INSERT INTO professor (id,research_topic,surgery_participation,departement_id) VALUES (340,'Hematologist',B'0',8);
INSERT INTO person (id,first_name,second_name,email,user_login,user_password,sex,date_of_birth,age,permission_level) VALUES (341,'Jennifer','Young','danabeltran@yahoo.com','alicia45','FgVhLmSJfVsHVfF','F','2015-06-30',4,3);
INSERT INTO staff_member (id,employed_since,position,salary,room) VALUES (341,'2019-07-08','Nurse',25000,3);
INSERT INTO nurse (id,surgery_assistant,preferred_shifts,appointment_assistant,departement_id) VALUES (341,B'0','Day',B'1',14);
INSERT INTO person (id,first_name,second_name,email,user_login,user_password,sex,date_of_birth,age,permission_level) VALUES (342,'Jason','Payne','mfoley@yahoo.com','michaelholmes','FYdFjeSoAMVKxCj','M','1978-10-08',41,5);
INSERT INTO staff_member (id,employed_since,position,salary,room) VALUES (342,'2011-05-27','Doctor',35000,21);
INSERT INTO doctor (id,speciality,emergency_hours,experience,departement_id,supervisor) VALUES (342,'Critical Care Medicine Specialist',B'0',8,4,331);
INSERT INTO person (id,first_name,second_name,email,user_login,user_password,sex,date_of_birth,age,permission_level) VALUES (343,'Megan','Munoz','michael93@hotmail.com','fblanchard','TACyeIXmkGVrKLu','F','1931-05-27',88,3);
INSERT INTO staff_member (id,employed_since,position,salary,room) VALUES (343,'2017-04-28','Nurse',25000,9);
INSERT INTO nurse (id,surgery_assistant,preferred_shifts,appointment_assistant,departement_id) VALUES (343,B'1','Day',B'0',3);
INSERT INTO person (id,first_name,second_name,email,user_login,user_password,sex,date_of_birth,age,permission_level) VALUES (344,'Renee','Pearson','efisher@gmail.com','wbenson','PRcJoHLAn','F','1955-09-14',64,3);
INSERT INTO patient (id) VALUES (344);
INSERT INTO patients_address (street,house,apartement) VALUES ('Terry st.','62','1');
INSERT INTO medical_history (patient_id,date) VALUES (344,'2019-11-05');
INSERT INTO person (id,first_name,second_name,email,user_login,user_password,sex,date_of_birth,age,permission_level) VALUES (345,'Jacob','Johnson','tammy86@hotmail.com','saraconner','SxHArse','M','1985-10-20',34,2);
INSERT INTO staff_member (id,employed_since,position,salary,room) VALUES (345,'2013-01-02','Nurse',25000,4);
INSERT INTO nurse (id,surgery_assistant,preferred_shifts,appointment_assistant,departement_id) VALUES (345,B'1','Night',B'0',4);
INSERT INTO person (id,first_name,second_name,email,user_login,user_password,sex,date_of_birth,age,permission_level) VALUES (346,'Taylor','Williams','michealthomas@gmail.com','amy79','GwKZRCmbzwYLA','F','1925-04-20',94,5);
INSERT INTO staff_member (id,employed_since,position,salary,room) VALUES (346,'2017-08-31','Cleaning Team Worker',10000,55);
INSERT INTO cleaning_team_worker (id,employment_type) VALUES (346,'Full time');
INSERT INTO person (id,first_name,second_name,email,user_login,user_password,sex,date_of_birth,age,permission_level) VALUES (347,'Douglas','Clark','floresdiana@yahoo.com','mhaynes','jNJmcmVCa','M','1921-09-28',98,1);
INSERT INTO staff_member (id,employed_since,position,salary,room) VALUES (347,'2014-10-16','Nurse',25000,6);
INSERT INTO nurse (id,surgery_assistant,preferred_shifts,appointment_assistant,departement_id) VALUES (347,B'1','Day',B'0',3);
INSERT INTO person (id,first_name,second_name,email,user_login,user_password,sex,date_of_birth,age,permission_level) VALUES (348,'Dale','Johnson','dennis24@hotmail.com','ashepherd','AiCIIDHBZ','M','1988-01-24',31,3);
INSERT INTO staff_member (id,employed_since,position,salary,room) VALUES (348,'2017-03-09','Professor',35000,37);
INSERT INTO professor (id,research_topic,surgery_participation,departement_id) VALUES (348,'Podiatrist',B'0',16);
INSERT INTO person (id,first_name,second_name,email,user_login,user_password,sex,date_of_birth,age,permission_level) VALUES (349,'Gregory','Martin','wcummings@yahoo.com','kmeyer','CsssYgd','M','1988-04-21',31,3);
INSERT INTO staff_member (id,employed_since,position,salary,room) VALUES (349,'2011-08-03','Doctor',35000,27);
INSERT INTO doctor (id,speciality,emergency_hours,experience,departement_id,supervisor) VALUES (349,'Medical Geneticist',B'1',6,15,50);
INSERT INTO person (id,first_name,second_name,email,user_login,user_password,sex,date_of_birth,age,permission_level) VALUES (350,'April','Gomez','nalvarez@yahoo.com','penajordan','qMbNBGQeOmxb','F','1907-10-26',112,2);
INSERT INTO staff_member (id,employed_since,position,salary,room) VALUES (350,'2010-12-04','Nurse',25000,7);
INSERT INTO nurse (id,surgery_assistant,preferred_shifts,appointment_assistant,departement_id) VALUES (350,B'1','Day',B'0',11);
INSERT INTO person (id,first_name,second_name,email,user_login,user_password,sex,date_of_birth,age,permission_level) VALUES (351,'Kelly','Holmes','michael99@gmail.com','garciakristen','hSrSBxqAnGwvszz','F','1956-04-25',63,2);
INSERT INTO patient (id) VALUES (351);
INSERT INTO patients_address (street,house,apartement) VALUES ('Sonia st.','75','7');
INSERT INTO medical_history (patient_id,date) VALUES (351,'2019-11-22');
INSERT INTO person (id,first_name,second_name,email,user_login,user_password,sex,date_of_birth,age,permission_level) VALUES (352,'Brittany','Gardner','zacharydean@yahoo.com','meyersrobert','NCDXfGiAwkhJho','F','1920-10-15',99,3);
INSERT INTO staff_member (id,employed_since,position,salary,room) VALUES (352,'2016-05-10','Pharmasist',20000,69);
INSERT INTO pharmasist (id,education_level,research) VALUES (352,'Postgraduate',B'1');
INSERT INTO person (id,first_name,second_name,email,user_login,user_password,sex,date_of_birth,age,permission_level) VALUES (353,'Sarah','Young','jgraham@hotmail.com','bethhooper','ZHBatmtUdupwmx','F','1919-05-16',100,2);
INSERT INTO staff_member (id,employed_since,position,salary,room) VALUES (353,'2012-11-29','Lab Technician',15000,45);
INSERT INTO lab_technician (id,education_level,departement_id) VALUES (353,'Bachelor',8);
INSERT INTO person (id,first_name,second_name,email,user_login,user_password,sex,date_of_birth,age,permission_level) VALUES (354,'Peggy','Brown','paigedalton@hotmail.com','ghunt','bONDOHDNmLtt','F','1946-09-22',73,2);
INSERT INTO staff_member (id,employed_since,position,salary,room) VALUES (354,'2010-04-10','Nurse',25000,3);
INSERT INTO nurse (id,surgery_assistant,preferred_shifts,appointment_assistant,departement_id) VALUES (354,B'0','Day',B'0',1);
INSERT INTO person (id,first_name,second_name,email,user_login,user_password,sex,date_of_birth,age,permission_level) VALUES (355,'Haley','Ray','amanda88@hotmail.com','stephanieestrada','fjIDhrUykLYCT','F','2000-09-20',19,3);
INSERT INTO staff_member (id,employed_since,position,salary,room) VALUES (355,'2013-11-21','Doctor',35000,27);
INSERT INTO doctor (id,speciality,emergency_hours,experience,departement_id,supervisor) VALUES (355,'Internist',B'1',8,15,161);
INSERT INTO person (id,first_name,second_name,email,user_login,user_password,sex,date_of_birth,age,permission_level) VALUES (356,'Kevin','Mahoney','raymond44@hotmail.com','taylorjames','sNMCFjyV','M','1938-03-05',81,1);
INSERT INTO staff_member (id,employed_since,position,salary,room) VALUES (356,'2014-10-30','Doctor',35000,30);
INSERT INTO doctor (id,speciality,emergency_hours,experience,departement_id,supervisor) VALUES (356,'Obstetrician and Gynecologist',B'0',8,18,110);
INSERT INTO person (id,first_name,second_name,email,user_login,user_password,sex,date_of_birth,age,permission_level) VALUES (357,'Bobby','Johnson','floresmarilyn@gmail.com','rebecca19','bvfPeceJPuEf','M','1928-09-19',91,4);
INSERT INTO staff_member (id,employed_since,position,salary,room) VALUES (357,'2013-01-09','HR',30000,66);
INSERT INTO hr (id,selection_responsibility) VALUES (357,'Review');
INSERT INTO person (id,first_name,second_name,email,user_login,user_password,sex,date_of_birth,age,permission_level) VALUES (358,'Michael','Hall','jackjohnson@yahoo.com','robert80','gLqWQbHUBWS','M','1959-02-18',60,5);
INSERT INTO staff_member (id,employed_since,position,salary,room) VALUES (358,'2017-02-04','Reseptionist',15000,56);
INSERT INTO reseptionist (id) VALUES (358);
INSERT INTO languages_spoken (reseptionist_id,language) VALUES (358,'PortuguesTatar');
INSERT INTO person (id,first_name,second_name,email,user_login,user_password,sex,date_of_birth,age,permission_level) VALUES (359,'Amanda','James','elizabeth53@yahoo.com','thomasmark','rvfjoZYk','F','1929-11-14',90,3);
INSERT INTO staff_member (id,employed_since,position,salary,room) VALUES (359,'2017-09-09','Reseptionist',15000,56);
INSERT INTO reseptionist (id) VALUES (359);
INSERT INTO languages_spoken (reseptionist_id,language) VALUES (359,'TatarEnglish');
INSERT INTO person (id,first_name,second_name,email,user_login,user_password,sex,date_of_birth,age,permission_level) VALUES (360,'Michael','Vazquez','richardbrady@yahoo.com','navarrobrian','aMpQvhXS','M','1930-10-03',89,5);
INSERT INTO staff_member (id,employed_since,position,salary,room) VALUES (360,'2016-10-08','Nurse',25000,7);
INSERT INTO nurse (id,surgery_assistant,preferred_shifts,appointment_assistant,departement_id) VALUES (360,B'0','Day',B'0',13);
INSERT INTO person (id,first_name,second_name,email,user_login,user_password,sex,date_of_birth,age,permission_level) VALUES (361,'Alyssa','Walters','wesley03@hotmail.com','utrevino','NchWLDkpElGttLe','F','1982-08-15',37,5);
INSERT INTO patient (id) VALUES (361);
INSERT INTO patients_address (street,house,apartement) VALUES ('Dustin st.','10','2');
INSERT INTO medical_history (patient_id,date) VALUES (361,'2019-11-17');
INSERT INTO person (id,first_name,second_name,email,user_login,user_password,sex,date_of_birth,age,permission_level) VALUES (362,'Jeffrey','Smith','juan42@yahoo.com','alicia09','PYVEEinrZkcSUN','M','1992-05-28',27,2);
INSERT INTO staff_member (id,employed_since,position,salary,room) VALUES (362,'2015-10-19','Maintanence Worker',15000,57);
INSERT INTO maintanence_worker (id,employment_type,speciality) VALUES (362,'Part time','Electricity');
INSERT INTO person (id,first_name,second_name,email,user_login,user_password,sex,date_of_birth,age,permission_level) VALUES (363,'Albert','Snyder','brettdalton@gmail.com','aliciabrown','WZNiYtzhe','M','1972-05-01',47,1);
INSERT INTO staff_member (id,employed_since,position,salary,room) VALUES (363,'2012-01-17','Nurse',25000,6);
INSERT INTO nurse (id,surgery_assistant,preferred_shifts,appointment_assistant,departement_id) VALUES (363,B'1','Night',B'1',1);
INSERT INTO person (id,first_name,second_name,email,user_login,user_password,sex,date_of_birth,age,permission_level) VALUES (364,'Kristin','Patterson','garnerjames@gmail.com','abriggs','zVObCJehIRJD','F','1913-12-27',106,3);
INSERT INTO staff_member (id,employed_since,position,salary,room) VALUES (364,'2012-07-16','Professor',35000,39);
INSERT INTO professor (id,research_topic,surgery_participation,departement_id) VALUES (364,'Gastroenterologist',B'0',7);
INSERT INTO person (id,first_name,second_name,email,user_login,user_password,sex,date_of_birth,age,permission_level) VALUES (365,'Michael','Stephens','juan64@yahoo.com','wjones','bSEjlaMcuic','M','1958-04-25',61,3);
INSERT INTO patient (id) VALUES (365);
INSERT INTO patients_address (street,house,apartement) VALUES ('Kyle st.','78','5');
INSERT INTO medical_history (patient_id,date) VALUES (365,'2019-11-04');
INSERT INTO person (id,first_name,second_name,email,user_login,user_password,sex,date_of_birth,age,permission_level) VALUES (366,'Jennifer','Rivera','rodriguezdavid@hotmail.com','james73','vBNfGlCdWm','F','2009-01-20',10,2);
INSERT INTO patient (id) VALUES (366);
INSERT INTO patients_address (street,house,apartement) VALUES ('Amber st.','53','2');
INSERT INTO medical_history (patient_id,date) VALUES (366,'2019-11-15');
INSERT INTO person (id,first_name,second_name,email,user_login,user_password,sex,date_of_birth,age,permission_level) VALUES (367,'Alejandro','Lee','shawn81@hotmail.com','kpaul','BYtBnKBEbAv','M','1911-02-06',108,2);
INSERT INTO staff_member (id,employed_since,position,salary,room) VALUES (367,'2014-04-29','Doctor',35000,22);
INSERT INTO doctor (id,speciality,emergency_hours,experience,departement_id,supervisor) VALUES (367,'Medicine Specialist',B'0',8,16,154);
INSERT INTO person (id,first_name,second_name,email,user_login,user_password,sex,date_of_birth,age,permission_level) VALUES (368,'Lauren','Young','richard08@yahoo.com','hartjoseph','XQAEovtCIoCULL','F','1962-07-10',57,3);
INSERT INTO staff_member (id,employed_since,position,salary,room) VALUES (368,'2011-08-13','HR',30000,67);
INSERT INTO hr (id,selection_responsibility) VALUES (368,'Interview');
INSERT INTO person (id,first_name,second_name,email,user_login,user_password,sex,date_of_birth,age,permission_level) VALUES (369,'Michael','Norton','sarahreed@hotmail.com','jeffrey97','NMvpnresLNjUnM','M','2013-04-03',6,3);
INSERT INTO staff_member (id,employed_since,position,salary,room) VALUES (369,'2013-05-12','Priest',15000,80);
INSERT INTO priest (id,religion) VALUES (369,'Judaism');
INSERT INTO person (id,first_name,second_name,email,user_login,user_password,sex,date_of_birth,age,permission_level) VALUES (370,'Eric','Stevens','jamesochoa@yahoo.com','denisebishop','nipggkiPhRGARl','M','1920-02-16',99,5);
INSERT INTO patient (id) VALUES (370);
INSERT INTO patients_address (street,house,apartement) VALUES ('Bailey st.','41','3');
INSERT INTO medical_history (patient_id,date) VALUES (370,'2019-11-18');
INSERT INTO person (id,first_name,second_name,email,user_login,user_password,sex,date_of_birth,age,permission_level) VALUES (371,'Marcus','Daniels','victorwatkins@gmail.com','amayo','coDCpXANNmMGyxl','M','1912-12-31',107,5);
INSERT INTO staff_member (id,employed_since,position,salary,room) VALUES (371,'2012-11-28','Doctor',35000,13);
INSERT INTO doctor (id,speciality,emergency_hours,experience,departement_id,supervisor) VALUES (371,'Urologist',B'0',8,15,342);
INSERT INTO person (id,first_name,second_name,email,user_login,user_password,sex,date_of_birth,age,permission_level) VALUES (372,'Kathleen','Strong','brian71@gmail.com','agarcia','RlLTZFfeV','F','1993-06-11',26,4);
INSERT INTO staff_member (id,employed_since,position,salary,room) VALUES (372,'2014-01-17','Priest',15000,78);
INSERT INTO priest (id,religion) VALUES (372,'Islam');
INSERT INTO person (id,first_name,second_name,email,user_login,user_password,sex,date_of_birth,age,permission_level) VALUES (373,'Dana','Young','michael88@gmail.com','susanhenry','xPgdXlizbp','F','2011-11-03',8,1);
INSERT INTO staff_member (id,employed_since,position,salary,room) VALUES (373,'2009-12-27','Doctor',35000,20);
INSERT INTO doctor (id,speciality,emergency_hours,experience,departement_id,supervisor) VALUES (373,'Preventive Medicine Specialist',B'0',4,18,367);
INSERT INTO person (id,first_name,second_name,email,user_login,user_password,sex,date_of_birth,age,permission_level) VALUES (374,'Michele','Wilson','garciakristie@yahoo.com','angela68','FjHwyjFCzhWDX','F','1940-06-12',79,4);
INSERT INTO staff_member (id,employed_since,position,salary,room) VALUES (374,'2016-05-01','Nurse',25000,8);
INSERT INTO nurse (id,surgery_assistant,preferred_shifts,appointment_assistant,departement_id) VALUES (374,B'1','Night',B'0',5);
INSERT INTO person (id,first_name,second_name,email,user_login,user_password,sex,date_of_birth,age,permission_level) VALUES (375,'Jessica','Graham','franklinnicole@yahoo.com','wongjohn','YIOCmxDxQZlYE','F','1939-02-20',80,3);
INSERT INTO staff_member (id,employed_since,position,salary,room) VALUES (375,'2016-02-06','Cook',15000,73);
INSERT INTO cook (id,experience) VALUES (375,5);
INSERT INTO person (id,first_name,second_name,email,user_login,user_password,sex,date_of_birth,age,permission_level) VALUES (376,'Dawn','Greene','jeffery34@gmail.com','john90','aSsdQBiltRFxME','F','2012-09-05',7,1);
INSERT INTO staff_member (id,employed_since,position,salary,room) VALUES (376,'2013-06-15','Maintanence Worker',15000,60);
INSERT INTO maintanence_worker (id,employment_type,speciality) VALUES (376,'Full time','Machines');
INSERT INTO person (id,first_name,second_name,email,user_login,user_password,sex,date_of_birth,age,permission_level) VALUES (377,'Mary','Taylor','awilliams@hotmail.com','thomashall','OlayVXfddJwpd','F','1935-02-26',84,4);
INSERT INTO staff_member (id,employed_since,position,salary,room) VALUES (377,'2014-06-15','HR',30000,65);
INSERT INTO hr (id,selection_responsibility) VALUES (377,'Interview');
INSERT INTO person (id,first_name,second_name,email,user_login,user_password,sex,date_of_birth,age,permission_level) VALUES (378,'Garrett','Dyer','thompsonmelanie@hotmail.com','amberhuff','EpHVIlKlPbG','M','1968-10-26',51,3);
INSERT INTO staff_member (id,employed_since,position,salary,room) VALUES (378,'2016-01-26','Nurse',25000,6);
INSERT INTO nurse (id,surgery_assistant,preferred_shifts,appointment_assistant,departement_id) VALUES (378,B'1','Day',B'1',3);
INSERT INTO person (id,first_name,second_name,email,user_login,user_password,sex,date_of_birth,age,permission_level) VALUES (379,'Jeffery','Shelton','frederick07@yahoo.com','toddevans','knkUbAVxqz','M','1909-07-14',110,3);
INSERT INTO staff_member (id,employed_since,position,salary,room) VALUES (379,'2012-02-27','Nurse',25000,7);
INSERT INTO nurse (id,surgery_assistant,preferred_shifts,appointment_assistant,departement_id) VALUES (379,B'1','Day',B'0',8);
INSERT INTO person (id,first_name,second_name,email,user_login,user_password,sex,date_of_birth,age,permission_level) VALUES (380,'Alexander','Mcneil','danielleodonnell@yahoo.com','juanrobertson','xkTOMVMhL','M','1948-10-09',71,5);
INSERT INTO staff_member (id,employed_since,position,salary,room) VALUES (380,'2014-11-17','Nurse',25000,3);
INSERT INTO nurse (id,surgery_assistant,preferred_shifts,appointment_assistant,departement_id) VALUES (380,B'1','Night',B'0',10);
INSERT INTO person (id,first_name,second_name,email,user_login,user_password,sex,date_of_birth,age,permission_level) VALUES (381,'Dawn','Smith','brianphillips@hotmail.com','scott61','JdJEjQMYK','F','1993-07-06',26,3);
INSERT INTO staff_member (id,employed_since,position,salary,room) VALUES (381,'2009-12-20','IT Specialist',15000,77);
INSERT INTO IT_specialist (id,support_line) VALUES (381,B'0');
INSERT INTO person (id,first_name,second_name,email,user_login,user_password,sex,date_of_birth,age,permission_level) VALUES (382,'Jeremy','Barajas','lukesmith@yahoo.com','maureenhenderson','meLEdxMfkwaOJDj','M','1958-02-15',61,1);
INSERT INTO patient (id) VALUES (382);
INSERT INTO patients_address (street,house,apartement) VALUES ('Phillip st.','92','10');
INSERT INTO medical_history (patient_id,date) VALUES (382,'2019-10-25');
INSERT INTO person (id,first_name,second_name,email,user_login,user_password,sex,date_of_birth,age,permission_level) VALUES (383,'Kathryn','Richards','graychristopher@yahoo.com','tiffany52','YUMdqGxna','F','1991-09-17',28,2);
INSERT INTO staff_member (id,employed_since,position,salary,room) VALUES (383,'2013-08-13','Professor',35000,38);
INSERT INTO professor (id,research_topic,surgery_participation,departement_id) VALUES (383,'Obstetrician and Gynecologist',B'0',9);
INSERT INTO person (id,first_name,second_name,email,user_login,user_password,sex,date_of_birth,age,permission_level) VALUES (384,'Jessica','Harrington','turnerbenjamin@gmail.com','nancy27','jPtxBDs','F','1953-07-30',66,1);
INSERT INTO patient (id) VALUES (384);
INSERT INTO patients_address (street,house,apartement) VALUES ('Shannon st.','58','9');
INSERT INTO medical_history (patient_id,date) VALUES (384,'2019-11-12');
INSERT INTO person (id,first_name,second_name,email,user_login,user_password,sex,date_of_birth,age,permission_level) VALUES (385,'Derek','Adams','mary09@yahoo.com','mooremichelle','NlsYWGG','M','1904-09-30',115,3);
INSERT INTO staff_member (id,employed_since,position,salary,room) VALUES (385,'2017-05-31','Pharmasist',20000,68);
INSERT INTO pharmasist (id,education_level,research) VALUES (385,'Bachelor',B'0');
INSERT INTO person (id,first_name,second_name,email,user_login,user_password,sex,date_of_birth,age,permission_level) VALUES (386,'Ashley','Webb','clane@yahoo.com','victoria10','hlRMsDjmWlpkvIy','F','1995-06-17',24,3);
INSERT INTO staff_member (id,employed_since,position,salary,room) VALUES (386,'2019-06-24','Reseptionist',15000,56);
INSERT INTO reseptionist (id) VALUES (386);
INSERT INTO languages_spoken (reseptionist_id,language) VALUES (386,'Russian');
INSERT INTO person (id,first_name,second_name,email,user_login,user_password,sex,date_of_birth,age,permission_level) VALUES (387,'Michael','Preston','lhughes@yahoo.com','chaley','TBSzPxzONYFiT','M','1921-03-07',98,1);
INSERT INTO staff_member (id,employed_since,position,salary,room) VALUES (387,'2013-07-10','Security Team Member',10000,63);
INSERT INTO security_team_member (id,shifts,physical_test_grade) VALUES (387,'Night','D');
INSERT INTO person (id,first_name,second_name,email,user_login,user_password,sex,date_of_birth,age,permission_level) VALUES (388,'William','Howard','pattonmichelle@gmail.com','jamesholmes','rfooRgzbfBYLd','M','1999-08-06',20,4);
INSERT INTO staff_member (id,employed_since,position,salary,room) VALUES (388,'2010-08-24','Maintanence Worker',15000,57);
INSERT INTO maintanence_worker (id,employment_type,speciality) VALUES (388,'Full time','Furniture');
INSERT INTO person (id,first_name,second_name,email,user_login,user_password,sex,date_of_birth,age,permission_level) VALUES (389,'Parker','Cooper','edward05@hotmail.com','lori35','cajTuXykkxjMjT','M','2007-05-13',12,3);
INSERT INTO patient (id) VALUES (389);
INSERT INTO patients_address (street,house,apartement) VALUES ('Jessica st.','88','9');
INSERT INTO medical_history (patient_id,date) VALUES (389,'2019-11-18');
INSERT INTO person (id,first_name,second_name,email,user_login,user_password,sex,date_of_birth,age,permission_level) VALUES (390,'Valerie','Ramirez','blackdouglas@hotmail.com','kdavis','AxYDPfueRWRNXNb','F','1922-11-14',97,4);
INSERT INTO staff_member (id,employed_since,position,salary,room) VALUES (390,'2017-04-11','Lab Technician',15000,47);
INSERT INTO lab_technician (id,education_level,departement_id) VALUES (390,'Bachelor',4);
INSERT INTO person (id,first_name,second_name,email,user_login,user_password,sex,date_of_birth,age,permission_level) VALUES (391,'Kayla','Anderson','davidallen@gmail.com','ablair','XYQSTDXoOIkI','F','1938-09-18',81,3);
INSERT INTO staff_member (id,employed_since,position,salary,room) VALUES (391,'2018-01-27','Professor',35000,31);
INSERT INTO professor (id,research_topic,surgery_participation,departement_id) VALUES (391,'Obstetrician and Gynecologist',B'1',11);
INSERT INTO person (id,first_name,second_name,email,user_login,user_password,sex,date_of_birth,age,permission_level) VALUES (392,'Terry','Hernandez','mariesmith@yahoo.com','rachelwilson','KLPeTXj','M','1936-02-16',83,1);
INSERT INTO staff_member (id,employed_since,position,salary,room) VALUES (392,'2012-10-03','Nurse',25000,5);
INSERT INTO nurse (id,surgery_assistant,preferred_shifts,appointment_assistant,departement_id) VALUES (392,B'1','Day',B'1',6);
INSERT INTO person (id,first_name,second_name,email,user_login,user_password,sex,date_of_birth,age,permission_level) VALUES (393,'John','King','zmassey@hotmail.com','dmartin','UeNRMMEcF','M','1988-08-06',31,1);
INSERT INTO staff_member (id,employed_since,position,salary,room) VALUES (393,'2017-05-30','Nurse',25000,4);
INSERT INTO nurse (id,surgery_assistant,preferred_shifts,appointment_assistant,departement_id) VALUES (393,B'1','Night',B'0',1);
INSERT INTO person (id,first_name,second_name,email,user_login,user_password,sex,date_of_birth,age,permission_level) VALUES (394,'Kaitlyn','Freeman','timothy63@yahoo.com','caleballen','cHzhqJvEGwOyki','F','1982-05-16',37,5);
INSERT INTO staff_member (id,employed_since,position,salary,room) VALUES (394,'2013-06-24','IT Specialist',15000,77);
INSERT INTO IT_specialist (id,support_line) VALUES (394,B'1');
INSERT INTO person (id,first_name,second_name,email,user_login,user_password,sex,date_of_birth,age,permission_level) VALUES (395,'Emily','Burch','jamie32@hotmail.com','dbuchanan','nUefvYsgMG','F','1911-09-23',108,2);
INSERT INTO staff_member (id,employed_since,position,salary,room) VALUES (395,'2014-11-25','Nurse',25000,10);
INSERT INTO nurse (id,surgery_assistant,preferred_shifts,appointment_assistant,departement_id) VALUES (395,B'1','Night',B'0',13);
INSERT INTO person (id,first_name,second_name,email,user_login,user_password,sex,date_of_birth,age,permission_level) VALUES (396,'Andrea','Henderson','bellloretta@yahoo.com','watsonfelicia','UtxLBgRb','F','1994-11-15',25,2);
INSERT INTO staff_member (id,employed_since,position,salary,room) VALUES (396,'2014-01-06','Doctor',35000,28);
INSERT INTO doctor (id,speciality,emergency_hours,experience,departement_id,supervisor) VALUES (396,'Preventive Medicine Specialist',B'0',7,16,20);
INSERT INTO person (id,first_name,second_name,email,user_login,user_password,sex,date_of_birth,age,permission_level) VALUES (397,'Laurie','Davidson','staciescott@yahoo.com','wangkimberly','TiqmrYd','F','1906-09-12',113,1);
INSERT INTO staff_member (id,employed_since,position,salary,room) VALUES (397,'2010-04-05','Nurse',25000,10);
INSERT INTO nurse (id,surgery_assistant,preferred_shifts,appointment_assistant,departement_id) VALUES (397,B'0','Day',B'1',1);
INSERT INTO person (id,first_name,second_name,email,user_login,user_password,sex,date_of_birth,age,permission_level) VALUES (398,'Aaron','Neal','christopher02@yahoo.com','ritavelazquez','FYCGwekE','M','1955-05-28',64,3);
INSERT INTO staff_member (id,employed_since,position,salary,room) VALUES (398,'2009-12-26','Professor',35000,38);
INSERT INTO professor (id,research_topic,surgery_participation,departement_id) VALUES (398,'Emergency Medicine Specialist',B'1',2);
INSERT INTO person (id,first_name,second_name,email,user_login,user_password,sex,date_of_birth,age,permission_level) VALUES (399,'Sandra','Vega','bettymcgee@gmail.com','zcase','MEjULQCS','F','1910-03-09',109,3);
INSERT INTO staff_member (id,employed_since,position,salary,room) VALUES (399,'2015-05-04','Nurse',25000,3);
INSERT INTO nurse (id,surgery_assistant,preferred_shifts,appointment_assistant,departement_id) VALUES (399,B'1','Day',B'1',6);
INSERT INTO person (id,first_name,second_name,email,user_login,user_password,sex,date_of_birth,age,permission_level) VALUES (400,'Selena','Perez','lindseykimberly@gmail.com','uedwards','EpxoqgWsGqFAnei','F','1936-08-17',83,3);
INSERT INTO staff_member (id,employed_since,position,salary,room) VALUES (400,'2010-08-29','Doctor',35000,18);
INSERT INTO doctor (id,speciality,emergency_hours,experience,departement_id,supervisor) VALUES (400,'General Surgeon',B'0',2,10,162);
INSERT INTO person (id,first_name,second_name,email,user_login,user_password,sex,date_of_birth,age,permission_level) VALUES (401,'Kristina','Rogers','erobinson@gmail.com','trodriguez','StUoGAtwhAYu','F','1994-10-11',25,1);
INSERT INTO staff_member (id,employed_since,position,salary,room) VALUES (401,'2017-03-17','Doctor',35000,17);
INSERT INTO doctor (id,speciality,emergency_hours,experience,departement_id,supervisor) VALUES (401,'Cardiologist',B'1',5,1,277);
INSERT INTO person (id,first_name,second_name,email,user_login,user_password,sex,date_of_birth,age,permission_level) VALUES (402,'Christopher','Parsons','harrisparker@gmail.com','rthomas','OLjBMsfHt','M','1994-01-28',25,3);
INSERT INTO staff_member (id,employed_since,position,salary,room) VALUES (402,'2015-07-28','Doctor',35000,27);
INSERT INTO doctor (id,speciality,emergency_hours,experience,departement_id,supervisor) VALUES (402,'Hematologist',B'1',7,4,202);
INSERT INTO person (id,first_name,second_name,email,user_login,user_password,sex,date_of_birth,age,permission_level) VALUES (403,'Danielle','Hunt','hessjessica@gmail.com','vhawkins','ECrZoxIxFMpoyRs','F','1920-07-22',99,5);
INSERT INTO staff_member (id,employed_since,position,salary,room) VALUES (403,'2009-12-09','Professor',35000,34);
INSERT INTO professor (id,research_topic,surgery_participation,departement_id) VALUES (403,'Rheumatologist',B'0',1);
INSERT INTO person (id,first_name,second_name,email,user_login,user_password,sex,date_of_birth,age,permission_level) VALUES (404,'Dr.','William','diazsara@hotmail.com','jmills','LzbQGZOcUoSz','M','1928-04-18',91,3);
INSERT INTO staff_member (id,employed_since,position,salary,room) VALUES (404,'2016-07-27','Cleaning Team Worker',10000,52);
INSERT INTO cleaning_team_worker (id,employment_type) VALUES (404,'Part time');
INSERT INTO person (id,first_name,second_name,email,user_login,user_password,sex,date_of_birth,age,permission_level) VALUES (405,'Shane','Pearson','gregoryrichardson@gmail.com','eric65','feWtNiRMI','M','1905-02-27',114,5);
INSERT INTO staff_member (id,employed_since,position,salary,room) VALUES (405,'2014-06-15','Doctor',35000,14);
INSERT INTO doctor (id,speciality,emergency_hours,experience,departement_id,supervisor) VALUES (405,'Infectious Disease Specialist',B'0',2,2,4);
INSERT INTO person (id,first_name,second_name,email,user_login,user_password,sex,date_of_birth,age,permission_level) VALUES (406,'Nathan','Warren','castrowilliam@gmail.com','kentpatricia','TBOqqZCpqjallj','M','2000-03-26',19,5);
INSERT INTO staff_member (id,employed_since,position,salary,room) VALUES (406,'2018-02-24','Doctor',35000,24);
INSERT INTO doctor (id,speciality,emergency_hours,experience,departement_id,supervisor) VALUES (406,'Preventive Medicine Specialist',B'1',2,4,248);
INSERT INTO person (id,first_name,second_name,email,user_login,user_password,sex,date_of_birth,age,permission_level) VALUES (407,'Anna','Cruz','irodriguez@gmail.com','lozanowesley','LGDRizN','F','1955-12-10',64,2);
INSERT INTO staff_member (id,employed_since,position,salary,room) VALUES (407,'2016-03-09','Nurse',25000,5);
INSERT INTO nurse (id,surgery_assistant,preferred_shifts,appointment_assistant,departement_id) VALUES (407,B'1','Night',B'0',18);
INSERT INTO person (id,first_name,second_name,email,user_login,user_password,sex,date_of_birth,age,permission_level) VALUES (408,'Debra','Simmons','turnerclayton@hotmail.com','tyler17','WsqdmkLviZFhBj','F','1944-07-02',75,5);
INSERT INTO staff_member (id,employed_since,position,salary,room) VALUES (408,'2010-09-13','Doctor',35000,15);
INSERT INTO doctor (id,speciality,emergency_hours,experience,departement_id,supervisor) VALUES (408,'Pathologist',B'0',2,8,401);
INSERT INTO person (id,first_name,second_name,email,user_login,user_password,sex,date_of_birth,age,permission_level) VALUES (409,'Linda','Mckay','uspence@gmail.com','yreed','gjYSXjrXmN','F','1906-04-27',113,1);
INSERT INTO staff_member (id,employed_since,position,salary,room) VALUES (409,'2016-02-20','IT Specialist',15000,77);
INSERT INTO IT_specialist (id,support_line) VALUES (409,B'1');
INSERT INTO person (id,first_name,second_name,email,user_login,user_password,sex,date_of_birth,age,permission_level) VALUES (410,'Eric','Johnson','derek55@hotmail.com','jason69','vVPqzdXzwqt','M','1951-02-15',68,5);
INSERT INTO staff_member (id,employed_since,position,salary,room) VALUES (410,'2012-02-23','Nurse',25000,4);
INSERT INTO nurse (id,surgery_assistant,preferred_shifts,appointment_assistant,departement_id) VALUES (410,B'1','Day',B'1',7);
INSERT INTO person (id,first_name,second_name,email,user_login,user_password,sex,date_of_birth,age,permission_level) VALUES (411,'Kathleen','Powers','wheelerbreanna@gmail.com','whiteheaddaniel','vBzmHynZBGFglRe','F','1977-10-28',42,1);
INSERT INTO staff_member (id,employed_since,position,salary,room) VALUES (411,'2009-12-19','Nurse',25000,3);
INSERT INTO nurse (id,surgery_assistant,preferred_shifts,appointment_assistant,departement_id) VALUES (411,B'0','Night',B'0',17);
INSERT INTO person (id,first_name,second_name,email,user_login,user_password,sex,date_of_birth,age,permission_level) VALUES (412,'Natasha','Case','afreeman@gmail.com','uhayes','YPYUaYyUqkCioSe','F','1907-07-23',112,4);
INSERT INTO staff_member (id,employed_since,position,salary,room) VALUES (412,'2017-08-20','Professor',35000,38);
INSERT INTO professor (id,research_topic,surgery_participation,departement_id) VALUES (412,'Hematologist',B'1',2);
INSERT INTO person (id,first_name,second_name,email,user_login,user_password,sex,date_of_birth,age,permission_level) VALUES (413,'Alan','Ramirez','robertjones@gmail.com','michael57','lHLSKgxeePCMIYF','M','2016-01-17',3,5);
INSERT INTO staff_member (id,employed_since,position,salary,room) VALUES (413,'2018-09-02','Maintanence Worker',15000,60);
INSERT INTO maintanence_worker (id,employment_type,speciality) VALUES (413,'Full time','Furniture');
INSERT INTO person (id,first_name,second_name,email,user_login,user_password,sex,date_of_birth,age,permission_level) VALUES (414,'Robert','Lawrence','wmay@gmail.com','hughesjennifer','CtufcuiUhpM','M','1981-10-30',38,3);
INSERT INTO staff_member (id,employed_since,position,salary,room) VALUES (414,'2011-11-29','Pharmasist',20000,70);
INSERT INTO pharmasist (id,education_level,research) VALUES (414,'Magister',B'0');
INSERT INTO person (id,first_name,second_name,email,user_login,user_password,sex,date_of_birth,age,permission_level) VALUES (415,'Kevin','Anderson','krystal81@yahoo.com','fford','CctLopMCsOtK','M','1923-06-11',96,3);
INSERT INTO staff_member (id,employed_since,position,salary,room) VALUES (415,'2014-11-16','Nurse',25000,3);
INSERT INTO nurse (id,surgery_assistant,preferred_shifts,appointment_assistant,departement_id) VALUES (415,B'0','Night',B'0',18);
INSERT INTO person (id,first_name,second_name,email,user_login,user_password,sex,date_of_birth,age,permission_level) VALUES (416,'April','Matthews','laurenhenry@gmail.com','taylorchristine','GirChCRyJ','F','1922-05-12',97,4);
INSERT INTO patient (id) VALUES (416);
INSERT INTO patients_address (street,house,apartement) VALUES ('Daniel st.','75','5');
INSERT INTO medical_history (patient_id,date) VALUES (416,'2019-11-13');
INSERT INTO person (id,first_name,second_name,email,user_login,user_password,sex,date_of_birth,age,permission_level) VALUES (417,'Tonya','Todd','jdaugherty@hotmail.com','vanessajennings','lAenaupBdr','F','1964-12-03',55,5);
INSERT INTO staff_member (id,employed_since,position,salary,room) VALUES (417,'2014-10-23','Doctor',35000,30);
INSERT INTO doctor (id,speciality,emergency_hours,experience,departement_id,supervisor) VALUES (417,'Preventive Medicine Specialist',B'1',2,1,131);
INSERT INTO person (id,first_name,second_name,email,user_login,user_password,sex,date_of_birth,age,permission_level) VALUES (418,'Charles','Henry','jgolden@gmail.com','gfowler','PQqaZqQCoqv','M','1985-09-30',34,1);
INSERT INTO staff_member (id,employed_since,position,salary,room) VALUES (418,'2019-11-17','Nurse',25000,6);
INSERT INTO nurse (id,surgery_assistant,preferred_shifts,appointment_assistant,departement_id) VALUES (418,B'1','Day',B'0',7);
INSERT INTO person (id,first_name,second_name,email,user_login,user_password,sex,date_of_birth,age,permission_level) VALUES (419,'Ernest','Morgan','thompsontammy@hotmail.com','jamie26','rFZDrjnykSl','M','2007-12-30',12,4);
INSERT INTO staff_member (id,employed_since,position,salary,room) VALUES (419,'2013-10-02','Nurse',25000,8);
INSERT INTO nurse (id,surgery_assistant,preferred_shifts,appointment_assistant,departement_id) VALUES (419,B'0','Day',B'1',3);
INSERT INTO person (id,first_name,second_name,email,user_login,user_password,sex,date_of_birth,age,permission_level) VALUES (420,'Laura','Smith','heather40@gmail.com','heather66','oRoWwSpAKIJUTV','F','1962-03-13',57,5);
INSERT INTO patient (id) VALUES (420);
INSERT INTO patients_address (street,house,apartement) VALUES ('Kurt st.','64','10');
INSERT INTO medical_history (patient_id,date) VALUES (420,'2019-11-22');
INSERT INTO person (id,first_name,second_name,email,user_login,user_password,sex,date_of_birth,age,permission_level) VALUES (421,'Karen','Bishop','pagemichael@gmail.com','hpollard','QwdtAXZmLDv','F','1904-02-16',115,5);
INSERT INTO staff_member (id,employed_since,position,salary,room) VALUES (421,'2010-07-29','Doctor',35000,26);
INSERT INTO doctor (id,speciality,emergency_hours,experience,departement_id,supervisor) VALUES (421,'Obstetrician and Gynecologist',B'0',6,9,139);
INSERT INTO person (id,first_name,second_name,email,user_login,user_password,sex,date_of_birth,age,permission_level) VALUES (422,'Marie','Barber','christophersheppard@yahoo.com','thomas75','OYoXKXouyI','F','1998-02-12',21,4);
INSERT INTO staff_member (id,employed_since,position,salary,room) VALUES (422,'2014-07-26','Nurse',25000,6);
INSERT INTO nurse (id,surgery_assistant,preferred_shifts,appointment_assistant,departement_id) VALUES (422,B'0','Night',B'0',17);
INSERT INTO person (id,first_name,second_name,email,user_login,user_password,sex,date_of_birth,age,permission_level) VALUES (423,'Madison','Pearson','scott98@gmail.com','christophernewman','hHLuyPLZDacJ','F','1987-07-02',32,1);
INSERT INTO staff_member (id,employed_since,position,salary,room) VALUES (423,'2019-06-13','Nurse',25000,6);
INSERT INTO nurse (id,surgery_assistant,preferred_shifts,appointment_assistant,departement_id) VALUES (423,B'1','Night',B'1',10);
INSERT INTO person (id,first_name,second_name,email,user_login,user_password,sex,date_of_birth,age,permission_level) VALUES (424,'Heather','Johnson','burkelisa@hotmail.com','markwilson','wnEciZm','F','1934-05-14',85,4);
INSERT INTO patient (id) VALUES (424);
INSERT INTO patients_address (street,house,apartement) VALUES ('Craig st.','46','3');
INSERT INTO medical_history (patient_id,date) VALUES (424,'2019-11-07');
INSERT INTO person (id,first_name,second_name,email,user_login,user_password,sex,date_of_birth,age,permission_level) VALUES (425,'Ashley','Smith','camposlisa@yahoo.com','pvaughn','pnoDsxiiGXhw','F','1988-09-30',31,3);
INSERT INTO staff_member (id,employed_since,position,salary,room) VALUES (425,'2011-06-05','Nurse',25000,7);
INSERT INTO nurse (id,surgery_assistant,preferred_shifts,appointment_assistant,departement_id) VALUES (425,B'1','Day',B'1',2);
INSERT INTO person (id,first_name,second_name,email,user_login,user_password,sex,date_of_birth,age,permission_level) VALUES (426,'Jacqueline','Ortiz','stevenstimothy@yahoo.com','zwright','whirIfDKM','F','1990-07-10',29,1);
INSERT INTO staff_member (id,employed_since,position,salary,room) VALUES (426,'2014-11-20','Nurse',25000,7);
INSERT INTO nurse (id,surgery_assistant,preferred_shifts,appointment_assistant,departement_id) VALUES (426,B'0','Day',B'1',1);
INSERT INTO person (id,first_name,second_name,email,user_login,user_password,sex,date_of_birth,age,permission_level) VALUES (427,'Robin','Hayes','lynchanna@yahoo.com','thodges','fZJlMlcou','F','1977-02-19',42,3);
INSERT INTO staff_member (id,employed_since,position,salary,room) VALUES (427,'2011-01-17','Nurse',25000,9);
INSERT INTO nurse (id,surgery_assistant,preferred_shifts,appointment_assistant,departement_id) VALUES (427,B'1','Day',B'0',18);
INSERT INTO person (id,first_name,second_name,email,user_login,user_password,sex,date_of_birth,age,permission_level) VALUES (428,'Andre','Baker','davidhernandez@yahoo.com','vblack','uIHqYfvTFriA','M','2000-02-15',19,2);
INSERT INTO staff_member (id,employed_since,position,salary,room) VALUES (428,'2016-07-07','Nurse',25000,5);
INSERT INTO nurse (id,surgery_assistant,preferred_shifts,appointment_assistant,departement_id) VALUES (428,B'0','Day',B'1',3);
INSERT INTO person (id,first_name,second_name,email,user_login,user_password,sex,date_of_birth,age,permission_level) VALUES (429,'Timothy','Lara','humphreythomas@gmail.com','martha43','qhbIUKxMaP','M','1995-06-19',24,4);
INSERT INTO staff_member (id,employed_since,position,salary,room) VALUES (429,'2014-03-20','Pharmasist',20000,68);
INSERT INTO pharmasist (id,education_level,research) VALUES (429,'Magister',B'1');
INSERT INTO person (id,first_name,second_name,email,user_login,user_password,sex,date_of_birth,age,permission_level) VALUES (430,'Tina','Mcdonald','april42@gmail.com','udaniel','kWDtPhnMuUuCl','F','1937-10-06',82,3);
INSERT INTO staff_member (id,employed_since,position,salary,room) VALUES (430,'2017-07-17','Nurse',25000,10);
INSERT INTO nurse (id,surgery_assistant,preferred_shifts,appointment_assistant,departement_id) VALUES (430,B'1','Day',B'0',11);
INSERT INTO person (id,first_name,second_name,email,user_login,user_password,sex,date_of_birth,age,permission_level) VALUES (431,'Laura','Winters','alexis99@hotmail.com','gonzalezsusan','qpbbIEk','F','1932-11-20',87,1);
INSERT INTO staff_member (id,employed_since,position,salary,room) VALUES (431,'2016-05-22','Doctor',35000,13);
INSERT INTO doctor (id,speciality,emergency_hours,experience,departement_id,supervisor) VALUES (431,'Endocrinologists',B'1',10,14,349);
INSERT INTO person (id,first_name,second_name,email,user_login,user_password,sex,date_of_birth,age,permission_level) VALUES (432,'Scott','Bush','jimmy84@yahoo.com','katherinedixon','zGHASiHGXNu','M','1961-06-15',58,5);
INSERT INTO staff_member (id,employed_since,position,salary,room) VALUES (432,'2013-10-29','Professor',35000,40);
INSERT INTO professor (id,research_topic,surgery_participation,departement_id) VALUES (432,'Podiatrist',B'0',6);
INSERT INTO person (id,first_name,second_name,email,user_login,user_password,sex,date_of_birth,age,permission_level) VALUES (433,'Lisa','Ross','ronniejones@yahoo.com','benjaminrebecca','LrsylMG','F','1932-04-05',87,4);
INSERT INTO patient (id) VALUES (433);
INSERT INTO patients_address (street,house,apartement) VALUES ('Caitlin st.','48','10');
INSERT INTO medical_history (patient_id,date) VALUES (433,'2019-10-20');
INSERT INTO person (id,first_name,second_name,email,user_login,user_password,sex,date_of_birth,age,permission_level) VALUES (434,'Steven','Sharp','jennifer41@yahoo.com','sharonburke','HasRPje','M','1906-12-09',113,5);
INSERT INTO staff_member (id,employed_since,position,salary,room) VALUES (434,'2017-02-11','Doctor',35000,17);
INSERT INTO doctor (id,speciality,emergency_hours,experience,departement_id,supervisor) VALUES (434,'Otolaryngologist',B'0',7,11,204);
INSERT INTO person (id,first_name,second_name,email,user_login,user_password,sex,date_of_birth,age,permission_level) VALUES (435,'Stephanie','Bennett','michaelwilson@yahoo.com','kristin35','nRwtCfOHMhyF','F','1957-08-12',62,2);
INSERT INTO patient (id) VALUES (435);
INSERT INTO patients_address (street,house,apartement) VALUES ('Craig st.','27','3');
INSERT INTO medical_history (patient_id,date) VALUES (435,'2019-11-18');
INSERT INTO person (id,first_name,second_name,email,user_login,user_password,sex,date_of_birth,age,permission_level) VALUES (436,'Ricky','Lewis','vasquezmegan@gmail.com','wward','iJAJoYIxNKBUAq','M','2019-01-30',0,3);
INSERT INTO staff_member (id,employed_since,position,salary,room) VALUES (436,'2016-11-26','Cleaning Team Worker',10000,51);
INSERT INTO cleaning_team_worker (id,employment_type) VALUES (436,'Part time');
INSERT INTO person (id,first_name,second_name,email,user_login,user_password,sex,date_of_birth,age,permission_level) VALUES (437,'Roger','Mcclain','kingsharon@yahoo.com','sandovalkimberly','fdETWpXiymdKd','M','1990-01-06',29,4);
INSERT INTO staff_member (id,employed_since,position,salary,room) VALUES (437,'2012-10-22','Lab Technician',15000,44);
INSERT INTO lab_technician (id,education_level,departement_id) VALUES (437,'Postgraduate',13);
INSERT INTO person (id,first_name,second_name,email,user_login,user_password,sex,date_of_birth,age,permission_level) VALUES (438,'Gregory','Pitts','fergusoneric@yahoo.com','kristina09','QrftofRQMPY','M','1937-04-30',82,4);
INSERT INTO staff_member (id,employed_since,position,salary,room) VALUES (438,'2017-09-20','Reseptionist',15000,56);
INSERT INTO reseptionist (id) VALUES (438);
INSERT INTO languages_spoken (reseptionist_id,language) VALUES (438,'ItalianPortuguesItalianTatarPortuguesItalian');
INSERT INTO person (id,first_name,second_name,email,user_login,user_password,sex,date_of_birth,age,permission_level) VALUES (439,'Andrew','Tate','luke93@hotmail.com','swilliams','EbLEJRPv','M','1947-05-29',72,4);
INSERT INTO patient (id) VALUES (439);
INSERT INTO patients_address (street,house,apartement) VALUES ('Dana st.','39','2');
INSERT INTO medical_history (patient_id,date) VALUES (439,'2019-10-20');
INSERT INTO person (id,first_name,second_name,email,user_login,user_password,sex,date_of_birth,age,permission_level) VALUES (440,'Angela','Valencia','james36@yahoo.com','alexandra59','WUzJJwFm','F','1934-10-06',85,4);
INSERT INTO staff_member (id,employed_since,position,salary,room) VALUES (440,'2011-04-02','Maintanence Worker',15000,57);
INSERT INTO maintanence_worker (id,employment_type,speciality) VALUES (440,'Part time','Electricity');
INSERT INTO person (id,first_name,second_name,email,user_login,user_password,sex,date_of_birth,age,permission_level) VALUES (441,'Cheryl','Hunt','andreabutler@yahoo.com','rachel08','XPXDTVlGa','F','2004-08-11',15,1);
INSERT INTO staff_member (id,employed_since,position,salary,room) VALUES (441,'2012-08-25','Nurse',25000,3);
INSERT INTO nurse (id,surgery_assistant,preferred_shifts,appointment_assistant,departement_id) VALUES (441,B'1','Night',B'1',6);
INSERT INTO person (id,first_name,second_name,email,user_login,user_password,sex,date_of_birth,age,permission_level) VALUES (442,'Emily','Powers','nicholasjohnson@yahoo.com','bradykimberly','hwRvcPxsq','F','2017-06-09',2,5);
INSERT INTO staff_member (id,employed_since,position,salary,room) VALUES (442,'2018-01-25','Professor',35000,31);
INSERT INTO professor (id,research_topic,surgery_participation,departement_id) VALUES (442,'Emergency Medicine Specialist',B'1',1);
INSERT INTO person (id,first_name,second_name,email,user_login,user_password,sex,date_of_birth,age,permission_level) VALUES (443,'Kristen','Dennis','harmonkeith@hotmail.com','paulbeck','kZRBUxPXeCf','F','1987-01-12',32,5);
INSERT INTO staff_member (id,employed_since,position,salary,room) VALUES (443,'2017-02-10','Nurse',25000,5);
INSERT INTO nurse (id,surgery_assistant,preferred_shifts,appointment_assistant,departement_id) VALUES (443,B'0','Day',B'0',2);
INSERT INTO person (id,first_name,second_name,email,user_login,user_password,sex,date_of_birth,age,permission_level) VALUES (444,'Amanda','Allen','jennifer53@hotmail.com','garciamatthew','vfeGoATI','F','1998-05-17',21,3);
INSERT INTO staff_member (id,employed_since,position,salary,room) VALUES (444,'2018-02-02','Doctor',35000,12);
INSERT INTO doctor (id,speciality,emergency_hours,experience,departement_id,supervisor) VALUES (444,'Physiatrist',B'1',9,5,154);
INSERT INTO person (id,first_name,second_name,email,user_login,user_password,sex,date_of_birth,age,permission_level) VALUES (445,'Dustin','Hoffman','cherylreed@yahoo.com','timothy34','SSFbMRjXNJk','M','1916-10-21',103,2);
INSERT INTO patient (id) VALUES (445);
INSERT INTO patients_address (street,house,apartement) VALUES ('Melanie st.','65','10');
INSERT INTO medical_history (patient_id,date) VALUES (445,'2019-11-18');
INSERT INTO person (id,first_name,second_name,email,user_login,user_password,sex,date_of_birth,age,permission_level) VALUES (446,'John','Hill','melindafuller@yahoo.com','nancy93','avCVnvZnISDN','M','1971-11-16',48,4);
INSERT INTO patient (id) VALUES (446);
INSERT INTO patients_address (street,house,apartement) VALUES ('Stephanie st.','85','9');
INSERT INTO medical_history (patient_id,date) VALUES (446,'2019-11-21');
INSERT INTO person (id,first_name,second_name,email,user_login,user_password,sex,date_of_birth,age,permission_level) VALUES (447,'Glenn','Rios','benjamin21@hotmail.com','uflores','cDAVnQMjNFdIFrb','M','1953-05-10',66,4);
INSERT INTO staff_member (id,employed_since,position,salary,room) VALUES (447,'2015-01-24','Doctor',35000,12);
INSERT INTO doctor (id,speciality,emergency_hours,experience,departement_id,supervisor) VALUES (447,'Gastroenterologist',B'0',9,17,406);
INSERT INTO person (id,first_name,second_name,email,user_login,user_password,sex,date_of_birth,age,permission_level) VALUES (448,'Omar','Peters','allison90@yahoo.com','hnorton','xKhJDYUZqLSAfJ','M','1991-12-20',28,5);
INSERT INTO staff_member (id,employed_since,position,salary,room) VALUES (448,'2016-09-19','Maintanence Worker',15000,58);
INSERT INTO maintanence_worker (id,employment_type,speciality) VALUES (448,'Full time','Machines');
INSERT INTO person (id,first_name,second_name,email,user_login,user_password,sex,date_of_birth,age,permission_level) VALUES (449,'Andrew','Estrada','delgadodouglas@hotmail.com','mitchelllawrence','raUCjPxjyph','M','1942-09-03',77,5);
INSERT INTO patient (id) VALUES (449);
INSERT INTO patients_address (street,house,apartement) VALUES ('Anthony st.','6','7');
INSERT INTO medical_history (patient_id,date) VALUES (449,'2019-11-20');
INSERT INTO person (id,first_name,second_name,email,user_login,user_password,sex,date_of_birth,age,permission_level) VALUES (450,'Steven','Schaefer','hperez@gmail.com','mgallagher','ZUiZDDCSx','M','1944-02-20',75,4);
INSERT INTO staff_member (id,employed_since,position,salary,room) VALUES (450,'2018-09-16','Professor',35000,31);
INSERT INTO professor (id,research_topic,surgery_participation,departement_id) VALUES (450,'Obstetrician and Gynecologist',B'1',11);
INSERT INTO person (id,first_name,second_name,email,user_login,user_password,sex,date_of_birth,age,permission_level) VALUES (451,'Wesley','Morris','josemiller@hotmail.com','mitchellelijah','jIYiFoMcSgsG','M','1936-12-03',83,4);
INSERT INTO patient (id) VALUES (451);
INSERT INTO patients_address (street,house,apartement) VALUES ('Jason st.','69','9');
INSERT INTO medical_history (patient_id,date) VALUES (451,'2019-11-19');
INSERT INTO person (id,first_name,second_name,email,user_login,user_password,sex,date_of_birth,age,permission_level) VALUES (452,'Andre','Gonzales','amanda26@yahoo.com','kirk52','aeJBkvlGb','M','1984-02-11',35,4);
INSERT INTO patient (id) VALUES (452);
INSERT INTO patients_address (street,house,apartement) VALUES ('Elizabeth st.','73','6');
INSERT INTO medical_history (patient_id,date) VALUES (452,'2019-11-19');
INSERT INTO person (id,first_name,second_name,email,user_login,user_password,sex,date_of_birth,age,permission_level) VALUES (453,'Angel','Edwards','kbush@yahoo.com','lisa24','BGuaXqEnoGsPs','M','2014-01-22',5,4);
INSERT INTO staff_member (id,employed_since,position,salary,room) VALUES (453,'2011-05-09','Pharmasist',20000,70);
INSERT INTO pharmasist (id,education_level,research) VALUES (453,'Bachelor',B'0');
INSERT INTO person (id,first_name,second_name,email,user_login,user_password,sex,date_of_birth,age,permission_level) VALUES (454,'Joseph','Young','xjohnson@yahoo.com','robingarza','tKtmmhrDdcvqpKh','M','1936-12-29',83,4);
INSERT INTO staff_member (id,employed_since,position,salary,room) VALUES (454,'2010-02-26','Reseptionist',15000,56);
INSERT INTO reseptionist (id) VALUES (454);
INSERT INTO languages_spoken (reseptionist_id,language) VALUES (454,'ItalianPortuguesTatarItalianPortugues');
INSERT INTO person (id,first_name,second_name,email,user_login,user_password,sex,date_of_birth,age,permission_level) VALUES (455,'Carla','Frazier','tmorgan@hotmail.com','christophermartin','LCXuoCEOyxf','F','1971-12-25',48,2);
INSERT INTO staff_member (id,employed_since,position,salary,room) VALUES (455,'2017-01-04','Doctor',35000,23);
INSERT INTO doctor (id,speciality,emergency_hours,experience,departement_id,supervisor) VALUES (455,'Geriatric Medicine Specialist',B'1',6,5,417);
INSERT INTO person (id,first_name,second_name,email,user_login,user_password,sex,date_of_birth,age,permission_level) VALUES (456,'Denise','Mitchell','ericstevens@hotmail.com','cfletcher','qvGclBI','F','2003-01-26',16,3);
INSERT INTO staff_member (id,employed_since,position,salary,room) VALUES (456,'2017-07-07','Nurse',25000,6);
INSERT INTO nurse (id,surgery_assistant,preferred_shifts,appointment_assistant,departement_id) VALUES (456,B'1','Day',B'0',8);
INSERT INTO person (id,first_name,second_name,email,user_login,user_password,sex,date_of_birth,age,permission_level) VALUES (457,'Louis','Tapia','xlopez@gmail.com','csilva','hXiblgLiKW','M','1958-05-31',61,3);
INSERT INTO patient (id) VALUES (457);
INSERT INTO patients_address (street,house,apartement) VALUES ('Johnny st.','47','5');
INSERT INTO medical_history (patient_id,date) VALUES (457,'2019-11-22');
INSERT INTO person (id,first_name,second_name,email,user_login,user_password,sex,date_of_birth,age,permission_level) VALUES (458,'Christopher','Ferguson','brownjessica@hotmail.com','abigailmcdonald','gnYcaZiwQzCMCb','M','1937-08-04',82,1);
INSERT INTO staff_member (id,employed_since,position,salary,room) VALUES (458,'2010-10-05','Nurse',25000,3);
INSERT INTO nurse (id,surgery_assistant,preferred_shifts,appointment_assistant,departement_id) VALUES (458,B'1','Night',B'1',10);
INSERT INTO person (id,first_name,second_name,email,user_login,user_password,sex,date_of_birth,age,permission_level) VALUES (459,'Steven','Baker','gyoung@hotmail.com','edward76','kBIvTMfVijxu','M','1964-04-13',55,2);
INSERT INTO staff_member (id,employed_since,position,salary,room) VALUES (459,'2018-12-12','Nurse',25000,8);
INSERT INTO nurse (id,surgery_assistant,preferred_shifts,appointment_assistant,departement_id) VALUES (459,B'0','Night',B'0',1);
INSERT INTO person (id,first_name,second_name,email,user_login,user_password,sex,date_of_birth,age,permission_level) VALUES (460,'Michael','Mathews','georgeburns@gmail.com','sharon12','QTBzkjHYVIf','M','2015-03-07',4,2);
INSERT INTO staff_member (id,employed_since,position,salary,room) VALUES (460,'2012-09-27','Professor',35000,36);
INSERT INTO professor (id,research_topic,surgery_participation,departement_id) VALUES (460,'Neurologist',B'1',16);
INSERT INTO person (id,first_name,second_name,email,user_login,user_password,sex,date_of_birth,age,permission_level) VALUES (461,'Mr.','John','jillbaldwin@hotmail.com','kirsten59','VbiwmsqEI','M','1908-10-28',111,5);
INSERT INTO staff_member (id,employed_since,position,salary,room) VALUES (461,'2015-11-09','HR',30000,65);
INSERT INTO hr (id,selection_responsibility) VALUES (461,'Review');
INSERT INTO person (id,first_name,second_name,email,user_login,user_password,sex,date_of_birth,age,permission_level) VALUES (462,'Philip','Jones','amyjennings@yahoo.com','silvatimothy','GsfdLYijSQKRb','M','1964-10-05',55,5);
INSERT INTO staff_member (id,employed_since,position,salary,room) VALUES (462,'2012-04-18','Nurse',25000,6);
INSERT INTO nurse (id,surgery_assistant,preferred_shifts,appointment_assistant,departement_id) VALUES (462,B'0','Night',B'0',7);
INSERT INTO person (id,first_name,second_name,email,user_login,user_password,sex,date_of_birth,age,permission_level) VALUES (463,'Blake','Gomez','zcastillo@yahoo.com','joseph75','cUYNRHsVZw','M','1953-07-24',66,1);
INSERT INTO staff_member (id,employed_since,position,salary,room) VALUES (463,'2019-07-30','Cleaning Team Worker',10000,54);
INSERT INTO cleaning_team_worker (id,employment_type) VALUES (463,'Full time');
INSERT INTO person (id,first_name,second_name,email,user_login,user_password,sex,date_of_birth,age,permission_level) VALUES (464,'Eric','Terrell','haley57@yahoo.com','sarah11','FFvIQWwySbp','M','1904-09-11',115,1);
INSERT INTO staff_member (id,employed_since,position,salary,room) VALUES (464,'2017-05-07','Nurse',25000,4);
INSERT INTO nurse (id,surgery_assistant,preferred_shifts,appointment_assistant,departement_id) VALUES (464,B'0','Day',B'0',5);
INSERT INTO person (id,first_name,second_name,email,user_login,user_password,sex,date_of_birth,age,permission_level) VALUES (465,'James','Berry','rosemiranda@yahoo.com','darren34','ioUtMaasDxyfOy','M','1946-01-12',73,4);
INSERT INTO staff_member (id,employed_since,position,salary,room) VALUES (465,'2019-04-30','Nurse',25000,10);
INSERT INTO nurse (id,surgery_assistant,preferred_shifts,appointment_assistant,departement_id) VALUES (465,B'1','Day',B'1',1);
INSERT INTO person (id,first_name,second_name,email,user_login,user_password,sex,date_of_birth,age,permission_level) VALUES (466,'Michael','Chambers','uhuynh@gmail.com','lisamartinez','EctrYbVzBYW','M','1915-06-07',104,3);
INSERT INTO staff_member (id,employed_since,position,salary,room) VALUES (466,'2012-12-16','Doctor',35000,13);
INSERT INTO doctor (id,speciality,emergency_hours,experience,departement_id,supervisor) VALUES (466,'Podiatrist',B'0',6,10,406);
INSERT INTO person (id,first_name,second_name,email,user_login,user_password,sex,date_of_birth,age,permission_level) VALUES (467,'Kylie','Turner','kelsey33@gmail.com','julierice','qNoVFrKz','F','1915-06-09',104,5);
INSERT INTO staff_member (id,employed_since,position,salary,room) VALUES (467,'2011-12-04','Professor',35000,38);
INSERT INTO professor (id,research_topic,surgery_participation,departement_id) VALUES (467,'Anesthesiologist',B'0',11);
INSERT INTO person (id,first_name,second_name,email,user_login,user_password,sex,date_of_birth,age,permission_level) VALUES (468,'Larry','Mcguire','campbellsamantha@yahoo.com','morenolynn','euHaqOzwFHYVP','M','1963-10-02',56,2);
INSERT INTO staff_member (id,employed_since,position,salary,room) VALUES (468,'2014-09-24','Lab Technician',15000,49);
INSERT INTO lab_technician (id,education_level,departement_id) VALUES (468,'Magister',6);
INSERT INTO person (id,first_name,second_name,email,user_login,user_password,sex,date_of_birth,age,permission_level) VALUES (469,'Paige','Garcia','victoriasummers@yahoo.com','fsnyder','waHZduTYrgTmi','F','2012-10-19',7,5);
INSERT INTO staff_member (id,employed_since,position,salary,room) VALUES (469,'2012-08-25','Lab Technician',15000,46);
INSERT INTO lab_technician (id,education_level,departement_id) VALUES (469,'Postgraduate',13);
INSERT INTO person (id,first_name,second_name,email,user_login,user_password,sex,date_of_birth,age,permission_level) VALUES (470,'Linda','Lowe','mathewbeard@hotmail.com','hugheslaura','PuLnCfUDh','F','1941-12-08',78,2);
INSERT INTO staff_member (id,employed_since,position,salary,room) VALUES (470,'2019-03-13','IT Specialist',15000,75);
INSERT INTO IT_specialist (id,support_line) VALUES (470,B'0');
INSERT INTO person (id,first_name,second_name,email,user_login,user_password,sex,date_of_birth,age,permission_level) VALUES (471,'Glenn','Beck','suzanne09@yahoo.com','mathew95','rVVjcynXqC','M','1918-09-06',101,2);
INSERT INTO staff_member (id,employed_since,position,salary,room) VALUES (471,'2012-09-21','Cleaning Team Worker',10000,55);
INSERT INTO cleaning_team_worker (id,employment_type) VALUES (471,'Part time');
INSERT INTO person (id,first_name,second_name,email,user_login,user_password,sex,date_of_birth,age,permission_level) VALUES (472,'Scott','Castillo','justinreed@hotmail.com','patricia14','PwzeYDUhJf','M','1944-10-06',75,4);
INSERT INTO staff_member (id,employed_since,position,salary,room) VALUES (472,'2017-04-19','Doctor',35000,22);
INSERT INTO doctor (id,speciality,emergency_hours,experience,departement_id,supervisor) VALUES (472,'Geriatric Medicine Specialist',B'1',1,1,187);
INSERT INTO person (id,first_name,second_name,email,user_login,user_password,sex,date_of_birth,age,permission_level) VALUES (473,'Scott','Quinn','alanwarren@gmail.com','mendezabigail','OyekBVst','M','2015-02-17',4,3);
INSERT INTO patient (id) VALUES (473);
INSERT INTO patients_address (street,house,apartement) VALUES ('Sara st.','79','10');
INSERT INTO medical_history (patient_id,date) VALUES (473,'2019-11-02');
INSERT INTO person (id,first_name,second_name,email,user_login,user_password,sex,date_of_birth,age,permission_level) VALUES (474,'Travis','Smith','sandra91@gmail.com','emilyjohnson','ZmLKhSWNd','M','1921-02-13',98,5);
INSERT INTO staff_member (id,employed_since,position,salary,room) VALUES (474,'2013-05-03','Nurse',25000,8);
INSERT INTO nurse (id,surgery_assistant,preferred_shifts,appointment_assistant,departement_id) VALUES (474,B'1','Night',B'1',16);
INSERT INTO person (id,first_name,second_name,email,user_login,user_password,sex,date_of_birth,age,permission_level) VALUES (475,'Karen','West','theresabartlett@hotmail.com','joshuagardner','lsBaxflENQftFk','F','2019-11-11',0,5);
INSERT INTO staff_member (id,employed_since,position,salary,room) VALUES (475,'2012-12-08','Nurse',25000,7);
INSERT INTO nurse (id,surgery_assistant,preferred_shifts,appointment_assistant,departement_id) VALUES (475,B'0','Night',B'1',13);
INSERT INTO person (id,first_name,second_name,email,user_login,user_password,sex,date_of_birth,age,permission_level) VALUES (476,'Brian','Lopez','hannah53@gmail.com','ucowan','fIMgSdeAc','M','1966-01-13',53,4);
INSERT INTO staff_member (id,employed_since,position,salary,room) VALUES (476,'2011-03-29','HR',30000,65);
INSERT INTO hr (id,selection_responsibility) VALUES (476,'Interview');
INSERT INTO person (id,first_name,second_name,email,user_login,user_password,sex,date_of_birth,age,permission_level) VALUES (477,'Joshua','Price','elizabethmurphy@hotmail.com','michaelharris','fnGSnSBd','M','1909-01-06',110,3);
INSERT INTO staff_member (id,employed_since,position,salary,room) VALUES (477,'2019-02-04','Lab Technician',15000,42);
INSERT INTO lab_technician (id,education_level,departement_id) VALUES (477,'Postgraduate',18);
INSERT INTO person (id,first_name,second_name,email,user_login,user_password,sex,date_of_birth,age,permission_level) VALUES (478,'Mikayla','Vazquez','uallen@gmail.com','rarnold','wjqtvXb','F','2012-01-29',7,4);
INSERT INTO staff_member (id,employed_since,position,salary,room) VALUES (478,'2014-09-20','Doctor',35000,12);
INSERT INTO doctor (id,speciality,emergency_hours,experience,departement_id,supervisor) VALUES (478,'Geriatric Medicine Specialist',B'1',4,13,193);
INSERT INTO person (id,first_name,second_name,email,user_login,user_password,sex,date_of_birth,age,permission_level) VALUES (479,'Denise','Miller','martinsharon@yahoo.com','bbrown','MTRiDwqSTXXbXT','F','1972-09-17',47,3);
INSERT INTO patient (id) VALUES (479);
INSERT INTO patients_address (street,house,apartement) VALUES ('Noah st.','56','2');
INSERT INTO medical_history (patient_id,date) VALUES (479,'2019-10-31');
INSERT INTO person (id,first_name,second_name,email,user_login,user_password,sex,date_of_birth,age,permission_level) VALUES (480,'Alyssa','Davis','melissabest@hotmail.com','dunnsandra','TDjWlfyrBeEHglT','F','1916-07-25',103,3);
INSERT INTO staff_member (id,employed_since,position,salary,room) VALUES (480,'2015-06-04','Pharmasist',20000,68);
INSERT INTO pharmasist (id,education_level,research) VALUES (480,'PhD',B'0');
INSERT INTO person (id,first_name,second_name,email,user_login,user_password,sex,date_of_birth,age,permission_level) VALUES (481,'Jacob','Crane','michael30@hotmail.com','clarkrebecca','EaWJOfYRg','M','1921-08-02',98,1);
INSERT INTO patient (id) VALUES (481);
INSERT INTO patients_address (street,house,apartement) VALUES ('Joshua st.','13','7');
INSERT INTO medical_history (patient_id,date) VALUES (481,'2019-10-29');
INSERT INTO person (id,first_name,second_name,email,user_login,user_password,sex,date_of_birth,age,permission_level) VALUES (482,'Jacob','Neal','robert21@gmail.com','dlewis','lbqkVQGlhXJRAgO','M','2014-08-14',5,5);
INSERT INTO staff_member (id,employed_since,position,salary,room) VALUES (482,'2018-01-29','Lab Technician',15000,45);
INSERT INTO lab_technician (id,education_level,departement_id) VALUES (482,'Bachelor',6);
INSERT INTO person (id,first_name,second_name,email,user_login,user_password,sex,date_of_birth,age,permission_level) VALUES (483,'Matthew','Davis','rileyjanet@hotmail.com','jesus94','uzllIPxZvHiAH','M','1956-11-09',63,2);
INSERT INTO staff_member (id,employed_since,position,salary,room) VALUES (483,'2014-01-25','Security Team Member',10000,63);
INSERT INTO security_team_member (id,shifts,physical_test_grade) VALUES (483,'Day','C');
INSERT INTO person (id,first_name,second_name,email,user_login,user_password,sex,date_of_birth,age,permission_level) VALUES (484,'Robert','Thornton','wrussell@hotmail.com','jonathan22','TcvXNFZxsMyQ','M','1993-11-22',26,2);
INSERT INTO patient (id) VALUES (484);
INSERT INTO patients_address (street,house,apartement) VALUES ('Joanna st.','90','8');
INSERT INTO medical_history (patient_id,date) VALUES (484,'2019-11-12');
INSERT INTO person (id,first_name,second_name,email,user_login,user_password,sex,date_of_birth,age,permission_level) VALUES (485,'James','Hurst','carteralexis@yahoo.com','jonathan34','CniKQcODDvMD','M','1938-05-08',81,2);
INSERT INTO staff_member (id,employed_since,position,salary,room) VALUES (485,'2018-09-25','Doctor',35000,21);
INSERT INTO doctor (id,speciality,emergency_hours,experience,departement_id,supervisor) VALUES (485,'Critical Care Medicine Specialist',B'0',8,16,258);
INSERT INTO person (id,first_name,second_name,email,user_login,user_password,sex,date_of_birth,age,permission_level) VALUES (486,'Michael','Bennett','ydiaz@gmail.com','folson','CtpBXjHJFI','M','1981-11-14',38,3);
INSERT INTO staff_member (id,employed_since,position,salary,room) VALUES (486,'2018-03-17','Nurse',25000,5);
INSERT INTO nurse (id,surgery_assistant,preferred_shifts,appointment_assistant,departement_id) VALUES (486,B'0','Night',B'1',15);
INSERT INTO person (id,first_name,second_name,email,user_login,user_password,sex,date_of_birth,age,permission_level) VALUES (487,'Mike','Shea','michael37@yahoo.com','knappbethany','FgtFrxF','M','1933-12-16',86,4);
INSERT INTO staff_member (id,employed_since,position,salary,room) VALUES (487,'2016-02-29','Pharmasist',20000,70);
INSERT INTO pharmasist (id,education_level,research) VALUES (487,'PhD',B'0');
INSERT INTO person (id,first_name,second_name,email,user_login,user_password,sex,date_of_birth,age,permission_level) VALUES (488,'Joseph','Thompson','jerry98@yahoo.com','brittanyallison','AheACIbq','M','1987-06-03',32,3);
INSERT INTO patient (id) VALUES (488);
INSERT INTO patients_address (street,house,apartement) VALUES ('Megan st.','49','4');
INSERT INTO medical_history (patient_id,date) VALUES (488,'2019-10-22');
INSERT INTO person (id,first_name,second_name,email,user_login,user_password,sex,date_of_birth,age,permission_level) VALUES (489,'Michael','Johns','mbryant@hotmail.com','jclark','gbPizRtBIjn','M','1998-10-17',21,1);
INSERT INTO staff_member (id,employed_since,position,salary,room) VALUES (489,'2016-01-14','Doctor',35000,12);
INSERT INTO doctor (id,speciality,emergency_hours,experience,departement_id,supervisor) VALUES (489,'Neurologist',B'1',3,18,140);
INSERT INTO person (id,first_name,second_name,email,user_login,user_password,sex,date_of_birth,age,permission_level) VALUES (490,'Tiffany','Gross','matthewbrady@gmail.com','james21','qYXWWyvYHGpKY','F','1970-11-07',49,1);
INSERT INTO patient (id) VALUES (490);
INSERT INTO patients_address (street,house,apartement) VALUES ('Joshua st.','87','2');
INSERT INTO medical_history (patient_id,date) VALUES (490,'2019-11-05');
INSERT INTO person (id,first_name,second_name,email,user_login,user_password,sex,date_of_birth,age,permission_level) VALUES (491,'Courtney','Nash','adamswalter@gmail.com','brooksdaniel','FvnKxsPkwAlY','F','1960-04-06',59,4);
INSERT INTO staff_member (id,employed_since,position,salary,room) VALUES (491,'2018-07-26','Nurse',25000,6);
INSERT INTO nurse (id,surgery_assistant,preferred_shifts,appointment_assistant,departement_id) VALUES (491,B'0','Night',B'1',8);
INSERT INTO person (id,first_name,second_name,email,user_login,user_password,sex,date_of_birth,age,permission_level) VALUES (492,'Jessica','Turner','carpenterlori@yahoo.com','romerovanessa','yBwyDVhAuf','F','1959-03-28',60,1);
INSERT INTO staff_member (id,employed_since,position,salary,room) VALUES (492,'2013-07-17','Nurse',25000,8);
INSERT INTO nurse (id,surgery_assistant,preferred_shifts,appointment_assistant,departement_id) VALUES (492,B'1','Day',B'0',15);
INSERT INTO person (id,first_name,second_name,email,user_login,user_password,sex,date_of_birth,age,permission_level) VALUES (493,'Stephanie','Hahn','hortonjustin@gmail.com','martinezmichelle','EupGcXOmGGnnV','F','2017-08-30',2,4);
INSERT INTO patient (id) VALUES (493);
INSERT INTO patients_address (street,house,apartement) VALUES ('Adam st.','30','9');
INSERT INTO medical_history (patient_id,date) VALUES (493,'2019-11-10');
INSERT INTO person (id,first_name,second_name,email,user_login,user_password,sex,date_of_birth,age,permission_level) VALUES (494,'Gabrielle','Diaz','chadalexander@gmail.com','vanessabrown','oeyrOXwXiCyz','F','2015-02-20',4,3);
INSERT INTO patient (id) VALUES (494);
INSERT INTO patients_address (street,house,apartement) VALUES ('Robert st.','73','4');
INSERT INTO medical_history (patient_id,date) VALUES (494,'2019-11-16');
INSERT INTO person (id,first_name,second_name,email,user_login,user_password,sex,date_of_birth,age,permission_level) VALUES (495,'Robert','Aguirre','philip59@yahoo.com','sstanley','NrHDuziD','M','2017-03-13',2,2);
INSERT INTO patient (id) VALUES (495);
INSERT INTO patients_address (street,house,apartement) VALUES ('William st.','97','2');
INSERT INTO medical_history (patient_id,date) VALUES (495,'2019-11-14');
INSERT INTO person (id,first_name,second_name,email,user_login,user_password,sex,date_of_birth,age,permission_level) VALUES (496,'Theresa','Freeman','markschwartz@gmail.com','rebecca24','QRXDmXRQS','F','1917-03-21',102,5);
INSERT INTO staff_member (id,employed_since,position,salary,room) VALUES (496,'2012-09-10','Lab Technician',15000,47);
INSERT INTO lab_technician (id,education_level,departement_id) VALUES (496,'Postgraduate',6);
INSERT INTO person (id,first_name,second_name,email,user_login,user_password,sex,date_of_birth,age,permission_level) VALUES (497,'Tommy','Daniel','xjohnson@yahoo.com','ghall','TeOvgkvUy','M','1942-10-11',77,1);
INSERT INTO staff_member (id,employed_since,position,salary,room) VALUES (497,'2013-08-25','Reseptionist',15000,56);
INSERT INTO reseptionist (id) VALUES (497);
INSERT INTO languages_spoken (reseptionist_id,language) VALUES (497,'ArabicArabicPortuguesItalianEnglish');
INSERT INTO person (id,first_name,second_name,email,user_login,user_password,sex,date_of_birth,age,permission_level) VALUES (498,'David','Leonard','salinasgloria@hotmail.com','sabrinahendricks','GeEVCHxxCRAZCE','M','2008-12-07',11,3);
INSERT INTO staff_member (id,employed_since,position,salary,room) VALUES (498,'2012-01-31','Nurse',25000,5);
INSERT INTO nurse (id,surgery_assistant,preferred_shifts,appointment_assistant,departement_id) VALUES (498,B'1','Night',B'1',6);
INSERT INTO person (id,first_name,second_name,email,user_login,user_password,sex,date_of_birth,age,permission_level) VALUES (499,'Theresa','Reeves','crystal79@gmail.com','zschmidt','zsHdccxZIwXY','F','1956-10-13',63,1);
INSERT INTO staff_member (id,employed_since,position,salary,room) VALUES (499,'2017-02-05','Nurse',25000,4);
INSERT INTO nurse (id,surgery_assistant,preferred_shifts,appointment_assistant,departement_id) VALUES (499,B'1','Day',B'0',6);
INSERT INTO person (id,first_name,second_name,email,user_login,user_password,sex,date_of_birth,age,permission_level) VALUES (500,'Richard','Johnson','duncanwilliam@hotmail.com','benjamin41','DAXbrJVUo','M','2006-01-27',13,3);
INSERT INTO staff_member (id,employed_since,position,salary,room) VALUES (500,'2014-08-11','Nurse',25000,7);
INSERT INTO nurse (id,surgery_assistant,preferred_shifts,appointment_assistant,departement_id) VALUES (500,B'0','Night',B'1',15);