
INSERT INTO person (id,first_name,second_name,email,user_login,user_password,sex,date_of_birth,age,permission_level) VALUES (1,'Amanda','Salas','christinaalvarez@hotmail.com','jamiebishop','ryRBKREh','F','1939-04-24',80,5);
INSERT INTO staff_member (id,employed_since,position,salary,room) VALUES (1,'2014-03-28','Head Doctor',100000,1);
INSERT INTO head_doctor (id,primary_speciality) VALUES (1,'Oncologist');
INSERT INTO person (id,first_name,second_name,email,user_login,user_password,sex,date_of_birth,age,permission_level) VALUES (2,'Angela','Mcmillan','wellstimothy@hotmail.com','gpierce','xpITqSnfa','F','2019-02-13',0,4);
INSERT INTO staff_member (id,employed_since,position,salary,room) VALUES (2,'2012-11-29','Head Nurse',80000,2);
INSERT INTO head_nurse (id,surgery_assistant) VALUES (2,B'1');
INSERT INTO person (id,first_name,second_name,email,user_login,user_password,sex,date_of_birth,age,permission_level) VALUES (3,'Matthew','Morrison','ystone@yahoo.com','williamstracy','tsyOBAjVuStCI','M','1931-06-13',88,2);
INSERT INTO patient (id) VALUES (3);
INSERT INTO patients_address (street,house,apartement) VALUES ('Lisa st.','31','6');
INSERT INTO medical_history (patient_id,date) VALUES (3,'2019-10-24');
INSERT INTO person (id,first_name,second_name,email,user_login,user_password,sex,date_of_birth,age,permission_level) VALUES (4,'Melissa','Hernandez','cindycox@gmail.com','michael34','kylMcKlzr','F','2008-09-27',11,5);
INSERT INTO staff_member (id,employed_since,position,salary,room) VALUES (4,'2010-08-28','Nurse',25000,7);
INSERT INTO nurse (id,surgery_assistant,preferred_shifts,appointment_assistant,departement_id) VALUES (4,B'1','Night',B'0',14);
INSERT INTO person (id,first_name,second_name,email,user_login,user_password,sex,date_of_birth,age,permission_level) VALUES (5,'Carrie','Mitchell','andrearoberson@hotmail.com','eflores','STtmTjw','F','1915-07-29',104,3);
INSERT INTO staff_member (id,employed_since,position,salary,room) VALUES (5,'2013-04-09','Doctor',35000,21);
INSERT INTO doctor (id,speciality,emergency_hours,experience,departement_id) VALUES (5,'Colon Surgeon',B'1',2,7);
INSERT INTO person (id,first_name,second_name,email,user_login,user_password,sex,date_of_birth,age,permission_level) VALUES (6,'Alex','Allen','bowencole@yahoo.com','riverakevin','cURvBVnHb','M','1987-12-08',32,4);
INSERT INTO patient (id) VALUES (6);
INSERT INTO patients_address (street,house,apartement) VALUES ('Zachary st.','49','8');
INSERT INTO medical_history (patient_id,date) VALUES (6,'2019-11-23');
INSERT INTO person (id,first_name,second_name,email,user_login,user_password,sex,date_of_birth,age,permission_level) VALUES (7,'Stephanie','Bennett','iwilliams@yahoo.com','steven57','IhwqIurVYTdvt','F','1977-07-14',42,4);
INSERT INTO staff_member (id,employed_since,position,salary,room) VALUES (7,'2017-06-13','Nurse',25000,5);
INSERT INTO nurse (id,surgery_assistant,preferred_shifts,appointment_assistant,departement_id) VALUES (7,B'1','Night',B'1',11);
INSERT INTO person (id,first_name,second_name,email,user_login,user_password,sex,date_of_birth,age,permission_level) VALUES (8,'Steven','Torres','anthonylucas@gmail.com','mary48','HnFbBXdTXvK','M','2012-11-07',7,1);
INSERT INTO patient (id) VALUES (8);
INSERT INTO patients_address (street,house,apartement) VALUES ('Anne st.','59','10');
INSERT INTO medical_history (patient_id,date) VALUES (8,'2019-11-19');
INSERT INTO person (id,first_name,second_name,email,user_login,user_password,sex,date_of_birth,age,permission_level) VALUES (9,'John','Baker','warrenbrandon@hotmail.com','wilsondaniel','SIrjPlzxCWINPJI','M','1954-05-19',65,1);
INSERT INTO staff_member (id,employed_since,position,salary,room) VALUES (9,'2010-10-05','Doctor',35000,19);
INSERT INTO doctor (id,speciality,emergency_hours,experience,departement_id,supervisor) VALUES (9,'Gastroenterologist',B'0',5,14,5);
INSERT INTO person (id,first_name,second_name,email,user_login,user_password,sex,date_of_birth,age,permission_level) VALUES (10,'Stephanie','Gutierrez','elizabethguzman@gmail.com','jonathannunez','pSIptCPOLVh','F','1959-04-07',60,5);
INSERT INTO staff_member (id,employed_since,position,salary,room) VALUES (10,'2017-05-22','Doctor',35000,20);
INSERT INTO doctor (id,speciality,emergency_hours,experience,departement_id,supervisor) VALUES (10,'Hematologist',B'0',9,12,5);
INSERT INTO person (id,first_name,second_name,email,user_login,user_password,sex,date_of_birth,age,permission_level) VALUES (11,'Bryce','Flowers','allison56@hotmail.com','mendozanicholas','JfhmIdr','M','1923-07-10',96,2);
INSERT INTO staff_member (id,employed_since,position,salary,room) VALUES (11,'2012-11-01','Doctor',35000,28);
INSERT INTO doctor (id,speciality,emergency_hours,experience,departement_id,supervisor) VALUES (11,'Geriatric Medicine Specialist',B'1',6,7,10);
INSERT INTO person (id,first_name,second_name,email,user_login,user_password,sex,date_of_birth,age,permission_level) VALUES (12,'Christine','Smith','cynthia57@gmail.com','zmorales','LJnsYGggtP','F','1908-05-23',111,3);
INSERT INTO staff_member (id,employed_since,position,salary,room) VALUES (12,'2018-12-18','Doctor',35000,13);
INSERT INTO doctor (id,speciality,emergency_hours,experience,departement_id,supervisor) VALUES (12,'Allergist',B'1',10,8,5);
INSERT INTO person (id,first_name,second_name,email,user_login,user_password,sex,date_of_birth,age,permission_level) VALUES (13,'Mercedes','Johnson','mitchellbeth@hotmail.com','jeremysmith','LSLqRBAirEJf','F','1995-06-27',24,3);
INSERT INTO staff_member (id,employed_since,position,salary,room) VALUES (13,'2013-12-07','Nurse',25000,3);
INSERT INTO nurse (id,surgery_assistant,preferred_shifts,appointment_assistant,departement_id) VALUES (13,B'1','Day',B'1',6);
INSERT INTO person (id,first_name,second_name,email,user_login,user_password,sex,date_of_birth,age,permission_level) VALUES (14,'Justin','Bailey','christopher54@yahoo.com','judithmitchell','XcexvjBLNukf','M','1948-10-27',71,5);
INSERT INTO staff_member (id,employed_since,position,salary,room) VALUES (14,'2016-06-20','Doctor',35000,29);
INSERT INTO doctor (id,speciality,emergency_hours,experience,departement_id,supervisor) VALUES (14,'Emergency Medicine Specialist',B'1',9,7,10);
INSERT INTO person (id,first_name,second_name,email,user_login,user_password,sex,date_of_birth,age,permission_level) VALUES (15,'Matthew','Hughes','michael77@hotmail.com','kennedybrad','gwzvYvujHNZ','M','2014-01-24',5,4);
INSERT INTO staff_member (id,employed_since,position,salary,room) VALUES (15,'2019-01-13','Professor',35000,40);
INSERT INTO professor (id,research_topic,surgery_participation,departement_id) VALUES (15,'Critical Care Medicine Specialist',B'1',15);
INSERT INTO person (id,first_name,second_name,email,user_login,user_password,sex,date_of_birth,age,permission_level) VALUES (16,'Kendra','Garcia','qbrewer@gmail.com','christopherhicks','BywVbsfmMvCdgm','F','1956-02-26',63,2);
INSERT INTO staff_member (id,employed_since,position,salary,room) VALUES (16,'2011-07-22','IT Specialist',15000,74);
INSERT INTO IT_specialist (id,support_line) VALUES (16,B'0');
INSERT INTO person (id,first_name,second_name,email,user_login,user_password,sex,date_of_birth,age,permission_level) VALUES (17,'Shelby','Diaz','brittanycook@gmail.com','jluna','bHIXxQCvG','F','1912-05-11',107,5);
INSERT INTO staff_member (id,employed_since,position,salary,room) VALUES (17,'2019-08-20','Cleaning Team Worker',10000,54);
INSERT INTO cleaning_team_worker (id,employment_type) VALUES (17,'Part time');
INSERT INTO person (id,first_name,second_name,email,user_login,user_password,sex,date_of_birth,age,permission_level) VALUES (18,'William','Montgomery','dthomas@yahoo.com','williamramirez','sNoVazgkKWRq','M','1981-04-03',38,5);
INSERT INTO staff_member (id,employed_since,position,salary,room) VALUES (18,'2014-08-02','Doctor',35000,19);
INSERT INTO doctor (id,speciality,emergency_hours,experience,departement_id,supervisor) VALUES (18,'Anesthesiologist',B'1',6,16,10);
INSERT INTO person (id,first_name,second_name,email,user_login,user_password,sex,date_of_birth,age,permission_level) VALUES (19,'Kathryn','Snyder','susanmeadows@gmail.com','erin51','ooHUeJIE','F','1988-04-22',31,2);
INSERT INTO staff_member (id,employed_since,position,salary,room) VALUES (19,'2017-04-03','Nurse',25000,8);
INSERT INTO nurse (id,surgery_assistant,preferred_shifts,appointment_assistant,departement_id) VALUES (19,B'0','Night',B'1',14);
INSERT INTO person (id,first_name,second_name,email,user_login,user_password,sex,date_of_birth,age,permission_level) VALUES (20,'Joshua','Kaufman','lburns@yahoo.com','kimberly95','THOSlvWQqvUsYH','M','1933-12-14',86,5);
INSERT INTO staff_member (id,employed_since,position,salary,room) VALUES (20,'2017-12-07','Nurse',25000,10);
INSERT INTO nurse (id,surgery_assistant,preferred_shifts,appointment_assistant,departement_id) VALUES (20,B'1','Night',B'1',6);
INSERT INTO person (id,first_name,second_name,email,user_login,user_password,sex,date_of_birth,age,permission_level) VALUES (21,'Brooke','Robbins','mlee@hotmail.com','stephanie48','XCxAqGJxRgD','F','1926-10-23',93,2);
INSERT INTO staff_member (id,employed_since,position,salary,room) VALUES (21,'2013-06-13','HR',30000,65);
INSERT INTO hr (id,selection_responsibility) VALUES (21,'Review');
INSERT INTO person (id,first_name,second_name,email,user_login,user_password,sex,date_of_birth,age,permission_level) VALUES (22,'Jacob','Bauer','cassandragilmore@hotmail.com','tiffanymcgrath','iXUwhiOyq','M','1920-09-01',99,5);
INSERT INTO staff_member (id,employed_since,position,salary,room) VALUES (22,'2016-10-01','Maintanence Worker',15000,59);
INSERT INTO maintanence_worker (id,employment_type,speciality) VALUES (22,'Part time','Furniture');
INSERT INTO person (id,first_name,second_name,email,user_login,user_password,sex,date_of_birth,age,permission_level) VALUES (23,'Pamela','Pruitt','michael34@hotmail.com','parkerryan','mvCAWPS','F','2015-12-13',4,5);
INSERT INTO patient (id) VALUES (23);
INSERT INTO patients_address (street,house,apartement) VALUES ('Andre st.','38','3');
INSERT INTO medical_history (patient_id,date) VALUES (23,'2019-10-19');
INSERT INTO person (id,first_name,second_name,email,user_login,user_password,sex,date_of_birth,age,permission_level) VALUES (24,'Teresa','Jones','tina76@yahoo.com','masonelizabeth','VwSdjsYk','F','1981-02-12',38,4);
INSERT INTO staff_member (id,employed_since,position,salary,room) VALUES (24,'2015-06-09','Nurse',25000,6);
INSERT INTO nurse (id,surgery_assistant,preferred_shifts,appointment_assistant,departement_id) VALUES (24,B'1','Night',B'0',5);
INSERT INTO person (id,first_name,second_name,email,user_login,user_password,sex,date_of_birth,age,permission_level) VALUES (25,'Nathaniel','Avila','fbenson@gmail.com','joel90','SsjbZid','M','1989-08-31',30,2);
INSERT INTO patient (id) VALUES (25);
INSERT INTO patients_address (street,house,apartement) VALUES ('Charles st.','40','10');
INSERT INTO medical_history (patient_id,date) VALUES (25,'2019-11-16');
INSERT INTO person (id,first_name,second_name,email,user_login,user_password,sex,date_of_birth,age,permission_level) VALUES (26,'Wendy','Reynolds','timothy17@hotmail.com','cpowers','pJzmgqcLJDOOg','F','1990-01-19',29,4);
INSERT INTO staff_member (id,employed_since,position,salary,room) VALUES (26,'2016-09-14','Security Team Member',10000,61);
INSERT INTO security_team_member (id,shifts,physical_test_grade) VALUES (26,'Day','A');
INSERT INTO person (id,first_name,second_name,email,user_login,user_password,sex,date_of_birth,age,permission_level) VALUES (27,'Patricia','Reed','kathyjimenez@yahoo.com','uflores','ZsTpUlzLhL','F','2004-06-04',15,5);
INSERT INTO staff_member (id,employed_since,position,salary,room) VALUES (27,'2013-06-20','Nurse',25000,7);
INSERT INTO nurse (id,surgery_assistant,preferred_shifts,appointment_assistant,departement_id) VALUES (27,B'1','Night',B'0',16);
INSERT INTO person (id,first_name,second_name,email,user_login,user_password,sex,date_of_birth,age,permission_level) VALUES (28,'Steven','Cooper','greenshawn@hotmail.com','michaeljones','MtAsZOJC','M','1991-08-04',28,2);
INSERT INTO staff_member (id,employed_since,position,salary,room) VALUES (28,'2018-07-17','Cook',15000,72);
INSERT INTO cook (id,experience) VALUES (28,3);
INSERT INTO person (id,first_name,second_name,email,user_login,user_password,sex,date_of_birth,age,permission_level) VALUES (29,'Robert','Meyer','juansantos@hotmail.com','william12','rjnWyyq','M','2009-10-31',10,1);
INSERT INTO staff_member (id,employed_since,position,salary,room) VALUES (29,'2010-06-07','Professor',35000,33);
INSERT INTO professor (id,research_topic,surgery_participation,departement_id) VALUES (29,'Podiatrist',B'1',5);
INSERT INTO person (id,first_name,second_name,email,user_login,user_password,sex,date_of_birth,age,permission_level) VALUES (30,'Michael','Beltran','riverajulia@yahoo.com','jenningsjerome','RkyZkNaky','M','1930-10-15',89,2);
INSERT INTO staff_member (id,employed_since,position,salary,room) VALUES (30,'2012-10-08','Professor',35000,31);
INSERT INTO professor (id,research_topic,surgery_participation,departement_id) VALUES (30,'Podiatrist',B'0',5);
INSERT INTO person (id,first_name,second_name,email,user_login,user_password,sex,date_of_birth,age,permission_level) VALUES (31,'Cody','Brown','brett39@yahoo.com','hbarber','xdJdxpw','M','1941-10-01',78,2);
INSERT INTO staff_member (id,employed_since,position,salary,room) VALUES (31,'2019-07-11','Nurse',25000,4);
INSERT INTO nurse (id,surgery_assistant,preferred_shifts,appointment_assistant,departement_id) VALUES (31,B'0','Night',B'1',14);
INSERT INTO person (id,first_name,second_name,email,user_login,user_password,sex,date_of_birth,age,permission_level) VALUES (32,'Amber','Lopez','aarondeleon@gmail.com','nicole62','zEUDjxPvq','F','1992-12-10',27,1);
INSERT INTO staff_member (id,employed_since,position,salary,room) VALUES (32,'2010-01-16','Doctor',35000,30);
INSERT INTO doctor (id,speciality,emergency_hours,experience,departement_id,supervisor) VALUES (32,'Emergency Medicine Specialist',B'1',6,2,11);
INSERT INTO person (id,first_name,second_name,email,user_login,user_password,sex,date_of_birth,age,permission_level) VALUES (33,'Joshua','Brooks','dakotacunningham@yahoo.com','lisa18','ELBpkqvt','M','1931-02-15',88,2);
INSERT INTO staff_member (id,employed_since,position,salary,room) VALUES (33,'2014-02-14','HR',30000,65);
INSERT INTO hr (id,selection_responsibility) VALUES (33,'Interview');
INSERT INTO person (id,first_name,second_name,email,user_login,user_password,sex,date_of_birth,age,permission_level) VALUES (34,'Alexandria','Murray','thomassmith@gmail.com','danielmcdaniel','xDkgiaPunTI','F','1993-08-25',26,1);
INSERT INTO staff_member (id,employed_since,position,salary,room) VALUES (34,'2016-11-22','Nurse',25000,5);
INSERT INTO nurse (id,surgery_assistant,preferred_shifts,appointment_assistant,departement_id) VALUES (34,B'0','Day',B'1',14);
INSERT INTO person (id,first_name,second_name,email,user_login,user_password,sex,date_of_birth,age,permission_level) VALUES (35,'Anthony','Cole','amandajohnson@hotmail.com','andrea78','ikZXyuTFHWRQZXF','M','2013-12-31',6,4);
INSERT INTO staff_member (id,employed_since,position,salary,room) VALUES (35,'2011-07-17','Cook',15000,72);
INSERT INTO cook (id,experience) VALUES (35,8);
INSERT INTO person (id,first_name,second_name,email,user_login,user_password,sex,date_of_birth,age,permission_level) VALUES (36,'Ashley','Case','natalie77@hotmail.com','floresstephanie','kATfVZr','F','1912-02-08',107,3);
INSERT INTO staff_member (id,employed_since,position,salary,room) VALUES (36,'2017-09-15','Nurse',25000,4);
INSERT INTO nurse (id,surgery_assistant,preferred_shifts,appointment_assistant,departement_id) VALUES (36,B'1','Night',B'0',14);
INSERT INTO person (id,first_name,second_name,email,user_login,user_password,sex,date_of_birth,age,permission_level) VALUES (37,'John','Ramirez','warnerjennifer@hotmail.com','seanburns','GqGCkzM','M','1983-06-03',36,2);
INSERT INTO staff_member (id,employed_since,position,salary,room) VALUES (37,'2016-08-01','Pharmasist',20000,69);
INSERT INTO pharmasist (id,education_level,research) VALUES (37,'PhD',B'1');
INSERT INTO person (id,first_name,second_name,email,user_login,user_password,sex,date_of_birth,age,permission_level) VALUES (38,'Vanessa','Harper','carrie37@hotmail.com','jacquelinereyes','LUeWFNyyMWKrZI','F','1924-12-18',95,4);
INSERT INTO staff_member (id,employed_since,position,salary,room) VALUES (38,'2015-09-14','Security Team Member',10000,61);
INSERT INTO security_team_member (id,shifts,physical_test_grade) VALUES (38,'Day','C');
INSERT INTO person (id,first_name,second_name,email,user_login,user_password,sex,date_of_birth,age,permission_level) VALUES (39,'Mr.','Joseph','deanwayne@yahoo.com','jasmine05','FsBLKgtX','M','1912-09-18',107,3);
INSERT INTO staff_member (id,employed_since,position,salary,room) VALUES (39,'2018-08-03','Doctor',35000,25);
INSERT INTO doctor (id,speciality,emergency_hours,experience,departement_id,supervisor) VALUES (39,'Pulmonologist',B'1',2,16,11);
INSERT INTO person (id,first_name,second_name,email,user_login,user_password,sex,date_of_birth,age,permission_level) VALUES (40,'John','Miller','jonathan71@gmail.com','heathergalloway','rDaOxKmUlT','M','1917-03-06',102,1);
INSERT INTO staff_member (id,employed_since,position,salary,room) VALUES (40,'2017-12-14','Nurse',25000,8);
INSERT INTO nurse (id,surgery_assistant,preferred_shifts,appointment_assistant,departement_id) VALUES (40,B'0','Night',B'1',12);
INSERT INTO person (id,first_name,second_name,email,user_login,user_password,sex,date_of_birth,age,permission_level) VALUES (41,'David','Montoya','palmerkelly@hotmail.com','castilloedward','xcBaqphbM','M','1959-07-01',60,2);
INSERT INTO staff_member (id,employed_since,position,salary,room) VALUES (41,'2016-03-27','Doctor',35000,12);
INSERT INTO doctor (id,speciality,emergency_hours,experience,departement_id,supervisor) VALUES (41,'Neurologist',B'0',3,6,39);
INSERT INTO person (id,first_name,second_name,email,user_login,user_password,sex,date_of_birth,age,permission_level) VALUES (42,'Christine','Foley','nicole71@gmail.com','sylvia78','IewwRhFgIVflna','F','1984-11-27',35,2);
INSERT INTO staff_member (id,employed_since,position,salary,room) VALUES (42,'2018-05-31','Nurse',25000,10);
INSERT INTO nurse (id,surgery_assistant,preferred_shifts,appointment_assistant,departement_id) VALUES (42,B'1','Day',B'0',13);
INSERT INTO person (id,first_name,second_name,email,user_login,user_password,sex,date_of_birth,age,permission_level) VALUES (43,'Gary','Mills','kristina27@yahoo.com','lauren87','GDovAmMZcJFTh','M','1916-04-25',103,1);
INSERT INTO staff_member (id,employed_since,position,salary,room) VALUES (43,'2013-12-14','Doctor',35000,14);
INSERT INTO doctor (id,speciality,emergency_hours,experience,departement_id,supervisor) VALUES (43,'Podiatrist',B'1',7,4,18);
INSERT INTO person (id,first_name,second_name,email,user_login,user_password,sex,date_of_birth,age,permission_level) VALUES (44,'Maria','Allen','johnshepherd@gmail.com','cgeorge','fNCwtcC','F','1938-03-06',81,5);
INSERT INTO staff_member (id,employed_since,position,salary,room) VALUES (44,'2010-02-17','Cleaning Team Worker',10000,55);
INSERT INTO cleaning_team_worker (id,employment_type) VALUES (44,'Part time');
INSERT INTO person (id,first_name,second_name,email,user_login,user_password,sex,date_of_birth,age,permission_level) VALUES (45,'Brenda','Potts','tammy02@gmail.com','gregory73','WiZnHAsun','F','1986-08-04',33,4);
INSERT INTO patient (id) VALUES (45);
INSERT INTO patients_address (street,house,apartement) VALUES ('Angela st.','49','7');
INSERT INTO medical_history (patient_id,date) VALUES (45,'2019-10-25');
INSERT INTO person (id,first_name,second_name,email,user_login,user_password,sex,date_of_birth,age,permission_level) VALUES (46,'Jennifer','Gonzalez','danielsmith@hotmail.com','michealcisneros','uPxEqiuoMXRWci','F','1983-01-12',36,2);
INSERT INTO staff_member (id,employed_since,position,salary,room) VALUES (46,'2013-08-24','Nurse',25000,9);
INSERT INTO nurse (id,surgery_assistant,preferred_shifts,appointment_assistant,departement_id) VALUES (46,B'1','Night',B'0',4);
INSERT INTO person (id,first_name,second_name,email,user_login,user_password,sex,date_of_birth,age,permission_level) VALUES (47,'James','Coleman','xbryant@gmail.com','tammyglover','xxynjngWmHdmiE','M','2015-07-18',4,1);
INSERT INTO staff_member (id,employed_since,position,salary,room) VALUES (47,'2017-01-21','Professor',35000,37);
INSERT INTO professor (id,research_topic,surgery_participation,departement_id) VALUES (47,'Infectious Disease Specialist',B'0',7);
INSERT INTO person (id,first_name,second_name,email,user_login,user_password,sex,date_of_birth,age,permission_level) VALUES (48,'Randy','Williams','brian41@gmail.com','daniel20','DzAAAuibhBevB','M','1980-08-11',39,5);
INSERT INTO staff_member (id,employed_since,position,salary,room) VALUES (48,'2014-05-05','Nurse',25000,9);
INSERT INTO nurse (id,surgery_assistant,preferred_shifts,appointment_assistant,departement_id) VALUES (48,B'1','Day',B'0',5);
INSERT INTO person (id,first_name,second_name,email,user_login,user_password,sex,date_of_birth,age,permission_level) VALUES (49,'Caroline','Torres','mitchellward@gmail.com','robertbrown','EjeuRFhJLEdXmJ','F','1967-07-17',52,1);
INSERT INTO staff_member (id,employed_since,position,salary,room) VALUES (49,'2017-01-04','Nurse',25000,5);
INSERT INTO nurse (id,surgery_assistant,preferred_shifts,appointment_assistant,departement_id) VALUES (49,B'0','Day',B'1',7);
INSERT INTO person (id,first_name,second_name,email,user_login,user_password,sex,date_of_birth,age,permission_level) VALUES (50,'Robert','Morris','roberttorres@gmail.com','amberpaul','UssitpuzSoGIWCW','M','1939-09-20',80,1);
INSERT INTO staff_member (id,employed_since,position,salary,room) VALUES (50,'2018-10-30','Doctor',35000,22);
INSERT INTO doctor (id,speciality,emergency_hours,experience,departement_id,supervisor) VALUES (50,'Emergency Medicine Specialist',B'1',5,2,11);
INSERT INTO person (id,first_name,second_name,email,user_login,user_password,sex,date_of_birth,age,permission_level) VALUES (51,'Cheryl','Oconnell','aprilmason@yahoo.com','megansmith','UUnjUPenVDPavTZ','F','1944-08-08',75,4);
INSERT INTO staff_member (id,employed_since,position,salary,room) VALUES (51,'2014-01-08','Doctor',35000,28);
INSERT INTO doctor (id,speciality,emergency_hours,experience,departement_id,supervisor) VALUES (51,'Plastic Surgeon',B'1',4,1,18);
INSERT INTO person (id,first_name,second_name,email,user_login,user_password,sex,date_of_birth,age,permission_level) VALUES (52,'Julie','Bell','sheriward@yahoo.com','robert88','xbVmamX','F','2016-06-30',3,5);
INSERT INTO staff_member (id,employed_since,position,salary,room) VALUES (52,'2011-09-20','Doctor',35000,11);
INSERT INTO doctor (id,speciality,emergency_hours,experience,departement_id,supervisor) VALUES (52,'Nephrologist',B'1',4,7,11);
INSERT INTO person (id,first_name,second_name,email,user_login,user_password,sex,date_of_birth,age,permission_level) VALUES (53,'Katelyn','Mckinney','wortega@gmail.com','bennetteric','gyFyMFiAs','F','1968-09-02',51,1);
INSERT INTO staff_member (id,employed_since,position,salary,room) VALUES (53,'2012-09-24','Reseptionist',15000,56);
INSERT INTO reseptionist (id) VALUES (53);
INSERT INTO languages_spoken (reseptionist_id,language) VALUES (53,'ItalianArabic');
INSERT INTO person (id,first_name,second_name,email,user_login,user_password,sex,date_of_birth,age,permission_level) VALUES (54,'Zachary','Walters','cynthia72@hotmail.com','brownjoseph','nCPcacaaK','M','1926-05-24',93,1);
INSERT INTO staff_member (id,employed_since,position,salary,room) VALUES (54,'2016-11-15','Doctor',35000,13);
INSERT INTO doctor (id,speciality,emergency_hours,experience,departement_id,supervisor) VALUES (54,'Cardiologist',B'0',5,16,50);
INSERT INTO person (id,first_name,second_name,email,user_login,user_password,sex,date_of_birth,age,permission_level) VALUES (55,'Caroline','Reynolds','brendaking@yahoo.com','edwin71','gtbVtupGJJaRYU','F','1979-07-26',40,1);
INSERT INTO staff_member (id,employed_since,position,salary,room) VALUES (55,'2011-05-28','Professor',35000,35);
INSERT INTO professor (id,research_topic,surgery_participation,departement_id) VALUES (55,'Sports Medicine Specialist',B'1',10);
INSERT INTO person (id,first_name,second_name,email,user_login,user_password,sex,date_of_birth,age,permission_level) VALUES (56,'Vickie','Hansen','fernandocisneros@yahoo.com','mcdonaldlisa','RWVIHHtDM','F','1961-08-11',58,5);
INSERT INTO staff_member (id,employed_since,position,salary,room) VALUES (56,'2015-05-11','Nurse',25000,9);
INSERT INTO nurse (id,surgery_assistant,preferred_shifts,appointment_assistant,departement_id) VALUES (56,B'0','Night',B'0',4);
INSERT INTO person (id,first_name,second_name,email,user_login,user_password,sex,date_of_birth,age,permission_level) VALUES (57,'Mr.','Christopher','mdavis@yahoo.com','welchkyle','fsstpHRYgR','M','1924-07-04',95,5);
INSERT INTO staff_member (id,employed_since,position,salary,room) VALUES (57,'2018-04-04','Nurse',25000,5);
INSERT INTO nurse (id,surgery_assistant,preferred_shifts,appointment_assistant,departement_id) VALUES (57,B'0','Day',B'1',17);
INSERT INTO person (id,first_name,second_name,email,user_login,user_password,sex,date_of_birth,age,permission_level) VALUES (58,'Michael','Ortega','debrapope@gmail.com','knelson','dTjFOHDAYRsoUP','M','2005-04-18',14,5);
INSERT INTO patient (id) VALUES (58);
INSERT INTO patients_address (street,house,apartement) VALUES ('Mary st.','44','8');
INSERT INTO medical_history (patient_id,date) VALUES (58,'2019-10-19');
INSERT INTO person (id,first_name,second_name,email,user_login,user_password,sex,date_of_birth,age,permission_level) VALUES (59,'Jeremy','Rowe','dodsonjames@gmail.com','afoster','qyKSQlmcy','M','1932-01-14',87,5);
INSERT INTO staff_member (id,employed_since,position,salary,room) VALUES (59,'2010-08-12','Professor',35000,31);
INSERT INTO professor (id,research_topic,surgery_participation,departement_id) VALUES (59,'Critical Care Medicine Specialist',B'1',17);
INSERT INTO person (id,first_name,second_name,email,user_login,user_password,sex,date_of_birth,age,permission_level) VALUES (60,'Jessica','Murphy','jason71@yahoo.com','romerojade','KGCghvf','F','1933-07-23',86,2);
INSERT INTO staff_member (id,employed_since,position,salary,room) VALUES (60,'2018-01-19','Cleaning Team Worker',10000,53);
INSERT INTO cleaning_team_worker (id,employment_type) VALUES (60,'Full time');
INSERT INTO person (id,first_name,second_name,email,user_login,user_password,sex,date_of_birth,age,permission_level) VALUES (61,'John','Anderson','katherine16@yahoo.com','greenemelissa','AZKZqqcnwQtwb','M','1913-01-10',106,5);
INSERT INTO patient (id) VALUES (61);
INSERT INTO patients_address (street,house,apartement) VALUES ('Donna st.','88','9');
INSERT INTO medical_history (patient_id,date) VALUES (61,'2019-11-04');
INSERT INTO person (id,first_name,second_name,email,user_login,user_password,sex,date_of_birth,age,permission_level) VALUES (62,'Brenda','Kelly','kevinsmith@yahoo.com','hwade','iaUQluPMS','F','1951-09-25',68,1);
INSERT INTO staff_member (id,employed_since,position,salary,room) VALUES (62,'2011-12-13','Maintanence Worker',15000,60);
INSERT INTO maintanence_worker (id,employment_type,speciality) VALUES (62,'Full time','Electricity');
INSERT INTO person (id,first_name,second_name,email,user_login,user_password,sex,date_of_birth,age,permission_level) VALUES (63,'Monique','Bennett','april28@yahoo.com','ricardofoster','DNmWJdFCWHG','F','1968-05-25',51,5);
INSERT INTO staff_member (id,employed_since,position,salary,room) VALUES (63,'2015-04-21','Doctor',35000,21);
INSERT INTO doctor (id,speciality,emergency_hours,experience,departement_id,supervisor) VALUES (63,'Oncologist',B'1',5,5,11);
INSERT INTO person (id,first_name,second_name,email,user_login,user_password,sex,date_of_birth,age,permission_level) VALUES (64,'John','Hill','mhopkins@gmail.com','dunnlisa','VjkjBxst','M','1994-03-07',25,2);
INSERT INTO staff_member (id,employed_since,position,salary,room) VALUES (64,'2011-11-21','Professor',35000,36);
INSERT INTO professor (id,research_topic,surgery_participation,departement_id) VALUES (64,'Anesthesiologist',B'1',6);
INSERT INTO person (id,first_name,second_name,email,user_login,user_password,sex,date_of_birth,age,permission_level) VALUES (65,'Michael','Wilson','susan72@hotmail.com','stanleybrian','bFsZAGBwWhKVhTN','M','1973-12-10',46,3);
INSERT INTO patient (id) VALUES (65);
INSERT INTO patients_address (street,house,apartement) VALUES ('Ashley st.','73','9');
INSERT INTO medical_history (patient_id,date) VALUES (65,'2019-10-31');
INSERT INTO person (id,first_name,second_name,email,user_login,user_password,sex,date_of_birth,age,permission_level) VALUES (66,'Stephanie','Ramirez','nicholas76@yahoo.com','samanthasmith','TeUlCzOWWDxXLb','F','1976-10-19',43,5);
INSERT INTO staff_member (id,employed_since,position,salary,room) VALUES (66,'2013-06-29','Maintanence Worker',15000,59);
INSERT INTO maintanence_worker (id,employment_type,speciality) VALUES (66,'Full time','Furniture');
INSERT INTO person (id,first_name,second_name,email,user_login,user_password,sex,date_of_birth,age,permission_level) VALUES (67,'Robert','Butler','dickersonbethany@hotmail.com','oford','XmsBygdVjhc','M','1934-11-11',85,2);
INSERT INTO staff_member (id,employed_since,position,salary,room) VALUES (67,'2018-01-17','Lab Technician',15000,44);
INSERT INTO lab_technician (id,education_level,departement_id) VALUES (67,'Magister',5);
INSERT INTO person (id,first_name,second_name,email,user_login,user_password,sex,date_of_birth,age,permission_level) VALUES (68,'Debra','Jarvis','thompsonjohnny@hotmail.com','ujarvis','aVqSSfejcKcBVKy','F','1959-08-07',60,3);
INSERT INTO staff_member (id,employed_since,position,salary,room) VALUES (68,'2016-01-22','Doctor',35000,12);
INSERT INTO doctor (id,speciality,emergency_hours,experience,departement_id,supervisor) VALUES (68,'Psychiatrist',B'1',2,7,39);
INSERT INTO person (id,first_name,second_name,email,user_login,user_password,sex,date_of_birth,age,permission_level) VALUES (69,'Courtney','Carrillo','trankaren@hotmail.com','jmorgan','xPVEgYE','F','2012-09-09',7,3);
INSERT INTO staff_member (id,employed_since,position,salary,room) VALUES (69,'2019-05-24','Pharmasist',20000,70);
INSERT INTO pharmasist (id,education_level,research) VALUES (69,'Bachelor',B'1');
INSERT INTO person (id,first_name,second_name,email,user_login,user_password,sex,date_of_birth,age,permission_level) VALUES (70,'Amy','Jimenez','coloncandice@gmail.com','tonyamurillo','QStEDthMrSCde','F','1927-03-10',92,3);
INSERT INTO staff_member (id,employed_since,position,salary,room) VALUES (70,'2015-09-15','Reseptionist',15000,56);
INSERT INTO reseptionist (id) VALUES (70);
INSERT INTO languages_spoken (reseptionist_id,language) VALUES (70,'ItalianPortuguesRussianEnglishItalianArabic');
INSERT INTO person (id,first_name,second_name,email,user_login,user_password,sex,date_of_birth,age,permission_level) VALUES (71,'Taylor','Schmidt','kelly20@gmail.com','dayrobert','EnQhWkpmNqXEH','F','1966-12-12',53,4);
INSERT INTO staff_member (id,employed_since,position,salary,room) VALUES (71,'2017-11-02','Doctor',35000,14);
INSERT INTO doctor (id,speciality,emergency_hours,experience,departement_id,supervisor) VALUES (71,'Geriatric Medicine Specialist',B'1',4,1,9);
INSERT INTO person (id,first_name,second_name,email,user_login,user_password,sex,date_of_birth,age,permission_level) VALUES (72,'Sara','Mack','kendrawood@yahoo.com','connor29','ajpPriFaKhXdzT','F','2017-11-29',2,2);
INSERT INTO staff_member (id,employed_since,position,salary,room) VALUES (72,'2017-01-16','Priest',15000,80);
INSERT INTO priest (id,religion) VALUES (72,'Judaism');
INSERT INTO person (id,first_name,second_name,email,user_login,user_password,sex,date_of_birth,age,permission_level) VALUES (73,'Penny','Gaines','johnmartin@hotmail.com','fandrews','EirXiuPh','F','1957-03-20',62,2);
INSERT INTO patient (id) VALUES (73);
INSERT INTO patients_address (street,house,apartement) VALUES ('Daniel st.','22','10');
INSERT INTO medical_history (patient_id,date) VALUES (73,'2019-11-21');
INSERT INTO person (id,first_name,second_name,email,user_login,user_password,sex,date_of_birth,age,permission_level) VALUES (74,'Dr.','Stephanie','kristinsmith@gmail.com','tthomas','ZXqZpfwLEHNi','F','1947-12-03',72,4);
INSERT INTO staff_member (id,employed_since,position,salary,room) VALUES (74,'2010-07-26','Doctor',35000,27);
INSERT INTO doctor (id,speciality,emergency_hours,experience,departement_id,supervisor) VALUES (74,'General Surgeon',B'0',9,16,32);
INSERT INTO person (id,first_name,second_name,email,user_login,user_password,sex,date_of_birth,age,permission_level) VALUES (75,'David','Andrews','joel37@hotmail.com','derek62','TSOvxCo','M','1949-05-19',70,5);
INSERT INTO patient (id) VALUES (75);
INSERT INTO patients_address (street,house,apartement) VALUES ('Amy st.','15','10');
INSERT INTO medical_history (patient_id,date) VALUES (75,'2019-11-09');
INSERT INTO person (id,first_name,second_name,email,user_login,user_password,sex,date_of_birth,age,permission_level) VALUES (76,'Mr.','Randy','hayneszachary@gmail.com','michaelhoward','OlgEmGqQHSlfxO','M','1967-08-15',52,2);
INSERT INTO patient (id) VALUES (76);
INSERT INTO patients_address (street,house,apartement) VALUES ('Kelli st.','78','8');
INSERT INTO medical_history (patient_id,date) VALUES (76,'2019-10-16');
INSERT INTO person (id,first_name,second_name,email,user_login,user_password,sex,date_of_birth,age,permission_level) VALUES (77,'Peter','Hernandez','deniseobrien@hotmail.com','steven47','MseyiKypmLdJT','M','1976-08-14',43,2);
INSERT INTO staff_member (id,employed_since,position,salary,room) VALUES (77,'2014-05-26','Priest',15000,78);
INSERT INTO priest (id,religion) VALUES (77,'Judaism');
INSERT INTO person (id,first_name,second_name,email,user_login,user_password,sex,date_of_birth,age,permission_level) VALUES (78,'Jeremiah','Thomas','knichols@yahoo.com','ijohnson','CxkvKqqxy','M','1968-05-21',51,3);
INSERT INTO staff_member (id,employed_since,position,salary,room) VALUES (78,'2015-09-22','Nurse',25000,9);
INSERT INTO nurse (id,surgery_assistant,preferred_shifts,appointment_assistant,departement_id) VALUES (78,B'1','Night',B'1',15);
INSERT INTO person (id,first_name,second_name,email,user_login,user_password,sex,date_of_birth,age,permission_level) VALUES (79,'Sean','Jacobs','shannonwallace@hotmail.com','adamsmary','rfjucVPLbPtEF','M','1935-08-13',84,3);
INSERT INTO patient (id) VALUES (79);
INSERT INTO patients_address (street,house,apartement) VALUES ('Heidi st.','2','6');
INSERT INTO medical_history (patient_id,date) VALUES (79,'2019-10-20');
INSERT INTO person (id,first_name,second_name,email,user_login,user_password,sex,date_of_birth,age,permission_level) VALUES (80,'Richard','Wilson','catherinebrown@gmail.com','lmunoz','anCiaTBvAppJy','M','1958-05-20',61,4);
INSERT INTO staff_member (id,employed_since,position,salary,room) VALUES (80,'2012-07-02','Doctor',35000,27);
INSERT INTO doctor (id,speciality,emergency_hours,experience,departement_id,supervisor) VALUES (80,'Obstetrician and Gynecologist',B'1',9,15,50);
INSERT INTO person (id,first_name,second_name,email,user_login,user_password,sex,date_of_birth,age,permission_level) VALUES (81,'Christopher','Ayers','charles47@hotmail.com','krystal89','MvMTJqAulyCs','M','1953-03-23',66,4);
INSERT INTO staff_member (id,employed_since,position,salary,room) VALUES (81,'2009-11-23','Professor',35000,40);
INSERT INTO professor (id,research_topic,surgery_participation,departement_id) VALUES (81,'Psychiatrist',B'0',6);
INSERT INTO person (id,first_name,second_name,email,user_login,user_password,sex,date_of_birth,age,permission_level) VALUES (82,'Casey','Miller','katelyn50@gmail.com','keithdouglas','tYNBBTDbMvNxuk','M','1949-07-06',70,2);
INSERT INTO staff_member (id,employed_since,position,salary,room) VALUES (82,'2019-10-04','Doctor',35000,26);
INSERT INTO doctor (id,speciality,emergency_hours,experience,departement_id,supervisor) VALUES (82,'Radiologist',B'1',6,11,12);
INSERT INTO person (id,first_name,second_name,email,user_login,user_password,sex,date_of_birth,age,permission_level) VALUES (83,'Jasmine','Garza','derekheath@hotmail.com','rlucas','RaDuWJzcuWaZEX','F','1935-02-02',84,3);
INSERT INTO patient (id) VALUES (83);
INSERT INTO patients_address (street,house,apartement) VALUES ('Gregory st.','13','6');
INSERT INTO medical_history (patient_id,date) VALUES (83,'2019-10-21');
INSERT INTO person (id,first_name,second_name,email,user_login,user_password,sex,date_of_birth,age,permission_level) VALUES (84,'Jack','Bates','jessica65@yahoo.com','martinezjanice','pGagFlRRH','M','1950-11-03',69,4);
INSERT INTO staff_member (id,employed_since,position,salary,room) VALUES (84,'2011-02-14','Doctor',35000,25);
INSERT INTO doctor (id,speciality,emergency_hours,experience,departement_id,supervisor) VALUES (84,'Preventive Medicine Specialist',B'0',8,4,9);
INSERT INTO person (id,first_name,second_name,email,user_login,user_password,sex,date_of_birth,age,permission_level) VALUES (85,'Alexa','Wallace','camposcandice@gmail.com','collinsnicholas','SfZQFghocFe','F','2018-09-30',1,5);
INSERT INTO staff_member (id,employed_since,position,salary,room) VALUES (85,'2011-06-27','Nurse',25000,5);
INSERT INTO nurse (id,surgery_assistant,preferred_shifts,appointment_assistant,departement_id) VALUES (85,B'0','Day',B'1',8);
INSERT INTO person (id,first_name,second_name,email,user_login,user_password,sex,date_of_birth,age,permission_level) VALUES (86,'Curtis','Morrison','michael49@gmail.com','eric64','xFBatcUTXT','M','1927-09-16',92,5);
INSERT INTO staff_member (id,employed_since,position,salary,room) VALUES (86,'2016-11-04','Professor',35000,40);
INSERT INTO professor (id,research_topic,surgery_participation,departement_id) VALUES (86,'Emergency Medicine Specialist',B'1',7);
INSERT INTO person (id,first_name,second_name,email,user_login,user_password,sex,date_of_birth,age,permission_level) VALUES (87,'Michele','Morse','erin17@hotmail.com','ymathis','jxkjFIuVraTmsHq','F','1945-04-08',74,2);
INSERT INTO staff_member (id,employed_since,position,salary,room) VALUES (87,'2016-05-20','Cleaning Team Worker',10000,54);
INSERT INTO cleaning_team_worker (id,employment_type) VALUES (87,'Full time');
INSERT INTO person (id,first_name,second_name,email,user_login,user_password,sex,date_of_birth,age,permission_level) VALUES (88,'Manuel','Garcia','angelasmith@gmail.com','andrewestrada','EeRUcHmudDI','M','1932-02-15',87,3);
INSERT INTO staff_member (id,employed_since,position,salary,room) VALUES (88,'2013-06-20','Nurse',25000,9);
INSERT INTO nurse (id,surgery_assistant,preferred_shifts,appointment_assistant,departement_id) VALUES (88,B'0','Day',B'0',6);
INSERT INTO person (id,first_name,second_name,email,user_login,user_password,sex,date_of_birth,age,permission_level) VALUES (89,'Eric','Gill','james07@gmail.com','owensjason','guQptEC','M','1986-10-23',33,1);
INSERT INTO staff_member (id,employed_since,position,salary,room) VALUES (89,'2014-07-25','Cleaning Team Worker',10000,53);
INSERT INTO cleaning_team_worker (id,employment_type) VALUES (89,'Part time');
INSERT INTO person (id,first_name,second_name,email,user_login,user_password,sex,date_of_birth,age,permission_level) VALUES (90,'Dawn','Campbell','xreed@hotmail.com','jared04','NJzdnPQUZoV','F','2019-08-26',0,2);
INSERT INTO staff_member (id,employed_since,position,salary,room) VALUES (90,'2015-08-31','Doctor',35000,26);
INSERT INTO doctor (id,speciality,emergency_hours,experience,departement_id,supervisor) VALUES (90,'Otolaryngologist',B'0',6,1,74);
INSERT INTO person (id,first_name,second_name,email,user_login,user_password,sex,date_of_birth,age,permission_level) VALUES (91,'Megan','Mills','nancy60@yahoo.com','amymitchell','KIxQODeQVJXh','F','2008-10-25',11,4);
INSERT INTO patient (id) VALUES (91);
INSERT INTO patients_address (street,house,apartement) VALUES ('Kimberly st.','64','1');
INSERT INTO medical_history (patient_id,date) VALUES (91,'2019-10-17');
INSERT INTO person (id,first_name,second_name,email,user_login,user_password,sex,date_of_birth,age,permission_level) VALUES (92,'Shawn','Rogers','psmith@yahoo.com','jerryhawkins','wIySkWJOApKGA','M','1916-07-07',103,2);
INSERT INTO staff_member (id,employed_since,position,salary,room) VALUES (92,'2018-02-18','Nurse',25000,5);
INSERT INTO nurse (id,surgery_assistant,preferred_shifts,appointment_assistant,departement_id) VALUES (92,B'1','Day',B'0',10);
INSERT INTO person (id,first_name,second_name,email,user_login,user_password,sex,date_of_birth,age,permission_level) VALUES (93,'Lindsey','Fernandez','jacksonhawkins@yahoo.com','rgrant','VnBlFJhuaJrOp','F','1961-08-29',58,4);
INSERT INTO staff_member (id,employed_since,position,salary,room) VALUES (93,'2016-11-28','Doctor',35000,28);
INSERT INTO doctor (id,speciality,emergency_hours,experience,departement_id,supervisor) VALUES (93,'General Surgeon',B'1',3,11,52);
INSERT INTO person (id,first_name,second_name,email,user_login,user_password,sex,date_of_birth,age,permission_level) VALUES (94,'Jenna','Morris','bgonzalez@yahoo.com','bwilson','wOlOlaUBaWC','F','1973-06-17',46,2);
INSERT INTO staff_member (id,employed_since,position,salary,room) VALUES (94,'2013-10-24','Nurse',25000,9);
INSERT INTO nurse (id,surgery_assistant,preferred_shifts,appointment_assistant,departement_id) VALUES (94,B'0','Day',B'1',11);
INSERT INTO person (id,first_name,second_name,email,user_login,user_password,sex,date_of_birth,age,permission_level) VALUES (95,'Jody','Williams','richardsjoshua@yahoo.com','christopherruiz','NkgGxqZRZBb','F','2002-11-22',17,1);
INSERT INTO staff_member (id,employed_since,position,salary,room) VALUES (95,'2011-07-29','Professor',35000,40);
INSERT INTO professor (id,research_topic,surgery_participation,departement_id) VALUES (95,'Dermatologist',B'0',2);
INSERT INTO person (id,first_name,second_name,email,user_login,user_password,sex,date_of_birth,age,permission_level) VALUES (96,'Mary','Klein','rachel59@yahoo.com','matthewclark','AfAodXO','F','1972-09-15',47,3);
INSERT INTO staff_member (id,employed_since,position,salary,room) VALUES (96,'2010-07-29','HR',30000,66);
INSERT INTO hr (id,selection_responsibility) VALUES (96,'Review');
INSERT INTO person (id,first_name,second_name,email,user_login,user_password,sex,date_of_birth,age,permission_level) VALUES (97,'Mitchell','Martinez','susan92@hotmail.com','ibrooks','LhevlBkOXYZHHS','M','1941-01-12',78,3);
INSERT INTO staff_member (id,employed_since,position,salary,room) VALUES (97,'2014-07-11','Pharmasist',20000,69);
INSERT INTO pharmasist (id,education_level,research) VALUES (97,'Postgraduate',B'0');
INSERT INTO person (id,first_name,second_name,email,user_login,user_password,sex,date_of_birth,age,permission_level) VALUES (98,'Nathan','Phillips','john68@hotmail.com','rperry','CaTDwkjKm','M','2010-06-12',9,5);
INSERT INTO patient (id) VALUES (98);
INSERT INTO patients_address (street,house,apartement) VALUES ('Tara st.','46','8');
INSERT INTO medical_history (patient_id,date) VALUES (98,'2019-11-15');
INSERT INTO person (id,first_name,second_name,email,user_login,user_password,sex,date_of_birth,age,permission_level) VALUES (99,'Jeffrey','Mccarthy','gfischer@hotmail.com','shaneschmidt','itAyYAHTE','M','1906-08-07',113,2);
INSERT INTO staff_member (id,employed_since,position,salary,room) VALUES (99,'2015-07-05','Nurse',25000,10);
INSERT INTO nurse (id,surgery_assistant,preferred_shifts,appointment_assistant,departement_id) VALUES (99,B'0','Day',B'0',12);
INSERT INTO person (id,first_name,second_name,email,user_login,user_password,sex,date_of_birth,age,permission_level) VALUES (100,'Jenna','Hale','charlesfoster@yahoo.com','ymoran','RziariaqChcpJj','F','1928-06-28',91,1);
INSERT INTO staff_member (id,employed_since,position,salary,room) VALUES (100,'2012-07-25','Nurse',25000,9);
INSERT INTO nurse (id,surgery_assistant,preferred_shifts,appointment_assistant,departement_id) VALUES (100,B'0','Day',B'1',13);
INSERT INTO person (id,first_name,second_name,email,user_login,user_password,sex,date_of_birth,age,permission_level) VALUES (101,'Deborah','Mcclure','bethanybarajas@gmail.com','fcampos','UpFQlna','F','2009-09-15',10,1);
INSERT INTO patient (id) VALUES (101);
INSERT INTO patients_address (street,house,apartement) VALUES ('Lisa st.','59','8');
INSERT INTO medical_history (patient_id,date) VALUES (101,'2019-11-09');
INSERT INTO person (id,first_name,second_name,email,user_login,user_password,sex,date_of_birth,age,permission_level) VALUES (102,'Austin','Vaughn','moorechristopher@yahoo.com','fconner','nQwmYJE','M','1933-04-19',86,3);
INSERT INTO patient (id) VALUES (102);
INSERT INTO patients_address (street,house,apartement) VALUES ('Colton st.','93','10');
INSERT INTO medical_history (patient_id,date) VALUES (102,'2019-11-02');
INSERT INTO person (id,first_name,second_name,email,user_login,user_password,sex,date_of_birth,age,permission_level) VALUES (103,'Steven','Sanders','jeffrey15@gmail.com','jjohnson','LsYhTKdQkhPhad','M','1956-02-07',63,1);
INSERT INTO staff_member (id,employed_since,position,salary,room) VALUES (103,'2011-07-03','Reseptionist',15000,56);
INSERT INTO reseptionist (id) VALUES (103);
INSERT INTO languages_spoken (reseptionist_id,language) VALUES (103,'ItalianEnglish');
INSERT INTO person (id,first_name,second_name,email,user_login,user_password,sex,date_of_birth,age,permission_level) VALUES (104,'Jamie','Higgins','jason91@hotmail.com','heathlauren','HYOZNzGGLB','F','1976-08-21',43,4);
INSERT INTO staff_member (id,employed_since,position,salary,room) VALUES (104,'2016-01-23','Nurse',25000,7);
INSERT INTO nurse (id,surgery_assistant,preferred_shifts,appointment_assistant,departement_id) VALUES (104,B'0','Day',B'0',8);
INSERT INTO person (id,first_name,second_name,email,user_login,user_password,sex,date_of_birth,age,permission_level) VALUES (105,'Mr.','Kevin','jonesjames@hotmail.com','jean85','QuHTDIiqKZYFPW','M','1991-08-15',28,4);
INSERT INTO staff_member (id,employed_since,position,salary,room) VALUES (105,'2011-01-19','Nurse',25000,9);
INSERT INTO nurse (id,surgery_assistant,preferred_shifts,appointment_assistant,departement_id) VALUES (105,B'0','Day',B'0',14);
INSERT INTO person (id,first_name,second_name,email,user_login,user_password,sex,date_of_birth,age,permission_level) VALUES (106,'Robyn','Diaz','elizabeth98@hotmail.com','bianca41','xWrAoCW','F','2013-03-20',6,1);
INSERT INTO staff_member (id,employed_since,position,salary,room) VALUES (106,'2018-03-04','Professor',35000,38);
INSERT INTO professor (id,research_topic,surgery_participation,departement_id) VALUES (106,'Critical Care Medicine Specialist',B'0',1);
INSERT INTO person (id,first_name,second_name,email,user_login,user_password,sex,date_of_birth,age,permission_level) VALUES (107,'Darrell','Hunt','peterboyer@gmail.com','chavezstacey','RWsZPMjJ','M','1943-11-30',76,5);
INSERT INTO staff_member (id,employed_since,position,salary,room) VALUES (107,'2014-11-18','Reseptionist',15000,56);
INSERT INTO reseptionist (id) VALUES (107);
INSERT INTO languages_spoken (reseptionist_id,language) VALUES (107,'Arabic');
INSERT INTO person (id,first_name,second_name,email,user_login,user_password,sex,date_of_birth,age,permission_level) VALUES (108,'Michael','Scott','charlescarpenter@gmail.com','christian38','owbMvKggjNCihH','M','2015-12-13',4,2);
INSERT INTO staff_member (id,employed_since,position,salary,room) VALUES (108,'2018-07-16','Security Team Member',10000,62);
INSERT INTO security_team_member (id,shifts,physical_test_grade) VALUES (108,'Day','C');
INSERT INTO person (id,first_name,second_name,email,user_login,user_password,sex,date_of_birth,age,permission_level) VALUES (109,'Amber','Winters','sarahwhitney@gmail.com','buckjesse','sNOAzQultLjlrFs','F','1912-04-20',107,5);
INSERT INTO patient (id) VALUES (109);
INSERT INTO patients_address (street,house,apartement) VALUES ('Sara st.','40','4');
INSERT INTO medical_history (patient_id,date) VALUES (109,'2019-11-10');
INSERT INTO person (id,first_name,second_name,email,user_login,user_password,sex,date_of_birth,age,permission_level) VALUES (110,'Sylvia','Wong','zsantos@hotmail.com','osbornjill','QwRXupGqRwIs','F','2017-08-05',2,1);
INSERT INTO staff_member (id,employed_since,position,salary,room) VALUES (110,'2016-09-16','Doctor',35000,24);
INSERT INTO doctor (id,speciality,emergency_hours,experience,departement_id,supervisor) VALUES (110,'Rheumatologist',B'0',8,8,41);
INSERT INTO person (id,first_name,second_name,email,user_login,user_password,sex,date_of_birth,age,permission_level) VALUES (111,'Jeffrey','Silva','thomasmcdaniel@gmail.com','dannygomez','IueroFLUJowdKO','M','1944-09-30',75,1);
INSERT INTO staff_member (id,employed_since,position,salary,room) VALUES (111,'2015-09-07','Doctor',35000,24);
INSERT INTO doctor (id,speciality,emergency_hours,experience,departement_id,supervisor) VALUES (111,'Plastic Surgeon',B'0',3,8,11);
INSERT INTO person (id,first_name,second_name,email,user_login,user_password,sex,date_of_birth,age,permission_level) VALUES (112,'Hannah','Young','mary24@hotmail.com','rrivers','nRmgjRfgYy','F','2015-05-23',4,3);
INSERT INTO staff_member (id,employed_since,position,salary,room) VALUES (112,'2017-04-12','Doctor',35000,16);
INSERT INTO doctor (id,speciality,emergency_hours,experience,departement_id,supervisor) VALUES (112,'Neurologist',B'0',8,9,110);
INSERT INTO person (id,first_name,second_name,email,user_login,user_password,sex,date_of_birth,age,permission_level) VALUES (113,'Anthony','Johnson','elizabethbailey@gmail.com','bbrown','ELacYnfVyRm','M','1982-05-23',37,2);
INSERT INTO staff_member (id,employed_since,position,salary,room) VALUES (113,'2018-03-29','Professor',35000,40);
INSERT INTO professor (id,research_topic,surgery_participation,departement_id) VALUES (113,'Obstetrician and Gynecologist',B'1',17);
INSERT INTO person (id,first_name,second_name,email,user_login,user_password,sex,date_of_birth,age,permission_level) VALUES (114,'Cheyenne','Kaufman','turneramanda@yahoo.com','emma67','QbywvbkLv','F','1917-05-10',102,2);
INSERT INTO staff_member (id,employed_since,position,salary,room) VALUES (114,'2018-09-03','Cleaning Team Worker',10000,52);
INSERT INTO cleaning_team_worker (id,employment_type) VALUES (114,'Full time');
INSERT INTO person (id,first_name,second_name,email,user_login,user_password,sex,date_of_birth,age,permission_level) VALUES (115,'Paul','Shaw','jason70@yahoo.com','stevensian','qUYbrqDFNuLLt','M','1982-03-30',37,5);
INSERT INTO staff_member (id,employed_since,position,salary,room) VALUES (115,'2011-11-07','Doctor',35000,27);
INSERT INTO doctor (id,speciality,emergency_hours,experience,departement_id,supervisor) VALUES (115,'Oncologist',B'0',7,14,93);
INSERT INTO person (id,first_name,second_name,email,user_login,user_password,sex,date_of_birth,age,permission_level) VALUES (116,'Richard','Ramirez','nicholas03@gmail.com','barryelizabeth','ynfMOEtnHAAe','M','1974-10-02',45,4);
INSERT INTO staff_member (id,employed_since,position,salary,room) VALUES (116,'2019-11-18','Lab Technician',15000,43);
INSERT INTO lab_technician (id,education_level,departement_id) VALUES (116,'Postgraduate',1);
INSERT INTO person (id,first_name,second_name,email,user_login,user_password,sex,date_of_birth,age,permission_level) VALUES (117,'Mark','Phelps','pfrye@gmail.com','jessicamurphy','xKWQMCQTOax','M','1969-02-09',50,1);
INSERT INTO patient (id) VALUES (117);
INSERT INTO patients_address (street,house,apartement) VALUES ('Julian st.','76','1');
INSERT INTO medical_history (patient_id,date) VALUES (117,'2019-10-18');
INSERT INTO person (id,first_name,second_name,email,user_login,user_password,sex,date_of_birth,age,permission_level) VALUES (118,'Marcus','Rogers','ellen57@yahoo.com','russellnancy','golBElNBLwc','M','1961-08-31',58,2);
INSERT INTO staff_member (id,employed_since,position,salary,room) VALUES (118,'2011-06-01','Nurse',25000,3);
INSERT INTO nurse (id,surgery_assistant,preferred_shifts,appointment_assistant,departement_id) VALUES (118,B'0','Day',B'0',15);
INSERT INTO person (id,first_name,second_name,email,user_login,user_password,sex,date_of_birth,age,permission_level) VALUES (119,'Jennifer','Banks','annrobinson@yahoo.com','trevor87','rzOHaDLdKcgk','F','1923-07-16',96,1);
INSERT INTO staff_member (id,employed_since,position,salary,room) VALUES (119,'2012-06-17','Doctor',35000,30);
INSERT INTO doctor (id,speciality,emergency_hours,experience,departement_id,supervisor) VALUES (119,'Infectious Disease Specialist',B'0',2,1,115);
INSERT INTO person (id,first_name,second_name,email,user_login,user_password,sex,date_of_birth,age,permission_level) VALUES (120,'Danielle','Miller','qpaul@hotmail.com','gary41','JyzzFusZXpZ','F','1985-11-01',34,4);
INSERT INTO staff_member (id,employed_since,position,salary,room) VALUES (120,'2015-09-08','Nurse',25000,3);
INSERT INTO nurse (id,surgery_assistant,preferred_shifts,appointment_assistant,departement_id) VALUES (120,B'1','Day',B'1',9);
INSERT INTO person (id,first_name,second_name,email,user_login,user_password,sex,date_of_birth,age,permission_level) VALUES (121,'Timothy','Maynard','tracyjones@hotmail.com','danarogers','IIAPugjEACwTARt','M','1932-06-22',87,5);
INSERT INTO staff_member (id,employed_since,position,salary,room) VALUES (121,'2018-12-13','Reseptionist',15000,56);
INSERT INTO reseptionist (id) VALUES (121);
INSERT INTO languages_spoken (reseptionist_id,language) VALUES (121,'Italian');
INSERT INTO person (id,first_name,second_name,email,user_login,user_password,sex,date_of_birth,age,permission_level) VALUES (122,'Guy','Gardner','zcaldwell@hotmail.com','vdonovan','PFZlqCWRC','M','1922-03-22',97,5);
INSERT INTO staff_member (id,employed_since,position,salary,room) VALUES (122,'2018-03-16','Reseptionist',15000,56);
INSERT INTO reseptionist (id) VALUES (122);
INSERT INTO languages_spoken (reseptionist_id,language) VALUES (122,'ItalianTatarItalianItalian');
INSERT INTO person (id,first_name,second_name,email,user_login,user_password,sex,date_of_birth,age,permission_level) VALUES (123,'Christian','Moore','debbiewerner@yahoo.com','bryantdestiny','LnryXjUgEcr','M','1954-10-22',65,3);
INSERT INTO staff_member (id,employed_since,position,salary,room) VALUES (123,'2018-01-17','Security Team Member',10000,61);
INSERT INTO security_team_member (id,shifts,physical_test_grade) VALUES (123,'Night','D');
INSERT INTO person (id,first_name,second_name,email,user_login,user_password,sex,date_of_birth,age,permission_level) VALUES (124,'Tonya','Baker','alexandravazquez@yahoo.com','boydaaron','tAlLvmvuygcHMxS','F','1924-06-10',95,3);
INSERT INTO staff_member (id,employed_since,position,salary,room) VALUES (124,'2012-06-03','Doctor',35000,14);
INSERT INTO doctor (id,speciality,emergency_hours,experience,departement_id,supervisor) VALUES (124,'Pediatrician',B'1',10,17,9);
INSERT INTO person (id,first_name,second_name,email,user_login,user_password,sex,date_of_birth,age,permission_level) VALUES (125,'James','Hill','jasonjones@hotmail.com','mirandahannah','DPbXhSOaBHArdZ','M','1975-02-03',44,5);
INSERT INTO staff_member (id,employed_since,position,salary,room) VALUES (125,'2010-04-08','Security Team Member',10000,62);
INSERT INTO security_team_member (id,shifts,physical_test_grade) VALUES (125,'Night','C');
INSERT INTO person (id,first_name,second_name,email,user_login,user_password,sex,date_of_birth,age,permission_level) VALUES (126,'Diane','Wong','xsheppard@gmail.com','desiree03','YVxGNWnthIvc','F','2016-08-19',3,3);
INSERT INTO staff_member (id,employed_since,position,salary,room) VALUES (126,'2012-06-16','Lab Technician',15000,44);
INSERT INTO lab_technician (id,education_level,departement_id) VALUES (126,'Bachelor',10);
INSERT INTO person (id,first_name,second_name,email,user_login,user_password,sex,date_of_birth,age,permission_level) VALUES (127,'Tyrone','Chang','erika45@hotmail.com','wardwendy','rLjWJzTenbnGM','M','1910-06-29',109,3);
INSERT INTO patient (id) VALUES (127);
INSERT INTO patients_address (street,house,apartement) VALUES ('Heather st.','58','3');
INSERT INTO medical_history (patient_id,date) VALUES (127,'2019-10-29');
INSERT INTO person (id,first_name,second_name,email,user_login,user_password,sex,date_of_birth,age,permission_level) VALUES (128,'Bryan','Smith','sullivanzachary@gmail.com','xthomas','DbdJYwRMjNS','M','1990-06-26',29,1);
INSERT INTO staff_member (id,employed_since,position,salary,room) VALUES (128,'2015-03-16','HR',30000,67);
INSERT INTO hr (id,selection_responsibility) VALUES (128,'Interview');
INSERT INTO person (id,first_name,second_name,email,user_login,user_password,sex,date_of_birth,age,permission_level) VALUES (129,'Stephen','Parker','brucedavidson@yahoo.com','william50','deJScnhKqYqvdOw','M','1979-08-11',40,5);
INSERT INTO staff_member (id,employed_since,position,salary,room) VALUES (129,'2012-11-17','Maintanence Worker',15000,60);
INSERT INTO maintanence_worker (id,employment_type,speciality) VALUES (129,'Part time','Hardware');
INSERT INTO person (id,first_name,second_name,email,user_login,user_password,sex,date_of_birth,age,permission_level) VALUES (130,'Christopher','Burke','arobertson@hotmail.com','hhoward','NBWUkPyQrHtLc','M','2009-03-14',10,1);
INSERT INTO staff_member (id,employed_since,position,salary,room) VALUES (130,'2017-11-28','Doctor',35000,17);
INSERT INTO doctor (id,speciality,emergency_hours,experience,departement_id,supervisor) VALUES (130,'Critical Care Medicine Specialist',B'0',9,5,50);
INSERT INTO person (id,first_name,second_name,email,user_login,user_password,sex,date_of_birth,age,permission_level) VALUES (131,'Jonathan','Walker','alan22@hotmail.com','wbaker','mxOWpQckJOupD','M','2015-08-16',4,3);
INSERT INTO staff_member (id,employed_since,position,salary,room) VALUES (131,'2015-07-07','Nurse',25000,7);
INSERT INTO nurse (id,surgery_assistant,preferred_shifts,appointment_assistant,departement_id) VALUES (131,B'0','Night',B'0',16);
INSERT INTO person (id,first_name,second_name,email,user_login,user_password,sex,date_of_birth,age,permission_level) VALUES (132,'Debra','Stone','stacy72@hotmail.com','alexandermartin','hQHYGLtc','F','1949-04-15',70,3);
INSERT INTO staff_member (id,employed_since,position,salary,room) VALUES (132,'2019-10-10','Doctor',35000,16);
INSERT INTO doctor (id,speciality,emergency_hours,experience,departement_id,supervisor) VALUES (132,'Rheumatologist',B'1',8,9,119);
INSERT INTO person (id,first_name,second_name,email,user_login,user_password,sex,date_of_birth,age,permission_level) VALUES (133,'Richard','Fletcher','salinaschristopher@hotmail.com','martinezcasey','mjDiShHu','M','1918-06-16',101,1);
INSERT INTO patient (id) VALUES (133);
INSERT INTO patients_address (street,house,apartement) VALUES ('Manuel st.','37','1');
INSERT INTO medical_history (patient_id,date) VALUES (133,'2019-11-04');
INSERT INTO person (id,first_name,second_name,email,user_login,user_password,sex,date_of_birth,age,permission_level) VALUES (134,'Christian','Tate','teresa77@gmail.com','cynthiapierce','KyHTmgHyStpM','M','1960-03-23',59,4);
INSERT INTO staff_member (id,employed_since,position,salary,room) VALUES (134,'2015-04-08','IT Specialist',15000,76);
INSERT INTO IT_specialist (id,support_line) VALUES (134,B'1');
INSERT INTO person (id,first_name,second_name,email,user_login,user_password,sex,date_of_birth,age,permission_level) VALUES (135,'David','Webb','gmiller@hotmail.com','hailey52','QxOJSAjRPJc','M','2018-11-22',1,1);
INSERT INTO staff_member (id,employed_since,position,salary,room) VALUES (135,'2012-08-26','Professor',35000,36);
INSERT INTO professor (id,research_topic,surgery_participation,departement_id) VALUES (135,'General Surgeon',B'1',15);
INSERT INTO person (id,first_name,second_name,email,user_login,user_password,sex,date_of_birth,age,permission_level) VALUES (136,'Patrick','Brown','ycuevas@gmail.com','gbennett','WRmbnIUn','M','2009-04-23',10,5);
INSERT INTO staff_member (id,employed_since,position,salary,room) VALUES (136,'2013-08-22','Nurse',25000,6);
INSERT INTO nurse (id,surgery_assistant,preferred_shifts,appointment_assistant,departement_id) VALUES (136,B'0','Night',B'0',5);
INSERT INTO person (id,first_name,second_name,email,user_login,user_password,sex,date_of_birth,age,permission_level) VALUES (137,'Donald','Hernandez','ronaldwalker@gmail.com','christopher68','RODXCouPNG','M','1966-10-08',53,4);
INSERT INTO staff_member (id,employed_since,position,salary,room) VALUES (137,'2017-08-07','Nurse',25000,8);
INSERT INTO nurse (id,surgery_assistant,preferred_shifts,appointment_assistant,departement_id) VALUES (137,B'1','Day',B'0',14);
INSERT INTO person (id,first_name,second_name,email,user_login,user_password,sex,date_of_birth,age,permission_level) VALUES (138,'Richard','Vasquez','elizabethtaylor@yahoo.com','christopherdeleon','VXvxaOjgkIk','M','2013-02-23',6,1);
INSERT INTO staff_member (id,employed_since,position,salary,room) VALUES (138,'2019-03-28','Doctor',35000,13);
INSERT INTO doctor (id,speciality,emergency_hours,experience,departement_id,supervisor) VALUES (138,'Obstetrician and Gynecologist',B'0',5,15,14);
INSERT INTO person (id,first_name,second_name,email,user_login,user_password,sex,date_of_birth,age,permission_level) VALUES (139,'Michael','Anderson','annettebell@hotmail.com','ythomas','FpXQvmlwWg','M','1949-10-30',70,1);
INSERT INTO patient (id) VALUES (139);
INSERT INTO patients_address (street,house,apartement) VALUES ('Robert st.','37','7');
INSERT INTO medical_history (patient_id,date) VALUES (139,'2019-11-16');
INSERT INTO person (id,first_name,second_name,email,user_login,user_password,sex,date_of_birth,age,permission_level) VALUES (140,'William','Miller','shortheather@hotmail.com','bradleyalison','seNgUqW','M','1999-09-29',20,2);
INSERT INTO staff_member (id,employed_since,position,salary,room) VALUES (140,'2012-09-29','HR',30000,66);
INSERT INTO hr (id,selection_responsibility) VALUES (140,'Review');
INSERT INTO person (id,first_name,second_name,email,user_login,user_password,sex,date_of_birth,age,permission_level) VALUES (141,'Tara','Solis','rrichardson@gmail.com','cynthiawashington','XTwKgFcTCESgQO','F','2011-09-25',8,1);
INSERT INTO staff_member (id,employed_since,position,salary,room) VALUES (141,'2010-03-02','Nurse',25000,7);
INSERT INTO nurse (id,surgery_assistant,preferred_shifts,appointment_assistant,departement_id) VALUES (141,B'0','Night',B'0',16);
INSERT INTO person (id,first_name,second_name,email,user_login,user_password,sex,date_of_birth,age,permission_level) VALUES (142,'Tiffany','Chavez','matthewssamuel@yahoo.com','victorwilson','GbLXKPYXXDZGmgg','F','1960-06-17',59,5);
INSERT INTO staff_member (id,employed_since,position,salary,room) VALUES (142,'2016-12-06','Nurse',25000,6);
INSERT INTO nurse (id,surgery_assistant,preferred_shifts,appointment_assistant,departement_id) VALUES (142,B'1','Day',B'0',3);
INSERT INTO person (id,first_name,second_name,email,user_login,user_password,sex,date_of_birth,age,permission_level) VALUES (143,'Abigail','Williams','eporter@yahoo.com','cmurray','IJXvVFabfsxRt','F','1979-05-04',40,4);
INSERT INTO staff_member (id,employed_since,position,salary,room) VALUES (143,'2018-10-27','Professor',35000,32);
INSERT INTO professor (id,research_topic,surgery_participation,departement_id) VALUES (143,'Otolaryngologist',B'0',16);
INSERT INTO person (id,first_name,second_name,email,user_login,user_password,sex,date_of_birth,age,permission_level) VALUES (144,'Nathaniel','Hodges','iwells@yahoo.com','mallen','DFkfOKzpXPh','M','1925-01-27',94,5);
INSERT INTO staff_member (id,employed_since,position,salary,room) VALUES (144,'2018-02-10','Nurse',25000,7);
INSERT INTO nurse (id,surgery_assistant,preferred_shifts,appointment_assistant,departement_id) VALUES (144,B'1','Night',B'0',13);
INSERT INTO person (id,first_name,second_name,email,user_login,user_password,sex,date_of_birth,age,permission_level) VALUES (145,'Joseph','Scott','cwheeler@hotmail.com','zreed','mWxnBMfSmPaKQ','M','1981-09-01',38,5);
INSERT INTO patient (id) VALUES (145);
INSERT INTO patients_address (street,house,apartement) VALUES ('Marie st.','14','4');
INSERT INTO medical_history (patient_id,date) VALUES (145,'2019-11-13');
INSERT INTO person (id,first_name,second_name,email,user_login,user_password,sex,date_of_birth,age,permission_level) VALUES (146,'Morgan','Duran','jennifersantiago@yahoo.com','rebeccaterry','ZLIknoa','F','1960-04-14',59,1);
INSERT INTO staff_member (id,employed_since,position,salary,room) VALUES (146,'2012-07-01','Professor',35000,36);
INSERT INTO professor (id,research_topic,surgery_participation,departement_id) VALUES (146,'Hematologist',B'1',13);
INSERT INTO person (id,first_name,second_name,email,user_login,user_password,sex,date_of_birth,age,permission_level) VALUES (147,'Karen','Evans','cparsons@gmail.com','austin06','zjHazUS','F','1957-02-27',62,2);
INSERT INTO staff_member (id,employed_since,position,salary,room) VALUES (147,'2010-11-13','Doctor',35000,18);
INSERT INTO doctor (id,speciality,emergency_hours,experience,departement_id,supervisor) VALUES (147,'Geriatric Medicine Specialist',B'1',9,16,43);
INSERT INTO person (id,first_name,second_name,email,user_login,user_password,sex,date_of_birth,age,permission_level) VALUES (148,'Kendra','Reed','evangallegos@gmail.com','thomastran','faeacDwaSgFb','F','2013-04-18',6,2);
INSERT INTO patient (id) VALUES (148);
INSERT INTO patients_address (street,house,apartement) VALUES ('Brian st.','73','6');
INSERT INTO medical_history (patient_id,date) VALUES (148,'2019-10-15');
INSERT INTO person (id,first_name,second_name,email,user_login,user_password,sex,date_of_birth,age,permission_level) VALUES (149,'Emily','Davis','hayleygarcia@hotmail.com','wagnerjessica','UavEWnPRMCsVZ','F','1955-12-28',64,2);
INSERT INTO staff_member (id,employed_since,position,salary,room) VALUES (149,'2019-04-23','Professor',35000,35);
INSERT INTO professor (id,research_topic,surgery_participation,departement_id) VALUES (149,'Neurologist',B'1',15);
INSERT INTO person (id,first_name,second_name,email,user_login,user_password,sex,date_of_birth,age,permission_level) VALUES (150,'Tyler','Todd','joelellis@gmail.com','nbrock','qOymWdb','M','1992-03-30',27,2);
INSERT INTO staff_member (id,employed_since,position,salary,room) VALUES (150,'2010-07-31','Nurse',25000,4);
INSERT INTO nurse (id,surgery_assistant,preferred_shifts,appointment_assistant,departement_id) VALUES (150,B'1','Day',B'0',9);
INSERT INTO person (id,first_name,second_name,email,user_login,user_password,sex,date_of_birth,age,permission_level) VALUES (151,'Herbert','Butler','zrivera@yahoo.com','bkerr','MzymWvUD','M','1933-11-17',86,3);
INSERT INTO staff_member (id,employed_since,position,salary,room) VALUES (151,'2016-09-09','Nurse',25000,3);
INSERT INTO nurse (id,surgery_assistant,preferred_shifts,appointment_assistant,departement_id) VALUES (151,B'1','Day',B'1',11);
INSERT INTO person (id,first_name,second_name,email,user_login,user_password,sex,date_of_birth,age,permission_level) VALUES (152,'Dennis','Dudley','hannahreed@yahoo.com','gonzalezmichael','oDmaqdeJYMpL','M','1969-08-10',50,2);
INSERT INTO staff_member (id,employed_since,position,salary,room) VALUES (152,'2019-04-04','HR',30000,65);
INSERT INTO hr (id,selection_responsibility) VALUES (152,'Review');
INSERT INTO person (id,first_name,second_name,email,user_login,user_password,sex,date_of_birth,age,permission_level) VALUES (153,'Thomas','Ross','kristen84@yahoo.com','nrobertson','UZnrbWgSiRfaBNq','M','1960-12-27',59,4);
INSERT INTO staff_member (id,employed_since,position,salary,room) VALUES (153,'2018-05-10','Nurse',25000,5);
INSERT INTO nurse (id,surgery_assistant,preferred_shifts,appointment_assistant,departement_id) VALUES (153,B'0','Day',B'0',7);
INSERT INTO person (id,first_name,second_name,email,user_login,user_password,sex,date_of_birth,age,permission_level) VALUES (154,'Abigail','Patton','lowenicholas@gmail.com','acampbell','iHsUwNixKrkGrnd','F','1929-07-31',90,5);
INSERT INTO staff_member (id,employed_since,position,salary,room) VALUES (154,'2017-03-09','Professor',35000,34);
INSERT INTO professor (id,research_topic,surgery_participation,departement_id) VALUES (154,'Medicine Specialist',B'1',5);
INSERT INTO person (id,first_name,second_name,email,user_login,user_password,sex,date_of_birth,age,permission_level) VALUES (155,'James','Maynard','riley27@gmail.com','gutierrezrobert','yWfsKKZxyBaL','M','1905-09-10',114,2);
INSERT INTO staff_member (id,employed_since,position,salary,room) VALUES (155,'2011-03-20','Nurse',25000,5);
INSERT INTO nurse (id,surgery_assistant,preferred_shifts,appointment_assistant,departement_id) VALUES (155,B'1','Night',B'0',11);
INSERT INTO person (id,first_name,second_name,email,user_login,user_password,sex,date_of_birth,age,permission_level) VALUES (156,'Crystal','Vaughan','stacy60@gmail.com','william03','nqbpdBiexL','F','1942-12-23',77,4);
INSERT INTO staff_member (id,employed_since,position,salary,room) VALUES (156,'2016-04-18','Cleaning Team Worker',10000,55);
INSERT INTO cleaning_team_worker (id,employment_type) VALUES (156,'Full time');
INSERT INTO person (id,first_name,second_name,email,user_login,user_password,sex,date_of_birth,age,permission_level) VALUES (157,'Erin','Brown','jennifer23@gmail.com','tracy76','WoCRCxaZ','F','1913-02-08',106,4);
INSERT INTO patient (id) VALUES (157);
INSERT INTO patients_address (street,house,apartement) VALUES ('Ethan st.','82','2');
INSERT INTO medical_history (patient_id,date) VALUES (157,'2019-11-01');
INSERT INTO person (id,first_name,second_name,email,user_login,user_password,sex,date_of_birth,age,permission_level) VALUES (158,'Jason','Morris','tammy37@hotmail.com','sarah53','WqTPmYR','M','1964-12-24',55,1);
INSERT INTO staff_member (id,employed_since,position,salary,room) VALUES (158,'2017-04-24','Maintanence Worker',15000,59);
INSERT INTO maintanence_worker (id,employment_type,speciality) VALUES (158,'Part time','Machines');
INSERT INTO person (id,first_name,second_name,email,user_login,user_password,sex,date_of_birth,age,permission_level) VALUES (159,'Vanessa','Hickman','charlesdaniels@yahoo.com','denise94','GylptYKc','F','2019-07-31',0,4);
INSERT INTO staff_member (id,employed_since,position,salary,room) VALUES (159,'2015-05-09','Reseptionist',15000,56);
INSERT INTO reseptionist (id) VALUES (159);
INSERT INTO languages_spoken (reseptionist_id,language) VALUES (159,'PortuguesEnglishRussian');
INSERT INTO person (id,first_name,second_name,email,user_login,user_password,sex,date_of_birth,age,permission_level) VALUES (160,'Danielle','Cruz','andrew72@yahoo.com','jessica86','iGgyMcJuRNCCOl','F','1958-02-04',61,5);
INSERT INTO patient (id) VALUES (160);
INSERT INTO patients_address (street,house,apartement) VALUES ('Shelly st.','76','2');
INSERT INTO medical_history (patient_id,date) VALUES (160,'2019-11-18');
INSERT INTO person (id,first_name,second_name,email,user_login,user_password,sex,date_of_birth,age,permission_level) VALUES (161,'Matthew','Alexander','keith94@gmail.com','zhampton','GqPXaoKAKgX','M','1943-08-06',76,1);
INSERT INTO patient (id) VALUES (161);
INSERT INTO patients_address (street,house,apartement) VALUES ('Brian st.','37','1');
INSERT INTO medical_history (patient_id,date) VALUES (161,'2019-10-25');
INSERT INTO person (id,first_name,second_name,email,user_login,user_password,sex,date_of_birth,age,permission_level) VALUES (162,'Elizabeth','Morrow','edavis@yahoo.com','latoyabryant','JVitJImKB','F','2000-10-13',19,2);
INSERT INTO staff_member (id,employed_since,position,salary,room) VALUES (162,'2010-02-07','Professor',35000,37);
INSERT INTO professor (id,research_topic,surgery_participation,departement_id) VALUES (162,'Plastic Surgeon',B'1',11);
INSERT INTO person (id,first_name,second_name,email,user_login,user_password,sex,date_of_birth,age,permission_level) VALUES (163,'Andrew','Higgins','chelsea25@gmail.com','danielsosa','bnzzZXWAWXFFRQ','M','2011-11-10',8,3);
INSERT INTO staff_member (id,employed_since,position,salary,room) VALUES (163,'2017-11-03','Doctor',35000,29);
INSERT INTO doctor (id,speciality,emergency_hours,experience,departement_id,supervisor) VALUES (163,'Oncologist',B'0',4,14,9);
INSERT INTO person (id,first_name,second_name,email,user_login,user_password,sex,date_of_birth,age,permission_level) VALUES (164,'Jessica','Terry','walshpaul@hotmail.com','cookraymond','jvpgWJy','F','1987-04-05',32,1);
INSERT INTO staff_member (id,employed_since,position,salary,room) VALUES (164,'2015-11-08','Doctor',35000,27);
INSERT INTO doctor (id,speciality,emergency_hours,experience,departement_id,supervisor) VALUES (164,'Urologist',B'0',6,4,51);
INSERT INTO person (id,first_name,second_name,email,user_login,user_password,sex,date_of_birth,age,permission_level) VALUES (165,'Kimberly','Nichols','rachel43@hotmail.com','yrandall','PaAEkbj','F','1936-11-14',83,5);
INSERT INTO staff_member (id,employed_since,position,salary,room) VALUES (165,'2019-10-17','Nurse',25000,9);
INSERT INTO nurse (id,surgery_assistant,preferred_shifts,appointment_assistant,departement_id) VALUES (165,B'0','Day',B'0',13);
INSERT INTO person (id,first_name,second_name,email,user_login,user_password,sex,date_of_birth,age,permission_level) VALUES (166,'Kim','Chan','oyates@gmail.com','christinebarrett','mekxSLvygbi','F','2002-09-12',17,2);
INSERT INTO patient (id) VALUES (166);
INSERT INTO patients_address (street,house,apartement) VALUES ('Stephanie st.','57','1');
INSERT INTO medical_history (patient_id,date) VALUES (166,'2019-11-05');
INSERT INTO person (id,first_name,second_name,email,user_login,user_password,sex,date_of_birth,age,permission_level) VALUES (167,'Jeremiah','Shelton','william96@hotmail.com','allendaniel','TuLUxkycxyblCeb','M','1920-11-19',99,3);
INSERT INTO patient (id) VALUES (167);
INSERT INTO patients_address (street,house,apartement) VALUES ('Kelsey st.','81','2');
INSERT INTO medical_history (patient_id,date) VALUES (167,'2019-11-15');
INSERT INTO person (id,first_name,second_name,email,user_login,user_password,sex,date_of_birth,age,permission_level) VALUES (168,'Amy','Garcia','lewislisa@yahoo.com','wilkinsonjacqueline','fYqWiHD','F','2016-04-28',3,5);
INSERT INTO patient (id) VALUES (168);
INSERT INTO patients_address (street,house,apartement) VALUES ('Brittany st.','49','9');
INSERT INTO medical_history (patient_id,date) VALUES (168,'2019-10-31');
INSERT INTO person (id,first_name,second_name,email,user_login,user_password,sex,date_of_birth,age,permission_level) VALUES (169,'Tonya','Fisher','robert54@yahoo.com','lindagill','aLdoRjk','F','1992-11-04',27,4);
INSERT INTO patient (id) VALUES (169);
INSERT INTO patients_address (street,house,apartement) VALUES ('Phillip st.','76','6');
INSERT INTO medical_history (patient_id,date) VALUES (169,'2019-11-16');
INSERT INTO person (id,first_name,second_name,email,user_login,user_password,sex,date_of_birth,age,permission_level) VALUES (170,'Summer','Powell','dorismcneil@yahoo.com','davidrodriguez','nOTvKMeSn','F','1904-06-01',115,1);
INSERT INTO staff_member (id,employed_since,position,salary,room) VALUES (170,'2015-05-07','Pharmasist',20000,69);
INSERT INTO pharmasist (id,education_level,research) VALUES (170,'Bachelor',B'0');
INSERT INTO person (id,first_name,second_name,email,user_login,user_password,sex,date_of_birth,age,permission_level) VALUES (171,'Matthew','Craig','lynn85@gmail.com','ryan50','uruyjAWaxnqdhi','M','1970-04-09',49,2);
INSERT INTO staff_member (id,employed_since,position,salary,room) VALUES (171,'2012-06-10','Maintanence Worker',15000,60);
INSERT INTO maintanence_worker (id,employment_type,speciality) VALUES (171,'Full time','Electricity');
INSERT INTO person (id,first_name,second_name,email,user_login,user_password,sex,date_of_birth,age,permission_level) VALUES (172,'Dylan','Burke','bgomez@yahoo.com','mmartinez','xBgXMVIhmD','M','1986-03-04',33,1);
INSERT INTO staff_member (id,employed_since,position,salary,room) VALUES (172,'2015-04-14','Nurse',25000,8);
INSERT INTO nurse (id,surgery_assistant,preferred_shifts,appointment_assistant,departement_id) VALUES (172,B'1','Day',B'1',5);
INSERT INTO person (id,first_name,second_name,email,user_login,user_password,sex,date_of_birth,age,permission_level) VALUES (173,'Johnny','Mcfarland','ashleynguyen@gmail.com','campbellamanda','pOEAQXonhXf','M','2010-05-25',9,4);
INSERT INTO staff_member (id,employed_since,position,salary,room) VALUES (173,'2010-03-23','Nurse',25000,8);
INSERT INTO nurse (id,surgery_assistant,preferred_shifts,appointment_assistant,departement_id) VALUES (173,B'1','Night',B'1',3);
INSERT INTO person (id,first_name,second_name,email,user_login,user_password,sex,date_of_birth,age,permission_level) VALUES (174,'Christopher','Brown','whitealexis@gmail.com','shelly03','mcQGhtACmScVo','M','1964-10-23',55,2);
INSERT INTO staff_member (id,employed_since,position,salary,room) VALUES (174,'2015-08-14','Reseptionist',15000,56);
INSERT INTO reseptionist (id) VALUES (174);
INSERT INTO languages_spoken (reseptionist_id,language) VALUES (174,'RussianPortuguesPortugues');
INSERT INTO person (id,first_name,second_name,email,user_login,user_password,sex,date_of_birth,age,permission_level) VALUES (175,'Robert','Thompson','vlopez@yahoo.com','parkhayden','MIMhtGlCr','M','1925-06-07',94,2);
INSERT INTO staff_member (id,employed_since,position,salary,room) VALUES (175,'2011-08-20','Doctor',35000,15);
INSERT INTO doctor (id,speciality,emergency_hours,experience,departement_id,supervisor) VALUES (175,'Plastic Surgeon',B'1',10,16,164);
INSERT INTO person (id,first_name,second_name,email,user_login,user_password,sex,date_of_birth,age,permission_level) VALUES (176,'Sean','Warner','jacksonelizabeth@hotmail.com','dominic29','hKXGvIoCVil','M','1969-10-18',50,5);
INSERT INTO patient (id) VALUES (176);
INSERT INTO patients_address (street,house,apartement) VALUES ('Joshua st.','84','9');
INSERT INTO medical_history (patient_id,date) VALUES (176,'2019-11-01');
INSERT INTO person (id,first_name,second_name,email,user_login,user_password,sex,date_of_birth,age,permission_level) VALUES (177,'Jessica','Evans','jacqueline28@yahoo.com','janet50','knSIqTBQRpLD','F','1915-11-23',104,2);
INSERT INTO staff_member (id,employed_since,position,salary,room) VALUES (177,'2013-11-08','Reseptionist',15000,56);
INSERT INTO reseptionist (id) VALUES (177);
INSERT INTO languages_spoken (reseptionist_id,language) VALUES (177,'ItalianEnglishArabicEnglishRussian');
INSERT INTO person (id,first_name,second_name,email,user_login,user_password,sex,date_of_birth,age,permission_level) VALUES (178,'Lauren','Henry','alecharmon@hotmail.com','lisafowler','CgcOJzf','F','1996-09-20',23,5);
INSERT INTO patient (id) VALUES (178);
INSERT INTO patients_address (street,house,apartement) VALUES ('Shannon st.','5','4');
INSERT INTO medical_history (patient_id,date) VALUES (178,'2019-10-27');
INSERT INTO person (id,first_name,second_name,email,user_login,user_password,sex,date_of_birth,age,permission_level) VALUES (179,'Janet','Erickson','williamsbeth@gmail.com','tonya88','rdAJrgCstNiJM','F','1946-02-07',73,3);
INSERT INTO staff_member (id,employed_since,position,salary,room) VALUES (179,'2013-10-24','Priest',15000,78);
INSERT INTO priest (id,religion) VALUES (179,'Judaism');
INSERT INTO person (id,first_name,second_name,email,user_login,user_password,sex,date_of_birth,age,permission_level) VALUES (180,'Kyle','Gilbert','william46@gmail.com','martinezpaul','ZxOZOumPhj','M','1965-09-25',54,3);
INSERT INTO staff_member (id,employed_since,position,salary,room) VALUES (180,'2015-08-26','Cook',15000,73);
INSERT INTO cook (id,experience) VALUES (180,4);
INSERT INTO person (id,first_name,second_name,email,user_login,user_password,sex,date_of_birth,age,permission_level) VALUES (181,'Scott','Smith','jasonwheeler@hotmail.com','wchapman','YTonAwPGG','M','2013-12-24',6,1);
INSERT INTO staff_member (id,employed_since,position,salary,room) VALUES (181,'2019-11-05','Nurse',25000,9);
INSERT INTO nurse (id,surgery_assistant,preferred_shifts,appointment_assistant,departement_id) VALUES (181,B'1','Day',B'0',16);
INSERT INTO person (id,first_name,second_name,email,user_login,user_password,sex,date_of_birth,age,permission_level) VALUES (182,'Debra','Murphy','juanlewis@yahoo.com','wanda46','dMrLUDHBVkngB','F','1916-07-22',103,1);
INSERT INTO staff_member (id,employed_since,position,salary,room) VALUES (182,'2009-11-26','Nurse',25000,8);
INSERT INTO nurse (id,surgery_assistant,preferred_shifts,appointment_assistant,departement_id) VALUES (182,B'0','Day',B'1',4);
INSERT INTO person (id,first_name,second_name,email,user_login,user_password,sex,date_of_birth,age,permission_level) VALUES (183,'Stephanie','Roberts','garciajeff@gmail.com','kferguson','mhSxODKnP','F','1910-09-03',109,5);
INSERT INTO staff_member (id,employed_since,position,salary,room) VALUES (183,'2017-05-13','Nurse',25000,10);
INSERT INTO nurse (id,surgery_assistant,preferred_shifts,appointment_assistant,departement_id) VALUES (183,B'1','Night',B'1',2);
INSERT INTO person (id,first_name,second_name,email,user_login,user_password,sex,date_of_birth,age,permission_level) VALUES (184,'Stephanie','Stewart','meyermichele@gmail.com','naguilar','uXRPazzCHCD','F','1935-09-19',84,2);
INSERT INTO patient (id) VALUES (184);
INSERT INTO patients_address (street,house,apartement) VALUES ('Daniel st.','17','7');
INSERT INTO medical_history (patient_id,date) VALUES (184,'2019-11-17');
INSERT INTO person (id,first_name,second_name,email,user_login,user_password,sex,date_of_birth,age,permission_level) VALUES (185,'William','Adams','dominic66@yahoo.com','dannychavez','pfYElRsriJ','M','1998-10-22',21,1);
INSERT INTO staff_member (id,employed_since,position,salary,room) VALUES (185,'2016-05-27','Maintanence Worker',15000,57);
INSERT INTO maintanence_worker (id,employment_type,speciality) VALUES (185,'Full time','Furniture');
INSERT INTO person (id,first_name,second_name,email,user_login,user_password,sex,date_of_birth,age,permission_level) VALUES (186,'Ryan','Baker','andrewochoa@yahoo.com','micheleingram','IMuLFsyayfIXNuY','M','1983-09-06',36,3);
INSERT INTO staff_member (id,employed_since,position,salary,room) VALUES (186,'2014-10-11','Doctor',35000,23);
INSERT INTO doctor (id,speciality,emergency_hours,experience,departement_id,supervisor) VALUES (186,'Preventive Medicine Specialist',B'0',9,8,71);
INSERT INTO person (id,first_name,second_name,email,user_login,user_password,sex,date_of_birth,age,permission_level) VALUES (187,'Kimberly','Ramirez','danielle81@hotmail.com','grahambryce','RYYmgRTQfo','F','1934-02-21',85,2);
INSERT INTO staff_member (id,employed_since,position,salary,room) VALUES (187,'2010-03-30','Maintanence Worker',15000,57);
INSERT INTO maintanence_worker (id,employment_type,speciality) VALUES (187,'Full time','Machines');
INSERT INTO person (id,first_name,second_name,email,user_login,user_password,sex,date_of_birth,age,permission_level) VALUES (188,'Taylor','Moon','nichole98@yahoo.com','turneredward','VqKlsnUrEPFdTS','F','1942-09-07',77,4);
INSERT INTO staff_member (id,employed_since,position,salary,room) VALUES (188,'2017-01-04','Cleaning Team Worker',10000,52);
INSERT INTO cleaning_team_worker (id,employment_type) VALUES (188,'Full time');
INSERT INTO person (id,first_name,second_name,email,user_login,user_password,sex,date_of_birth,age,permission_level) VALUES (189,'Brendan','Hogan','janderson@hotmail.com','dylan24','PRlUXKzYvirpbg','M','1956-03-01',63,2);
INSERT INTO staff_member (id,employed_since,position,salary,room) VALUES (189,'2015-07-06','Nurse',25000,4);
INSERT INTO nurse (id,surgery_assistant,preferred_shifts,appointment_assistant,departement_id) VALUES (189,B'1','Night',B'1',14);
INSERT INTO person (id,first_name,second_name,email,user_login,user_password,sex,date_of_birth,age,permission_level) VALUES (190,'Eric','Garcia','christian65@hotmail.com','peckhenry','MpzzkTBf','M','1979-05-29',40,3);
INSERT INTO patient (id) VALUES (190);
INSERT INTO patients_address (street,house,apartement) VALUES ('Nicole st.','23','7');
INSERT INTO medical_history (patient_id,date) VALUES (190,'2019-11-16');
INSERT INTO person (id,first_name,second_name,email,user_login,user_password,sex,date_of_birth,age,permission_level) VALUES (191,'David','Estrada','kathycarpenter@hotmail.com','johnsonkyle','VibhIQpu','M','1940-05-12',79,5);
INSERT INTO staff_member (id,employed_since,position,salary,room) VALUES (191,'2010-10-16','Lab Technician',15000,44);
INSERT INTO lab_technician (id,education_level,departement_id) VALUES (191,'Bachelor',8);
INSERT INTO person (id,first_name,second_name,email,user_login,user_password,sex,date_of_birth,age,permission_level) VALUES (192,'Dale','Moyer','sarajohnson@hotmail.com','michaelshaw','CHlvKJT','M','1951-07-09',68,1);
INSERT INTO staff_member (id,employed_since,position,salary,room) VALUES (192,'2018-02-07','Nurse',25000,5);
INSERT INTO nurse (id,surgery_assistant,preferred_shifts,appointment_assistant,departement_id) VALUES (192,B'0','Day',B'0',1);
INSERT INTO person (id,first_name,second_name,email,user_login,user_password,sex,date_of_birth,age,permission_level) VALUES (193,'Todd','Ross','bflowers@gmail.com','brownlisa','omVIFddmJLEFJ','M','2003-11-09',16,2);
INSERT INTO patient (id) VALUES (193);
INSERT INTO patients_address (street,house,apartement) VALUES ('Dr. st.','86','4');
INSERT INTO medical_history (patient_id,date) VALUES (193,'2019-11-06');
INSERT INTO person (id,first_name,second_name,email,user_login,user_password,sex,date_of_birth,age,permission_level) VALUES (194,'Barbara','Douglas','fjones@yahoo.com','rmiller','UfuFyZhZqjuq','F','1983-11-04',36,2);
INSERT INTO staff_member (id,employed_since,position,salary,room) VALUES (194,'2016-12-05','Nurse',25000,5);
INSERT INTO nurse (id,surgery_assistant,preferred_shifts,appointment_assistant,departement_id) VALUES (194,B'1','Day',B'1',16);
INSERT INTO person (id,first_name,second_name,email,user_login,user_password,sex,date_of_birth,age,permission_level) VALUES (195,'Brenda','Salas','reedjessica@gmail.com','miranda03','gTNAsUluHbhoS','F','1952-02-25',67,3);
INSERT INTO patient (id) VALUES (195);
INSERT INTO patients_address (street,house,apartement) VALUES ('Monica st.','74','8');
INSERT INTO medical_history (patient_id,date) VALUES (195,'2019-11-04');
INSERT INTO person (id,first_name,second_name,email,user_login,user_password,sex,date_of_birth,age,permission_level) VALUES (196,'Edward','Bennett','ismith@yahoo.com','cassandra12','ekBFWzOPCbBLu','M','1992-10-20',27,4);
INSERT INTO staff_member (id,employed_since,position,salary,room) VALUES (196,'2016-02-13','Nurse',25000,5);
INSERT INTO nurse (id,surgery_assistant,preferred_shifts,appointment_assistant,departement_id) VALUES (196,B'0','Night',B'0',4);
INSERT INTO person (id,first_name,second_name,email,user_login,user_password,sex,date_of_birth,age,permission_level) VALUES (197,'Bryan','Jones','casebradley@gmail.com','gardnerjessica','ucEmwjMxlXXZ','M','1977-03-14',42,1);
INSERT INTO staff_member (id,employed_since,position,salary,room) VALUES (197,'2019-10-22','Maintanence Worker',15000,58);
INSERT INTO maintanence_worker (id,employment_type,speciality) VALUES (197,'Full time','Hardware');
INSERT INTO person (id,first_name,second_name,email,user_login,user_password,sex,date_of_birth,age,permission_level) VALUES (198,'Robert','Harrison','scoleman@hotmail.com','cobbchristopher','GNAlmLW','M','1987-12-08',32,5);
INSERT INTO staff_member (id,employed_since,position,salary,room) VALUES (198,'2013-05-06','Nurse',25000,8);
INSERT INTO nurse (id,surgery_assistant,preferred_shifts,appointment_assistant,departement_id) VALUES (198,B'1','Night',B'1',14);
INSERT INTO person (id,first_name,second_name,email,user_login,user_password,sex,date_of_birth,age,permission_level) VALUES (199,'Gail','Myers','carolriddle@gmail.com','autumnnixon','AVPCBvbAZcBRNS','F','1990-10-28',29,5);
INSERT INTO patient (id) VALUES (199);
INSERT INTO patients_address (street,house,apartement) VALUES ('Raymond st.','75','10');
INSERT INTO medical_history (patient_id,date) VALUES (199,'2019-11-04');
INSERT INTO person (id,first_name,second_name,email,user_login,user_password,sex,date_of_birth,age,permission_level) VALUES (200,'Eric','Vargas','torreselizabeth@hotmail.com','phelpstara','lajsUtLL','M','2017-08-06',2,2);
INSERT INTO staff_member (id,employed_since,position,salary,room) VALUES (200,'2014-04-09','Nurse',25000,7);
INSERT INTO nurse (id,surgery_assistant,preferred_shifts,appointment_assistant,departement_id) VALUES (200,B'1','Day',B'0',1);
INSERT INTO person (id,first_name,second_name,email,user_login,user_password,sex,date_of_birth,age,permission_level) VALUES (201,'Michael','Walker','qallen@yahoo.com','cpacheco','YUSBTNa','M','1934-11-15',85,5);
INSERT INTO staff_member (id,employed_since,position,salary,room) VALUES (201,'2013-04-19','Security Team Member',10000,61);
INSERT INTO security_team_member (id,shifts,physical_test_grade) VALUES (201,'Night','C');
INSERT INTO person (id,first_name,second_name,email,user_login,user_password,sex,date_of_birth,age,permission_level) VALUES (202,'Christine','Fleming','josewilson@gmail.com','danielrichmond','hdxAdFpQ','F','1905-02-13',114,3);
INSERT INTO staff_member (id,employed_since,position,salary,room) VALUES (202,'2011-03-20','Doctor',35000,26);
INSERT INTO doctor (id,speciality,emergency_hours,experience,departement_id,supervisor) VALUES (202,'Pediatrician',B'0',3,10,119);
INSERT INTO person (id,first_name,second_name,email,user_login,user_password,sex,date_of_birth,age,permission_level) VALUES (203,'Benjamin','Zimmerman','wlevy@gmail.com','adam78','bNgXQiQ','M','1933-04-13',86,3);
INSERT INTO patient (id) VALUES (203);
INSERT INTO patients_address (street,house,apartement) VALUES ('John st.','66','6');
INSERT INTO medical_history (patient_id,date) VALUES (203,'2019-10-29');
INSERT INTO person (id,first_name,second_name,email,user_login,user_password,sex,date_of_birth,age,permission_level) VALUES (204,'Paul','Rivera','hernandezdamon@yahoo.com','tamaravincent','CyhAEVWgazrtqe','M','2000-08-07',19,3);
INSERT INTO staff_member (id,employed_since,position,salary,room) VALUES (204,'2011-05-30','Maintanence Worker',15000,59);
INSERT INTO maintanence_worker (id,employment_type,speciality) VALUES (204,'Part time','Furniture');
INSERT INTO person (id,first_name,second_name,email,user_login,user_password,sex,date_of_birth,age,permission_level) VALUES (205,'Joy','Martin','craigwilson@gmail.com','christopher07','dxWRIOEhNOXOVYq','F','1936-12-16',83,2);
INSERT INTO staff_member (id,employed_since,position,salary,room) VALUES (205,'2011-12-16','Professor',35000,33);
INSERT INTO professor (id,research_topic,surgery_participation,departement_id) VALUES (205,'Urologist',B'1',16);
INSERT INTO person (id,first_name,second_name,email,user_login,user_password,sex,date_of_birth,age,permission_level) VALUES (206,'Darrell','Shaw','kylie07@hotmail.com','natalielewis','MTaDGNWjnFTtq','M','1977-08-22',42,1);
INSERT INTO staff_member (id,employed_since,position,salary,room) VALUES (206,'2015-09-08','Reseptionist',15000,56);
INSERT INTO reseptionist (id) VALUES (206);
INSERT INTO languages_spoken (reseptionist_id,language) VALUES (206,'Italian');
INSERT INTO person (id,first_name,second_name,email,user_login,user_password,sex,date_of_birth,age,permission_level) VALUES (207,'Melvin','Maxwell','lisa34@gmail.com','vforbes','ndKgbPnAhA','M','2014-12-12',5,1);
INSERT INTO patient (id) VALUES (207);
INSERT INTO patients_address (street,house,apartement) VALUES ('Pamela st.','24','4');
INSERT INTO medical_history (patient_id,date) VALUES (207,'2019-10-31');
INSERT INTO person (id,first_name,second_name,email,user_login,user_password,sex,date_of_birth,age,permission_level) VALUES (208,'Catherine','Crane','dodsonamanda@gmail.com','phillip78','tEQRjAvHwxy','F','1986-12-22',33,3);
INSERT INTO staff_member (id,employed_since,position,salary,room) VALUES (208,'2016-12-22','Reseptionist',15000,56);
INSERT INTO reseptionist (id) VALUES (208);
INSERT INTO languages_spoken (reseptionist_id,language) VALUES (208,'TatarRussian');
INSERT INTO person (id,first_name,second_name,email,user_login,user_password,sex,date_of_birth,age,permission_level) VALUES (209,'Nicole','Harris','silvajoshua@hotmail.com','laurie94','bCYuXikSYEatv','F','1967-09-27',52,1);
INSERT INTO staff_member (id,employed_since,position,salary,room) VALUES (209,'2013-09-05','Professor',35000,33);
INSERT INTO professor (id,research_topic,surgery_participation,departement_id) VALUES (209,'Osteopath',B'0',1);
INSERT INTO person (id,first_name,second_name,email,user_login,user_password,sex,date_of_birth,age,permission_level) VALUES (210,'April','Malone','leblancashley@hotmail.com','hammondjoshua','erCjLtDbfCoiE','F','1987-02-03',32,3);
INSERT INTO staff_member (id,employed_since,position,salary,room) VALUES (210,'2018-08-11','Nurse',25000,9);
INSERT INTO nurse (id,surgery_assistant,preferred_shifts,appointment_assistant,departement_id) VALUES (210,B'1','Night',B'1',10);
INSERT INTO person (id,first_name,second_name,email,user_login,user_password,sex,date_of_birth,age,permission_level) VALUES (211,'Michelle','Thompson','mathewsrichard@yahoo.com','garcialaura','JJMqciWyderZt','F','1939-05-01',80,5);
INSERT INTO staff_member (id,employed_since,position,salary,room) VALUES (211,'2018-11-14','Maintanence Worker',15000,59);
INSERT INTO maintanence_worker (id,employment_type,speciality) VALUES (211,'Full time','Machines');
INSERT INTO person (id,first_name,second_name,email,user_login,user_password,sex,date_of_birth,age,permission_level) VALUES (212,'Robert','Johnson','ggardner@gmail.com','debrahamilton','fDwLvBhYO','M','1905-07-27',114,3);
INSERT INTO patient (id) VALUES (212);
INSERT INTO patients_address (street,house,apartement) VALUES ('Cassie st.','77','1');
INSERT INTO medical_history (patient_id,date) VALUES (212,'2019-11-05');
INSERT INTO person (id,first_name,second_name,email,user_login,user_password,sex,date_of_birth,age,permission_level) VALUES (213,'Glenn','Hobbs','michaelgillespie@hotmail.com','apayne','GDWgnjlbn','M','1921-03-14',98,5);
INSERT INTO staff_member (id,employed_since,position,salary,room) VALUES (213,'2018-06-16','Professor',35000,34);
INSERT INTO professor (id,research_topic,surgery_participation,departement_id) VALUES (213,'Plastic Surgeon',B'0',1);
INSERT INTO person (id,first_name,second_name,email,user_login,user_password,sex,date_of_birth,age,permission_level) VALUES (214,'Nicholas','Parker','jenniferjohnson@hotmail.com','michaelharris','RPRsmewItr','M','2014-03-18',5,1);
INSERT INTO staff_member (id,employed_since,position,salary,room) VALUES (214,'2016-02-11','Nurse',25000,7);
INSERT INTO nurse (id,surgery_assistant,preferred_shifts,appointment_assistant,departement_id) VALUES (214,B'1','Night',B'0',2);
INSERT INTO person (id,first_name,second_name,email,user_login,user_password,sex,date_of_birth,age,permission_level) VALUES (215,'Isaac','Brown','kimberlymiranda@hotmail.com','hmartin','SQqJtYYYKoGPR','M','1993-03-02',26,4);
INSERT INTO staff_member (id,employed_since,position,salary,room) VALUES (215,'2014-09-14','Professor',35000,32);
INSERT INTO professor (id,research_topic,surgery_participation,departement_id) VALUES (215,'General Surgeon',B'1',13);
INSERT INTO person (id,first_name,second_name,email,user_login,user_password,sex,date_of_birth,age,permission_level) VALUES (216,'Christy','Johnson','hughestyrone@hotmail.com','vyates','RvfvlQASxZnxc','F','1956-10-18',63,2);
INSERT INTO staff_member (id,employed_since,position,salary,room) VALUES (216,'2015-01-06','Doctor',35000,14);
INSERT INTO doctor (id,speciality,emergency_hours,experience,departement_id,supervisor) VALUES (216,'Dermatologist',B'1',9,5,41);
INSERT INTO person (id,first_name,second_name,email,user_login,user_password,sex,date_of_birth,age,permission_level) VALUES (217,'Debra','Davis','richardhernandez@gmail.com','wguerrero','jpOSRDwtz','F','1992-07-07',27,3);
INSERT INTO staff_member (id,employed_since,position,salary,room) VALUES (217,'2019-01-23','Priest',15000,79);
INSERT INTO priest (id,religion) VALUES (217,'Judaism');
INSERT INTO person (id,first_name,second_name,email,user_login,user_password,sex,date_of_birth,age,permission_level) VALUES (218,'Frank','Jackson','michael03@yahoo.com','jessica64','UyaYxAruuQM','M','2014-06-26',5,1);
INSERT INTO staff_member (id,employed_since,position,salary,room) VALUES (218,'2015-10-17','IT Specialist',15000,76);
INSERT INTO IT_specialist (id,support_line) VALUES (218,B'1');
INSERT INTO person (id,first_name,second_name,email,user_login,user_password,sex,date_of_birth,age,permission_level) VALUES (219,'Mr.','Zachary','smitharthur@gmail.com','daviskristen','JMUmDFRi','M','1966-07-31',53,1);
INSERT INTO staff_member (id,employed_since,position,salary,room) VALUES (219,'2016-10-29','Professor',35000,37);
INSERT INTO professor (id,research_topic,surgery_participation,departement_id) VALUES (219,'Internist',B'0',17);
INSERT INTO person (id,first_name,second_name,email,user_login,user_password,sex,date_of_birth,age,permission_level) VALUES (220,'Katherine','Santana','kknight@yahoo.com','martinezmiranda','TMSNQPfsAbSEZ','F','1917-09-26',102,2);
INSERT INTO patient (id) VALUES (220);
INSERT INTO patients_address (street,house,apartement) VALUES ('Richard st.','50','4');
INSERT INTO medical_history (patient_id,date) VALUES (220,'2019-11-20');
INSERT INTO person (id,first_name,second_name,email,user_login,user_password,sex,date_of_birth,age,permission_level) VALUES (221,'Linda','Tran','amanda61@hotmail.com','tylerkelly','qrOvAywo','F','1969-12-13',50,2);
INSERT INTO staff_member (id,employed_since,position,salary,room) VALUES (221,'2019-09-27','Cook',15000,73);
INSERT INTO cook (id,experience) VALUES (221,5);
INSERT INTO person (id,first_name,second_name,email,user_login,user_password,sex,date_of_birth,age,permission_level) VALUES (222,'Michelle','Taylor','calebhuffman@yahoo.com','sabrina94','KQtvuDepeHQb','F','1960-01-06',59,4);
INSERT INTO staff_member (id,employed_since,position,salary,room) VALUES (222,'2014-01-03','Pharmasist',20000,68);
INSERT INTO pharmasist (id,education_level,research) VALUES (222,'Magister',B'1');
INSERT INTO person (id,first_name,second_name,email,user_login,user_password,sex,date_of_birth,age,permission_level) VALUES (223,'Ricky','Peterson','alvarezjessica@gmail.com','vross','VHINUzIirnSWS','M','1923-10-23',96,3);
INSERT INTO staff_member (id,employed_since,position,salary,room) VALUES (223,'2010-08-05','Doctor',35000,22);
INSERT INTO doctor (id,speciality,emergency_hours,experience,departement_id,supervisor) VALUES (223,'Critical Care Medicine Specialist',B'1',7,14,32);
INSERT INTO person (id,first_name,second_name,email,user_login,user_password,sex,date_of_birth,age,permission_level) VALUES (224,'Bradley','Miller','trevinocandace@gmail.com','erika38','lRzaLfvFeUe','M','1907-12-05',112,5);
INSERT INTO patient (id) VALUES (224);
INSERT INTO patients_address (street,house,apartement) VALUES ('James st.','31','6');
INSERT INTO medical_history (patient_id,date) VALUES (224,'2019-11-18');
INSERT INTO person (id,first_name,second_name,email,user_login,user_password,sex,date_of_birth,age,permission_level) VALUES (225,'Jennifer','Davis','allison96@hotmail.com','danielsstephen','BBROFccgd','F','1963-10-28',56,5);
INSERT INTO staff_member (id,employed_since,position,salary,room) VALUES (225,'2015-08-21','Priest',15000,80);
INSERT INTO priest (id,religion) VALUES (225,'Judaism');
INSERT INTO person (id,first_name,second_name,email,user_login,user_password,sex,date_of_birth,age,permission_level) VALUES (226,'Alan','Cook','markjohnson@yahoo.com','buckkrista','MrbibcuVv','M','1943-06-30',76,4);
INSERT INTO patient (id) VALUES (226);
INSERT INTO patients_address (street,house,apartement) VALUES ('Casey st.','18','7');
INSERT INTO medical_history (patient_id,date) VALUES (226,'2019-11-05');
INSERT INTO person (id,first_name,second_name,email,user_login,user_password,sex,date_of_birth,age,permission_level) VALUES (227,'Jason','Walters','garciajames@yahoo.com','rogerskevin','ealsRukglhWvi','M','1967-05-24',52,1);
INSERT INTO staff_member (id,employed_since,position,salary,room) VALUES (227,'2013-08-04','Lab Technician',15000,41);
INSERT INTO lab_technician (id,education_level,departement_id) VALUES (227,'PhD',5);
INSERT INTO person (id,first_name,second_name,email,user_login,user_password,sex,date_of_birth,age,permission_level) VALUES (228,'Laura','Peterson','timothy89@gmail.com','jcervantes','VxiOLLE','F','1935-02-19',84,4);
INSERT INTO staff_member (id,employed_since,position,salary,room) VALUES (228,'2012-10-20','Nurse',25000,8);
INSERT INTO nurse (id,surgery_assistant,preferred_shifts,appointment_assistant,departement_id) VALUES (228,B'0','Night',B'1',13);
INSERT INTO person (id,first_name,second_name,email,user_login,user_password,sex,date_of_birth,age,permission_level) VALUES (229,'Terry','Martinez','holly84@yahoo.com','brandi45','XfVJhpoqjNK','F','1960-11-03',59,2);
INSERT INTO patient (id) VALUES (229);
INSERT INTO patients_address (street,house,apartement) VALUES ('Darlene st.','83','1');
INSERT INTO medical_history (patient_id,date) VALUES (229,'2019-11-20');
INSERT INTO person (id,first_name,second_name,email,user_login,user_password,sex,date_of_birth,age,permission_level) VALUES (230,'Willie','Coleman','joseramirez@gmail.com','michaelmalone','NBXYQeoY','M','1953-10-07',66,1);
INSERT INTO staff_member (id,employed_since,position,salary,room) VALUES (230,'2012-09-17','Doctor',35000,23);
INSERT INTO doctor (id,speciality,emergency_hours,experience,departement_id,supervisor) VALUES (230,'Endocrinologists',B'1',7,1,71);
INSERT INTO person (id,first_name,second_name,email,user_login,user_password,sex,date_of_birth,age,permission_level) VALUES (231,'Christopher','James','caseyrobinson@hotmail.com','angela57','KMeEkIobZantU','M','1963-11-24',56,3);
INSERT INTO staff_member (id,employed_since,position,salary,room) VALUES (231,'2011-11-15','Lab Technician',15000,41);
INSERT INTO lab_technician (id,education_level,departement_id) VALUES (231,'Bachelor',9);
INSERT INTO person (id,first_name,second_name,email,user_login,user_password,sex,date_of_birth,age,permission_level) VALUES (232,'Jacqueline','Chase','englishjames@hotmail.com','isaiah82','feHGybCGRkbGDV','F','1917-07-04',102,1);
INSERT INTO staff_member (id,employed_since,position,salary,room) VALUES (232,'2019-08-07','Reseptionist',15000,56);
INSERT INTO reseptionist (id) VALUES (232);
INSERT INTO languages_spoken (reseptionist_id,language) VALUES (232,'TatarEnglish');
INSERT INTO person (id,first_name,second_name,email,user_login,user_password,sex,date_of_birth,age,permission_level) VALUES (233,'Meghan','Kemp','carrieboyd@gmail.com','barbara82','iyjNWHuZFVVk','F','1935-01-24',84,2);
INSERT INTO staff_member (id,employed_since,position,salary,room) VALUES (233,'2016-09-08','Priest',15000,80);
INSERT INTO priest (id,religion) VALUES (233,'Judaism');
INSERT INTO person (id,first_name,second_name,email,user_login,user_password,sex,date_of_birth,age,permission_level) VALUES (234,'Brian','Gomez','erinparsons@gmail.com','keith69','PyyBXCCeNz','M','1995-10-13',24,3);
INSERT INTO staff_member (id,employed_since,position,salary,room) VALUES (234,'2016-07-19','Doctor',35000,22);
INSERT INTO doctor (id,speciality,emergency_hours,experience,departement_id,supervisor) VALUES (234,'Hematologist',B'1',7,7,90);
INSERT INTO person (id,first_name,second_name,email,user_login,user_password,sex,date_of_birth,age,permission_level) VALUES (235,'Dillon','Green','samuel81@yahoo.com','mark50','xPkFmjp','M','1994-02-22',25,5);
INSERT INTO staff_member (id,employed_since,position,salary,room) VALUES (235,'2015-02-25','Doctor',35000,28);
INSERT INTO doctor (id,speciality,emergency_hours,experience,departement_id,supervisor) VALUES (235,'Otolaryngologist',B'0',8,2,43);
INSERT INTO person (id,first_name,second_name,email,user_login,user_password,sex,date_of_birth,age,permission_level) VALUES (236,'Tammy','Conley','jeffrey40@hotmail.com','fletchermatthew','CAstbDUuY','F','1922-09-20',97,5);
INSERT INTO staff_member (id,employed_since,position,salary,room) VALUES (236,'2014-07-15','Doctor',35000,26);
INSERT INTO doctor (id,speciality,emergency_hours,experience,departement_id,supervisor) VALUES (236,'Medicine Specialist',B'0',5,3,164);
INSERT INTO person (id,first_name,second_name,email,user_login,user_password,sex,date_of_birth,age,permission_level) VALUES (237,'Dana','Harrington','lmcknight@yahoo.com','anthonyknox','BUdkglkybrl','F','1944-09-09',75,4);
INSERT INTO staff_member (id,employed_since,position,salary,room) VALUES (237,'2016-08-27','Professor',35000,40);
INSERT INTO professor (id,research_topic,surgery_participation,departement_id) VALUES (237,'Medicine Specialist',B'1',5);
INSERT INTO person (id,first_name,second_name,email,user_login,user_password,sex,date_of_birth,age,permission_level) VALUES (238,'David','Elliott','srogers@gmail.com','julia07','oLKhmFIKc','M','1991-01-07',28,3);
INSERT INTO staff_member (id,employed_since,position,salary,room) VALUES (238,'2014-10-28','Doctor',35000,29);
INSERT INTO doctor (id,speciality,emergency_hours,experience,departement_id,supervisor) VALUES (238,'Otolaryngologist',B'0',1,5,119);
INSERT INTO person (id,first_name,second_name,email,user_login,user_password,sex,date_of_birth,age,permission_level) VALUES (239,'Melissa','Gardner','bcarter@hotmail.com','jillianperez','pKqfDbLuTzuWVw','F','1905-11-05',114,1);
INSERT INTO staff_member (id,employed_since,position,salary,room) VALUES (239,'2016-04-20','Nurse',25000,6);
INSERT INTO nurse (id,surgery_assistant,preferred_shifts,appointment_assistant,departement_id) VALUES (239,B'1','Day',B'1',16);
INSERT INTO person (id,first_name,second_name,email,user_login,user_password,sex,date_of_birth,age,permission_level) VALUES (240,'Joyce','Warren','bmurphy@hotmail.com','davisjennifer','CXnKpfOuUa','F','1969-08-18',50,3);
INSERT INTO staff_member (id,employed_since,position,salary,room) VALUES (240,'2015-07-12','Cleaning Team Worker',10000,52);
INSERT INTO cleaning_team_worker (id,employment_type) VALUES (240,'Full time');
INSERT INTO person (id,first_name,second_name,email,user_login,user_password,sex,date_of_birth,age,permission_level) VALUES (241,'Sharon','Gentry','irivera@yahoo.com','bharris','SqTilkyCW','F','1977-04-27',42,5);
INSERT INTO patient (id) VALUES (241);
INSERT INTO patients_address (street,house,apartement) VALUES ('Shawn st.','74','3');
INSERT INTO medical_history (patient_id,date) VALUES (241,'2019-11-07');
INSERT INTO person (id,first_name,second_name,email,user_login,user_password,sex,date_of_birth,age,permission_level) VALUES (242,'David','Walker','davidchambers@yahoo.com','nancybaker','MtOsFDQXCa','M','1917-10-27',102,3);
INSERT INTO staff_member (id,employed_since,position,salary,room) VALUES (242,'2016-06-14','Reseptionist',15000,56);
INSERT INTO reseptionist (id) VALUES (242);
INSERT INTO languages_spoken (reseptionist_id,language) VALUES (242,'EnglishEnglish');
INSERT INTO person (id,first_name,second_name,email,user_login,user_password,sex,date_of_birth,age,permission_level) VALUES (243,'Christopher','Howard','chad64@gmail.com','adudley','nMndwPHTsYNVFr','M','1935-03-14',84,3);
INSERT INTO staff_member (id,employed_since,position,salary,room) VALUES (243,'2011-05-20','Doctor',35000,16);
INSERT INTO doctor (id,speciality,emergency_hours,experience,departement_id,supervisor) VALUES (243,'Emergency Medicine Specialist',B'0',10,7,54);
INSERT INTO person (id,first_name,second_name,email,user_login,user_password,sex,date_of_birth,age,permission_level) VALUES (244,'Raymond','Harris','msmith@yahoo.com','willie00','ATaRlmQFacZN','M','1990-07-15',29,4);
INSERT INTO staff_member (id,employed_since,position,salary,room) VALUES (244,'2018-11-03','Lab Technician',15000,46);
INSERT INTO lab_technician (id,education_level,departement_id) VALUES (244,'PhD',5);
INSERT INTO person (id,first_name,second_name,email,user_login,user_password,sex,date_of_birth,age,permission_level) VALUES (245,'Tara','Sanchez','kyle81@hotmail.com','michaelortiz','JcBMUzGQ','F','1913-10-03',106,4);
INSERT INTO staff_member (id,employed_since,position,salary,room) VALUES (245,'2018-09-29','Cleaning Team Worker',10000,53);
INSERT INTO cleaning_team_worker (id,employment_type) VALUES (245,'Full time');
INSERT INTO person (id,first_name,second_name,email,user_login,user_password,sex,date_of_birth,age,permission_level) VALUES (246,'Raymond','Brown','cindyadams@yahoo.com','pottsaaron','jgmJDTMv','M','1995-08-09',24,2);
INSERT INTO staff_member (id,employed_since,position,salary,room) VALUES (246,'2013-04-17','Doctor',35000,28);
INSERT INTO doctor (id,speciality,emergency_hours,experience,departement_id,supervisor) VALUES (246,'General Surgeon',B'0',9,1,54);
INSERT INTO person (id,first_name,second_name,email,user_login,user_password,sex,date_of_birth,age,permission_level) VALUES (247,'Patrick','Smith','itaylor@yahoo.com','jonescory','ycCJuebWgJWN','M','1980-07-19',39,5);
INSERT INTO staff_member (id,employed_since,position,salary,room) VALUES (247,'2019-06-03','Nurse',25000,7);
INSERT INTO nurse (id,surgery_assistant,preferred_shifts,appointment_assistant,departement_id) VALUES (247,B'1','Night',B'0',12);
INSERT INTO person (id,first_name,second_name,email,user_login,user_password,sex,date_of_birth,age,permission_level) VALUES (248,'Anthony','Smith','derekrios@yahoo.com','tprice','jBvnrcpCMK','M','1969-06-10',50,1);
INSERT INTO staff_member (id,employed_since,position,salary,room) VALUES (248,'2016-03-21','Lab Technician',15000,49);
INSERT INTO lab_technician (id,education_level,departement_id) VALUES (248,'Bachelor',2);
INSERT INTO person (id,first_name,second_name,email,user_login,user_password,sex,date_of_birth,age,permission_level) VALUES (249,'Mark','Briggs','susan00@hotmail.com','james33','CiNLFYUSLptUC','M','1961-03-31',58,2);
INSERT INTO staff_member (id,employed_since,position,salary,room) VALUES (249,'2019-06-02','Cleaning Team Worker',10000,55);
INSERT INTO cleaning_team_worker (id,employment_type) VALUES (249,'Full time');
INSERT INTO person (id,first_name,second_name,email,user_login,user_password,sex,date_of_birth,age,permission_level) VALUES (250,'Scott','Lopez','umorgan@yahoo.com','keithsoto','fTOzKAwFWmM','M','1971-07-10',48,5);
INSERT INTO staff_member (id,employed_since,position,salary,room) VALUES (250,'2011-06-04','Doctor',35000,13);
INSERT INTO doctor (id,speciality,emergency_hours,experience,departement_id,supervisor) VALUES (250,'Medicine Specialist',B'1',3,16,43);
INSERT INTO person (id,first_name,second_name,email,user_login,user_password,sex,date_of_birth,age,permission_level) VALUES (251,'April','Levy','traciespence@yahoo.com','greenmary','grsuXNRJxAcmS','F','1983-04-17',36,2);
INSERT INTO staff_member (id,employed_since,position,salary,room) VALUES (251,'2019-10-29','HR',30000,67);
INSERT INTO hr (id,selection_responsibility) VALUES (251,'Interview');
INSERT INTO person (id,first_name,second_name,email,user_login,user_password,sex,date_of_birth,age,permission_level) VALUES (252,'Kevin','Cervantes','mark58@yahoo.com','emmacastillo','iXWshcvqNt','M','1969-10-11',50,4);
INSERT INTO staff_member (id,employed_since,position,salary,room) VALUES (252,'2010-07-02','Doctor',35000,28);
INSERT INTO doctor (id,speciality,emergency_hours,experience,departement_id,supervisor) VALUES (252,'Otolaryngologist',B'1',1,11,132);
INSERT INTO person (id,first_name,second_name,email,user_login,user_password,sex,date_of_birth,age,permission_level) VALUES (253,'Maurice','Sherman','hruiz@hotmail.com','paul68','KHdyvutSZDbMF','M','1926-01-04',93,4);
INSERT INTO staff_member (id,employed_since,position,salary,room) VALUES (253,'2013-08-23','Maintanence Worker',15000,60);
INSERT INTO maintanence_worker (id,employment_type,speciality) VALUES (253,'Full time','Electricity');
INSERT INTO person (id,first_name,second_name,email,user_login,user_password,sex,date_of_birth,age,permission_level) VALUES (254,'Jocelyn','Brown','linda44@yahoo.com','zmartin','aikDGvbE','F','1990-02-17',29,5);
INSERT INTO staff_member (id,employed_since,position,salary,room) VALUES (254,'2019-04-07','Professor',35000,31);
INSERT INTO professor (id,research_topic,surgery_participation,departement_id) VALUES (254,'Plastic Surgeon',B'0',11);
INSERT INTO person (id,first_name,second_name,email,user_login,user_password,sex,date_of_birth,age,permission_level) VALUES (255,'Jade','Craig','webbtara@gmail.com','ramirezstacey','LrIWZtcDRZys','F','1998-10-27',21,4);
INSERT INTO staff_member (id,employed_since,position,salary,room) VALUES (255,'2017-01-16','Nurse',25000,5);
INSERT INTO nurse (id,surgery_assistant,preferred_shifts,appointment_assistant,departement_id) VALUES (255,B'0','Day',B'0',16);
INSERT INTO person (id,first_name,second_name,email,user_login,user_password,sex,date_of_birth,age,permission_level) VALUES (256,'Kelly','Saunders','lreyes@hotmail.com','karen17','AyjPxMSlXrRvCx','F','1992-10-22',27,2);
INSERT INTO staff_member (id,employed_since,position,salary,room) VALUES (256,'2015-12-03','Maintanence Worker',15000,59);
INSERT INTO maintanence_worker (id,employment_type,speciality) VALUES (256,'Part time','Electricity');
INSERT INTO person (id,first_name,second_name,email,user_login,user_password,sex,date_of_birth,age,permission_level) VALUES (257,'Dr.','Crystal','pcopeland@yahoo.com','dbanks','IJouFdAEk','F','1979-11-09',40,3);
INSERT INTO staff_member (id,employed_since,position,salary,room) VALUES (257,'2017-06-06','Cook',15000,73);
INSERT INTO cook (id,experience) VALUES (257,10);
INSERT INTO person (id,first_name,second_name,email,user_login,user_password,sex,date_of_birth,age,permission_level) VALUES (258,'Heidi','Knight','andrea43@gmail.com','pjames','lUtHRocyHHxWlEL','F','1954-09-26',65,1);
INSERT INTO staff_member (id,employed_since,position,salary,room) VALUES (258,'2011-08-03','Nurse',25000,4);
INSERT INTO nurse (id,surgery_assistant,preferred_shifts,appointment_assistant,departement_id) VALUES (258,B'0','Day',B'1',14);
INSERT INTO person (id,first_name,second_name,email,user_login,user_password,sex,date_of_birth,age,permission_level) VALUES (259,'Jodi','Moore','tylerhall@gmail.com','chavezjames','GXEAaMkbcRSlzRB','F','1988-08-30',31,2);
INSERT INTO staff_member (id,employed_since,position,salary,room) VALUES (259,'2014-07-24','Pharmasist',20000,69);
INSERT INTO pharmasist (id,education_level,research) VALUES (259,'Postgraduate',B'0');
INSERT INTO person (id,first_name,second_name,email,user_login,user_password,sex,date_of_birth,age,permission_level) VALUES (260,'Christian','Delgado','jasonlyons@hotmail.com','iwhite','colswCTw','M','1975-12-31',44,1);
INSERT INTO staff_member (id,employed_since,position,salary,room) VALUES (260,'2016-02-24','Professor',35000,36);
INSERT INTO professor (id,research_topic,surgery_participation,departement_id) VALUES (260,'Plastic Surgeon',B'0',5);
INSERT INTO person (id,first_name,second_name,email,user_login,user_password,sex,date_of_birth,age,permission_level) VALUES (261,'Justin','Preston','devin76@gmail.com','joanna45','NMbPrcBOzJd','M','2016-06-14',3,2);
INSERT INTO patient (id) VALUES (261);
INSERT INTO patients_address (street,house,apartement) VALUES ('Shaun st.','22','8');
INSERT INTO medical_history (patient_id,date) VALUES (261,'2019-10-15');
INSERT INTO person (id,first_name,second_name,email,user_login,user_password,sex,date_of_birth,age,permission_level) VALUES (262,'Tina','Harris','roberta26@hotmail.com','michael58','cnRHTJSCgjnS','F','1951-02-24',68,4);
INSERT INTO staff_member (id,employed_since,position,salary,room) VALUES (262,'2017-12-13','Nurse',25000,5);
INSERT INTO nurse (id,surgery_assistant,preferred_shifts,appointment_assistant,departement_id) VALUES (262,B'0','Day',B'1',10);
INSERT INTO person (id,first_name,second_name,email,user_login,user_password,sex,date_of_birth,age,permission_level) VALUES (263,'Jacqueline','Price','jessicayoung@yahoo.com','dorothy07','TaOxkGSZtqcnJ','F','1923-10-29',96,4);
INSERT INTO staff_member (id,employed_since,position,salary,room) VALUES (263,'2012-01-23','Professor',35000,32);
INSERT INTO professor (id,research_topic,surgery_participation,departement_id) VALUES (263,'Plastic Surgeon',B'1',6);
INSERT INTO person (id,first_name,second_name,email,user_login,user_password,sex,date_of_birth,age,permission_level) VALUES (264,'Lisa','Page','justinandrews@yahoo.com','keithvasquez','KAIzMEzyNqV','F','1945-02-07',74,1);
INSERT INTO staff_member (id,employed_since,position,salary,room) VALUES (264,'2012-09-06','Nurse',25000,5);
INSERT INTO nurse (id,surgery_assistant,preferred_shifts,appointment_assistant,departement_id) VALUES (264,B'1','Day',B'0',3);
INSERT INTO person (id,first_name,second_name,email,user_login,user_password,sex,date_of_birth,age,permission_level) VALUES (265,'Pamela','Cooper','frankbrown@yahoo.com','ccooper','BbjPLtVa','F','1993-03-01',26,5);
INSERT INTO patient (id) VALUES (265);
INSERT INTO patients_address (street,house,apartement) VALUES ('Heather st.','11','7');
INSERT INTO medical_history (patient_id,date) VALUES (265,'2019-11-20');
INSERT INTO person (id,first_name,second_name,email,user_login,user_password,sex,date_of_birth,age,permission_level) VALUES (266,'Michelle','Jones','adam87@gmail.com','brett02','kABLFAO','F','1990-01-28',29,1);
INSERT INTO staff_member (id,employed_since,position,salary,room) VALUES (266,'2015-03-30','Nurse',25000,5);
INSERT INTO nurse (id,surgery_assistant,preferred_shifts,appointment_assistant,departement_id) VALUES (266,B'1','Night',B'1',4);
INSERT INTO person (id,first_name,second_name,email,user_login,user_password,sex,date_of_birth,age,permission_level) VALUES (267,'Mathew','Jackson','sandra61@hotmail.com','macdonaldmichelle','nvdwVWqtUV','M','1942-01-24',77,4);
INSERT INTO staff_member (id,employed_since,position,salary,room) VALUES (267,'2017-12-20','Cook',15000,73);
INSERT INTO cook (id,experience) VALUES (267,7);
INSERT INTO person (id,first_name,second_name,email,user_login,user_password,sex,date_of_birth,age,permission_level) VALUES (268,'John','Webb','jwilliams@hotmail.com','cnorton','LIYySYndnfKmyZH','M','1980-02-18',39,3);
INSERT INTO staff_member (id,employed_since,position,salary,room) VALUES (268,'2013-08-25','Nurse',25000,4);
INSERT INTO nurse (id,surgery_assistant,preferred_shifts,appointment_assistant,departement_id) VALUES (268,B'1','Night',B'0',11);
INSERT INTO person (id,first_name,second_name,email,user_login,user_password,sex,date_of_birth,age,permission_level) VALUES (269,'Scott','Baker','christinehicks@hotmail.com','jeffrey15','DuDDkmTvv','M','1938-01-12',81,3);
INSERT INTO staff_member (id,employed_since,position,salary,room) VALUES (269,'2017-04-13','Maintanence Worker',15000,57);
INSERT INTO maintanence_worker (id,employment_type,speciality) VALUES (269,'Full time','Furniture');
INSERT INTO person (id,first_name,second_name,email,user_login,user_password,sex,date_of_birth,age,permission_level) VALUES (270,'Kimberly','Gentry','jeff68@yahoo.com','qmorrison','RLaztkCjIVNeLMm','F','1912-02-13',107,2);
INSERT INTO staff_member (id,employed_since,position,salary,room) VALUES (270,'2019-07-14','Doctor',35000,16);
INSERT INTO doctor (id,speciality,emergency_hours,experience,departement_id,supervisor) VALUES (270,'Allergist',B'0',8,7,80);
INSERT INTO person (id,first_name,second_name,email,user_login,user_password,sex,date_of_birth,age,permission_level) VALUES (271,'Garrett','Lang','evansolivia@yahoo.com','victor64','dmchnKE','M','1922-08-08',97,5);
INSERT INTO staff_member (id,employed_since,position,salary,room) VALUES (271,'2017-09-26','Professor',35000,34);
INSERT INTO professor (id,research_topic,surgery_participation,departement_id) VALUES (271,'Oncologist',B'1',5);
INSERT INTO person (id,first_name,second_name,email,user_login,user_password,sex,date_of_birth,age,permission_level) VALUES (272,'Linda','Rojas','bethany38@hotmail.com','mjohnson','tPFYVVTVibwQ','F','1919-03-20',100,1);
INSERT INTO staff_member (id,employed_since,position,salary,room) VALUES (272,'2018-07-21','Professor',35000,33);
INSERT INTO professor (id,research_topic,surgery_participation,departement_id) VALUES (272,'Radiologist',B'1',13);
INSERT INTO person (id,first_name,second_name,email,user_login,user_password,sex,date_of_birth,age,permission_level) VALUES (273,'Lisa','Peterson','patrick67@yahoo.com','hhale','THWOLQL','F','1923-04-05',96,2);
INSERT INTO staff_member (id,employed_since,position,salary,room) VALUES (273,'2015-05-13','Lab Technician',15000,47);
INSERT INTO lab_technician (id,education_level,departement_id) VALUES (273,'PhD',8);
INSERT INTO person (id,first_name,second_name,email,user_login,user_password,sex,date_of_birth,age,permission_level) VALUES (274,'Jeremy','Wright','haneykenneth@yahoo.com','kbass','MKMapcyCuPMqlDc','M','1920-12-21',99,3);
INSERT INTO staff_member (id,employed_since,position,salary,room) VALUES (274,'2019-08-15','IT Specialist',15000,76);
INSERT INTO IT_specialist (id,support_line) VALUES (274,B'0');
INSERT INTO person (id,first_name,second_name,email,user_login,user_password,sex,date_of_birth,age,permission_level) VALUES (275,'Jason','Gomez','gcase@yahoo.com','paulsheila','GOgNGAgoWdNe','M','1935-02-01',84,1);
INSERT INTO staff_member (id,employed_since,position,salary,room) VALUES (275,'2010-09-16','Pharmasist',20000,70);
INSERT INTO pharmasist (id,education_level,research) VALUES (275,'Bachelor',B'0');
INSERT INTO person (id,first_name,second_name,email,user_login,user_password,sex,date_of_birth,age,permission_level) VALUES (276,'Ryan','Li','chill@gmail.com','barry32','becDpSp','M','2002-03-30',17,1);
INSERT INTO staff_member (id,employed_since,position,salary,room) VALUES (276,'2013-01-27','Nurse',25000,5);
INSERT INTO nurse (id,surgery_assistant,preferred_shifts,appointment_assistant,departement_id) VALUES (276,B'0','Night',B'0',14);
INSERT INTO person (id,first_name,second_name,email,user_login,user_password,sex,date_of_birth,age,permission_level) VALUES (277,'Robert','Mcbride','robinsontasha@hotmail.com','greg63','hksPums','M','1943-12-14',76,4);
INSERT INTO staff_member (id,employed_since,position,salary,room) VALUES (277,'2012-10-05','Lab Technician',15000,50);
INSERT INTO lab_technician (id,education_level,departement_id) VALUES (277,'Magister',9);
INSERT INTO person (id,first_name,second_name,email,user_login,user_password,sex,date_of_birth,age,permission_level) VALUES (278,'Tracey','Sanchez','briansimon@gmail.com','sethmayer','GLNFgse','F','1979-10-01',40,4);
INSERT INTO patient (id) VALUES (278);
INSERT INTO patients_address (street,house,apartement) VALUES ('Carl st.','59','2');
INSERT INTO medical_history (patient_id,date) VALUES (278,'2019-11-11');
INSERT INTO person (id,first_name,second_name,email,user_login,user_password,sex,date_of_birth,age,permission_level) VALUES (279,'Jason','Simmons','delliott@yahoo.com','colleen72','VInUZdNfhcd','M','1961-05-15',58,1);
INSERT INTO staff_member (id,employed_since,position,salary,room) VALUES (279,'2012-02-29','Priest',15000,79);
INSERT INTO priest (id,religion) VALUES (279,'Islam');
INSERT INTO person (id,first_name,second_name,email,user_login,user_password,sex,date_of_birth,age,permission_level) VALUES (280,'Grace','Lopez','zstokes@hotmail.com','paul24','DCXThGDEjWf','F','1956-09-11',63,1);
INSERT INTO staff_member (id,employed_since,position,salary,room) VALUES (280,'2017-09-27','Nurse',25000,5);
INSERT INTO nurse (id,surgery_assistant,preferred_shifts,appointment_assistant,departement_id) VALUES (280,B'1','Day',B'1',3);
INSERT INTO person (id,first_name,second_name,email,user_login,user_password,sex,date_of_birth,age,permission_level) VALUES (281,'Parker','Williams','kharris@gmail.com','fostersarah','fIWOKWCqSTvtIkn','M','1986-01-26',33,5);
INSERT INTO patient (id) VALUES (281);
INSERT INTO patients_address (street,house,apartement) VALUES ('Teresa st.','81','7');
INSERT INTO medical_history (patient_id,date) VALUES (281,'2019-11-04');
INSERT INTO person (id,first_name,second_name,email,user_login,user_password,sex,date_of_birth,age,permission_level) VALUES (282,'Robert','Hall','ndavis@yahoo.com','ajohnson','UnuaHUYcTxyiwW','M','1930-08-31',89,1);
INSERT INTO staff_member (id,employed_since,position,salary,room) VALUES (282,'2013-07-29','Pharmasist',20000,68);
INSERT INTO pharmasist (id,education_level,research) VALUES (282,'Bachelor',B'1');
INSERT INTO person (id,first_name,second_name,email,user_login,user_password,sex,date_of_birth,age,permission_level) VALUES (283,'Ryan','Watts','tsmith@gmail.com','anthonysmith','pIZoUrel','M','1912-05-10',107,2);
INSERT INTO staff_member (id,employed_since,position,salary,room) VALUES (283,'2012-03-11','Cleaning Team Worker',10000,53);
INSERT INTO cleaning_team_worker (id,employment_type) VALUES (283,'Part time');
INSERT INTO person (id,first_name,second_name,email,user_login,user_password,sex,date_of_birth,age,permission_level) VALUES (284,'Sean','Pittman','whood@yahoo.com','millertimothy','QbyMSRmUCDCOrzo','M','1904-06-07',115,1);
INSERT INTO staff_member (id,employed_since,position,salary,room) VALUES (284,'2009-12-10','Cook',15000,71);
INSERT INTO cook (id,experience) VALUES (284,3);
INSERT INTO person (id,first_name,second_name,email,user_login,user_password,sex,date_of_birth,age,permission_level) VALUES (285,'Matthew','Long','escobarmiguel@gmail.com','msullivan','kMrCzeoYH','M','2013-01-13',6,2);
INSERT INTO staff_member (id,employed_since,position,salary,room) VALUES (285,'2014-08-13','Nurse',25000,8);
INSERT INTO nurse (id,surgery_assistant,preferred_shifts,appointment_assistant,departement_id) VALUES (285,B'0','Day',B'1',15);
INSERT INTO person (id,first_name,second_name,email,user_login,user_password,sex,date_of_birth,age,permission_level) VALUES (286,'Sarah','Pace','mullinsjustin@gmail.com','madison85','xVuPeDoxrAVFA','F','1961-01-25',58,2);
INSERT INTO staff_member (id,employed_since,position,salary,room) VALUES (286,'2015-10-05','Nurse',25000,6);
INSERT INTO nurse (id,surgery_assistant,preferred_shifts,appointment_assistant,departement_id) VALUES (286,B'1','Night',B'0',10);
INSERT INTO person (id,first_name,second_name,email,user_login,user_password,sex,date_of_birth,age,permission_level) VALUES (287,'Brandy','Drake','irwinamy@hotmail.com','samanthagarcia','RVFFLtgJXJJNf','F','1906-02-12',113,3);
INSERT INTO staff_member (id,employed_since,position,salary,room) VALUES (287,'2015-06-21','Nurse',25000,8);
INSERT INTO nurse (id,surgery_assistant,preferred_shifts,appointment_assistant,departement_id) VALUES (287,B'0','Night',B'0',4);
INSERT INTO person (id,first_name,second_name,email,user_login,user_password,sex,date_of_birth,age,permission_level) VALUES (288,'Patricia','Webb','barnesnatalie@gmail.com','christopher79','YreRGxv','F','1935-11-27',84,3);
INSERT INTO staff_member (id,employed_since,position,salary,room) VALUES (288,'2012-12-02','Nurse',25000,3);
INSERT INTO nurse (id,surgery_assistant,preferred_shifts,appointment_assistant,departement_id) VALUES (288,B'0','Day',B'1',3);
INSERT INTO person (id,first_name,second_name,email,user_login,user_password,sex,date_of_birth,age,permission_level) VALUES (289,'Anthony','Palmer','abbottlogan@yahoo.com','crystal87','MilfxisbEh','M','1944-11-03',75,4);
INSERT INTO staff_member (id,employed_since,position,salary,room) VALUES (289,'2018-02-23','Doctor',35000,30);
INSERT INTO doctor (id,speciality,emergency_hours,experience,departement_id,supervisor) VALUES (289,'Geriatric Medicine Specialist',B'0',4,10,110);
INSERT INTO person (id,first_name,second_name,email,user_login,user_password,sex,date_of_birth,age,permission_level) VALUES (290,'James','Miller','hrodriguez@hotmail.com','moraleschristina','svkZpofvhRGnCJ','M','1926-04-10',93,4);
INSERT INTO patient (id) VALUES (290);
INSERT INTO patients_address (street,house,apartement) VALUES ('Dustin st.','22','5');
INSERT INTO medical_history (patient_id,date) VALUES (290,'2019-10-18');
INSERT INTO person (id,first_name,second_name,email,user_login,user_password,sex,date_of_birth,age,permission_level) VALUES (291,'Kimberly','Wright','ostrong@yahoo.com','arios','ztruoileqh','F','1907-06-11',112,1);
INSERT INTO staff_member (id,employed_since,position,salary,room) VALUES (291,'2012-10-30','Priest',15000,79);
INSERT INTO priest (id,religion) VALUES (291,'Islam');
INSERT INTO person (id,first_name,second_name,email,user_login,user_password,sex,date_of_birth,age,permission_level) VALUES (292,'Jack','Nguyen','scottkyle@gmail.com','vfrench','LEcmbjp','M','1960-08-15',59,2);
INSERT INTO staff_member (id,employed_since,position,salary,room) VALUES (292,'2019-04-19','Nurse',25000,9);
INSERT INTO nurse (id,surgery_assistant,preferred_shifts,appointment_assistant,departement_id) VALUES (292,B'0','Day',B'0',15);
INSERT INTO person (id,first_name,second_name,email,user_login,user_password,sex,date_of_birth,age,permission_level) VALUES (293,'Bruce','Johnson','richard41@hotmail.com','loweryallison','jYHBJqGQLxScN','M','1906-04-23',113,4);
INSERT INTO staff_member (id,employed_since,position,salary,room) VALUES (293,'2014-07-01','Professor',35000,36);
INSERT INTO professor (id,research_topic,surgery_participation,departement_id) VALUES (293,'Pulmonologist',B'1',14);
INSERT INTO person (id,first_name,second_name,email,user_login,user_password,sex,date_of_birth,age,permission_level) VALUES (294,'Justin','Roy','myerstaylor@hotmail.com','davidhoward','jsBjUIEL','M','1954-08-18',65,4);
INSERT INTO staff_member (id,employed_since,position,salary,room) VALUES (294,'2016-10-26','Professor',35000,38);
INSERT INTO professor (id,research_topic,surgery_participation,departement_id) VALUES (294,'Pediatrician',B'1',7);
INSERT INTO person (id,first_name,second_name,email,user_login,user_password,sex,date_of_birth,age,permission_level) VALUES (295,'Amy','Russo','chelseacalderon@hotmail.com','steven62','rOFjKnP','F','1973-09-07',46,3);
INSERT INTO staff_member (id,employed_since,position,salary,room) VALUES (295,'2014-10-22','Nurse',25000,3);
INSERT INTO nurse (id,surgery_assistant,preferred_shifts,appointment_assistant,departement_id) VALUES (295,B'1','Night',B'0',4);
INSERT INTO person (id,first_name,second_name,email,user_login,user_password,sex,date_of_birth,age,permission_level) VALUES (296,'Catherine','Oneill','timothy58@yahoo.com','lucaskarl','fjYVOkumoRvtL','F','1979-04-23',40,5);
INSERT INTO patient (id) VALUES (296);
INSERT INTO patients_address (street,house,apartement) VALUES ('James st.','45','7');
INSERT INTO medical_history (patient_id,date) VALUES (296,'2019-11-05');
INSERT INTO person (id,first_name,second_name,email,user_login,user_password,sex,date_of_birth,age,permission_level) VALUES (297,'John','Miller','rhondastone@hotmail.com','kelleyrachel','TLcuHmzhoFyaj','M','1962-12-30',57,1);
INSERT INTO staff_member (id,employed_since,position,salary,room) VALUES (297,'2017-03-26','Professor',35000,31);
INSERT INTO professor (id,research_topic,surgery_participation,departement_id) VALUES (297,'Radiologist',B'1',11);
INSERT INTO person (id,first_name,second_name,email,user_login,user_password,sex,date_of_birth,age,permission_level) VALUES (298,'Wayne','Hutchinson','lmason@hotmail.com','otaylor','VAglvPpIeNES','M','1934-09-06',85,3);
INSERT INTO staff_member (id,employed_since,position,salary,room) VALUES (298,'2015-04-19','Lab Technician',15000,46);
INSERT INTO lab_technician (id,education_level,departement_id) VALUES (298,'PhD',6);
INSERT INTO person (id,first_name,second_name,email,user_login,user_password,sex,date_of_birth,age,permission_level) VALUES (299,'Donald','Keith','harry11@yahoo.com','holly91','xBJZHbJIFPyHAQs','M','1930-03-02',89,3);
INSERT INTO staff_member (id,employed_since,position,salary,room) VALUES (299,'2019-06-01','Cleaning Team Worker',10000,52);
INSERT INTO cleaning_team_worker (id,employment_type) VALUES (299,'Full time');
INSERT INTO person (id,first_name,second_name,email,user_login,user_password,sex,date_of_birth,age,permission_level) VALUES (300,'Kelly','Butler','frances31@yahoo.com','diazmonica','LvGcAdtDvXhMkUJ','F','2003-08-25',16,4);
INSERT INTO patient (id) VALUES (300);
INSERT INTO patients_address (street,house,apartement) VALUES ('Anthony st.','3','5');
INSERT INTO medical_history (patient_id,date) VALUES (300,'2019-11-16');
INSERT INTO person (id,first_name,second_name,email,user_login,user_password,sex,date_of_birth,age,permission_level) VALUES (301,'Jill','Paul','megan58@hotmail.com','jameswilcox','rVnshchBFZwS','F','1966-02-17',53,5);
INSERT INTO staff_member (id,employed_since,position,salary,room) VALUES (301,'2018-10-09','Security Team Member',10000,61);
INSERT INTO security_team_member (id,shifts,physical_test_grade) VALUES (301,'Day','B');
INSERT INTO person (id,first_name,second_name,email,user_login,user_password,sex,date_of_birth,age,permission_level) VALUES (302,'Benjamin','Santos','laura41@gmail.com','xjohnson','pPWhepYws','M','1916-08-02',103,5);
INSERT INTO staff_member (id,employed_since,position,salary,room) VALUES (302,'2014-04-30','Lab Technician',15000,45);
INSERT INTO lab_technician (id,education_level,departement_id) VALUES (302,'PhD',6);
INSERT INTO person (id,first_name,second_name,email,user_login,user_password,sex,date_of_birth,age,permission_level) VALUES (303,'Mary','Clarke','ireyes@gmail.com','rebekahramirez','HoYONxwX','F','1960-12-28',59,1);
INSERT INTO staff_member (id,employed_since,position,salary,room) VALUES (303,'2010-07-07','Doctor',35000,16);
INSERT INTO doctor (id,speciality,emergency_hours,experience,departement_id,supervisor) VALUES (303,'Infectious Disease Specialist',B'0',6,2,63);
INSERT INTO person (id,first_name,second_name,email,user_login,user_password,sex,date_of_birth,age,permission_level) VALUES (304,'Kyle','Carlson','ryandawson@yahoo.com','iangonzales','tbtBKyLpb','M','1999-12-04',20,4);
INSERT INTO staff_member (id,employed_since,position,salary,room) VALUES (304,'2015-02-10','HR',30000,64);
INSERT INTO hr (id,selection_responsibility) VALUES (304,'Review');
INSERT INTO person (id,first_name,second_name,email,user_login,user_password,sex,date_of_birth,age,permission_level) VALUES (305,'Eric','Fitzgerald','christopher80@hotmail.com','holtchristopher','pSfFtGjKokVnH','M','2019-04-09',0,2);
INSERT INTO staff_member (id,employed_since,position,salary,room) VALUES (305,'2010-09-27','Security Team Member',10000,63);
INSERT INTO security_team_member (id,shifts,physical_test_grade) VALUES (305,'Day','D');
INSERT INTO person (id,first_name,second_name,email,user_login,user_password,sex,date_of_birth,age,permission_level) VALUES (306,'Carol','Cooper','cooperheather@gmail.com','rachelharris','ZvKKaUpj','F','2016-08-11',3,4);
INSERT INTO staff_member (id,employed_since,position,salary,room) VALUES (306,'2011-01-19','Doctor',35000,30);
INSERT INTO doctor (id,speciality,emergency_hours,experience,departement_id,supervisor) VALUES (306,'Anesthesiologist',B'0',3,14,52);
INSERT INTO person (id,first_name,second_name,email,user_login,user_password,sex,date_of_birth,age,permission_level) VALUES (307,'Kathryn','Kelley','isexton@yahoo.com','wilsonjoshua','UDtJUqcy','F','1962-05-19',57,3);
INSERT INTO staff_member (id,employed_since,position,salary,room) VALUES (307,'2017-08-30','Security Team Member',10000,62);
INSERT INTO security_team_member (id,shifts,physical_test_grade) VALUES (307,'Night','B');
INSERT INTO person (id,first_name,second_name,email,user_login,user_password,sex,date_of_birth,age,permission_level) VALUES (308,'Gabrielle','Clark','bowenheather@gmail.com','losborn','gNKhtjPNhu','F','1973-05-03',46,1);
INSERT INTO staff_member (id,employed_since,position,salary,room) VALUES (308,'2016-03-09','Doctor',35000,17);
INSERT INTO doctor (id,speciality,emergency_hours,experience,departement_id,supervisor) VALUES (308,'Podiatrist',B'0',3,6,303);
INSERT INTO person (id,first_name,second_name,email,user_login,user_password,sex,date_of_birth,age,permission_level) VALUES (309,'Lauren','Parker','marksanthony@hotmail.com','rachel16','BxGlBfBzETZlkb','F','1940-07-25',79,1);
INSERT INTO staff_member (id,employed_since,position,salary,room) VALUES (309,'2017-08-21','Reseptionist',15000,56);
INSERT INTO reseptionist (id) VALUES (309);
INSERT INTO languages_spoken (reseptionist_id,language) VALUES (309,'TatarTatarTatar');
INSERT INTO person (id,first_name,second_name,email,user_login,user_password,sex,date_of_birth,age,permission_level) VALUES (310,'Albert','Brown','davidbecker@yahoo.com','amber65','sddiLtrutnp','M','1981-05-21',38,4);
INSERT INTO staff_member (id,employed_since,position,salary,room) VALUES (310,'2013-12-30','Professor',35000,38);
INSERT INTO professor (id,research_topic,surgery_participation,departement_id) VALUES (310,'Cardiologist',B'1',13);
INSERT INTO person (id,first_name,second_name,email,user_login,user_password,sex,date_of_birth,age,permission_level) VALUES (311,'Erica','Miller','popejeffery@gmail.com','elliottdaniel','MhrmDMvi','F','1961-12-06',58,4);
INSERT INTO patient (id) VALUES (311);
INSERT INTO patients_address (street,house,apartement) VALUES ('Mark st.','74','10');
INSERT INTO medical_history (patient_id,date) VALUES (311,'2019-10-28');
INSERT INTO person (id,first_name,second_name,email,user_login,user_password,sex,date_of_birth,age,permission_level) VALUES (312,'Ashley','Johnson','batesdaniel@hotmail.com','bmartin','ATSOnIaXu','F','1980-07-27',39,1);
INSERT INTO staff_member (id,employed_since,position,salary,room) VALUES (312,'2012-08-19','Priest',15000,79);
INSERT INTO priest (id,religion) VALUES (312,'Islam');
INSERT INTO person (id,first_name,second_name,email,user_login,user_password,sex,date_of_birth,age,permission_level) VALUES (313,'Larry','Williamson','chelseasmith@hotmail.com','michaelparks','AvXHwQqH','M','1935-07-24',84,1);
INSERT INTO patient (id) VALUES (313);
INSERT INTO patients_address (street,house,apartement) VALUES ('Lisa st.','51','2');
INSERT INTO medical_history (patient_id,date) VALUES (313,'2019-10-24');
INSERT INTO person (id,first_name,second_name,email,user_login,user_password,sex,date_of_birth,age,permission_level) VALUES (314,'Crystal','Rich','hilljohn@hotmail.com','ethan85','evkJYAiEEeXJ','F','1916-09-30',103,5);
INSERT INTO staff_member (id,employed_since,position,salary,room) VALUES (314,'2017-12-22','Nurse',25000,8);
INSERT INTO nurse (id,surgery_assistant,preferred_shifts,appointment_assistant,departement_id) VALUES (314,B'1','Night',B'0',17);
INSERT INTO person (id,first_name,second_name,email,user_login,user_password,sex,date_of_birth,age,permission_level) VALUES (315,'Ronald','Silva','johnmitchell@yahoo.com','cathywilliams','ULPQGkBd','M','1940-04-01',79,1);
INSERT INTO staff_member (id,employed_since,position,salary,room) VALUES (315,'2014-09-21','Lab Technician',15000,43);
INSERT INTO lab_technician (id,education_level,departement_id) VALUES (315,'PhD',3);
INSERT INTO person (id,first_name,second_name,email,user_login,user_password,sex,date_of_birth,age,permission_level) VALUES (316,'Heather','Hicks','dunnmaria@yahoo.com','wellstyler','VJzZEhYIGLNjjh','F','1915-09-01',104,1);
INSERT INTO staff_member (id,employed_since,position,salary,room) VALUES (316,'2012-04-21','Nurse',25000,5);
INSERT INTO nurse (id,surgery_assistant,preferred_shifts,appointment_assistant,departement_id) VALUES (316,B'0','Day',B'0',10);
INSERT INTO person (id,first_name,second_name,email,user_login,user_password,sex,date_of_birth,age,permission_level) VALUES (317,'Mark','Villa','brownpaula@yahoo.com','sholmes','zXeeiWPyAeHomo','M','2013-11-22',6,4);
INSERT INTO staff_member (id,employed_since,position,salary,room) VALUES (317,'2016-06-13','HR',30000,64);
INSERT INTO hr (id,selection_responsibility) VALUES (317,'Interview');
INSERT INTO person (id,first_name,second_name,email,user_login,user_password,sex,date_of_birth,age,permission_level) VALUES (318,'Kimberly','Smith','ivanshort@hotmail.com','bromero','mQCPxfo','F','1983-04-03',36,1);
INSERT INTO staff_member (id,employed_since,position,salary,room) VALUES (318,'2013-04-23','Doctor',35000,26);
INSERT INTO doctor (id,speciality,emergency_hours,experience,departement_id,supervisor) VALUES (318,'Endocrinologists',B'0',10,15,202);
INSERT INTO person (id,first_name,second_name,email,user_login,user_password,sex,date_of_birth,age,permission_level) VALUES (319,'Mr.','James','jessicachurch@gmail.com','wellserin','FGvHMEV','M','2000-08-03',19,1);
INSERT INTO staff_member (id,employed_since,position,salary,room) VALUES (319,'2011-04-13','Doctor',35000,12);
INSERT INTO doctor (id,speciality,emergency_hours,experience,departement_id,supervisor) VALUES (319,'Hospice and Palliative Medicine Specialist',B'0',1,1,14);
INSERT INTO person (id,first_name,second_name,email,user_login,user_password,sex,date_of_birth,age,permission_level) VALUES (320,'Daniel','Wright','carmenjones@hotmail.com','handrews','PoIIRitxrKvJ','M','1978-09-16',41,2);
INSERT INTO patient (id) VALUES (320);
INSERT INTO patients_address (street,house,apartement) VALUES ('Christopher st.','77','6');
INSERT INTO medical_history (patient_id,date) VALUES (320,'2019-10-30');
INSERT INTO person (id,first_name,second_name,email,user_login,user_password,sex,date_of_birth,age,permission_level) VALUES (321,'Victoria','Lee','zpatel@gmail.com','allison75','QqxeeaKxma','F','2001-02-17',18,1);
INSERT INTO staff_member (id,employed_since,position,salary,room) VALUES (321,'2012-06-16','Professor',35000,39);
INSERT INTO professor (id,research_topic,surgery_participation,departement_id) VALUES (321,'Preventive Medicine Specialist',B'1',16);
INSERT INTO person (id,first_name,second_name,email,user_login,user_password,sex,date_of_birth,age,permission_level) VALUES (322,'Brian','Evans','nicolebrown@gmail.com','rrivera','rrQqpRIdO','M','2008-07-16',11,2);
INSERT INTO patient (id) VALUES (322);
INSERT INTO patients_address (street,house,apartement) VALUES ('Sarah st.','66','10');
INSERT INTO medical_history (patient_id,date) VALUES (322,'2019-10-27');
INSERT INTO person (id,first_name,second_name,email,user_login,user_password,sex,date_of_birth,age,permission_level) VALUES (323,'Charles','Young','christophergonzalez@hotmail.com','vharris','fumZsafrS','M','1961-03-16',58,3);
INSERT INTO staff_member (id,employed_since,position,salary,room) VALUES (323,'2014-05-21','Doctor',35000,26);
INSERT INTO doctor (id,speciality,emergency_hours,experience,departement_id,supervisor) VALUES (323,'Radiologist',B'0',10,3,243);
INSERT INTO person (id,first_name,second_name,email,user_login,user_password,sex,date_of_birth,age,permission_level) VALUES (324,'Donald','Duncan','weeksrebecca@hotmail.com','levi01','dFJKLJvydCTcsB','M','1991-09-10',28,5);
INSERT INTO staff_member (id,employed_since,position,salary,room) VALUES (324,'2018-01-18','Nurse',25000,3);
INSERT INTO nurse (id,surgery_assistant,preferred_shifts,appointment_assistant,departement_id) VALUES (324,B'1','Day',B'1',16);
INSERT INTO person (id,first_name,second_name,email,user_login,user_password,sex,date_of_birth,age,permission_level) VALUES (325,'Heather','Lee','morenoalbert@yahoo.com','brandischroeder','XCICBfPhMUyA','F','1968-02-09',51,4);
INSERT INTO staff_member (id,employed_since,position,salary,room) VALUES (325,'2011-06-29','Pharmasist',20000,70);
INSERT INTO pharmasist (id,education_level,research) VALUES (325,'Magister',B'1');
INSERT INTO person (id,first_name,second_name,email,user_login,user_password,sex,date_of_birth,age,permission_level) VALUES (326,'Dr.','Julie','valeriebeck@hotmail.com','ihenderson','CNqjZFkt','F','1983-03-19',36,1);
INSERT INTO staff_member (id,employed_since,position,salary,room) VALUES (326,'2016-06-14','Professor',35000,40);
INSERT INTO professor (id,research_topic,surgery_participation,departement_id) VALUES (326,'Otolaryngologist',B'0',15);
INSERT INTO person (id,first_name,second_name,email,user_login,user_password,sex,date_of_birth,age,permission_level) VALUES (327,'Jordan','Lawson','nproctor@hotmail.com','hallcindy','PvJYtXoelrBloD','M','2010-02-14',9,2);
INSERT INTO staff_member (id,employed_since,position,salary,room) VALUES (327,'2013-08-18','Professor',35000,40);
INSERT INTO professor (id,research_topic,surgery_participation,departement_id) VALUES (327,'Emergency Medicine Specialist',B'1',13);
INSERT INTO person (id,first_name,second_name,email,user_login,user_password,sex,date_of_birth,age,permission_level) VALUES (328,'Amy','Carrillo','hannapeter@yahoo.com','kdavis','GbnMXMP','F','1905-02-11',114,4);
INSERT INTO staff_member (id,employed_since,position,salary,room) VALUES (328,'2015-10-06','Doctor',35000,12);
INSERT INTO doctor (id,speciality,emergency_hours,experience,departement_id,supervisor) VALUES (328,'Geriatric Medicine Specialist',B'1',8,5,115);
INSERT INTO person (id,first_name,second_name,email,user_login,user_password,sex,date_of_birth,age,permission_level) VALUES (329,'Helen','Oliver','richardjones@yahoo.com','sweber','GuZXRttXRva','F','1966-01-26',53,4);
INSERT INTO staff_member (id,employed_since,position,salary,room) VALUES (329,'2010-12-20','Reseptionist',15000,56);
INSERT INTO reseptionist (id) VALUES (329);
INSERT INTO languages_spoken (reseptionist_id,language) VALUES (329,'PortuguesRussian');
INSERT INTO person (id,first_name,second_name,email,user_login,user_password,sex,date_of_birth,age,permission_level) VALUES (330,'Christopher','Henderson','cgilbert@yahoo.com','jefferylane','UzOWjvCZIZNbdr','M','1989-06-07',30,4);
INSERT INTO staff_member (id,employed_since,position,salary,room) VALUES (330,'2011-06-24','Nurse',25000,7);
INSERT INTO nurse (id,surgery_assistant,preferred_shifts,appointment_assistant,departement_id) VALUES (330,B'0','Day',B'0',4);
INSERT INTO person (id,first_name,second_name,email,user_login,user_password,sex,date_of_birth,age,permission_level) VALUES (331,'Peter','Mercado','bgomez@hotmail.com','kharper','LOiSDDeqUsSewur','M','1968-07-07',51,3);
INSERT INTO staff_member (id,employed_since,position,salary,room) VALUES (331,'2014-02-13','Reseptionist',15000,56);
INSERT INTO reseptionist (id) VALUES (331);
INSERT INTO languages_spoken (reseptionist_id,language) VALUES (331,'EnglishEnglishRussianTatarPortugues');
INSERT INTO person (id,first_name,second_name,email,user_login,user_password,sex,date_of_birth,age,permission_level) VALUES (332,'Charles','Rodriguez','mariasloan@yahoo.com','teresa36','azZOauPlEfNMl','M','1924-10-06',95,3);
INSERT INTO staff_member (id,employed_since,position,salary,room) VALUES (332,'2018-02-26','Nurse',25000,9);
INSERT INTO nurse (id,surgery_assistant,preferred_shifts,appointment_assistant,departement_id) VALUES (332,B'1','Night',B'0',9);
INSERT INTO person (id,first_name,second_name,email,user_login,user_password,sex,date_of_birth,age,permission_level) VALUES (333,'Anne','Pearson','mackenziedavis@hotmail.com','ejoseph','bfltSWtdd','F','2005-03-13',14,4);
INSERT INTO staff_member (id,employed_since,position,salary,room) VALUES (333,'2010-04-22','Cleaning Team Worker',10000,52);
INSERT INTO cleaning_team_worker (id,employment_type) VALUES (333,'Part time');
INSERT INTO person (id,first_name,second_name,email,user_login,user_password,sex,date_of_birth,age,permission_level) VALUES (334,'Carrie','Reid','frankolson@hotmail.com','rmartinez','sGSGbMmeeolUvJC','F','1952-10-21',67,1);
INSERT INTO staff_member (id,employed_since,position,salary,room) VALUES (334,'2015-09-23','Doctor',35000,17);
INSERT INTO doctor (id,speciality,emergency_hours,experience,departement_id,supervisor) VALUES (334,'Obstetrician and Gynecologist',B'1',1,16,14);
INSERT INTO person (id,first_name,second_name,email,user_login,user_password,sex,date_of_birth,age,permission_level) VALUES (335,'James','Sanchez','omays@yahoo.com','melanie55','dVEzjxROoc','M','1960-07-09',59,3);
INSERT INTO staff_member (id,employed_since,position,salary,room) VALUES (335,'2019-01-15','Nurse',25000,5);
INSERT INTO nurse (id,surgery_assistant,preferred_shifts,appointment_assistant,departement_id) VALUES (335,B'0','Night',B'0',7);
INSERT INTO person (id,first_name,second_name,email,user_login,user_password,sex,date_of_birth,age,permission_level) VALUES (336,'Darryl','Casey','clifford23@hotmail.com','kingebony','GTgYTMWQBBXd','M','1919-04-22',100,1);
INSERT INTO patient (id) VALUES (336);
INSERT INTO patients_address (street,house,apartement) VALUES ('Andrea st.','68','1');
INSERT INTO medical_history (patient_id,date) VALUES (336,'2019-10-21');
INSERT INTO person (id,first_name,second_name,email,user_login,user_password,sex,date_of_birth,age,permission_level) VALUES (337,'Beth','Brown','kenglish@hotmail.com','nguyencynthia','gWXswHjP','F','1974-01-13',45,2);
INSERT INTO staff_member (id,employed_since,position,salary,room) VALUES (337,'2014-12-07','Doctor',35000,24);
INSERT INTO doctor (id,speciality,emergency_hours,experience,departement_id,supervisor) VALUES (337,'Radiologist',B'0',9,11,243);
INSERT INTO person (id,first_name,second_name,email,user_login,user_password,sex,date_of_birth,age,permission_level) VALUES (338,'Gregory','Martin','aaron30@yahoo.com','cynthia26','PgZZZukNWAP','M','1988-03-13',31,2);
INSERT INTO staff_member (id,employed_since,position,salary,room) VALUES (338,'2019-01-01','Maintanence Worker',15000,60);
INSERT INTO maintanence_worker (id,employment_type,speciality) VALUES (338,'Part time','Furniture');
INSERT INTO person (id,first_name,second_name,email,user_login,user_password,sex,date_of_birth,age,permission_level) VALUES (339,'Edgar','Alvarez','jonathan07@yahoo.com','angela77','pIWDBuoLA','M','1930-08-05',89,3);
INSERT INTO patient (id) VALUES (339);
INSERT INTO patients_address (street,house,apartement) VALUES ('Clifford st.','55','3');
INSERT INTO medical_history (patient_id,date) VALUES (339,'2019-11-12');
INSERT INTO person (id,first_name,second_name,email,user_login,user_password,sex,date_of_birth,age,permission_level) VALUES (340,'Bernard','Martinez','andrew62@hotmail.com','wjackson','imkVRFXgQ','M','2007-11-03',12,4);
INSERT INTO patient (id) VALUES (340);
INSERT INTO patients_address (street,house,apartement) VALUES ('Eric st.','68','10');
INSERT INTO medical_history (patient_id,date) VALUES (340,'2019-10-22');
INSERT INTO person (id,first_name,second_name,email,user_login,user_password,sex,date_of_birth,age,permission_level) VALUES (341,'Stephanie','Blanchard','donaldjackson@hotmail.com','joseph35','UcCGGPIh','F','1910-03-22',109,4);
INSERT INTO staff_member (id,employed_since,position,salary,room) VALUES (341,'2014-06-12','Nurse',25000,7);
INSERT INTO nurse (id,surgery_assistant,preferred_shifts,appointment_assistant,departement_id) VALUES (341,B'0','Night',B'0',5);
INSERT INTO person (id,first_name,second_name,email,user_login,user_password,sex,date_of_birth,age,permission_level) VALUES (342,'Lisa','Berger','johnsonpaul@yahoo.com','pwalker','cxZzNIqzLFM','F','1968-10-24',51,4);
INSERT INTO patient (id) VALUES (342);
INSERT INTO patients_address (street,house,apartement) VALUES ('Lauren st.','78','10');
INSERT INTO medical_history (patient_id,date) VALUES (342,'2019-10-25');
INSERT INTO person (id,first_name,second_name,email,user_login,user_password,sex,date_of_birth,age,permission_level) VALUES (343,'Chad','Vaughn','hahnmichael@hotmail.com','dylanhuber','efolKQtwDs','M','1966-04-21',53,4);
INSERT INTO staff_member (id,employed_since,position,salary,room) VALUES (343,'2011-03-02','Nurse',25000,3);
INSERT INTO nurse (id,surgery_assistant,preferred_shifts,appointment_assistant,departement_id) VALUES (343,B'1','Night',B'0',7);
INSERT INTO person (id,first_name,second_name,email,user_login,user_password,sex,date_of_birth,age,permission_level) VALUES (344,'Ashlee','Cohen','hchavez@gmail.com','whitneyandrea','RTErvsVQZIc','F','1997-04-12',22,5);
INSERT INTO staff_member (id,employed_since,position,salary,room) VALUES (344,'2013-09-25','Nurse',25000,7);
INSERT INTO nurse (id,surgery_assistant,preferred_shifts,appointment_assistant,departement_id) VALUES (344,B'1','Day',B'0',4);
INSERT INTO person (id,first_name,second_name,email,user_login,user_password,sex,date_of_birth,age,permission_level) VALUES (345,'David','Campos','alex91@gmail.com','crystal28','HvGtGXiBy','M','2000-12-12',19,3);
INSERT INTO staff_member (id,employed_since,position,salary,room) VALUES (345,'2010-08-15','Professor',35000,36);
INSERT INTO professor (id,research_topic,surgery_participation,departement_id) VALUES (345,'Psychiatrist',B'0',15);
INSERT INTO person (id,first_name,second_name,email,user_login,user_password,sex,date_of_birth,age,permission_level) VALUES (346,'Ruben','Henry','gonzalezryan@gmail.com','scott58','pdsrJUsOPzustC','M','1929-02-14',90,2);
INSERT INTO patient (id) VALUES (346);
INSERT INTO patients_address (street,house,apartement) VALUES ('Anthony st.','11','3');
INSERT INTO medical_history (patient_id,date) VALUES (346,'2019-11-16');
INSERT INTO person (id,first_name,second_name,email,user_login,user_password,sex,date_of_birth,age,permission_level) VALUES (347,'Lee','Jones','philip13@gmail.com','davidevans','sfzNOtLh','M','1954-12-20',65,1);
INSERT INTO staff_member (id,employed_since,position,salary,room) VALUES (347,'2016-10-30','Doctor',35000,25);
INSERT INTO doctor (id,speciality,emergency_hours,experience,departement_id,supervisor) VALUES (347,'Ophthalmologist',B'1',10,2,235);
INSERT INTO person (id,first_name,second_name,email,user_login,user_password,sex,date_of_birth,age,permission_level) VALUES (348,'Charles','Medina','ustewart@yahoo.com','colemanamy','brynlIjupdMF','M','1958-10-29',61,1);
INSERT INTO staff_member (id,employed_since,position,salary,room) VALUES (348,'2019-03-11','Lab Technician',15000,43);
INSERT INTO lab_technician (id,education_level,departement_id) VALUES (348,'Bachelor',13);
INSERT INTO person (id,first_name,second_name,email,user_login,user_password,sex,date_of_birth,age,permission_level) VALUES (349,'Sherry','Smith','asimmons@yahoo.com','brownchristopher','oQOVgOLlZ','F','1996-10-09',23,2);
INSERT INTO staff_member (id,employed_since,position,salary,room) VALUES (349,'2013-08-10','Doctor',35000,29);
INSERT INTO doctor (id,speciality,emergency_hours,experience,departement_id,supervisor) VALUES (349,'Cardiologist',B'1',10,15,236);
INSERT INTO person (id,first_name,second_name,email,user_login,user_password,sex,date_of_birth,age,permission_level) VALUES (350,'Dana','Parrish','robertsonamber@yahoo.com','ptownsend','HjAMAkjoTZ','F','1977-01-30',42,4);
INSERT INTO staff_member (id,employed_since,position,salary,room) VALUES (350,'2017-03-05','Lab Technician',15000,43);
INSERT INTO lab_technician (id,education_level,departement_id) VALUES (350,'PhD',3);
INSERT INTO person (id,first_name,second_name,email,user_login,user_password,sex,date_of_birth,age,permission_level) VALUES (351,'Kimberly','Madden','david52@hotmail.com','kenneth99','YovcCrPHEgueE','F','1951-08-18',68,3);
INSERT INTO staff_member (id,employed_since,position,salary,room) VALUES (351,'2017-03-23','Nurse',25000,3);
INSERT INTO nurse (id,surgery_assistant,preferred_shifts,appointment_assistant,departement_id) VALUES (351,B'0','Day',B'0',3);
INSERT INTO person (id,first_name,second_name,email,user_login,user_password,sex,date_of_birth,age,permission_level) VALUES (352,'Anita','Allison','terrimclean@gmail.com','montesnatalie','ImSJfoNTCAWTl','F','1997-11-04',22,4);
INSERT INTO staff_member (id,employed_since,position,salary,room) VALUES (352,'2011-05-31','Doctor',35000,11);
INSERT INTO doctor (id,speciality,emergency_hours,experience,departement_id,supervisor) VALUES (352,'Infectious Disease Specialist',B'1',9,17,74);
INSERT INTO person (id,first_name,second_name,email,user_login,user_password,sex,date_of_birth,age,permission_level) VALUES (353,'Timothy','Perez','lbrowning@gmail.com','jennifer97','BXYJvguObOHBcIp','M','1980-05-25',39,3);
INSERT INTO patient (id) VALUES (353);
INSERT INTO patients_address (street,house,apartement) VALUES ('Rebecca st.','73','2');
INSERT INTO medical_history (patient_id,date) VALUES (353,'2019-10-28');
INSERT INTO person (id,first_name,second_name,email,user_login,user_password,sex,date_of_birth,age,permission_level) VALUES (354,'Jonathan','Johnson','xcarlson@yahoo.com','whiteeddie','YOHcnZjnGigffk','M','1995-10-14',24,1);
INSERT INTO patient (id) VALUES (354);
INSERT INTO patients_address (street,house,apartement) VALUES ('Jacob st.','14','7');
INSERT INTO medical_history (patient_id,date) VALUES (354,'2019-11-11');
INSERT INTO person (id,first_name,second_name,email,user_login,user_password,sex,date_of_birth,age,permission_level) VALUES (355,'Justin','Arnold','pricerandy@yahoo.com','alejandrothomas','eveshJfqUj','M','1958-08-23',61,3);
INSERT INTO patient (id) VALUES (355);
INSERT INTO patients_address (street,house,apartement) VALUES ('Elizabeth st.','98','4');
INSERT INTO medical_history (patient_id,date) VALUES (355,'2019-11-17');
INSERT INTO person (id,first_name,second_name,email,user_login,user_password,sex,date_of_birth,age,permission_level) VALUES (356,'Angela','Oneal','phillipmcdonald@gmail.com','wendy49','GQTlLFNOmy','F','1990-06-24',29,1);
INSERT INTO staff_member (id,employed_since,position,salary,room) VALUES (356,'2012-05-01','Doctor',35000,25);
INSERT INTO doctor (id,speciality,emergency_hours,experience,departement_id,supervisor) VALUES (356,'Medicine Specialist',B'1',8,7,74);
INSERT INTO person (id,first_name,second_name,email,user_login,user_password,sex,date_of_birth,age,permission_level) VALUES (357,'Carol','Burch','sarah42@gmail.com','westcynthia','uIXdryIc','F','2004-08-20',15,1);
INSERT INTO staff_member (id,employed_since,position,salary,room) VALUES (357,'2019-11-04','Nurse',25000,3);
INSERT INTO nurse (id,surgery_assistant,preferred_shifts,appointment_assistant,departement_id) VALUES (357,B'0','Day',B'0',2);
INSERT INTO person (id,first_name,second_name,email,user_login,user_password,sex,date_of_birth,age,permission_level) VALUES (358,'Scott','Cooper','katherine51@hotmail.com','terri06','UlFdyNpPRtX','M','2015-02-04',4,1);
INSERT INTO staff_member (id,employed_since,position,salary,room) VALUES (358,'2014-08-05','Doctor',35000,12);
INSERT INTO doctor (id,speciality,emergency_hours,experience,departement_id,supervisor) VALUES (358,'Podiatrist',B'1',8,8,119);
INSERT INTO person (id,first_name,second_name,email,user_login,user_password,sex,date_of_birth,age,permission_level) VALUES (359,'Gregory','Mullins','melissawatson@hotmail.com','vstevens','wLIaileajavy','M','1956-06-21',63,5);
INSERT INTO staff_member (id,employed_since,position,salary,room) VALUES (359,'2013-10-25','Reseptionist',15000,56);
INSERT INTO reseptionist (id) VALUES (359);
INSERT INTO languages_spoken (reseptionist_id,language) VALUES (359,'Arabic');
INSERT INTO person (id,first_name,second_name,email,user_login,user_password,sex,date_of_birth,age,permission_level) VALUES (360,'Debra','Watkins','qdawson@gmail.com','fthompson','hKypuLuOfTmcY','F','2014-11-11',5,4);
INSERT INTO staff_member (id,employed_since,position,salary,room) VALUES (360,'2019-01-26','Pharmasist',20000,70);
INSERT INTO pharmasist (id,education_level,research) VALUES (360,'Postgraduate',B'1');
INSERT INTO person (id,first_name,second_name,email,user_login,user_password,sex,date_of_birth,age,permission_level) VALUES (361,'Mr.','Matthew','lbrown@gmail.com','anthonyturner','RaFriDaIyQY','M','1914-07-12',105,1);
INSERT INTO patient (id) VALUES (361);
INSERT INTO patients_address (street,house,apartement) VALUES ('Scott st.','62','7');
INSERT INTO medical_history (patient_id,date) VALUES (361,'2019-10-25');
INSERT INTO person (id,first_name,second_name,email,user_login,user_password,sex,date_of_birth,age,permission_level) VALUES (362,'Blake','Brock','danielpatel@hotmail.com','richardwright','BwdQyOlPfTHh','M','1992-10-18',27,2);
INSERT INTO staff_member (id,employed_since,position,salary,room) VALUES (362,'2013-02-12','Doctor',35000,11);
INSERT INTO doctor (id,speciality,emergency_hours,experience,departement_id,supervisor) VALUES (362,'Sports Medicine Specialist',B'1',9,8,243);
INSERT INTO person (id,first_name,second_name,email,user_login,user_password,sex,date_of_birth,age,permission_level) VALUES (363,'Lisa','Ingram','drewwilson@gmail.com','umccullough','mYfCycl','F','2006-04-23',13,3);
INSERT INTO staff_member (id,employed_since,position,salary,room) VALUES (363,'2013-01-31','Pharmasist',20000,69);
INSERT INTO pharmasist (id,education_level,research) VALUES (363,'Postgraduate',B'0');
INSERT INTO person (id,first_name,second_name,email,user_login,user_password,sex,date_of_birth,age,permission_level) VALUES (364,'Katherine','Hall','schmittdamon@hotmail.com','hallshannon','hiWipEZeD','F','1924-06-27',95,2);
INSERT INTO staff_member (id,employed_since,position,salary,room) VALUES (364,'2010-01-30','Doctor',35000,15);
INSERT INTO doctor (id,speciality,emergency_hours,experience,departement_id,supervisor) VALUES (364,'Internist',B'1',2,10,39);
INSERT INTO person (id,first_name,second_name,email,user_login,user_password,sex,date_of_birth,age,permission_level) VALUES (365,'Donna','Cuevas','michael16@gmail.com','xcole','ilAXGnomZfZfp','F','1996-06-06',23,1);
INSERT INTO staff_member (id,employed_since,position,salary,room) VALUES (365,'2015-11-11','Lab Technician',15000,41);
INSERT INTO lab_technician (id,education_level,departement_id) VALUES (365,'Postgraduate',9);
INSERT INTO person (id,first_name,second_name,email,user_login,user_password,sex,date_of_birth,age,permission_level) VALUES (366,'Jessica','Fisher','colleen51@yahoo.com','tonybrowning','nnirrHox','F','1976-07-02',43,3);
INSERT INTO patient (id) VALUES (366);
INSERT INTO patients_address (street,house,apartement) VALUES ('James st.','49','9');
INSERT INTO medical_history (patient_id,date) VALUES (366,'2019-11-19');
INSERT INTO person (id,first_name,second_name,email,user_login,user_password,sex,date_of_birth,age,permission_level) VALUES (367,'Chad','Gillespie','vlee@gmail.com','christina94','jHnMinVkSVI','M','1938-03-23',81,5);
INSERT INTO staff_member (id,employed_since,position,salary,room) VALUES (367,'2013-08-13','Nurse',25000,6);
INSERT INTO nurse (id,surgery_assistant,preferred_shifts,appointment_assistant,departement_id) VALUES (367,B'1','Night',B'0',5);
INSERT INTO person (id,first_name,second_name,email,user_login,user_password,sex,date_of_birth,age,permission_level) VALUES (368,'Paula','Hall','thomascody@gmail.com','jasonandrews','KlNKwYVG','F','1933-11-11',86,1);
INSERT INTO staff_member (id,employed_since,position,salary,room) VALUES (368,'2018-05-15','Nurse',25000,3);
INSERT INTO nurse (id,surgery_assistant,preferred_shifts,appointment_assistant,departement_id) VALUES (368,B'1','Day',B'0',8);
INSERT INTO person (id,first_name,second_name,email,user_login,user_password,sex,date_of_birth,age,permission_level) VALUES (369,'Kendra','Barnes','eroman@yahoo.com','operez','vXzVxTlDcQWNRLf','F','1966-08-21',53,3);
INSERT INTO staff_member (id,employed_since,position,salary,room) VALUES (369,'2018-04-01','Cleaning Team Worker',10000,52);
INSERT INTO cleaning_team_worker (id,employment_type) VALUES (369,'Part time');
INSERT INTO person (id,first_name,second_name,email,user_login,user_password,sex,date_of_birth,age,permission_level) VALUES (370,'Jocelyn','Jimenez','zbrown@gmail.com','drakenicholas','rOqlliibXmNLV','F','1933-04-14',86,3);
INSERT INTO staff_member (id,employed_since,position,salary,room) VALUES (370,'2018-07-20','Maintanence Worker',15000,58);
INSERT INTO maintanence_worker (id,employment_type,speciality) VALUES (370,'Full time','Machines');
INSERT INTO person (id,first_name,second_name,email,user_login,user_password,sex,date_of_birth,age,permission_level) VALUES (371,'Mathew','Manning','wangpatricia@gmail.com','mitchelljason','DhjCzvZZrfo','M','1942-09-02',77,4);
INSERT INTO staff_member (id,employed_since,position,salary,room) VALUES (371,'2015-06-15','Nurse',25000,8);
INSERT INTO nurse (id,surgery_assistant,preferred_shifts,appointment_assistant,departement_id) VALUES (371,B'0','Day',B'1',10);
INSERT INTO person (id,first_name,second_name,email,user_login,user_password,sex,date_of_birth,age,permission_level) VALUES (372,'Antonio','Rocha','jgarcia@yahoo.com','usaunders','KdTvmzeNdUfhWWI','M','1933-02-21',86,1);
INSERT INTO staff_member (id,employed_since,position,salary,room) VALUES (372,'2019-08-19','Lab Technician',15000,41);
INSERT INTO lab_technician (id,education_level,departement_id) VALUES (372,'Magister',1);
INSERT INTO person (id,first_name,second_name,email,user_login,user_password,sex,date_of_birth,age,permission_level) VALUES (373,'Kelly','Matthews','codypowers@gmail.com','vwright','aNlxIzVAHbnj','F','1946-04-29',73,2);
INSERT INTO staff_member (id,employed_since,position,salary,room) VALUES (373,'2019-07-31','HR',30000,66);
INSERT INTO hr (id,selection_responsibility) VALUES (373,'Review');
INSERT INTO person (id,first_name,second_name,email,user_login,user_password,sex,date_of_birth,age,permission_level) VALUES (374,'Brittany','Robbins','deborah53@gmail.com','darrenmeza','jMfNFWIaMeYN','F','2006-04-23',13,2);
INSERT INTO staff_member (id,employed_since,position,salary,room) VALUES (374,'2019-07-29','Cook',15000,71);
INSERT INTO cook (id,experience) VALUES (374,6);
INSERT INTO person (id,first_name,second_name,email,user_login,user_password,sex,date_of_birth,age,permission_level) VALUES (375,'James','Ryan','ramosjames@yahoo.com','hannah03','xsMVDTq','M','1993-10-16',26,5);
INSERT INTO staff_member (id,employed_since,position,salary,room) VALUES (375,'2012-03-01','Doctor',35000,17);
INSERT INTO doctor (id,speciality,emergency_hours,experience,departement_id,supervisor) VALUES (375,'Cardiologist',B'1',3,12,308);
INSERT INTO person (id,first_name,second_name,email,user_login,user_password,sex,date_of_birth,age,permission_level) VALUES (376,'Isabel','Hawkins','bcohen@yahoo.com','alexanderbradley','XbNPbqOUGi','F','1965-04-08',54,5);
INSERT INTO staff_member (id,employed_since,position,salary,room) VALUES (376,'2019-04-19','Nurse',25000,5);
INSERT INTO nurse (id,surgery_assistant,preferred_shifts,appointment_assistant,departement_id) VALUES (376,B'0','Day',B'1',16);
INSERT INTO person (id,first_name,second_name,email,user_login,user_password,sex,date_of_birth,age,permission_level) VALUES (377,'Michelle','Johnson','marymoreno@gmail.com','theresa91','vWilZmQZxE','F','1980-01-28',39,4);
INSERT INTO staff_member (id,employed_since,position,salary,room) VALUES (377,'2013-04-20','Doctor',35000,25);
INSERT INTO doctor (id,speciality,emergency_hours,experience,departement_id,supervisor) VALUES (377,'Rheumatologist',B'1',9,2,124);
INSERT INTO person (id,first_name,second_name,email,user_login,user_password,sex,date_of_birth,age,permission_level) VALUES (378,'Anthony','Mack','wjohnson@gmail.com','cunninghamkelly','gQlSHthlt','M','2016-12-08',3,1);
INSERT INTO patient (id) VALUES (378);
INSERT INTO patients_address (street,house,apartement) VALUES ('Jose st.','80','7');
INSERT INTO medical_history (patient_id,date) VALUES (378,'2019-11-13');
INSERT INTO person (id,first_name,second_name,email,user_login,user_password,sex,date_of_birth,age,permission_level) VALUES (379,'Ms.','Michelle','yvonneperry@gmail.com','kevinharrison','IWkanpBSwdhXlEG','F','1952-04-23',67,1);
INSERT INTO staff_member (id,employed_since,position,salary,room) VALUES (379,'2017-10-21','Nurse',25000,8);
INSERT INTO nurse (id,surgery_assistant,preferred_shifts,appointment_assistant,departement_id) VALUES (379,B'1','Night',B'1',11);
INSERT INTO person (id,first_name,second_name,email,user_login,user_password,sex,date_of_birth,age,permission_level) VALUES (380,'Thomas','Clarke','losborne@gmail.com','nanderson','DDxIsjuuYznGf','M','2009-08-17',10,1);
INSERT INTO staff_member (id,employed_since,position,salary,room) VALUES (380,'2014-03-23','Nurse',25000,7);
INSERT INTO nurse (id,surgery_assistant,preferred_shifts,appointment_assistant,departement_id) VALUES (380,B'0','Night',B'0',10);
INSERT INTO person (id,first_name,second_name,email,user_login,user_password,sex,date_of_birth,age,permission_level) VALUES (381,'Ricky','Snyder','wbyrd@yahoo.com','michaeljordan','ctUsQHvZUM','M','2017-01-15',2,4);
INSERT INTO staff_member (id,employed_since,position,salary,room) VALUES (381,'2011-07-08','Security Team Member',10000,63);
INSERT INTO security_team_member (id,shifts,physical_test_grade) VALUES (381,'Day','B');
INSERT INTO person (id,first_name,second_name,email,user_login,user_password,sex,date_of_birth,age,permission_level) VALUES (382,'Samantha','Graham','vstevens@hotmail.com','zacharymorales','qfDHhUEt','F','1909-10-20',110,5);
INSERT INTO staff_member (id,employed_since,position,salary,room) VALUES (382,'2014-02-22','Nurse',25000,5);
INSERT INTO nurse (id,surgery_assistant,preferred_shifts,appointment_assistant,departement_id) VALUES (382,B'1','Day',B'1',11);
INSERT INTO person (id,first_name,second_name,email,user_login,user_password,sex,date_of_birth,age,permission_level) VALUES (383,'Mr.','Daniel','nhoward@yahoo.com','markrobertson','LeMefWbWOz','M','1980-10-03',39,4);
INSERT INTO patient (id) VALUES (383);
INSERT INTO patients_address (street,house,apartement) VALUES ('Laurie st.','34','9');
INSERT INTO medical_history (patient_id,date) VALUES (383,'2019-10-27');
INSERT INTO person (id,first_name,second_name,email,user_login,user_password,sex,date_of_birth,age,permission_level) VALUES (384,'Jessica','Mendez','milesangela@gmail.com','sgarcia','PHJTmIYVE','F','1930-10-19',89,1);
INSERT INTO staff_member (id,employed_since,position,salary,room) VALUES (384,'2012-04-29','Doctor',35000,15);
INSERT INTO doctor (id,speciality,emergency_hours,experience,departement_id,supervisor) VALUES (384,'Oncologist',B'1',7,4,252);
INSERT INTO person (id,first_name,second_name,email,user_login,user_password,sex,date_of_birth,age,permission_level) VALUES (385,'Andrew','Anderson','andrewwood@gmail.com','qhunter','lUCGymOpOQUUV','M','1927-04-12',92,1);
INSERT INTO staff_member (id,employed_since,position,salary,room) VALUES (385,'2019-02-05','Pharmasist',20000,70);
INSERT INTO pharmasist (id,education_level,research) VALUES (385,'Bachelor',B'1');
INSERT INTO person (id,first_name,second_name,email,user_login,user_password,sex,date_of_birth,age,permission_level) VALUES (386,'Jenna','Zimmerman','baileywilliams@gmail.com','ohernandez','cuwGuvOGtbhynRJ','F','1998-10-20',21,5);
INSERT INTO patient (id) VALUES (386);
INSERT INTO patients_address (street,house,apartement) VALUES ('Bruce st.','21','6');
INSERT INTO medical_history (patient_id,date) VALUES (386,'2019-11-18');
INSERT INTO person (id,first_name,second_name,email,user_login,user_password,sex,date_of_birth,age,permission_level) VALUES (387,'John','Lewis','richardsmichael@gmail.com','anthony49','NkhqWNDP','M','1918-10-23',101,5);
INSERT INTO patient (id) VALUES (387);
INSERT INTO patients_address (street,house,apartement) VALUES ('Anna st.','45','6');
INSERT INTO medical_history (patient_id,date) VALUES (387,'2019-11-16');
INSERT INTO person (id,first_name,second_name,email,user_login,user_password,sex,date_of_birth,age,permission_level) VALUES (388,'Mark','Burke','charles41@hotmail.com','erogers','uGKBlJcWcxPW','M','1916-04-28',103,1);
INSERT INTO staff_member (id,employed_since,position,salary,room) VALUES (388,'2018-06-06','IT Specialist',15000,77);
INSERT INTO IT_specialist (id,support_line) VALUES (388,B'0');
INSERT INTO person (id,first_name,second_name,email,user_login,user_password,sex,date_of_birth,age,permission_level) VALUES (389,'Stephen','Bates','ugardner@hotmail.com','brivera','eQJArOvuXbgo','M','1920-08-27',99,4);
INSERT INTO patient (id) VALUES (389);
INSERT INTO patients_address (street,house,apartement) VALUES ('Ashley st.','2','5');
INSERT INTO medical_history (patient_id,date) VALUES (389,'2019-11-20');
INSERT INTO person (id,first_name,second_name,email,user_login,user_password,sex,date_of_birth,age,permission_level) VALUES (390,'Robert','Pierce','maldonadoelizabeth@yahoo.com','novakdonald','SXgGsUXSjyKyq','M','1924-02-17',95,3);
INSERT INTO staff_member (id,employed_since,position,salary,room) VALUES (390,'2011-02-07','Cook',15000,71);
INSERT INTO cook (id,experience) VALUES (390,2);
INSERT INTO person (id,first_name,second_name,email,user_login,user_password,sex,date_of_birth,age,permission_level) VALUES (391,'Jacqueline','Taylor','umiller@yahoo.com','bakeramy','jwROoXIlSaG','F','2004-05-15',15,2);
INSERT INTO staff_member (id,employed_since,position,salary,room) VALUES (391,'2011-12-26','HR',30000,64);
INSERT INTO hr (id,selection_responsibility) VALUES (391,'Review');
INSERT INTO person (id,first_name,second_name,email,user_login,user_password,sex,date_of_birth,age,permission_level) VALUES (392,'Melissa','Cruz','daniel06@hotmail.com','harrisjennifer','MGdDcMqAHV','F','2013-01-03',6,5);
INSERT INTO staff_member (id,employed_since,position,salary,room) VALUES (392,'2018-02-05','Professor',35000,32);
INSERT INTO professor (id,research_topic,surgery_participation,departement_id) VALUES (392,'Gastroenterologist',B'0',10);
INSERT INTO person (id,first_name,second_name,email,user_login,user_password,sex,date_of_birth,age,permission_level) VALUES (393,'Jesse','Miller','znunez@gmail.com','reidlisa','YLlKYUb','M','1977-11-19',42,5);
INSERT INTO staff_member (id,employed_since,position,salary,room) VALUES (393,'2018-08-12','Professor',35000,40);
INSERT INTO professor (id,research_topic,surgery_participation,departement_id) VALUES (393,'Anesthesiologist',B'0',6);
INSERT INTO person (id,first_name,second_name,email,user_login,user_password,sex,date_of_birth,age,permission_level) VALUES (394,'Rachel','Lopez','shawnreed@yahoo.com','ronald71','RqslFnjzpBy','F','1948-01-01',71,1);
INSERT INTO staff_member (id,employed_since,position,salary,room) VALUES (394,'2017-12-15','Nurse',25000,5);
INSERT INTO nurse (id,surgery_assistant,preferred_shifts,appointment_assistant,departement_id) VALUES (394,B'1','Day',B'1',5);
INSERT INTO person (id,first_name,second_name,email,user_login,user_password,sex,date_of_birth,age,permission_level) VALUES (395,'April','Todd','davidcordova@hotmail.com','jennifersmith','xNGkYnLxHvZ','F','1929-06-30',90,4);
INSERT INTO staff_member (id,employed_since,position,salary,room) VALUES (395,'2010-08-09','Security Team Member',10000,62);
INSERT INTO security_team_member (id,shifts,physical_test_grade) VALUES (395,'Day','B');
INSERT INTO person (id,first_name,second_name,email,user_login,user_password,sex,date_of_birth,age,permission_level) VALUES (396,'Edgar','Glenn','linda10@hotmail.com','carolmartinez','xTjpXRSHxaA','M','1992-04-25',27,2);
INSERT INTO staff_member (id,employed_since,position,salary,room) VALUES (396,'2011-02-28','Professor',35000,31);
INSERT INTO professor (id,research_topic,surgery_participation,departement_id) VALUES (396,'Psychiatrist',B'0',15);
INSERT INTO person (id,first_name,second_name,email,user_login,user_password,sex,date_of_birth,age,permission_level) VALUES (397,'Jordan','Salazar','mccormickthomas@hotmail.com','kwilliams','jXtodMw','F','1943-06-22',76,3);
INSERT INTO staff_member (id,employed_since,position,salary,room) VALUES (397,'2013-09-22','Priest',15000,80);
INSERT INTO priest (id,religion) VALUES (397,'Christianity');
INSERT INTO person (id,first_name,second_name,email,user_login,user_password,sex,date_of_birth,age,permission_level) VALUES (398,'Richard','Farrell','kelleydarryl@gmail.com','cordovakelly','uAluUEHrklnW','M','1940-08-11',79,4);
INSERT INTO staff_member (id,employed_since,position,salary,room) VALUES (398,'2015-07-11','Cleaning Team Worker',10000,51);
INSERT INTO cleaning_team_worker (id,employment_type) VALUES (398,'Part time');
INSERT INTO person (id,first_name,second_name,email,user_login,user_password,sex,date_of_birth,age,permission_level) VALUES (399,'Elizabeth','Garcia','lmiller@hotmail.com','fmason','vXtuHaqOSLSl','F','1972-07-23',47,1);
INSERT INTO staff_member (id,employed_since,position,salary,room) VALUES (399,'2018-04-11','Cleaning Team Worker',10000,52);
INSERT INTO cleaning_team_worker (id,employment_type) VALUES (399,'Part time');
INSERT INTO person (id,first_name,second_name,email,user_login,user_password,sex,date_of_birth,age,permission_level) VALUES (400,'Andre','Douglas','david97@gmail.com','strongsandy','JrQbYWRs','M','1984-12-06',35,1);
INSERT INTO staff_member (id,employed_since,position,salary,room) VALUES (400,'2011-06-01','Nurse',25000,6);
INSERT INTO nurse (id,surgery_assistant,preferred_shifts,appointment_assistant,departement_id) VALUES (400,B'1','Day',B'0',14);
INSERT INTO person (id,first_name,second_name,email,user_login,user_password,sex,date_of_birth,age,permission_level) VALUES (401,'James','Lee','carrtodd@hotmail.com','lori67','PfqevmErPmpKkK','M','1990-03-09',29,1);
INSERT INTO staff_member (id,employed_since,position,salary,room) VALUES (401,'2014-05-15','Cook',15000,73);
INSERT INTO cook (id,experience) VALUES (401,9);
INSERT INTO person (id,first_name,second_name,email,user_login,user_password,sex,date_of_birth,age,permission_level) VALUES (402,'Caroline','Huang','anthonyphillips@hotmail.com','ngarcia','EFyNBtH','F','1916-11-26',103,4);
INSERT INTO staff_member (id,employed_since,position,salary,room) VALUES (402,'2015-12-08','Maintanence Worker',15000,59);
INSERT INTO maintanence_worker (id,employment_type,speciality) VALUES (402,'Part time','Machines');
INSERT INTO person (id,first_name,second_name,email,user_login,user_password,sex,date_of_birth,age,permission_level) VALUES (403,'Jonathon','Ruiz','carlos09@yahoo.com','lauren16','NwIlidfYWLIvpL','M','1998-11-26',21,1);
INSERT INTO staff_member (id,employed_since,position,salary,room) VALUES (403,'2010-05-14','Doctor',35000,17);
INSERT INTO doctor (id,speciality,emergency_hours,experience,departement_id,supervisor) VALUES (403,'Critical Care Medicine Specialist',B'0',8,3,328);
INSERT INTO person (id,first_name,second_name,email,user_login,user_password,sex,date_of_birth,age,permission_level) VALUES (404,'Zachary','Gonzalez','susan94@yahoo.com','robert23','QiLXrULve','M','1969-03-16',50,4);
INSERT INTO staff_member (id,employed_since,position,salary,room) VALUES (404,'2010-02-01','Doctor',35000,17);
INSERT INTO doctor (id,speciality,emergency_hours,experience,departement_id,supervisor) VALUES (404,'Podiatrist',B'1',7,9,246);
INSERT INTO person (id,first_name,second_name,email,user_login,user_password,sex,date_of_birth,age,permission_level) VALUES (405,'Evan','Kline','matthew66@hotmail.com','michaelsantos','vKycfNNHnwH','M','1919-06-12',100,5);
INSERT INTO staff_member (id,employed_since,position,salary,room) VALUES (405,'2010-06-01','Nurse',25000,4);
INSERT INTO nurse (id,surgery_assistant,preferred_shifts,appointment_assistant,departement_id) VALUES (405,B'0','Day',B'0',7);
INSERT INTO person (id,first_name,second_name,email,user_login,user_password,sex,date_of_birth,age,permission_level) VALUES (406,'Joseph','Lopez','gwarner@hotmail.com','katieelliott','FVTQNMVUyKpv','M','1935-04-20',84,5);
INSERT INTO staff_member (id,employed_since,position,salary,room) VALUES (406,'2010-07-23','Security Team Member',10000,63);
INSERT INTO security_team_member (id,shifts,physical_test_grade) VALUES (406,'Day','B');
INSERT INTO person (id,first_name,second_name,email,user_login,user_password,sex,date_of_birth,age,permission_level) VALUES (407,'Amanda','Reeves','duane55@gmail.com','tracy02','gbpjgumPsnTm','F','1918-10-20',101,2);
INSERT INTO staff_member (id,employed_since,position,salary,room) VALUES (407,'2012-09-22','Nurse',25000,5);
INSERT INTO nurse (id,surgery_assistant,preferred_shifts,appointment_assistant,departement_id) VALUES (407,B'1','Day',B'1',14);
INSERT INTO person (id,first_name,second_name,email,user_login,user_password,sex,date_of_birth,age,permission_level) VALUES (408,'Maria','Pruitt','terrencemiddleton@gmail.com','arthurvaughn','mUttcUaGkNV','F','1926-07-16',93,5);
INSERT INTO patient (id) VALUES (408);
INSERT INTO patients_address (street,house,apartement) VALUES ('Brian st.','81','7');
INSERT INTO medical_history (patient_id,date) VALUES (408,'2019-11-09');
INSERT INTO person (id,first_name,second_name,email,user_login,user_password,sex,date_of_birth,age,permission_level) VALUES (409,'Ann','Caldwell','kellyryan@yahoo.com','ericmosley','WgSLmum','F','1911-06-11',108,1);
INSERT INTO staff_member (id,employed_since,position,salary,room) VALUES (409,'2016-07-10','Professor',35000,40);
INSERT INTO professor (id,research_topic,surgery_participation,departement_id) VALUES (409,'Cardiologist',B'1',17);
INSERT INTO person (id,first_name,second_name,email,user_login,user_password,sex,date_of_birth,age,permission_level) VALUES (410,'Kathy','Mcmahon','joconnell@yahoo.com','lparsons','ZvEIcFuhI','F','1954-10-04',65,4);
INSERT INTO staff_member (id,employed_since,position,salary,room) VALUES (410,'2014-11-11','Nurse',25000,7);
INSERT INTO nurse (id,surgery_assistant,preferred_shifts,appointment_assistant,departement_id) VALUES (410,B'0','Night',B'0',17);
INSERT INTO person (id,first_name,second_name,email,user_login,user_password,sex,date_of_birth,age,permission_level) VALUES (411,'Jessica','Arnold','taylorjames@hotmail.com','pauldouglas','jzlQygVuXzc','F','2002-12-19',17,4);
INSERT INTO staff_member (id,employed_since,position,salary,room) VALUES (411,'2013-11-14','Doctor',35000,14);
INSERT INTO doctor (id,speciality,emergency_hours,experience,departement_id,supervisor) VALUES (411,'Neurologist',B'0',2,2,384);
INSERT INTO person (id,first_name,second_name,email,user_login,user_password,sex,date_of_birth,age,permission_level) VALUES (412,'Jeremiah','Rivera','vgomez@hotmail.com','uward','uXTgiCRCHpEN','M','1930-08-27',89,5);
INSERT INTO staff_member (id,employed_since,position,salary,room) VALUES (412,'2017-09-10','Doctor',35000,25);
INSERT INTO doctor (id,speciality,emergency_hours,experience,departement_id,supervisor) VALUES (412,'Allergist',B'1',3,5,358);
INSERT INTO person (id,first_name,second_name,email,user_login,user_password,sex,date_of_birth,age,permission_level) VALUES (413,'Deborah','Cunningham','hugheschristina@yahoo.com','crystal39','EBtepyOhHkI','F','1981-12-29',38,1);
INSERT INTO staff_member (id,employed_since,position,salary,room) VALUES (413,'2011-08-18','IT Specialist',15000,77);
INSERT INTO IT_specialist (id,support_line) VALUES (413,B'0');
INSERT INTO person (id,first_name,second_name,email,user_login,user_password,sex,date_of_birth,age,permission_level) VALUES (414,'Brianna','Green','tina59@gmail.com','jillaguilar','JdZdQuKnTBPmZw','F','1935-04-09',84,2);
INSERT INTO staff_member (id,employed_since,position,salary,room) VALUES (414,'2014-02-12','Doctor',35000,16);
INSERT INTO doctor (id,speciality,emergency_hours,experience,departement_id,supervisor) VALUES (414,'Obstetrician and Gynecologist',B'1',3,3,318);
INSERT INTO person (id,first_name,second_name,email,user_login,user_password,sex,date_of_birth,age,permission_level) VALUES (415,'Angela','Harrington','pnelson@hotmail.com','ronald93','qCxQapon','F','2017-10-12',2,3);
INSERT INTO patient (id) VALUES (415);
INSERT INTO patients_address (street,house,apartement) VALUES ('Shawn st.','37','6');
INSERT INTO medical_history (patient_id,date) VALUES (415,'2019-11-20');
INSERT INTO person (id,first_name,second_name,email,user_login,user_password,sex,date_of_birth,age,permission_level) VALUES (416,'Rebecca','Reeves','cynthia11@gmail.com','rtaylor','XYjgBWSAohes','F','1995-08-06',24,1);
INSERT INTO patient (id) VALUES (416);
INSERT INTO patients_address (street,house,apartement) VALUES ('Theresa st.','96','1');
INSERT INTO medical_history (patient_id,date) VALUES (416,'2019-11-21');
INSERT INTO person (id,first_name,second_name,email,user_login,user_password,sex,date_of_birth,age,permission_level) VALUES (417,'Tiffany','Webb','charles72@hotmail.com','austin07','gOnEtgCwGaVoIGc','F','1907-05-04',112,2);
INSERT INTO staff_member (id,employed_since,position,salary,room) VALUES (417,'2016-02-11','Professor',35000,33);
INSERT INTO professor (id,research_topic,surgery_participation,departement_id) VALUES (417,'General Surgeon',B'0',11);
INSERT INTO person (id,first_name,second_name,email,user_login,user_password,sex,date_of_birth,age,permission_level) VALUES (418,'Arthur','Bush','trevorphillips@gmail.com','brodriguez','ZswQDncSHWuuf','M','1925-01-04',94,4);
INSERT INTO patient (id) VALUES (418);
INSERT INTO patients_address (street,house,apartement) VALUES ('Michelle st.','47','10');
INSERT INTO medical_history (patient_id,date) VALUES (418,'2019-11-13');
INSERT INTO person (id,first_name,second_name,email,user_login,user_password,sex,date_of_birth,age,permission_level) VALUES (419,'Megan','Carter','tthomas@hotmail.com','jessicacook','dYVClMWLNR','F','1935-01-26',84,3);
INSERT INTO staff_member (id,employed_since,position,salary,room) VALUES (419,'2010-05-07','Nurse',25000,4);
INSERT INTO nurse (id,surgery_assistant,preferred_shifts,appointment_assistant,departement_id) VALUES (419,B'0','Night',B'0',8);
INSERT INTO person (id,first_name,second_name,email,user_login,user_password,sex,date_of_birth,age,permission_level) VALUES (420,'Joel','Hawkins','christina28@gmail.com','shannonstephens','ddgYQuqK','M','1918-09-01',101,4);
INSERT INTO staff_member (id,employed_since,position,salary,room) VALUES (420,'2019-07-21','Nurse',25000,7);
INSERT INTO nurse (id,surgery_assistant,preferred_shifts,appointment_assistant,departement_id) VALUES (420,B'1','Night',B'0',4);
INSERT INTO person (id,first_name,second_name,email,user_login,user_password,sex,date_of_birth,age,permission_level) VALUES (421,'Diane','Chavez','hallmichael@gmail.com','ulawrence','UHhLkzGg','F','1981-12-05',38,2);
INSERT INTO staff_member (id,employed_since,position,salary,room) VALUES (421,'2013-06-02','Doctor',35000,16);
INSERT INTO doctor (id,speciality,emergency_hours,experience,departement_id,supervisor) VALUES (421,'Psychiatrist',B'0',3,13,111);
INSERT INTO person (id,first_name,second_name,email,user_login,user_password,sex,date_of_birth,age,permission_level) VALUES (422,'Robert','Thomas','brianwalker@yahoo.com','anita68','rDQbnftQRS','M','1912-09-01',107,2);
INSERT INTO patient (id) VALUES (422);
INSERT INTO patients_address (street,house,apartement) VALUES ('Amy st.','29','1');
INSERT INTO medical_history (patient_id,date) VALUES (422,'2019-11-10');
INSERT INTO person (id,first_name,second_name,email,user_login,user_password,sex,date_of_birth,age,permission_level) VALUES (423,'Shirley','Cook','bcuevas@hotmail.com','benjaminpugh','VKhohruGGipmCW','F','1911-10-07',108,2);
INSERT INTO staff_member (id,employed_since,position,salary,room) VALUES (423,'2018-05-08','Doctor',35000,26);
INSERT INTO doctor (id,speciality,emergency_hours,experience,departement_id,supervisor) VALUES (423,'Oncologist',B'0',4,6,384);
INSERT INTO person (id,first_name,second_name,email,user_login,user_password,sex,date_of_birth,age,permission_level) VALUES (424,'Ashley','Taylor','hendersonsara@yahoo.com','taylor93','cuZFbtZCGRhbTxu','F','2008-06-15',11,3);
INSERT INTO staff_member (id,employed_since,position,salary,room) VALUES (424,'2013-08-25','Nurse',25000,3);
INSERT INTO nurse (id,surgery_assistant,preferred_shifts,appointment_assistant,departement_id) VALUES (424,B'1','Day',B'1',14);
INSERT INTO person (id,first_name,second_name,email,user_login,user_password,sex,date_of_birth,age,permission_level) VALUES (425,'Joel','Davis','cody61@yahoo.com','tyler53','LyStcQLtaA','M','2008-02-19',11,5);
INSERT INTO staff_member (id,employed_since,position,salary,room) VALUES (425,'2012-12-04','Nurse',25000,3);
INSERT INTO nurse (id,surgery_assistant,preferred_shifts,appointment_assistant,departement_id) VALUES (425,B'0','Night',B'1',2);
INSERT INTO person (id,first_name,second_name,email,user_login,user_password,sex,date_of_birth,age,permission_level) VALUES (426,'Paula','Leblanc','taraflores@gmail.com','nancy84','FCLTsrQyMMfAd','F','1959-02-21',60,5);
INSERT INTO staff_member (id,employed_since,position,salary,room) VALUES (426,'2014-06-30','Nurse',25000,5);
INSERT INTO nurse (id,surgery_assistant,preferred_shifts,appointment_assistant,departement_id) VALUES (426,B'1','Day',B'1',8);
INSERT INTO person (id,first_name,second_name,email,user_login,user_password,sex,date_of_birth,age,permission_level) VALUES (427,'Olivia','Jacobson','manueljones@yahoo.com','buchanansheryl','OFkwWTOxtVfauc','F','1996-05-28',23,2);
INSERT INTO patient (id) VALUES (427);
INSERT INTO patients_address (street,house,apartement) VALUES ('Arthur st.','21','1');
INSERT INTO medical_history (patient_id,date) VALUES (427,'2019-11-13');
INSERT INTO person (id,first_name,second_name,email,user_login,user_password,sex,date_of_birth,age,permission_level) VALUES (428,'Jeffrey','Smith','davidclark@hotmail.com','jennifer65','LQEErTwgxyLehKh','M','1904-07-06',115,1);
INSERT INTO patient (id) VALUES (428);
INSERT INTO patients_address (street,house,apartement) VALUES ('Tyler st.','29','8');
INSERT INTO medical_history (patient_id,date) VALUES (428,'2019-11-08');
INSERT INTO person (id,first_name,second_name,email,user_login,user_password,sex,date_of_birth,age,permission_level) VALUES (429,'Paul','Patel','hphillips@yahoo.com','darlenegonzales','JfQDHjFLpo','M','2007-02-20',12,4);
INSERT INTO staff_member (id,employed_since,position,salary,room) VALUES (429,'2013-06-30','Lab Technician',15000,43);
INSERT INTO lab_technician (id,education_level,departement_id) VALUES (429,'Magister',4);
INSERT INTO person (id,first_name,second_name,email,user_login,user_password,sex,date_of_birth,age,permission_level) VALUES (430,'Carol','Davis','vwilson@gmail.com','wolfeloretta','eeawyXPFRrYe','F','1978-05-05',41,3);
INSERT INTO patient (id) VALUES (430);
INSERT INTO patients_address (street,house,apartement) VALUES ('Robert st.','24','4');
INSERT INTO medical_history (patient_id,date) VALUES (430,'2019-10-21');
INSERT INTO person (id,first_name,second_name,email,user_login,user_password,sex,date_of_birth,age,permission_level) VALUES (431,'David','Taylor','bakererica@yahoo.com','amy70','muWeCFudLTfUuF','M','1972-12-02',47,3);
INSERT INTO staff_member (id,employed_since,position,salary,room) VALUES (431,'2012-09-17','Professor',35000,37);
INSERT INTO professor (id,research_topic,surgery_participation,departement_id) VALUES (431,'Geriatric Medicine Specialist',B'0',7);
INSERT INTO person (id,first_name,second_name,email,user_login,user_password,sex,date_of_birth,age,permission_level) VALUES (432,'Katherine','Padilla','austinpowell@hotmail.com','catherinefleming','srdCjRpRsOaszZa','F','1995-05-12',24,5);
INSERT INTO staff_member (id,employed_since,position,salary,room) VALUES (432,'2012-06-01','Nurse',25000,9);
INSERT INTO nurse (id,surgery_assistant,preferred_shifts,appointment_assistant,departement_id) VALUES (432,B'1','Day',B'1',10);
INSERT INTO person (id,first_name,second_name,email,user_login,user_password,sex,date_of_birth,age,permission_level) VALUES (433,'Richard','Smith','brownbrent@gmail.com','jennifer76','gwarYPelVEgM','M','1951-11-02',68,5);
INSERT INTO patient (id) VALUES (433);
INSERT INTO patients_address (street,house,apartement) VALUES ('Michelle st.','69','2');
INSERT INTO medical_history (patient_id,date) VALUES (433,'2019-11-18');
INSERT INTO person (id,first_name,second_name,email,user_login,user_password,sex,date_of_birth,age,permission_level) VALUES (434,'Stephanie','Doyle','jessedaniels@yahoo.com','schultztravis','pWJPqUpnazQmnS','F','1905-05-31',114,4);
INSERT INTO staff_member (id,employed_since,position,salary,room) VALUES (434,'2011-01-15','Doctor',35000,16);
INSERT INTO doctor (id,speciality,emergency_hours,experience,departement_id,supervisor) VALUES (434,'Rheumatologist',B'1',6,5,74);
INSERT INTO person (id,first_name,second_name,email,user_login,user_password,sex,date_of_birth,age,permission_level) VALUES (435,'Kimberly','Barry','amy49@yahoo.com','paul46','WIujQXrI','F','2010-01-17',9,5);
INSERT INTO staff_member (id,employed_since,position,salary,room) VALUES (435,'2017-08-11','Doctor',35000,28);
INSERT INTO doctor (id,speciality,emergency_hours,experience,departement_id,supervisor) VALUES (435,'Endocrinologists',B'0',6,15,375);
INSERT INTO person (id,first_name,second_name,email,user_login,user_password,sex,date_of_birth,age,permission_level) VALUES (436,'Sarah','Mejia','kristenphillips@hotmail.com','barrettebony','TKDGiYaFZNvkCA','F','1982-01-07',37,2);
INSERT INTO staff_member (id,employed_since,position,salary,room) VALUES (436,'2015-12-30','Pharmasist',20000,69);
INSERT INTO pharmasist (id,education_level,research) VALUES (436,'PhD',B'1');
INSERT INTO person (id,first_name,second_name,email,user_login,user_password,sex,date_of_birth,age,permission_level) VALUES (437,'Shaun','Johnson','julie87@hotmail.com','evelynking','itSgoseWEUJxa','M','1985-10-01',34,2);
INSERT INTO staff_member (id,employed_since,position,salary,room) VALUES (437,'2011-09-25','Reseptionist',15000,56);
INSERT INTO reseptionist (id) VALUES (437);
INSERT INTO languages_spoken (reseptionist_id,language) VALUES (437,'PortuguesEnglishItalian');
INSERT INTO person (id,first_name,second_name,email,user_login,user_password,sex,date_of_birth,age,permission_level) VALUES (438,'Amy','Thomas','gardnercolton@hotmail.com','tina75','OumMwEGXlOQFD','F','1916-10-28',103,4);
INSERT INTO staff_member (id,employed_since,position,salary,room) VALUES (438,'2011-07-13','Cleaning Team Worker',10000,51);
INSERT INTO cleaning_team_worker (id,employment_type) VALUES (438,'Part time');
INSERT INTO person (id,first_name,second_name,email,user_login,user_password,sex,date_of_birth,age,permission_level) VALUES (439,'George','Oconnor','bmurphy@gmail.com','william26','wKQDCYXfpN','M','1920-03-30',99,1);
INSERT INTO staff_member (id,employed_since,position,salary,room) VALUES (439,'2017-11-27','Doctor',35000,11);
INSERT INTO doctor (id,speciality,emergency_hours,experience,departement_id,supervisor) VALUES (439,'Emergency Medicine Specialist',B'1',5,7,54);
INSERT INTO person (id,first_name,second_name,email,user_login,user_password,sex,date_of_birth,age,permission_level) VALUES (440,'Andrea','Shelton','wwebb@yahoo.com','kristindelgado','uMbIeWeVkny','F','1950-05-05',69,1);
INSERT INTO staff_member (id,employed_since,position,salary,room) VALUES (440,'2013-05-28','IT Specialist',15000,76);
INSERT INTO IT_specialist (id,support_line) VALUES (440,B'1');
INSERT INTO person (id,first_name,second_name,email,user_login,user_password,sex,date_of_birth,age,permission_level) VALUES (441,'Anthony','Adams','david64@hotmail.com','laurenflowers','ppOQPFERZuWTjOG','M','1920-02-28',99,3);
INSERT INTO patient (id) VALUES (441);
INSERT INTO patients_address (street,house,apartement) VALUES ('Timothy st.','26','5');
INSERT INTO medical_history (patient_id,date) VALUES (441,'2019-11-19');
INSERT INTO person (id,first_name,second_name,email,user_login,user_password,sex,date_of_birth,age,permission_level) VALUES (442,'Eric','Johnson','shahryan@hotmail.com','brooksmarc','TGKmYcp','M','1906-01-18',113,1);
INSERT INTO staff_member (id,employed_since,position,salary,room) VALUES (442,'2015-02-19','Reseptionist',15000,56);
INSERT INTO reseptionist (id) VALUES (442);
INSERT INTO languages_spoken (reseptionist_id,language) VALUES (442,'PortuguesItalianTatarItalianArabicEnglish');
INSERT INTO person (id,first_name,second_name,email,user_login,user_password,sex,date_of_birth,age,permission_level) VALUES (443,'Joseph','Morgan','jcopeland@hotmail.com','nicoledennis','pJDVubxmcZtOMns','M','1921-11-17',98,1);
INSERT INTO patient (id) VALUES (443);
INSERT INTO patients_address (street,house,apartement) VALUES ('Christopher st.','58','5');
INSERT INTO medical_history (patient_id,date) VALUES (443,'2019-11-10');
INSERT INTO person (id,first_name,second_name,email,user_login,user_password,sex,date_of_birth,age,permission_level) VALUES (444,'Donna','Knight','christina60@hotmail.com','lopezaustin','PwUAjkq','F','1911-10-08',108,5);
INSERT INTO staff_member (id,employed_since,position,salary,room) VALUES (444,'2013-06-20','Pharmasist',20000,69);
INSERT INTO pharmasist (id,education_level,research) VALUES (444,'Bachelor',B'0');
INSERT INTO person (id,first_name,second_name,email,user_login,user_password,sex,date_of_birth,age,permission_level) VALUES (445,'Tammy','Henderson','ypittman@hotmail.com','lmorgan','XpYSaPuBKbux','F','1980-12-12',39,3);
INSERT INTO staff_member (id,employed_since,position,salary,room) VALUES (445,'2014-04-26','Nurse',25000,6);
INSERT INTO nurse (id,surgery_assistant,preferred_shifts,appointment_assistant,departement_id) VALUES (445,B'0','Day',B'0',15);
INSERT INTO person (id,first_name,second_name,email,user_login,user_password,sex,date_of_birth,age,permission_level) VALUES (446,'Amber','Walsh','dpruitt@yahoo.com','keith46','Fvbvoprt','F','1940-10-03',79,1);
INSERT INTO staff_member (id,employed_since,position,salary,room) VALUES (446,'2015-09-29','Nurse',25000,7);
INSERT INTO nurse (id,surgery_assistant,preferred_shifts,appointment_assistant,departement_id) VALUES (446,B'0','Night',B'0',8);
INSERT INTO person (id,first_name,second_name,email,user_login,user_password,sex,date_of_birth,age,permission_level) VALUES (447,'John','Alvarado','alejandro47@yahoo.com','ncarlson','jRmvwOb','M','1936-08-02',83,4);
INSERT INTO patient (id) VALUES (447);
INSERT INTO patients_address (street,house,apartement) VALUES ('Brianna st.','32','4');
INSERT INTO medical_history (patient_id,date) VALUES (447,'2019-10-23');
INSERT INTO person (id,first_name,second_name,email,user_login,user_password,sex,date_of_birth,age,permission_level) VALUES (448,'Christopher','Snyder','daniel73@gmail.com','montgomeryrussell','HHFhoTLapZWfF','M','1992-06-18',27,3);
INSERT INTO staff_member (id,employed_since,position,salary,room) VALUES (448,'2014-12-16','Professor',35000,32);
INSERT INTO professor (id,research_topic,surgery_participation,departement_id) VALUES (448,'Preventive Medicine Specialist',B'0',7);
INSERT INTO person (id,first_name,second_name,email,user_login,user_password,sex,date_of_birth,age,permission_level) VALUES (449,'David','Jackson','donnajones@hotmail.com','haleyclark','dILgOezDBk','M','1948-07-10',71,3);
INSERT INTO patient (id) VALUES (449);
INSERT INTO patients_address (street,house,apartement) VALUES ('David st.','97','8');
INSERT INTO medical_history (patient_id,date) VALUES (449,'2019-10-17');
INSERT INTO person (id,first_name,second_name,email,user_login,user_password,sex,date_of_birth,age,permission_level) VALUES (450,'Michael','Ryan','lisawright@gmail.com','bryanmiller','fgJRskHdEEmVuuW','M','2019-01-07',0,4);
INSERT INTO staff_member (id,employed_since,position,salary,room) VALUES (450,'2011-10-18','Nurse',25000,10);
INSERT INTO nurse (id,surgery_assistant,preferred_shifts,appointment_assistant,departement_id) VALUES (450,B'0','Night',B'0',15);
INSERT INTO person (id,first_name,second_name,email,user_login,user_password,sex,date_of_birth,age,permission_level) VALUES (451,'Robert','Mendoza','bmaxwell@hotmail.com','jonesangie','WCUIsmfKRK','M','1994-02-26',25,5);
INSERT INTO staff_member (id,employed_since,position,salary,room) VALUES (451,'2017-07-25','Maintanence Worker',15000,59);
INSERT INTO maintanence_worker (id,employment_type,speciality) VALUES (451,'Full time','Electricity');
INSERT INTO person (id,first_name,second_name,email,user_login,user_password,sex,date_of_birth,age,permission_level) VALUES (452,'Melissa','Cox','qhall@hotmail.com','kenneth71','uRXdiStR','F','1947-06-23',72,5);
INSERT INTO staff_member (id,employed_since,position,salary,room) VALUES (452,'2016-04-24','Nurse',25000,4);
INSERT INTO nurse (id,surgery_assistant,preferred_shifts,appointment_assistant,departement_id) VALUES (452,B'1','Day',B'1',6);
INSERT INTO person (id,first_name,second_name,email,user_login,user_password,sex,date_of_birth,age,permission_level) VALUES (453,'Ann','Gilbert','jacob10@gmail.com','anita86','iKgAjgoUzkdLe','F','1906-07-03',113,5);
INSERT INTO staff_member (id,employed_since,position,salary,room) VALUES (453,'2018-01-27','Nurse',25000,5);
INSERT INTO nurse (id,surgery_assistant,preferred_shifts,appointment_assistant,departement_id) VALUES (453,B'1','Night',B'1',15);
INSERT INTO person (id,first_name,second_name,email,user_login,user_password,sex,date_of_birth,age,permission_level) VALUES (454,'Brian','Hartman','dylan80@yahoo.com','dylan81','KeVTVKpkecy','M','1967-07-16',52,1);
INSERT INTO patient (id) VALUES (454);
INSERT INTO patients_address (street,house,apartement) VALUES ('Daniel st.','85','4');
INSERT INTO medical_history (patient_id,date) VALUES (454,'2019-10-17');
INSERT INTO person (id,first_name,second_name,email,user_login,user_password,sex,date_of_birth,age,permission_level) VALUES (455,'Javier','York','raguilar@hotmail.com','wardsandra','ASsdXOKuRun','M','1947-04-27',72,4);
INSERT INTO patient (id) VALUES (455);
INSERT INTO patients_address (street,house,apartement) VALUES ('Daniel st.','54','1');
INSERT INTO medical_history (patient_id,date) VALUES (455,'2019-11-06');
INSERT INTO person (id,first_name,second_name,email,user_login,user_password,sex,date_of_birth,age,permission_level) VALUES (456,'Cody','Thomas','edwardbennett@yahoo.com','vliu','llJUjjW','M','2002-05-26',17,4);
INSERT INTO patient (id) VALUES (456);
INSERT INTO patients_address (street,house,apartement) VALUES ('Gabriel st.','41','2');
INSERT INTO medical_history (patient_id,date) VALUES (456,'2019-10-24');
INSERT INTO person (id,first_name,second_name,email,user_login,user_password,sex,date_of_birth,age,permission_level) VALUES (457,'Penny','Cox','warrenkelly@gmail.com','beandana','zAEfrSsWYUKQZs','F','2006-04-07',13,1);
INSERT INTO patient (id) VALUES (457);
INSERT INTO patients_address (street,house,apartement) VALUES ('Nicole st.','15','3');
INSERT INTO medical_history (patient_id,date) VALUES (457,'2019-10-20');
INSERT INTO person (id,first_name,second_name,email,user_login,user_password,sex,date_of_birth,age,permission_level) VALUES (458,'Kevin','Alexander','troy23@gmail.com','rachelmartin','jqyJBJEM','M','1995-12-05',24,1);
INSERT INTO staff_member (id,employed_since,position,salary,room) VALUES (458,'2013-07-31','Nurse',25000,9);
INSERT INTO nurse (id,surgery_assistant,preferred_shifts,appointment_assistant,departement_id) VALUES (458,B'0','Day',B'0',13);
INSERT INTO person (id,first_name,second_name,email,user_login,user_password,sex,date_of_birth,age,permission_level) VALUES (459,'Sharon','Martin','butlerchristopher@gmail.com','courtneyparsons','nUOBIuOYlunP','F','2016-08-16',3,3);
INSERT INTO staff_member (id,employed_since,position,salary,room) VALUES (459,'2013-05-16','Nurse',25000,9);
INSERT INTO nurse (id,surgery_assistant,preferred_shifts,appointment_assistant,departement_id) VALUES (459,B'1','Night',B'0',4);
INSERT INTO person (id,first_name,second_name,email,user_login,user_password,sex,date_of_birth,age,permission_level) VALUES (460,'Julie','Stewart','rrios@hotmail.com','efowler','UkxGMFLWDI','F','1956-11-11',63,3);
INSERT INTO staff_member (id,employed_since,position,salary,room) VALUES (460,'2019-08-05','Pharmasist',20000,69);
INSERT INTO pharmasist (id,education_level,research) VALUES (460,'Magister',B'1');
INSERT INTO person (id,first_name,second_name,email,user_login,user_password,sex,date_of_birth,age,permission_level) VALUES (461,'Jessica','Gonzalez','kevin42@yahoo.com','helenjohnson','DpFokWYlgCTIm','F','2009-04-02',10,4);
INSERT INTO staff_member (id,employed_since,position,salary,room) VALUES (461,'2014-10-04','Nurse',25000,3);
INSERT INTO nurse (id,surgery_assistant,preferred_shifts,appointment_assistant,departement_id) VALUES (461,B'1','Night',B'1',12);
INSERT INTO person (id,first_name,second_name,email,user_login,user_password,sex,date_of_birth,age,permission_level) VALUES (462,'Jacob','Bentley','johnsontaylor@gmail.com','george29','UoEiQhVj','M','1980-12-17',39,4);
INSERT INTO staff_member (id,employed_since,position,salary,room) VALUES (462,'2011-12-24','HR',30000,67);
INSERT INTO hr (id,selection_responsibility) VALUES (462,'Interview');
INSERT INTO person (id,first_name,second_name,email,user_login,user_password,sex,date_of_birth,age,permission_level) VALUES (463,'Dennis','Martinez','mercerkaylee@yahoo.com','shawerin','IfQqmqTLQFXQfXF','M','1924-11-08',95,1);
INSERT INTO staff_member (id,employed_since,position,salary,room) VALUES (463,'2010-07-27','Doctor',35000,18);
INSERT INTO doctor (id,speciality,emergency_hours,experience,departement_id,supervisor) VALUES (463,'Medical Geneticist',B'1',8,7,130);
INSERT INTO person (id,first_name,second_name,email,user_login,user_password,sex,date_of_birth,age,permission_level) VALUES (464,'David','Roberson','mary24@hotmail.com','jackduffy','HPVxuDnxW','M','1920-05-02',99,3);
INSERT INTO patient (id) VALUES (464);
INSERT INTO patients_address (street,house,apartement) VALUES ('Lauren st.','19','3');
INSERT INTO medical_history (patient_id,date) VALUES (464,'2019-11-13');
INSERT INTO person (id,first_name,second_name,email,user_login,user_password,sex,date_of_birth,age,permission_level) VALUES (465,'Tracy','Clayton','john13@gmail.com','mtran','DmTmxEmGrfLKAs','F','1944-12-24',75,5);
INSERT INTO staff_member (id,employed_since,position,salary,room) VALUES (465,'2016-10-10','Nurse',25000,10);
INSERT INTO nurse (id,surgery_assistant,preferred_shifts,appointment_assistant,departement_id) VALUES (465,B'1','Night',B'1',1);
INSERT INTO person (id,first_name,second_name,email,user_login,user_password,sex,date_of_birth,age,permission_level) VALUES (466,'Martha','Mullen','tranjesus@hotmail.com','wgardner','lCeRnworxHTH','F','1985-02-15',34,3);
INSERT INTO staff_member (id,employed_since,position,salary,room) VALUES (466,'2012-12-21','Doctor',35000,15);
INSERT INTO doctor (id,speciality,emergency_hours,experience,departement_id,supervisor) VALUES (466,'Gastroenterologist',B'1',6,16,147);
INSERT INTO person (id,first_name,second_name,email,user_login,user_password,sex,date_of_birth,age,permission_level) VALUES (467,'Allison','Vargas','gailrogers@gmail.com','larrymiddleton','SZXnpqsOiHfEQo','F','1984-08-17',35,3);
INSERT INTO patient (id) VALUES (467);
INSERT INTO patients_address (street,house,apartement) VALUES ('Brittany st.','31','8');
INSERT INTO medical_history (patient_id,date) VALUES (467,'2019-10-21');
INSERT INTO person (id,first_name,second_name,email,user_login,user_password,sex,date_of_birth,age,permission_level) VALUES (468,'Michael','Flores','dawntorres@gmail.com','tarellano','yPjxiEbFoZSD','M','1953-10-12',66,4);
INSERT INTO patient (id) VALUES (468);
INSERT INTO patients_address (street,house,apartement) VALUES ('Jordan st.','16','5');
INSERT INTO medical_history (patient_id,date) VALUES (468,'2019-11-06');
INSERT INTO person (id,first_name,second_name,email,user_login,user_password,sex,date_of_birth,age,permission_level) VALUES (469,'Claire','Harmon','diana15@gmail.com','saragreen','RrwsyEwCFSP','F','1940-06-29',79,4);
INSERT INTO staff_member (id,employed_since,position,salary,room) VALUES (469,'2018-02-10','HR',30000,65);
INSERT INTO hr (id,selection_responsibility) VALUES (469,'Interview');
INSERT INTO person (id,first_name,second_name,email,user_login,user_password,sex,date_of_birth,age,permission_level) VALUES (470,'Billy','Yang','martinjorge@gmail.com','danielwilliams','HgWDtoqMecbvfw','M','2006-04-17',13,1);
INSERT INTO staff_member (id,employed_since,position,salary,room) VALUES (470,'2015-03-01','Doctor',35000,23);
INSERT INTO doctor (id,speciality,emergency_hours,experience,departement_id,supervisor) VALUES (470,'Urologist',B'0',9,16,80);
INSERT INTO person (id,first_name,second_name,email,user_login,user_password,sex,date_of_birth,age,permission_level) VALUES (471,'Jorge','Miller','stephaniehood@yahoo.com','andrew84','eegLPgt','M','1913-04-02',106,1);
INSERT INTO staff_member (id,employed_since,position,salary,room) VALUES (471,'2012-07-17','Maintanence Worker',15000,60);
INSERT INTO maintanence_worker (id,employment_type,speciality) VALUES (471,'Full time','Hardware');
INSERT INTO person (id,first_name,second_name,email,user_login,user_password,sex,date_of_birth,age,permission_level) VALUES (472,'Anthony','Lee','norma82@gmail.com','jay00','bctxDQMAa','M','1929-08-24',90,2);
INSERT INTO staff_member (id,employed_since,position,salary,room) VALUES (472,'2015-02-12','Doctor',35000,16);
INSERT INTO doctor (id,speciality,emergency_hours,experience,departement_id,supervisor) VALUES (472,'Rheumatologist',B'1',8,5,289);
INSERT INTO person (id,first_name,second_name,email,user_login,user_password,sex,date_of_birth,age,permission_level) VALUES (473,'Elizabeth','Grant','zgutierrez@gmail.com','stevenparker','SaVQMQKHq','F','1964-01-04',55,4);
INSERT INTO staff_member (id,employed_since,position,salary,room) VALUES (473,'2019-08-07','Cook',15000,73);
INSERT INTO cook (id,experience) VALUES (473,1);
INSERT INTO person (id,first_name,second_name,email,user_login,user_password,sex,date_of_birth,age,permission_level) VALUES (474,'John','Smith','larry79@hotmail.com','cross','egfRKEZRwbwh','M','2006-10-12',13,1);
INSERT INTO patient (id) VALUES (474);
INSERT INTO patients_address (street,house,apartement) VALUES ('Valerie st.','92','3');
INSERT INTO medical_history (patient_id,date) VALUES (474,'2019-10-22');
INSERT INTO person (id,first_name,second_name,email,user_login,user_password,sex,date_of_birth,age,permission_level) VALUES (475,'Andrew','Diaz','millerdustin@yahoo.com','nelsontiffany','ZgrfajtGaL','M','1921-03-25',98,1);
INSERT INTO staff_member (id,employed_since,position,salary,room) VALUES (475,'2015-07-26','Cleaning Team Worker',10000,53);
INSERT INTO cleaning_team_worker (id,employment_type) VALUES (475,'Part time');
INSERT INTO person (id,first_name,second_name,email,user_login,user_password,sex,date_of_birth,age,permission_level) VALUES (476,'Emily','Green','whitemary@gmail.com','edward23','IwgotMmy','F','1936-05-26',83,5);
INSERT INTO staff_member (id,employed_since,position,salary,room) VALUES (476,'2012-01-29','Cleaning Team Worker',10000,55);
INSERT INTO cleaning_team_worker (id,employment_type) VALUES (476,'Full time');
INSERT INTO person (id,first_name,second_name,email,user_login,user_password,sex,date_of_birth,age,permission_level) VALUES (477,'Michael','Delgado','figueroamarissa@yahoo.com','imartinez','IifElAVDhQjdHP','M','2018-01-20',1,4);
INSERT INTO staff_member (id,employed_since,position,salary,room) VALUES (477,'2013-11-29','Nurse',25000,6);
INSERT INTO nurse (id,surgery_assistant,preferred_shifts,appointment_assistant,departement_id) VALUES (477,B'0','Night',B'1',12);
INSERT INTO person (id,first_name,second_name,email,user_login,user_password,sex,date_of_birth,age,permission_level) VALUES (478,'Alexander','Hall','jonathangraham@hotmail.com','rodriguezshelly','YvvMuvMQAnjbPA','M','1935-07-12',84,2);
INSERT INTO patient (id) VALUES (478);
INSERT INTO patients_address (street,house,apartement) VALUES ('Danielle st.','37','9');
INSERT INTO medical_history (patient_id,date) VALUES (478,'2019-10-26');
INSERT INTO person (id,first_name,second_name,email,user_login,user_password,sex,date_of_birth,age,permission_level) VALUES (479,'Melanie','Long','mcgeeryan@hotmail.com','grantnathan','QkKrFGu','F','1952-02-19',67,1);
INSERT INTO staff_member (id,employed_since,position,salary,room) VALUES (479,'2019-08-14','Reseptionist',15000,56);
INSERT INTO reseptionist (id) VALUES (479);
INSERT INTO languages_spoken (reseptionist_id,language) VALUES (479,'EnglishTatarTatarItalian');
INSERT INTO person (id,first_name,second_name,email,user_login,user_password,sex,date_of_birth,age,permission_level) VALUES (480,'Erik','Solis','landrystephanie@yahoo.com','qhernandez','uCSTILmWe','M','1955-05-10',64,1);
INSERT INTO patient (id) VALUES (480);
INSERT INTO patients_address (street,house,apartement) VALUES ('Aaron st.','65','10');
INSERT INTO medical_history (patient_id,date) VALUES (480,'2019-10-21');
INSERT INTO person (id,first_name,second_name,email,user_login,user_password,sex,date_of_birth,age,permission_level) VALUES (481,'Melissa','Gross','whitekristina@yahoo.com','whitecassandra','cGwiVoOdMnii','F','1928-10-05',91,3);
INSERT INTO staff_member (id,employed_since,position,salary,room) VALUES (481,'2019-06-16','Maintanence Worker',15000,59);
INSERT INTO maintanence_worker (id,employment_type,speciality) VALUES (481,'Part time','Machines');
INSERT INTO person (id,first_name,second_name,email,user_login,user_password,sex,date_of_birth,age,permission_level) VALUES (482,'Taylor','Reeves','jessica96@yahoo.com','peterkeller','BcowYCklX','F','1920-02-18',99,3);
INSERT INTO staff_member (id,employed_since,position,salary,room) VALUES (482,'2013-01-18','Cleaning Team Worker',10000,51);
INSERT INTO cleaning_team_worker (id,employment_type) VALUES (482,'Part time');
INSERT INTO person (id,first_name,second_name,email,user_login,user_password,sex,date_of_birth,age,permission_level) VALUES (483,'Collin','Cowan','donald49@hotmail.com','moodyricky','LKGaYJoJWAfXbvI','M','2006-09-09',13,5);
INSERT INTO staff_member (id,employed_since,position,salary,room) VALUES (483,'2015-05-03','Professor',35000,35);
INSERT INTO professor (id,research_topic,surgery_participation,departement_id) VALUES (483,'Podiatrist',B'1',11);
INSERT INTO person (id,first_name,second_name,email,user_login,user_password,sex,date_of_birth,age,permission_level) VALUES (484,'Bruce','Little','nshepherd@gmail.com','dchapman','ZBFboTHS','M','2008-01-31',11,4);
INSERT INTO patient (id) VALUES (484);
INSERT INTO patients_address (street,house,apartement) VALUES ('Jamie st.','18','9');
INSERT INTO medical_history (patient_id,date) VALUES (484,'2019-11-16');
INSERT INTO person (id,first_name,second_name,email,user_login,user_password,sex,date_of_birth,age,permission_level) VALUES (485,'Aaron','Shelton','wilsonanna@gmail.com','yscott','StlIHDuWPclhnVX','M','1945-12-29',74,1);
INSERT INTO staff_member (id,employed_since,position,salary,room) VALUES (485,'2010-11-25','Doctor',35000,18);
INSERT INTO doctor (id,speciality,emergency_hours,experience,departement_id,supervisor) VALUES (485,'Radiologist',B'1',1,14,9);
INSERT INTO person (id,first_name,second_name,email,user_login,user_password,sex,date_of_birth,age,permission_level) VALUES (486,'Kenneth','Stevens','vkelly@hotmail.com','larryperez','YsDVCfL','M','1922-12-30',97,1);
INSERT INTO patient (id) VALUES (486);
INSERT INTO patients_address (street,house,apartement) VALUES ('Molly st.','74','6');
INSERT INTO medical_history (patient_id,date) VALUES (486,'2019-11-12');
INSERT INTO person (id,first_name,second_name,email,user_login,user_password,sex,date_of_birth,age,permission_level) VALUES (487,'Mark','Herrera','ejones@hotmail.com','timothy93','RoZqTYYwZk','M','1981-12-13',38,4);
INSERT INTO patient (id) VALUES (487);
INSERT INTO patients_address (street,house,apartement) VALUES ('Jose st.','100','9');
INSERT INTO medical_history (patient_id,date) VALUES (487,'2019-11-16');
INSERT INTO person (id,first_name,second_name,email,user_login,user_password,sex,date_of_birth,age,permission_level) VALUES (488,'Emily','Lopez','moranjessica@gmail.com','larrymccall','XumjTRGRnH','F','1927-06-27',92,5);
INSERT INTO staff_member (id,employed_since,position,salary,room) VALUES (488,'2010-08-30','Nurse',25000,8);
INSERT INTO nurse (id,surgery_assistant,preferred_shifts,appointment_assistant,departement_id) VALUES (488,B'0','Day',B'0',11);
INSERT INTO person (id,first_name,second_name,email,user_login,user_password,sex,date_of_birth,age,permission_level) VALUES (489,'April','Melton','ezimmerman@hotmail.com','cheryl40','afZgHGV','F','2001-01-30',18,5);
INSERT INTO staff_member (id,employed_since,position,salary,room) VALUES (489,'2016-08-01','Lab Technician',15000,45);
INSERT INTO lab_technician (id,education_level,departement_id) VALUES (489,'Magister',17);
INSERT INTO person (id,first_name,second_name,email,user_login,user_password,sex,date_of_birth,age,permission_level) VALUES (490,'Charles','Oconnell','stephanierobertson@hotmail.com','alisonlawson','IhcQAunxUA','M','1923-11-01',96,2);
INSERT INTO patient (id) VALUES (490);
INSERT INTO patients_address (street,house,apartement) VALUES ('Nicole st.','13','2');
INSERT INTO medical_history (patient_id,date) VALUES (490,'2019-10-22');
INSERT INTO person (id,first_name,second_name,email,user_login,user_password,sex,date_of_birth,age,permission_level) VALUES (491,'Jessica','Contreras','anthonywalker@hotmail.com','aprilcoleman','dOjvJcUTy','F','1929-12-07',90,1);
INSERT INTO staff_member (id,employed_since,position,salary,room) VALUES (491,'2010-01-16','Cleaning Team Worker',10000,51);
INSERT INTO cleaning_team_worker (id,employment_type) VALUES (491,'Full time');
INSERT INTO person (id,first_name,second_name,email,user_login,user_password,sex,date_of_birth,age,permission_level) VALUES (492,'Kara','Perry','charlesyoung@yahoo.com','srogers','xxAKVbhejtyb','F','1971-12-21',48,1);
INSERT INTO patient (id) VALUES (492);
INSERT INTO patients_address (street,house,apartement) VALUES ('Erin st.','89','2');
INSERT INTO medical_history (patient_id,date) VALUES (492,'2019-11-07');
INSERT INTO person (id,first_name,second_name,email,user_login,user_password,sex,date_of_birth,age,permission_level) VALUES (493,'Jamie','Shelton','lowerymichael@gmail.com','autumn64','SmcNlGrIv','F','1911-12-07',108,3);
INSERT INTO staff_member (id,employed_since,position,salary,room) VALUES (493,'2010-01-29','Nurse',25000,9);
INSERT INTO nurse (id,surgery_assistant,preferred_shifts,appointment_assistant,departement_id) VALUES (493,B'0','Day',B'0',14);
INSERT INTO person (id,first_name,second_name,email,user_login,user_password,sex,date_of_birth,age,permission_level) VALUES (494,'Kelsey','Morton','lbrooks@yahoo.com','lesliewatson','imLZYJycRsvkjv','F','1977-12-02',42,1);
INSERT INTO staff_member (id,employed_since,position,salary,room) VALUES (494,'2012-09-10','Reseptionist',15000,56);
INSERT INTO reseptionist (id) VALUES (494);
INSERT INTO languages_spoken (reseptionist_id,language) VALUES (494,'Italian');
INSERT INTO person (id,first_name,second_name,email,user_login,user_password,sex,date_of_birth,age,permission_level) VALUES (495,'Tiffany','Nolan','donaldlittle@hotmail.com','zfrazier','hDLOLnEYKf','F','1946-03-03',73,3);
INSERT INTO patient (id) VALUES (495);
INSERT INTO patients_address (street,house,apartement) VALUES ('Courtney st.','38','8');
INSERT INTO medical_history (patient_id,date) VALUES (495,'2019-10-28');
INSERT INTO person (id,first_name,second_name,email,user_login,user_password,sex,date_of_birth,age,permission_level) VALUES (496,'Robert','Frazier','joanbaker@yahoo.com','martinezbenjamin','KXsiVBPqvBRHhI','M','1907-03-12',112,4);
INSERT INTO staff_member (id,employed_since,position,salary,room) VALUES (496,'2017-06-16','Professor',35000,36);
INSERT INTO professor (id,research_topic,surgery_participation,departement_id) VALUES (496,'Cardiologist',B'0',1);
INSERT INTO person (id,first_name,second_name,email,user_login,user_password,sex,date_of_birth,age,permission_level) VALUES (497,'Kevin','Fisher','njacobson@hotmail.com','cheryl32','ymBJazZL','M','1923-06-24',96,4);
INSERT INTO staff_member (id,employed_since,position,salary,room) VALUES (497,'2015-10-04','Nurse',25000,8);
INSERT INTO nurse (id,surgery_assistant,preferred_shifts,appointment_assistant,departement_id) VALUES (497,B'1','Night',B'1',16);
INSERT INTO person (id,first_name,second_name,email,user_login,user_password,sex,date_of_birth,age,permission_level) VALUES (498,'Rachael','Cook','troy56@hotmail.com','poneill','WVkBqvmX','F','1927-11-26',92,5);
INSERT INTO staff_member (id,employed_since,position,salary,room) VALUES (498,'2018-10-05','Nurse',25000,10);
INSERT INTO nurse (id,surgery_assistant,preferred_shifts,appointment_assistant,departement_id) VALUES (498,B'0','Day',B'0',11);
INSERT INTO person (id,first_name,second_name,email,user_login,user_password,sex,date_of_birth,age,permission_level) VALUES (499,'Carl','Gutierrez','matthewbryant@yahoo.com','hgriffin','QfjYPqYfO','M','1917-05-20',102,3);
INSERT INTO patient (id) VALUES (499);
INSERT INTO patients_address (street,house,apartement) VALUES ('Holly st.','85','2');
INSERT INTO medical_history (patient_id,date) VALUES (499,'2019-11-10');
INSERT INTO person (id,first_name,second_name,email,user_login,user_password,sex,date_of_birth,age,permission_level) VALUES (500,'Emily','Chang','jeffrey17@gmail.com','jennifermendoza','UFSKcdAJLUvQEf','F','1960-05-10',59,4);
INSERT INTO patient (id) VALUES (500);
INSERT INTO patients_address (street,house,apartement) VALUES ('Aaron st.','92','10');
INSERT INTO medical_history (patient_id,date) VALUES (500,'2019-11-21');