
INSERT INTO medicine (name,amount) VALUES ('Trimethoprim',58);
INSERT INTO medicine (name,amount) VALUES ('Ganciclovir',34);
INSERT INTO medicine (name,amount) VALUES ('Posaconazole',83);
INSERT INTO request_med (date,med,amount,requester) VALUES ('2019-11-29','Posaconazole',3,15);
INSERT INTO patient_allergies (patient_id,preparate) VALUES (235,'Posaconazole');
INSERT INTO medicine (name,amount) VALUES ('Azithromycin',69);
INSERT INTO medicine (name,amount) VALUES ('Rilpivirine',9);
INSERT INTO medicine (name,amount) VALUES ('Clofarabine',11);
INSERT INTO medicine (name,amount) VALUES ('Isotretinoin',32);
INSERT INTO request_med (date,med,amount,requester) VALUES ('2019-12-26','Isotretinoin',10,340);
INSERT INTO patient_allergies (patient_id,preparate) VALUES (21,'Isotretinoin');
INSERT INTO medicine (name,amount) VALUES ('Emtricitabine',95);
INSERT INTO request_med (date,med,amount,requester) VALUES ('2019-12-22','Emtricitabine',5,54);
INSERT INTO patient_allergies (patient_id,preparate) VALUES (64,'Emtricitabine');
INSERT INTO medicine (name,amount) VALUES ('Bosentan',88);
INSERT INTO medicine (name,amount) VALUES ('Interleukin',57);
INSERT INTO request_med (date,med,amount,requester) VALUES ('2019-12-04','Interleukin',9,147);
INSERT INTO patient_allergies (patient_id,preparate) VALUES (130,'Interleukin');
INSERT INTO medicine (name,amount) VALUES ('Rivaroxaban',9);
INSERT INTO request_med (date,med,amount,requester) VALUES ('2019-11-28','Rivaroxaban',2,92);
INSERT INTO patient_allergies (patient_id,preparate) VALUES (223,'Rivaroxaban');
INSERT INTO medicine (name,amount) VALUES ('Hydromorphone',100);
INSERT INTO medicine (name,amount) VALUES ('Dopamine',2);
INSERT INTO medicine (name,amount) VALUES ('Granisetron',5);
INSERT INTO request_med (date,med,amount,requester) VALUES ('2019-12-24','Granisetron',1,365);
INSERT INTO patient_allergies (patient_id,preparate) VALUES (436,'Granisetron');
INSERT INTO medicine (name,amount) VALUES ('Doxorubicin',5);
INSERT INTO request_med (date,med,amount,requester) VALUES ('2019-11-24','Doxorubicin',8,213);
INSERT INTO patient_allergies (patient_id,preparate) VALUES (330,'Doxorubicin');
INSERT INTO medicine (name,amount) VALUES ('Tacrolimus',43);
INSERT INTO request_med (date,med,amount,requester) VALUES ('2019-12-12','Tacrolimus',4,433);
INSERT INTO patient_allergies (patient_id,preparate) VALUES (135,'Tacrolimus');
INSERT INTO medicine (name,amount) VALUES ('Etonogestrel',98);
INSERT INTO medicine (name,amount) VALUES ('Maraviroc',57);
INSERT INTO request_med (date,med,amount,requester) VALUES ('2019-12-18','Maraviroc',3,54);
INSERT INTO patient_allergies (patient_id,preparate) VALUES (302,'Maraviroc');
INSERT INTO medicine (name,amount) VALUES ('Amikacin',73);
INSERT INTO medicine (name,amount) VALUES ('Allopurinol',9);
INSERT INTO request_med (date,med,amount,requester) VALUES ('2019-11-25','Allopurinol',9,11);
INSERT INTO patient_allergies (patient_id,preparate) VALUES (328,'Allopurinol');
INSERT INTO medicine (name,amount) VALUES ('Micafungin',52);
INSERT INTO request_med (date,med,amount,requester) VALUES ('2019-12-05','Micafungin',6,192);
INSERT INTO patient_allergies (patient_id,preparate) VALUES (411,'Micafungin');
INSERT INTO medicine (name,amount) VALUES ('Meperidine',77);
INSERT INTO request_med (date,med,amount,requester) VALUES ('2019-12-04','Meperidine',5,4);
INSERT INTO patient_allergies (patient_id,preparate) VALUES (431,'Meperidine');
INSERT INTO medicine (name,amount) VALUES ('Didanosine',23);
INSERT INTO request_med (date,med,amount,requester) VALUES ('2019-11-29','Didanosine',10,494);
INSERT INTO patient_allergies (patient_id,preparate) VALUES (269,'Didanosine');
INSERT INTO medicine (name,amount) VALUES ('Mesna',27);
INSERT INTO medicine (name,amount) VALUES ('Celecoxib',78);
INSERT INTO medicine (name,amount) VALUES ('Hydralazine',39);
INSERT INTO medicine (name,amount) VALUES ('Metronidazole',65);
INSERT INTO request_med (date,med,amount,requester) VALUES ('2019-12-14','Metronidazole',3,102);
INSERT INTO patient_allergies (patient_id,preparate) VALUES (37,'Metronidazole');
INSERT INTO medicine (name,amount) VALUES ('Stavudine',31);
INSERT INTO medicine (name,amount) VALUES ('Thioguanine',84);
INSERT INTO request_med (date,med,amount,requester) VALUES ('2019-12-21','Thioguanine',4,216);
INSERT INTO patient_allergies (patient_id,preparate) VALUES (235,'Thioguanine');
INSERT INTO medicine (name,amount) VALUES ('Phenobarbital',63);
INSERT INTO medicine (name,amount) VALUES ('Megestrol acetate',80);
INSERT INTO medicine (name,amount) VALUES ('Enoxaparin',66);
INSERT INTO request_med (date,med,amount,requester) VALUES ('2019-12-06','Enoxaparin',7,29);
INSERT INTO patient_allergies (patient_id,preparate) VALUES (301,'Enoxaparin');
INSERT INTO medicine (name,amount) VALUES ('Nelarabine',70);
INSERT INTO request_med (date,med,amount,requester) VALUES ('2019-12-21','Nelarabine',5,169);
INSERT INTO patient_allergies (patient_id,preparate) VALUES (175,'Nelarabine');
INSERT INTO medicine (name,amount) VALUES ('Gabapentin',69);
INSERT INTO medicine (name,amount) VALUES ('Vinblastine',19);
INSERT INTO medicine (name,amount) VALUES ('Furosemide',22);
INSERT INTO request_med (date,med,amount,requester) VALUES ('2019-12-16','Furosemide',2,215);
INSERT INTO patient_allergies (patient_id,preparate) VALUES (39,'Furosemide');
INSERT INTO medicine (name,amount) VALUES ('Gefitinib',62);
INSERT INTO medicine (name,amount) VALUES ('Melphalan',4);
INSERT INTO request_med (date,med,amount,requester) VALUES ('2019-12-18','Melphalan',3,29);
INSERT INTO patient_allergies (patient_id,preparate) VALUES (19,'Melphalan');
INSERT INTO medicine (name,amount) VALUES ('Bortezomib',53);
INSERT INTO request_med (date,med,amount,requester) VALUES ('2019-12-22','Bortezomib',2,167);
INSERT INTO patient_allergies (patient_id,preparate) VALUES (122,'Bortezomib');
INSERT INTO medicine (name,amount) VALUES ('Mitotane',45);
INSERT INTO request_med (date,med,amount,requester) VALUES ('2019-12-02','Mitotane',8,205);
INSERT INTO patient_allergies (patient_id,preparate) VALUES (32,'Mitotane');
INSERT INTO medicine (name,amount) VALUES ('Gemcitabine',84);
INSERT INTO medicine (name,amount) VALUES ('Fluconazole',24);
INSERT INTO request_med (date,med,amount,requester) VALUES ('2019-12-23','Fluconazole',4,366);
INSERT INTO patient_allergies (patient_id,preparate) VALUES (448,'Fluconazole');
INSERT INTO medicine (name,amount) VALUES ('Topotecan',70);
INSERT INTO request_med (date,med,amount,requester) VALUES ('2019-12-18','Topotecan',9,195);
INSERT INTO patient_allergies (patient_id,preparate) VALUES (116,'Topotecan');
INSERT INTO medicine (name,amount) VALUES ('Interferon',60);
INSERT INTO medicine (name,amount) VALUES ('L-glutamine',64);
INSERT INTO request_med (date,med,amount,requester) VALUES ('2019-12-22','L-glutamine',2,441);
INSERT INTO patient_allergies (patient_id,preparate) VALUES (150,'L-glutamine');
INSERT INTO medicine (name,amount) VALUES ('Cyclophosphamide',2);
INSERT INTO medicine (name,amount) VALUES ('Amlodipine',26);
INSERT INTO request_med (date,med,amount,requester) VALUES ('2019-11-27','Amlodipine',5,337);
INSERT INTO patient_allergies (patient_id,preparate) VALUES (280,'Amlodipine');
INSERT INTO medicine (name,amount) VALUES ('Heparin',55);
INSERT INTO medicine (name,amount) VALUES ('Baclofen',45);
INSERT INTO request_med (date,med,amount,requester) VALUES ('2019-12-04','Baclofen',10,79);
INSERT INTO patient_allergies (patient_id,preparate) VALUES (130,'Baclofen');
INSERT INTO medicine (name,amount) VALUES ('Paclitaxel',23);
INSERT INTO medicine (name,amount) VALUES ('Irinotecan',82);
INSERT INTO medicine (name,amount) VALUES ('Meloxicam',42);
INSERT INTO medicine (name,amount) VALUES ('Clobazam',52);
INSERT INTO medicine (name,amount) VALUES ('Labetalol',32);
INSERT INTO request_med (date,med,amount,requester) VALUES ('2019-11-25','Labetalol',10,265);
INSERT INTO patient_allergies (patient_id,preparate) VALUES (124,'Labetalol');
INSERT INTO medicine (name,amount) VALUES ('Fluorouracil',21);
INSERT INTO request_med (date,med,amount,requester) VALUES ('2019-12-16','Fluorouracil',7,492);
INSERT INTO patient_allergies (patient_id,preparate) VALUES (424,'Fluorouracil');
INSERT INTO medicine (name,amount) VALUES ('Sirolimus',28);
INSERT INTO request_med (date,med,amount,requester) VALUES ('2019-12-13','Sirolimus',1,94);
INSERT INTO patient_allergies (patient_id,preparate) VALUES (269,'Sirolimus');
INSERT INTO medicine (name,amount) VALUES ('Ceftazidime',88);
INSERT INTO medicine (name,amount) VALUES ('Dactinomycin',96);
INSERT INTO request_med (date,med,amount,requester) VALUES ('2019-11-28','Dactinomycin',5,103);
INSERT INTO patient_allergies (patient_id,preparate) VALUES (124,'Dactinomycin');
INSERT INTO medicine (name,amount) VALUES ('Calcium',95);
INSERT INTO request_med (date,med,amount,requester) VALUES ('2019-12-11','Calcium',2,324);
INSERT INTO patient_allergies (patient_id,preparate) VALUES (287,'Calcium');
INSERT INTO medicine (name,amount) VALUES ('Nevirapine',63);
INSERT INTO medicine (name,amount) VALUES ('Cephalexin',13);
INSERT INTO medicine (name,amount) VALUES ('Alendronate',14);
INSERT INTO request_med (date,med,amount,requester) VALUES ('2019-12-03','Alendronate',4,134);
INSERT INTO patient_allergies (patient_id,preparate) VALUES (175,'Alendronate');
INSERT INTO medicine (name,amount) VALUES ('Cefaclor',85);
INSERT INTO request_med (date,med,amount,requester) VALUES ('2019-12-22','Cefaclor',10,46);
INSERT INTO patient_allergies (patient_id,preparate) VALUES (229,'Cefaclor');
INSERT INTO medicine (name,amount) VALUES ('Muromonab',21);
INSERT INTO medicine (name,amount) VALUES ('Saquinavir',55);
INSERT INTO request_med (date,med,amount,requester) VALUES ('2019-12-25','Saquinavir',6,66);
INSERT INTO patient_allergies (patient_id,preparate) VALUES (180,'Saquinavir');
INSERT INTO medicine (name,amount) VALUES ('Levothyroxine',62);
INSERT INTO request_med (date,med,amount,requester) VALUES ('2019-12-12','Levothyroxine',10,47);
INSERT INTO patient_allergies (patient_id,preparate) VALUES (140,'Levothyroxine');
INSERT INTO medicine (name,amount) VALUES ('Desmopressin',10);
INSERT INTO medicine (name,amount) VALUES ('Erythromycin',55);
INSERT INTO medicine (name,amount) VALUES ('Temozolomide',33);
INSERT INTO request_med (date,med,amount,requester) VALUES ('2019-12-08','Temozolomide',6,258);
INSERT INTO patient_allergies (patient_id,preparate) VALUES (269,'Temozolomide');
INSERT INTO medicine (name,amount) VALUES ('Immune',28);
INSERT INTO request_med (date,med,amount,requester) VALUES ('2019-12-19','Immune',7,395);
INSERT INTO patient_allergies (patient_id,preparate) VALUES (302,'Immune');
INSERT INTO medicine (name,amount) VALUES ('Clarithromycin',48);
INSERT INTO medicine (name,amount) VALUES ('Warfarin',97);
INSERT INTO medicine (name,amount) VALUES ('Thiotepa',25);
INSERT INTO request_med (date,med,amount,requester) VALUES ('2019-12-08','Thiotepa',4,474);
INSERT INTO patient_allergies (patient_id,preparate) VALUES (34,'Thiotepa');
INSERT INTO medicine (name,amount) VALUES ('Phosphorus',7);
INSERT INTO request_med (date,med,amount,requester) VALUES ('2019-12-23','Phosphorus',6,495);
INSERT INTO patient_allergies (patient_id,preparate) VALUES (186,'Phosphorus');
INSERT INTO medicine (name,amount) VALUES ('Vorinostat',78);
INSERT INTO medicine (name,amount) VALUES ('Dronabinol',0);
INSERT INTO medicine (name,amount) VALUES ('Pemetrexed',29);
INSERT INTO medicine (name,amount) VALUES ('Cefixime',81);
INSERT INTO request_med (date,med,amount,requester) VALUES ('2019-12-15','Cefixime',10,83);
INSERT INTO patient_allergies (patient_id,preparate) VALUES (52,'Cefixime');
INSERT INTO medicine (name,amount) VALUES ('Dasatinib',18);
INSERT INTO request_med (date,med,amount,requester) VALUES ('2019-12-15','Dasatinib',3,189);
INSERT INTO patient_allergies (patient_id,preparate) VALUES (219,'Dasatinib');
INSERT INTO medicine (name,amount) VALUES ('Lopinavir',83);
INSERT INTO request_med (date,med,amount,requester) VALUES ('2019-12-16','Lopinavir',7,35);
INSERT INTO patient_allergies (patient_id,preparate) VALUES (150,'Lopinavir');
INSERT INTO medicine (name,amount) VALUES ('Hydroxyurea',25);
INSERT INTO request_med (date,med,amount,requester) VALUES ('2019-12-07','Hydroxyurea',10,394);
INSERT INTO patient_allergies (patient_id,preparate) VALUES (461,'Hydroxyurea');
INSERT INTO medicine (name,amount) VALUES ('Dacarbazine',6);
INSERT INTO request_med (date,med,amount,requester) VALUES ('2019-12-20','Dacarbazine',4,220);
INSERT INTO patient_allergies (patient_id,preparate) VALUES (194,'Dacarbazine');
INSERT INTO medicine (name,amount) VALUES ('Ondansetron',24);
INSERT INTO medicine (name,amount) VALUES ('Aminocaproic Acid',24);
INSERT INTO request_med (date,med,amount,requester) VALUES ('2019-12-17','Aminocaproic Acid',4,277);
INSERT INTO patient_allergies (patient_id,preparate) VALUES (188,'Aminocaproic Acid');
INSERT INTO medicine (name,amount) VALUES ('Nelfinavir',75);
INSERT INTO medicine (name,amount) VALUES ('Leucovorin',33);
INSERT INTO medicine (name,amount) VALUES ('Cyproheptadine',65);
INSERT INTO request_med (date,med,amount,requester) VALUES ('2019-11-29','Cyproheptadine',2,468);
INSERT INTO patient_allergies (patient_id,preparate) VALUES (282,'Cyproheptadine');
INSERT INTO medicine (name,amount) VALUES ('Methylphenidate',47);
INSERT INTO request_med (date,med,amount,requester) VALUES ('2019-12-05','Methylphenidate',10,185);
INSERT INTO patient_allergies (patient_id,preparate) VALUES (34,'Methylphenidate');
INSERT INTO medicine (name,amount) VALUES ('Dapsone',36);
INSERT INTO request_med (date,med,amount,requester) VALUES ('2019-12-15','Dapsone',5,105);
INSERT INTO patient_allergies (patient_id,preparate) VALUES (293,'Dapsone');
INSERT INTO medicine (name,amount) VALUES ('Sugammadex',33);
INSERT INTO request_med (date,med,amount,requester) VALUES ('2019-12-05','Sugammadex',10,396);
INSERT INTO patient_allergies (patient_id,preparate) VALUES (419,'Sugammadex');
INSERT INTO medicine (name,amount) VALUES ('Cyclobenzaprine',18);
INSERT INTO medicine (name,amount) VALUES ('Diclofenac',54);
INSERT INTO medicine (name,amount) VALUES ('Atovaquone',68);
INSERT INTO medicine (name,amount) VALUES ('Pentamidine',17);
INSERT INTO medicine (name,amount) VALUES ('Etravirine',69);
INSERT INTO medicine (name,amount) VALUES ('Cidofovir',56);
INSERT INTO request_med (date,med,amount,requester) VALUES ('2019-12-25','Cidofovir',10,457);
INSERT INTO patient_allergies (patient_id,preparate) VALUES (293,'Cidofovir');
INSERT INTO medicine (name,amount) VALUES ('Ruxolitinib',98);
INSERT INTO medicine (name,amount) VALUES ('Imipenem',60);
INSERT INTO medicine (name,amount) VALUES ('Dobutamine',41);
INSERT INTO request_med (date,med,amount,requester) VALUES ('2019-11-23','Dobutamine',6,206);
INSERT INTO patient_allergies (patient_id,preparate) VALUES (282,'Dobutamine');
INSERT INTO medicine (name,amount) VALUES ('Methadone',60);
INSERT INTO request_med (date,med,amount,requester) VALUES ('2019-12-03','Methadone',9,228);
INSERT INTO patient_allergies (patient_id,preparate) VALUES (32,'Methadone');
INSERT INTO medicine (name,amount) VALUES ('Cyclosporine',48);
INSERT INTO medicine (name,amount) VALUES ('Codeine',69);
INSERT INTO request_med (date,med,amount,requester) VALUES ('2019-12-27','Codeine',3,414);
INSERT INTO patient_allergies (patient_id,preparate) VALUES (21,'Codeine');
INSERT INTO medicine (name,amount) VALUES ('Rituximab',76);
INSERT INTO medicine (name,amount) VALUES ('Cytarabine',21);
INSERT INTO medicine (name,amount) VALUES ('Emicizumab',7);
INSERT INTO request_med (date,med,amount,requester) VALUES ('2019-12-11','Emicizumab',8,169);
INSERT INTO patient_allergies (patient_id,preparate) VALUES (388,'Emicizumab');
INSERT INTO medicine (name,amount) VALUES ('Enalapril',10);
INSERT INTO request_med (date,med,amount,requester) VALUES ('2019-12-08','Enalapril',1,207);
INSERT INTO patient_allergies (patient_id,preparate) VALUES (251,'Enalapril');
INSERT INTO medicine (name,amount) VALUES ('Mercaptopurine',21);
INSERT INTO medicine (name,amount) VALUES ('Morphine',51);
INSERT INTO request_med (date,med,amount,requester) VALUES ('2019-12-07','Morphine',10,281);
INSERT INTO patient_allergies (patient_id,preparate) VALUES (461,'Morphine');
INSERT INTO medicine (name,amount) VALUES ('Hydrocodone',81);
INSERT INTO request_med (date,med,amount,requester) VALUES ('2019-12-21','Hydrocodone',1,206);
INSERT INTO patient_allergies (patient_id,preparate) VALUES (444,'Hydrocodone');
INSERT INTO medicine (name,amount) VALUES ('Aprepitant',34);
INSERT INTO request_med (date,med,amount,requester) VALUES ('2019-11-23','Aprepitant',9,87);
INSERT INTO patient_allergies (patient_id,preparate) VALUES (150,'Aprepitant');
INSERT INTO medicine (name,amount) VALUES ('Linezolid',89);
INSERT INTO medicine (name,amount) VALUES ('Eltrombopag',62);
INSERT INTO medicine (name,amount) VALUES ('Amifostine',68);
INSERT INTO medicine (name,amount) VALUES ('Teniposide',37);
INSERT INTO request_med (date,med,amount,requester) VALUES ('2019-12-06','Teniposide',8,80);
INSERT INTO patient_allergies (patient_id,preparate) VALUES (171,'Teniposide');
INSERT INTO medicine (name,amount) VALUES ('Procarbazine',77);
INSERT INTO request_med (date,med,amount,requester) VALUES ('2019-12-23','Procarbazine',3,57);
INSERT INTO patient_allergies (patient_id,preparate) VALUES (126,'Procarbazine');
INSERT INTO medicine (name,amount) VALUES ('PEGaspargase',80);
INSERT INTO request_med (date,med,amount,requester) VALUES ('2019-12-25','PEGaspargase',8,173);
INSERT INTO patient_allergies (patient_id,preparate) VALUES (132,'PEGaspargase');
INSERT INTO medicine (name,amount) VALUES ('Carbamazepine',68);
INSERT INTO medicine (name,amount) VALUES ('GM-CSF',73);
INSERT INTO request_med (date,med,amount,requester) VALUES ('2019-12-12','GM-CSF',2,158);
INSERT INTO patient_allergies (patient_id,preparate) VALUES (223,'GM-CSF');
INSERT INTO medicine (name,amount) VALUES ('Busulfan',42);
INSERT INTO request_med (date,med,amount,requester) VALUES ('2019-12-12','Busulfan',9,339);
INSERT INTO patient_allergies (patient_id,preparate) VALUES (19,'Busulfan');
INSERT INTO medicine (name,amount) VALUES ('Acyclovir',7);
INSERT INTO request_med (date,med,amount,requester) VALUES ('2019-12-07','Acyclovir',1,264);
INSERT INTO patient_allergies (patient_id,preparate) VALUES (60,'Acyclovir');
INSERT INTO medicine (name,amount) VALUES ('Dinutuximab',17);
INSERT INTO medicine (name,amount) VALUES ('Mitoxantrone',67);
INSERT INTO request_med (date,med,amount,requester) VALUES ('2019-12-21','Mitoxantrone',5,323);
INSERT INTO patient_allergies (patient_id,preparate) VALUES (294,'Mitoxantrone');
INSERT INTO medicine (name,amount) VALUES ('Neuromuscular',8);
INSERT INTO medicine (name,amount) VALUES ('Propoxyphene',71);
INSERT INTO request_med (date,med,amount,requester) VALUES ('2019-11-25','Propoxyphene',2,309);
INSERT INTO patient_allergies (patient_id,preparate) VALUES (410,'Propoxyphene');
INSERT INTO medicine (name,amount) VALUES ('Zidovudine',57);
INSERT INTO medicine (name,amount) VALUES ('Magnesium',89);
INSERT INTO request_med (date,med,amount,requester) VALUES ('2019-12-05','Magnesium',4,212);
INSERT INTO patient_allergies (patient_id,preparate) VALUES (21,'Magnesium');
INSERT INTO medicine (name,amount) VALUES ('Darunavir',73);
INSERT INTO request_med (date,med,amount,requester) VALUES ('2019-12-26','Darunavir',5,386);
INSERT INTO patient_allergies (patient_id,preparate) VALUES (19,'Darunavir');
INSERT INTO medicine (name,amount) VALUES ('Deferasirox',73);
INSERT INTO medicine (name,amount) VALUES ('Omeprazole',51);
INSERT INTO medicine (name,amount) VALUES ('Erlotinib',91);
INSERT INTO request_med (date,med,amount,requester) VALUES ('2019-11-25','Erlotinib',10,207);
INSERT INTO patient_allergies (patient_id,preparate) VALUES (427,'Erlotinib');
INSERT INTO medicine (name,amount) VALUES ('Itraconazole',83);
INSERT INTO request_med (date,med,amount,requester) VALUES ('2019-12-22','Itraconazole',3,79);
INSERT INTO patient_allergies (patient_id,preparate) VALUES (393,'Itraconazole');
INSERT INTO medicine (name,amount) VALUES ('Clindamycin',32);
INSERT INTO request_med (date,med,amount,requester) VALUES ('2019-12-03','Clindamycin',1,221);
INSERT INTO patient_allergies (patient_id,preparate) VALUES (186,'Clindamycin');
INSERT INTO medicine (name,amount) VALUES ('Atenolol',79);
INSERT INTO request_med (date,med,amount,requester) VALUES ('2019-12-07','Atenolol',1,74);
INSERT INTO patient_allergies (patient_id,preparate) VALUES (430,'Atenolol');
INSERT INTO medicine (name,amount) VALUES ('Abacavir',12);
INSERT INTO medicine (name,amount) VALUES ('Promethazine',14);
INSERT INTO medicine (name,amount) VALUES ('Ketoconazole',54);
INSERT INTO request_med (date,med,amount,requester) VALUES ('2019-12-08','Ketoconazole',5,119);
INSERT INTO patient_allergies (patient_id,preparate) VALUES (328,'Ketoconazole');
INSERT INTO medicine (name,amount) VALUES ('Foscarnet',57);
INSERT INTO medicine (name,amount) VALUES ('Dexamethasone',37);
INSERT INTO medicine (name,amount) VALUES ('Crizotinib',86);
INSERT INTO request_med (date,med,amount,requester) VALUES ('2019-12-24','Crizotinib',6,178);
INSERT INTO patient_allergies (patient_id,preparate) VALUES (234,'Crizotinib');
INSERT INTO medicine (name,amount) VALUES ('Sucralfate',2);
INSERT INTO medicine (name,amount) VALUES ('Tobramycin',82);
INSERT INTO request_med (date,med,amount,requester) VALUES ('2019-12-27','Tobramycin',9,102);
INSERT INTO patient_allergies (patient_id,preparate) VALUES (410,'Tobramycin');
INSERT INTO medicine (name,amount) VALUES ('Oxycodone',2);
INSERT INTO medicine (name,amount) VALUES ('Erythropoietin',99);
INSERT INTO medicine (name,amount) VALUES ('Amitriptyline',18);
INSERT INTO request_med (date,med,amount,requester) VALUES ('2019-11-23','Amitriptyline',2,391);
INSERT INTO patient_allergies (patient_id,preparate) VALUES (375,'Amitriptyline');
INSERT INTO medicine (name,amount) VALUES ('Norepinephrine',0);
INSERT INTO request_med (date,med,amount,requester) VALUES ('2019-12-22','Norepinephrine',4,20);
INSERT INTO patient_allergies (patient_id,preparate) VALUES (231,'Norepinephrine');
INSERT INTO medicine (name,amount) VALUES ('Probenecid',41);
INSERT INTO request_med (date,med,amount,requester) VALUES ('2019-12-10','Probenecid',7,366);
INSERT INTO patient_allergies (patient_id,preparate) VALUES (45,'Probenecid');
INSERT INTO medicine (name,amount) VALUES ('Carboplatin',37);
INSERT INTO request_med (date,med,amount,requester) VALUES ('2019-11-26','Carboplatin',5,106);
INSERT INTO patient_allergies (patient_id,preparate) VALUES (113,'Carboplatin');
INSERT INTO medicine (name,amount) VALUES ('Amoxicillin',5);
INSERT INTO request_med (date,med,amount,requester) VALUES ('2019-11-23','Amoxicillin',10,9);
INSERT INTO patient_allergies (patient_id,preparate) VALUES (141,'Amoxicillin');
INSERT INTO medicine (name,amount) VALUES ('Alemtuzumab',65);
INSERT INTO request_med (date,med,amount,requester) VALUES ('2019-12-13','Alemtuzumab',4,451);
INSERT INTO patient_allergies (patient_id,preparate) VALUES (483,'Alemtuzumab');
INSERT INTO medicine (name,amount) VALUES ('Famciclovir',17);
INSERT INTO medicine (name,amount) VALUES ('Tretinoin',83);
INSERT INTO request_med (date,med,amount,requester) VALUES ('2019-11-25','Tretinoin',5,382);
INSERT INTO patient_allergies (patient_id,preparate) VALUES (184,'Tretinoin');
INSERT INTO medicine (name,amount) VALUES ('Asparaginase',89);
INSERT INTO request_med (date,med,amount,requester) VALUES ('2019-11-23','Asparaginase',10,94);
INSERT INTO patient_allergies (patient_id,preparate) VALUES (436,'Asparaginase');
INSERT INTO medicine (name,amount) VALUES ('Efavirenz',56);
INSERT INTO request_med (date,med,amount,requester) VALUES ('2019-12-18','Efavirenz',10,221);
INSERT INTO patient_allergies (patient_id,preparate) VALUES (122,'Efavirenz');
INSERT INTO medicine (name,amount) VALUES ('Tenofovir',51);
INSERT INTO medicine (name,amount) VALUES ('Pegfilgrastim',64);
INSERT INTO medicine (name,amount) VALUES ('Meropenem',14);
INSERT INTO request_med (date,med,amount,requester) VALUES ('2019-12-17','Meropenem',2,466);
INSERT INTO patient_allergies (patient_id,preparate) VALUES (388,'Meropenem');
INSERT INTO medicine (name,amount) VALUES ('Cisplatin',32);
INSERT INTO request_med (date,med,amount,requester) VALUES ('2019-11-23','Cisplatin',6,220);
INSERT INTO patient_allergies (patient_id,preparate) VALUES (19,'Cisplatin');
INSERT INTO medicine (name,amount) VALUES ('Cladribine',43);
INSERT INTO medicine (name,amount) VALUES ('Prednisone',27);
INSERT INTO request_med (date,med,amount,requester) VALUES ('2019-11-26','Prednisone',5,8);
INSERT INTO patient_allergies (patient_id,preparate) VALUES (255,'Prednisone');
INSERT INTO medicine (name,amount) VALUES ('Ranitidine',80);
INSERT INTO request_med (date,med,amount,requester) VALUES ('2019-12-05','Ranitidine',3,7);
INSERT INTO patient_allergies (patient_id,preparate) VALUES (116,'Ranitidine');
INSERT INTO medicine (name,amount) VALUES ('G-CSF',36);
INSERT INTO request_med (date,med,amount,requester) VALUES ('2019-12-23','G-CSF',1,313);
INSERT INTO patient_allergies (patient_id,preparate) VALUES (293,'G-CSF');
INSERT INTO medicine (name,amount) VALUES ('Potassium',43);
INSERT INTO request_med (date,med,amount,requester) VALUES ('2019-11-25','Potassium',8,83);
INSERT INTO patient_allergies (patient_id,preparate) VALUES (95,'Potassium');
INSERT INTO medicine (name,amount) VALUES ('Sorafenib',58);
INSERT INTO medicine (name,amount) VALUES ('Modafinil',8);
INSERT INTO medicine (name,amount) VALUES ('Voriconazole',67);
INSERT INTO medicine (name,amount) VALUES ('Hydrocortisone',92);
INSERT INTO request_med (date,med,amount,requester) VALUES ('2019-12-16','Hydrocortisone',3,71);
INSERT INTO patient_allergies (patient_id,preparate) VALUES (302,'Hydrocortisone');
INSERT INTO medicine (name,amount) VALUES ('Atazanavir',93);
INSERT INTO medicine (name,amount) VALUES ('Captopril',43);
INSERT INTO medicine (name,amount) VALUES ('Valproic acid',55);
INSERT INTO medicine (name,amount) VALUES ('Phenytoin',42);
INSERT INTO medicine (name,amount) VALUES ('Cefuroxime',95);
INSERT INTO request_med (date,med,amount,requester) VALUES ('2019-12-16','Cefuroxime',3,248);
INSERT INTO patient_allergies (patient_id,preparate) VALUES (116,'Cefuroxime');
INSERT INTO medicine (name,amount) VALUES ('Cefepime',8);
INSERT INTO medicine (name,amount) VALUES ('Methotrexate',51);
INSERT INTO request_med (date,med,amount,requester) VALUES ('2019-12-07','Methotrexate',7,213);
INSERT INTO patient_allergies (patient_id,preparate) VALUES (381,'Methotrexate');
INSERT INTO medicine (name,amount) VALUES ('Gemtuzumab',31);
INSERT INTO medicine (name,amount) VALUES ('Imatinib',65);
INSERT INTO request_med (date,med,amount,requester) VALUES ('2019-12-21','Imatinib',8,441);
INSERT INTO patient_allergies (patient_id,preparate) VALUES (356,'Imatinib');
INSERT INTO medicine (name,amount) VALUES ('Ifosfamide',17);
INSERT INTO request_med (date,med,amount,requester) VALUES ('2019-11-26','Ifosfamide',6,44);
INSERT INTO patient_allergies (patient_id,preparate) VALUES (109,'Ifosfamide');
INSERT INTO medicine (name,amount) VALUES ('Sunitinib',95);
INSERT INTO medicine (name,amount) VALUES ('Fludarabine',89);
INSERT INTO request_med (date,med,amount,requester) VALUES ('2019-12-23','Fludarabine',5,237);
INSERT INTO patient_allergies (patient_id,preparate) VALUES (121,'Fludarabine');
INSERT INTO medicine (name,amount) VALUES ('Lomustine',9);
INSERT INTO request_med (date,med,amount,requester) VALUES ('2019-12-05','Lomustine',8,490);
INSERT INTO patient_allergies (patient_id,preparate) VALUES (435,'Lomustine');
INSERT INTO medicine (name,amount) VALUES ('Daunorubicin',1);
INSERT INTO request_med (date,med,amount,requester) VALUES ('2019-11-25','Daunorubicin',5,284);
INSERT INTO patient_allergies (patient_id,preparate) VALUES (419,'Daunorubicin');
INSERT INTO medicine (name,amount) VALUES ('Bleomycin',72);
INSERT INTO medicine (name,amount) VALUES ('Rasburicase',17);
INSERT INTO medicine (name,amount) VALUES ('Etoposide',37);
INSERT INTO medicine (name,amount) VALUES ('Lorazepam',59);
INSERT INTO request_med (date,med,amount,requester) VALUES ('2019-12-18','Lorazepam',10,157);
INSERT INTO patient_allergies (patient_id,preparate) VALUES (132,'Lorazepam');
INSERT INTO medicine (name,amount) VALUES ('Lamivudine',94);
INSERT INTO request_med (date,med,amount,requester) VALUES ('2019-12-15','Lamivudine',6,160);
INSERT INTO patient_allergies (patient_id,preparate) VALUES (210,'Lamivudine');
INSERT INTO medicine (name,amount) VALUES ('Ritonavir',1);
INSERT INTO medicine (name,amount) VALUES ('Raltegravir',56);
INSERT INTO medicine (name,amount) VALUES ('Mechlorethamine',86);
INSERT INTO request_med (date,med,amount,requester) VALUES ('2019-12-08','Mechlorethamine',1,391);
INSERT INTO patient_allergies (patient_id,preparate) VALUES (255,'Mechlorethamine');
INSERT INTO medicine (name,amount) VALUES ('Penicillin',3);
INSERT INTO medicine (name,amount) VALUES ('Vincristine',96);
INSERT INTO request_med (date,med,amount,requester) VALUES ('2019-12-26','Vincristine',9,475);
INSERT INTO patient_allergies (patient_id,preparate) VALUES (219,'Vincristine');
INSERT INTO medicine (name,amount) VALUES ('Vancomycin',1);
INSERT INTO medicine (name,amount) VALUES ('Carmustine',74);
INSERT INTO request_med (date,med,amount,requester) VALUES ('2019-12-02','Carmustine',2,28);
INSERT INTO patient_allergies (patient_id,preparate) VALUES (336,'Carmustine');
INSERT INTO medicine (name,amount) VALUES ('Dornase alfa',98);
INSERT INTO medicine (name,amount) VALUES ('Mycophenolate',3);
INSERT INTO request_med (date,med,amount,requester) VALUES ('2019-11-26','Mycophenolate',9,331);
INSERT INTO patient_allergies (patient_id,preparate) VALUES (431,'Mycophenolate');
INSERT INTO medicine (name,amount) VALUES ('Elvitegravir',86);
INSERT INTO request_med (date,med,amount,requester) VALUES ('2019-12-24','Elvitegravir',10,488);
INSERT INTO patient_allergies (patient_id,preparate) VALUES (229,'Elvitegravir');
INSERT INTO surgery (id,date,patient_id,doctor_id) VALUES (1,'2019-12-25',280,101);
INSERT INTO meds_for_surgery (surgery_id,med) VALUES (1,'Irinotecan');
INSERT INTO surgery (id,date,patient_id,doctor_id) VALUES (2,'2019-12-17',49,434);
INSERT INTO meds_for_surgery (surgery_id,med) VALUES (2,'Cytarabine');
INSERT INTO surgery (id,date,patient_id,doctor_id) VALUES (3,'2019-12-11',116,4);
INSERT INTO meds_for_surgery (surgery_id,med) VALUES (3,'Hydroxyurea');
INSERT INTO surgery (id,date,patient_id,doctor_id) VALUES (4,'2019-11-27',410,86);
INSERT INTO meds_for_surgery (surgery_id,med) VALUES (4,'Rilpivirine');
INSERT INTO surgery (id,date,patient_id,doctor_id) VALUES (5,'2019-12-18',480,92);
INSERT INTO meds_for_surgery (surgery_id,med) VALUES (5,'Propoxyphene');
INSERT INTO surgery (id,date,patient_id,doctor_id) VALUES (6,'2019-11-29',186,391);
INSERT INTO meds_for_surgery (surgery_id,med) VALUES (6,'Lopinavir');
INSERT INTO surgery (id,date,patient_id,doctor_id) VALUES (7,'2019-12-20',259,396);
INSERT INTO meds_for_surgery (surgery_id,med) VALUES (7,'Gefitinib');
INSERT INTO surgery (id,date,patient_id,doctor_id) VALUES (8,'2019-12-08',280,492);
INSERT INTO meds_for_surgery (surgery_id,med) VALUES (8,'Dobutamine');
INSERT INTO surgery (id,date,patient_id,doctor_id) VALUES (9,'2019-11-29',375,285);
INSERT INTO meds_for_surgery (surgery_id,med) VALUES (9,'Isotretinoin');
INSERT INTO surgery (id,date,patient_id,doctor_id) VALUES (10,'2019-12-19',349,137);
INSERT INTO meds_for_surgery (surgery_id,med) VALUES (10,'Levothyroxine');
INSERT INTO surgery (id,date,patient_id,doctor_id) VALUES (11,'2019-12-23',436,285);
INSERT INTO meds_for_surgery (surgery_id,med) VALUES (11,'Amoxicillin');
INSERT INTO surgery (id,date,patient_id,doctor_id) VALUES (12,'2019-12-10',430,4);
INSERT INTO meds_for_surgery (surgery_id,med) VALUES (12,'Didanosine');
INSERT INTO surgery (id,date,patient_id,doctor_id) VALUES (13,'2019-12-09',500,108);
INSERT INTO meds_for_surgery (surgery_id,med) VALUES (13,'Vancomycin');
INSERT INTO surgery (id,date,patient_id,doctor_id) VALUES (14,'2019-12-02',69,313);
INSERT INTO meds_for_surgery (surgery_id,med) VALUES (14,'Dacarbazine');
INSERT INTO surgery (id,date,patient_id,doctor_id) VALUES (15,'2019-12-15',34,498);
INSERT INTO meds_for_surgery (surgery_id,med) VALUES (15,'Saquinavir');
INSERT INTO surgery (id,date,patient_id,doctor_id) VALUES (16,'2019-12-04',354,438);
INSERT INTO meds_for_surgery (surgery_id,med) VALUES (16,'Topotecan');
INSERT INTO surgery (id,date,patient_id,doctor_id) VALUES (17,'2019-12-06',410,355);
INSERT INTO meds_for_surgery (surgery_id,med) VALUES (17,'Hydrocortisone');
INSERT INTO surgery (id,date,patient_id,doctor_id) VALUES (18,'2019-12-03',286,491);
INSERT INTO meds_for_surgery (surgery_id,med) VALUES (18,'Vorinostat');
INSERT INTO surgery (id,date,patient_id,doctor_id) VALUES (19,'2019-12-23',388,226);
INSERT INTO meds_for_surgery (surgery_id,med) VALUES (19,'Gemtuzumab');
INSERT INTO surgery (id,date,patient_id,doctor_id) VALUES (20,'2019-11-23',286,491);
INSERT INTO meds_for_surgery (surgery_id,med) VALUES (20,'Heparin');
INSERT INTO surgery (id,date,patient_id,doctor_id) VALUES (21,'2019-11-27',445,438);
INSERT INTO meds_for_surgery (surgery_id,med) VALUES (21,'Granisetron');
INSERT INTO surgery (id,date,patient_id,doctor_id) VALUES (22,'2019-11-28',135,367);
INSERT INTO meds_for_surgery (surgery_id,med) VALUES (22,'Bortezomib');
INSERT INTO surgery (id,date,patient_id,doctor_id) VALUES (23,'2019-12-07',210,353);
INSERT INTO meds_for_surgery (surgery_id,med) VALUES (23,'Etonogestrel');
INSERT INTO surgery (id,date,patient_id,doctor_id) VALUES (24,'2019-11-28',483,498);
INSERT INTO meds_for_surgery (surgery_id,med) VALUES (24,'Methadone');
INSERT INTO surgery (id,date,patient_id,doctor_id) VALUES (25,'2019-11-24',330,332);
INSERT INTO meds_for_surgery (surgery_id,med) VALUES (25,'Dopamine');
INSERT INTO surgery (id,date,patient_id,doctor_id) VALUES (26,'2019-12-12',45,97);
INSERT INTO meds_for_surgery (surgery_id,med) VALUES (26,'Thiotepa');
INSERT INTO surgery (id,date,patient_id,doctor_id) VALUES (27,'2019-12-16',199,391);
INSERT INTO meds_for_surgery (surgery_id,med) VALUES (27,'Itraconazole');
INSERT INTO surgery (id,date,patient_id,doctor_id) VALUES (28,'2019-12-22',375,267);
INSERT INTO meds_for_surgery (surgery_id,med) VALUES (28,'Doxorubicin');
INSERT INTO surgery (id,date,patient_id,doctor_id) VALUES (29,'2019-12-26',229,92);
INSERT INTO meds_for_surgery (surgery_id,med) VALUES (29,'Amikacin');
INSERT INTO surgery (id,date,patient_id,doctor_id) VALUES (30,'2019-12-23',141,412);
INSERT INTO meds_for_surgery (surgery_id,med) VALUES (30,'Labetalol');
INSERT INTO surgery (id,date,patient_id,doctor_id) VALUES (31,'2019-12-08',155,143);
INSERT INTO meds_for_surgery (surgery_id,med) VALUES (31,'Cidofovir');
INSERT INTO surgery (id,date,patient_id,doctor_id) VALUES (32,'2019-12-26',255,55);
INSERT INTO meds_for_surgery (surgery_id,med) VALUES (32,'Trimethoprim');
INSERT INTO surgery (id,date,patient_id,doctor_id) VALUES (33,'2019-12-06',247,17);
INSERT INTO meds_for_surgery (surgery_id,med) VALUES (33,'Methylphenidate');
INSERT INTO surgery (id,date,patient_id,doctor_id) VALUES (34,'2019-11-23',223,396);
INSERT INTO meds_for_surgery (surgery_id,med) VALUES (34,'Meropenem');
INSERT INTO surgery (id,date,patient_id,doctor_id) VALUES (35,'2019-12-19',461,268);
INSERT INTO meds_for_surgery (surgery_id,med) VALUES (35,'Atovaquone');
INSERT INTO surgery (id,date,patient_id,doctor_id) VALUES (36,'2019-12-11',427,285);
INSERT INTO meds_for_surgery (surgery_id,med) VALUES (36,'Cidofovir');
INSERT INTO surgery (id,date,patient_id,doctor_id) VALUES (37,'2019-12-08',141,434);
INSERT INTO meds_for_surgery (surgery_id,med) VALUES (37,'Irinotecan');
INSERT INTO surgery (id,date,patient_id,doctor_id) VALUES (38,'2019-12-09',116,146);
INSERT INTO meds_for_surgery (surgery_id,med) VALUES (38,'Promethazine');
INSERT INTO surgery (id,date,patient_id,doctor_id) VALUES (39,'2019-12-03',444,353);
INSERT INTO meds_for_surgery (surgery_id,med) VALUES (39,'Meropenem');
INSERT INTO surgery (id,date,patient_id,doctor_id) VALUES (40,'2019-12-19',294,125);
INSERT INTO meds_for_surgery (surgery_id,med) VALUES (40,'Cidofovir');
INSERT INTO surgery (id,date,patient_id,doctor_id) VALUES (41,'2019-12-24',448,86);
INSERT INTO meds_for_surgery (surgery_id,med) VALUES (41,'Hydroxyurea');
INSERT INTO surgery (id,date,patient_id,doctor_id) VALUES (42,'2019-11-26',282,386);
INSERT INTO meds_for_surgery (surgery_id,med) VALUES (42,'Micafungin');
INSERT INTO surgery (id,date,patient_id,doctor_id) VALUES (43,'2019-12-11',419,275);
INSERT INTO meds_for_surgery (surgery_id,med) VALUES (43,'Hydrocortisone');
INSERT INTO surgery (id,date,patient_id,doctor_id) VALUES (44,'2019-12-22',356,101);
INSERT INTO meds_for_surgery (surgery_id,med) VALUES (44,'Immune');
INSERT INTO surgery (id,date,patient_id,doctor_id) VALUES (45,'2019-12-19',479,313);
INSERT INTO meds_for_surgery (surgery_id,med) VALUES (45,'Doxorubicin');
INSERT INTO surgery (id,date,patient_id,doctor_id) VALUES (46,'2019-12-25',426,182);
INSERT INTO meds_for_surgery (surgery_id,med) VALUES (46,'Meloxicam');
INSERT INTO surgery (id,date,patient_id,doctor_id) VALUES (47,'2019-11-23',250,465);
INSERT INTO meds_for_surgery (surgery_id,med) VALUES (47,'Enalapril');
INSERT INTO surgery (id,date,patient_id,doctor_id) VALUES (48,'2019-12-07',426,412);
INSERT INTO meds_for_surgery (surgery_id,med) VALUES (48,'Tretinoin');
INSERT INTO surgery (id,date,patient_id,doctor_id) VALUES (49,'2019-12-13',430,468);
INSERT INTO meds_for_surgery (surgery_id,med) VALUES (49,'Probenecid');
INSERT INTO surgery (id,date,patient_id,doctor_id) VALUES (50,'2019-11-30',234,284);
INSERT INTO meds_for_surgery (surgery_id,med) VALUES (50,'Carmustine');
INSERT INTO surgery (id,date,patient_id,doctor_id) VALUES (51,'2019-12-14',210,172);
INSERT INTO meds_for_surgery (surgery_id,med) VALUES (51,'Meperidine');
INSERT INTO surgery (id,date,patient_id,doctor_id) VALUES (52,'2019-12-08',150,272);
INSERT INTO meds_for_surgery (surgery_id,med) VALUES (52,'Immune');
INSERT INTO surgery (id,date,patient_id,doctor_id) VALUES (53,'2019-11-30',49,146);
INSERT INTO meds_for_surgery (surgery_id,med) VALUES (53,'Levothyroxine');
INSERT INTO surgery (id,date,patient_id,doctor_id) VALUES (54,'2019-11-28',130,473);
INSERT INTO meds_for_surgery (surgery_id,med) VALUES (54,'Rilpivirine');
INSERT INTO surgery (id,date,patient_id,doctor_id) VALUES (55,'2019-12-24',229,285);
INSERT INTO meds_for_surgery (surgery_id,med) VALUES (55,'Bleomycin');
INSERT INTO surgery (id,date,patient_id,doctor_id) VALUES (56,'2019-11-29',32,192);
INSERT INTO meds_for_surgery (surgery_id,med) VALUES (56,'Rasburicase');
INSERT INTO surgery (id,date,patient_id,doctor_id) VALUES (57,'2019-12-06',49,434);
INSERT INTO meds_for_surgery (surgery_id,med) VALUES (57,'Sorafenib');
INSERT INTO surgery (id,date,patient_id,doctor_id) VALUES (58,'2019-12-21',287,143);
INSERT INTO meds_for_surgery (surgery_id,med) VALUES (58,'Mercaptopurine');
INSERT INTO surgery (id,date,patient_id,doctor_id) VALUES (59,'2019-11-30',460,58);
INSERT INTO meds_for_surgery (surgery_id,med) VALUES (59,'Vincristine');
INSERT INTO surgery (id,date,patient_id,doctor_id) VALUES (60,'2019-12-09',188,412);
INSERT INTO meds_for_surgery (surgery_id,med) VALUES (60,'Clindamycin');
INSERT INTO surgery (id,date,patient_id,doctor_id) VALUES (61,'2019-12-25',460,403);
INSERT INTO meds_for_surgery (surgery_id,med) VALUES (61,'Bortezomib');
INSERT INTO surgery (id,date,patient_id,doctor_id) VALUES (62,'2019-12-15',188,108);
INSERT INTO meds_for_surgery (surgery_id,med) VALUES (62,'Meperidine');
INSERT INTO surgery (id,date,patient_id,doctor_id) VALUES (63,'2019-11-23',436,449);
INSERT INTO meds_for_surgery (surgery_id,med) VALUES (63,'Darunavir');
INSERT INTO surgery (id,date,patient_id,doctor_id) VALUES (64,'2019-12-09',269,146);
INSERT INTO meds_for_surgery (surgery_id,med) VALUES (64,'Levothyroxine');
INSERT INTO surgery (id,date,patient_id,doctor_id) VALUES (65,'2019-12-19',232,108);
INSERT INTO meds_for_surgery (surgery_id,med) VALUES (65,'Lopinavir');
INSERT INTO surgery (id,date,patient_id,doctor_id) VALUES (66,'2019-12-20',302,367);
INSERT INTO meds_for_surgery (surgery_id,med) VALUES (66,'Heparin');
INSERT INTO surgery (id,date,patient_id,doctor_id) VALUES (67,'2019-12-26',194,359);
INSERT INTO meds_for_surgery (surgery_id,med) VALUES (67,'Propoxyphene');
INSERT INTO surgery (id,date,patient_id,doctor_id) VALUES (68,'2019-12-17',184,211);
INSERT INTO meds_for_surgery (surgery_id,med) VALUES (68,'Cytarabine');
INSERT INTO surgery (id,date,patient_id,doctor_id) VALUES (69,'2019-12-25',52,439);
INSERT INTO meds_for_surgery (surgery_id,med) VALUES (69,'Erlotinib');
INSERT INTO surgery (id,date,patient_id,doctor_id) VALUES (70,'2019-11-23',186,498);
INSERT INTO meds_for_surgery (surgery_id,med) VALUES (70,'Posaconazole');
INSERT INTO surgery (id,date,patient_id,doctor_id) VALUES (71,'2019-12-23',19,353);
INSERT INTO meds_for_surgery (surgery_id,med) VALUES (71,'Propoxyphene');
INSERT INTO surgery (id,date,patient_id,doctor_id) VALUES (72,'2019-12-23',112,473);
INSERT INTO meds_for_surgery (surgery_id,med) VALUES (72,'Morphine');
INSERT INTO surgery (id,date,patient_id,doctor_id) VALUES (73,'2019-11-23',287,439);
INSERT INTO meds_for_surgery (surgery_id,med) VALUES (73,'Gemtuzumab');
INSERT INTO surgery (id,date,patient_id,doctor_id) VALUES (74,'2019-11-26',282,84);
INSERT INTO meds_for_surgery (surgery_id,med) VALUES (74,'Atovaquone');
INSERT INTO surgery (id,date,patient_id,doctor_id) VALUES (75,'2019-12-19',90,451);
INSERT INTO meds_for_surgery (surgery_id,med) VALUES (75,'Thiotepa');
INSERT INTO surgery (id,date,patient_id,doctor_id) VALUES (76,'2019-11-27',21,271);
INSERT INTO meds_for_surgery (surgery_id,med) VALUES (76,'Doxorubicin');
INSERT INTO surgery (id,date,patient_id,doctor_id) VALUES (77,'2019-12-12',431,284);
INSERT INTO meds_for_surgery (surgery_id,med) VALUES (77,'Irinotecan');
INSERT INTO surgery (id,date,patient_id,doctor_id) VALUES (78,'2019-12-20',419,172);
INSERT INTO meds_for_surgery (surgery_id,med) VALUES (78,'Bosentan');
INSERT INTO surgery (id,date,patient_id,doctor_id) VALUES (79,'2019-12-08',120,386);
INSERT INTO meds_for_surgery (surgery_id,med) VALUES (79,'Thioguanine');
INSERT INTO surgery (id,date,patient_id,doctor_id) VALUES (80,'2019-12-23',150,268);
INSERT INTO meds_for_surgery (surgery_id,med) VALUES (80,'Clofarabine');
INSERT INTO surgery (id,date,patient_id,doctor_id) VALUES (81,'2019-11-30',256,300);
INSERT INTO meds_for_surgery (surgery_id,med) VALUES (81,'Vorinostat');
INSERT INTO surgery (id,date,patient_id,doctor_id) VALUES (82,'2019-12-19',135,359);
INSERT INTO meds_for_surgery (surgery_id,med) VALUES (82,'Potassium');
INSERT INTO surgery (id,date,patient_id,doctor_id) VALUES (83,'2019-12-10',356,101);
INSERT INTO meds_for_surgery (surgery_id,med) VALUES (83,'Cladribine');
INSERT INTO surgery (id,date,patient_id,doctor_id) VALUES (84,'2019-12-02',356,57);
INSERT INTO meds_for_surgery (surgery_id,med) VALUES (84,'Granisetron');
INSERT INTO surgery (id,date,patient_id,doctor_id) VALUES (85,'2019-12-20',460,384);
INSERT INTO meds_for_surgery (surgery_id,med) VALUES (85,'Elvitegravir');
INSERT INTO surgery (id,date,patient_id,doctor_id) VALUES (86,'2019-12-16',482,56);
INSERT INTO meds_for_surgery (surgery_id,med) VALUES (86,'Sirolimus');
INSERT INTO surgery (id,date,patient_id,doctor_id) VALUES (87,'2019-12-02',447,125);
INSERT INTO meds_for_surgery (surgery_id,med) VALUES (87,'Modafinil');
INSERT INTO surgery (id,date,patient_id,doctor_id) VALUES (88,'2019-12-01',250,451);
INSERT INTO meds_for_surgery (surgery_id,med) VALUES (88,'Tacrolimus');
INSERT INTO surgery (id,date,patient_id,doctor_id) VALUES (89,'2019-12-19',349,226);
INSERT INTO meds_for_surgery (surgery_id,med) VALUES (89,'Etravirine');
INSERT INTO surgery (id,date,patient_id,doctor_id) VALUES (90,'2019-12-24',19,313);
INSERT INTO meds_for_surgery (surgery_id,med) VALUES (90,'Amitriptyline');
INSERT INTO surgery (id,date,patient_id,doctor_id) VALUES (91,'2019-12-18',140,56);
INSERT INTO meds_for_surgery (surgery_id,med) VALUES (91,'Clindamycin');
INSERT INTO surgery (id,date,patient_id,doctor_id) VALUES (92,'2019-11-26',259,434);
INSERT INTO meds_for_surgery (surgery_id,med) VALUES (92,'Darunavir');
INSERT INTO surgery (id,date,patient_id,doctor_id) VALUES (93,'2019-12-12',140,270);
INSERT INTO meds_for_surgery (surgery_id,med) VALUES (93,'Darunavir');
INSERT INTO surgery (id,date,patient_id,doctor_id) VALUES (94,'2019-12-21',128,333);
INSERT INTO meds_for_surgery (surgery_id,med) VALUES (94,'Furosemide');
INSERT INTO surgery (id,date,patient_id,doctor_id) VALUES (95,'2019-12-21',328,384);
INSERT INTO meds_for_surgery (surgery_id,med) VALUES (95,'Ondansetron');
INSERT INTO surgery (id,date,patient_id,doctor_id) VALUES (96,'2019-12-11',483,300);
INSERT INTO meds_for_surgery (surgery_id,med) VALUES (96,'Ritonavir');
INSERT INTO surgery (id,date,patient_id,doctor_id) VALUES (97,'2019-12-10',132,409);
INSERT INTO meds_for_surgery (surgery_id,med) VALUES (97,'Levothyroxine');
INSERT INTO surgery (id,date,patient_id,doctor_id) VALUES (98,'2019-11-29',477,267);
INSERT INTO meds_for_surgery (surgery_id,med) VALUES (98,'Lorazepam');
INSERT INTO surgery (id,date,patient_id,doctor_id) VALUES (99,'2019-12-01',480,275);
INSERT INTO meds_for_surgery (surgery_id,med) VALUES (99,'Phenytoin');
INSERT INTO surgery (id,date,patient_id,doctor_id) VALUES (100,'2019-12-26',293,246);
INSERT INTO meds_for_surgery (surgery_id,med) VALUES (100,'Cidofovir');
INSERT INTO surgery (id,date,patient_id,doctor_id) VALUES (101,'2019-12-12',393,396);
INSERT INTO meds_for_surgery (surgery_id,med) VALUES (101,'Mechlorethamine');
INSERT INTO surgery (id,date,patient_id,doctor_id) VALUES (102,'2019-12-07',294,4);
INSERT INTO meds_for_surgery (surgery_id,med) VALUES (102,'Emicizumab');
INSERT INTO surgery (id,date,patient_id,doctor_id) VALUES (103,'2019-11-26',122,246);
INSERT INTO meds_for_surgery (surgery_id,med) VALUES (103,'Micafungin');
INSERT INTO surgery (id,date,patient_id,doctor_id) VALUES (104,'2019-12-14',430,352);
INSERT INTO meds_for_surgery (surgery_id,med) VALUES (104,'Immune');
INSERT INTO surgery (id,date,patient_id,doctor_id) VALUES (105,'2019-12-04',126,102);
INSERT INTO meds_for_surgery (surgery_id,med) VALUES (105,'Mitotane');
INSERT INTO surgery (id,date,patient_id,doctor_id) VALUES (106,'2019-12-11',124,320);
INSERT INTO meds_for_surgery (surgery_id,med) VALUES (106,'Labetalol');
INSERT INTO surgery (id,date,patient_id,doctor_id) VALUES (107,'2019-12-11',460,473);
INSERT INTO meds_for_surgery (surgery_id,med) VALUES (107,'Dobutamine');
INSERT INTO surgery (id,date,patient_id,doctor_id) VALUES (108,'2019-12-19',49,55);
INSERT INTO meds_for_surgery (surgery_id,med) VALUES (108,'Raltegravir');
INSERT INTO surgery (id,date,patient_id,doctor_id) VALUES (109,'2019-12-19',294,4);
INSERT INTO meds_for_surgery (surgery_id,med) VALUES (109,'Rituximab');
INSERT INTO surgery (id,date,patient_id,doctor_id) VALUES (110,'2019-12-27',375,87);
INSERT INTO meds_for_surgery (surgery_id,med) VALUES (110,'Phosphorus');
INSERT INTO surgery (id,date,patient_id,doctor_id) VALUES (111,'2019-11-29',184,438);
INSERT INTO meds_for_surgery (surgery_id,med) VALUES (111,'Heparin');
INSERT INTO surgery (id,date,patient_id,doctor_id) VALUES (112,'2019-12-02',60,246);
INSERT INTO meds_for_surgery (surgery_id,med) VALUES (112,'Nevirapine');
INSERT INTO surgery (id,date,patient_id,doctor_id) VALUES (113,'2019-11-25',448,451);
INSERT INTO meds_for_surgery (surgery_id,med) VALUES (113,'G-CSF');
INSERT INTO surgery (id,date,patient_id,doctor_id) VALUES (114,'2019-11-30',132,319);
INSERT INTO meds_for_surgery (surgery_id,med) VALUES (114,'Thioguanine');
INSERT INTO surgery (id,date,patient_id,doctor_id) VALUES (115,'2019-11-24',500,136);
INSERT INTO meds_for_surgery (surgery_id,med) VALUES (115,'Paclitaxel');
INSERT INTO surgery (id,date,patient_id,doctor_id) VALUES (116,'2019-12-26',170,107);
INSERT INTO meds_for_surgery (surgery_id,med) VALUES (116,'Allopurinol');
INSERT INTO surgery (id,date,patient_id,doctor_id) VALUES (117,'2019-12-01',251,492);
INSERT INTO meds_for_surgery (surgery_id,med) VALUES (117,'Celecoxib');
INSERT INTO surgery (id,date,patient_id,doctor_id) VALUES (118,'2019-11-23',480,441);
INSERT INTO meds_for_surgery (surgery_id,med) VALUES (118,'Alemtuzumab');
INSERT INTO surgery (id,date,patient_id,doctor_id) VALUES (119,'2019-12-01',170,498);
INSERT INTO meds_for_surgery (surgery_id,med) VALUES (119,'Norepinephrine');
INSERT INTO surgery (id,date,patient_id,doctor_id) VALUES (120,'2019-12-24',199,391);
INSERT INTO meds_for_surgery (surgery_id,med) VALUES (120,'Sucralfate');
INSERT INTO surgery (id,date,patient_id,doctor_id) VALUES (121,'2019-11-27',483,449);
INSERT INTO meds_for_surgery (surgery_id,med) VALUES (121,'Tenofovir');
INSERT INTO surgery (id,date,patient_id,doctor_id) VALUES (122,'2019-11-24',256,57);
INSERT INTO meds_for_surgery (surgery_id,med) VALUES (122,'Fluorouracil');
INSERT INTO surgery (id,date,patient_id,doctor_id) VALUES (123,'2019-11-23',375,369);
INSERT INTO meds_for_surgery (surgery_id,med) VALUES (123,'Trimethoprim');
INSERT INTO surgery (id,date,patient_id,doctor_id) VALUES (124,'2019-12-22',64,465);
INSERT INTO meds_for_surgery (surgery_id,med) VALUES (124,'Codeine');
INSERT INTO surgery (id,date,patient_id,doctor_id) VALUES (125,'2019-12-23',179,386);
INSERT INTO meds_for_surgery (surgery_id,med) VALUES (125,'Lopinavir');
INSERT INTO surgery (id,date,patient_id,doctor_id) VALUES (126,'2019-12-08',388,441);
INSERT INTO meds_for_surgery (surgery_id,med) VALUES (126,'Dinutuximab');
INSERT INTO surgery (id,date,patient_id,doctor_id) VALUES (127,'2019-12-18',286,492);
INSERT INTO meds_for_surgery (surgery_id,med) VALUES (127,'Irinotecan');
INSERT INTO surgery (id,date,patient_id,doctor_id) VALUES (128,'2019-12-25',436,451);
INSERT INTO meds_for_surgery (surgery_id,med) VALUES (128,'Doxorubicin');
INSERT INTO surgery (id,date,patient_id,doctor_id) VALUES (129,'2019-12-19',122,493);
INSERT INTO meds_for_surgery (surgery_id,med) VALUES (129,'Sorafenib');
INSERT INTO surgery (id,date,patient_id,doctor_id) VALUES (130,'2019-11-29',427,246);
INSERT INTO meds_for_surgery (surgery_id,med) VALUES (130,'Ganciclovir');
INSERT INTO surgery (id,date,patient_id,doctor_id) VALUES (131,'2019-11-25',430,146);
INSERT INTO meds_for_surgery (surgery_id,med) VALUES (131,'Erlotinib');
INSERT INTO surgery (id,date,patient_id,doctor_id) VALUES (132,'2019-12-09',460,271);
INSERT INTO meds_for_surgery (surgery_id,med) VALUES (132,'Vincristine');
INSERT INTO surgery (id,date,patient_id,doctor_id) VALUES (133,'2019-12-15',400,451);
INSERT INTO meds_for_surgery (surgery_id,med) VALUES (133,'Morphine');
INSERT INTO surgery (id,date,patient_id,doctor_id) VALUES (134,'2019-11-24',188,300);
INSERT INTO meds_for_surgery (surgery_id,med) VALUES (134,'Ondansetron');
INSERT INTO surgery (id,date,patient_id,doctor_id) VALUES (135,'2019-12-10',21,192);
INSERT INTO meds_for_surgery (surgery_id,med) VALUES (135,'Trimethoprim');
INSERT INTO surgery (id,date,patient_id,doctor_id) VALUES (136,'2019-11-27',301,285);
INSERT INTO meds_for_surgery (surgery_id,med) VALUES (136,'Amikacin');
INSERT INTO surgery (id,date,patient_id,doctor_id) VALUES (137,'2019-12-11',52,396);
INSERT INTO meds_for_surgery (surgery_id,med) VALUES (137,'Itraconazole');
INSERT INTO surgery (id,date,patient_id,doctor_id) VALUES (138,'2019-11-23',356,17);
INSERT INTO meds_for_surgery (surgery_id,med) VALUES (138,'Dornase alfa');
INSERT INTO surgery (id,date,patient_id,doctor_id) VALUES (139,'2019-12-02',259,274);
INSERT INTO meds_for_surgery (surgery_id,med) VALUES (139,'Cefuroxime');
INSERT INTO surgery (id,date,patient_id,doctor_id) VALUES (140,'2019-11-23',132,332);
INSERT INTO meds_for_surgery (surgery_id,med) VALUES (140,'Itraconazole');
INSERT INTO surgery (id,date,patient_id,doctor_id) VALUES (141,'2019-12-16',330,353);
INSERT INTO meds_for_surgery (surgery_id,med) VALUES (141,'Efavirenz');
INSERT INTO surgery (id,date,patient_id,doctor_id) VALUES (142,'2019-12-13',411,320);
INSERT INTO meds_for_surgery (surgery_id,med) VALUES (142,'Methotrexate');
INSERT INTO surgery (id,date,patient_id,doctor_id) VALUES (143,'2019-12-01',247,17);
INSERT INTO meds_for_surgery (surgery_id,med) VALUES (143,'Interleukin');
INSERT INTO surgery (id,date,patient_id,doctor_id) VALUES (144,'2019-12-27',150,268);
INSERT INTO meds_for_surgery (surgery_id,med) VALUES (144,'Lopinavir');
INSERT INTO surgery (id,date,patient_id,doctor_id) VALUES (145,'2019-11-29',282,367);
INSERT INTO meds_for_surgery (surgery_id,med) VALUES (145,'Meropenem');
INSERT INTO surgery (id,date,patient_id,doctor_id) VALUES (146,'2019-12-11',500,319);
INSERT INTO meds_for_surgery (surgery_id,med) VALUES (146,'Ketoconazole');
INSERT INTO surgery (id,date,patient_id,doctor_id) VALUES (147,'2019-11-25',95,58);
INSERT INTO meds_for_surgery (surgery_id,med) VALUES (147,'Prednisone');
INSERT INTO surgery (id,date,patient_id,doctor_id) VALUES (148,'2019-11-28',199,146);
INSERT INTO meds_for_surgery (surgery_id,med) VALUES (148,'Neuromuscular');
INSERT INTO surgery (id,date,patient_id,doctor_id) VALUES (149,'2019-12-22',170,17);
INSERT INTO meds_for_surgery (surgery_id,med) VALUES (149,'Lorazepam');
INSERT INTO surgery (id,date,patient_id,doctor_id) VALUES (150,'2019-12-20',116,182);
INSERT INTO meds_for_surgery (surgery_id,med) VALUES (150,'Amoxicillin');
INSERT INTO surgery (id,date,patient_id,doctor_id) VALUES (151,'2019-12-17',426,438);
INSERT INTO meds_for_surgery (surgery_id,med) VALUES (151,'Vorinostat');
INSERT INTO surgery (id,date,patient_id,doctor_id) VALUES (152,'2019-11-24',444,182);
INSERT INTO meds_for_surgery (surgery_id,med) VALUES (152,'Dobutamine');
INSERT INTO surgery (id,date,patient_id,doctor_id) VALUES (153,'2019-12-09',223,97);
INSERT INTO meds_for_surgery (surgery_id,med) VALUES (153,'Valproic acid');
INSERT INTO surgery (id,date,patient_id,doctor_id) VALUES (154,'2019-12-11',155,285);
INSERT INTO meds_for_surgery (surgery_id,med) VALUES (154,'Abacavir');
INSERT INTO surgery (id,date,patient_id,doctor_id) VALUES (155,'2019-12-02',39,102);
INSERT INTO meds_for_surgery (surgery_id,med) VALUES (155,'Zidovudine');
INSERT INTO surgery (id,date,patient_id,doctor_id) VALUES (156,'2019-12-19',447,29);
INSERT INTO meds_for_surgery (surgery_id,med) VALUES (156,'Modafinil');
INSERT INTO surgery (id,date,patient_id,doctor_id) VALUES (157,'2019-12-09',231,102);
INSERT INTO meds_for_surgery (surgery_id,med) VALUES (157,'Mitoxantrone');
INSERT INTO surgery (id,date,patient_id,doctor_id) VALUES (158,'2019-12-06',483,189);
INSERT INTO meds_for_surgery (surgery_id,med) VALUES (158,'Cisplatin');
INSERT INTO surgery (id,date,patient_id,doctor_id) VALUES (159,'2019-12-04',349,246);
INSERT INTO meds_for_surgery (surgery_id,med) VALUES (159,'Ganciclovir');
INSERT INTO surgery (id,date,patient_id,doctor_id) VALUES (160,'2019-12-20',447,86);
INSERT INTO meds_for_surgery (surgery_id,med) VALUES (160,'Rilpivirine');
INSERT INTO surgery (id,date,patient_id,doctor_id) VALUES (161,'2019-12-22',199,333);
INSERT INTO meds_for_surgery (surgery_id,med) VALUES (161,'Atenolol');
INSERT INTO surgery (id,date,patient_id,doctor_id) VALUES (162,'2019-11-29',32,57);
INSERT INTO meds_for_surgery (surgery_id,med) VALUES (162,'Mercaptopurine');
INSERT INTO surgery (id,date,patient_id,doctor_id) VALUES (163,'2019-12-26',410,492);
INSERT INTO meds_for_surgery (surgery_id,med) VALUES (163,'Fluconazole');
INSERT INTO surgery (id,date,patient_id,doctor_id) VALUES (164,'2019-12-26',175,192);
INSERT INTO meds_for_surgery (surgery_id,med) VALUES (164,'Bortezomib');
INSERT INTO surgery (id,date,patient_id,doctor_id) VALUES (165,'2019-12-11',64,267);
INSERT INTO meds_for_surgery (surgery_id,med) VALUES (165,'Modafinil');
INSERT INTO surgery (id,date,patient_id,doctor_id) VALUES (166,'2019-12-22',227,284);
INSERT INTO meds_for_surgery (surgery_id,med) VALUES (166,'Oxycodone');
INSERT INTO surgery (id,date,patient_id,doctor_id) VALUES (167,'2019-12-14',349,29);
INSERT INTO meds_for_surgery (surgery_id,med) VALUES (167,'Cidofovir');
INSERT INTO surgery (id,date,patient_id,doctor_id) VALUES (168,'2019-12-25',128,473);
INSERT INTO meds_for_surgery (surgery_id,med) VALUES (168,'Hydralazine');
INSERT INTO surgery (id,date,patient_id,doctor_id) VALUES (169,'2019-11-24',259,333);
INSERT INTO meds_for_surgery (surgery_id,med) VALUES (169,'Promethazine');
INSERT INTO surgery (id,date,patient_id,doctor_id) VALUES (170,'2019-12-22',175,143);
INSERT INTO meds_for_surgery (surgery_id,med) VALUES (170,'Sunitinib');
INSERT INTO surgery (id,date,patient_id,doctor_id) VALUES (171,'2019-12-23',116,189);
INSERT INTO meds_for_surgery (surgery_id,med) VALUES (171,'Omeprazole');
INSERT INTO surgery (id,date,patient_id,doctor_id) VALUES (172,'2019-11-24',381,136);
INSERT INTO meds_for_surgery (surgery_id,med) VALUES (172,'Tenofovir');
INSERT INTO surgery (id,date,patient_id,doctor_id) VALUES (173,'2019-12-10',175,498);
INSERT INTO meds_for_surgery (surgery_id,med) VALUES (173,'Amlodipine');
INSERT INTO surgery (id,date,patient_id,doctor_id) VALUES (174,'2019-11-27',427,384);
INSERT INTO meds_for_surgery (surgery_id,med) VALUES (174,'Cephalexin');
INSERT INTO surgery (id,date,patient_id,doctor_id) VALUES (175,'2019-12-01',461,117);
INSERT INTO meds_for_surgery (surgery_id,med) VALUES (175,'Omeprazole');
INSERT INTO surgery (id,date,patient_id,doctor_id) VALUES (176,'2019-11-30',155,226);
INSERT INTO meds_for_surgery (surgery_id,med) VALUES (176,'Darunavir');
INSERT INTO surgery (id,date,patient_id,doctor_id) VALUES (177,'2019-12-04',293,412);
INSERT INTO meds_for_surgery (surgery_id,med) VALUES (177,'Bosentan');
INSERT INTO surgery (id,date,patient_id,doctor_id) VALUES (178,'2019-11-23',175,434);
INSERT INTO meds_for_surgery (surgery_id,med) VALUES (178,'Linezolid');
INSERT INTO surgery (id,date,patient_id,doctor_id) VALUES (179,'2019-12-10',121,384);
INSERT INTO meds_for_surgery (surgery_id,med) VALUES (179,'Interferon');
INSERT INTO surgery (id,date,patient_id,doctor_id) VALUES (180,'2019-11-23',480,333);
INSERT INTO meds_for_surgery (surgery_id,med) VALUES (180,'Fluconazole');
INSERT INTO surgery (id,date,patient_id,doctor_id) VALUES (181,'2019-12-11',140,143);
INSERT INTO meds_for_surgery (surgery_id,med) VALUES (181,'Etravirine');
INSERT INTO surgery (id,date,patient_id,doctor_id) VALUES (182,'2019-11-27',483,143);
INSERT INTO meds_for_surgery (surgery_id,med) VALUES (182,'Aminocaproic Acid');
INSERT INTO surgery (id,date,patient_id,doctor_id) VALUES (183,'2019-12-02',280,498);
INSERT INTO meds_for_surgery (surgery_id,med) VALUES (183,'Nelarabine');
INSERT INTO surgery (id,date,patient_id,doctor_id) VALUES (184,'2019-12-01',480,498);
INSERT INTO meds_for_surgery (surgery_id,med) VALUES (184,'Cefixime');
INSERT INTO surgery (id,date,patient_id,doctor_id) VALUES (185,'2019-12-11',436,359);
INSERT INTO meds_for_surgery (surgery_id,med) VALUES (185,'Stavudine');
INSERT INTO surgery (id,date,patient_id,doctor_id) VALUES (186,'2019-12-06',223,396);
INSERT INTO meds_for_surgery (surgery_id,med) VALUES (186,'Clarithromycin');
INSERT INTO surgery (id,date,patient_id,doctor_id) VALUES (187,'2019-12-10',210,17);
INSERT INTO meds_for_surgery (surgery_id,med) VALUES (187,'Furosemide');
INSERT INTO surgery (id,date,patient_id,doctor_id) VALUES (188,'2019-12-27',247,285);
INSERT INTO meds_for_surgery (surgery_id,med) VALUES (188,'Norepinephrine');
INSERT INTO surgery (id,date,patient_id,doctor_id) VALUES (189,'2019-11-27',436,108);
INSERT INTO meds_for_surgery (surgery_id,med) VALUES (189,'Methylphenidate');
INSERT INTO surgery (id,date,patient_id,doctor_id) VALUES (190,'2019-12-09',251,267);
INSERT INTO meds_for_surgery (surgery_id,med) VALUES (190,'Ondansetron');
INSERT INTO surgery (id,date,patient_id,doctor_id) VALUES (191,'2019-11-26',259,117);
INSERT INTO meds_for_surgery (surgery_id,med) VALUES (191,'Darunavir');
INSERT INTO surgery (id,date,patient_id,doctor_id) VALUES (192,'2019-11-30',424,97);
INSERT INTO meds_for_surgery (surgery_id,med) VALUES (192,'Asparaginase');
INSERT INTO surgery (id,date,patient_id,doctor_id) VALUES (193,'2019-12-11',128,272);
INSERT INTO meds_for_surgery (surgery_id,med) VALUES (193,'Metronidazole');
INSERT INTO surgery (id,date,patient_id,doctor_id) VALUES (194,'2019-12-16',141,403);
INSERT INTO meds_for_surgery (surgery_id,med) VALUES (194,'Amifostine');
INSERT INTO surgery (id,date,patient_id,doctor_id) VALUES (195,'2019-12-14',447,57);
INSERT INTO meds_for_surgery (surgery_id,med) VALUES (195,'Raltegravir');
INSERT INTO surgery (id,date,patient_id,doctor_id) VALUES (196,'2019-11-23',32,434);
INSERT INTO meds_for_surgery (surgery_id,med) VALUES (196,'Azithromycin');
INSERT INTO surgery (id,date,patient_id,doctor_id) VALUES (197,'2019-12-12',90,493);
INSERT INTO meds_for_surgery (surgery_id,med) VALUES (197,'Cyclobenzaprine');
INSERT INTO surgery (id,date,patient_id,doctor_id) VALUES (198,'2019-12-23',95,367);
INSERT INTO meds_for_surgery (surgery_id,med) VALUES (198,'Aminocaproic Acid');
INSERT INTO surgery (id,date,patient_id,doctor_id) VALUES (199,'2019-12-01',460,353);
INSERT INTO meds_for_surgery (surgery_id,med) VALUES (199,'Cisplatin');
INSERT INTO surgery (id,date,patient_id,doctor_id) VALUES (200,'2019-12-04',132,319);
INSERT INTO meds_for_surgery (surgery_id,med) VALUES (200,'Hydrocortisone');
INSERT INTO surgery (id,date,patient_id,doctor_id) VALUES (201,'2019-12-02',199,87);
INSERT INTO meds_for_surgery (surgery_id,med) VALUES (201,'Tacrolimus');
INSERT INTO surgery (id,date,patient_id,doctor_id) VALUES (202,'2019-12-23',436,319);
INSERT INTO meds_for_surgery (surgery_id,med) VALUES (202,'Thioguanine');
INSERT INTO surgery (id,date,patient_id,doctor_id) VALUES (203,'2019-12-11',199,322);
INSERT INTO meds_for_surgery (surgery_id,med) VALUES (203,'Cidofovir');
INSERT INTO surgery (id,date,patient_id,doctor_id) VALUES (204,'2019-11-30',130,272);
INSERT INTO meds_for_surgery (surgery_id,med) VALUES (204,'Melphalan');
INSERT INTO surgery (id,date,patient_id,doctor_id) VALUES (205,'2019-12-02',170,333);
INSERT INTO meds_for_surgery (surgery_id,med) VALUES (205,'Crizotinib');
INSERT INTO surgery (id,date,patient_id,doctor_id) VALUES (206,'2019-11-29',210,493);
INSERT INTO meds_for_surgery (surgery_id,med) VALUES (206,'Mitoxantrone');
INSERT INTO surgery (id,date,patient_id,doctor_id) VALUES (207,'2019-11-30',104,57);
INSERT INTO meds_for_surgery (surgery_id,med) VALUES (207,'Bortezomib');
INSERT INTO surgery (id,date,patient_id,doctor_id) VALUES (208,'2019-12-18',445,319);
INSERT INTO meds_for_surgery (surgery_id,med) VALUES (208,'Clofarabine');
INSERT INTO surgery (id,date,patient_id,doctor_id) VALUES (209,'2019-12-15',171,449);
INSERT INTO meds_for_surgery (surgery_id,med) VALUES (209,'Dobutamine');
INSERT INTO surgery (id,date,patient_id,doctor_id) VALUES (210,'2019-12-17',104,84);
INSERT INTO meds_for_surgery (surgery_id,med) VALUES (210,'Posaconazole');
INSERT INTO surgery (id,date,patient_id,doctor_id) VALUES (211,'2019-12-11',39,369);
INSERT INTO meds_for_surgery (surgery_id,med) VALUES (211,'Meloxicam');
INSERT INTO surgery (id,date,patient_id,doctor_id) VALUES (212,'2019-12-12',447,185);
INSERT INTO meds_for_surgery (surgery_id,med) VALUES (212,'Carmustine');
INSERT INTO surgery (id,date,patient_id,doctor_id) VALUES (213,'2019-12-16',286,97);
INSERT INTO meds_for_surgery (surgery_id,med) VALUES (213,'Carboplatin');
INSERT INTO surgery (id,date,patient_id,doctor_id) VALUES (214,'2019-12-22',479,146);
INSERT INTO meds_for_surgery (surgery_id,med) VALUES (214,'Famciclovir');
INSERT INTO surgery (id,date,patient_id,doctor_id) VALUES (215,'2019-12-11',393,107);
INSERT INTO meds_for_surgery (surgery_id,med) VALUES (215,'Meloxicam');
INSERT INTO surgery (id,date,patient_id,doctor_id) VALUES (216,'2019-12-27',223,492);
INSERT INTO meds_for_surgery (surgery_id,med) VALUES (216,'Vinblastine');
INSERT INTO surgery (id,date,patient_id,doctor_id) VALUES (217,'2019-11-30',479,267);
INSERT INTO meds_for_surgery (surgery_id,med) VALUES (217,'Vincristine');
INSERT INTO surgery (id,date,patient_id,doctor_id) VALUES (218,'2019-12-13',460,284);
INSERT INTO meds_for_surgery (surgery_id,med) VALUES (218,'Cyclobenzaprine');
INSERT INTO surgery (id,date,patient_id,doctor_id) VALUES (219,'2019-12-18',256,189);
INSERT INTO meds_for_surgery (surgery_id,med) VALUES (219,'Lomustine');
INSERT INTO surgery (id,date,patient_id,doctor_id) VALUES (220,'2019-11-29',286,493);
INSERT INTO meds_for_surgery (surgery_id,med) VALUES (220,'Allopurinol');
INSERT INTO surgery (id,date,patient_id,doctor_id) VALUES (221,'2019-12-15',132,4);
INSERT INTO meds_for_surgery (surgery_id,med) VALUES (221,'Amoxicillin');
INSERT INTO surgery (id,date,patient_id,doctor_id) VALUES (222,'2019-12-06',120,473);
INSERT INTO meds_for_surgery (surgery_id,med) VALUES (222,'Cidofovir');
INSERT INTO surgery (id,date,patient_id,doctor_id) VALUES (223,'2019-11-24',34,332);
INSERT INTO meds_for_surgery (surgery_id,med) VALUES (223,'Carmustine');
INSERT INTO surgery (id,date,patient_id,doctor_id) VALUES (224,'2019-12-07',460,92);
INSERT INTO meds_for_surgery (surgery_id,med) VALUES (224,'Cyproheptadine');
INSERT INTO surgery (id,date,patient_id,doctor_id) VALUES (225,'2019-12-20',49,102);
INSERT INTO meds_for_surgery (surgery_id,med) VALUES (225,'Heparin');
INSERT INTO surgery (id,date,patient_id,doctor_id) VALUES (226,'2019-12-01',327,359);
INSERT INTO meds_for_surgery (surgery_id,med) VALUES (226,'Mesna');
INSERT INTO surgery (id,date,patient_id,doctor_id) VALUES (227,'2019-11-30',444,185);
INSERT INTO meds_for_surgery (surgery_id,med) VALUES (227,'Bleomycin');
INSERT INTO surgery (id,date,patient_id,doctor_id) VALUES (228,'2019-12-25',89,386);
INSERT INTO meds_for_surgery (surgery_id,med) VALUES (228,'Ritonavir');
INSERT INTO surgery (id,date,patient_id,doctor_id) VALUES (229,'2019-11-24',184,319);
INSERT INTO meds_for_surgery (surgery_id,med) VALUES (229,'Clarithromycin');
INSERT INTO surgery (id,date,patient_id,doctor_id) VALUES (230,'2019-11-23',235,211);
INSERT INTO meds_for_surgery (surgery_id,med) VALUES (230,'Morphine');
INSERT INTO surgery (id,date,patient_id,doctor_id) VALUES (231,'2019-12-23',60,117);
INSERT INTO meds_for_surgery (surgery_id,med) VALUES (231,'Erythropoietin');
INSERT INTO surgery (id,date,patient_id,doctor_id) VALUES (232,'2019-12-08',39,101);
INSERT INTO meds_for_surgery (surgery_id,med) VALUES (232,'Labetalol');
INSERT INTO surgery (id,date,patient_id,doctor_id) VALUES (233,'2019-12-19',21,172);
INSERT INTO meds_for_surgery (surgery_id,med) VALUES (233,'Pentamidine');
INSERT INTO surgery (id,date,patient_id,doctor_id) VALUES (234,'2019-12-02',482,352);
INSERT INTO meds_for_surgery (surgery_id,med) VALUES (234,'Rituximab');
INSERT INTO surgery (id,date,patient_id,doctor_id) VALUES (235,'2019-12-26',171,386);
INSERT INTO meds_for_surgery (surgery_id,med) VALUES (235,'Carbamazepine');
INSERT INTO surgery (id,date,patient_id,doctor_id) VALUES (236,'2019-11-25',269,272);
INSERT INTO meds_for_surgery (surgery_id,med) VALUES (236,'Irinotecan');
INSERT INTO surgery (id,date,patient_id,doctor_id) VALUES (237,'2019-12-05',393,438);
INSERT INTO meds_for_surgery (surgery_id,med) VALUES (237,'Rasburicase');
INSERT INTO surgery (id,date,patient_id,doctor_id) VALUES (238,'2019-12-07',180,267);
INSERT INTO meds_for_surgery (surgery_id,med) VALUES (238,'Sirolimus');
INSERT INTO surgery (id,date,patient_id,doctor_id) VALUES (239,'2019-11-28',400,143);
INSERT INTO meds_for_surgery (surgery_id,med) VALUES (239,'G-CSF');
INSERT INTO surgery (id,date,patient_id,doctor_id) VALUES (240,'2019-12-05',184,449);
INSERT INTO meds_for_surgery (surgery_id,med) VALUES (240,'Cladribine');
INSERT INTO surgery (id,date,patient_id,doctor_id) VALUES (241,'2019-11-25',21,284);
INSERT INTO meds_for_surgery (surgery_id,med) VALUES (241,'Prednisone');
INSERT INTO surgery (id,date,patient_id,doctor_id) VALUES (242,'2019-12-03',194,146);
INSERT INTO meds_for_surgery (surgery_id,med) VALUES (242,'Abacavir');
INSERT INTO surgery (id,date,patient_id,doctor_id) VALUES (243,'2019-12-15',427,322);
INSERT INTO meds_for_surgery (surgery_id,med) VALUES (243,'Bortezomib');
INSERT INTO surgery (id,date,patient_id,doctor_id) VALUES (244,'2019-11-27',354,367);
INSERT INTO meds_for_surgery (surgery_id,med) VALUES (244,'Lopinavir');
INSERT INTO surgery (id,date,patient_id,doctor_id) VALUES (245,'2019-11-26',188,58);
INSERT INTO meds_for_surgery (surgery_id,med) VALUES (245,'Efavirenz');
INSERT INTO surgery (id,date,patient_id,doctor_id) VALUES (246,'2019-12-20',37,439);
INSERT INTO meds_for_surgery (surgery_id,med) VALUES (246,'Erlotinib');
INSERT INTO surgery (id,date,patient_id,doctor_id) VALUES (247,'2019-12-19',269,211);
INSERT INTO meds_for_surgery (surgery_id,med) VALUES (247,'Eltrombopag');
INSERT INTO surgery (id,date,patient_id,doctor_id) VALUES (248,'2019-12-24',356,268);
INSERT INTO meds_for_surgery (surgery_id,med) VALUES (248,'Asparaginase');
INSERT INTO surgery (id,date,patient_id,doctor_id) VALUES (249,'2019-12-04',430,359);
INSERT INTO meds_for_surgery (surgery_id,med) VALUES (249,'Vorinostat');
INSERT INTO surgery (id,date,patient_id,doctor_id) VALUES (250,'2019-12-10',135,4);
INSERT INTO meds_for_surgery (surgery_id,med) VALUES (250,'GM-CSF');
INSERT INTO surgery (id,date,patient_id,doctor_id) VALUES (251,'2019-11-26',255,57);
INSERT INTO meds_for_surgery (surgery_id,med) VALUES (251,'Didanosine');
INSERT INTO surgery (id,date,patient_id,doctor_id) VALUES (252,'2019-12-08',436,412);
INSERT INTO meds_for_surgery (surgery_id,med) VALUES (252,'Fluorouracil');
INSERT INTO surgery (id,date,patient_id,doctor_id) VALUES (253,'2019-12-07',179,267);
INSERT INTO meds_for_surgery (surgery_id,med) VALUES (253,'Amifostine');
INSERT INTO surgery (id,date,patient_id,doctor_id) VALUES (254,'2019-12-27',34,102);
INSERT INTO meds_for_surgery (surgery_id,med) VALUES (254,'Etoposide');
INSERT INTO surgery (id,date,patient_id,doctor_id) VALUES (255,'2019-12-15',477,274);
INSERT INTO meds_for_surgery (surgery_id,med) VALUES (255,'Temozolomide');
INSERT INTO surgery (id,date,patient_id,doctor_id) VALUES (256,'2019-11-26',188,56);
INSERT INTO meds_for_surgery (surgery_id,med) VALUES (256,'Cephalexin');
INSERT INTO surgery (id,date,patient_id,doctor_id) VALUES (257,'2019-11-26',430,102);
INSERT INTO meds_for_surgery (surgery_id,med) VALUES (257,'Amoxicillin');
INSERT INTO surgery (id,date,patient_id,doctor_id) VALUES (258,'2019-12-10',388,355);
INSERT INTO meds_for_surgery (surgery_id,med) VALUES (258,'Captopril');
INSERT INTO surgery (id,date,patient_id,doctor_id) VALUES (259,'2019-12-18',410,172);
INSERT INTO meds_for_surgery (surgery_id,med) VALUES (259,'Emtricitabine');
INSERT INTO surgery (id,date,patient_id,doctor_id) VALUES (260,'2019-12-26',194,468);
INSERT INTO meds_for_surgery (surgery_id,med) VALUES (260,'Darunavir');
INSERT INTO surgery (id,date,patient_id,doctor_id) VALUES (261,'2019-12-18',89,136);
INSERT INTO meds_for_surgery (surgery_id,med) VALUES (261,'Dornase alfa');
INSERT INTO surgery (id,date,patient_id,doctor_id) VALUES (262,'2019-12-20',199,315);
INSERT INTO meds_for_surgery (surgery_id,med) VALUES (262,'Allopurinol');
INSERT INTO surgery (id,date,patient_id,doctor_id) VALUES (263,'2019-12-19',435,468);
INSERT INTO meds_for_surgery (surgery_id,med) VALUES (263,'Cyclophosphamide');
INSERT INTO surgery (id,date,patient_id,doctor_id) VALUES (264,'2019-12-26',282,87);
INSERT INTO meds_for_surgery (surgery_id,med) VALUES (264,'Sorafenib');
INSERT INTO surgery (id,date,patient_id,doctor_id) VALUES (265,'2019-12-01',135,468);
INSERT INTO meds_for_surgery (surgery_id,med) VALUES (265,'Potassium');
INSERT INTO surgery (id,date,patient_id,doctor_id) VALUES (266,'2019-12-18',32,359);
INSERT INTO meds_for_surgery (surgery_id,med) VALUES (266,'Emtricitabine');
INSERT INTO surgery (id,date,patient_id,doctor_id) VALUES (267,'2019-12-15',330,29);
INSERT INTO meds_for_surgery (surgery_id,med) VALUES (267,'Propoxyphene');
INSERT INTO surgery (id,date,patient_id,doctor_id) VALUES (268,'2019-12-16',301,315);
INSERT INTO meds_for_surgery (surgery_id,med) VALUES (268,'Vincristine');
INSERT INTO surgery (id,date,patient_id,doctor_id) VALUES (269,'2019-12-19',424,498);
INSERT INTO meds_for_surgery (surgery_id,med) VALUES (269,'Dasatinib');
INSERT INTO surgery (id,date,patient_id,doctor_id) VALUES (270,'2019-11-25',122,211);
INSERT INTO meds_for_surgery (surgery_id,med) VALUES (270,'Methylphenidate');
INSERT INTO surgery (id,date,patient_id,doctor_id) VALUES (271,'2019-12-23',112,107);
INSERT INTO meds_for_surgery (surgery_id,med) VALUES (271,'Interleukin');
INSERT INTO surgery (id,date,patient_id,doctor_id) VALUES (272,'2019-11-27',286,355);
INSERT INTO meds_for_surgery (surgery_id,med) VALUES (272,'Bortezomib');
INSERT INTO surgery (id,date,patient_id,doctor_id) VALUES (273,'2019-12-09',424,271);
INSERT INTO meds_for_surgery (surgery_id,med) VALUES (273,'Morphine');
INSERT INTO surgery (id,date,patient_id,doctor_id) VALUES (274,'2019-11-27',229,226);
INSERT INTO meds_for_surgery (surgery_id,med) VALUES (274,'Phenobarbital');
INSERT INTO surgery (id,date,patient_id,doctor_id) VALUES (275,'2019-12-10',120,332);
INSERT INTO meds_for_surgery (surgery_id,med) VALUES (275,'Doxorubicin');
INSERT INTO surgery (id,date,patient_id,doctor_id) VALUES (276,'2019-12-19',235,189);
INSERT INTO meds_for_surgery (surgery_id,med) VALUES (276,'Atazanavir');
INSERT INTO surgery (id,date,patient_id,doctor_id) VALUES (277,'2019-12-24',410,434);
INSERT INTO meds_for_surgery (surgery_id,med) VALUES (277,'Cyproheptadine');
INSERT INTO surgery (id,date,patient_id,doctor_id) VALUES (278,'2019-12-15',39,97);
INSERT INTO meds_for_surgery (surgery_id,med) VALUES (278,'Warfarin');
INSERT INTO surgery (id,date,patient_id,doctor_id) VALUES (279,'2019-11-29',247,441);
INSERT INTO meds_for_surgery (surgery_id,med) VALUES (279,'Tretinoin');
INSERT INTO surgery (id,date,patient_id,doctor_id) VALUES (280,'2019-11-27',328,451);
INSERT INTO meds_for_surgery (surgery_id,med) VALUES (280,'Ketoconazole');
INSERT INTO surgery (id,date,patient_id,doctor_id) VALUES (281,'2019-12-12',301,367);
INSERT INTO meds_for_surgery (surgery_id,med) VALUES (281,'Atovaquone');
INSERT INTO surgery (id,date,patient_id,doctor_id) VALUES (282,'2019-12-12',436,189);
INSERT INTO meds_for_surgery (surgery_id,med) VALUES (282,'Atovaquone');
INSERT INTO surgery (id,date,patient_id,doctor_id) VALUES (283,'2019-12-07',21,56);
INSERT INTO meds_for_surgery (surgery_id,med) VALUES (283,'Neuromuscular');
INSERT INTO surgery (id,date,patient_id,doctor_id) VALUES (284,'2019-12-24',327,57);
INSERT INTO meds_for_surgery (surgery_id,med) VALUES (284,'Dobutamine');
INSERT INTO surgery (id,date,patient_id,doctor_id) VALUES (285,'2019-11-28',302,143);
INSERT INTO meds_for_surgery (surgery_id,med) VALUES (285,'Hydrocodone');
INSERT INTO surgery (id,date,patient_id,doctor_id) VALUES (286,'2019-12-18',232,274);
INSERT INTO meds_for_surgery (surgery_id,med) VALUES (286,'Phenobarbital');
INSERT INTO surgery (id,date,patient_id,doctor_id) VALUES (287,'2019-12-01',219,468);
INSERT INTO meds_for_surgery (surgery_id,med) VALUES (287,'Dornase alfa');
INSERT INTO surgery (id,date,patient_id,doctor_id) VALUES (288,'2019-12-03',427,102);
INSERT INTO meds_for_surgery (surgery_id,med) VALUES (288,'Clarithromycin');
INSERT INTO surgery (id,date,patient_id,doctor_id) VALUES (289,'2019-12-01',60,189);
INSERT INTO meds_for_surgery (surgery_id,med) VALUES (289,'Neuromuscular');
INSERT INTO surgery (id,date,patient_id,doctor_id) VALUES (290,'2019-12-20',171,353);
INSERT INTO meds_for_surgery (surgery_id,med) VALUES (290,'Norepinephrine');
INSERT INTO surgery (id,date,patient_id,doctor_id) VALUES (291,'2019-12-11',141,284);
INSERT INTO meds_for_surgery (surgery_id,med) VALUES (291,'Dinutuximab');
INSERT INTO surgery (id,date,patient_id,doctor_id) VALUES (292,'2019-12-13',346,391);
INSERT INTO meds_for_surgery (surgery_id,med) VALUES (292,'Metronidazole');
INSERT INTO surgery (id,date,patient_id,doctor_id) VALUES (293,'2019-11-24',411,17);
INSERT INTO meds_for_surgery (surgery_id,med) VALUES (293,'Phenobarbital');
INSERT INTO surgery (id,date,patient_id,doctor_id) VALUES (294,'2019-12-24',255,352);
INSERT INTO meds_for_surgery (surgery_id,med) VALUES (294,'Codeine');
INSERT INTO surgery (id,date,patient_id,doctor_id) VALUES (295,'2019-12-17',229,117);
INSERT INTO meds_for_surgery (surgery_id,med) VALUES (295,'Muromonab');
INSERT INTO surgery (id,date,patient_id,doctor_id) VALUES (296,'2019-12-25',90,313);
INSERT INTO meds_for_surgery (surgery_id,med) VALUES (296,'Cyproheptadine');
INSERT INTO surgery (id,date,patient_id,doctor_id) VALUES (297,'2019-12-27',150,449);
INSERT INTO meds_for_surgery (surgery_id,med) VALUES (297,'Melphalan');
INSERT INTO surgery (id,date,patient_id,doctor_id) VALUES (298,'2019-12-17',482,320);
INSERT INTO meds_for_surgery (surgery_id,med) VALUES (298,'Darunavir');
INSERT INTO surgery (id,date,patient_id,doctor_id) VALUES (299,'2019-11-26',447,352);
INSERT INTO meds_for_surgery (surgery_id,med) VALUES (299,'Magnesium');
INSERT INTO surgery (id,date,patient_id,doctor_id) VALUES (300,'2019-11-23',109,333);
INSERT INTO meds_for_surgery (surgery_id,med) VALUES (300,'Aminocaproic Acid');
INSERT INTO surgery (id,date,patient_id,doctor_id) VALUES (301,'2019-11-28',430,267);
INSERT INTO meds_for_surgery (surgery_id,med) VALUES (301,'Ganciclovir');
INSERT INTO surgery (id,date,patient_id,doctor_id) VALUES (302,'2019-12-09',120,438);
INSERT INTO meds_for_surgery (surgery_id,med) VALUES (302,'Methylphenidate');
INSERT INTO surgery (id,date,patient_id,doctor_id) VALUES (303,'2019-12-12',426,92);
INSERT INTO meds_for_surgery (surgery_id,med) VALUES (303,'Mitoxantrone');
INSERT INTO surgery (id,date,patient_id,doctor_id) VALUES (304,'2019-12-24',69,355);
INSERT INTO meds_for_surgery (surgery_id,med) VALUES (304,'Vorinostat');
INSERT INTO surgery (id,date,patient_id,doctor_id) VALUES (305,'2019-12-03',388,268);
INSERT INTO meds_for_surgery (surgery_id,med) VALUES (305,'Hydrocodone');
INSERT INTO surgery (id,date,patient_id,doctor_id) VALUES (306,'2019-11-24',346,441);
INSERT INTO meds_for_surgery (surgery_id,med) VALUES (306,'Vincristine');
INSERT INTO surgery (id,date,patient_id,doctor_id) VALUES (307,'2019-12-14',354,137);
INSERT INTO meds_for_surgery (surgery_id,med) VALUES (307,'Cidofovir');
INSERT INTO surgery (id,date,patient_id,doctor_id) VALUES (308,'2019-12-18',141,473);
INSERT INTO meds_for_surgery (surgery_id,med) VALUES (308,'Clindamycin');
INSERT INTO surgery (id,date,patient_id,doctor_id) VALUES (309,'2019-12-07',21,319);
INSERT INTO meds_for_surgery (surgery_id,med) VALUES (309,'Nelarabine');
INSERT INTO surgery (id,date,patient_id,doctor_id) VALUES (310,'2019-11-29',52,117);
INSERT INTO meds_for_surgery (surgery_id,med) VALUES (310,'Emicizumab');
INSERT INTO surgery (id,date,patient_id,doctor_id) VALUES (311,'2019-12-17',121,386);
INSERT INTO meds_for_surgery (surgery_id,med) VALUES (311,'Bortezomib');
INSERT INTO surgery (id,date,patient_id,doctor_id) VALUES (312,'2019-11-24',250,274);
INSERT INTO meds_for_surgery (surgery_id,med) VALUES (312,'Dexamethasone');
INSERT INTO surgery (id,date,patient_id,doctor_id) VALUES (313,'2019-12-14',427,107);
INSERT INTO meds_for_surgery (surgery_id,med) VALUES (313,'Sirolimus');
INSERT INTO surgery (id,date,patient_id,doctor_id) VALUES (314,'2019-12-15',316,267);
INSERT INTO meds_for_surgery (surgery_id,med) VALUES (314,'Topotecan');
INSERT INTO surgery (id,date,patient_id,doctor_id) VALUES (315,'2019-12-23',294,102);
INSERT INTO meds_for_surgery (surgery_id,med) VALUES (315,'Amifostine');
INSERT INTO surgery (id,date,patient_id,doctor_id) VALUES (316,'2019-12-21',293,319);
INSERT INTO meds_for_surgery (surgery_id,med) VALUES (316,'Foscarnet');
INSERT INTO surgery (id,date,patient_id,doctor_id) VALUES (317,'2019-11-28',45,57);
INSERT INTO meds_for_surgery (surgery_id,med) VALUES (317,'Lorazepam');
INSERT INTO surgery (id,date,patient_id,doctor_id) VALUES (318,'2019-12-18',194,353);
INSERT INTO meds_for_surgery (surgery_id,med) VALUES (318,'Ifosfamide');
INSERT INTO surgery (id,date,patient_id,doctor_id) VALUES (319,'2019-11-23',170,267);
INSERT INTO meds_for_surgery (surgery_id,med) VALUES (319,'Hydrocortisone');
INSERT INTO surgery (id,date,patient_id,doctor_id) VALUES (320,'2019-11-24',132,185);
INSERT INTO meds_for_surgery (surgery_id,med) VALUES (320,'Thioguanine');
INSERT INTO surgery (id,date,patient_id,doctor_id) VALUES (321,'2019-12-14',282,92);
INSERT INTO meds_for_surgery (surgery_id,med) VALUES (321,'Gefitinib');
INSERT INTO surgery (id,date,patient_id,doctor_id) VALUES (322,'2019-12-23',232,84);
INSERT INTO meds_for_surgery (surgery_id,med) VALUES (322,'Warfarin');
INSERT INTO surgery (id,date,patient_id,doctor_id) VALUES (323,'2019-12-09',336,272);
INSERT INTO meds_for_surgery (surgery_id,med) VALUES (323,'Ritonavir');
INSERT INTO surgery (id,date,patient_id,doctor_id) VALUES (324,'2019-12-19',180,403);
INSERT INTO meds_for_surgery (surgery_id,med) VALUES (324,'Cidofovir');
INSERT INTO surgery (id,date,patient_id,doctor_id) VALUES (325,'2019-12-11',430,143);
INSERT INTO meds_for_surgery (surgery_id,med) VALUES (325,'Enalapril');
INSERT INTO surgery (id,date,patient_id,doctor_id) VALUES (326,'2019-12-25',445,117);
INSERT INTO meds_for_surgery (surgery_id,med) VALUES (326,'Granisetron');
INSERT INTO surgery (id,date,patient_id,doctor_id) VALUES (327,'2019-11-30',411,468);
INSERT INTO meds_for_surgery (surgery_id,med) VALUES (327,'Clobazam');
INSERT INTO surgery (id,date,patient_id,doctor_id) VALUES (328,'2019-12-16',477,492);
INSERT INTO meds_for_surgery (surgery_id,med) VALUES (328,'Cefuroxime');
INSERT INTO surgery (id,date,patient_id,doctor_id) VALUES (329,'2019-12-13',269,384);
INSERT INTO meds_for_surgery (surgery_id,med) VALUES (329,'Phenobarbital');
INSERT INTO surgery (id,date,patient_id,doctor_id) VALUES (330,'2019-12-01',427,384);
INSERT INTO meds_for_surgery (surgery_id,med) VALUES (330,'Interferon');
INSERT INTO surgery (id,date,patient_id,doctor_id) VALUES (331,'2019-12-19',286,117);
INSERT INTO meds_for_surgery (surgery_id,med) VALUES (331,'Topotecan');
INSERT INTO surgery (id,date,patient_id,doctor_id) VALUES (332,'2019-12-22',426,271);
INSERT INTO meds_for_surgery (surgery_id,med) VALUES (332,'Mesna');
INSERT INTO surgery (id,date,patient_id,doctor_id) VALUES (333,'2019-12-24',250,211);
INSERT INTO meds_for_surgery (surgery_id,med) VALUES (333,'Immune');
INSERT INTO surgery (id,date,patient_id,doctor_id) VALUES (334,'2019-12-09',375,412);
INSERT INTO meds_for_surgery (surgery_id,med) VALUES (334,'PEGaspargase');
INSERT INTO surgery (id,date,patient_id,doctor_id) VALUES (335,'2019-12-24',349,57);
INSERT INTO meds_for_surgery (surgery_id,med) VALUES (335,'Bleomycin');
INSERT INTO surgery (id,date,patient_id,doctor_id) VALUES (336,'2019-12-11',116,285);
INSERT INTO meds_for_surgery (surgery_id,med) VALUES (336,'Vancomycin');
INSERT INTO surgery (id,date,patient_id,doctor_id) VALUES (337,'2019-12-24',293,102);
INSERT INTO meds_for_surgery (surgery_id,med) VALUES (337,'Metronidazole');
INSERT INTO surgery (id,date,patient_id,doctor_id) VALUES (338,'2019-12-22',250,101);
INSERT INTO meds_for_surgery (surgery_id,med) VALUES (338,'Leucovorin');
INSERT INTO surgery (id,date,patient_id,doctor_id) VALUES (339,'2019-12-03',410,189);
INSERT INTO meds_for_surgery (surgery_id,med) VALUES (339,'Enoxaparin');
INSERT INTO surgery (id,date,patient_id,doctor_id) VALUES (340,'2019-11-30',175,315);
INSERT INTO meds_for_surgery (surgery_id,med) VALUES (340,'Elvitegravir');
INSERT INTO surgery (id,date,patient_id,doctor_id) VALUES (341,'2019-12-13',34,57);
INSERT INTO meds_for_surgery (surgery_id,med) VALUES (341,'Busulfan');
INSERT INTO surgery (id,date,patient_id,doctor_id) VALUES (342,'2019-12-18',37,438);
INSERT INTO meds_for_surgery (surgery_id,med) VALUES (342,'Propoxyphene');
INSERT INTO surgery (id,date,patient_id,doctor_id) VALUES (343,'2019-12-24',406,396);
INSERT INTO meds_for_surgery (surgery_id,med) VALUES (343,'Rituximab');
INSERT INTO surgery (id,date,patient_id,doctor_id) VALUES (344,'2019-12-02',60,386);
INSERT INTO meds_for_surgery (surgery_id,med) VALUES (344,'Etravirine');
INSERT INTO surgery (id,date,patient_id,doctor_id) VALUES (345,'2019-12-23',287,369);
INSERT INTO meds_for_surgery (surgery_id,med) VALUES (345,'Lopinavir');
INSERT INTO surgery (id,date,patient_id,doctor_id) VALUES (346,'2019-12-23',393,182);
INSERT INTO meds_for_surgery (surgery_id,med) VALUES (346,'Penicillin');
INSERT INTO surgery (id,date,patient_id,doctor_id) VALUES (347,'2019-11-25',130,272);
INSERT INTO meds_for_surgery (surgery_id,med) VALUES (347,'Elvitegravir');
INSERT INTO surgery (id,date,patient_id,doctor_id) VALUES (348,'2019-12-27',448,386);
INSERT INTO meds_for_surgery (surgery_id,med) VALUES (348,'Abacavir');
INSERT INTO surgery (id,date,patient_id,doctor_id) VALUES (349,'2019-12-20',235,172);
INSERT INTO meds_for_surgery (surgery_id,med) VALUES (349,'Temozolomide');
INSERT INTO surgery (id,date,patient_id,doctor_id) VALUES (350,'2019-12-18',141,102);
INSERT INTO meds_for_surgery (surgery_id,med) VALUES (350,'Amifostine');
INSERT INTO surgery (id,date,patient_id,doctor_id) VALUES (351,'2019-12-10',336,396);
INSERT INTO meds_for_surgery (surgery_id,med) VALUES (351,'Sorafenib');
INSERT INTO surgery (id,date,patient_id,doctor_id) VALUES (352,'2019-12-04',354,108);
INSERT INTO meds_for_surgery (surgery_id,med) VALUES (352,'Alendronate');
INSERT INTO surgery (id,date,patient_id,doctor_id) VALUES (353,'2019-12-18',460,192);
INSERT INTO meds_for_surgery (surgery_id,med) VALUES (353,'Gemcitabine');
INSERT INTO surgery (id,date,patient_id,doctor_id) VALUES (354,'2019-12-06',448,268);
INSERT INTO meds_for_surgery (surgery_id,med) VALUES (354,'Clarithromycin');
INSERT INTO surgery (id,date,patient_id,doctor_id) VALUES (355,'2019-11-24',302,185);
INSERT INTO meds_for_surgery (surgery_id,med) VALUES (355,'Ondansetron');
INSERT INTO surgery (id,date,patient_id,doctor_id) VALUES (356,'2019-12-08',436,384);
INSERT INTO meds_for_surgery (surgery_id,med) VALUES (356,'Hydrocortisone');
INSERT INTO surgery (id,date,patient_id,doctor_id) VALUES (357,'2019-11-24',444,270);
INSERT INTO meds_for_surgery (surgery_id,med) VALUES (357,'Dapsone');
INSERT INTO surgery (id,date,patient_id,doctor_id) VALUES (358,'2019-11-30',23,84);
INSERT INTO meds_for_surgery (surgery_id,med) VALUES (358,'Methotrexate');
INSERT INTO surgery (id,date,patient_id,doctor_id) VALUES (359,'2019-11-30',393,226);
INSERT INTO meds_for_surgery (surgery_id,med) VALUES (359,'Neuromuscular');
INSERT INTO surgery (id,date,patient_id,doctor_id) VALUES (360,'2019-12-01',122,271);
INSERT INTO meds_for_surgery (surgery_id,med) VALUES (360,'Sirolimus');
INSERT INTO surgery (id,date,patient_id,doctor_id) VALUES (361,'2019-11-24',286,322);
INSERT INTO meds_for_surgery (surgery_id,med) VALUES (361,'Etoposide');
INSERT INTO surgery (id,date,patient_id,doctor_id) VALUES (362,'2019-11-28',112,491);
INSERT INTO meds_for_surgery (surgery_id,med) VALUES (362,'Labetalol');
INSERT INTO surgery (id,date,patient_id,doctor_id) VALUES (363,'2019-12-02',447,491);
INSERT INTO meds_for_surgery (surgery_id,med) VALUES (363,'Vincristine');
INSERT INTO surgery (id,date,patient_id,doctor_id) VALUES (364,'2019-12-27',327,492);
INSERT INTO meds_for_surgery (surgery_id,med) VALUES (364,'Itraconazole');
INSERT INTO surgery (id,date,patient_id,doctor_id) VALUES (365,'2019-12-21',179,332);
INSERT INTO meds_for_surgery (surgery_id,med) VALUES (365,'Atazanavir');
INSERT INTO surgery (id,date,patient_id,doctor_id) VALUES (366,'2019-12-21',374,353);
INSERT INTO meds_for_surgery (surgery_id,med) VALUES (366,'Fluorouracil');
INSERT INTO surgery (id,date,patient_id,doctor_id) VALUES (367,'2019-12-20',223,267);
INSERT INTO meds_for_surgery (surgery_id,med) VALUES (367,'Carmustine');
INSERT INTO surgery (id,date,patient_id,doctor_id) VALUES (368,'2019-12-07',95,182);
INSERT INTO meds_for_surgery (surgery_id,med) VALUES (368,'Elvitegravir');
INSERT INTO surgery (id,date,patient_id,doctor_id) VALUES (369,'2019-12-24',235,274);
INSERT INTO meds_for_surgery (surgery_id,med) VALUES (369,'Tenofovir');
INSERT INTO surgery (id,date,patient_id,doctor_id) VALUES (370,'2019-11-23',126,438);
INSERT INTO meds_for_surgery (surgery_id,med) VALUES (370,'Itraconazole');
INSERT INTO surgery (id,date,patient_id,doctor_id) VALUES (371,'2019-12-15',132,409);
INSERT INTO meds_for_surgery (surgery_id,med) VALUES (371,'Clindamycin');
INSERT INTO surgery (id,date,patient_id,doctor_id) VALUES (372,'2019-11-23',34,412);
INSERT INTO meds_for_surgery (surgery_id,med) VALUES (372,'Lorazepam');
INSERT INTO surgery (id,date,patient_id,doctor_id) VALUES (373,'2019-12-05',141,384);
INSERT INTO meds_for_surgery (surgery_id,med) VALUES (373,'Thioguanine');
INSERT INTO surgery (id,date,patient_id,doctor_id) VALUES (374,'2019-12-22',95,355);
INSERT INTO meds_for_surgery (surgery_id,med) VALUES (374,'Meperidine');
INSERT INTO surgery (id,date,patient_id,doctor_id) VALUES (375,'2019-12-22',132,451);
INSERT INTO meds_for_surgery (surgery_id,med) VALUES (375,'Ranitidine');
INSERT INTO surgery (id,date,patient_id,doctor_id) VALUES (376,'2019-12-21',448,108);
INSERT INTO meds_for_surgery (surgery_id,med) VALUES (376,'Cisplatin');
INSERT INTO surgery (id,date,patient_id,doctor_id) VALUES (377,'2019-12-22',135,284);
INSERT INTO meds_for_surgery (surgery_id,med) VALUES (377,'Promethazine');
INSERT INTO surgery (id,date,patient_id,doctor_id) VALUES (378,'2019-12-07',37,92);
INSERT INTO meds_for_surgery (surgery_id,med) VALUES (378,'Saquinavir');
INSERT INTO surgery (id,date,patient_id,doctor_id) VALUES (379,'2019-12-10',445,55);
INSERT INTO meds_for_surgery (surgery_id,med) VALUES (379,'Ganciclovir');
INSERT INTO surgery (id,date,patient_id,doctor_id) VALUES (380,'2019-12-22',132,353);
INSERT INTO meds_for_surgery (surgery_id,med) VALUES (380,'Muromonab');
INSERT INTO surgery (id,date,patient_id,doctor_id) VALUES (381,'2019-12-26',235,267);
INSERT INTO meds_for_surgery (surgery_id,med) VALUES (381,'Amitriptyline');
INSERT INTO surgery (id,date,patient_id,doctor_id) VALUES (382,'2019-12-27',184,285);
INSERT INTO meds_for_surgery (surgery_id,med) VALUES (382,'Ritonavir');
INSERT INTO surgery (id,date,patient_id,doctor_id) VALUES (383,'2019-12-06',256,101);
INSERT INTO meds_for_surgery (surgery_id,med) VALUES (383,'Nelfinavir');
INSERT INTO surgery (id,date,patient_id,doctor_id) VALUES (384,'2019-12-11',32,384);
INSERT INTO meds_for_surgery (surgery_id,med) VALUES (384,'Zidovudine');
INSERT INTO surgery (id,date,patient_id,doctor_id) VALUES (385,'2019-11-28',374,284);
INSERT INTO meds_for_surgery (surgery_id,med) VALUES (385,'Muromonab');
INSERT INTO surgery (id,date,patient_id,doctor_id) VALUES (386,'2019-12-02',234,102);
INSERT INTO meds_for_surgery (surgery_id,med) VALUES (386,'Thiotepa');
INSERT INTO surgery (id,date,patient_id,doctor_id) VALUES (387,'2019-12-05',293,320);
INSERT INTO meds_for_surgery (surgery_id,med) VALUES (387,'Gabapentin');
INSERT INTO surgery (id,date,patient_id,doctor_id) VALUES (388,'2019-12-27',336,412);
INSERT INTO meds_for_surgery (surgery_id,med) VALUES (388,'Clindamycin');
INSERT INTO surgery (id,date,patient_id,doctor_id) VALUES (389,'2019-11-28',411,189);
INSERT INTO meds_for_surgery (surgery_id,med) VALUES (389,'Didanosine');
INSERT INTO surgery (id,date,patient_id,doctor_id) VALUES (390,'2019-11-23',294,320);
INSERT INTO meds_for_surgery (surgery_id,med) VALUES (390,'Dornase alfa');
INSERT INTO surgery (id,date,patient_id,doctor_id) VALUES (391,'2019-12-17',483,56);
INSERT INTO meds_for_surgery (surgery_id,med) VALUES (391,'Thioguanine');
INSERT INTO surgery (id,date,patient_id,doctor_id) VALUES (392,'2019-12-05',301,284);
INSERT INTO meds_for_surgery (surgery_id,med) VALUES (392,'Rasburicase');
INSERT INTO surgery (id,date,patient_id,doctor_id) VALUES (393,'2019-12-15',269,285);
INSERT INTO meds_for_surgery (surgery_id,med) VALUES (393,'Cytarabine');
INSERT INTO surgery (id,date,patient_id,doctor_id) VALUES (394,'2019-12-21',251,438);
INSERT INTO meds_for_surgery (surgery_id,med) VALUES (394,'Megestrol acetate');
INSERT INTO surgery (id,date,patient_id,doctor_id) VALUES (395,'2019-11-28',184,322);
INSERT INTO meds_for_surgery (surgery_id,med) VALUES (395,'Amikacin');
INSERT INTO surgery (id,date,patient_id,doctor_id) VALUES (396,'2019-12-11',121,441);
INSERT INTO meds_for_surgery (surgery_id,med) VALUES (396,'Mitotane');
INSERT INTO surgery (id,date,patient_id,doctor_id) VALUES (397,'2019-12-02',104,146);
INSERT INTO meds_for_surgery (surgery_id,med) VALUES (397,'Meloxicam');
INSERT INTO surgery (id,date,patient_id,doctor_id) VALUES (398,'2019-11-28',32,367);
INSERT INTO meds_for_surgery (surgery_id,med) VALUES (398,'Aprepitant');
INSERT INTO surgery (id,date,patient_id,doctor_id) VALUES (399,'2019-12-10',294,108);
INSERT INTO meds_for_surgery (surgery_id,med) VALUES (399,'Meperidine');
INSERT INTO surgery (id,date,patient_id,doctor_id) VALUES (400,'2019-12-17',247,355);
INSERT INTO meds_for_surgery (surgery_id,med) VALUES (400,'Megestrol acetate');
INSERT INTO surgery (id,date,patient_id,doctor_id) VALUES (401,'2019-12-10',184,226);
INSERT INTO meds_for_surgery (surgery_id,med) VALUES (401,'Mitotane');
INSERT INTO surgery (id,date,patient_id,doctor_id) VALUES (402,'2019-11-24',113,192);
INSERT INTO meds_for_surgery (surgery_id,med) VALUES (402,'Amoxicillin');
INSERT INTO surgery (id,date,patient_id,doctor_id) VALUES (403,'2019-12-04',269,386);
INSERT INTO meds_for_surgery (surgery_id,med) VALUES (403,'Clobazam');
INSERT INTO surgery (id,date,patient_id,doctor_id) VALUES (404,'2019-12-16',424,56);
INSERT INTO meds_for_surgery (surgery_id,med) VALUES (404,'Celecoxib');
INSERT INTO surgery (id,date,patient_id,doctor_id) VALUES (405,'2019-12-22',161,211);
INSERT INTO meds_for_surgery (surgery_id,med) VALUES (405,'Gabapentin');
INSERT INTO surgery (id,date,patient_id,doctor_id) VALUES (406,'2019-11-28',444,492);
INSERT INTO meds_for_surgery (surgery_id,med) VALUES (406,'Erythropoietin');
INSERT INTO surgery (id,date,patient_id,doctor_id) VALUES (407,'2019-11-30',293,117);
INSERT INTO meds_for_surgery (surgery_id,med) VALUES (407,'Vancomycin');
INSERT INTO surgery (id,date,patient_id,doctor_id) VALUES (408,'2019-11-23',184,92);
INSERT INTO meds_for_surgery (surgery_id,med) VALUES (408,'Abacavir');
INSERT INTO surgery (id,date,patient_id,doctor_id) VALUES (409,'2019-11-27',447,102);
INSERT INTO meds_for_surgery (surgery_id,med) VALUES (409,'Atenolol');
INSERT INTO surgery (id,date,patient_id,doctor_id) VALUES (410,'2019-12-05',256,441);
INSERT INTO meds_for_surgery (surgery_id,med) VALUES (410,'Vancomycin');
INSERT INTO surgery (id,date,patient_id,doctor_id) VALUES (411,'2019-11-26',381,352);
INSERT INTO meds_for_surgery (surgery_id,med) VALUES (411,'G-CSF');
INSERT INTO surgery (id,date,patient_id,doctor_id) VALUES (412,'2019-12-02',400,434);
INSERT INTO meds_for_surgery (surgery_id,med) VALUES (412,'Nelfinavir');
INSERT INTO surgery (id,date,patient_id,doctor_id) VALUES (413,'2019-12-27',130,84);
INSERT INTO meds_for_surgery (surgery_id,med) VALUES (413,'Voriconazole');
INSERT INTO surgery (id,date,patient_id,doctor_id) VALUES (414,'2019-12-17',375,322);
INSERT INTO meds_for_surgery (surgery_id,med) VALUES (414,'Ceftazidime');
INSERT INTO surgery (id,date,patient_id,doctor_id) VALUES (415,'2019-12-22',132,55);
INSERT INTO meds_for_surgery (surgery_id,med) VALUES (415,'Tacrolimus');
INSERT INTO surgery (id,date,patient_id,doctor_id) VALUES (416,'2019-11-30',375,125);
INSERT INTO meds_for_surgery (surgery_id,med) VALUES (416,'Interleukin');
INSERT INTO surgery (id,date,patient_id,doctor_id) VALUES (417,'2019-12-15',184,86);
INSERT INTO meds_for_surgery (surgery_id,med) VALUES (417,'Methylphenidate');
INSERT INTO surgery (id,date,patient_id,doctor_id) VALUES (418,'2019-11-28',199,92);
INSERT INTO meds_for_surgery (surgery_id,med) VALUES (418,'Cladribine');
INSERT INTO surgery (id,date,patient_id,doctor_id) VALUES (419,'2019-12-21',280,125);
INSERT INTO meds_for_surgery (surgery_id,med) VALUES (419,'Prednisone');
INSERT INTO surgery (id,date,patient_id,doctor_id) VALUES (420,'2019-12-27',34,313);
INSERT INTO meds_for_surgery (surgery_id,med) VALUES (420,'Interleukin');
INSERT INTO surgery (id,date,patient_id,doctor_id) VALUES (421,'2019-12-23',477,332);
INSERT INTO meds_for_surgery (surgery_id,med) VALUES (421,'Cyclophosphamide');
INSERT INTO surgery (id,date,patient_id,doctor_id) VALUES (422,'2019-11-24',155,332);
INSERT INTO meds_for_surgery (surgery_id,med) VALUES (422,'Clindamycin');
INSERT INTO surgery (id,date,patient_id,doctor_id) VALUES (423,'2019-12-26',122,434);
INSERT INTO meds_for_surgery (surgery_id,med) VALUES (423,'Amikacin');
INSERT INTO surgery (id,date,patient_id,doctor_id) VALUES (424,'2019-12-10',37,498);
INSERT INTO meds_for_surgery (surgery_id,med) VALUES (424,'Cyclophosphamide');
INSERT INTO surgery (id,date,patient_id,doctor_id) VALUES (425,'2019-11-29',122,87);
INSERT INTO meds_for_surgery (surgery_id,med) VALUES (425,'Lamivudine');
INSERT INTO surgery (id,date,patient_id,doctor_id) VALUES (426,'2019-12-02',161,107);
INSERT INTO meds_for_surgery (surgery_id,med) VALUES (426,'Topotecan');
INSERT INTO surgery (id,date,patient_id,doctor_id) VALUES (427,'2019-12-18',251,275);
INSERT INTO meds_for_surgery (surgery_id,med) VALUES (427,'Emtricitabine');
INSERT INTO surgery (id,date,patient_id,doctor_id) VALUES (428,'2019-12-23',316,172);
INSERT INTO meds_for_surgery (surgery_id,med) VALUES (428,'Megestrol acetate');
INSERT INTO surgery (id,date,patient_id,doctor_id) VALUES (429,'2019-11-23',235,473);
INSERT INTO meds_for_surgery (surgery_id,med) VALUES (429,'Cephalexin');
INSERT INTO surgery (id,date,patient_id,doctor_id) VALUES (430,'2019-12-06',32,320);
INSERT INTO meds_for_surgery (surgery_id,med) VALUES (430,'G-CSF');
INSERT INTO surgery (id,date,patient_id,doctor_id) VALUES (431,'2019-12-15',122,189);
INSERT INTO meds_for_surgery (surgery_id,med) VALUES (431,'Aminocaproic Acid');
INSERT INTO surgery (id,date,patient_id,doctor_id) VALUES (432,'2019-12-04',259,353);
INSERT INTO meds_for_surgery (surgery_id,med) VALUES (432,'Hydrocortisone');
INSERT INTO surgery (id,date,patient_id,doctor_id) VALUES (433,'2019-12-15',122,285);
INSERT INTO meds_for_surgery (surgery_id,med) VALUES (433,'Enoxaparin');
INSERT INTO surgery (id,date,patient_id,doctor_id) VALUES (434,'2019-12-15',69,332);
INSERT INTO meds_for_surgery (surgery_id,med) VALUES (434,'Sorafenib');
INSERT INTO surgery (id,date,patient_id,doctor_id) VALUES (435,'2019-12-07',269,451);
INSERT INTO meds_for_surgery (surgery_id,med) VALUES (435,'Potassium');
INSERT INTO surgery (id,date,patient_id,doctor_id) VALUES (436,'2019-12-15',294,108);
INSERT INTO meds_for_surgery (surgery_id,med) VALUES (436,'Cefuroxime');
INSERT INTO surgery (id,date,patient_id,doctor_id) VALUES (437,'2019-12-24',316,272);
INSERT INTO meds_for_surgery (surgery_id,med) VALUES (437,'Calcium');
INSERT INTO surgery (id,date,patient_id,doctor_id) VALUES (438,'2019-12-10',194,102);
INSERT INTO meds_for_surgery (surgery_id,med) VALUES (438,'Vincristine');
INSERT INTO surgery (id,date,patient_id,doctor_id) VALUES (439,'2019-12-24',186,285);
INSERT INTO meds_for_surgery (surgery_id,med) VALUES (439,'Gefitinib');
INSERT INTO surgery (id,date,patient_id,doctor_id) VALUES (440,'2019-12-15',170,125);
INSERT INTO meds_for_surgery (surgery_id,med) VALUES (440,'Thiotepa');
INSERT INTO surgery (id,date,patient_id,doctor_id) VALUES (441,'2019-12-05',19,468);
INSERT INTO meds_for_surgery (surgery_id,med) VALUES (441,'Dacarbazine');
INSERT INTO surgery (id,date,patient_id,doctor_id) VALUES (442,'2019-12-10',231,320);
INSERT INTO meds_for_surgery (surgery_id,med) VALUES (442,'Cefepime');
INSERT INTO surgery (id,date,patient_id,doctor_id) VALUES (443,'2019-12-17',140,313);
INSERT INTO meds_for_surgery (surgery_id,med) VALUES (443,'Sugammadex');
INSERT INTO surgery (id,date,patient_id,doctor_id) VALUES (444,'2019-12-18',440,468);
INSERT INTO meds_for_surgery (surgery_id,med) VALUES (444,'Bleomycin');
INSERT INTO surgery (id,date,patient_id,doctor_id) VALUES (445,'2019-12-21',141,300);
INSERT INTO meds_for_surgery (surgery_id,med) VALUES (445,'Azithromycin');
INSERT INTO surgery (id,date,patient_id,doctor_id) VALUES (446,'2019-12-08',302,56);
INSERT INTO meds_for_surgery (surgery_id,med) VALUES (446,'Morphine');
INSERT INTO surgery (id,date,patient_id,doctor_id) VALUES (447,'2019-11-26',431,84);
INSERT INTO meds_for_surgery (surgery_id,med) VALUES (447,'Bosentan');
INSERT INTO surgery (id,date,patient_id,doctor_id) VALUES (448,'2019-12-15',90,146);
INSERT INTO meds_for_surgery (surgery_id,med) VALUES (448,'Cladribine');
INSERT INTO surgery (id,date,patient_id,doctor_id) VALUES (449,'2019-11-24',180,391);
INSERT INTO meds_for_surgery (surgery_id,med) VALUES (449,'Emicizumab');
INSERT INTO surgery (id,date,patient_id,doctor_id) VALUES (450,'2019-12-16',155,491);
INSERT INTO meds_for_surgery (surgery_id,med) VALUES (450,'Mechlorethamine');
INSERT INTO surgery (id,date,patient_id,doctor_id) VALUES (451,'2019-11-24',354,367);
INSERT INTO meds_for_surgery (surgery_id,med) VALUES (451,'Lopinavir');
INSERT INTO surgery (id,date,patient_id,doctor_id) VALUES (452,'2019-12-26',95,320);
INSERT INTO meds_for_surgery (surgery_id,med) VALUES (452,'Abacavir');
INSERT INTO surgery (id,date,patient_id,doctor_id) VALUES (453,'2019-12-14',140,107);
INSERT INTO meds_for_surgery (surgery_id,med) VALUES (453,'Acyclovir');
INSERT INTO surgery (id,date,patient_id,doctor_id) VALUES (454,'2019-12-07',130,438);
INSERT INTO meds_for_surgery (surgery_id,med) VALUES (454,'Famciclovir');
INSERT INTO surgery (id,date,patient_id,doctor_id) VALUES (455,'2019-12-08',32,97);
INSERT INTO meds_for_surgery (surgery_id,med) VALUES (455,'Cephalexin');
INSERT INTO surgery (id,date,patient_id,doctor_id) VALUES (456,'2019-12-03',179,172);
INSERT INTO meds_for_surgery (surgery_id,med) VALUES (456,'Nevirapine');
INSERT INTO surgery (id,date,patient_id,doctor_id) VALUES (457,'2019-12-07',109,86);
INSERT INTO meds_for_surgery (surgery_id,med) VALUES (457,'Cyclobenzaprine');
INSERT INTO surgery (id,date,patient_id,doctor_id) VALUES (458,'2019-12-13',440,270);
INSERT INTO meds_for_surgery (surgery_id,med) VALUES (458,'Etravirine');
INSERT INTO surgery (id,date,patient_id,doctor_id) VALUES (459,'2019-12-18',120,384);
INSERT INTO meds_for_surgery (surgery_id,med) VALUES (459,'Meloxicam');
INSERT INTO surgery (id,date,patient_id,doctor_id) VALUES (460,'2019-11-27',155,412);
INSERT INTO meds_for_surgery (surgery_id,med) VALUES (460,'Immune');
INSERT INTO surgery (id,date,patient_id,doctor_id) VALUES (461,'2019-11-29',286,396);
INSERT INTO meds_for_surgery (surgery_id,med) VALUES (461,'Paclitaxel');
INSERT INTO surgery (id,date,patient_id,doctor_id) VALUES (462,'2019-11-23',336,333);
INSERT INTO meds_for_surgery (surgery_id,med) VALUES (462,'Diclofenac');
INSERT INTO surgery (id,date,patient_id,doctor_id) VALUES (463,'2019-12-20',21,449);
INSERT INTO meds_for_surgery (surgery_id,med) VALUES (463,'Cephalexin');
INSERT INTO surgery (id,date,patient_id,doctor_id) VALUES (464,'2019-12-23',400,332);
INSERT INTO meds_for_surgery (surgery_id,med) VALUES (464,'Itraconazole');
INSERT INTO surgery (id,date,patient_id,doctor_id) VALUES (465,'2019-11-25',121,492);
INSERT INTO meds_for_surgery (surgery_id,med) VALUES (465,'Cyclosporine');
INSERT INTO surgery (id,date,patient_id,doctor_id) VALUES (466,'2019-12-14',188,56);
INSERT INTO meds_for_surgery (surgery_id,med) VALUES (466,'Daunorubicin');
INSERT INTO surgery (id,date,patient_id,doctor_id) VALUES (467,'2019-12-14',234,492);
INSERT INTO meds_for_surgery (surgery_id,med) VALUES (467,'Cefaclor');
INSERT INTO surgery (id,date,patient_id,doctor_id) VALUES (468,'2019-12-09',301,274);
INSERT INTO meds_for_surgery (surgery_id,med) VALUES (468,'Oxycodone');
INSERT INTO surgery (id,date,patient_id,doctor_id) VALUES (469,'2019-12-05',184,117);
INSERT INTO meds_for_surgery (surgery_id,med) VALUES (469,'Procarbazine');
INSERT INTO surgery (id,date,patient_id,doctor_id) VALUES (470,'2019-12-25',247,58);
INSERT INTO meds_for_surgery (surgery_id,med) VALUES (470,'Lomustine');
INSERT INTO surgery (id,date,patient_id,doctor_id) VALUES (471,'2019-12-08',375,189);
INSERT INTO meds_for_surgery (surgery_id,med) VALUES (471,'Abacavir');
INSERT INTO surgery (id,date,patient_id,doctor_id) VALUES (472,'2019-12-17',427,108);
INSERT INTO meds_for_surgery (surgery_id,med) VALUES (472,'Aprepitant');
INSERT INTO surgery (id,date,patient_id,doctor_id) VALUES (473,'2019-12-13',150,107);
INSERT INTO meds_for_surgery (surgery_id,med) VALUES (473,'Ritonavir');
INSERT INTO surgery (id,date,patient_id,doctor_id) VALUES (474,'2019-12-23',121,492);
INSERT INTO meds_for_surgery (surgery_id,med) VALUES (474,'Lorazepam');
INSERT INTO surgery (id,date,patient_id,doctor_id) VALUES (475,'2019-12-22',393,492);
INSERT INTO meds_for_surgery (surgery_id,med) VALUES (475,'Fluconazole');
INSERT INTO surgery (id,date,patient_id,doctor_id) VALUES (476,'2019-12-15',124,107);
INSERT INTO meds_for_surgery (surgery_id,med) VALUES (476,'Alendronate');
INSERT INTO surgery (id,date,patient_id,doctor_id) VALUES (477,'2019-12-10',287,403);
INSERT INTO meds_for_surgery (surgery_id,med) VALUES (477,'Ganciclovir');
INSERT INTO surgery (id,date,patient_id,doctor_id) VALUES (478,'2019-12-22',349,320);
INSERT INTO meds_for_surgery (surgery_id,med) VALUES (478,'Granisetron');
INSERT INTO surgery (id,date,patient_id,doctor_id) VALUES (479,'2019-11-26',132,412);
INSERT INTO meds_for_surgery (surgery_id,med) VALUES (479,'Cephalexin');
INSERT INTO surgery (id,date,patient_id,doctor_id) VALUES (480,'2019-12-16',435,359);
INSERT INTO meds_for_surgery (surgery_id,med) VALUES (480,'Daunorubicin');
INSERT INTO surgery (id,date,patient_id,doctor_id) VALUES (481,'2019-11-25',375,468);
INSERT INTO meds_for_surgery (surgery_id,med) VALUES (481,'Rivaroxaban');
INSERT INTO surgery (id,date,patient_id,doctor_id) VALUES (482,'2019-12-24',250,4);
INSERT INTO meds_for_surgery (surgery_id,med) VALUES (482,'Bosentan');
INSERT INTO surgery (id,date,patient_id,doctor_id) VALUES (483,'2019-12-26',52,353);
INSERT INTO meds_for_surgery (surgery_id,med) VALUES (483,'Mesna');
INSERT INTO surgery (id,date,patient_id,doctor_id) VALUES (484,'2019-11-27',128,192);
INSERT INTO meds_for_surgery (surgery_id,med) VALUES (484,'Mercaptopurine');
INSERT INTO surgery (id,date,patient_id,doctor_id) VALUES (485,'2019-12-11',135,56);
INSERT INTO meds_for_surgery (surgery_id,med) VALUES (485,'Cytarabine');
INSERT INTO surgery (id,date,patient_id,doctor_id) VALUES (486,'2019-12-10',447,386);
INSERT INTO meds_for_surgery (surgery_id,med) VALUES (486,'Methotrexate');
INSERT INTO surgery (id,date,patient_id,doctor_id) VALUES (487,'2019-12-11',141,275);
INSERT INTO meds_for_surgery (surgery_id,med) VALUES (487,'Hydrocortisone');
INSERT INTO surgery (id,date,patient_id,doctor_id) VALUES (488,'2019-12-21',230,315);
INSERT INTO meds_for_surgery (surgery_id,med) VALUES (488,'Nelfinavir');
INSERT INTO surgery (id,date,patient_id,doctor_id) VALUES (489,'2019-12-08',259,17);
INSERT INTO meds_for_surgery (surgery_id,med) VALUES (489,'Posaconazole');
INSERT INTO surgery (id,date,patient_id,doctor_id) VALUES (490,'2019-11-30',64,267);
INSERT INTO meds_for_surgery (surgery_id,med) VALUES (490,'Etravirine');
INSERT INTO surgery (id,date,patient_id,doctor_id) VALUES (491,'2019-12-12',330,284);
INSERT INTO meds_for_surgery (surgery_id,med) VALUES (491,'Nelarabine');
INSERT INTO surgery (id,date,patient_id,doctor_id) VALUES (492,'2019-12-02',109,449);
INSERT INTO meds_for_surgery (surgery_id,med) VALUES (492,'L-glutamine');
INSERT INTO surgery (id,date,patient_id,doctor_id) VALUES (493,'2019-11-29',427,268);
INSERT INTO meds_for_surgery (surgery_id,med) VALUES (493,'Topotecan');
INSERT INTO surgery (id,date,patient_id,doctor_id) VALUES (494,'2019-12-10',231,313);
INSERT INTO meds_for_surgery (surgery_id,med) VALUES (494,'Gemcitabine');
INSERT INTO surgery (id,date,patient_id,doctor_id) VALUES (495,'2019-12-15',121,369);
INSERT INTO meds_for_surgery (surgery_id,med) VALUES (495,'Diclofenac');
INSERT INTO surgery (id,date,patient_id,doctor_id) VALUES (496,'2019-12-27',199,391);
INSERT INTO meds_for_surgery (surgery_id,med) VALUES (496,'Isotretinoin');
INSERT INTO surgery (id,date,patient_id,doctor_id) VALUES (497,'2019-11-30',210,355);
INSERT INTO meds_for_surgery (surgery_id,med) VALUES (497,'Dinutuximab');
INSERT INTO surgery (id,date,patient_id,doctor_id) VALUES (498,'2019-12-09',440,315);
INSERT INTO meds_for_surgery (surgery_id,med) VALUES (498,'Amlodipine');
INSERT INTO surgery (id,date,patient_id,doctor_id) VALUES (499,'2019-12-12',419,57);
INSERT INTO meds_for_surgery (surgery_id,med) VALUES (499,'Cefaclor');
INSERT INTO surgery (id,date,patient_id,doctor_id) VALUES (500,'2019-12-12',411,320);
INSERT INTO meds_for_surgery (surgery_id,med) VALUES (500,'Vorinostat');
INSERT INTO surgery (id,date,patient_id,doctor_id) VALUES (501,'2019-12-05',64,29);
INSERT INTO meds_for_surgery (surgery_id,med) VALUES (501,'Muromonab');
INSERT INTO surgery (id,date,patient_id,doctor_id) VALUES (502,'2019-12-12',34,492);
INSERT INTO meds_for_surgery (surgery_id,med) VALUES (502,'Dacarbazine');
INSERT INTO surgery (id,date,patient_id,doctor_id) VALUES (503,'2019-12-08',150,386);
INSERT INTO meds_for_surgery (surgery_id,med) VALUES (503,'Meperidine');
INSERT INTO surgery (id,date,patient_id,doctor_id) VALUES (504,'2019-12-04',419,315);
INSERT INTO meds_for_surgery (surgery_id,med) VALUES (504,'Pemetrexed');
INSERT INTO surgery (id,date,patient_id,doctor_id) VALUES (505,'2019-12-19',179,275);
INSERT INTO meds_for_surgery (surgery_id,med) VALUES (505,'Doxorubicin');
INSERT INTO surgery (id,date,patient_id,doctor_id) VALUES (506,'2019-12-11',346,439);
INSERT INTO meds_for_surgery (surgery_id,med) VALUES (506,'Levothyroxine');
INSERT INTO surgery (id,date,patient_id,doctor_id) VALUES (507,'2019-12-24',388,274);
INSERT INTO meds_for_surgery (surgery_id,med) VALUES (507,'Temozolomide');
INSERT INTO surgery (id,date,patient_id,doctor_id) VALUES (508,'2019-12-11',116,137);
INSERT INTO meds_for_surgery (surgery_id,med) VALUES (508,'Sucralfate');
INSERT INTO surgery (id,date,patient_id,doctor_id) VALUES (509,'2019-11-23',426,86);
INSERT INTO meds_for_surgery (surgery_id,med) VALUES (509,'Elvitegravir');
INSERT INTO surgery (id,date,patient_id,doctor_id) VALUES (510,'2019-12-16',121,493);
INSERT INTO meds_for_surgery (surgery_id,med) VALUES (510,'Darunavir');
INSERT INTO surgery (id,date,patient_id,doctor_id) VALUES (511,'2019-12-13',188,313);
INSERT INTO meds_for_surgery (surgery_id,med) VALUES (511,'Tobramycin');
INSERT INTO surgery (id,date,patient_id,doctor_id) VALUES (512,'2019-12-20',328,384);
INSERT INTO meds_for_surgery (surgery_id,med) VALUES (512,'Dasatinib');
INSERT INTO surgery (id,date,patient_id,doctor_id) VALUES (513,'2019-12-15',104,56);
INSERT INTO meds_for_surgery (surgery_id,med) VALUES (513,'Bortezomib');
INSERT INTO surgery (id,date,patient_id,doctor_id) VALUES (514,'2019-12-05',445,182);
INSERT INTO meds_for_surgery (surgery_id,med) VALUES (514,'Meropenem');
INSERT INTO surgery (id,date,patient_id,doctor_id) VALUES (515,'2019-12-23',161,451);
INSERT INTO meds_for_surgery (surgery_id,med) VALUES (515,'Dasatinib');
INSERT INTO surgery (id,date,patient_id,doctor_id) VALUES (516,'2019-12-19',64,449);
INSERT INTO meds_for_surgery (surgery_id,med) VALUES (516,'G-CSF');
INSERT INTO surgery (id,date,patient_id,doctor_id) VALUES (517,'2019-12-19',435,56);
INSERT INTO meds_for_surgery (surgery_id,med) VALUES (517,'Dacarbazine');
INSERT INTO surgery (id,date,patient_id,doctor_id) VALUES (518,'2019-11-24',90,182);
INSERT INTO meds_for_surgery (surgery_id,med) VALUES (518,'Erythropoietin');
INSERT INTO surgery (id,date,patient_id,doctor_id) VALUES (519,'2019-11-26',116,359);
INSERT INTO meds_for_surgery (surgery_id,med) VALUES (519,'Vincristine');
INSERT INTO surgery (id,date,patient_id,doctor_id) VALUES (520,'2019-12-10',302,246);
INSERT INTO meds_for_surgery (surgery_id,med) VALUES (520,'Fluorouracil');
INSERT INTO surgery (id,date,patient_id,doctor_id) VALUES (521,'2019-12-21',23,441);
INSERT INTO meds_for_surgery (surgery_id,med) VALUES (521,'Fludarabine');
INSERT INTO surgery (id,date,patient_id,doctor_id) VALUES (522,'2019-11-23',393,386);
INSERT INTO meds_for_surgery (surgery_id,med) VALUES (522,'Modafinil');
INSERT INTO surgery (id,date,patient_id,doctor_id) VALUES (523,'2019-11-29',400,56);
INSERT INTO meds_for_surgery (surgery_id,med) VALUES (523,'Doxorubicin');
INSERT INTO surgery (id,date,patient_id,doctor_id) VALUES (524,'2019-12-22',477,102);
INSERT INTO meds_for_surgery (surgery_id,med) VALUES (524,'Sugammadex');
INSERT INTO surgery (id,date,patient_id,doctor_id) VALUES (525,'2019-12-01',444,315);
INSERT INTO meds_for_surgery (surgery_id,med) VALUES (525,'Elvitegravir');
INSERT INTO surgery (id,date,patient_id,doctor_id) VALUES (526,'2019-11-24',431,369);
INSERT INTO meds_for_surgery (surgery_id,med) VALUES (526,'Meperidine');
INSERT INTO surgery (id,date,patient_id,doctor_id) VALUES (527,'2019-11-30',480,352);
INSERT INTO meds_for_surgery (surgery_id,med) VALUES (527,'L-glutamine');
INSERT INTO surgery (id,date,patient_id,doctor_id) VALUES (528,'2019-12-10',229,359);
INSERT INTO meds_for_surgery (surgery_id,med) VALUES (528,'Tobramycin');
INSERT INTO surgery (id,date,patient_id,doctor_id) VALUES (529,'2019-11-28',269,211);
INSERT INTO meds_for_surgery (surgery_id,med) VALUES (529,'Meperidine');
INSERT INTO surgery (id,date,patient_id,doctor_id) VALUES (530,'2019-12-12',235,185);
INSERT INTO meds_for_surgery (surgery_id,med) VALUES (530,'Micafungin');
INSERT INTO surgery (id,date,patient_id,doctor_id) VALUES (531,'2019-12-17',316,409);
INSERT INTO meds_for_surgery (surgery_id,med) VALUES (531,'Rilpivirine');
INSERT INTO surgery (id,date,patient_id,doctor_id) VALUES (532,'2019-12-21',231,367);
INSERT INTO meds_for_surgery (surgery_id,med) VALUES (532,'GM-CSF');
INSERT INTO surgery (id,date,patient_id,doctor_id) VALUES (533,'2019-12-10',140,332);
INSERT INTO meds_for_surgery (surgery_id,med) VALUES (533,'Diclofenac');
INSERT INTO surgery (id,date,patient_id,doctor_id) VALUES (534,'2019-12-20',282,272);
INSERT INTO meds_for_surgery (surgery_id,med) VALUES (534,'Carmustine');
INSERT INTO surgery (id,date,patient_id,doctor_id) VALUES (535,'2019-12-14',49,246);
INSERT INTO meds_for_surgery (surgery_id,med) VALUES (535,'Clindamycin');
INSERT INTO surgery (id,date,patient_id,doctor_id) VALUES (536,'2019-12-06',287,384);
INSERT INTO meds_for_surgery (surgery_id,med) VALUES (536,'Meropenem');
INSERT INTO surgery (id,date,patient_id,doctor_id) VALUES (537,'2019-12-05',316,473);
INSERT INTO meds_for_surgery (surgery_id,med) VALUES (537,'Calcium');
INSERT INTO surgery (id,date,patient_id,doctor_id) VALUES (538,'2019-12-25',171,355);
INSERT INTO meds_for_surgery (surgery_id,med) VALUES (538,'Asparaginase');
INSERT INTO surgery (id,date,patient_id,doctor_id) VALUES (539,'2019-12-14',180,189);
INSERT INTO meds_for_surgery (surgery_id,med) VALUES (539,'Cytarabine');
INSERT INTO surgery (id,date,patient_id,doctor_id) VALUES (540,'2019-12-09',126,185);
INSERT INTO meds_for_surgery (surgery_id,med) VALUES (540,'Dopamine');
INSERT INTO surgery (id,date,patient_id,doctor_id) VALUES (541,'2019-12-23',128,87);
INSERT INTO meds_for_surgery (surgery_id,med) VALUES (541,'Sirolimus');
INSERT INTO surgery (id,date,patient_id,doctor_id) VALUES (542,'2019-12-15',219,268);
INSERT INTO meds_for_surgery (surgery_id,med) VALUES (542,'Hydroxyurea');
INSERT INTO surgery (id,date,patient_id,doctor_id) VALUES (543,'2019-12-11',356,498);
INSERT INTO meds_for_surgery (surgery_id,med) VALUES (543,'Mesna');
INSERT INTO surgery (id,date,patient_id,doctor_id) VALUES (544,'2019-11-25',328,319);
INSERT INTO meds_for_surgery (surgery_id,med) VALUES (544,'Abacavir');
INSERT INTO surgery (id,date,patient_id,doctor_id) VALUES (545,'2019-12-20',155,246);
INSERT INTO meds_for_surgery (surgery_id,med) VALUES (545,'Emtricitabine');
INSERT INTO surgery (id,date,patient_id,doctor_id) VALUES (546,'2019-12-13',447,146);
INSERT INTO meds_for_surgery (surgery_id,med) VALUES (546,'Calcium');
INSERT INTO surgery (id,date,patient_id,doctor_id) VALUES (547,'2019-12-24',346,182);
INSERT INTO meds_for_surgery (surgery_id,med) VALUES (547,'Probenecid');
INSERT INTO surgery (id,date,patient_id,doctor_id) VALUES (548,'2019-12-08',460,333);
INSERT INTO meds_for_surgery (surgery_id,med) VALUES (548,'Pegfilgrastim');
INSERT INTO surgery (id,date,patient_id,doctor_id) VALUES (549,'2019-12-21',419,319);
INSERT INTO meds_for_surgery (surgery_id,med) VALUES (549,'Aprepitant');
INSERT INTO surgery (id,date,patient_id,doctor_id) VALUES (550,'2019-12-21',132,412);
INSERT INTO meds_for_surgery (surgery_id,med) VALUES (550,'Potassium');
INSERT INTO surgery (id,date,patient_id,doctor_id) VALUES (551,'2019-12-18',121,409);
INSERT INTO meds_for_surgery (surgery_id,med) VALUES (551,'PEGaspargase');
INSERT INTO surgery (id,date,patient_id,doctor_id) VALUES (552,'2019-12-26',23,438);
INSERT INTO meds_for_surgery (surgery_id,med) VALUES (552,'Pemetrexed');
INSERT INTO surgery (id,date,patient_id,doctor_id) VALUES (553,'2019-12-16',294,102);
INSERT INTO meds_for_surgery (surgery_id,med) VALUES (553,'Mycophenolate');
INSERT INTO surgery (id,date,patient_id,doctor_id) VALUES (554,'2019-12-25',104,125);
INSERT INTO meds_for_surgery (surgery_id,med) VALUES (554,'Thioguanine');
INSERT INTO surgery (id,date,patient_id,doctor_id) VALUES (555,'2019-12-16',223,182);
INSERT INTO meds_for_surgery (surgery_id,med) VALUES (555,'Meloxicam');
INSERT INTO surgery (id,date,patient_id,doctor_id) VALUES (556,'2019-12-22',21,185);
INSERT INTO meds_for_surgery (surgery_id,med) VALUES (556,'Lomustine');
INSERT INTO surgery (id,date,patient_id,doctor_id) VALUES (557,'2019-12-11',60,492);
INSERT INTO meds_for_surgery (surgery_id,med) VALUES (557,'Methotrexate');
INSERT INTO surgery (id,date,patient_id,doctor_id) VALUES (558,'2019-12-23',336,102);
INSERT INTO meds_for_surgery (surgery_id,med) VALUES (558,'Stavudine');
INSERT INTO surgery (id,date,patient_id,doctor_id) VALUES (559,'2019-12-07',199,268);
INSERT INTO meds_for_surgery (surgery_id,med) VALUES (559,'Leucovorin');
INSERT INTO surgery (id,date,patient_id,doctor_id) VALUES (560,'2019-11-28',128,449);
INSERT INTO meds_for_surgery (surgery_id,med) VALUES (560,'Sugammadex');
INSERT INTO surgery (id,date,patient_id,doctor_id) VALUES (561,'2019-12-06',32,56);
INSERT INTO meds_for_surgery (surgery_id,med) VALUES (561,'Clobazam');
INSERT INTO surgery (id,date,patient_id,doctor_id) VALUES (562,'2019-12-23',436,367);
INSERT INTO meds_for_surgery (surgery_id,med) VALUES (562,'Daunorubicin');
INSERT INTO surgery (id,date,patient_id,doctor_id) VALUES (563,'2019-12-15',39,185);
INSERT INTO meds_for_surgery (surgery_id,med) VALUES (563,'Celecoxib');
INSERT INTO surgery (id,date,patient_id,doctor_id) VALUES (564,'2019-12-15',301,137);
INSERT INTO meds_for_surgery (surgery_id,med) VALUES (564,'Cidofovir');
INSERT INTO surgery (id,date,patient_id,doctor_id) VALUES (565,'2019-12-03',229,319);
INSERT INTO meds_for_surgery (surgery_id,med) VALUES (565,'Rilpivirine');
INSERT INTO surgery (id,date,patient_id,doctor_id) VALUES (566,'2019-12-27',141,434);
INSERT INTO meds_for_surgery (surgery_id,med) VALUES (566,'Dobutamine');
INSERT INTO surgery (id,date,patient_id,doctor_id) VALUES (567,'2019-12-27',406,146);
INSERT INTO meds_for_surgery (surgery_id,med) VALUES (567,'Mitotane');
INSERT INTO surgery (id,date,patient_id,doctor_id) VALUES (568,'2019-12-25',436,192);
INSERT INTO meds_for_surgery (surgery_id,med) VALUES (568,'Fluconazole');
INSERT INTO surgery (id,date,patient_id,doctor_id) VALUES (569,'2019-12-21',410,272);
INSERT INTO meds_for_surgery (surgery_id,med) VALUES (569,'Saquinavir');
INSERT INTO surgery (id,date,patient_id,doctor_id) VALUES (570,'2019-12-15',349,84);
INSERT INTO meds_for_surgery (surgery_id,med) VALUES (570,'Irinotecan');
INSERT INTO surgery (id,date,patient_id,doctor_id) VALUES (571,'2019-12-12',250,57);
INSERT INTO meds_for_surgery (surgery_id,med) VALUES (571,'Cidofovir');
INSERT INTO surgery (id,date,patient_id,doctor_id) VALUES (572,'2019-12-09',448,396);
INSERT INTO meds_for_surgery (surgery_id,med) VALUES (572,'Bosentan');
INSERT INTO surgery (id,date,patient_id,doctor_id) VALUES (573,'2019-12-05',316,29);
INSERT INTO meds_for_surgery (surgery_id,med) VALUES (573,'Cyclobenzaprine');
INSERT INTO surgery (id,date,patient_id,doctor_id) VALUES (574,'2019-12-03',235,352);
INSERT INTO meds_for_surgery (surgery_id,med) VALUES (574,'Interferon');
INSERT INTO surgery (id,date,patient_id,doctor_id) VALUES (575,'2019-12-18',49,439);
INSERT INTO meds_for_surgery (surgery_id,med) VALUES (575,'Hydralazine');
INSERT INTO surgery (id,date,patient_id,doctor_id) VALUES (576,'2019-12-22',302,211);
INSERT INTO meds_for_surgery (surgery_id,med) VALUES (576,'Mercaptopurine');
INSERT INTO surgery (id,date,patient_id,doctor_id) VALUES (577,'2019-11-28',188,101);
INSERT INTO meds_for_surgery (surgery_id,med) VALUES (577,'Clindamycin');
INSERT INTO surgery (id,date,patient_id,doctor_id) VALUES (578,'2019-11-23',482,101);
INSERT INTO meds_for_surgery (surgery_id,med) VALUES (578,'Gemcitabine');
INSERT INTO surgery (id,date,patient_id,doctor_id) VALUES (579,'2019-11-24',104,146);
INSERT INTO meds_for_surgery (surgery_id,med) VALUES (579,'Busulfan');
INSERT INTO surgery (id,date,patient_id,doctor_id) VALUES (580,'2019-12-11',130,320);
INSERT INTO meds_for_surgery (surgery_id,med) VALUES (580,'Dacarbazine');
INSERT INTO surgery (id,date,patient_id,doctor_id) VALUES (581,'2019-12-27',280,396);
INSERT INTO meds_for_surgery (surgery_id,med) VALUES (581,'Maraviroc');
INSERT INTO surgery (id,date,patient_id,doctor_id) VALUES (582,'2019-12-18',479,87);
INSERT INTO meds_for_surgery (surgery_id,med) VALUES (582,'Modafinil');
INSERT INTO surgery (id,date,patient_id,doctor_id) VALUES (583,'2019-12-23',171,246);
INSERT INTO meds_for_surgery (surgery_id,med) VALUES (583,'Bosentan');
INSERT INTO surgery (id,date,patient_id,doctor_id) VALUES (584,'2019-12-19',141,29);
INSERT INTO meds_for_surgery (surgery_id,med) VALUES (584,'Amoxicillin');
INSERT INTO surgery (id,date,patient_id,doctor_id) VALUES (585,'2019-12-24',293,87);
INSERT INTO meds_for_surgery (surgery_id,med) VALUES (585,'Neuromuscular');
INSERT INTO surgery (id,date,patient_id,doctor_id) VALUES (586,'2019-11-25',109,403);
INSERT INTO meds_for_surgery (surgery_id,med) VALUES (586,'Voriconazole');
INSERT INTO surgery (id,date,patient_id,doctor_id) VALUES (587,'2019-12-11',135,403);
INSERT INTO meds_for_surgery (surgery_id,med) VALUES (587,'Methotrexate');
INSERT INTO surgery (id,date,patient_id,doctor_id) VALUES (588,'2019-12-10',431,55);
INSERT INTO meds_for_surgery (surgery_id,med) VALUES (588,'Hydrocortisone');
INSERT INTO surgery (id,date,patient_id,doctor_id) VALUES (589,'2019-11-23',21,107);
INSERT INTO meds_for_surgery (surgery_id,med) VALUES (589,'Temozolomide');
INSERT INTO surgery (id,date,patient_id,doctor_id) VALUES (590,'2019-12-09',447,57);
INSERT INTO meds_for_surgery (surgery_id,med) VALUES (590,'G-CSF');
INSERT INTO surgery (id,date,patient_id,doctor_id) VALUES (591,'2019-12-06',112,101);
INSERT INTO meds_for_surgery (surgery_id,med) VALUES (591,'Clobazam');
INSERT INTO surgery (id,date,patient_id,doctor_id) VALUES (592,'2019-12-10',52,270);
INSERT INTO meds_for_surgery (surgery_id,med) VALUES (592,'Etonogestrel');
INSERT INTO surgery (id,date,patient_id,doctor_id) VALUES (593,'2019-11-27',302,367);
INSERT INTO meds_for_surgery (surgery_id,med) VALUES (593,'Pemetrexed');
INSERT INTO surgery (id,date,patient_id,doctor_id) VALUES (594,'2019-12-23',234,185);
INSERT INTO meds_for_surgery (surgery_id,med) VALUES (594,'Fluconazole');
INSERT INTO surgery (id,date,patient_id,doctor_id) VALUES (595,'2019-12-01',60,359);
INSERT INTO meds_for_surgery (surgery_id,med) VALUES (595,'Elvitegravir');
INSERT INTO surgery (id,date,patient_id,doctor_id) VALUES (596,'2019-11-27',430,137);
INSERT INTO meds_for_surgery (surgery_id,med) VALUES (596,'Enalapril');
INSERT INTO surgery (id,date,patient_id,doctor_id) VALUES (597,'2019-12-18',426,320);
INSERT INTO meds_for_surgery (surgery_id,med) VALUES (597,'Meropenem');
INSERT INTO surgery (id,date,patient_id,doctor_id) VALUES (598,'2019-12-03',49,185);
INSERT INTO meds_for_surgery (surgery_id,med) VALUES (598,'Fludarabine');
INSERT INTO surgery (id,date,patient_id,doctor_id) VALUES (599,'2019-12-08',328,465);
INSERT INTO meds_for_surgery (surgery_id,med) VALUES (599,'Dactinomycin');
INSERT INTO surgery (id,date,patient_id,doctor_id) VALUES (600,'2019-12-01',328,441);
INSERT INTO meds_for_surgery (surgery_id,med) VALUES (600,'Busulfan');
INSERT INTO surgery (id,date,patient_id,doctor_id) VALUES (601,'2019-12-11',440,226);
INSERT INTO meds_for_surgery (surgery_id,med) VALUES (601,'Etoposide');
INSERT INTO surgery (id,date,patient_id,doctor_id) VALUES (602,'2019-12-24',460,320);
INSERT INTO meds_for_surgery (surgery_id,med) VALUES (602,'Tobramycin');
INSERT INTO surgery (id,date,patient_id,doctor_id) VALUES (603,'2019-12-14',445,125);
INSERT INTO meds_for_surgery (surgery_id,med) VALUES (603,'Diclofenac');
INSERT INTO surgery (id,date,patient_id,doctor_id) VALUES (604,'2019-12-23',251,143);
INSERT INTO meds_for_surgery (surgery_id,med) VALUES (604,'Mitoxantrone');
INSERT INTO surgery (id,date,patient_id,doctor_id) VALUES (605,'2019-12-27',400,92);
INSERT INTO meds_for_surgery (surgery_id,med) VALUES (605,'Lamivudine');
INSERT INTO surgery (id,date,patient_id,doctor_id) VALUES (606,'2019-11-26',287,226);
INSERT INTO meds_for_surgery (surgery_id,med) VALUES (606,'Allopurinol');
INSERT INTO surgery (id,date,patient_id,doctor_id) VALUES (607,'2019-12-05',130,182);
INSERT INTO meds_for_surgery (surgery_id,med) VALUES (607,'Gefitinib');
INSERT INTO surgery (id,date,patient_id,doctor_id) VALUES (608,'2019-12-14',251,498);
INSERT INTO meds_for_surgery (surgery_id,med) VALUES (608,'Famciclovir');
INSERT INTO surgery (id,date,patient_id,doctor_id) VALUES (609,'2019-12-17',431,84);
INSERT INTO meds_for_surgery (surgery_id,med) VALUES (609,'Sorafenib');
INSERT INTO surgery (id,date,patient_id,doctor_id) VALUES (610,'2019-12-16',184,17);
INSERT INTO meds_for_surgery (surgery_id,med) VALUES (610,'Foscarnet');
INSERT INTO surgery (id,date,patient_id,doctor_id) VALUES (611,'2019-12-06',480,137);
INSERT INTO meds_for_surgery (surgery_id,med) VALUES (611,'Mitotane');
INSERT INTO surgery (id,date,patient_id,doctor_id) VALUES (612,'2019-12-21',286,313);
INSERT INTO meds_for_surgery (surgery_id,med) VALUES (612,'Clarithromycin');
INSERT INTO surgery (id,date,patient_id,doctor_id) VALUES (613,'2019-12-19',113,498);
INSERT INTO meds_for_surgery (surgery_id,med) VALUES (613,'Enalapril');
INSERT INTO surgery (id,date,patient_id,doctor_id) VALUES (614,'2019-11-24',447,492);
INSERT INTO meds_for_surgery (surgery_id,med) VALUES (614,'Isotretinoin');
INSERT INTO surgery (id,date,patient_id,doctor_id) VALUES (615,'2019-11-30',235,319);
INSERT INTO meds_for_surgery (surgery_id,med) VALUES (615,'Meropenem');
INSERT INTO surgery (id,date,patient_id,doctor_id) VALUES (616,'2019-12-13',374,107);
INSERT INTO meds_for_surgery (surgery_id,med) VALUES (616,'Ceftazidime');
INSERT INTO surgery (id,date,patient_id,doctor_id) VALUES (617,'2019-11-25',130,267);
INSERT INTO meds_for_surgery (surgery_id,med) VALUES (617,'Rituximab');
INSERT INTO surgery (id,date,patient_id,doctor_id) VALUES (618,'2019-12-07',255,57);
INSERT INTO meds_for_surgery (surgery_id,med) VALUES (618,'Metronidazole');
INSERT INTO surgery (id,date,patient_id,doctor_id) VALUES (619,'2019-11-27',349,271);
INSERT INTO meds_for_surgery (surgery_id,med) VALUES (619,'PEGaspargase');
INSERT INTO surgery (id,date,patient_id,doctor_id) VALUES (620,'2019-12-14',170,182);
INSERT INTO meds_for_surgery (surgery_id,med) VALUES (620,'Stavudine');
INSERT INTO surgery (id,date,patient_id,doctor_id) VALUES (621,'2019-12-02',448,353);
INSERT INTO meds_for_surgery (surgery_id,med) VALUES (621,'Tretinoin');
INSERT INTO surgery (id,date,patient_id,doctor_id) VALUES (622,'2019-12-09',374,17);
INSERT INTO meds_for_surgery (surgery_id,med) VALUES (622,'Meperidine');
INSERT INTO surgery (id,date,patient_id,doctor_id) VALUES (623,'2019-11-23',424,172);
INSERT INTO meds_for_surgery (surgery_id,med) VALUES (623,'Alemtuzumab');
INSERT INTO surgery (id,date,patient_id,doctor_id) VALUES (624,'2019-12-18',122,403);
INSERT INTO meds_for_surgery (surgery_id,med) VALUES (624,'Saquinavir');
INSERT INTO surgery (id,date,patient_id,doctor_id) VALUES (625,'2019-12-18',132,57);
INSERT INTO meds_for_surgery (surgery_id,med) VALUES (625,'Hydrocodone');
INSERT INTO surgery (id,date,patient_id,doctor_id) VALUES (626,'2019-12-03',232,468);
INSERT INTO meds_for_surgery (surgery_id,med) VALUES (626,'Ganciclovir');
INSERT INTO surgery (id,date,patient_id,doctor_id) VALUES (627,'2019-12-19',130,367);
INSERT INTO meds_for_surgery (surgery_id,med) VALUES (627,'Topotecan');
INSERT INTO surgery (id,date,patient_id,doctor_id) VALUES (628,'2019-11-30',294,137);
INSERT INTO meds_for_surgery (surgery_id,med) VALUES (628,'Meperidine');
INSERT INTO surgery (id,date,patient_id,doctor_id) VALUES (629,'2019-11-23',37,182);
INSERT INTO meds_for_surgery (surgery_id,med) VALUES (629,'Clarithromycin');
INSERT INTO surgery (id,date,patient_id,doctor_id) VALUES (630,'2019-12-23',460,441);
INSERT INTO meds_for_surgery (surgery_id,med) VALUES (630,'Maraviroc');
INSERT INTO surgery (id,date,patient_id,doctor_id) VALUES (631,'2019-12-04',336,369);
INSERT INTO meds_for_surgery (surgery_id,med) VALUES (631,'Lopinavir');
INSERT INTO surgery (id,date,patient_id,doctor_id) VALUES (632,'2019-12-27',49,492);
INSERT INTO meds_for_surgery (surgery_id,med) VALUES (632,'Tobramycin');
INSERT INTO surgery (id,date,patient_id,doctor_id) VALUES (633,'2019-12-12',356,449);
INSERT INTO meds_for_surgery (surgery_id,med) VALUES (633,'Metronidazole');
INSERT INTO surgery (id,date,patient_id,doctor_id) VALUES (634,'2019-12-06',346,246);
INSERT INTO meds_for_surgery (surgery_id,med) VALUES (634,'Alemtuzumab');
INSERT INTO surgery (id,date,patient_id,doctor_id) VALUES (635,'2019-12-14',251,101);
INSERT INTO meds_for_surgery (surgery_id,med) VALUES (635,'Lomustine');
INSERT INTO surgery (id,date,patient_id,doctor_id) VALUES (636,'2019-12-07',286,352);
INSERT INTO meds_for_surgery (surgery_id,med) VALUES (636,'Elvitegravir');
INSERT INTO surgery (id,date,patient_id,doctor_id) VALUES (637,'2019-12-14',126,146);
INSERT INTO meds_for_surgery (surgery_id,med) VALUES (637,'Atovaquone');
INSERT INTO surgery (id,date,patient_id,doctor_id) VALUES (638,'2019-12-06',130,465);
INSERT INTO meds_for_surgery (surgery_id,med) VALUES (638,'Hydralazine');
INSERT INTO surgery (id,date,patient_id,doctor_id) VALUES (639,'2019-11-24',140,189);
INSERT INTO meds_for_surgery (surgery_id,med) VALUES (639,'Elvitegravir');
INSERT INTO surgery (id,date,patient_id,doctor_id) VALUES (640,'2019-11-29',184,17);
INSERT INTO meds_for_surgery (surgery_id,med) VALUES (640,'Rituximab');
INSERT INTO surgery (id,date,patient_id,doctor_id) VALUES (641,'2019-11-29',39,101);
INSERT INTO meds_for_surgery (surgery_id,med) VALUES (641,'Warfarin');
INSERT INTO surgery (id,date,patient_id,doctor_id) VALUES (642,'2019-12-01',448,409);
INSERT INTO meds_for_surgery (surgery_id,med) VALUES (642,'Propoxyphene');
INSERT INTO surgery (id,date,patient_id,doctor_id) VALUES (643,'2019-12-27',235,192);
INSERT INTO meds_for_surgery (surgery_id,med) VALUES (643,'Cladribine');
INSERT INTO surgery (id,date,patient_id,doctor_id) VALUES (644,'2019-12-21',39,315);
INSERT INTO meds_for_surgery (surgery_id,med) VALUES (644,'Dronabinol');
INSERT INTO surgery (id,date,patient_id,doctor_id) VALUES (645,'2019-12-04',294,412);
INSERT INTO meds_for_surgery (surgery_id,med) VALUES (645,'Propoxyphene');
INSERT INTO surgery (id,date,patient_id,doctor_id) VALUES (646,'2019-12-03',400,284);
INSERT INTO meds_for_surgery (surgery_id,med) VALUES (646,'Levothyroxine');
INSERT INTO surgery (id,date,patient_id,doctor_id) VALUES (647,'2019-12-10',19,86);
INSERT INTO meds_for_surgery (surgery_id,med) VALUES (647,'Lorazepam');
INSERT INTO surgery (id,date,patient_id,doctor_id) VALUES (648,'2019-12-12',90,146);
INSERT INTO meds_for_surgery (surgery_id,med) VALUES (648,'Deferasirox');
INSERT INTO surgery (id,date,patient_id,doctor_id) VALUES (649,'2019-11-26',430,182);
INSERT INTO meds_for_surgery (surgery_id,med) VALUES (649,'Vorinostat');
INSERT INTO surgery (id,date,patient_id,doctor_id) VALUES (650,'2019-12-22',223,285);
INSERT INTO meds_for_surgery (surgery_id,med) VALUES (650,'Imipenem');
INSERT INTO surgery (id,date,patient_id,doctor_id) VALUES (651,'2019-12-14',256,185);
INSERT INTO meds_for_surgery (surgery_id,med) VALUES (651,'Posaconazole');
INSERT INTO surgery (id,date,patient_id,doctor_id) VALUES (652,'2019-12-14',112,56);
INSERT INTO meds_for_surgery (surgery_id,med) VALUES (652,'Baclofen');
INSERT INTO surgery (id,date,patient_id,doctor_id) VALUES (653,'2019-12-27',411,143);
INSERT INTO meds_for_surgery (surgery_id,med) VALUES (653,'Aprepitant');
INSERT INTO surgery (id,date,patient_id,doctor_id) VALUES (654,'2019-12-27',269,441);
INSERT INTO meds_for_surgery (surgery_id,med) VALUES (654,'Teniposide');
INSERT INTO surgery (id,date,patient_id,doctor_id) VALUES (655,'2019-11-29',269,92);
INSERT INTO meds_for_surgery (surgery_id,med) VALUES (655,'Etonogestrel');
INSERT INTO surgery (id,date,patient_id,doctor_id) VALUES (656,'2019-12-23',427,465);
INSERT INTO meds_for_surgery (surgery_id,med) VALUES (656,'Dobutamine');
INSERT INTO surgery (id,date,patient_id,doctor_id) VALUES (657,'2019-12-26',436,226);
INSERT INTO meds_for_surgery (surgery_id,med) VALUES (657,'Amifostine');
INSERT INTO surgery (id,date,patient_id,doctor_id) VALUES (658,'2019-11-24',210,359);
INSERT INTO meds_for_surgery (surgery_id,med) VALUES (658,'Ketoconazole');
INSERT INTO surgery (id,date,patient_id,doctor_id) VALUES (659,'2019-12-20',49,449);
INSERT INTO meds_for_surgery (surgery_id,med) VALUES (659,'Neuromuscular');
INSERT INTO surgery (id,date,patient_id,doctor_id) VALUES (660,'2019-12-07',250,102);
INSERT INTO meds_for_surgery (surgery_id,med) VALUES (660,'Maraviroc');
INSERT INTO surgery (id,date,patient_id,doctor_id) VALUES (661,'2019-12-04',210,493);
INSERT INTO meds_for_surgery (surgery_id,med) VALUES (661,'Efavirenz');
INSERT INTO surgery (id,date,patient_id,doctor_id) VALUES (662,'2019-11-29',171,284);
INSERT INTO meds_for_surgery (surgery_id,med) VALUES (662,'G-CSF');
INSERT INTO surgery (id,date,patient_id,doctor_id) VALUES (663,'2019-12-04',120,192);
INSERT INTO meds_for_surgery (surgery_id,med) VALUES (663,'Fludarabine');
INSERT INTO surgery (id,date,patient_id,doctor_id) VALUES (664,'2019-12-07',112,315);
INSERT INTO meds_for_surgery (surgery_id,med) VALUES (664,'Zidovudine');
INSERT INTO surgery (id,date,patient_id,doctor_id) VALUES (665,'2019-11-27',199,332);
INSERT INTO meds_for_surgery (surgery_id,med) VALUES (665,'Amitriptyline');
INSERT INTO surgery (id,date,patient_id,doctor_id) VALUES (666,'2019-12-22',231,137);
INSERT INTO meds_for_surgery (surgery_id,med) VALUES (666,'Tobramycin');
INSERT INTO surgery (id,date,patient_id,doctor_id) VALUES (667,'2019-12-21',60,498);
INSERT INTO meds_for_surgery (surgery_id,med) VALUES (667,'Sunitinib');
INSERT INTO surgery (id,date,patient_id,doctor_id) VALUES (668,'2019-12-21',445,332);
INSERT INTO meds_for_surgery (surgery_id,med) VALUES (668,'Emicizumab');
INSERT INTO surgery (id,date,patient_id,doctor_id) VALUES (669,'2019-12-24',411,58);
INSERT INTO meds_for_surgery (surgery_id,med) VALUES (669,'Lamivudine');
INSERT INTO surgery (id,date,patient_id,doctor_id) VALUES (670,'2019-12-08',171,313);
INSERT INTO meds_for_surgery (surgery_id,med) VALUES (670,'Cefixime');
INSERT INTO surgery (id,date,patient_id,doctor_id) VALUES (671,'2019-12-08',64,267);
INSERT INTO meds_for_surgery (surgery_id,med) VALUES (671,'Lopinavir');
INSERT INTO surgery (id,date,patient_id,doctor_id) VALUES (672,'2019-12-04',132,285);
INSERT INTO meds_for_surgery (surgery_id,med) VALUES (672,'Cefepime');
INSERT INTO surgery (id,date,patient_id,doctor_id) VALUES (673,'2019-11-30',286,97);
INSERT INTO meds_for_surgery (surgery_id,med) VALUES (673,'Immune');
INSERT INTO surgery (id,date,patient_id,doctor_id) VALUES (674,'2019-11-25',135,332);
INSERT INTO meds_for_surgery (surgery_id,med) VALUES (674,'Clindamycin');
INSERT INTO surgery (id,date,patient_id,doctor_id) VALUES (675,'2019-12-11',235,359);
INSERT INTO meds_for_surgery (surgery_id,med) VALUES (675,'Busulfan');
INSERT INTO surgery (id,date,patient_id,doctor_id) VALUES (676,'2019-12-19',447,449);
INSERT INTO meds_for_surgery (surgery_id,med) VALUES (676,'Carbamazepine');
INSERT INTO surgery (id,date,patient_id,doctor_id) VALUES (677,'2019-12-06',445,146);
INSERT INTO meds_for_surgery (surgery_id,med) VALUES (677,'Cyclobenzaprine');
INSERT INTO surgery (id,date,patient_id,doctor_id) VALUES (678,'2019-12-09',21,300);
INSERT INTO meds_for_surgery (surgery_id,med) VALUES (678,'Bosentan');
INSERT INTO surgery (id,date,patient_id,doctor_id) VALUES (679,'2019-11-23',126,319);
INSERT INTO meds_for_surgery (surgery_id,med) VALUES (679,'Vorinostat');
INSERT INTO surgery (id,date,patient_id,doctor_id) VALUES (680,'2019-12-21',356,320);
INSERT INTO meds_for_surgery (surgery_id,med) VALUES (680,'Vinblastine');
INSERT INTO surgery (id,date,patient_id,doctor_id) VALUES (681,'2019-12-17',375,226);
INSERT INTO meds_for_surgery (surgery_id,med) VALUES (681,'Ketoconazole');
INSERT INTO surgery (id,date,patient_id,doctor_id) VALUES (682,'2019-12-06',354,285);
INSERT INTO meds_for_surgery (surgery_id,med) VALUES (682,'Rituximab');
INSERT INTO surgery (id,date,patient_id,doctor_id) VALUES (683,'2019-11-28',477,86);
INSERT INTO meds_for_surgery (surgery_id,med) VALUES (683,'Meperidine');
INSERT INTO surgery (id,date,patient_id,doctor_id) VALUES (684,'2019-11-25',287,322);
INSERT INTO meds_for_surgery (surgery_id,med) VALUES (684,'Mesna');
INSERT INTO surgery (id,date,patient_id,doctor_id) VALUES (685,'2019-12-11',155,211);
INSERT INTO meds_for_surgery (surgery_id,med) VALUES (685,'Lomustine');
INSERT INTO surgery (id,date,patient_id,doctor_id) VALUES (686,'2019-12-27',374,319);
INSERT INTO meds_for_surgery (surgery_id,med) VALUES (686,'Pentamidine');
INSERT INTO surgery (id,date,patient_id,doctor_id) VALUES (687,'2019-11-25',121,315);
INSERT INTO meds_for_surgery (surgery_id,med) VALUES (687,'Hydroxyurea');
INSERT INTO surgery (id,date,patient_id,doctor_id) VALUES (688,'2019-11-23',327,246);
INSERT INTO meds_for_surgery (surgery_id,med) VALUES (688,'Doxorubicin');
INSERT INTO surgery (id,date,patient_id,doctor_id) VALUES (689,'2019-11-23',155,271);
INSERT INTO meds_for_surgery (surgery_id,med) VALUES (689,'Maraviroc');
INSERT INTO surgery (id,date,patient_id,doctor_id) VALUES (690,'2019-12-05',199,108);
INSERT INTO meds_for_surgery (surgery_id,med) VALUES (690,'Ganciclovir');
INSERT INTO surgery (id,date,patient_id,doctor_id) VALUES (691,'2019-12-17',89,185);
INSERT INTO meds_for_surgery (surgery_id,med) VALUES (691,'Lomustine');
INSERT INTO surgery (id,date,patient_id,doctor_id) VALUES (692,'2019-12-26',130,102);
INSERT INTO meds_for_surgery (surgery_id,med) VALUES (692,'Cyproheptadine');
INSERT INTO surgery (id,date,patient_id,doctor_id) VALUES (693,'2019-12-01',259,268);
INSERT INTO meds_for_surgery (surgery_id,med) VALUES (693,'Phosphorus');
INSERT INTO surgery (id,date,patient_id,doctor_id) VALUES (694,'2019-12-12',141,137);
INSERT INTO meds_for_surgery (surgery_id,med) VALUES (694,'Nevirapine');
INSERT INTO surgery (id,date,patient_id,doctor_id) VALUES (695,'2019-12-04',69,107);
INSERT INTO meds_for_surgery (surgery_id,med) VALUES (695,'Calcium');
INSERT INTO surgery (id,date,patient_id,doctor_id) VALUES (696,'2019-12-06',170,267);
INSERT INTO meds_for_surgery (surgery_id,med) VALUES (696,'G-CSF');
INSERT INTO surgery (id,date,patient_id,doctor_id) VALUES (697,'2019-12-15',113,97);
INSERT INTO meds_for_surgery (surgery_id,med) VALUES (697,'Cefixime');
INSERT INTO surgery (id,date,patient_id,doctor_id) VALUES (698,'2019-12-02',400,17);
INSERT INTO meds_for_surgery (surgery_id,med) VALUES (698,'Propoxyphene');
INSERT INTO surgery (id,date,patient_id,doctor_id) VALUES (699,'2019-12-04',301,136);
INSERT INTO meds_for_surgery (surgery_id,med) VALUES (699,'Fludarabine');
INSERT INTO surgery (id,date,patient_id,doctor_id) VALUES (700,'2019-12-03',269,29);
INSERT INTO meds_for_surgery (surgery_id,med) VALUES (700,'Leucovorin');
INSERT INTO surgery (id,date,patient_id,doctor_id) VALUES (701,'2019-12-24',170,17);
INSERT INTO meds_for_surgery (surgery_id,med) VALUES (701,'Amitriptyline');
INSERT INTO surgery (id,date,patient_id,doctor_id) VALUES (702,'2019-12-15',235,300);
INSERT INTO meds_for_surgery (surgery_id,med) VALUES (702,'Cisplatin');
INSERT INTO surgery (id,date,patient_id,doctor_id) VALUES (703,'2019-12-06',120,313);
INSERT INTO meds_for_surgery (surgery_id,med) VALUES (703,'Hydroxyurea');
INSERT INTO surgery (id,date,patient_id,doctor_id) VALUES (704,'2019-12-22',161,271);
INSERT INTO meds_for_surgery (surgery_id,med) VALUES (704,'Eltrombopag');
INSERT INTO surgery (id,date,patient_id,doctor_id) VALUES (705,'2019-11-23',122,396);
INSERT INTO meds_for_surgery (surgery_id,med) VALUES (705,'Meperidine');
INSERT INTO surgery (id,date,patient_id,doctor_id) VALUES (706,'2019-12-01',89,4);
INSERT INTO meds_for_surgery (surgery_id,med) VALUES (706,'Acyclovir');
INSERT INTO surgery (id,date,patient_id,doctor_id) VALUES (707,'2019-12-05',37,102);
INSERT INTO meds_for_surgery (surgery_id,med) VALUES (707,'Paclitaxel');
INSERT INTO surgery (id,date,patient_id,doctor_id) VALUES (708,'2019-12-15',64,87);
INSERT INTO meds_for_surgery (surgery_id,med) VALUES (708,'Paclitaxel');
INSERT INTO surgery (id,date,patient_id,doctor_id) VALUES (709,'2019-11-24',482,367);
INSERT INTO meds_for_surgery (surgery_id,med) VALUES (709,'Metronidazole');
INSERT INTO surgery (id,date,patient_id,doctor_id) VALUES (710,'2019-12-03',184,322);
INSERT INTO meds_for_surgery (surgery_id,med) VALUES (710,'Carmustine');
INSERT INTO surgery (id,date,patient_id,doctor_id) VALUES (711,'2019-12-11',356,107);
INSERT INTO meds_for_surgery (surgery_id,med) VALUES (711,'Desmopressin');
INSERT INTO surgery (id,date,patient_id,doctor_id) VALUES (712,'2019-12-20',302,146);
INSERT INTO meds_for_surgery (surgery_id,med) VALUES (712,'Ranitidine');
INSERT INTO surgery (id,date,patient_id,doctor_id) VALUES (713,'2019-12-18',112,272);
INSERT INTO meds_for_surgery (surgery_id,med) VALUES (713,'Paclitaxel');
INSERT INTO surgery (id,date,patient_id,doctor_id) VALUES (714,'2019-12-11',301,491);
INSERT INTO meds_for_surgery (surgery_id,med) VALUES (714,'Bosentan');
INSERT INTO surgery (id,date,patient_id,doctor_id) VALUES (715,'2019-12-12',302,403);
INSERT INTO meds_for_surgery (surgery_id,med) VALUES (715,'Temozolomide');
INSERT INTO surgery (id,date,patient_id,doctor_id) VALUES (716,'2019-12-15',424,352);
INSERT INTO meds_for_surgery (surgery_id,med) VALUES (716,'Temozolomide');
INSERT INTO surgery (id,date,patient_id,doctor_id) VALUES (717,'2019-12-23',430,102);
INSERT INTO meds_for_surgery (surgery_id,med) VALUES (717,'Cyclophosphamide');
INSERT INTO surgery (id,date,patient_id,doctor_id) VALUES (718,'2019-11-28',39,182);
INSERT INTO meds_for_surgery (surgery_id,med) VALUES (718,'Fluorouracil');
INSERT INTO surgery (id,date,patient_id,doctor_id) VALUES (719,'2019-12-24',269,313);
INSERT INTO meds_for_surgery (surgery_id,med) VALUES (719,'Penicillin');
INSERT INTO surgery (id,date,patient_id,doctor_id) VALUES (720,'2019-12-15',37,300);
INSERT INTO meds_for_surgery (surgery_id,med) VALUES (720,'Clofarabine');
INSERT INTO surgery (id,date,patient_id,doctor_id) VALUES (721,'2019-12-23',301,107);
INSERT INTO meds_for_surgery (surgery_id,med) VALUES (721,'Metronidazole');
INSERT INTO surgery (id,date,patient_id,doctor_id) VALUES (722,'2019-12-03',354,125);
INSERT INTO meds_for_surgery (surgery_id,med) VALUES (722,'Zidovudine');
INSERT INTO surgery (id,date,patient_id,doctor_id) VALUES (723,'2019-12-27',116,449);
INSERT INTO meds_for_surgery (surgery_id,med) VALUES (723,'Carbamazepine');
INSERT INTO surgery (id,date,patient_id,doctor_id) VALUES (724,'2019-12-06',282,246);
INSERT INTO meds_for_surgery (surgery_id,med) VALUES (724,'Phenobarbital');
INSERT INTO surgery (id,date,patient_id,doctor_id) VALUES (725,'2019-12-04',424,267);
INSERT INTO meds_for_surgery (surgery_id,med) VALUES (725,'Prednisone');
INSERT INTO surgery (id,date,patient_id,doctor_id) VALUES (726,'2019-12-25',460,391);
INSERT INTO meds_for_surgery (surgery_id,med) VALUES (726,'Gemcitabine');
INSERT INTO surgery (id,date,patient_id,doctor_id) VALUES (727,'2019-12-09',388,107);
INSERT INTO meds_for_surgery (surgery_id,med) VALUES (727,'Dronabinol');
INSERT INTO surgery (id,date,patient_id,doctor_id) VALUES (728,'2019-12-24',440,146);
INSERT INTO meds_for_surgery (surgery_id,med) VALUES (728,'Abacavir');
INSERT INTO surgery (id,date,patient_id,doctor_id) VALUES (729,'2019-12-19',126,491);
INSERT INTO meds_for_surgery (surgery_id,med) VALUES (729,'Metronidazole');
INSERT INTO surgery (id,date,patient_id,doctor_id) VALUES (730,'2019-12-01',479,29);
INSERT INTO meds_for_surgery (surgery_id,med) VALUES (730,'Allopurinol');
INSERT INTO surgery (id,date,patient_id,doctor_id) VALUES (731,'2019-12-12',269,4);
INSERT INTO meds_for_surgery (surgery_id,med) VALUES (731,'Cidofovir');
INSERT INTO surgery (id,date,patient_id,doctor_id) VALUES (732,'2019-12-23',109,97);
INSERT INTO meds_for_surgery (surgery_id,med) VALUES (732,'Prednisone');
INSERT INTO surgery (id,date,patient_id,doctor_id) VALUES (733,'2019-12-22',184,246);
INSERT INTO meds_for_surgery (surgery_id,med) VALUES (733,'Heparin');
INSERT INTO surgery (id,date,patient_id,doctor_id) VALUES (734,'2019-11-23',194,353);
INSERT INTO meds_for_surgery (surgery_id,med) VALUES (734,'Cyproheptadine');
INSERT INTO surgery (id,date,patient_id,doctor_id) VALUES (735,'2019-12-08',104,101);
INSERT INTO meds_for_surgery (surgery_id,med) VALUES (735,'Cefaclor');
INSERT INTO surgery (id,date,patient_id,doctor_id) VALUES (736,'2019-12-24',124,332);
INSERT INTO meds_for_surgery (surgery_id,med) VALUES (736,'Posaconazole');
INSERT INTO surgery (id,date,patient_id,doctor_id) VALUES (737,'2019-12-01',210,313);
INSERT INTO meds_for_surgery (surgery_id,med) VALUES (737,'Clofarabine');
INSERT INTO surgery (id,date,patient_id,doctor_id) VALUES (738,'2019-12-06',427,146);
INSERT INTO meds_for_surgery (surgery_id,med) VALUES (738,'Heparin');
INSERT INTO surgery (id,date,patient_id,doctor_id) VALUES (739,'2019-12-08',430,284);
INSERT INTO meds_for_surgery (surgery_id,med) VALUES (739,'Foscarnet');
INSERT INTO surgery (id,date,patient_id,doctor_id) VALUES (740,'2019-11-30',286,97);
INSERT INTO meds_for_surgery (surgery_id,med) VALUES (740,'Cefepime');
INSERT INTO surgery (id,date,patient_id,doctor_id) VALUES (741,'2019-11-27',330,491);
INSERT INTO meds_for_surgery (surgery_id,med) VALUES (741,'Hydromorphone');
INSERT INTO surgery (id,date,patient_id,doctor_id) VALUES (742,'2019-12-25',184,333);
INSERT INTO meds_for_surgery (surgery_id,med) VALUES (742,'Alemtuzumab');
INSERT INTO surgery (id,date,patient_id,doctor_id) VALUES (743,'2019-12-12',34,313);
INSERT INTO meds_for_surgery (surgery_id,med) VALUES (743,'Oxycodone');
INSERT INTO surgery (id,date,patient_id,doctor_id) VALUES (744,'2019-12-11',393,465);
INSERT INTO meds_for_surgery (surgery_id,med) VALUES (744,'Posaconazole');
INSERT INTO surgery (id,date,patient_id,doctor_id) VALUES (745,'2019-12-27',171,86);
INSERT INTO meds_for_surgery (surgery_id,med) VALUES (745,'Hydrocodone');
INSERT INTO surgery (id,date,patient_id,doctor_id) VALUES (746,'2019-12-27',37,137);
INSERT INTO meds_for_surgery (surgery_id,med) VALUES (746,'Hydrocortisone');
INSERT INTO surgery (id,date,patient_id,doctor_id) VALUES (747,'2019-12-24',316,143);
INSERT INTO meds_for_surgery (surgery_id,med) VALUES (747,'Interleukin');
INSERT INTO surgery (id,date,patient_id,doctor_id) VALUES (748,'2019-12-21',132,56);
INSERT INTO meds_for_surgery (surgery_id,med) VALUES (748,'Rilpivirine');
INSERT INTO surgery (id,date,patient_id,doctor_id) VALUES (749,'2019-12-24',280,56);
INSERT INTO meds_for_surgery (surgery_id,med) VALUES (749,'Vinblastine');
INSERT INTO surgery (id,date,patient_id,doctor_id) VALUES (750,'2019-12-19',435,468);
INSERT INTO meds_for_surgery (surgery_id,med) VALUES (750,'Granisetron');
INSERT INTO surgery (id,date,patient_id,doctor_id) VALUES (751,'2019-12-19',194,359);
INSERT INTO meds_for_surgery (surgery_id,med) VALUES (751,'Pemetrexed');
INSERT INTO surgery (id,date,patient_id,doctor_id) VALUES (752,'2019-12-12',460,439);
INSERT INTO meds_for_surgery (surgery_id,med) VALUES (752,'Bortezomib');
INSERT INTO surgery (id,date,patient_id,doctor_id) VALUES (753,'2019-12-23',431,117);
INSERT INTO meds_for_surgery (surgery_id,med) VALUES (753,'Itraconazole');
INSERT INTO surgery (id,date,patient_id,doctor_id) VALUES (754,'2019-12-13',406,313);
INSERT INTO meds_for_surgery (surgery_id,med) VALUES (754,'Interleukin');
INSERT INTO surgery (id,date,patient_id,doctor_id) VALUES (755,'2019-11-26',255,322);
INSERT INTO meds_for_surgery (surgery_id,med) VALUES (755,'Vincristine');
INSERT INTO surgery (id,date,patient_id,doctor_id) VALUES (756,'2019-12-25',122,107);
INSERT INTO meds_for_surgery (surgery_id,med) VALUES (756,'Micafungin');
INSERT INTO surgery (id,date,patient_id,doctor_id) VALUES (757,'2019-12-06',327,102);
INSERT INTO meds_for_surgery (surgery_id,med) VALUES (757,'Propoxyphene');
INSERT INTO surgery (id,date,patient_id,doctor_id) VALUES (758,'2019-12-04',132,146);
INSERT INTO meds_for_surgery (surgery_id,med) VALUES (758,'Desmopressin');
INSERT INTO surgery (id,date,patient_id,doctor_id) VALUES (759,'2019-12-27',330,272);
INSERT INTO meds_for_surgery (surgery_id,med) VALUES (759,'Foscarnet');
INSERT INTO surgery (id,date,patient_id,doctor_id) VALUES (760,'2019-11-30',186,403);
INSERT INTO meds_for_surgery (surgery_id,med) VALUES (760,'Etravirine');
INSERT INTO surgery (id,date,patient_id,doctor_id) VALUES (761,'2019-12-16',120,391);
INSERT INTO meds_for_surgery (surgery_id,med) VALUES (761,'Calcium');
INSERT INTO surgery (id,date,patient_id,doctor_id) VALUES (762,'2019-11-29',269,434);
INSERT INTO meds_for_surgery (surgery_id,med) VALUES (762,'Phenobarbital');
INSERT INTO surgery (id,date,patient_id,doctor_id) VALUES (763,'2019-11-30',179,434);
INSERT INTO meds_for_surgery (surgery_id,med) VALUES (763,'Imipenem');
INSERT INTO surgery (id,date,patient_id,doctor_id) VALUES (764,'2019-12-14',301,102);
INSERT INTO meds_for_surgery (surgery_id,med) VALUES (764,'Pegfilgrastim');
INSERT INTO surgery (id,date,patient_id,doctor_id) VALUES (765,'2019-12-09',231,182);
INSERT INTO meds_for_surgery (surgery_id,med) VALUES (765,'Levothyroxine');
INSERT INTO surgery (id,date,patient_id,doctor_id) VALUES (766,'2019-12-24',90,409);
INSERT INTO meds_for_surgery (surgery_id,med) VALUES (766,'Deferasirox');
INSERT INTO surgery (id,date,patient_id,doctor_id) VALUES (767,'2019-12-16',219,386);
INSERT INTO meds_for_surgery (surgery_id,med) VALUES (767,'PEGaspargase');
INSERT INTO surgery (id,date,patient_id,doctor_id) VALUES (768,'2019-11-27',227,313);
INSERT INTO meds_for_surgery (surgery_id,med) VALUES (768,'Nelfinavir');
INSERT INTO surgery (id,date,patient_id,doctor_id) VALUES (769,'2019-11-28',393,353);
INSERT INTO meds_for_surgery (surgery_id,med) VALUES (769,'Cyproheptadine');
INSERT INTO surgery (id,date,patient_id,doctor_id) VALUES (770,'2019-12-05',259,315);
INSERT INTO meds_for_surgery (surgery_id,med) VALUES (770,'Gabapentin');
INSERT INTO surgery (id,date,patient_id,doctor_id) VALUES (771,'2019-12-06',90,451);
INSERT INTO meds_for_surgery (surgery_id,med) VALUES (771,'Tacrolimus');
INSERT INTO surgery (id,date,patient_id,doctor_id) VALUES (772,'2019-12-09',141,386);
INSERT INTO meds_for_surgery (surgery_id,med) VALUES (772,'Nelfinavir');
INSERT INTO surgery (id,date,patient_id,doctor_id) VALUES (773,'2019-12-02',301,58);
INSERT INTO meds_for_surgery (surgery_id,med) VALUES (773,'Omeprazole');
INSERT INTO surgery (id,date,patient_id,doctor_id) VALUES (774,'2019-11-25',60,492);
INSERT INTO meds_for_surgery (surgery_id,med) VALUES (774,'Pemetrexed');
INSERT INTO surgery (id,date,patient_id,doctor_id) VALUES (775,'2019-12-12',155,386);
INSERT INTO meds_for_surgery (surgery_id,med) VALUES (775,'Tobramycin');
INSERT INTO surgery (id,date,patient_id,doctor_id) VALUES (776,'2019-12-07',135,473);
INSERT INTO meds_for_surgery (surgery_id,med) VALUES (776,'Tretinoin');
INSERT INTO surgery (id,date,patient_id,doctor_id) VALUES (777,'2019-12-26',500,192);
INSERT INTO meds_for_surgery (surgery_id,med) VALUES (777,'Imatinib');
INSERT INTO surgery (id,date,patient_id,doctor_id) VALUES (778,'2019-12-22',287,172);
INSERT INTO meds_for_surgery (surgery_id,med) VALUES (778,'Gabapentin');
INSERT INTO surgery (id,date,patient_id,doctor_id) VALUES (779,'2019-12-18',287,246);
INSERT INTO meds_for_surgery (surgery_id,med) VALUES (779,'Oxycodone');
INSERT INTO surgery (id,date,patient_id,doctor_id) VALUES (780,'2019-12-08',141,465);
INSERT INTO meds_for_surgery (surgery_id,med) VALUES (780,'Cefixime');
INSERT INTO surgery (id,date,patient_id,doctor_id) VALUES (781,'2019-12-14',282,146);
INSERT INTO meds_for_surgery (surgery_id,med) VALUES (781,'Methotrexate');
INSERT INTO surgery (id,date,patient_id,doctor_id) VALUES (782,'2019-11-30',150,369);
INSERT INTO meds_for_surgery (surgery_id,med) VALUES (782,'Atovaquone');
INSERT INTO surgery (id,date,patient_id,doctor_id) VALUES (783,'2019-12-20',388,108);
INSERT INTO meds_for_surgery (surgery_id,med) VALUES (783,'Cyclobenzaprine');
INSERT INTO surgery (id,date,patient_id,doctor_id) VALUES (784,'2019-12-09',64,92);
INSERT INTO meds_for_surgery (surgery_id,med) VALUES (784,'Bosentan');
INSERT INTO surgery (id,date,patient_id,doctor_id) VALUES (785,'2019-12-06',109,333);
INSERT INTO meds_for_surgery (surgery_id,med) VALUES (785,'Alemtuzumab');
INSERT INTO surgery (id,date,patient_id,doctor_id) VALUES (786,'2019-12-26',113,246);
INSERT INTO meds_for_surgery (surgery_id,med) VALUES (786,'G-CSF');
INSERT INTO surgery (id,date,patient_id,doctor_id) VALUES (787,'2019-11-29',354,359);
INSERT INTO meds_for_surgery (surgery_id,med) VALUES (787,'Emtricitabine');
INSERT INTO surgery (id,date,patient_id,doctor_id) VALUES (788,'2019-12-20',219,108);
INSERT INTO meds_for_surgery (surgery_id,med) VALUES (788,'Celecoxib');
INSERT INTO surgery (id,date,patient_id,doctor_id) VALUES (789,'2019-12-02',49,384);
INSERT INTO meds_for_surgery (surgery_id,med) VALUES (789,'Cidofovir');
INSERT INTO surgery (id,date,patient_id,doctor_id) VALUES (790,'2019-12-26',52,384);
INSERT INTO meds_for_surgery (surgery_id,med) VALUES (790,'Levothyroxine');
INSERT INTO surgery (id,date,patient_id,doctor_id) VALUES (791,'2019-12-04',171,189);
INSERT INTO meds_for_surgery (surgery_id,med) VALUES (791,'Asparaginase');
INSERT INTO surgery (id,date,patient_id,doctor_id) VALUES (792,'2019-11-23',424,107);
INSERT INTO meds_for_surgery (surgery_id,med) VALUES (792,'Sucralfate');
INSERT INTO surgery (id,date,patient_id,doctor_id) VALUES (793,'2019-12-12',500,146);
INSERT INTO meds_for_surgery (surgery_id,med) VALUES (793,'Codeine');
INSERT INTO surgery (id,date,patient_id,doctor_id) VALUES (794,'2019-12-27',109,384);
INSERT INTO meds_for_surgery (surgery_id,med) VALUES (794,'Etoposide');
INSERT INTO surgery (id,date,patient_id,doctor_id) VALUES (795,'2019-12-14',37,473);
INSERT INTO meds_for_surgery (surgery_id,med) VALUES (795,'Gabapentin');
INSERT INTO surgery (id,date,patient_id,doctor_id) VALUES (796,'2019-12-22',444,267);
INSERT INTO meds_for_surgery (surgery_id,med) VALUES (796,'Raltegravir');
INSERT INTO surgery (id,date,patient_id,doctor_id) VALUES (797,'2019-12-02',381,412);
INSERT INTO meds_for_surgery (surgery_id,med) VALUES (797,'Thioguanine');
INSERT INTO surgery (id,date,patient_id,doctor_id) VALUES (798,'2019-12-02',141,313);
INSERT INTO meds_for_surgery (surgery_id,med) VALUES (798,'Acyclovir');
INSERT INTO surgery (id,date,patient_id,doctor_id) VALUES (799,'2019-12-09',186,56);
INSERT INTO meds_for_surgery (surgery_id,med) VALUES (799,'Sorafenib');
INSERT INTO surgery (id,date,patient_id,doctor_id) VALUES (800,'2019-12-24',346,313);
INSERT INTO meds_for_surgery (surgery_id,med) VALUES (800,'Mercaptopurine');
INSERT INTO surgery (id,date,patient_id,doctor_id) VALUES (801,'2019-11-26',426,355);
INSERT INTO meds_for_surgery (surgery_id,med) VALUES (801,'Methotrexate');
INSERT INTO surgery (id,date,patient_id,doctor_id) VALUES (802,'2019-12-23',406,359);
INSERT INTO meds_for_surgery (surgery_id,med) VALUES (802,'Itraconazole');
INSERT INTO surgery (id,date,patient_id,doctor_id) VALUES (803,'2019-12-02',175,465);
INSERT INTO meds_for_surgery (surgery_id,med) VALUES (803,'Lopinavir');
INSERT INTO surgery (id,date,patient_id,doctor_id) VALUES (804,'2019-12-07',336,355);
INSERT INTO meds_for_surgery (surgery_id,med) VALUES (804,'Rilpivirine');
INSERT INTO surgery (id,date,patient_id,doctor_id) VALUES (805,'2019-12-24',141,29);
INSERT INTO meds_for_surgery (surgery_id,med) VALUES (805,'Sorafenib');
INSERT INTO surgery (id,date,patient_id,doctor_id) VALUES (806,'2019-12-10',175,451);
INSERT INTO meds_for_surgery (surgery_id,med) VALUES (806,'Potassium');
INSERT INTO surgery (id,date,patient_id,doctor_id) VALUES (807,'2019-11-24',259,473);
INSERT INTO meds_for_surgery (surgery_id,med) VALUES (807,'Carbamazepine');
INSERT INTO surgery (id,date,patient_id,doctor_id) VALUES (808,'2019-12-24',381,391);
INSERT INTO meds_for_surgery (surgery_id,med) VALUES (808,'Raltegravir');
INSERT INTO surgery (id,date,patient_id,doctor_id) VALUES (809,'2019-12-06',170,403);
INSERT INTO meds_for_surgery (surgery_id,med) VALUES (809,'Busulfan');
INSERT INTO surgery (id,date,patient_id,doctor_id) VALUES (810,'2019-12-21',424,333);
INSERT INTO meds_for_surgery (surgery_id,med) VALUES (810,'Dactinomycin');
INSERT INTO surgery (id,date,patient_id,doctor_id) VALUES (811,'2019-12-12',328,333);
INSERT INTO meds_for_surgery (surgery_id,med) VALUES (811,'Clarithromycin');
INSERT INTO surgery (id,date,patient_id,doctor_id) VALUES (812,'2019-11-29',34,192);
INSERT INTO meds_for_surgery (surgery_id,med) VALUES (812,'Stavudine');
INSERT INTO surgery (id,date,patient_id,doctor_id) VALUES (813,'2019-12-07',356,87);
INSERT INTO meds_for_surgery (surgery_id,med) VALUES (813,'Calcium');
INSERT INTO surgery (id,date,patient_id,doctor_id) VALUES (814,'2019-11-26',227,491);
INSERT INTO meds_for_surgery (surgery_id,med) VALUES (814,'Dapsone');
INSERT INTO surgery (id,date,patient_id,doctor_id) VALUES (815,'2019-12-22',374,4);
INSERT INTO meds_for_surgery (surgery_id,med) VALUES (815,'Clofarabine');
INSERT INTO surgery (id,date,patient_id,doctor_id) VALUES (816,'2019-12-21',155,396);
INSERT INTO meds_for_surgery (surgery_id,med) VALUES (816,'Teniposide');
INSERT INTO surgery (id,date,patient_id,doctor_id) VALUES (817,'2019-12-23',184,226);
INSERT INTO meds_for_surgery (surgery_id,med) VALUES (817,'Metronidazole');
INSERT INTO surgery (id,date,patient_id,doctor_id) VALUES (818,'2019-12-26',346,412);
INSERT INTO meds_for_surgery (surgery_id,med) VALUES (818,'Atazanavir');
INSERT INTO surgery (id,date,patient_id,doctor_id) VALUES (819,'2019-12-08',130,102);
INSERT INTO meds_for_surgery (surgery_id,med) VALUES (819,'Saquinavir');
INSERT INTO surgery (id,date,patient_id,doctor_id) VALUES (820,'2019-11-30',227,409);
INSERT INTO meds_for_surgery (surgery_id,med) VALUES (820,'Doxorubicin');
INSERT INTO surgery (id,date,patient_id,doctor_id) VALUES (821,'2019-12-03',393,211);
INSERT INTO meds_for_surgery (surgery_id,med) VALUES (821,'Dornase alfa');
INSERT INTO surgery (id,date,patient_id,doctor_id) VALUES (822,'2019-12-04',330,493);
INSERT INTO meds_for_surgery (surgery_id,med) VALUES (822,'Dactinomycin');
INSERT INTO surgery (id,date,patient_id,doctor_id) VALUES (823,'2019-12-23',179,268);
INSERT INTO meds_for_surgery (surgery_id,med) VALUES (823,'Pentamidine');
INSERT INTO surgery (id,date,patient_id,doctor_id) VALUES (824,'2019-12-04',294,275);
INSERT INTO meds_for_surgery (surgery_id,med) VALUES (824,'Emtricitabine');
INSERT INTO surgery (id,date,patient_id,doctor_id) VALUES (825,'2019-12-10',375,275);
INSERT INTO meds_for_surgery (surgery_id,med) VALUES (825,'Trimethoprim');
INSERT INTO surgery (id,date,patient_id,doctor_id) VALUES (826,'2019-12-26',90,498);
INSERT INTO meds_for_surgery (surgery_id,med) VALUES (826,'Busulfan');
INSERT INTO surgery (id,date,patient_id,doctor_id) VALUES (827,'2019-12-04',255,315);
INSERT INTO meds_for_surgery (surgery_id,med) VALUES (827,'Dobutamine');
INSERT INTO surgery (id,date,patient_id,doctor_id) VALUES (828,'2019-12-23',232,438);
INSERT INTO meds_for_surgery (surgery_id,med) VALUES (828,'Celecoxib');
INSERT INTO surgery (id,date,patient_id,doctor_id) VALUES (829,'2019-12-21',170,101);
INSERT INTO meds_for_surgery (surgery_id,med) VALUES (829,'Hydroxyurea');
INSERT INTO surgery (id,date,patient_id,doctor_id) VALUES (830,'2019-12-13',419,272);
INSERT INTO meds_for_surgery (surgery_id,med) VALUES (830,'Dinutuximab');
INSERT INTO surgery (id,date,patient_id,doctor_id) VALUES (831,'2019-12-07',232,274);
INSERT INTO meds_for_surgery (surgery_id,med) VALUES (831,'Phosphorus');
INSERT INTO surgery (id,date,patient_id,doctor_id) VALUES (832,'2019-12-03',445,172);
INSERT INTO meds_for_surgery (surgery_id,med) VALUES (832,'Atazanavir');
INSERT INTO surgery (id,date,patient_id,doctor_id) VALUES (833,'2019-12-18',293,313);
INSERT INTO meds_for_surgery (surgery_id,med) VALUES (833,'Stavudine');
INSERT INTO surgery (id,date,patient_id,doctor_id) VALUES (834,'2019-12-08',375,136);
INSERT INTO meds_for_surgery (surgery_id,med) VALUES (834,'Amikacin');
INSERT INTO surgery (id,date,patient_id,doctor_id) VALUES (835,'2019-12-01',251,284);
INSERT INTO meds_for_surgery (surgery_id,med) VALUES (835,'Labetalol');
INSERT INTO surgery (id,date,patient_id,doctor_id) VALUES (836,'2019-12-08',232,117);
INSERT INTO meds_for_surgery (surgery_id,med) VALUES (836,'Amitriptyline');
INSERT INTO surgery (id,date,patient_id,doctor_id) VALUES (837,'2019-12-13',227,117);
INSERT INTO meds_for_surgery (surgery_id,med) VALUES (837,'Diclofenac');
INSERT INTO surgery (id,date,patient_id,doctor_id) VALUES (838,'2019-11-23',45,438);
INSERT INTO meds_for_surgery (surgery_id,med) VALUES (838,'Sorafenib');
INSERT INTO surgery (id,date,patient_id,doctor_id) VALUES (839,'2019-12-03',460,493);
INSERT INTO meds_for_surgery (surgery_id,med) VALUES (839,'Linezolid');
INSERT INTO surgery (id,date,patient_id,doctor_id) VALUES (840,'2019-12-01',229,313);
INSERT INTO meds_for_surgery (surgery_id,med) VALUES (840,'Emtricitabine');
INSERT INTO surgery (id,date,patient_id,doctor_id) VALUES (841,'2019-12-09',251,117);
INSERT INTO meds_for_surgery (surgery_id,med) VALUES (841,'Doxorubicin');
INSERT INTO surgery (id,date,patient_id,doctor_id) VALUES (842,'2019-12-23',161,300);
INSERT INTO meds_for_surgery (surgery_id,med) VALUES (842,'Imatinib');
INSERT INTO surgery (id,date,patient_id,doctor_id) VALUES (843,'2019-12-10',135,473);
INSERT INTO meds_for_surgery (surgery_id,med) VALUES (843,'Nelarabine');
INSERT INTO surgery (id,date,patient_id,doctor_id) VALUES (844,'2019-12-05',186,449);
INSERT INTO meds_for_surgery (surgery_id,med) VALUES (844,'Ketoconazole');
INSERT INTO surgery (id,date,patient_id,doctor_id) VALUES (845,'2019-12-23',45,275);
INSERT INTO meds_for_surgery (surgery_id,med) VALUES (845,'Ifosfamide');
INSERT INTO surgery (id,date,patient_id,doctor_id) VALUES (846,'2019-11-26',150,313);
INSERT INTO meds_for_surgery (surgery_id,med) VALUES (846,'Labetalol');
INSERT INTO surgery (id,date,patient_id,doctor_id) VALUES (847,'2019-12-14',155,189);
INSERT INTO meds_for_surgery (surgery_id,med) VALUES (847,'Probenecid');
INSERT INTO surgery (id,date,patient_id,doctor_id) VALUES (848,'2019-12-04',112,84);
INSERT INTO meds_for_surgery (surgery_id,med) VALUES (848,'Posaconazole');
INSERT INTO surgery (id,date,patient_id,doctor_id) VALUES (849,'2019-12-04',436,434);
INSERT INTO meds_for_surgery (surgery_id,med) VALUES (849,'Melphalan');
INSERT INTO surgery (id,date,patient_id,doctor_id) VALUES (850,'2019-12-21',227,182);
INSERT INTO meds_for_surgery (surgery_id,med) VALUES (850,'Mechlorethamine');
INSERT INTO surgery (id,date,patient_id,doctor_id) VALUES (851,'2019-12-03',120,355);
INSERT INTO meds_for_surgery (surgery_id,med) VALUES (851,'Fluorouracil');
INSERT INTO surgery (id,date,patient_id,doctor_id) VALUES (852,'2019-12-08',231,275);
INSERT INTO meds_for_surgery (surgery_id,med) VALUES (852,'Heparin');
INSERT INTO surgery (id,date,patient_id,doctor_id) VALUES (853,'2019-12-06',104,438);
INSERT INTO meds_for_surgery (surgery_id,med) VALUES (853,'Tretinoin');
INSERT INTO surgery (id,date,patient_id,doctor_id) VALUES (854,'2019-11-24',461,353);
INSERT INTO meds_for_surgery (surgery_id,med) VALUES (854,'Dapsone');
INSERT INTO surgery (id,date,patient_id,doctor_id) VALUES (855,'2019-12-14',230,29);
INSERT INTO meds_for_surgery (surgery_id,med) VALUES (855,'Metronidazole');
INSERT INTO surgery (id,date,patient_id,doctor_id) VALUES (856,'2019-12-23',286,315);
INSERT INTO meds_for_surgery (surgery_id,med) VALUES (856,'Dornase alfa');
INSERT INTO surgery (id,date,patient_id,doctor_id) VALUES (857,'2019-12-21',112,136);
INSERT INTO meds_for_surgery (surgery_id,med) VALUES (857,'Megestrol acetate');
INSERT INTO surgery (id,date,patient_id,doctor_id) VALUES (858,'2019-12-22',227,384);
INSERT INTO meds_for_surgery (surgery_id,med) VALUES (858,'Etoposide');
INSERT INTO surgery (id,date,patient_id,doctor_id) VALUES (859,'2019-12-06',346,189);
INSERT INTO meds_for_surgery (surgery_id,med) VALUES (859,'Methadone');
INSERT INTO surgery (id,date,patient_id,doctor_id) VALUES (860,'2019-12-04',374,55);
INSERT INTO meds_for_surgery (surgery_id,med) VALUES (860,'Hydralazine');
INSERT INTO surgery (id,date,patient_id,doctor_id) VALUES (861,'2019-12-26',227,101);
INSERT INTO meds_for_surgery (surgery_id,med) VALUES (861,'Abacavir');
INSERT INTO surgery (id,date,patient_id,doctor_id) VALUES (862,'2019-12-15',231,84);
INSERT INTO meds_for_surgery (surgery_id,med) VALUES (862,'Morphine');
INSERT INTO surgery (id,date,patient_id,doctor_id) VALUES (863,'2019-12-08',235,333);
INSERT INTO meds_for_surgery (surgery_id,med) VALUES (863,'Azithromycin');
INSERT INTO surgery (id,date,patient_id,doctor_id) VALUES (864,'2019-12-19',171,352);
INSERT INTO meds_for_surgery (surgery_id,med) VALUES (864,'Meloxicam');
INSERT INTO surgery (id,date,patient_id,doctor_id) VALUES (865,'2019-12-17',104,270);
INSERT INTO meds_for_surgery (surgery_id,med) VALUES (865,'Amlodipine');
INSERT INTO surgery (id,date,patient_id,doctor_id) VALUES (866,'2019-11-27',431,274);
INSERT INTO meds_for_surgery (surgery_id,med) VALUES (866,'Carmustine');
INSERT INTO surgery (id,date,patient_id,doctor_id) VALUES (867,'2019-12-07',184,101);
INSERT INTO meds_for_surgery (surgery_id,med) VALUES (867,'Stavudine');
INSERT INTO surgery (id,date,patient_id,doctor_id) VALUES (868,'2019-12-15',235,125);
INSERT INTO meds_for_surgery (surgery_id,med) VALUES (868,'Vancomycin');
INSERT INTO surgery (id,date,patient_id,doctor_id) VALUES (869,'2019-11-26',171,492);
INSERT INTO meds_for_surgery (surgery_id,med) VALUES (869,'Ruxolitinib');
INSERT INTO surgery (id,date,patient_id,doctor_id) VALUES (870,'2019-12-15',232,84);
INSERT INTO meds_for_surgery (surgery_id,med) VALUES (870,'Rituximab');
INSERT INTO surgery (id,date,patient_id,doctor_id) VALUES (871,'2019-12-04',23,285);
INSERT INTO meds_for_surgery (surgery_id,med) VALUES (871,'Codeine');
INSERT INTO surgery (id,date,patient_id,doctor_id) VALUES (872,'2019-12-21',184,492);
INSERT INTO meds_for_surgery (surgery_id,med) VALUES (872,'Metronidazole');
INSERT INTO surgery (id,date,patient_id,doctor_id) VALUES (873,'2019-12-26',112,268);
INSERT INTO meds_for_surgery (surgery_id,med) VALUES (873,'Cyclobenzaprine');
INSERT INTO surgery (id,date,patient_id,doctor_id) VALUES (874,'2019-12-16',259,359);
INSERT INTO meds_for_surgery (surgery_id,med) VALUES (874,'Cisplatin');
INSERT INTO surgery (id,date,patient_id,doctor_id) VALUES (875,'2019-12-05',231,172);
INSERT INTO meds_for_surgery (surgery_id,med) VALUES (875,'Bosentan');
INSERT INTO surgery (id,date,patient_id,doctor_id) VALUES (876,'2019-11-30',436,434);
INSERT INTO meds_for_surgery (surgery_id,med) VALUES (876,'Clindamycin');
INSERT INTO surgery (id,date,patient_id,doctor_id) VALUES (877,'2019-12-10',445,320);
INSERT INTO meds_for_surgery (surgery_id,med) VALUES (877,'Leucovorin');
INSERT INTO surgery (id,date,patient_id,doctor_id) VALUES (878,'2019-12-16',113,391);
INSERT INTO meds_for_surgery (surgery_id,med) VALUES (878,'Codeine');
INSERT INTO surgery (id,date,patient_id,doctor_id) VALUES (879,'2019-12-07',126,267);
INSERT INTO meds_for_surgery (surgery_id,med) VALUES (879,'Mitotane');
INSERT INTO surgery (id,date,patient_id,doctor_id) VALUES (880,'2019-12-03',440,97);
INSERT INTO meds_for_surgery (surgery_id,med) VALUES (880,'Amoxicillin');
INSERT INTO surgery (id,date,patient_id,doctor_id) VALUES (881,'2019-12-22',327,332);
INSERT INTO meds_for_surgery (surgery_id,med) VALUES (881,'Rituximab');
INSERT INTO surgery (id,date,patient_id,doctor_id) VALUES (882,'2019-12-27',219,434);
INSERT INTO meds_for_surgery (surgery_id,med) VALUES (882,'Amoxicillin');
INSERT INTO surgery (id,date,patient_id,doctor_id) VALUES (883,'2019-11-29',69,441);
INSERT INTO meds_for_surgery (surgery_id,med) VALUES (883,'Dexamethasone');
INSERT INTO surgery (id,date,patient_id,doctor_id) VALUES (884,'2019-11-26',349,367);
INSERT INTO meds_for_surgery (surgery_id,med) VALUES (884,'Didanosine');
INSERT INTO surgery (id,date,patient_id,doctor_id) VALUES (885,'2019-12-12',104,439);
INSERT INTO meds_for_surgery (surgery_id,med) VALUES (885,'Imipenem');
INSERT INTO surgery (id,date,patient_id,doctor_id) VALUES (886,'2019-12-04',39,284);
INSERT INTO meds_for_surgery (surgery_id,med) VALUES (886,'Sunitinib');
INSERT INTO surgery (id,date,patient_id,doctor_id) VALUES (887,'2019-12-02',294,315);
INSERT INTO meds_for_surgery (surgery_id,med) VALUES (887,'Mycophenolate');
INSERT INTO surgery (id,date,patient_id,doctor_id) VALUES (888,'2019-11-27',430,300);
INSERT INTO meds_for_surgery (surgery_id,med) VALUES (888,'Modafinil');
INSERT INTO surgery (id,date,patient_id,doctor_id) VALUES (889,'2019-12-24',330,473);
INSERT INTO meds_for_surgery (surgery_id,med) VALUES (889,'Linezolid');
INSERT INTO surgery (id,date,patient_id,doctor_id) VALUES (890,'2019-11-24',210,498);
INSERT INTO meds_for_surgery (surgery_id,med) VALUES (890,'Clobazam');
INSERT INTO surgery (id,date,patient_id,doctor_id) VALUES (891,'2019-11-30',52,226);
INSERT INTO meds_for_surgery (surgery_id,med) VALUES (891,'Hydromorphone');
INSERT INTO surgery (id,date,patient_id,doctor_id) VALUES (892,'2019-12-23',356,320);
INSERT INTO meds_for_surgery (surgery_id,med) VALUES (892,'Micafungin');
INSERT INTO surgery (id,date,patient_id,doctor_id) VALUES (893,'2019-12-14',445,211);
INSERT INTO meds_for_surgery (surgery_id,med) VALUES (893,'Ketoconazole');
INSERT INTO surgery (id,date,patient_id,doctor_id) VALUES (894,'2019-12-01',113,86);
INSERT INTO meds_for_surgery (surgery_id,med) VALUES (894,'Leucovorin');
INSERT INTO surgery (id,date,patient_id,doctor_id) VALUES (895,'2019-12-10',69,285);
INSERT INTO meds_for_surgery (surgery_id,med) VALUES (895,'Ganciclovir');
INSERT INTO surgery (id,date,patient_id,doctor_id) VALUES (896,'2019-12-04',247,439);
INSERT INTO meds_for_surgery (surgery_id,med) VALUES (896,'Hydrocortisone');
INSERT INTO surgery (id,date,patient_id,doctor_id) VALUES (897,'2019-12-14',109,284);
INSERT INTO meds_for_surgery (surgery_id,med) VALUES (897,'Melphalan');
INSERT INTO surgery (id,date,patient_id,doctor_id) VALUES (898,'2019-12-08',60,185);
INSERT INTO meds_for_surgery (surgery_id,med) VALUES (898,'Phenobarbital');
INSERT INTO surgery (id,date,patient_id,doctor_id) VALUES (899,'2019-12-26',184,246);
INSERT INTO meds_for_surgery (surgery_id,med) VALUES (899,'Clofarabine');
INSERT INTO surgery (id,date,patient_id,doctor_id) VALUES (900,'2019-12-15',293,107);
INSERT INTO meds_for_surgery (surgery_id,med) VALUES (900,'Efavirenz');
INSERT INTO surgery (id,date,patient_id,doctor_id) VALUES (901,'2019-12-11',286,92);
INSERT INTO meds_for_surgery (surgery_id,med) VALUES (901,'Oxycodone');
INSERT INTO surgery (id,date,patient_id,doctor_id) VALUES (902,'2019-12-20',49,333);
INSERT INTO meds_for_surgery (surgery_id,med) VALUES (902,'Clofarabine');
INSERT INTO surgery (id,date,patient_id,doctor_id) VALUES (903,'2019-12-10',483,367);
INSERT INTO meds_for_surgery (surgery_id,med) VALUES (903,'Methylphenidate');
INSERT INTO surgery (id,date,patient_id,doctor_id) VALUES (904,'2019-12-08',336,285);
INSERT INTO meds_for_surgery (surgery_id,med) VALUES (904,'Heparin');
INSERT INTO surgery (id,date,patient_id,doctor_id) VALUES (905,'2019-11-27',388,272);
INSERT INTO meds_for_surgery (surgery_id,med) VALUES (905,'Tobramycin');
INSERT INTO surgery (id,date,patient_id,doctor_id) VALUES (906,'2019-12-26',32,333);
INSERT INTO meds_for_surgery (surgery_id,med) VALUES (906,'Captopril');
INSERT INTO surgery (id,date,patient_id,doctor_id) VALUES (907,'2019-12-23',435,315);
INSERT INTO meds_for_surgery (surgery_id,med) VALUES (907,'Crizotinib');
INSERT INTO surgery (id,date,patient_id,doctor_id) VALUES (908,'2019-12-17',356,246);
INSERT INTO meds_for_surgery (surgery_id,med) VALUES (908,'Emtricitabine');
INSERT INTO surgery (id,date,patient_id,doctor_id) VALUES (909,'2019-12-09',406,275);
INSERT INTO meds_for_surgery (surgery_id,med) VALUES (909,'Zidovudine');
INSERT INTO surgery (id,date,patient_id,doctor_id) VALUES (910,'2019-12-15',477,97);
INSERT INTO meds_for_surgery (surgery_id,med) VALUES (910,'Labetalol');
INSERT INTO surgery (id,date,patient_id,doctor_id) VALUES (911,'2019-12-10',430,87);
INSERT INTO meds_for_surgery (surgery_id,med) VALUES (911,'Teniposide');
INSERT INTO surgery (id,date,patient_id,doctor_id) VALUES (912,'2019-12-08',21,143);
INSERT INTO meds_for_surgery (surgery_id,med) VALUES (912,'Amikacin');
INSERT INTO surgery (id,date,patient_id,doctor_id) VALUES (913,'2019-12-05',184,465);
INSERT INTO meds_for_surgery (surgery_id,med) VALUES (913,'Carbamazepine');
INSERT INTO surgery (id,date,patient_id,doctor_id) VALUES (914,'2019-12-17',346,107);
INSERT INTO meds_for_surgery (surgery_id,med) VALUES (914,'Saquinavir');
INSERT INTO surgery (id,date,patient_id,doctor_id) VALUES (915,'2019-12-08',120,271);
INSERT INTO meds_for_surgery (surgery_id,med) VALUES (915,'Labetalol');
INSERT INTO surgery (id,date,patient_id,doctor_id) VALUES (916,'2019-12-15',179,493);
INSERT INTO meds_for_surgery (surgery_id,med) VALUES (916,'Amikacin');
INSERT INTO surgery (id,date,patient_id,doctor_id) VALUES (917,'2019-12-01',49,211);
INSERT INTO meds_for_surgery (surgery_id,med) VALUES (917,'Abacavir');
INSERT INTO surgery (id,date,patient_id,doctor_id) VALUES (918,'2019-11-28',259,56);
INSERT INTO meds_for_surgery (surgery_id,med) VALUES (918,'Cyclobenzaprine');
INSERT INTO surgery (id,date,patient_id,doctor_id) VALUES (919,'2019-12-12',293,493);
INSERT INTO meds_for_surgery (surgery_id,med) VALUES (919,'Cyproheptadine');
INSERT INTO surgery (id,date,patient_id,doctor_id) VALUES (920,'2019-12-06',316,359);
INSERT INTO meds_for_surgery (surgery_id,med) VALUES (920,'Mitotane');
INSERT INTO surgery (id,date,patient_id,doctor_id) VALUES (921,'2019-12-19',223,353);
INSERT INTO meds_for_surgery (surgery_id,med) VALUES (921,'Prednisone');
INSERT INTO surgery (id,date,patient_id,doctor_id) VALUES (922,'2019-12-10',327,403);
INSERT INTO meds_for_surgery (surgery_id,med) VALUES (922,'Etonogestrel');
INSERT INTO surgery (id,date,patient_id,doctor_id) VALUES (923,'2019-12-14',477,17);
INSERT INTO meds_for_surgery (surgery_id,med) VALUES (923,'Sunitinib');
INSERT INTO surgery (id,date,patient_id,doctor_id) VALUES (924,'2019-12-22',45,125);
INSERT INTO meds_for_surgery (surgery_id,med) VALUES (924,'Nevirapine');
INSERT INTO surgery (id,date,patient_id,doctor_id) VALUES (925,'2019-11-26',235,333);
INSERT INTO meds_for_surgery (surgery_id,med) VALUES (925,'Diclofenac');
INSERT INTO surgery (id,date,patient_id,doctor_id) VALUES (926,'2019-12-03',140,313);
INSERT INTO meds_for_surgery (surgery_id,med) VALUES (926,'Pegfilgrastim');
INSERT INTO surgery (id,date,patient_id,doctor_id) VALUES (927,'2019-12-26',235,409);
INSERT INTO meds_for_surgery (surgery_id,med) VALUES (927,'Lamivudine');
INSERT INTO surgery (id,date,patient_id,doctor_id) VALUES (928,'2019-11-28',126,491);
INSERT INTO meds_for_surgery (surgery_id,med) VALUES (928,'Gabapentin');
INSERT INTO surgery (id,date,patient_id,doctor_id) VALUES (929,'2019-12-10',89,367);
INSERT INTO meds_for_surgery (surgery_id,med) VALUES (929,'Clofarabine');
INSERT INTO surgery (id,date,patient_id,doctor_id) VALUES (930,'2019-12-09',411,58);
INSERT INTO meds_for_surgery (surgery_id,med) VALUES (930,'Morphine');
INSERT INTO surgery (id,date,patient_id,doctor_id) VALUES (931,'2019-12-06',482,246);
INSERT INTO meds_for_surgery (surgery_id,med) VALUES (931,'Dasatinib');
INSERT INTO surgery (id,date,patient_id,doctor_id) VALUES (932,'2019-12-18',381,192);
INSERT INTO meds_for_surgery (surgery_id,med) VALUES (932,'Pemetrexed');
INSERT INTO surgery (id,date,patient_id,doctor_id) VALUES (933,'2019-11-23',440,86);
INSERT INTO meds_for_surgery (surgery_id,med) VALUES (933,'Melphalan');
INSERT INTO surgery (id,date,patient_id,doctor_id) VALUES (934,'2019-11-30',259,4);
INSERT INTO meds_for_surgery (surgery_id,med) VALUES (934,'Vinblastine');
INSERT INTO surgery (id,date,patient_id,doctor_id) VALUES (935,'2019-12-22',419,492);
INSERT INTO meds_for_surgery (surgery_id,med) VALUES (935,'Cyclophosphamide');
INSERT INTO surgery (id,date,patient_id,doctor_id) VALUES (936,'2019-12-14',374,359);
INSERT INTO meds_for_surgery (surgery_id,med) VALUES (936,'Atazanavir');
INSERT INTO surgery (id,date,patient_id,doctor_id) VALUES (937,'2019-12-26',328,322);
INSERT INTO meds_for_surgery (surgery_id,med) VALUES (937,'Omeprazole');
INSERT INTO surgery (id,date,patient_id,doctor_id) VALUES (938,'2019-12-03',388,86);
INSERT INTO meds_for_surgery (surgery_id,med) VALUES (938,'Carboplatin');
INSERT INTO surgery (id,date,patient_id,doctor_id) VALUES (939,'2019-12-01',161,172);
INSERT INTO meds_for_surgery (surgery_id,med) VALUES (939,'Dornase alfa');
INSERT INTO surgery (id,date,patient_id,doctor_id) VALUES (940,'2019-11-27',482,439);
INSERT INTO meds_for_surgery (surgery_id,med) VALUES (940,'Aprepitant');
INSERT INTO surgery (id,date,patient_id,doctor_id) VALUES (941,'2019-12-05',419,57);
INSERT INTO meds_for_surgery (surgery_id,med) VALUES (941,'Itraconazole');
INSERT INTO surgery (id,date,patient_id,doctor_id) VALUES (942,'2019-12-20',336,101);
INSERT INTO meds_for_surgery (surgery_id,med) VALUES (942,'Tretinoin');
INSERT INTO surgery (id,date,patient_id,doctor_id) VALUES (943,'2019-11-26',349,386);
INSERT INTO meds_for_surgery (surgery_id,med) VALUES (943,'Amifostine');
INSERT INTO surgery (id,date,patient_id,doctor_id) VALUES (944,'2019-11-30',235,58);
INSERT INTO meds_for_surgery (surgery_id,med) VALUES (944,'Mesna');
INSERT INTO surgery (id,date,patient_id,doctor_id) VALUES (945,'2019-12-02',175,136);
INSERT INTO meds_for_surgery (surgery_id,med) VALUES (945,'Procarbazine');
INSERT INTO surgery (id,date,patient_id,doctor_id) VALUES (946,'2019-11-27',116,386);
INSERT INTO meds_for_surgery (surgery_id,med) VALUES (946,'Efavirenz');
INSERT INTO surgery (id,date,patient_id,doctor_id) VALUES (947,'2019-12-16',234,4);
INSERT INTO meds_for_surgery (surgery_id,med) VALUES (947,'Acyclovir');
INSERT INTO surgery (id,date,patient_id,doctor_id) VALUES (948,'2019-12-02',356,391);
INSERT INTO meds_for_surgery (surgery_id,med) VALUES (948,'Oxycodone');
INSERT INTO surgery (id,date,patient_id,doctor_id) VALUES (949,'2019-12-20',250,313);
INSERT INTO meds_for_surgery (surgery_id,med) VALUES (949,'Emicizumab');
INSERT INTO surgery (id,date,patient_id,doctor_id) VALUES (950,'2019-12-01',411,492);
INSERT INTO meds_for_surgery (surgery_id,med) VALUES (950,'Mitoxantrone');
INSERT INTO surgery (id,date,patient_id,doctor_id) VALUES (951,'2019-12-09',89,211);
INSERT INTO meds_for_surgery (surgery_id,med) VALUES (951,'Etravirine');
INSERT INTO surgery (id,date,patient_id,doctor_id) VALUES (952,'2019-12-15',186,409);
INSERT INTO meds_for_surgery (surgery_id,med) VALUES (952,'Diclofenac');
INSERT INTO surgery (id,date,patient_id,doctor_id) VALUES (953,'2019-11-24',171,4);
INSERT INTO meds_for_surgery (surgery_id,med) VALUES (953,'Crizotinib');
INSERT INTO surgery (id,date,patient_id,doctor_id) VALUES (954,'2019-11-23',400,172);
INSERT INTO meds_for_surgery (surgery_id,med) VALUES (954,'Trimethoprim');
INSERT INTO surgery (id,date,patient_id,doctor_id) VALUES (955,'2019-11-26',406,384);
INSERT INTO meds_for_surgery (surgery_id,med) VALUES (955,'Penicillin');
INSERT INTO surgery (id,date,patient_id,doctor_id) VALUES (956,'2019-11-26',90,386);
INSERT INTO meds_for_surgery (surgery_id,med) VALUES (956,'Atazanavir');
INSERT INTO surgery (id,date,patient_id,doctor_id) VALUES (957,'2019-11-30',346,369);
INSERT INTO meds_for_surgery (surgery_id,med) VALUES (957,'Celecoxib');
INSERT INTO surgery (id,date,patient_id,doctor_id) VALUES (958,'2019-12-01',89,473);
INSERT INTO meds_for_surgery (surgery_id,med) VALUES (958,'Clobazam');
INSERT INTO surgery (id,date,patient_id,doctor_id) VALUES (959,'2019-12-12',23,86);
INSERT INTO meds_for_surgery (surgery_id,med) VALUES (959,'Aprepitant');
INSERT INTO surgery (id,date,patient_id,doctor_id) VALUES (960,'2019-12-20',301,270);
INSERT INTO meds_for_surgery (surgery_id,med) VALUES (960,'Phenobarbital');
INSERT INTO surgery (id,date,patient_id,doctor_id) VALUES (961,'2019-12-17',180,271);
INSERT INTO meds_for_surgery (surgery_id,med) VALUES (961,'Alendronate');
INSERT INTO surgery (id,date,patient_id,doctor_id) VALUES (962,'2019-12-10',356,55);
INSERT INTO meds_for_surgery (surgery_id,med) VALUES (962,'Morphine');
INSERT INTO surgery (id,date,patient_id,doctor_id) VALUES (963,'2019-12-14',175,87);
INSERT INTO meds_for_surgery (surgery_id,med) VALUES (963,'Valproic acid');
INSERT INTO surgery (id,date,patient_id,doctor_id) VALUES (964,'2019-12-19',356,84);
INSERT INTO meds_for_surgery (surgery_id,med) VALUES (964,'Gemtuzumab');
INSERT INTO surgery (id,date,patient_id,doctor_id) VALUES (965,'2019-11-26',184,275);
INSERT INTO meds_for_surgery (surgery_id,med) VALUES (965,'Atazanavir');
INSERT INTO surgery (id,date,patient_id,doctor_id) VALUES (966,'2019-12-27',286,92);
INSERT INTO meds_for_surgery (surgery_id,med) VALUES (966,'Cidofovir');
INSERT INTO surgery (id,date,patient_id,doctor_id) VALUES (967,'2019-12-20',126,108);
INSERT INTO meds_for_surgery (surgery_id,med) VALUES (967,'Acyclovir');
INSERT INTO surgery (id,date,patient_id,doctor_id) VALUES (968,'2019-12-19',210,355);
INSERT INTO meds_for_surgery (surgery_id,med) VALUES (968,'Azithromycin');
INSERT INTO surgery (id,date,patient_id,doctor_id) VALUES (969,'2019-12-21',393,86);
INSERT INTO meds_for_surgery (surgery_id,med) VALUES (969,'Erythropoietin');
INSERT INTO surgery (id,date,patient_id,doctor_id) VALUES (970,'2019-12-21',316,352);
INSERT INTO meds_for_surgery (surgery_id,med) VALUES (970,'Ganciclovir');
INSERT INTO surgery (id,date,patient_id,doctor_id) VALUES (971,'2019-12-19',140,4);
INSERT INTO meds_for_surgery (surgery_id,med) VALUES (971,'Dactinomycin');
INSERT INTO surgery (id,date,patient_id,doctor_id) VALUES (972,'2019-12-14',287,4);
INSERT INTO meds_for_surgery (surgery_id,med) VALUES (972,'Captopril');
INSERT INTO surgery (id,date,patient_id,doctor_id) VALUES (973,'2019-12-24',256,434);
INSERT INTO meds_for_surgery (surgery_id,med) VALUES (973,'Phosphorus');
INSERT INTO surgery (id,date,patient_id,doctor_id) VALUES (974,'2019-12-20',95,86);
INSERT INTO meds_for_surgery (surgery_id,med) VALUES (974,'Isotretinoin');
INSERT INTO surgery (id,date,patient_id,doctor_id) VALUES (975,'2019-12-18',400,320);
INSERT INTO meds_for_surgery (surgery_id,med) VALUES (975,'Tacrolimus');
INSERT INTO surgery (id,date,patient_id,doctor_id) VALUES (976,'2019-12-04',199,270);
INSERT INTO meds_for_surgery (surgery_id,med) VALUES (976,'Abacavir');
INSERT INTO surgery (id,date,patient_id,doctor_id) VALUES (977,'2019-12-04',116,284);
INSERT INTO meds_for_surgery (surgery_id,med) VALUES (977,'Carboplatin');
INSERT INTO surgery (id,date,patient_id,doctor_id) VALUES (978,'2019-12-16',69,92);
INSERT INTO meds_for_surgery (surgery_id,med) VALUES (978,'Sirolimus');
INSERT INTO surgery (id,date,patient_id,doctor_id) VALUES (979,'2019-12-06',64,285);
INSERT INTO meds_for_surgery (surgery_id,med) VALUES (979,'Megestrol acetate');
INSERT INTO surgery (id,date,patient_id,doctor_id) VALUES (980,'2019-11-28',406,267);
INSERT INTO meds_for_surgery (surgery_id,med) VALUES (980,'Vancomycin');
INSERT INTO surgery (id,date,patient_id,doctor_id) VALUES (981,'2019-12-05',479,473);
INSERT INTO meds_for_surgery (surgery_id,med) VALUES (981,'Phosphorus');
INSERT INTO surgery (id,date,patient_id,doctor_id) VALUES (982,'2019-12-03',126,359);
INSERT INTO meds_for_surgery (surgery_id,med) VALUES (982,'Ondansetron');
INSERT INTO surgery (id,date,patient_id,doctor_id) VALUES (983,'2019-12-19',120,313);
INSERT INTO meds_for_surgery (surgery_id,med) VALUES (983,'Cefuroxime');
INSERT INTO surgery (id,date,patient_id,doctor_id) VALUES (984,'2019-12-09',381,391);
INSERT INTO meds_for_surgery (surgery_id,med) VALUES (984,'Amitriptyline');
INSERT INTO surgery (id,date,patient_id,doctor_id) VALUES (985,'2019-12-12',229,468);
INSERT INTO meds_for_surgery (surgery_id,med) VALUES (985,'Dapsone');
INSERT INTO surgery (id,date,patient_id,doctor_id) VALUES (986,'2019-12-21',301,359);
INSERT INTO meds_for_surgery (surgery_id,med) VALUES (986,'Cisplatin');
INSERT INTO surgery (id,date,patient_id,doctor_id) VALUES (987,'2019-11-25',431,87);
INSERT INTO meds_for_surgery (surgery_id,med) VALUES (987,'Procarbazine');
INSERT INTO surgery (id,date,patient_id,doctor_id) VALUES (988,'2019-12-03',400,319);
INSERT INTO meds_for_surgery (surgery_id,med) VALUES (988,'GM-CSF');
INSERT INTO surgery (id,date,patient_id,doctor_id) VALUES (989,'2019-11-27',186,185);
INSERT INTO meds_for_surgery (surgery_id,med) VALUES (989,'Labetalol');
INSERT INTO surgery (id,date,patient_id,doctor_id) VALUES (990,'2019-11-30',89,57);
INSERT INTO meds_for_surgery (surgery_id,med) VALUES (990,'Doxorubicin');
INSERT INTO surgery (id,date,patient_id,doctor_id) VALUES (991,'2019-11-23',199,300);
INSERT INTO meds_for_surgery (surgery_id,med) VALUES (991,'Thioguanine');
INSERT INTO surgery (id,date,patient_id,doctor_id) VALUES (992,'2019-12-11',282,320);
INSERT INTO meds_for_surgery (surgery_id,med) VALUES (992,'Atenolol');
INSERT INTO surgery (id,date,patient_id,doctor_id) VALUES (993,'2019-11-26',255,491);
INSERT INTO meds_for_surgery (surgery_id,med) VALUES (993,'Zidovudine');
INSERT INTO surgery (id,date,patient_id,doctor_id) VALUES (994,'2019-11-23',21,192);
INSERT INTO meds_for_surgery (surgery_id,med) VALUES (994,'Cephalexin');
INSERT INTO surgery (id,date,patient_id,doctor_id) VALUES (995,'2019-12-18',381,125);
INSERT INTO meds_for_surgery (surgery_id,med) VALUES (995,'L-glutamine');
INSERT INTO surgery (id,date,patient_id,doctor_id) VALUES (996,'2019-11-27',155,117);
INSERT INTO meds_for_surgery (surgery_id,med) VALUES (996,'Leucovorin');
INSERT INTO surgery (id,date,patient_id,doctor_id) VALUES (997,'2019-11-25',286,493);
INSERT INTO meds_for_surgery (surgery_id,med) VALUES (997,'Amikacin');
INSERT INTO surgery (id,date,patient_id,doctor_id) VALUES (998,'2019-11-30',336,267);
INSERT INTO meds_for_surgery (surgery_id,med) VALUES (998,'Nelarabine');
INSERT INTO surgery (id,date,patient_id,doctor_id) VALUES (999,'2019-12-02',447,226);
INSERT INTO meds_for_surgery (surgery_id,med) VALUES (999,'Penicillin');
INSERT INTO surgery (id,date,patient_id,doctor_id) VALUES (1000,'2019-12-13',210,319);
INSERT INTO meds_for_surgery (surgery_id,med) VALUES (1000,'Probenecid');
INSERT INTO surgery (id,date,patient_id,doctor_id) VALUES (1001,'2019-11-24',128,284);
INSERT INTO meds_for_surgery (surgery_id,med) VALUES (1001,'Bortezomib');
INSERT INTO surgery (id,date,patient_id,doctor_id) VALUES (1002,'2019-12-20',64,189);
INSERT INTO meds_for_surgery (surgery_id,med) VALUES (1002,'L-glutamine');
INSERT INTO surgery (id,date,patient_id,doctor_id) VALUES (1003,'2019-12-07',479,137);
INSERT INTO meds_for_surgery (surgery_id,med) VALUES (1003,'Penicillin');
INSERT INTO surgery (id,date,patient_id,doctor_id) VALUES (1004,'2019-12-06',336,391);
INSERT INTO meds_for_surgery (surgery_id,med) VALUES (1004,'Penicillin');
INSERT INTO surgery (id,date,patient_id,doctor_id) VALUES (1005,'2019-12-13',32,359);
INSERT INTO meds_for_surgery (surgery_id,med) VALUES (1005,'Emicizumab');
INSERT INTO surgery (id,date,patient_id,doctor_id) VALUES (1006,'2019-12-11',294,274);
INSERT INTO meds_for_surgery (surgery_id,med) VALUES (1006,'Norepinephrine');
INSERT INTO surgery (id,date,patient_id,doctor_id) VALUES (1007,'2019-12-22',483,359);
INSERT INTO meds_for_surgery (surgery_id,med) VALUES (1007,'Daunorubicin');
INSERT INTO surgery (id,date,patient_id,doctor_id) VALUES (1008,'2019-12-26',122,274);
INSERT INTO meds_for_surgery (surgery_id,med) VALUES (1008,'Imatinib');
INSERT INTO surgery (id,date,patient_id,doctor_id) VALUES (1009,'2019-11-28',122,465);
INSERT INTO meds_for_surgery (surgery_id,med) VALUES (1009,'Clarithromycin');
INSERT INTO surgery (id,date,patient_id,doctor_id) VALUES (1010,'2019-12-18',444,92);
INSERT INTO meds_for_surgery (surgery_id,med) VALUES (1010,'Fluconazole');
INSERT INTO surgery (id,date,patient_id,doctor_id) VALUES (1011,'2019-12-26',381,108);
INSERT INTO meds_for_surgery (surgery_id,med) VALUES (1011,'Magnesium');
INSERT INTO surgery (id,date,patient_id,doctor_id) VALUES (1012,'2019-12-10',120,332);
INSERT INTO meds_for_surgery (surgery_id,med) VALUES (1012,'Rivaroxaban');
INSERT INTO surgery (id,date,patient_id,doctor_id) VALUES (1013,'2019-12-22',327,270);
INSERT INTO meds_for_surgery (surgery_id,med) VALUES (1013,'Pegfilgrastim');
INSERT INTO surgery (id,date,patient_id,doctor_id) VALUES (1014,'2019-12-03',121,353);
INSERT INTO meds_for_surgery (surgery_id,med) VALUES (1014,'Rilpivirine');
INSERT INTO surgery (id,date,patient_id,doctor_id) VALUES (1015,'2019-11-29',480,322);
INSERT INTO meds_for_surgery (surgery_id,med) VALUES (1015,'Pegfilgrastim');
INSERT INTO surgery (id,date,patient_id,doctor_id) VALUES (1016,'2019-12-25',219,92);
INSERT INTO meds_for_surgery (surgery_id,med) VALUES (1016,'Fluconazole');
INSERT INTO surgery (id,date,patient_id,doctor_id) VALUES (1017,'2019-12-13',150,438);
INSERT INTO meds_for_surgery (surgery_id,med) VALUES (1017,'Ritonavir');
INSERT INTO surgery (id,date,patient_id,doctor_id) VALUES (1018,'2019-12-10',180,271);
INSERT INTO meds_for_surgery (surgery_id,med) VALUES (1018,'Sorafenib');
INSERT INTO surgery (id,date,patient_id,doctor_id) VALUES (1019,'2019-12-27',150,211);
INSERT INTO meds_for_surgery (surgery_id,med) VALUES (1019,'Morphine');
INSERT INTO surgery (id,date,patient_id,doctor_id) VALUES (1020,'2019-11-28',116,182);
INSERT INTO meds_for_surgery (surgery_id,med) VALUES (1020,'Meloxicam');
INSERT INTO surgery (id,date,patient_id,doctor_id) VALUES (1021,'2019-12-20',410,451);
INSERT INTO meds_for_surgery (surgery_id,med) VALUES (1021,'Bortezomib');
INSERT INTO surgery (id,date,patient_id,doctor_id) VALUES (1022,'2019-12-11',445,84);
INSERT INTO meds_for_surgery (surgery_id,med) VALUES (1022,'Nelfinavir');
INSERT INTO surgery (id,date,patient_id,doctor_id) VALUES (1023,'2019-11-29',330,246);
INSERT INTO meds_for_surgery (surgery_id,med) VALUES (1023,'Metronidazole');
INSERT INTO surgery (id,date,patient_id,doctor_id) VALUES (1024,'2019-11-24',301,270);
INSERT INTO meds_for_surgery (surgery_id,med) VALUES (1024,'Aprepitant');
INSERT INTO surgery (id,date,patient_id,doctor_id) VALUES (1025,'2019-12-23',435,108);
INSERT INTO meds_for_surgery (surgery_id,med) VALUES (1025,'Acyclovir');
INSERT INTO surgery (id,date,patient_id,doctor_id) VALUES (1026,'2019-12-08',199,146);
INSERT INTO meds_for_surgery (surgery_id,med) VALUES (1026,'Propoxyphene');
INSERT INTO surgery (id,date,patient_id,doctor_id) VALUES (1027,'2019-12-03',23,441);
INSERT INTO meds_for_surgery (surgery_id,med) VALUES (1027,'Dinutuximab');
INSERT INTO surgery (id,date,patient_id,doctor_id) VALUES (1028,'2019-11-24',95,125);
INSERT INTO meds_for_surgery (surgery_id,med) VALUES (1028,'Darunavir');
INSERT INTO surgery (id,date,patient_id,doctor_id) VALUES (1029,'2019-12-12',435,300);
INSERT INTO meds_for_surgery (surgery_id,med) VALUES (1029,'Sucralfate');
INSERT INTO surgery (id,date,patient_id,doctor_id) VALUES (1030,'2019-12-20',194,322);
INSERT INTO meds_for_surgery (surgery_id,med) VALUES (1030,'Melphalan');
INSERT INTO surgery (id,date,patient_id,doctor_id) VALUES (1031,'2019-12-16',23,189);
INSERT INTO meds_for_surgery (surgery_id,med) VALUES (1031,'Doxorubicin');
INSERT INTO surgery (id,date,patient_id,doctor_id) VALUES (1032,'2019-12-01',406,97);
INSERT INTO meds_for_surgery (surgery_id,med) VALUES (1032,'Ifosfamide');
INSERT INTO surgery (id,date,patient_id,doctor_id) VALUES (1033,'2019-11-24',330,101);
INSERT INTO meds_for_surgery (surgery_id,med) VALUES (1033,'Cefaclor');
INSERT INTO surgery (id,date,patient_id,doctor_id) VALUES (1034,'2019-11-29',406,270);
INSERT INTO meds_for_surgery (surgery_id,med) VALUES (1034,'Abacavir');
INSERT INTO surgery (id,date,patient_id,doctor_id) VALUES (1035,'2019-12-12',480,319);
INSERT INTO meds_for_surgery (surgery_id,med) VALUES (1035,'Thioguanine');
INSERT INTO surgery (id,date,patient_id,doctor_id) VALUES (1036,'2019-12-16',346,319);
INSERT INTO meds_for_surgery (surgery_id,med) VALUES (1036,'Aminocaproic Acid');
INSERT INTO surgery (id,date,patient_id,doctor_id) VALUES (1037,'2019-12-27',445,284);
INSERT INTO meds_for_surgery (surgery_id,med) VALUES (1037,'Bleomycin');
INSERT INTO surgery (id,date,patient_id,doctor_id) VALUES (1038,'2019-12-06',381,101);
INSERT INTO meds_for_surgery (surgery_id,med) VALUES (1038,'Phosphorus');
INSERT INTO surgery (id,date,patient_id,doctor_id) VALUES (1039,'2019-12-04',330,284);
INSERT INTO meds_for_surgery (surgery_id,med) VALUES (1039,'Acyclovir');
INSERT INTO surgery (id,date,patient_id,doctor_id) VALUES (1040,'2019-12-07',223,498);
INSERT INTO meds_for_surgery (surgery_id,med) VALUES (1040,'Tenofovir');
INSERT INTO surgery (id,date,patient_id,doctor_id) VALUES (1041,'2019-11-30',286,284);
INSERT INTO meds_for_surgery (surgery_id,med) VALUES (1041,'Efavirenz');
INSERT INTO surgery (id,date,patient_id,doctor_id) VALUES (1042,'2019-12-20',188,403);
INSERT INTO meds_for_surgery (surgery_id,med) VALUES (1042,'Rilpivirine');
INSERT INTO surgery (id,date,patient_id,doctor_id) VALUES (1043,'2019-12-01',37,57);
INSERT INTO meds_for_surgery (surgery_id,med) VALUES (1043,'Vincristine');
INSERT INTO surgery (id,date,patient_id,doctor_id) VALUES (1044,'2019-12-03',210,101);
INSERT INTO meds_for_surgery (surgery_id,med) VALUES (1044,'Dexamethasone');
INSERT INTO surgery (id,date,patient_id,doctor_id) VALUES (1045,'2019-12-13',32,468);
INSERT INTO meds_for_surgery (surgery_id,med) VALUES (1045,'GM-CSF');
INSERT INTO surgery (id,date,patient_id,doctor_id) VALUES (1046,'2019-12-18',230,87);
INSERT INTO meds_for_surgery (surgery_id,med) VALUES (1046,'Allopurinol');
INSERT INTO surgery (id,date,patient_id,doctor_id) VALUES (1047,'2019-12-24',316,355);
INSERT INTO meds_for_surgery (surgery_id,med) VALUES (1047,'Mycophenolate');
INSERT INTO surgery (id,date,patient_id,doctor_id) VALUES (1048,'2019-12-26',280,359);
INSERT INTO meds_for_surgery (surgery_id,med) VALUES (1048,'Captopril');
INSERT INTO surgery (id,date,patient_id,doctor_id) VALUES (1049,'2019-12-11',444,284);
INSERT INTO meds_for_surgery (surgery_id,med) VALUES (1049,'Cidofovir');
INSERT INTO surgery (id,date,patient_id,doctor_id) VALUES (1050,'2019-12-24',175,391);
INSERT INTO meds_for_surgery (surgery_id,med) VALUES (1050,'Emicizumab');
INSERT INTO surgery (id,date,patient_id,doctor_id) VALUES (1051,'2019-11-29',430,211);
INSERT INTO meds_for_surgery (surgery_id,med) VALUES (1051,'Methotrexate');
INSERT INTO surgery (id,date,patient_id,doctor_id) VALUES (1052,'2019-12-04',388,101);
INSERT INTO meds_for_surgery (surgery_id,med) VALUES (1052,'Nevirapine');
INSERT INTO surgery (id,date,patient_id,doctor_id) VALUES (1053,'2019-12-09',388,246);
INSERT INTO meds_for_surgery (surgery_id,med) VALUES (1053,'Tacrolimus');
INSERT INTO surgery (id,date,patient_id,doctor_id) VALUES (1054,'2019-12-06',480,319);
INSERT INTO meds_for_surgery (surgery_id,med) VALUES (1054,'Clobazam');
INSERT INTO surgery (id,date,patient_id,doctor_id) VALUES (1055,'2019-12-26',124,322);
INSERT INTO meds_for_surgery (surgery_id,med) VALUES (1055,'Phenytoin');
INSERT INTO surgery (id,date,patient_id,doctor_id) VALUES (1056,'2019-12-27',440,4);
INSERT INTO meds_for_surgery (surgery_id,med) VALUES (1056,'Carmustine');
INSERT INTO surgery (id,date,patient_id,doctor_id) VALUES (1057,'2019-11-26',210,284);
INSERT INTO meds_for_surgery (surgery_id,med) VALUES (1057,'Melphalan');
INSERT INTO surgery (id,date,patient_id,doctor_id) VALUES (1058,'2019-12-22',49,102);
INSERT INTO meds_for_surgery (surgery_id,med) VALUES (1058,'Procarbazine');
INSERT INTO surgery (id,date,patient_id,doctor_id) VALUES (1059,'2019-12-10',194,97);
INSERT INTO meds_for_surgery (surgery_id,med) VALUES (1059,'Ritonavir');
INSERT INTO surgery (id,date,patient_id,doctor_id) VALUES (1060,'2019-12-22',39,97);
INSERT INTO meds_for_surgery (surgery_id,med) VALUES (1060,'Valproic acid');
INSERT INTO surgery (id,date,patient_id,doctor_id) VALUES (1061,'2019-12-18',126,438);
INSERT INTO meds_for_surgery (surgery_id,med) VALUES (1061,'Micafungin');
INSERT INTO surgery (id,date,patient_id,doctor_id) VALUES (1062,'2019-12-24',444,270);
INSERT INTO meds_for_surgery (surgery_id,med) VALUES (1062,'Heparin');
INSERT INTO surgery (id,date,patient_id,doctor_id) VALUES (1063,'2019-11-30',109,84);
INSERT INTO meds_for_surgery (surgery_id,med) VALUES (1063,'Darunavir');
INSERT INTO surgery (id,date,patient_id,doctor_id) VALUES (1064,'2019-12-03',188,384);
INSERT INTO meds_for_surgery (surgery_id,med) VALUES (1064,'Asparaginase');
INSERT INTO surgery (id,date,patient_id,doctor_id) VALUES (1065,'2019-12-25',155,172);
INSERT INTO meds_for_surgery (surgery_id,med) VALUES (1065,'Lopinavir');
INSERT INTO surgery (id,date,patient_id,doctor_id) VALUES (1066,'2019-11-30',90,438);
INSERT INTO meds_for_surgery (surgery_id,med) VALUES (1066,'Rituximab');
INSERT INTO surgery (id,date,patient_id,doctor_id) VALUES (1067,'2019-12-14',410,29);
INSERT INTO meds_for_surgery (surgery_id,med) VALUES (1067,'Modafinil');
INSERT INTO surgery (id,date,patient_id,doctor_id) VALUES (1068,'2019-11-23',128,143);
INSERT INTO meds_for_surgery (surgery_id,med) VALUES (1068,'Acyclovir');
INSERT INTO surgery (id,date,patient_id,doctor_id) VALUES (1069,'2019-12-20',287,271);
INSERT INTO meds_for_surgery (surgery_id,med) VALUES (1069,'Dexamethasone');
INSERT INTO surgery (id,date,patient_id,doctor_id) VALUES (1070,'2019-12-08',328,211);
INSERT INTO meds_for_surgery (surgery_id,med) VALUES (1070,'Procarbazine');
INSERT INTO surgery (id,date,patient_id,doctor_id) VALUES (1071,'2019-12-25',230,58);
INSERT INTO meds_for_surgery (surgery_id,med) VALUES (1071,'Ondansetron');
INSERT INTO surgery (id,date,patient_id,doctor_id) VALUES (1072,'2019-12-23',109,107);
INSERT INTO meds_for_surgery (surgery_id,med) VALUES (1072,'Morphine');
INSERT INTO surgery (id,date,patient_id,doctor_id) VALUES (1073,'2019-12-25',444,468);
INSERT INTO meds_for_surgery (surgery_id,med) VALUES (1073,'Baclofen');
INSERT INTO surgery (id,date,patient_id,doctor_id) VALUES (1074,'2019-11-23',194,189);
INSERT INTO meds_for_surgery (surgery_id,med) VALUES (1074,'Erythropoietin');
INSERT INTO surgery (id,date,patient_id,doctor_id) VALUES (1075,'2019-12-12',336,353);
INSERT INTO meds_for_surgery (surgery_id,med) VALUES (1075,'Etoposide');
INSERT INTO surgery (id,date,patient_id,doctor_id) VALUES (1076,'2019-12-11',483,107);
INSERT INTO meds_for_surgery (surgery_id,med) VALUES (1076,'Ketoconazole');
INSERT INTO surgery (id,date,patient_id,doctor_id) VALUES (1077,'2019-12-11',39,441);
INSERT INTO meds_for_surgery (surgery_id,med) VALUES (1077,'Interferon');
INSERT INTO surgery (id,date,patient_id,doctor_id) VALUES (1078,'2019-12-19',328,102);
INSERT INTO meds_for_surgery (surgery_id,med) VALUES (1078,'Prednisone');
INSERT INTO surgery (id,date,patient_id,doctor_id) VALUES (1079,'2019-12-27',477,4);
INSERT INTO meds_for_surgery (surgery_id,med) VALUES (1079,'Atazanavir');
INSERT INTO surgery (id,date,patient_id,doctor_id) VALUES (1080,'2019-11-30',199,189);
INSERT INTO meds_for_surgery (surgery_id,med) VALUES (1080,'Methylphenidate');
INSERT INTO surgery (id,date,patient_id,doctor_id) VALUES (1081,'2019-11-25',235,29);
INSERT INTO meds_for_surgery (surgery_id,med) VALUES (1081,'Methylphenidate');
INSERT INTO surgery (id,date,patient_id,doctor_id) VALUES (1082,'2019-11-26',45,56);
INSERT INTO meds_for_surgery (surgery_id,med) VALUES (1082,'Bosentan');
INSERT INTO surgery (id,date,patient_id,doctor_id) VALUES (1083,'2019-12-15',302,493);
INSERT INTO meds_for_surgery (surgery_id,med) VALUES (1083,'Amitriptyline');
INSERT INTO surgery (id,date,patient_id,doctor_id) VALUES (1084,'2019-12-15',140,300);
INSERT INTO meds_for_surgery (surgery_id,med) VALUES (1084,'Morphine');
INSERT INTO surgery (id,date,patient_id,doctor_id) VALUES (1085,'2019-12-16',109,102);
INSERT INTO meds_for_surgery (surgery_id,med) VALUES (1085,'Omeprazole');
INSERT INTO surgery (id,date,patient_id,doctor_id) VALUES (1086,'2019-12-19',255,29);
INSERT INTO meds_for_surgery (surgery_id,med) VALUES (1086,'Raltegravir');
INSERT INTO surgery (id,date,patient_id,doctor_id) VALUES (1087,'2019-12-02',301,465);
INSERT INTO meds_for_surgery (surgery_id,med) VALUES (1087,'Muromonab');
INSERT INTO surgery (id,date,patient_id,doctor_id) VALUES (1088,'2019-12-05',180,192);
INSERT INTO meds_for_surgery (surgery_id,med) VALUES (1088,'Alemtuzumab');
INSERT INTO surgery (id,date,patient_id,doctor_id) VALUES (1089,'2019-11-26',255,396);
INSERT INTO meds_for_surgery (surgery_id,med) VALUES (1089,'Cephalexin');
INSERT INTO surgery (id,date,patient_id,doctor_id) VALUES (1090,'2019-12-07',194,97);
INSERT INTO meds_for_surgery (surgery_id,med) VALUES (1090,'Nelfinavir');
INSERT INTO surgery (id,date,patient_id,doctor_id) VALUES (1091,'2019-12-14',247,108);
INSERT INTO meds_for_surgery (surgery_id,med) VALUES (1091,'Cyclosporine');
INSERT INTO surgery (id,date,patient_id,doctor_id) VALUES (1092,'2019-12-03',121,300);
INSERT INTO meds_for_surgery (surgery_id,med) VALUES (1092,'Cephalexin');
INSERT INTO surgery (id,date,patient_id,doctor_id) VALUES (1093,'2019-12-09',32,434);
INSERT INTO meds_for_surgery (surgery_id,med) VALUES (1093,'Cidofovir');
INSERT INTO surgery (id,date,patient_id,doctor_id) VALUES (1094,'2019-12-15',179,17);
INSERT INTO meds_for_surgery (surgery_id,med) VALUES (1094,'Acyclovir');
INSERT INTO surgery (id,date,patient_id,doctor_id) VALUES (1095,'2019-12-13',223,449);
INSERT INTO meds_for_surgery (surgery_id,med) VALUES (1095,'Cefixime');
INSERT INTO surgery (id,date,patient_id,doctor_id) VALUES (1096,'2019-12-04',301,465);
INSERT INTO meds_for_surgery (surgery_id,med) VALUES (1096,'Meropenem');
INSERT INTO surgery (id,date,patient_id,doctor_id) VALUES (1097,'2019-11-25',184,101);
INSERT INTO meds_for_surgery (surgery_id,med) VALUES (1097,'Sugammadex');
INSERT INTO surgery (id,date,patient_id,doctor_id) VALUES (1098,'2019-12-26',104,468);
INSERT INTO meds_for_surgery (surgery_id,med) VALUES (1098,'Celecoxib');
INSERT INTO surgery (id,date,patient_id,doctor_id) VALUES (1099,'2019-12-02',302,211);
INSERT INTO meds_for_surgery (surgery_id,med) VALUES (1099,'Vinblastine');
INSERT INTO surgery (id,date,patient_id,doctor_id) VALUES (1100,'2019-11-25',128,369);
INSERT INTO meds_for_surgery (surgery_id,med) VALUES (1100,'Ruxolitinib');
INSERT INTO surgery (id,date,patient_id,doctor_id) VALUES (1101,'2019-12-06',230,403);
INSERT INTO meds_for_surgery (surgery_id,med) VALUES (1101,'Lopinavir');
INSERT INTO surgery (id,date,patient_id,doctor_id) VALUES (1102,'2019-12-05',250,58);
INSERT INTO meds_for_surgery (surgery_id,med) VALUES (1102,'Enoxaparin');
INSERT INTO surgery (id,date,patient_id,doctor_id) VALUES (1103,'2019-11-27',122,192);
INSERT INTO meds_for_surgery (surgery_id,med) VALUES (1103,'Sorafenib');
INSERT INTO surgery (id,date,patient_id,doctor_id) VALUES (1104,'2019-12-06',435,359);
INSERT INTO meds_for_surgery (surgery_id,med) VALUES (1104,'Vancomycin');
INSERT INTO surgery (id,date,patient_id,doctor_id) VALUES (1105,'2019-11-30',424,319);
INSERT INTO meds_for_surgery (surgery_id,med) VALUES (1105,'Rituximab');
INSERT INTO surgery (id,date,patient_id,doctor_id) VALUES (1106,'2019-12-22',128,272);
INSERT INTO meds_for_surgery (surgery_id,med) VALUES (1106,'Phenobarbital');
INSERT INTO surgery (id,date,patient_id,doctor_id) VALUES (1107,'2019-11-25',436,332);
INSERT INTO meds_for_surgery (surgery_id,med) VALUES (1107,'Diclofenac');
INSERT INTO surgery (id,date,patient_id,doctor_id) VALUES (1108,'2019-12-27',64,268);
INSERT INTO meds_for_surgery (surgery_id,med) VALUES (1108,'Thiotepa');
INSERT INTO surgery (id,date,patient_id,doctor_id) VALUES (1109,'2019-11-28',223,143);
INSERT INTO meds_for_surgery (surgery_id,med) VALUES (1109,'Fludarabine');
INSERT INTO surgery (id,date,patient_id,doctor_id) VALUES (1110,'2019-12-22',39,57);
INSERT INTO meds_for_surgery (surgery_id,med) VALUES (1110,'Leucovorin');
INSERT INTO surgery (id,date,patient_id,doctor_id) VALUES (1111,'2019-11-28',199,108);
INSERT INTO meds_for_surgery (surgery_id,med) VALUES (1111,'Pentamidine');
INSERT INTO surgery (id,date,patient_id,doctor_id) VALUES (1112,'2019-12-08',120,102);
INSERT INTO meds_for_surgery (surgery_id,med) VALUES (1112,'Cisplatin');
INSERT INTO surgery (id,date,patient_id,doctor_id) VALUES (1113,'2019-12-04',436,473);
INSERT INTO meds_for_surgery (surgery_id,med) VALUES (1113,'Hydrocodone');
INSERT INTO surgery (id,date,patient_id,doctor_id) VALUES (1114,'2019-12-02',286,441);
INSERT INTO meds_for_surgery (surgery_id,med) VALUES (1114,'Emtricitabine');
INSERT INTO surgery (id,date,patient_id,doctor_id) VALUES (1115,'2019-12-13',121,315);
INSERT INTO meds_for_surgery (surgery_id,med) VALUES (1115,'Methylphenidate');
INSERT INTO surgery (id,date,patient_id,doctor_id) VALUES (1116,'2019-12-01',171,434);
INSERT INTO meds_for_surgery (surgery_id,med) VALUES (1116,'Clarithromycin');
INSERT INTO surgery (id,date,patient_id,doctor_id) VALUES (1117,'2019-12-17',400,117);
INSERT INTO meds_for_surgery (surgery_id,med) VALUES (1117,'Ceftazidime');
INSERT INTO surgery (id,date,patient_id,doctor_id) VALUES (1118,'2019-12-25',124,498);
INSERT INTO meds_for_surgery (surgery_id,med) VALUES (1118,'Procarbazine');
INSERT INTO surgery (id,date,patient_id,doctor_id) VALUES (1119,'2019-12-14',230,285);
INSERT INTO meds_for_surgery (surgery_id,med) VALUES (1119,'Gemcitabine');
INSERT INTO surgery (id,date,patient_id,doctor_id) VALUES (1120,'2019-11-23',447,55);
INSERT INTO meds_for_surgery (surgery_id,med) VALUES (1120,'Emtricitabine');
INSERT INTO surgery (id,date,patient_id,doctor_id) VALUES (1121,'2019-12-09',90,384);
INSERT INTO meds_for_surgery (surgery_id,med) VALUES (1121,'Amifostine');
INSERT INTO surgery (id,date,patient_id,doctor_id) VALUES (1122,'2019-12-22',255,468);
INSERT INTO meds_for_surgery (surgery_id,med) VALUES (1122,'Raltegravir');
INSERT INTO surgery (id,date,patient_id,doctor_id) VALUES (1123,'2019-12-10',436,468);
INSERT INTO meds_for_surgery (surgery_id,med) VALUES (1123,'Didanosine');
INSERT INTO surgery (id,date,patient_id,doctor_id) VALUES (1124,'2019-12-19',500,352);
INSERT INTO meds_for_surgery (surgery_id,med) VALUES (1124,'Erythropoietin');
INSERT INTO surgery (id,date,patient_id,doctor_id) VALUES (1125,'2019-12-04',175,322);
INSERT INTO meds_for_surgery (surgery_id,med) VALUES (1125,'Imatinib');
INSERT INTO surgery (id,date,patient_id,doctor_id) VALUES (1126,'2019-12-14',175,386);
INSERT INTO meds_for_surgery (surgery_id,med) VALUES (1126,'Cytarabine');
INSERT INTO surgery (id,date,patient_id,doctor_id) VALUES (1127,'2019-11-25',64,493);
INSERT INTO meds_for_surgery (surgery_id,med) VALUES (1127,'Heparin');
INSERT INTO surgery (id,date,patient_id,doctor_id) VALUES (1128,'2019-12-27',186,391);
INSERT INTO meds_for_surgery (surgery_id,med) VALUES (1128,'Desmopressin');
INSERT INTO surgery (id,date,patient_id,doctor_id) VALUES (1129,'2019-12-05',448,57);
INSERT INTO meds_for_surgery (surgery_id,med) VALUES (1129,'Dactinomycin');
INSERT INTO surgery (id,date,patient_id,doctor_id) VALUES (1130,'2019-12-20',393,189);
INSERT INTO meds_for_surgery (surgery_id,med) VALUES (1130,'Dactinomycin');
INSERT INTO surgery (id,date,patient_id,doctor_id) VALUES (1131,'2019-11-25',124,268);
INSERT INTO meds_for_surgery (surgery_id,med) VALUES (1131,'Cefepime');
INSERT INTO surgery (id,date,patient_id,doctor_id) VALUES (1132,'2019-12-02',316,439);
INSERT INTO meds_for_surgery (surgery_id,med) VALUES (1132,'Meloxicam');
INSERT INTO surgery (id,date,patient_id,doctor_id) VALUES (1133,'2019-12-21',280,441);
INSERT INTO meds_for_surgery (surgery_id,med) VALUES (1133,'Azithromycin');
INSERT INTO surgery (id,date,patient_id,doctor_id) VALUES (1134,'2019-12-05',336,58);
INSERT INTO meds_for_surgery (surgery_id,med) VALUES (1134,'Megestrol acetate');
INSERT INTO surgery (id,date,patient_id,doctor_id) VALUES (1135,'2019-12-16',460,332);
INSERT INTO meds_for_surgery (surgery_id,med) VALUES (1135,'Acyclovir');
INSERT INTO surgery (id,date,patient_id,doctor_id) VALUES (1136,'2019-12-09',400,270);
INSERT INTO meds_for_surgery (surgery_id,med) VALUES (1136,'Amifostine');
INSERT INTO surgery (id,date,patient_id,doctor_id) VALUES (1137,'2019-12-05',122,498);
INSERT INTO meds_for_surgery (surgery_id,med) VALUES (1137,'Alendronate');
INSERT INTO surgery (id,date,patient_id,doctor_id) VALUES (1138,'2019-12-24',69,468);
INSERT INTO meds_for_surgery (surgery_id,med) VALUES (1138,'Vincristine');
INSERT INTO surgery (id,date,patient_id,doctor_id) VALUES (1139,'2019-11-29',161,396);
INSERT INTO meds_for_surgery (surgery_id,med) VALUES (1139,'Rituximab');
INSERT INTO surgery (id,date,patient_id,doctor_id) VALUES (1140,'2019-12-13',219,146);
INSERT INTO meds_for_surgery (surgery_id,med) VALUES (1140,'Muromonab');
INSERT INTO surgery (id,date,patient_id,doctor_id) VALUES (1141,'2019-12-14',346,97);
INSERT INTO meds_for_surgery (surgery_id,med) VALUES (1141,'Magnesium');
INSERT INTO surgery (id,date,patient_id,doctor_id) VALUES (1142,'2019-12-16',247,319);
INSERT INTO meds_for_surgery (surgery_id,med) VALUES (1142,'Ketoconazole');
INSERT INTO surgery (id,date,patient_id,doctor_id) VALUES (1143,'2019-12-07',259,107);
INSERT INTO meds_for_surgery (surgery_id,med) VALUES (1143,'Lamivudine');
INSERT INTO surgery (id,date,patient_id,doctor_id) VALUES (1144,'2019-12-24',231,369);
INSERT INTO meds_for_surgery (surgery_id,med) VALUES (1144,'Celecoxib');
INSERT INTO surgery (id,date,patient_id,doctor_id) VALUES (1145,'2019-11-23',448,275);
INSERT INTO meds_for_surgery (surgery_id,med) VALUES (1145,'Rilpivirine');
INSERT INTO surgery (id,date,patient_id,doctor_id) VALUES (1146,'2019-12-19',255,17);
INSERT INTO meds_for_surgery (surgery_id,med) VALUES (1146,'Famciclovir');
INSERT INTO surgery (id,date,patient_id,doctor_id) VALUES (1147,'2019-12-08',223,473);
INSERT INTO meds_for_surgery (surgery_id,med) VALUES (1147,'Interferon');
INSERT INTO surgery (id,date,patient_id,doctor_id) VALUES (1148,'2019-12-27',132,468);
INSERT INTO meds_for_surgery (surgery_id,med) VALUES (1148,'Efavirenz');
INSERT INTO surgery (id,date,patient_id,doctor_id) VALUES (1149,'2019-12-03',235,449);
INSERT INTO meds_for_surgery (surgery_id,med) VALUES (1149,'Cephalexin');
INSERT INTO surgery (id,date,patient_id,doctor_id) VALUES (1150,'2019-11-29',301,136);
INSERT INTO meds_for_surgery (surgery_id,med) VALUES (1150,'Allopurinol');
INSERT INTO surgery (id,date,patient_id,doctor_id) VALUES (1151,'2019-12-12',104,108);
INSERT INTO meds_for_surgery (surgery_id,med) VALUES (1151,'Atazanavir');
INSERT INTO surgery (id,date,patient_id,doctor_id) VALUES (1152,'2019-12-06',426,185);
INSERT INTO meds_for_surgery (surgery_id,med) VALUES (1152,'Clarithromycin');
INSERT INTO surgery (id,date,patient_id,doctor_id) VALUES (1153,'2019-12-10',426,55);
INSERT INTO meds_for_surgery (surgery_id,med) VALUES (1153,'Cefepime');
INSERT INTO surgery (id,date,patient_id,doctor_id) VALUES (1154,'2019-11-23',286,498);
INSERT INTO meds_for_surgery (surgery_id,med) VALUES (1154,'GM-CSF');
INSERT INTO surgery (id,date,patient_id,doctor_id) VALUES (1155,'2019-12-14',250,84);
INSERT INTO meds_for_surgery (surgery_id,med) VALUES (1155,'Captopril');
INSERT INTO surgery (id,date,patient_id,doctor_id) VALUES (1156,'2019-11-30',447,192);
INSERT INTO meds_for_surgery (surgery_id,med) VALUES (1156,'Enalapril');
INSERT INTO surgery (id,date,patient_id,doctor_id) VALUES (1157,'2019-12-26',483,182);
INSERT INTO meds_for_surgery (surgery_id,med) VALUES (1157,'Dornase alfa');
INSERT INTO surgery (id,date,patient_id,doctor_id) VALUES (1158,'2019-11-28',330,441);
INSERT INTO meds_for_surgery (surgery_id,med) VALUES (1158,'Dobutamine');
INSERT INTO surgery (id,date,patient_id,doctor_id) VALUES (1159,'2019-12-07',426,367);
INSERT INTO meds_for_surgery (surgery_id,med) VALUES (1159,'Cidofovir');
INSERT INTO surgery (id,date,patient_id,doctor_id) VALUES (1160,'2019-12-23',349,315);
INSERT INTO meds_for_surgery (surgery_id,med) VALUES (1160,'Codeine');
INSERT INTO surgery (id,date,patient_id,doctor_id) VALUES (1161,'2019-12-14',39,87);
INSERT INTO meds_for_surgery (surgery_id,med) VALUES (1161,'Cyclophosphamide');
INSERT INTO surgery (id,date,patient_id,doctor_id) VALUES (1162,'2019-12-24',479,315);
INSERT INTO meds_for_surgery (surgery_id,med) VALUES (1162,'Omeprazole');
INSERT INTO surgery (id,date,patient_id,doctor_id) VALUES (1163,'2019-12-23',250,451);
INSERT INTO meds_for_surgery (surgery_id,med) VALUES (1163,'Methadone');
INSERT INTO surgery (id,date,patient_id,doctor_id) VALUES (1164,'2019-12-23',250,56);
INSERT INTO meds_for_surgery (surgery_id,med) VALUES (1164,'Ruxolitinib');
INSERT INTO surgery (id,date,patient_id,doctor_id) VALUES (1165,'2019-11-24',424,333);
INSERT INTO meds_for_surgery (surgery_id,med) VALUES (1165,'Tretinoin');
INSERT INTO surgery (id,date,patient_id,doctor_id) VALUES (1166,'2019-12-22',171,29);
INSERT INTO meds_for_surgery (surgery_id,med) VALUES (1166,'Mesna');
INSERT INTO surgery (id,date,patient_id,doctor_id) VALUES (1167,'2019-12-09',188,246);
INSERT INTO meds_for_surgery (surgery_id,med) VALUES (1167,'Efavirenz');
INSERT INTO surgery (id,date,patient_id,doctor_id) VALUES (1168,'2019-12-07',161,315);
INSERT INTO meds_for_surgery (surgery_id,med) VALUES (1168,'Bosentan');
INSERT INTO surgery (id,date,patient_id,doctor_id) VALUES (1169,'2019-12-16',251,438);
INSERT INTO meds_for_surgery (surgery_id,med) VALUES (1169,'Foscarnet');
INSERT INTO surgery (id,date,patient_id,doctor_id) VALUES (1170,'2019-11-30',381,359);
INSERT INTO meds_for_surgery (surgery_id,med) VALUES (1170,'Diclofenac');
INSERT INTO surgery (id,date,patient_id,doctor_id) VALUES (1171,'2019-12-04',170,17);
INSERT INTO meds_for_surgery (surgery_id,med) VALUES (1171,'Immune');
INSERT INTO surgery (id,date,patient_id,doctor_id) VALUES (1172,'2019-12-12',251,17);
INSERT INTO meds_for_surgery (surgery_id,med) VALUES (1172,'Emtricitabine');
INSERT INTO surgery (id,date,patient_id,doctor_id) VALUES (1173,'2019-11-24',60,146);
INSERT INTO meds_for_surgery (surgery_id,med) VALUES (1173,'Tacrolimus');
INSERT INTO surgery (id,date,patient_id,doctor_id) VALUES (1174,'2019-12-25',69,182);
INSERT INTO meds_for_surgery (surgery_id,med) VALUES (1174,'Sucralfate');
INSERT INTO surgery (id,date,patient_id,doctor_id) VALUES (1175,'2019-12-14',316,491);
INSERT INTO meds_for_surgery (surgery_id,med) VALUES (1175,'Atenolol');
INSERT INTO surgery (id,date,patient_id,doctor_id) VALUES (1176,'2019-12-01',232,473);
INSERT INTO meds_for_surgery (surgery_id,med) VALUES (1176,'Atazanavir');
INSERT INTO surgery (id,date,patient_id,doctor_id) VALUES (1177,'2019-12-16',104,333);
INSERT INTO meds_for_surgery (surgery_id,med) VALUES (1177,'Hydralazine');
INSERT INTO surgery (id,date,patient_id,doctor_id) VALUES (1178,'2019-12-26',388,101);
INSERT INTO meds_for_surgery (surgery_id,med) VALUES (1178,'Pemetrexed');
INSERT INTO surgery (id,date,patient_id,doctor_id) VALUES (1179,'2019-12-22',121,498);
INSERT INTO meds_for_surgery (surgery_id,med) VALUES (1179,'Maraviroc');
INSERT INTO surgery (id,date,patient_id,doctor_id) VALUES (1180,'2019-12-13',411,319);
INSERT INTO meds_for_surgery (surgery_id,med) VALUES (1180,'Enoxaparin');
INSERT INTO surgery (id,date,patient_id,doctor_id) VALUES (1181,'2019-12-11',140,468);
INSERT INTO meds_for_surgery (surgery_id,med) VALUES (1181,'Methadone');
INSERT INTO surgery (id,date,patient_id,doctor_id) VALUES (1182,'2019-11-29',477,108);
INSERT INTO meds_for_surgery (surgery_id,med) VALUES (1182,'Valproic acid');
INSERT INTO surgery (id,date,patient_id,doctor_id) VALUES (1183,'2019-12-27',280,391);
INSERT INTO meds_for_surgery (surgery_id,med) VALUES (1183,'PEGaspargase');
INSERT INTO surgery (id,date,patient_id,doctor_id) VALUES (1184,'2019-12-08',374,439);
INSERT INTO meds_for_surgery (surgery_id,med) VALUES (1184,'Gemtuzumab');
INSERT INTO surgery (id,date,patient_id,doctor_id) VALUES (1185,'2019-12-16',482,267);
INSERT INTO meds_for_surgery (surgery_id,med) VALUES (1185,'Dinutuximab');
INSERT INTO surgery (id,date,patient_id,doctor_id) VALUES (1186,'2019-12-24',45,92);
INSERT INTO meds_for_surgery (surgery_id,med) VALUES (1186,'Hydromorphone');
INSERT INTO surgery (id,date,patient_id,doctor_id) VALUES (1187,'2019-11-26',354,367);
INSERT INTO meds_for_surgery (surgery_id,med) VALUES (1187,'Saquinavir');
INSERT INTO surgery (id,date,patient_id,doctor_id) VALUES (1188,'2019-11-28',194,172);
INSERT INTO meds_for_surgery (surgery_id,med) VALUES (1188,'Sucralfate');
INSERT INTO surgery (id,date,patient_id,doctor_id) VALUES (1189,'2019-12-23',141,493);
INSERT INTO meds_for_surgery (surgery_id,med) VALUES (1189,'Thioguanine');
INSERT INTO surgery (id,date,patient_id,doctor_id) VALUES (1190,'2019-11-28',445,108);
INSERT INTO meds_for_surgery (surgery_id,med) VALUES (1190,'Sirolimus');
INSERT INTO surgery (id,date,patient_id,doctor_id) VALUES (1191,'2019-12-12',444,87);
INSERT INTO meds_for_surgery (surgery_id,med) VALUES (1191,'Interleukin');
INSERT INTO surgery (id,date,patient_id,doctor_id) VALUES (1192,'2019-12-13',19,367);
INSERT INTO meds_for_surgery (surgery_id,med) VALUES (1192,'Vinblastine');
INSERT INTO surgery (id,date,patient_id,doctor_id) VALUES (1193,'2019-12-02',126,369);
INSERT INTO meds_for_surgery (surgery_id,med) VALUES (1193,'Ifosfamide');
INSERT INTO surgery (id,date,patient_id,doctor_id) VALUES (1194,'2019-12-22',410,449);
INSERT INTO meds_for_surgery (surgery_id,med) VALUES (1194,'Erythromycin');
INSERT INTO surgery (id,date,patient_id,doctor_id) VALUES (1195,'2019-11-23',406,491);
INSERT INTO meds_for_surgery (surgery_id,med) VALUES (1195,'Ifosfamide');
INSERT INTO surgery (id,date,patient_id,doctor_id) VALUES (1196,'2019-12-18',32,438);
INSERT INTO meds_for_surgery (surgery_id,med) VALUES (1196,'Enalapril');
INSERT INTO surgery (id,date,patient_id,doctor_id) VALUES (1197,'2019-12-22',388,473);
INSERT INTO meds_for_surgery (surgery_id,med) VALUES (1197,'Micafungin');
INSERT INTO surgery (id,date,patient_id,doctor_id) VALUES (1198,'2019-12-17',460,226);
INSERT INTO meds_for_surgery (surgery_id,med) VALUES (1198,'Erythromycin');
INSERT INTO surgery (id,date,patient_id,doctor_id) VALUES (1199,'2019-11-29',419,185);
INSERT INTO meds_for_surgery (surgery_id,med) VALUES (1199,'Hydrocortisone');
INSERT INTO surgery (id,date,patient_id,doctor_id) VALUES (1200,'2019-12-24',406,313);
INSERT INTO meds_for_surgery (surgery_id,med) VALUES (1200,'Lopinavir');
INSERT INTO surgery (id,date,patient_id,doctor_id) VALUES (1201,'2019-12-20',90,319);
INSERT INTO meds_for_surgery (surgery_id,med) VALUES (1201,'Didanosine');
INSERT INTO surgery (id,date,patient_id,doctor_id) VALUES (1202,'2019-12-04',354,274);
INSERT INTO meds_for_surgery (surgery_id,med) VALUES (1202,'Cytarabine');
INSERT INTO surgery (id,date,patient_id,doctor_id) VALUES (1203,'2019-11-28',194,185);
INSERT INTO meds_for_surgery (surgery_id,med) VALUES (1203,'Modafinil');
INSERT INTO surgery (id,date,patient_id,doctor_id) VALUES (1204,'2019-12-25',109,270);
INSERT INTO meds_for_surgery (surgery_id,med) VALUES (1204,'Lopinavir');
INSERT INTO surgery (id,date,patient_id,doctor_id) VALUES (1205,'2019-12-21',480,182);
INSERT INTO meds_for_surgery (surgery_id,med) VALUES (1205,'Alendronate');
INSERT INTO surgery (id,date,patient_id,doctor_id) VALUES (1206,'2019-11-27',132,268);
INSERT INTO meds_for_surgery (surgery_id,med) VALUES (1206,'Ritonavir');
INSERT INTO surgery (id,date,patient_id,doctor_id) VALUES (1207,'2019-11-27',69,386);
INSERT INTO meds_for_surgery (surgery_id,med) VALUES (1207,'Dexamethasone');
INSERT INTO surgery (id,date,patient_id,doctor_id) VALUES (1208,'2019-12-06',287,117);
INSERT INTO meds_for_surgery (surgery_id,med) VALUES (1208,'Tobramycin');
INSERT INTO surgery (id,date,patient_id,doctor_id) VALUES (1209,'2019-12-03',250,108);
INSERT INTO meds_for_surgery (surgery_id,med) VALUES (1209,'Eltrombopag');
INSERT INTO surgery (id,date,patient_id,doctor_id) VALUES (1210,'2019-12-15',381,493);
INSERT INTO meds_for_surgery (surgery_id,med) VALUES (1210,'Meropenem');
INSERT INTO surgery (id,date,patient_id,doctor_id) VALUES (1211,'2019-12-04',231,84);
INSERT INTO meds_for_surgery (surgery_id,med) VALUES (1211,'Cyproheptadine');
INSERT INTO surgery (id,date,patient_id,doctor_id) VALUES (1212,'2019-11-26',64,498);
INSERT INTO meds_for_surgery (surgery_id,med) VALUES (1212,'Fludarabine');
INSERT INTO surgery (id,date,patient_id,doctor_id) VALUES (1213,'2019-11-28',234,107);
INSERT INTO meds_for_surgery (surgery_id,med) VALUES (1213,'Diclofenac');
INSERT INTO surgery (id,date,patient_id,doctor_id) VALUES (1214,'2019-12-09',34,285);
INSERT INTO meds_for_surgery (surgery_id,med) VALUES (1214,'Thiotepa');
INSERT INTO surgery (id,date,patient_id,doctor_id) VALUES (1215,'2019-12-15',430,391);
INSERT INTO meds_for_surgery (surgery_id,med) VALUES (1215,'Erythromycin');
INSERT INTO surgery (id,date,patient_id,doctor_id) VALUES (1216,'2019-11-30',444,434);
INSERT INTO meds_for_surgery (surgery_id,med) VALUES (1216,'Dopamine');
INSERT INTO surgery (id,date,patient_id,doctor_id) VALUES (1217,'2019-12-26',64,270);
INSERT INTO meds_for_surgery (surgery_id,med) VALUES (1217,'Valproic acid');
INSERT INTO surgery (id,date,patient_id,doctor_id) VALUES (1218,'2019-12-06',155,438);
INSERT INTO meds_for_surgery (surgery_id,med) VALUES (1218,'Atazanavir');
INSERT INTO surgery (id,date,patient_id,doctor_id) VALUES (1219,'2019-12-23',483,315);
INSERT INTO meds_for_surgery (surgery_id,med) VALUES (1219,'GM-CSF');
INSERT INTO surgery (id,date,patient_id,doctor_id) VALUES (1220,'2019-11-29',109,136);
INSERT INTO meds_for_surgery (surgery_id,med) VALUES (1220,'Amoxicillin');
INSERT INTO surgery (id,date,patient_id,doctor_id) VALUES (1221,'2019-12-16',140,391);
INSERT INTO meds_for_surgery (surgery_id,med) VALUES (1221,'Dobutamine');
INSERT INTO surgery (id,date,patient_id,doctor_id) VALUES (1222,'2019-11-28',186,137);
INSERT INTO meds_for_surgery (surgery_id,med) VALUES (1222,'Mechlorethamine');
INSERT INTO surgery (id,date,patient_id,doctor_id) VALUES (1223,'2019-12-08',135,322);
INSERT INTO meds_for_surgery (surgery_id,med) VALUES (1223,'Dasatinib');
INSERT INTO surgery (id,date,patient_id,doctor_id) VALUES (1224,'2019-12-26',186,384);
INSERT INTO meds_for_surgery (surgery_id,med) VALUES (1224,'Pemetrexed');
INSERT INTO surgery (id,date,patient_id,doctor_id) VALUES (1225,'2019-12-02',21,359);
INSERT INTO meds_for_surgery (surgery_id,med) VALUES (1225,'Lamivudine');
INSERT INTO surgery (id,date,patient_id,doctor_id) VALUES (1226,'2019-12-02',286,493);
INSERT INTO meds_for_surgery (surgery_id,med) VALUES (1226,'Interferon');
INSERT INTO surgery (id,date,patient_id,doctor_id) VALUES (1227,'2019-11-30',69,403);
INSERT INTO meds_for_surgery (surgery_id,med) VALUES (1227,'Hydrocodone');
INSERT INTO surgery (id,date,patient_id,doctor_id) VALUES (1228,'2019-12-10',231,84);
INSERT INTO meds_for_surgery (surgery_id,med) VALUES (1228,'Erythromycin');
INSERT INTO surgery (id,date,patient_id,doctor_id) VALUES (1229,'2019-12-12',230,143);
INSERT INTO meds_for_surgery (surgery_id,med) VALUES (1229,'Atovaquone');
INSERT INTO surgery (id,date,patient_id,doctor_id) VALUES (1230,'2019-11-26',170,55);
INSERT INTO meds_for_surgery (surgery_id,med) VALUES (1230,'Oxycodone');
INSERT INTO surgery (id,date,patient_id,doctor_id) VALUES (1231,'2019-11-27',112,353);
INSERT INTO meds_for_surgery (surgery_id,med) VALUES (1231,'Allopurinol');
INSERT INTO surgery (id,date,patient_id,doctor_id) VALUES (1232,'2019-12-17',141,97);
INSERT INTO meds_for_surgery (surgery_id,med) VALUES (1232,'Tenofovir');
INSERT INTO surgery (id,date,patient_id,doctor_id) VALUES (1233,'2019-12-16',60,92);
INSERT INTO meds_for_surgery (surgery_id,med) VALUES (1233,'Carmustine');
INSERT INTO surgery (id,date,patient_id,doctor_id) VALUES (1234,'2019-11-23',141,353);
INSERT INTO meds_for_surgery (surgery_id,med) VALUES (1234,'Labetalol');
INSERT INTO surgery (id,date,patient_id,doctor_id) VALUES (1235,'2019-11-26',354,355);
INSERT INTO meds_for_surgery (surgery_id,med) VALUES (1235,'Mesna');
INSERT INTO surgery (id,date,patient_id,doctor_id) VALUES (1236,'2019-12-16',410,441);
INSERT INTO meds_for_surgery (surgery_id,med) VALUES (1236,'Neuromuscular');
INSERT INTO surgery (id,date,patient_id,doctor_id) VALUES (1237,'2019-12-11',199,182);
INSERT INTO meds_for_surgery (surgery_id,med) VALUES (1237,'Rivaroxaban');
INSERT INTO surgery (id,date,patient_id,doctor_id) VALUES (1238,'2019-11-26',255,491);
INSERT INTO meds_for_surgery (surgery_id,med) VALUES (1238,'Propoxyphene');
INSERT INTO surgery (id,date,patient_id,doctor_id) VALUES (1239,'2019-11-28',483,58);
INSERT INTO meds_for_surgery (surgery_id,med) VALUES (1239,'Etravirine');
INSERT INTO surgery (id,date,patient_id,doctor_id) VALUES (1240,'2019-12-20',440,137);
INSERT INTO meds_for_surgery (surgery_id,med) VALUES (1240,'Mitoxantrone');
INSERT INTO surgery (id,date,patient_id,doctor_id) VALUES (1241,'2019-12-15',461,386);
INSERT INTO meds_for_surgery (surgery_id,med) VALUES (1241,'Doxorubicin');
INSERT INTO surgery (id,date,patient_id,doctor_id) VALUES (1242,'2019-12-17',251,86);
INSERT INTO meds_for_surgery (surgery_id,med) VALUES (1242,'Fludarabine');
INSERT INTO surgery (id,date,patient_id,doctor_id) VALUES (1243,'2019-12-25',89,146);
INSERT INTO meds_for_surgery (surgery_id,med) VALUES (1243,'Dactinomycin');
INSERT INTO surgery (id,date,patient_id,doctor_id) VALUES (1244,'2019-12-27',251,267);
INSERT INTO meds_for_surgery (surgery_id,med) VALUES (1244,'Pentamidine');
INSERT INTO surgery (id,date,patient_id,doctor_id) VALUES (1245,'2019-12-03',482,284);
INSERT INTO meds_for_surgery (surgery_id,med) VALUES (1245,'Metronidazole');
INSERT INTO surgery (id,date,patient_id,doctor_id) VALUES (1246,'2019-12-09',135,272);
INSERT INTO meds_for_surgery (surgery_id,med) VALUES (1246,'Bosentan');
INSERT INTO surgery (id,date,patient_id,doctor_id) VALUES (1247,'2019-12-15',140,182);
INSERT INTO meds_for_surgery (surgery_id,med) VALUES (1247,'Azithromycin');
INSERT INTO surgery (id,date,patient_id,doctor_id) VALUES (1248,'2019-11-25',141,438);
INSERT INTO meds_for_surgery (surgery_id,med) VALUES (1248,'Meropenem');
INSERT INTO surgery (id,date,patient_id,doctor_id) VALUES (1249,'2019-12-01',480,473);
INSERT INTO meds_for_surgery (surgery_id,med) VALUES (1249,'Imatinib');
INSERT INTO surgery (id,date,patient_id,doctor_id) VALUES (1250,'2019-12-26',219,182);
INSERT INTO meds_for_surgery (surgery_id,med) VALUES (1250,'Propoxyphene');
INSERT INTO surgery (id,date,patient_id,doctor_id) VALUES (1251,'2019-11-29',23,384);
INSERT INTO meds_for_surgery (surgery_id,med) VALUES (1251,'Dexamethasone');
INSERT INTO surgery (id,date,patient_id,doctor_id) VALUES (1252,'2019-12-19',186,107);
INSERT INTO meds_for_surgery (surgery_id,med) VALUES (1252,'Aprepitant');
INSERT INTO surgery (id,date,patient_id,doctor_id) VALUES (1253,'2019-12-23',431,332);
INSERT INTO meds_for_surgery (surgery_id,med) VALUES (1253,'Voriconazole');
INSERT INTO surgery (id,date,patient_id,doctor_id) VALUES (1254,'2019-12-23',301,333);
INSERT INTO meds_for_surgery (surgery_id,med) VALUES (1254,'Penicillin');
INSERT INTO surgery (id,date,patient_id,doctor_id) VALUES (1255,'2019-12-14',121,136);
INSERT INTO meds_for_surgery (surgery_id,med) VALUES (1255,'Amitriptyline');
INSERT INTO surgery (id,date,patient_id,doctor_id) VALUES (1256,'2019-12-24',235,272);
INSERT INTO meds_for_surgery (surgery_id,med) VALUES (1256,'Foscarnet');
INSERT INTO surgery (id,date,patient_id,doctor_id) VALUES (1257,'2019-12-18',37,333);
INSERT INTO meds_for_surgery (surgery_id,med) VALUES (1257,'Enalapril');
INSERT INTO surgery (id,date,patient_id,doctor_id) VALUES (1258,'2019-12-10',427,246);
INSERT INTO meds_for_surgery (surgery_id,med) VALUES (1258,'Lopinavir');
INSERT INTO surgery (id,date,patient_id,doctor_id) VALUES (1259,'2019-12-24',440,136);
INSERT INTO meds_for_surgery (surgery_id,med) VALUES (1259,'Megestrol acetate');
INSERT INTO surgery (id,date,patient_id,doctor_id) VALUES (1260,'2019-12-18',32,359);
INSERT INTO meds_for_surgery (surgery_id,med) VALUES (1260,'Aminocaproic Acid');
INSERT INTO surgery (id,date,patient_id,doctor_id) VALUES (1261,'2019-12-19',161,285);
INSERT INTO meds_for_surgery (surgery_id,med) VALUES (1261,'Metronidazole');
INSERT INTO surgery (id,date,patient_id,doctor_id) VALUES (1262,'2019-11-28',426,57);
INSERT INTO meds_for_surgery (surgery_id,med) VALUES (1262,'Nelfinavir');
INSERT INTO surgery (id,date,patient_id,doctor_id) VALUES (1263,'2019-11-23',235,498);
INSERT INTO meds_for_surgery (surgery_id,med) VALUES (1263,'Ketoconazole');
INSERT INTO surgery (id,date,patient_id,doctor_id) VALUES (1264,'2019-11-26',104,143);
INSERT INTO meds_for_surgery (surgery_id,med) VALUES (1264,'Desmopressin');
INSERT INTO surgery (id,date,patient_id,doctor_id) VALUES (1265,'2019-12-20',21,192);
INSERT INTO meds_for_surgery (surgery_id,med) VALUES (1265,'Hydralazine');
INSERT INTO surgery (id,date,patient_id,doctor_id) VALUES (1266,'2019-11-28',440,491);
INSERT INTO meds_for_surgery (surgery_id,med) VALUES (1266,'Desmopressin');
INSERT INTO surgery (id,date,patient_id,doctor_id) VALUES (1267,'2019-12-19',34,211);
INSERT INTO meds_for_surgery (surgery_id,med) VALUES (1267,'Bosentan');
INSERT INTO surgery (id,date,patient_id,doctor_id) VALUES (1268,'2019-12-15',411,473);
INSERT INTO meds_for_surgery (surgery_id,med) VALUES (1268,'Pentamidine');
INSERT INTO surgery (id,date,patient_id,doctor_id) VALUES (1269,'2019-12-27',431,189);
INSERT INTO meds_for_surgery (surgery_id,med) VALUES (1269,'Emicizumab');
INSERT INTO surgery (id,date,patient_id,doctor_id) VALUES (1270,'2019-12-27',256,29);
INSERT INTO meds_for_surgery (surgery_id,med) VALUES (1270,'Cyclobenzaprine');
INSERT INTO surgery (id,date,patient_id,doctor_id) VALUES (1271,'2019-12-25',49,333);
INSERT INTO meds_for_surgery (surgery_id,med) VALUES (1271,'Rilpivirine');
INSERT INTO surgery (id,date,patient_id,doctor_id) VALUES (1272,'2019-12-09',483,352);
INSERT INTO meds_for_surgery (surgery_id,med) VALUES (1272,'Didanosine');
INSERT INTO surgery (id,date,patient_id,doctor_id) VALUES (1273,'2019-12-21',479,143);
INSERT INTO meds_for_surgery (surgery_id,med) VALUES (1273,'Amitriptyline');
INSERT INTO surgery (id,date,patient_id,doctor_id) VALUES (1274,'2019-12-07',269,300);
INSERT INTO meds_for_surgery (surgery_id,med) VALUES (1274,'Linezolid');
INSERT INTO surgery (id,date,patient_id,doctor_id) VALUES (1275,'2019-11-30',231,412);
INSERT INTO meds_for_surgery (surgery_id,med) VALUES (1275,'Procarbazine');
INSERT INTO surgery (id,date,patient_id,doctor_id) VALUES (1276,'2019-12-07',113,267);
INSERT INTO meds_for_surgery (surgery_id,med) VALUES (1276,'Meperidine');
INSERT INTO surgery (id,date,patient_id,doctor_id) VALUES (1277,'2019-12-22',49,367);
INSERT INTO meds_for_surgery (surgery_id,med) VALUES (1277,'Allopurinol');
INSERT INTO surgery (id,date,patient_id,doctor_id) VALUES (1278,'2019-12-03',430,332);
INSERT INTO meds_for_surgery (surgery_id,med) VALUES (1278,'Vorinostat');
INSERT INTO surgery (id,date,patient_id,doctor_id) VALUES (1279,'2019-12-26',328,352);
INSERT INTO meds_for_surgery (surgery_id,med) VALUES (1279,'Furosemide');
INSERT INTO surgery (id,date,patient_id,doctor_id) VALUES (1280,'2019-12-21',37,355);
INSERT INTO meds_for_surgery (surgery_id,med) VALUES (1280,'Asparaginase');
INSERT INTO surgery (id,date,patient_id,doctor_id) VALUES (1281,'2019-12-13',293,473);
INSERT INTO meds_for_surgery (surgery_id,med) VALUES (1281,'Hydromorphone');
INSERT INTO surgery (id,date,patient_id,doctor_id) VALUES (1282,'2019-12-09',280,108);
INSERT INTO meds_for_surgery (surgery_id,med) VALUES (1282,'Mesna');
INSERT INTO surgery (id,date,patient_id,doctor_id) VALUES (1283,'2019-12-12',436,92);
INSERT INTO meds_for_surgery (surgery_id,med) VALUES (1283,'Raltegravir');
INSERT INTO surgery (id,date,patient_id,doctor_id) VALUES (1284,'2019-12-09',447,4);
INSERT INTO meds_for_surgery (surgery_id,med) VALUES (1284,'Amitriptyline');
INSERT INTO surgery (id,date,patient_id,doctor_id) VALUES (1285,'2019-12-16',280,451);
INSERT INTO meds_for_surgery (surgery_id,med) VALUES (1285,'Carmustine');
INSERT INTO surgery (id,date,patient_id,doctor_id) VALUES (1286,'2019-11-23',411,172);
INSERT INTO meds_for_surgery (surgery_id,med) VALUES (1286,'Foscarnet');
INSERT INTO surgery (id,date,patient_id,doctor_id) VALUES (1287,'2019-11-25',64,4);
INSERT INTO meds_for_surgery (surgery_id,med) VALUES (1287,'Clofarabine');
INSERT INTO surgery (id,date,patient_id,doctor_id) VALUES (1288,'2019-12-02',21,137);
INSERT INTO meds_for_surgery (surgery_id,med) VALUES (1288,'Dornase alfa');
INSERT INTO surgery (id,date,patient_id,doctor_id) VALUES (1289,'2019-12-04',219,451);
INSERT INTO meds_for_surgery (surgery_id,med) VALUES (1289,'Erlotinib');
INSERT INTO surgery (id,date,patient_id,doctor_id) VALUES (1290,'2019-12-09',247,386);
INSERT INTO meds_for_surgery (surgery_id,med) VALUES (1290,'Bleomycin');
INSERT INTO surgery (id,date,patient_id,doctor_id) VALUES (1291,'2019-12-18',122,491);
INSERT INTO meds_for_surgery (surgery_id,med) VALUES (1291,'G-CSF');
INSERT INTO surgery (id,date,patient_id,doctor_id) VALUES (1292,'2019-12-13',400,182);
INSERT INTO meds_for_surgery (surgery_id,med) VALUES (1292,'Levothyroxine');
INSERT INTO surgery (id,date,patient_id,doctor_id) VALUES (1293,'2019-11-23',435,491);
INSERT INTO meds_for_surgery (surgery_id,med) VALUES (1293,'Enoxaparin');
INSERT INTO surgery (id,date,patient_id,doctor_id) VALUES (1294,'2019-11-30',199,275);
INSERT INTO meds_for_surgery (surgery_id,med) VALUES (1294,'Heparin');
INSERT INTO surgery (id,date,patient_id,doctor_id) VALUES (1295,'2019-11-29',37,182);
INSERT INTO meds_for_surgery (surgery_id,med) VALUES (1295,'Mitoxantrone');
INSERT INTO surgery (id,date,patient_id,doctor_id) VALUES (1296,'2019-12-11',113,498);
INSERT INTO meds_for_surgery (surgery_id,med) VALUES (1296,'Mechlorethamine');
INSERT INTO surgery (id,date,patient_id,doctor_id) VALUES (1297,'2019-12-18',287,412);
INSERT INTO meds_for_surgery (surgery_id,med) VALUES (1297,'Penicillin');
INSERT INTO surgery (id,date,patient_id,doctor_id) VALUES (1298,'2019-12-05',256,315);
INSERT INTO meds_for_surgery (surgery_id,med) VALUES (1298,'Dornase alfa');
INSERT INTO surgery (id,date,patient_id,doctor_id) VALUES (1299,'2019-12-09',400,434);
INSERT INTO meds_for_surgery (surgery_id,med) VALUES (1299,'Cladribine');
INSERT INTO surgery (id,date,patient_id,doctor_id) VALUES (1300,'2019-12-01',109,58);
INSERT INTO meds_for_surgery (surgery_id,med) VALUES (1300,'Dexamethasone');
INSERT INTO surgery (id,date,patient_id,doctor_id) VALUES (1301,'2019-12-03',109,143);
INSERT INTO meds_for_surgery (surgery_id,med) VALUES (1301,'Valproic acid');
INSERT INTO surgery (id,date,patient_id,doctor_id) VALUES (1302,'2019-12-13',460,300);
INSERT INTO meds_for_surgery (surgery_id,med) VALUES (1302,'Cefaclor');
INSERT INTO surgery (id,date,patient_id,doctor_id) VALUES (1303,'2019-12-24',327,468);
INSERT INTO meds_for_surgery (surgery_id,med) VALUES (1303,'Valproic acid');
INSERT INTO surgery (id,date,patient_id,doctor_id) VALUES (1304,'2019-11-23',477,319);
INSERT INTO meds_for_surgery (surgery_id,med) VALUES (1304,'Warfarin');
INSERT INTO surgery (id,date,patient_id,doctor_id) VALUES (1305,'2019-11-27',483,384);
INSERT INTO meds_for_surgery (surgery_id,med) VALUES (1305,'Hydrocortisone');
INSERT INTO surgery (id,date,patient_id,doctor_id) VALUES (1306,'2019-12-15',294,441);
INSERT INTO meds_for_surgery (surgery_id,med) VALUES (1306,'Rilpivirine');
INSERT INTO surgery (id,date,patient_id,doctor_id) VALUES (1307,'2019-12-10',104,493);
INSERT INTO meds_for_surgery (surgery_id,med) VALUES (1307,'Fluconazole');
INSERT INTO surgery (id,date,patient_id,doctor_id) VALUES (1308,'2019-12-07',461,319);
INSERT INTO meds_for_surgery (surgery_id,med) VALUES (1308,'Sunitinib');
INSERT INTO surgery (id,date,patient_id,doctor_id) VALUES (1309,'2019-11-27',419,355);
INSERT INTO meds_for_surgery (surgery_id,med) VALUES (1309,'Amoxicillin');
INSERT INTO surgery (id,date,patient_id,doctor_id) VALUES (1310,'2019-12-14',34,125);
INSERT INTO meds_for_surgery (surgery_id,med) VALUES (1310,'Zidovudine');
INSERT INTO surgery (id,date,patient_id,doctor_id) VALUES (1311,'2019-12-10',37,117);
INSERT INTO meds_for_surgery (surgery_id,med) VALUES (1311,'Maraviroc');
INSERT INTO surgery (id,date,patient_id,doctor_id) VALUES (1312,'2019-12-12',479,268);
INSERT INTO meds_for_surgery (surgery_id,med) VALUES (1312,'Amitriptyline');
INSERT INTO surgery (id,date,patient_id,doctor_id) VALUES (1313,'2019-12-08',445,386);
INSERT INTO meds_for_surgery (surgery_id,med) VALUES (1313,'Magnesium');
INSERT INTO surgery (id,date,patient_id,doctor_id) VALUES (1314,'2019-12-01',269,396);
INSERT INTO meds_for_surgery (surgery_id,med) VALUES (1314,'Labetalol');
INSERT INTO surgery (id,date,patient_id,doctor_id) VALUES (1315,'2019-12-09',180,439);
INSERT INTO meds_for_surgery (surgery_id,med) VALUES (1315,'Asparaginase');
INSERT INTO surgery (id,date,patient_id,doctor_id) VALUES (1316,'2019-12-07',410,313);
INSERT INTO meds_for_surgery (surgery_id,med) VALUES (1316,'Norepinephrine');
INSERT INTO surgery (id,date,patient_id,doctor_id) VALUES (1317,'2019-12-09',104,369);
INSERT INTO meds_for_surgery (surgery_id,med) VALUES (1317,'GM-CSF');
INSERT INTO surgery (id,date,patient_id,doctor_id) VALUES (1318,'2019-12-22',150,353);
INSERT INTO meds_for_surgery (surgery_id,med) VALUES (1318,'Erythropoietin');
INSERT INTO surgery (id,date,patient_id,doctor_id) VALUES (1319,'2019-11-27',120,4);
INSERT INTO meds_for_surgery (surgery_id,med) VALUES (1319,'Pegfilgrastim');
INSERT INTO surgery (id,date,patient_id,doctor_id) VALUES (1320,'2019-12-07',255,146);
INSERT INTO meds_for_surgery (surgery_id,med) VALUES (1320,'Mitotane');
INSERT INTO surgery (id,date,patient_id,doctor_id) VALUES (1321,'2019-12-11',411,56);
INSERT INTO meds_for_surgery (surgery_id,med) VALUES (1321,'Paclitaxel');
INSERT INTO surgery (id,date,patient_id,doctor_id) VALUES (1322,'2019-12-04',406,498);
INSERT INTO meds_for_surgery (surgery_id,med) VALUES (1322,'Warfarin');
INSERT INTO surgery (id,date,patient_id,doctor_id) VALUES (1323,'2019-12-01',32,172);
INSERT INTO meds_for_surgery (surgery_id,med) VALUES (1323,'Lomustine');
INSERT INTO surgery (id,date,patient_id,doctor_id) VALUES (1324,'2019-12-02',374,319);
INSERT INTO meds_for_surgery (surgery_id,med) VALUES (1324,'Ceftazidime');
INSERT INTO surgery (id,date,patient_id,doctor_id) VALUES (1325,'2019-12-26',49,284);
INSERT INTO meds_for_surgery (surgery_id,med) VALUES (1325,'Oxycodone');
INSERT INTO surgery (id,date,patient_id,doctor_id) VALUES (1326,'2019-12-05',259,353);
INSERT INTO meds_for_surgery (surgery_id,med) VALUES (1326,'Stavudine');
INSERT INTO surgery (id,date,patient_id,doctor_id) VALUES (1327,'2019-12-25',427,369);
INSERT INTO meds_for_surgery (surgery_id,med) VALUES (1327,'Vancomycin');
INSERT INTO surgery (id,date,patient_id,doctor_id) VALUES (1328,'2019-11-23',34,319);
INSERT INTO meds_for_surgery (surgery_id,med) VALUES (1328,'Trimethoprim');
INSERT INTO surgery (id,date,patient_id,doctor_id) VALUES (1329,'2019-12-20',34,117);
INSERT INTO meds_for_surgery (surgery_id,med) VALUES (1329,'Linezolid');
INSERT INTO surgery (id,date,patient_id,doctor_id) VALUES (1330,'2019-12-08',354,102);
INSERT INTO meds_for_surgery (surgery_id,med) VALUES (1330,'Etoposide');
INSERT INTO surgery (id,date,patient_id,doctor_id) VALUES (1331,'2019-11-27',171,189);
INSERT INTO meds_for_surgery (surgery_id,med) VALUES (1331,'Alemtuzumab');
INSERT INTO surgery (id,date,patient_id,doctor_id) VALUES (1332,'2019-12-10',430,271);
INSERT INTO meds_for_surgery (surgery_id,med) VALUES (1332,'Sugammadex');
INSERT INTO surgery (id,date,patient_id,doctor_id) VALUES (1333,'2019-11-28',132,58);
INSERT INTO meds_for_surgery (surgery_id,med) VALUES (1333,'Dacarbazine');
INSERT INTO surgery (id,date,patient_id,doctor_id) VALUES (1334,'2019-12-04',37,352);
INSERT INTO meds_for_surgery (surgery_id,med) VALUES (1334,'Amifostine');
INSERT INTO surgery (id,date,patient_id,doctor_id) VALUES (1335,'2019-11-28',45,117);
INSERT INTO meds_for_surgery (surgery_id,med) VALUES (1335,'Granisetron');
INSERT INTO surgery (id,date,patient_id,doctor_id) VALUES (1336,'2019-12-23',171,125);
INSERT INTO meds_for_surgery (surgery_id,med) VALUES (1336,'Imipenem');
INSERT INTO surgery (id,date,patient_id,doctor_id) VALUES (1337,'2019-11-27',126,182);
INSERT INTO meds_for_surgery (surgery_id,med) VALUES (1337,'Etravirine');
INSERT INTO surgery (id,date,patient_id,doctor_id) VALUES (1338,'2019-12-04',374,29);
INSERT INTO meds_for_surgery (surgery_id,med) VALUES (1338,'Desmopressin');
INSERT INTO surgery (id,date,patient_id,doctor_id) VALUES (1339,'2019-12-23',135,353);
INSERT INTO meds_for_surgery (surgery_id,med) VALUES (1339,'Irinotecan');
INSERT INTO surgery (id,date,patient_id,doctor_id) VALUES (1340,'2019-12-10',104,434);
INSERT INTO meds_for_surgery (surgery_id,med) VALUES (1340,'Crizotinib');
INSERT INTO surgery (id,date,patient_id,doctor_id) VALUES (1341,'2019-12-02',199,465);
INSERT INTO meds_for_surgery (surgery_id,med) VALUES (1341,'Amlodipine');
INSERT INTO surgery (id,date,patient_id,doctor_id) VALUES (1342,'2019-12-26',186,434);
INSERT INTO meds_for_surgery (surgery_id,med) VALUES (1342,'Deferasirox');
INSERT INTO surgery (id,date,patient_id,doctor_id) VALUES (1343,'2019-12-25',132,87);
INSERT INTO meds_for_surgery (surgery_id,med) VALUES (1343,'Propoxyphene');
INSERT INTO surgery (id,date,patient_id,doctor_id) VALUES (1344,'2019-12-19',45,333);
INSERT INTO meds_for_surgery (surgery_id,med) VALUES (1344,'Oxycodone');
INSERT INTO surgery (id,date,patient_id,doctor_id) VALUES (1345,'2019-12-17',188,284);
INSERT INTO meds_for_surgery (surgery_id,med) VALUES (1345,'Metronidazole');
INSERT INTO surgery (id,date,patient_id,doctor_id) VALUES (1346,'2019-12-08',447,333);
INSERT INTO meds_for_surgery (surgery_id,med) VALUES (1346,'Amoxicillin');
INSERT INTO surgery (id,date,patient_id,doctor_id) VALUES (1347,'2019-12-25',179,275);
INSERT INTO meds_for_surgery (surgery_id,med) VALUES (1347,'Cyclobenzaprine');
INSERT INTO surgery (id,date,patient_id,doctor_id) VALUES (1348,'2019-12-25',124,491);
INSERT INTO meds_for_surgery (surgery_id,med) VALUES (1348,'Captopril');
INSERT INTO surgery (id,date,patient_id,doctor_id) VALUES (1349,'2019-11-29',346,284);
INSERT INTO meds_for_surgery (surgery_id,med) VALUES (1349,'Hydralazine');
INSERT INTO surgery (id,date,patient_id,doctor_id) VALUES (1350,'2019-12-03',210,396);
INSERT INTO meds_for_surgery (surgery_id,med) VALUES (1350,'Clindamycin');
INSERT INTO surgery (id,date,patient_id,doctor_id) VALUES (1351,'2019-11-28',126,319);
INSERT INTO meds_for_surgery (surgery_id,med) VALUES (1351,'Etonogestrel');
INSERT INTO surgery (id,date,patient_id,doctor_id) VALUES (1352,'2019-12-06',34,102);
INSERT INTO meds_for_surgery (surgery_id,med) VALUES (1352,'Deferasirox');
INSERT INTO surgery (id,date,patient_id,doctor_id) VALUES (1353,'2019-12-22',21,192);
INSERT INTO meds_for_surgery (surgery_id,med) VALUES (1353,'Itraconazole');
INSERT INTO surgery (id,date,patient_id,doctor_id) VALUES (1354,'2019-12-02',247,369);
INSERT INTO meds_for_surgery (surgery_id,med) VALUES (1354,'Cyproheptadine');
INSERT INTO surgery (id,date,patient_id,doctor_id) VALUES (1355,'2019-12-13',235,57);
INSERT INTO meds_for_surgery (surgery_id,med) VALUES (1355,'Fluconazole');
INSERT INTO surgery (id,date,patient_id,doctor_id) VALUES (1356,'2019-12-10',130,359);
INSERT INTO meds_for_surgery (surgery_id,med) VALUES (1356,'Zidovudine');
INSERT INTO surgery (id,date,patient_id,doctor_id) VALUES (1357,'2019-12-08',400,108);
INSERT INTO meds_for_surgery (surgery_id,med) VALUES (1357,'Diclofenac');
INSERT INTO surgery (id,date,patient_id,doctor_id) VALUES (1358,'2019-12-03',52,441);
INSERT INTO meds_for_surgery (surgery_id,med) VALUES (1358,'Darunavir');
INSERT INTO surgery (id,date,patient_id,doctor_id) VALUES (1359,'2019-11-24',427,92);
INSERT INTO meds_for_surgery (surgery_id,med) VALUES (1359,'Raltegravir');
INSERT INTO surgery (id,date,patient_id,doctor_id) VALUES (1360,'2019-12-02',482,272);
INSERT INTO meds_for_surgery (surgery_id,med) VALUES (1360,'Posaconazole');
INSERT INTO surgery (id,date,patient_id,doctor_id) VALUES (1361,'2019-12-13',444,172);
INSERT INTO meds_for_surgery (surgery_id,med) VALUES (1361,'Ceftazidime');
INSERT INTO surgery (id,date,patient_id,doctor_id) VALUES (1362,'2019-12-15',336,396);
INSERT INTO meds_for_surgery (surgery_id,med) VALUES (1362,'Modafinil');
INSERT INTO surgery (id,date,patient_id,doctor_id) VALUES (1363,'2019-11-29',483,409);
INSERT INTO meds_for_surgery (surgery_id,med) VALUES (1363,'Rilpivirine');
INSERT INTO surgery (id,date,patient_id,doctor_id) VALUES (1364,'2019-12-27',132,285);
INSERT INTO meds_for_surgery (surgery_id,med) VALUES (1364,'Cefepime');
INSERT INTO surgery (id,date,patient_id,doctor_id) VALUES (1365,'2019-11-26',255,332);
INSERT INTO meds_for_surgery (surgery_id,med) VALUES (1365,'Imatinib');
INSERT INTO surgery (id,date,patient_id,doctor_id) VALUES (1366,'2019-12-06',330,117);
INSERT INTO meds_for_surgery (surgery_id,med) VALUES (1366,'Imatinib');
INSERT INTO surgery (id,date,patient_id,doctor_id) VALUES (1367,'2019-12-11',426,333);
INSERT INTO meds_for_surgery (surgery_id,med) VALUES (1367,'Omeprazole');
INSERT INTO surgery (id,date,patient_id,doctor_id) VALUES (1368,'2019-12-05',328,108);
INSERT INTO meds_for_surgery (surgery_id,med) VALUES (1368,'Clofarabine');
INSERT INTO surgery (id,date,patient_id,doctor_id) VALUES (1369,'2019-12-17',230,272);
INSERT INTO meds_for_surgery (surgery_id,med) VALUES (1369,'Nelfinavir');
INSERT INTO surgery (id,date,patient_id,doctor_id) VALUES (1370,'2019-12-06',259,391);
INSERT INTO meds_for_surgery (surgery_id,med) VALUES (1370,'Fluorouracil');
INSERT INTO surgery (id,date,patient_id,doctor_id) VALUES (1371,'2019-11-29',393,491);
INSERT INTO meds_for_surgery (surgery_id,med) VALUES (1371,'Amitriptyline');
INSERT INTO surgery (id,date,patient_id,doctor_id) VALUES (1372,'2019-12-08',447,272);
INSERT INTO meds_for_surgery (surgery_id,med) VALUES (1372,'Pentamidine');
INSERT INTO surgery (id,date,patient_id,doctor_id) VALUES (1373,'2019-11-26',122,117);
INSERT INTO meds_for_surgery (surgery_id,med) VALUES (1373,'Ondansetron');
INSERT INTO surgery (id,date,patient_id,doctor_id) VALUES (1374,'2019-12-27',461,284);
INSERT INTO meds_for_surgery (surgery_id,med) VALUES (1374,'Phenytoin');
INSERT INTO surgery (id,date,patient_id,doctor_id) VALUES (1375,'2019-12-20',150,271);
INSERT INTO meds_for_surgery (surgery_id,med) VALUES (1375,'Cladribine');
INSERT INTO surgery (id,date,patient_id,doctor_id) VALUES (1376,'2019-12-09',194,439);
INSERT INTO meds_for_surgery (surgery_id,med) VALUES (1376,'Lopinavir');
INSERT INTO surgery (id,date,patient_id,doctor_id) VALUES (1377,'2019-12-05',140,137);
INSERT INTO meds_for_surgery (surgery_id,med) VALUES (1377,'Trimethoprim');
INSERT INTO surgery (id,date,patient_id,doctor_id) VALUES (1378,'2019-11-25',247,355);
INSERT INTO meds_for_surgery (surgery_id,med) VALUES (1378,'Dronabinol');
INSERT INTO surgery (id,date,patient_id,doctor_id) VALUES (1379,'2019-12-09',104,332);
INSERT INTO meds_for_surgery (surgery_id,med) VALUES (1379,'Immune');
INSERT INTO surgery (id,date,patient_id,doctor_id) VALUES (1380,'2019-11-23',430,87);
INSERT INTO meds_for_surgery (surgery_id,med) VALUES (1380,'Darunavir');
INSERT INTO surgery (id,date,patient_id,doctor_id) VALUES (1381,'2019-12-17',39,172);
INSERT INTO meds_for_surgery (surgery_id,med) VALUES (1381,'Mitoxantrone');
INSERT INTO surgery (id,date,patient_id,doctor_id) VALUES (1382,'2019-11-26',483,92);
INSERT INTO meds_for_surgery (surgery_id,med) VALUES (1382,'Potassium');
INSERT INTO surgery (id,date,patient_id,doctor_id) VALUES (1383,'2019-12-21',256,322);
INSERT INTO meds_for_surgery (surgery_id,med) VALUES (1383,'Linezolid');
INSERT INTO surgery (id,date,patient_id,doctor_id) VALUES (1384,'2019-11-23',128,108);
INSERT INTO meds_for_surgery (surgery_id,med) VALUES (1384,'Cyclobenzaprine');
INSERT INTO surgery (id,date,patient_id,doctor_id) VALUES (1385,'2019-12-06',19,92);
INSERT INTO meds_for_surgery (surgery_id,med) VALUES (1385,'Dacarbazine');
INSERT INTO surgery (id,date,patient_id,doctor_id) VALUES (1386,'2019-12-16',448,322);
INSERT INTO meds_for_surgery (surgery_id,med) VALUES (1386,'Fludarabine');
INSERT INTO surgery (id,date,patient_id,doctor_id) VALUES (1387,'2019-12-20',120,498);
INSERT INTO meds_for_surgery (surgery_id,med) VALUES (1387,'Carboplatin');
INSERT INTO surgery (id,date,patient_id,doctor_id) VALUES (1388,'2019-12-23',406,274);
INSERT INTO meds_for_surgery (surgery_id,med) VALUES (1388,'Posaconazole');
INSERT INTO surgery (id,date,patient_id,doctor_id) VALUES (1389,'2019-12-06',60,441);
INSERT INTO meds_for_surgery (surgery_id,med) VALUES (1389,'Cladribine');
INSERT INTO surgery (id,date,patient_id,doctor_id) VALUES (1390,'2019-12-17',90,473);
INSERT INTO meds_for_surgery (surgery_id,med) VALUES (1390,'Ritonavir');
INSERT INTO surgery (id,date,patient_id,doctor_id) VALUES (1391,'2019-11-28',45,386);
INSERT INTO meds_for_surgery (surgery_id,med) VALUES (1391,'Interleukin');
INSERT INTO surgery (id,date,patient_id,doctor_id) VALUES (1392,'2019-11-29',482,270);
INSERT INTO meds_for_surgery (surgery_id,med) VALUES (1392,'Amoxicillin');
INSERT INTO surgery (id,date,patient_id,doctor_id) VALUES (1393,'2019-12-21',327,449);
INSERT INTO meds_for_surgery (surgery_id,med) VALUES (1393,'Dactinomycin');
INSERT INTO surgery (id,date,patient_id,doctor_id) VALUES (1394,'2019-11-25',480,270);
INSERT INTO meds_for_surgery (surgery_id,med) VALUES (1394,'Asparaginase');
INSERT INTO surgery (id,date,patient_id,doctor_id) VALUES (1395,'2019-12-09',477,332);
INSERT INTO meds_for_surgery (surgery_id,med) VALUES (1395,'Prednisone');
INSERT INTO surgery (id,date,patient_id,doctor_id) VALUES (1396,'2019-12-24',130,271);
INSERT INTO meds_for_surgery (surgery_id,med) VALUES (1396,'Dactinomycin');
INSERT INTO surgery (id,date,patient_id,doctor_id) VALUES (1397,'2019-12-03',116,143);
INSERT INTO meds_for_surgery (surgery_id,med) VALUES (1397,'Efavirenz');
INSERT INTO surgery (id,date,patient_id,doctor_id) VALUES (1398,'2019-12-08',301,58);
INSERT INTO meds_for_surgery (surgery_id,med) VALUES (1398,'Levothyroxine');
INSERT INTO surgery (id,date,patient_id,doctor_id) VALUES (1399,'2019-11-24',188,439);
INSERT INTO meds_for_surgery (surgery_id,med) VALUES (1399,'Metronidazole');
INSERT INTO surgery (id,date,patient_id,doctor_id) VALUES (1400,'2019-12-04',435,84);
INSERT INTO meds_for_surgery (surgery_id,med) VALUES (1400,'Asparaginase');
INSERT INTO surgery (id,date,patient_id,doctor_id) VALUES (1401,'2019-11-23',293,492);
INSERT INTO meds_for_surgery (surgery_id,med) VALUES (1401,'Meropenem');
INSERT INTO surgery (id,date,patient_id,doctor_id) VALUES (1402,'2019-11-27',120,332);
INSERT INTO meds_for_surgery (surgery_id,med) VALUES (1402,'Pentamidine');
INSERT INTO surgery (id,date,patient_id,doctor_id) VALUES (1403,'2019-11-25',184,84);
INSERT INTO meds_for_surgery (surgery_id,med) VALUES (1403,'Vinblastine');
INSERT INTO surgery (id,date,patient_id,doctor_id) VALUES (1404,'2019-12-05',150,438);
INSERT INTO meds_for_surgery (surgery_id,med) VALUES (1404,'Promethazine');
INSERT INTO surgery (id,date,patient_id,doctor_id) VALUES (1405,'2019-12-19',424,108);
INSERT INTO meds_for_surgery (surgery_id,med) VALUES (1405,'Cephalexin');
INSERT INTO surgery (id,date,patient_id,doctor_id) VALUES (1406,'2019-12-14',104,136);
INSERT INTO meds_for_surgery (surgery_id,med) VALUES (1406,'Stavudine');
INSERT INTO surgery (id,date,patient_id,doctor_id) VALUES (1407,'2019-12-18',140,498);
INSERT INTO meds_for_surgery (surgery_id,med) VALUES (1407,'Crizotinib');
INSERT INTO surgery (id,date,patient_id,doctor_id) VALUES (1408,'2019-11-28',328,493);
INSERT INTO meds_for_surgery (surgery_id,med) VALUES (1408,'Allopurinol');
INSERT INTO surgery (id,date,patient_id,doctor_id) VALUES (1409,'2019-12-08',447,4);
INSERT INTO meds_for_surgery (surgery_id,med) VALUES (1409,'Efavirenz');
INSERT INTO surgery (id,date,patient_id,doctor_id) VALUES (1410,'2019-11-25',431,92);
INSERT INTO meds_for_surgery (surgery_id,med) VALUES (1410,'Imatinib');
INSERT INTO surgery (id,date,patient_id,doctor_id) VALUES (1411,'2019-11-23',45,438);
INSERT INTO meds_for_surgery (surgery_id,med) VALUES (1411,'Clofarabine');
INSERT INTO surgery (id,date,patient_id,doctor_id) VALUES (1412,'2019-12-07',302,465);
INSERT INTO meds_for_surgery (surgery_id,med) VALUES (1412,'Paclitaxel');
INSERT INTO surgery (id,date,patient_id,doctor_id) VALUES (1413,'2019-12-18',104,4);
INSERT INTO meds_for_surgery (surgery_id,med) VALUES (1413,'Aminocaproic Acid');
INSERT INTO surgery (id,date,patient_id,doctor_id) VALUES (1414,'2019-11-29',410,396);
INSERT INTO meds_for_surgery (surgery_id,med) VALUES (1414,'Cladribine');
INSERT INTO surgery (id,date,patient_id,doctor_id) VALUES (1415,'2019-12-24',336,396);
INSERT INTO meds_for_surgery (surgery_id,med) VALUES (1415,'Lopinavir');
INSERT INTO surgery (id,date,patient_id,doctor_id) VALUES (1416,'2019-12-12',479,17);
INSERT INTO meds_for_surgery (surgery_id,med) VALUES (1416,'Abacavir');
INSERT INTO surgery (id,date,patient_id,doctor_id) VALUES (1417,'2019-12-13',480,246);
INSERT INTO meds_for_surgery (surgery_id,med) VALUES (1417,'Dobutamine');
INSERT INTO surgery (id,date,patient_id,doctor_id) VALUES (1418,'2019-12-20',231,97);
INSERT INTO meds_for_surgery (surgery_id,med) VALUES (1418,'Probenecid');
INSERT INTO surgery (id,date,patient_id,doctor_id) VALUES (1419,'2019-12-08',90,409);
INSERT INTO meds_for_surgery (surgery_id,med) VALUES (1419,'Prednisone');
INSERT INTO surgery (id,date,patient_id,doctor_id) VALUES (1420,'2019-12-04',424,92);
INSERT INTO meds_for_surgery (surgery_id,med) VALUES (1420,'Phenytoin');
INSERT INTO surgery (id,date,patient_id,doctor_id) VALUES (1421,'2019-11-27',287,412);
INSERT INTO meds_for_surgery (surgery_id,med) VALUES (1421,'Cefixime');
INSERT INTO surgery (id,date,patient_id,doctor_id) VALUES (1422,'2019-11-29',393,185);
INSERT INTO meds_for_surgery (surgery_id,med) VALUES (1422,'Phenobarbital');
INSERT INTO surgery (id,date,patient_id,doctor_id) VALUES (1423,'2019-12-17',330,284);
INSERT INTO meds_for_surgery (surgery_id,med) VALUES (1423,'Lamivudine');
INSERT INTO surgery (id,date,patient_id,doctor_id) VALUES (1424,'2019-12-16',69,319);
INSERT INTO meds_for_surgery (surgery_id,med) VALUES (1424,'Tenofovir');
INSERT INTO surgery (id,date,patient_id,doctor_id) VALUES (1425,'2019-12-13',374,493);
INSERT INTO meds_for_surgery (surgery_id,med) VALUES (1425,'Hydroxyurea');
INSERT INTO surgery (id,date,patient_id,doctor_id) VALUES (1426,'2019-12-07',460,367);
INSERT INTO meds_for_surgery (surgery_id,med) VALUES (1426,'Metronidazole');
INSERT INTO surgery (id,date,patient_id,doctor_id) VALUES (1427,'2019-12-22',227,391);
INSERT INTO meds_for_surgery (surgery_id,med) VALUES (1427,'Clarithromycin');
INSERT INTO surgery (id,date,patient_id,doctor_id) VALUES (1428,'2019-11-25',126,300);
INSERT INTO meds_for_surgery (surgery_id,med) VALUES (1428,'Gemcitabine');
INSERT INTO surgery (id,date,patient_id,doctor_id) VALUES (1429,'2019-12-05',482,412);
INSERT INTO meds_for_surgery (surgery_id,med) VALUES (1429,'Vinblastine');
INSERT INTO surgery (id,date,patient_id,doctor_id) VALUES (1430,'2019-12-24',251,246);
INSERT INTO meds_for_surgery (surgery_id,med) VALUES (1430,'Clofarabine');
INSERT INTO surgery (id,date,patient_id,doctor_id) VALUES (1431,'2019-11-26',122,386);
INSERT INTO meds_for_surgery (surgery_id,med) VALUES (1431,'Itraconazole');
INSERT INTO surgery (id,date,patient_id,doctor_id) VALUES (1432,'2019-12-15',175,55);
INSERT INTO meds_for_surgery (surgery_id,med) VALUES (1432,'Cefepime');
INSERT INTO surgery (id,date,patient_id,doctor_id) VALUES (1433,'2019-11-25',227,226);
INSERT INTO meds_for_surgery (surgery_id,med) VALUES (1433,'Probenecid');
INSERT INTO surgery (id,date,patient_id,doctor_id) VALUES (1434,'2019-12-20',230,384);
INSERT INTO meds_for_surgery (surgery_id,med) VALUES (1434,'Dactinomycin');
INSERT INTO surgery (id,date,patient_id,doctor_id) VALUES (1435,'2019-12-07',170,369);
INSERT INTO meds_for_surgery (surgery_id,med) VALUES (1435,'Nelarabine');
INSERT INTO surgery (id,date,patient_id,doctor_id) VALUES (1436,'2019-12-27',430,267);
INSERT INTO meds_for_surgery (surgery_id,med) VALUES (1436,'Hydroxyurea');
INSERT INTO surgery (id,date,patient_id,doctor_id) VALUES (1437,'2019-12-07',354,56);
INSERT INTO meds_for_surgery (surgery_id,med) VALUES (1437,'Enoxaparin');
INSERT INTO surgery (id,date,patient_id,doctor_id) VALUES (1438,'2019-12-12',210,359);
INSERT INTO meds_for_surgery (surgery_id,med) VALUES (1438,'Topotecan');
INSERT INTO surgery (id,date,patient_id,doctor_id) VALUES (1439,'2019-12-19',175,465);
INSERT INTO meds_for_surgery (surgery_id,med) VALUES (1439,'Paclitaxel');
INSERT INTO surgery (id,date,patient_id,doctor_id) VALUES (1440,'2019-12-16',161,353);
INSERT INTO meds_for_surgery (surgery_id,med) VALUES (1440,'Dinutuximab');
INSERT INTO surgery (id,date,patient_id,doctor_id) VALUES (1441,'2019-12-20',410,272);
INSERT INTO meds_for_surgery (surgery_id,med) VALUES (1441,'Linezolid');
INSERT INTO surgery (id,date,patient_id,doctor_id) VALUES (1442,'2019-12-24',419,87);
INSERT INTO meds_for_surgery (surgery_id,med) VALUES (1442,'Dopamine');
INSERT INTO surgery (id,date,patient_id,doctor_id) VALUES (1443,'2019-12-20',400,473);
INSERT INTO meds_for_surgery (surgery_id,med) VALUES (1443,'Maraviroc');
INSERT INTO surgery (id,date,patient_id,doctor_id) VALUES (1444,'2019-12-05',406,107);
INSERT INTO meds_for_surgery (surgery_id,med) VALUES (1444,'Vinblastine');
INSERT INTO surgery (id,date,patient_id,doctor_id) VALUES (1445,'2019-12-12',223,384);
INSERT INTO meds_for_surgery (surgery_id,med) VALUES (1445,'Mycophenolate');
INSERT INTO surgery (id,date,patient_id,doctor_id) VALUES (1446,'2019-12-04',410,125);
INSERT INTO meds_for_surgery (surgery_id,med) VALUES (1446,'L-glutamine');
INSERT INTO surgery (id,date,patient_id,doctor_id) VALUES (1447,'2019-11-25',460,439);
INSERT INTO meds_for_surgery (surgery_id,med) VALUES (1447,'Erlotinib');
INSERT INTO surgery (id,date,patient_id,doctor_id) VALUES (1448,'2019-11-24',448,492);
INSERT INTO meds_for_surgery (surgery_id,med) VALUES (1448,'Cefuroxime');
INSERT INTO surgery (id,date,patient_id,doctor_id) VALUES (1449,'2019-12-08',280,451);
INSERT INTO meds_for_surgery (surgery_id,med) VALUES (1449,'Megestrol acetate');
INSERT INTO surgery (id,date,patient_id,doctor_id) VALUES (1450,'2019-11-26',444,359);
INSERT INTO meds_for_surgery (surgery_id,med) VALUES (1450,'Propoxyphene');
INSERT INTO surgery (id,date,patient_id,doctor_id) VALUES (1451,'2019-12-11',349,493);
INSERT INTO meds_for_surgery (surgery_id,med) VALUES (1451,'Darunavir');
INSERT INTO surgery (id,date,patient_id,doctor_id) VALUES (1452,'2019-11-24',388,320);
INSERT INTO meds_for_surgery (surgery_id,med) VALUES (1452,'Immune');
INSERT INTO surgery (id,date,patient_id,doctor_id) VALUES (1453,'2019-12-18',210,108);
INSERT INTO meds_for_surgery (surgery_id,med) VALUES (1453,'Muromonab');
INSERT INTO surgery (id,date,patient_id,doctor_id) VALUES (1454,'2019-12-13',21,386);
INSERT INTO meds_for_surgery (surgery_id,med) VALUES (1454,'Voriconazole');
INSERT INTO surgery (id,date,patient_id,doctor_id) VALUES (1455,'2019-12-14',141,333);
INSERT INTO meds_for_surgery (surgery_id,med) VALUES (1455,'Cephalexin');
INSERT INTO surgery (id,date,patient_id,doctor_id) VALUES (1456,'2019-12-23',95,58);
INSERT INTO meds_for_surgery (surgery_id,med) VALUES (1456,'Captopril');
INSERT INTO surgery (id,date,patient_id,doctor_id) VALUES (1457,'2019-12-06',302,185);
INSERT INTO meds_for_surgery (surgery_id,med) VALUES (1457,'Enoxaparin');
INSERT INTO surgery (id,date,patient_id,doctor_id) VALUES (1458,'2019-12-21',440,355);
INSERT INTO meds_for_surgery (surgery_id,med) VALUES (1458,'Cyproheptadine');
INSERT INTO surgery (id,date,patient_id,doctor_id) VALUES (1459,'2019-12-24',95,333);
INSERT INTO meds_for_surgery (surgery_id,med) VALUES (1459,'Etoposide');
INSERT INTO surgery (id,date,patient_id,doctor_id) VALUES (1460,'2019-12-21',199,409);
INSERT INTO meds_for_surgery (surgery_id,med) VALUES (1460,'Paclitaxel');
INSERT INTO surgery (id,date,patient_id,doctor_id) VALUES (1461,'2019-11-28',45,396);
INSERT INTO meds_for_surgery (surgery_id,med) VALUES (1461,'Neuromuscular');
INSERT INTO surgery (id,date,patient_id,doctor_id) VALUES (1462,'2019-12-04',130,409);
INSERT INTO meds_for_surgery (surgery_id,med) VALUES (1462,'Gabapentin');
INSERT INTO surgery (id,date,patient_id,doctor_id) VALUES (1463,'2019-11-25',89,102);
INSERT INTO meds_for_surgery (surgery_id,med) VALUES (1463,'Potassium');
INSERT INTO surgery (id,date,patient_id,doctor_id) VALUES (1464,'2019-12-03',406,84);
INSERT INTO meds_for_surgery (surgery_id,med) VALUES (1464,'Thiotepa');
INSERT INTO surgery (id,date,patient_id,doctor_id) VALUES (1465,'2019-12-19',440,143);
INSERT INTO meds_for_surgery (surgery_id,med) VALUES (1465,'Valproic acid');
INSERT INTO surgery (id,date,patient_id,doctor_id) VALUES (1466,'2019-11-23',440,87);
INSERT INTO meds_for_surgery (surgery_id,med) VALUES (1466,'Carmustine');
INSERT INTO surgery (id,date,patient_id,doctor_id) VALUES (1467,'2019-11-23',23,403);
INSERT INTO meds_for_surgery (surgery_id,med) VALUES (1467,'Crizotinib');
INSERT INTO surgery (id,date,patient_id,doctor_id) VALUES (1468,'2019-12-06',336,211);
INSERT INTO meds_for_surgery (surgery_id,med) VALUES (1468,'Atazanavir');
INSERT INTO surgery (id,date,patient_id,doctor_id) VALUES (1469,'2019-12-01',89,226);
INSERT INTO meds_for_surgery (surgery_id,med) VALUES (1469,'Hydroxyurea');
INSERT INTO surgery (id,date,patient_id,doctor_id) VALUES (1470,'2019-12-17',460,438);
INSERT INTO meds_for_surgery (surgery_id,med) VALUES (1470,'Hydrocodone');
INSERT INTO surgery (id,date,patient_id,doctor_id) VALUES (1471,'2019-11-26',194,136);
INSERT INTO meds_for_surgery (surgery_id,med) VALUES (1471,'Warfarin');
INSERT INTO surgery (id,date,patient_id,doctor_id) VALUES (1472,'2019-12-10',388,315);
INSERT INTO meds_for_surgery (surgery_id,med) VALUES (1472,'Meropenem');
INSERT INTO surgery (id,date,patient_id,doctor_id) VALUES (1473,'2019-11-28',479,434);
INSERT INTO meds_for_surgery (surgery_id,med) VALUES (1473,'Metronidazole');
INSERT INTO surgery (id,date,patient_id,doctor_id) VALUES (1474,'2019-12-18',231,493);
INSERT INTO meds_for_surgery (surgery_id,med) VALUES (1474,'Dactinomycin');
INSERT INTO surgery (id,date,patient_id,doctor_id) VALUES (1475,'2019-11-27',161,226);
INSERT INTO meds_for_surgery (surgery_id,med) VALUES (1475,'Cisplatin');
INSERT INTO surgery (id,date,patient_id,doctor_id) VALUES (1476,'2019-12-23',424,267);
INSERT INTO meds_for_surgery (surgery_id,med) VALUES (1476,'Cyclophosphamide');
INSERT INTO surgery (id,date,patient_id,doctor_id) VALUES (1477,'2019-11-27',135,300);
INSERT INTO meds_for_surgery (surgery_id,med) VALUES (1477,'Gemcitabine');
INSERT INTO surgery (id,date,patient_id,doctor_id) VALUES (1478,'2019-12-13',479,137);
INSERT INTO meds_for_surgery (surgery_id,med) VALUES (1478,'Atazanavir');
INSERT INTO surgery (id,date,patient_id,doctor_id) VALUES (1479,'2019-11-25',256,267);
INSERT INTO meds_for_surgery (surgery_id,med) VALUES (1479,'Propoxyphene');
INSERT INTO surgery (id,date,patient_id,doctor_id) VALUES (1480,'2019-12-11',45,182);
INSERT INTO meds_for_surgery (surgery_id,med) VALUES (1480,'Propoxyphene');
INSERT INTO surgery (id,date,patient_id,doctor_id) VALUES (1481,'2019-12-11',23,355);
INSERT INTO meds_for_surgery (surgery_id,med) VALUES (1481,'Clobazam');
INSERT INTO surgery (id,date,patient_id,doctor_id) VALUES (1482,'2019-12-19',113,333);
INSERT INTO meds_for_surgery (surgery_id,med) VALUES (1482,'Emicizumab');
INSERT INTO surgery (id,date,patient_id,doctor_id) VALUES (1483,'2019-11-25',49,108);
INSERT INTO meds_for_surgery (surgery_id,med) VALUES (1483,'Sorafenib');
INSERT INTO surgery (id,date,patient_id,doctor_id) VALUES (1484,'2019-12-20',381,143);
INSERT INTO meds_for_surgery (surgery_id,med) VALUES (1484,'Hydrocortisone');
INSERT INTO surgery (id,date,patient_id,doctor_id) VALUES (1485,'2019-12-12',354,97);
INSERT INTO meds_for_surgery (surgery_id,med) VALUES (1485,'Leucovorin');
INSERT INTO surgery (id,date,patient_id,doctor_id) VALUES (1486,'2019-11-23',95,491);
INSERT INTO meds_for_surgery (surgery_id,med) VALUES (1486,'Methotrexate');
INSERT INTO surgery (id,date,patient_id,doctor_id) VALUES (1487,'2019-12-23',247,313);
INSERT INTO meds_for_surgery (surgery_id,med) VALUES (1487,'Cefuroxime');
INSERT INTO surgery (id,date,patient_id,doctor_id) VALUES (1488,'2019-12-21',269,313);
INSERT INTO meds_for_surgery (surgery_id,med) VALUES (1488,'Methotrexate');
INSERT INTO surgery (id,date,patient_id,doctor_id) VALUES (1489,'2019-12-12',170,284);
INSERT INTO meds_for_surgery (surgery_id,med) VALUES (1489,'Ranitidine');
INSERT INTO surgery (id,date,patient_id,doctor_id) VALUES (1490,'2019-12-07',294,17);
INSERT INTO meds_for_surgery (surgery_id,med) VALUES (1490,'Amoxicillin');
INSERT INTO surgery (id,date,patient_id,doctor_id) VALUES (1491,'2019-12-24',250,29);
INSERT INTO meds_for_surgery (surgery_id,med) VALUES (1491,'Vinblastine');
INSERT INTO surgery (id,date,patient_id,doctor_id) VALUES (1492,'2019-12-12',247,58);
INSERT INTO meds_for_surgery (surgery_id,med) VALUES (1492,'Teniposide');
INSERT INTO surgery (id,date,patient_id,doctor_id) VALUES (1493,'2019-12-08',356,87);
INSERT INTO meds_for_surgery (surgery_id,med) VALUES (1493,'Potassium');
INSERT INTO surgery (id,date,patient_id,doctor_id) VALUES (1494,'2019-12-08',130,117);
INSERT INTO meds_for_surgery (surgery_id,med) VALUES (1494,'Nelfinavir');
INSERT INTO surgery (id,date,patient_id,doctor_id) VALUES (1495,'2019-12-27',186,315);
INSERT INTO meds_for_surgery (surgery_id,med) VALUES (1495,'Phenobarbital');
INSERT INTO surgery (id,date,patient_id,doctor_id) VALUES (1496,'2019-12-01',219,268);
INSERT INTO meds_for_surgery (surgery_id,med) VALUES (1496,'Micafungin');
INSERT INTO surgery (id,date,patient_id,doctor_id) VALUES (1497,'2019-12-13',32,473);
INSERT INTO meds_for_surgery (surgery_id,med) VALUES (1497,'Gefitinib');
INSERT INTO surgery (id,date,patient_id,doctor_id) VALUES (1498,'2019-11-28',381,192);
INSERT INTO meds_for_surgery (surgery_id,med) VALUES (1498,'Rilpivirine');
INSERT INTO surgery (id,date,patient_id,doctor_id) VALUES (1499,'2019-12-09',21,285);
INSERT INTO meds_for_surgery (surgery_id,med) VALUES (1499,'Norepinephrine');
INSERT INTO surgery (id,date,patient_id,doctor_id) VALUES (1500,'2019-12-03',231,369);
INSERT INTO meds_for_surgery (surgery_id,med) VALUES (1500,'Clofarabine');
INSERT INTO surgery (id,date,patient_id,doctor_id) VALUES (1501,'2019-12-10',199,409);
INSERT INTO meds_for_surgery (surgery_id,med) VALUES (1501,'Sugammadex');
INSERT INTO surgery (id,date,patient_id,doctor_id) VALUES (1502,'2019-12-17',500,412);
INSERT INTO meds_for_surgery (surgery_id,med) VALUES (1502,'Vancomycin');
INSERT INTO surgery (id,date,patient_id,doctor_id) VALUES (1503,'2019-11-28',440,58);
INSERT INTO meds_for_surgery (surgery_id,med) VALUES (1503,'Saquinavir');
INSERT INTO surgery (id,date,patient_id,doctor_id) VALUES (1504,'2019-12-23',349,271);
INSERT INTO meds_for_surgery (surgery_id,med) VALUES (1504,'Voriconazole');
INSERT INTO surgery (id,date,patient_id,doctor_id) VALUES (1505,'2019-12-10',124,17);
INSERT INTO meds_for_surgery (surgery_id,med) VALUES (1505,'Immune');
INSERT INTO surgery (id,date,patient_id,doctor_id) VALUES (1506,'2019-12-17',184,57);
INSERT INTO meds_for_surgery (surgery_id,med) VALUES (1506,'Sunitinib');
INSERT INTO surgery (id,date,patient_id,doctor_id) VALUES (1507,'2019-12-03',150,57);
INSERT INTO meds_for_surgery (surgery_id,med) VALUES (1507,'Cyclosporine');
INSERT INTO surgery (id,date,patient_id,doctor_id) VALUES (1508,'2019-12-03',234,468);
INSERT INTO meds_for_surgery (surgery_id,med) VALUES (1508,'Irinotecan');
INSERT INTO surgery (id,date,patient_id,doctor_id) VALUES (1509,'2019-12-13',500,319);
INSERT INTO meds_for_surgery (surgery_id,med) VALUES (1509,'Meperidine');
INSERT INTO surgery (id,date,patient_id,doctor_id) VALUES (1510,'2019-12-27',116,300);
INSERT INTO meds_for_surgery (surgery_id,med) VALUES (1510,'GM-CSF');
INSERT INTO surgery (id,date,patient_id,doctor_id) VALUES (1511,'2019-12-02',327,84);
INSERT INTO meds_for_surgery (surgery_id,med) VALUES (1511,'Methylphenidate');
INSERT INTO surgery (id,date,patient_id,doctor_id) VALUES (1512,'2019-12-24',229,468);
INSERT INTO meds_for_surgery (surgery_id,med) VALUES (1512,'Sugammadex');
INSERT INTO surgery (id,date,patient_id,doctor_id) VALUES (1513,'2019-12-15',250,192);
INSERT INTO meds_for_surgery (surgery_id,med) VALUES (1513,'Darunavir');
INSERT INTO surgery (id,date,patient_id,doctor_id) VALUES (1514,'2019-12-15',424,136);
INSERT INTO meds_for_surgery (surgery_id,med) VALUES (1514,'Lomustine');
INSERT INTO surgery (id,date,patient_id,doctor_id) VALUES (1515,'2019-12-13',328,189);
INSERT INTO meds_for_surgery (surgery_id,med) VALUES (1515,'Eltrombopag');
INSERT INTO surgery (id,date,patient_id,doctor_id) VALUES (1516,'2019-12-14',126,285);
INSERT INTO meds_for_surgery (surgery_id,med) VALUES (1516,'Vorinostat');
INSERT INTO surgery (id,date,patient_id,doctor_id) VALUES (1517,'2019-12-06',219,267);
INSERT INTO meds_for_surgery (surgery_id,med) VALUES (1517,'Cladribine');
INSERT INTO surgery (id,date,patient_id,doctor_id) VALUES (1518,'2019-12-17',301,87);
INSERT INTO meds_for_surgery (surgery_id,med) VALUES (1518,'Dronabinol');
INSERT INTO surgery (id,date,patient_id,doctor_id) VALUES (1519,'2019-12-13',316,226);
INSERT INTO meds_for_surgery (surgery_id,med) VALUES (1519,'Amikacin');
INSERT INTO surgery (id,date,patient_id,doctor_id) VALUES (1520,'2019-12-09',124,369);
INSERT INTO meds_for_surgery (surgery_id,med) VALUES (1520,'Muromonab');
INSERT INTO surgery (id,date,patient_id,doctor_id) VALUES (1521,'2019-12-11',179,333);
INSERT INTO meds_for_surgery (surgery_id,med) VALUES (1521,'Voriconazole');
INSERT INTO surgery (id,date,patient_id,doctor_id) VALUES (1522,'2019-12-04',381,300);
INSERT INTO meds_for_surgery (surgery_id,med) VALUES (1522,'Cefaclor');
INSERT INTO surgery (id,date,patient_id,doctor_id) VALUES (1523,'2019-12-23',124,17);
INSERT INTO meds_for_surgery (surgery_id,med) VALUES (1523,'Efavirenz');
INSERT INTO surgery (id,date,patient_id,doctor_id) VALUES (1524,'2019-11-23',219,143);
INSERT INTO meds_for_surgery (surgery_id,med) VALUES (1524,'Phosphorus');
INSERT INTO surgery (id,date,patient_id,doctor_id) VALUES (1525,'2019-12-20',120,492);
INSERT INTO meds_for_surgery (surgery_id,med) VALUES (1525,'Erlotinib');
INSERT INTO surgery (id,date,patient_id,doctor_id) VALUES (1526,'2019-11-28',21,189);
INSERT INTO meds_for_surgery (surgery_id,med) VALUES (1526,'Cyproheptadine');
INSERT INTO surgery (id,date,patient_id,doctor_id) VALUES (1527,'2019-12-07',132,473);
INSERT INTO meds_for_surgery (surgery_id,med) VALUES (1527,'Muromonab');
INSERT INTO surgery (id,date,patient_id,doctor_id) VALUES (1528,'2019-11-27',259,246);
INSERT INTO meds_for_surgery (surgery_id,med) VALUES (1528,'Carmustine');
INSERT INTO surgery (id,date,patient_id,doctor_id) VALUES (1529,'2019-12-13',282,92);
INSERT INTO meds_for_surgery (surgery_id,med) VALUES (1529,'Cefuroxime');
INSERT INTO surgery (id,date,patient_id,doctor_id) VALUES (1530,'2019-11-27',120,87);
INSERT INTO meds_for_surgery (surgery_id,med) VALUES (1530,'Atovaquone');
INSERT INTO surgery (id,date,patient_id,doctor_id) VALUES (1531,'2019-12-10',34,57);
INSERT INTO meds_for_surgery (surgery_id,med) VALUES (1531,'Imatinib');
INSERT INTO surgery (id,date,patient_id,doctor_id) VALUES (1532,'2019-12-15',194,92);
INSERT INTO meds_for_surgery (surgery_id,med) VALUES (1532,'GM-CSF');
INSERT INTO surgery (id,date,patient_id,doctor_id) VALUES (1533,'2019-11-28',39,211);
INSERT INTO meds_for_surgery (surgery_id,med) VALUES (1533,'Dasatinib');
INSERT INTO surgery (id,date,patient_id,doctor_id) VALUES (1534,'2019-12-12',427,438);
INSERT INTO meds_for_surgery (surgery_id,med) VALUES (1534,'Hydralazine');
INSERT INTO surgery (id,date,patient_id,doctor_id) VALUES (1535,'2019-11-28',109,493);
INSERT INTO meds_for_surgery (surgery_id,med) VALUES (1535,'Posaconazole');
INSERT INTO surgery (id,date,patient_id,doctor_id) VALUES (1536,'2019-12-18',95,473);
INSERT INTO meds_for_surgery (surgery_id,med) VALUES (1536,'Atenolol');
INSERT INTO surgery (id,date,patient_id,doctor_id) VALUES (1537,'2019-11-27',500,271);
INSERT INTO meds_for_surgery (surgery_id,med) VALUES (1537,'Clofarabine');
INSERT INTO surgery (id,date,patient_id,doctor_id) VALUES (1538,'2019-12-04',130,117);
INSERT INTO meds_for_surgery (surgery_id,med) VALUES (1538,'Foscarnet');
INSERT INTO surgery (id,date,patient_id,doctor_id) VALUES (1539,'2019-11-27',229,386);
INSERT INTO meds_for_surgery (surgery_id,med) VALUES (1539,'Didanosine');
INSERT INTO surgery (id,date,patient_id,doctor_id) VALUES (1540,'2019-12-04',375,284);
INSERT INTO meds_for_surgery (surgery_id,med) VALUES (1540,'Dobutamine');
INSERT INTO surgery (id,date,patient_id,doctor_id) VALUES (1541,'2019-12-27',199,367);
INSERT INTO meds_for_surgery (surgery_id,med) VALUES (1541,'Acyclovir');
INSERT INTO surgery (id,date,patient_id,doctor_id) VALUES (1542,'2019-12-23',400,352);
INSERT INTO meds_for_surgery (surgery_id,med) VALUES (1542,'Melphalan');
INSERT INTO surgery (id,date,patient_id,doctor_id) VALUES (1543,'2019-12-11',89,319);
INSERT INTO meds_for_surgery (surgery_id,med) VALUES (1543,'Acyclovir');
INSERT INTO surgery (id,date,patient_id,doctor_id) VALUES (1544,'2019-12-03',23,322);
INSERT INTO meds_for_surgery (surgery_id,med) VALUES (1544,'Tacrolimus');
INSERT INTO surgery (id,date,patient_id,doctor_id) VALUES (1545,'2019-11-25',330,272);
INSERT INTO meds_for_surgery (surgery_id,med) VALUES (1545,'Vincristine');
INSERT INTO surgery (id,date,patient_id,doctor_id) VALUES (1546,'2019-12-07',482,403);
INSERT INTO meds_for_surgery (surgery_id,med) VALUES (1546,'Norepinephrine');
INSERT INTO surgery (id,date,patient_id,doctor_id) VALUES (1547,'2019-12-17',170,108);
INSERT INTO meds_for_surgery (surgery_id,med) VALUES (1547,'L-glutamine');
INSERT INTO surgery (id,date,patient_id,doctor_id) VALUES (1548,'2019-12-19',479,434);
INSERT INTO meds_for_surgery (surgery_id,med) VALUES (1548,'Abacavir');
INSERT INTO surgery (id,date,patient_id,doctor_id) VALUES (1549,'2019-12-11',302,391);
INSERT INTO meds_for_surgery (surgery_id,med) VALUES (1549,'Interferon');
INSERT INTO surgery (id,date,patient_id,doctor_id) VALUES (1550,'2019-12-02',480,300);
INSERT INTO meds_for_surgery (surgery_id,med) VALUES (1550,'Lomustine');
INSERT INTO surgery (id,date,patient_id,doctor_id) VALUES (1551,'2019-11-28',52,284);
INSERT INTO meds_for_surgery (surgery_id,med) VALUES (1551,'Dapsone');
INSERT INTO surgery (id,date,patient_id,doctor_id) VALUES (1552,'2019-12-15',460,386);
INSERT INTO meds_for_surgery (surgery_id,med) VALUES (1552,'Ondansetron');
INSERT INTO surgery (id,date,patient_id,doctor_id) VALUES (1553,'2019-12-08',60,313);
INSERT INTO meds_for_surgery (surgery_id,med) VALUES (1553,'Baclofen');
INSERT INTO surgery (id,date,patient_id,doctor_id) VALUES (1554,'2019-12-02',64,29);
INSERT INTO meds_for_surgery (surgery_id,med) VALUES (1554,'Gemcitabine');
INSERT INTO surgery (id,date,patient_id,doctor_id) VALUES (1555,'2019-12-21',19,137);
INSERT INTO meds_for_surgery (surgery_id,med) VALUES (1555,'Vorinostat');
INSERT INTO surgery (id,date,patient_id,doctor_id) VALUES (1556,'2019-12-26',269,493);
INSERT INTO meds_for_surgery (surgery_id,med) VALUES (1556,'Clarithromycin');
INSERT INTO surgery (id,date,patient_id,doctor_id) VALUES (1557,'2019-11-29',126,322);
INSERT INTO meds_for_surgery (surgery_id,med) VALUES (1557,'Emtricitabine');
INSERT INTO surgery (id,date,patient_id,doctor_id) VALUES (1558,'2019-12-12',411,412);
INSERT INTO meds_for_surgery (surgery_id,med) VALUES (1558,'Darunavir');
INSERT INTO surgery (id,date,patient_id,doctor_id) VALUES (1559,'2019-12-03',259,285);
INSERT INTO meds_for_surgery (surgery_id,med) VALUES (1559,'Ritonavir');
INSERT INTO surgery (id,date,patient_id,doctor_id) VALUES (1560,'2019-11-27',460,107);
INSERT INTO meds_for_surgery (surgery_id,med) VALUES (1560,'Linezolid');
INSERT INTO surgery (id,date,patient_id,doctor_id) VALUES (1561,'2019-12-03',286,465);
INSERT INTO meds_for_surgery (surgery_id,med) VALUES (1561,'Alendronate');
INSERT INTO surgery (id,date,patient_id,doctor_id) VALUES (1562,'2019-11-25',69,391);
INSERT INTO meds_for_surgery (surgery_id,med) VALUES (1562,'Emicizumab');
INSERT INTO surgery (id,date,patient_id,doctor_id) VALUES (1563,'2019-11-23',247,55);
INSERT INTO meds_for_surgery (surgery_id,med) VALUES (1563,'Morphine');
INSERT INTO surgery (id,date,patient_id,doctor_id) VALUES (1564,'2019-12-27',112,441);
INSERT INTO meds_for_surgery (surgery_id,med) VALUES (1564,'Nelarabine');
INSERT INTO surgery (id,date,patient_id,doctor_id) VALUES (1565,'2019-11-30',21,125);
INSERT INTO meds_for_surgery (surgery_id,med) VALUES (1565,'Topotecan');
INSERT INTO surgery (id,date,patient_id,doctor_id) VALUES (1566,'2019-12-02',121,136);
INSERT INTO meds_for_surgery (surgery_id,med) VALUES (1566,'Allopurinol');
INSERT INTO surgery (id,date,patient_id,doctor_id) VALUES (1567,'2019-12-06',293,4);
INSERT INTO meds_for_surgery (surgery_id,med) VALUES (1567,'Alendronate');
INSERT INTO surgery (id,date,patient_id,doctor_id) VALUES (1568,'2019-12-20',34,57);
INSERT INTO meds_for_surgery (surgery_id,med) VALUES (1568,'Fluconazole');
INSERT INTO surgery (id,date,patient_id,doctor_id) VALUES (1569,'2019-12-12',64,320);
INSERT INTO meds_for_surgery (surgery_id,med) VALUES (1569,'Hydrocortisone');
INSERT INTO surgery (id,date,patient_id,doctor_id) VALUES (1570,'2019-12-26',430,17);
INSERT INTO meds_for_surgery (surgery_id,med) VALUES (1570,'Dacarbazine');
INSERT INTO surgery (id,date,patient_id,doctor_id) VALUES (1571,'2019-11-27',126,268);
INSERT INTO meds_for_surgery (surgery_id,med) VALUES (1571,'Codeine');
INSERT INTO surgery (id,date,patient_id,doctor_id) VALUES (1572,'2019-11-29',393,108);
INSERT INTO meds_for_surgery (surgery_id,med) VALUES (1572,'Cyproheptadine');
INSERT INTO surgery (id,date,patient_id,doctor_id) VALUES (1573,'2019-12-07',482,137);
INSERT INTO meds_for_surgery (surgery_id,med) VALUES (1573,'Procarbazine');
INSERT INTO surgery (id,date,patient_id,doctor_id) VALUES (1574,'2019-12-20',121,391);
INSERT INTO meds_for_surgery (surgery_id,med) VALUES (1574,'Potassium');
INSERT INTO surgery (id,date,patient_id,doctor_id) VALUES (1575,'2019-12-08',336,4);
INSERT INTO meds_for_surgery (surgery_id,med) VALUES (1575,'Furosemide');
INSERT INTO surgery (id,date,patient_id,doctor_id) VALUES (1576,'2019-12-27',122,465);
INSERT INTO meds_for_surgery (surgery_id,med) VALUES (1576,'Trimethoprim');
INSERT INTO surgery (id,date,patient_id,doctor_id) VALUES (1577,'2019-12-25',95,92);
INSERT INTO meds_for_surgery (surgery_id,med) VALUES (1577,'Erlotinib');
INSERT INTO surgery (id,date,patient_id,doctor_id) VALUES (1578,'2019-12-15',37,322);
INSERT INTO meds_for_surgery (surgery_id,med) VALUES (1578,'Cephalexin');
INSERT INTO surgery (id,date,patient_id,doctor_id) VALUES (1579,'2019-12-13',346,367);
INSERT INTO meds_for_surgery (surgery_id,med) VALUES (1579,'Bosentan');
INSERT INTO surgery (id,date,patient_id,doctor_id) VALUES (1580,'2019-12-14',69,285);
INSERT INTO meds_for_surgery (surgery_id,med) VALUES (1580,'Carmustine');
INSERT INTO surgery (id,date,patient_id,doctor_id) VALUES (1581,'2019-12-04',483,29);
INSERT INTO meds_for_surgery (surgery_id,med) VALUES (1581,'Gabapentin');
INSERT INTO surgery (id,date,patient_id,doctor_id) VALUES (1582,'2019-12-24',424,125);
INSERT INTO meds_for_surgery (surgery_id,med) VALUES (1582,'Paclitaxel');
INSERT INTO surgery (id,date,patient_id,doctor_id) VALUES (1583,'2019-12-14',234,211);
INSERT INTO meds_for_surgery (surgery_id,med) VALUES (1583,'Probenecid');
INSERT INTO surgery (id,date,patient_id,doctor_id) VALUES (1584,'2019-12-22',34,226);
INSERT INTO meds_for_surgery (surgery_id,med) VALUES (1584,'Doxorubicin');
INSERT INTO surgery (id,date,patient_id,doctor_id) VALUES (1585,'2019-12-05',219,498);
INSERT INTO meds_for_surgery (surgery_id,med) VALUES (1585,'Melphalan');
INSERT INTO surgery (id,date,patient_id,doctor_id) VALUES (1586,'2019-12-05',400,491);
INSERT INTO meds_for_surgery (surgery_id,med) VALUES (1586,'Cyclophosphamide');
INSERT INTO surgery (id,date,patient_id,doctor_id) VALUES (1587,'2019-12-19',52,55);
INSERT INTO meds_for_surgery (surgery_id,med) VALUES (1587,'Erlotinib');
INSERT INTO surgery (id,date,patient_id,doctor_id) VALUES (1588,'2019-12-17',32,391);
INSERT INTO meds_for_surgery (surgery_id,med) VALUES (1588,'Amoxicillin');
INSERT INTO surgery (id,date,patient_id,doctor_id) VALUES (1589,'2019-11-24',286,226);
INSERT INTO meds_for_surgery (surgery_id,med) VALUES (1589,'Cisplatin');
INSERT INTO surgery (id,date,patient_id,doctor_id) VALUES (1590,'2019-12-05',461,117);
INSERT INTO meds_for_surgery (surgery_id,med) VALUES (1590,'Omeprazole');
INSERT INTO surgery (id,date,patient_id,doctor_id) VALUES (1591,'2019-11-27',430,182);
INSERT INTO meds_for_surgery (surgery_id,med) VALUES (1591,'Didanosine');
INSERT INTO surgery (id,date,patient_id,doctor_id) VALUES (1592,'2019-11-25',109,439);
INSERT INTO meds_for_surgery (surgery_id,med) VALUES (1592,'Fludarabine');
INSERT INTO surgery (id,date,patient_id,doctor_id) VALUES (1593,'2019-12-09',180,97);
INSERT INTO meds_for_surgery (surgery_id,med) VALUES (1593,'Dopamine');
INSERT INTO surgery (id,date,patient_id,doctor_id) VALUES (1594,'2019-12-23',393,439);
INSERT INTO meds_for_surgery (surgery_id,med) VALUES (1594,'Amikacin');
INSERT INTO surgery (id,date,patient_id,doctor_id) VALUES (1595,'2019-12-08',431,465);
INSERT INTO meds_for_surgery (surgery_id,med) VALUES (1595,'Abacavir');
INSERT INTO surgery (id,date,patient_id,doctor_id) VALUES (1596,'2019-12-16',287,384);
INSERT INTO meds_for_surgery (surgery_id,med) VALUES (1596,'Gefitinib');
INSERT INTO surgery (id,date,patient_id,doctor_id) VALUES (1597,'2019-12-01',39,493);
INSERT INTO meds_for_surgery (surgery_id,med) VALUES (1597,'Tretinoin');
INSERT INTO surgery (id,date,patient_id,doctor_id) VALUES (1598,'2019-12-20',301,409);
INSERT INTO meds_for_surgery (surgery_id,med) VALUES (1598,'Zidovudine');
INSERT INTO surgery (id,date,patient_id,doctor_id) VALUES (1599,'2019-12-18',460,270);
INSERT INTO meds_for_surgery (surgery_id,med) VALUES (1599,'Daunorubicin');
INSERT INTO surgery (id,date,patient_id,doctor_id) VALUES (1600,'2019-12-25',316,107);
INSERT INTO meds_for_surgery (surgery_id,med) VALUES (1600,'Furosemide');
INSERT INTO surgery (id,date,patient_id,doctor_id) VALUES (1601,'2019-12-16',49,125);
INSERT INTO meds_for_surgery (surgery_id,med) VALUES (1601,'Mercaptopurine');
INSERT INTO surgery (id,date,patient_id,doctor_id) VALUES (1602,'2019-12-16',49,333);
INSERT INTO meds_for_surgery (surgery_id,med) VALUES (1602,'Levothyroxine');
INSERT INTO surgery (id,date,patient_id,doctor_id) VALUES (1603,'2019-11-27',293,438);
INSERT INTO meds_for_surgery (surgery_id,med) VALUES (1603,'Meloxicam');
INSERT INTO surgery (id,date,patient_id,doctor_id) VALUES (1604,'2019-11-26',130,192);
INSERT INTO meds_for_surgery (surgery_id,med) VALUES (1604,'Cefuroxime');
INSERT INTO surgery (id,date,patient_id,doctor_id) VALUES (1605,'2019-12-06',280,313);
INSERT INTO meds_for_surgery (surgery_id,med) VALUES (1605,'Enoxaparin');
INSERT INTO surgery (id,date,patient_id,doctor_id) VALUES (1606,'2019-12-24',381,56);
INSERT INTO meds_for_surgery (surgery_id,med) VALUES (1606,'Muromonab');
INSERT INTO surgery (id,date,patient_id,doctor_id) VALUES (1607,'2019-12-11',346,4);
INSERT INTO meds_for_surgery (surgery_id,med) VALUES (1607,'Cyclobenzaprine');
INSERT INTO surgery (id,date,patient_id,doctor_id) VALUES (1608,'2019-12-17',128,493);
INSERT INTO meds_for_surgery (surgery_id,med) VALUES (1608,'Cisplatin');
INSERT INTO surgery (id,date,patient_id,doctor_id) VALUES (1609,'2019-12-01',116,386);
INSERT INTO meds_for_surgery (surgery_id,med) VALUES (1609,'Ifosfamide');
INSERT INTO surgery (id,date,patient_id,doctor_id) VALUES (1610,'2019-12-26',424,434);
INSERT INTO meds_for_surgery (surgery_id,med) VALUES (1610,'Clindamycin');
INSERT INTO surgery (id,date,patient_id,doctor_id) VALUES (1611,'2019-12-05',269,143);
INSERT INTO meds_for_surgery (surgery_id,med) VALUES (1611,'Eltrombopag');
INSERT INTO surgery (id,date,patient_id,doctor_id) VALUES (1612,'2019-12-09',210,438);
INSERT INTO meds_for_surgery (surgery_id,med) VALUES (1612,'Pentamidine');
INSERT INTO surgery (id,date,patient_id,doctor_id) VALUES (1613,'2019-12-09',500,108);
INSERT INTO meds_for_surgery (surgery_id,med) VALUES (1613,'Dobutamine');
INSERT INTO surgery (id,date,patient_id,doctor_id) VALUES (1614,'2019-12-19',141,86);
INSERT INTO meds_for_surgery (surgery_id,med) VALUES (1614,'Dapsone');
INSERT INTO surgery (id,date,patient_id,doctor_id) VALUES (1615,'2019-11-29',400,143);
INSERT INTO meds_for_surgery (surgery_id,med) VALUES (1615,'Metronidazole');
INSERT INTO surgery (id,date,patient_id,doctor_id) VALUES (1616,'2019-12-16',95,355);
INSERT INTO meds_for_surgery (surgery_id,med) VALUES (1616,'Ritonavir');
INSERT INTO surgery (id,date,patient_id,doctor_id) VALUES (1617,'2019-11-28',483,353);
INSERT INTO meds_for_surgery (surgery_id,med) VALUES (1617,'Lamivudine');
INSERT INTO surgery (id,date,patient_id,doctor_id) VALUES (1618,'2019-12-16',52,491);
INSERT INTO meds_for_surgery (surgery_id,med) VALUES (1618,'Hydromorphone');
INSERT INTO surgery (id,date,patient_id,doctor_id) VALUES (1619,'2019-12-15',440,355);
INSERT INTO meds_for_surgery (surgery_id,med) VALUES (1619,'Hydrocodone');
INSERT INTO surgery (id,date,patient_id,doctor_id) VALUES (1620,'2019-12-10',194,86);
INSERT INTO meds_for_surgery (surgery_id,med) VALUES (1620,'G-CSF');
INSERT INTO surgery (id,date,patient_id,doctor_id) VALUES (1621,'2019-12-21',426,320);
INSERT INTO meds_for_surgery (surgery_id,med) VALUES (1621,'Aminocaproic Acid');
INSERT INTO surgery (id,date,patient_id,doctor_id) VALUES (1622,'2019-11-24',411,359);
INSERT INTO meds_for_surgery (surgery_id,med) VALUES (1622,'Thioguanine');
INSERT INTO surgery (id,date,patient_id,doctor_id) VALUES (1623,'2019-12-01',90,102);
INSERT INTO meds_for_surgery (surgery_id,med) VALUES (1623,'Dornase alfa');
INSERT INTO surgery (id,date,patient_id,doctor_id) VALUES (1624,'2019-12-25',447,403);
INSERT INTO meds_for_surgery (surgery_id,med) VALUES (1624,'Rivaroxaban');
INSERT INTO surgery (id,date,patient_id,doctor_id) VALUES (1625,'2019-12-07',128,284);
INSERT INTO meds_for_surgery (surgery_id,med) VALUES (1625,'Phenobarbital');
INSERT INTO surgery (id,date,patient_id,doctor_id) VALUES (1626,'2019-12-24',461,300);
INSERT INTO meds_for_surgery (surgery_id,med) VALUES (1626,'Alendronate');
INSERT INTO surgery (id,date,patient_id,doctor_id) VALUES (1627,'2019-12-09',39,353);
INSERT INTO meds_for_surgery (surgery_id,med) VALUES (1627,'Nevirapine');
INSERT INTO surgery (id,date,patient_id,doctor_id) VALUES (1628,'2019-11-26',259,439);
INSERT INTO meds_for_surgery (surgery_id,med) VALUES (1628,'Eltrombopag');
INSERT INTO surgery (id,date,patient_id,doctor_id) VALUES (1629,'2019-12-10',23,137);
INSERT INTO meds_for_surgery (surgery_id,med) VALUES (1629,'Cefixime');
INSERT INTO surgery (id,date,patient_id,doctor_id) VALUES (1630,'2019-12-12',255,313);
INSERT INTO meds_for_surgery (surgery_id,med) VALUES (1630,'Pemetrexed');
INSERT INTO surgery (id,date,patient_id,doctor_id) VALUES (1631,'2019-12-06',374,86);
INSERT INTO meds_for_surgery (surgery_id,med) VALUES (1631,'Tobramycin');
INSERT INTO surgery (id,date,patient_id,doctor_id) VALUES (1632,'2019-12-24',230,17);
INSERT INTO meds_for_surgery (surgery_id,med) VALUES (1632,'Furosemide');
INSERT INTO surgery (id,date,patient_id,doctor_id) VALUES (1633,'2019-12-10',219,352);
INSERT INTO meds_for_surgery (surgery_id,med) VALUES (1633,'Pemetrexed');
INSERT INTO surgery (id,date,patient_id,doctor_id) VALUES (1634,'2019-12-27',293,270);
INSERT INTO meds_for_surgery (surgery_id,med) VALUES (1634,'Itraconazole');
INSERT INTO surgery (id,date,patient_id,doctor_id) VALUES (1635,'2019-12-14',112,172);
INSERT INTO meds_for_surgery (surgery_id,med) VALUES (1635,'Cyclophosphamide');
INSERT INTO surgery (id,date,patient_id,doctor_id) VALUES (1636,'2019-11-25',155,492);
INSERT INTO meds_for_surgery (surgery_id,med) VALUES (1636,'Temozolomide');
INSERT INTO surgery (id,date,patient_id,doctor_id) VALUES (1637,'2019-11-25',104,270);
INSERT INTO meds_for_surgery (surgery_id,med) VALUES (1637,'Imipenem');
INSERT INTO surgery (id,date,patient_id,doctor_id) VALUES (1638,'2019-12-06',19,101);
INSERT INTO meds_for_surgery (surgery_id,med) VALUES (1638,'Foscarnet');
INSERT INTO surgery (id,date,patient_id,doctor_id) VALUES (1639,'2019-12-05',255,4);
INSERT INTO meds_for_surgery (surgery_id,med) VALUES (1639,'Cefepime');
INSERT INTO surgery (id,date,patient_id,doctor_id) VALUES (1640,'2019-12-25',435,322);
INSERT INTO meds_for_surgery (surgery_id,med) VALUES (1640,'Metronidazole');
INSERT INTO surgery (id,date,patient_id,doctor_id) VALUES (1641,'2019-12-25',60,84);
INSERT INTO meds_for_surgery (surgery_id,med) VALUES (1641,'Baclofen');
INSERT INTO surgery (id,date,patient_id,doctor_id) VALUES (1642,'2019-12-23',256,143);
INSERT INTO meds_for_surgery (surgery_id,med) VALUES (1642,'Probenecid');
INSERT INTO surgery (id,date,patient_id,doctor_id) VALUES (1643,'2019-11-28',448,143);
INSERT INTO meds_for_surgery (surgery_id,med) VALUES (1643,'Dobutamine');
INSERT INTO surgery (id,date,patient_id,doctor_id) VALUES (1644,'2019-12-09',482,211);
INSERT INTO meds_for_surgery (surgery_id,med) VALUES (1644,'L-glutamine');
INSERT INTO surgery (id,date,patient_id,doctor_id) VALUES (1645,'2019-12-27',427,391);
INSERT INTO meds_for_surgery (surgery_id,med) VALUES (1645,'Stavudine');
INSERT INTO surgery (id,date,patient_id,doctor_id) VALUES (1646,'2019-12-13',89,270);
INSERT INTO meds_for_surgery (surgery_id,med) VALUES (1646,'Mycophenolate');
INSERT INTO surgery (id,date,patient_id,doctor_id) VALUES (1647,'2019-12-26',179,189);
INSERT INTO meds_for_surgery (surgery_id,med) VALUES (1647,'Allopurinol');
INSERT INTO surgery (id,date,patient_id,doctor_id) VALUES (1648,'2019-11-28',171,101);
INSERT INTO meds_for_surgery (surgery_id,med) VALUES (1648,'Potassium');
INSERT INTO surgery (id,date,patient_id,doctor_id) VALUES (1649,'2019-12-17',247,274);
INSERT INTO meds_for_surgery (surgery_id,med) VALUES (1649,'Tobramycin');
INSERT INTO surgery (id,date,patient_id,doctor_id) VALUES (1650,'2019-12-12',179,57);
INSERT INTO meds_for_surgery (surgery_id,med) VALUES (1650,'Megestrol acetate');
INSERT INTO surgery (id,date,patient_id,doctor_id) VALUES (1651,'2019-11-27',327,102);
INSERT INTO meds_for_surgery (surgery_id,med) VALUES (1651,'Micafungin');
INSERT INTO surgery (id,date,patient_id,doctor_id) VALUES (1652,'2019-11-24',448,367);
INSERT INTO meds_for_surgery (surgery_id,med) VALUES (1652,'Micafungin');
INSERT INTO surgery (id,date,patient_id,doctor_id) VALUES (1653,'2019-12-06',122,107);
INSERT INTO meds_for_surgery (surgery_id,med) VALUES (1653,'Magnesium');
INSERT INTO surgery (id,date,patient_id,doctor_id) VALUES (1654,'2019-12-24',435,86);
INSERT INTO meds_for_surgery (surgery_id,med) VALUES (1654,'Cyclobenzaprine');
INSERT INTO surgery (id,date,patient_id,doctor_id) VALUES (1655,'2019-11-25',302,355);
INSERT INTO meds_for_surgery (surgery_id,med) VALUES (1655,'Furosemide');
INSERT INTO surgery (id,date,patient_id,doctor_id) VALUES (1656,'2019-12-22',400,473);
INSERT INTO meds_for_surgery (surgery_id,med) VALUES (1656,'Vincristine');
INSERT INTO surgery (id,date,patient_id,doctor_id) VALUES (1657,'2019-12-03',235,108);
INSERT INTO meds_for_surgery (surgery_id,med) VALUES (1657,'Mercaptopurine');
INSERT INTO surgery (id,date,patient_id,doctor_id) VALUES (1658,'2019-12-25',247,146);
INSERT INTO meds_for_surgery (surgery_id,med) VALUES (1658,'Levothyroxine');
INSERT INTO surgery (id,date,patient_id,doctor_id) VALUES (1659,'2019-12-01',141,185);
INSERT INTO meds_for_surgery (surgery_id,med) VALUES (1659,'Dapsone');
INSERT INTO surgery (id,date,patient_id,doctor_id) VALUES (1660,'2019-12-13',34,441);
INSERT INTO meds_for_surgery (surgery_id,med) VALUES (1660,'Ifosfamide');
INSERT INTO surgery (id,date,patient_id,doctor_id) VALUES (1661,'2019-11-24',39,185);
INSERT INTO meds_for_surgery (surgery_id,med) VALUES (1661,'Immune');
INSERT INTO surgery (id,date,patient_id,doctor_id) VALUES (1662,'2019-12-06',426,465);
INSERT INTO meds_for_surgery (surgery_id,med) VALUES (1662,'Mitotane');
INSERT INTO surgery (id,date,patient_id,doctor_id) VALUES (1663,'2019-11-28',282,58);
INSERT INTO meds_for_surgery (surgery_id,med) VALUES (1663,'Hydralazine');
INSERT INTO surgery (id,date,patient_id,doctor_id) VALUES (1664,'2019-11-29',336,267);
INSERT INTO meds_for_surgery (surgery_id,med) VALUES (1664,'Omeprazole');
INSERT INTO surgery (id,date,patient_id,doctor_id) VALUES (1665,'2019-11-23',49,29);
INSERT INTO meds_for_surgery (surgery_id,med) VALUES (1665,'Thiotepa');
INSERT INTO surgery (id,date,patient_id,doctor_id) VALUES (1666,'2019-12-18',375,491);
INSERT INTO meds_for_surgery (surgery_id,med) VALUES (1666,'Cephalexin');
INSERT INTO surgery (id,date,patient_id,doctor_id) VALUES (1667,'2019-12-09',234,226);
INSERT INTO meds_for_surgery (surgery_id,med) VALUES (1667,'Phenobarbital');
INSERT INTO surgery (id,date,patient_id,doctor_id) VALUES (1668,'2019-12-12',52,17);
INSERT INTO meds_for_surgery (surgery_id,med) VALUES (1668,'Tretinoin');
INSERT INTO surgery (id,date,patient_id,doctor_id) VALUES (1669,'2019-12-27',210,438);
INSERT INTO meds_for_surgery (surgery_id,med) VALUES (1669,'Rasburicase');
INSERT INTO surgery (id,date,patient_id,doctor_id) VALUES (1670,'2019-11-27',170,313);
INSERT INTO meds_for_surgery (surgery_id,med) VALUES (1670,'G-CSF');
INSERT INTO surgery (id,date,patient_id,doctor_id) VALUES (1671,'2019-12-13',388,275);
INSERT INTO meds_for_surgery (surgery_id,med) VALUES (1671,'Tenofovir');
INSERT INTO surgery (id,date,patient_id,doctor_id) VALUES (1672,'2019-12-12',52,434);
INSERT INTO meds_for_surgery (surgery_id,med) VALUES (1672,'Mercaptopurine');
INSERT INTO surgery (id,date,patient_id,doctor_id) VALUES (1673,'2019-12-04',90,117);
INSERT INTO meds_for_surgery (surgery_id,med) VALUES (1673,'Gemcitabine');
INSERT INTO surgery (id,date,patient_id,doctor_id) VALUES (1674,'2019-11-25',95,333);
INSERT INTO meds_for_surgery (surgery_id,med) VALUES (1674,'Ritonavir');
INSERT INTO surgery (id,date,patient_id,doctor_id) VALUES (1675,'2019-11-23',435,270);
INSERT INTO meds_for_surgery (surgery_id,med) VALUES (1675,'Phosphorus');
INSERT INTO surgery (id,date,patient_id,doctor_id) VALUES (1676,'2019-12-24',461,86);
INSERT INTO meds_for_surgery (surgery_id,med) VALUES (1676,'Lorazepam');
INSERT INTO surgery (id,date,patient_id,doctor_id) VALUES (1677,'2019-12-04',327,56);
INSERT INTO meds_for_surgery (surgery_id,med) VALUES (1677,'Sorafenib');
INSERT INTO surgery (id,date,patient_id,doctor_id) VALUES (1678,'2019-11-25',269,84);
INSERT INTO meds_for_surgery (surgery_id,med) VALUES (1678,'Itraconazole');
INSERT INTO surgery (id,date,patient_id,doctor_id) VALUES (1679,'2019-12-05',126,284);
INSERT INTO meds_for_surgery (surgery_id,med) VALUES (1679,'Amitriptyline');
INSERT INTO surgery (id,date,patient_id,doctor_id) VALUES (1680,'2019-12-15',256,332);
INSERT INTO meds_for_surgery (surgery_id,med) VALUES (1680,'Furosemide');
INSERT INTO surgery (id,date,patient_id,doctor_id) VALUES (1681,'2019-11-27',120,449);
INSERT INTO meds_for_surgery (surgery_id,med) VALUES (1681,'Doxorubicin');
INSERT INTO surgery (id,date,patient_id,doctor_id) VALUES (1682,'2019-12-26',356,189);
INSERT INTO meds_for_surgery (surgery_id,med) VALUES (1682,'Fluorouracil');
INSERT INTO surgery (id,date,patient_id,doctor_id) VALUES (1683,'2019-12-15',375,274);
INSERT INTO meds_for_surgery (surgery_id,med) VALUES (1683,'Atenolol');
INSERT INTO surgery (id,date,patient_id,doctor_id) VALUES (1684,'2019-11-29',286,320);
INSERT INTO meds_for_surgery (surgery_id,med) VALUES (1684,'Dronabinol');
INSERT INTO surgery (id,date,patient_id,doctor_id) VALUES (1685,'2019-12-26',250,117);
INSERT INTO meds_for_surgery (surgery_id,med) VALUES (1685,'Enoxaparin');
INSERT INTO surgery (id,date,patient_id,doctor_id) VALUES (1686,'2019-11-24',116,319);
INSERT INTO meds_for_surgery (surgery_id,med) VALUES (1686,'Furosemide');
INSERT INTO surgery (id,date,patient_id,doctor_id) VALUES (1687,'2019-11-27',135,332);
INSERT INTO meds_for_surgery (surgery_id,med) VALUES (1687,'Amikacin');
INSERT INTO surgery (id,date,patient_id,doctor_id) VALUES (1688,'2019-12-17',69,29);
INSERT INTO meds_for_surgery (surgery_id,med) VALUES (1688,'Saquinavir');
INSERT INTO surgery (id,date,patient_id,doctor_id) VALUES (1689,'2019-12-05',247,87);
INSERT INTO meds_for_surgery (surgery_id,med) VALUES (1689,'Heparin');
INSERT INTO surgery (id,date,patient_id,doctor_id) VALUES (1690,'2019-12-26',447,333);
INSERT INTO meds_for_surgery (surgery_id,med) VALUES (1690,'Tacrolimus');
INSERT INTO surgery (id,date,patient_id,doctor_id) VALUES (1691,'2019-12-06',327,270);
INSERT INTO meds_for_surgery (surgery_id,med) VALUES (1691,'Sorafenib');
INSERT INTO surgery (id,date,patient_id,doctor_id) VALUES (1692,'2019-12-03',447,55);
INSERT INTO meds_for_surgery (surgery_id,med) VALUES (1692,'Stavudine');
INSERT INTO surgery (id,date,patient_id,doctor_id) VALUES (1693,'2019-12-15',346,136);
INSERT INTO meds_for_surgery (surgery_id,med) VALUES (1693,'Saquinavir');
INSERT INTO surgery (id,date,patient_id,doctor_id) VALUES (1694,'2019-11-26',430,498);
INSERT INTO meds_for_surgery (surgery_id,med) VALUES (1694,'Gemcitabine');
INSERT INTO surgery (id,date,patient_id,doctor_id) VALUES (1695,'2019-12-05',229,57);
INSERT INTO meds_for_surgery (surgery_id,med) VALUES (1695,'Hydrocodone');
INSERT INTO surgery (id,date,patient_id,doctor_id) VALUES (1696,'2019-12-09',69,272);
INSERT INTO meds_for_surgery (surgery_id,med) VALUES (1696,'Methadone');
INSERT INTO surgery (id,date,patient_id,doctor_id) VALUES (1697,'2019-12-19',104,268);
INSERT INTO meds_for_surgery (surgery_id,med) VALUES (1697,'Phenytoin');
INSERT INTO surgery (id,date,patient_id,doctor_id) VALUES (1698,'2019-11-29',126,386);
INSERT INTO meds_for_surgery (surgery_id,med) VALUES (1698,'Temozolomide');
INSERT INTO surgery (id,date,patient_id,doctor_id) VALUES (1699,'2019-12-15',374,441);
INSERT INTO meds_for_surgery (surgery_id,med) VALUES (1699,'Bleomycin');
INSERT INTO surgery (id,date,patient_id,doctor_id) VALUES (1700,'2019-12-16',34,143);
INSERT INTO meds_for_surgery (surgery_id,med) VALUES (1700,'Calcium');
INSERT INTO surgery (id,date,patient_id,doctor_id) VALUES (1701,'2019-11-27',436,300);
INSERT INTO meds_for_surgery (surgery_id,med) VALUES (1701,'Modafinil');
INSERT INTO surgery (id,date,patient_id,doctor_id) VALUES (1702,'2019-12-18',186,272);
INSERT INTO meds_for_surgery (surgery_id,med) VALUES (1702,'Azithromycin');
INSERT INTO surgery (id,date,patient_id,doctor_id) VALUES (1703,'2019-12-23',483,272);
INSERT INTO meds_for_surgery (surgery_id,med) VALUES (1703,'Erlotinib');
INSERT INTO surgery (id,date,patient_id,doctor_id) VALUES (1704,'2019-12-12',460,185);
INSERT INTO meds_for_surgery (surgery_id,med) VALUES (1704,'Saquinavir');
INSERT INTO surgery (id,date,patient_id,doctor_id) VALUES (1705,'2019-12-24',223,353);
INSERT INTO meds_for_surgery (surgery_id,med) VALUES (1705,'Heparin');
INSERT INTO surgery (id,date,patient_id,doctor_id) VALUES (1706,'2019-12-24',235,84);
INSERT INTO meds_for_surgery (surgery_id,med) VALUES (1706,'Irinotecan');
INSERT INTO surgery (id,date,patient_id,doctor_id) VALUES (1707,'2019-12-16',60,268);
INSERT INTO meds_for_surgery (surgery_id,med) VALUES (1707,'Cyclobenzaprine');
INSERT INTO surgery (id,date,patient_id,doctor_id) VALUES (1708,'2019-12-16',95,29);
INSERT INTO meds_for_surgery (surgery_id,med) VALUES (1708,'GM-CSF');
INSERT INTO surgery (id,date,patient_id,doctor_id) VALUES (1709,'2019-11-29',460,102);
INSERT INTO meds_for_surgery (surgery_id,med) VALUES (1709,'Fludarabine');
INSERT INTO surgery (id,date,patient_id,doctor_id) VALUES (1710,'2019-12-24',247,352);
INSERT INTO meds_for_surgery (surgery_id,med) VALUES (1710,'Promethazine');
INSERT INTO surgery (id,date,patient_id,doctor_id) VALUES (1711,'2019-12-27',302,274);
INSERT INTO meds_for_surgery (surgery_id,med) VALUES (1711,'Elvitegravir');
INSERT INTO surgery (id,date,patient_id,doctor_id) VALUES (1712,'2019-12-26',356,386);
INSERT INTO meds_for_surgery (surgery_id,med) VALUES (1712,'Lorazepam');
INSERT INTO surgery (id,date,patient_id,doctor_id) VALUES (1713,'2019-12-20',293,319);
INSERT INTO meds_for_surgery (surgery_id,med) VALUES (1713,'Oxycodone');
INSERT INTO surgery (id,date,patient_id,doctor_id) VALUES (1714,'2019-12-10',180,192);
INSERT INTO meds_for_surgery (surgery_id,med) VALUES (1714,'Ruxolitinib');
INSERT INTO surgery (id,date,patient_id,doctor_id) VALUES (1715,'2019-11-24',247,172);
INSERT INTO meds_for_surgery (surgery_id,med) VALUES (1715,'Cidofovir');
INSERT INTO surgery (id,date,patient_id,doctor_id) VALUES (1716,'2019-12-05',49,391);
INSERT INTO meds_for_surgery (surgery_id,med) VALUES (1716,'Calcium');
INSERT INTO surgery (id,date,patient_id,doctor_id) VALUES (1717,'2019-12-12',194,136);
INSERT INTO meds_for_surgery (surgery_id,med) VALUES (1717,'Lamivudine');
INSERT INTO surgery (id,date,patient_id,doctor_id) VALUES (1718,'2019-12-03',445,275);
INSERT INTO meds_for_surgery (surgery_id,med) VALUES (1718,'Pegfilgrastim');
INSERT INTO surgery (id,date,patient_id,doctor_id) VALUES (1719,'2019-12-21',109,108);
INSERT INTO meds_for_surgery (surgery_id,med) VALUES (1719,'Tobramycin');
INSERT INTO surgery (id,date,patient_id,doctor_id) VALUES (1720,'2019-12-20',52,284);
INSERT INTO meds_for_surgery (surgery_id,med) VALUES (1720,'Norepinephrine');
INSERT INTO surgery (id,date,patient_id,doctor_id) VALUES (1721,'2019-11-30',112,449);
INSERT INTO meds_for_surgery (surgery_id,med) VALUES (1721,'Cidofovir');
INSERT INTO surgery (id,date,patient_id,doctor_id) VALUES (1722,'2019-12-02',328,211);
INSERT INTO meds_for_surgery (surgery_id,med) VALUES (1722,'Mercaptopurine');
INSERT INTO surgery (id,date,patient_id,doctor_id) VALUES (1723,'2019-12-17',64,493);
INSERT INTO meds_for_surgery (surgery_id,med) VALUES (1723,'Vancomycin');
INSERT INTO surgery (id,date,patient_id,doctor_id) VALUES (1724,'2019-12-01',49,386);
INSERT INTO meds_for_surgery (surgery_id,med) VALUES (1724,'Cisplatin');
INSERT INTO surgery (id,date,patient_id,doctor_id) VALUES (1725,'2019-12-18',435,284);
INSERT INTO meds_for_surgery (surgery_id,med) VALUES (1725,'Desmopressin');
INSERT INTO surgery (id,date,patient_id,doctor_id) VALUES (1726,'2019-12-07',500,189);
INSERT INTO meds_for_surgery (surgery_id,med) VALUES (1726,'Clarithromycin');
INSERT INTO surgery (id,date,patient_id,doctor_id) VALUES (1727,'2019-12-04',346,84);
INSERT INTO meds_for_surgery (surgery_id,med) VALUES (1727,'Clindamycin');
INSERT INTO surgery (id,date,patient_id,doctor_id) VALUES (1728,'2019-11-29',32,143);
INSERT INTO meds_for_surgery (surgery_id,med) VALUES (1728,'Tacrolimus');
INSERT INTO surgery (id,date,patient_id,doctor_id) VALUES (1729,'2019-12-26',69,84);
INSERT INTO meds_for_surgery (surgery_id,med) VALUES (1729,'Pentamidine');
INSERT INTO surgery (id,date,patient_id,doctor_id) VALUES (1730,'2019-12-12',286,29);
INSERT INTO meds_for_surgery (surgery_id,med) VALUES (1730,'Tobramycin');
INSERT INTO surgery (id,date,patient_id,doctor_id) VALUES (1731,'2019-12-05',280,17);
INSERT INTO meds_for_surgery (surgery_id,med) VALUES (1731,'Dobutamine');
INSERT INTO surgery (id,date,patient_id,doctor_id) VALUES (1732,'2019-11-25',500,451);
INSERT INTO meds_for_surgery (surgery_id,med) VALUES (1732,'Cephalexin');
INSERT INTO surgery (id,date,patient_id,doctor_id) VALUES (1733,'2019-12-06',301,17);
INSERT INTO meds_for_surgery (surgery_id,med) VALUES (1733,'Micafungin');
INSERT INTO surgery (id,date,patient_id,doctor_id) VALUES (1734,'2019-11-30',444,412);
INSERT INTO meds_for_surgery (surgery_id,med) VALUES (1734,'Bosentan');
INSERT INTO surgery (id,date,patient_id,doctor_id) VALUES (1735,'2019-12-04',447,313);
INSERT INTO meds_for_surgery (surgery_id,med) VALUES (1735,'Furosemide');
INSERT INTO surgery (id,date,patient_id,doctor_id) VALUES (1736,'2019-12-12',126,182);
INSERT INTO meds_for_surgery (surgery_id,med) VALUES (1736,'L-glutamine');
INSERT INTO surgery (id,date,patient_id,doctor_id) VALUES (1737,'2019-11-29',21,226);
INSERT INTO meds_for_surgery (surgery_id,med) VALUES (1737,'Omeprazole');
INSERT INTO surgery (id,date,patient_id,doctor_id) VALUES (1738,'2019-11-24',150,117);
INSERT INTO meds_for_surgery (surgery_id,med) VALUES (1738,'Sucralfate');
INSERT INTO surgery (id,date,patient_id,doctor_id) VALUES (1739,'2019-12-24',247,449);
INSERT INTO meds_for_surgery (surgery_id,med) VALUES (1739,'Dronabinol');
INSERT INTO surgery (id,date,patient_id,doctor_id) VALUES (1740,'2019-12-09',175,57);
INSERT INTO meds_for_surgery (surgery_id,med) VALUES (1740,'Codeine');
INSERT INTO surgery (id,date,patient_id,doctor_id) VALUES (1741,'2019-12-23',186,386);
INSERT INTO meds_for_surgery (surgery_id,med) VALUES (1741,'Lopinavir');
INSERT INTO surgery (id,date,patient_id,doctor_id) VALUES (1742,'2019-12-21',280,17);
INSERT INTO meds_for_surgery (surgery_id,med) VALUES (1742,'Celecoxib');
INSERT INTO surgery (id,date,patient_id,doctor_id) VALUES (1743,'2019-12-15',251,319);
INSERT INTO meds_for_surgery (surgery_id,med) VALUES (1743,'Dopamine');
INSERT INTO surgery (id,date,patient_id,doctor_id) VALUES (1744,'2019-12-16',483,384);
INSERT INTO meds_for_surgery (surgery_id,med) VALUES (1744,'Daunorubicin');
INSERT INTO surgery (id,date,patient_id,doctor_id) VALUES (1745,'2019-12-25',327,333);
INSERT INTO meds_for_surgery (surgery_id,med) VALUES (1745,'Cephalexin');
INSERT INTO surgery (id,date,patient_id,doctor_id) VALUES (1746,'2019-12-05',482,396);
INSERT INTO meds_for_surgery (surgery_id,med) VALUES (1746,'Deferasirox');
INSERT INTO surgery (id,date,patient_id,doctor_id) VALUES (1747,'2019-12-21',356,409);
INSERT INTO meds_for_surgery (surgery_id,med) VALUES (1747,'Daunorubicin');
INSERT INTO surgery (id,date,patient_id,doctor_id) VALUES (1748,'2019-12-18',251,189);
INSERT INTO meds_for_surgery (surgery_id,med) VALUES (1748,'Potassium');
INSERT INTO surgery (id,date,patient_id,doctor_id) VALUES (1749,'2019-12-14',39,57);
INSERT INTO meds_for_surgery (surgery_id,med) VALUES (1749,'Atenolol');
INSERT INTO surgery (id,date,patient_id,doctor_id) VALUES (1750,'2019-11-26',336,172);
INSERT INTO meds_for_surgery (surgery_id,med) VALUES (1750,'Cefixime');
INSERT INTO surgery (id,date,patient_id,doctor_id) VALUES (1751,'2019-12-20',330,409);
INSERT INTO meds_for_surgery (surgery_id,med) VALUES (1751,'Labetalol');
INSERT INTO surgery (id,date,patient_id,doctor_id) VALUES (1752,'2019-12-19',121,92);
INSERT INTO meds_for_surgery (surgery_id,med) VALUES (1752,'Crizotinib');
INSERT INTO surgery (id,date,patient_id,doctor_id) VALUES (1753,'2019-11-27',89,185);
INSERT INTO meds_for_surgery (surgery_id,med) VALUES (1753,'Captopril');
INSERT INTO surgery (id,date,patient_id,doctor_id) VALUES (1754,'2019-11-27',34,136);
INSERT INTO meds_for_surgery (surgery_id,med) VALUES (1754,'Mesna');
INSERT INTO surgery (id,date,patient_id,doctor_id) VALUES (1755,'2019-12-07',448,396);
INSERT INTO meds_for_surgery (surgery_id,med) VALUES (1755,'Cidofovir');
INSERT INTO surgery (id,date,patient_id,doctor_id) VALUES (1756,'2019-11-30',250,493);
INSERT INTO meds_for_surgery (surgery_id,med) VALUES (1756,'Aminocaproic Acid');
INSERT INTO surgery (id,date,patient_id,doctor_id) VALUES (1757,'2019-12-04',269,403);
INSERT INTO meds_for_surgery (surgery_id,med) VALUES (1757,'Megestrol acetate');
INSERT INTO surgery (id,date,patient_id,doctor_id) VALUES (1758,'2019-12-05',302,192);
INSERT INTO meds_for_surgery (surgery_id,med) VALUES (1758,'Dactinomycin');
INSERT INTO surgery (id,date,patient_id,doctor_id) VALUES (1759,'2019-12-20',255,434);
INSERT INTO meds_for_surgery (surgery_id,med) VALUES (1759,'Pemetrexed');
INSERT INTO surgery (id,date,patient_id,doctor_id) VALUES (1760,'2019-12-22',89,102);
INSERT INTO meds_for_surgery (surgery_id,med) VALUES (1760,'Nelfinavir');
INSERT INTO surgery (id,date,patient_id,doctor_id) VALUES (1761,'2019-12-25',461,353);
INSERT INTO meds_for_surgery (surgery_id,med) VALUES (1761,'Trimethoprim');
INSERT INTO surgery (id,date,patient_id,doctor_id) VALUES (1762,'2019-12-08',500,493);
INSERT INTO meds_for_surgery (surgery_id,med) VALUES (1762,'Carboplatin');
INSERT INTO surgery (id,date,patient_id,doctor_id) VALUES (1763,'2019-12-16',45,492);
INSERT INTO meds_for_surgery (surgery_id,med) VALUES (1763,'Lorazepam');
INSERT INTO surgery (id,date,patient_id,doctor_id) VALUES (1764,'2019-11-24',410,315);
INSERT INTO meds_for_surgery (surgery_id,med) VALUES (1764,'Methadone');
INSERT INTO surgery (id,date,patient_id,doctor_id) VALUES (1765,'2019-12-27',21,465);
INSERT INTO meds_for_surgery (surgery_id,med) VALUES (1765,'Methadone');
INSERT INTO surgery (id,date,patient_id,doctor_id) VALUES (1766,'2019-12-15',234,136);
INSERT INTO meds_for_surgery (surgery_id,med) VALUES (1766,'Asparaginase');
INSERT INTO surgery (id,date,patient_id,doctor_id) VALUES (1767,'2019-12-04',294,125);
INSERT INTO meds_for_surgery (surgery_id,med) VALUES (1767,'Alemtuzumab');
INSERT INTO surgery (id,date,patient_id,doctor_id) VALUES (1768,'2019-12-07',49,274);
INSERT INTO meds_for_surgery (surgery_id,med) VALUES (1768,'Dapsone');
INSERT INTO surgery (id,date,patient_id,doctor_id) VALUES (1769,'2019-11-23',436,108);
INSERT INTO meds_for_surgery (surgery_id,med) VALUES (1769,'Interleukin');
INSERT INTO surgery (id,date,patient_id,doctor_id) VALUES (1770,'2019-12-02',480,449);
INSERT INTO meds_for_surgery (surgery_id,med) VALUES (1770,'Etravirine');
INSERT INTO surgery (id,date,patient_id,doctor_id) VALUES (1771,'2019-12-15',400,189);
INSERT INTO meds_for_surgery (surgery_id,med) VALUES (1771,'Ketoconazole');
INSERT INTO surgery (id,date,patient_id,doctor_id) VALUES (1772,'2019-12-26',374,92);
INSERT INTO meds_for_surgery (surgery_id,med) VALUES (1772,'Levothyroxine');
INSERT INTO surgery (id,date,patient_id,doctor_id) VALUES (1773,'2019-12-17',52,491);
INSERT INTO meds_for_surgery (surgery_id,med) VALUES (1773,'Tacrolimus');
INSERT INTO surgery (id,date,patient_id,doctor_id) VALUES (1774,'2019-12-22',301,58);
INSERT INTO meds_for_surgery (surgery_id,med) VALUES (1774,'Ketoconazole');
INSERT INTO surgery (id,date,patient_id,doctor_id) VALUES (1775,'2019-11-30',124,29);
INSERT INTO meds_for_surgery (surgery_id,med) VALUES (1775,'Paclitaxel');
INSERT INTO surgery (id,date,patient_id,doctor_id) VALUES (1776,'2019-12-17',316,465);
INSERT INTO meds_for_surgery (surgery_id,med) VALUES (1776,'Enalapril');
INSERT INTO surgery (id,date,patient_id,doctor_id) VALUES (1777,'2019-11-27',230,29);
INSERT INTO meds_for_surgery (surgery_id,med) VALUES (1777,'Irinotecan');
INSERT INTO surgery (id,date,patient_id,doctor_id) VALUES (1778,'2019-12-07',375,97);
INSERT INTO meds_for_surgery (surgery_id,med) VALUES (1778,'Rilpivirine');
INSERT INTO surgery (id,date,patient_id,doctor_id) VALUES (1779,'2019-12-21',431,97);
INSERT INTO meds_for_surgery (surgery_id,med) VALUES (1779,'Bleomycin');
INSERT INTO surgery (id,date,patient_id,doctor_id) VALUES (1780,'2019-12-03',410,332);
INSERT INTO meds_for_surgery (surgery_id,med) VALUES (1780,'Mitotane');
INSERT INTO surgery (id,date,patient_id,doctor_id) VALUES (1781,'2019-11-29',89,332);
INSERT INTO meds_for_surgery (surgery_id,med) VALUES (1781,'Etoposide');
INSERT INTO surgery (id,date,patient_id,doctor_id) VALUES (1782,'2019-12-13',155,355);
INSERT INTO meds_for_surgery (surgery_id,med) VALUES (1782,'Mesna');
INSERT INTO surgery (id,date,patient_id,doctor_id) VALUES (1783,'2019-12-14',34,352);
INSERT INTO meds_for_surgery (surgery_id,med) VALUES (1783,'Dobutamine');
INSERT INTO surgery (id,date,patient_id,doctor_id) VALUES (1784,'2019-12-02',45,58);
INSERT INTO meds_for_surgery (surgery_id,med) VALUES (1784,'Phenobarbital');
INSERT INTO surgery (id,date,patient_id,doctor_id) VALUES (1785,'2019-12-03',19,438);
INSERT INTO meds_for_surgery (surgery_id,med) VALUES (1785,'Norepinephrine');
INSERT INTO surgery (id,date,patient_id,doctor_id) VALUES (1786,'2019-12-16',49,4);
INSERT INTO meds_for_surgery (surgery_id,med) VALUES (1786,'Vinblastine');
INSERT INTO surgery (id,date,patient_id,doctor_id) VALUES (1787,'2019-12-13',269,491);
INSERT INTO meds_for_surgery (surgery_id,med) VALUES (1787,'Dopamine');
INSERT INTO surgery (id,date,patient_id,doctor_id) VALUES (1788,'2019-12-06',37,412);
INSERT INTO meds_for_surgery (surgery_id,med) VALUES (1788,'Etravirine');
INSERT INTO surgery (id,date,patient_id,doctor_id) VALUES (1789,'2019-11-28',194,117);
INSERT INTO meds_for_surgery (surgery_id,med) VALUES (1789,'Daunorubicin');
INSERT INTO surgery (id,date,patient_id,doctor_id) VALUES (1790,'2019-12-18',247,172);
INSERT INTO meds_for_surgery (surgery_id,med) VALUES (1790,'Calcium');
INSERT INTO surgery (id,date,patient_id,doctor_id) VALUES (1791,'2019-12-06',406,136);
INSERT INTO meds_for_surgery (surgery_id,med) VALUES (1791,'Fluorouracil');
INSERT INTO surgery (id,date,patient_id,doctor_id) VALUES (1792,'2019-12-08',180,386);
INSERT INTO meds_for_surgery (surgery_id,med) VALUES (1792,'Hydromorphone');
INSERT INTO surgery (id,date,patient_id,doctor_id) VALUES (1793,'2019-12-06',445,17);
INSERT INTO meds_for_surgery (surgery_id,med) VALUES (1793,'Calcium');
INSERT INTO surgery (id,date,patient_id,doctor_id) VALUES (1794,'2019-12-05',282,412);
INSERT INTO meds_for_surgery (surgery_id,med) VALUES (1794,'Mesna');
INSERT INTO surgery (id,date,patient_id,doctor_id) VALUES (1795,'2019-12-18',116,352);
INSERT INTO meds_for_surgery (surgery_id,med) VALUES (1795,'Megestrol acetate');
INSERT INTO surgery (id,date,patient_id,doctor_id) VALUES (1796,'2019-12-22',448,172);
INSERT INTO meds_for_surgery (surgery_id,med) VALUES (1796,'Lorazepam');
INSERT INTO surgery (id,date,patient_id,doctor_id) VALUES (1797,'2019-12-13',132,284);
INSERT INTO meds_for_surgery (surgery_id,med) VALUES (1797,'Erlotinib');
INSERT INTO surgery (id,date,patient_id,doctor_id) VALUES (1798,'2019-12-08',19,189);
INSERT INTO meds_for_surgery (surgery_id,med) VALUES (1798,'Mechlorethamine');
INSERT INTO surgery (id,date,patient_id,doctor_id) VALUES (1799,'2019-12-14',112,391);
INSERT INTO meds_for_surgery (surgery_id,med) VALUES (1799,'Hydrocodone');
INSERT INTO surgery (id,date,patient_id,doctor_id) VALUES (1800,'2019-12-10',393,441);
INSERT INTO meds_for_surgery (surgery_id,med) VALUES (1800,'Cyproheptadine');
INSERT INTO surgery (id,date,patient_id,doctor_id) VALUES (1801,'2019-12-09',461,396);
INSERT INTO meds_for_surgery (surgery_id,med) VALUES (1801,'Gemcitabine');
INSERT INTO surgery (id,date,patient_id,doctor_id) VALUES (1802,'2019-11-24',179,313);
INSERT INTO meds_for_surgery (surgery_id,med) VALUES (1802,'Stavudine');
INSERT INTO surgery (id,date,patient_id,doctor_id) VALUES (1803,'2019-12-22',349,355);
INSERT INTO meds_for_surgery (surgery_id,med) VALUES (1803,'Nevirapine');
INSERT INTO surgery (id,date,patient_id,doctor_id) VALUES (1804,'2019-12-27',346,434);
INSERT INTO meds_for_surgery (surgery_id,med) VALUES (1804,'Amlodipine');
INSERT INTO surgery (id,date,patient_id,doctor_id) VALUES (1805,'2019-12-07',479,182);
INSERT INTO meds_for_surgery (surgery_id,med) VALUES (1805,'Alendronate');
INSERT INTO surgery (id,date,patient_id,doctor_id) VALUES (1806,'2019-12-21',480,332);
INSERT INTO meds_for_surgery (surgery_id,med) VALUES (1806,'Aprepitant');
INSERT INTO surgery (id,date,patient_id,doctor_id) VALUES (1807,'2019-12-05',435,268);
INSERT INTO meds_for_surgery (surgery_id,med) VALUES (1807,'Atovaquone');
INSERT INTO surgery (id,date,patient_id,doctor_id) VALUES (1808,'2019-12-17',128,97);
INSERT INTO meds_for_surgery (surgery_id,med) VALUES (1808,'Atovaquone');
INSERT INTO surgery (id,date,patient_id,doctor_id) VALUES (1809,'2019-12-09',461,468);
INSERT INTO meds_for_surgery (surgery_id,med) VALUES (1809,'Enoxaparin');
INSERT INTO surgery (id,date,patient_id,doctor_id) VALUES (1810,'2019-12-23',354,275);
INSERT INTO meds_for_surgery (surgery_id,med) VALUES (1810,'Topotecan');
INSERT INTO surgery (id,date,patient_id,doctor_id) VALUES (1811,'2019-12-09',426,332);
INSERT INTO meds_for_surgery (surgery_id,med) VALUES (1811,'Phosphorus');
INSERT INTO surgery (id,date,patient_id,doctor_id) VALUES (1812,'2019-12-24',121,369);
INSERT INTO meds_for_surgery (surgery_id,med) VALUES (1812,'Emicizumab');
INSERT INTO surgery (id,date,patient_id,doctor_id) VALUES (1813,'2019-12-12',482,29);
INSERT INTO meds_for_surgery (surgery_id,med) VALUES (1813,'Cefixime');
INSERT INTO surgery (id,date,patient_id,doctor_id) VALUES (1814,'2019-12-16',400,274);
INSERT INTO meds_for_surgery (surgery_id,med) VALUES (1814,'Nelfinavir');
INSERT INTO surgery (id,date,patient_id,doctor_id) VALUES (1815,'2019-12-12',184,189);
INSERT INTO meds_for_surgery (surgery_id,med) VALUES (1815,'Dapsone');
INSERT INTO surgery (id,date,patient_id,doctor_id) VALUES (1816,'2019-12-04',410,270);
INSERT INTO meds_for_surgery (surgery_id,med) VALUES (1816,'Vinblastine');
INSERT INTO surgery (id,date,patient_id,doctor_id) VALUES (1817,'2019-11-24',19,4);
INSERT INTO meds_for_surgery (surgery_id,med) VALUES (1817,'Cefixime');
INSERT INTO surgery (id,date,patient_id,doctor_id) VALUES (1818,'2019-12-17',130,97);
INSERT INTO meds_for_surgery (surgery_id,med) VALUES (1818,'Atenolol');
INSERT INTO surgery (id,date,patient_id,doctor_id) VALUES (1819,'2019-12-22',229,185);
INSERT INTO meds_for_surgery (surgery_id,med) VALUES (1819,'Prednisone');
INSERT INTO surgery (id,date,patient_id,doctor_id) VALUES (1820,'2019-11-29',52,355);
INSERT INTO meds_for_surgery (surgery_id,med) VALUES (1820,'Norepinephrine');
INSERT INTO surgery (id,date,patient_id,doctor_id) VALUES (1821,'2019-12-16',219,493);
INSERT INTO meds_for_surgery (surgery_id,med) VALUES (1821,'Clofarabine');
INSERT INTO surgery (id,date,patient_id,doctor_id) VALUES (1822,'2019-12-13',235,369);
INSERT INTO meds_for_surgery (surgery_id,med) VALUES (1822,'Raltegravir');
INSERT INTO surgery (id,date,patient_id,doctor_id) VALUES (1823,'2019-12-13',128,270);
INSERT INTO meds_for_surgery (surgery_id,med) VALUES (1823,'Stavudine');
INSERT INTO surgery (id,date,patient_id,doctor_id) VALUES (1824,'2019-12-27',447,136);
INSERT INTO meds_for_surgery (surgery_id,med) VALUES (1824,'Elvitegravir');
INSERT INTO surgery (id,date,patient_id,doctor_id) VALUES (1825,'2019-12-18',155,57);
INSERT INTO meds_for_surgery (surgery_id,med) VALUES (1825,'PEGaspargase');
INSERT INTO surgery (id,date,patient_id,doctor_id) VALUES (1826,'2019-11-23',431,284);
INSERT INTO meds_for_surgery (surgery_id,med) VALUES (1826,'Megestrol acetate');
INSERT INTO surgery (id,date,patient_id,doctor_id) VALUES (1827,'2019-12-09',219,315);
INSERT INTO meds_for_surgery (surgery_id,med) VALUES (1827,'Cidofovir');
INSERT INTO surgery (id,date,patient_id,doctor_id) VALUES (1828,'2019-12-06',287,56);
INSERT INTO meds_for_surgery (surgery_id,med) VALUES (1828,'Emtricitabine');
INSERT INTO surgery (id,date,patient_id,doctor_id) VALUES (1829,'2019-12-20',346,359);
INSERT INTO meds_for_surgery (surgery_id,med) VALUES (1829,'Carboplatin');
INSERT INTO surgery (id,date,patient_id,doctor_id) VALUES (1830,'2019-12-27',293,465);
INSERT INTO meds_for_surgery (surgery_id,med) VALUES (1830,'L-glutamine');
INSERT INTO surgery (id,date,patient_id,doctor_id) VALUES (1831,'2019-12-05',461,439);
INSERT INTO meds_for_surgery (surgery_id,med) VALUES (1831,'Omeprazole');
INSERT INTO surgery (id,date,patient_id,doctor_id) VALUES (1832,'2019-12-20',250,136);
INSERT INTO meds_for_surgery (surgery_id,med) VALUES (1832,'Mitoxantrone');
INSERT INTO surgery (id,date,patient_id,doctor_id) VALUES (1833,'2019-12-21',431,491);
INSERT INTO meds_for_surgery (surgery_id,med) VALUES (1833,'Immune');
INSERT INTO surgery (id,date,patient_id,doctor_id) VALUES (1834,'2019-12-07',460,102);
INSERT INTO meds_for_surgery (surgery_id,med) VALUES (1834,'Imatinib');
INSERT INTO surgery (id,date,patient_id,doctor_id) VALUES (1835,'2019-12-21',32,468);
INSERT INTO meds_for_surgery (surgery_id,med) VALUES (1835,'Vinblastine');
INSERT INTO surgery (id,date,patient_id,doctor_id) VALUES (1836,'2019-12-19',219,211);
INSERT INTO meds_for_surgery (surgery_id,med) VALUES (1836,'PEGaspargase');
INSERT INTO surgery (id,date,patient_id,doctor_id) VALUES (1837,'2019-12-11',234,315);
INSERT INTO meds_for_surgery (surgery_id,med) VALUES (1837,'Thiotepa');
INSERT INTO surgery (id,date,patient_id,doctor_id) VALUES (1838,'2019-12-05',175,473);
INSERT INTO meds_for_surgery (surgery_id,med) VALUES (1838,'Eltrombopag');
INSERT INTO surgery (id,date,patient_id,doctor_id) VALUES (1839,'2019-12-16',64,117);
INSERT INTO meds_for_surgery (surgery_id,med) VALUES (1839,'Vincristine');
INSERT INTO surgery (id,date,patient_id,doctor_id) VALUES (1840,'2019-12-16',210,439);
INSERT INTO meds_for_surgery (surgery_id,med) VALUES (1840,'Penicillin');
INSERT INTO surgery (id,date,patient_id,doctor_id) VALUES (1841,'2019-12-19',186,300);
INSERT INTO meds_for_surgery (surgery_id,med) VALUES (1841,'Paclitaxel');
INSERT INTO surgery (id,date,patient_id,doctor_id) VALUES (1842,'2019-12-01',460,359);
INSERT INTO meds_for_surgery (surgery_id,med) VALUES (1842,'Mitoxantrone');
INSERT INTO surgery (id,date,patient_id,doctor_id) VALUES (1843,'2019-11-30',255,498);
INSERT INTO meds_for_surgery (surgery_id,med) VALUES (1843,'Emicizumab');
INSERT INTO surgery (id,date,patient_id,doctor_id) VALUES (1844,'2019-11-26',330,192);
INSERT INTO meds_for_surgery (surgery_id,med) VALUES (1844,'Pentamidine');
INSERT INTO surgery (id,date,patient_id,doctor_id) VALUES (1845,'2019-12-01',112,192);
INSERT INTO meds_for_surgery (surgery_id,med) VALUES (1845,'Heparin');
INSERT INTO surgery (id,date,patient_id,doctor_id) VALUES (1846,'2019-12-08',175,185);
INSERT INTO meds_for_surgery (surgery_id,med) VALUES (1846,'Nelarabine');
INSERT INTO surgery (id,date,patient_id,doctor_id) VALUES (1847,'2019-12-06',419,272);
INSERT INTO meds_for_surgery (surgery_id,med) VALUES (1847,'Granisetron');
INSERT INTO surgery (id,date,patient_id,doctor_id) VALUES (1848,'2019-12-17',259,353);
INSERT INTO meds_for_surgery (surgery_id,med) VALUES (1848,'Mitotane');
INSERT INTO surgery (id,date,patient_id,doctor_id) VALUES (1849,'2019-12-21',95,441);
INSERT INTO meds_for_surgery (surgery_id,med) VALUES (1849,'Hydrocortisone');
INSERT INTO surgery (id,date,patient_id,doctor_id) VALUES (1850,'2019-12-18',126,409);
INSERT INTO meds_for_surgery (surgery_id,med) VALUES (1850,'Bleomycin');
INSERT INTO surgery (id,date,patient_id,doctor_id) VALUES (1851,'2019-11-24',349,367);
INSERT INTO meds_for_surgery (surgery_id,med) VALUES (1851,'Aminocaproic Acid');
INSERT INTO surgery (id,date,patient_id,doctor_id) VALUES (1852,'2019-12-11',427,125);
INSERT INTO meds_for_surgery (surgery_id,med) VALUES (1852,'Furosemide');
INSERT INTO surgery (id,date,patient_id,doctor_id) VALUES (1853,'2019-12-19',294,84);
INSERT INTO meds_for_surgery (surgery_id,med) VALUES (1853,'Itraconazole');
INSERT INTO surgery (id,date,patient_id,doctor_id) VALUES (1854,'2019-12-05',60,58);
INSERT INTO meds_for_surgery (surgery_id,med) VALUES (1854,'Vincristine');
INSERT INTO surgery (id,date,patient_id,doctor_id) VALUES (1855,'2019-12-27',327,267);
INSERT INTO meds_for_surgery (surgery_id,med) VALUES (1855,'Dacarbazine');
INSERT INTO surgery (id,date,patient_id,doctor_id) VALUES (1856,'2019-12-26',406,322);
INSERT INTO meds_for_surgery (surgery_id,med) VALUES (1856,'Amifostine');
INSERT INTO surgery (id,date,patient_id,doctor_id) VALUES (1857,'2019-11-25',447,319);
INSERT INTO meds_for_surgery (surgery_id,med) VALUES (1857,'Atovaquone');
INSERT INTO surgery (id,date,patient_id,doctor_id) VALUES (1858,'2019-12-20',294,92);
INSERT INTO meds_for_surgery (surgery_id,med) VALUES (1858,'Leucovorin');
INSERT INTO surgery (id,date,patient_id,doctor_id) VALUES (1859,'2019-12-06',247,55);
INSERT INTO meds_for_surgery (surgery_id,med) VALUES (1859,'Labetalol');
INSERT INTO surgery (id,date,patient_id,doctor_id) VALUES (1860,'2019-12-06',135,86);
INSERT INTO meds_for_surgery (surgery_id,med) VALUES (1860,'Cytarabine');
INSERT INTO surgery (id,date,patient_id,doctor_id) VALUES (1861,'2019-12-08',419,285);
INSERT INTO meds_for_surgery (surgery_id,med) VALUES (1861,'Warfarin');
INSERT INTO surgery (id,date,patient_id,doctor_id) VALUES (1862,'2019-11-26',280,272);
INSERT INTO meds_for_surgery (surgery_id,med) VALUES (1862,'Elvitegravir');
INSERT INTO surgery (id,date,patient_id,doctor_id) VALUES (1863,'2019-12-13',482,86);
INSERT INTO meds_for_surgery (surgery_id,med) VALUES (1863,'Celecoxib');
INSERT INTO surgery (id,date,patient_id,doctor_id) VALUES (1864,'2019-11-23',354,315);
INSERT INTO meds_for_surgery (surgery_id,med) VALUES (1864,'Isotretinoin');
INSERT INTO surgery (id,date,patient_id,doctor_id) VALUES (1865,'2019-11-24',141,192);
INSERT INTO meds_for_surgery (surgery_id,med) VALUES (1865,'Methadone');
INSERT INTO surgery (id,date,patient_id,doctor_id) VALUES (1866,'2019-11-28',179,441);
INSERT INTO meds_for_surgery (surgery_id,med) VALUES (1866,'Fluconazole');
INSERT INTO surgery (id,date,patient_id,doctor_id) VALUES (1867,'2019-12-22',411,136);
INSERT INTO meds_for_surgery (surgery_id,med) VALUES (1867,'Cyproheptadine');
INSERT INTO surgery (id,date,patient_id,doctor_id) VALUES (1868,'2019-12-06',34,182);
INSERT INTO meds_for_surgery (surgery_id,med) VALUES (1868,'Cyclosporine');
INSERT INTO surgery (id,date,patient_id,doctor_id) VALUES (1869,'2019-12-22',294,492);
INSERT INTO meds_for_surgery (surgery_id,med) VALUES (1869,'Sucralfate');
INSERT INTO surgery (id,date,patient_id,doctor_id) VALUES (1870,'2019-11-23',155,84);
INSERT INTO meds_for_surgery (surgery_id,med) VALUES (1870,'Mitotane');
INSERT INTO surgery (id,date,patient_id,doctor_id) VALUES (1871,'2019-11-27',104,396);
INSERT INTO meds_for_surgery (surgery_id,med) VALUES (1871,'Amikacin');
INSERT INTO surgery (id,date,patient_id,doctor_id) VALUES (1872,'2019-12-13',179,84);
INSERT INTO meds_for_surgery (surgery_id,med) VALUES (1872,'Warfarin');
INSERT INTO surgery (id,date,patient_id,doctor_id) VALUES (1873,'2019-12-07',232,246);
INSERT INTO meds_for_surgery (surgery_id,med) VALUES (1873,'Irinotecan');
INSERT INTO surgery (id,date,patient_id,doctor_id) VALUES (1874,'2019-12-12',445,4);
INSERT INTO meds_for_surgery (surgery_id,med) VALUES (1874,'Promethazine');
INSERT INTO surgery (id,date,patient_id,doctor_id) VALUES (1875,'2019-12-18',124,270);
INSERT INTO meds_for_surgery (surgery_id,med) VALUES (1875,'Phenobarbital');
INSERT INTO surgery (id,date,patient_id,doctor_id) VALUES (1876,'2019-12-11',34,56);
INSERT INTO meds_for_surgery (surgery_id,med) VALUES (1876,'Emtricitabine');
INSERT INTO surgery (id,date,patient_id,doctor_id) VALUES (1877,'2019-12-07',64,246);
INSERT INTO meds_for_surgery (surgery_id,med) VALUES (1877,'Dasatinib');
INSERT INTO surgery (id,date,patient_id,doctor_id) VALUES (1878,'2019-12-07',231,412);
INSERT INTO meds_for_surgery (surgery_id,med) VALUES (1878,'Dexamethasone');
INSERT INTO surgery (id,date,patient_id,doctor_id) VALUES (1879,'2019-12-05',354,57);
INSERT INTO meds_for_surgery (surgery_id,med) VALUES (1879,'Lomustine');
INSERT INTO surgery (id,date,patient_id,doctor_id) VALUES (1880,'2019-11-26',400,58);
INSERT INTO meds_for_surgery (surgery_id,med) VALUES (1880,'Propoxyphene');
INSERT INTO surgery (id,date,patient_id,doctor_id) VALUES (1881,'2019-11-26',349,498);
INSERT INTO meds_for_surgery (surgery_id,med) VALUES (1881,'Teniposide');
INSERT INTO surgery (id,date,patient_id,doctor_id) VALUES (1882,'2019-12-13',393,189);
INSERT INTO meds_for_surgery (surgery_id,med) VALUES (1882,'GM-CSF');
INSERT INTO surgery (id,date,patient_id,doctor_id) VALUES (1883,'2019-12-17',219,272);
INSERT INTO meds_for_surgery (surgery_id,med) VALUES (1883,'Granisetron');
INSERT INTO surgery (id,date,patient_id,doctor_id) VALUES (1884,'2019-11-29',406,275);
INSERT INTO meds_for_surgery (surgery_id,med) VALUES (1884,'Cytarabine');
INSERT INTO surgery (id,date,patient_id,doctor_id) VALUES (1885,'2019-12-07',231,313);
INSERT INTO meds_for_surgery (surgery_id,med) VALUES (1885,'Gabapentin');
INSERT INTO surgery (id,date,patient_id,doctor_id) VALUES (1886,'2019-12-05',500,189);
INSERT INTO meds_for_surgery (surgery_id,med) VALUES (1886,'Dexamethasone');
INSERT INTO surgery (id,date,patient_id,doctor_id) VALUES (1887,'2019-11-27',141,86);
INSERT INTO meds_for_surgery (surgery_id,med) VALUES (1887,'Warfarin');
INSERT INTO surgery (id,date,patient_id,doctor_id) VALUES (1888,'2019-11-26',424,55);
INSERT INTO meds_for_surgery (surgery_id,med) VALUES (1888,'Heparin');
INSERT INTO surgery (id,date,patient_id,doctor_id) VALUES (1889,'2019-11-25',231,275);
INSERT INTO meds_for_surgery (surgery_id,med) VALUES (1889,'Allopurinol');
INSERT INTO surgery (id,date,patient_id,doctor_id) VALUES (1890,'2019-11-25',250,246);
INSERT INTO meds_for_surgery (surgery_id,med) VALUES (1890,'Levothyroxine');
INSERT INTO surgery (id,date,patient_id,doctor_id) VALUES (1891,'2019-12-24',424,322);
INSERT INTO meds_for_surgery (surgery_id,med) VALUES (1891,'Mitoxantrone');
INSERT INTO surgery (id,date,patient_id,doctor_id) VALUES (1892,'2019-12-17',234,92);
INSERT INTO meds_for_surgery (surgery_id,med) VALUES (1892,'Labetalol');
INSERT INTO surgery (id,date,patient_id,doctor_id) VALUES (1893,'2019-12-22',286,92);
INSERT INTO meds_for_surgery (surgery_id,med) VALUES (1893,'Fluconazole');
INSERT INTO surgery (id,date,patient_id,doctor_id) VALUES (1894,'2019-11-24',130,359);
INSERT INTO meds_for_surgery (surgery_id,med) VALUES (1894,'Allopurinol');
INSERT INTO surgery (id,date,patient_id,doctor_id) VALUES (1895,'2019-11-27',186,185);
INSERT INTO meds_for_surgery (surgery_id,med) VALUES (1895,'Asparaginase');
INSERT INTO surgery (id,date,patient_id,doctor_id) VALUES (1896,'2019-12-02',130,451);
INSERT INTO meds_for_surgery (surgery_id,med) VALUES (1896,'Aprepitant');
INSERT INTO surgery (id,date,patient_id,doctor_id) VALUES (1897,'2019-12-22',60,434);
INSERT INTO meds_for_surgery (surgery_id,med) VALUES (1897,'Nelarabine');
INSERT INTO surgery (id,date,patient_id,doctor_id) VALUES (1898,'2019-12-04',232,246);
INSERT INTO meds_for_surgery (surgery_id,med) VALUES (1898,'Sucralfate');
INSERT INTO surgery (id,date,patient_id,doctor_id) VALUES (1899,'2019-12-19',210,353);
INSERT INTO meds_for_surgery (surgery_id,med) VALUES (1899,'Morphine');
INSERT INTO surgery (id,date,patient_id,doctor_id) VALUES (1900,'2019-12-09',316,56);
INSERT INTO meds_for_surgery (surgery_id,med) VALUES (1900,'Busulfan');
INSERT INTO surgery (id,date,patient_id,doctor_id) VALUES (1901,'2019-12-14',293,274);
INSERT INTO meds_for_surgery (surgery_id,med) VALUES (1901,'Cephalexin');
INSERT INTO surgery (id,date,patient_id,doctor_id) VALUES (1902,'2019-12-02',444,441);
INSERT INTO meds_for_surgery (surgery_id,med) VALUES (1902,'Busulfan');
INSERT INTO surgery (id,date,patient_id,doctor_id) VALUES (1903,'2019-12-18',251,493);
INSERT INTO meds_for_surgery (surgery_id,med) VALUES (1903,'Temozolomide');
INSERT INTO surgery (id,date,patient_id,doctor_id) VALUES (1904,'2019-12-14',175,108);
INSERT INTO meds_for_surgery (surgery_id,med) VALUES (1904,'Codeine');
INSERT INTO surgery (id,date,patient_id,doctor_id) VALUES (1905,'2019-11-30',461,55);
INSERT INTO meds_for_surgery (surgery_id,med) VALUES (1905,'Stavudine');
INSERT INTO surgery (id,date,patient_id,doctor_id) VALUES (1906,'2019-11-24',330,192);
INSERT INTO meds_for_surgery (surgery_id,med) VALUES (1906,'Ganciclovir');
INSERT INTO surgery (id,date,patient_id,doctor_id) VALUES (1907,'2019-12-11',393,143);
INSERT INTO meds_for_surgery (surgery_id,med) VALUES (1907,'Mesna');
INSERT INTO surgery (id,date,patient_id,doctor_id) VALUES (1908,'2019-12-04',431,285);
INSERT INTO meds_for_surgery (surgery_id,med) VALUES (1908,'Clofarabine');
INSERT INTO surgery (id,date,patient_id,doctor_id) VALUES (1909,'2019-12-21',400,403);
INSERT INTO meds_for_surgery (surgery_id,med) VALUES (1909,'Interferon');
INSERT INTO surgery (id,date,patient_id,doctor_id) VALUES (1910,'2019-11-25',219,267);
INSERT INTO meds_for_surgery (surgery_id,med) VALUES (1910,'Calcium');
INSERT INTO surgery (id,date,patient_id,doctor_id) VALUES (1911,'2019-12-13',444,315);
INSERT INTO meds_for_surgery (surgery_id,med) VALUES (1911,'Atazanavir');
INSERT INTO surgery (id,date,patient_id,doctor_id) VALUES (1912,'2019-12-02',477,491);
INSERT INTO meds_for_surgery (surgery_id,med) VALUES (1912,'Raltegravir');
INSERT INTO surgery (id,date,patient_id,doctor_id) VALUES (1913,'2019-11-30',356,125);
INSERT INTO meds_for_surgery (surgery_id,med) VALUES (1913,'Gabapentin');
INSERT INTO surgery (id,date,patient_id,doctor_id) VALUES (1914,'2019-12-05',194,57);
INSERT INTO meds_for_surgery (surgery_id,med) VALUES (1914,'Mitoxantrone');
INSERT INTO surgery (id,date,patient_id,doctor_id) VALUES (1915,'2019-12-26',23,434);
INSERT INTO meds_for_surgery (surgery_id,med) VALUES (1915,'Modafinil');
INSERT INTO surgery (id,date,patient_id,doctor_id) VALUES (1916,'2019-12-16',219,333);
INSERT INTO meds_for_surgery (surgery_id,med) VALUES (1916,'Dobutamine');
INSERT INTO surgery (id,date,patient_id,doctor_id) VALUES (1917,'2019-12-01',483,226);
INSERT INTO meds_for_surgery (surgery_id,med) VALUES (1917,'Omeprazole');
INSERT INTO surgery (id,date,patient_id,doctor_id) VALUES (1918,'2019-12-07',116,285);
INSERT INTO meds_for_surgery (surgery_id,med) VALUES (1918,'Voriconazole');
INSERT INTO surgery (id,date,patient_id,doctor_id) VALUES (1919,'2019-12-18',374,333);
INSERT INTO meds_for_surgery (surgery_id,med) VALUES (1919,'Allopurinol');
INSERT INTO surgery (id,date,patient_id,doctor_id) VALUES (1920,'2019-12-11',126,272);
INSERT INTO meds_for_surgery (surgery_id,med) VALUES (1920,'Bleomycin');
INSERT INTO surgery (id,date,patient_id,doctor_id) VALUES (1921,'2019-12-19',69,268);
INSERT INTO meds_for_surgery (surgery_id,med) VALUES (1921,'Enalapril');
INSERT INTO surgery (id,date,patient_id,doctor_id) VALUES (1922,'2019-12-23',60,211);
INSERT INTO meds_for_surgery (surgery_id,med) VALUES (1922,'Atazanavir');
INSERT INTO surgery (id,date,patient_id,doctor_id) VALUES (1923,'2019-12-14',104,274);
INSERT INTO meds_for_surgery (surgery_id,med) VALUES (1923,'Celecoxib');
INSERT INTO surgery (id,date,patient_id,doctor_id) VALUES (1924,'2019-12-01',410,172);
INSERT INTO meds_for_surgery (surgery_id,med) VALUES (1924,'Amikacin');
INSERT INTO surgery (id,date,patient_id,doctor_id) VALUES (1925,'2019-12-06',230,391);
INSERT INTO meds_for_surgery (surgery_id,med) VALUES (1925,'Trimethoprim');
INSERT INTO surgery (id,date,patient_id,doctor_id) VALUES (1926,'2019-12-13',89,226);
INSERT INTO meds_for_surgery (surgery_id,med) VALUES (1926,'Mercaptopurine');
INSERT INTO surgery (id,date,patient_id,doctor_id) VALUES (1927,'2019-12-02',194,359);
INSERT INTO meds_for_surgery (surgery_id,med) VALUES (1927,'Cyclosporine');
INSERT INTO surgery (id,date,patient_id,doctor_id) VALUES (1928,'2019-12-16',426,353);
INSERT INTO meds_for_surgery (surgery_id,med) VALUES (1928,'Pentamidine');
INSERT INTO surgery (id,date,patient_id,doctor_id) VALUES (1929,'2019-12-22',194,300);
INSERT INTO meds_for_surgery (surgery_id,med) VALUES (1929,'Voriconazole');
INSERT INTO surgery (id,date,patient_id,doctor_id) VALUES (1930,'2019-12-14',210,57);
INSERT INTO meds_for_surgery (surgery_id,med) VALUES (1930,'Bortezomib');
INSERT INTO surgery (id,date,patient_id,doctor_id) VALUES (1931,'2019-12-26',461,313);
INSERT INTO meds_for_surgery (surgery_id,med) VALUES (1931,'Sirolimus');
INSERT INTO surgery (id,date,patient_id,doctor_id) VALUES (1932,'2019-12-14',500,211);
INSERT INTO meds_for_surgery (surgery_id,med) VALUES (1932,'Cytarabine');
INSERT INTO surgery (id,date,patient_id,doctor_id) VALUES (1933,'2019-12-25',427,391);
INSERT INTO meds_for_surgery (surgery_id,med) VALUES (1933,'Phenytoin');
INSERT INTO surgery (id,date,patient_id,doctor_id) VALUES (1934,'2019-12-18',179,268);
INSERT INTO meds_for_surgery (surgery_id,med) VALUES (1934,'Megestrol acetate');
INSERT INTO surgery (id,date,patient_id,doctor_id) VALUES (1935,'2019-12-21',45,29);
INSERT INTO meds_for_surgery (surgery_id,med) VALUES (1935,'Enoxaparin');
INSERT INTO surgery (id,date,patient_id,doctor_id) VALUES (1936,'2019-12-16',223,319);
INSERT INTO meds_for_surgery (surgery_id,med) VALUES (1936,'Asparaginase');
INSERT INTO surgery (id,date,patient_id,doctor_id) VALUES (1937,'2019-11-28',52,468);
INSERT INTO meds_for_surgery (surgery_id,med) VALUES (1937,'Hydrocodone');
INSERT INTO surgery (id,date,patient_id,doctor_id) VALUES (1938,'2019-11-27',104,86);
INSERT INTO meds_for_surgery (surgery_id,med) VALUES (1938,'Mechlorethamine');
INSERT INTO surgery (id,date,patient_id,doctor_id) VALUES (1939,'2019-11-27',482,29);
INSERT INTO meds_for_surgery (surgery_id,med) VALUES (1939,'Etonogestrel');
INSERT INTO surgery (id,date,patient_id,doctor_id) VALUES (1940,'2019-12-21',234,333);
INSERT INTO meds_for_surgery (surgery_id,med) VALUES (1940,'Micafungin');
INSERT INTO surgery (id,date,patient_id,doctor_id) VALUES (1941,'2019-12-21',179,320);
INSERT INTO meds_for_surgery (surgery_id,med) VALUES (1941,'Methylphenidate');
INSERT INTO surgery (id,date,patient_id,doctor_id) VALUES (1942,'2019-12-10',170,441);
INSERT INTO meds_for_surgery (surgery_id,med) VALUES (1942,'Ketoconazole');
INSERT INTO surgery (id,date,patient_id,doctor_id) VALUES (1943,'2019-12-07',179,192);
INSERT INTO meds_for_surgery (surgery_id,med) VALUES (1943,'Magnesium');
INSERT INTO surgery (id,date,patient_id,doctor_id) VALUES (1944,'2019-12-23',426,246);
INSERT INTO meds_for_surgery (surgery_id,med) VALUES (1944,'Dobutamine');
INSERT INTO surgery (id,date,patient_id,doctor_id) VALUES (1945,'2019-12-16',302,355);
INSERT INTO meds_for_surgery (surgery_id,med) VALUES (1945,'Fluconazole');
INSERT INTO surgery (id,date,patient_id,doctor_id) VALUES (1946,'2019-12-05',126,300);
INSERT INTO meds_for_surgery (surgery_id,med) VALUES (1946,'Alendronate');
INSERT INTO surgery (id,date,patient_id,doctor_id) VALUES (1947,'2019-11-30',445,403);
INSERT INTO meds_for_surgery (surgery_id,med) VALUES (1947,'Ketoconazole');
INSERT INTO surgery (id,date,patient_id,doctor_id) VALUES (1948,'2019-11-24',482,353);
INSERT INTO meds_for_surgery (surgery_id,med) VALUES (1948,'Efavirenz');
INSERT INTO surgery (id,date,patient_id,doctor_id) VALUES (1949,'2019-12-09',223,268);
INSERT INTO meds_for_surgery (surgery_id,med) VALUES (1949,'Amifostine');
INSERT INTO surgery (id,date,patient_id,doctor_id) VALUES (1950,'2019-12-14',179,270);
INSERT INTO meds_for_surgery (surgery_id,med) VALUES (1950,'Bortezomib');
INSERT INTO surgery (id,date,patient_id,doctor_id) VALUES (1951,'2019-12-04',32,468);
INSERT INTO meds_for_surgery (surgery_id,med) VALUES (1951,'Sorafenib');
INSERT INTO surgery (id,date,patient_id,doctor_id) VALUES (1952,'2019-12-10',199,270);
INSERT INTO meds_for_surgery (surgery_id,med) VALUES (1952,'Propoxyphene');
INSERT INTO surgery (id,date,patient_id,doctor_id) VALUES (1953,'2019-12-24',381,271);
INSERT INTO meds_for_surgery (surgery_id,med) VALUES (1953,'Etonogestrel');
INSERT INTO surgery (id,date,patient_id,doctor_id) VALUES (1954,'2019-12-15',161,117);
INSERT INTO meds_for_surgery (surgery_id,med) VALUES (1954,'Ganciclovir');
INSERT INTO surgery (id,date,patient_id,doctor_id) VALUES (1955,'2019-12-22',336,438);
INSERT INTO meds_for_surgery (surgery_id,med) VALUES (1955,'Mesna');
INSERT INTO surgery (id,date,patient_id,doctor_id) VALUES (1956,'2019-12-21',282,270);
INSERT INTO meds_for_surgery (surgery_id,med) VALUES (1956,'Lopinavir');
INSERT INTO surgery (id,date,patient_id,doctor_id) VALUES (1957,'2019-12-12',336,182);
INSERT INTO meds_for_surgery (surgery_id,med) VALUES (1957,'Modafinil');
INSERT INTO surgery (id,date,patient_id,doctor_id) VALUES (1958,'2019-11-25',124,439);
INSERT INTO meds_for_surgery (surgery_id,med) VALUES (1958,'Cefixime');
INSERT INTO surgery (id,date,patient_id,doctor_id) VALUES (1959,'2019-11-23',346,355);
INSERT INTO meds_for_surgery (surgery_id,med) VALUES (1959,'Oxycodone');
INSERT INTO surgery (id,date,patient_id,doctor_id) VALUES (1960,'2019-12-05',256,117);
INSERT INTO meds_for_surgery (surgery_id,med) VALUES (1960,'Atenolol');
INSERT INTO surgery (id,date,patient_id,doctor_id) VALUES (1961,'2019-12-14',89,56);
INSERT INTO meds_for_surgery (surgery_id,med) VALUES (1961,'Valproic acid');
INSERT INTO surgery (id,date,patient_id,doctor_id) VALUES (1962,'2019-12-20',130,268);
INSERT INTO meds_for_surgery (surgery_id,med) VALUES (1962,'GM-CSF');
INSERT INTO surgery (id,date,patient_id,doctor_id) VALUES (1963,'2019-12-15',356,182);
INSERT INTO meds_for_surgery (surgery_id,med) VALUES (1963,'L-glutamine');
INSERT INTO surgery (id,date,patient_id,doctor_id) VALUES (1964,'2019-12-02',445,284);
INSERT INTO meds_for_surgery (surgery_id,med) VALUES (1964,'Propoxyphene');
INSERT INTO surgery (id,date,patient_id,doctor_id) VALUES (1965,'2019-12-15',247,55);
INSERT INTO meds_for_surgery (surgery_id,med) VALUES (1965,'Mercaptopurine');
INSERT INTO surgery (id,date,patient_id,doctor_id) VALUES (1966,'2019-12-04',124,315);
INSERT INTO meds_for_surgery (surgery_id,med) VALUES (1966,'Vinblastine');
INSERT INTO surgery (id,date,patient_id,doctor_id) VALUES (1967,'2019-12-27',381,492);
INSERT INTO meds_for_surgery (surgery_id,med) VALUES (1967,'Gabapentin');
INSERT INTO surgery (id,date,patient_id,doctor_id) VALUES (1968,'2019-12-12',256,369);
INSERT INTO meds_for_surgery (surgery_id,med) VALUES (1968,'Mercaptopurine');
INSERT INTO surgery (id,date,patient_id,doctor_id) VALUES (1969,'2019-12-08',255,352);
INSERT INTO meds_for_surgery (surgery_id,med) VALUES (1969,'Dactinomycin');
INSERT INTO surgery (id,date,patient_id,doctor_id) VALUES (1970,'2019-12-21',199,268);
INSERT INTO meds_for_surgery (surgery_id,med) VALUES (1970,'Nevirapine');
INSERT INTO surgery (id,date,patient_id,doctor_id) VALUES (1971,'2019-12-27',251,285);
INSERT INTO meds_for_surgery (surgery_id,med) VALUES (1971,'Dacarbazine');
INSERT INTO surgery (id,date,patient_id,doctor_id) VALUES (1972,'2019-12-12',316,270);
INSERT INTO meds_for_surgery (surgery_id,med) VALUES (1972,'Calcium');
INSERT INTO surgery (id,date,patient_id,doctor_id) VALUES (1973,'2019-12-05',302,107);
INSERT INTO meds_for_surgery (surgery_id,med) VALUES (1973,'Azithromycin');
INSERT INTO surgery (id,date,patient_id,doctor_id) VALUES (1974,'2019-12-10',37,143);
INSERT INTO meds_for_surgery (surgery_id,med) VALUES (1974,'Eltrombopag');
INSERT INTO surgery (id,date,patient_id,doctor_id) VALUES (1975,'2019-11-23',327,86);
INSERT INTO meds_for_surgery (surgery_id,med) VALUES (1975,'Heparin');
INSERT INTO surgery (id,date,patient_id,doctor_id) VALUES (1976,'2019-12-01',256,285);
INSERT INTO meds_for_surgery (surgery_id,med) VALUES (1976,'Ifosfamide');
INSERT INTO surgery (id,date,patient_id,doctor_id) VALUES (1977,'2019-12-17',426,438);
INSERT INTO meds_for_surgery (surgery_id,med) VALUES (1977,'Dapsone');
INSERT INTO surgery (id,date,patient_id,doctor_id) VALUES (1978,'2019-12-20',419,226);
INSERT INTO meds_for_surgery (surgery_id,med) VALUES (1978,'Prednisone');
INSERT INTO surgery (id,date,patient_id,doctor_id) VALUES (1979,'2019-12-05',282,367);
INSERT INTO meds_for_surgery (surgery_id,med) VALUES (1979,'Emicizumab');
INSERT INTO surgery (id,date,patient_id,doctor_id) VALUES (1980,'2019-12-04',374,107);
INSERT INTO meds_for_surgery (surgery_id,med) VALUES (1980,'Penicillin');
INSERT INTO surgery (id,date,patient_id,doctor_id) VALUES (1981,'2019-12-17',410,267);
INSERT INTO meds_for_surgery (surgery_id,med) VALUES (1981,'Methylphenidate');
INSERT INTO surgery (id,date,patient_id,doctor_id) VALUES (1982,'2019-12-21',60,4);
INSERT INTO meds_for_surgery (surgery_id,med) VALUES (1982,'Nelfinavir');
INSERT INTO surgery (id,date,patient_id,doctor_id) VALUES (1983,'2019-12-08',346,17);
INSERT INTO meds_for_surgery (surgery_id,med) VALUES (1983,'Cephalexin');
INSERT INTO surgery (id,date,patient_id,doctor_id) VALUES (1984,'2019-12-16',286,319);
INSERT INTO meds_for_surgery (surgery_id,med) VALUES (1984,'Azithromycin');
INSERT INTO surgery (id,date,patient_id,doctor_id) VALUES (1985,'2019-12-05',388,313);
INSERT INTO meds_for_surgery (surgery_id,med) VALUES (1985,'Lomustine');
INSERT INTO surgery (id,date,patient_id,doctor_id) VALUES (1986,'2019-12-14',330,274);
INSERT INTO meds_for_surgery (surgery_id,med) VALUES (1986,'Hydromorphone');
INSERT INTO surgery (id,date,patient_id,doctor_id) VALUES (1987,'2019-12-22',113,268);
INSERT INTO meds_for_surgery (surgery_id,med) VALUES (1987,'Granisetron');
INSERT INTO surgery (id,date,patient_id,doctor_id) VALUES (1988,'2019-11-29',286,319);
INSERT INTO meds_for_surgery (surgery_id,med) VALUES (1988,'Methadone');
INSERT INTO surgery (id,date,patient_id,doctor_id) VALUES (1989,'2019-12-21',19,451);
INSERT INTO meds_for_surgery (surgery_id,med) VALUES (1989,'PEGaspargase');
INSERT INTO surgery (id,date,patient_id,doctor_id) VALUES (1990,'2019-12-21',477,333);
INSERT INTO meds_for_surgery (surgery_id,med) VALUES (1990,'Itraconazole');
INSERT INTO surgery (id,date,patient_id,doctor_id) VALUES (1991,'2019-12-07',301,29);
INSERT INTO meds_for_surgery (surgery_id,med) VALUES (1991,'Celecoxib');
INSERT INTO surgery (id,date,patient_id,doctor_id) VALUES (1992,'2019-12-27',427,369);
INSERT INTO meds_for_surgery (surgery_id,med) VALUES (1992,'Methylphenidate');
INSERT INTO surgery (id,date,patient_id,doctor_id) VALUES (1993,'2019-12-01',155,285);
INSERT INTO meds_for_surgery (surgery_id,med) VALUES (1993,'Posaconazole');
INSERT INTO surgery (id,date,patient_id,doctor_id) VALUES (1994,'2019-12-27',112,17);
INSERT INTO meds_for_surgery (surgery_id,med) VALUES (1994,'Topotecan');
INSERT INTO surgery (id,date,patient_id,doctor_id) VALUES (1995,'2019-11-25',194,333);
INSERT INTO meds_for_surgery (surgery_id,med) VALUES (1995,'Warfarin');
INSERT INTO surgery (id,date,patient_id,doctor_id) VALUES (1996,'2019-12-10',140,284);
INSERT INTO meds_for_surgery (surgery_id,med) VALUES (1996,'Elvitegravir');
INSERT INTO surgery (id,date,patient_id,doctor_id) VALUES (1997,'2019-12-25',448,185);
INSERT INTO meds_for_surgery (surgery_id,med) VALUES (1997,'Fluorouracil');
INSERT INTO surgery (id,date,patient_id,doctor_id) VALUES (1998,'2019-12-06',327,386);
INSERT INTO meds_for_surgery (surgery_id,med) VALUES (1998,'Cefepime');
INSERT INTO surgery (id,date,patient_id,doctor_id) VALUES (1999,'2019-12-23',293,4);
INSERT INTO meds_for_surgery (surgery_id,med) VALUES (1999,'Saquinavir');
INSERT INTO surgery (id,date,patient_id,doctor_id) VALUES (2000,'2019-12-22',330,386);
INSERT INTO meds_for_surgery (surgery_id,med) VALUES (2000,'Dornase alfa');
INSERT INTO surgery (id,date,patient_id,doctor_id) VALUES (2001,'2019-12-15',39,353);
INSERT INTO meds_for_surgery (surgery_id,med) VALUES (2001,'Dactinomycin');
INSERT INTO surgery (id,date,patient_id,doctor_id) VALUES (2002,'2019-12-25',122,58);
INSERT INTO meds_for_surgery (surgery_id,med) VALUES (2002,'Etoposide');
INSERT INTO surgery (id,date,patient_id,doctor_id) VALUES (2003,'2019-12-09',480,136);
INSERT INTO meds_for_surgery (surgery_id,med) VALUES (2003,'Alendronate');
INSERT INTO surgery (id,date,patient_id,doctor_id) VALUES (2004,'2019-11-26',293,17);
INSERT INTO meds_for_surgery (surgery_id,med) VALUES (2004,'Voriconazole');
INSERT INTO surgery (id,date,patient_id,doctor_id) VALUES (2005,'2019-12-23',330,97);
INSERT INTO meds_for_surgery (surgery_id,med) VALUES (2005,'Trimethoprim');
INSERT INTO surgery (id,date,patient_id,doctor_id) VALUES (2006,'2019-11-28',60,268);
INSERT INTO meds_for_surgery (surgery_id,med) VALUES (2006,'Busulfan');
INSERT INTO surgery (id,date,patient_id,doctor_id) VALUES (2007,'2019-12-04',112,367);
INSERT INTO meds_for_surgery (surgery_id,med) VALUES (2007,'Emtricitabine');
INSERT INTO surgery (id,date,patient_id,doctor_id) VALUES (2008,'2019-12-16',448,92);
INSERT INTO meds_for_surgery (surgery_id,med) VALUES (2008,'Dronabinol');
INSERT INTO surgery (id,date,patient_id,doctor_id) VALUES (2009,'2019-11-28',436,271);
INSERT INTO meds_for_surgery (surgery_id,med) VALUES (2009,'Mitotane');
INSERT INTO surgery (id,date,patient_id,doctor_id) VALUES (2010,'2019-12-21',223,367);
INSERT INTO meds_for_surgery (surgery_id,med) VALUES (2010,'Dornase alfa');
INSERT INTO surgery (id,date,patient_id,doctor_id) VALUES (2011,'2019-12-12',286,449);
INSERT INTO meds_for_surgery (surgery_id,med) VALUES (2011,'Mechlorethamine');
INSERT INTO surgery (id,date,patient_id,doctor_id) VALUES (2012,'2019-12-20',445,84);
INSERT INTO meds_for_surgery (surgery_id,med) VALUES (2012,'Acyclovir');
INSERT INTO surgery (id,date,patient_id,doctor_id) VALUES (2013,'2019-11-28',124,498);
INSERT INTO meds_for_surgery (surgery_id,med) VALUES (2013,'Hydrocodone');
INSERT INTO surgery (id,date,patient_id,doctor_id) VALUES (2014,'2019-12-17',186,143);
INSERT INTO meds_for_surgery (surgery_id,med) VALUES (2014,'Cisplatin');
INSERT INTO surgery (id,date,patient_id,doctor_id) VALUES (2015,'2019-12-14',45,86);
INSERT INTO meds_for_surgery (surgery_id,med) VALUES (2015,'Imatinib');
INSERT INTO surgery (id,date,patient_id,doctor_id) VALUES (2016,'2019-12-17',482,17);
INSERT INTO meds_for_surgery (surgery_id,med) VALUES (2016,'Furosemide');
INSERT INTO surgery (id,date,patient_id,doctor_id) VALUES (2017,'2019-11-28',440,29);
INSERT INTO meds_for_surgery (surgery_id,med) VALUES (2017,'Mitotane');
INSERT INTO surgery (id,date,patient_id,doctor_id) VALUES (2018,'2019-12-22',34,319);
INSERT INTO meds_for_surgery (surgery_id,med) VALUES (2018,'Phenobarbital');
INSERT INTO surgery (id,date,patient_id,doctor_id) VALUES (2019,'2019-12-21',39,117);
INSERT INTO meds_for_surgery (surgery_id,med) VALUES (2019,'Ruxolitinib');
INSERT INTO surgery (id,date,patient_id,doctor_id) VALUES (2020,'2019-12-24',388,438);
INSERT INTO meds_for_surgery (surgery_id,med) VALUES (2020,'Bortezomib');
INSERT INTO surgery (id,date,patient_id,doctor_id) VALUES (2021,'2019-11-25',52,58);
INSERT INTO meds_for_surgery (surgery_id,med) VALUES (2021,'Linezolid');
INSERT INTO surgery (id,date,patient_id,doctor_id) VALUES (2022,'2019-12-01',34,226);
INSERT INTO meds_for_surgery (surgery_id,med) VALUES (2022,'Meloxicam');
INSERT INTO surgery (id,date,patient_id,doctor_id) VALUES (2023,'2019-12-02',89,117);
INSERT INTO meds_for_surgery (surgery_id,med) VALUES (2023,'Nelarabine');
INSERT INTO surgery (id,date,patient_id,doctor_id) VALUES (2024,'2019-12-08',426,271);
INSERT INTO meds_for_surgery (surgery_id,med) VALUES (2024,'Nelarabine');
INSERT INTO surgery (id,date,patient_id,doctor_id) VALUES (2025,'2019-12-11',124,192);
INSERT INTO meds_for_surgery (surgery_id,med) VALUES (2025,'Pegfilgrastim');
INSERT INTO surgery (id,date,patient_id,doctor_id) VALUES (2026,'2019-12-08',393,58);
INSERT INTO meds_for_surgery (surgery_id,med) VALUES (2026,'Bosentan');
INSERT INTO surgery (id,date,patient_id,doctor_id) VALUES (2027,'2019-12-15',375,396);
INSERT INTO meds_for_surgery (surgery_id,med) VALUES (2027,'Magnesium');
INSERT INTO surgery (id,date,patient_id,doctor_id) VALUES (2028,'2019-12-01',287,491);
INSERT INTO meds_for_surgery (surgery_id,med) VALUES (2028,'Amikacin');
INSERT INTO surgery (id,date,patient_id,doctor_id) VALUES (2029,'2019-12-03',121,92);
INSERT INTO meds_for_surgery (surgery_id,med) VALUES (2029,'Carbamazepine');
INSERT INTO surgery (id,date,patient_id,doctor_id) VALUES (2030,'2019-11-23',256,409);
INSERT INTO meds_for_surgery (surgery_id,med) VALUES (2030,'Nevirapine');
INSERT INTO surgery (id,date,patient_id,doctor_id) VALUES (2031,'2019-12-13',95,57);
INSERT INTO meds_for_surgery (surgery_id,med) VALUES (2031,'Amifostine');
INSERT INTO surgery (id,date,patient_id,doctor_id) VALUES (2032,'2019-12-16',179,468);
INSERT INTO meds_for_surgery (surgery_id,med) VALUES (2032,'Fluconazole');
INSERT INTO surgery (id,date,patient_id,doctor_id) VALUES (2033,'2019-12-16',141,498);
INSERT INTO meds_for_surgery (surgery_id,med) VALUES (2033,'Ritonavir');
INSERT INTO surgery (id,date,patient_id,doctor_id) VALUES (2034,'2019-12-19',188,97);
INSERT INTO meds_for_surgery (surgery_id,med) VALUES (2034,'Nelarabine');
INSERT INTO surgery (id,date,patient_id,doctor_id) VALUES (2035,'2019-12-23',199,332);
INSERT INTO meds_for_surgery (surgery_id,med) VALUES (2035,'Modafinil');
INSERT INTO surgery (id,date,patient_id,doctor_id) VALUES (2036,'2019-12-09',461,226);
INSERT INTO meds_for_surgery (surgery_id,med) VALUES (2036,'Atovaquone');
INSERT INTO surgery (id,date,patient_id,doctor_id) VALUES (2037,'2019-12-05',431,271);
INSERT INTO meds_for_surgery (surgery_id,med) VALUES (2037,'Clarithromycin');
INSERT INTO surgery (id,date,patient_id,doctor_id) VALUES (2038,'2019-12-03',461,271);
INSERT INTO meds_for_surgery (surgery_id,med) VALUES (2038,'Erlotinib');
INSERT INTO surgery (id,date,patient_id,doctor_id) VALUES (2039,'2019-12-06',116,102);
INSERT INTO meds_for_surgery (surgery_id,med) VALUES (2039,'Probenecid');
INSERT INTO surgery (id,date,patient_id,doctor_id) VALUES (2040,'2019-11-23',69,189);
INSERT INTO meds_for_surgery (surgery_id,med) VALUES (2040,'Nelarabine');
INSERT INTO surgery (id,date,patient_id,doctor_id) VALUES (2041,'2019-12-18',419,352);
INSERT INTO meds_for_surgery (surgery_id,med) VALUES (2041,'Dornase alfa');
INSERT INTO surgery (id,date,patient_id,doctor_id) VALUES (2042,'2019-12-21',23,439);
INSERT INTO meds_for_surgery (surgery_id,med) VALUES (2042,'Doxorubicin');
INSERT INTO surgery (id,date,patient_id,doctor_id) VALUES (2043,'2019-12-21',126,211);
INSERT INTO meds_for_surgery (surgery_id,med) VALUES (2043,'Vancomycin');
INSERT INTO surgery (id,date,patient_id,doctor_id) VALUES (2044,'2019-12-08',400,125);
INSERT INTO meds_for_surgery (surgery_id,med) VALUES (2044,'Penicillin');
INSERT INTO surgery (id,date,patient_id,doctor_id) VALUES (2045,'2019-12-21',232,272);
INSERT INTO meds_for_surgery (surgery_id,med) VALUES (2045,'Dapsone');
INSERT INTO surgery (id,date,patient_id,doctor_id) VALUES (2046,'2019-11-23',199,146);
INSERT INTO meds_for_surgery (surgery_id,med) VALUES (2046,'Sunitinib');
INSERT INTO surgery (id,date,patient_id,doctor_id) VALUES (2047,'2019-11-30',447,386);
INSERT INTO meds_for_surgery (surgery_id,med) VALUES (2047,'Aminocaproic Acid');
INSERT INTO surgery (id,date,patient_id,doctor_id) VALUES (2048,'2019-12-08',124,396);
INSERT INTO meds_for_surgery (surgery_id,med) VALUES (2048,'Metronidazole');
INSERT INTO surgery (id,date,patient_id,doctor_id) VALUES (2049,'2019-12-27',461,439);
INSERT INTO meds_for_surgery (surgery_id,med) VALUES (2049,'Amlodipine');
INSERT INTO surgery (id,date,patient_id,doctor_id) VALUES (2050,'2019-12-04',374,333);
INSERT INTO meds_for_surgery (surgery_id,med) VALUES (2050,'Prednisone');
INSERT INTO surgery (id,date,patient_id,doctor_id) VALUES (2051,'2019-12-08',293,189);
INSERT INTO meds_for_surgery (surgery_id,med) VALUES (2051,'Dasatinib');
INSERT INTO surgery (id,date,patient_id,doctor_id) VALUES (2052,'2019-12-24',336,57);
INSERT INTO meds_for_surgery (surgery_id,med) VALUES (2052,'Dapsone');
INSERT INTO surgery (id,date,patient_id,doctor_id) VALUES (2053,'2019-11-24',301,384);
INSERT INTO meds_for_surgery (surgery_id,med) VALUES (2053,'Nelarabine');
INSERT INTO surgery (id,date,patient_id,doctor_id) VALUES (2054,'2019-12-16',140,491);
INSERT INTO meds_for_surgery (surgery_id,med) VALUES (2054,'Posaconazole');
INSERT INTO surgery (id,date,patient_id,doctor_id) VALUES (2055,'2019-12-08',282,58);
INSERT INTO meds_for_surgery (surgery_id,med) VALUES (2055,'Captopril');
INSERT INTO surgery (id,date,patient_id,doctor_id) VALUES (2056,'2019-12-23',448,275);
INSERT INTO meds_for_surgery (surgery_id,med) VALUES (2056,'Muromonab');
INSERT INTO surgery (id,date,patient_id,doctor_id) VALUES (2057,'2019-11-24',49,468);
INSERT INTO meds_for_surgery (surgery_id,med) VALUES (2057,'Heparin');
INSERT INTO surgery (id,date,patient_id,doctor_id) VALUES (2058,'2019-12-18',37,449);
INSERT INTO meds_for_surgery (surgery_id,med) VALUES (2058,'Foscarnet');
INSERT INTO surgery (id,date,patient_id,doctor_id) VALUES (2059,'2019-11-28',219,56);
INSERT INTO meds_for_surgery (surgery_id,med) VALUES (2059,'Mitotane');
INSERT INTO surgery (id,date,patient_id,doctor_id) VALUES (2060,'2019-12-23',336,267);
INSERT INTO meds_for_surgery (surgery_id,med) VALUES (2060,'Hydrocodone');
INSERT INTO surgery (id,date,patient_id,doctor_id) VALUES (2061,'2019-12-16',140,246);
INSERT INTO meds_for_surgery (surgery_id,med) VALUES (2061,'Dinutuximab');
INSERT INTO surgery (id,date,patient_id,doctor_id) VALUES (2062,'2019-12-19',60,272);
INSERT INTO meds_for_surgery (surgery_id,med) VALUES (2062,'Imatinib');
INSERT INTO surgery (id,date,patient_id,doctor_id) VALUES (2063,'2019-12-22',52,439);
INSERT INTO meds_for_surgery (surgery_id,med) VALUES (2063,'Captopril');
INSERT INTO surgery (id,date,patient_id,doctor_id) VALUES (2064,'2019-12-06',141,315);
INSERT INTO meds_for_surgery (surgery_id,med) VALUES (2064,'Gemcitabine');
INSERT INTO surgery (id,date,patient_id,doctor_id) VALUES (2065,'2019-11-29',259,29);
INSERT INTO meds_for_surgery (surgery_id,med) VALUES (2065,'Emicizumab');
INSERT INTO surgery (id,date,patient_id,doctor_id) VALUES (2066,'2019-12-17',330,352);
INSERT INTO meds_for_surgery (surgery_id,med) VALUES (2066,'Sunitinib');
INSERT INTO surgery (id,date,patient_id,doctor_id) VALUES (2067,'2019-12-26',287,353);
INSERT INTO meds_for_surgery (surgery_id,med) VALUES (2067,'Clindamycin');
INSERT INTO surgery (id,date,patient_id,doctor_id) VALUES (2068,'2019-11-30',34,97);
INSERT INTO meds_for_surgery (surgery_id,med) VALUES (2068,'Meropenem');
INSERT INTO surgery (id,date,patient_id,doctor_id) VALUES (2069,'2019-11-25',259,189);
INSERT INTO meds_for_surgery (surgery_id,med) VALUES (2069,'Didanosine');
INSERT INTO surgery (id,date,patient_id,doctor_id) VALUES (2070,'2019-11-23',120,275);
INSERT INTO meds_for_surgery (surgery_id,med) VALUES (2070,'Vinblastine');
INSERT INTO surgery (id,date,patient_id,doctor_id) VALUES (2071,'2019-11-29',375,468);
INSERT INTO meds_for_surgery (surgery_id,med) VALUES (2071,'Itraconazole');
INSERT INTO surgery (id,date,patient_id,doctor_id) VALUES (2072,'2019-12-06',122,468);
INSERT INTO meds_for_surgery (surgery_id,med) VALUES (2072,'Omeprazole');
INSERT INTO surgery (id,date,patient_id,doctor_id) VALUES (2073,'2019-12-10',430,465);
INSERT INTO meds_for_surgery (surgery_id,med) VALUES (2073,'Clobazam');
INSERT INTO surgery (id,date,patient_id,doctor_id) VALUES (2074,'2019-11-27',280,172);
INSERT INTO meds_for_surgery (surgery_id,med) VALUES (2074,'Melphalan');
INSERT INTO surgery (id,date,patient_id,doctor_id) VALUES (2075,'2019-12-02',500,101);
INSERT INTO meds_for_surgery (surgery_id,med) VALUES (2075,'Gefitinib');
INSERT INTO surgery (id,date,patient_id,doctor_id) VALUES (2076,'2019-12-05',330,333);
INSERT INTO meds_for_surgery (surgery_id,med) VALUES (2076,'Dobutamine');
INSERT INTO surgery (id,date,patient_id,doctor_id) VALUES (2077,'2019-11-26',381,275);
INSERT INTO meds_for_surgery (surgery_id,med) VALUES (2077,'Teniposide');
INSERT INTO surgery (id,date,patient_id,doctor_id) VALUES (2078,'2019-11-28',124,313);
INSERT INTO meds_for_surgery (surgery_id,med) VALUES (2078,'Rilpivirine');
INSERT INTO surgery (id,date,patient_id,doctor_id) VALUES (2079,'2019-12-15',294,107);
INSERT INTO meds_for_surgery (surgery_id,med) VALUES (2079,'Erythropoietin');
INSERT INTO surgery (id,date,patient_id,doctor_id) VALUES (2080,'2019-11-28',328,182);
INSERT INTO meds_for_surgery (surgery_id,med) VALUES (2080,'Norepinephrine');
INSERT INTO surgery (id,date,patient_id,doctor_id) VALUES (2081,'2019-11-26',440,136);
INSERT INTO meds_for_surgery (surgery_id,med) VALUES (2081,'Carbamazepine');
INSERT INTO surgery (id,date,patient_id,doctor_id) VALUES (2082,'2019-12-14',120,4);
INSERT INTO meds_for_surgery (surgery_id,med) VALUES (2082,'Vorinostat');
INSERT INTO surgery (id,date,patient_id,doctor_id) VALUES (2083,'2019-12-24',349,409);
INSERT INTO meds_for_surgery (surgery_id,med) VALUES (2083,'Carboplatin');
INSERT INTO surgery (id,date,patient_id,doctor_id) VALUES (2084,'2019-12-17',45,451);
INSERT INTO meds_for_surgery (surgery_id,med) VALUES (2084,'Eltrombopag');
INSERT INTO surgery (id,date,patient_id,doctor_id) VALUES (2085,'2019-12-19',419,409);
INSERT INTO meds_for_surgery (surgery_id,med) VALUES (2085,'Enalapril');
INSERT INTO surgery (id,date,patient_id,doctor_id) VALUES (2086,'2019-12-05',302,192);
INSERT INTO meds_for_surgery (surgery_id,med) VALUES (2086,'Modafinil');
INSERT INTO surgery (id,date,patient_id,doctor_id) VALUES (2087,'2019-12-25',480,57);
INSERT INTO meds_for_surgery (surgery_id,med) VALUES (2087,'Enalapril');
INSERT INTO surgery (id,date,patient_id,doctor_id) VALUES (2088,'2019-11-25',230,284);
INSERT INTO meds_for_surgery (surgery_id,med) VALUES (2088,'Potassium');
INSERT INTO surgery (id,date,patient_id,doctor_id) VALUES (2089,'2019-11-23',179,491);
INSERT INTO meds_for_surgery (surgery_id,med) VALUES (2089,'Lomustine');
INSERT INTO surgery (id,date,patient_id,doctor_id) VALUES (2090,'2019-12-22',60,284);
INSERT INTO meds_for_surgery (surgery_id,med) VALUES (2090,'Cidofovir');
INSERT INTO surgery (id,date,patient_id,doctor_id) VALUES (2091,'2019-12-21',346,274);
INSERT INTO meds_for_surgery (surgery_id,med) VALUES (2091,'Deferasirox');
INSERT INTO surgery (id,date,patient_id,doctor_id) VALUES (2092,'2019-12-04',393,359);
INSERT INTO meds_for_surgery (surgery_id,med) VALUES (2092,'Mesna');
INSERT INTO surgery (id,date,patient_id,doctor_id) VALUES (2093,'2019-12-06',482,143);
INSERT INTO meds_for_surgery (surgery_id,med) VALUES (2093,'Codeine');
INSERT INTO surgery (id,date,patient_id,doctor_id) VALUES (2094,'2019-12-03',479,491);
INSERT INTO meds_for_surgery (surgery_id,med) VALUES (2094,'Hydrocodone');
INSERT INTO surgery (id,date,patient_id,doctor_id) VALUES (2095,'2019-12-07',32,451);
INSERT INTO meds_for_surgery (surgery_id,med) VALUES (2095,'Stavudine');
INSERT INTO surgery (id,date,patient_id,doctor_id) VALUES (2096,'2019-12-15',32,86);
INSERT INTO meds_for_surgery (surgery_id,med) VALUES (2096,'Hydroxyurea');
INSERT INTO surgery (id,date,patient_id,doctor_id) VALUES (2097,'2019-12-08',122,270);
INSERT INTO meds_for_surgery (surgery_id,med) VALUES (2097,'Ceftazidime');
INSERT INTO surgery (id,date,patient_id,doctor_id) VALUES (2098,'2019-12-20',282,29);
INSERT INTO meds_for_surgery (surgery_id,med) VALUES (2098,'Dobutamine');
INSERT INTO surgery (id,date,patient_id,doctor_id) VALUES (2099,'2019-11-26',287,117);
INSERT INTO meds_for_surgery (surgery_id,med) VALUES (2099,'Cefixime');
INSERT INTO surgery (id,date,patient_id,doctor_id) VALUES (2100,'2019-12-23',388,267);
INSERT INTO meds_for_surgery (surgery_id,med) VALUES (2100,'Itraconazole');
INSERT INTO surgery (id,date,patient_id,doctor_id) VALUES (2101,'2019-12-10',113,386);
INSERT INTO meds_for_surgery (surgery_id,med) VALUES (2101,'Probenecid');
INSERT INTO surgery (id,date,patient_id,doctor_id) VALUES (2102,'2019-12-11',186,189);
INSERT INTO meds_for_surgery (surgery_id,med) VALUES (2102,'Cyproheptadine');
INSERT INTO surgery (id,date,patient_id,doctor_id) VALUES (2103,'2019-12-09',460,56);
INSERT INTO meds_for_surgery (surgery_id,med) VALUES (2103,'Valproic acid');
INSERT INTO surgery (id,date,patient_id,doctor_id) VALUES (2104,'2019-12-23',23,359);
INSERT INTO meds_for_surgery (surgery_id,med) VALUES (2104,'Muromonab');
INSERT INTO surgery (id,date,patient_id,doctor_id) VALUES (2105,'2019-11-25',431,211);
INSERT INTO meds_for_surgery (surgery_id,med) VALUES (2105,'Irinotecan');
INSERT INTO surgery (id,date,patient_id,doctor_id) VALUES (2106,'2019-12-21',89,86);
INSERT INTO meds_for_surgery (surgery_id,med) VALUES (2106,'Darunavir');
INSERT INTO surgery (id,date,patient_id,doctor_id) VALUES (2107,'2019-12-04',346,267);
INSERT INTO meds_for_surgery (surgery_id,med) VALUES (2107,'Clobazam');
INSERT INTO surgery (id,date,patient_id,doctor_id) VALUES (2108,'2019-12-21',104,270);
INSERT INTO meds_for_surgery (surgery_id,med) VALUES (2108,'Melphalan');
INSERT INTO surgery (id,date,patient_id,doctor_id) VALUES (2109,'2019-11-24',430,108);
INSERT INTO meds_for_surgery (surgery_id,med) VALUES (2109,'Atovaquone');
INSERT INTO surgery (id,date,patient_id,doctor_id) VALUES (2110,'2019-11-24',109,332);
INSERT INTO meds_for_surgery (surgery_id,med) VALUES (2110,'Cyclophosphamide');
INSERT INTO surgery (id,date,patient_id,doctor_id) VALUES (2111,'2019-12-02',388,270);
INSERT INTO meds_for_surgery (surgery_id,med) VALUES (2111,'Bosentan');
INSERT INTO surgery (id,date,patient_id,doctor_id) VALUES (2112,'2019-12-15',393,136);
INSERT INTO meds_for_surgery (surgery_id,med) VALUES (2112,'Cyclophosphamide');
INSERT INTO surgery (id,date,patient_id,doctor_id) VALUES (2113,'2019-12-20',461,146);
INSERT INTO meds_for_surgery (surgery_id,med) VALUES (2113,'Cytarabine');
INSERT INTO surgery (id,date,patient_id,doctor_id) VALUES (2114,'2019-12-06',229,359);
INSERT INTO meds_for_surgery (surgery_id,med) VALUES (2114,'Asparaginase');
INSERT INTO surgery (id,date,patient_id,doctor_id) VALUES (2115,'2019-11-25',60,473);
INSERT INTO meds_for_surgery (surgery_id,med) VALUES (2115,'Dinutuximab');
INSERT INTO surgery (id,date,patient_id,doctor_id) VALUES (2116,'2019-11-23',426,396);
INSERT INTO meds_for_surgery (surgery_id,med) VALUES (2116,'Lamivudine');
INSERT INTO surgery (id,date,patient_id,doctor_id) VALUES (2117,'2019-12-03',23,107);
INSERT INTO meds_for_surgery (surgery_id,med) VALUES (2117,'Fluorouracil');
INSERT INTO surgery (id,date,patient_id,doctor_id) VALUES (2118,'2019-12-02',482,56);
INSERT INTO meds_for_surgery (surgery_id,med) VALUES (2118,'Clindamycin');
INSERT INTO surgery (id,date,patient_id,doctor_id) VALUES (2119,'2019-12-25',286,270);
INSERT INTO meds_for_surgery (surgery_id,med) VALUES (2119,'Hydrocortisone');
INSERT INTO surgery (id,date,patient_id,doctor_id) VALUES (2120,'2019-12-26',375,386);
INSERT INTO meds_for_surgery (surgery_id,med) VALUES (2120,'Pentamidine');
INSERT INTO surgery (id,date,patient_id,doctor_id) VALUES (2121,'2019-12-19',32,473);
INSERT INTO meds_for_surgery (surgery_id,med) VALUES (2121,'Calcium');
INSERT INTO surgery (id,date,patient_id,doctor_id) VALUES (2122,'2019-12-23',124,102);
INSERT INTO meds_for_surgery (surgery_id,med) VALUES (2122,'Enalapril');
INSERT INTO surgery (id,date,patient_id,doctor_id) VALUES (2123,'2019-12-04',448,108);
INSERT INTO meds_for_surgery (surgery_id,med) VALUES (2123,'Pentamidine');
INSERT INTO surgery (id,date,patient_id,doctor_id) VALUES (2124,'2019-12-10',375,332);
INSERT INTO meds_for_surgery (surgery_id,med) VALUES (2124,'Hydromorphone');
INSERT INTO surgery (id,date,patient_id,doctor_id) VALUES (2125,'2019-12-02',316,97);
INSERT INTO meds_for_surgery (surgery_id,med) VALUES (2125,'Labetalol');
INSERT INTO surgery (id,date,patient_id,doctor_id) VALUES (2126,'2019-12-07',480,285);
INSERT INTO meds_for_surgery (surgery_id,med) VALUES (2126,'Efavirenz');
INSERT INTO surgery (id,date,patient_id,doctor_id) VALUES (2127,'2019-12-21',393,267);
INSERT INTO meds_for_surgery (surgery_id,med) VALUES (2127,'Trimethoprim');
INSERT INTO surgery (id,date,patient_id,doctor_id) VALUES (2128,'2019-12-09',210,4);
INSERT INTO meds_for_surgery (surgery_id,med) VALUES (2128,'Etonogestrel');
INSERT INTO surgery (id,date,patient_id,doctor_id) VALUES (2129,'2019-12-26',375,396);
INSERT INTO meds_for_surgery (surgery_id,med) VALUES (2129,'Interferon');
INSERT INTO surgery (id,date,patient_id,doctor_id) VALUES (2130,'2019-12-01',482,86);
INSERT INTO meds_for_surgery (surgery_id,med) VALUES (2130,'Gabapentin');
INSERT INTO surgery (id,date,patient_id,doctor_id) VALUES (2131,'2019-12-03',356,84);
INSERT INTO meds_for_surgery (surgery_id,med) VALUES (2131,'Etoposide');
INSERT INTO surgery (id,date,patient_id,doctor_id) VALUES (2132,'2019-11-29',227,333);
INSERT INTO meds_for_surgery (surgery_id,med) VALUES (2132,'Ganciclovir');
INSERT INTO surgery (id,date,patient_id,doctor_id) VALUES (2133,'2019-12-09',235,107);
INSERT INTO meds_for_surgery (surgery_id,med) VALUES (2133,'Oxycodone');
INSERT INTO surgery (id,date,patient_id,doctor_id) VALUES (2134,'2019-12-09',316,146);
INSERT INTO meds_for_surgery (surgery_id,med) VALUES (2134,'Temozolomide');
INSERT INTO surgery (id,date,patient_id,doctor_id) VALUES (2135,'2019-12-25',90,438);
INSERT INTO meds_for_surgery (surgery_id,med) VALUES (2135,'Busulfan');
INSERT INTO surgery (id,date,patient_id,doctor_id) VALUES (2136,'2019-12-26',282,391);
INSERT INTO meds_for_surgery (surgery_id,med) VALUES (2136,'Tacrolimus');
INSERT INTO surgery (id,date,patient_id,doctor_id) VALUES (2137,'2019-12-05',120,107);
INSERT INTO meds_for_surgery (surgery_id,med) VALUES (2137,'Hydralazine');
INSERT INTO surgery (id,date,patient_id,doctor_id) VALUES (2138,'2019-12-01',336,300);
INSERT INTO meds_for_surgery (surgery_id,med) VALUES (2138,'Vinblastine');
INSERT INTO surgery (id,date,patient_id,doctor_id) VALUES (2139,'2019-12-23',140,275);
INSERT INTO meds_for_surgery (surgery_id,med) VALUES (2139,'Megestrol acetate');
INSERT INTO surgery (id,date,patient_id,doctor_id) VALUES (2140,'2019-12-12',448,300);
INSERT INTO meds_for_surgery (surgery_id,med) VALUES (2140,'Cladribine');
INSERT INTO surgery (id,date,patient_id,doctor_id) VALUES (2141,'2019-12-21',223,451);
INSERT INTO meds_for_surgery (surgery_id,med) VALUES (2141,'Dactinomycin');
INSERT INTO surgery (id,date,patient_id,doctor_id) VALUES (2142,'2019-12-18',128,125);
INSERT INTO meds_for_surgery (surgery_id,med) VALUES (2142,'Mitoxantrone');
INSERT INTO surgery (id,date,patient_id,doctor_id) VALUES (2143,'2019-11-29',354,58);
INSERT INTO meds_for_surgery (surgery_id,med) VALUES (2143,'Megestrol acetate');
INSERT INTO surgery (id,date,patient_id,doctor_id) VALUES (2144,'2019-12-19',406,438);
INSERT INTO meds_for_surgery (surgery_id,med) VALUES (2144,'Gabapentin');
INSERT INTO surgery (id,date,patient_id,doctor_id) VALUES (2145,'2019-11-28',500,101);
INSERT INTO meds_for_surgery (surgery_id,med) VALUES (2145,'Dexamethasone');
INSERT INTO surgery (id,date,patient_id,doctor_id) VALUES (2146,'2019-11-23',229,284);
INSERT INTO meds_for_surgery (surgery_id,med) VALUES (2146,'Ifosfamide');
INSERT INTO surgery (id,date,patient_id,doctor_id) VALUES (2147,'2019-12-19',410,55);
INSERT INTO meds_for_surgery (surgery_id,med) VALUES (2147,'Cyclobenzaprine');
INSERT INTO surgery (id,date,patient_id,doctor_id) VALUES (2148,'2019-11-28',175,492);
INSERT INTO meds_for_surgery (surgery_id,med) VALUES (2148,'Allopurinol');
INSERT INTO surgery (id,date,patient_id,doctor_id) VALUES (2149,'2019-12-13',447,359);
INSERT INTO meds_for_surgery (surgery_id,med) VALUES (2149,'Granisetron');
INSERT INTO surgery (id,date,patient_id,doctor_id) VALUES (2150,'2019-12-14',150,468);
INSERT INTO meds_for_surgery (surgery_id,med) VALUES (2150,'Paclitaxel');
INSERT INTO surgery (id,date,patient_id,doctor_id) VALUES (2151,'2019-11-25',269,172);
INSERT INTO meds_for_surgery (surgery_id,med) VALUES (2151,'Ifosfamide');
INSERT INTO surgery (id,date,patient_id,doctor_id) VALUES (2152,'2019-12-04',69,468);
INSERT INTO meds_for_surgery (surgery_id,med) VALUES (2152,'Penicillin');
INSERT INTO surgery (id,date,patient_id,doctor_id) VALUES (2153,'2019-12-05',34,403);
INSERT INTO meds_for_surgery (surgery_id,med) VALUES (2153,'Atazanavir');
INSERT INTO surgery (id,date,patient_id,doctor_id) VALUES (2154,'2019-12-07',328,386);
INSERT INTO meds_for_surgery (surgery_id,med) VALUES (2154,'Lomustine');
INSERT INTO surgery (id,date,patient_id,doctor_id) VALUES (2155,'2019-12-16',440,274);
INSERT INTO meds_for_surgery (surgery_id,med) VALUES (2155,'Pegfilgrastim');
INSERT INTO surgery (id,date,patient_id,doctor_id) VALUES (2156,'2019-12-10',120,396);
INSERT INTO meds_for_surgery (surgery_id,med) VALUES (2156,'Dinutuximab');
INSERT INTO surgery (id,date,patient_id,doctor_id) VALUES (2157,'2019-12-23',482,396);
INSERT INTO meds_for_surgery (surgery_id,med) VALUES (2157,'Fludarabine');
INSERT INTO surgery (id,date,patient_id,doctor_id) VALUES (2158,'2019-12-14',175,412);
INSERT INTO meds_for_surgery (surgery_id,med) VALUES (2158,'Darunavir');
INSERT INTO surgery (id,date,patient_id,doctor_id) VALUES (2159,'2019-11-27',175,58);
INSERT INTO meds_for_surgery (surgery_id,med) VALUES (2159,'Muromonab');
INSERT INTO surgery (id,date,patient_id,doctor_id) VALUES (2160,'2019-11-29',411,182);
INSERT INTO meds_for_surgery (surgery_id,med) VALUES (2160,'Ranitidine');
INSERT INTO surgery (id,date,patient_id,doctor_id) VALUES (2161,'2019-12-07',375,384);
INSERT INTO meds_for_surgery (surgery_id,med) VALUES (2161,'Dapsone');
INSERT INTO surgery (id,date,patient_id,doctor_id) VALUES (2162,'2019-11-30',37,108);
INSERT INTO meds_for_surgery (surgery_id,med) VALUES (2162,'Emicizumab');
INSERT INTO surgery (id,date,patient_id,doctor_id) VALUES (2163,'2019-12-25',180,182);
INSERT INTO meds_for_surgery (surgery_id,med) VALUES (2163,'Lamivudine');
INSERT INTO surgery (id,date,patient_id,doctor_id) VALUES (2164,'2019-12-13',175,125);
INSERT INTO meds_for_surgery (surgery_id,med) VALUES (2164,'Heparin');
INSERT INTO surgery (id,date,patient_id,doctor_id) VALUES (2165,'2019-12-08',435,412);
INSERT INTO meds_for_surgery (surgery_id,med) VALUES (2165,'Raltegravir');
INSERT INTO surgery (id,date,patient_id,doctor_id) VALUES (2166,'2019-12-10',232,92);
INSERT INTO meds_for_surgery (surgery_id,med) VALUES (2166,'Elvitegravir');
INSERT INTO surgery (id,date,patient_id,doctor_id) VALUES (2167,'2019-11-29',445,384);
INSERT INTO meds_for_surgery (surgery_id,med) VALUES (2167,'Temozolomide');
INSERT INTO surgery (id,date,patient_id,doctor_id) VALUES (2168,'2019-12-14',424,108);
INSERT INTO meds_for_surgery (surgery_id,med) VALUES (2168,'Imipenem');
INSERT INTO surgery (id,date,patient_id,doctor_id) VALUES (2169,'2019-11-28',477,275);
INSERT INTO meds_for_surgery (surgery_id,med) VALUES (2169,'Methotrexate');
INSERT INTO surgery (id,date,patient_id,doctor_id) VALUES (2170,'2019-11-30',141,409);
INSERT INTO meds_for_surgery (surgery_id,med) VALUES (2170,'Neuromuscular');
INSERT INTO surgery (id,date,patient_id,doctor_id) VALUES (2171,'2019-12-03',255,322);
INSERT INTO meds_for_surgery (surgery_id,med) VALUES (2171,'Cefaclor');
INSERT INTO surgery (id,date,patient_id,doctor_id) VALUES (2172,'2019-12-01',287,56);
INSERT INTO meds_for_surgery (surgery_id,med) VALUES (2172,'Nevirapine');
INSERT INTO surgery (id,date,patient_id,doctor_id) VALUES (2173,'2019-12-26',113,353);
INSERT INTO meds_for_surgery (surgery_id,med) VALUES (2173,'Cyclophosphamide');
INSERT INTO surgery (id,date,patient_id,doctor_id) VALUES (2174,'2019-11-23',349,17);
INSERT INTO meds_for_surgery (surgery_id,med) VALUES (2174,'Cisplatin');
INSERT INTO surgery (id,date,patient_id,doctor_id) VALUES (2175,'2019-12-08',90,275);
INSERT INTO meds_for_surgery (surgery_id,med) VALUES (2175,'Alemtuzumab');
INSERT INTO surgery (id,date,patient_id,doctor_id) VALUES (2176,'2019-11-27',381,117);
INSERT INTO meds_for_surgery (surgery_id,med) VALUES (2176,'Clofarabine');
INSERT INTO surgery (id,date,patient_id,doctor_id) VALUES (2177,'2019-12-03',126,185);
INSERT INTO meds_for_surgery (surgery_id,med) VALUES (2177,'Celecoxib');
INSERT INTO surgery (id,date,patient_id,doctor_id) VALUES (2178,'2019-11-30',251,434);
INSERT INTO meds_for_surgery (surgery_id,med) VALUES (2178,'Gemtuzumab');
INSERT INTO surgery (id,date,patient_id,doctor_id) VALUES (2179,'2019-12-08',45,320);
INSERT INTO meds_for_surgery (surgery_id,med) VALUES (2179,'Amifostine');
INSERT INTO surgery (id,date,patient_id,doctor_id) VALUES (2180,'2019-12-21',400,4);
INSERT INTO meds_for_surgery (surgery_id,med) VALUES (2180,'Enoxaparin');
INSERT INTO surgery (id,date,patient_id,doctor_id) VALUES (2181,'2019-11-30',354,491);
INSERT INTO meds_for_surgery (surgery_id,med) VALUES (2181,'Prednisone');
INSERT INTO surgery (id,date,patient_id,doctor_id) VALUES (2182,'2019-12-16',232,285);
INSERT INTO meds_for_surgery (surgery_id,med) VALUES (2182,'Interferon');
INSERT INTO surgery (id,date,patient_id,doctor_id) VALUES (2183,'2019-11-27',381,182);
INSERT INTO meds_for_surgery (surgery_id,med) VALUES (2183,'Lomustine');
INSERT INTO surgery (id,date,patient_id,doctor_id) VALUES (2184,'2019-11-24',69,396);
INSERT INTO meds_for_surgery (surgery_id,med) VALUES (2184,'Fluconazole');
INSERT INTO surgery (id,date,patient_id,doctor_id) VALUES (2185,'2019-11-30',37,451);
INSERT INTO meds_for_surgery (surgery_id,med) VALUES (2185,'Efavirenz');
INSERT INTO surgery (id,date,patient_id,doctor_id) VALUES (2186,'2019-12-20',21,97);
INSERT INTO meds_for_surgery (surgery_id,med) VALUES (2186,'Mitoxantrone');
INSERT INTO surgery (id,date,patient_id,doctor_id) VALUES (2187,'2019-12-09',32,143);
INSERT INTO meds_for_surgery (surgery_id,med) VALUES (2187,'Fludarabine');
INSERT INTO surgery (id,date,patient_id,doctor_id) VALUES (2188,'2019-11-23',227,284);
INSERT INTO meds_for_surgery (surgery_id,med) VALUES (2188,'Cyclosporine');
INSERT INTO surgery (id,date,patient_id,doctor_id) VALUES (2189,'2019-11-25',445,58);
INSERT INTO meds_for_surgery (surgery_id,med) VALUES (2189,'Penicillin');
INSERT INTO surgery (id,date,patient_id,doctor_id) VALUES (2190,'2019-12-17',419,386);
INSERT INTO meds_for_surgery (surgery_id,med) VALUES (2190,'Rasburicase');
INSERT INTO surgery (id,date,patient_id,doctor_id) VALUES (2191,'2019-12-02',234,274);
INSERT INTO meds_for_surgery (surgery_id,med) VALUES (2191,'Posaconazole');
INSERT INTO surgery (id,date,patient_id,doctor_id) VALUES (2192,'2019-12-16',112,117);
INSERT INTO meds_for_surgery (surgery_id,med) VALUES (2192,'Ritonavir');
INSERT INTO surgery (id,date,patient_id,doctor_id) VALUES (2193,'2019-12-14',45,352);
INSERT INTO meds_for_surgery (surgery_id,med) VALUES (2193,'Methadone');
INSERT INTO surgery (id,date,patient_id,doctor_id) VALUES (2194,'2019-12-03',356,391);
INSERT INTO meds_for_surgery (surgery_id,med) VALUES (2194,'Valproic acid');
INSERT INTO surgery (id,date,patient_id,doctor_id) VALUES (2195,'2019-11-26',122,108);
INSERT INTO meds_for_surgery (surgery_id,med) VALUES (2195,'Doxorubicin');
INSERT INTO surgery (id,date,patient_id,doctor_id) VALUES (2196,'2019-11-28',104,313);
INSERT INTO meds_for_surgery (surgery_id,med) VALUES (2196,'Cladribine');
INSERT INTO surgery (id,date,patient_id,doctor_id) VALUES (2197,'2019-12-04',301,315);
INSERT INTO meds_for_surgery (surgery_id,med) VALUES (2197,'Gemcitabine');
INSERT INTO surgery (id,date,patient_id,doctor_id) VALUES (2198,'2019-11-28',141,333);
INSERT INTO meds_for_surgery (surgery_id,med) VALUES (2198,'Cladribine');
INSERT INTO surgery (id,date,patient_id,doctor_id) VALUES (2199,'2019-12-14',294,268);
INSERT INTO meds_for_surgery (surgery_id,med) VALUES (2199,'Nevirapine');
INSERT INTO surgery (id,date,patient_id,doctor_id) VALUES (2200,'2019-12-09',120,192);
INSERT INTO meds_for_surgery (surgery_id,med) VALUES (2200,'Dornase alfa');
INSERT INTO surgery (id,date,patient_id,doctor_id) VALUES (2201,'2019-11-29',444,58);
INSERT INTO meds_for_surgery (surgery_id,med) VALUES (2201,'Maraviroc');
INSERT INTO surgery (id,date,patient_id,doctor_id) VALUES (2202,'2019-12-23',448,322);
INSERT INTO meds_for_surgery (surgery_id,med) VALUES (2202,'Hydralazine');
INSERT INTO surgery (id,date,patient_id,doctor_id) VALUES (2203,'2019-12-09',230,268);
INSERT INTO meds_for_surgery (surgery_id,med) VALUES (2203,'Mitoxantrone');
INSERT INTO surgery (id,date,patient_id,doctor_id) VALUES (2204,'2019-12-20',120,211);
INSERT INTO meds_for_surgery (surgery_id,med) VALUES (2204,'Celecoxib');
INSERT INTO surgery (id,date,patient_id,doctor_id) VALUES (2205,'2019-11-26',232,285);
INSERT INTO meds_for_surgery (surgery_id,med) VALUES (2205,'Granisetron');
INSERT INTO surgery (id,date,patient_id,doctor_id) VALUES (2206,'2019-11-29',301,17);
INSERT INTO meds_for_surgery (surgery_id,med) VALUES (2206,'Ifosfamide');
INSERT INTO surgery (id,date,patient_id,doctor_id) VALUES (2207,'2019-12-14',381,492);
INSERT INTO meds_for_surgery (surgery_id,med) VALUES (2207,'Daunorubicin');
INSERT INTO surgery (id,date,patient_id,doctor_id) VALUES (2208,'2019-12-13',436,367);
INSERT INTO meds_for_surgery (surgery_id,med) VALUES (2208,'Cefixime');
INSERT INTO surgery (id,date,patient_id,doctor_id) VALUES (2209,'2019-12-17',37,274);
INSERT INTO meds_for_surgery (surgery_id,med) VALUES (2209,'Promethazine');
INSERT INTO surgery (id,date,patient_id,doctor_id) VALUES (2210,'2019-12-03',461,491);
INSERT INTO meds_for_surgery (surgery_id,med) VALUES (2210,'Muromonab');
INSERT INTO surgery (id,date,patient_id,doctor_id) VALUES (2211,'2019-12-17',374,320);
INSERT INTO meds_for_surgery (surgery_id,med) VALUES (2211,'Erlotinib');
INSERT INTO surgery (id,date,patient_id,doctor_id) VALUES (2212,'2019-12-10',461,353);
INSERT INTO meds_for_surgery (surgery_id,med) VALUES (2212,'Pegfilgrastim');
INSERT INTO surgery (id,date,patient_id,doctor_id) VALUES (2213,'2019-12-07',483,300);
INSERT INTO meds_for_surgery (surgery_id,med) VALUES (2213,'Busulfan');
INSERT INTO surgery (id,date,patient_id,doctor_id) VALUES (2214,'2019-11-23',231,352);
INSERT INTO meds_for_surgery (surgery_id,med) VALUES (2214,'Amoxicillin');
INSERT INTO surgery (id,date,patient_id,doctor_id) VALUES (2215,'2019-12-08',34,268);
INSERT INTO meds_for_surgery (surgery_id,med) VALUES (2215,'Norepinephrine');
INSERT INTO surgery (id,date,patient_id,doctor_id) VALUES (2216,'2019-11-28',251,146);
INSERT INTO meds_for_surgery (surgery_id,med) VALUES (2216,'Dronabinol');
INSERT INTO surgery (id,date,patient_id,doctor_id) VALUES (2217,'2019-12-13',400,172);
INSERT INTO meds_for_surgery (surgery_id,med) VALUES (2217,'Dacarbazine');
INSERT INTO surgery (id,date,patient_id,doctor_id) VALUES (2218,'2019-12-20',430,384);
INSERT INTO meds_for_surgery (surgery_id,med) VALUES (2218,'Dopamine');
INSERT INTO surgery (id,date,patient_id,doctor_id) VALUES (2219,'2019-12-27',400,87);
INSERT INTO meds_for_surgery (surgery_id,med) VALUES (2219,'Ketoconazole');
INSERT INTO surgery (id,date,patient_id,doctor_id) VALUES (2220,'2019-12-01',440,369);
INSERT INTO meds_for_surgery (surgery_id,med) VALUES (2220,'Cyproheptadine');
INSERT INTO surgery (id,date,patient_id,doctor_id) VALUES (2221,'2019-11-26',113,449);
INSERT INTO meds_for_surgery (surgery_id,med) VALUES (2221,'Asparaginase');
INSERT INTO surgery (id,date,patient_id,doctor_id) VALUES (2222,'2019-11-28',155,107);
INSERT INTO meds_for_surgery (surgery_id,med) VALUES (2222,'Aminocaproic Acid');
INSERT INTO surgery (id,date,patient_id,doctor_id) VALUES (2223,'2019-12-03',234,192);
INSERT INTO meds_for_surgery (surgery_id,med) VALUES (2223,'Desmopressin');
INSERT INTO surgery (id,date,patient_id,doctor_id) VALUES (2224,'2019-12-11',356,439);
INSERT INTO meds_for_surgery (surgery_id,med) VALUES (2224,'Phosphorus');
INSERT INTO surgery (id,date,patient_id,doctor_id) VALUES (2225,'2019-11-30',430,87);
INSERT INTO meds_for_surgery (surgery_id,med) VALUES (2225,'Baclofen');
INSERT INTO surgery (id,date,patient_id,doctor_id) VALUES (2226,'2019-12-04',479,56);
INSERT INTO meds_for_surgery (surgery_id,med) VALUES (2226,'Cefuroxime');
INSERT INTO surgery (id,date,patient_id,doctor_id) VALUES (2227,'2019-11-23',32,353);
INSERT INTO meds_for_surgery (surgery_id,med) VALUES (2227,'Efavirenz');
INSERT INTO surgery (id,date,patient_id,doctor_id) VALUES (2228,'2019-12-17',448,384);
INSERT INTO meds_for_surgery (surgery_id,med) VALUES (2228,'Rasburicase');
INSERT INTO surgery (id,date,patient_id,doctor_id) VALUES (2229,'2019-11-25',229,449);
INSERT INTO meds_for_surgery (surgery_id,med) VALUES (2229,'Vancomycin');
INSERT INTO surgery (id,date,patient_id,doctor_id) VALUES (2230,'2019-11-27',231,136);
INSERT INTO meds_for_surgery (surgery_id,med) VALUES (2230,'Rasburicase');
INSERT INTO surgery (id,date,patient_id,doctor_id) VALUES (2231,'2019-12-14',52,498);
INSERT INTO meds_for_surgery (surgery_id,med) VALUES (2231,'Tacrolimus');
INSERT INTO surgery (id,date,patient_id,doctor_id) VALUES (2232,'2019-12-24',122,29);
INSERT INTO meds_for_surgery (surgery_id,med) VALUES (2232,'Clobazam');
INSERT INTO surgery (id,date,patient_id,doctor_id) VALUES (2233,'2019-11-25',255,172);
INSERT INTO meds_for_surgery (surgery_id,med) VALUES (2233,'Promethazine');
INSERT INTO surgery (id,date,patient_id,doctor_id) VALUES (2234,'2019-12-02',430,117);
INSERT INTO meds_for_surgery (surgery_id,med) VALUES (2234,'Tacrolimus');
INSERT INTO surgery (id,date,patient_id,doctor_id) VALUES (2235,'2019-12-08',436,272);
INSERT INTO meds_for_surgery (surgery_id,med) VALUES (2235,'Asparaginase');
INSERT INTO surgery (id,date,patient_id,doctor_id) VALUES (2236,'2019-12-06',440,441);
INSERT INTO meds_for_surgery (surgery_id,med) VALUES (2236,'Carmustine');
INSERT INTO surgery (id,date,patient_id,doctor_id) VALUES (2237,'2019-11-26',37,272);
INSERT INTO meds_for_surgery (surgery_id,med) VALUES (2237,'Crizotinib');
INSERT INTO surgery (id,date,patient_id,doctor_id) VALUES (2238,'2019-12-26',135,137);
INSERT INTO meds_for_surgery (surgery_id,med) VALUES (2238,'Cidofovir');
INSERT INTO surgery (id,date,patient_id,doctor_id) VALUES (2239,'2019-12-24',482,272);
INSERT INTO meds_for_surgery (surgery_id,med) VALUES (2239,'Oxycodone');
INSERT INTO surgery (id,date,patient_id,doctor_id) VALUES (2240,'2019-12-19',109,107);
INSERT INTO meds_for_surgery (surgery_id,med) VALUES (2240,'Mitotane');
INSERT INTO surgery (id,date,patient_id,doctor_id) VALUES (2241,'2019-11-26',171,322);
INSERT INTO meds_for_surgery (surgery_id,med) VALUES (2241,'Ketoconazole');
INSERT INTO surgery (id,date,patient_id,doctor_id) VALUES (2242,'2019-12-01',447,86);
INSERT INTO meds_for_surgery (surgery_id,med) VALUES (2242,'Etravirine');
INSERT INTO surgery (id,date,patient_id,doctor_id) VALUES (2243,'2019-12-25',460,185);
INSERT INTO meds_for_surgery (surgery_id,med) VALUES (2243,'Prednisone');
INSERT INTO surgery (id,date,patient_id,doctor_id) VALUES (2244,'2019-12-04',424,92);
INSERT INTO meds_for_surgery (surgery_id,med) VALUES (2244,'Valproic acid');
INSERT INTO surgery (id,date,patient_id,doctor_id) VALUES (2245,'2019-12-20',447,146);
INSERT INTO meds_for_surgery (surgery_id,med) VALUES (2245,'Dinutuximab');
INSERT INTO surgery (id,date,patient_id,doctor_id) VALUES (2246,'2019-12-04',448,189);
INSERT INTO meds_for_surgery (surgery_id,med) VALUES (2246,'Zidovudine');
INSERT INTO surgery (id,date,patient_id,doctor_id) VALUES (2247,'2019-12-25',64,412);
INSERT INTO meds_for_surgery (surgery_id,med) VALUES (2247,'Clindamycin');
INSERT INTO surgery (id,date,patient_id,doctor_id) VALUES (2248,'2019-12-27',349,84);
INSERT INTO meds_for_surgery (surgery_id,med) VALUES (2248,'Emicizumab');
INSERT INTO surgery (id,date,patient_id,doctor_id) VALUES (2249,'2019-12-14',356,102);
INSERT INTO meds_for_surgery (surgery_id,med) VALUES (2249,'Clofarabine');
INSERT INTO surgery (id,date,patient_id,doctor_id) VALUES (2250,'2019-11-29',346,384);
INSERT INTO meds_for_surgery (surgery_id,med) VALUES (2250,'Vinblastine');
INSERT INTO surgery (id,date,patient_id,doctor_id) VALUES (2251,'2019-12-24',180,182);
INSERT INTO meds_for_surgery (surgery_id,med) VALUES (2251,'Mercaptopurine');
INSERT INTO surgery (id,date,patient_id,doctor_id) VALUES (2252,'2019-12-11',255,468);
INSERT INTO meds_for_surgery (surgery_id,med) VALUES (2252,'Dobutamine');
INSERT INTO surgery (id,date,patient_id,doctor_id) VALUES (2253,'2019-12-23',194,56);
INSERT INTO meds_for_surgery (surgery_id,med) VALUES (2253,'Micafungin');
INSERT INTO surgery (id,date,patient_id,doctor_id) VALUES (2254,'2019-12-08',435,322);
INSERT INTO meds_for_surgery (surgery_id,med) VALUES (2254,'Tenofovir');
INSERT INTO surgery (id,date,patient_id,doctor_id) VALUES (2255,'2019-11-26',440,438);
INSERT INTO meds_for_surgery (surgery_id,med) VALUES (2255,'Famciclovir');
INSERT INTO surgery (id,date,patient_id,doctor_id) VALUES (2256,'2019-11-23',219,333);
INSERT INTO meds_for_surgery (surgery_id,med) VALUES (2256,'Saquinavir');
INSERT INTO surgery (id,date,patient_id,doctor_id) VALUES (2257,'2019-12-09',447,434);
INSERT INTO meds_for_surgery (surgery_id,med) VALUES (2257,'Phenobarbital');
INSERT INTO surgery (id,date,patient_id,doctor_id) VALUES (2258,'2019-12-27',184,143);
INSERT INTO meds_for_surgery (surgery_id,med) VALUES (2258,'Raltegravir');
INSERT INTO surgery (id,date,patient_id,doctor_id) VALUES (2259,'2019-12-13',49,92);
INSERT INTO meds_for_surgery (surgery_id,med) VALUES (2259,'Dobutamine');
INSERT INTO surgery (id,date,patient_id,doctor_id) VALUES (2260,'2019-11-23',69,498);
INSERT INTO meds_for_surgery (surgery_id,med) VALUES (2260,'Propoxyphene');
INSERT INTO surgery (id,date,patient_id,doctor_id) VALUES (2261,'2019-12-25',175,86);
INSERT INTO meds_for_surgery (surgery_id,med) VALUES (2261,'G-CSF');
INSERT INTO surgery (id,date,patient_id,doctor_id) VALUES (2262,'2019-12-08',116,300);
INSERT INTO meds_for_surgery (surgery_id,med) VALUES (2262,'Calcium');
INSERT INTO surgery (id,date,patient_id,doctor_id) VALUES (2263,'2019-12-17',301,58);
INSERT INTO meds_for_surgery (surgery_id,med) VALUES (2263,'Nelarabine');
INSERT INTO surgery (id,date,patient_id,doctor_id) VALUES (2264,'2019-12-01',223,439);
INSERT INTO meds_for_surgery (surgery_id,med) VALUES (2264,'L-glutamine');
INSERT INTO surgery (id,date,patient_id,doctor_id) VALUES (2265,'2019-11-25',19,313);
INSERT INTO meds_for_surgery (surgery_id,med) VALUES (2265,'Ifosfamide');
INSERT INTO surgery (id,date,patient_id,doctor_id) VALUES (2266,'2019-11-25',109,473);
INSERT INTO meds_for_surgery (surgery_id,med) VALUES (2266,'Asparaginase');
INSERT INTO surgery (id,date,patient_id,doctor_id) VALUES (2267,'2019-12-04',37,143);
INSERT INTO meds_for_surgery (surgery_id,med) VALUES (2267,'Mycophenolate');
INSERT INTO surgery (id,date,patient_id,doctor_id) VALUES (2268,'2019-12-09',419,86);
INSERT INTO meds_for_surgery (surgery_id,med) VALUES (2268,'Etoposide');
INSERT INTO surgery (id,date,patient_id,doctor_id) VALUES (2269,'2019-12-06',232,246);
INSERT INTO meds_for_surgery (surgery_id,med) VALUES (2269,'Tacrolimus');
INSERT INTO surgery (id,date,patient_id,doctor_id) VALUES (2270,'2019-12-12',140,438);
INSERT INTO meds_for_surgery (surgery_id,med) VALUES (2270,'Didanosine');
INSERT INTO surgery (id,date,patient_id,doctor_id) VALUES (2271,'2019-12-11',259,211);
INSERT INTO meds_for_surgery (surgery_id,med) VALUES (2271,'Codeine');
INSERT INTO surgery (id,date,patient_id,doctor_id) VALUES (2272,'2019-12-26',170,270);
INSERT INTO meds_for_surgery (surgery_id,med) VALUES (2272,'Sirolimus');
INSERT INTO surgery (id,date,patient_id,doctor_id) VALUES (2273,'2019-12-20',89,125);
INSERT INTO meds_for_surgery (surgery_id,med) VALUES (2273,'Cefepime');
INSERT INTO surgery (id,date,patient_id,doctor_id) VALUES (2274,'2019-12-05',184,285);
INSERT INTO meds_for_surgery (surgery_id,med) VALUES (2274,'Ritonavir');
INSERT INTO surgery (id,date,patient_id,doctor_id) VALUES (2275,'2019-11-27',95,108);
INSERT INTO meds_for_surgery (surgery_id,med) VALUES (2275,'Dronabinol');
INSERT INTO surgery (id,date,patient_id,doctor_id) VALUES (2276,'2019-11-28',424,498);
INSERT INTO meds_for_surgery (surgery_id,med) VALUES (2276,'Diclofenac');
INSERT INTO surgery (id,date,patient_id,doctor_id) VALUES (2277,'2019-12-13',316,117);
INSERT INTO meds_for_surgery (surgery_id,med) VALUES (2277,'Leucovorin');
INSERT INTO surgery (id,date,patient_id,doctor_id) VALUES (2278,'2019-11-26',232,333);
INSERT INTO meds_for_surgery (surgery_id,med) VALUES (2278,'Labetalol');
INSERT INTO surgery (id,date,patient_id,doctor_id) VALUES (2279,'2019-12-07',199,189);
INSERT INTO meds_for_surgery (surgery_id,med) VALUES (2279,'Azithromycin');
INSERT INTO surgery (id,date,patient_id,doctor_id) VALUES (2280,'2019-12-23',374,146);
INSERT INTO meds_for_surgery (surgery_id,med) VALUES (2280,'Linezolid');
INSERT INTO surgery (id,date,patient_id,doctor_id) VALUES (2281,'2019-11-30',150,465);
INSERT INTO meds_for_surgery (surgery_id,med) VALUES (2281,'Phenobarbital');
INSERT INTO surgery (id,date,patient_id,doctor_id) VALUES (2282,'2019-12-07',482,172);
INSERT INTO meds_for_surgery (surgery_id,med) VALUES (2282,'Vinblastine');
INSERT INTO surgery (id,date,patient_id,doctor_id) VALUES (2283,'2019-12-12',109,143);
INSERT INTO meds_for_surgery (surgery_id,med) VALUES (2283,'Hydromorphone');
INSERT INTO surgery (id,date,patient_id,doctor_id) VALUES (2284,'2019-12-25',90,125);
INSERT INTO meds_for_surgery (surgery_id,med) VALUES (2284,'Trimethoprim');
INSERT INTO surgery (id,date,patient_id,doctor_id) VALUES (2285,'2019-11-29',500,300);
INSERT INTO meds_for_surgery (surgery_id,med) VALUES (2285,'Atazanavir');
INSERT INTO surgery (id,date,patient_id,doctor_id) VALUES (2286,'2019-12-20',445,359);
INSERT INTO meds_for_surgery (surgery_id,med) VALUES (2286,'Sugammadex');
INSERT INTO surgery (id,date,patient_id,doctor_id) VALUES (2287,'2019-12-14',436,403);
INSERT INTO meds_for_surgery (surgery_id,med) VALUES (2287,'Diclofenac');
INSERT INTO surgery (id,date,patient_id,doctor_id) VALUES (2288,'2019-12-17',104,322);
INSERT INTO meds_for_surgery (surgery_id,med) VALUES (2288,'Ganciclovir');
INSERT INTO surgery (id,date,patient_id,doctor_id) VALUES (2289,'2019-11-28',336,353);
INSERT INTO meds_for_surgery (surgery_id,med) VALUES (2289,'Cefuroxime');
INSERT INTO surgery (id,date,patient_id,doctor_id) VALUES (2290,'2019-12-18',124,285);
INSERT INTO meds_for_surgery (surgery_id,med) VALUES (2290,'Hydralazine');
INSERT INTO surgery (id,date,patient_id,doctor_id) VALUES (2291,'2019-12-24',280,101);
INSERT INTO meds_for_surgery (surgery_id,med) VALUES (2291,'GM-CSF');
INSERT INTO surgery (id,date,patient_id,doctor_id) VALUES (2292,'2019-12-25',406,473);
INSERT INTO meds_for_surgery (surgery_id,med) VALUES (2292,'Mycophenolate');
INSERT INTO surgery (id,date,patient_id,doctor_id) VALUES (2293,'2019-11-26',19,137);
INSERT INTO meds_for_surgery (surgery_id,med) VALUES (2293,'Propoxyphene');
INSERT INTO surgery (id,date,patient_id,doctor_id) VALUES (2294,'2019-12-23',60,320);
INSERT INTO meds_for_surgery (surgery_id,med) VALUES (2294,'Clofarabine');
INSERT INTO surgery (id,date,patient_id,doctor_id) VALUES (2295,'2019-12-03',194,322);
INSERT INTO meds_for_surgery (surgery_id,med) VALUES (2295,'Hydromorphone');
INSERT INTO surgery (id,date,patient_id,doctor_id) VALUES (2296,'2019-12-27',199,384);
INSERT INTO meds_for_surgery (surgery_id,med) VALUES (2296,'Emicizumab');
INSERT INTO surgery (id,date,patient_id,doctor_id) VALUES (2297,'2019-12-01',90,498);
INSERT INTO meds_for_surgery (surgery_id,med) VALUES (2297,'Rilpivirine');
INSERT INTO surgery (id,date,patient_id,doctor_id) VALUES (2298,'2019-12-24',186,412);
INSERT INTO meds_for_surgery (surgery_id,med) VALUES (2298,'Lopinavir');
INSERT INTO surgery (id,date,patient_id,doctor_id) VALUES (2299,'2019-11-30',49,267);
INSERT INTO meds_for_surgery (surgery_id,med) VALUES (2299,'Mechlorethamine');
INSERT INTO surgery (id,date,patient_id,doctor_id) VALUES (2300,'2019-12-17',448,172);
INSERT INTO meds_for_surgery (surgery_id,med) VALUES (2300,'Baclofen');
INSERT INTO surgery (id,date,patient_id,doctor_id) VALUES (2301,'2019-12-11',223,268);
INSERT INTO meds_for_surgery (surgery_id,med) VALUES (2301,'Atazanavir');
INSERT INTO surgery (id,date,patient_id,doctor_id) VALUES (2302,'2019-11-30',251,498);
INSERT INTO meds_for_surgery (surgery_id,med) VALUES (2302,'Dactinomycin');
INSERT INTO surgery (id,date,patient_id,doctor_id) VALUES (2303,'2019-12-25',49,333);
INSERT INTO meds_for_surgery (surgery_id,med) VALUES (2303,'Micafungin');
INSERT INTO surgery (id,date,patient_id,doctor_id) VALUES (2304,'2019-12-21',436,125);
INSERT INTO meds_for_surgery (surgery_id,med) VALUES (2304,'Enalapril');
INSERT INTO surgery (id,date,patient_id,doctor_id) VALUES (2305,'2019-12-17',327,322);
INSERT INTO meds_for_surgery (surgery_id,med) VALUES (2305,'Dronabinol');
INSERT INTO surgery (id,date,patient_id,doctor_id) VALUES (2306,'2019-11-24',34,102);
INSERT INTO meds_for_surgery (surgery_id,med) VALUES (2306,'Imatinib');
INSERT INTO surgery (id,date,patient_id,doctor_id) VALUES (2307,'2019-12-07',500,473);
INSERT INTO meds_for_surgery (surgery_id,med) VALUES (2307,'Tretinoin');
INSERT INTO surgery (id,date,patient_id,doctor_id) VALUES (2308,'2019-12-19',21,491);
INSERT INTO meds_for_surgery (surgery_id,med) VALUES (2308,'Pentamidine');
INSERT INTO surgery (id,date,patient_id,doctor_id) VALUES (2309,'2019-12-03',330,272);
INSERT INTO meds_for_surgery (surgery_id,med) VALUES (2309,'Dornase alfa');
INSERT INTO surgery (id,date,patient_id,doctor_id) VALUES (2310,'2019-12-06',419,125);
INSERT INTO meds_for_surgery (surgery_id,med) VALUES (2310,'Calcium');
INSERT INTO surgery (id,date,patient_id,doctor_id) VALUES (2311,'2019-12-16',479,226);
INSERT INTO meds_for_surgery (surgery_id,med) VALUES (2311,'Temozolomide');
INSERT INTO surgery (id,date,patient_id,doctor_id) VALUES (2312,'2019-12-19',120,29);
INSERT INTO meds_for_surgery (surgery_id,med) VALUES (2312,'Paclitaxel');
INSERT INTO surgery (id,date,patient_id,doctor_id) VALUES (2313,'2019-12-05',419,441);
INSERT INTO meds_for_surgery (surgery_id,med) VALUES (2313,'Hydrocortisone');
INSERT INTO surgery (id,date,patient_id,doctor_id) VALUES (2314,'2019-12-24',188,211);
INSERT INTO meds_for_surgery (surgery_id,med) VALUES (2314,'Hydrocodone');
INSERT INTO surgery (id,date,patient_id,doctor_id) VALUES (2315,'2019-11-29',130,493);
INSERT INTO meds_for_surgery (surgery_id,med) VALUES (2315,'Furosemide');
INSERT INTO surgery (id,date,patient_id,doctor_id) VALUES (2316,'2019-12-04',113,211);
INSERT INTO meds_for_surgery (surgery_id,med) VALUES (2316,'Thioguanine');
INSERT INTO surgery (id,date,patient_id,doctor_id) VALUES (2317,'2019-11-25',431,438);
INSERT INTO meds_for_surgery (surgery_id,med) VALUES (2317,'Promethazine');
INSERT INTO surgery (id,date,patient_id,doctor_id) VALUES (2318,'2019-12-26',126,137);
INSERT INTO meds_for_surgery (surgery_id,med) VALUES (2318,'Clindamycin');
INSERT INTO surgery (id,date,patient_id,doctor_id) VALUES (2319,'2019-12-02',232,498);
INSERT INTO meds_for_surgery (surgery_id,med) VALUES (2319,'Gefitinib');
INSERT INTO surgery (id,date,patient_id,doctor_id) VALUES (2320,'2019-11-29',179,267);
INSERT INTO meds_for_surgery (surgery_id,med) VALUES (2320,'Sorafenib');
INSERT INTO surgery (id,date,patient_id,doctor_id) VALUES (2321,'2019-11-24',188,87);
INSERT INTO meds_for_surgery (surgery_id,med) VALUES (2321,'Amifostine');
INSERT INTO surgery (id,date,patient_id,doctor_id) VALUES (2322,'2019-12-14',234,451);
INSERT INTO meds_for_surgery (surgery_id,med) VALUES (2322,'Etonogestrel');
INSERT INTO surgery (id,date,patient_id,doctor_id) VALUES (2323,'2019-12-19',186,17);
INSERT INTO meds_for_surgery (surgery_id,med) VALUES (2323,'Meropenem');
INSERT INTO surgery (id,date,patient_id,doctor_id) VALUES (2324,'2019-12-14',269,108);
INSERT INTO meds_for_surgery (surgery_id,med) VALUES (2324,'Cefixime');
INSERT INTO surgery (id,date,patient_id,doctor_id) VALUES (2325,'2019-12-17',39,101);
INSERT INTO meds_for_surgery (surgery_id,med) VALUES (2325,'Megestrol acetate');
INSERT INTO surgery (id,date,patient_id,doctor_id) VALUES (2326,'2019-12-09',135,87);
INSERT INTO meds_for_surgery (surgery_id,med) VALUES (2326,'Emtricitabine');
INSERT INTO surgery (id,date,patient_id,doctor_id) VALUES (2327,'2019-12-06',448,211);
INSERT INTO meds_for_surgery (surgery_id,med) VALUES (2327,'Interferon');
INSERT INTO surgery (id,date,patient_id,doctor_id) VALUES (2328,'2019-11-30',229,125);
INSERT INTO meds_for_surgery (surgery_id,med) VALUES (2328,'Fludarabine');
INSERT INTO surgery (id,date,patient_id,doctor_id) VALUES (2329,'2019-12-16',356,108);
INSERT INTO meds_for_surgery (surgery_id,med) VALUES (2329,'Teniposide');
INSERT INTO surgery (id,date,patient_id,doctor_id) VALUES (2330,'2019-12-27',19,391);
INSERT INTO meds_for_surgery (surgery_id,med) VALUES (2330,'Carboplatin');
INSERT INTO surgery (id,date,patient_id,doctor_id) VALUES (2331,'2019-12-22',349,386);
INSERT INTO meds_for_surgery (surgery_id,med) VALUES (2331,'Hydrocodone');
INSERT INTO surgery (id,date,patient_id,doctor_id) VALUES (2332,'2019-12-11',155,473);
INSERT INTO meds_for_surgery (surgery_id,med) VALUES (2332,'Bleomycin');
INSERT INTO surgery (id,date,patient_id,doctor_id) VALUES (2333,'2019-11-27',354,438);
INSERT INTO meds_for_surgery (surgery_id,med) VALUES (2333,'Acyclovir');
INSERT INTO surgery (id,date,patient_id,doctor_id) VALUES (2334,'2019-11-28',431,55);
INSERT INTO meds_for_surgery (surgery_id,med) VALUES (2334,'Posaconazole');
INSERT INTO surgery (id,date,patient_id,doctor_id) VALUES (2335,'2019-12-10',39,391);
INSERT INTO meds_for_surgery (surgery_id,med) VALUES (2335,'Metronidazole');
INSERT INTO surgery (id,date,patient_id,doctor_id) VALUES (2336,'2019-12-03',375,274);
INSERT INTO meds_for_surgery (surgery_id,med) VALUES (2336,'Methadone');
INSERT INTO surgery (id,date,patient_id,doctor_id) VALUES (2337,'2019-12-13',255,87);
INSERT INTO meds_for_surgery (surgery_id,med) VALUES (2337,'Sugammadex');
INSERT INTO surgery (id,date,patient_id,doctor_id) VALUES (2338,'2019-12-22',34,271);
INSERT INTO meds_for_surgery (surgery_id,med) VALUES (2338,'Fluconazole');
INSERT INTO surgery (id,date,patient_id,doctor_id) VALUES (2339,'2019-11-25',461,270);
INSERT INTO meds_for_surgery (surgery_id,med) VALUES (2339,'Bleomycin');
INSERT INTO surgery (id,date,patient_id,doctor_id) VALUES (2340,'2019-12-16',155,412);
INSERT INTO meds_for_surgery (surgery_id,med) VALUES (2340,'Dinutuximab');
INSERT INTO surgery (id,date,patient_id,doctor_id) VALUES (2341,'2019-11-28',37,300);
INSERT INTO meds_for_surgery (surgery_id,med) VALUES (2341,'Meperidine');
INSERT INTO surgery (id,date,patient_id,doctor_id) VALUES (2342,'2019-12-27',445,102);
INSERT INTO meds_for_surgery (surgery_id,med) VALUES (2342,'Tretinoin');
INSERT INTO surgery (id,date,patient_id,doctor_id) VALUES (2343,'2019-12-26',210,107);
INSERT INTO meds_for_surgery (surgery_id,med) VALUES (2343,'Pentamidine');
INSERT INTO surgery (id,date,patient_id,doctor_id) VALUES (2344,'2019-11-23',69,332);
INSERT INTO meds_for_surgery (surgery_id,med) VALUES (2344,'Erlotinib');
INSERT INTO surgery (id,date,patient_id,doctor_id) VALUES (2345,'2019-11-26',140,182);
INSERT INTO meds_for_surgery (surgery_id,med) VALUES (2345,'PEGaspargase');
INSERT INTO surgery (id,date,patient_id,doctor_id) VALUES (2346,'2019-12-14',128,322);
INSERT INTO meds_for_surgery (surgery_id,med) VALUES (2346,'Hydromorphone');
INSERT INTO surgery (id,date,patient_id,doctor_id) VALUES (2347,'2019-12-04',301,359);
INSERT INTO meds_for_surgery (surgery_id,med) VALUES (2347,'Carbamazepine');
INSERT INTO surgery (id,date,patient_id,doctor_id) VALUES (2348,'2019-12-07',227,270);
INSERT INTO meds_for_surgery (surgery_id,med) VALUES (2348,'Penicillin');
INSERT INTO surgery (id,date,patient_id,doctor_id) VALUES (2349,'2019-12-03',480,58);
INSERT INTO meds_for_surgery (surgery_id,med) VALUES (2349,'Maraviroc');
INSERT INTO surgery (id,date,patient_id,doctor_id) VALUES (2350,'2019-11-27',393,409);
INSERT INTO meds_for_surgery (surgery_id,med) VALUES (2350,'Cidofovir');
INSERT INTO surgery (id,date,patient_id,doctor_id) VALUES (2351,'2019-12-21',294,86);
INSERT INTO meds_for_surgery (surgery_id,med) VALUES (2351,'Efavirenz');
INSERT INTO surgery (id,date,patient_id,doctor_id) VALUES (2352,'2019-12-20',301,285);
INSERT INTO meds_for_surgery (surgery_id,med) VALUES (2352,'Amifostine');
INSERT INTO surgery (id,date,patient_id,doctor_id) VALUES (2353,'2019-12-09',230,137);
INSERT INTO meds_for_surgery (surgery_id,med) VALUES (2353,'Abacavir');
INSERT INTO surgery (id,date,patient_id,doctor_id) VALUES (2354,'2019-11-25',180,146);
INSERT INTO meds_for_surgery (surgery_id,med) VALUES (2354,'Gemtuzumab');
INSERT INTO surgery (id,date,patient_id,doctor_id) VALUES (2355,'2019-12-03',247,391);
INSERT INTO meds_for_surgery (surgery_id,med) VALUES (2355,'Megestrol acetate');
INSERT INTO surgery (id,date,patient_id,doctor_id) VALUES (2356,'2019-12-16',286,274);
INSERT INTO meds_for_surgery (surgery_id,med) VALUES (2356,'Rivaroxaban');
INSERT INTO surgery (id,date,patient_id,doctor_id) VALUES (2357,'2019-12-12',155,189);
INSERT INTO meds_for_surgery (surgery_id,med) VALUES (2357,'Amifostine');
INSERT INTO surgery (id,date,patient_id,doctor_id) VALUES (2358,'2019-12-23',141,102);
INSERT INTO meds_for_surgery (surgery_id,med) VALUES (2358,'Megestrol acetate');
INSERT INTO surgery (id,date,patient_id,doctor_id) VALUES (2359,'2019-11-30',436,384);
INSERT INTO meds_for_surgery (surgery_id,med) VALUES (2359,'Bleomycin');
INSERT INTO surgery (id,date,patient_id,doctor_id) VALUES (2360,'2019-12-18',60,125);
INSERT INTO meds_for_surgery (surgery_id,med) VALUES (2360,'Crizotinib');
INSERT INTO surgery (id,date,patient_id,doctor_id) VALUES (2361,'2019-12-08',104,92);
INSERT INTO meds_for_surgery (surgery_id,med) VALUES (2361,'Dacarbazine');
INSERT INTO surgery (id,date,patient_id,doctor_id) VALUES (2362,'2019-12-23',170,117);
INSERT INTO meds_for_surgery (surgery_id,med) VALUES (2362,'Gemtuzumab');
INSERT INTO surgery (id,date,patient_id,doctor_id) VALUES (2363,'2019-12-12',135,192);
INSERT INTO meds_for_surgery (surgery_id,med) VALUES (2363,'Desmopressin');
INSERT INTO surgery (id,date,patient_id,doctor_id) VALUES (2364,'2019-12-22',141,332);
INSERT INTO meds_for_surgery (surgery_id,med) VALUES (2364,'Etonogestrel');
INSERT INTO surgery (id,date,patient_id,doctor_id) VALUES (2365,'2019-12-01',440,333);
INSERT INTO meds_for_surgery (surgery_id,med) VALUES (2365,'Ritonavir');
INSERT INTO surgery (id,date,patient_id,doctor_id) VALUES (2366,'2019-12-01',330,29);
INSERT INTO meds_for_surgery (surgery_id,med) VALUES (2366,'Clindamycin');
INSERT INTO surgery (id,date,patient_id,doctor_id) VALUES (2367,'2019-12-22',234,125);
INSERT INTO meds_for_surgery (surgery_id,med) VALUES (2367,'Dexamethasone');
INSERT INTO surgery (id,date,patient_id,doctor_id) VALUES (2368,'2019-11-30',121,492);
INSERT INTO meds_for_surgery (surgery_id,med) VALUES (2368,'Raltegravir');
INSERT INTO surgery (id,date,patient_id,doctor_id) VALUES (2369,'2019-12-02',436,384);
INSERT INTO meds_for_surgery (surgery_id,med) VALUES (2369,'Emtricitabine');
INSERT INTO surgery (id,date,patient_id,doctor_id) VALUES (2370,'2019-12-10',19,391);
INSERT INTO meds_for_surgery (surgery_id,med) VALUES (2370,'Temozolomide');
INSERT INTO surgery (id,date,patient_id,doctor_id) VALUES (2371,'2019-11-24',400,29);
INSERT INTO meds_for_surgery (surgery_id,med) VALUES (2371,'Labetalol');
INSERT INTO surgery (id,date,patient_id,doctor_id) VALUES (2372,'2019-12-07',184,359);
INSERT INTO meds_for_surgery (surgery_id,med) VALUES (2372,'Clofarabine');
INSERT INTO surgery (id,date,patient_id,doctor_id) VALUES (2373,'2019-11-24',234,146);
INSERT INTO meds_for_surgery (surgery_id,med) VALUES (2373,'Meperidine');
INSERT INTO surgery (id,date,patient_id,doctor_id) VALUES (2374,'2019-11-25',406,320);
INSERT INTO meds_for_surgery (surgery_id,med) VALUES (2374,'Cyclophosphamide');
INSERT INTO surgery (id,date,patient_id,doctor_id) VALUES (2375,'2019-12-22',232,226);
INSERT INTO meds_for_surgery (surgery_id,med) VALUES (2375,'Morphine');
INSERT INTO surgery (id,date,patient_id,doctor_id) VALUES (2376,'2019-12-26',229,384);
INSERT INTO meds_for_surgery (surgery_id,med) VALUES (2376,'Meloxicam');
INSERT INTO surgery (id,date,patient_id,doctor_id) VALUES (2377,'2019-12-21',374,451);
INSERT INTO meds_for_surgery (surgery_id,med) VALUES (2377,'Temozolomide');
INSERT INTO surgery (id,date,patient_id,doctor_id) VALUES (2378,'2019-12-15',411,57);
INSERT INTO meds_for_surgery (surgery_id,med) VALUES (2378,'Gabapentin');
INSERT INTO surgery (id,date,patient_id,doctor_id) VALUES (2379,'2019-11-23',180,403);
INSERT INTO meds_for_surgery (surgery_id,med) VALUES (2379,'Magnesium');
INSERT INTO surgery (id,date,patient_id,doctor_id) VALUES (2380,'2019-12-21',461,86);
INSERT INTO meds_for_surgery (surgery_id,med) VALUES (2380,'Tretinoin');
INSERT INTO surgery (id,date,patient_id,doctor_id) VALUES (2381,'2019-12-25',280,451);
INSERT INTO meds_for_surgery (surgery_id,med) VALUES (2381,'Phenytoin');
INSERT INTO surgery (id,date,patient_id,doctor_id) VALUES (2382,'2019-12-20',219,108);
INSERT INTO meds_for_surgery (surgery_id,med) VALUES (2382,'Vorinostat');
INSERT INTO surgery (id,date,patient_id,doctor_id) VALUES (2383,'2019-11-23',39,320);
INSERT INTO meds_for_surgery (surgery_id,med) VALUES (2383,'Tretinoin');
INSERT INTO surgery (id,date,patient_id,doctor_id) VALUES (2384,'2019-12-04',186,451);
INSERT INTO meds_for_surgery (surgery_id,med) VALUES (2384,'Topotecan');
INSERT INTO surgery (id,date,patient_id,doctor_id) VALUES (2385,'2019-12-06',477,272);
INSERT INTO meds_for_surgery (surgery_id,med) VALUES (2385,'Ranitidine');
INSERT INTO surgery (id,date,patient_id,doctor_id) VALUES (2386,'2019-11-26',232,352);
INSERT INTO meds_for_surgery (surgery_id,med) VALUES (2386,'Dobutamine');
INSERT INTO surgery (id,date,patient_id,doctor_id) VALUES (2387,'2019-12-04',34,412);
INSERT INTO meds_for_surgery (surgery_id,med) VALUES (2387,'Tretinoin');
INSERT INTO surgery (id,date,patient_id,doctor_id) VALUES (2388,'2019-12-08',445,409);
INSERT INTO meds_for_surgery (surgery_id,med) VALUES (2388,'Amifostine');
INSERT INTO surgery (id,date,patient_id,doctor_id) VALUES (2389,'2019-12-13',426,319);
INSERT INTO meds_for_surgery (surgery_id,med) VALUES (2389,'Sirolimus');
INSERT INTO surgery (id,date,patient_id,doctor_id) VALUES (2390,'2019-12-18',280,272);
INSERT INTO meds_for_surgery (surgery_id,med) VALUES (2390,'Isotretinoin');
INSERT INTO surgery (id,date,patient_id,doctor_id) VALUES (2391,'2019-11-27',64,271);
INSERT INTO meds_for_surgery (surgery_id,med) VALUES (2391,'Rivaroxaban');
INSERT INTO surgery (id,date,patient_id,doctor_id) VALUES (2392,'2019-11-23',210,4);
INSERT INTO meds_for_surgery (surgery_id,med) VALUES (2392,'Cyclobenzaprine');
INSERT INTO surgery (id,date,patient_id,doctor_id) VALUES (2393,'2019-11-30',90,359);
INSERT INTO meds_for_surgery (surgery_id,med) VALUES (2393,'Deferasirox');
INSERT INTO surgery (id,date,patient_id,doctor_id) VALUES (2394,'2019-12-26',247,322);
INSERT INTO meds_for_surgery (surgery_id,med) VALUES (2394,'Mercaptopurine');
INSERT INTO surgery (id,date,patient_id,doctor_id) VALUES (2395,'2019-11-28',388,332);
INSERT INTO meds_for_surgery (surgery_id,med) VALUES (2395,'Cladribine');
INSERT INTO surgery (id,date,patient_id,doctor_id) VALUES (2396,'2019-11-24',52,403);
INSERT INTO meds_for_surgery (surgery_id,med) VALUES (2396,'Hydroxyurea');
INSERT INTO surgery (id,date,patient_id,doctor_id) VALUES (2397,'2019-12-22',328,146);
INSERT INTO meds_for_surgery (surgery_id,med) VALUES (2397,'Deferasirox');
INSERT INTO surgery (id,date,patient_id,doctor_id) VALUES (2398,'2019-12-13',286,403);
INSERT INTO meds_for_surgery (surgery_id,med) VALUES (2398,'Erlotinib');
INSERT INTO surgery (id,date,patient_id,doctor_id) VALUES (2399,'2019-12-21',330,102);
INSERT INTO meds_for_surgery (surgery_id,med) VALUES (2399,'Lopinavir');
INSERT INTO surgery (id,date,patient_id,doctor_id) VALUES (2400,'2019-12-27',436,441);
INSERT INTO meds_for_surgery (surgery_id,med) VALUES (2400,'Probenecid');
INSERT INTO surgery (id,date,patient_id,doctor_id) VALUES (2401,'2019-12-19',477,498);
INSERT INTO meds_for_surgery (surgery_id,med) VALUES (2401,'Imatinib');
INSERT INTO surgery (id,date,patient_id,doctor_id) VALUES (2402,'2019-12-13',52,267);
INSERT INTO meds_for_surgery (surgery_id,med) VALUES (2402,'Rilpivirine');
INSERT INTO surgery (id,date,patient_id,doctor_id) VALUES (2403,'2019-12-26',375,172);
INSERT INTO meds_for_surgery (surgery_id,med) VALUES (2403,'Ganciclovir');
INSERT INTO surgery (id,date,patient_id,doctor_id) VALUES (2404,'2019-12-17',37,185);
INSERT INTO meds_for_surgery (surgery_id,med) VALUES (2404,'Cladribine');
INSERT INTO surgery (id,date,patient_id,doctor_id) VALUES (2405,'2019-12-08',23,409);
INSERT INTO meds_for_surgery (surgery_id,med) VALUES (2405,'Granisetron');
INSERT INTO surgery (id,date,patient_id,doctor_id) VALUES (2406,'2019-11-29',328,498);
INSERT INTO meds_for_surgery (surgery_id,med) VALUES (2406,'Hydromorphone');
INSERT INTO surgery (id,date,patient_id,doctor_id) VALUES (2407,'2019-12-13',256,434);
INSERT INTO meds_for_surgery (surgery_id,med) VALUES (2407,'Lomustine');
INSERT INTO surgery (id,date,patient_id,doctor_id) VALUES (2408,'2019-12-11',229,272);
INSERT INTO meds_for_surgery (surgery_id,med) VALUES (2408,'Penicillin');
INSERT INTO surgery (id,date,patient_id,doctor_id) VALUES (2409,'2019-12-20',247,386);
INSERT INTO meds_for_surgery (surgery_id,med) VALUES (2409,'G-CSF');
INSERT INTO surgery (id,date,patient_id,doctor_id) VALUES (2410,'2019-12-26',141,359);
INSERT INTO meds_for_surgery (surgery_id,med) VALUES (2410,'Alemtuzumab');
INSERT INTO surgery (id,date,patient_id,doctor_id) VALUES (2411,'2019-12-01',500,117);
INSERT INTO meds_for_surgery (surgery_id,med) VALUES (2411,'Topotecan');
INSERT INTO surgery (id,date,patient_id,doctor_id) VALUES (2412,'2019-12-25',90,117);
INSERT INTO meds_for_surgery (surgery_id,med) VALUES (2412,'Amifostine');
INSERT INTO surgery (id,date,patient_id,doctor_id) VALUES (2413,'2019-12-15',431,493);
INSERT INTO meds_for_surgery (surgery_id,med) VALUES (2413,'Desmopressin');
INSERT INTO surgery (id,date,patient_id,doctor_id) VALUES (2414,'2019-11-27',436,143);
INSERT INTO meds_for_surgery (surgery_id,med) VALUES (2414,'Etravirine');
INSERT INTO surgery (id,date,patient_id,doctor_id) VALUES (2415,'2019-12-12',49,137);
INSERT INTO meds_for_surgery (surgery_id,med) VALUES (2415,'Ifosfamide');
INSERT INTO surgery (id,date,patient_id,doctor_id) VALUES (2416,'2019-12-27',179,97);
INSERT INTO meds_for_surgery (surgery_id,med) VALUES (2416,'Methylphenidate');
INSERT INTO surgery (id,date,patient_id,doctor_id) VALUES (2417,'2019-11-28',427,226);
INSERT INTO meds_for_surgery (surgery_id,med) VALUES (2417,'Itraconazole');
INSERT INTO surgery (id,date,patient_id,doctor_id) VALUES (2418,'2019-12-20',482,319);
INSERT INTO meds_for_surgery (surgery_id,med) VALUES (2418,'Rituximab');
INSERT INTO surgery (id,date,patient_id,doctor_id) VALUES (2419,'2019-12-18',256,97);
INSERT INTO meds_for_surgery (surgery_id,med) VALUES (2419,'G-CSF');
INSERT INTO surgery (id,date,patient_id,doctor_id) VALUES (2420,'2019-11-30',229,29);
INSERT INTO meds_for_surgery (surgery_id,med) VALUES (2420,'Atenolol');
INSERT INTO surgery (id,date,patient_id,doctor_id) VALUES (2421,'2019-12-21',448,146);
INSERT INTO meds_for_surgery (surgery_id,med) VALUES (2421,'Captopril');
INSERT INTO surgery (id,date,patient_id,doctor_id) VALUES (2422,'2019-12-08',445,86);
INSERT INTO meds_for_surgery (surgery_id,med) VALUES (2422,'Hydrocortisone');
INSERT INTO surgery (id,date,patient_id,doctor_id) VALUES (2423,'2019-12-25',69,412);
INSERT INTO meds_for_surgery (surgery_id,med) VALUES (2423,'Gemtuzumab');
INSERT INTO surgery (id,date,patient_id,doctor_id) VALUES (2424,'2019-12-20',231,268);
INSERT INTO meds_for_surgery (surgery_id,med) VALUES (2424,'Muromonab');
INSERT INTO surgery (id,date,patient_id,doctor_id) VALUES (2425,'2019-12-14',128,441);
INSERT INTO meds_for_surgery (surgery_id,med) VALUES (2425,'Heparin');
INSERT INTO surgery (id,date,patient_id,doctor_id) VALUES (2426,'2019-12-23',170,29);
INSERT INTO meds_for_surgery (surgery_id,med) VALUES (2426,'Muromonab');
INSERT INTO surgery (id,date,patient_id,doctor_id) VALUES (2427,'2019-12-07',219,136);
INSERT INTO meds_for_surgery (surgery_id,med) VALUES (2427,'Lorazepam');
INSERT INTO surgery (id,date,patient_id,doctor_id) VALUES (2428,'2019-11-25',19,355);
INSERT INTO meds_for_surgery (surgery_id,med) VALUES (2428,'Hydromorphone');
INSERT INTO surgery (id,date,patient_id,doctor_id) VALUES (2429,'2019-11-25',175,412);
INSERT INTO meds_for_surgery (surgery_id,med) VALUES (2429,'Doxorubicin');
INSERT INTO surgery (id,date,patient_id,doctor_id) VALUES (2430,'2019-12-10',393,246);
INSERT INTO meds_for_surgery (surgery_id,med) VALUES (2430,'Crizotinib');
INSERT INTO surgery (id,date,patient_id,doctor_id) VALUES (2431,'2019-11-25',235,369);
INSERT INTO meds_for_surgery (surgery_id,med) VALUES (2431,'Dactinomycin');
INSERT INTO surgery (id,date,patient_id,doctor_id) VALUES (2432,'2019-12-04',346,493);
INSERT INTO meds_for_surgery (surgery_id,med) VALUES (2432,'Teniposide');
INSERT INTO surgery (id,date,patient_id,doctor_id) VALUES (2433,'2019-12-19',447,29);
INSERT INTO meds_for_surgery (surgery_id,med) VALUES (2433,'Hydroxyurea');
INSERT INTO surgery (id,date,patient_id,doctor_id) VALUES (2434,'2019-12-09',375,498);
INSERT INTO meds_for_surgery (surgery_id,med) VALUES (2434,'Hydromorphone');
INSERT INTO surgery (id,date,patient_id,doctor_id) VALUES (2435,'2019-12-07',330,102);
INSERT INTO meds_for_surgery (surgery_id,med) VALUES (2435,'Cefuroxime');
INSERT INTO surgery (id,date,patient_id,doctor_id) VALUES (2436,'2019-12-25',52,268);
INSERT INTO meds_for_surgery (surgery_id,med) VALUES (2436,'Zidovudine');
INSERT INTO surgery (id,date,patient_id,doctor_id) VALUES (2437,'2019-12-10',286,352);
INSERT INTO meds_for_surgery (surgery_id,med) VALUES (2437,'Ceftazidime');
INSERT INTO surgery (id,date,patient_id,doctor_id) VALUES (2438,'2019-12-26',448,434);
INSERT INTO meds_for_surgery (surgery_id,med) VALUES (2438,'Enalapril');
INSERT INTO surgery (id,date,patient_id,doctor_id) VALUES (2439,'2019-12-21',116,441);
INSERT INTO meds_for_surgery (surgery_id,med) VALUES (2439,'Efavirenz');
INSERT INTO surgery (id,date,patient_id,doctor_id) VALUES (2440,'2019-11-24',234,438);
INSERT INTO meds_for_surgery (surgery_id,med) VALUES (2440,'Alemtuzumab');
INSERT INTO surgery (id,date,patient_id,doctor_id) VALUES (2441,'2019-12-10',301,29);
INSERT INTO meds_for_surgery (surgery_id,med) VALUES (2441,'Imatinib');
INSERT INTO surgery (id,date,patient_id,doctor_id) VALUES (2442,'2019-12-24',302,355);
INSERT INTO meds_for_surgery (surgery_id,med) VALUES (2442,'Mitotane');
INSERT INTO surgery (id,date,patient_id,doctor_id) VALUES (2443,'2019-12-16',121,353);
INSERT INTO meds_for_surgery (surgery_id,med) VALUES (2443,'Phosphorus');
INSERT INTO surgery (id,date,patient_id,doctor_id) VALUES (2444,'2019-12-04',374,300);
INSERT INTO meds_for_surgery (surgery_id,med) VALUES (2444,'Aprepitant');
INSERT INTO surgery (id,date,patient_id,doctor_id) VALUES (2445,'2019-12-27',180,369);
INSERT INTO meds_for_surgery (surgery_id,med) VALUES (2445,'Sirolimus');
INSERT INTO surgery (id,date,patient_id,doctor_id) VALUES (2446,'2019-11-29',250,315);
INSERT INTO meds_for_surgery (surgery_id,med) VALUES (2446,'Ruxolitinib');
INSERT INTO surgery (id,date,patient_id,doctor_id) VALUES (2447,'2019-12-23',349,267);
INSERT INTO meds_for_surgery (surgery_id,med) VALUES (2447,'Labetalol');
INSERT INTO surgery (id,date,patient_id,doctor_id) VALUES (2448,'2019-11-29',479,320);
INSERT INTO meds_for_surgery (surgery_id,med) VALUES (2448,'Bosentan');
INSERT INTO surgery (id,date,patient_id,doctor_id) VALUES (2449,'2019-12-05',293,270);
INSERT INTO meds_for_surgery (surgery_id,med) VALUES (2449,'Vancomycin');
INSERT INTO surgery (id,date,patient_id,doctor_id) VALUES (2450,'2019-12-24',112,274);
INSERT INTO meds_for_surgery (surgery_id,med) VALUES (2450,'Enoxaparin');
INSERT INTO surgery (id,date,patient_id,doctor_id) VALUES (2451,'2019-11-29',188,92);
INSERT INTO meds_for_surgery (surgery_id,med) VALUES (2451,'Rituximab');
INSERT INTO surgery (id,date,patient_id,doctor_id) VALUES (2452,'2019-12-12',95,332);
INSERT INTO meds_for_surgery (surgery_id,med) VALUES (2452,'Etonogestrel');
INSERT INTO surgery (id,date,patient_id,doctor_id) VALUES (2453,'2019-12-03',381,29);
INSERT INTO meds_for_surgery (surgery_id,med) VALUES (2453,'Ceftazidime');
INSERT INTO surgery (id,date,patient_id,doctor_id) VALUES (2454,'2019-12-05',223,92);
INSERT INTO meds_for_surgery (surgery_id,med) VALUES (2454,'Carmustine');
INSERT INTO surgery (id,date,patient_id,doctor_id) VALUES (2455,'2019-12-12',69,367);
INSERT INTO meds_for_surgery (surgery_id,med) VALUES (2455,'Aprepitant');
INSERT INTO surgery (id,date,patient_id,doctor_id) VALUES (2456,'2019-12-23',186,473);
INSERT INTO meds_for_surgery (surgery_id,med) VALUES (2456,'Dobutamine');
INSERT INTO surgery (id,date,patient_id,doctor_id) VALUES (2457,'2019-12-15',256,284);
INSERT INTO meds_for_surgery (surgery_id,med) VALUES (2457,'Amlodipine');
INSERT INTO surgery (id,date,patient_id,doctor_id) VALUES (2458,'2019-12-14',435,271);
INSERT INTO meds_for_surgery (surgery_id,med) VALUES (2458,'Diclofenac');
INSERT INTO surgery (id,date,patient_id,doctor_id) VALUES (2459,'2019-12-03',479,386);
INSERT INTO meds_for_surgery (surgery_id,med) VALUES (2459,'Metronidazole');
INSERT INTO surgery (id,date,patient_id,doctor_id) VALUES (2460,'2019-12-26',293,441);
INSERT INTO meds_for_surgery (surgery_id,med) VALUES (2460,'Clarithromycin');
INSERT INTO surgery (id,date,patient_id,doctor_id) VALUES (2461,'2019-12-09',436,438);
INSERT INTO meds_for_surgery (surgery_id,med) VALUES (2461,'Penicillin');
INSERT INTO surgery (id,date,patient_id,doctor_id) VALUES (2462,'2019-11-30',232,182);
INSERT INTO meds_for_surgery (surgery_id,med) VALUES (2462,'Methylphenidate');
INSERT INTO surgery (id,date,patient_id,doctor_id) VALUES (2463,'2019-11-27',232,493);
INSERT INTO meds_for_surgery (surgery_id,med) VALUES (2463,'Ondansetron');
INSERT INTO surgery (id,date,patient_id,doctor_id) VALUES (2464,'2019-12-17',374,465);
INSERT INTO meds_for_surgery (surgery_id,med) VALUES (2464,'Muromonab');
INSERT INTO surgery (id,date,patient_id,doctor_id) VALUES (2465,'2019-11-30',301,272);
INSERT INTO meds_for_surgery (surgery_id,med) VALUES (2465,'Mitotane');
INSERT INTO surgery (id,date,patient_id,doctor_id) VALUES (2466,'2019-11-24',427,493);
INSERT INTO meds_for_surgery (surgery_id,med) VALUES (2466,'Prednisone');
INSERT INTO surgery (id,date,patient_id,doctor_id) VALUES (2467,'2019-12-01',400,333);
INSERT INTO meds_for_surgery (surgery_id,med) VALUES (2467,'Dinutuximab');
INSERT INTO surgery (id,date,patient_id,doctor_id) VALUES (2468,'2019-12-25',480,384);
INSERT INTO meds_for_surgery (surgery_id,med) VALUES (2468,'Alendronate');
INSERT INTO surgery (id,date,patient_id,doctor_id) VALUES (2469,'2019-12-25',64,319);
INSERT INTO meds_for_surgery (surgery_id,med) VALUES (2469,'Meropenem');
INSERT INTO surgery (id,date,patient_id,doctor_id) VALUES (2470,'2019-12-27',122,29);
INSERT INTO meds_for_surgery (surgery_id,med) VALUES (2470,'Hydromorphone');
INSERT INTO surgery (id,date,patient_id,doctor_id) VALUES (2471,'2019-11-24',388,491);
INSERT INTO meds_for_surgery (surgery_id,med) VALUES (2471,'Phenobarbital');
INSERT INTO surgery (id,date,patient_id,doctor_id) VALUES (2472,'2019-12-18',327,58);
INSERT INTO meds_for_surgery (surgery_id,med) VALUES (2472,'Fludarabine');
INSERT INTO surgery (id,date,patient_id,doctor_id) VALUES (2473,'2019-12-05',161,146);
INSERT INTO meds_for_surgery (surgery_id,med) VALUES (2473,'Vancomycin');
INSERT INTO surgery (id,date,patient_id,doctor_id) VALUES (2474,'2019-11-23',440,492);
INSERT INTO meds_for_surgery (surgery_id,med) VALUES (2474,'Cyclophosphamide');
INSERT INTO surgery (id,date,patient_id,doctor_id) VALUES (2475,'2019-12-15',356,143);
INSERT INTO meds_for_surgery (surgery_id,med) VALUES (2475,'Carboplatin');
INSERT INTO surgery (id,date,patient_id,doctor_id) VALUES (2476,'2019-12-13',184,56);
INSERT INTO meds_for_surgery (surgery_id,med) VALUES (2476,'Erlotinib');
INSERT INTO surgery (id,date,patient_id,doctor_id) VALUES (2477,'2019-12-03',328,172);
INSERT INTO meds_for_surgery (surgery_id,med) VALUES (2477,'Maraviroc');
INSERT INTO surgery (id,date,patient_id,doctor_id) VALUES (2478,'2019-12-01',210,285);
INSERT INTO meds_for_surgery (surgery_id,med) VALUES (2478,'Procarbazine');
INSERT INTO surgery (id,date,patient_id,doctor_id) VALUES (2479,'2019-12-12',440,439);
INSERT INTO meds_for_surgery (surgery_id,med) VALUES (2479,'Meperidine');
INSERT INTO surgery (id,date,patient_id,doctor_id) VALUES (2480,'2019-12-02',388,412);
INSERT INTO meds_for_surgery (surgery_id,med) VALUES (2480,'Meloxicam');
INSERT INTO surgery (id,date,patient_id,doctor_id) VALUES (2481,'2019-12-16',444,333);
INSERT INTO meds_for_surgery (surgery_id,med) VALUES (2481,'Dronabinol');
INSERT INTO surgery (id,date,patient_id,doctor_id) VALUES (2482,'2019-12-07',479,117);
INSERT INTO meds_for_surgery (surgery_id,med) VALUES (2482,'Dasatinib');
INSERT INTO surgery (id,date,patient_id,doctor_id) VALUES (2483,'2019-11-30',259,315);
INSERT INTO meds_for_surgery (surgery_id,med) VALUES (2483,'Warfarin');
INSERT INTO surgery (id,date,patient_id,doctor_id) VALUES (2484,'2019-12-16',336,137);
INSERT INTO meds_for_surgery (surgery_id,med) VALUES (2484,'Ondansetron');
INSERT INTO surgery (id,date,patient_id,doctor_id) VALUES (2485,'2019-12-10',259,391);
INSERT INTO meds_for_surgery (surgery_id,med) VALUES (2485,'Cyclobenzaprine');
INSERT INTO surgery (id,date,patient_id,doctor_id) VALUES (2486,'2019-12-14',34,491);
INSERT INTO meds_for_surgery (surgery_id,med) VALUES (2486,'Captopril');
INSERT INTO surgery (id,date,patient_id,doctor_id) VALUES (2487,'2019-12-22',229,108);
INSERT INTO meds_for_surgery (surgery_id,med) VALUES (2487,'Dacarbazine');
INSERT INTO surgery (id,date,patient_id,doctor_id) VALUES (2488,'2019-12-04',150,333);
INSERT INTO meds_for_surgery (surgery_id,med) VALUES (2488,'Granisetron');
INSERT INTO surgery (id,date,patient_id,doctor_id) VALUES (2489,'2019-12-23',448,267);
INSERT INTO meds_for_surgery (surgery_id,med) VALUES (2489,'Vinblastine');
INSERT INTO surgery (id,date,patient_id,doctor_id) VALUES (2490,'2019-12-04',109,192);
INSERT INTO meds_for_surgery (surgery_id,med) VALUES (2490,'Amifostine');
INSERT INTO surgery (id,date,patient_id,doctor_id) VALUES (2491,'2019-12-03',447,182);
INSERT INTO meds_for_surgery (surgery_id,med) VALUES (2491,'Cisplatin');
INSERT INTO surgery (id,date,patient_id,doctor_id) VALUES (2492,'2019-12-16',259,270);
INSERT INTO meds_for_surgery (surgery_id,med) VALUES (2492,'Captopril');
INSERT INTO surgery (id,date,patient_id,doctor_id) VALUES (2493,'2019-12-12',210,322);
INSERT INTO meds_for_surgery (surgery_id,med) VALUES (2493,'Nelfinavir');
INSERT INTO surgery (id,date,patient_id,doctor_id) VALUES (2494,'2019-12-01',90,353);
INSERT INTO meds_for_surgery (surgery_id,med) VALUES (2494,'Teniposide');
INSERT INTO surgery (id,date,patient_id,doctor_id) VALUES (2495,'2019-12-05',19,97);
INSERT INTO meds_for_surgery (surgery_id,med) VALUES (2495,'Cephalexin');
INSERT INTO surgery (id,date,patient_id,doctor_id) VALUES (2496,'2019-12-09',135,313);
INSERT INTO meds_for_surgery (surgery_id,med) VALUES (2496,'Atazanavir');
INSERT INTO surgery (id,date,patient_id,doctor_id) VALUES (2497,'2019-11-27',287,125);
INSERT INTO meds_for_surgery (surgery_id,med) VALUES (2497,'Doxorubicin');
INSERT INTO surgery (id,date,patient_id,doctor_id) VALUES (2498,'2019-12-23',354,146);
INSERT INTO meds_for_surgery (surgery_id,med) VALUES (2498,'Melphalan');
INSERT INTO surgery (id,date,patient_id,doctor_id) VALUES (2499,'2019-11-27',52,84);
INSERT INTO meds_for_surgery (surgery_id,med) VALUES (2499,'Dasatinib');
INSERT INTO surgery (id,date,patient_id,doctor_id) VALUES (2500,'2019-12-24',141,267);
INSERT INTO meds_for_surgery (surgery_id,med) VALUES (2500,'Stavudine');
INSERT INTO surgery (id,date,patient_id,doctor_id) VALUES (2501,'2019-12-22',34,322);
INSERT INTO meds_for_surgery (surgery_id,med) VALUES (2501,'Cyclobenzaprine');
INSERT INTO surgery (id,date,patient_id,doctor_id) VALUES (2502,'2019-12-22',440,352);
INSERT INTO meds_for_surgery (surgery_id,med) VALUES (2502,'Sucralfate');
INSERT INTO surgery (id,date,patient_id,doctor_id) VALUES (2503,'2019-12-01',375,332);
INSERT INTO meds_for_surgery (surgery_id,med) VALUES (2503,'Omeprazole');
INSERT INTO surgery (id,date,patient_id,doctor_id) VALUES (2504,'2019-12-21',231,226);
INSERT INTO meds_for_surgery (surgery_id,med) VALUES (2504,'Dronabinol');
INSERT INTO surgery (id,date,patient_id,doctor_id) VALUES (2505,'2019-12-07',400,246);
INSERT INTO meds_for_surgery (surgery_id,med) VALUES (2505,'Melphalan');
INSERT INTO surgery (id,date,patient_id,doctor_id) VALUES (2506,'2019-12-12',232,117);
INSERT INTO meds_for_surgery (surgery_id,med) VALUES (2506,'Emtricitabine');
INSERT INTO surgery (id,date,patient_id,doctor_id) VALUES (2507,'2019-12-07',461,57);
INSERT INTO meds_for_surgery (surgery_id,med) VALUES (2507,'Nelarabine');
INSERT INTO surgery (id,date,patient_id,doctor_id) VALUES (2508,'2019-11-23',426,189);
INSERT INTO meds_for_surgery (surgery_id,med) VALUES (2508,'Sorafenib');
INSERT INTO surgery (id,date,patient_id,doctor_id) VALUES (2509,'2019-12-03',374,86);
INSERT INTO meds_for_surgery (surgery_id,med) VALUES (2509,'Etonogestrel');
INSERT INTO surgery (id,date,patient_id,doctor_id) VALUES (2510,'2019-12-25',294,211);
INSERT INTO meds_for_surgery (surgery_id,med) VALUES (2510,'Cyclosporine');
INSERT INTO surgery (id,date,patient_id,doctor_id) VALUES (2511,'2019-12-08',388,17);
INSERT INTO meds_for_surgery (surgery_id,med) VALUES (2511,'Cidofovir');
INSERT INTO surgery (id,date,patient_id,doctor_id) VALUES (2512,'2019-12-13',302,268);
INSERT INTO meds_for_surgery (surgery_id,med) VALUES (2512,'Interleukin');
INSERT INTO surgery (id,date,patient_id,doctor_id) VALUES (2513,'2019-11-24',161,246);
INSERT INTO meds_for_surgery (surgery_id,med) VALUES (2513,'Ganciclovir');
INSERT INTO surgery (id,date,patient_id,doctor_id) VALUES (2514,'2019-12-13',223,271);
INSERT INTO meds_for_surgery (surgery_id,med) VALUES (2514,'Imatinib');
INSERT INTO surgery (id,date,patient_id,doctor_id) VALUES (2515,'2019-11-27',424,29);
INSERT INTO meds_for_surgery (surgery_id,med) VALUES (2515,'Atenolol');
INSERT INTO surgery (id,date,patient_id,doctor_id) VALUES (2516,'2019-12-23',112,97);
INSERT INTO meds_for_surgery (surgery_id,med) VALUES (2516,'Promethazine');
INSERT INTO surgery (id,date,patient_id,doctor_id) VALUES (2517,'2019-12-17',128,434);
INSERT INTO meds_for_surgery (surgery_id,med) VALUES (2517,'Clobazam');
INSERT INTO surgery (id,date,patient_id,doctor_id) VALUES (2518,'2019-12-24',393,353);
INSERT INTO meds_for_surgery (surgery_id,med) VALUES (2518,'Procarbazine');
INSERT INTO surgery (id,date,patient_id,doctor_id) VALUES (2519,'2019-12-05',21,84);
INSERT INTO meds_for_surgery (surgery_id,med) VALUES (2519,'Clindamycin');
INSERT INTO surgery (id,date,patient_id,doctor_id) VALUES (2520,'2019-11-27',419,192);
INSERT INTO meds_for_surgery (surgery_id,med) VALUES (2520,'Emtricitabine');
INSERT INTO surgery (id,date,patient_id,doctor_id) VALUES (2521,'2019-12-06',411,333);
INSERT INTO meds_for_surgery (surgery_id,med) VALUES (2521,'Methotrexate');
INSERT INTO surgery (id,date,patient_id,doctor_id) VALUES (2522,'2019-11-30',269,211);
INSERT INTO meds_for_surgery (surgery_id,med) VALUES (2522,'Ganciclovir');
INSERT INTO surgery (id,date,patient_id,doctor_id) VALUES (2523,'2019-11-29',286,319);
INSERT INTO meds_for_surgery (surgery_id,med) VALUES (2523,'Erlotinib');
INSERT INTO surgery (id,date,patient_id,doctor_id) VALUES (2524,'2019-12-27',336,492);
INSERT INTO meds_for_surgery (surgery_id,med) VALUES (2524,'Desmopressin');
INSERT INTO surgery (id,date,patient_id,doctor_id) VALUES (2525,'2019-12-27',39,246);
INSERT INTO meds_for_surgery (surgery_id,med) VALUES (2525,'Pegfilgrastim');
INSERT INTO surgery (id,date,patient_id,doctor_id) VALUES (2526,'2019-11-27',448,441);
INSERT INTO meds_for_surgery (surgery_id,med) VALUES (2526,'Rituximab');
INSERT INTO surgery (id,date,patient_id,doctor_id) VALUES (2527,'2019-11-24',109,102);
INSERT INTO meds_for_surgery (surgery_id,med) VALUES (2527,'Furosemide');
INSERT INTO surgery (id,date,patient_id,doctor_id) VALUES (2528,'2019-12-13',170,284);
INSERT INTO meds_for_surgery (surgery_id,med) VALUES (2528,'Efavirenz');
INSERT INTO surgery (id,date,patient_id,doctor_id) VALUES (2529,'2019-12-17',179,439);
INSERT INTO meds_for_surgery (surgery_id,med) VALUES (2529,'Sucralfate');
INSERT INTO surgery (id,date,patient_id,doctor_id) VALUES (2530,'2019-12-15',286,313);
INSERT INTO meds_for_surgery (surgery_id,med) VALUES (2530,'Gefitinib');
INSERT INTO surgery (id,date,patient_id,doctor_id) VALUES (2531,'2019-12-04',282,246);
INSERT INTO meds_for_surgery (surgery_id,med) VALUES (2531,'Emicizumab');
INSERT INTO surgery (id,date,patient_id,doctor_id) VALUES (2532,'2019-11-27',393,396);
INSERT INTO meds_for_surgery (surgery_id,med) VALUES (2532,'Enalapril');
INSERT INTO surgery (id,date,patient_id,doctor_id) VALUES (2533,'2019-11-23',109,226);
INSERT INTO meds_for_surgery (surgery_id,med) VALUES (2533,'Ondansetron');
INSERT INTO surgery (id,date,patient_id,doctor_id) VALUES (2534,'2019-11-27',232,285);
INSERT INTO meds_for_surgery (surgery_id,med) VALUES (2534,'Dornase alfa');
INSERT INTO surgery (id,date,patient_id,doctor_id) VALUES (2535,'2019-12-14',440,386);
INSERT INTO meds_for_surgery (surgery_id,med) VALUES (2535,'Pentamidine');
INSERT INTO surgery (id,date,patient_id,doctor_id) VALUES (2536,'2019-12-17',124,275);
INSERT INTO meds_for_surgery (surgery_id,med) VALUES (2536,'Imatinib');
INSERT INTO surgery (id,date,patient_id,doctor_id) VALUES (2537,'2019-12-24',388,367);
INSERT INTO meds_for_surgery (surgery_id,med) VALUES (2537,'L-glutamine');
INSERT INTO surgery (id,date,patient_id,doctor_id) VALUES (2538,'2019-12-16',126,473);
INSERT INTO meds_for_surgery (surgery_id,med) VALUES (2538,'Zidovudine');
INSERT INTO surgery (id,date,patient_id,doctor_id) VALUES (2539,'2019-12-09',500,386);
INSERT INTO meds_for_surgery (surgery_id,med) VALUES (2539,'Emicizumab');
INSERT INTO surgery (id,date,patient_id,doctor_id) VALUES (2540,'2019-12-02',336,322);
INSERT INTO meds_for_surgery (surgery_id,med) VALUES (2540,'Allopurinol');
INSERT INTO surgery (id,date,patient_id,doctor_id) VALUES (2541,'2019-11-28',293,384);
INSERT INTO meds_for_surgery (surgery_id,med) VALUES (2541,'Azithromycin');
INSERT INTO surgery (id,date,patient_id,doctor_id) VALUES (2542,'2019-12-08',234,117);
INSERT INTO meds_for_surgery (surgery_id,med) VALUES (2542,'Erythromycin');
INSERT INTO surgery (id,date,patient_id,doctor_id) VALUES (2543,'2019-12-16',301,192);
INSERT INTO meds_for_surgery (surgery_id,med) VALUES (2543,'Hydrocodone');
INSERT INTO surgery (id,date,patient_id,doctor_id) VALUES (2544,'2019-11-27',170,322);
INSERT INTO meds_for_surgery (surgery_id,med) VALUES (2544,'Cyclobenzaprine');
INSERT INTO surgery (id,date,patient_id,doctor_id) VALUES (2545,'2019-12-12',32,211);
INSERT INTO meds_for_surgery (surgery_id,med) VALUES (2545,'Paclitaxel');
INSERT INTO surgery (id,date,patient_id,doctor_id) VALUES (2546,'2019-12-24',374,409);
INSERT INTO meds_for_surgery (surgery_id,med) VALUES (2546,'Cefepime');
INSERT INTO surgery (id,date,patient_id,doctor_id) VALUES (2547,'2019-11-28',282,403);
INSERT INTO meds_for_surgery (surgery_id,med) VALUES (2547,'Cladribine');
INSERT INTO surgery (id,date,patient_id,doctor_id) VALUES (2548,'2019-12-23',188,192);
INSERT INTO meds_for_surgery (surgery_id,med) VALUES (2548,'Celecoxib');
INSERT INTO surgery (id,date,patient_id,doctor_id) VALUES (2549,'2019-12-27',293,384);
INSERT INTO meds_for_surgery (surgery_id,med) VALUES (2549,'Oxycodone');
INSERT INTO surgery (id,date,patient_id,doctor_id) VALUES (2550,'2019-11-24',199,319);
INSERT INTO meds_for_surgery (surgery_id,med) VALUES (2550,'Cefuroxime');
INSERT INTO surgery (id,date,patient_id,doctor_id) VALUES (2551,'2019-11-30',140,285);
INSERT INTO meds_for_surgery (surgery_id,med) VALUES (2551,'Carbamazepine');
INSERT INTO surgery (id,date,patient_id,doctor_id) VALUES (2552,'2019-12-07',188,438);
INSERT INTO meds_for_surgery (surgery_id,med) VALUES (2552,'Topotecan');
INSERT INTO surgery (id,date,patient_id,doctor_id) VALUES (2553,'2019-12-20',354,55);
INSERT INTO meds_for_surgery (surgery_id,med) VALUES (2553,'Diclofenac');
INSERT INTO surgery (id,date,patient_id,doctor_id) VALUES (2554,'2019-12-07',230,182);
INSERT INTO meds_for_surgery (surgery_id,med) VALUES (2554,'Busulfan');
INSERT INTO surgery (id,date,patient_id,doctor_id) VALUES (2555,'2019-12-11',230,285);
INSERT INTO meds_for_surgery (surgery_id,med) VALUES (2555,'Granisetron');
INSERT INTO surgery (id,date,patient_id,doctor_id) VALUES (2556,'2019-12-05',132,369);
INSERT INTO meds_for_surgery (surgery_id,med) VALUES (2556,'Magnesium');
INSERT INTO surgery (id,date,patient_id,doctor_id) VALUES (2557,'2019-12-20',294,143);
INSERT INTO meds_for_surgery (surgery_id,med) VALUES (2557,'Cefepime');
INSERT INTO surgery (id,date,patient_id,doctor_id) VALUES (2558,'2019-12-01',128,146);
INSERT INTO meds_for_surgery (surgery_id,med) VALUES (2558,'Stavudine');
INSERT INTO surgery (id,date,patient_id,doctor_id) VALUES (2559,'2019-12-24',90,57);
INSERT INTO meds_for_surgery (surgery_id,med) VALUES (2559,'Norepinephrine');
INSERT INTO surgery (id,date,patient_id,doctor_id) VALUES (2560,'2019-12-04',124,137);
INSERT INTO meds_for_surgery (surgery_id,med) VALUES (2560,'Allopurinol');
INSERT INTO surgery (id,date,patient_id,doctor_id) VALUES (2561,'2019-12-20',120,409);
INSERT INTO meds_for_surgery (surgery_id,med) VALUES (2561,'Mitotane');
INSERT INTO surgery (id,date,patient_id,doctor_id) VALUES (2562,'2019-12-21',21,182);
INSERT INTO meds_for_surgery (surgery_id,med) VALUES (2562,'Dasatinib');
INSERT INTO surgery (id,date,patient_id,doctor_id) VALUES (2563,'2019-12-12',388,384);
INSERT INTO meds_for_surgery (surgery_id,med) VALUES (2563,'Dronabinol');
INSERT INTO surgery (id,date,patient_id,doctor_id) VALUES (2564,'2019-12-25',269,275);
INSERT INTO meds_for_surgery (surgery_id,med) VALUES (2564,'Diclofenac');
INSERT INTO surgery (id,date,patient_id,doctor_id) VALUES (2565,'2019-12-13',116,117);
INSERT INTO meds_for_surgery (surgery_id,med) VALUES (2565,'Lomustine');
INSERT INTO surgery (id,date,patient_id,doctor_id) VALUES (2566,'2019-12-06',336,108);
INSERT INTO meds_for_surgery (surgery_id,med) VALUES (2566,'Mitotane');
INSERT INTO surgery (id,date,patient_id,doctor_id) VALUES (2567,'2019-12-15',280,275);
INSERT INTO meds_for_surgery (surgery_id,med) VALUES (2567,'Meperidine');
INSERT INTO surgery (id,date,patient_id,doctor_id) VALUES (2568,'2019-11-25',419,274);
INSERT INTO meds_for_surgery (surgery_id,med) VALUES (2568,'Ruxolitinib');
INSERT INTO surgery (id,date,patient_id,doctor_id) VALUES (2569,'2019-12-05',60,211);
INSERT INTO meds_for_surgery (surgery_id,med) VALUES (2569,'Ceftazidime');
INSERT INTO surgery (id,date,patient_id,doctor_id) VALUES (2570,'2019-12-21',113,92);
INSERT INTO meds_for_surgery (surgery_id,med) VALUES (2570,'GM-CSF');
INSERT INTO surgery (id,date,patient_id,doctor_id) VALUES (2571,'2019-12-22',161,391);
INSERT INTO meds_for_surgery (surgery_id,med) VALUES (2571,'Codeine');
INSERT INTO surgery (id,date,patient_id,doctor_id) VALUES (2572,'2019-11-29',327,125);
INSERT INTO meds_for_surgery (surgery_id,med) VALUES (2572,'Carbamazepine');
INSERT INTO surgery (id,date,patient_id,doctor_id) VALUES (2573,'2019-12-18',21,468);
INSERT INTO meds_for_surgery (surgery_id,med) VALUES (2573,'Oxycodone');
INSERT INTO surgery (id,date,patient_id,doctor_id) VALUES (2574,'2019-12-12',104,369);
INSERT INTO meds_for_surgery (surgery_id,med) VALUES (2574,'Sunitinib');
INSERT INTO surgery (id,date,patient_id,doctor_id) VALUES (2575,'2019-12-16',435,355);
INSERT INTO meds_for_surgery (surgery_id,med) VALUES (2575,'Lomustine');
INSERT INTO surgery (id,date,patient_id,doctor_id) VALUES (2576,'2019-12-01',234,391);
INSERT INTO meds_for_surgery (surgery_id,med) VALUES (2576,'Cytarabine');
INSERT INTO surgery (id,date,patient_id,doctor_id) VALUES (2577,'2019-11-23',269,58);
INSERT INTO meds_for_surgery (surgery_id,med) VALUES (2577,'Mycophenolate');
INSERT INTO surgery (id,date,patient_id,doctor_id) VALUES (2578,'2019-11-26',21,211);
INSERT INTO meds_for_surgery (surgery_id,med) VALUES (2578,'Codeine');
INSERT INTO surgery (id,date,patient_id,doctor_id) VALUES (2579,'2019-12-01',247,434);
INSERT INTO meds_for_surgery (surgery_id,med) VALUES (2579,'Voriconazole');
INSERT INTO surgery (id,date,patient_id,doctor_id) VALUES (2580,'2019-12-09',259,353);
INSERT INTO meds_for_surgery (surgery_id,med) VALUES (2580,'Desmopressin');
INSERT INTO surgery (id,date,patient_id,doctor_id) VALUES (2581,'2019-11-27',480,355);
INSERT INTO meds_for_surgery (surgery_id,med) VALUES (2581,'Ondansetron');
INSERT INTO surgery (id,date,patient_id,doctor_id) VALUES (2582,'2019-12-04',419,369);
INSERT INTO meds_for_surgery (surgery_id,med) VALUES (2582,'Enalapril');
INSERT INTO surgery (id,date,patient_id,doctor_id) VALUES (2583,'2019-12-10',194,492);
INSERT INTO meds_for_surgery (surgery_id,med) VALUES (2583,'PEGaspargase');
INSERT INTO surgery (id,date,patient_id,doctor_id) VALUES (2584,'2019-12-12',60,353);
INSERT INTO meds_for_surgery (surgery_id,med) VALUES (2584,'Mitotane');
INSERT INTO surgery (id,date,patient_id,doctor_id) VALUES (2585,'2019-12-04',247,473);
INSERT INTO meds_for_surgery (surgery_id,med) VALUES (2585,'Dexamethasone');
INSERT INTO surgery (id,date,patient_id,doctor_id) VALUES (2586,'2019-12-05',427,465);
INSERT INTO meds_for_surgery (surgery_id,med) VALUES (2586,'Maraviroc');
INSERT INTO surgery (id,date,patient_id,doctor_id) VALUES (2587,'2019-12-02',330,87);
INSERT INTO meds_for_surgery (surgery_id,med) VALUES (2587,'Lorazepam');
INSERT INTO surgery (id,date,patient_id,doctor_id) VALUES (2588,'2019-12-14',282,192);
INSERT INTO meds_for_surgery (surgery_id,med) VALUES (2588,'Efavirenz');
INSERT INTO surgery (id,date,patient_id,doctor_id) VALUES (2589,'2019-12-17',45,272);
INSERT INTO meds_for_surgery (surgery_id,med) VALUES (2589,'Dacarbazine');
INSERT INTO surgery (id,date,patient_id,doctor_id) VALUES (2590,'2019-12-02',330,300);
INSERT INTO meds_for_surgery (surgery_id,med) VALUES (2590,'Raltegravir');
INSERT INTO surgery (id,date,patient_id,doctor_id) VALUES (2591,'2019-12-18',120,86);
INSERT INTO meds_for_surgery (surgery_id,med) VALUES (2591,'Dronabinol');
INSERT INTO surgery (id,date,patient_id,doctor_id) VALUES (2592,'2019-12-08',419,17);
INSERT INTO meds_for_surgery (surgery_id,med) VALUES (2592,'Hydrocodone');
INSERT INTO surgery (id,date,patient_id,doctor_id) VALUES (2593,'2019-11-26',128,86);
INSERT INTO meds_for_surgery (surgery_id,med) VALUES (2593,'Meperidine');
INSERT INTO surgery (id,date,patient_id,doctor_id) VALUES (2594,'2019-12-07',480,136);
INSERT INTO meds_for_surgery (surgery_id,med) VALUES (2594,'Dexamethasone');
INSERT INTO surgery (id,date,patient_id,doctor_id) VALUES (2595,'2019-11-26',116,449);
INSERT INTO meds_for_surgery (surgery_id,med) VALUES (2595,'Gemtuzumab');
INSERT INTO surgery (id,date,patient_id,doctor_id) VALUES (2596,'2019-12-21',170,86);
INSERT INTO meds_for_surgery (surgery_id,med) VALUES (2596,'Bleomycin');
INSERT INTO surgery (id,date,patient_id,doctor_id) VALUES (2597,'2019-12-23',161,275);
INSERT INTO meds_for_surgery (surgery_id,med) VALUES (2597,'Mitotane');
INSERT INTO surgery (id,date,patient_id,doctor_id) VALUES (2598,'2019-11-26',256,284);
INSERT INTO meds_for_surgery (surgery_id,med) VALUES (2598,'Megestrol acetate');
INSERT INTO surgery (id,date,patient_id,doctor_id) VALUES (2599,'2019-12-20',375,137);
INSERT INTO meds_for_surgery (surgery_id,med) VALUES (2599,'Eltrombopag');
INSERT INTO surgery (id,date,patient_id,doctor_id) VALUES (2600,'2019-12-09',424,498);
INSERT INTO meds_for_surgery (surgery_id,med) VALUES (2600,'Daunorubicin');
INSERT INTO surgery (id,date,patient_id,doctor_id) VALUES (2601,'2019-11-24',235,353);
INSERT INTO meds_for_surgery (surgery_id,med) VALUES (2601,'Imipenem');
INSERT INTO surgery (id,date,patient_id,doctor_id) VALUES (2602,'2019-11-24',124,493);
INSERT INTO meds_for_surgery (surgery_id,med) VALUES (2602,'Nelfinavir');
INSERT INTO surgery (id,date,patient_id,doctor_id) VALUES (2603,'2019-12-21',19,86);
INSERT INTO meds_for_surgery (surgery_id,med) VALUES (2603,'Procarbazine');
INSERT INTO surgery (id,date,patient_id,doctor_id) VALUES (2604,'2019-12-11',381,473);
INSERT INTO meds_for_surgery (surgery_id,med) VALUES (2604,'Leucovorin');
INSERT INTO surgery (id,date,patient_id,doctor_id) VALUES (2605,'2019-12-12',375,267);
INSERT INTO meds_for_surgery (surgery_id,med) VALUES (2605,'Calcium');
INSERT INTO surgery (id,date,patient_id,doctor_id) VALUES (2606,'2019-12-10',235,211);
INSERT INTO meds_for_surgery (surgery_id,med) VALUES (2606,'Dobutamine');
INSERT INTO surgery (id,date,patient_id,doctor_id) VALUES (2607,'2019-12-01',199,332);
INSERT INTO meds_for_surgery (surgery_id,med) VALUES (2607,'Cyclosporine');
INSERT INTO surgery (id,date,patient_id,doctor_id) VALUES (2608,'2019-12-19',49,320);
INSERT INTO meds_for_surgery (surgery_id,med) VALUES (2608,'Linezolid');
INSERT INTO surgery (id,date,patient_id,doctor_id) VALUES (2609,'2019-12-10',444,353);
INSERT INTO meds_for_surgery (surgery_id,med) VALUES (2609,'Leucovorin');
INSERT INTO surgery (id,date,patient_id,doctor_id) VALUES (2610,'2019-12-07',477,492);
INSERT INTO meds_for_surgery (surgery_id,med) VALUES (2610,'Probenecid');
INSERT INTO surgery (id,date,patient_id,doctor_id) VALUES (2611,'2019-11-30',232,313);
INSERT INTO meds_for_surgery (surgery_id,med) VALUES (2611,'Crizotinib');
INSERT INTO surgery (id,date,patient_id,doctor_id) VALUES (2612,'2019-11-25',336,17);
INSERT INTO meds_for_surgery (surgery_id,med) VALUES (2612,'Hydrocodone');
INSERT INTO surgery (id,date,patient_id,doctor_id) VALUES (2613,'2019-12-27',483,465);
INSERT INTO meds_for_surgery (surgery_id,med) VALUES (2613,'Dopamine');
INSERT INTO surgery (id,date,patient_id,doctor_id) VALUES (2614,'2019-12-20',120,449);
INSERT INTO meds_for_surgery (surgery_id,med) VALUES (2614,'Didanosine');
INSERT INTO surgery (id,date,patient_id,doctor_id) VALUES (2615,'2019-12-14',445,333);
INSERT INTO meds_for_surgery (surgery_id,med) VALUES (2615,'Voriconazole');
INSERT INTO surgery (id,date,patient_id,doctor_id) VALUES (2616,'2019-12-25',447,146);
INSERT INTO meds_for_surgery (surgery_id,med) VALUES (2616,'Thioguanine');
INSERT INTO surgery (id,date,patient_id,doctor_id) VALUES (2617,'2019-12-16',259,333);
INSERT INTO meds_for_surgery (surgery_id,med) VALUES (2617,'Dexamethasone');
INSERT INTO surgery (id,date,patient_id,doctor_id) VALUES (2618,'2019-11-26',447,108);
INSERT INTO meds_for_surgery (surgery_id,med) VALUES (2618,'Pemetrexed');
INSERT INTO surgery (id,date,patient_id,doctor_id) VALUES (2619,'2019-12-12',122,386);
INSERT INTO meds_for_surgery (surgery_id,med) VALUES (2619,'Dronabinol');
INSERT INTO surgery (id,date,patient_id,doctor_id) VALUES (2620,'2019-12-14',427,492);
INSERT INTO meds_for_surgery (surgery_id,med) VALUES (2620,'Carboplatin');
INSERT INTO surgery (id,date,patient_id,doctor_id) VALUES (2621,'2019-11-26',250,136);
INSERT INTO meds_for_surgery (surgery_id,med) VALUES (2621,'Ruxolitinib');
INSERT INTO surgery (id,date,patient_id,doctor_id) VALUES (2622,'2019-12-19',440,272);
INSERT INTO meds_for_surgery (surgery_id,med) VALUES (2622,'Irinotecan');
INSERT INTO surgery (id,date,patient_id,doctor_id) VALUES (2623,'2019-11-27',293,493);
INSERT INTO meds_for_surgery (surgery_id,med) VALUES (2623,'Erythromycin');
INSERT INTO surgery (id,date,patient_id,doctor_id) VALUES (2624,'2019-12-12',227,403);
INSERT INTO meds_for_surgery (surgery_id,med) VALUES (2624,'Lamivudine');
INSERT INTO surgery (id,date,patient_id,doctor_id) VALUES (2625,'2019-12-09',227,57);
INSERT INTO meds_for_surgery (surgery_id,med) VALUES (2625,'Dexamethasone');
INSERT INTO surgery (id,date,patient_id,doctor_id) VALUES (2626,'2019-12-13',287,441);
INSERT INTO meds_for_surgery (surgery_id,med) VALUES (2626,'Methotrexate');
INSERT INTO surgery (id,date,patient_id,doctor_id) VALUES (2627,'2019-12-26',112,285);
INSERT INTO meds_for_surgery (surgery_id,med) VALUES (2627,'Potassium');
INSERT INTO surgery (id,date,patient_id,doctor_id) VALUES (2628,'2019-12-27',171,192);
INSERT INTO meds_for_surgery (surgery_id,med) VALUES (2628,'Tenofovir');
INSERT INTO surgery (id,date,patient_id,doctor_id) VALUES (2629,'2019-11-28',141,86);
INSERT INTO meds_for_surgery (surgery_id,med) VALUES (2629,'Etonogestrel');
INSERT INTO surgery (id,date,patient_id,doctor_id) VALUES (2630,'2019-12-24',280,55);
INSERT INTO meds_for_surgery (surgery_id,med) VALUES (2630,'Lomustine');
INSERT INTO surgery (id,date,patient_id,doctor_id) VALUES (2631,'2019-11-28',440,189);
INSERT INTO meds_for_surgery (surgery_id,med) VALUES (2631,'Vancomycin');
INSERT INTO surgery (id,date,patient_id,doctor_id) VALUES (2632,'2019-11-23',327,315);
INSERT INTO meds_for_surgery (surgery_id,med) VALUES (2632,'Methadone');
INSERT INTO surgery (id,date,patient_id,doctor_id) VALUES (2633,'2019-11-25',247,146);
INSERT INTO meds_for_surgery (surgery_id,med) VALUES (2633,'Dinutuximab');
INSERT INTO surgery (id,date,patient_id,doctor_id) VALUES (2634,'2019-12-20',21,451);
INSERT INTO meds_for_surgery (surgery_id,med) VALUES (2634,'Phenobarbital');
INSERT INTO surgery (id,date,patient_id,doctor_id) VALUES (2635,'2019-12-10',460,386);
INSERT INTO meds_for_surgery (surgery_id,med) VALUES (2635,'Methadone');
INSERT INTO surgery (id,date,patient_id,doctor_id) VALUES (2636,'2019-12-17',448,451);
INSERT INTO meds_for_surgery (surgery_id,med) VALUES (2636,'Diclofenac');
INSERT INTO surgery (id,date,patient_id,doctor_id) VALUES (2637,'2019-12-05',302,333);
INSERT INTO meds_for_surgery (surgery_id,med) VALUES (2637,'Aminocaproic Acid');
INSERT INTO surgery (id,date,patient_id,doctor_id) VALUES (2638,'2019-12-11',430,108);
INSERT INTO meds_for_surgery (surgery_id,med) VALUES (2638,'Vincristine');
INSERT INTO surgery (id,date,patient_id,doctor_id) VALUES (2639,'2019-12-09',247,274);
INSERT INTO meds_for_surgery (surgery_id,med) VALUES (2639,'Clofarabine');
INSERT INTO surgery (id,date,patient_id,doctor_id) VALUES (2640,'2019-12-09',375,267);
INSERT INTO meds_for_surgery (surgery_id,med) VALUES (2640,'Dapsone');
INSERT INTO surgery (id,date,patient_id,doctor_id) VALUES (2641,'2019-12-06',375,274);
INSERT INTO meds_for_surgery (surgery_id,med) VALUES (2641,'Azithromycin');
INSERT INTO surgery (id,date,patient_id,doctor_id) VALUES (2642,'2019-12-03',482,136);
INSERT INTO meds_for_surgery (surgery_id,med) VALUES (2642,'Rilpivirine');
INSERT INTO surgery (id,date,patient_id,doctor_id) VALUES (2643,'2019-12-19',354,84);
INSERT INTO meds_for_surgery (surgery_id,med) VALUES (2643,'Methylphenidate');
INSERT INTO surgery (id,date,patient_id,doctor_id) VALUES (2644,'2019-12-23',316,4);
INSERT INTO meds_for_surgery (surgery_id,med) VALUES (2644,'Promethazine');
INSERT INTO surgery (id,date,patient_id,doctor_id) VALUES (2645,'2019-12-16',349,412);
INSERT INTO meds_for_surgery (surgery_id,med) VALUES (2645,'Calcium');
INSERT INTO surgery (id,date,patient_id,doctor_id) VALUES (2646,'2019-12-25',45,367);
INSERT INTO meds_for_surgery (surgery_id,med) VALUES (2646,'Gefitinib');
INSERT INTO surgery (id,date,patient_id,doctor_id) VALUES (2647,'2019-12-02',436,492);
INSERT INTO meds_for_surgery (surgery_id,med) VALUES (2647,'Amlodipine');
INSERT INTO surgery (id,date,patient_id,doctor_id) VALUES (2648,'2019-12-05',282,172);
INSERT INTO meds_for_surgery (surgery_id,med) VALUES (2648,'Erythropoietin');
INSERT INTO surgery (id,date,patient_id,doctor_id) VALUES (2649,'2019-11-23',21,86);
INSERT INTO meds_for_surgery (surgery_id,med) VALUES (2649,'Enoxaparin');
INSERT INTO surgery (id,date,patient_id,doctor_id) VALUES (2650,'2019-11-27',393,367);
INSERT INTO meds_for_surgery (surgery_id,med) VALUES (2650,'Cyclophosphamide');
INSERT INTO surgery (id,date,patient_id,doctor_id) VALUES (2651,'2019-12-18',406,493);
INSERT INTO meds_for_surgery (surgery_id,med) VALUES (2651,'Allopurinol');
INSERT INTO surgery (id,date,patient_id,doctor_id) VALUES (2652,'2019-12-16',188,403);
INSERT INTO meds_for_surgery (surgery_id,med) VALUES (2652,'Pemetrexed');
INSERT INTO surgery (id,date,patient_id,doctor_id) VALUES (2653,'2019-12-05',155,465);
INSERT INTO meds_for_surgery (surgery_id,med) VALUES (2653,'Phenytoin');
INSERT INTO surgery (id,date,patient_id,doctor_id) VALUES (2654,'2019-11-28',120,498);
INSERT INTO meds_for_surgery (surgery_id,med) VALUES (2654,'Codeine');
INSERT INTO surgery (id,date,patient_id,doctor_id) VALUES (2655,'2019-11-27',346,117);
INSERT INTO meds_for_surgery (surgery_id,med) VALUES (2655,'Mechlorethamine');
INSERT INTO surgery (id,date,patient_id,doctor_id) VALUES (2656,'2019-12-14',126,300);
INSERT INTO meds_for_surgery (surgery_id,med) VALUES (2656,'Interferon');
INSERT INTO surgery (id,date,patient_id,doctor_id) VALUES (2657,'2019-11-26',199,491);
INSERT INTO meds_for_surgery (surgery_id,med) VALUES (2657,'Metronidazole');
INSERT INTO surgery (id,date,patient_id,doctor_id) VALUES (2658,'2019-12-10',122,192);
INSERT INTO meds_for_surgery (surgery_id,med) VALUES (2658,'Eltrombopag');
INSERT INTO surgery (id,date,patient_id,doctor_id) VALUES (2659,'2019-12-11',32,438);
INSERT INTO meds_for_surgery (surgery_id,med) VALUES (2659,'Diclofenac');
INSERT INTO surgery (id,date,patient_id,doctor_id) VALUES (2660,'2019-12-02',184,322);
INSERT INTO meds_for_surgery (surgery_id,med) VALUES (2660,'Zidovudine');
INSERT INTO surgery (id,date,patient_id,doctor_id) VALUES (2661,'2019-12-18',171,56);
INSERT INTO meds_for_surgery (surgery_id,med) VALUES (2661,'Hydralazine');
INSERT INTO surgery (id,date,patient_id,doctor_id) VALUES (2662,'2019-11-29',141,137);
INSERT INTO meds_for_surgery (surgery_id,med) VALUES (2662,'Tretinoin');
INSERT INTO surgery (id,date,patient_id,doctor_id) VALUES (2663,'2019-12-14',184,322);
INSERT INTO meds_for_surgery (surgery_id,med) VALUES (2663,'Crizotinib');
INSERT INTO surgery (id,date,patient_id,doctor_id) VALUES (2664,'2019-12-05',477,412);
INSERT INTO meds_for_surgery (surgery_id,med) VALUES (2664,'Dopamine');
INSERT INTO surgery (id,date,patient_id,doctor_id) VALUES (2665,'2019-12-09',250,491);
INSERT INTO meds_for_surgery (surgery_id,med) VALUES (2665,'Furosemide');
INSERT INTO surgery (id,date,patient_id,doctor_id) VALUES (2666,'2019-12-27',479,267);
INSERT INTO meds_for_surgery (surgery_id,med) VALUES (2666,'Eltrombopag');
INSERT INTO surgery (id,date,patient_id,doctor_id) VALUES (2667,'2019-11-29',316,125);
INSERT INTO meds_for_surgery (surgery_id,med) VALUES (2667,'Mycophenolate');
INSERT INTO surgery (id,date,patient_id,doctor_id) VALUES (2668,'2019-12-01',301,493);
INSERT INTO meds_for_surgery (surgery_id,med) VALUES (2668,'Prednisone');
INSERT INTO surgery (id,date,patient_id,doctor_id) VALUES (2669,'2019-11-28',132,84);
INSERT INTO meds_for_surgery (surgery_id,med) VALUES (2669,'Meperidine');
INSERT INTO surgery (id,date,patient_id,doctor_id) VALUES (2670,'2019-12-22',116,491);
INSERT INTO meds_for_surgery (surgery_id,med) VALUES (2670,'Cytarabine');
INSERT INTO surgery (id,date,patient_id,doctor_id) VALUES (2671,'2019-11-29',250,272);
INSERT INTO meds_for_surgery (surgery_id,med) VALUES (2671,'Calcium');
INSERT INTO surgery (id,date,patient_id,doctor_id) VALUES (2672,'2019-11-23',188,56);
INSERT INTO meds_for_surgery (surgery_id,med) VALUES (2672,'Crizotinib');
INSERT INTO surgery (id,date,patient_id,doctor_id) VALUES (2673,'2019-11-28',116,4);
INSERT INTO meds_for_surgery (surgery_id,med) VALUES (2673,'Immune');
INSERT INTO surgery (id,date,patient_id,doctor_id) VALUES (2674,'2019-12-19',356,146);
INSERT INTO meds_for_surgery (surgery_id,med) VALUES (2674,'Methylphenidate');
INSERT INTO surgery (id,date,patient_id,doctor_id) VALUES (2675,'2019-12-03',89,172);
INSERT INTO meds_for_surgery (surgery_id,med) VALUES (2675,'Pegfilgrastim');
INSERT INTO surgery (id,date,patient_id,doctor_id) VALUES (2676,'2019-12-06',406,29);
INSERT INTO meds_for_surgery (surgery_id,med) VALUES (2676,'Meperidine');
INSERT INTO surgery (id,date,patient_id,doctor_id) VALUES (2677,'2019-12-21',269,434);
INSERT INTO meds_for_surgery (surgery_id,med) VALUES (2677,'Dacarbazine');
INSERT INTO surgery (id,date,patient_id,doctor_id) VALUES (2678,'2019-11-29',188,320);
INSERT INTO meds_for_surgery (surgery_id,med) VALUES (2678,'Aminocaproic Acid');
INSERT INTO surgery (id,date,patient_id,doctor_id) VALUES (2679,'2019-11-27',32,29);
INSERT INTO meds_for_surgery (surgery_id,med) VALUES (2679,'Codeine');
INSERT INTO surgery (id,date,patient_id,doctor_id) VALUES (2680,'2019-12-07',234,267);
INSERT INTO meds_for_surgery (surgery_id,med) VALUES (2680,'Ondansetron');
INSERT INTO surgery (id,date,patient_id,doctor_id) VALUES (2681,'2019-12-03',19,137);
INSERT INTO meds_for_surgery (surgery_id,med) VALUES (2681,'Tacrolimus');
INSERT INTO surgery (id,date,patient_id,doctor_id) VALUES (2682,'2019-11-29',411,468);
INSERT INTO meds_for_surgery (surgery_id,med) VALUES (2682,'Prednisone');
INSERT INTO surgery (id,date,patient_id,doctor_id) VALUES (2683,'2019-12-11',194,359);
INSERT INTO meds_for_surgery (surgery_id,med) VALUES (2683,'Fluconazole');
INSERT INTO surgery (id,date,patient_id,doctor_id) VALUES (2684,'2019-12-11',229,108);
INSERT INTO meds_for_surgery (surgery_id,med) VALUES (2684,'Micafungin');
INSERT INTO surgery (id,date,patient_id,doctor_id) VALUES (2685,'2019-12-12',251,396);
INSERT INTO meds_for_surgery (surgery_id,med) VALUES (2685,'Celecoxib');
INSERT INTO surgery (id,date,patient_id,doctor_id) VALUES (2686,'2019-11-28',424,275);
INSERT INTO meds_for_surgery (surgery_id,med) VALUES (2686,'Deferasirox');
INSERT INTO surgery (id,date,patient_id,doctor_id) VALUES (2687,'2019-12-10',410,29);
INSERT INTO meds_for_surgery (surgery_id,med) VALUES (2687,'Daunorubicin');
INSERT INTO surgery (id,date,patient_id,doctor_id) VALUES (2688,'2019-12-07',251,226);
INSERT INTO meds_for_surgery (surgery_id,med) VALUES (2688,'Fluorouracil');
INSERT INTO surgery (id,date,patient_id,doctor_id) VALUES (2689,'2019-12-14',356,300);
INSERT INTO meds_for_surgery (surgery_id,med) VALUES (2689,'G-CSF');
INSERT INTO surgery (id,date,patient_id,doctor_id) VALUES (2690,'2019-11-30',346,396);
INSERT INTO meds_for_surgery (surgery_id,med) VALUES (2690,'Oxycodone');
INSERT INTO surgery (id,date,patient_id,doctor_id) VALUES (2691,'2019-12-22',116,136);
INSERT INTO meds_for_surgery (surgery_id,med) VALUES (2691,'Cytarabine');
INSERT INTO surgery (id,date,patient_id,doctor_id) VALUES (2692,'2019-12-17',282,58);
INSERT INTO meds_for_surgery (surgery_id,med) VALUES (2692,'Baclofen');
INSERT INTO surgery (id,date,patient_id,doctor_id) VALUES (2693,'2019-11-27',349,369);
INSERT INTO meds_for_surgery (surgery_id,med) VALUES (2693,'Rivaroxaban');
INSERT INTO surgery (id,date,patient_id,doctor_id) VALUES (2694,'2019-12-20',294,107);
INSERT INTO meds_for_surgery (surgery_id,med) VALUES (2694,'Codeine');
INSERT INTO surgery (id,date,patient_id,doctor_id) VALUES (2695,'2019-12-16',247,384);
INSERT INTO meds_for_surgery (surgery_id,med) VALUES (2695,'Ondansetron');
INSERT INTO surgery (id,date,patient_id,doctor_id) VALUES (2696,'2019-12-03',349,332);
INSERT INTO meds_for_surgery (surgery_id,med) VALUES (2696,'Carboplatin');
INSERT INTO surgery (id,date,patient_id,doctor_id) VALUES (2697,'2019-12-02',132,473);
INSERT INTO meds_for_surgery (surgery_id,med) VALUES (2697,'Aminocaproic Acid');
INSERT INTO surgery (id,date,patient_id,doctor_id) VALUES (2698,'2019-12-21',482,102);
INSERT INTO meds_for_surgery (surgery_id,med) VALUES (2698,'Famciclovir');
INSERT INTO surgery (id,date,patient_id,doctor_id) VALUES (2699,'2019-12-14',124,211);
INSERT INTO meds_for_surgery (surgery_id,med) VALUES (2699,'Cyproheptadine');
INSERT INTO surgery (id,date,patient_id,doctor_id) VALUES (2700,'2019-12-09',95,367);
INSERT INTO meds_for_surgery (surgery_id,med) VALUES (2700,'Fluconazole');
INSERT INTO surgery (id,date,patient_id,doctor_id) VALUES (2701,'2019-11-28',448,172);
INSERT INTO meds_for_surgery (surgery_id,med) VALUES (2701,'Dasatinib');
INSERT INTO surgery (id,date,patient_id,doctor_id) VALUES (2702,'2019-12-03',199,353);
INSERT INTO meds_for_surgery (surgery_id,med) VALUES (2702,'Alemtuzumab');
INSERT INTO surgery (id,date,patient_id,doctor_id) VALUES (2703,'2019-11-23',19,285);
INSERT INTO meds_for_surgery (surgery_id,med) VALUES (2703,'Aminocaproic Acid');
INSERT INTO surgery (id,date,patient_id,doctor_id) VALUES (2704,'2019-12-11',113,412);
INSERT INTO meds_for_surgery (surgery_id,med) VALUES (2704,'Saquinavir');
INSERT INTO surgery (id,date,patient_id,doctor_id) VALUES (2705,'2019-12-08',124,92);
INSERT INTO meds_for_surgery (surgery_id,med) VALUES (2705,'Tenofovir');
INSERT INTO surgery (id,date,patient_id,doctor_id) VALUES (2706,'2019-12-26',269,386);
INSERT INTO meds_for_surgery (surgery_id,med) VALUES (2706,'Furosemide');
INSERT INTO surgery (id,date,patient_id,doctor_id) VALUES (2707,'2019-11-24',255,57);
INSERT INTO meds_for_surgery (surgery_id,med) VALUES (2707,'Interleukin');
INSERT INTO surgery (id,date,patient_id,doctor_id) VALUES (2708,'2019-11-26',60,182);
INSERT INTO meds_for_surgery (surgery_id,med) VALUES (2708,'Bleomycin');
INSERT INTO surgery (id,date,patient_id,doctor_id) VALUES (2709,'2019-11-29',199,441);
INSERT INTO meds_for_surgery (surgery_id,med) VALUES (2709,'Teniposide');
INSERT INTO surgery (id,date,patient_id,doctor_id) VALUES (2710,'2019-12-11',90,246);
INSERT INTO meds_for_surgery (surgery_id,med) VALUES (2710,'Aprepitant');
INSERT INTO surgery (id,date,patient_id,doctor_id) VALUES (2711,'2019-12-02',69,319);
INSERT INTO meds_for_surgery (surgery_id,med) VALUES (2711,'Aprepitant');
INSERT INTO surgery (id,date,patient_id,doctor_id) VALUES (2712,'2019-12-09',109,97);
INSERT INTO meds_for_surgery (surgery_id,med) VALUES (2712,'Fluconazole');
INSERT INTO surgery (id,date,patient_id,doctor_id) VALUES (2713,'2019-11-29',52,386);
INSERT INTO meds_for_surgery (surgery_id,med) VALUES (2713,'Atazanavir');
INSERT INTO surgery (id,date,patient_id,doctor_id) VALUES (2714,'2019-11-29',223,97);
INSERT INTO meds_for_surgery (surgery_id,med) VALUES (2714,'Maraviroc');
INSERT INTO surgery (id,date,patient_id,doctor_id) VALUES (2715,'2019-12-12',227,226);
INSERT INTO meds_for_surgery (surgery_id,med) VALUES (2715,'Methadone');
INSERT INTO surgery (id,date,patient_id,doctor_id) VALUES (2716,'2019-12-18',184,108);
INSERT INTO meds_for_surgery (surgery_id,med) VALUES (2716,'Amlodipine');
INSERT INTO surgery (id,date,patient_id,doctor_id) VALUES (2717,'2019-12-02',21,352);
INSERT INTO meds_for_surgery (surgery_id,med) VALUES (2717,'Lopinavir');
INSERT INTO surgery (id,date,patient_id,doctor_id) VALUES (2718,'2019-12-19',440,434);
INSERT INTO meds_for_surgery (surgery_id,med) VALUES (2718,'Dactinomycin');
INSERT INTO surgery (id,date,patient_id,doctor_id) VALUES (2719,'2019-12-24',230,333);
INSERT INTO meds_for_surgery (surgery_id,med) VALUES (2719,'Amikacin');
INSERT INTO surgery (id,date,patient_id,doctor_id) VALUES (2720,'2019-11-30',69,396);
INSERT INTO meds_for_surgery (surgery_id,med) VALUES (2720,'Ranitidine');
INSERT INTO surgery (id,date,patient_id,doctor_id) VALUES (2721,'2019-12-15',256,107);
INSERT INTO meds_for_surgery (surgery_id,med) VALUES (2721,'Norepinephrine');
INSERT INTO surgery (id,date,patient_id,doctor_id) VALUES (2722,'2019-11-30',356,84);
INSERT INTO meds_for_surgery (surgery_id,med) VALUES (2722,'Valproic acid');
INSERT INTO surgery (id,date,patient_id,doctor_id) VALUES (2723,'2019-12-19',302,125);
INSERT INTO meds_for_surgery (surgery_id,med) VALUES (2723,'Aminocaproic Acid');
INSERT INTO surgery (id,date,patient_id,doctor_id) VALUES (2724,'2019-12-11',34,396);
INSERT INTO meds_for_surgery (surgery_id,med) VALUES (2724,'Carmustine');
INSERT INTO surgery (id,date,patient_id,doctor_id) VALUES (2725,'2019-12-01',247,182);
INSERT INTO meds_for_surgery (surgery_id,med) VALUES (2725,'Eltrombopag');
INSERT INTO surgery (id,date,patient_id,doctor_id) VALUES (2726,'2019-11-25',427,492);
INSERT INTO meds_for_surgery (surgery_id,med) VALUES (2726,'Foscarnet');
INSERT INTO surgery (id,date,patient_id,doctor_id) VALUES (2727,'2019-12-14',199,352);
INSERT INTO meds_for_surgery (surgery_id,med) VALUES (2727,'Penicillin');
INSERT INTO surgery (id,date,patient_id,doctor_id) VALUES (2728,'2019-12-13',430,284);
INSERT INTO meds_for_surgery (surgery_id,med) VALUES (2728,'Gemtuzumab');
INSERT INTO surgery (id,date,patient_id,doctor_id) VALUES (2729,'2019-11-23',229,384);
INSERT INTO meds_for_surgery (surgery_id,med) VALUES (2729,'Aminocaproic Acid');
INSERT INTO surgery (id,date,patient_id,doctor_id) VALUES (2730,'2019-12-12',90,449);
INSERT INTO meds_for_surgery (surgery_id,med) VALUES (2730,'Gefitinib');
INSERT INTO surgery (id,date,patient_id,doctor_id) VALUES (2731,'2019-11-28',431,143);
INSERT INTO meds_for_surgery (surgery_id,med) VALUES (2731,'Granisetron');
INSERT INTO surgery (id,date,patient_id,doctor_id) VALUES (2732,'2019-12-14',227,451);
INSERT INTO meds_for_surgery (surgery_id,med) VALUES (2732,'Prednisone');
INSERT INTO surgery (id,date,patient_id,doctor_id) VALUES (2733,'2019-12-20',255,492);
INSERT INTO meds_for_surgery (surgery_id,med) VALUES (2733,'Dexamethasone');
INSERT INTO surgery (id,date,patient_id,doctor_id) VALUES (2734,'2019-12-07',90,101);
INSERT INTO meds_for_surgery (surgery_id,med) VALUES (2734,'Interleukin');
INSERT INTO surgery (id,date,patient_id,doctor_id) VALUES (2735,'2019-12-17',39,272);
INSERT INTO meds_for_surgery (surgery_id,med) VALUES (2735,'Ranitidine');
INSERT INTO surgery (id,date,patient_id,doctor_id) VALUES (2736,'2019-12-15',411,57);
INSERT INTO meds_for_surgery (surgery_id,med) VALUES (2736,'Cefuroxime');
INSERT INTO surgery (id,date,patient_id,doctor_id) VALUES (2737,'2019-12-20',388,272);
INSERT INTO meds_for_surgery (surgery_id,med) VALUES (2737,'Aminocaproic Acid');
INSERT INTO surgery (id,date,patient_id,doctor_id) VALUES (2738,'2019-12-02',235,465);
INSERT INTO meds_for_surgery (surgery_id,med) VALUES (2738,'Ruxolitinib');
INSERT INTO surgery (id,date,patient_id,doctor_id) VALUES (2739,'2019-12-18',294,449);
INSERT INTO meds_for_surgery (surgery_id,med) VALUES (2739,'Dronabinol');
INSERT INTO surgery (id,date,patient_id,doctor_id) VALUES (2740,'2019-12-05',210,319);
INSERT INTO meds_for_surgery (surgery_id,med) VALUES (2740,'Linezolid');
INSERT INTO surgery (id,date,patient_id,doctor_id) VALUES (2741,'2019-12-18',349,274);
INSERT INTO meds_for_surgery (surgery_id,med) VALUES (2741,'Labetalol');
INSERT INTO surgery (id,date,patient_id,doctor_id) VALUES (2742,'2019-12-09',460,441);
INSERT INTO meds_for_surgery (surgery_id,med) VALUES (2742,'Ritonavir');
INSERT INTO surgery (id,date,patient_id,doctor_id) VALUES (2743,'2019-12-20',232,58);
INSERT INTO meds_for_surgery (surgery_id,med) VALUES (2743,'Didanosine');
INSERT INTO surgery (id,date,patient_id,doctor_id) VALUES (2744,'2019-12-09',161,117);
INSERT INTO meds_for_surgery (surgery_id,med) VALUES (2744,'Prednisone');
INSERT INTO surgery (id,date,patient_id,doctor_id) VALUES (2745,'2019-11-26',447,384);
INSERT INTO meds_for_surgery (surgery_id,med) VALUES (2745,'Lopinavir');
INSERT INTO surgery (id,date,patient_id,doctor_id) VALUES (2746,'2019-12-19',126,137);
INSERT INTO meds_for_surgery (surgery_id,med) VALUES (2746,'Metronidazole');
INSERT INTO surgery (id,date,patient_id,doctor_id) VALUES (2747,'2019-12-13',32,182);
INSERT INTO meds_for_surgery (surgery_id,med) VALUES (2747,'Methylphenidate');
INSERT INTO surgery (id,date,patient_id,doctor_id) VALUES (2748,'2019-12-01',328,4);
INSERT INTO meds_for_surgery (surgery_id,med) VALUES (2748,'GM-CSF');
INSERT INTO surgery (id,date,patient_id,doctor_id) VALUES (2749,'2019-11-30',150,189);
INSERT INTO meds_for_surgery (surgery_id,med) VALUES (2749,'Amoxicillin');
INSERT INTO surgery (id,date,patient_id,doctor_id) VALUES (2750,'2019-11-28',316,268);
INSERT INTO meds_for_surgery (surgery_id,med) VALUES (2750,'L-glutamine');
INSERT INTO surgery (id,date,patient_id,doctor_id) VALUES (2751,'2019-11-23',269,143);
INSERT INTO meds_for_surgery (surgery_id,med) VALUES (2751,'Mesna');
INSERT INTO surgery (id,date,patient_id,doctor_id) VALUES (2752,'2019-12-22',316,226);
INSERT INTO meds_for_surgery (surgery_id,med) VALUES (2752,'Carmustine');
INSERT INTO surgery (id,date,patient_id,doctor_id) VALUES (2753,'2019-12-11',235,29);
INSERT INTO meds_for_surgery (surgery_id,med) VALUES (2753,'Alemtuzumab');
INSERT INTO surgery (id,date,patient_id,doctor_id) VALUES (2754,'2019-12-23',250,441);
INSERT INTO meds_for_surgery (surgery_id,med) VALUES (2754,'Gabapentin');
INSERT INTO surgery (id,date,patient_id,doctor_id) VALUES (2755,'2019-12-16',256,439);
INSERT INTO meds_for_surgery (surgery_id,med) VALUES (2755,'Clofarabine');
INSERT INTO surgery (id,date,patient_id,doctor_id) VALUES (2756,'2019-12-03',89,409);
INSERT INTO meds_for_surgery (surgery_id,med) VALUES (2756,'Atenolol');
INSERT INTO surgery (id,date,patient_id,doctor_id) VALUES (2757,'2019-12-15',122,300);
INSERT INTO meds_for_surgery (surgery_id,med) VALUES (2757,'Dactinomycin');
INSERT INTO surgery (id,date,patient_id,doctor_id) VALUES (2758,'2019-12-16',140,146);
INSERT INTO meds_for_surgery (surgery_id,med) VALUES (2758,'Sorafenib');
INSERT INTO surgery (id,date,patient_id,doctor_id) VALUES (2759,'2019-11-28',141,322);
INSERT INTO meds_for_surgery (surgery_id,med) VALUES (2759,'Deferasirox');
INSERT INTO surgery (id,date,patient_id,doctor_id) VALUES (2760,'2019-12-22',500,359);
INSERT INTO meds_for_surgery (surgery_id,med) VALUES (2760,'Omeprazole');
INSERT INTO surgery (id,date,patient_id,doctor_id) VALUES (2761,'2019-12-02',460,319);
INSERT INTO meds_for_surgery (surgery_id,med) VALUES (2761,'Cyclophosphamide');
INSERT INTO surgery (id,date,patient_id,doctor_id) VALUES (2762,'2019-12-07',282,391);
INSERT INTO meds_for_surgery (surgery_id,med) VALUES (2762,'Morphine');
INSERT INTO surgery (id,date,patient_id,doctor_id) VALUES (2763,'2019-12-20',140,58);
INSERT INTO meds_for_surgery (surgery_id,med) VALUES (2763,'Alemtuzumab');
INSERT INTO surgery (id,date,patient_id,doctor_id) VALUES (2764,'2019-12-08',150,353);
INSERT INTO meds_for_surgery (surgery_id,med) VALUES (2764,'Dornase alfa');
INSERT INTO surgery (id,date,patient_id,doctor_id) VALUES (2765,'2019-12-23',447,17);
INSERT INTO meds_for_surgery (surgery_id,med) VALUES (2765,'Raltegravir');
INSERT INTO surgery (id,date,patient_id,doctor_id) VALUES (2766,'2019-11-30',199,409);
INSERT INTO meds_for_surgery (surgery_id,med) VALUES (2766,'Foscarnet');
INSERT INTO surgery (id,date,patient_id,doctor_id) VALUES (2767,'2019-12-19',122,102);
INSERT INTO meds_for_surgery (surgery_id,med) VALUES (2767,'Rivaroxaban');
INSERT INTO surgery (id,date,patient_id,doctor_id) VALUES (2768,'2019-12-02',113,246);
INSERT INTO meds_for_surgery (surgery_id,med) VALUES (2768,'Atazanavir');
INSERT INTO surgery (id,date,patient_id,doctor_id) VALUES (2769,'2019-12-22',95,101);
INSERT INTO meds_for_surgery (surgery_id,med) VALUES (2769,'Mitoxantrone');
INSERT INTO surgery (id,date,patient_id,doctor_id) VALUES (2770,'2019-12-27',227,136);
INSERT INTO meds_for_surgery (surgery_id,med) VALUES (2770,'Dapsone');
INSERT INTO surgery (id,date,patient_id,doctor_id) VALUES (2771,'2019-11-30',112,143);
INSERT INTO meds_for_surgery (surgery_id,med) VALUES (2771,'Amoxicillin');
INSERT INTO surgery (id,date,patient_id,doctor_id) VALUES (2772,'2019-11-29',349,137);
INSERT INTO meds_for_surgery (surgery_id,med) VALUES (2772,'Ondansetron');
INSERT INTO surgery (id,date,patient_id,doctor_id) VALUES (2773,'2019-11-30',45,57);
INSERT INTO meds_for_surgery (surgery_id,med) VALUES (2773,'Baclofen');
INSERT INTO surgery (id,date,patient_id,doctor_id) VALUES (2774,'2019-12-15',477,57);
INSERT INTO meds_for_surgery (surgery_id,med) VALUES (2774,'Muromonab');
INSERT INTO surgery (id,date,patient_id,doctor_id) VALUES (2775,'2019-12-13',251,270);
INSERT INTO meds_for_surgery (surgery_id,med) VALUES (2775,'Cytarabine');
INSERT INTO surgery (id,date,patient_id,doctor_id) VALUES (2776,'2019-11-24',231,211);
INSERT INTO meds_for_surgery (surgery_id,med) VALUES (2776,'Omeprazole');
INSERT INTO surgery (id,date,patient_id,doctor_id) VALUES (2777,'2019-12-18',293,473);
INSERT INTO meds_for_surgery (surgery_id,med) VALUES (2777,'Rivaroxaban');
INSERT INTO surgery (id,date,patient_id,doctor_id) VALUES (2778,'2019-12-09',427,333);
INSERT INTO meds_for_surgery (surgery_id,med) VALUES (2778,'Mitoxantrone');
INSERT INTO surgery (id,date,patient_id,doctor_id) VALUES (2779,'2019-12-20',49,473);
INSERT INTO meds_for_surgery (surgery_id,med) VALUES (2779,'Paclitaxel');
INSERT INTO surgery (id,date,patient_id,doctor_id) VALUES (2780,'2019-12-19',336,332);
INSERT INTO meds_for_surgery (surgery_id,med) VALUES (2780,'Hydralazine');
INSERT INTO surgery (id,date,patient_id,doctor_id) VALUES (2781,'2019-11-26',440,4);
INSERT INTO meds_for_surgery (surgery_id,med) VALUES (2781,'Teniposide');
INSERT INTO surgery (id,date,patient_id,doctor_id) VALUES (2782,'2019-12-05',230,87);
INSERT INTO meds_for_surgery (surgery_id,med) VALUES (2782,'Etravirine');
INSERT INTO surgery (id,date,patient_id,doctor_id) VALUES (2783,'2019-12-24',135,56);
INSERT INTO meds_for_surgery (surgery_id,med) VALUES (2783,'Vinblastine');
INSERT INTO surgery (id,date,patient_id,doctor_id) VALUES (2784,'2019-12-19',287,192);
INSERT INTO meds_for_surgery (surgery_id,med) VALUES (2784,'Granisetron');
INSERT INTO surgery (id,date,patient_id,doctor_id) VALUES (2785,'2019-12-07',302,189);
INSERT INTO meds_for_surgery (surgery_id,med) VALUES (2785,'Neuromuscular');
INSERT INTO surgery (id,date,patient_id,doctor_id) VALUES (2786,'2019-11-29',406,322);
INSERT INTO meds_for_surgery (surgery_id,med) VALUES (2786,'Lorazepam');
INSERT INTO surgery (id,date,patient_id,doctor_id) VALUES (2787,'2019-12-11',116,315);
INSERT INTO meds_for_surgery (surgery_id,med) VALUES (2787,'Vinblastine');
INSERT INTO surgery (id,date,patient_id,doctor_id) VALUES (2788,'2019-11-28',184,57);
INSERT INTO meds_for_surgery (surgery_id,med) VALUES (2788,'Temozolomide');
INSERT INTO surgery (id,date,patient_id,doctor_id) VALUES (2789,'2019-12-24',194,322);
INSERT INTO meds_for_surgery (surgery_id,med) VALUES (2789,'Dornase alfa');
INSERT INTO surgery (id,date,patient_id,doctor_id) VALUES (2790,'2019-11-26',109,268);
INSERT INTO meds_for_surgery (surgery_id,med) VALUES (2790,'PEGaspargase');
INSERT INTO surgery (id,date,patient_id,doctor_id) VALUES (2791,'2019-11-23',250,284);
INSERT INTO meds_for_surgery (surgery_id,med) VALUES (2791,'Methadone');
INSERT INTO surgery (id,date,patient_id,doctor_id) VALUES (2792,'2019-12-25',301,300);
INSERT INTO meds_for_surgery (surgery_id,med) VALUES (2792,'Vancomycin');
INSERT INTO surgery (id,date,patient_id,doctor_id) VALUES (2793,'2019-12-14',411,58);
INSERT INTO meds_for_surgery (surgery_id,med) VALUES (2793,'Amikacin');
INSERT INTO surgery (id,date,patient_id,doctor_id) VALUES (2794,'2019-12-20',480,451);
INSERT INTO meds_for_surgery (surgery_id,med) VALUES (2794,'Methadone');
INSERT INTO surgery (id,date,patient_id,doctor_id) VALUES (2795,'2019-12-17',381,107);
INSERT INTO meds_for_surgery (surgery_id,med) VALUES (2795,'Megestrol acetate');
INSERT INTO surgery (id,date,patient_id,doctor_id) VALUES (2796,'2019-12-13',113,353);
INSERT INTO meds_for_surgery (surgery_id,med) VALUES (2796,'Interferon');
INSERT INTO surgery (id,date,patient_id,doctor_id) VALUES (2797,'2019-11-29',247,58);
INSERT INTO meds_for_surgery (surgery_id,med) VALUES (2797,'Cladribine');
INSERT INTO surgery (id,date,patient_id,doctor_id) VALUES (2798,'2019-12-16',448,57);
INSERT INTO meds_for_surgery (surgery_id,med) VALUES (2798,'Valproic acid');
INSERT INTO surgery (id,date,patient_id,doctor_id) VALUES (2799,'2019-12-26',186,403);
INSERT INTO meds_for_surgery (surgery_id,med) VALUES (2799,'Hydroxyurea');
INSERT INTO surgery (id,date,patient_id,doctor_id) VALUES (2800,'2019-12-08',250,369);
INSERT INTO meds_for_surgery (surgery_id,med) VALUES (2800,'Alemtuzumab');
INSERT INTO surgery (id,date,patient_id,doctor_id) VALUES (2801,'2019-11-28',430,300);
INSERT INTO meds_for_surgery (surgery_id,med) VALUES (2801,'Hydralazine');
INSERT INTO surgery (id,date,patient_id,doctor_id) VALUES (2802,'2019-12-08',480,137);
INSERT INTO meds_for_surgery (surgery_id,med) VALUES (2802,'Cyclophosphamide');
INSERT INTO surgery (id,date,patient_id,doctor_id) VALUES (2803,'2019-12-20',32,125);
INSERT INTO meds_for_surgery (surgery_id,med) VALUES (2803,'Vinblastine');
INSERT INTO surgery (id,date,patient_id,doctor_id) VALUES (2804,'2019-11-24',411,319);
INSERT INTO meds_for_surgery (surgery_id,med) VALUES (2804,'Pegfilgrastim');
INSERT INTO surgery (id,date,patient_id,doctor_id) VALUES (2805,'2019-12-27',223,185);
INSERT INTO meds_for_surgery (surgery_id,med) VALUES (2805,'Tenofovir');
INSERT INTO surgery (id,date,patient_id,doctor_id) VALUES (2806,'2019-11-24',302,56);
INSERT INTO meds_for_surgery (surgery_id,med) VALUES (2806,'Nevirapine');
INSERT INTO surgery (id,date,patient_id,doctor_id) VALUES (2807,'2019-12-05',128,386);
INSERT INTO meds_for_surgery (surgery_id,med) VALUES (2807,'Posaconazole');
INSERT INTO surgery (id,date,patient_id,doctor_id) VALUES (2808,'2019-11-25',180,333);
INSERT INTO meds_for_surgery (surgery_id,med) VALUES (2808,'Deferasirox');
INSERT INTO surgery (id,date,patient_id,doctor_id) VALUES (2809,'2019-12-04',356,449);
INSERT INTO meds_for_surgery (surgery_id,med) VALUES (2809,'Mercaptopurine');
INSERT INTO surgery (id,date,patient_id,doctor_id) VALUES (2810,'2019-12-21',89,384);
INSERT INTO meds_for_surgery (surgery_id,med) VALUES (2810,'Trimethoprim');
INSERT INTO surgery (id,date,patient_id,doctor_id) VALUES (2811,'2019-12-01',232,352);
INSERT INTO meds_for_surgery (surgery_id,med) VALUES (2811,'Rituximab');
INSERT INTO surgery (id,date,patient_id,doctor_id) VALUES (2812,'2019-12-23',45,192);
INSERT INTO meds_for_surgery (surgery_id,med) VALUES (2812,'Dapsone');
INSERT INTO surgery (id,date,patient_id,doctor_id) VALUES (2813,'2019-12-12',89,451);
INSERT INTO meds_for_surgery (surgery_id,med) VALUES (2813,'Imatinib');
INSERT INTO surgery (id,date,patient_id,doctor_id) VALUES (2814,'2019-11-28',234,313);
INSERT INTO meds_for_surgery (surgery_id,med) VALUES (2814,'Dacarbazine');
INSERT INTO surgery (id,date,patient_id,doctor_id) VALUES (2815,'2019-12-23',393,333);
INSERT INTO meds_for_surgery (surgery_id,med) VALUES (2815,'Teniposide');
INSERT INTO surgery (id,date,patient_id,doctor_id) VALUES (2816,'2019-12-14',448,4);
INSERT INTO meds_for_surgery (surgery_id,med) VALUES (2816,'Crizotinib');
INSERT INTO surgery (id,date,patient_id,doctor_id) VALUES (2817,'2019-12-01',121,17);
INSERT INTO meds_for_surgery (surgery_id,med) VALUES (2817,'Cyclobenzaprine');
INSERT INTO surgery (id,date,patient_id,doctor_id) VALUES (2818,'2019-12-12',282,434);
INSERT INTO meds_for_surgery (surgery_id,med) VALUES (2818,'Hydroxyurea');
INSERT INTO surgery (id,date,patient_id,doctor_id) VALUES (2819,'2019-11-24',184,101);
INSERT INTO meds_for_surgery (surgery_id,med) VALUES (2819,'Dobutamine');
INSERT INTO surgery (id,date,patient_id,doctor_id) VALUES (2820,'2019-12-24',250,87);
INSERT INTO meds_for_surgery (surgery_id,med) VALUES (2820,'Micafungin');
INSERT INTO surgery (id,date,patient_id,doctor_id) VALUES (2821,'2019-12-01',381,4);
INSERT INTO meds_for_surgery (surgery_id,med) VALUES (2821,'Sorafenib');
INSERT INTO surgery (id,date,patient_id,doctor_id) VALUES (2822,'2019-12-17',381,451);
INSERT INTO meds_for_surgery (surgery_id,med) VALUES (2822,'Gefitinib');
INSERT INTO surgery (id,date,patient_id,doctor_id) VALUES (2823,'2019-12-11',122,353);
INSERT INTO meds_for_surgery (surgery_id,med) VALUES (2823,'Raltegravir');
INSERT INTO surgery (id,date,patient_id,doctor_id) VALUES (2824,'2019-12-03',132,86);
INSERT INTO meds_for_surgery (surgery_id,med) VALUES (2824,'Dacarbazine');
INSERT INTO surgery (id,date,patient_id,doctor_id) VALUES (2825,'2019-12-18',219,92);
INSERT INTO meds_for_surgery (surgery_id,med) VALUES (2825,'Micafungin');
INSERT INTO surgery (id,date,patient_id,doctor_id) VALUES (2826,'2019-11-27',37,192);
INSERT INTO meds_for_surgery (surgery_id,med) VALUES (2826,'Enalapril');
INSERT INTO surgery (id,date,patient_id,doctor_id) VALUES (2827,'2019-12-21',419,320);
INSERT INTO meds_for_surgery (surgery_id,med) VALUES (2827,'Emicizumab');
INSERT INTO surgery (id,date,patient_id,doctor_id) VALUES (2828,'2019-12-26',199,108);
INSERT INTO meds_for_surgery (surgery_id,med) VALUES (2828,'Neuromuscular');
INSERT INTO surgery (id,date,patient_id,doctor_id) VALUES (2829,'2019-12-18',95,172);
INSERT INTO meds_for_surgery (surgery_id,med) VALUES (2829,'Lopinavir');
INSERT INTO surgery (id,date,patient_id,doctor_id) VALUES (2830,'2019-12-01',375,498);
INSERT INTO meds_for_surgery (surgery_id,med) VALUES (2830,'Tenofovir');
INSERT INTO surgery (id,date,patient_id,doctor_id) VALUES (2831,'2019-12-15',393,386);
INSERT INTO meds_for_surgery (surgery_id,med) VALUES (2831,'Dacarbazine');
INSERT INTO surgery (id,date,patient_id,doctor_id) VALUES (2832,'2019-12-02',126,353);
INSERT INTO meds_for_surgery (surgery_id,med) VALUES (2832,'Amoxicillin');
INSERT INTO surgery (id,date,patient_id,doctor_id) VALUES (2833,'2019-12-24',419,246);
INSERT INTO meds_for_surgery (surgery_id,med) VALUES (2833,'L-glutamine');
INSERT INTO surgery (id,date,patient_id,doctor_id) VALUES (2834,'2019-11-29',255,441);
INSERT INTO meds_for_surgery (surgery_id,med) VALUES (2834,'Gemcitabine');
INSERT INTO surgery (id,date,patient_id,doctor_id) VALUES (2835,'2019-11-23',171,107);
INSERT INTO meds_for_surgery (surgery_id,med) VALUES (2835,'Diclofenac');
INSERT INTO surgery (id,date,patient_id,doctor_id) VALUES (2836,'2019-12-01',170,396);
INSERT INTO meds_for_surgery (surgery_id,med) VALUES (2836,'Phosphorus');
INSERT INTO surgery (id,date,patient_id,doctor_id) VALUES (2837,'2019-11-29',346,320);
INSERT INTO meds_for_surgery (surgery_id,med) VALUES (2837,'Clindamycin');
INSERT INTO surgery (id,date,patient_id,doctor_id) VALUES (2838,'2019-12-26',436,58);
INSERT INTO meds_for_surgery (surgery_id,med) VALUES (2838,'Probenecid');
INSERT INTO surgery (id,date,patient_id,doctor_id) VALUES (2839,'2019-12-13',34,284);
INSERT INTO meds_for_surgery (surgery_id,med) VALUES (2839,'Azithromycin');
INSERT INTO surgery (id,date,patient_id,doctor_id) VALUES (2840,'2019-12-27',140,300);
INSERT INTO meds_for_surgery (surgery_id,med) VALUES (2840,'Amitriptyline');
INSERT INTO surgery (id,date,patient_id,doctor_id) VALUES (2841,'2019-12-16',330,493);
INSERT INTO meds_for_surgery (surgery_id,med) VALUES (2841,'Bortezomib');
INSERT INTO surgery (id,date,patient_id,doctor_id) VALUES (2842,'2019-12-22',95,270);
INSERT INTO meds_for_surgery (surgery_id,med) VALUES (2842,'Carboplatin');
INSERT INTO surgery (id,date,patient_id,doctor_id) VALUES (2843,'2019-11-27',424,108);
INSERT INTO meds_for_surgery (surgery_id,med) VALUES (2843,'Methadone');
INSERT INTO surgery (id,date,patient_id,doctor_id) VALUES (2844,'2019-12-23',184,172);
INSERT INTO meds_for_surgery (surgery_id,med) VALUES (2844,'GM-CSF');
INSERT INTO surgery (id,date,patient_id,doctor_id) VALUES (2845,'2019-12-27',223,101);
INSERT INTO meds_for_surgery (surgery_id,med) VALUES (2845,'Amikacin');
INSERT INTO surgery (id,date,patient_id,doctor_id) VALUES (2846,'2019-12-03',112,107);
INSERT INTO meds_for_surgery (surgery_id,med) VALUES (2846,'Immune');
INSERT INTO surgery (id,date,patient_id,doctor_id) VALUES (2847,'2019-11-23',112,189);
INSERT INTO meds_for_surgery (surgery_id,med) VALUES (2847,'Mercaptopurine');
INSERT INTO surgery (id,date,patient_id,doctor_id) VALUES (2848,'2019-12-15',194,185);
INSERT INTO meds_for_surgery (surgery_id,med) VALUES (2848,'Etravirine');
INSERT INTO surgery (id,date,patient_id,doctor_id) VALUES (2849,'2019-11-27',293,107);
INSERT INTO meds_for_surgery (surgery_id,med) VALUES (2849,'Deferasirox');
INSERT INTO surgery (id,date,patient_id,doctor_id) VALUES (2850,'2019-12-20',186,270);
INSERT INTO meds_for_surgery (surgery_id,med) VALUES (2850,'Azithromycin');
INSERT INTO surgery (id,date,patient_id,doctor_id) VALUES (2851,'2019-11-30',150,384);
INSERT INTO meds_for_surgery (surgery_id,med) VALUES (2851,'Mercaptopurine');
INSERT INTO surgery (id,date,patient_id,doctor_id) VALUES (2852,'2019-12-09',435,353);
INSERT INTO meds_for_surgery (surgery_id,med) VALUES (2852,'Etonogestrel');
INSERT INTO surgery (id,date,patient_id,doctor_id) VALUES (2853,'2019-12-08',37,56);
INSERT INTO meds_for_surgery (surgery_id,med) VALUES (2853,'Asparaginase');
INSERT INTO surgery (id,date,patient_id,doctor_id) VALUES (2854,'2019-12-26',293,57);
INSERT INTO meds_for_surgery (surgery_id,med) VALUES (2854,'Linezolid');
INSERT INTO surgery (id,date,patient_id,doctor_id) VALUES (2855,'2019-12-27',479,434);
INSERT INTO meds_for_surgery (surgery_id,med) VALUES (2855,'Captopril');
INSERT INTO surgery (id,date,patient_id,doctor_id) VALUES (2856,'2019-11-23',251,403);
INSERT INTO meds_for_surgery (surgery_id,med) VALUES (2856,'Mesna');
INSERT INTO surgery (id,date,patient_id,doctor_id) VALUES (2857,'2019-12-23',411,369);
INSERT INTO meds_for_surgery (surgery_id,med) VALUES (2857,'Dronabinol');
INSERT INTO surgery (id,date,patient_id,doctor_id) VALUES (2858,'2019-11-24',400,108);
INSERT INTO meds_for_surgery (surgery_id,med) VALUES (2858,'Levothyroxine');
INSERT INTO surgery (id,date,patient_id,doctor_id) VALUES (2859,'2019-12-10',480,493);
INSERT INTO meds_for_surgery (surgery_id,med) VALUES (2859,'Maraviroc');
INSERT INTO surgery (id,date,patient_id,doctor_id) VALUES (2860,'2019-12-02',400,441);
INSERT INTO meds_for_surgery (surgery_id,med) VALUES (2860,'Sucralfate');
INSERT INTO surgery (id,date,patient_id,doctor_id) VALUES (2861,'2019-12-15',126,271);
INSERT INTO meds_for_surgery (surgery_id,med) VALUES (2861,'Voriconazole');
INSERT INTO surgery (id,date,patient_id,doctor_id) VALUES (2862,'2019-12-13',500,498);
INSERT INTO meds_for_surgery (surgery_id,med) VALUES (2862,'Neuromuscular');
INSERT INTO surgery (id,date,patient_id,doctor_id) VALUES (2863,'2019-11-27',356,434);
INSERT INTO meds_for_surgery (surgery_id,med) VALUES (2863,'Mitoxantrone');
INSERT INTO surgery (id,date,patient_id,doctor_id) VALUES (2864,'2019-12-11',251,97);
INSERT INTO meds_for_surgery (surgery_id,med) VALUES (2864,'Rasburicase');
INSERT INTO surgery (id,date,patient_id,doctor_id) VALUES (2865,'2019-12-03',286,449);
INSERT INTO meds_for_surgery (surgery_id,med) VALUES (2865,'Procarbazine');
INSERT INTO surgery (id,date,patient_id,doctor_id) VALUES (2866,'2019-12-07',39,92);
INSERT INTO meds_for_surgery (surgery_id,med) VALUES (2866,'Dobutamine');
INSERT INTO surgery (id,date,patient_id,doctor_id) VALUES (2867,'2019-12-27',121,274);
INSERT INTO meds_for_surgery (surgery_id,med) VALUES (2867,'Metronidazole');
INSERT INTO surgery (id,date,patient_id,doctor_id) VALUES (2868,'2019-12-17',410,468);
INSERT INTO meds_for_surgery (surgery_id,med) VALUES (2868,'Granisetron');
INSERT INTO surgery (id,date,patient_id,doctor_id) VALUES (2869,'2019-11-28',155,146);
INSERT INTO meds_for_surgery (surgery_id,med) VALUES (2869,'Ganciclovir');
INSERT INTO surgery (id,date,patient_id,doctor_id) VALUES (2870,'2019-12-22',259,434);
INSERT INTO meds_for_surgery (surgery_id,med) VALUES (2870,'Abacavir');
INSERT INTO surgery (id,date,patient_id,doctor_id) VALUES (2871,'2019-12-25',223,319);
INSERT INTO meds_for_surgery (surgery_id,med) VALUES (2871,'Acyclovir');
INSERT INTO surgery (id,date,patient_id,doctor_id) VALUES (2872,'2019-11-24',34,359);
INSERT INTO meds_for_surgery (surgery_id,med) VALUES (2872,'Carmustine');
INSERT INTO surgery (id,date,patient_id,doctor_id) VALUES (2873,'2019-11-26',141,102);
INSERT INTO meds_for_surgery (surgery_id,med) VALUES (2873,'Lorazepam');
INSERT INTO surgery (id,date,patient_id,doctor_id) VALUES (2874,'2019-12-14',141,246);
INSERT INTO meds_for_surgery (surgery_id,med) VALUES (2874,'Cyclosporine');
INSERT INTO surgery (id,date,patient_id,doctor_id) VALUES (2875,'2019-12-17',255,192);
INSERT INTO meds_for_surgery (surgery_id,med) VALUES (2875,'Interferon');
INSERT INTO surgery (id,date,patient_id,doctor_id) VALUES (2876,'2019-12-27',219,498);
INSERT INTO meds_for_surgery (surgery_id,med) VALUES (2876,'Omeprazole');
INSERT INTO surgery (id,date,patient_id,doctor_id) VALUES (2877,'2019-12-14',327,87);
INSERT INTO meds_for_surgery (surgery_id,med) VALUES (2877,'Levothyroxine');
INSERT INTO surgery (id,date,patient_id,doctor_id) VALUES (2878,'2019-12-21',227,369);
INSERT INTO meds_for_surgery (surgery_id,med) VALUES (2878,'Busulfan');
INSERT INTO surgery (id,date,patient_id,doctor_id) VALUES (2879,'2019-12-06',95,369);
INSERT INTO meds_for_surgery (surgery_id,med) VALUES (2879,'Alemtuzumab');
INSERT INTO surgery (id,date,patient_id,doctor_id) VALUES (2880,'2019-12-15',410,409);
INSERT INTO meds_for_surgery (surgery_id,med) VALUES (2880,'Granisetron');
INSERT INTO surgery (id,date,patient_id,doctor_id) VALUES (2881,'2019-12-27',411,319);
INSERT INTO meds_for_surgery (surgery_id,med) VALUES (2881,'Sucralfate');
INSERT INTO surgery (id,date,patient_id,doctor_id) VALUES (2882,'2019-12-19',230,107);
INSERT INTO meds_for_surgery (surgery_id,med) VALUES (2882,'Ifosfamide');
INSERT INTO surgery (id,date,patient_id,doctor_id) VALUES (2883,'2019-12-26',128,386);
INSERT INTO meds_for_surgery (surgery_id,med) VALUES (2883,'Vancomycin');
INSERT INTO surgery (id,date,patient_id,doctor_id) VALUES (2884,'2019-12-17',122,355);
INSERT INTO meds_for_surgery (surgery_id,med) VALUES (2884,'Mesna');
INSERT INTO surgery (id,date,patient_id,doctor_id) VALUES (2885,'2019-11-29',400,492);
INSERT INTO meds_for_surgery (surgery_id,med) VALUES (2885,'Hydroxyurea');
INSERT INTO surgery (id,date,patient_id,doctor_id) VALUES (2886,'2019-12-25',280,211);
INSERT INTO meds_for_surgery (surgery_id,med) VALUES (2886,'Interferon');
INSERT INTO surgery (id,date,patient_id,doctor_id) VALUES (2887,'2019-12-27',461,246);
INSERT INTO meds_for_surgery (surgery_id,med) VALUES (2887,'Promethazine');
INSERT INTO surgery (id,date,patient_id,doctor_id) VALUES (2888,'2019-12-01',235,367);
INSERT INTO meds_for_surgery (surgery_id,med) VALUES (2888,'Meperidine');
INSERT INTO surgery (id,date,patient_id,doctor_id) VALUES (2889,'2019-11-28',231,272);
INSERT INTO meds_for_surgery (surgery_id,med) VALUES (2889,'Sunitinib');
INSERT INTO surgery (id,date,patient_id,doctor_id) VALUES (2890,'2019-12-10',435,313);
INSERT INTO meds_for_surgery (surgery_id,med) VALUES (2890,'Mesna');
INSERT INTO surgery (id,date,patient_id,doctor_id) VALUES (2891,'2019-12-14',223,192);
INSERT INTO meds_for_surgery (surgery_id,med) VALUES (2891,'Cefuroxime');
INSERT INTO surgery (id,date,patient_id,doctor_id) VALUES (2892,'2019-12-22',223,355);
INSERT INTO meds_for_surgery (surgery_id,med) VALUES (2892,'Crizotinib');
INSERT INTO surgery (id,date,patient_id,doctor_id) VALUES (2893,'2019-12-02',374,300);
INSERT INTO meds_for_surgery (surgery_id,med) VALUES (2893,'Penicillin');
INSERT INTO surgery (id,date,patient_id,doctor_id) VALUES (2894,'2019-12-22',128,275);
INSERT INTO meds_for_surgery (surgery_id,med) VALUES (2894,'Warfarin');
INSERT INTO surgery (id,date,patient_id,doctor_id) VALUES (2895,'2019-12-02',448,386);
INSERT INTO meds_for_surgery (surgery_id,med) VALUES (2895,'Meloxicam');
INSERT INTO surgery (id,date,patient_id,doctor_id) VALUES (2896,'2019-12-01',430,403);
INSERT INTO meds_for_surgery (surgery_id,med) VALUES (2896,'Efavirenz');
INSERT INTO surgery (id,date,patient_id,doctor_id) VALUES (2897,'2019-12-19',316,451);
INSERT INTO meds_for_surgery (surgery_id,med) VALUES (2897,'Tretinoin');
INSERT INTO surgery (id,date,patient_id,doctor_id) VALUES (2898,'2019-11-26',316,117);
INSERT INTO meds_for_surgery (surgery_id,med) VALUES (2898,'Cladribine');
INSERT INTO surgery (id,date,patient_id,doctor_id) VALUES (2899,'2019-11-30',393,136);
INSERT INTO meds_for_surgery (surgery_id,med) VALUES (2899,'Enalapril');
INSERT INTO surgery (id,date,patient_id,doctor_id) VALUES (2900,'2019-12-01',199,267);
INSERT INTO meds_for_surgery (surgery_id,med) VALUES (2900,'Calcium');
INSERT INTO surgery (id,date,patient_id,doctor_id) VALUES (2901,'2019-12-25',132,29);
INSERT INTO meds_for_surgery (surgery_id,med) VALUES (2901,'Abacavir');
INSERT INTO surgery (id,date,patient_id,doctor_id) VALUES (2902,'2019-12-15',302,412);
INSERT INTO meds_for_surgery (surgery_id,med) VALUES (2902,'Tobramycin');
INSERT INTO surgery (id,date,patient_id,doctor_id) VALUES (2903,'2019-12-15',229,465);
INSERT INTO meds_for_surgery (surgery_id,med) VALUES (2903,'Captopril');
INSERT INTO surgery (id,date,patient_id,doctor_id) VALUES (2904,'2019-12-15',113,56);
INSERT INTO meds_for_surgery (surgery_id,med) VALUES (2904,'Omeprazole');
INSERT INTO surgery (id,date,patient_id,doctor_id) VALUES (2905,'2019-12-07',445,102);
INSERT INTO meds_for_surgery (surgery_id,med) VALUES (2905,'Dapsone');
INSERT INTO surgery (id,date,patient_id,doctor_id) VALUES (2906,'2019-11-30',130,246);
INSERT INTO meds_for_surgery (surgery_id,med) VALUES (2906,'Clofarabine');
INSERT INTO surgery (id,date,patient_id,doctor_id) VALUES (2907,'2019-12-08',301,189);
INSERT INTO meds_for_surgery (surgery_id,med) VALUES (2907,'Saquinavir');
INSERT INTO surgery (id,date,patient_id,doctor_id) VALUES (2908,'2019-12-04',328,359);
INSERT INTO meds_for_surgery (surgery_id,med) VALUES (2908,'Codeine');
INSERT INTO surgery (id,date,patient_id,doctor_id) VALUES (2909,'2019-12-07',354,92);
INSERT INTO meds_for_surgery (surgery_id,med) VALUES (2909,'Alemtuzumab');
INSERT INTO surgery (id,date,patient_id,doctor_id) VALUES (2910,'2019-12-06',37,369);
INSERT INTO meds_for_surgery (surgery_id,med) VALUES (2910,'Sirolimus');
INSERT INTO surgery (id,date,patient_id,doctor_id) VALUES (2911,'2019-11-25',256,275);
INSERT INTO meds_for_surgery (surgery_id,med) VALUES (2911,'Hydrocortisone');
INSERT INTO surgery (id,date,patient_id,doctor_id) VALUES (2912,'2019-12-21',250,97);
INSERT INTO meds_for_surgery (surgery_id,med) VALUES (2912,'Interleukin');
INSERT INTO surgery (id,date,patient_id,doctor_id) VALUES (2913,'2019-12-08',170,315);
INSERT INTO meds_for_surgery (surgery_id,med) VALUES (2913,'Dactinomycin');
INSERT INTO surgery (id,date,patient_id,doctor_id) VALUES (2914,'2019-12-04',60,108);
INSERT INTO meds_for_surgery (surgery_id,med) VALUES (2914,'Granisetron');
INSERT INTO surgery (id,date,patient_id,doctor_id) VALUES (2915,'2019-12-22',436,285);
INSERT INTO meds_for_surgery (surgery_id,med) VALUES (2915,'Pentamidine');
INSERT INTO surgery (id,date,patient_id,doctor_id) VALUES (2916,'2019-11-30',479,409);
INSERT INTO meds_for_surgery (surgery_id,med) VALUES (2916,'Omeprazole');
INSERT INTO surgery (id,date,patient_id,doctor_id) VALUES (2917,'2019-12-09',109,384);
INSERT INTO meds_for_surgery (surgery_id,med) VALUES (2917,'Amitriptyline');
INSERT INTO surgery (id,date,patient_id,doctor_id) VALUES (2918,'2019-12-16',349,412);
INSERT INTO meds_for_surgery (surgery_id,med) VALUES (2918,'Fluconazole');
INSERT INTO surgery (id,date,patient_id,doctor_id) VALUES (2919,'2019-12-07',287,320);
INSERT INTO meds_for_surgery (surgery_id,med) VALUES (2919,'G-CSF');
INSERT INTO surgery (id,date,patient_id,doctor_id) VALUES (2920,'2019-12-22',328,274);
INSERT INTO meds_for_surgery (surgery_id,med) VALUES (2920,'Amitriptyline');
INSERT INTO surgery (id,date,patient_id,doctor_id) VALUES (2921,'2019-11-30',354,92);
INSERT INTO meds_for_surgery (surgery_id,med) VALUES (2921,'Hydrocortisone');
INSERT INTO surgery (id,date,patient_id,doctor_id) VALUES (2922,'2019-12-15',227,272);
INSERT INTO meds_for_surgery (surgery_id,med) VALUES (2922,'Erythropoietin');
INSERT INTO surgery (id,date,patient_id,doctor_id) VALUES (2923,'2019-12-14',180,84);
INSERT INTO meds_for_surgery (surgery_id,med) VALUES (2923,'Ceftazidime');
INSERT INTO surgery (id,date,patient_id,doctor_id) VALUES (2924,'2019-12-23',479,491);
INSERT INTO meds_for_surgery (surgery_id,med) VALUES (2924,'Ceftazidime');
INSERT INTO surgery (id,date,patient_id,doctor_id) VALUES (2925,'2019-12-15',188,369);
INSERT INTO meds_for_surgery (surgery_id,med) VALUES (2925,'Crizotinib');
INSERT INTO surgery (id,date,patient_id,doctor_id) VALUES (2926,'2019-12-09',23,143);
INSERT INTO meds_for_surgery (surgery_id,med) VALUES (2926,'Megestrol acetate');
INSERT INTO surgery (id,date,patient_id,doctor_id) VALUES (2927,'2019-12-06',126,319);
INSERT INTO meds_for_surgery (surgery_id,med) VALUES (2927,'Atenolol');
INSERT INTO surgery (id,date,patient_id,doctor_id) VALUES (2928,'2019-12-04',479,300);
INSERT INTO meds_for_surgery (surgery_id,med) VALUES (2928,'Omeprazole');
INSERT INTO surgery (id,date,patient_id,doctor_id) VALUES (2929,'2019-12-06',483,57);
INSERT INTO meds_for_surgery (surgery_id,med) VALUES (2929,'Voriconazole');
INSERT INTO surgery (id,date,patient_id,doctor_id) VALUES (2930,'2019-12-06',294,498);
INSERT INTO meds_for_surgery (surgery_id,med) VALUES (2930,'Ruxolitinib');
INSERT INTO surgery (id,date,patient_id,doctor_id) VALUES (2931,'2019-12-07',37,226);
INSERT INTO meds_for_surgery (surgery_id,med) VALUES (2931,'Nelarabine');
INSERT INTO surgery (id,date,patient_id,doctor_id) VALUES (2932,'2019-11-28',230,498);
INSERT INTO meds_for_surgery (surgery_id,med) VALUES (2932,'Ranitidine');
INSERT INTO surgery (id,date,patient_id,doctor_id) VALUES (2933,'2019-12-10',116,272);
INSERT INTO meds_for_surgery (surgery_id,med) VALUES (2933,'Clofarabine');
INSERT INTO surgery (id,date,patient_id,doctor_id) VALUES (2934,'2019-12-21',128,57);
INSERT INTO meds_for_surgery (surgery_id,med) VALUES (2934,'Mesna');
INSERT INTO surgery (id,date,patient_id,doctor_id) VALUES (2935,'2019-12-22',161,107);
INSERT INTO meds_for_surgery (surgery_id,med) VALUES (2935,'Enalapril');
INSERT INTO surgery (id,date,patient_id,doctor_id) VALUES (2936,'2019-11-23',223,182);
INSERT INTO meds_for_surgery (surgery_id,med) VALUES (2936,'Dacarbazine');
INSERT INTO surgery (id,date,patient_id,doctor_id) VALUES (2937,'2019-12-02',227,137);
INSERT INTO meds_for_surgery (surgery_id,med) VALUES (2937,'Emicizumab');
INSERT INTO surgery (id,date,patient_id,doctor_id) VALUES (2938,'2019-11-27',381,284);
INSERT INTO meds_for_surgery (surgery_id,med) VALUES (2938,'Didanosine');
INSERT INTO surgery (id,date,patient_id,doctor_id) VALUES (2939,'2019-12-22',269,189);
INSERT INTO meds_for_surgery (surgery_id,med) VALUES (2939,'Meloxicam');
INSERT INTO surgery (id,date,patient_id,doctor_id) VALUES (2940,'2019-11-27',282,439);
INSERT INTO meds_for_surgery (surgery_id,med) VALUES (2940,'Meropenem');
INSERT INTO surgery (id,date,patient_id,doctor_id) VALUES (2941,'2019-12-08',184,315);
INSERT INTO meds_for_surgery (surgery_id,med) VALUES (2941,'Tretinoin');
INSERT INTO surgery (id,date,patient_id,doctor_id) VALUES (2942,'2019-11-29',90,333);
INSERT INTO meds_for_surgery (surgery_id,med) VALUES (2942,'Amitriptyline');
INSERT INTO surgery (id,date,patient_id,doctor_id) VALUES (2943,'2019-12-03',150,267);
INSERT INTO meds_for_surgery (surgery_id,med) VALUES (2943,'Etravirine');
INSERT INTO surgery (id,date,patient_id,doctor_id) VALUES (2944,'2019-12-25',294,92);
INSERT INTO meds_for_surgery (surgery_id,med) VALUES (2944,'Azithromycin');
INSERT INTO surgery (id,date,patient_id,doctor_id) VALUES (2945,'2019-11-23',171,473);
INSERT INTO meds_for_surgery (surgery_id,med) VALUES (2945,'Linezolid');
INSERT INTO surgery (id,date,patient_id,doctor_id) VALUES (2946,'2019-12-16',89,369);
INSERT INTO meds_for_surgery (surgery_id,med) VALUES (2946,'Tobramycin');
INSERT INTO surgery (id,date,patient_id,doctor_id) VALUES (2947,'2019-12-15',227,275);
INSERT INTO meds_for_surgery (surgery_id,med) VALUES (2947,'Temozolomide');
INSERT INTO surgery (id,date,patient_id,doctor_id) VALUES (2948,'2019-12-07',316,55);
INSERT INTO meds_for_surgery (surgery_id,med) VALUES (2948,'Irinotecan');
INSERT INTO surgery (id,date,patient_id,doctor_id) VALUES (2949,'2019-12-19',122,58);
INSERT INTO meds_for_surgery (surgery_id,med) VALUES (2949,'Pegfilgrastim');
INSERT INTO surgery (id,date,patient_id,doctor_id) VALUES (2950,'2019-12-07',45,384);
INSERT INTO meds_for_surgery (surgery_id,med) VALUES (2950,'Gemcitabine');
INSERT INTO surgery (id,date,patient_id,doctor_id) VALUES (2951,'2019-12-13',410,136);
INSERT INTO meds_for_surgery (surgery_id,med) VALUES (2951,'G-CSF');
INSERT INTO surgery (id,date,patient_id,doctor_id) VALUES (2952,'2019-12-21',424,172);
INSERT INTO meds_for_surgery (surgery_id,med) VALUES (2952,'Vancomycin');
INSERT INTO surgery (id,date,patient_id,doctor_id) VALUES (2953,'2019-11-23',269,320);
INSERT INTO meds_for_surgery (surgery_id,med) VALUES (2953,'Pegfilgrastim');
INSERT INTO surgery (id,date,patient_id,doctor_id) VALUES (2954,'2019-11-23',440,267);
INSERT INTO meds_for_surgery (surgery_id,med) VALUES (2954,'Topotecan');
INSERT INTO surgery (id,date,patient_id,doctor_id) VALUES (2955,'2019-12-16',104,211);
INSERT INTO meds_for_surgery (surgery_id,med) VALUES (2955,'Erythropoietin');
INSERT INTO surgery (id,date,patient_id,doctor_id) VALUES (2956,'2019-12-15',210,185);
INSERT INTO meds_for_surgery (surgery_id,med) VALUES (2956,'Tacrolimus');
INSERT INTO surgery (id,date,patient_id,doctor_id) VALUES (2957,'2019-12-20',280,300);
INSERT INTO meds_for_surgery (surgery_id,med) VALUES (2957,'Acyclovir');
INSERT INTO surgery (id,date,patient_id,doctor_id) VALUES (2958,'2019-12-15',95,57);
INSERT INTO meds_for_surgery (surgery_id,med) VALUES (2958,'Phenytoin');
INSERT INTO surgery (id,date,patient_id,doctor_id) VALUES (2959,'2019-12-26',302,355);
INSERT INTO meds_for_surgery (surgery_id,med) VALUES (2959,'Dapsone');
INSERT INTO surgery (id,date,patient_id,doctor_id) VALUES (2960,'2019-12-05',120,189);
INSERT INTO meds_for_surgery (surgery_id,med) VALUES (2960,'Cefaclor');
INSERT INTO surgery (id,date,patient_id,doctor_id) VALUES (2961,'2019-12-22',419,275);
INSERT INTO meds_for_surgery (surgery_id,med) VALUES (2961,'Deferasirox');
INSERT INTO surgery (id,date,patient_id,doctor_id) VALUES (2962,'2019-12-02',232,55);
INSERT INTO meds_for_surgery (surgery_id,med) VALUES (2962,'Levothyroxine');
INSERT INTO surgery (id,date,patient_id,doctor_id) VALUES (2963,'2019-11-30',375,56);
INSERT INTO meds_for_surgery (surgery_id,med) VALUES (2963,'Posaconazole');
INSERT INTO surgery (id,date,patient_id,doctor_id) VALUES (2964,'2019-12-21',45,315);
INSERT INTO meds_for_surgery (surgery_id,med) VALUES (2964,'Allopurinol');
INSERT INTO surgery (id,date,patient_id,doctor_id) VALUES (2965,'2019-11-26',235,136);
INSERT INTO meds_for_surgery (surgery_id,med) VALUES (2965,'Phenobarbital');
INSERT INTO surgery (id,date,patient_id,doctor_id) VALUES (2966,'2019-12-02',482,409);
INSERT INTO meds_for_surgery (surgery_id,med) VALUES (2966,'Captopril');
INSERT INTO surgery (id,date,patient_id,doctor_id) VALUES (2967,'2019-12-21',282,386);
INSERT INTO meds_for_surgery (surgery_id,med) VALUES (2967,'Stavudine');
INSERT INTO surgery (id,date,patient_id,doctor_id) VALUES (2968,'2019-11-24',301,284);
INSERT INTO meds_for_surgery (surgery_id,med) VALUES (2968,'Zidovudine');
INSERT INTO surgery (id,date,patient_id,doctor_id) VALUES (2969,'2019-11-27',411,353);
INSERT INTO meds_for_surgery (surgery_id,med) VALUES (2969,'Pegfilgrastim');
INSERT INTO surgery (id,date,patient_id,doctor_id) VALUES (2970,'2019-12-04',444,185);
INSERT INTO meds_for_surgery (surgery_id,med) VALUES (2970,'Omeprazole');
INSERT INTO surgery (id,date,patient_id,doctor_id) VALUES (2971,'2019-12-09',171,367);
INSERT INTO meds_for_surgery (surgery_id,med) VALUES (2971,'Daunorubicin');
INSERT INTO surgery (id,date,patient_id,doctor_id) VALUES (2972,'2019-11-27',170,275);
INSERT INTO meds_for_surgery (surgery_id,med) VALUES (2972,'Ketoconazole');
INSERT INTO surgery (id,date,patient_id,doctor_id) VALUES (2973,'2019-12-16',461,86);
INSERT INTO meds_for_surgery (surgery_id,med) VALUES (2973,'Asparaginase');
INSERT INTO surgery (id,date,patient_id,doctor_id) VALUES (2974,'2019-12-01',170,468);
INSERT INTO meds_for_surgery (surgery_id,med) VALUES (2974,'Cyproheptadine');
INSERT INTO surgery (id,date,patient_id,doctor_id) VALUES (2975,'2019-12-11',427,56);
INSERT INTO meds_for_surgery (surgery_id,med) VALUES (2975,'Meropenem');
INSERT INTO surgery (id,date,patient_id,doctor_id) VALUES (2976,'2019-12-19',104,101);
INSERT INTO meds_for_surgery (surgery_id,med) VALUES (2976,'Procarbazine');
INSERT INTO surgery (id,date,patient_id,doctor_id) VALUES (2977,'2019-12-19',426,320);
INSERT INTO meds_for_surgery (surgery_id,med) VALUES (2977,'Deferasirox');
INSERT INTO surgery (id,date,patient_id,doctor_id) VALUES (2978,'2019-12-18',316,498);
INSERT INTO meds_for_surgery (surgery_id,med) VALUES (2978,'Norepinephrine');
INSERT INTO surgery (id,date,patient_id,doctor_id) VALUES (2979,'2019-12-23',170,226);
INSERT INTO meds_for_surgery (surgery_id,med) VALUES (2979,'Ketoconazole');
INSERT INTO surgery (id,date,patient_id,doctor_id) VALUES (2980,'2019-12-27',49,285);
INSERT INTO meds_for_surgery (surgery_id,med) VALUES (2980,'Amoxicillin');
INSERT INTO surgery (id,date,patient_id,doctor_id) VALUES (2981,'2019-11-24',128,182);
INSERT INTO meds_for_surgery (surgery_id,med) VALUES (2981,'Hydroxyurea');
INSERT INTO surgery (id,date,patient_id,doctor_id) VALUES (2982,'2019-12-19',411,4);
INSERT INTO meds_for_surgery (surgery_id,med) VALUES (2982,'Calcium');
INSERT INTO surgery (id,date,patient_id,doctor_id) VALUES (2983,'2019-12-01',430,468);
INSERT INTO meds_for_surgery (surgery_id,med) VALUES (2983,'Meperidine');
INSERT INTO surgery (id,date,patient_id,doctor_id) VALUES (2984,'2019-12-12',330,438);
INSERT INTO meds_for_surgery (surgery_id,med) VALUES (2984,'Nevirapine');
INSERT INTO surgery (id,date,patient_id,doctor_id) VALUES (2985,'2019-12-16',393,396);
INSERT INTO meds_for_surgery (surgery_id,med) VALUES (2985,'Aprepitant');
INSERT INTO surgery (id,date,patient_id,doctor_id) VALUES (2986,'2019-11-28',427,498);
INSERT INTO meds_for_surgery (surgery_id,med) VALUES (2986,'Atazanavir');
INSERT INTO surgery (id,date,patient_id,doctor_id) VALUES (2987,'2019-12-18',346,333);
INSERT INTO meds_for_surgery (surgery_id,med) VALUES (2987,'Cladribine');
INSERT INTO surgery (id,date,patient_id,doctor_id) VALUES (2988,'2019-12-15',247,352);
INSERT INTO meds_for_surgery (surgery_id,med) VALUES (2988,'Methotrexate');
INSERT INTO surgery (id,date,patient_id,doctor_id) VALUES (2989,'2019-12-02',121,359);
INSERT INTO meds_for_surgery (surgery_id,med) VALUES (2989,'Raltegravir');
INSERT INTO surgery (id,date,patient_id,doctor_id) VALUES (2990,'2019-11-29',229,211);
INSERT INTO meds_for_surgery (surgery_id,med) VALUES (2990,'Dopamine');
INSERT INTO surgery (id,date,patient_id,doctor_id) VALUES (2991,'2019-12-18',301,56);
INSERT INTO meds_for_surgery (surgery_id,med) VALUES (2991,'Captopril');
INSERT INTO surgery (id,date,patient_id,doctor_id) VALUES (2992,'2019-12-03',294,87);
INSERT INTO meds_for_surgery (surgery_id,med) VALUES (2992,'Deferasirox');
INSERT INTO surgery (id,date,patient_id,doctor_id) VALUES (2993,'2019-12-15',39,125);
INSERT INTO meds_for_surgery (surgery_id,med) VALUES (2993,'Etoposide');
INSERT INTO surgery (id,date,patient_id,doctor_id) VALUES (2994,'2019-12-05',227,396);
INSERT INTO meds_for_surgery (surgery_id,med) VALUES (2994,'Acyclovir');
INSERT INTO surgery (id,date,patient_id,doctor_id) VALUES (2995,'2019-12-03',445,56);
INSERT INTO meds_for_surgery (surgery_id,med) VALUES (2995,'Hydralazine');
INSERT INTO surgery (id,date,patient_id,doctor_id) VALUES (2996,'2019-11-24',419,192);
INSERT INTO meds_for_surgery (surgery_id,med) VALUES (2996,'Stavudine');
INSERT INTO surgery (id,date,patient_id,doctor_id) VALUES (2997,'2019-11-27',282,107);
INSERT INTO meds_for_surgery (surgery_id,med) VALUES (2997,'Ranitidine');
INSERT INTO surgery (id,date,patient_id,doctor_id) VALUES (2998,'2019-12-14',132,352);
INSERT INTO meds_for_surgery (surgery_id,med) VALUES (2998,'Labetalol');
INSERT INTO surgery (id,date,patient_id,doctor_id) VALUES (2999,'2019-11-28',426,226);
INSERT INTO meds_for_surgery (surgery_id,med) VALUES (2999,'Hydroxyurea');
INSERT INTO surgery (id,date,patient_id,doctor_id) VALUES (3000,'2019-12-25',116,226);
INSERT INTO meds_for_surgery (surgery_id,med) VALUES (3000,'Vorinostat');