
INSERT INTO person (id,first_name,second_name,email,user_login,user_password,sex,date_of_birth,age,permission_level) VALUES (1,'John','Scott','morrissteve@yahoo.com','jerry69','cPBNyFgzWk','M','2000-07-22',19,3);
INSERT INTO staff_member (id,employed_since,position,salary,room) VALUES (1,'2013-05-27','Head Doctor',100000,1);
INSERT INTO head_doctor (id,primary_speciality) VALUES (1,'Critical Care Medicine Specialist');
INSERT INTO person (id,first_name,second_name,email,user_login,user_password,sex,date_of_birth,age,permission_level) VALUES (2,'Emily','Perry','qdavila@hotmail.com','smorales','FVIEFdpJsDU','F','1949-08-14',70,4);
INSERT INTO staff_member (id,employed_since,position,salary,room) VALUES (2,'2012-12-10','Head Nurse',80000,2);
INSERT INTO head_nurse (id,surgery_assistant) VALUES (2,B'1');
INSERT INTO person (id,first_name,second_name,email,user_login,user_password,sex,date_of_birth,age,permission_level) VALUES (3,'Lauren','Watkins','anthonymiller@gmail.com','ballen','xGaiOCxzPW','F','1941-02-25',78,4);
INSERT INTO staff_member (id,employed_since,position,salary,room) VALUES (3,'2019-06-28','Nurse',25000,3);
INSERT INTO nurse (id,surgery_assistant,preferred_shifts,appointment_assistant,departement_id) VALUES (3,B'1','Night',B'0',16);
INSERT INTO person (id,first_name,second_name,email,user_login,user_password,sex,date_of_birth,age,permission_level) VALUES (4,'Katherine','Vasquez','renee79@hotmail.com','shawnlopez','CkmpGaAenND','F','1995-01-27',24,2);
INSERT INTO staff_member (id,employed_since,position,salary,room) VALUES (4,'2017-03-12','Doctor',35000,29);
INSERT INTO doctor (id,speciality,emergency_hours,experience,departement_id) VALUES (4,'Geriatric Medicine Specialist',B'0',5,4);
INSERT INTO person (id,first_name,second_name,email,user_login,user_password,sex,date_of_birth,age,permission_level) VALUES (5,'Wendy','Steele','rcampbell@hotmail.com','harrynelson','NoDKxQl','F','1933-10-17',86,4);
INSERT INTO staff_member (id,employed_since,position,salary,room) VALUES (5,'2019-11-09','Nurse',25000,5);
INSERT INTO nurse (id,surgery_assistant,preferred_shifts,appointment_assistant,departement_id) VALUES (5,B'1','Day',B'0',1);
INSERT INTO person (id,first_name,second_name,email,user_login,user_password,sex,date_of_birth,age,permission_level) VALUES (6,'Eugene','Shields','ricardo22@yahoo.com','katherinevelasquez','JwnKplvUYb','M','1916-12-12',103,1);
INSERT INTO staff_member (id,employed_since,position,salary,room) VALUES (6,'2011-01-17','Maintanence Worker',15000,60);
INSERT INTO maintanence_worker (id,employment_type,speciality) VALUES (6,'Full time','Electricity');
INSERT INTO person (id,first_name,second_name,email,user_login,user_password,sex,date_of_birth,age,permission_level) VALUES (7,'Billy','Estes','wnelson@hotmail.com','feliciaparker','QZokqaTWKA','M','1993-12-08',26,1);
INSERT INTO staff_member (id,employed_since,position,salary,room) VALUES (7,'2011-01-27','HR',30000,67);
INSERT INTO hr (id,selection_responsibility) VALUES (7,'Interview');
INSERT INTO person (id,first_name,second_name,email,user_login,user_password,sex,date_of_birth,age,permission_level) VALUES (8,'Nancy','Green','melissa79@hotmail.com','oturner','XrOadNlyUhDk','F','1960-10-08',59,4);
INSERT INTO staff_member (id,employed_since,position,salary,room) VALUES (8,'2010-04-06','Nurse',25000,5);
INSERT INTO nurse (id,surgery_assistant,preferred_shifts,appointment_assistant,departement_id) VALUES (8,B'0','Day',B'1',17);
INSERT INTO person (id,first_name,second_name,email,user_login,user_password,sex,date_of_birth,age,permission_level) VALUES (9,'Courtney','Hoffman','danielherrera@yahoo.com','graymichael','qnZjJPyXqBa','F','1949-11-01',70,1);
INSERT INTO staff_member (id,employed_since,position,salary,room) VALUES (9,'2017-06-04','Nurse',25000,9);
INSERT INTO nurse (id,surgery_assistant,preferred_shifts,appointment_assistant,departement_id) VALUES (9,B'0','Night',B'1',17);
INSERT INTO person (id,first_name,second_name,email,user_login,user_password,sex,date_of_birth,age,permission_level) VALUES (10,'James','Williamson','tsnyder@gmail.com','nfields','jmviMPGVCCRnwi','M','1928-07-23',91,5);
INSERT INTO staff_member (id,employed_since,position,salary,room) VALUES (10,'2014-05-29','Nurse',25000,5);
INSERT INTO nurse (id,surgery_assistant,preferred_shifts,appointment_assistant,departement_id) VALUES (10,B'0','Night',B'0',15);
INSERT INTO person (id,first_name,second_name,email,user_login,user_password,sex,date_of_birth,age,permission_level) VALUES (11,'Glenn','Mills','holly34@hotmail.com','unguyen','hlDJMfPSvzC','M','2003-07-13',16,2);
INSERT INTO staff_member (id,employed_since,position,salary,room) VALUES (11,'2013-06-16','Nurse',25000,4);
INSERT INTO nurse (id,surgery_assistant,preferred_shifts,appointment_assistant,departement_id) VALUES (11,B'1','Night',B'1',11);
INSERT INTO person (id,first_name,second_name,email,user_login,user_password,sex,date_of_birth,age,permission_level) VALUES (12,'Kevin','Gibbs','brian91@hotmail.com','lflores','wKClDEghixybpG','M','1911-04-22',108,5);
INSERT INTO staff_member (id,employed_since,position,salary,room) VALUES (12,'2016-12-27','Reseptionist',15000,56);
INSERT INTO reseptionist (id) VALUES (12);
INSERT INTO languages_spoken (reseptionist_id,language) VALUES (12,'ArabicRussianEnglish');
INSERT INTO person (id,first_name,second_name,email,user_login,user_password,sex,date_of_birth,age,permission_level) VALUES (13,'Bonnie','Smith','vgonzalez@gmail.com','reneeschwartz','sjZzEHRaNnSpOu','F','1980-09-11',39,3);
INSERT INTO staff_member (id,employed_since,position,salary,room) VALUES (13,'2018-02-15','Professor',35000,40);
INSERT INTO professor (id,research_topic,surgery_participation,departement_id) VALUES (13,'Allergist',B'0',8);
INSERT INTO person (id,first_name,second_name,email,user_login,user_password,sex,date_of_birth,age,permission_level) VALUES (14,'Angela','Donaldson','athornton@hotmail.com','strujillo','PWsAzoFmsihuU','F','1950-02-17',69,1);
INSERT INTO staff_member (id,employed_since,position,salary,room) VALUES (14,'2019-08-01','Cleaning Team Worker',10000,51);
INSERT INTO cleaning_team_worker (id,employment_type) VALUES (14,'Part time');
INSERT INTO person (id,first_name,second_name,email,user_login,user_password,sex,date_of_birth,age,permission_level) VALUES (15,'Gabrielle','Berry','williamsanna@yahoo.com','janetjackson','GpsjBLtW','F','1913-12-13',106,4);
INSERT INTO staff_member (id,employed_since,position,salary,room) VALUES (15,'2011-12-07','Pharmasist',20000,70);
INSERT INTO pharmasist (id,education_level,research) VALUES (15,'Magister',B'0');
INSERT INTO person (id,first_name,second_name,email,user_login,user_password,sex,date_of_birth,age,permission_level) VALUES (16,'Jeffery','Pollard','toniwhite@gmail.com','alejandrowebb','nCWXOmkgnmhXQX','M','2003-08-03',16,4);
INSERT INTO staff_member (id,employed_since,position,salary,room) VALUES (16,'2012-11-05','Professor',35000,37);
INSERT INTO professor (id,research_topic,surgery_participation,departement_id) VALUES (16,'Medical Geneticist',B'0',3);
INSERT INTO person (id,first_name,second_name,email,user_login,user_password,sex,date_of_birth,age,permission_level) VALUES (17,'Robert','Schwartz','lewisrobin@gmail.com','stuartmichelle','oSPEOlrpApwa','M','1912-01-08',107,3);
INSERT INTO staff_member (id,employed_since,position,salary,room) VALUES (17,'2017-11-05','Doctor',35000,18);
INSERT INTO doctor (id,speciality,emergency_hours,experience,departement_id,supervisor) VALUES (17,'Ophthalmologist',B'0',10,10,4);
INSERT INTO person (id,first_name,second_name,email,user_login,user_password,sex,date_of_birth,age,permission_level) VALUES (18,'Eric','Schneider','hoopercatherine@hotmail.com','ginameyer','SMKyKgLyGkfVPHH','M','1974-09-17',45,4);
INSERT INTO staff_member (id,employed_since,position,salary,room) VALUES (18,'2017-09-21','Nurse',25000,9);
INSERT INTO nurse (id,surgery_assistant,preferred_shifts,appointment_assistant,departement_id) VALUES (18,B'1','Day',B'0',16);
INSERT INTO person (id,first_name,second_name,email,user_login,user_password,sex,date_of_birth,age,permission_level) VALUES (19,'Edward','Lawson','ijimenez@yahoo.com','stephenlindsey','oCnRHnjJTuvvy','M','1987-11-30',32,4);
INSERT INTO patient (id) VALUES (19);
INSERT INTO patients_address (street,house,apartement) VALUES ('Crystal st.','50','6');
INSERT INTO medical_history (patient_id,date) VALUES (19,'2019-11-26');
INSERT INTO person (id,first_name,second_name,email,user_login,user_password,sex,date_of_birth,age,permission_level) VALUES (20,'Mary','Lopez','scalderon@gmail.com','paula12','LIqgmWxvIlRoFhS','F','1944-07-22',75,3);
INSERT INTO staff_member (id,employed_since,position,salary,room) VALUES (20,'2018-07-11','HR',30000,65);
INSERT INTO hr (id,selection_responsibility) VALUES (20,'Review');
INSERT INTO person (id,first_name,second_name,email,user_login,user_password,sex,date_of_birth,age,permission_level) VALUES (21,'Joanne','Martin','mathew27@hotmail.com','linda53','ZwflcvdEsHtecr','F','1913-01-26',106,2);
INSERT INTO patient (id) VALUES (21);
INSERT INTO patients_address (street,house,apartement) VALUES ('Aaron st.','50','7');
INSERT INTO medical_history (patient_id,date) VALUES (21,'2019-11-17');
INSERT INTO person (id,first_name,second_name,email,user_login,user_password,sex,date_of_birth,age,permission_level) VALUES (22,'Gregory','Rodriguez','alison94@hotmail.com','rbrown','bOTDIZPA','M','2010-11-24',9,4);
INSERT INTO staff_member (id,employed_since,position,salary,room) VALUES (22,'2014-07-05','Professor',35000,33);
INSERT INTO professor (id,research_topic,surgery_participation,departement_id) VALUES (22,'Geriatric Medicine Specialist',B'0',13);
INSERT INTO person (id,first_name,second_name,email,user_login,user_password,sex,date_of_birth,age,permission_level) VALUES (23,'Julie','Ingram','robinsoncarrie@yahoo.com','timothytaylor','DFKRfOeogD','F','1935-05-28',84,5);
INSERT INTO patient (id) VALUES (23);
INSERT INTO patients_address (street,house,apartement) VALUES ('Sarah st.','57','4');
INSERT INTO medical_history (patient_id,date) VALUES (23,'2019-11-23');
INSERT INTO person (id,first_name,second_name,email,user_login,user_password,sex,date_of_birth,age,permission_level) VALUES (24,'Jerry','Burns','wgonzalez@yahoo.com','denisemartinez','fJazIKwsTezicRm','M','1991-03-08',28,3);
INSERT INTO staff_member (id,employed_since,position,salary,room) VALUES (24,'2012-12-07','Nurse',25000,4);
INSERT INTO nurse (id,surgery_assistant,preferred_shifts,appointment_assistant,departement_id) VALUES (24,B'0','Day',B'0',9);
INSERT INTO person (id,first_name,second_name,email,user_login,user_password,sex,date_of_birth,age,permission_level) VALUES (25,'Oscar','Estes','dorothy06@yahoo.com','christopher66','yJEUhKVWKJO','M','1963-10-30',56,5);
INSERT INTO staff_member (id,employed_since,position,salary,room) VALUES (25,'2014-02-08','Cook',15000,71);
INSERT INTO cook (id,experience) VALUES (25,2);
INSERT INTO person (id,first_name,second_name,email,user_login,user_password,sex,date_of_birth,age,permission_level) VALUES (26,'Mary','Ortega','sara37@yahoo.com','marvinpowell','lAaOLnyP','F','1914-05-27',105,2);
INSERT INTO staff_member (id,employed_since,position,salary,room) VALUES (26,'2012-06-16','Cleaning Team Worker',10000,54);
INSERT INTO cleaning_team_worker (id,employment_type) VALUES (26,'Part time');
INSERT INTO person (id,first_name,second_name,email,user_login,user_password,sex,date_of_birth,age,permission_level) VALUES (27,'Jennifer','Stephens','robin24@gmail.com','vdecker','tMFqVTylv','F','1909-03-02',110,5);
INSERT INTO staff_member (id,employed_since,position,salary,room) VALUES (27,'2009-12-27','Nurse',25000,9);
INSERT INTO nurse (id,surgery_assistant,preferred_shifts,appointment_assistant,departement_id) VALUES (27,B'1','Day',B'1',7);
INSERT INTO person (id,first_name,second_name,email,user_login,user_password,sex,date_of_birth,age,permission_level) VALUES (28,'Briana','Klein','donald86@gmail.com','chelsea17','yLFVDCf','F','2004-12-18',15,1);
INSERT INTO staff_member (id,employed_since,position,salary,room) VALUES (28,'2014-01-29','Lab Technician',15000,48);
INSERT INTO lab_technician (id,education_level,departement_id) VALUES (28,'Bachelor',14);
INSERT INTO person (id,first_name,second_name,email,user_login,user_password,sex,date_of_birth,age,permission_level) VALUES (29,'Stephanie','Wong','vickigray@hotmail.com','ucarlson','KxZEtmsWh','F','1945-12-27',74,5);
INSERT INTO staff_member (id,employed_since,position,salary,room) VALUES (29,'2010-03-03','Doctor',35000,25);
INSERT INTO doctor (id,speciality,emergency_hours,experience,departement_id,supervisor) VALUES (29,'Pediatrician',B'0',10,17,4);
INSERT INTO person (id,first_name,second_name,email,user_login,user_password,sex,date_of_birth,age,permission_level) VALUES (30,'Scott','Murphy','michaelwilkins@hotmail.com','stricklandmichael','pVLpgrHUxuu','M','2003-12-06',16,1);
INSERT INTO staff_member (id,employed_since,position,salary,room) VALUES (30,'2012-05-21','HR',30000,66);
INSERT INTO hr (id,selection_responsibility) VALUES (30,'Interview');
INSERT INTO person (id,first_name,second_name,email,user_login,user_password,sex,date_of_birth,age,permission_level) VALUES (31,'Jose','Oneal','ufoster@gmail.com','ocollins','JkzbecyP','M','1983-06-01',36,5);
INSERT INTO staff_member (id,employed_since,position,salary,room) VALUES (31,'2018-03-21','Professor',35000,40);
INSERT INTO professor (id,research_topic,surgery_participation,departement_id) VALUES (31,'Colon Surgeon',B'1',8);
INSERT INTO person (id,first_name,second_name,email,user_login,user_password,sex,date_of_birth,age,permission_level) VALUES (32,'Cheryl','Hayes','johnsonerik@hotmail.com','taylorramirez','IzElgqZwGCUzW','F','1987-08-18',32,5);
INSERT INTO patient (id) VALUES (32);
INSERT INTO patients_address (street,house,apartement) VALUES ('Kevin st.','97','2');
INSERT INTO medical_history (patient_id,date) VALUES (32,'2019-11-21');
INSERT INTO person (id,first_name,second_name,email,user_login,user_password,sex,date_of_birth,age,permission_level) VALUES (33,'Justin','Roberts','iknox@yahoo.com','stephanie01','IkRtUOnsLYtuUy','M','1908-03-01',111,5);
INSERT INTO staff_member (id,employed_since,position,salary,room) VALUES (33,'2019-10-07','Nurse',25000,3);
INSERT INTO nurse (id,surgery_assistant,preferred_shifts,appointment_assistant,departement_id) VALUES (33,B'0','Day',B'0',13);
INSERT INTO person (id,first_name,second_name,email,user_login,user_password,sex,date_of_birth,age,permission_level) VALUES (34,'Stephanie','Bray','schroederveronica@gmail.com','laura46','hCPQyDnj','F','1933-03-19',86,3);
INSERT INTO patient (id) VALUES (34);
INSERT INTO patients_address (street,house,apartement) VALUES ('Kathryn st.','100','5');
INSERT INTO medical_history (patient_id,date) VALUES (34,'2019-10-23');
INSERT INTO person (id,first_name,second_name,email,user_login,user_password,sex,date_of_birth,age,permission_level) VALUES (35,'Ana','Saunders','matthewmiller@yahoo.com','william31','hPELSsNWK','F','1950-01-04',69,2);
INSERT INTO staff_member (id,employed_since,position,salary,room) VALUES (35,'2011-12-05','Cleaning Team Worker',10000,53);
INSERT INTO cleaning_team_worker (id,employment_type) VALUES (35,'Part time');
INSERT INTO person (id,first_name,second_name,email,user_login,user_password,sex,date_of_birth,age,permission_level) VALUES (36,'Alyssa','Parker','allenlynn@hotmail.com','larsenbruce','CqXiuolL','F','1910-05-18',109,5);
INSERT INTO staff_member (id,employed_since,position,salary,room) VALUES (36,'2016-07-04','Professor',35000,39);
INSERT INTO professor (id,research_topic,surgery_participation,departement_id) VALUES (36,'Pathologist',B'1',10);
INSERT INTO person (id,first_name,second_name,email,user_login,user_password,sex,date_of_birth,age,permission_level) VALUES (37,'Jill','Gibson','iryan@yahoo.com','gortega','gvvlRBgTDVKD','F','1948-05-26',71,5);
INSERT INTO patient (id) VALUES (37);
INSERT INTO patients_address (street,house,apartement) VALUES ('Caitlin st.','42','1');
INSERT INTO medical_history (patient_id,date) VALUES (37,'2019-11-07');
INSERT INTO person (id,first_name,second_name,email,user_login,user_password,sex,date_of_birth,age,permission_level) VALUES (38,'Scott','Williams','thomasbates@hotmail.com','daniel54','ABbIHHR','M','1993-01-23',26,4);
INSERT INTO staff_member (id,employed_since,position,salary,room) VALUES (38,'2010-12-08','Professor',35000,40);
INSERT INTO professor (id,research_topic,surgery_participation,departement_id) VALUES (38,'Medicine Specialist',B'1',15);
INSERT INTO person (id,first_name,second_name,email,user_login,user_password,sex,date_of_birth,age,permission_level) VALUES (39,'Michelle','Fuller','alan75@gmail.com','jhenderson','wOEWmSf','F','1918-06-21',101,4);
INSERT INTO patient (id) VALUES (39);
INSERT INTO patients_address (street,house,apartement) VALUES ('David st.','18','1');
INSERT INTO medical_history (patient_id,date) VALUES (39,'2019-10-30');
INSERT INTO person (id,first_name,second_name,email,user_login,user_password,sex,date_of_birth,age,permission_level) VALUES (40,'Susan','Edwards','rebecca73@hotmail.com','hayleyhernandez','KbcyNXUUtFxLMrg','F','1958-08-02',61,2);
INSERT INTO staff_member (id,employed_since,position,salary,room) VALUES (40,'2010-11-20','Priest',15000,80);
INSERT INTO priest (id,religion) VALUES (40,'Judaism');
INSERT INTO person (id,first_name,second_name,email,user_login,user_password,sex,date_of_birth,age,permission_level) VALUES (41,'Vicki','Anderson','russellcoleman@hotmail.com','bwilson','DDsbINCei','F','1989-06-10',30,1);
INSERT INTO staff_member (id,employed_since,position,salary,room) VALUES (41,'2018-11-13','Professor',35000,35);
INSERT INTO professor (id,research_topic,surgery_participation,departement_id) VALUES (41,'Psychiatrist',B'0',8);
INSERT INTO person (id,first_name,second_name,email,user_login,user_password,sex,date_of_birth,age,permission_level) VALUES (42,'Shane','Newman','asmith@gmail.com','ericbrown','JEjcShhmy','M','1949-09-20',70,4);
INSERT INTO staff_member (id,employed_since,position,salary,room) VALUES (42,'2012-07-22','Cleaning Team Worker',10000,51);
INSERT INTO cleaning_team_worker (id,employment_type) VALUES (42,'Part time');
INSERT INTO person (id,first_name,second_name,email,user_login,user_password,sex,date_of_birth,age,permission_level) VALUES (43,'William','Jenkins','natashaballard@gmail.com','david69','VdQoiMQcIxbazwa','M','2016-01-31',3,2);
INSERT INTO staff_member (id,employed_since,position,salary,room) VALUES (43,'2015-02-22','Professor',35000,32);
INSERT INTO professor (id,research_topic,surgery_participation,departement_id) VALUES (43,'Medicine Specialist',B'0',14);
INSERT INTO person (id,first_name,second_name,email,user_login,user_password,sex,date_of_birth,age,permission_level) VALUES (44,'Beth','Blair','lindacoleman@yahoo.com','osborneashley','GlccJUNtYUPGuL','F','1990-12-19',29,1);
INSERT INTO staff_member (id,employed_since,position,salary,room) VALUES (44,'2017-12-06','Lab Technician',15000,48);
INSERT INTO lab_technician (id,education_level,departement_id) VALUES (44,'Postgraduate',10);
INSERT INTO person (id,first_name,second_name,email,user_login,user_password,sex,date_of_birth,age,permission_level) VALUES (45,'Andrew','Rangel','fsalazar@yahoo.com','arielowens','GjgWEsv','M','1999-02-03',20,2);
INSERT INTO patient (id) VALUES (45);
INSERT INTO patients_address (street,house,apartement) VALUES ('Anthony st.','67','4');
INSERT INTO medical_history (patient_id,date) VALUES (45,'2019-11-04');
INSERT INTO person (id,first_name,second_name,email,user_login,user_password,sex,date_of_birth,age,permission_level) VALUES (46,'Jennifer','Carpenter','dawn01@gmail.com','dholmes','ngUGxJy','F','1973-08-27',46,5);
INSERT INTO staff_member (id,employed_since,position,salary,room) VALUES (46,'2017-07-25','Nurse',25000,9);
INSERT INTO nurse (id,surgery_assistant,preferred_shifts,appointment_assistant,departement_id) VALUES (46,B'1','Night',B'1',7);
INSERT INTO person (id,first_name,second_name,email,user_login,user_password,sex,date_of_birth,age,permission_level) VALUES (47,'Joseph','Woodard','jefferyjones@yahoo.com','mgardner','bnRrQMDja','M','1997-08-24',22,2);
INSERT INTO staff_member (id,employed_since,position,salary,room) VALUES (47,'2016-11-06','Nurse',25000,3);
INSERT INTO nurse (id,surgery_assistant,preferred_shifts,appointment_assistant,departement_id) VALUES (47,B'1','Day',B'0',15);
INSERT INTO person (id,first_name,second_name,email,user_login,user_password,sex,date_of_birth,age,permission_level) VALUES (48,'Cassandra','Meadows','michellehunt@gmail.com','uhoward','EUfjOBoXPHOsoP','F','1961-11-26',58,2);
INSERT INTO staff_member (id,employed_since,position,salary,room) VALUES (48,'2018-11-20','Reseptionist',15000,56);
INSERT INTO reseptionist (id) VALUES (48);
INSERT INTO languages_spoken (reseptionist_id,language) VALUES (48,'EnglishTatarItalianPortuguesItalian');
INSERT INTO person (id,first_name,second_name,email,user_login,user_password,sex,date_of_birth,age,permission_level) VALUES (49,'Kevin','Barnes','carlthomas@yahoo.com','morrisonlisa','VhOjMHg','M','1981-08-01',38,3);
INSERT INTO patient (id) VALUES (49);
INSERT INTO patients_address (street,house,apartement) VALUES ('Jessica st.','43','9');
INSERT INTO medical_history (patient_id,date) VALUES (49,'2019-11-16');
INSERT INTO person (id,first_name,second_name,email,user_login,user_password,sex,date_of_birth,age,permission_level) VALUES (50,'Richard','Nelson','joshuagreer@hotmail.com','vhammond','MLWfsvBvRI','M','1949-01-03',70,4);
INSERT INTO staff_member (id,employed_since,position,salary,room) VALUES (50,'2012-03-06','Pharmasist',20000,68);
INSERT INTO pharmasist (id,education_level,research) VALUES (50,'Postgraduate',B'0');
INSERT INTO person (id,first_name,second_name,email,user_login,user_password,sex,date_of_birth,age,permission_level) VALUES (51,'Heather','Moreno','diazthomas@yahoo.com','mason65','xSmoOImBuXG','F','2013-09-01',6,4);
INSERT INTO staff_member (id,employed_since,position,salary,room) VALUES (51,'2012-09-30','IT Specialist',15000,75);
INSERT INTO IT_specialist (id,support_line) VALUES (51,B'0');
INSERT INTO person (id,first_name,second_name,email,user_login,user_password,sex,date_of_birth,age,permission_level) VALUES (52,'Daniel','Cole','jay23@yahoo.com','mitchellbrown','ciJxgSe','M','1924-08-11',95,2);
INSERT INTO patient (id) VALUES (52);
INSERT INTO patients_address (street,house,apartement) VALUES ('Richard st.','10','5');
INSERT INTO medical_history (patient_id,date) VALUES (52,'2019-11-23');
INSERT INTO person (id,first_name,second_name,email,user_login,user_password,sex,date_of_birth,age,permission_level) VALUES (53,'Natasha','Clark','pamela18@gmail.com','erinstout','JtOVfeHQWQE','F','2002-05-08',17,2);
INSERT INTO staff_member (id,employed_since,position,salary,room) VALUES (53,'2017-11-01','Maintanence Worker',15000,57);
INSERT INTO maintanence_worker (id,employment_type,speciality) VALUES (53,'Part time','Hardware');
INSERT INTO person (id,first_name,second_name,email,user_login,user_password,sex,date_of_birth,age,permission_level) VALUES (54,'David','Parker','gillbrenda@gmail.com','kelly88','rLAmYzmrb','M','1951-04-20',68,3);
INSERT INTO staff_member (id,employed_since,position,salary,room) VALUES (54,'2011-08-17','Security Team Member',10000,63);
INSERT INTO security_team_member (id,shifts,physical_test_grade) VALUES (54,'Day','D');
INSERT INTO person (id,first_name,second_name,email,user_login,user_password,sex,date_of_birth,age,permission_level) VALUES (55,'Theodore','Banks','nancycrawford@gmail.com','rebecca03','QONOktVVHlCorJ','M','1972-06-25',47,4);
INSERT INTO staff_member (id,employed_since,position,salary,room) VALUES (55,'2011-06-05','Doctor',35000,25);
INSERT INTO doctor (id,speciality,emergency_hours,experience,departement_id,supervisor) VALUES (55,'Gastroenterologist',B'1',6,4,17);
INSERT INTO person (id,first_name,second_name,email,user_login,user_password,sex,date_of_birth,age,permission_level) VALUES (56,'Micheal','Marshall','mgonzales@hotmail.com','aaron16','PCLzLdDi','M','1909-04-07',110,2);
INSERT INTO staff_member (id,employed_since,position,salary,room) VALUES (56,'2017-02-20','Doctor',35000,30);
INSERT INTO doctor (id,speciality,emergency_hours,experience,departement_id,supervisor) VALUES (56,'Rheumatologist',B'1',9,10,4);
INSERT INTO person (id,first_name,second_name,email,user_login,user_password,sex,date_of_birth,age,permission_level) VALUES (57,'Deborah','Harrison','christinelevine@gmail.com','jbailey','keizZfIWXDTbSb','F','1904-06-30',115,4);
INSERT INTO staff_member (id,employed_since,position,salary,room) VALUES (57,'2014-12-12','Doctor',35000,19);
INSERT INTO doctor (id,speciality,emergency_hours,experience,departement_id,supervisor) VALUES (57,'Hospice and Palliative Medicine Specialist',B'1',1,4,29);
INSERT INTO person (id,first_name,second_name,email,user_login,user_password,sex,date_of_birth,age,permission_level) VALUES (58,'Cheryl','Scott','garciaheather@gmail.com','twoods','QFhZToA','F','1934-02-23',85,2);
INSERT INTO staff_member (id,employed_since,position,salary,room) VALUES (58,'2014-07-09','Doctor',35000,23);
INSERT INTO doctor (id,speciality,emergency_hours,experience,departement_id,supervisor) VALUES (58,'Oncologist',B'0',9,9,57);
INSERT INTO person (id,first_name,second_name,email,user_login,user_password,sex,date_of_birth,age,permission_level) VALUES (59,'Bryan','Smith','laura79@hotmail.com','boydmichael','bhVhtQyla','M','1910-01-18',109,5);
INSERT INTO staff_member (id,employed_since,position,salary,room) VALUES (59,'2010-10-26','Nurse',25000,9);
INSERT INTO nurse (id,surgery_assistant,preferred_shifts,appointment_assistant,departement_id) VALUES (59,B'1','Day',B'1',16);
INSERT INTO person (id,first_name,second_name,email,user_login,user_password,sex,date_of_birth,age,permission_level) VALUES (60,'Kimberly','Tucker','eholland@yahoo.com','jordanrobert','vvIQLvhjIYhWRe','F','2008-08-15',11,1);
INSERT INTO patient (id) VALUES (60);
INSERT INTO patients_address (street,house,apartement) VALUES ('Lawrence st.','67','4');
INSERT INTO medical_history (patient_id,date) VALUES (60,'2019-11-15');
INSERT INTO person (id,first_name,second_name,email,user_login,user_password,sex,date_of_birth,age,permission_level) VALUES (61,'Spencer','Campos','jhendricks@hotmail.com','sanchezalexis','lKmqJxMi','M','1919-04-10',100,4);
INSERT INTO staff_member (id,employed_since,position,salary,room) VALUES (61,'2010-11-27','Lab Technician',15000,46);
INSERT INTO lab_technician (id,education_level,departement_id) VALUES (61,'Bachelor',11);
INSERT INTO person (id,first_name,second_name,email,user_login,user_password,sex,date_of_birth,age,permission_level) VALUES (62,'Kimberly','Bell','lfleming@hotmail.com','christopher23','mvnrKrEa','F','1910-01-30',109,2);
INSERT INTO staff_member (id,employed_since,position,salary,room) VALUES (62,'2013-10-14','HR',30000,66);
INSERT INTO hr (id,selection_responsibility) VALUES (62,'Interview');
INSERT INTO person (id,first_name,second_name,email,user_login,user_password,sex,date_of_birth,age,permission_level) VALUES (63,'Bobby','Berry','smitchell@gmail.com','brian01','XpvzMwdKDOxhvUG','M','1944-07-06',75,5);
INSERT INTO staff_member (id,employed_since,position,salary,room) VALUES (63,'2013-03-30','Cleaning Team Worker',10000,51);
INSERT INTO cleaning_team_worker (id,employment_type) VALUES (63,'Full time');
INSERT INTO person (id,first_name,second_name,email,user_login,user_password,sex,date_of_birth,age,permission_level) VALUES (64,'Michelle','Gray','henrycynthia@yahoo.com','susan91','vwKMwxdZOfc','F','1999-11-05',20,5);
INSERT INTO patient (id) VALUES (64);
INSERT INTO patients_address (street,house,apartement) VALUES ('Leslie st.','16','10');
INSERT INTO medical_history (patient_id,date) VALUES (64,'2019-10-20');
INSERT INTO person (id,first_name,second_name,email,user_login,user_password,sex,date_of_birth,age,permission_level) VALUES (65,'Teresa','Gilbert','sarah37@yahoo.com','anthony86','NRmnJlN','F','1959-06-21',60,4);
INSERT INTO staff_member (id,employed_since,position,salary,room) VALUES (65,'2014-03-24','IT Specialist',15000,75);
INSERT INTO IT_specialist (id,support_line) VALUES (65,B'0');
INSERT INTO person (id,first_name,second_name,email,user_login,user_password,sex,date_of_birth,age,permission_level) VALUES (66,'James','Clark','mcclurebrittany@gmail.com','hblackburn','RyctBde','M','1919-01-26',100,4);
INSERT INTO staff_member (id,employed_since,position,salary,room) VALUES (66,'2011-09-25','IT Specialist',15000,77);
INSERT INTO IT_specialist (id,support_line) VALUES (66,B'0');
INSERT INTO person (id,first_name,second_name,email,user_login,user_password,sex,date_of_birth,age,permission_level) VALUES (67,'Shane','Morgan','wcarter@hotmail.com','erinweber','aUwWWoCOWQy','M','2019-09-21',0,1);
INSERT INTO staff_member (id,employed_since,position,salary,room) VALUES (67,'2017-12-22','Pharmasist',20000,68);
INSERT INTO pharmasist (id,education_level,research) VALUES (67,'Bachelor',B'0');
INSERT INTO person (id,first_name,second_name,email,user_login,user_password,sex,date_of_birth,age,permission_level) VALUES (68,'Justin','Harrington','paultran@yahoo.com','inelson','tyEvhptYWz','M','2017-02-10',2,4);
INSERT INTO staff_member (id,employed_since,position,salary,room) VALUES (68,'2012-10-27','Professor',35000,39);
INSERT INTO professor (id,research_topic,surgery_participation,departement_id) VALUES (68,'Neurologist',B'0',7);
INSERT INTO person (id,first_name,second_name,email,user_login,user_password,sex,date_of_birth,age,permission_level) VALUES (69,'Matthew','Olson','samuelmyers@hotmail.com','alexandrawoods','MpEiICmydyx','M','1966-09-03',53,5);
INSERT INTO patient (id) VALUES (69);
INSERT INTO patients_address (street,house,apartement) VALUES ('Brian st.','24','3');
INSERT INTO medical_history (patient_id,date) VALUES (69,'2019-10-25');
INSERT INTO person (id,first_name,second_name,email,user_login,user_password,sex,date_of_birth,age,permission_level) VALUES (70,'Mr.','Robert','johnenglish@hotmail.com','howardzachary','HLLKaiIhtwDOXHU','M','1928-04-18',91,3);
INSERT INTO staff_member (id,employed_since,position,salary,room) VALUES (70,'2012-09-12','Nurse',25000,4);
INSERT INTO nurse (id,surgery_assistant,preferred_shifts,appointment_assistant,departement_id) VALUES (70,B'0','Night',B'0',17);
INSERT INTO person (id,first_name,second_name,email,user_login,user_password,sex,date_of_birth,age,permission_level) VALUES (71,'Kevin','Horn','jacksonjessica@hotmail.com','john65','PCONXuCofbu','M','1938-11-29',81,5);
INSERT INTO staff_member (id,employed_since,position,salary,room) VALUES (71,'2013-09-28','Lab Technician',15000,49);
INSERT INTO lab_technician (id,education_level,departement_id) VALUES (71,'Magister',16);
INSERT INTO person (id,first_name,second_name,email,user_login,user_password,sex,date_of_birth,age,permission_level) VALUES (72,'Jennifer','Cole','icarrillo@hotmail.com','austinwesley','wHZZqeMvn','F','2018-01-03',1,3);
INSERT INTO staff_member (id,employed_since,position,salary,room) VALUES (72,'2013-03-09','Maintanence Worker',15000,57);
INSERT INTO maintanence_worker (id,employment_type,speciality) VALUES (72,'Part time','Machines');
INSERT INTO person (id,first_name,second_name,email,user_login,user_password,sex,date_of_birth,age,permission_level) VALUES (73,'Peter','Walker','alancarrillo@yahoo.com','dlee','rYBRcaaxVvcwoxL','M','1978-08-15',41,1);
INSERT INTO staff_member (id,employed_since,position,salary,room) VALUES (73,'2017-10-27','Nurse',25000,6);
INSERT INTO nurse (id,surgery_assistant,preferred_shifts,appointment_assistant,departement_id) VALUES (73,B'1','Day',B'0',1);
INSERT INTO person (id,first_name,second_name,email,user_login,user_password,sex,date_of_birth,age,permission_level) VALUES (74,'Douglas','Williams','bergjessica@gmail.com','kimberly01','uaLdyCp','M','1965-02-19',54,4);
INSERT INTO staff_member (id,employed_since,position,salary,room) VALUES (74,'2018-04-26','Cleaning Team Worker',10000,55);
INSERT INTO cleaning_team_worker (id,employment_type) VALUES (74,'Full time');
INSERT INTO person (id,first_name,second_name,email,user_login,user_password,sex,date_of_birth,age,permission_level) VALUES (75,'Kristin','Freeman','loricarter@gmail.com','jeremybest','zIsUAjEdyJHBsXd','F','1983-03-19',36,4);
INSERT INTO staff_member (id,employed_since,position,salary,room) VALUES (75,'2017-07-27','Pharmasist',20000,70);
INSERT INTO pharmasist (id,education_level,research) VALUES (75,'Bachelor',B'1');
INSERT INTO person (id,first_name,second_name,email,user_login,user_password,sex,date_of_birth,age,permission_level) VALUES (76,'Kyle','Matthews','ywright@gmail.com','lacey20','stbHmbinlUAy','M','1923-03-02',96,2);
INSERT INTO staff_member (id,employed_since,position,salary,room) VALUES (76,'2018-08-13','Cleaning Team Worker',10000,52);
INSERT INTO cleaning_team_worker (id,employment_type) VALUES (76,'Part time');
INSERT INTO person (id,first_name,second_name,email,user_login,user_password,sex,date_of_birth,age,permission_level) VALUES (77,'Edward','Nelson','samanthasmith@hotmail.com','wendymunoz','okzPSBjH','M','2008-04-10',11,4);
INSERT INTO staff_member (id,employed_since,position,salary,room) VALUES (77,'2013-12-11','Reseptionist',15000,56);
INSERT INTO reseptionist (id) VALUES (77);
INSERT INTO languages_spoken (reseptionist_id,language) VALUES (77,'ItalianArabicRussian');
INSERT INTO person (id,first_name,second_name,email,user_login,user_password,sex,date_of_birth,age,permission_level) VALUES (78,'Lisa','Smith','serranosusan@gmail.com','johnwilliams','OkxWKwaXneY','F','1988-01-13',31,3);
INSERT INTO staff_member (id,employed_since,position,salary,room) VALUES (78,'2018-02-01','Reseptionist',15000,56);
INSERT INTO reseptionist (id) VALUES (78);
INSERT INTO languages_spoken (reseptionist_id,language) VALUES (78,'Portugues');
INSERT INTO person (id,first_name,second_name,email,user_login,user_password,sex,date_of_birth,age,permission_level) VALUES (79,'David','Lyons','susan31@hotmail.com','antoniosmith','cdMDLrJmNERgmv','M','2007-11-12',12,3);
INSERT INTO staff_member (id,employed_since,position,salary,room) VALUES (79,'2010-12-06','Cook',15000,71);
INSERT INTO cook (id,experience) VALUES (79,8);
INSERT INTO person (id,first_name,second_name,email,user_login,user_password,sex,date_of_birth,age,permission_level) VALUES (80,'Andrew','Wilson','pbanks@hotmail.com','bgoodwin','wSepakcdZb','M','1961-03-20',58,3);
INSERT INTO staff_member (id,employed_since,position,salary,room) VALUES (80,'2016-02-06','Security Team Member',10000,61);
INSERT INTO security_team_member (id,shifts,physical_test_grade) VALUES (80,'Night','C');
INSERT INTO person (id,first_name,second_name,email,user_login,user_password,sex,date_of_birth,age,permission_level) VALUES (81,'Briana','Miller','kingdanielle@yahoo.com','courtneyheath','EOzdcAcUVrxD','F','1986-03-05',33,2);
INSERT INTO staff_member (id,employed_since,position,salary,room) VALUES (81,'2012-01-27','Nurse',25000,9);
INSERT INTO nurse (id,surgery_assistant,preferred_shifts,appointment_assistant,departement_id) VALUES (81,B'1','Night',B'1',8);
INSERT INTO person (id,first_name,second_name,email,user_login,user_password,sex,date_of_birth,age,permission_level) VALUES (82,'Daniel','Mcmillan','cbrown@yahoo.com','mark78','VcDPQEyt','M','1937-02-07',82,1);
INSERT INTO staff_member (id,employed_since,position,salary,room) VALUES (82,'2018-10-01','Nurse',25000,6);
INSERT INTO nurse (id,surgery_assistant,preferred_shifts,appointment_assistant,departement_id) VALUES (82,B'1','Night',B'1',17);
INSERT INTO person (id,first_name,second_name,email,user_login,user_password,sex,date_of_birth,age,permission_level) VALUES (83,'Bryan','Rice','ecollins@yahoo.com','megan58','XXMipsB','M','1958-02-06',61,4);
INSERT INTO staff_member (id,employed_since,position,salary,room) VALUES (83,'2014-09-26','Nurse',25000,7);
INSERT INTO nurse (id,surgery_assistant,preferred_shifts,appointment_assistant,departement_id) VALUES (83,B'0','Night',B'0',15);
INSERT INTO person (id,first_name,second_name,email,user_login,user_password,sex,date_of_birth,age,permission_level) VALUES (84,'Carmen','Rodriguez','ethomas@gmail.com','alexis54','QkFwNluipXnIFRm','F','1991-01-17',28,1);
INSERT INTO staff_member (id,employed_since,position,salary,room) VALUES (84,'2015-06-28','Doctor',35000,28);
INSERT INTO doctor (id,speciality,emergency_hours,experience,departement_id,supervisor) VALUES (84,'Endocrinologists',B'0',1,8,58);
INSERT INTO person (id,first_name,second_name,email,user_login,user_password,sex,date_of_birth,age,permission_level) VALUES (85,'Tracy','Mcbride','katherinereynolds@hotmail.com','buchananjeremy','GZBvZXytaMIObQ','F','1995-05-24',24,5);
INSERT INTO staff_member (id,employed_since,position,salary,room) VALUES (85,'2018-08-02','Lab Technician',15000,43);
INSERT INTO lab_technician (id,education_level,departement_id) VALUES (85,'Bachelor',9);
INSERT INTO person (id,first_name,second_name,email,user_login,user_password,sex,date_of_birth,age,permission_level) VALUES (86,'Amanda','Morales','floreswayne@yahoo.com','sellersalison','tLYPpRcg','F','1911-04-24',108,4);
INSERT INTO staff_member (id,employed_since,position,salary,room) VALUES (86,'2010-12-17','Doctor',35000,23);
INSERT INTO doctor (id,speciality,emergency_hours,experience,departement_id,supervisor) VALUES (86,'Obstetrician and Gynecologist',B'1',1,16,55);
INSERT INTO person (id,first_name,second_name,email,user_login,user_password,sex,date_of_birth,age,permission_level) VALUES (87,'Patrick','Cooley','mwalker@hotmail.com','foxmichael','UaUzOTFwmdHet','M','1933-10-19',86,2);
INSERT INTO staff_member (id,employed_since,position,salary,room) VALUES (87,'2016-09-04','Doctor',35000,23);
INSERT INTO doctor (id,speciality,emergency_hours,experience,departement_id,supervisor) VALUES (87,'Sports Medicine Specialist',B'1',5,16,86);
INSERT INTO person (id,first_name,second_name,email,user_login,user_password,sex,date_of_birth,age,permission_level) VALUES (88,'Caroline','Compton','mary79@yahoo.com','vferguson','vVxNQPuGpt','F','1957-12-05',62,4);
INSERT INTO staff_member (id,employed_since,position,salary,room) VALUES (88,'2011-06-15','Reseptionist',15000,56);
INSERT INTO reseptionist (id) VALUES (88);
INSERT INTO languages_spoken (reseptionist_id,language) VALUES (88,'RussianPortuguesPortuguesItalianPortugues');
INSERT INTO person (id,first_name,second_name,email,user_login,user_password,sex,date_of_birth,age,permission_level) VALUES (89,'Renee','Castillo','harold99@hotmail.com','wdickson','PAJDdQgKsKu','F','1965-06-10',54,4);
INSERT INTO patient (id) VALUES (89);
INSERT INTO patients_address (street,house,apartement) VALUES ('Caitlin st.','28','7');
INSERT INTO medical_history (patient_id,date) VALUES (89,'2019-11-10');
INSERT INTO person (id,first_name,second_name,email,user_login,user_password,sex,date_of_birth,age,permission_level) VALUES (90,'Paul','Mooney','daniel25@yahoo.com','walkerheather','kbOpCOz','M','1921-04-12',98,4);
INSERT INTO patient (id) VALUES (90);
INSERT INTO patients_address (street,house,apartement) VALUES ('James st.','94','9');
INSERT INTO medical_history (patient_id,date) VALUES (90,'2019-11-26');
INSERT INTO person (id,first_name,second_name,email,user_login,user_password,sex,date_of_birth,age,permission_level) VALUES (91,'Ryan','Morrow','guerrashawn@gmail.com','wwatkins','fRHMDeFfpShYaJ','M','1910-12-16',109,2);
INSERT INTO staff_member (id,employed_since,position,salary,room) VALUES (91,'2016-10-13','Maintanence Worker',15000,58);
INSERT INTO maintanence_worker (id,employment_type,speciality) VALUES (91,'Full time','Machines');
INSERT INTO person (id,first_name,second_name,email,user_login,user_password,sex,date_of_birth,age,permission_level) VALUES (92,'Christina','Le','keydonna@gmail.com','amberrodriguez','aaIyyfAnSLmhcg','F','1959-08-07',60,1);
INSERT INTO staff_member (id,employed_since,position,salary,room) VALUES (92,'2019-01-10','Doctor',35000,19);
INSERT INTO doctor (id,speciality,emergency_hours,experience,departement_id,supervisor) VALUES (92,'Hospice and Palliative Medicine Specialist',B'1',8,6,87);
INSERT INTO person (id,first_name,second_name,email,user_login,user_password,sex,date_of_birth,age,permission_level) VALUES (93,'Lorraine','Smith','ryanmartinez@hotmail.com','smithjohn','kHaCrHfWTJiiI','F','2005-10-24',14,2);
INSERT INTO staff_member (id,employed_since,position,salary,room) VALUES (93,'2013-08-30','Professor',35000,37);
INSERT INTO professor (id,research_topic,surgery_participation,departement_id) VALUES (93,'Colon Surgeon',B'0',16);
INSERT INTO person (id,first_name,second_name,email,user_login,user_password,sex,date_of_birth,age,permission_level) VALUES (94,'Angela','Scott','estradajoanna@hotmail.com','amy73','ESZKmGuvEZDh','F','1971-07-12',48,2);
INSERT INTO staff_member (id,employed_since,position,salary,room) VALUES (94,'2019-06-12','Professor',35000,37);
INSERT INTO professor (id,research_topic,surgery_participation,departement_id) VALUES (94,'Ophthalmologist',B'1',14);
INSERT INTO person (id,first_name,second_name,email,user_login,user_password,sex,date_of_birth,age,permission_level) VALUES (95,'Robert','Oneill','nrichards@hotmail.com','lance15','NnqWuvuMZhphyAD','M','1936-02-15',83,2);
INSERT INTO patient (id) VALUES (95);
INSERT INTO patients_address (street,house,apartement) VALUES ('Monica st.','93','9');
INSERT INTO medical_history (patient_id,date) VALUES (95,'2019-11-04');
INSERT INTO person (id,first_name,second_name,email,user_login,user_password,sex,date_of_birth,age,permission_level) VALUES (96,'Crystal','Nunez','qclark@hotmail.com','thomasdavid','SupsiJgtV','F','1979-11-13',40,5);
INSERT INTO staff_member (id,employed_since,position,salary,room) VALUES (96,'2014-03-24','Nurse',25000,7);
INSERT INTO nurse (id,surgery_assistant,preferred_shifts,appointment_assistant,departement_id) VALUES (96,B'1','Day',B'0',8);
INSERT INTO person (id,first_name,second_name,email,user_login,user_password,sex,date_of_birth,age,permission_level) VALUES (97,'Lindsey','Moody','marilynlozano@gmail.com','smithmolly','lAHvJFQE','F','1934-05-31',85,3);
INSERT INTO staff_member (id,employed_since,position,salary,room) VALUES (97,'2015-06-20','Doctor',35000,15);
INSERT INTO doctor (id,speciality,emergency_hours,experience,departement_id,supervisor) VALUES (97,'Osteopath',B'1',6,4,17);
INSERT INTO person (id,first_name,second_name,email,user_login,user_password,sex,date_of_birth,age,permission_level) VALUES (98,'Brittany','Mccarthy','fisheramanda@yahoo.com','morrissharon','OLTlqGsGxaQek','F','1951-11-25',68,5);
INSERT INTO staff_member (id,employed_since,position,salary,room) VALUES (98,'2016-06-27','IT Specialist',15000,74);
INSERT INTO IT_specialist (id,support_line) VALUES (98,B'0');
INSERT INTO person (id,first_name,second_name,email,user_login,user_password,sex,date_of_birth,age,permission_level) VALUES (99,'Darin','Vega','ypowell@gmail.com','elizabeth28','DWMeBgEkUmctP','M','1923-08-06',96,3);
INSERT INTO staff_member (id,employed_since,position,salary,room) VALUES (99,'2017-12-29','Cook',15000,71);
INSERT INTO cook (id,experience) VALUES (99,8);
INSERT INTO person (id,first_name,second_name,email,user_login,user_password,sex,date_of_birth,age,permission_level) VALUES (100,'Shannon','Gonzalez','kevinmorris@yahoo.com','kellis','vPOTjzboVO','F','1926-04-30',93,5);
INSERT INTO staff_member (id,employed_since,position,salary,room) VALUES (100,'2012-02-26','Priest',15000,80);
INSERT INTO priest (id,religion) VALUES (100,'Christianity');
INSERT INTO person (id,first_name,second_name,email,user_login,user_password,sex,date_of_birth,age,permission_level) VALUES (101,'Nicholas','Brady','krichards@hotmail.com','juliejordan','JJcNjvRWH','M','1978-04-05',41,3);
INSERT INTO staff_member (id,employed_since,position,salary,room) VALUES (101,'2010-07-15','Doctor',35000,18);
INSERT INTO doctor (id,speciality,emergency_hours,experience,departement_id,supervisor) VALUES (101,'Radiologist',B'1',5,7,57);
INSERT INTO person (id,first_name,second_name,email,user_login,user_password,sex,date_of_birth,age,permission_level) VALUES (102,'Dr.','Jason','wmatthews@yahoo.com','morenodanielle','vwsiSLbPJzMDc','M','2010-09-18',9,2);
INSERT INTO staff_member (id,employed_since,position,salary,room) VALUES (102,'2018-02-11','Doctor',35000,19);
INSERT INTO doctor (id,speciality,emergency_hours,experience,departement_id,supervisor) VALUES (102,'Pathologist',B'0',1,10,4);
INSERT INTO person (id,first_name,second_name,email,user_login,user_password,sex,date_of_birth,age,permission_level) VALUES (103,'Toni','Roberts','melissa25@gmail.com','colesarah','CkIppTaYTMddjG','F','1973-11-18',46,5);
INSERT INTO staff_member (id,employed_since,position,salary,room) VALUES (103,'2014-08-19','Reseptionist',15000,56);
INSERT INTO reseptionist (id) VALUES (103);
INSERT INTO languages_spoken (reseptionist_id,language) VALUES (103,'EnglishPortuguesTatarRussianArabicRussian');
INSERT INTO person (id,first_name,second_name,email,user_login,user_password,sex,date_of_birth,age,permission_level) VALUES (104,'Ruth','Ayers','ubartlett@hotmail.com','connormalone','PJybUZE','F','1986-09-27',33,2);
INSERT INTO patient (id) VALUES (104);
INSERT INTO patients_address (street,house,apartement) VALUES ('David st.','19','3');
INSERT INTO medical_history (patient_id,date) VALUES (104,'2019-10-25');
INSERT INTO person (id,first_name,second_name,email,user_login,user_password,sex,date_of_birth,age,permission_level) VALUES (105,'John','Clark','eboyd@yahoo.com','rosemartha','bqgUCYeQoCNlCmU','M','1978-06-19',41,2);
INSERT INTO staff_member (id,employed_since,position,salary,room) VALUES (105,'2012-09-07','Professor',35000,35);
INSERT INTO professor (id,research_topic,surgery_participation,departement_id) VALUES (105,'Emergency Medicine Specialist',B'0',12);
INSERT INTO person (id,first_name,second_name,email,user_login,user_password,sex,date_of_birth,age,permission_level) VALUES (106,'Daniel','Sanchez','brian15@hotmail.com','lyonsjason','agKxslLPOqy','M','1998-04-17',21,2);
INSERT INTO staff_member (id,employed_since,position,salary,room) VALUES (106,'2011-10-05','Nurse',25000,4);
INSERT INTO nurse (id,surgery_assistant,preferred_shifts,appointment_assistant,departement_id) VALUES (106,B'0','Night',B'0',9);
INSERT INTO person (id,first_name,second_name,email,user_login,user_password,sex,date_of_birth,age,permission_level) VALUES (107,'Nicolas','Buchanan','justinmcdonald@yahoo.com','patrick71','pjHlRUYF','M','1998-01-14',21,1);
INSERT INTO staff_member (id,employed_since,position,salary,room) VALUES (107,'2019-05-11','Doctor',35000,20);
INSERT INTO doctor (id,speciality,emergency_hours,experience,departement_id,supervisor) VALUES (107,'Hematologist',B'0',4,5,58);
INSERT INTO person (id,first_name,second_name,email,user_login,user_password,sex,date_of_birth,age,permission_level) VALUES (108,'Jessica','Mann','portermichael@yahoo.com','pamelajohnson','OZCSeuUXhLbG','F','1917-06-26',102,2);
INSERT INTO staff_member (id,employed_since,position,salary,room) VALUES (108,'2018-06-01','Doctor',35000,28);
INSERT INTO doctor (id,speciality,emergency_hours,experience,departement_id,supervisor) VALUES (108,'Sports Medicine Specialist',B'0',6,12,29);
INSERT INTO person (id,first_name,second_name,email,user_login,user_password,sex,date_of_birth,age,permission_level) VALUES (109,'Joseph','Carpenter','msimon@hotmail.com','delgadomarco','HlTjbwIiFSKMfu','M','1996-06-14',23,2);
INSERT INTO patient (id) VALUES (109);
INSERT INTO patients_address (street,house,apartement) VALUES ('Ronald st.','63','7');
INSERT INTO medical_history (patient_id,date) VALUES (109,'2019-11-11');
INSERT INTO person (id,first_name,second_name,email,user_login,user_password,sex,date_of_birth,age,permission_level) VALUES (110,'Angela','Wiley','caitlin15@yahoo.com','ywagner','hnxpuUtTcACd','F','1913-04-01',106,4);
INSERT INTO staff_member (id,employed_since,position,salary,room) VALUES (110,'2019-03-18','Professor',35000,40);
INSERT INTO professor (id,research_topic,surgery_participation,departement_id) VALUES (110,'Ophthalmologist',B'1',9);
INSERT INTO person (id,first_name,second_name,email,user_login,user_password,sex,date_of_birth,age,permission_level) VALUES (111,'Abigail','Roberts','youngkelly@hotmail.com','kathleenmelton','tSrYHiuXo','F','2011-10-19',8,4);
INSERT INTO staff_member (id,employed_since,position,salary,room) VALUES (111,'2016-11-15','Lab Technician',15000,41);
INSERT INTO lab_technician (id,education_level,departement_id) VALUES (111,'PhD',7);
INSERT INTO person (id,first_name,second_name,email,user_login,user_password,sex,date_of_birth,age,permission_level) VALUES (112,'Katelyn','Edwards','jmartinez@hotmail.com','lgreen','dErAzYb','F','2010-03-12',9,4);
INSERT INTO patient (id) VALUES (112);
INSERT INTO patients_address (street,house,apartement) VALUES ('Jose st.','25','2');
INSERT INTO medical_history (patient_id,date) VALUES (112,'2019-11-21');
INSERT INTO person (id,first_name,second_name,email,user_login,user_password,sex,date_of_birth,age,permission_level) VALUES (113,'Ricardo','Burch','brianware@yahoo.com','jordanwilson','qPhXlSV','M','1999-09-09',20,1);
INSERT INTO patient (id) VALUES (113);
INSERT INTO patients_address (street,house,apartement) VALUES ('Casey st.','6','5');
INSERT INTO medical_history (patient_id,date) VALUES (113,'2019-11-11');
INSERT INTO person (id,first_name,second_name,email,user_login,user_password,sex,date_of_birth,age,permission_level) VALUES (114,'Craig','Reid','abates@hotmail.com','hrichardson','ReWTeqaaJdJbnnd','M','1989-10-27',30,4);
INSERT INTO staff_member (id,employed_since,position,salary,room) VALUES (114,'2017-01-09','Maintanence Worker',15000,59);
INSERT INTO maintanence_worker (id,employment_type,speciality) VALUES (114,'Full time','Hardware');
INSERT INTO person (id,first_name,second_name,email,user_login,user_password,sex,date_of_birth,age,permission_level) VALUES (115,'Lee','Brown','joseedwards@hotmail.com','darylrobinson','LxMKoBtoiUkiYjI','M','2018-05-01',1,1);
INSERT INTO staff_member (id,employed_since,position,salary,room) VALUES (115,'2018-01-12','Nurse',25000,10);
INSERT INTO nurse (id,surgery_assistant,preferred_shifts,appointment_assistant,departement_id) VALUES (115,B'0','Day',B'0',16);
INSERT INTO person (id,first_name,second_name,email,user_login,user_password,sex,date_of_birth,age,permission_level) VALUES (116,'Anthony','Morales','fergusonsamantha@yahoo.com','brownscott','EBCByfYjjNFOole','M','2010-07-26',9,2);
INSERT INTO patient (id) VALUES (116);
INSERT INTO patients_address (street,house,apartement) VALUES ('Vanessa st.','51','10');
INSERT INTO medical_history (patient_id,date) VALUES (116,'2019-11-21');
INSERT INTO person (id,first_name,second_name,email,user_login,user_password,sex,date_of_birth,age,permission_level) VALUES (117,'Lawrence','Garcia','danielsamanda@gmail.com','acostaangela','uEBOBJGr','M','2015-11-28',4,5);
INSERT INTO staff_member (id,employed_since,position,salary,room) VALUES (117,'2014-01-26','Doctor',35000,28);
INSERT INTO doctor (id,speciality,emergency_hours,experience,departement_id,supervisor) VALUES (117,'Nephrologist',B'0',1,9,86);
INSERT INTO person (id,first_name,second_name,email,user_login,user_password,sex,date_of_birth,age,permission_level) VALUES (118,'Casey','Gonzalez','shannon95@hotmail.com','meyerrebecca','DCARCpDuXUaxZQ','M','1984-04-25',35,2);
INSERT INTO staff_member (id,employed_since,position,salary,room) VALUES (118,'2017-06-08','IT Specialist',15000,74);
INSERT INTO IT_specialist (id,support_line) VALUES (118,B'0');
INSERT INTO person (id,first_name,second_name,email,user_login,user_password,sex,date_of_birth,age,permission_level) VALUES (119,'Julie','Pineda','kristenandrews@hotmail.com','christopher85','AROIOgcCXOuadkM','F','1947-08-09',72,4);
INSERT INTO staff_member (id,employed_since,position,salary,room) VALUES (119,'2017-01-08','Nurse',25000,3);
INSERT INTO nurse (id,surgery_assistant,preferred_shifts,appointment_assistant,departement_id) VALUES (119,B'0','Day',B'0',10);
INSERT INTO person (id,first_name,second_name,email,user_login,user_password,sex,date_of_birth,age,permission_level) VALUES (120,'Sarah','Pope','evansdebbie@gmail.com','johnstewart','JfwEcSbHU','F','1939-12-15',80,2);
INSERT INTO patient (id) VALUES (120);
INSERT INTO patients_address (street,house,apartement) VALUES ('Ann st.','25','10');
INSERT INTO medical_history (patient_id,date) VALUES (120,'2019-11-15');
INSERT INTO person (id,first_name,second_name,email,user_login,user_password,sex,date_of_birth,age,permission_level) VALUES (121,'Miss','Amanda','ashleycarson@hotmail.com','bakergrace','jsfLUBS','F','1995-11-06',24,2);
INSERT INTO patient (id) VALUES (121);
INSERT INTO patients_address (street,house,apartement) VALUES ('Aaron st.','69','9');
INSERT INTO medical_history (patient_id,date) VALUES (121,'2019-10-30');
INSERT INTO person (id,first_name,second_name,email,user_login,user_password,sex,date_of_birth,age,permission_level) VALUES (122,'Michael','Lyons','jessica27@gmail.com','pgordon','wQniWUCyME','M','1962-06-15',57,1);
INSERT INTO patient (id) VALUES (122);
INSERT INTO patients_address (street,house,apartement) VALUES ('Jasmine st.','5','3');
INSERT INTO medical_history (patient_id,date) VALUES (122,'2019-11-09');
INSERT INTO person (id,first_name,second_name,email,user_login,user_password,sex,date_of_birth,age,permission_level) VALUES (123,'Russell','Hicks','allison75@hotmail.com','thomas30','XJAiqKmGjiq','M','1952-02-01',67,3);
INSERT INTO staff_member (id,employed_since,position,salary,room) VALUES (123,'2016-10-06','Cook',15000,71);
INSERT INTO cook (id,experience) VALUES (123,7);
INSERT INTO person (id,first_name,second_name,email,user_login,user_password,sex,date_of_birth,age,permission_level) VALUES (124,'Bobby','Lane','brian22@hotmail.com','esanchez','ikYWgtvb','M','1981-08-25',38,2);
INSERT INTO patient (id) VALUES (124);
INSERT INTO patients_address (street,house,apartement) VALUES ('Amber st.','65','5');
INSERT INTO medical_history (patient_id,date) VALUES (124,'2019-11-27');
INSERT INTO person (id,first_name,second_name,email,user_login,user_password,sex,date_of_birth,age,permission_level) VALUES (125,'Mrs.','Helen','wesleypham@gmail.com','elizabethking','ShSwSXQ','F','1932-11-23',87,4);
INSERT INTO staff_member (id,employed_since,position,salary,room) VALUES (125,'2015-09-17','Doctor',35000,25);
INSERT INTO doctor (id,speciality,emergency_hours,experience,departement_id,supervisor) VALUES (125,'Hematologist',B'1',7,7,57);
INSERT INTO person (id,first_name,second_name,email,user_login,user_password,sex,date_of_birth,age,permission_level) VALUES (126,'Donald','King','awallace@yahoo.com','jonesyvonne','XlxFrPKBMiDLfG','M','1999-03-27',20,2);
INSERT INTO patient (id) VALUES (126);
INSERT INTO patients_address (street,house,apartement) VALUES ('Nicole st.','61','8');
INSERT INTO medical_history (patient_id,date) VALUES (126,'2019-11-12');
INSERT INTO person (id,first_name,second_name,email,user_login,user_password,sex,date_of_birth,age,permission_level) VALUES (127,'Elizabeth','Oneill','oyoung@gmail.com','donald50','YVFAlCXJrOvTS','F','2014-09-27',5,2);
INSERT INTO staff_member (id,employed_since,position,salary,room) VALUES (127,'2012-01-07','Professor',35000,32);
INSERT INTO professor (id,research_topic,surgery_participation,departement_id) VALUES (127,'Infectious Disease Specialist',B'1',1);
INSERT INTO person (id,first_name,second_name,email,user_login,user_password,sex,date_of_birth,age,permission_level) VALUES (128,'Adam','Griffin','prattkatrina@hotmail.com','jessicalopez','HkQLXaJ','M','1974-07-01',45,3);
INSERT INTO patient (id) VALUES (128);
INSERT INTO patients_address (street,house,apartement) VALUES ('Jessica st.','67','5');
INSERT INTO medical_history (patient_id,date) VALUES (128,'2019-10-30');
INSERT INTO person (id,first_name,second_name,email,user_login,user_password,sex,date_of_birth,age,permission_level) VALUES (129,'Christopher','Rogers','johnhernandez@gmail.com','ethanjohnson','sbgDywIg','M','2019-04-17',0,3);
INSERT INTO staff_member (id,employed_since,position,salary,room) VALUES (129,'2018-03-05','Nurse',25000,4);
INSERT INTO nurse (id,surgery_assistant,preferred_shifts,appointment_assistant,departement_id) VALUES (129,B'1','Night',B'0',1);
INSERT INTO person (id,first_name,second_name,email,user_login,user_password,sex,date_of_birth,age,permission_level) VALUES (130,'Lauren','Brown','mpatterson@yahoo.com','jonesjose','wDmMGanlkHQwaQe','F','1923-08-23',96,4);
INSERT INTO patient (id) VALUES (130);
INSERT INTO patients_address (street,house,apartement) VALUES ('Roberto st.','43','1');
INSERT INTO medical_history (patient_id,date) VALUES (130,'2019-11-10');
INSERT INTO person (id,first_name,second_name,email,user_login,user_password,sex,date_of_birth,age,permission_level) VALUES (131,'Ashley','Clark','elizabeth61@gmail.com','bradfordlori','HDNSxnKsvVI','F','1966-04-26',53,1);
INSERT INTO staff_member (id,employed_since,position,salary,room) VALUES (131,'2019-07-06','Nurse',25000,6);
INSERT INTO nurse (id,surgery_assistant,preferred_shifts,appointment_assistant,departement_id) VALUES (131,B'1','Night',B'1',5);
INSERT INTO person (id,first_name,second_name,email,user_login,user_password,sex,date_of_birth,age,permission_level) VALUES (132,'Daniel','Smith','christopherwilson@yahoo.com','holtjesse','BwfGuKOfvpUhE','M','2014-01-07',5,1);
INSERT INTO patient (id) VALUES (132);
INSERT INTO patients_address (street,house,apartement) VALUES ('Paul st.','59','8');
INSERT INTO medical_history (patient_id,date) VALUES (132,'2019-11-20');
INSERT INTO person (id,first_name,second_name,email,user_login,user_password,sex,date_of_birth,age,permission_level) VALUES (133,'Joanna','Campbell','mejiatara@yahoo.com','zacharycox','GzmODSWP','F','1916-03-19',103,4);
INSERT INTO staff_member (id,employed_since,position,salary,room) VALUES (133,'2014-09-25','Nurse',25000,9);
INSERT INTO nurse (id,surgery_assistant,preferred_shifts,appointment_assistant,departement_id) VALUES (133,B'1','Day',B'0',6);
INSERT INTO person (id,first_name,second_name,email,user_login,user_password,sex,date_of_birth,age,permission_level) VALUES (134,'Tina','Walsh','sanchezwhitney@hotmail.com','michelle81','AoeicfbWFMaOJX','F','1915-10-16',104,4);
INSERT INTO staff_member (id,employed_since,position,salary,room) VALUES (134,'2014-09-25','Nurse',25000,7);
INSERT INTO nurse (id,surgery_assistant,preferred_shifts,appointment_assistant,departement_id) VALUES (134,B'1','Day',B'1',3);
INSERT INTO person (id,first_name,second_name,email,user_login,user_password,sex,date_of_birth,age,permission_level) VALUES (135,'Nathan','Garrett','monicabradshaw@yahoo.com','austinbell','OPUHlTYnLArK','M','1977-12-29',42,5);
INSERT INTO patient (id) VALUES (135);
INSERT INTO patients_address (street,house,apartement) VALUES ('Theresa st.','93','5');
INSERT INTO medical_history (patient_id,date) VALUES (135,'2019-10-31');
INSERT INTO person (id,first_name,second_name,email,user_login,user_password,sex,date_of_birth,age,permission_level) VALUES (136,'Angela','Bennett','sanchezsteven@hotmail.com','nicole00','nSqnMqhIERrrL','F','1989-09-07',30,5);
INSERT INTO staff_member (id,employed_since,position,salary,room) VALUES (136,'2014-05-06','Doctor',35000,27);
INSERT INTO doctor (id,speciality,emergency_hours,experience,departement_id,supervisor) VALUES (136,'Emergency Medicine Specialist',B'0',6,8,97);
INSERT INTO person (id,first_name,second_name,email,user_login,user_password,sex,date_of_birth,age,permission_level) VALUES (137,'Nicholas','Rose','obutler@gmail.com','christopherwright','ITqQpuSbI','M','1909-04-30',110,4);
INSERT INTO staff_member (id,employed_since,position,salary,room) VALUES (137,'2018-06-23','Doctor',35000,13);
INSERT INTO doctor (id,speciality,emergency_hours,experience,departement_id,supervisor) VALUES (137,'Colon Surgeon',B'0',9,2,92);
INSERT INTO person (id,first_name,second_name,email,user_login,user_password,sex,date_of_birth,age,permission_level) VALUES (138,'Brendan','Lewis','qjimenez@yahoo.com','michael03','CjJoaBGbnkycd','M','1931-12-23',88,3);
INSERT INTO staff_member (id,employed_since,position,salary,room) VALUES (138,'2019-02-02','Lab Technician',15000,46);
INSERT INTO lab_technician (id,education_level,departement_id) VALUES (138,'Postgraduate',13);
INSERT INTO person (id,first_name,second_name,email,user_login,user_password,sex,date_of_birth,age,permission_level) VALUES (139,'Sheila','Shaw','vhunt@gmail.com','matthew89','XTiWKhiT','F','1940-07-13',79,2);
INSERT INTO staff_member (id,employed_since,position,salary,room) VALUES (139,'2016-02-14','Maintanence Worker',15000,59);
INSERT INTO maintanence_worker (id,employment_type,speciality) VALUES (139,'Full time','Electricity');
INSERT INTO person (id,first_name,second_name,email,user_login,user_password,sex,date_of_birth,age,permission_level) VALUES (140,'Christian','Sanders','ballardlaura@hotmail.com','dphillips','wGSxaJB','M','1929-05-06',90,1);
INSERT INTO patient (id) VALUES (140);
INSERT INTO patients_address (street,house,apartement) VALUES ('Nancy st.','98','7');
INSERT INTO medical_history (patient_id,date) VALUES (140,'2019-10-22');
INSERT INTO person (id,first_name,second_name,email,user_login,user_password,sex,date_of_birth,age,permission_level) VALUES (141,'Lauren','Gibson','brett48@hotmail.com','longthomas','tdBBCmZ','F','1916-02-02',103,2);
INSERT INTO patient (id) VALUES (141);
INSERT INTO patients_address (street,house,apartement) VALUES ('Erica st.','6','10');
INSERT INTO medical_history (patient_id,date) VALUES (141,'2019-11-12');
INSERT INTO person (id,first_name,second_name,email,user_login,user_password,sex,date_of_birth,age,permission_level) VALUES (142,'Michelle','Thomas','davidsonjeremy@hotmail.com','patricia83','AODmTexyMKupFfW','F','1945-05-16',74,3);
INSERT INTO staff_member (id,employed_since,position,salary,room) VALUES (142,'2015-11-06','Nurse',25000,10);
INSERT INTO nurse (id,surgery_assistant,preferred_shifts,appointment_assistant,departement_id) VALUES (142,B'0','Day',B'1',9);
INSERT INTO person (id,first_name,second_name,email,user_login,user_password,sex,date_of_birth,age,permission_level) VALUES (143,'Patricia','Watts','rmueller@hotmail.com','pam94','wLYprgFlzVHUCci','F','1954-11-06',65,2);
INSERT INTO staff_member (id,employed_since,position,salary,room) VALUES (143,'2014-09-13','Doctor',35000,26);
INSERT INTO doctor (id,speciality,emergency_hours,experience,departement_id,supervisor) VALUES (143,'Pediatrician',B'0',7,16,55);
INSERT INTO person (id,first_name,second_name,email,user_login,user_password,sex,date_of_birth,age,permission_level) VALUES (144,'Samantha','White','ogrant@gmail.com','millermichael','RvcaRzkkHRNatwV','F','1961-06-06',58,3);
INSERT INTO staff_member (id,employed_since,position,salary,room) VALUES (144,'2015-08-10','Professor',35000,37);
INSERT INTO professor (id,research_topic,surgery_participation,departement_id) VALUES (144,'Sports Medicine Specialist',B'0',5);
INSERT INTO person (id,first_name,second_name,email,user_login,user_password,sex,date_of_birth,age,permission_level) VALUES (145,'Mitchell','Hanna','timothywilson@gmail.com','danny13','hVGEGPf','M','1934-03-04',85,4);
INSERT INTO staff_member (id,employed_since,position,salary,room) VALUES (145,'2011-05-27','Lab Technician',15000,47);
INSERT INTO lab_technician (id,education_level,departement_id) VALUES (145,'PhD',2);
INSERT INTO person (id,first_name,second_name,email,user_login,user_password,sex,date_of_birth,age,permission_level) VALUES (146,'John','Scott','heidi37@gmail.com','rrodriguez','biZARncgkLTcDOY','M','2004-05-23',15,5);
INSERT INTO staff_member (id,employed_since,position,salary,room) VALUES (146,'2012-09-09','Doctor',35000,24);
INSERT INTO doctor (id,speciality,emergency_hours,experience,departement_id,supervisor) VALUES (146,'Gastroenterologist',B'1',8,14,143);
INSERT INTO person (id,first_name,second_name,email,user_login,user_password,sex,date_of_birth,age,permission_level) VALUES (147,'Kevin','Cobb','glenn13@yahoo.com','bradleywong','uhvJarYL','M','2011-02-04',8,1);
INSERT INTO staff_member (id,employed_since,position,salary,room) VALUES (147,'2018-07-07','Nurse',25000,8);
INSERT INTO nurse (id,surgery_assistant,preferred_shifts,appointment_assistant,departement_id) VALUES (147,B'0','Day',B'0',3);
INSERT INTO person (id,first_name,second_name,email,user_login,user_password,sex,date_of_birth,age,permission_level) VALUES (148,'Steven','Rogers','billy50@hotmail.com','lmurphy','LiDRHgpjq','M','1904-04-22',115,5);
INSERT INTO staff_member (id,employed_since,position,salary,room) VALUES (148,'2017-04-28','Nurse',25000,6);
INSERT INTO nurse (id,surgery_assistant,preferred_shifts,appointment_assistant,departement_id) VALUES (148,B'1','Night',B'0',6);
INSERT INTO person (id,first_name,second_name,email,user_login,user_password,sex,date_of_birth,age,permission_level) VALUES (149,'James','Cruz','jessica31@gmail.com','alexis82','doqsMxWYqAJLWov','M','1937-07-04',82,2);
INSERT INTO staff_member (id,employed_since,position,salary,room) VALUES (149,'2017-12-29','Lab Technician',15000,50);
INSERT INTO lab_technician (id,education_level,departement_id) VALUES (149,'Magister',16);
INSERT INTO person (id,first_name,second_name,email,user_login,user_password,sex,date_of_birth,age,permission_level) VALUES (150,'Jason','Perry','preyes@yahoo.com','phillip08','SvcQEjvYjBQeygJ','M','2014-01-15',5,1);
INSERT INTO patient (id) VALUES (150);
INSERT INTO patients_address (street,house,apartement) VALUES ('Leslie st.','100','2');
INSERT INTO medical_history (patient_id,date) VALUES (150,'2019-11-12');
INSERT INTO person (id,first_name,second_name,email,user_login,user_password,sex,date_of_birth,age,permission_level) VALUES (151,'Brian','Woods','zhawkins@hotmail.com','gary12','CjWUWuBhTXoYcdB','M','2002-09-07',17,2);
INSERT INTO staff_member (id,employed_since,position,salary,room) VALUES (151,'2013-03-22','Cook',15000,73);
INSERT INTO cook (id,experience) VALUES (151,4);
INSERT INTO person (id,first_name,second_name,email,user_login,user_password,sex,date_of_birth,age,permission_level) VALUES (152,'Robert','Sullivan','ronaldperez@yahoo.com','thorntonchristopher','fKOgWCanvMPQqDH','M','1908-11-21',111,2);
INSERT INTO staff_member (id,employed_since,position,salary,room) VALUES (152,'2014-09-25','Reseptionist',15000,56);
INSERT INTO reseptionist (id) VALUES (152);
INSERT INTO languages_spoken (reseptionist_id,language) VALUES (152,'Russian');
INSERT INTO person (id,first_name,second_name,email,user_login,user_password,sex,date_of_birth,age,permission_level) VALUES (153,'Allison','Williams','woodwarddanielle@hotmail.com','jamesespinoza','kMdmzFourIvqD','F','1952-07-08',67,2);
INSERT INTO staff_member (id,employed_since,position,salary,room) VALUES (153,'2012-02-27','HR',30000,66);
INSERT INTO hr (id,selection_responsibility) VALUES (153,'Review');
INSERT INTO person (id,first_name,second_name,email,user_login,user_password,sex,date_of_birth,age,permission_level) VALUES (154,'Shawn','Ross','katelyn08@gmail.com','amandamckay','vQptCbVuwIdzxQp','M','1969-06-11',50,1);
INSERT INTO staff_member (id,employed_since,position,salary,room) VALUES (154,'2013-01-23','Cleaning Team Worker',10000,54);
INSERT INTO cleaning_team_worker (id,employment_type) VALUES (154,'Full time');
INSERT INTO person (id,first_name,second_name,email,user_login,user_password,sex,date_of_birth,age,permission_level) VALUES (155,'Tyler','Cruz','katie82@hotmail.com','william60','WHphODhvATmeIMd','M','1975-08-05',44,4);
INSERT INTO patient (id) VALUES (155);
INSERT INTO patients_address (street,house,apartement) VALUES ('Melissa st.','41','6');
INSERT INTO medical_history (patient_id,date) VALUES (155,'2019-11-16');
INSERT INTO person (id,first_name,second_name,email,user_login,user_password,sex,date_of_birth,age,permission_level) VALUES (156,'Danielle','Benjamin','billytucker@hotmail.com','amandawilson','BFuWvOt','F','1987-11-15',32,3);
INSERT INTO staff_member (id,employed_since,position,salary,room) VALUES (156,'2011-07-07','Professor',35000,34);
INSERT INTO professor (id,research_topic,surgery_participation,departement_id) VALUES (156,'Nephrologist',B'1',2);
INSERT INTO person (id,first_name,second_name,email,user_login,user_password,sex,date_of_birth,age,permission_level) VALUES (157,'Sarah','Anderson','christopherwalsh@gmail.com','william39','CerYLsP','F','1963-10-18',56,5);
INSERT INTO staff_member (id,employed_since,position,salary,room) VALUES (157,'2011-09-26','Cleaning Team Worker',10000,52);
INSERT INTO cleaning_team_worker (id,employment_type) VALUES (157,'Part time');
INSERT INTO person (id,first_name,second_name,email,user_login,user_password,sex,date_of_birth,age,permission_level) VALUES (158,'Sean','Strickland','robin81@gmail.com','smithcaleb','LdfSmIAUnTxDVfO','M','1985-05-12',34,1);
INSERT INTO staff_member (id,employed_since,position,salary,room) VALUES (158,'2012-05-28','Lab Technician',15000,41);
INSERT INTO lab_technician (id,education_level,departement_id) VALUES (158,'PhD',1);
INSERT INTO person (id,first_name,second_name,email,user_login,user_password,sex,date_of_birth,age,permission_level) VALUES (159,'Raven','Lozano','tpierce@hotmail.com','frostjessica','aMdUwHsTxhsa','F','1982-02-22',37,2);
INSERT INTO staff_member (id,employed_since,position,salary,room) VALUES (159,'2016-03-06','Cook',15000,72);
INSERT INTO cook (id,experience) VALUES (159,1);
INSERT INTO person (id,first_name,second_name,email,user_login,user_password,sex,date_of_birth,age,permission_level) VALUES (160,'Leslie','Hamilton','julie23@yahoo.com','choinicholas','uKenJbVN','F','1984-07-12',35,4);
INSERT INTO staff_member (id,employed_since,position,salary,room) VALUES (160,'2014-06-01','Reseptionist',15000,56);
INSERT INTO reseptionist (id) VALUES (160);
INSERT INTO languages_spoken (reseptionist_id,language) VALUES (160,'ItalianTatar');
INSERT INTO person (id,first_name,second_name,email,user_login,user_password,sex,date_of_birth,age,permission_level) VALUES (161,'Christopher','Meyer','wardtheresa@gmail.com','staceylee','UvHKEvqK','M','1973-03-30',46,1);
INSERT INTO patient (id) VALUES (161);
INSERT INTO patients_address (street,house,apartement) VALUES ('George st.','39','7');
INSERT INTO medical_history (patient_id,date) VALUES (161,'2019-10-21');
INSERT INTO person (id,first_name,second_name,email,user_login,user_password,sex,date_of_birth,age,permission_level) VALUES (162,'Karen','Waters','christopherblack@yahoo.com','chelseathomas','pZsDyPPfclE','F','1946-03-07',73,3);
INSERT INTO staff_member (id,employed_since,position,salary,room) VALUES (162,'2012-10-17','Nurse',25000,8);
INSERT INTO nurse (id,surgery_assistant,preferred_shifts,appointment_assistant,departement_id) VALUES (162,B'0','Day',B'0',14);
INSERT INTO person (id,first_name,second_name,email,user_login,user_password,sex,date_of_birth,age,permission_level) VALUES (163,'Sheri','Bennett','karen30@gmail.com','coryberry','LSpHIQLwdg','F','1923-09-18',96,5);
INSERT INTO staff_member (id,employed_since,position,salary,room) VALUES (163,'2014-06-26','Nurse',25000,10);
INSERT INTO nurse (id,surgery_assistant,preferred_shifts,appointment_assistant,departement_id) VALUES (163,B'1','Night',B'0',5);
INSERT INTO person (id,first_name,second_name,email,user_login,user_password,sex,date_of_birth,age,permission_level) VALUES (164,'Rachel','Allen','alexandra63@yahoo.com','sabrina11','MOHurCirNvxYPgd','F','2008-10-21',11,4);
INSERT INTO staff_member (id,employed_since,position,salary,room) VALUES (164,'2013-02-07','Maintanence Worker',15000,58);
INSERT INTO maintanence_worker (id,employment_type,speciality) VALUES (164,'Part time','Furniture');
INSERT INTO person (id,first_name,second_name,email,user_login,user_password,sex,date_of_birth,age,permission_level) VALUES (165,'Brandy','Jackson','qpittman@gmail.com','jbass','jGEkilIWd','F','1981-09-27',38,4);
INSERT INTO staff_member (id,employed_since,position,salary,room) VALUES (165,'2014-02-10','Nurse',25000,7);
INSERT INTO nurse (id,surgery_assistant,preferred_shifts,appointment_assistant,departement_id) VALUES (165,B'0','Day',B'1',11);
INSERT INTO person (id,first_name,second_name,email,user_login,user_password,sex,date_of_birth,age,permission_level) VALUES (166,'Ryan','Newman','ethompson@gmail.com','abrown','PLjQXaqflMvcJ','M','1977-10-24',42,1);
INSERT INTO staff_member (id,employed_since,position,salary,room) VALUES (166,'2015-10-19','Lab Technician',15000,49);
INSERT INTO lab_technician (id,education_level,departement_id) VALUES (166,'Magister',8);
INSERT INTO person (id,first_name,second_name,email,user_login,user_password,sex,date_of_birth,age,permission_level) VALUES (167,'Kelsey','Cowan','kreid@gmail.com','rachel39','vXyzVbKyc','F','1915-05-30',104,1);
INSERT INTO staff_member (id,employed_since,position,salary,room) VALUES (167,'2017-05-17','Nurse',25000,3);
INSERT INTO nurse (id,surgery_assistant,preferred_shifts,appointment_assistant,departement_id) VALUES (167,B'0','Day',B'0',5);
INSERT INTO person (id,first_name,second_name,email,user_login,user_password,sex,date_of_birth,age,permission_level) VALUES (168,'Joseph','Johnson','feliciamiller@hotmail.com','megan41','UDdggIIrzAUbuJq','M','1930-05-19',89,2);
INSERT INTO staff_member (id,employed_since,position,salary,room) VALUES (168,'2011-07-01','Professor',35000,36);
INSERT INTO professor (id,research_topic,surgery_participation,departement_id) VALUES (168,'Gastroenterologist',B'0',11);
INSERT INTO person (id,first_name,second_name,email,user_login,user_password,sex,date_of_birth,age,permission_level) VALUES (169,'Steve','Fox','aheath@yahoo.com','robertharris','tzpUxAZCIzByCH','M','1917-05-08',102,1);
INSERT INTO staff_member (id,employed_since,position,salary,room) VALUES (169,'2014-03-13','HR',30000,66);
INSERT INTO hr (id,selection_responsibility) VALUES (169,'Interview');
INSERT INTO person (id,first_name,second_name,email,user_login,user_password,sex,date_of_birth,age,permission_level) VALUES (170,'Keith','Martin','alanjohnson@gmail.com','rebecca18','fcYYMFL','M','1992-01-26',27,3);
INSERT INTO patient (id) VALUES (170);
INSERT INTO patients_address (street,house,apartement) VALUES ('Kayla st.','46','8');
INSERT INTO medical_history (patient_id,date) VALUES (170,'2019-10-28');
INSERT INTO person (id,first_name,second_name,email,user_login,user_password,sex,date_of_birth,age,permission_level) VALUES (171,'Emily','Stephens','bridget07@yahoo.com','donaldvaughn','IBHCoGZJiZXaBj','F','1964-08-09',55,1);
INSERT INTO patient (id) VALUES (171);
INSERT INTO patients_address (street,house,apartement) VALUES ('Jennifer st.','50','4');
INSERT INTO medical_history (patient_id,date) VALUES (171,'2019-11-04');
INSERT INTO person (id,first_name,second_name,email,user_login,user_password,sex,date_of_birth,age,permission_level) VALUES (172,'Mary','Osborne','imason@yahoo.com','cynthiafitzpatrick','WQizjedy','F','1912-10-25',107,4);
INSERT INTO staff_member (id,employed_since,position,salary,room) VALUES (172,'2017-08-18','Doctor',35000,11);
INSERT INTO doctor (id,speciality,emergency_hours,experience,departement_id,supervisor) VALUES (172,'Geriatric Medicine Specialist',B'1',3,13,84);
INSERT INTO person (id,first_name,second_name,email,user_login,user_password,sex,date_of_birth,age,permission_level) VALUES (173,'Stephen','Robinson','wrightmatthew@gmail.com','mklein','ooKCpFzzyqhj','M','1986-06-09',33,2);
INSERT INTO staff_member (id,employed_since,position,salary,room) VALUES (173,'2010-10-08','Maintanence Worker',15000,57);
INSERT INTO maintanence_worker (id,employment_type,speciality) VALUES (173,'Full time','Furniture');
INSERT INTO person (id,first_name,second_name,email,user_login,user_password,sex,date_of_birth,age,permission_level) VALUES (174,'Katherine','Williams','pcantrell@yahoo.com','logancameron','FOOIggDB','F','2012-12-05',7,4);
INSERT INTO staff_member (id,employed_since,position,salary,room) VALUES (174,'2014-04-08','Lab Technician',15000,42);
INSERT INTO lab_technician (id,education_level,departement_id) VALUES (174,'PhD',9);
INSERT INTO person (id,first_name,second_name,email,user_login,user_password,sex,date_of_birth,age,permission_level) VALUES (175,'Mary','Gonzalez','amanda32@hotmail.com','trevor92','UTcxgUoTaZgj','F','1986-06-16',33,2);
INSERT INTO patient (id) VALUES (175);
INSERT INTO patients_address (street,house,apartement) VALUES ('Brandon st.','40','2');
INSERT INTO medical_history (patient_id,date) VALUES (175,'2019-10-25');
INSERT INTO person (id,first_name,second_name,email,user_login,user_password,sex,date_of_birth,age,permission_level) VALUES (176,'Jessica','Brown','andrea41@gmail.com','lgates','EvweZKXEYZkGs','F','1952-12-16',67,3);
INSERT INTO staff_member (id,employed_since,position,salary,room) VALUES (176,'2018-04-02','Security Team Member',10000,62);
INSERT INTO security_team_member (id,shifts,physical_test_grade) VALUES (176,'Night','D');
INSERT INTO person (id,first_name,second_name,email,user_login,user_password,sex,date_of_birth,age,permission_level) VALUES (177,'Daniel','Kelly','nicholsondiamond@hotmail.com','angela81','BdauanWCbcRT','M','1912-07-03',107,3);
INSERT INTO staff_member (id,employed_since,position,salary,room) VALUES (177,'2012-11-11','Reseptionist',15000,56);
INSERT INTO reseptionist (id) VALUES (177);
INSERT INTO languages_spoken (reseptionist_id,language) VALUES (177,'PortuguesRussianPortuguesItalianPortugues');
INSERT INTO person (id,first_name,second_name,email,user_login,user_password,sex,date_of_birth,age,permission_level) VALUES (178,'Nichole','Gibson','cgarcia@yahoo.com','bboyd','uUEQLueBvXaHVrq','F','1916-07-18',103,2);
INSERT INTO staff_member (id,employed_since,position,salary,room) VALUES (178,'2014-06-28','HR',30000,66);
INSERT INTO hr (id,selection_responsibility) VALUES (178,'Review');
INSERT INTO person (id,first_name,second_name,email,user_login,user_password,sex,date_of_birth,age,permission_level) VALUES (179,'Michael','Kelly','donaldrogers@hotmail.com','amandawilliams','xzExQsevyrXgMHP','M','1973-11-30',46,2);
INSERT INTO patient (id) VALUES (179);
INSERT INTO patients_address (street,house,apartement) VALUES ('Dr. st.','34','10');
INSERT INTO medical_history (patient_id,date) VALUES (179,'2019-11-24');
INSERT INTO person (id,first_name,second_name,email,user_login,user_password,sex,date_of_birth,age,permission_level) VALUES (180,'Jacob','Shaffer','jeremy42@hotmail.com','greendennis','OVgNMaohB','M','1960-04-01',59,2);
INSERT INTO patient (id) VALUES (180);
INSERT INTO patients_address (street,house,apartement) VALUES ('Mrs. st.','81','2');
INSERT INTO medical_history (patient_id,date) VALUES (180,'2019-11-06');
INSERT INTO person (id,first_name,second_name,email,user_login,user_password,sex,date_of_birth,age,permission_level) VALUES (181,'Brian','Hartman','cruzcurtis@hotmail.com','wheelersylvia','ucbyxUNWMRxGUH','M','1996-05-11',23,3);
INSERT INTO staff_member (id,employed_since,position,salary,room) VALUES (181,'2013-05-19','Maintanence Worker',15000,59);
INSERT INTO maintanence_worker (id,employment_type,speciality) VALUES (181,'Full time','Furniture');
INSERT INTO person (id,first_name,second_name,email,user_login,user_password,sex,date_of_birth,age,permission_level) VALUES (182,'Robert','Davis','vwilson@gmail.com','anna40','QdtSizGQQhHd','M','1988-09-25',31,3);
INSERT INTO staff_member (id,employed_since,position,salary,room) VALUES (182,'2011-12-14','Doctor',35000,24);
INSERT INTO doctor (id,speciality,emergency_hours,experience,departement_id,supervisor) VALUES (182,'Cardiologist',B'1',10,9,117);
INSERT INTO person (id,first_name,second_name,email,user_login,user_password,sex,date_of_birth,age,permission_level) VALUES (183,'Trevor','Lopez','xwheeler@yahoo.com','harpercynthia','gegajXt','M','1953-11-23',66,4);
INSERT INTO staff_member (id,employed_since,position,salary,room) VALUES (183,'2016-05-16','Professor',35000,40);
INSERT INTO professor (id,research_topic,surgery_participation,departement_id) VALUES (183,'Urologist',B'0',4);
INSERT INTO person (id,first_name,second_name,email,user_login,user_password,sex,date_of_birth,age,permission_level) VALUES (184,'Brandon','Gentry','hayesdennis@yahoo.com','nguyenmatthew','NLglskESu','M','1964-05-30',55,4);
INSERT INTO patient (id) VALUES (184);
INSERT INTO patients_address (street,house,apartement) VALUES ('Jose st.','75','6');
INSERT INTO medical_history (patient_id,date) VALUES (184,'2019-11-22');
INSERT INTO person (id,first_name,second_name,email,user_login,user_password,sex,date_of_birth,age,permission_level) VALUES (185,'Ashley','Kennedy','ryan97@hotmail.com','merrittjohnny','hgyowKshlCSeDs','F','1978-08-25',41,5);
INSERT INTO staff_member (id,employed_since,position,salary,room) VALUES (185,'2017-12-06','Doctor',35000,23);
INSERT INTO doctor (id,speciality,emergency_hours,experience,departement_id,supervisor) VALUES (185,'Dermatologist',B'0',3,1,56);
INSERT INTO person (id,first_name,second_name,email,user_login,user_password,sex,date_of_birth,age,permission_level) VALUES (186,'Matthew','Ortiz','ryandavid@gmail.com','ahorton','mTEUqWqiikzqwI','M','2013-04-06',6,5);
INSERT INTO patient (id) VALUES (186);
INSERT INTO patients_address (street,house,apartement) VALUES ('Haley st.','89','3');
INSERT INTO medical_history (patient_id,date) VALUES (186,'2019-11-05');
INSERT INTO person (id,first_name,second_name,email,user_login,user_password,sex,date_of_birth,age,permission_level) VALUES (187,'James','Chambers','patriciawilson@gmail.com','romerorobert','sdKhuEAU','M','2007-01-11',12,2);
INSERT INTO staff_member (id,employed_since,position,salary,room) VALUES (187,'2011-07-19','Nurse',25000,3);
INSERT INTO nurse (id,surgery_assistant,preferred_shifts,appointment_assistant,departement_id) VALUES (187,B'0','Day',B'1',11);
INSERT INTO person (id,first_name,second_name,email,user_login,user_password,sex,date_of_birth,age,permission_level) VALUES (188,'Jose','Shields','jeremy85@hotmail.com','yesenia55','GFJEOiUyNWJZ','M','1959-02-06',60,3);
INSERT INTO patient (id) VALUES (188);
INSERT INTO patients_address (street,house,apartement) VALUES ('Sylvia st.','53','5');
INSERT INTO medical_history (patient_id,date) VALUES (188,'2019-11-05');
INSERT INTO person (id,first_name,second_name,email,user_login,user_password,sex,date_of_birth,age,permission_level) VALUES (189,'Krystal','Maddox','michaelsmith@hotmail.com','hoffmanjulie','vTeLFJqjcrhH','F','2003-02-02',16,1);
INSERT INTO staff_member (id,employed_since,position,salary,room) VALUES (189,'2010-03-05','Doctor',35000,30);
INSERT INTO doctor (id,speciality,emergency_hours,experience,departement_id,supervisor) VALUES (189,'Obstetrician and Gynecologist',B'0',10,12,56);
INSERT INTO person (id,first_name,second_name,email,user_login,user_password,sex,date_of_birth,age,permission_level) VALUES (190,'Elizabeth','Webster','jeffrey52@gmail.com','ndecker','taCNkBclPaH','F','1967-09-27',52,4);
INSERT INTO staff_member (id,employed_since,position,salary,room) VALUES (190,'2019-04-29','Nurse',25000,6);
INSERT INTO nurse (id,surgery_assistant,preferred_shifts,appointment_assistant,departement_id) VALUES (190,B'0','Day',B'1',17);
INSERT INTO person (id,first_name,second_name,email,user_login,user_password,sex,date_of_birth,age,permission_level) VALUES (191,'Mary','Sanders','jmorrison@gmail.com','pmathis','TOwpTtFknATZLvW','F','1937-10-14',82,2);
INSERT INTO staff_member (id,employed_since,position,salary,room) VALUES (191,'2018-10-11','Pharmasist',20000,69);
INSERT INTO pharmasist (id,education_level,research) VALUES (191,'Postgraduate',B'0');
INSERT INTO person (id,first_name,second_name,email,user_login,user_password,sex,date_of_birth,age,permission_level) VALUES (192,'Brandy','Oneill','jacobsmatthew@gmail.com','michaeljohnson','jKcJTHwGvs','F','1937-07-29',82,3);
INSERT INTO staff_member (id,employed_since,position,salary,room) VALUES (192,'2018-10-12','Doctor',35000,28);
INSERT INTO doctor (id,speciality,emergency_hours,experience,departement_id,supervisor) VALUES (192,'Plastic Surgeon',B'1',4,16,29);
INSERT INTO person (id,first_name,second_name,email,user_login,user_password,sex,date_of_birth,age,permission_level) VALUES (193,'Robert','Perry','liudawn@gmail.com','wmckinney','mqYgedhDf','M','2000-01-21',19,5);
INSERT INTO staff_member (id,employed_since,position,salary,room) VALUES (193,'2016-01-16','Reseptionist',15000,56);
INSERT INTO reseptionist (id) VALUES (193);
INSERT INTO languages_spoken (reseptionist_id,language) VALUES (193,'ArabicPortugues');
INSERT INTO person (id,first_name,second_name,email,user_login,user_password,sex,date_of_birth,age,permission_level) VALUES (194,'Timothy','Harrison','allentimothy@yahoo.com','nixonmario','DfkjmpRTDD','M','1952-09-29',67,1);
INSERT INTO patient (id) VALUES (194);
INSERT INTO patients_address (street,house,apartement) VALUES ('Peggy st.','80','10');
INSERT INTO medical_history (patient_id,date) VALUES (194,'2019-11-01');
INSERT INTO person (id,first_name,second_name,email,user_login,user_password,sex,date_of_birth,age,permission_level) VALUES (195,'Lisa','Rubio','mcclurelisa@hotmail.com','donaldstevens','IVCxtLsOg','F','1930-11-19',89,3);
INSERT INTO staff_member (id,employed_since,position,salary,room) VALUES (195,'2019-04-07','Lab Technician',15000,48);
INSERT INTO lab_technician (id,education_level,departement_id) VALUES (195,'Magister',16);
INSERT INTO person (id,first_name,second_name,email,user_login,user_password,sex,date_of_birth,age,permission_level) VALUES (196,'David','Mason','brendathomas@hotmail.com','erin39','axMOudAgfyM','M','1909-07-30',110,2);
INSERT INTO staff_member (id,employed_since,position,salary,room) VALUES (196,'2017-04-27','HR',30000,65);
INSERT INTO hr (id,selection_responsibility) VALUES (196,'Interview');
INSERT INTO person (id,first_name,second_name,email,user_login,user_password,sex,date_of_birth,age,permission_level) VALUES (197,'Jennifer','Lowery','bakerjulian@yahoo.com','myersscott','TOBhpVGSQ','F','1942-08-06',77,4);
INSERT INTO staff_member (id,employed_since,position,salary,room) VALUES (197,'2014-08-07','Nurse',25000,6);
INSERT INTO nurse (id,surgery_assistant,preferred_shifts,appointment_assistant,departement_id) VALUES (197,B'0','Night',B'0',17);
INSERT INTO person (id,first_name,second_name,email,user_login,user_password,sex,date_of_birth,age,permission_level) VALUES (198,'Joseph','Casey','hendersonsteven@yahoo.com','richard77','GAMQVQwFBCzOfg','M','1942-05-03',77,5);
INSERT INTO staff_member (id,employed_since,position,salary,room) VALUES (198,'2011-10-31','Professor',35000,37);
INSERT INTO professor (id,research_topic,surgery_participation,departement_id) VALUES (198,'Colon Surgeon',B'0',16);
INSERT INTO person (id,first_name,second_name,email,user_login,user_password,sex,date_of_birth,age,permission_level) VALUES (199,'Donald','Brennan','michaelbailey@hotmail.com','sandersmegan','ZJrIEtAIDjo','M','1954-10-16',65,4);
INSERT INTO patient (id) VALUES (199);
INSERT INTO patients_address (street,house,apartement) VALUES ('Melissa st.','94','4');
INSERT INTO medical_history (patient_id,date) VALUES (199,'2019-11-24');
INSERT INTO person (id,first_name,second_name,email,user_login,user_password,sex,date_of_birth,age,permission_level) VALUES (200,'Donna','Blair','llee@gmail.com','kimberlyperez','fJxzNWGbGAwlN','F','1965-10-16',54,1);
INSERT INTO staff_member (id,employed_since,position,salary,room) VALUES (200,'2010-07-14','IT Specialist',15000,74);
INSERT INTO IT_specialist (id,support_line) VALUES (200,B'1');
INSERT INTO person (id,first_name,second_name,email,user_login,user_password,sex,date_of_birth,age,permission_level) VALUES (201,'Dr.','Kenneth','millerjoseph@yahoo.com','kimberly17','NLQBWgWyRPRydsj','M','1984-04-15',35,1);
INSERT INTO staff_member (id,employed_since,position,salary,room) VALUES (201,'2016-11-08','Cleaning Team Worker',10000,54);
INSERT INTO cleaning_team_worker (id,employment_type) VALUES (201,'Full time');
INSERT INTO person (id,first_name,second_name,email,user_login,user_password,sex,date_of_birth,age,permission_level) VALUES (202,'Jesse','Mann','alexanderkenneth@gmail.com','groberts','QuYJelbpPT','M','1932-08-20',87,4);
INSERT INTO staff_member (id,employed_since,position,salary,room) VALUES (202,'2012-07-28','Maintanence Worker',15000,58);
INSERT INTO maintanence_worker (id,employment_type,speciality) VALUES (202,'Full time','Machines');
INSERT INTO person (id,first_name,second_name,email,user_login,user_password,sex,date_of_birth,age,permission_level) VALUES (203,'Margaret','Martinez','zacharywagner@gmail.com','ecraig','EJfyCdz','F','1996-02-26',23,3);
INSERT INTO staff_member (id,employed_since,position,salary,room) VALUES (203,'2016-06-26','Priest',15000,79);
INSERT INTO priest (id,religion) VALUES (203,'Islam');
INSERT INTO person (id,first_name,second_name,email,user_login,user_password,sex,date_of_birth,age,permission_level) VALUES (204,'Megan','Alvarez','deanna23@yahoo.com','nhurst','ONfWbTyJm','F','2019-02-19',0,4);
INSERT INTO staff_member (id,employed_since,position,salary,room) VALUES (204,'2010-11-30','HR',30000,67);
INSERT INTO hr (id,selection_responsibility) VALUES (204,'Interview');
INSERT INTO person (id,first_name,second_name,email,user_login,user_password,sex,date_of_birth,age,permission_level) VALUES (205,'Manuel','Best','joshuareyes@yahoo.com','desireeromero','TIJQqGfYWZZLBJP','M','1945-09-03',74,5);
INSERT INTO staff_member (id,employed_since,position,salary,room) VALUES (205,'2011-10-17','Cook',15000,72);
INSERT INTO cook (id,experience) VALUES (205,2);
INSERT INTO person (id,first_name,second_name,email,user_login,user_password,sex,date_of_birth,age,permission_level) VALUES (206,'Linda','Powers','johnsonmichael@hotmail.com','dawn76','VlkwWIxNrj','F','1905-11-15',114,2);
INSERT INTO staff_member (id,employed_since,position,salary,room) VALUES (206,'2018-01-24','Lab Technician',15000,41);
INSERT INTO lab_technician (id,education_level,departement_id) VALUES (206,'PhD',2);
INSERT INTO person (id,first_name,second_name,email,user_login,user_password,sex,date_of_birth,age,permission_level) VALUES (207,'Alan','Guzman','scott25@gmail.com','vmason','DAorldCayOKhs','M','2017-11-04',2,2);
INSERT INTO staff_member (id,employed_since,position,salary,room) VALUES (207,'2019-01-14','Cleaning Team Worker',10000,52);
INSERT INTO cleaning_team_worker (id,employment_type) VALUES (207,'Full time');
INSERT INTO person (id,first_name,second_name,email,user_login,user_password,sex,date_of_birth,age,permission_level) VALUES (208,'Caleb','Lee','douglasgilmore@hotmail.com','garciaangela','PDMPDDk','M','1933-10-20',86,5);
INSERT INTO staff_member (id,employed_since,position,salary,room) VALUES (208,'2017-08-08','Reseptionist',15000,56);
INSERT INTO reseptionist (id) VALUES (208);
INSERT INTO languages_spoken (reseptionist_id,language) VALUES (208,'PortuguesItalian');
INSERT INTO person (id,first_name,second_name,email,user_login,user_password,sex,date_of_birth,age,permission_level) VALUES (209,'Patrick','Hobbs','williamsrebecca@yahoo.com','bryandougherty','kWwBDVDEmojOCo','M','1951-10-08',68,4);
INSERT INTO staff_member (id,employed_since,position,salary,room) VALUES (209,'2017-04-18','Professor',35000,40);
INSERT INTO professor (id,research_topic,surgery_participation,departement_id) VALUES (209,'Otolaryngologist',B'0',5);
INSERT INTO person (id,first_name,second_name,email,user_login,user_password,sex,date_of_birth,age,permission_level) VALUES (210,'Taylor','Williams','sabrinamartinez@hotmail.com','nicholasgreer','BbYWeiJCchPgG','F','1921-03-13',98,3);
INSERT INTO patient (id) VALUES (210);
INSERT INTO patients_address (street,house,apartement) VALUES ('Andre st.','4','6');
INSERT INTO medical_history (patient_id,date) VALUES (210,'2019-11-10');
INSERT INTO person (id,first_name,second_name,email,user_login,user_password,sex,date_of_birth,age,permission_level) VALUES (211,'Lucas','Herman','jasminewarner@hotmail.com','ktodd','ASefLpSSerrxqZ','M','1912-09-20',107,2);
INSERT INTO staff_member (id,employed_since,position,salary,room) VALUES (211,'2015-09-20','Doctor',35000,11);
INSERT INTO doctor (id,speciality,emergency_hours,experience,departement_id,supervisor) VALUES (211,'Podiatrist',B'0',2,12,55);
INSERT INTO person (id,first_name,second_name,email,user_login,user_password,sex,date_of_birth,age,permission_level) VALUES (212,'Kathy','Campbell','megan58@yahoo.com','wallswilliam','nPhTTNQcQ','F','2019-01-22',0,5);
INSERT INTO staff_member (id,employed_since,position,salary,room) VALUES (212,'2015-11-16','Cleaning Team Worker',10000,55);
INSERT INTO cleaning_team_worker (id,employment_type) VALUES (212,'Part time');
INSERT INTO person (id,first_name,second_name,email,user_login,user_password,sex,date_of_birth,age,permission_level) VALUES (213,'Lisa','Mccoy','andersonnicholas@yahoo.com','harrisonmichele','pEsXxNSVDtd','F','2004-02-29',15,3);
INSERT INTO staff_member (id,employed_since,position,salary,room) VALUES (213,'2010-09-30','Maintanence Worker',15000,60);
INSERT INTO maintanence_worker (id,employment_type,speciality) VALUES (213,'Part time','Machines');
INSERT INTO person (id,first_name,second_name,email,user_login,user_password,sex,date_of_birth,age,permission_level) VALUES (214,'Pam','Simmons','tpatterson@hotmail.com','melissa20','sZXsSdAZOCDrQY','F','1976-02-12',43,2);
INSERT INTO staff_member (id,employed_since,position,salary,room) VALUES (214,'2015-10-21','Nurse',25000,6);
INSERT INTO nurse (id,surgery_assistant,preferred_shifts,appointment_assistant,departement_id) VALUES (214,B'0','Day',B'0',5);
INSERT INTO person (id,first_name,second_name,email,user_login,user_password,sex,date_of_birth,age,permission_level) VALUES (215,'Eric','Burke','fergusonstephanie@gmail.com','david92','sQKKMjOvuAUNQ','M','1947-01-21',72,4);
INSERT INTO staff_member (id,employed_since,position,salary,room) VALUES (215,'2016-08-26','Professor',35000,40);
INSERT INTO professor (id,research_topic,surgery_participation,departement_id) VALUES (215,'Physiatrist',B'1',17);
INSERT INTO person (id,first_name,second_name,email,user_login,user_password,sex,date_of_birth,age,permission_level) VALUES (216,'Patrick','Hess','elizabethreed@hotmail.com','ronald13','tXVWDKXLkL','M','1962-04-26',57,2);
INSERT INTO staff_member (id,employed_since,position,salary,room) VALUES (216,'2012-03-12','Nurse',25000,9);
INSERT INTO nurse (id,surgery_assistant,preferred_shifts,appointment_assistant,departement_id) VALUES (216,B'1','Night',B'1',4);
INSERT INTO person (id,first_name,second_name,email,user_login,user_password,sex,date_of_birth,age,permission_level) VALUES (217,'Megan','Wells','brianlindsey@yahoo.com','barrangela','rrgPwbHRbyzVR','F','1971-01-18',48,3);
INSERT INTO staff_member (id,employed_since,position,salary,room) VALUES (217,'2009-12-08','Professor',35000,36);
INSERT INTO professor (id,research_topic,surgery_participation,departement_id) VALUES (217,'Hematologist',B'1',7);
INSERT INTO person (id,first_name,second_name,email,user_login,user_password,sex,date_of_birth,age,permission_level) VALUES (218,'Nicholas','Johnson','valentinetroy@gmail.com','raykelly','EzfvBGJpPPcGv','M','1947-09-22',72,1);
INSERT INTO staff_member (id,employed_since,position,salary,room) VALUES (218,'2019-02-09','Nurse',25000,4);
INSERT INTO nurse (id,surgery_assistant,preferred_shifts,appointment_assistant,departement_id) VALUES (218,B'1','Night',B'0',4);
INSERT INTO person (id,first_name,second_name,email,user_login,user_password,sex,date_of_birth,age,permission_level) VALUES (219,'Tiffany','Lindsey','marypeterson@yahoo.com','alanrichardson','qTbmxcfCsNIY','F','1965-06-19',54,5);
INSERT INTO patient (id) VALUES (219);
INSERT INTO patients_address (street,house,apartement) VALUES ('Jorge st.','56','7');
INSERT INTO medical_history (patient_id,date) VALUES (219,'2019-11-08');
INSERT INTO person (id,first_name,second_name,email,user_login,user_password,sex,date_of_birth,age,permission_level) VALUES (220,'Cynthia','Skinner','mmoore@yahoo.com','warrenjimmy','kUGtdInOIuzF','F','1998-04-20',21,1);
INSERT INTO staff_member (id,employed_since,position,salary,room) VALUES (220,'2014-05-06','Nurse',25000,7);
INSERT INTO nurse (id,surgery_assistant,preferred_shifts,appointment_assistant,departement_id) VALUES (220,B'0','Night',B'0',7);
INSERT INTO person (id,first_name,second_name,email,user_login,user_password,sex,date_of_birth,age,permission_level) VALUES (221,'Johnathan','Johnson','thompsonjustin@yahoo.com','arnoldethan','twfLMeEDdNweDa','M','1949-09-12',70,3);
INSERT INTO staff_member (id,employed_since,position,salary,room) VALUES (221,'2010-01-17','Security Team Member',10000,61);
INSERT INTO security_team_member (id,shifts,physical_test_grade) VALUES (221,'Day','D');
INSERT INTO person (id,first_name,second_name,email,user_login,user_password,sex,date_of_birth,age,permission_level) VALUES (222,'Jose','Vargas','stephenhall@yahoo.com','wyattatkins','VPsvlXR','M','1933-03-05',86,2);
INSERT INTO staff_member (id,employed_since,position,salary,room) VALUES (222,'2019-08-29','Reseptionist',15000,56);
INSERT INTO reseptionist (id) VALUES (222);
INSERT INTO languages_spoken (reseptionist_id,language) VALUES (222,'PortuguesRussianArabicEnglish');
INSERT INTO person (id,first_name,second_name,email,user_login,user_password,sex,date_of_birth,age,permission_level) VALUES (223,'Paige','Scott','larsenjoel@hotmail.com','yrodriguez','LhtjRMMgUOkozah','F','1960-06-16',59,2);
INSERT INTO patient (id) VALUES (223);
INSERT INTO patients_address (street,house,apartement) VALUES ('Charles st.','47','9');
INSERT INTO medical_history (patient_id,date) VALUES (223,'2019-11-20');
INSERT INTO person (id,first_name,second_name,email,user_login,user_password,sex,date_of_birth,age,permission_level) VALUES (224,'Dr.','Robert','nicholsonmelanie@gmail.com','judiththompson','OJgZRSady','M','1996-12-03',23,1);
INSERT INTO staff_member (id,employed_since,position,salary,room) VALUES (224,'2016-04-18','Professor',35000,40);
INSERT INTO professor (id,research_topic,surgery_participation,departement_id) VALUES (224,'Cardiologist',B'0',14);
INSERT INTO person (id,first_name,second_name,email,user_login,user_password,sex,date_of_birth,age,permission_level) VALUES (225,'Roger','Griffith','nancy53@hotmail.com','anthonymiller','UsjtFqGnAOrA','M','1983-09-15',36,1);
INSERT INTO staff_member (id,employed_since,position,salary,room) VALUES (225,'2017-06-04','Nurse',25000,4);
INSERT INTO nurse (id,surgery_assistant,preferred_shifts,appointment_assistant,departement_id) VALUES (225,B'0','Night',B'0',5);
INSERT INTO person (id,first_name,second_name,email,user_login,user_password,sex,date_of_birth,age,permission_level) VALUES (226,'John','Terrell','smithdenise@gmail.com','renee63','RzSFQvtrQ','M','1951-04-04',68,1);
INSERT INTO staff_member (id,employed_since,position,salary,room) VALUES (226,'2013-12-30','Doctor',35000,18);
INSERT INTO doctor (id,speciality,emergency_hours,experience,departement_id,supervisor) VALUES (226,'Pulmonologist',B'0',10,11,57);
INSERT INTO person (id,first_name,second_name,email,user_login,user_password,sex,date_of_birth,age,permission_level) VALUES (227,'Scott','Cummings','roysharon@hotmail.com','morgan33','UthboXG','M','1938-10-31',81,3);
INSERT INTO patient (id) VALUES (227);
INSERT INTO patients_address (street,house,apartement) VALUES ('Shawn st.','64','9');
INSERT INTO medical_history (patient_id,date) VALUES (227,'2019-11-15');
INSERT INTO person (id,first_name,second_name,email,user_login,user_password,sex,date_of_birth,age,permission_level) VALUES (228,'Jason','Duarte','stonemegan@hotmail.com','justin01','YgMphOLn','M','1992-02-21',27,4);
INSERT INTO staff_member (id,employed_since,position,salary,room) VALUES (228,'2013-04-19','Nurse',25000,4);
INSERT INTO nurse (id,surgery_assistant,preferred_shifts,appointment_assistant,departement_id) VALUES (228,B'0','Day',B'0',2);
INSERT INTO person (id,first_name,second_name,email,user_login,user_password,sex,date_of_birth,age,permission_level) VALUES (229,'Jason','Hill','kellypaul@hotmail.com','theresagardner','uutpjYI','M','1934-09-01',85,5);
INSERT INTO patient (id) VALUES (229);
INSERT INTO patients_address (street,house,apartement) VALUES ('Audrey st.','43','7');
INSERT INTO medical_history (patient_id,date) VALUES (229,'2019-11-08');
INSERT INTO person (id,first_name,second_name,email,user_login,user_password,sex,date_of_birth,age,permission_level) VALUES (230,'Andrew','Larson','jgilbert@gmail.com','othomas','gsurTuRJFRHHd','M','1953-03-08',66,4);
INSERT INTO patient (id) VALUES (230);
INSERT INTO patients_address (street,house,apartement) VALUES ('Jim st.','14','3');
INSERT INTO medical_history (patient_id,date) VALUES (230,'2019-10-25');
INSERT INTO person (id,first_name,second_name,email,user_login,user_password,sex,date_of_birth,age,permission_level) VALUES (231,'Dr.','James','holdenjames@hotmail.com','angela45','GpsuBHY','M','1919-02-09',100,2);
INSERT INTO patient (id) VALUES (231);
INSERT INTO patients_address (street,house,apartement) VALUES ('Veronica st.','40','4');
INSERT INTO medical_history (patient_id,date) VALUES (231,'2019-10-29');
INSERT INTO person (id,first_name,second_name,email,user_login,user_password,sex,date_of_birth,age,permission_level) VALUES (232,'Tyrone','Smith','hadams@gmail.com','elizabethchase','hTKxdOgZSdEh','M','1938-06-24',81,2);
INSERT INTO patient (id) VALUES (232);
INSERT INTO patients_address (street,house,apartement) VALUES ('Jeremy st.','91','2');
INSERT INTO medical_history (patient_id,date) VALUES (232,'2019-10-29');
INSERT INTO person (id,first_name,second_name,email,user_login,user_password,sex,date_of_birth,age,permission_level) VALUES (233,'James','Kelley','riveracheryl@yahoo.com','fullerjennifer','jnHQESeRUY','M','1942-10-31',77,4);
INSERT INTO staff_member (id,employed_since,position,salary,room) VALUES (233,'2017-10-12','Reseptionist',15000,56);
INSERT INTO reseptionist (id) VALUES (233);
INSERT INTO languages_spoken (reseptionist_id,language) VALUES (233,'ArabicItalian');
INSERT INTO person (id,first_name,second_name,email,user_login,user_password,sex,date_of_birth,age,permission_level) VALUES (234,'Mary','Martin','kathleen65@gmail.com','travis79','nHJOuhXLgrrd','F','2004-03-20',15,2);
INSERT INTO patient (id) VALUES (234);
INSERT INTO patients_address (street,house,apartement) VALUES ('Ellen st.','5','6');
INSERT INTO medical_history (patient_id,date) VALUES (234,'2019-11-17');
INSERT INTO person (id,first_name,second_name,email,user_login,user_password,sex,date_of_birth,age,permission_level) VALUES (235,'William','Robinson','lisa57@hotmail.com','wilsontimothy','yJxSczIzWShwU','M','2001-02-08',18,1);
INSERT INTO patient (id) VALUES (235);
INSERT INTO patients_address (street,house,apartement) VALUES ('Rachel st.','77','8');
INSERT INTO medical_history (patient_id,date) VALUES (235,'2019-10-29');
INSERT INTO person (id,first_name,second_name,email,user_login,user_password,sex,date_of_birth,age,permission_level) VALUES (236,'Kevin','Harrington','rwebb@gmail.com','aguilarrobert','uzcDQnqDxR','M','1937-11-15',82,4);
INSERT INTO staff_member (id,employed_since,position,salary,room) VALUES (236,'2014-10-08','Maintanence Worker',15000,59);
INSERT INTO maintanence_worker (id,employment_type,speciality) VALUES (236,'Full time','Machines');
INSERT INTO person (id,first_name,second_name,email,user_login,user_password,sex,date_of_birth,age,permission_level) VALUES (237,'Tina','Alexander','davisjennifer@gmail.com','mendezamanda','tZvGElqzdK','F','1991-03-06',28,2);
INSERT INTO staff_member (id,employed_since,position,salary,room) VALUES (237,'2016-09-07','Nurse',25000,8);
INSERT INTO nurse (id,surgery_assistant,preferred_shifts,appointment_assistant,departement_id) VALUES (237,B'0','Day',B'1',6);
INSERT INTO person (id,first_name,second_name,email,user_login,user_password,sex,date_of_birth,age,permission_level) VALUES (238,'Raymond','Garrett','christopher91@hotmail.com','mmclaughlin','ypLgFBnZz','M','1926-12-14',93,4);
INSERT INTO staff_member (id,employed_since,position,salary,room) VALUES (238,'2013-02-16','Reseptionist',15000,56);
INSERT INTO reseptionist (id) VALUES (238);
INSERT INTO languages_spoken (reseptionist_id,language) VALUES (238,'ArabicTatarRussianArabicArabicRussian');
INSERT INTO person (id,first_name,second_name,email,user_login,user_password,sex,date_of_birth,age,permission_level) VALUES (239,'Daniel','Miller','ybell@hotmail.com','thompsoncassandra','AZfgPHJSEu','M','2009-01-02',10,5);
INSERT INTO staff_member (id,employed_since,position,salary,room) VALUES (239,'2010-12-29','Reseptionist',15000,56);
INSERT INTO reseptionist (id) VALUES (239);
INSERT INTO languages_spoken (reseptionist_id,language) VALUES (239,'EnglishPortuguesArabic');
INSERT INTO person (id,first_name,second_name,email,user_login,user_password,sex,date_of_birth,age,permission_level) VALUES (240,'Cathy','Key','kimrodriguez@yahoo.com','catherineperez','EHoCkYhUOyYyccU','F','1952-08-24',67,5);
INSERT INTO staff_member (id,employed_since,position,salary,room) VALUES (240,'2019-10-02','Nurse',25000,10);
INSERT INTO nurse (id,surgery_assistant,preferred_shifts,appointment_assistant,departement_id) VALUES (240,B'1','Night',B'1',12);
INSERT INTO person (id,first_name,second_name,email,user_login,user_password,sex,date_of_birth,age,permission_level) VALUES (241,'William','Murphy','kennethbradford@gmail.com','alicesantiago','EAgWSmRi','M','1967-04-04',52,5);
INSERT INTO staff_member (id,employed_since,position,salary,room) VALUES (241,'2014-11-15','Security Team Member',10000,62);
INSERT INTO security_team_member (id,shifts,physical_test_grade) VALUES (241,'Night','B');
INSERT INTO person (id,first_name,second_name,email,user_login,user_password,sex,date_of_birth,age,permission_level) VALUES (242,'Robert','White','hammondamanda@gmail.com','jessica44','tMmPCimDKRKbNM','M','1935-08-22',84,1);
INSERT INTO staff_member (id,employed_since,position,salary,room) VALUES (242,'2011-08-13','Lab Technician',15000,47);
INSERT INTO lab_technician (id,education_level,departement_id) VALUES (242,'Magister',13);
INSERT INTO person (id,first_name,second_name,email,user_login,user_password,sex,date_of_birth,age,permission_level) VALUES (243,'Christina','Burton','smithshane@yahoo.com','bonnie66','glzCLEkw','F','1972-05-18',47,1);
INSERT INTO staff_member (id,employed_since,position,salary,room) VALUES (243,'2015-02-11','Nurse',25000,5);
INSERT INTO nurse (id,surgery_assistant,preferred_shifts,appointment_assistant,departement_id) VALUES (243,B'1','Night',B'0',7);
INSERT INTO person (id,first_name,second_name,email,user_login,user_password,sex,date_of_birth,age,permission_level) VALUES (244,'Felicia','Fields','lschultz@gmail.com','bradley64','cNgxUpNnzGkCkx','F','1912-08-03',107,1);
INSERT INTO staff_member (id,employed_since,position,salary,room) VALUES (244,'2012-05-03','Pharmasist',20000,70);
INSERT INTO pharmasist (id,education_level,research) VALUES (244,'Postgraduate',B'0');
INSERT INTO person (id,first_name,second_name,email,user_login,user_password,sex,date_of_birth,age,permission_level) VALUES (245,'Stephanie','Thompson','robert17@yahoo.com','anthony86','vcXsxUJugbYs','F','1916-07-31',103,1);
INSERT INTO staff_member (id,employed_since,position,salary,room) VALUES (245,'2016-04-30','Nurse',25000,4);
INSERT INTO nurse (id,surgery_assistant,preferred_shifts,appointment_assistant,departement_id) VALUES (245,B'0','Day',B'0',9);
INSERT INTO person (id,first_name,second_name,email,user_login,user_password,sex,date_of_birth,age,permission_level) VALUES (246,'Monique','Boyd','ucarter@hotmail.com','jodiwhite','wjPwUnRWqPv','F','2007-02-21',12,3);
INSERT INTO staff_member (id,employed_since,position,salary,room) VALUES (246,'2011-07-06','Doctor',35000,23);
INSERT INTO doctor (id,speciality,emergency_hours,experience,departement_id,supervisor) VALUES (246,'Dermatologist',B'0',9,14,17);
INSERT INTO person (id,first_name,second_name,email,user_login,user_password,sex,date_of_birth,age,permission_level) VALUES (247,'Steven','Brown','courtneygilbert@yahoo.com','browngregory','uIkzGNltYSsNO','M','1957-03-18',62,4);
INSERT INTO patient (id) VALUES (247);
INSERT INTO patients_address (street,house,apartement) VALUES ('Barbara st.','8','3');
INSERT INTO medical_history (patient_id,date) VALUES (247,'2019-11-15');
INSERT INTO person (id,first_name,second_name,email,user_login,user_password,sex,date_of_birth,age,permission_level) VALUES (248,'Richard','Johnson','hudsonveronica@yahoo.com','christophercarpenter','vQUSuuuKbf','M','1946-12-04',73,4);
INSERT INTO staff_member (id,employed_since,position,salary,room) VALUES (248,'2011-01-17','Reseptionist',15000,56);
INSERT INTO reseptionist (id) VALUES (248);
INSERT INTO languages_spoken (reseptionist_id,language) VALUES (248,'Tatar');
INSERT INTO person (id,first_name,second_name,email,user_login,user_password,sex,date_of_birth,age,permission_level) VALUES (249,'Anthony','Ford','stephaniemcdowell@yahoo.com','hickslogan','DUUJgzrzsWLG','M','1944-07-11',75,1);
INSERT INTO staff_member (id,employed_since,position,salary,room) VALUES (249,'2018-10-14','Priest',15000,78);
INSERT INTO priest (id,religion) VALUES (249,'Islam');
INSERT INTO person (id,first_name,second_name,email,user_login,user_password,sex,date_of_birth,age,permission_level) VALUES (250,'Jay','Harmon','ledwards@hotmail.com','melissa13','BGcAysoZPw','M','1946-07-14',73,4);
INSERT INTO patient (id) VALUES (250);
INSERT INTO patients_address (street,house,apartement) VALUES ('Daniel st.','23','9');
INSERT INTO medical_history (patient_id,date) VALUES (250,'2019-11-17');
INSERT INTO person (id,first_name,second_name,email,user_login,user_password,sex,date_of_birth,age,permission_level) VALUES (251,'Megan','Black','colechristopher@yahoo.com','robertbraun','IOqOqndFxtYwJQ','F','1953-06-06',66,4);
INSERT INTO patient (id) VALUES (251);
INSERT INTO patients_address (street,house,apartement) VALUES ('Alicia st.','68','3');
INSERT INTO medical_history (patient_id,date) VALUES (251,'2019-11-23');
INSERT INTO person (id,first_name,second_name,email,user_login,user_password,sex,date_of_birth,age,permission_level) VALUES (252,'Terry','Hansen','judydixon@gmail.com','cesarlong','aLyoPimEZmAojmL','M','1910-11-10',109,4);
INSERT INTO staff_member (id,employed_since,position,salary,room) VALUES (252,'2011-02-02','Professor',35000,34);
INSERT INTO professor (id,research_topic,surgery_participation,departement_id) VALUES (252,'Otolaryngologist',B'0',14);
INSERT INTO person (id,first_name,second_name,email,user_login,user_password,sex,date_of_birth,age,permission_level) VALUES (253,'Alexander','Fleming','nrios@gmail.com','lewiscourtney','wAJjmJCVKvC','M','1941-07-20',78,4);
INSERT INTO staff_member (id,employed_since,position,salary,room) VALUES (253,'2011-08-01','Professor',35000,33);
INSERT INTO professor (id,research_topic,surgery_participation,departement_id) VALUES (253,'Obstetrician and Gynecologist',B'1',4);
INSERT INTO person (id,first_name,second_name,email,user_login,user_password,sex,date_of_birth,age,permission_level) VALUES (254,'Jasmine','Mejia','jessica99@gmail.com','harrelldenise','qVcbjNCWV','F','2015-04-21',4,2);
INSERT INTO staff_member (id,employed_since,position,salary,room) VALUES (254,'2018-05-14','Reseptionist',15000,56);
INSERT INTO reseptionist (id) VALUES (254);
INSERT INTO languages_spoken (reseptionist_id,language) VALUES (254,'ArabicArabicPortuguesArabicItalianEnglish');
INSERT INTO person (id,first_name,second_name,email,user_login,user_password,sex,date_of_birth,age,permission_level) VALUES (255,'Brett','Day','susangriffin@gmail.com','hyoung','tbmqDSH','M','1955-05-15',64,2);
INSERT INTO patient (id) VALUES (255);
INSERT INTO patients_address (street,house,apartement) VALUES ('Rebecca st.','99','9');
INSERT INTO medical_history (patient_id,date) VALUES (255,'2019-11-06');
INSERT INTO person (id,first_name,second_name,email,user_login,user_password,sex,date_of_birth,age,permission_level) VALUES (256,'Julie','Miller','gromero@yahoo.com','jholland','HWkXLuj','F','1970-02-18',49,3);
INSERT INTO patient (id) VALUES (256);
INSERT INTO patients_address (street,house,apartement) VALUES ('Catherine st.','21','7');
INSERT INTO medical_history (patient_id,date) VALUES (256,'2019-11-22');
INSERT INTO person (id,first_name,second_name,email,user_login,user_password,sex,date_of_birth,age,permission_level) VALUES (257,'Jesse','Schmidt','mendozajorge@gmail.com','teresabradley','onexpCFXtYIx','M','1954-04-23',65,4);
INSERT INTO staff_member (id,employed_since,position,salary,room) VALUES (257,'2013-09-07','Professor',35000,32);
INSERT INTO professor (id,research_topic,surgery_participation,departement_id) VALUES (257,'Plastic Surgeon',B'0',1);
INSERT INTO person (id,first_name,second_name,email,user_login,user_password,sex,date_of_birth,age,permission_level) VALUES (258,'Kathryn','Campbell','snyderchristopher@gmail.com','lindsayrodriguez','skTXAUohuUXRLS','F','1988-09-30',31,2);
INSERT INTO staff_member (id,employed_since,position,salary,room) VALUES (258,'2012-07-27','Security Team Member',10000,63);
INSERT INTO security_team_member (id,shifts,physical_test_grade) VALUES (258,'Day','C');
INSERT INTO person (id,first_name,second_name,email,user_login,user_password,sex,date_of_birth,age,permission_level) VALUES (259,'Alexander','Brooks','moniquelowe@yahoo.com','karen60','rjfIqYN','M','1929-03-31',90,2);
INSERT INTO patient (id) VALUES (259);
INSERT INTO patients_address (street,house,apartement) VALUES ('William st.','97','3');
INSERT INTO medical_history (patient_id,date) VALUES (259,'2019-11-18');
INSERT INTO person (id,first_name,second_name,email,user_login,user_password,sex,date_of_birth,age,permission_level) VALUES (260,'Angela','Sanchez','qwiggins@yahoo.com','tami30','bIZBOTcO','F','1929-09-07',90,2);
INSERT INTO staff_member (id,employed_since,position,salary,room) VALUES (260,'2011-10-02','Cleaning Team Worker',10000,51);
INSERT INTO cleaning_team_worker (id,employment_type) VALUES (260,'Part time');
INSERT INTO person (id,first_name,second_name,email,user_login,user_password,sex,date_of_birth,age,permission_level) VALUES (261,'Stephen','Mccoy','websteraaron@hotmail.com','dryan','SMKysIoCrhvxzMF','M','1952-04-21',67,4);
INSERT INTO staff_member (id,employed_since,position,salary,room) VALUES (261,'2015-07-29','Maintanence Worker',15000,59);
INSERT INTO maintanence_worker (id,employment_type,speciality) VALUES (261,'Part time','Hardware');
INSERT INTO person (id,first_name,second_name,email,user_login,user_password,sex,date_of_birth,age,permission_level) VALUES (262,'Candace','Allison','bhoffman@hotmail.com','anitacummings','iQnavIbH','F','2017-07-19',2,3);
INSERT INTO staff_member (id,employed_since,position,salary,room) VALUES (262,'2010-09-03','Security Team Member',10000,61);
INSERT INTO security_team_member (id,shifts,physical_test_grade) VALUES (262,'Day','B');
INSERT INTO person (id,first_name,second_name,email,user_login,user_password,sex,date_of_birth,age,permission_level) VALUES (263,'Carolyn','Foster','mcbrideeric@gmail.com','shari91','ZMedXUKbsD','F','1980-03-28',39,3);
INSERT INTO staff_member (id,employed_since,position,salary,room) VALUES (263,'2017-05-11','Reseptionist',15000,56);
INSERT INTO reseptionist (id) VALUES (263);
INSERT INTO languages_spoken (reseptionist_id,language) VALUES (263,'EnglishArabicItalianItalianPortugues');
INSERT INTO person (id,first_name,second_name,email,user_login,user_password,sex,date_of_birth,age,permission_level) VALUES (264,'Krystal','Campbell','garymendoza@yahoo.com','anthony67','tLUYJfprdcXqNAd','F','1919-03-04',100,4);
INSERT INTO staff_member (id,employed_since,position,salary,room) VALUES (264,'2013-01-24','Nurse',25000,5);
INSERT INTO nurse (id,surgery_assistant,preferred_shifts,appointment_assistant,departement_id) VALUES (264,B'0','Day',B'0',17);
INSERT INTO person (id,first_name,second_name,email,user_login,user_password,sex,date_of_birth,age,permission_level) VALUES (265,'Alex','Dorsey','alexandra04@hotmail.com','imcdaniel','XCcdKWpJXNcRZF','M','1938-06-23',81,5);
INSERT INTO staff_member (id,employed_since,position,salary,room) VALUES (265,'2019-01-13','Professor',35000,40);
INSERT INTO professor (id,research_topic,surgery_participation,departement_id) VALUES (265,'Internist',B'0',5);
INSERT INTO person (id,first_name,second_name,email,user_login,user_password,sex,date_of_birth,age,permission_level) VALUES (266,'Adam','Smith','marie45@gmail.com','charlesdavis','MCnDRgcldw','M','2008-04-11',11,5);
INSERT INTO staff_member (id,employed_since,position,salary,room) VALUES (266,'2011-06-22','Nurse',25000,4);
INSERT INTO nurse (id,surgery_assistant,preferred_shifts,appointment_assistant,departement_id) VALUES (266,B'0','Night',B'0',10);
INSERT INTO person (id,first_name,second_name,email,user_login,user_password,sex,date_of_birth,age,permission_level) VALUES (267,'Kimberly','Morales','hmoore@gmail.com','vargaskirk','gzsDpruH','F','1953-11-13',66,1);
INSERT INTO staff_member (id,employed_since,position,salary,room) VALUES (267,'2012-05-30','Doctor',35000,30);
INSERT INTO doctor (id,speciality,emergency_hours,experience,departement_id,supervisor) VALUES (267,'Physiatrist',B'0',6,8,185);
INSERT INTO person (id,first_name,second_name,email,user_login,user_password,sex,date_of_birth,age,permission_level) VALUES (268,'Terry','Hernandez','tina33@yahoo.com','robertperry','OmEVFDcMexIeXuF','M','1972-11-26',47,2);
INSERT INTO staff_member (id,employed_since,position,salary,room) VALUES (268,'2012-09-24','Doctor',35000,19);
INSERT INTO doctor (id,speciality,emergency_hours,experience,departement_id,supervisor) VALUES (268,'Ophthalmologist',B'0',8,13,29);
INSERT INTO person (id,first_name,second_name,email,user_login,user_password,sex,date_of_birth,age,permission_level) VALUES (269,'Kim','Lucas','iblake@hotmail.com','thomasmatthew','cOhdfhI','F','1953-03-19',66,2);
INSERT INTO patient (id) VALUES (269);
INSERT INTO patients_address (street,house,apartement) VALUES ('Joshua st.','39','6');
INSERT INTO medical_history (patient_id,date) VALUES (269,'2019-11-25');
INSERT INTO person (id,first_name,second_name,email,user_login,user_password,sex,date_of_birth,age,permission_level) VALUES (270,'Mark','Sherman','ylam@hotmail.com','davidjackson','KxuwgqqC','M','1918-12-26',101,3);
INSERT INTO staff_member (id,employed_since,position,salary,room) VALUES (270,'2015-10-03','Doctor',35000,27);
INSERT INTO doctor (id,speciality,emergency_hours,experience,departement_id,supervisor) VALUES (270,'Endocrinologists',B'0',5,6,92);
INSERT INTO person (id,first_name,second_name,email,user_login,user_password,sex,date_of_birth,age,permission_level) VALUES (271,'Logan','Gomez','brice@gmail.com','nelsonjanice','kvMovVrGrmHITT','M','1956-04-03',63,2);
INSERT INTO staff_member (id,employed_since,position,salary,room) VALUES (271,'2012-01-01','Doctor',35000,26);
INSERT INTO doctor (id,speciality,emergency_hours,experience,departement_id,supervisor) VALUES (271,'General Surgeon',B'0',9,15,146);
INSERT INTO person (id,first_name,second_name,email,user_login,user_password,sex,date_of_birth,age,permission_level) VALUES (272,'Zachary','Brady','shortheather@yahoo.com','donnaglover','YGpzJMsbqpQLD','M','1949-04-30',70,1);
INSERT INTO staff_member (id,employed_since,position,salary,room) VALUES (272,'2016-12-30','Doctor',35000,20);
INSERT INTO doctor (id,speciality,emergency_hours,experience,departement_id,supervisor) VALUES (272,'Otolaryngologist',B'1',10,13,102);
INSERT INTO person (id,first_name,second_name,email,user_login,user_password,sex,date_of_birth,age,permission_level) VALUES (273,'Michael','Barber','ronalderickson@yahoo.com','georgehart','PwwzcWpjNqgW','M','1994-09-25',25,3);
INSERT INTO staff_member (id,employed_since,position,salary,room) VALUES (273,'2018-11-28','Lab Technician',15000,47);
INSERT INTO lab_technician (id,education_level,departement_id) VALUES (273,'Bachelor',1);
INSERT INTO person (id,first_name,second_name,email,user_login,user_password,sex,date_of_birth,age,permission_level) VALUES (274,'Casey','English','pdillon@hotmail.com','thompsonmichael','TZeeltwb','M','1920-02-12',99,2);
INSERT INTO staff_member (id,employed_since,position,salary,room) VALUES (274,'2015-10-26','Doctor',35000,21);
INSERT INTO doctor (id,speciality,emergency_hours,experience,departement_id,supervisor) VALUES (274,'Gastroenterologist',B'1',1,3,101);
INSERT INTO person (id,first_name,second_name,email,user_login,user_password,sex,date_of_birth,age,permission_level) VALUES (275,'Robert','Weiss','jennifer75@yahoo.com','rjackson','LvdYLtOLy','M','1977-03-30',42,5);
INSERT INTO staff_member (id,employed_since,position,salary,room) VALUES (275,'2012-10-14','Doctor',35000,19);
INSERT INTO doctor (id,speciality,emergency_hours,experience,departement_id,supervisor) VALUES (275,'Colon Surgeon',B'1',9,1,192);
INSERT INTO person (id,first_name,second_name,email,user_login,user_password,sex,date_of_birth,age,permission_level) VALUES (276,'Ronnie','Townsend','rodrigueztammy@hotmail.com','andrewbrady','gFduzzfJvTiKX','M','2011-11-09',8,5);
INSERT INTO staff_member (id,employed_since,position,salary,room) VALUES (276,'2010-06-14','Security Team Member',10000,63);
INSERT INTO security_team_member (id,shifts,physical_test_grade) VALUES (276,'Day','A');
INSERT INTO person (id,first_name,second_name,email,user_login,user_password,sex,date_of_birth,age,permission_level) VALUES (277,'Christian','Zhang','brittanyhenderson@gmail.com','vbaker','kiXLLsLK','M','1998-03-17',21,5);
INSERT INTO staff_member (id,employed_since,position,salary,room) VALUES (277,'2016-09-08','Reseptionist',15000,56);
INSERT INTO reseptionist (id) VALUES (277);
INSERT INTO languages_spoken (reseptionist_id,language) VALUES (277,'PortuguesRussianItalianRussianPortugues');
INSERT INTO person (id,first_name,second_name,email,user_login,user_password,sex,date_of_birth,age,permission_level) VALUES (278,'Sharon','Smith','jeremybennett@hotmail.com','carlosjones','iEueMPKcVoSklv','F','1967-03-04',52,3);
INSERT INTO staff_member (id,employed_since,position,salary,room) VALUES (278,'2015-04-20','Nurse',25000,6);
INSERT INTO nurse (id,surgery_assistant,preferred_shifts,appointment_assistant,departement_id) VALUES (278,B'0','Night',B'1',7);
INSERT INTO person (id,first_name,second_name,email,user_login,user_password,sex,date_of_birth,age,permission_level) VALUES (279,'Mr.','Manuel','clarkwesley@gmail.com','howarddesiree','ceHHTcBzjfjM','M','1980-11-01',39,5);
INSERT INTO staff_member (id,employed_since,position,salary,room) VALUES (279,'2017-09-20','Professor',35000,34);
INSERT INTO professor (id,research_topic,surgery_participation,departement_id) VALUES (279,'Preventive Medicine Specialist',B'0',1);
INSERT INTO person (id,first_name,second_name,email,user_login,user_password,sex,date_of_birth,age,permission_level) VALUES (280,'Jacob','Hall','jacob51@hotmail.com','lunajessica','MhspAstSpujL','M','1965-04-09',54,4);
INSERT INTO patient (id) VALUES (280);
INSERT INTO patients_address (street,house,apartement) VALUES ('James st.','14','8');
INSERT INTO medical_history (patient_id,date) VALUES (280,'2019-11-22');
INSERT INTO person (id,first_name,second_name,email,user_login,user_password,sex,date_of_birth,age,permission_level) VALUES (281,'Kathleen','Arellano','johnvance@yahoo.com','davidpena','WpnPZONvs','F','2007-10-29',12,2);
INSERT INTO staff_member (id,employed_since,position,salary,room) VALUES (281,'2012-03-28','Nurse',25000,10);
INSERT INTO nurse (id,surgery_assistant,preferred_shifts,appointment_assistant,departement_id) VALUES (281,B'1','Day',B'0',8);
INSERT INTO person (id,first_name,second_name,email,user_login,user_password,sex,date_of_birth,age,permission_level) VALUES (282,'Sandra','Meyer','spark@hotmail.com','ryankrueger','OHPGFkYBPsvNoW','F','1979-07-10',40,2);
INSERT INTO patient (id) VALUES (282);
INSERT INTO patients_address (street,house,apartement) VALUES ('Justin st.','42','3');
INSERT INTO medical_history (patient_id,date) VALUES (282,'2019-11-04');
INSERT INTO person (id,first_name,second_name,email,user_login,user_password,sex,date_of_birth,age,permission_level) VALUES (283,'Christopher','Raymond','spencerbrian@gmail.com','mhart','YkTOaIn','M','1945-12-21',74,2);
INSERT INTO staff_member (id,employed_since,position,salary,room) VALUES (283,'2017-01-23','Lab Technician',15000,50);
INSERT INTO lab_technician (id,education_level,departement_id) VALUES (283,'Postgraduate',3);
INSERT INTO person (id,first_name,second_name,email,user_login,user_password,sex,date_of_birth,age,permission_level) VALUES (284,'James','Roberts','jean12@hotmail.com','seancastro','pwvPxVInA','M','1962-04-21',57,1);
INSERT INTO staff_member (id,employed_since,position,salary,room) VALUES (284,'2016-03-15','Doctor',35000,22);
INSERT INTO doctor (id,speciality,emergency_hours,experience,departement_id,supervisor) VALUES (284,'Ophthalmologist',B'1',4,15,84);
INSERT INTO person (id,first_name,second_name,email,user_login,user_password,sex,date_of_birth,age,permission_level) VALUES (285,'Christina','Stewart','smills@hotmail.com','jacqueline45','RbaxaMUrpHe','F','1952-07-09',67,2);
INSERT INTO staff_member (id,employed_since,position,salary,room) VALUES (285,'2012-07-11','Doctor',35000,28);
INSERT INTO doctor (id,speciality,emergency_hours,experience,departement_id,supervisor) VALUES (285,'Internist',B'0',8,10,192);
INSERT INTO person (id,first_name,second_name,email,user_login,user_password,sex,date_of_birth,age,permission_level) VALUES (286,'William','Richard','david81@yahoo.com','cspence','qphEuZPchpsIcz','M','1981-12-30',38,1);
INSERT INTO patient (id) VALUES (286);
INSERT INTO patients_address (street,house,apartement) VALUES ('Lisa st.','78','3');
INSERT INTO medical_history (patient_id,date) VALUES (286,'2019-10-23');
INSERT INTO person (id,first_name,second_name,email,user_login,user_password,sex,date_of_birth,age,permission_level) VALUES (287,'Melissa','Johnson','lfranklin@gmail.com','rebecca12','ECPYUoreYlF','F','1941-02-21',78,4);
INSERT INTO patient (id) VALUES (287);
INSERT INTO patients_address (street,house,apartement) VALUES ('Jane st.','26','9');
INSERT INTO medical_history (patient_id,date) VALUES (287,'2019-11-15');
INSERT INTO person (id,first_name,second_name,email,user_login,user_password,sex,date_of_birth,age,permission_level) VALUES (288,'Melissa','Sanford','robertsjason@gmail.com','gguzman','qKRuHFeSkyYkNZM','F','1951-08-16',68,1);
INSERT INTO staff_member (id,employed_since,position,salary,room) VALUES (288,'2017-06-03','HR',30000,67);
INSERT INTO hr (id,selection_responsibility) VALUES (288,'Review');
INSERT INTO person (id,first_name,second_name,email,user_login,user_password,sex,date_of_birth,age,permission_level) VALUES (289,'Latoya','Gregory','stevenskyle@yahoo.com','tjenkins','SIwnOmgA','F','1979-03-28',40,5);
INSERT INTO staff_member (id,employed_since,position,salary,room) VALUES (289,'2018-10-01','Cleaning Team Worker',10000,54);
INSERT INTO cleaning_team_worker (id,employment_type) VALUES (289,'Full time');
INSERT INTO person (id,first_name,second_name,email,user_login,user_password,sex,date_of_birth,age,permission_level) VALUES (290,'Amy','Gray','bendervanessa@gmail.com','brianhardy','BHzUEXsSc','F','1946-10-30',73,5);
INSERT INTO staff_member (id,employed_since,position,salary,room) VALUES (290,'2016-02-03','Cleaning Team Worker',10000,53);
INSERT INTO cleaning_team_worker (id,employment_type) VALUES (290,'Full time');
INSERT INTO person (id,first_name,second_name,email,user_login,user_password,sex,date_of_birth,age,permission_level) VALUES (291,'Jeffrey','Mitchell','hjohnson@hotmail.com','matthewjones','lwZeJnqSg','M','2000-07-22',19,4);
INSERT INTO staff_member (id,employed_since,position,salary,room) VALUES (291,'2017-05-26','Reseptionist',15000,56);
INSERT INTO reseptionist (id) VALUES (291);
INSERT INTO languages_spoken (reseptionist_id,language) VALUES (291,'TatarArabicPortuguesItalianPortuguesPortugues');
INSERT INTO person (id,first_name,second_name,email,user_login,user_password,sex,date_of_birth,age,permission_level) VALUES (292,'Roy','Cook','erincantu@gmail.com','allen21','fOURpQuMu','M','1910-08-21',109,3);
INSERT INTO staff_member (id,employed_since,position,salary,room) VALUES (292,'2017-03-24','Professor',35000,35);
INSERT INTO professor (id,research_topic,surgery_participation,departement_id) VALUES (292,'Obstetrician and Gynecologist',B'1',12);
INSERT INTO person (id,first_name,second_name,email,user_login,user_password,sex,date_of_birth,age,permission_level) VALUES (293,'Antonio','Watkins','trevormiranda@gmail.com','simpsoncaleb','vismjYKkHWdrC','M','2019-08-16',0,2);
INSERT INTO patient (id) VALUES (293);
INSERT INTO patients_address (street,house,apartement) VALUES ('Timothy st.','31','4');
INSERT INTO medical_history (patient_id,date) VALUES (293,'2019-10-23');
INSERT INTO person (id,first_name,second_name,email,user_login,user_password,sex,date_of_birth,age,permission_level) VALUES (294,'Amanda','Tucker','hhardy@gmail.com','toddreed','StizSqJ','F','1943-12-09',76,5);
INSERT INTO patient (id) VALUES (294);
INSERT INTO patients_address (street,house,apartement) VALUES ('Dawn st.','73','5');
INSERT INTO medical_history (patient_id,date) VALUES (294,'2019-11-04');
INSERT INTO person (id,first_name,second_name,email,user_login,user_password,sex,date_of_birth,age,permission_level) VALUES (295,'Robert','Wall','allison75@hotmail.com','hburgess','cjHRDRCHAmSbkX','M','1961-04-15',58,3);
INSERT INTO staff_member (id,employed_since,position,salary,room) VALUES (295,'2011-07-11','Professor',35000,36);
INSERT INTO professor (id,research_topic,surgery_participation,departement_id) VALUES (295,'Psychiatrist',B'1',10);
INSERT INTO person (id,first_name,second_name,email,user_login,user_password,sex,date_of_birth,age,permission_level) VALUES (296,'Randy','Dougherty','gwilliams@yahoo.com','christopher02','zvIkClyv','M','2015-03-28',4,1);
INSERT INTO staff_member (id,employed_since,position,salary,room) VALUES (296,'2019-11-26','Cleaning Team Worker',10000,52);
INSERT INTO cleaning_team_worker (id,employment_type) VALUES (296,'Part time');
INSERT INTO person (id,first_name,second_name,email,user_login,user_password,sex,date_of_birth,age,permission_level) VALUES (297,'Michael','Buckley','stephen78@hotmail.com','kingveronica','kgXTUOkZsITid','M','1984-10-30',35,1);
INSERT INTO staff_member (id,employed_since,position,salary,room) VALUES (297,'2015-04-29','IT Specialist',15000,74);
INSERT INTO IT_specialist (id,support_line) VALUES (297,B'1');
INSERT INTO person (id,first_name,second_name,email,user_login,user_password,sex,date_of_birth,age,permission_level) VALUES (298,'George','Gates','manuel43@hotmail.com','fritzrobert','MPGZdtftkQ','M','1989-09-03',30,3);
INSERT INTO staff_member (id,employed_since,position,salary,room) VALUES (298,'2014-05-27','Pharmasist',20000,70);
INSERT INTO pharmasist (id,education_level,research) VALUES (298,'PhD',B'0');
INSERT INTO person (id,first_name,second_name,email,user_login,user_password,sex,date_of_birth,age,permission_level) VALUES (299,'Calvin','Berry','dawnvance@yahoo.com','anthony32','hTWYQGf','M','1938-11-08',81,3);
INSERT INTO staff_member (id,employed_since,position,salary,room) VALUES (299,'2013-03-03','Nurse',25000,4);
INSERT INTO nurse (id,surgery_assistant,preferred_shifts,appointment_assistant,departement_id) VALUES (299,B'1','Night',B'0',13);
INSERT INTO person (id,first_name,second_name,email,user_login,user_password,sex,date_of_birth,age,permission_level) VALUES (300,'James','Guerra','sharihutchinson@hotmail.com','amberwilson','qmyJwoeShvimWrn','M','1923-05-25',96,2);
INSERT INTO staff_member (id,employed_since,position,salary,room) VALUES (300,'2013-12-27','Doctor',35000,16);
INSERT INTO doctor (id,speciality,emergency_hours,experience,departement_id,supervisor) VALUES (300,'Critical Care Medicine Specialist',B'1',8,13,267);
INSERT INTO person (id,first_name,second_name,email,user_login,user_password,sex,date_of_birth,age,permission_level) VALUES (301,'Jeffery','Williams','nstokes@gmail.com','andersoncasey','AQzLRTd','M','1923-03-28',96,5);
INSERT INTO patient (id) VALUES (301);
INSERT INTO patients_address (street,house,apartement) VALUES ('Philip st.','27','4');
INSERT INTO medical_history (patient_id,date) VALUES (301,'2019-11-09');
INSERT INTO person (id,first_name,second_name,email,user_login,user_password,sex,date_of_birth,age,permission_level) VALUES (302,'William','Fischer','davischristopher@hotmail.com','paulshaw','TeLukJu','M','1991-06-29',28,4);
INSERT INTO patient (id) VALUES (302);
INSERT INTO patients_address (street,house,apartement) VALUES ('Matthew st.','68','5');
INSERT INTO medical_history (patient_id,date) VALUES (302,'2019-11-14');
INSERT INTO person (id,first_name,second_name,email,user_login,user_password,sex,date_of_birth,age,permission_level) VALUES (303,'Elizabeth','Munoz','kennethsims@hotmail.com','sara86','qJOmEfEabFHAVP','F','2001-04-18',18,1);
INSERT INTO staff_member (id,employed_since,position,salary,room) VALUES (303,'2009-12-23','Pharmasist',20000,69);
INSERT INTO pharmasist (id,education_level,research) VALUES (303,'PhD',B'0');
INSERT INTO person (id,first_name,second_name,email,user_login,user_password,sex,date_of_birth,age,permission_level) VALUES (304,'Joseph','Shannon','troy33@gmail.com','jessicasandoval','eMwQCLppb','M','1916-07-14',103,2);
INSERT INTO staff_member (id,employed_since,position,salary,room) VALUES (304,'2010-12-22','Nurse',25000,4);
INSERT INTO nurse (id,surgery_assistant,preferred_shifts,appointment_assistant,departement_id) VALUES (304,B'0','Night',B'0',3);
INSERT INTO person (id,first_name,second_name,email,user_login,user_password,sex,date_of_birth,age,permission_level) VALUES (305,'Tracy','Smith','nmiller@hotmail.com','pmeyer','WHHgMPkmwqoPALN','F','1912-01-24',107,3);
INSERT INTO staff_member (id,employed_since,position,salary,room) VALUES (305,'2014-12-19','Cleaning Team Worker',10000,53);
INSERT INTO cleaning_team_worker (id,employment_type) VALUES (305,'Part time');
INSERT INTO person (id,first_name,second_name,email,user_login,user_password,sex,date_of_birth,age,permission_level) VALUES (306,'Whitney','Shepherd','marshalljasmine@yahoo.com','jennifer08','HbxIndRl','F','1917-06-26',102,5);
INSERT INTO staff_member (id,employed_since,position,salary,room) VALUES (306,'2011-06-03','Nurse',25000,3);
INSERT INTO nurse (id,surgery_assistant,preferred_shifts,appointment_assistant,departement_id) VALUES (306,B'0','Night',B'1',13);
INSERT INTO person (id,first_name,second_name,email,user_login,user_password,sex,date_of_birth,age,permission_level) VALUES (307,'Michael','Vega','nford@hotmail.com','qbarnes','ntOkhcKvt','M','1976-06-11',43,2);
INSERT INTO staff_member (id,employed_since,position,salary,room) VALUES (307,'2019-09-09','Lab Technician',15000,48);
INSERT INTO lab_technician (id,education_level,departement_id) VALUES (307,'Magister',7);
INSERT INTO person (id,first_name,second_name,email,user_login,user_password,sex,date_of_birth,age,permission_level) VALUES (308,'Matthew','Martinez','downsvirginia@hotmail.com','derekneal','qUGFWqMCru','M','2000-09-24',19,1);
INSERT INTO staff_member (id,employed_since,position,salary,room) VALUES (308,'2013-06-30','Nurse',25000,4);
INSERT INTO nurse (id,surgery_assistant,preferred_shifts,appointment_assistant,departement_id) VALUES (308,B'1','Day',B'0',7);
INSERT INTO person (id,first_name,second_name,email,user_login,user_password,sex,date_of_birth,age,permission_level) VALUES (309,'Michelle','Morgan','sarah79@gmail.com','emily85','bITcUbPqVYKG','F','1961-06-12',58,4);
INSERT INTO staff_member (id,employed_since,position,salary,room) VALUES (309,'2010-03-27','Nurse',25000,8);
INSERT INTO nurse (id,surgery_assistant,preferred_shifts,appointment_assistant,departement_id) VALUES (309,B'1','Night',B'0',9);
INSERT INTO person (id,first_name,second_name,email,user_login,user_password,sex,date_of_birth,age,permission_level) VALUES (310,'Patrick','King','romantimothy@hotmail.com','cpeters','RvmqFVPUTIP','M','1939-09-05',80,3);
INSERT INTO staff_member (id,employed_since,position,salary,room) VALUES (310,'2015-05-28','Cleaning Team Worker',10000,54);
INSERT INTO cleaning_team_worker (id,employment_type) VALUES (310,'Part time');
INSERT INTO person (id,first_name,second_name,email,user_login,user_password,sex,date_of_birth,age,permission_level) VALUES (311,'Joshua','Walters','novakjill@yahoo.com','madelinepowell','FibsbmELm','M','1946-09-17',73,5);
INSERT INTO staff_member (id,employed_since,position,salary,room) VALUES (311,'2011-06-11','Nurse',25000,8);
INSERT INTO nurse (id,surgery_assistant,preferred_shifts,appointment_assistant,departement_id) VALUES (311,B'0','Day',B'1',16);
INSERT INTO person (id,first_name,second_name,email,user_login,user_password,sex,date_of_birth,age,permission_level) VALUES (312,'Roy','Miller','yjones@hotmail.com','michelle88','hCnwegkVFFR','M','1955-10-09',64,3);
INSERT INTO staff_member (id,employed_since,position,salary,room) VALUES (312,'2016-02-05','Lab Technician',15000,46);
INSERT INTO lab_technician (id,education_level,departement_id) VALUES (312,'Postgraduate',6);
INSERT INTO person (id,first_name,second_name,email,user_login,user_password,sex,date_of_birth,age,permission_level) VALUES (313,'Michael','Mayo','contrerasmichele@hotmail.com','andres39','rWjAKnkdjADavAA','M','1938-12-25',81,3);
INSERT INTO staff_member (id,employed_since,position,salary,room) VALUES (313,'2013-01-23','Doctor',35000,22);
INSERT INTO doctor (id,speciality,emergency_hours,experience,departement_id,supervisor) VALUES (313,'Otolaryngologist',B'1',9,2,246);
INSERT INTO person (id,first_name,second_name,email,user_login,user_password,sex,date_of_birth,age,permission_level) VALUES (314,'Jennifer','Washington','brendanrivas@hotmail.com','longmargaret','VnKLIKqCO','F','1942-03-09',77,3);
INSERT INTO staff_member (id,employed_since,position,salary,room) VALUES (314,'2010-07-24','Nurse',25000,6);
INSERT INTO nurse (id,surgery_assistant,preferred_shifts,appointment_assistant,departement_id) VALUES (314,B'0','Day',B'1',16);
INSERT INTO person (id,first_name,second_name,email,user_login,user_password,sex,date_of_birth,age,permission_level) VALUES (315,'Daniel','Harris','rbarnes@gmail.com','jeffery07','vYyZScyo','M','1928-12-14',91,4);
INSERT INTO staff_member (id,employed_since,position,salary,room) VALUES (315,'2018-07-09','Doctor',35000,29);
INSERT INTO doctor (id,speciality,emergency_hours,experience,departement_id,supervisor) VALUES (315,'Neurologist',B'1',7,3,226);
INSERT INTO person (id,first_name,second_name,email,user_login,user_password,sex,date_of_birth,age,permission_level) VALUES (316,'Theresa','Garcia','qmoore@hotmail.com','stanleybrowning','tJjKLQlWU','F','1990-02-09',29,1);
INSERT INTO patient (id) VALUES (316);
INSERT INTO patients_address (street,house,apartement) VALUES ('Angela st.','91','7');
INSERT INTO medical_history (patient_id,date) VALUES (316,'2019-10-22');
INSERT INTO person (id,first_name,second_name,email,user_login,user_password,sex,date_of_birth,age,permission_level) VALUES (317,'Joshua','Johnson','jennifer34@hotmail.com','quinncharles','psKQRdtucE','M','1979-06-18',40,4);
INSERT INTO staff_member (id,employed_since,position,salary,room) VALUES (317,'2014-08-24','Nurse',25000,7);
INSERT INTO nurse (id,surgery_assistant,preferred_shifts,appointment_assistant,departement_id) VALUES (317,B'1','Day',B'0',9);
INSERT INTO person (id,first_name,second_name,email,user_login,user_password,sex,date_of_birth,age,permission_level) VALUES (318,'Elizabeth','Richards','russell25@hotmail.com','alyssawilliams','kfBYoVLENop','F','2018-06-10',1,5);
INSERT INTO staff_member (id,employed_since,position,salary,room) VALUES (318,'2012-01-01','Nurse',25000,9);
INSERT INTO nurse (id,surgery_assistant,preferred_shifts,appointment_assistant,departement_id) VALUES (318,B'0','Day',B'1',10);
INSERT INTO person (id,first_name,second_name,email,user_login,user_password,sex,date_of_birth,age,permission_level) VALUES (319,'Becky','Vaughn','madeline49@yahoo.com','connor63','hlwodZXTe','F','1997-09-21',22,5);
INSERT INTO staff_member (id,employed_since,position,salary,room) VALUES (319,'2010-03-11','Doctor',35000,28);
INSERT INTO doctor (id,speciality,emergency_hours,experience,departement_id,supervisor) VALUES (319,'Internist',B'0',9,4,101);
INSERT INTO person (id,first_name,second_name,email,user_login,user_password,sex,date_of_birth,age,permission_level) VALUES (320,'Katherine','Meyer','james10@gmail.com','rhodeskayla','TEUmvyaDvmgplm','F','1957-03-13',62,3);
INSERT INTO staff_member (id,employed_since,position,salary,room) VALUES (320,'2015-03-24','Doctor',35000,11);
INSERT INTO doctor (id,speciality,emergency_hours,experience,departement_id,supervisor) VALUES (320,'Rheumatologist',B'1',1,11,182);
INSERT INTO person (id,first_name,second_name,email,user_login,user_password,sex,date_of_birth,age,permission_level) VALUES (321,'Michael','Smith','christopher01@yahoo.com','davidwoods','rflNzchsJeq','M','1948-12-18',71,1);
INSERT INTO staff_member (id,employed_since,position,salary,room) VALUES (321,'2011-12-07','Nurse',25000,10);
INSERT INTO nurse (id,surgery_assistant,preferred_shifts,appointment_assistant,departement_id) VALUES (321,B'1','Day',B'0',1);
INSERT INTO person (id,first_name,second_name,email,user_login,user_password,sex,date_of_birth,age,permission_level) VALUES (322,'Benjamin','Phillips','spencerpalmer@hotmail.com','baileyanthony','xdTlvEtBAOjQsO','M','1992-10-31',27,1);
INSERT INTO staff_member (id,employed_since,position,salary,room) VALUES (322,'2010-06-08','Doctor',35000,19);
INSERT INTO doctor (id,speciality,emergency_hours,experience,departement_id,supervisor) VALUES (322,'Cardiologist',B'1',4,9,320);
INSERT INTO person (id,first_name,second_name,email,user_login,user_password,sex,date_of_birth,age,permission_level) VALUES (323,'Dustin','Young','ramseymichelle@yahoo.com','nhernandez','ZPEpOpLnpe','M','1996-01-20',23,1);
INSERT INTO staff_member (id,employed_since,position,salary,room) VALUES (323,'2016-06-11','Pharmasist',20000,68);
INSERT INTO pharmasist (id,education_level,research) VALUES (323,'PhD',B'0');
INSERT INTO person (id,first_name,second_name,email,user_login,user_password,sex,date_of_birth,age,permission_level) VALUES (324,'Megan','Wong','qingram@gmail.com','seanhansen','cLIgBqZB','F','1996-08-24',23,2);
INSERT INTO staff_member (id,employed_since,position,salary,room) VALUES (324,'2014-12-20','Professor',35000,34);
INSERT INTO professor (id,research_topic,surgery_participation,departement_id) VALUES (324,'Hematologist',B'1',14);
INSERT INTO person (id,first_name,second_name,email,user_login,user_password,sex,date_of_birth,age,permission_level) VALUES (325,'Ashley','Clark','robertskeith@yahoo.com','georgewendy','jMNOYsqjBiX','F','1998-03-10',21,3);
INSERT INTO staff_member (id,employed_since,position,salary,room) VALUES (325,'2017-07-29','Reseptionist',15000,56);
INSERT INTO reseptionist (id) VALUES (325);
INSERT INTO languages_spoken (reseptionist_id,language) VALUES (325,'ItalianItalianPortuguesItalianEnglish');
INSERT INTO person (id,first_name,second_name,email,user_login,user_password,sex,date_of_birth,age,permission_level) VALUES (326,'Andrea','Porter','duartealexander@yahoo.com','reynoldskelsey','lSwnnLINgezC','F','1938-02-08',81,2);
INSERT INTO staff_member (id,employed_since,position,salary,room) VALUES (326,'2013-10-14','Cook',15000,71);
INSERT INTO cook (id,experience) VALUES (326,5);
INSERT INTO person (id,first_name,second_name,email,user_login,user_password,sex,date_of_birth,age,permission_level) VALUES (327,'Christina','White','danielleharrington@yahoo.com','richardking','UvHloqwGifwAkI','F','1955-10-08',64,5);
INSERT INTO patient (id) VALUES (327);
INSERT INTO patients_address (street,house,apartement) VALUES ('Terry st.','37','9');
INSERT INTO medical_history (patient_id,date) VALUES (327,'2019-10-29');
INSERT INTO person (id,first_name,second_name,email,user_login,user_password,sex,date_of_birth,age,permission_level) VALUES (328,'Ann','Johnson','wnelson@hotmail.com','hgutierrez','QeXfgMMtQatUJ','F','1949-01-01',70,3);
INSERT INTO patient (id) VALUES (328);
INSERT INTO patients_address (street,house,apartement) VALUES ('David st.','72','5');
INSERT INTO medical_history (patient_id,date) VALUES (328,'2019-11-27');
INSERT INTO person (id,first_name,second_name,email,user_login,user_password,sex,date_of_birth,age,permission_level) VALUES (329,'Amy','Cherry','susan49@yahoo.com','bradleyrogers','VTmFDWR','F','1924-08-30',95,4);
INSERT INTO staff_member (id,employed_since,position,salary,room) VALUES (329,'2009-12-09','Reseptionist',15000,56);
INSERT INTO reseptionist (id) VALUES (329);
INSERT INTO languages_spoken (reseptionist_id,language) VALUES (329,'TatarPortugues');
INSERT INTO person (id,first_name,second_name,email,user_login,user_password,sex,date_of_birth,age,permission_level) VALUES (330,'Elizabeth','Hall','xklein@hotmail.com','teresa64','ZCLQYOmCLIoZUy','F','1923-04-28',96,1);
INSERT INTO patient (id) VALUES (330);
INSERT INTO patients_address (street,house,apartement) VALUES ('Jeffrey st.','99','4');
INSERT INTO medical_history (patient_id,date) VALUES (330,'2019-10-22');
INSERT INTO person (id,first_name,second_name,email,user_login,user_password,sex,date_of_birth,age,permission_level) VALUES (331,'Antonio','Hurst','grandolph@hotmail.com','vchan','EJfCivKKJy','M','1995-08-30',24,3);
INSERT INTO staff_member (id,employed_since,position,salary,room) VALUES (331,'2015-05-28','Nurse',25000,4);
INSERT INTO nurse (id,surgery_assistant,preferred_shifts,appointment_assistant,departement_id) VALUES (331,B'0','Night',B'1',7);
INSERT INTO person (id,first_name,second_name,email,user_login,user_password,sex,date_of_birth,age,permission_level) VALUES (332,'Laurie','Wolf','michael25@yahoo.com','emilywatkins','JtwhaRBCOzZHsA','F','1929-09-23',90,4);
INSERT INTO staff_member (id,employed_since,position,salary,room) VALUES (332,'2015-07-14','Doctor',35000,18);
INSERT INTO doctor (id,speciality,emergency_hours,experience,departement_id,supervisor) VALUES (332,'Podiatrist',B'0',6,1,320);
INSERT INTO person (id,first_name,second_name,email,user_login,user_password,sex,date_of_birth,age,permission_level) VALUES (333,'Robert','Cain','tylercasey@gmail.com','judy84','VVQsEgAiEvp','M','1987-04-03',32,1);
INSERT INTO staff_member (id,employed_since,position,salary,room) VALUES (333,'2015-06-08','Doctor',35000,15);
INSERT INTO doctor (id,speciality,emergency_hours,experience,departement_id,supervisor) VALUES (333,'Radiologist',B'1',10,4,143);
INSERT INTO person (id,first_name,second_name,email,user_login,user_password,sex,date_of_birth,age,permission_level) VALUES (334,'Thomas','Garcia','elopez@gmail.com','john66','MjSbJae','M','1920-09-08',99,4);
INSERT INTO staff_member (id,employed_since,position,salary,room) VALUES (334,'2011-04-01','Professor',35000,35);
INSERT INTO professor (id,research_topic,surgery_participation,departement_id) VALUES (334,'Critical Care Medicine Specialist',B'0',13);
INSERT INTO person (id,first_name,second_name,email,user_login,user_password,sex,date_of_birth,age,permission_level) VALUES (335,'Justin','Mendoza','mistybuchanan@hotmail.com','david17','kwZEfOZVorFuauf','M','1915-08-13',104,2);
INSERT INTO staff_member (id,employed_since,position,salary,room) VALUES (335,'2019-04-02','Nurse',25000,5);
INSERT INTO nurse (id,surgery_assistant,preferred_shifts,appointment_assistant,departement_id) VALUES (335,B'0','Night',B'1',6);
INSERT INTO person (id,first_name,second_name,email,user_login,user_password,sex,date_of_birth,age,permission_level) VALUES (336,'Justin','Mcneil','michelleholden@yahoo.com','espinozamatthew','WqPjbuIWTnd','M','1941-11-30',78,2);
INSERT INTO patient (id) VALUES (336);
INSERT INTO patients_address (street,house,apartement) VALUES ('Ashley st.','32','9');
INSERT INTO medical_history (patient_id,date) VALUES (336,'2019-11-23');
INSERT INTO person (id,first_name,second_name,email,user_login,user_password,sex,date_of_birth,age,permission_level) VALUES (337,'Leslie','Wang','briancollins@yahoo.com','lsimpson','SWHjsTNERVApRj','F','2013-12-14',6,4);
INSERT INTO staff_member (id,employed_since,position,salary,room) VALUES (337,'2010-10-25','Pharmasist',20000,70);
INSERT INTO pharmasist (id,education_level,research) VALUES (337,'Magister',B'0');
INSERT INTO person (id,first_name,second_name,email,user_login,user_password,sex,date_of_birth,age,permission_level) VALUES (338,'Kendra','Prince','pricelauren@yahoo.com','abbottrandy','nxNlTScdGI','F','1973-04-27',46,2);
INSERT INTO staff_member (id,employed_since,position,salary,room) VALUES (338,'2014-12-27','Security Team Member',10000,61);
INSERT INTO security_team_member (id,shifts,physical_test_grade) VALUES (338,'Day','D');
INSERT INTO person (id,first_name,second_name,email,user_login,user_password,sex,date_of_birth,age,permission_level) VALUES (339,'Audrey','Parker','elijahdavis@gmail.com','xtaylor','fLqtmwSKChu','F','1944-12-08',75,2);
INSERT INTO staff_member (id,employed_since,position,salary,room) VALUES (339,'2011-08-07','Nurse',25000,3);
INSERT INTO nurse (id,surgery_assistant,preferred_shifts,appointment_assistant,departement_id) VALUES (339,B'0','Day',B'0',5);
INSERT INTO person (id,first_name,second_name,email,user_login,user_password,sex,date_of_birth,age,permission_level) VALUES (340,'Sarah','Jones','gordonkristi@hotmail.com','brobinson','SOWfDJJvYXZiuZ','F','1946-06-05',73,2);
INSERT INTO staff_member (id,employed_since,position,salary,room) VALUES (340,'2016-03-07','Nurse',25000,4);
INSERT INTO nurse (id,surgery_assistant,preferred_shifts,appointment_assistant,departement_id) VALUES (340,B'1','Day',B'0',10);
INSERT INTO person (id,first_name,second_name,email,user_login,user_password,sex,date_of_birth,age,permission_level) VALUES (341,'Courtney','Lynn','william37@hotmail.com','bdavis','pftDKEbEnUFOA','F','2004-03-31',15,1);
INSERT INTO staff_member (id,employed_since,position,salary,room) VALUES (341,'2010-07-06','Nurse',25000,8);
INSERT INTO nurse (id,surgery_assistant,preferred_shifts,appointment_assistant,departement_id) VALUES (341,B'0','Day',B'0',11);
INSERT INTO person (id,first_name,second_name,email,user_login,user_password,sex,date_of_birth,age,permission_level) VALUES (342,'Amy','Kaufman','catherineharris@yahoo.com','jenniferdawson','ehtQbjaqL','F','1965-10-21',54,5);
INSERT INTO staff_member (id,employed_since,position,salary,room) VALUES (342,'2015-11-12','Professor',35000,31);
INSERT INTO professor (id,research_topic,surgery_participation,departement_id) VALUES (342,'Rheumatologist',B'0',4);
INSERT INTO person (id,first_name,second_name,email,user_login,user_password,sex,date_of_birth,age,permission_level) VALUES (343,'Jonathan','Walker','elizabethstevenson@hotmail.com','glenngarcia','WKPbzLMnNxoL','M','1916-01-10',103,3);
INSERT INTO staff_member (id,employed_since,position,salary,room) VALUES (343,'2017-07-08','Professor',35000,37);
INSERT INTO professor (id,research_topic,surgery_participation,departement_id) VALUES (343,'Dermatologist',B'0',4);
INSERT INTO person (id,first_name,second_name,email,user_login,user_password,sex,date_of_birth,age,permission_level) VALUES (344,'Darrell','Brown','coxpeter@yahoo.com','erin99','SmVJEbkJA','M','2002-01-06',17,4);
INSERT INTO staff_member (id,employed_since,position,salary,room) VALUES (344,'2019-04-04','Security Team Member',10000,63);
INSERT INTO security_team_member (id,shifts,physical_test_grade) VALUES (344,'Night','C');
INSERT INTO person (id,first_name,second_name,email,user_login,user_password,sex,date_of_birth,age,permission_level) VALUES (345,'Katherine','Hart','higginsgabriela@yahoo.com','ladams','wYNaKgxXHNfH','F','1915-08-09',104,5);
INSERT INTO staff_member (id,employed_since,position,salary,room) VALUES (345,'2018-08-01','Nurse',25000,10);
INSERT INTO nurse (id,surgery_assistant,preferred_shifts,appointment_assistant,departement_id) VALUES (345,B'0','Night',B'1',12);
INSERT INTO person (id,first_name,second_name,email,user_login,user_password,sex,date_of_birth,age,permission_level) VALUES (346,'Connie','Hayes','johnsmith@yahoo.com','kfitzpatrick','dgmBIwTxKK','F','1907-07-16',112,2);
INSERT INTO patient (id) VALUES (346);
INSERT INTO patients_address (street,house,apartement) VALUES ('Tony st.','68','2');
INSERT INTO medical_history (patient_id,date) VALUES (346,'2019-11-23');
INSERT INTO person (id,first_name,second_name,email,user_login,user_password,sex,date_of_birth,age,permission_level) VALUES (347,'Linda','Bell','emily38@hotmail.com','samantha66','qqafZuhARkX','F','1949-01-08',70,1);
INSERT INTO staff_member (id,employed_since,position,salary,room) VALUES (347,'2010-08-10','Pharmasist',20000,68);
INSERT INTO pharmasist (id,education_level,research) VALUES (347,'Magister',B'1');
INSERT INTO person (id,first_name,second_name,email,user_login,user_password,sex,date_of_birth,age,permission_level) VALUES (348,'Mrs.','Elizabeth','bonniemartin@hotmail.com','fperry','iSvCrcPLbMGw','F','1983-01-17',36,5);
INSERT INTO staff_member (id,employed_since,position,salary,room) VALUES (348,'2014-08-04','Professor',35000,32);
INSERT INTO professor (id,research_topic,surgery_participation,departement_id) VALUES (348,'Nephrologist',B'1',15);
INSERT INTO person (id,first_name,second_name,email,user_login,user_password,sex,date_of_birth,age,permission_level) VALUES (349,'Shannon','Cooper','dodsoncassandra@hotmail.com','toddmills','wutsOSGpHsOKCIu','F','1968-06-07',51,5);
INSERT INTO patient (id) VALUES (349);
INSERT INTO patients_address (street,house,apartement) VALUES ('James st.','68','6');
INSERT INTO medical_history (patient_id,date) VALUES (349,'2019-11-15');
INSERT INTO person (id,first_name,second_name,email,user_login,user_password,sex,date_of_birth,age,permission_level) VALUES (350,'Shelly','Curry','harmoncharles@gmail.com','connorjenkins','FGyozBd','F','1915-04-30',104,3);
INSERT INTO staff_member (id,employed_since,position,salary,room) VALUES (350,'2017-07-06','Professor',35000,32);
INSERT INTO professor (id,research_topic,surgery_participation,departement_id) VALUES (350,'Pediatrician',B'1',13);
INSERT INTO person (id,first_name,second_name,email,user_login,user_password,sex,date_of_birth,age,permission_level) VALUES (351,'Christopher','Smith','jessicajoseph@yahoo.com','manningjennifer','sZlGlZfoCR','M','1966-01-04',53,2);
INSERT INTO staff_member (id,employed_since,position,salary,room) VALUES (351,'2014-07-11','HR',30000,64);
INSERT INTO hr (id,selection_responsibility) VALUES (351,'Interview');
INSERT INTO person (id,first_name,second_name,email,user_login,user_password,sex,date_of_birth,age,permission_level) VALUES (352,'Jose','Powell','nicole06@yahoo.com','zgraham','CwrLsFOXUP','M','1944-09-19',75,5);
INSERT INTO staff_member (id,employed_since,position,salary,room) VALUES (352,'2016-12-21','Doctor',35000,30);
INSERT INTO doctor (id,speciality,emergency_hours,experience,departement_id,supervisor) VALUES (352,'Psychiatrist',B'0',5,13,137);
INSERT INTO person (id,first_name,second_name,email,user_login,user_password,sex,date_of_birth,age,permission_level) VALUES (353,'Michelle','Atkins','pratttony@yahoo.com','jaysolis','VvRKKcI','F','2000-05-01',19,3);
INSERT INTO staff_member (id,employed_since,position,salary,room) VALUES (353,'2017-01-02','Doctor',35000,19);
INSERT INTO doctor (id,speciality,emergency_hours,experience,departement_id,supervisor) VALUES (353,'Hospice and Palliative Medicine Specialist',B'1',8,5,87);
INSERT INTO person (id,first_name,second_name,email,user_login,user_password,sex,date_of_birth,age,permission_level) VALUES (354,'Ashley','Blackwell','jwilliams@gmail.com','melissajohnson','WAdqvpQ','F','1938-12-08',81,1);
INSERT INTO patient (id) VALUES (354);
INSERT INTO patients_address (street,house,apartement) VALUES ('Darren st.','80','7');
INSERT INTO medical_history (patient_id,date) VALUES (354,'2019-10-29');
INSERT INTO person (id,first_name,second_name,email,user_login,user_password,sex,date_of_birth,age,permission_level) VALUES (355,'Jason','Mooney','okelly@hotmail.com','zgonzalez','rFtfWswHvDPIvr','M','1904-06-24',115,4);
INSERT INTO staff_member (id,employed_since,position,salary,room) VALUES (355,'2012-01-17','Doctor',35000,16);
INSERT INTO doctor (id,speciality,emergency_hours,experience,departement_id,supervisor) VALUES (355,'Plastic Surgeon',B'1',8,6,56);
INSERT INTO person (id,first_name,second_name,email,user_login,user_password,sex,date_of_birth,age,permission_level) VALUES (356,'Brittany','Rivera','jacobsondavid@hotmail.com','martinezandrea','GgOTuUQRTkac','F','2011-12-09',8,4);
INSERT INTO patient (id) VALUES (356);
INSERT INTO patients_address (street,house,apartement) VALUES ('Michelle st.','68','6');
INSERT INTO medical_history (patient_id,date) VALUES (356,'2019-11-01');
INSERT INTO person (id,first_name,second_name,email,user_login,user_password,sex,date_of_birth,age,permission_level) VALUES (357,'Stephanie','Coleman','patrick95@hotmail.com','smithjames','BzbqAtrEn','F','1938-09-28',81,3);
INSERT INTO staff_member (id,employed_since,position,salary,room) VALUES (357,'2014-02-28','Nurse',25000,9);
INSERT INTO nurse (id,surgery_assistant,preferred_shifts,appointment_assistant,departement_id) VALUES (357,B'1','Night',B'0',2);
INSERT INTO person (id,first_name,second_name,email,user_login,user_password,sex,date_of_birth,age,permission_level) VALUES (358,'Rebekah','Walton','christy94@gmail.com','stevenrogers','awCiRsd','F','1933-05-23',86,1);
INSERT INTO staff_member (id,employed_since,position,salary,room) VALUES (358,'2017-07-22','Nurse',25000,5);
INSERT INTO nurse (id,surgery_assistant,preferred_shifts,appointment_assistant,departement_id) VALUES (358,B'0','Night',B'0',2);
INSERT INTO person (id,first_name,second_name,email,user_login,user_password,sex,date_of_birth,age,permission_level) VALUES (359,'Heather','Mitchell','kennedyadam@hotmail.com','carolyn75','BaUzqqZqMUUpJpO','F','1916-10-26',103,3);
INSERT INTO staff_member (id,employed_since,position,salary,room) VALUES (359,'2019-06-04','Doctor',35000,12);
INSERT INTO doctor (id,speciality,emergency_hours,experience,departement_id,supervisor) VALUES (359,'Obstetrician and Gynecologist',B'1',2,3,84);
INSERT INTO person (id,first_name,second_name,email,user_login,user_password,sex,date_of_birth,age,permission_level) VALUES (360,'Krystal','Roberts','brandymccullough@hotmail.com','fsimpson','yHYdXEPL','F','1963-12-03',56,5);
INSERT INTO staff_member (id,employed_since,position,salary,room) VALUES (360,'2014-09-16','HR',30000,65);
INSERT INTO hr (id,selection_responsibility) VALUES (360,'Review');
INSERT INTO person (id,first_name,second_name,email,user_login,user_password,sex,date_of_birth,age,permission_level) VALUES (361,'Susan','Craig','matthew50@gmail.com','bsmith','lfgaHFrGZv','F','1924-03-01',95,2);
INSERT INTO staff_member (id,employed_since,position,salary,room) VALUES (361,'2010-12-14','Nurse',25000,8);
INSERT INTO nurse (id,surgery_assistant,preferred_shifts,appointment_assistant,departement_id) VALUES (361,B'1','Night',B'0',7);
INSERT INTO person (id,first_name,second_name,email,user_login,user_password,sex,date_of_birth,age,permission_level) VALUES (362,'William','Lewis','dhunter@gmail.com','gregory69','SojJXNyrQ','M','2002-12-16',17,2);
INSERT INTO staff_member (id,employed_since,position,salary,room) VALUES (362,'2012-05-16','Professor',35000,36);
INSERT INTO professor (id,research_topic,surgery_participation,departement_id) VALUES (362,'Pulmonologist',B'1',8);
INSERT INTO person (id,first_name,second_name,email,user_login,user_password,sex,date_of_birth,age,permission_level) VALUES (363,'Danielle','Romero','monicadavis@hotmail.com','emorales','vylSKHtNq','F','1926-07-27',93,4);
INSERT INTO staff_member (id,employed_since,position,salary,room) VALUES (363,'2017-01-20','Security Team Member',10000,63);
INSERT INTO security_team_member (id,shifts,physical_test_grade) VALUES (363,'Day','D');
INSERT INTO person (id,first_name,second_name,email,user_login,user_password,sex,date_of_birth,age,permission_level) VALUES (364,'Sarah','Miller','jessica22@gmail.com','esalazar','LQbUtuTTfCYiwgI','F','1948-10-02',71,2);
INSERT INTO staff_member (id,employed_since,position,salary,room) VALUES (364,'2014-12-25','Cleaning Team Worker',10000,54);
INSERT INTO cleaning_team_worker (id,employment_type) VALUES (364,'Part time');
INSERT INTO person (id,first_name,second_name,email,user_login,user_password,sex,date_of_birth,age,permission_level) VALUES (365,'Wendy','Bradley','marvin72@hotmail.com','beth42','FOSRAwxe','F','1957-03-16',62,3);
INSERT INTO staff_member (id,employed_since,position,salary,room) VALUES (365,'2011-12-16','Security Team Member',10000,63);
INSERT INTO security_team_member (id,shifts,physical_test_grade) VALUES (365,'Night','C');
INSERT INTO person (id,first_name,second_name,email,user_login,user_password,sex,date_of_birth,age,permission_level) VALUES (366,'Chelsea','Rivera','wolfshane@gmail.com','jon63','rpulNfbADgwMkzL','F','1936-04-25',83,5);
INSERT INTO staff_member (id,employed_since,position,salary,room) VALUES (366,'2015-12-02','Lab Technician',15000,47);
INSERT INTO lab_technician (id,education_level,departement_id) VALUES (366,'Magister',10);
INSERT INTO person (id,first_name,second_name,email,user_login,user_password,sex,date_of_birth,age,permission_level) VALUES (367,'Madison','Martinez','istevenson@hotmail.com','nicholssierra','QJQevYHBY','F','1950-06-01',69,5);
INSERT INTO staff_member (id,employed_since,position,salary,room) VALUES (367,'2011-06-27','Doctor',35000,22);
INSERT INTO doctor (id,speciality,emergency_hours,experience,departement_id,supervisor) VALUES (367,'Endocrinologists',B'1',1,6,4);
INSERT INTO person (id,first_name,second_name,email,user_login,user_password,sex,date_of_birth,age,permission_level) VALUES (368,'Scott','Hopkins','william38@gmail.com','melvinmorris','oIpdXQacjLizenC','M','1938-02-02',81,5);
INSERT INTO staff_member (id,employed_since,position,salary,room) VALUES (368,'2019-08-04','Nurse',25000,6);
INSERT INTO nurse (id,surgery_assistant,preferred_shifts,appointment_assistant,departement_id) VALUES (368,B'0','Night',B'0',1);
INSERT INTO person (id,first_name,second_name,email,user_login,user_password,sex,date_of_birth,age,permission_level) VALUES (369,'Michael','Greene','ann72@yahoo.com','breanna98','kCcGbfxzGncdcx','M','1917-05-13',102,5);
INSERT INTO staff_member (id,employed_since,position,salary,room) VALUES (369,'2010-09-17','Doctor',35000,16);
INSERT INTO doctor (id,speciality,emergency_hours,experience,departement_id,supervisor) VALUES (369,'Internist',B'1',10,9,226);
INSERT INTO person (id,first_name,second_name,email,user_login,user_password,sex,date_of_birth,age,permission_level) VALUES (370,'Kathryn','Vance','rodriguezpatrick@yahoo.com','johnturner','wzFlffQExewqeag','F','1915-12-27',104,3);
INSERT INTO staff_member (id,employed_since,position,salary,room) VALUES (370,'2017-05-29','Security Team Member',10000,62);
INSERT INTO security_team_member (id,shifts,physical_test_grade) VALUES (370,'Day','A');
INSERT INTO person (id,first_name,second_name,email,user_login,user_password,sex,date_of_birth,age,permission_level) VALUES (371,'Amber','Patterson','pbond@yahoo.com','sandra67','xFqzxIzbsp','F','1918-09-19',101,1);
INSERT INTO staff_member (id,employed_since,position,salary,room) VALUES (371,'2014-06-11','Lab Technician',15000,50);
INSERT INTO lab_technician (id,education_level,departement_id) VALUES (371,'Magister',6);
INSERT INTO person (id,first_name,second_name,email,user_login,user_password,sex,date_of_birth,age,permission_level) VALUES (372,'Charles','Howell','rita72@gmail.com','morrowjoshua','OpFZLPgGj','M','1992-08-07',27,3);
INSERT INTO staff_member (id,employed_since,position,salary,room) VALUES (372,'2016-04-30','Cleaning Team Worker',10000,54);
INSERT INTO cleaning_team_worker (id,employment_type) VALUES (372,'Part time');
INSERT INTO person (id,first_name,second_name,email,user_login,user_password,sex,date_of_birth,age,permission_level) VALUES (373,'Dominique','Wheeler','taylorian@yahoo.com','cynthiaweber','OdWzgIxm','F','1918-04-30',101,3);
INSERT INTO staff_member (id,employed_since,position,salary,room) VALUES (373,'2013-08-06','HR',30000,66);
INSERT INTO hr (id,selection_responsibility) VALUES (373,'Review');
INSERT INTO person (id,first_name,second_name,email,user_login,user_password,sex,date_of_birth,age,permission_level) VALUES (374,'Meghan','Wright','holmeskathleen@hotmail.com','eileenhicks','FfTnCaMwcdpzVjo','F','1949-12-25',70,4);
INSERT INTO patient (id) VALUES (374);
INSERT INTO patients_address (street,house,apartement) VALUES ('Jennifer st.','59','3');
INSERT INTO medical_history (patient_id,date) VALUES (374,'2019-11-17');
INSERT INTO person (id,first_name,second_name,email,user_login,user_password,sex,date_of_birth,age,permission_level) VALUES (375,'Luis','Williams','darlenelawson@yahoo.com','harrisraven','wFIrpFOVjadXK','M','1906-07-23',113,5);
INSERT INTO patient (id) VALUES (375);
INSERT INTO patients_address (street,house,apartement) VALUES ('Thomas st.','47','2');
INSERT INTO medical_history (patient_id,date) VALUES (375,'2019-11-14');
INSERT INTO person (id,first_name,second_name,email,user_login,user_password,sex,date_of_birth,age,permission_level) VALUES (376,'Vincent','Ryan','conleydaniel@yahoo.com','carolday','XdWNLsOGnndni','M','1969-02-28',50,5);
INSERT INTO staff_member (id,employed_since,position,salary,room) VALUES (376,'2012-08-09','Professor',35000,38);
INSERT INTO professor (id,research_topic,surgery_participation,departement_id) VALUES (376,'Pathologist',B'0',9);
INSERT INTO person (id,first_name,second_name,email,user_login,user_password,sex,date_of_birth,age,permission_level) VALUES (377,'Katrina','Bond','andrewsmall@gmail.com','gbraun','pCEJkuXhaLUXVpz','F','1990-01-07',29,1);
INSERT INTO staff_member (id,employed_since,position,salary,room) VALUES (377,'2018-01-25','Nurse',25000,9);
INSERT INTO nurse (id,surgery_assistant,preferred_shifts,appointment_assistant,departement_id) VALUES (377,B'0','Night',B'1',16);
INSERT INTO person (id,first_name,second_name,email,user_login,user_password,sex,date_of_birth,age,permission_level) VALUES (378,'Mrs.','Dana','fordkathleen@hotmail.com','matthew98','QikIhauvDAMh','F','1932-08-13',87,5);
INSERT INTO staff_member (id,employed_since,position,salary,room) VALUES (378,'2014-07-07','Nurse',25000,4);
INSERT INTO nurse (id,surgery_assistant,preferred_shifts,appointment_assistant,departement_id) VALUES (378,B'0','Night',B'1',12);
INSERT INTO person (id,first_name,second_name,email,user_login,user_password,sex,date_of_birth,age,permission_level) VALUES (379,'Connor','Vasquez','rhorne@gmail.com','garciatrevor','TEgaxDLtqtaVlv','M','2002-07-23',17,1);
INSERT INTO staff_member (id,employed_since,position,salary,room) VALUES (379,'2010-01-20','Professor',35000,35);
INSERT INTO professor (id,research_topic,surgery_participation,departement_id) VALUES (379,'Infectious Disease Specialist',B'1',11);
INSERT INTO person (id,first_name,second_name,email,user_login,user_password,sex,date_of_birth,age,permission_level) VALUES (380,'Philip','Fuentes','donalddaniels@yahoo.com','janet55','EEXyUIH','M','1935-06-07',84,4);
INSERT INTO staff_member (id,employed_since,position,salary,room) VALUES (380,'2013-11-05','Professor',35000,32);
INSERT INTO professor (id,research_topic,surgery_participation,departement_id) VALUES (380,'Anesthesiologist',B'0',7);
INSERT INTO person (id,first_name,second_name,email,user_login,user_password,sex,date_of_birth,age,permission_level) VALUES (381,'Madison','Hobbs','brennantravis@hotmail.com','miranda26','ZpZspZUSWrcSY','F','2016-02-18',3,1);
INSERT INTO patient (id) VALUES (381);
INSERT INTO patients_address (street,house,apartement) VALUES ('Michael st.','56','6');
INSERT INTO medical_history (patient_id,date) VALUES (381,'2019-10-29');
INSERT INTO person (id,first_name,second_name,email,user_login,user_password,sex,date_of_birth,age,permission_level) VALUES (382,'Brianna','Cox','mschultz@gmail.com','pricejoann','MNtsNwKlzFJtuG','F','1983-03-13',36,4);
INSERT INTO staff_member (id,employed_since,position,salary,room) VALUES (382,'2011-01-14','Nurse',25000,4);
INSERT INTO nurse (id,surgery_assistant,preferred_shifts,appointment_assistant,departement_id) VALUES (382,B'0','Night',B'0',6);
INSERT INTO person (id,first_name,second_name,email,user_login,user_password,sex,date_of_birth,age,permission_level) VALUES (383,'Jacqueline','Brown','amy49@gmail.com','nelsonwilliam','pSlrmxwlIH','F','1953-09-29',66,2);
INSERT INTO staff_member (id,employed_since,position,salary,room) VALUES (383,'2015-02-10','Security Team Member',10000,61);
INSERT INTO security_team_member (id,shifts,physical_test_grade) VALUES (383,'Day','C');
INSERT INTO person (id,first_name,second_name,email,user_login,user_password,sex,date_of_birth,age,permission_level) VALUES (384,'Kimberly','Hood','chamberslisa@hotmail.com','aorozco','FKmGaEwUKSWnQ','F','1965-04-22',54,1);
INSERT INTO staff_member (id,employed_since,position,salary,room) VALUES (384,'2018-05-07','Doctor',35000,21);
INSERT INTO doctor (id,speciality,emergency_hours,experience,departement_id,supervisor) VALUES (384,'Otolaryngologist',B'1',10,7,97);
INSERT INTO person (id,first_name,second_name,email,user_login,user_password,sex,date_of_birth,age,permission_level) VALUES (385,'Dr.','Cathy','tbarr@yahoo.com','johndavis','qkUATEfHgFGCp','F','2004-07-16',15,5);
INSERT INTO staff_member (id,employed_since,position,salary,room) VALUES (385,'2010-10-07','Maintanence Worker',15000,59);
INSERT INTO maintanence_worker (id,employment_type,speciality) VALUES (385,'Full time','Hardware');
INSERT INTO person (id,first_name,second_name,email,user_login,user_password,sex,date_of_birth,age,permission_level) VALUES (386,'Lisa','Johnson','jacksonkatelyn@yahoo.com','haileyblack','jRUXMzuNbjWXueH','F','1954-02-27',65,5);
INSERT INTO staff_member (id,employed_since,position,salary,room) VALUES (386,'2016-08-02','Doctor',35000,17);
INSERT INTO doctor (id,speciality,emergency_hours,experience,departement_id,supervisor) VALUES (386,'Internist',B'1',1,9,320);
INSERT INTO person (id,first_name,second_name,email,user_login,user_password,sex,date_of_birth,age,permission_level) VALUES (387,'Donald','Jones','jimmy67@yahoo.com','steven24','CBTVevLMVaPQivF','M','1949-09-14',70,3);
INSERT INTO staff_member (id,employed_since,position,salary,room) VALUES (387,'2018-07-27','IT Specialist',15000,74);
INSERT INTO IT_specialist (id,support_line) VALUES (387,B'1');
INSERT INTO person (id,first_name,second_name,email,user_login,user_password,sex,date_of_birth,age,permission_level) VALUES (388,'Lori','Green','thomas81@yahoo.com','alexandragrant','xAcejaR','F','1907-06-13',112,5);
INSERT INTO patient (id) VALUES (388);
INSERT INTO patients_address (street,house,apartement) VALUES ('Stephen st.','23','9');
INSERT INTO medical_history (patient_id,date) VALUES (388,'2019-11-10');
INSERT INTO person (id,first_name,second_name,email,user_login,user_password,sex,date_of_birth,age,permission_level) VALUES (389,'Ashley','Wall','lawsonangela@yahoo.com','shannonherman','pzYlbOQpQ','F','2000-11-30',19,3);
INSERT INTO staff_member (id,employed_since,position,salary,room) VALUES (389,'2010-06-11','Reseptionist',15000,56);
INSERT INTO reseptionist (id) VALUES (389);
INSERT INTO languages_spoken (reseptionist_id,language) VALUES (389,'Tatar');
INSERT INTO person (id,first_name,second_name,email,user_login,user_password,sex,date_of_birth,age,permission_level) VALUES (390,'John','Gordon','kwagner@yahoo.com','phamadam','zACmYUS','M','2019-10-05',0,3);
INSERT INTO staff_member (id,employed_since,position,salary,room) VALUES (390,'2014-06-29','Cleaning Team Worker',10000,54);
INSERT INTO cleaning_team_worker (id,employment_type) VALUES (390,'Full time');
INSERT INTO person (id,first_name,second_name,email,user_login,user_password,sex,date_of_birth,age,permission_level) VALUES (391,'Justin','Harris','chenapril@yahoo.com','eweiss','oDbZOgLRIBP','M','1979-07-12',40,5);
INSERT INTO staff_member (id,employed_since,position,salary,room) VALUES (391,'2011-04-11','Doctor',35000,22);
INSERT INTO doctor (id,speciality,emergency_hours,experience,departement_id,supervisor) VALUES (391,'Nephrologist',B'1',1,7,384);
INSERT INTO person (id,first_name,second_name,email,user_login,user_password,sex,date_of_birth,age,permission_level) VALUES (392,'Tyler','Harris','waynecarter@yahoo.com','lydia17','BrvQLMjjCXcRa','M','1951-09-21',68,5);
INSERT INTO staff_member (id,employed_since,position,salary,room) VALUES (392,'2018-05-25','Professor',35000,40);
INSERT INTO professor (id,research_topic,surgery_participation,departement_id) VALUES (392,'Emergency Medicine Specialist',B'0',16);
INSERT INTO person (id,first_name,second_name,email,user_login,user_password,sex,date_of_birth,age,permission_level) VALUES (393,'Christopher','Watkins','james00@gmail.com','gibsonkevin','TYiYObo','M','2010-12-21',9,2);
INSERT INTO patient (id) VALUES (393);
INSERT INTO patients_address (street,house,apartement) VALUES ('Tara st.','32','10');
INSERT INTO medical_history (patient_id,date) VALUES (393,'2019-10-24');
INSERT INTO person (id,first_name,second_name,email,user_login,user_password,sex,date_of_birth,age,permission_level) VALUES (394,'Richard','Price','tylerharper@hotmail.com','kristenholloway','gupcQZvqMuFr','M','1996-05-17',23,4);
INSERT INTO staff_member (id,employed_since,position,salary,room) VALUES (394,'2017-04-09','Pharmasist',20000,68);
INSERT INTO pharmasist (id,education_level,research) VALUES (394,'Postgraduate',B'1');
INSERT INTO person (id,first_name,second_name,email,user_login,user_password,sex,date_of_birth,age,permission_level) VALUES (395,'Amanda','Robbins','xtate@hotmail.com','catherinehayes','wQRwdPLbVW','F','1905-10-03',114,1);
INSERT INTO staff_member (id,employed_since,position,salary,room) VALUES (395,'2013-10-06','Nurse',25000,9);
INSERT INTO nurse (id,surgery_assistant,preferred_shifts,appointment_assistant,departement_id) VALUES (395,B'0','Night',B'1',17);
INSERT INTO person (id,first_name,second_name,email,user_login,user_password,sex,date_of_birth,age,permission_level) VALUES (396,'Nicole','Mcbride','ashleyduran@hotmail.com','vanessagreen','bXGPQcL','F','1925-09-28',94,1);
INSERT INTO staff_member (id,employed_since,position,salary,room) VALUES (396,'2018-03-26','Doctor',35000,28);
INSERT INTO doctor (id,speciality,emergency_hours,experience,departement_id,supervisor) VALUES (396,'Emergency Medicine Specialist',B'0',5,6,86);
INSERT INTO person (id,first_name,second_name,email,user_login,user_password,sex,date_of_birth,age,permission_level) VALUES (397,'Kristen','Roberts','amanda87@yahoo.com','daviddaniel','oliUOWsR','F','1995-05-20',24,5);
INSERT INTO staff_member (id,employed_since,position,salary,room) VALUES (397,'2011-03-18','Nurse',25000,9);
INSERT INTO nurse (id,surgery_assistant,preferred_shifts,appointment_assistant,departement_id) VALUES (397,B'0','Night',B'1',2);
INSERT INTO person (id,first_name,second_name,email,user_login,user_password,sex,date_of_birth,age,permission_level) VALUES (398,'Tiffany','Rodriguez','nbanks@hotmail.com','vturner','RbhQSDHBhUB','F','1935-03-30',84,4);
INSERT INTO staff_member (id,employed_since,position,salary,room) VALUES (398,'2015-05-20','Professor',35000,37);
INSERT INTO professor (id,research_topic,surgery_participation,departement_id) VALUES (398,'Ophthalmologist',B'0',13);
INSERT INTO person (id,first_name,second_name,email,user_login,user_password,sex,date_of_birth,age,permission_level) VALUES (399,'Christopher','Johnson','crystalmartinez@hotmail.com','georgefoster','JtYCjQcrRzp','M','1925-04-29',94,3);
INSERT INTO staff_member (id,employed_since,position,salary,room) VALUES (399,'2013-03-01','Nurse',25000,5);
INSERT INTO nurse (id,surgery_assistant,preferred_shifts,appointment_assistant,departement_id) VALUES (399,B'1','Night',B'1',2);
INSERT INTO person (id,first_name,second_name,email,user_login,user_password,sex,date_of_birth,age,permission_level) VALUES (400,'Alexandra','House','timothycruz@hotmail.com','thomasgabrielle','XrqLKaMQZdYcHhE','F','1963-01-13',56,3);
INSERT INTO patient (id) VALUES (400);
INSERT INTO patients_address (street,house,apartement) VALUES ('Wesley st.','35','4');
INSERT INTO medical_history (patient_id,date) VALUES (400,'2019-10-23');
INSERT INTO person (id,first_name,second_name,email,user_login,user_password,sex,date_of_birth,age,permission_level) VALUES (401,'Samantha','Hunt','pruittcheryl@yahoo.com','steven49','kgbdBgnyFWvT','F','1998-08-15',21,5);
INSERT INTO staff_member (id,employed_since,position,salary,room) VALUES (401,'2011-05-16','Reseptionist',15000,56);
INSERT INTO reseptionist (id) VALUES (401);
INSERT INTO languages_spoken (reseptionist_id,language) VALUES (401,'RussianPortuguesPortugues');
INSERT INTO person (id,first_name,second_name,email,user_login,user_password,sex,date_of_birth,age,permission_level) VALUES (402,'Jason','Hunter','toddjamie@yahoo.com','ashley72','zpAJAfl','M','1964-12-17',55,4);
INSERT INTO staff_member (id,employed_since,position,salary,room) VALUES (402,'2014-12-04','Reseptionist',15000,56);
INSERT INTO reseptionist (id) VALUES (402);
INSERT INTO languages_spoken (reseptionist_id,language) VALUES (402,'PortuguesPortuguesEnglishItalianTatar');
INSERT INTO person (id,first_name,second_name,email,user_login,user_password,sex,date_of_birth,age,permission_level) VALUES (403,'Jennifer','Davis','rachel98@yahoo.com','sarah35','xliLwGcbuWlbX','F','2015-03-14',4,2);
INSERT INTO staff_member (id,employed_since,position,salary,room) VALUES (403,'2015-02-28','Doctor',35000,30);
INSERT INTO doctor (id,speciality,emergency_hours,experience,departement_id,supervisor) VALUES (403,'Plastic Surgeon',B'1',1,2,352);
INSERT INTO person (id,first_name,second_name,email,user_login,user_password,sex,date_of_birth,age,permission_level) VALUES (404,'Robert','Burke','robertdaniels@yahoo.com','harpercharles','bJZcTRyioVP','M','1963-11-06',56,2);
INSERT INTO staff_member (id,employed_since,position,salary,room) VALUES (404,'2013-08-08','Reseptionist',15000,56);
INSERT INTO reseptionist (id) VALUES (404);
INSERT INTO languages_spoken (reseptionist_id,language) VALUES (404,'ArabicTatarItalianRussianPortuguesItalian');
INSERT INTO person (id,first_name,second_name,email,user_login,user_password,sex,date_of_birth,age,permission_level) VALUES (405,'Juan','Patel','vflowers@gmail.com','ramirezshannon','SsdOecXwcgTz','M','2010-06-10',9,5);
INSERT INTO staff_member (id,employed_since,position,salary,room) VALUES (405,'2012-08-31','Lab Technician',15000,44);
INSERT INTO lab_technician (id,education_level,departement_id) VALUES (405,'Bachelor',1);
INSERT INTO person (id,first_name,second_name,email,user_login,user_password,sex,date_of_birth,age,permission_level) VALUES (406,'Pamela','Snyder','karen67@gmail.com','daniel61','uvYouIN','F','1907-04-30',112,2);
INSERT INTO patient (id) VALUES (406);
INSERT INTO patients_address (street,house,apartement) VALUES ('George st.','40','5');
INSERT INTO medical_history (patient_id,date) VALUES (406,'2019-11-12');
INSERT INTO person (id,first_name,second_name,email,user_login,user_password,sex,date_of_birth,age,permission_level) VALUES (407,'Daniel','Wu','roberto40@yahoo.com','kimberlywilliams','JoZoUnwgZZlAfD','M','1936-02-25',83,2);
INSERT INTO staff_member (id,employed_since,position,salary,room) VALUES (407,'2009-12-21','Lab Technician',15000,48);
INSERT INTO lab_technician (id,education_level,departement_id) VALUES (407,'Magister',1);
INSERT INTO person (id,first_name,second_name,email,user_login,user_password,sex,date_of_birth,age,permission_level) VALUES (408,'Valerie','Mccarthy','larry37@gmail.com','burnsderrick','VkoResMmCvDGz','F','1956-05-12',63,5);
INSERT INTO staff_member (id,employed_since,position,salary,room) VALUES (408,'2011-11-09','Reseptionist',15000,56);
INSERT INTO reseptionist (id) VALUES (408);
INSERT INTO languages_spoken (reseptionist_id,language) VALUES (408,'TatarTatarArabicRussianTatar');
INSERT INTO person (id,first_name,second_name,email,user_login,user_password,sex,date_of_birth,age,permission_level) VALUES (409,'Cathy','Blake','jeff93@yahoo.com','wongbryan','EBTHJTdeo','F','1995-03-28',24,3);
INSERT INTO staff_member (id,employed_since,position,salary,room) VALUES (409,'2014-10-05','Doctor',35000,22);
INSERT INTO doctor (id,speciality,emergency_hours,experience,departement_id,supervisor) VALUES (409,'Gastroenterologist',B'1',8,17,319);
INSERT INTO person (id,first_name,second_name,email,user_login,user_password,sex,date_of_birth,age,permission_level) VALUES (410,'Daniel','Salazar','christopher50@hotmail.com','eringarcia','ZqBnXnL','M','2019-02-16',0,2);
INSERT INTO patient (id) VALUES (410);
INSERT INTO patients_address (street,house,apartement) VALUES ('Valerie st.','82','6');
INSERT INTO medical_history (patient_id,date) VALUES (410,'2019-11-04');
INSERT INTO person (id,first_name,second_name,email,user_login,user_password,sex,date_of_birth,age,permission_level) VALUES (411,'Anne','Nixon','beverly07@gmail.com','vwilliams','AWKsiXcHttidaB','F','1984-01-26',35,4);
INSERT INTO patient (id) VALUES (411);
INSERT INTO patients_address (street,house,apartement) VALUES ('Charles st.','61','10');
INSERT INTO medical_history (patient_id,date) VALUES (411,'2019-10-28');
INSERT INTO person (id,first_name,second_name,email,user_login,user_password,sex,date_of_birth,age,permission_level) VALUES (412,'Jared','Nguyen','whernandez@yahoo.com','richarddrake','yLYFfCOXlkW','M','2014-02-26',5,5);
INSERT INTO staff_member (id,employed_since,position,salary,room) VALUES (412,'2017-10-05','Doctor',35000,12);
INSERT INTO doctor (id,speciality,emergency_hours,experience,departement_id,supervisor) VALUES (412,'Rheumatologist',B'1',1,15,268);
INSERT INTO person (id,first_name,second_name,email,user_login,user_password,sex,date_of_birth,age,permission_level) VALUES (413,'Karen','Williams','thomasmendez@hotmail.com','marquezdeborah','uYdsIqghkmSUa','F','1954-09-25',65,2);
INSERT INTO staff_member (id,employed_since,position,salary,room) VALUES (413,'2017-03-10','Nurse',25000,10);
INSERT INTO nurse (id,surgery_assistant,preferred_shifts,appointment_assistant,departement_id) VALUES (413,B'1','Day',B'0',16);
INSERT INTO person (id,first_name,second_name,email,user_login,user_password,sex,date_of_birth,age,permission_level) VALUES (414,'Laura','Green','nicole87@yahoo.com','bchavez','nUYESYdFAoQ','F','2005-01-04',14,2);
INSERT INTO staff_member (id,employed_since,position,salary,room) VALUES (414,'2015-10-17','Nurse',25000,8);
INSERT INTO nurse (id,surgery_assistant,preferred_shifts,appointment_assistant,departement_id) VALUES (414,B'1','Night',B'1',15);
INSERT INTO person (id,first_name,second_name,email,user_login,user_password,sex,date_of_birth,age,permission_level) VALUES (415,'Elizabeth','Jordan','morrisonjared@hotmail.com','jeffreythompson','NoHZBChkWzBW','F','2019-02-21',0,1);
INSERT INTO staff_member (id,employed_since,position,salary,room) VALUES (415,'2017-04-18','Nurse',25000,5);
INSERT INTO nurse (id,surgery_assistant,preferred_shifts,appointment_assistant,departement_id) VALUES (415,B'1','Day',B'0',6);
INSERT INTO person (id,first_name,second_name,email,user_login,user_password,sex,date_of_birth,age,permission_level) VALUES (416,'Lindsay','Ruiz','richardsjoshua@gmail.com','fbrown','dZxBXRJCuTjT','F','2006-07-12',13,2);
INSERT INTO staff_member (id,employed_since,position,salary,room) VALUES (416,'2015-02-04','Nurse',25000,8);
INSERT INTO nurse (id,surgery_assistant,preferred_shifts,appointment_assistant,departement_id) VALUES (416,B'0','Night',B'0',10);
INSERT INTO person (id,first_name,second_name,email,user_login,user_password,sex,date_of_birth,age,permission_level) VALUES (417,'Bruce','Vang','brownerin@yahoo.com','cherylwalker','NRRmrysAX','M','1919-04-06',100,4);
INSERT INTO staff_member (id,employed_since,position,salary,room) VALUES (417,'2017-06-27','Nurse',25000,9);
INSERT INTO nurse (id,surgery_assistant,preferred_shifts,appointment_assistant,departement_id) VALUES (417,B'0','Night',B'0',4);
INSERT INTO person (id,first_name,second_name,email,user_login,user_password,sex,date_of_birth,age,permission_level) VALUES (418,'Joel','Cook','swilliams@gmail.com','meyerslinda','EZBvEVEHQaHFqSO','M','2018-01-15',1,5);
INSERT INTO staff_member (id,employed_since,position,salary,room) VALUES (418,'2011-01-19','HR',30000,64);
INSERT INTO hr (id,selection_responsibility) VALUES (418,'Interview');
INSERT INTO person (id,first_name,second_name,email,user_login,user_password,sex,date_of_birth,age,permission_level) VALUES (419,'Brandy','Foster','gbuckley@gmail.com','nsweeney','gZfgDFlEp','F','1954-03-21',65,2);
INSERT INTO patient (id) VALUES (419);
INSERT INTO patients_address (street,house,apartement) VALUES ('Darlene st.','11','2');
INSERT INTO medical_history (patient_id,date) VALUES (419,'2019-11-01');
INSERT INTO person (id,first_name,second_name,email,user_login,user_password,sex,date_of_birth,age,permission_level) VALUES (420,'Alisha','Garcia','brownderrick@gmail.com','abbottjason','tnaIrtlaPpwvXIC','F','1941-08-31',78,2);
INSERT INTO staff_member (id,employed_since,position,salary,room) VALUES (420,'2015-03-01','Security Team Member',10000,63);
INSERT INTO security_team_member (id,shifts,physical_test_grade) VALUES (420,'Night','D');
INSERT INTO person (id,first_name,second_name,email,user_login,user_password,sex,date_of_birth,age,permission_level) VALUES (421,'Maureen','Smith','dixondavid@hotmail.com','ricejennifer','QWpfXGHrbi','F','1999-08-21',20,5);
INSERT INTO staff_member (id,employed_since,position,salary,room) VALUES (421,'2018-02-04','Nurse',25000,6);
INSERT INTO nurse (id,surgery_assistant,preferred_shifts,appointment_assistant,departement_id) VALUES (421,B'0','Day',B'0',13);
INSERT INTO person (id,first_name,second_name,email,user_login,user_password,sex,date_of_birth,age,permission_level) VALUES (422,'Mr.','Kenneth','markevans@hotmail.com','keith92','xShIRWiHm','M','1990-05-08',29,3);
INSERT INTO staff_member (id,employed_since,position,salary,room) VALUES (422,'2017-07-20','Professor',35000,36);
INSERT INTO professor (id,research_topic,surgery_participation,departement_id) VALUES (422,'Nephrologist',B'1',3);
INSERT INTO person (id,first_name,second_name,email,user_login,user_password,sex,date_of_birth,age,permission_level) VALUES (423,'Lori','White','garciadavid@yahoo.com','bpage','DpTKZwU','F','2014-02-09',5,1);
INSERT INTO staff_member (id,employed_since,position,salary,room) VALUES (423,'2019-02-02','Pharmasist',20000,70);
INSERT INTO pharmasist (id,education_level,research) VALUES (423,'Bachelor',B'0');
INSERT INTO person (id,first_name,second_name,email,user_login,user_password,sex,date_of_birth,age,permission_level) VALUES (424,'Dustin','Barnes','csharp@gmail.com','davidcoleman','xefhvoAa','M','1942-08-10',77,4);
INSERT INTO patient (id) VALUES (424);
INSERT INTO patients_address (street,house,apartement) VALUES ('Kenneth st.','90','6');
INSERT INTO medical_history (patient_id,date) VALUES (424,'2019-10-29');
INSERT INTO person (id,first_name,second_name,email,user_login,user_password,sex,date_of_birth,age,permission_level) VALUES (425,'Gina','Cox','crobertson@yahoo.com','joshua65','MawQkwAWh','F','1940-10-01',79,2);
INSERT INTO staff_member (id,employed_since,position,salary,room) VALUES (425,'2014-05-29','Nurse',25000,4);
INSERT INTO nurse (id,surgery_assistant,preferred_shifts,appointment_assistant,departement_id) VALUES (425,B'0','Day',B'1',14);
INSERT INTO person (id,first_name,second_name,email,user_login,user_password,sex,date_of_birth,age,permission_level) VALUES (426,'Anna','Pratt','william81@gmail.com','nicholas16','dANNJwNPB','F','1984-02-22',35,4);
INSERT INTO patient (id) VALUES (426);
INSERT INTO patients_address (street,house,apartement) VALUES ('Dana st.','59','1');
INSERT INTO medical_history (patient_id,date) VALUES (426,'2019-11-19');
INSERT INTO person (id,first_name,second_name,email,user_login,user_password,sex,date_of_birth,age,permission_level) VALUES (427,'Darrell','Sullivan','roycox@yahoo.com','fhiggins','KbbYeJmbdi','M','1986-12-19',33,5);
INSERT INTO patient (id) VALUES (427);
INSERT INTO patients_address (street,house,apartement) VALUES ('Jennifer st.','95','4');
INSERT INTO medical_history (patient_id,date) VALUES (427,'2019-10-23');
INSERT INTO person (id,first_name,second_name,email,user_login,user_password,sex,date_of_birth,age,permission_level) VALUES (428,'Austin','Schaefer','john26@gmail.com','katherine95','pbpcfexmLBE','M','1932-11-09',87,4);
INSERT INTO staff_member (id,employed_since,position,salary,room) VALUES (428,'2018-06-08','Nurse',25000,3);
INSERT INTO nurse (id,surgery_assistant,preferred_shifts,appointment_assistant,departement_id) VALUES (428,B'0','Day',B'0',17);
INSERT INTO person (id,first_name,second_name,email,user_login,user_password,sex,date_of_birth,age,permission_level) VALUES (429,'Rebecca','Rodriguez','catherine85@gmail.com','elizabeth76','vLDcCRAtJRWm','F','1905-01-14',114,4);
INSERT INTO staff_member (id,employed_since,position,salary,room) VALUES (429,'2012-06-06','Nurse',25000,4);
INSERT INTO nurse (id,surgery_assistant,preferred_shifts,appointment_assistant,departement_id) VALUES (429,B'0','Day',B'1',9);
INSERT INTO person (id,first_name,second_name,email,user_login,user_password,sex,date_of_birth,age,permission_level) VALUES (430,'Natalie','Hernandez','uschwartz@yahoo.com','lhouston','QolkxzNXY','F','1951-06-14',68,4);
INSERT INTO patient (id) VALUES (430);
INSERT INTO patients_address (street,house,apartement) VALUES ('Stephen st.','16','9');
INSERT INTO medical_history (patient_id,date) VALUES (430,'2019-10-28');
INSERT INTO person (id,first_name,second_name,email,user_login,user_password,sex,date_of_birth,age,permission_level) VALUES (431,'Jonathan','Whitehead','markwilliams@gmail.com','jesus01','IOhRDiDTwTGt','M','1994-09-23',25,1);
INSERT INTO patient (id) VALUES (431);
INSERT INTO patients_address (street,house,apartement) VALUES ('Amy st.','95','4');
INSERT INTO medical_history (patient_id,date) VALUES (431,'2019-11-23');
INSERT INTO person (id,first_name,second_name,email,user_login,user_password,sex,date_of_birth,age,permission_level) VALUES (432,'Susan','Ho','jeffrey96@hotmail.com','ajones','WYkFXoS','F','1994-09-10',25,1);
INSERT INTO staff_member (id,employed_since,position,salary,room) VALUES (432,'2010-02-23','Professor',35000,32);
INSERT INTO professor (id,research_topic,surgery_participation,departement_id) VALUES (432,'Nephrologist',B'1',3);
INSERT INTO person (id,first_name,second_name,email,user_login,user_password,sex,date_of_birth,age,permission_level) VALUES (433,'Sabrina','Singleton','michael66@hotmail.com','laura75','NGXNotLMaIT','F','1973-07-25',46,4);
INSERT INTO staff_member (id,employed_since,position,salary,room) VALUES (433,'2009-12-28','Nurse',25000,8);
INSERT INTO nurse (id,surgery_assistant,preferred_shifts,appointment_assistant,departement_id) VALUES (433,B'0','Night',B'1',4);
INSERT INTO person (id,first_name,second_name,email,user_login,user_password,sex,date_of_birth,age,permission_level) VALUES (434,'Sherri','Campbell','montoyaamanda@yahoo.com','jonesedwin','byxEBdjsDtCv','F','1968-03-08',51,3);
INSERT INTO staff_member (id,employed_since,position,salary,room) VALUES (434,'2018-10-11','Doctor',35000,21);
INSERT INTO doctor (id,speciality,emergency_hours,experience,departement_id,supervisor) VALUES (434,'Critical Care Medicine Specialist',B'0',6,4,353);
INSERT INTO person (id,first_name,second_name,email,user_login,user_password,sex,date_of_birth,age,permission_level) VALUES (435,'Kayla','Brewer','johnnysolomon@yahoo.com','andrea04','zisFwJLpWCsADMg','F','1982-07-25',37,1);
INSERT INTO patient (id) VALUES (435);
INSERT INTO patients_address (street,house,apartement) VALUES ('Lisa st.','56','2');
INSERT INTO medical_history (patient_id,date) VALUES (435,'2019-10-30');
INSERT INTO person (id,first_name,second_name,email,user_login,user_password,sex,date_of_birth,age,permission_level) VALUES (436,'Michael','Rodriguez','denise44@gmail.com','melissa69','tiEFgHiJc','M','2004-11-02',15,5);
INSERT INTO patient (id) VALUES (436);
INSERT INTO patients_address (street,house,apartement) VALUES ('Matthew st.','84','2');
INSERT INTO medical_history (patient_id,date) VALUES (436,'2019-11-15');
INSERT INTO person (id,first_name,second_name,email,user_login,user_password,sex,date_of_birth,age,permission_level) VALUES (437,'Colin','Hunter','nolannancy@gmail.com','charles15','VIeIsEVHaHV','M','2019-09-24',0,3);
INSERT INTO staff_member (id,employed_since,position,salary,room) VALUES (437,'2017-02-11','IT Specialist',15000,77);
INSERT INTO IT_specialist (id,support_line) VALUES (437,B'0');
INSERT INTO person (id,first_name,second_name,email,user_login,user_password,sex,date_of_birth,age,permission_level) VALUES (438,'Jessica','Snyder','ymcneil@hotmail.com','milestamara','fvKspUy','F','1945-08-12',74,2);
INSERT INTO staff_member (id,employed_since,position,salary,room) VALUES (438,'2016-10-23','Doctor',35000,28);
INSERT INTO doctor (id,speciality,emergency_hours,experience,departement_id,supervisor) VALUES (438,'Oncologist',B'1',8,12,270);
INSERT INTO person (id,first_name,second_name,email,user_login,user_password,sex,date_of_birth,age,permission_level) VALUES (439,'Henry','Gould','lwalker@gmail.com','sharon46','oGTxkHtyYsUhcC','M','1962-01-03',57,5);
INSERT INTO staff_member (id,employed_since,position,salary,room) VALUES (439,'2010-08-10','Doctor',35000,25);
INSERT INTO doctor (id,speciality,emergency_hours,experience,departement_id,supervisor) VALUES (439,'Infectious Disease Specialist',B'0',3,13,192);
INSERT INTO person (id,first_name,second_name,email,user_login,user_password,sex,date_of_birth,age,permission_level) VALUES (440,'Laura','Washington','victoriaandrade@gmail.com','rachel85','FaJnTAXlAKdEc','F','1956-04-20',63,1);
INSERT INTO patient (id) VALUES (440);
INSERT INTO patients_address (street,house,apartement) VALUES ('Amanda st.','17','9');
INSERT INTO medical_history (patient_id,date) VALUES (440,'2019-10-23');
INSERT INTO person (id,first_name,second_name,email,user_login,user_password,sex,date_of_birth,age,permission_level) VALUES (441,'Caitlin','Davis','daniel80@yahoo.com','alejandrapope','UdCMAcUJspg','F','1908-10-23',111,3);
INSERT INTO staff_member (id,employed_since,position,salary,room) VALUES (441,'2012-12-01','Doctor',35000,29);
INSERT INTO doctor (id,speciality,emergency_hours,experience,departement_id,supervisor) VALUES (441,'Anesthesiologist',B'0',8,9,84);
INSERT INTO person (id,first_name,second_name,email,user_login,user_password,sex,date_of_birth,age,permission_level) VALUES (442,'Diana','Cannon','matthew16@yahoo.com','stephanie52','QVfREqlKpwo','F','1921-09-10',98,4);
INSERT INTO staff_member (id,employed_since,position,salary,room) VALUES (442,'2009-12-27','Cook',15000,73);
INSERT INTO cook (id,experience) VALUES (442,6);
INSERT INTO person (id,first_name,second_name,email,user_login,user_password,sex,date_of_birth,age,permission_level) VALUES (443,'Kevin','Mendoza','freemanjon@yahoo.com','woodsmark','DNkMGzeQaC','M','1960-07-04',59,3);
INSERT INTO staff_member (id,employed_since,position,salary,room) VALUES (443,'2010-09-17','Nurse',25000,8);
INSERT INTO nurse (id,surgery_assistant,preferred_shifts,appointment_assistant,departement_id) VALUES (443,B'0','Day',B'0',2);
INSERT INTO person (id,first_name,second_name,email,user_login,user_password,sex,date_of_birth,age,permission_level) VALUES (444,'Dustin','Hoffman','rileyashley@yahoo.com','garcialisa','mKPjxMCPIEsYTT','M','1980-07-17',39,2);
INSERT INTO patient (id) VALUES (444);
INSERT INTO patients_address (street,house,apartement) VALUES ('James st.','59','5');
INSERT INTO medical_history (patient_id,date) VALUES (444,'2019-11-09');
INSERT INTO person (id,first_name,second_name,email,user_login,user_password,sex,date_of_birth,age,permission_level) VALUES (445,'Alexa','Woods','kristin21@hotmail.com','jcook','PgFdAltzO','F','1930-08-24',89,5);
INSERT INTO patient (id) VALUES (445);
INSERT INTO patients_address (street,house,apartement) VALUES ('Melanie st.','10','10');
INSERT INTO medical_history (patient_id,date) VALUES (445,'2019-11-10');
INSERT INTO person (id,first_name,second_name,email,user_login,user_password,sex,date_of_birth,age,permission_level) VALUES (446,'Benjamin','Navarro','brenda70@hotmail.com','shannon94','pMlRSrFVJzY','M','2001-10-28',18,3);
INSERT INTO staff_member (id,employed_since,position,salary,room) VALUES (446,'2018-03-03','Nurse',25000,4);
INSERT INTO nurse (id,surgery_assistant,preferred_shifts,appointment_assistant,departement_id) VALUES (446,B'1','Night',B'0',8);
INSERT INTO person (id,first_name,second_name,email,user_login,user_password,sex,date_of_birth,age,permission_level) VALUES (447,'David','Harris','matthew79@hotmail.com','jamescline','AYFBiaU','M','1979-08-25',40,1);
INSERT INTO patient (id) VALUES (447);
INSERT INTO patients_address (street,house,apartement) VALUES ('Christopher st.','100','5');
INSERT INTO medical_history (patient_id,date) VALUES (447,'2019-10-19');
INSERT INTO person (id,first_name,second_name,email,user_login,user_password,sex,date_of_birth,age,permission_level) VALUES (448,'Jamie','Davis','angela76@gmail.com','dnichols','GREChhlFf','F','1992-07-27',27,3);
INSERT INTO patient (id) VALUES (448);
INSERT INTO patients_address (street,house,apartement) VALUES ('Christopher st.','87','9');
INSERT INTO medical_history (patient_id,date) VALUES (448,'2019-10-28');
INSERT INTO person (id,first_name,second_name,email,user_login,user_password,sex,date_of_birth,age,permission_level) VALUES (449,'Jamie','Romero','victoriasullivan@gmail.com','vcampos','smYLlSbq','F','1997-01-10',22,5);
INSERT INTO staff_member (id,employed_since,position,salary,room) VALUES (449,'2010-06-15','Doctor',35000,22);
INSERT INTO doctor (id,speciality,emergency_hours,experience,departement_id,supervisor) VALUES (449,'Hematologist',B'1',6,13,285);
INSERT INTO person (id,first_name,second_name,email,user_login,user_password,sex,date_of_birth,age,permission_level) VALUES (450,'Sean','Davis','michael97@yahoo.com','heatherpowell','uYXqjubf','M','1941-12-09',78,3);
INSERT INTO staff_member (id,employed_since,position,salary,room) VALUES (450,'2011-08-08','Cleaning Team Worker',10000,54);
INSERT INTO cleaning_team_worker (id,employment_type) VALUES (450,'Part time');
INSERT INTO person (id,first_name,second_name,email,user_login,user_password,sex,date_of_birth,age,permission_level) VALUES (451,'Evan','Patrick','ljohnson@gmail.com','marcus71','KcsPEgG','M','1965-06-21',54,3);
INSERT INTO staff_member (id,employed_since,position,salary,room) VALUES (451,'2012-08-06','Doctor',35000,30);
INSERT INTO doctor (id,speciality,emergency_hours,experience,departement_id,supervisor) VALUES (451,'Critical Care Medicine Specialist',B'1',5,16,267);
INSERT INTO person (id,first_name,second_name,email,user_login,user_password,sex,date_of_birth,age,permission_level) VALUES (452,'Paige','Fry','brendahiggins@yahoo.com','ashley70','imiqKXsjUAUYij','F','1966-09-30',53,1);
INSERT INTO staff_member (id,employed_since,position,salary,room) VALUES (452,'2013-02-17','Nurse',25000,6);
INSERT INTO nurse (id,surgery_assistant,preferred_shifts,appointment_assistant,departement_id) VALUES (452,B'0','Night',B'1',4);
INSERT INTO person (id,first_name,second_name,email,user_login,user_password,sex,date_of_birth,age,permission_level) VALUES (453,'Daniel','Friedman','mrodriguez@yahoo.com','mark62','XrJEUNFwRcPsx','M','1971-07-13',48,4);
INSERT INTO staff_member (id,employed_since,position,salary,room) VALUES (453,'2012-05-31','Reseptionist',15000,56);
INSERT INTO reseptionist (id) VALUES (453);
INSERT INTO languages_spoken (reseptionist_id,language) VALUES (453,'ArabicTatarArabicTatar');
INSERT INTO person (id,first_name,second_name,email,user_login,user_password,sex,date_of_birth,age,permission_level) VALUES (454,'Alexandra','Peterson','pamela07@gmail.com','schroedertroy','nXZkPdpDIC','F','1905-10-23',114,2);
INSERT INTO staff_member (id,employed_since,position,salary,room) VALUES (454,'2018-03-08','HR',30000,64);
INSERT INTO hr (id,selection_responsibility) VALUES (454,'Interview');
INSERT INTO person (id,first_name,second_name,email,user_login,user_password,sex,date_of_birth,age,permission_level) VALUES (455,'Nathan','Evans','brianbriggs@hotmail.com','wendy52','anYjvAgc','M','1945-04-18',74,2);
INSERT INTO staff_member (id,employed_since,position,salary,room) VALUES (455,'2015-02-25','Cleaning Team Worker',10000,52);
INSERT INTO cleaning_team_worker (id,employment_type) VALUES (455,'Full time');
INSERT INTO person (id,first_name,second_name,email,user_login,user_password,sex,date_of_birth,age,permission_level) VALUES (456,'Alice','Lewis','millercynthia@yahoo.com','erikbarker','VyhDevAiSjEK','F','1980-12-24',39,2);
INSERT INTO staff_member (id,employed_since,position,salary,room) VALUES (456,'2011-10-06','Maintanence Worker',15000,58);
INSERT INTO maintanence_worker (id,employment_type,speciality) VALUES (456,'Full time','Furniture');
INSERT INTO person (id,first_name,second_name,email,user_login,user_password,sex,date_of_birth,age,permission_level) VALUES (457,'Kimberly','Meyer','jeffcannon@yahoo.com','richardmiller','lExGkmtC','F','1929-12-19',90,3);
INSERT INTO staff_member (id,employed_since,position,salary,room) VALUES (457,'2010-10-30','Professor',35000,39);
INSERT INTO professor (id,research_topic,surgery_participation,departement_id) VALUES (457,'Oncologist',B'1',11);
INSERT INTO person (id,first_name,second_name,email,user_login,user_password,sex,date_of_birth,age,permission_level) VALUES (458,'Benjamin','Mcclure','scottmarshall@hotmail.com','beckylong','sRjDywzDgx','M','1939-10-21',80,2);
INSERT INTO staff_member (id,employed_since,position,salary,room) VALUES (458,'2011-09-14','Professor',35000,33);
INSERT INTO professor (id,research_topic,surgery_participation,departement_id) VALUES (458,'Pediatrician',B'0',4);
INSERT INTO person (id,first_name,second_name,email,user_login,user_password,sex,date_of_birth,age,permission_level) VALUES (459,'Sean','Saunders','millsaaron@gmail.com','johnsonmichael','RiQXPBcXhwKrksq','M','1998-08-07',21,2);
INSERT INTO staff_member (id,employed_since,position,salary,room) VALUES (459,'2019-09-06','Security Team Member',10000,63);
INSERT INTO security_team_member (id,shifts,physical_test_grade) VALUES (459,'Day','C');
INSERT INTO person (id,first_name,second_name,email,user_login,user_password,sex,date_of_birth,age,permission_level) VALUES (460,'Jared','Patterson','knguyen@hotmail.com','johnsonwendy','ZMYBtfQvysSD','M','1942-07-31',77,3);
INSERT INTO patient (id) VALUES (460);
INSERT INTO patients_address (street,house,apartement) VALUES ('Nicholas st.','13','1');
INSERT INTO medical_history (patient_id,date) VALUES (460,'2019-11-07');
INSERT INTO person (id,first_name,second_name,email,user_login,user_password,sex,date_of_birth,age,permission_level) VALUES (461,'Melinda','Davis','gardnerarthur@yahoo.com','wilcoxstephen','ibeYeCFaL','F','1946-07-04',73,5);
INSERT INTO patient (id) VALUES (461);
INSERT INTO patients_address (street,house,apartement) VALUES ('Jenna st.','14','5');
INSERT INTO medical_history (patient_id,date) VALUES (461,'2019-10-25');
INSERT INTO person (id,first_name,second_name,email,user_login,user_password,sex,date_of_birth,age,permission_level) VALUES (462,'Jacob','Brown','mary80@gmail.com','aprilhuffman','DohYtpImkxKjofb','M','1992-09-07',27,3);
INSERT INTO staff_member (id,employed_since,position,salary,room) VALUES (462,'2012-07-04','Cleaning Team Worker',10000,51);
INSERT INTO cleaning_team_worker (id,employment_type) VALUES (462,'Full time');
INSERT INTO person (id,first_name,second_name,email,user_login,user_password,sex,date_of_birth,age,permission_level) VALUES (463,'Karen','Patel','andersonaaron@gmail.com','qdiaz','onBChEnTthyLJ','F','1973-12-13',46,2);
INSERT INTO staff_member (id,employed_since,position,salary,room) VALUES (463,'2014-04-21','Lab Technician',15000,45);
INSERT INTO lab_technician (id,education_level,departement_id) VALUES (463,'Postgraduate',3);
INSERT INTO person (id,first_name,second_name,email,user_login,user_password,sex,date_of_birth,age,permission_level) VALUES (464,'Jose','Diaz','allen25@yahoo.com','lisapalmer','VEyuAIIdvNh','M','2012-12-05',7,5);
INSERT INTO staff_member (id,employed_since,position,salary,room) VALUES (464,'2010-03-29','Cleaning Team Worker',10000,52);
INSERT INTO cleaning_team_worker (id,employment_type) VALUES (464,'Full time');
INSERT INTO person (id,first_name,second_name,email,user_login,user_password,sex,date_of_birth,age,permission_level) VALUES (465,'Rachel','West','aaronherrera@hotmail.com','jason45','BXQHzwVatiRO','F','1961-04-04',58,5);
INSERT INTO staff_member (id,employed_since,position,salary,room) VALUES (465,'2011-12-16','Doctor',35000,20);
INSERT INTO doctor (id,speciality,emergency_hours,experience,departement_id,supervisor) VALUES (465,'Allergist',B'0',8,10,367);
INSERT INTO person (id,first_name,second_name,email,user_login,user_password,sex,date_of_birth,age,permission_level) VALUES (466,'Joe','Green','lawrencedylan@hotmail.com','colestephanie','aGSRNqeeAmyZym','M','1911-04-17',108,4);
INSERT INTO staff_member (id,employed_since,position,salary,room) VALUES (466,'2015-06-26','Security Team Member',10000,61);
INSERT INTO security_team_member (id,shifts,physical_test_grade) VALUES (466,'Night','C');
INSERT INTO person (id,first_name,second_name,email,user_login,user_password,sex,date_of_birth,age,permission_level) VALUES (467,'Daniel','Carroll','alexanderkaitlyn@gmail.com','roymary','krClKmImAQIaZAa','M','1916-02-21',103,4);
INSERT INTO staff_member (id,employed_since,position,salary,room) VALUES (467,'2012-09-13','Nurse',25000,4);
INSERT INTO nurse (id,surgery_assistant,preferred_shifts,appointment_assistant,departement_id) VALUES (467,B'1','Night',B'0',5);
INSERT INTO person (id,first_name,second_name,email,user_login,user_password,sex,date_of_birth,age,permission_level) VALUES (468,'Michael','Allen','eddie68@hotmail.com','alan77','zoEmahFEVYs','M','1988-06-13',31,3);
INSERT INTO staff_member (id,employed_since,position,salary,room) VALUES (468,'2016-06-25','Doctor',35000,29);
INSERT INTO doctor (id,speciality,emergency_hours,experience,departement_id,supervisor) VALUES (468,'General Surgeon',B'1',1,14,58);
INSERT INTO person (id,first_name,second_name,email,user_login,user_password,sex,date_of_birth,age,permission_level) VALUES (469,'Justin','Mcgee','elizabeth32@gmail.com','dduffy','TBxjwrokp','M','1936-10-01',83,2);
INSERT INTO staff_member (id,employed_since,position,salary,room) VALUES (469,'2019-01-12','Nurse',25000,9);
INSERT INTO nurse (id,surgery_assistant,preferred_shifts,appointment_assistant,departement_id) VALUES (469,B'0','Day',B'0',3);
INSERT INTO person (id,first_name,second_name,email,user_login,user_password,sex,date_of_birth,age,permission_level) VALUES (470,'Nathan','Horton','gracevelasquez@gmail.com','brandon57','hfTvJgSHIUpnB','M','1913-05-07',106,5);
INSERT INTO staff_member (id,employed_since,position,salary,room) VALUES (470,'2017-11-02','Lab Technician',15000,42);
INSERT INTO lab_technician (id,education_level,departement_id) VALUES (470,'PhD',16);
INSERT INTO person (id,first_name,second_name,email,user_login,user_password,sex,date_of_birth,age,permission_level) VALUES (471,'Sean','Miller','egarza@hotmail.com','colleen60','JuWwTivInRb','M','1980-08-29',39,1);
INSERT INTO staff_member (id,employed_since,position,salary,room) VALUES (471,'2012-11-20','Cook',15000,72);
INSERT INTO cook (id,experience) VALUES (471,10);
INSERT INTO person (id,first_name,second_name,email,user_login,user_password,sex,date_of_birth,age,permission_level) VALUES (472,'Timothy','Fisher','ernest21@gmail.com','kayla85','joYDRzeB','M','2017-04-27',2,3);
INSERT INTO staff_member (id,employed_since,position,salary,room) VALUES (472,'2010-12-02','Nurse',25000,4);
INSERT INTO nurse (id,surgery_assistant,preferred_shifts,appointment_assistant,departement_id) VALUES (472,B'0','Night',B'1',11);
INSERT INTO person (id,first_name,second_name,email,user_login,user_password,sex,date_of_birth,age,permission_level) VALUES (473,'Veronica','Morrison','morenostephen@yahoo.com','elizabeth89','BkWUFrobVvVBF','F','1956-05-15',63,4);
INSERT INTO staff_member (id,employed_since,position,salary,room) VALUES (473,'2013-12-16','Doctor',35000,29);
INSERT INTO doctor (id,speciality,emergency_hours,experience,departement_id,supervisor) VALUES (473,'Allergist',B'0',6,4,409);
INSERT INTO person (id,first_name,second_name,email,user_login,user_password,sex,date_of_birth,age,permission_level) VALUES (474,'Carla','Chavez','wendy77@gmail.com','blackangela','yfEJiLGCUOE','F','1907-05-11',112,4);
INSERT INTO staff_member (id,employed_since,position,salary,room) VALUES (474,'2013-04-03','IT Specialist',15000,76);
INSERT INTO IT_specialist (id,support_line) VALUES (474,B'0');
INSERT INTO person (id,first_name,second_name,email,user_login,user_password,sex,date_of_birth,age,permission_level) VALUES (475,'Jesus','Swanson','elizabeth64@hotmail.com','asmith','dxwBsMdQTBx','M','1924-01-21',95,4);
INSERT INTO staff_member (id,employed_since,position,salary,room) VALUES (475,'2010-06-03','Nurse',25000,6);
INSERT INTO nurse (id,surgery_assistant,preferred_shifts,appointment_assistant,departement_id) VALUES (475,B'0','Night',B'1',6);
INSERT INTO person (id,first_name,second_name,email,user_login,user_password,sex,date_of_birth,age,permission_level) VALUES (476,'William','Brooks','ipeterson@yahoo.com','stephen28','YYPvRxaUY','M','1932-04-28',87,1);
INSERT INTO staff_member (id,employed_since,position,salary,room) VALUES (476,'2016-07-28','Reseptionist',15000,56);
INSERT INTO reseptionist (id) VALUES (476);
INSERT INTO languages_spoken (reseptionist_id,language) VALUES (476,'TatarEnglishEnglish');
INSERT INTO person (id,first_name,second_name,email,user_login,user_password,sex,date_of_birth,age,permission_level) VALUES (477,'Christopher','Nicholson','courtneymorris@yahoo.com','ehenderson','PGGAobTx','M','1992-10-31',27,4);
INSERT INTO patient (id) VALUES (477);
INSERT INTO patients_address (street,house,apartement) VALUES ('Colton st.','31','7');
INSERT INTO medical_history (patient_id,date) VALUES (477,'2019-10-31');
INSERT INTO person (id,first_name,second_name,email,user_login,user_password,sex,date_of_birth,age,permission_level) VALUES (478,'Carol','Giles','jennifer86@yahoo.com','anthonyfowler','zAaUFSVkKpLVIGv','F','1927-10-13',92,5);
INSERT INTO staff_member (id,employed_since,position,salary,room) VALUES (478,'2018-04-03','Maintanence Worker',15000,60);
INSERT INTO maintanence_worker (id,employment_type,speciality) VALUES (478,'Part time','Machines');
INSERT INTO person (id,first_name,second_name,email,user_login,user_password,sex,date_of_birth,age,permission_level) VALUES (479,'Tiffany','Hunt','michael53@gmail.com','diane82','pmPnLvCXUfD','F','1950-05-02',69,1);
INSERT INTO patient (id) VALUES (479);
INSERT INTO patients_address (street,house,apartement) VALUES ('Michael st.','17','8');
INSERT INTO medical_history (patient_id,date) VALUES (479,'2019-11-27');
INSERT INTO person (id,first_name,second_name,email,user_login,user_password,sex,date_of_birth,age,permission_level) VALUES (480,'Emily','Li','andersondavid@hotmail.com','jameskatie','zLbrpZORB','F','1990-06-08',29,1);
INSERT INTO patient (id) VALUES (480);
INSERT INTO patients_address (street,house,apartement) VALUES ('Antonio st.','34','1');
INSERT INTO medical_history (patient_id,date) VALUES (480,'2019-11-08');
INSERT INTO person (id,first_name,second_name,email,user_login,user_password,sex,date_of_birth,age,permission_level) VALUES (481,'Dr.','Elizabeth','floydnathaniel@gmail.com','mauricealvarado','pQmllflT','F','1951-08-12',68,5);
INSERT INTO staff_member (id,employed_since,position,salary,room) VALUES (481,'2013-02-02','Professor',35000,39);
INSERT INTO professor (id,research_topic,surgery_participation,departement_id) VALUES (481,'Osteopath',B'0',2);
INSERT INTO person (id,first_name,second_name,email,user_login,user_password,sex,date_of_birth,age,permission_level) VALUES (482,'Justin','Mcneil','bakerjamie@yahoo.com','jclark','OTyWAwmAY','M','1977-05-10',42,5);
INSERT INTO patient (id) VALUES (482);
INSERT INTO patients_address (street,house,apartement) VALUES ('Rebecca st.','77','7');
INSERT INTO medical_history (patient_id,date) VALUES (482,'2019-11-14');
INSERT INTO person (id,first_name,second_name,email,user_login,user_password,sex,date_of_birth,age,permission_level) VALUES (483,'Jennifer','Ortega','daniellebrown@hotmail.com','christina57','MaZQBVoHtNaXUZm','F','1970-05-19',49,5);
INSERT INTO patient (id) VALUES (483);
INSERT INTO patients_address (street,house,apartement) VALUES ('Diane st.','96','3');
INSERT INTO medical_history (patient_id,date) VALUES (483,'2019-11-09');
INSERT INTO person (id,first_name,second_name,email,user_login,user_password,sex,date_of_birth,age,permission_level) VALUES (484,'Joseph','Hall','brandon33@yahoo.com','kfowler','akWhJagsxfCM','M','1910-05-25',109,4);
INSERT INTO staff_member (id,employed_since,position,salary,room) VALUES (484,'2019-01-12','IT Specialist',15000,76);
INSERT INTO IT_specialist (id,support_line) VALUES (484,B'0');
INSERT INTO person (id,first_name,second_name,email,user_login,user_password,sex,date_of_birth,age,permission_level) VALUES (485,'Mr.','Phillip','michaelwright@hotmail.com','samantha22','HbekXKThYNlL','M','1919-03-11',100,3);
INSERT INTO staff_member (id,employed_since,position,salary,room) VALUES (485,'2016-03-19','Lab Technician',15000,43);
INSERT INTO lab_technician (id,education_level,departement_id) VALUES (485,'Magister',10);
INSERT INTO person (id,first_name,second_name,email,user_login,user_password,sex,date_of_birth,age,permission_level) VALUES (486,'Ana','Robbins','hunter96@gmail.com','vmeza','RXkyVCgYja','F','1955-02-18',64,3);
INSERT INTO staff_member (id,employed_since,position,salary,room) VALUES (486,'2015-11-03','HR',30000,64);
INSERT INTO hr (id,selection_responsibility) VALUES (486,'Review');
INSERT INTO person (id,first_name,second_name,email,user_login,user_password,sex,date_of_birth,age,permission_level) VALUES (487,'Karen','Russell','jacquelinewilliams@yahoo.com','nbrown','HYQtznIUPX','F','1954-04-29',65,5);
INSERT INTO staff_member (id,employed_since,position,salary,room) VALUES (487,'2010-01-13','Maintanence Worker',15000,60);
INSERT INTO maintanence_worker (id,employment_type,speciality) VALUES (487,'Part time','Hardware');
INSERT INTO person (id,first_name,second_name,email,user_login,user_password,sex,date_of_birth,age,permission_level) VALUES (488,'Sara','Wilson','barbaragreer@hotmail.com','christina98','bBoWEtrjV','F','1936-11-07',83,1);
INSERT INTO staff_member (id,employed_since,position,salary,room) VALUES (488,'2013-10-31','Reseptionist',15000,56);
INSERT INTO reseptionist (id) VALUES (488);
INSERT INTO languages_spoken (reseptionist_id,language) VALUES (488,'EnglishTatarTatar');
INSERT INTO person (id,first_name,second_name,email,user_login,user_password,sex,date_of_birth,age,permission_level) VALUES (489,'Hunter','Garcia','jessicabrown@hotmail.com','alyssa99','ZIuasiNgyuCO','M','1978-05-28',41,4);
INSERT INTO staff_member (id,employed_since,position,salary,room) VALUES (489,'2011-10-24','Nurse',25000,6);
INSERT INTO nurse (id,surgery_assistant,preferred_shifts,appointment_assistant,departement_id) VALUES (489,B'0','Night',B'0',13);
INSERT INTO person (id,first_name,second_name,email,user_login,user_password,sex,date_of_birth,age,permission_level) VALUES (490,'Amber','Norman','afreeman@yahoo.com','olivia82','XflODOcl','F','1965-07-20',54,5);
INSERT INTO staff_member (id,employed_since,position,salary,room) VALUES (490,'2018-10-20','Professor',35000,32);
INSERT INTO professor (id,research_topic,surgery_participation,departement_id) VALUES (490,'Colon Surgeon',B'0',7);
INSERT INTO person (id,first_name,second_name,email,user_login,user_password,sex,date_of_birth,age,permission_level) VALUES (491,'Randy','Rogers','jessecampbell@gmail.com','jonathan15','EzjDgodm','M','1953-04-07',66,5);
INSERT INTO staff_member (id,employed_since,position,salary,room) VALUES (491,'2011-12-04','Doctor',35000,16);
INSERT INTO doctor (id,speciality,emergency_hours,experience,departement_id,supervisor) VALUES (491,'Ophthalmologist',B'1',10,17,87);
INSERT INTO person (id,first_name,second_name,email,user_login,user_password,sex,date_of_birth,age,permission_level) VALUES (492,'Kelsey','Ward','nancyavery@hotmail.com','ryanturner','QuJIWccWDzrJSw','F','1996-10-14',23,2);
INSERT INTO staff_member (id,employed_since,position,salary,room) VALUES (492,'2013-04-27','Doctor',35000,26);
INSERT INTO doctor (id,speciality,emergency_hours,experience,departement_id,supervisor) VALUES (492,'Radiologist',B'0',10,6,182);
INSERT INTO person (id,first_name,second_name,email,user_login,user_password,sex,date_of_birth,age,permission_level) VALUES (493,'Michael','Patterson','rachelcastro@gmail.com','grollins','yrGwJvJXj','M','1969-09-04',50,2);
INSERT INTO staff_member (id,employed_since,position,salary,room) VALUES (493,'2011-06-08','Doctor',35000,14);
INSERT INTO doctor (id,speciality,emergency_hours,experience,departement_id,supervisor) VALUES (493,'Hematologist',B'1',3,9,87);
INSERT INTO person (id,first_name,second_name,email,user_login,user_password,sex,date_of_birth,age,permission_level) VALUES (494,'Rebecca','Zhang','andretorres@hotmail.com','nriley','CPVzphaq','F','1962-06-04',57,4);
INSERT INTO staff_member (id,employed_since,position,salary,room) VALUES (494,'2019-02-03','Security Team Member',10000,62);
INSERT INTO security_team_member (id,shifts,physical_test_grade) VALUES (494,'Night','A');
INSERT INTO person (id,first_name,second_name,email,user_login,user_password,sex,date_of_birth,age,permission_level) VALUES (495,'Joshua','Melton','brianmoyer@gmail.com','annapreston','COkkOdDDzRtprKd','M','1906-04-14',113,1);
INSERT INTO staff_member (id,employed_since,position,salary,room) VALUES (495,'2013-09-26','IT Specialist',15000,76);
INSERT INTO IT_specialist (id,support_line) VALUES (495,B'0');
INSERT INTO person (id,first_name,second_name,email,user_login,user_password,sex,date_of_birth,age,permission_level) VALUES (496,'Brady','Adams','griffithnicolas@hotmail.com','robertwilson','bcOTYqEoOR','M','2019-10-20',0,2);
INSERT INTO staff_member (id,employed_since,position,salary,room) VALUES (496,'2010-09-25','Cleaning Team Worker',10000,53);
INSERT INTO cleaning_team_worker (id,employment_type) VALUES (496,'Full time');
INSERT INTO person (id,first_name,second_name,email,user_login,user_password,sex,date_of_birth,age,permission_level) VALUES (497,'Ashley','Davis','thompsonmelissa@yahoo.com','alewis','RvAIiPJ','F','1928-08-11',91,4);
INSERT INTO staff_member (id,employed_since,position,salary,room) VALUES (497,'2016-11-30','Cook',15000,71);
INSERT INTO cook (id,experience) VALUES (497,2);
INSERT INTO person (id,first_name,second_name,email,user_login,user_password,sex,date_of_birth,age,permission_level) VALUES (498,'Christine','Warren','jacksonkayla@yahoo.com','brian04','XOniOsDfBAy','F','1971-07-04',48,1);
INSERT INTO staff_member (id,employed_since,position,salary,room) VALUES (498,'2010-01-30','Doctor',35000,29);
INSERT INTO doctor (id,speciality,emergency_hours,experience,departement_id,supervisor) VALUES (498,'Pathologist',B'0',7,9,493);
INSERT INTO person (id,first_name,second_name,email,user_login,user_password,sex,date_of_birth,age,permission_level) VALUES (499,'William','Medina','hailey82@gmail.com','nathaniel76','zvgBaDxXEFevVb','M','2013-02-12',6,2);
INSERT INTO staff_member (id,employed_since,position,salary,room) VALUES (499,'2018-01-01','Lab Technician',15000,48);
INSERT INTO lab_technician (id,education_level,departement_id) VALUES (499,'Magister',5);
INSERT INTO person (id,first_name,second_name,email,user_login,user_password,sex,date_of_birth,age,permission_level) VALUES (500,'Joy','Kelley','david99@hotmail.com','eellis','gDovhfzydTH','F','1965-10-12',54,3);
INSERT INTO patient (id) VALUES (500);
INSERT INTO patients_address (street,house,apartement) VALUES ('Samantha st.','73','8');
INSERT INTO medical_history (patient_id,date) VALUES (500,'2019-11-02');